nm_id;advert_id;цвет;действие;причина;ставка_₽;маржа_live_%;ДРР_профиля_%;ДРР_потолок_%;расход_₽;выручка_ВСЯ_₽;выручка_органика_₽;заказы_всего;заказы_реклама;заказы_органика;заказы_прошлая_неделя;в_корзину;показы_рекл;клики_рекл;открытия_всего;орг_позиция
323345021;35495292;🟢 зелёный;+10%;ДРР профиля 0.1% при потолке 26.4%;7.30;51.4;0.1;26.4;21.90;19932;19932;4;0;4;3;7;40;3;46;
887025642;35501683;🟢 зелёный;+10%;ДРР профиля 0.0% при потолке 2.4%;7.30;27.4;0.0;2.4;0.00;11326;11326;2;0;2;0;5;3;0;1;
313214936;35495292;🟢 зелёный;+10%;ДРР профиля 0.1% при потолке 26.9%;8.00;51.9;0.1;26.9;16.00;11069;11069;2;0;2;1;2;94;2;52;
313188500;35497479;🟢 зелёный;+10%;ДРР профиля 0.1% при потолке 26.5%;7.30;51.5;0.1;26.5;7.30;7929;7929;1;0;1;0;3;23;1;5;
323363554;35495292;🟢 зелёный;+10%;ДРР профиля 0.4% при потолке 23.0%;7.30;48.0;0.4;23.0;29.20;7724;7724;1;0;1;0;3;7;4;17;
323108005;36463324;🟢 зелёный;+10%;ДРР профиля 0.3% при потолке 24.9%;7.30;49.9;0.3;24.9;21.90;7374;7374;4;0;4;1;5;10;3;13;
862500790;35509256;🟢 зелёный;+10%;ДРР профиля 0.0% при потолке 11.0%;7.30;36.0;0.0;11.0;0.00;6598;6598;1;0;1;0;1;1;0;1;
434795487;35495292;🟢 зелёный;+10%;ДРР профиля 0.1% при потолке 20.4%;7.30;45.4;0.1;20.4;7.30;6308;6308;2;0;2;0;2;12;1;1;
497215569;35508987;🟢 зелёный;+10%;ДРР профиля 0.0% при потолке 25.9%;7.30;50.9;0.0;25.9;0.00;4845;4845;1;0;1;0;1;5;0;3;
323141910;36458948;🟢 зелёный;+10%;ДРР профиля 0.0% при потолке 2.5%;7.30;27.5;0.0;2.5;0.00;3809;3809;1;0;1;0;1;7;0;1;
313212520;36462624;🟢 зелёный;+10%;ДРР профиля 0.4% при потолке 14.8%;7.30;39.8;0.4;14.8;14.60;3681;3681;1;0;1;0;2;24;2;8;
886671642;35497916;🟢 зелёный;+10%;ДРР профиля 0.4% при потолке 1.8%;7.30;26.8;0.4;1.8;14.60;3566;0;1;1;0;0;1;24;2;4;
323089932;36460596;🟢 зелёный;+10%;ДРР профиля 0.2% при потолке 0.5%;7.30;25.5;0.2;0.5;7.30;3377;3377;1;0;1;0;1;1;1;1;
507053831;36462624;🟢 зелёный;+10%;ДРР профиля 0.5% при потолке 2.2%;8.80;27.2;0.5;2.2;17.60;3326;1663;2;1;1;0;2;26;2;7;
886543848;36462624;🟢 зелёный;+10%;ДРР профиля 0.0% при потолке 4.2%;7.30;29.2;0.0;4.2;0.00;2580;2580;1;0;1;1;1;56;0;4;
871030057;35507605;🟢 зелёный;+10%;ДРР профиля 0.6% при потолке 0.8%;8.00;25.8;0.6;0.8;16.00;2538;2538;1;0;1;0;1;9;2;2;
323359850;35512317;🟢 зелёный;+10%;ДРР профиля 0.4% при потолке 0.4%;8.80;25.4;0.4;0.4;8.80;2441;0;1;1;0;0;1;45;1;3;
872386273;35505900;🟢 зелёный;+10%;ДРР профиля 0.3% при потолке 15.0%;7.30;40.0;0.3;15.0;7.30;2238;0;1;1;0;0;1;8;1;1;
416649265;36462624;🟢 зелёный;+10%;ДРР профиля 0.4% при потолке 4.1%;8.00;29.1;0.4;4.1;8.00;2235;2235;1;0;1;0;2;80;1;4;
313184382;36463324;🟢 зелёный;+10%;ДРР профиля 0.0% при потолке 25.3%;7.30;50.3;0.0;25.3;0.00;2217;2217;1;0;1;0;0;2;0;1;
313183453;35510132;🟢 зелёный;+10%;ДРР профиля 0.8% при потолке 7.5%;8.80;32.5;0.8;7.5;17.60;2143;2143;1;0;1;0;2;16;2;2;
313188526;35512317;🟢 зелёный;+10%;ДРР профиля 0.7% при потолке 3.6%;7.30;28.6;0.7;3.6;14.60;2050;2050;1;0;1;0;1;40;2;16;
313193668;35495292;🟢 зелёный;+10%;ДРР профиля 0.7% при потолке 27.7%;12.80;52.7;0.7;27.7;12.80;1908;0;1;1;0;0;3;38;1;11;
313190488;36462624;🟢 зелёный;+10%;ДРР профиля 0.0% при потолке 2.6%;7.30;27.6;0.0;2.6;0.00;1838;1838;1;0;1;0;0;29;0;5;
497146391;35510132;🟢 зелёный;+10%;ДРР профиля 0.0% при потолке 8.8%;7.30;33.8;0.0;8.8;0.00;1663;1663;1;0;1;0;2;8;0;4;
313191023;36463324;🟢 зелёный;+10%;ДРР профиля 0.5% при потолке 4.4%;7.30;29.4;0.5;4.4;7.30;1593;1593;1;0;1;0;0;26;1;10;
313183285;35514220;🟢 зелёный;+10%;ДРР профиля 0.0% при потолке 9.3%;7.30;34.3;0.0;9.3;0.00;1459;1459;1;0;1;0;1;3;0;2;
880196706;35504156;🟢 зелёный;+10%;ДРР профиля 1.0% при потолке 3.7%;7.30;28.7;1.0;3.7;14.60;1430;0;1;1;0;0;1;8;2;2;
867076866;35508061;🟢 зелёный;+10%;ДРР профиля 0.0% при потолке 2.4%;7.30;27.4;0.0;2.4;0.00;1291;1291;1;0;1;0;0;19;0;6;
313190637;36459468;🟢 зелёный;+10%;ДРР профиля 5.0% при потолке 5.0%;9.70;30.0;5.0;5.0;58.20;1164;1164;1;0;1;0;2;63;6;9;
323155388;36459075;🟢 зелёный;+10%;ДРР профиля 0.0% при потолке 19.5%;7.30;44.5;0.0;19.5;0.00;850;850;1;0;1;0;1;4;0;1;
437416579;36460888;🟢 зелёный;+10%;ДРР профиля 0.0% при потолке 19.5%;7.30;44.5;0.0;19.5;0.00;850;850;1;0;1;0;1;3;0;1;
807385889;35508987;🟢 зелёный;+10%;ДРР профиля 0.0% при потолке 17.2%;7.30;42.2;0.0;17.2;0.00;780;780;1;0;1;0;1;27;0;1;
497231985;35508987;🟢 зелёный;+10%;ДРР профиля 0.0% при потолке 19.8%;7.30;44.8;0.0;19.8;0.00;716;716;1;0;1;0;1;10;0;3;
323092572;36460596;🟢 зелёный;+10%;ДРР профиля 1.3% при потолке 12.3%;8.80;37.3;1.3;12.3;8.80;672;672;1;0;1;1;0;19;1;4;
862504599;35509256;🟡 жёлтый;держим;ставка не тратится: показы есть, кликов нет;7.30;15.9;0.0;0.0;0.00;4572;4572;2;0;2;1;2;8;0;5;
324979651;35500249;🟡 жёлтый;держим;ставка не тратится: показы есть, кликов нет;7.30;18.3;0.0;0.0;0.00;3408;3408;1;0;1;0;1;3;0;1;
323215017;35513491;🟡 жёлтый;держим;ставка не тратится: показы есть, кликов нет;7.30;24.1;0.0;0.0;0.00;3332;3332;1;0;1;0;1;5;0;1;
323118634;35513491;🟡 жёлтый;держим;ставка не тратится: показы есть, кликов нет;7.30;24.9;0.0;0.0;0.00;2031;2031;1;0;1;0;1;5;0;5;
926537394;35497479;🟡 жёлтый;держим;ставка не тратится: показы есть, кликов нет;7.30;23.9;0.0;0.0;0.00;1995;1995;1;0;1;0;2;4;0;3;
313191032;35514926;🟡 жёлтый;держим;ставка не тратится: показы есть, кликов нет;7.30;17.7;0.0;0.0;0.00;1925;1925;1;0;1;0;1;1;0;2;
915925231;35498671;🟡 жёлтый;держим;ставка не тратится: показы есть, кликов нет;7.30;23.1;0.0;0.0;0.00;1359;1359;1;0;1;0;1;15;0;1;
313193264;36459468;🟡 жёлтый;держим;ставка не тратится: показы есть, кликов нет;7.30;29.7;;4.7;0.00;0;0;0;0;0;0;0;4;0;0;
313214154;35510132;🟡 жёлтый;держим;ставка не тратится: показы есть, кликов нет;7.30;44.6;;19.6;0.00;0;0;0;0;0;0;0;46;0;1;
1002672384;36462835;🟡 жёлтый;держим;ставка не тратится: показы есть, кликов нет;7.30;21.1;;0.0;0.00;0;0;0;0;0;0;0;4;0;1;
323305914;36459301;🟡 жёлтый;держим;ставка не тратится: показы есть, кликов нет;7.30;15.4;;0.0;0.00;0;0;0;0;0;0;0;2;0;0;
323169590;36459301;🟡 жёлтый;держим;ставка не тратится: показы есть, кликов нет;7.30;37.4;;12.4;0.00;0;0;0;0;0;0;0;1;0;0;
863382429;35508624;🟡 жёлтый;держим;ставка не тратится: показы есть, кликов нет;7.30;22.2;;0.0;0.00;0;0;0;0;0;0;0;1;0;0;
323169235;35513491;🟡 жёлтый;держим;ставка не тратится: показы есть, кликов нет;7.30;51.1;;26.1;0.00;0;0;0;0;0;0;0;1;0;0;
881915655;35501028;🟡 жёлтый;держим;ставка не тратится: показы есть, кликов нет;7.30;22.9;;0.0;0.00;0;0;0;0;0;0;0;1;0;0;
865714567;35508061;🟡 жёлтый;держим;ставка не тратится: показы есть, кликов нет;7.30;15.5;;0.0;0.00;0;0;0;0;0;0;0;3;0;0;
868922045;35500638;🟡 жёлтый;держим;ставка не тратится: показы есть, кликов нет;7.30;22.9;;0.0;0.00;0;0;0;0;0;0;0;13;0;0;
381074837;35511919;🟡 жёлтый;держим;ставка не тратится: показы есть, кликов нет;7.30;26.4;;1.4;0.00;0;0;0;0;0;0;0;1;0;0;
574519885;35503784;🟡 жёлтый;держим;ставка не тратится: показы есть, кликов нет;7.30;22.8;;0.0;0.00;0;0;0;0;0;0;0;35;0;0;
880189575;35504156;🟡 жёлтый;держим;ставка не тратится: показы есть, кликов нет;7.30;22.9;;0.0;0.00;0;0;0;0;0;0;0;4;0;0;
869372956;35507605;🟡 жёлтый;держим;ставка не тратится: показы есть, кликов нет;7.30;21.7;;0.0;0.00;0;0;0;0;0;0;0;1;0;0;
887255949;35500638;🟡 жёлтый;держим;ставка не тратится: показы есть, кликов нет;7.30;23.4;;0.0;0.00;0;0;0;0;0;0;0;2;0;0;
913064583;35498926;🟡 жёлтый;держим;ставка не тратится: показы есть, кликов нет;7.30;37.0;;12.0;0.00;0;0;0;0;0;0;0;4;0;0;
865122044;35508404;🟡 жёлтый;держим;ставка не тратится: показы есть, кликов нет;7.30;20.9;;0.0;0.00;0;0;0;0;0;0;0;4;0;0;
883431431;35502978;🟡 жёлтый;держим;ставка не тратится: показы есть, кликов нет;7.30;31.0;;6.0;0.00;0;0;0;0;0;0;0;2;0;0;
313184181;35588483;🟡 жёлтый;держим;ставка не тратится: показы есть, кликов нет;7.30;20.1;;0.0;0.00;0;0;0;0;0;0;0;20;0;0;
923514727;35497681;🟡 жёлтый;держим;ставка не тратится: показы есть, кликов нет;7.30;34.9;;9.9;0.00;0;0;0;0;0;0;0;4;0;0;
865092229;35508624;🟡 жёлтый;держим;ставка не тратится: показы есть, кликов нет;7.30;40.4;;15.4;0.00;0;0;0;0;0;0;0;2;0;0;
860417571;35505545;🟡 жёлтый;держим;ставка не тратится: показы есть, кликов нет;7.30;20.5;;0.0;0.00;0;0;0;0;0;0;0;1;0;0;
323108369;36460596;🟡 жёлтый;держим;ставка не тратится: показы есть, кликов нет;7.30;21.9;;0.0;0.00;0;0;0;0;0;0;0;4;0;0;
323107639;36460596;🟡 жёлтый;держим;ставка не тратится: показы есть, кликов нет;7.30;34.6;;9.6;0.00;0;0;0;0;0;0;0;11;0;0;
873354701;36458352;🟡 жёлтый;держим;ставка не тратится: показы есть, кликов нет;7.30;25.6;;0.6;0.00;0;0;0;0;0;0;0;1;0;0;
323338656;35499196;🟡 жёлтый;держим;ставка не тратится: показы есть, кликов нет;7.30;24.9;;0.0;0.00;0;0;0;0;0;0;0;1;0;0;
871736326;35506296;🟡 жёлтый;держим;ставка не тратится: показы есть, кликов нет;7.30;37.0;;12.0;0.00;0;0;0;0;0;0;0;9;0;0;
887221600;35501509;🟡 жёлтый;держим;ставка не тратится: показы есть, кликов нет;7.30;21.6;;0.0;0.00;0;0;0;0;0;0;0;1;0;0;
869364330;35507605;🟡 жёлтый;держим;ставка не тратится: показы есть, кликов нет;7.30;28.6;;3.6;0.00;0;0;0;0;0;0;0;3;0;0;
881916322;35501028;🟡 жёлтый;держим;ставка не тратится: показы есть, кликов нет;7.30;22.9;;0.0;0.00;0;0;0;0;0;0;0;1;0;0;
912921263;35499393;🟡 жёлтый;держим;ставка не тратится: показы есть, кликов нет;7.30;22.9;;0.0;0.00;0;0;0;0;0;0;0;2;0;0;
872360505;35505545;🟡 жёлтый;держим;ставка не тратится: показы есть, кликов нет;7.30;34.6;;9.6;0.00;0;0;0;0;0;0;0;3;0;0;
886508422;35501886;🟡 жёлтый;держим;ставка не тратится: показы есть, кликов нет;7.30;25.6;;0.6;0.00;0;0;0;0;0;0;0;3;0;0;
323285511;35513491;🟡 жёлтый;держим;ставка не тратится: показы есть, кликов нет;7.30;25.7;;0.7;0.00;0;0;0;0;0;0;0;1;0;0;
865069115;35504537;🟡 жёлтый;держим;ставка не тратится: показы есть, кликов нет;7.30;34.9;;9.9;0.00;0;0;0;0;0;0;0;17;0;0;
877453357;35504951;🟡 жёлтый;держим;ставка не тратится: показы есть, кликов нет;7.30;36.2;;11.2;0.00;0;0;0;0;0;0;0;1;0;0;
887384716;35501509;🟡 жёлтый;держим;в KPI, заказов нет — наблюдаем;8.00;26.2;;1.2;40.00;0;0;0;0;0;0;1;118;5;4;
313191133;36459301;🟡 жёлтый;держим;ставка не тратится: показы есть, кликов нет;7.30;19.6;;0.0;0.00;0;0;0;0;0;0;0;3;0;0;
313191884;35513180;🟡 жёлтый;держим;ставка не тратится: показы есть, кликов нет;7.30;35.5;;10.5;0.00;0;0;0;0;0;0;0;1;0;0;
865084016;35508404;🟡 жёлтый;держим;ставка не тратится: показы есть, кликов нет;7.30;40.5;;15.5;0.00;0;0;0;0;0;0;0;2;0;0;
862576778;35508987;🟡 жёлтый;держим;ставка не тратится: показы есть, кликов нет;7.30;24.5;;0.0;0.00;0;0;0;0;0;0;0;1;0;0;
865042515;35500249;🟡 жёлтый;держим;ставка не тратится: показы есть, кликов нет;7.30;19.7;;0.0;0.00;0;0;0;0;0;0;0;6;0;0;
868900216;35501262;🟡 жёлтый;держим;ставка не тратится: показы есть, кликов нет;7.30;28.9;;3.9;0.00;0;0;0;0;0;0;0;2;0;0;
887143998;35501683;🟡 жёлтый;держим;ставка не тратится: показы есть, кликов нет;7.30;23.1;;0.0;0.00;0;0;0;0;0;0;0;3;0;0;
887718392;35501509;🟡 жёлтый;держим;ставка не тратится: показы есть, кликов нет;7.30;42.0;;17.0;0.00;0;0;0;0;0;0;0;7;0;0;
872451975;35505900;🟡 жёлтый;держим;ставка не тратится: показы есть, кликов нет;7.30;28.6;;3.6;0.00;0;0;0;0;0;0;0;1;0;1;
608526572;35510132;🟡 жёлтый;держим;ставка не тратится: показы есть, кликов нет;7.30;25.7;;0.7;0.00;0;0;0;0;0;0;0;3;0;0;
863526636;35508624;🟡 жёлтый;держим;ставка не тратится: показы есть, кликов нет;7.30;23.8;;0.0;0.00;0;0;0;0;0;0;0;4;0;0;
865324038;35500249;🟡 жёлтый;держим;ставка не тратится: показы есть, кликов нет;7.30;22.9;;0.0;0.00;0;0;0;0;0;0;0;1;0;0;
865203793;35500638;🟡 жёлтый;держим;ставка не тратится: показы есть, кликов нет;7.30;29.6;;4.6;0.00;0;0;0;0;0;0;0;3;0;0;
862480011;35509256;🟡 жёлтый;держим;ставка не тратится: показы есть, кликов нет;7.30;36.9;;11.9;0.00;0;0;0;0;0;0;0;12;0;1;
323108758;35505545;🟡 жёлтый;держим;ставка не тратится: показы есть, кликов нет;7.30;25.1;;0.1;0.00;0;0;0;0;0;0;0;2;0;0;
871104441;35507256;🟡 жёлтый;держим;ставка не тратится: показы есть, кликов нет;7.30;24.2;;0.0;0.00;0;0;0;0;0;0;0;1;0;0;
887127557;35497916;🟡 жёлтый;держим;ставка не тратится: показы есть, кликов нет;7.30;37.3;;12.3;0.00;0;0;0;0;0;0;0;2;0;0;
323174375;35514511;🟡 жёлтый;держим;ставка не тратится: показы есть, кликов нет;7.30;31.2;;6.2;0.00;0;0;0;0;0;0;0;1;0;0;
434721008;36460888;🟡 жёлтый;держим;ставка не тратится: показы есть, кликов нет;7.30;31.3;;6.3;0.00;0;0;0;0;0;0;0;7;0;0;
323291655;35513872;🟡 жёлтый;держим;ставка не тратится: показы есть, кликов нет;7.30;36.2;;11.2;0.00;0;0;0;0;0;0;0;1;0;0;
869288156;35507605;🟡 жёлтый;держим;ставка не тратится: показы есть, кликов нет;7.30;24.2;;0.0;0.00;0;0;0;0;0;0;0;1;0;0;
858266749;35501262;🟡 жёлтый;держим;ставка не тратится: показы есть, кликов нет;7.30;22.6;;0.0;0.00;0;0;0;0;0;0;0;18;0;0;
323221803;35500249;🟡 жёлтый;держим;ставка не тратится: показы есть, кликов нет;7.30;35.3;;10.3;0.00;0;0;0;0;0;0;0;1;0;0;
324989535;35508987;🟡 жёлтый;держим;в KPI, заказов нет — наблюдаем;7.80;44.1;;19.1;7.80;0;0;0;0;0;0;1;24;1;4;
323107657;36463324;🟡 жёлтый;держим;ставка не тратится: показы есть, кликов нет;7.30;34.6;;9.6;0.00;0;0;0;0;0;0;0;2;0;0;
872403799;35505900;🟡 жёлтый;держим;ставка не тратится: показы есть, кликов нет;7.30;40.0;;15.0;0.00;0;0;0;0;0;0;0;1;0;0;
871681269;35505238;🟡 жёлтый;держим;ставка не тратится: показы есть, кликов нет;7.30;25.8;;0.8;0.00;0;0;0;0;0;0;0;2;0;0;
882840016;35501028;🟡 жёлтый;держим;ставка не тратится: показы есть, кликов нет;7.30;17.4;;0.0;0.00;0;0;0;0;0;0;0;1;0;0;
313184530;35510132;🟡 жёлтый;держим;ставка не тратится: показы есть, кликов нет;7.30;39.3;;14.3;0.00;0;0;0;0;0;0;0;6;0;0;
869362289;35507605;🟡 жёлтый;держим;ставка не тратится: показы есть, кликов нет;7.30;27.3;;2.3;0.00;0;0;0;0;0;0;0;8;0;0;
323225323;35499306;🟡 жёлтый;держим;ставка не тратится: показы есть, кликов нет;7.30;34.8;;9.8;0.00;0;0;0;0;0;0;0;6;0;0;
323292174;36463324;🟡 жёлтый;держим;ставка не тратится: показы есть, кликов нет;7.30;22.3;;0.0;0.00;0;0;0;0;0;0;0;4;0;0;
883430024;35502978;🟡 жёлтый;держим;ставка не тратится: показы есть, кликов нет;7.30;31.0;;6.0;0.00;0;0;0;0;0;0;0;2;0;0;
323270212;36459468;🟡 жёлтый;держим;ставка не тратится: показы есть, кликов нет;7.30;20.5;;0.0;0.00;0;0;0;0;0;0;0;37;0;0;
432727455;35511919;🟡 жёлтый;держим;ставка не тратится: показы есть, кликов нет;7.30;28.9;;3.9;0.00;0;0;0;0;0;0;0;1;0;0;
323242621;35513491;🟡 жёлтый;держим;ставка не тратится: показы есть, кликов нет;7.30;36.2;;11.2;0.00;0;0;0;0;0;0;0;3;0;0;
885319570;35502200;🟡 жёлтый;держим;ставка не тратится: показы есть, кликов нет;7.30;18.6;;0.0;0.00;0;0;0;0;0;0;0;3;0;0;
323155190;35498462;🟡 жёлтый;держим;ставка не тратится: показы есть, кликов нет;7.30;36.7;;11.7;0.00;0;0;0;0;0;0;0;3;0;0;
324994928;35512317;🟡 жёлтый;держим;ставка не тратится: показы есть, кликов нет;7.30;24.6;;0.0;0.00;0;0;0;0;0;0;0;3;0;0;
884697580;35502769;🟡 жёлтый;держим;ставка не тратится: показы есть, кликов нет;7.30;33.5;;8.5;0.00;0;0;0;0;0;0;0;2;0;0;
878777570;35504537;🟡 жёлтый;держим;ставка не тратится: показы есть, кликов нет;7.30;19.8;;0.0;0.00;0;0;0;0;0;0;0;1;0;0;
313195349;36463324;🟡 жёлтый;держим;ставка не тратится: показы есть, кликов нет;7.30;40.0;;15.0;0.00;0;0;0;0;0;0;0;4;0;0;
323339748;35512642;🟡 жёлтый;держим;ставка не тратится: показы есть, кликов нет;7.30;42.7;;17.7;0.00;0;0;0;0;0;0;0;3;0;0;
323330670;35512936;🟡 жёлтый;держим;ставка не тратится: показы есть, кликов нет;7.30;34.1;;9.1;0.00;0;0;0;0;0;0;0;7;0;0;
880308204;35504156;🟡 жёлтый;держим;ставка не тратится: показы есть, кликов нет;7.30;35.2;;10.2;0.00;0;0;0;0;0;0;0;1;0;0;
923518505;35497681;🟡 жёлтый;держим;ставка не тратится: показы есть, кликов нет;7.30;34.9;;9.9;0.00;0;0;0;0;0;0;0;6;0;0;
323267441;35509833;🟡 жёлтый;держим;ставка не тратится: показы есть, кликов нет;7.30;19.3;;0.0;0.00;0;0;0;0;0;0;0;1;0;0;
874405642;35505545;🟡 жёлтый;держим;ставка не тратится: показы есть, кликов нет;7.30;18.2;;0.0;0.00;0;0;0;0;0;0;0;1;0;0;
872324990;35506296;🟡 жёлтый;держим;ставка не тратится: показы есть, кликов нет;7.30;38.4;;13.4;0.00;0;0;0;0;0;0;0;3;0;0;
313184341;36459075;🟡 жёлтый;держим;ставка не тратится: показы есть, кликов нет;7.30;41.7;;16.7;0.00;0;0;0;0;0;0;0;19;0;1;
874775922;35505238;🟡 жёлтый;держим;ставка не тратится: показы есть, кликов нет;7.30;21.2;;0.0;0.00;0;0;0;0;0;0;0;1;0;0;
882823220;35503414;🟡 жёлтый;держим;ставка не тратится: показы есть, кликов нет;7.30;45.5;;20.5;0.00;0;0;0;0;0;0;0;1;0;0;
913008043;35498462;🟡 жёлтый;держим;ставка не тратится: показы есть, кликов нет;7.30;27.6;;2.6;0.00;0;0;0;0;0;0;0;8;0;0;
923519481;35497681;🟡 жёлтый;держим;ставка не тратится: показы есть, кликов нет;7.30;34.9;;9.9;0.00;0;0;0;0;0;0;0;3;0;0;
324985532;35514511;🟡 жёлтый;держим;ставка не тратится: показы есть, кликов нет;7.30;30.5;;5.5;0.00;0;0;0;0;0;0;0;7;0;0;
862470021;35509256;🟡 жёлтый;держим;ставка не тратится: показы есть, кликов нет;7.30;25.0;;0.0;0.00;0;0;0;0;0;0;0;2;0;0;
912946720;35499393;🟡 жёлтый;держим;ставка не тратится: показы есть, кликов нет;7.30;25.8;;0.8;0.00;0;0;0;0;0;0;0;1;0;0;
877861231;35504951;🟡 жёлтый;держим;ставка не тратится: показы есть, кликов нет;7.30;38.7;;13.7;0.00;0;0;0;0;0;0;0;1;0;0;
313214801;35512317;🟡 жёлтый;держим;ставка не тратится: показы есть, кликов нет;7.30;15.8;;0.0;0.00;0;0;0;0;0;0;0;7;0;2;
923514857;35497681;🟡 жёлтый;держим;ставка не тратится: показы есть, кликов нет;7.30;34.9;;9.9;0.00;0;0;0;0;0;0;0;2;0;0;
323362656;35498462;🟡 жёлтый;держим;ставка не тратится: показы есть, кликов нет;7.30;39.7;;14.7;0.00;0;0;0;0;0;0;0;2;0;0;
884177753;35502769;🟡 жёлтый;держим;ставка не тратится: показы есть, кликов нет;7.30;28.6;;3.6;0.00;0;0;0;0;0;0;0;18;0;0;
501677752;35498926;🟡 жёлтый;держим;ставка не тратится: показы есть, кликов нет;7.30;22.1;;0.0;0.00;0;0;0;0;0;0;0;1;0;0;
324985558;35508987;🟡 жёлтый;держим;ставка не тратится: показы есть, кликов нет;7.30;40.4;;15.4;0.00;0;0;0;0;0;0;0;13;0;0;
886570255;35501886;🟡 жёлтый;держим;ставка не тратится: показы есть, кликов нет;7.30;43.1;;18.1;0.00;0;0;0;0;0;0;0;5;0;0;
886289964;36458352;🟡 жёлтый;держим;ставка не тратится: показы есть, кликов нет;7.30;17.7;;0.0;0.00;0;0;0;0;0;0;0;3;0;0;
913006862;35498621;🟡 жёлтый;держим;ставка не тратится: показы есть, кликов нет;7.30;27.6;;2.6;0.00;0;0;0;0;0;0;0;11;0;0;
884651284;35502769;🟡 жёлтый;держим;ставка не тратится: показы есть, кликов нет;7.30;33.5;;8.5;0.00;0;0;0;0;0;0;0;1;0;0;
323121336;35514926;🟡 жёлтый;держим;ставка не тратится: показы есть, кликов нет;7.30;28.9;;3.9;0.00;0;0;0;0;0;0;0;1;0;0;
871026209;35507605;🟡 жёлтый;держим;ставка не тратится: показы есть, кликов нет;7.30;25.4;;0.4;0.00;0;0;0;0;0;0;0;10;0;0;
867140250;35508061;🟡 жёлтый;держим;ставка не тратится: показы есть, кликов нет;7.30;25.9;;0.9;0.00;0;0;0;0;0;0;0;1;0;0;
872367178;35506296;🟡 жёлтый;держим;ставка не тратится: показы есть, кликов нет;7.30;52.0;;27.0;0.00;0;0;0;0;0;0;0;6;0;0;
884655706;35502769;🟡 жёлтый;держим;ставка не тратится: показы есть, кликов нет;7.30;33.5;;8.5;0.00;0;0;0;0;0;0;0;4;0;0;
880266022;35504156;🟡 жёлтый;держим;ставка не тратится: показы есть, кликов нет;7.30;36.8;;11.8;0.00;0;0;0;0;0;0;0;1;0;0;
886429122;35501886;🟡 жёлтый;держим;ставка не тратится: показы есть, кликов нет;7.30;28.2;;3.2;0.00;0;0;0;0;0;0;0;1;0;0;
863400307;35508624;🟡 жёлтый;держим;ставка не тратится: показы есть, кликов нет;7.30;25.6;;0.6;0.00;0;0;0;0;0;0;0;1;0;0;
871750793;35506296;🟡 жёлтый;держим;ставка не тратится: показы есть, кликов нет;7.30;39.6;;14.6;0.00;0;0;0;0;0;0;0;1;0;0;
528768667;35509833;🟡 жёлтый;держим;ставка не тратится: показы есть, кликов нет;7.30;28.7;;3.7;0.00;0;0;0;0;0;0;0;6;0;0;
880360703;35503784;🟡 жёлтый;держим;ставка не тратится: показы есть, кликов нет;7.30;18.1;;0.0;0.00;0;0;0;0;0;0;0;10;0;0;
872426763;36458352;🟡 жёлтый;держим;ставка не тратится: показы есть, кликов нет;7.30;40.0;;15.0;0.00;0;0;0;0;0;0;0;3;0;0;
878607710;35504951;🟡 жёлтый;держим;ставка не тратится: показы есть, кликов нет;7.30;38.4;;13.4;0.00;0;0;0;0;0;0;0;2;0;0;
497150558;35502978;🟡 жёлтый;держим;ставка не тратится: показы есть, кликов нет;7.30;37.9;;12.9;0.00;0;0;0;0;0;0;0;2;0;2;
885314110;35502200;🟡 жёлтый;держим;ставка не тратится: показы есть, кликов нет;7.30;19.0;;0.0;0.00;0;0;0;0;0;0;0;4;0;0;
323202916;36459894;🟡 жёлтый;держим;ставка не тратится: показы есть, кликов нет;7.30;36.2;;11.2;0.00;0;0;0;0;0;0;0;1;0;0;
323295593;35514926;🟡 жёлтый;держим;ставка не тратится: показы есть, кликов нет;7.30;20.9;;0.0;0.00;0;0;0;0;0;0;0;1;0;0;
887120588;35501683;🟡 жёлтый;держим;ставка не тратится: показы есть, кликов нет;7.30;34.2;;9.2;0.00;0;0;0;0;0;0;0;6;0;0;
881882162;35503414;🟡 жёлтый;держим;ставка не тратится: показы есть, кликов нет;7.30;21.6;;0.0;0.00;0;0;0;0;0;0;0;9;0;0;
878139928;35504951;🟡 жёлтый;держим;ставка не тратится: показы есть, кликов нет;7.30;26.3;;1.3;0.00;0;0;0;0;0;0;0;2;0;0;
313215370;36459075;🟡 жёлтый;держим;ставка не тратится: показы есть, кликов нет;7.30;16.4;;0.0;0.00;0;0;0;0;0;0;0;1;0;0;
859987050;35509529;🟡 жёлтый;держим;ставка не тратится: показы есть, кликов нет;7.30;24.6;;0.0;0.00;0;0;0;0;0;0;0;3;0;0;
871092841;35507256;🟡 жёлтый;держим;ставка не тратится: показы есть, кликов нет;7.30;24.2;;0.0;0.00;0;0;0;0;0;0;0;1;0;0;
871147562;35507605;🟡 жёлтый;держим;ставка не тратится: показы есть, кликов нет;7.30;25.0;;0.0;0.00;0;0;0;0;0;0;0;2;0;0;
881937899;35500111;🟡 жёлтый;держим;ставка не тратится: показы есть, кликов нет;7.30;23.3;;0.0;0.00;0;0;0;0;0;0;0;1;0;0;
873360921;35505545;🟡 жёлтый;держим;ставка не тратится: показы есть, кликов нет;7.30;25.6;;0.6;0.00;0;0;0;0;0;0;0;1;0;0;
876583059;35497479;🟡 жёлтый;держим;ставка не тратится: показы есть, кликов нет;7.30;25.7;;0.7;0.00;0;0;0;0;0;0;0;7;0;0;
313215330;35512642;🟡 жёлтый;держим;ставка не тратится: показы есть, кликов нет;7.30;24.1;;0.0;0.00;0;0;0;0;0;0;0;1;0;0;
323169064;35513180;🟡 жёлтый;держим;ставка не тратится: показы есть, кликов нет;7.30;31.1;;6.1;0.00;0;0;0;0;0;0;0;1;0;0;
323253416;35512642;🟡 жёлтый;держим;ставка не тратится: показы есть, кликов нет;7.30;24.5;;0.0;0.00;0;0;0;0;0;0;0;1;0;0;
323295805;35514511;🟡 жёлтый;держим;ставка не тратится: показы есть, кликов нет;7.30;22.2;;0.0;0.00;0;0;0;0;0;0;0;1;0;0;
880271806;35504156;🟡 жёлтый;держим;ставка не тратится: показы есть, кликов нет;7.30;17.9;;0.0;0.00;0;0;0;0;0;0;0;5;0;0;
324980368;36463324;🟡 жёлтый;держим;ставка не тратится: показы есть, кликов нет;7.30;22.1;;0.0;0.00;0;0;0;0;0;0;0;9;0;0;
871712071;35506296;🟡 жёлтый;держим;ставка не тратится: показы есть, кликов нет;7.30;40.1;;15.1;0.00;0;0;0;0;0;0;0;1;0;0;
323107999;35510132;🟡 жёлтый;держим;ставка не тратится: показы есть, кликов нет;7.30;34.4;;9.4;0.00;0;0;0;0;0;0;0;10;0;0;
323194175;36458948;🟡 жёлтый;держим;ставка не тратится: показы есть, кликов нет;7.30;33.3;;8.3;0.00;0;0;0;0;0;0;0;10;0;0;
872448709;35505545;🟡 жёлтый;держим;ставка не тратится: показы есть, кликов нет;7.30;30.6;;5.6;0.00;0;0;0;0;0;0;0;1;0;0;
501332525;35510132;🟡 жёлтый;держим;ставка не тратится: показы есть, кликов нет;7.30;37.1;;12.1;0.00;0;0;0;0;0;0;0;5;0;0;
886704517;35501683;🟡 жёлтый;держим;ставка не тратится: показы есть, кликов нет;7.30;27.9;;2.9;0.00;0;0;0;0;0;0;0;4;0;0;
877274414;35498621;🟡 жёлтый;держим;ставка не тратится: показы есть, кликов нет;7.30;40.5;;15.5;0.00;0;0;0;0;0;0;0;1;0;0;
323286288;35513180;🟡 жёлтый;держим;ставка не тратится: показы есть, кликов нет;7.30;41.1;;16.1;0.00;0;0;0;0;0;0;0;1;0;0;
323243683;36459075;🟡 жёлтый;держим;ставка не тратится: показы есть, кликов нет;7.30;33.2;;8.2;0.00;0;0;0;0;0;0;0;9;0;0;
888188156;35501262;🟡 жёлтый;держим;ставка не тратится: показы есть, кликов нет;7.30;30.9;;5.9;0.00;0;0;0;0;0;0;0;22;0;1;
313216497;35514926;🟡 жёлтый;держим;ставка не тратится: показы есть, кликов нет;7.30;22.1;;0.0;0.00;0;0;0;0;0;0;0;1;0;0;
880354451;35503784;🟡 жёлтый;держим;ставка не тратится: показы есть, кликов нет;7.30;18.1;;0.0;0.00;0;0;0;0;0;0;0;25;0;2;
913041228;35498926;🟡 жёлтый;держим;ставка не тратится: показы есть, кликов нет;7.30;25.3;;0.3;0.00;0;0;0;0;0;0;0;4;0;0;
313190459;36459468;🟡 жёлтый;держим;в KPI, заказов нет — наблюдаем;9.70;57.8;;32.8;9.70;0;0;0;0;0;2;1;32;1;8;
884541070;35502769;🟡 жёлтый;держим;ставка не тратится: показы есть, кликов нет;7.30;28.6;;3.6;0.00;0;0;0;0;0;0;0;14;0;0;
323204694;36459894;🟡 жёлтый;держим;ставка не тратится: показы есть, кликов нет;7.30;36.6;;11.6;0.00;0;0;0;0;0;0;0;2;0;0;
323123088;36463324;🟡 жёлтый;держим;ставка не тратится: показы есть, кликов нет;7.30;38.5;;13.5;0.00;0;0;0;0;0;0;0;1;0;0;
324980445;35588483;🟡 жёлтый;держим;ставка не тратится: показы есть, кликов нет;7.30;34.1;;9.1;0.00;0;0;0;0;0;0;0;3;0;0;
923579670;35497681;🟡 жёлтый;держим;ставка не тратится: показы есть, кликов нет;7.30;36.6;;11.6;0.00;0;0;0;0;0;0;0;37;0;0;
915964600;35498671;🟡 жёлтый;держим;ставка не тратится: показы есть, кликов нет;7.30;21.5;;0.0;0.00;0;0;0;0;0;0;0;4;0;0;
878616609;35504951;🟡 жёлтый;держим;ставка не тратится: показы есть, кликов нет;7.30;38.4;;13.4;0.00;0;0;0;0;0;0;0;1;0;0;
859953953;35509529;🟡 жёлтый;держим;ставка не тратится: показы есть, кликов нет;7.30;24.2;;0.0;0.00;0;0;0;0;0;0;0;1;0;0;
915273466;35498839;🟡 жёлтый;держим;ставка не тратится: показы есть, кликов нет;7.30;19.3;;0.0;0.00;0;0;0;0;0;0;0;3;0;0;
868974542;35498839;🟡 жёлтый;держим;ставка не тратится: показы есть, кликов нет;7.30;24.7;;0.0;0.00;0;0;0;0;0;0;0;5;0;0;
323337758;35495292;🟡 жёлтый;держим;ставка не тратится: показы есть, кликов нет;7.30;39.1;;14.1;0.00;0;0;0;0;0;0;0;1;0;0;
871733465;35506296;🟡 жёлтый;держим;ставка не тратится: показы есть, кликов нет;7.30;37.0;;12.0;0.00;0;0;0;0;0;0;0;10;0;0;
862561909;35508987;🟡 жёлтый;держим;ставка не тратится: показы есть, кликов нет;7.30;19.8;;0.0;0.00;0;0;0;0;0;0;0;1;0;1;
883272546;35502978;🟡 жёлтый;держим;ставка не тратится: показы есть, кликов нет;7.30;33.6;;8.6;0.00;0;0;0;0;0;0;0;2;0;0;
324995105;36460888;🟡 жёлтый;держим;ставка не тратится: показы есть, кликов нет;7.30;27.8;;2.8;0.00;0;0;0;0;0;0;0;11;0;0;
886410069;35501886;🟡 жёлтый;держим;ставка не тратится: показы есть, кликов нет;7.30;29.2;;4.2;0.00;0;0;0;0;0;0;0;2;0;0;
865617127;35508061;🟡 жёлтый;держим;ставка не тратится: показы есть, кликов нет;7.30;21.1;;0.0;0.00;0;0;0;0;0;0;0;3;0;0;
323359893;35512317;🟡 жёлтый;держим;ставка не тратится: показы есть, кликов нет;7.30;23.4;;0.0;0.00;0;0;0;0;0;0;0;1;0;1;
923536963;35497681;🟡 жёлтый;держим;ставка не тратится: показы есть, кликов нет;7.30;39.2;;14.2;0.00;0;0;0;0;0;0;0;5;0;0;
884154955;35502769;🟡 жёлтый;держим;ставка не тратится: показы есть, кликов нет;7.30;28.6;;3.6;0.00;0;0;0;0;0;0;0;31;0;0;
863360090;35508624;🟡 жёлтый;держим;ставка не тратится: показы есть, кликов нет;7.30;23.4;;0.0;0.00;0;0;0;0;0;0;0;1;0;0;
323179214;35512642;🟡 жёлтый;держим;ставка не тратится: показы есть, кликов нет;7.30;26.7;;1.7;0.00;0;0;0;0;0;0;0;1;0;0;
872387246;35505900;🟡 жёлтый;держим;ставка не тратится: показы есть, кликов нет;7.30;40.0;;15.0;0.00;0;0;0;0;0;0;0;3;0;0;
874729309;35501028;🟡 жёлтый;держим;ставка не тратится: показы есть, кликов нет;7.30;26.5;;1.5;0.00;0;0;0;0;0;0;0;1;0;0;
912927997;35499491;🟡 жёлтый;держим;ставка не тратится: показы есть, кликов нет;7.30;27.1;;2.1;0.00;0;0;0;0;0;0;0;2;0;0;
871603672;35507256;🟡 жёлтый;держим;ставка не тратится: показы есть, кликов нет;7.30;20.0;;0.0;0.00;0;0;0;0;0;0;0;1;0;0;
883585391;35502978;🟡 жёлтый;держим;ставка не тратится: показы есть, кликов нет;7.30;26.9;;1.9;0.00;0;0;0;0;0;0;0;12;0;0;
807402084;35497916;🟡 жёлтый;держим;ставка не тратится: показы есть, кликов нет;7.30;37.7;;12.7;0.00;0;0;0;0;0;0;0;6;0;0;
323266540;35588483;🟡 жёлтый;держим;ставка не тратится: показы есть, кликов нет;7.30;33.6;;8.6;0.00;0;0;0;0;0;0;0;2;0;0;
323115484;36459468;🟡 жёлтый;держим;ставка не тратится: показы есть, кликов нет;7.30;37.0;;12.0;0.00;0;0;0;0;0;0;0;1;0;0;
859106910;35509529;🟡 жёлтый;держим;ставка не тратится: показы есть, кликов нет;7.30;23.1;;0.0;0.00;0;0;0;0;0;0;0;2;0;0;
863537811;35508624;🟡 жёлтый;держим;ставка не тратится: показы есть, кликов нет;7.30;19.9;;0.0;0.00;0;0;0;0;0;0;0;3;0;0;
323230488;35515230;🟡 жёлтый;держим;ставка не тратится: показы есть, кликов нет;7.30;17.8;;0.0;0.00;0;0;0;0;0;0;0;7;0;0;
724681497;35510132;🟡 жёлтый;держим;ставка не тратится: показы есть, кликов нет;7.30;18.1;;0.0;0.00;0;0;0;0;0;0;0;4;0;0;
863195596;35508624;🟡 жёлтый;держим;ставка не тратится: показы есть, кликов нет;7.30;42.3;;17.3;0.00;0;0;0;0;0;0;0;1;0;0;
323155568;36458948;🟡 жёлтый;держим;ставка не тратится: показы есть, кликов нет;7.30;40.2;;15.2;0.00;0;0;0;0;0;0;0;6;0;0;
862450999;35509256;🟡 жёлтый;держим;ставка не тратится: показы есть, кликов нет;7.30;23.6;;0.0;0.00;0;0;0;0;0;0;0;2;0;0;
313216455;36460596;🟡 жёлтый;держим;ставка не тратится: показы есть, кликов нет;7.30;35.2;;10.2;0.00;0;0;0;0;0;0;0;10;0;0;
324993690;35512317;🟡 жёлтый;держим;ставка не тратится: показы есть, кликов нет;7.30;21.3;;0.0;0.00;0;0;0;0;0;0;0;17;0;0;
872323421;35506296;🟡 жёлтый;держим;ставка не тратится: показы есть, кликов нет;7.30;38.4;;13.4;0.00;0;0;0;0;0;0;0;1;0;0;
885244367;35502200;🟡 жёлтый;держим;ставка не тратится: показы есть, кликов нет;7.30;27.9;;2.9;0.00;0;0;0;0;0;0;0;23;0;0;
878624405;35504951;🟡 жёлтый;держим;ставка не тратится: показы есть, кликов нет;7.30;38.4;;13.4;0.00;0;0;0;0;0;0;0;1;0;0;
709622378;35498839;🟡 жёлтый;держим;ставка не тратится: показы есть, кликов нет;7.30;23.9;;0.0;0.00;0;0;0;0;0;0;0;1;0;0;
323212763;35513180;🟡 жёлтый;держим;ставка не тратится: показы есть, кликов нет;7.30;22.7;;0.0;0.00;0;0;0;0;0;0;1;2;0;2;
313195833;36459301;🟡 жёлтый;держим;ставка не тратится: показы есть, кликов нет;7.30;41.9;;16.9;0.00;0;0;0;0;0;0;0;1;0;0;
313195589;36460596;🟡 жёлтый;держим;ставка не тратится: показы есть, кликов нет;7.30;36.6;;11.6;0.00;0;0;0;0;0;0;0;6;0;1;
313215153;35515230;🟡 жёлтый;держим;ставка не тратится: показы есть, кликов нет;7.30;19.9;;0.0;0.00;0;0;0;0;0;0;0;1;0;1;
882008201;35503414;🟡 жёлтый;держим;ставка не тратится: показы есть, кликов нет;7.30;27.7;;2.7;0.00;0;0;0;0;0;0;0;3;0;0;
874726725;35501028;🟡 жёлтый;держим;ставка не тратится: показы есть, кликов нет;7.30;25.5;;0.5;0.00;0;0;0;0;0;0;0;2;0;0;
913003868;35498621;🟡 жёлтый;держим;ставка не тратится: показы есть, кликов нет;7.30;27.6;;2.6;0.00;0;0;0;0;0;0;0;5;0;0;
860456262;35501028;🟡 жёлтый;держим;ставка не тратится: показы есть, кликов нет;7.30;33.8;;8.8;0.00;0;0;0;0;0;0;0;1;0;0;
872389283;35505900;🟡 жёлтый;держим;ставка не тратится: показы есть, кликов нет;7.30;40.0;;15.0;0.00;0;0;0;0;0;0;0;3;0;0;
865572446;35508061;🟡 жёлтый;держим;ставка не тратится: показы есть, кликов нет;7.30;21.0;;0.0;0.00;0;0;0;0;0;0;0;2;0;0;
323241906;35514926;🟡 жёлтый;держим;ставка не тратится: показы есть, кликов нет;7.30;32.8;;7.8;0.00;0;0;0;0;0;0;0;1;0;5;
883772484;35502978;🟡 жёлтый;держим;ставка не тратится: показы есть, кликов нет;7.30;26.5;;1.5;0.00;0;0;0;0;0;0;0;1;0;0;
915915105;35498671;🟡 жёлтый;держим;ставка не тратится: показы есть, кликов нет;7.30;20.6;;0.0;0.00;0;0;0;0;0;0;0;4;0;0;
872411966;35505900;🟡 жёлтый;держим;ставка не тратится: показы есть, кликов нет;7.30;40.0;;15.0;0.00;0;0;0;0;0;0;0;3;0;0;
313212413;36463324;🟡 жёлтый;держим;ставка не тратится: показы есть, кликов нет;7.30;26.8;;1.8;0.00;0;0;0;0;0;0;0;12;0;0;
313184237;36463324;🟡 жёлтый;держим;ставка не тратится: показы есть, кликов нет;7.30;29.8;;4.8;0.00;0;0;0;0;0;0;0;14;0;4;
887713208;35501509;🟡 жёлтый;держим;ставка не тратится: показы есть, кликов нет;7.30;27.1;;2.1;0.00;0;0;0;0;0;0;0;6;0;0;
882176974;35501028;🟡 жёлтый;держим;ставка не тратится: показы есть, кликов нет;7.30;26.3;;1.3;0.00;0;0;0;0;0;0;0;2;0;0;
885443111;35497479;🟡 жёлтый;держим;ставка не тратится: показы есть, кликов нет;7.30;35.7;;10.7;0.00;0;0;0;0;0;0;0;17;0;0;
865701456;35508061;🟡 жёлтый;держим;ставка не тратится: показы есть, кликов нет;7.30;17.8;;0.0;0.00;0;0;0;0;0;0;1;17;0;4;
886467749;35501886;🟡 жёлтый;держим;ставка не тратится: показы есть, кликов нет;7.30;19.5;;0.0;0.00;0;0;0;0;0;0;0;1;0;0;
878685654;35504537;🟡 жёлтый;держим;ставка не тратится: показы есть, кликов нет;7.30;34.1;;9.1;0.00;0;0;0;0;0;0;0;2;0;0;
877216069;35505238;🟡 жёлтый;держим;ставка не тратится: показы есть, кликов нет;7.30;27.8;;2.8;0.00;0;0;0;0;0;0;0;1;0;0;
881089928;35503784;🟡 жёлтый;держим;ставка не тратится: показы есть, кликов нет;7.30;30.6;;5.6;0.00;0;0;0;0;0;0;0;3;0;0;
324992882;35512642;🟡 жёлтый;держим;ставка не тратится: показы есть, кликов нет;7.30;24.2;;0.0;0.00;0;0;0;0;0;0;0;6;0;1;
883118486;35503146;🟡 жёлтый;держим;ставка не тратится: показы есть, кликов нет;7.30;27.6;;2.6;0.00;0;0;0;0;0;0;0;1;0;0;
880192141;35504156;🟡 жёлтый;держим;ставка не тратится: показы есть, кликов нет;7.30;28.7;;3.7;0.00;0;0;0;0;0;0;0;2;0;0;
858716840;35509833;🟡 жёлтый;держим;ставка не тратится: показы есть, кликов нет;7.30;27.6;;2.6;0.00;0;0;0;0;0;0;0;1;0;0;
865258871;35508404;🟡 жёлтый;держим;ставка не тратится: показы есть, кликов нет;7.30;21.4;;0.0;0.00;0;0;0;0;0;0;0;1;0;0;
871704838;35507256;🟡 жёлтый;держим;ставка не тратится: показы есть, кликов нет;7.30;40.1;;15.1;0.00;0;0;0;0;0;0;0;4;0;0;
324994120;35503414;🟡 жёлтый;держим;ставка не тратится: показы есть, кликов нет;7.30;31.2;;6.2;0.00;0;0;0;0;0;0;0;1;0;0;
435044276;35500249;🟡 жёлтый;держим;в KPI, заказов нет — наблюдаем;7.30;29.5;;4.5;36.50;0;0;0;0;0;0;1;283;5;9;
883079146;35503146;🟡 жёлтый;держим;ставка не тратится: показы есть, кликов нет;7.30;24.7;;0.0;0.00;0;0;0;0;0;0;0;3;0;0;
884085866;35502769;🟡 жёлтый;держим;ставка не тратится: показы есть, кликов нет;7.30;35.1;;10.1;0.00;0;0;0;0;0;0;0;2;0;1;
913019378;35499491;🟡 жёлтый;держим;ставка не тратится: показы есть, кликов нет;7.30;37.3;;12.3;0.00;0;0;0;0;0;0;0;3;0;0;
912819318;35500111;🟡 жёлтый;держим;ставка не тратится: показы есть, кликов нет;7.30;35.2;;10.2;0.00;0;0;0;0;0;0;0;1;0;0;
323269976;36459894;🟡 жёлтый;держим;ставка не тратится: показы есть, кликов нет;7.30;26.2;;1.2;0.00;0;0;0;0;0;0;0;1;0;0;
324989539;35508987;🟡 жёлтый;держим;ставка не тратится: показы есть, кликов нет;7.30;44.9;;19.9;0.00;0;0;0;0;0;0;1;16;0;2;
871602377;35507256;🟡 жёлтый;держим;ставка не тратится: показы есть, кликов нет;7.30;20.0;;0.0;0.00;0;0;0;0;0;0;0;3;0;0;
887694308;35501509;🟡 жёлтый;держим;ставка не тратится: показы есть, кликов нет;7.30;23.6;;0.0;0.00;0;0;0;0;0;0;0;1;0;0;
877227998;35504951;🟡 жёлтый;держим;ставка не тратится: показы есть, кликов нет;7.30;38.0;;13.0;0.00;0;0;0;0;0;0;0;3;0;0;
313185186;35510132;🟡 жёлтый;держим;ставка не тратится: показы есть, кликов нет;7.30;38.4;;13.4;0.00;0;0;0;0;0;0;0;3;0;1;
323241938;35508987;🟡 жёлтый;держим;ставка не тратится: показы есть, кликов нет;7.30;19.0;;0.0;0.00;0;0;0;0;0;0;0;6;0;0;
865190345;35508404;🟡 жёлтый;держим;ставка не тратится: показы есть, кликов нет;7.30;22.4;;0.0;0.00;0;0;0;0;0;0;0;14;0;0;
323120116;35515230;🟡 жёлтый;держим;ставка не тратится: показы есть, кликов нет;7.30;21.8;;0.0;0.00;0;0;0;0;0;0;0;9;0;0;
883422850;35502978;🟡 жёлтый;держим;ставка не тратится: показы есть, кликов нет;7.30;34.0;;9.0;0.00;0;0;0;0;0;0;0;4;0;0;
313195592;36460596;🟡 жёлтый;держим;ставка не тратится: показы есть, кликов нет;7.30;36.6;;11.6;0.00;0;0;0;0;0;0;0;11;0;0;
862570886;35508987;🟡 жёлтый;держим;ставка не тратится: показы есть, кликов нет;7.30;18.6;;0.0;0.00;0;0;0;0;0;0;0;5;0;1;
886642304;35501886;🟡 жёлтый;держим;ставка не тратится: показы есть, кликов нет;7.30;39.3;;14.3;0.00;0;0;0;0;0;0;0;1;0;0;
323185950;35513491;🟡 жёлтый;держим;ставка не тратится: показы есть, кликов нет;7.30;26.7;;1.7;0.00;0;0;0;0;0;0;0;1;0;0;
865130751;35508404;🟡 жёлтый;держим;ставка не тратится: показы есть, кликов нет;7.30;19.9;;0.0;0.00;0;0;0;0;0;0;0;3;0;0;
324980967;35515230;🟡 жёлтый;держим;ставка не тратится: показы есть, кликов нет;7.30;23.0;;0.0;0.00;0;0;0;0;0;0;0;1;0;0;
882956813;35503146;🟡 жёлтый;держим;ставка не тратится: показы есть, кликов нет;7.30;25.1;;0.1;0.00;0;0;0;0;0;0;0;4;0;0;
882136083;35503414;🟡 жёлтый;держим;ставка не тратится: показы есть, кликов нет;7.30;28.4;;3.4;0.00;0;0;0;0;0;0;0;1;0;0;
882879556;35500638;🟡 жёлтый;держим;ставка не тратится: показы есть, кликов нет;7.30;21.4;;0.0;0.00;0;0;0;0;0;0;0;2;0;0;
870463048;35498671;🟡 жёлтый;держим;ставка не тратится: показы есть, кликов нет;7.30;29.0;;4.0;0.00;0;0;0;0;0;0;0;9;0;3;
915921835;35498671;🟡 жёлтый;держим;ставка не тратится: показы есть, кликов нет;7.30;23.6;;0.0;0.00;0;0;0;0;0;0;0;3;0;0;
881126872;35503784;🟡 жёлтый;держим;ставка не тратится: показы есть, кликов нет;7.30;33.1;;8.1;0.00;0;0;0;0;0;0;0;1;0;0;
323360846;35500249;🟡 жёлтый;держим;ставка не тратится: показы есть, кликов нет;7.30;45.2;;20.2;0.00;0;0;0;0;0;0;1;0;0;10;
323253402;35512642;🟡 жёлтый;держим;ставка не тратится: показы есть, кликов нет;7.30;34.9;;9.9;0.00;0;0;0;0;0;0;0;1;0;0;
860733828;35509529;🟡 жёлтый;держим;ставка не тратится: показы есть, кликов нет;7.30;19.4;;0.0;0.00;0;0;0;0;0;0;0;1;0;0;
886556171;35497916;🟡 жёлтый;держим;ставка не тратится: показы есть, кликов нет;7.30;37.4;;12.4;0.00;0;0;0;0;0;0;0;2;0;0;
323113538;36459468;🟡 жёлтый;держим;ставка не тратится: показы есть, кликов нет;7.30;29.8;;4.8;0.00;0;0;0;0;0;0;0;1;0;0;
883064190;35503146;🟡 жёлтый;держим;ставка не тратится: показы есть, кликов нет;7.30;47.7;;22.7;0.00;0;0;0;0;0;0;0;1;0;0;
324993098;35505900;🟡 жёлтый;держим;ставка не тратится: показы есть, кликов нет;7.30;18.3;;0.0;0.00;0;0;0;0;0;0;0;2;0;1;
867143431;35508061;🟡 жёлтый;держим;ставка не тратится: показы есть, кликов нет;7.30;25.9;;0.9;0.00;0;0;0;0;0;0;0;1;0;0;
867108301;35501262;🟡 жёлтый;держим;ставка не тратится: показы есть, кликов нет;7.30;26.0;;1.0;0.00;0;0;0;0;0;0;0;2;0;0;
885352655;35502200;🟡 жёлтый;держим;ставка не тратится: показы есть, кликов нет;7.30;23.4;;0.0;0.00;0;0;0;0;0;0;0;3;0;0;
323231306;35513180;🟡 жёлтый;держим;ставка не тратится: показы есть, кликов нет;7.30;23.4;;0.0;0.00;0;0;0;0;0;0;0;4;0;0;
886363890;36458352;🟡 жёлтый;держим;ставка не тратится: показы есть, кликов нет;7.30;25.6;;0.6;0.00;0;0;0;0;0;0;0;1;0;0;
861561620;35500638;🟡 жёлтый;держим;ставка не тратится: показы есть, кликов нет;7.30;17.4;;0.0;0.00;0;0;0;0;0;0;0;1;0;0;
913011489;35498621;🟡 жёлтый;держим;ставка не тратится: показы есть, кликов нет;7.30;28.3;;3.3;0.00;0;0;0;0;0;0;0;1;0;0;
323293191;35497479;🟡 жёлтый;держим;ставка не тратится: показы есть, кликов нет;7.30;22.8;;0.0;0.00;0;0;0;0;0;0;0;1;0;0;
860635555;35501509;🟡 жёлтый;держим;ставка не тратится: показы есть, кликов нет;7.30;28.0;;3.0;0.00;0;0;0;0;0;0;0;18;0;0;
923515936;35497681;🟡 жёлтый;держим;ставка не тратится: показы есть, кликов нет;7.30;34.9;;9.9;0.00;0;0;0;0;0;0;0;1;0;0;
323155780;35508987;🟡 жёлтый;держим;ставка не тратится: показы есть, кликов нет;7.30;43.8;;18.8;0.00;0;0;0;0;0;0;0;1;0;0;
862454582;35509256;🟡 жёлтый;держим;ставка не тратится: показы есть, кликов нет;7.30;23.6;;0.0;0.00;0;0;0;0;0;0;0;3;0;0;
912739064;35500111;🟡 жёлтый;держим;ставка не тратится: показы есть, кликов нет;7.30;35.8;;10.8;0.00;0;0;0;0;0;0;0;20;0;0;
313184016;35513180;🟡 жёлтый;держим;ставка не тратится: показы есть, кликов нет;7.30;26.4;;1.4;0.00;0;0;0;0;0;0;0;6;0;0;
885252728;35502200;🟡 жёлтый;держим;ставка не тратится: показы есть, кликов нет;7.30;38.1;;13.1;0.00;0;0;0;0;0;0;0;3;0;0;
871708906;35506296;🟡 жёлтый;держим;ставка не тратится: показы есть, кликов нет;7.30;40.1;;15.1;0.00;0;0;0;0;0;0;0;3;0;0;
860503823;35505545;🟡 жёлтый;держим;ставка не тратится: показы есть, кликов нет;7.30;20.6;;0.0;0.00;0;0;0;0;0;0;0;2;0;0;
865133574;35508404;🟡 жёлтый;держим;ставка не тратится: показы есть, кликов нет;7.30;37.4;;12.4;0.00;0;0;0;0;0;0;0;3;0;0;
886422069;35500638;🟡 жёлтый;держим;ставка не тратится: показы есть, кликов нет;7.30;35.2;;10.2;0.00;0;0;0;0;0;0;0;2;0;0;
883078029;35503146;🟡 жёлтый;держим;ставка не тратится: показы есть, кликов нет;7.30;24.7;;0.0;0.00;0;0;0;0;0;0;0;1;0;0;
324996295;36463324;🟡 жёлтый;держим;ставка не тратится: показы есть, кликов нет;7.30;21.8;;0.0;0.00;0;0;0;0;0;0;0;2;0;1;
882958758;35500638;🟡 жёлтый;держим;ставка не тратится: показы есть, кликов нет;7.30;22.7;;0.0;0.00;0;0;0;0;0;0;0;3;0;0;
886703158;35501683;🟡 жёлтый;держим;ставка не тратится: показы есть, кликов нет;7.30;27.9;;2.9;0.00;0;0;0;0;0;0;0;3;0;0;
909176903;35500111;🟡 жёлтый;держим;ставка не тратится: показы есть, кликов нет;7.30;26.2;;1.2;0.00;0;0;0;0;0;0;0;1;0;0;
923630584;35497681;🟡 жёлтый;держим;ставка не тратится: показы есть, кликов нет;7.30;44.0;;19.0;0.00;0;0;0;0;0;0;0;1;0;0;
880492706;35503784;🟡 жёлтый;держим;ставка не тратится: показы есть, кликов нет;7.30;21.7;;0.0;0.00;0;0;0;0;0;0;0;1;0;0;
923600651;35497916;🟡 жёлтый;держим;ставка не тратится: показы есть, кликов нет;7.30;37.9;;12.9;0.00;0;0;0;0;0;0;0;7;0;0;
871599581;35507256;🟡 жёлтый;держим;ставка не тратится: показы есть, кликов нет;7.30;20.0;;0.0;0.00;0;0;0;0;0;0;0;5;0;0;
323236247;35515230;🟡 жёлтый;держим;ставка не тратится: показы есть, кликов нет;7.30;34.3;;9.3;0.00;0;0;0;0;0;0;0;2;0;0;
881108303;35503784;🟡 жёлтый;держим;ставка не тратится: показы есть, кликов нет;7.30;30.6;;5.6;0.00;0;0;0;0;0;0;0;2;0;0;
869308208;35507605;🟡 жёлтый;держим;ставка не тратится: показы есть, кликов нет;7.30;25.1;;0.1;0.00;0;0;0;0;0;0;0;3;0;0;
324986566;35495292;🟡 жёлтый;держим;ставка не тратится: показы есть, кликов нет;7.30;25.2;;0.2;0.00;0;0;0;0;0;0;0;4;0;2;
877786284;35501028;🟡 жёлтый;держим;ставка не тратится: показы есть, кликов нет;7.30;25.6;;0.6;0.00;0;0;0;0;0;0;0;1;0;0;
313184641;36463324;🟡 жёлтый;держим;ставка не тратится: показы есть, кликов нет;7.30;44.9;;19.9;0.00;0;0;0;0;0;0;0;4;0;0;
323132254;35514511;🟡 жёлтый;держим;ставка не тратится: показы есть, кликов нет;7.30;23.8;;0.0;0.00;0;0;0;0;0;0;0;3;0;0;
871047086;35507605;🟡 жёлтый;держим;ставка не тратится: показы есть, кликов нет;7.30;21.8;;0.0;0.00;0;0;0;0;0;0;0;4;0;0;
869360534;35507605;🟡 жёлтый;держим;ставка не тратится: показы есть, кликов нет;7.30;21.9;;0.0;0.00;0;0;0;0;0;0;0;3;0;0;
883269658;35502978;🟡 жёлтый;держим;ставка не тратится: показы есть, кликов нет;7.30;33.6;;8.6;0.00;0;0;0;0;0;0;0;1;0;0;
861227606;35498621;🟡 жёлтый;держим;ставка не тратится: показы есть, кликов нет;7.30;33.3;;8.3;0.00;0;0;0;0;0;0;0;1;0;0;
865785667;35508061;🟡 жёлтый;держим;ставка не тратится: показы есть, кликов нет;7.30;26.0;;1.0;0.00;0;0;0;0;0;0;0;4;0;0;
862571955;35508987;🟡 жёлтый;держим;ставка не тратится: показы есть, кликов нет;7.30;19.3;;0.0;0.00;0;0;0;0;0;0;0;7;0;0;
885205229;35502200;🟡 жёлтый;держим;ставка не тратится: показы есть, кликов нет;7.30;22.7;;0.0;0.00;0;0;0;0;0;0;0;5;0;0;
885113122;35502769;🟡 жёлтый;держим;ставка не тратится: показы есть, кликов нет;7.30;22.9;;0.0;0.00;0;0;0;0;0;0;0;1;0;0;
862559633;35508987;🟡 жёлтый;держим;ставка не тратится: показы есть, кликов нет;7.30;18.2;;0.0;0.00;0;0;0;0;0;0;0;2;0;0;
887138844;35500638;🟡 жёлтый;держим;ставка не тратится: показы есть, кликов нет;7.30;29.1;;4.1;0.00;0;0;0;0;0;0;0;1;0;0;
313190814;35512317;🟡 жёлтый;держим;ставка не тратится: показы есть, кликов нет;7.30;21.7;;0.0;0.00;0;0;0;0;0;0;0;20;0;3;
882006368;35500638;🟡 жёлтый;держим;ставка не тратится: показы есть, кликов нет;7.30;23.3;;0.0;0.00;0;0;0;0;0;0;0;4;0;0;
323151626;35498462;🟡 жёлтый;держим;ставка не тратится: показы есть, кликов нет;7.30;35.8;;10.8;0.00;0;0;0;0;0;0;0;1;0;0;
437416314;35515230;🟡 жёлтый;держим;ставка не тратится: показы есть, кликов нет;7.30;33.4;;8.4;0.00;0;0;0;0;0;0;0;1;0;0;
865035490;35508624;🟡 жёлтый;держим;ставка не тратится: показы есть, кликов нет;7.30;17.8;;0.0;0.00;0;0;0;0;0;0;0;7;0;0;
865333983;35508404;🟡 жёлтый;держим;ставка не тратится: показы есть, кликов нет;7.30;20.0;;0.0;0.00;0;0;0;0;0;0;0;2;0;0;
885118563;35502769;🟡 жёлтый;держим;ставка не тратится: показы есть, кликов нет;7.30;22.9;;0.0;0.00;0;0;0;0;0;0;0;1;0;0;
860711494;35508987;🟡 жёлтый;держим;ставка не тратится: показы есть, кликов нет;7.30;23.7;;0.0;0.00;0;0;0;0;0;0;0;8;0;0;
862572607;35508987;🟡 жёлтый;держим;ставка не тратится: показы есть, кликов нет;7.30;19.3;;0.0;0.00;0;0;0;0;0;0;0;9;0;1;
880361371;35503784;🟡 жёлтый;держим;ставка не тратится: показы есть, кликов нет;7.30;18.1;;0.0;0.00;0;0;0;0;0;0;0;5;0;0;
887699085;35501509;🟡 жёлтый;держим;ставка не тратится: показы есть, кликов нет;7.30;24.0;;0.0;0.00;0;0;0;0;0;0;0;1;0;0;
323107942;35510132;🟡 жёлтый;держим;ставка не тратится: показы есть, кликов нет;7.30;38.9;;13.9;0.00;0;0;0;0;0;0;0;4;0;0;
323126899;35514511;🟡 жёлтый;держим;ставка не тратится: показы есть, кликов нет;7.30;23.8;;0.0;0.00;0;0;0;0;0;0;0;5;0;0;
380914086;36463324;🟡 жёлтый;держим;ставка не тратится: показы есть, кликов нет;7.30;25.4;;0.4;0.00;0;0;0;0;0;0;0;4;0;0;
860482004;35505545;🟡 жёлтый;держим;ставка не тратится: показы есть, кликов нет;7.30;25.7;;0.7;0.00;0;0;0;0;0;0;0;1;0;0;
873371263;35505545;🟡 жёлтый;держим;ставка не тратится: показы есть, кликов нет;7.30;25.6;;0.6;0.00;0;0;0;0;0;0;0;3;0;1;
313183213;35514220;🟡 жёлтый;держим;ставка не тратится: показы есть, кликов нет;7.30;35.4;;10.4;0.00;0;0;0;0;0;0;0;2;0;0;
886618707;35501886;🟡 жёлтый;держим;ставка не тратится: показы есть, кликов нет;7.30;23.9;;0.0;0.00;0;0;0;0;0;0;0;1;0;0;
698445638;35510132;🟡 жёлтый;держим;ставка не тратится: показы есть, кликов нет;7.30;24.4;;0.0;0.00;0;0;0;0;0;0;0;2;0;0;
874738961;35505238;🟡 жёлтый;держим;ставка не тратится: показы есть, кликов нет;7.30;17.1;;0.0;0.00;0;0;0;0;0;0;0;1;0;0;
882188124;35503414;🟡 жёлтый;держим;ставка не тратится: показы есть, кликов нет;7.30;45.5;;20.5;0.00;0;0;0;0;0;0;0;7;0;0;
323196034;35513872;🟡 жёлтый;держим;ставка не тратится: показы есть, кликов нет;7.30;33.6;;8.6;0.00;0;0;0;0;0;0;0;16;0;0;
862495676;35509256;🟡 жёлтый;держим;ставка не тратится: показы есть, кликов нет;7.30;26.3;;1.3;0.00;0;0;0;0;0;0;0;1;0;0;
882824102;35503414;🟡 жёлтый;держим;ставка не тратится: показы есть, кликов нет;7.30;41.3;;16.3;0.00;0;0;0;0;0;0;0;1;0;0;
881830120;35503414;🟡 жёлтый;держим;ставка не тратится: показы есть, кликов нет;7.30;16.9;;0.0;0.00;0;0;0;0;0;0;0;2;0;0;
923595122;35497681;🟡 жёлтый;держим;ставка не тратится: показы есть, кликов нет;7.30;36.6;;11.6;0.00;0;0;0;0;0;0;0;6;0;0;
882863388;35503146;🟡 жёлтый;держим;ставка не тратится: показы есть, кликов нет;7.30;24.0;;0.0;0.00;0;0;0;0;0;0;0;4;0;0;
868902523;35501262;🟡 жёлтый;держим;ставка не тратится: показы есть, кликов нет;7.30;28.9;;3.9;0.00;0;0;0;0;0;0;0;3;0;0;
323224972;35497916;🟡 жёлтый;держим;ставка не тратится: показы есть, кликов нет;7.30;25.5;;0.5;0.00;0;0;0;0;0;0;0;11;0;0;
860435400;35501028;🟡 жёлтый;держим;ставка не тратится: показы есть, кликов нет;7.30;33.8;;8.8;0.00;0;0;0;0;0;0;0;1;0;0;
882125059;35503414;🟡 жёлтый;держим;ставка не тратится: показы есть, кликов нет;7.30;40.0;;15.0;0.00;0;0;0;0;0;0;0;1;0;0;
324994725;35499196;🟡 жёлтый;держим;ставка не тратится: показы есть, кликов нет;7.30;17.3;;0.0;0.00;0;0;0;0;0;0;0;15;0;1;
323122583;36459075;🟡 жёлтый;держим;ставка не тратится: показы есть, кликов нет;7.30;35.1;;10.1;0.00;0;0;0;0;0;0;0;3;0;1;
313183413;35514926;🟡 жёлтый;держим;ставка не тратится: показы есть, кликов нет;7.30;49.0;;24.0;0.00;0;0;0;0;0;0;0;3;0;2;
879512645;35504537;🟡 жёлтый;держим;ставка не тратится: показы есть, кликов нет;7.30;24.2;;0.0;0.00;0;0;0;0;0;0;0;1;0;0;
872374052;35506296;🟡 жёлтый;держим;ставка не тратится: показы есть, кликов нет;7.30;52.0;;27.0;0.00;0;0;0;0;0;0;0;8;0;0;
880533652;35500249;🟡 жёлтый;держим;ставка не тратится: показы есть, кликов нет;7.30;20.2;;0.0;0.00;0;0;0;0;0;0;0;1;0;0;
324980130;36459075;🟡 жёлтый;держим;ставка не тратится: показы есть, кликов нет;7.30;34.5;;9.5;0.00;0;0;0;0;0;0;0;4;0;0;
323183160;35508987;🟡 жёлтый;держим;ставка не тратится: показы есть, кликов нет;7.30;47.0;;22.0;0.00;0;0;0;0;0;0;0;3;0;0;
865274174;35508404;🟡 жёлтый;держим;ставка не тратится: показы есть, кликов нет;7.30;17.7;;0.0;0.00;0;0;0;0;0;0;0;1;0;0;
871668036;35507256;🟡 жёлтый;держим;ставка не тратится: показы есть, кликов нет;7.30;18.9;;0.0;0.00;0;0;0;0;0;0;0;1;0;0;
865343512;35508061;🟡 жёлтый;держим;ставка не тратится: показы есть, кликов нет;7.30;16.8;;0.0;0.00;0;0;0;0;0;0;0;3;0;0;
397557201;35510132;🟡 жёлтый;держим;ставка не тратится: показы есть, кликов нет;7.30;37.1;;12.1;0.00;0;0;0;0;0;0;0;20;0;1;
923585175;35497681;🟡 жёлтый;держим;ставка не тратится: показы есть, кликов нет;7.30;46.3;;21.3;0.00;0;0;0;0;0;0;0;3;0;0;
323145214;35509833;🟡 жёлтый;держим;ставка не тратится: показы есть, кликов нет;7.30;16.6;;0.0;0.00;0;0;0;0;0;0;0;3;0;0;
863288181;35507796;🟡 жёлтый;держим;ставка не тратится: показы есть, кликов нет;7.30;21.6;;0.0;0.00;0;0;0;0;0;0;0;1;0;0;
912666647;35500111;🟡 жёлтый;держим;ставка не тратится: показы есть, кликов нет;7.30;39.6;;14.6;0.00;0;0;0;0;0;0;0;1;0;0;
323167877;36459301;🟡 жёлтый;держим;ставка не тратится: показы есть, кликов нет;7.30;43.5;;18.5;0.00;0;0;0;0;0;0;0;1;0;0;
860447622;35501028;🟡 жёлтый;держим;ставка не тратится: показы есть, кликов нет;7.30;33.8;;8.8;0.00;0;0;0;0;0;0;0;2;0;0;
323338699;35514220;🟡 жёлтый;держим;ставка не тратится: показы есть, кликов нет;7.30;27.4;;2.4;0.00;0;0;0;0;0;0;0;7;0;0;
884118153;35502769;🟡 жёлтый;держим;ставка не тратится: показы есть, кликов нет;7.30;17.9;;0.0;0.00;0;0;0;0;0;0;0;2;0;0;
879748791;35504156;🟡 жёлтый;держим;ставка не тратится: показы есть, кликов нет;7.30;23.0;;0.0;0.00;0;0;0;0;0;0;0;3;0;0;
323360248;35508987;🟡 жёлтый;держим;ставка не тратится: показы есть, кликов нет;7.30;42.7;;17.7;0.00;0;0;0;0;0;0;0;1;0;1;
871064392;35507605;🟡 жёлтый;держим;ставка не тратится: показы есть, кликов нет;7.30;17.1;;0.0;0.00;0;0;0;0;0;0;0;13;0;0;
887366238;35500638;🟡 жёлтый;держим;ставка не тратится: показы есть, кликов нет;7.30;26.9;;1.9;0.00;0;0;0;0;0;0;0;1;0;0;
871678629;35507256;🟡 жёлтый;держим;ставка не тратится: показы есть, кликов нет;7.30;23.9;;0.0;0.00;0;0;0;0;0;0;0;3;0;0;
323250037;36459075;🟡 жёлтый;держим;ставка не тратится: показы есть, кликов нет;7.30;32.4;;7.4;0.00;0;0;0;0;0;0;0;1;0;0;
860859876;35509256;🟡 жёлтый;держим;ставка не тратится: показы есть, кликов нет;7.30;19.8;;0.0;0.00;0;0;0;0;0;0;0;1;0;0;
874417022;35501028;🟡 жёлтый;держим;ставка не тратится: показы есть, кликов нет;7.30;29.5;;4.5;0.00;0;0;0;0;0;0;0;1;0;0;
323138018;36459075;🟡 жёлтый;держим;ставка не тратится: показы есть, кликов нет;7.30;36.1;;11.1;0.00;0;0;0;0;0;0;0;2;0;0;
880276938;35504156;🟡 жёлтый;держим;ставка не тратится: показы есть, кликов нет;7.30;32.5;;7.5;0.00;0;0;0;0;0;0;0;2;0;0;
915247960;35498839;🟡 жёлтый;держим;ставка не тратится: показы есть, кликов нет;7.30;37.2;;12.2;0.00;0;0;0;0;0;0;0;6;0;0;
915243271;35498839;🟡 жёлтый;держим;ставка не тратится: показы есть, кликов нет;7.30;37.2;;12.2;0.00;0;0;0;0;0;0;0;6;0;0;
881335949;35503414;🟡 жёлтый;держим;ставка не тратится: показы есть, кликов нет;7.30;20.8;;0.0;0.00;0;0;0;0;0;0;0;1;0;0;
878144344;35504951;🟡 жёлтый;держим;ставка не тратится: показы есть, кликов нет;7.30;26.3;;1.3;0.00;0;0;0;0;0;0;0;2;0;0;
916966049;35498671;🟡 жёлтый;держим;ставка не тратится: показы есть, кликов нет;7.30;22.4;;0.0;0.00;0;0;0;0;0;0;0;6;0;0;
886523731;35501886;🟡 жёлтый;держим;ставка не тратится: показы есть, кликов нет;7.30;31.6;;6.6;0.00;0;0;0;0;0;0;0;1;0;0;
880203972;35504156;🟡 жёлтый;держим;ставка не тратится: показы есть, кликов нет;7.30;36.3;;11.3;0.00;0;0;0;0;0;0;0;2;0;0;
886728996;35501683;🟡 жёлтый;держим;ставка не тратится: показы есть, кликов нет;7.30;27.9;;2.9;0.00;0;0;0;0;0;0;0;5;0;0;
881095022;35503784;🟡 жёлтый;держим;ставка не тратится: показы есть, кликов нет;7.30;30.6;;5.6;0.00;0;0;0;0;0;0;0;2;0;0;
324990560;35513180;🟡 жёлтый;держим;ставка не тратится: показы есть, кликов нет;7.30;33.9;;8.9;0.00;0;0;0;0;0;0;0;1;0;0;
880465401;35500638;🟡 жёлтый;держим;ставка не тратится: показы есть, кликов нет;7.30;23.4;;0.0;0.00;0;0;0;0;0;0;0;4;0;0;
915227476;35498839;🟡 жёлтый;держим;ставка не тратится: показы есть, кликов нет;7.30;35.1;;10.1;0.00;0;0;0;0;0;0;0;1;0;0;
323125931;35513180;🟡 жёлтый;держим;ставка не тратится: показы есть, кликов нет;7.30;20.6;;0.0;0.00;0;0;0;0;0;0;0;6;0;0;
912704082;35500111;🟡 жёлтый;держим;ставка не тратится: показы есть, кликов нет;7.30;30.0;;5.0;0.00;0;0;0;0;0;0;0;5;0;0;
880300228;35504156;🟡 жёлтый;держим;ставка не тратится: показы есть, кликов нет;7.30;35.1;;10.1;0.00;0;0;0;0;0;0;0;1;0;0;
887153562;35501683;🟡 жёлтый;держим;ставка не тратится: показы есть, кликов нет;7.30;30.8;;5.8;0.00;0;0;0;0;0;0;0;1;0;0;
324995729;35508987;🟡 жёлтый;держим;ставка не тратится: показы есть, кликов нет;7.30;43.1;;18.1;0.00;0;0;0;0;0;0;0;12;0;0;
323205654;35513180;🟡 жёлтый;держим;ставка не тратится: показы есть, кликов нет;7.30;33.6;;8.6;0.00;0;0;0;0;0;0;0;1;0;0;
313193596;35510132;🟡 жёлтый;держим;ставка не тратится: показы есть, кликов нет;7.30;35.5;;10.5;0.00;0;0;0;0;0;0;0;3;0;0;
878133699;35504951;🟡 жёлтый;держим;ставка не тратится: показы есть, кликов нет;7.30;23.9;;0.0;0.00;0;0;0;0;0;0;0;1;0;0;
923491026;35497916;🟡 жёлтый;держим;ставка не тратится: показы есть, кликов нет;7.30;24.6;;0.0;0.00;0;0;0;0;0;0;0;3;0;0;
883030210;35503146;🟡 жёлтый;держим;ставка не тратится: показы есть, кликов нет;7.30;31.5;;6.5;0.00;0;0;0;0;0;0;0;1;0;0;
862490753;35508624;🟡 жёлтый;держим;ставка не тратится: показы есть, кликов нет;7.30;18.1;;0.0;0.00;0;0;0;0;0;0;0;7;0;0;
435042275;35512936;🟡 жёлтый;держим;ставка не тратится: показы есть, кликов нет;7.30;40.0;;15.0;0.00;0;0;0;0;0;0;0;57;0;0;
867190558;35504537;🟡 жёлтый;держим;ставка не тратится: показы есть, кликов нет;7.30;24.4;;0.0;0.00;0;0;0;0;0;0;0;1;0;0;
323110641;36460888;🟡 жёлтый;держим;ставка не тратится: показы есть, кликов нет;7.30;22.1;;0.0;0.00;0;0;0;0;0;0;0;1;0;0;
323339668;35509833;🟡 жёлтый;держим;ставка не тратится: показы есть, кликов нет;7.30;25.6;;0.6;0.00;0;0;0;0;0;0;0;1;0;0;
490451287;35495292;🟡 жёлтый;держим;ставка не тратится: показы есть, кликов нет;7.30;38.6;;13.6;0.00;0;0;0;0;0;0;0;1;0;0;
871739152;35506296;🟡 жёлтый;держим;ставка не тратится: показы есть, кликов нет;7.30;39.6;;14.6;0.00;0;0;0;0;0;0;0;3;0;0;
886359776;36458352;🟡 жёлтый;держим;ставка не тратится: показы есть, кликов нет;7.30;25.6;;0.6;0.00;0;0;0;0;0;0;0;1;0;0;
860493495;35505545;🟡 жёлтый;держим;ставка не тратится: показы есть, кликов нет;7.30;27.4;;2.4;0.00;0;0;0;0;0;0;0;1;0;0;
313185180;36459301;🟡 жёлтый;держим;ставка не тратится: показы есть, кликов нет;7.30;36.0;;11.0;0.00;0;0;0;0;0;0;0;6;0;0;
885307255;35502200;🟡 жёлтый;держим;ставка не тратится: показы есть, кликов нет;7.30;25.7;;0.7;0.00;0;0;0;0;0;0;0;12;0;0;
912704312;35500111;🟡 жёлтый;держим;ставка не тратится: показы есть, кликов нет;7.30;30.0;;5.0;0.00;0;0;0;0;0;0;0;2;0;0;
884794975;35502769;🟡 жёлтый;держим;ставка не тратится: показы есть, кликов нет;7.30;33.5;;8.5;0.00;0;0;0;0;0;0;0;1;0;0;
323312826;35499196;🟡 жёлтый;держим;ставка не тратится: показы есть, кликов нет;7.30;33.8;;8.8;0.00;0;0;0;0;0;0;0;1;0;0;
881430944;35503414;🟡 жёлтый;держим;ставка не тратится: показы есть, кликов нет;7.30;16.9;;0.0;0.00;0;0;0;0;0;0;0;2;0;0;
865727216;35501028;🟡 жёлтый;держим;ставка не тратится: показы есть, кликов нет;7.30;26.3;;1.3;0.00;0;0;0;0;0;0;0;3;0;0;
880170810;35504156;🟡 жёлтый;держим;ставка не тратится: показы есть, кликов нет;7.30;30.9;;5.9;0.00;0;0;0;0;0;0;0;10;0;0;
313191272;35508987;🟡 жёлтый;держим;ставка не тратится: показы есть, кликов нет;7.30;17.9;;0.0;0.00;0;0;0;0;0;0;0;6;0;0;
871680131;35507256;🟡 жёлтый;держим;ставка не тратится: показы есть, кликов нет;7.30;23.9;;0.0;0.00;0;0;0;0;0;0;0;4;0;0;
323168787;36459301;🟡 жёлтый;держим;ставка не тратится: показы есть, кликов нет;7.30;43.5;;18.5;0.00;0;0;0;0;0;0;0;1;0;0;
313183825;35505545;🟡 жёлтый;держим;ставка не тратится: показы есть, кликов нет;7.30;30.1;;5.1;0.00;0;0;0;0;0;0;0;6;0;0;
915917496;35498671;🟡 жёлтый;держим;ставка не тратится: показы есть, кликов нет;7.30;34.8;;9.8;0.00;0;0;0;0;0;0;0;7;0;0;
323193709;36459468;🟡 жёлтый;держим;ставка не тратится: показы есть, кликов нет;7.30;19.9;;0.0;0.00;0;0;0;0;0;0;0;3;0;0;
324979866;36459301;🟡 жёлтый;держим;ставка не тратится: показы есть, кликов нет;7.30;19.1;;0.0;0.00;0;0;0;0;0;0;0;20;0;1;
869220283;35505900;🟡 жёлтый;держим;ставка не тратится: показы есть, кликов нет;7.30;17.8;;0.0;0.00;0;0;0;0;0;0;0;1;0;0;
797534827;35512317;🟡 жёлтый;держим;ставка не тратится: показы есть, кликов нет;7.30;21.4;;0.0;0.00;0;0;0;0;0;0;0;5;0;1;
323108659;36460596;🟡 жёлтый;держим;ставка не тратится: показы есть, кликов нет;7.30;33.0;;8.0;0.00;0;0;0;0;0;0;0;1;0;0;
872308763;35506296;🟡 жёлтый;держим;ставка не тратится: показы есть, кликов нет;7.30;35.3;;10.3;0.00;0;0;0;0;0;0;0;5;0;0;
887717793;35501509;🟡 жёлтый;держим;ставка не тратится: показы есть, кликов нет;7.30;27.1;;2.1;0.00;0;0;0;0;0;0;0;6;0;1;
882837758;35503146;🟡 жёлтый;держим;ставка не тратится: показы есть, кликов нет;7.30;21.6;;0.0;0.00;0;0;0;0;0;0;0;3;0;0;
869286102;35507605;🟡 жёлтый;держим;ставка не тратится: показы есть, кликов нет;7.30;22.2;;0.0;0.00;0;0;0;0;0;0;0;3;0;0;
865519375;35508061;🟡 жёлтый;держим;ставка не тратится: показы есть, кликов нет;7.30;30.5;;5.5;0.00;0;0;0;0;0;0;0;2;0;0;
887074228;35501683;🟡 жёлтый;держим;ставка не тратится: показы есть, кликов нет;7.30;24.8;;0.0;0.00;0;0;0;0;0;0;0;3;0;0;
871025553;35507605;🟡 жёлтый;держим;ставка не тратится: показы есть, кликов нет;7.30;24.3;;0.0;0.00;0;0;0;0;0;0;0;6;0;0;
313188483;35513872;🟡 жёлтый;держим;ставка не тратится: показы есть, кликов нет;7.30;15.7;;0.0;0.00;0;0;0;0;0;0;0;12;0;0;
912929331;35499491;🟡 жёлтый;держим;ставка не тратится: показы есть, кликов нет;7.30;27.1;;2.1;0.00;0;0;0;0;0;0;0;6;0;0;
923587435;35497681;🟡 жёлтый;держим;ставка не тратится: показы есть, кликов нет;7.30;42.2;;17.2;0.00;0;0;0;0;0;0;0;3;0;0;
434791307;35512317;🟡 жёлтый;держим;ставка не тратится: показы есть, кликов нет;7.30;21.9;;0.0;0.00;0;0;0;0;0;0;0;3;0;0;
885352903;35502200;🟡 жёлтый;держим;ставка не тратится: показы есть, кликов нет;7.30;23.4;;0.0;0.00;0;0;0;0;0;0;0;4;0;0;
887694311;35501509;🟡 жёлтый;держим;ставка не тратится: показы есть, кликов нет;7.30;23.6;;0.0;0.00;0;0;0;0;0;0;0;1;0;0;
912963609;35499491;🟡 жёлтый;держим;ставка не тратится: показы есть, кликов нет;7.30;39.3;;14.3;0.00;0;0;0;0;0;0;0;1;0;0;
883194992;35503146;🟡 жёлтый;держим;ставка не тратится: показы есть, кликов нет;7.30;24.8;;0.0;0.00;0;0;0;0;0;0;0;4;0;0;
877927656;35504951;🟡 жёлтый;держим;ставка не тратится: показы есть, кликов нет;7.30;48.9;;23.9;0.00;0;0;0;0;0;0;0;3;0;0;
1010911984;36462624;🟡 жёлтый;держим;ставка не тратится: показы есть, кликов нет;7.30;31.5;;6.5;0.00;0;0;0;0;0;0;0;18;0;0;
323222520;35513491;🟡 жёлтый;держим;ставка не тратится: показы есть, кликов нет;7.30;21.2;;0.0;0.00;0;0;0;0;0;0;0;1;0;0;
871049206;35507605;🟡 жёлтый;держим;ставка не тратится: показы есть, кликов нет;7.30;27.6;;2.6;0.00;0;0;0;0;0;0;0;2;0;0;
324986284;35514511;🟡 жёлтый;держим;ставка не тратится: показы есть, кликов нет;7.30;23.8;;0.0;0.00;0;0;0;0;0;0;0;1;0;0;
313212398;35510132;🟡 жёлтый;держим;ставка не тратится: показы есть, кликов нет;7.30;23.7;;0.0;0.00;0;0;0;0;0;0;0;30;0;1;
886420063;35500638;🟡 жёлтый;держим;ставка не тратится: показы есть, кликов нет;7.30;35.2;;10.2;0.00;0;0;0;0;0;0;0;4;0;0;
880261723;35504156;🟡 жёлтый;держим;ставка не тратится: показы есть, кликов нет;7.30;23.1;;0.0;0.00;0;0;0;0;0;0;0;2;0;0;
861545214;35501509;🟡 жёлтый;держим;ставка не тратится: показы есть, кликов нет;7.30;30.1;;5.1;0.00;0;0;0;0;0;0;0;1;0;0;
883375324;35502978;🟡 жёлтый;держим;ставка не тратится: показы есть, кликов нет;7.30;15.8;;0.0;0.00;0;0;0;0;0;0;0;1;0;0;
881827977;35503414;🟡 жёлтый;держим;ставка не тратится: показы есть, кликов нет;7.30;16.9;;0.0;0.00;0;0;0;0;0;0;0;3;0;0;
874766016;35505238;🟡 жёлтый;держим;ставка не тратится: показы есть, кликов нет;7.30;35.1;;10.1;0.00;0;0;0;0;0;0;0;7;0;0;
915248999;35498839;🟡 жёлтый;держим;ставка не тратится: показы есть, кликов нет;7.30;37.2;;12.2;0.00;0;0;0;0;0;0;0;8;0;0;
876874874;35497479;🟡 жёлтый;держим;ставка не тратится: показы есть, кликов нет;7.30;25.7;;0.7;0.00;0;0;0;0;0;0;0;1;0;0;
880643039;35503784;🟡 жёлтый;держим;ставка не тратится: показы есть, кликов нет;7.30;33.7;;8.7;0.00;0;0;0;0;0;0;0;3;0;0;
880190576;35504156;🟡 жёлтый;держим;ставка не тратится: показы есть, кликов нет;7.30;28.7;;3.7;0.00;0;0;0;0;0;0;0;3;0;0;
323270329;36459075;🟡 жёлтый;держим;ставка не тратится: показы есть, кликов нет;7.30;20.6;;0.0;0.00;0;0;0;0;0;0;0;8;0;0;
324992779;35512642;🟡 жёлтый;держим;ставка не тратится: показы есть, кликов нет;7.30;24.6;;0.0;0.00;0;0;0;0;0;0;0;2;0;0;
323299552;35513180;🟡 жёлтый;держим;ставка не тратится: показы есть, кликов нет;7.30;33.1;;8.1;0.00;0;0;0;0;0;0;0;1;0;0;
434720494;35508987;🟡 жёлтый;держим;ставка не тратится: показы есть, кликов нет;7.30;43.3;;18.3;0.00;0;0;0;0;0;0;0;6;0;0;
873375308;35505545;🟡 жёлтый;держим;ставка не тратится: показы есть, кликов нет;7.30;25.6;;0.6;0.00;0;0;0;0;0;0;0;1;0;0;
862507346;35509256;🟡 жёлтый;держим;ставка не тратится: показы есть, кликов нет;7.30;17.6;;0.0;0.00;0;0;0;0;0;0;0;5;0;0;
437416745;35510132;🟡 жёлтый;держим;ставка не тратится: показы есть, кликов нет;7.30;38.4;;13.4;0.00;0;0;0;0;0;0;0;3;0;0;
435043321;35509833;🟡 жёлтый;держим;ставка не тратится: показы есть, кликов нет;7.30;36.0;;11.0;0.00;0;0;0;0;0;0;0;4;0;0;
323114774;35509833;🟡 жёлтый;держим;ставка не тратится: показы есть, кликов нет;7.30;23.5;;0.0;0.00;0;0;0;0;0;0;0;2;0;0;
878686381;35504537;🟡 жёлтый;держим;ставка не тратится: показы есть, кликов нет;7.30;34.1;;9.1;0.00;0;0;0;0;0;0;0;2;0;0;
873366565;35505545;🟡 жёлтый;держим;ставка не тратится: показы есть, кликов нет;7.30;25.6;;0.6;0.00;0;0;0;0;0;0;0;2;0;0;
885120009;35502769;🟡 жёлтый;держим;ставка не тратится: показы есть, кликов нет;7.30;22.9;;0.0;0.00;0;0;0;0;0;0;0;1;0;0;
870451345;35500638;🟡 жёлтый;держим;ставка не тратится: показы есть, кликов нет;7.30;20.2;;0.0;0.00;0;0;0;0;0;0;0;3;0;0;
915909458;35498671;🟡 жёлтый;держим;ставка не тратится: показы есть, кликов нет;7.30;28.3;;3.3;0.00;0;0;0;0;0;0;0;2;0;1;
323298569;36459894;🟡 жёлтый;держим;ставка не тратится: показы есть, кликов нет;7.30;33.5;;8.5;0.00;0;0;0;0;0;0;0;1;0;0;
878645599;35504951;🟡 жёлтый;держим;ставка не тратится: показы есть, кликов нет;7.30;34.1;;9.1;0.00;0;0;0;0;0;0;0;3;0;0;
323182315;36459301;🟡 жёлтый;держим;ставка не тратится: показы есть, кликов нет;7.30;30.5;;5.5;0.00;0;0;0;0;0;0;0;2;0;0;
883286896;35502978;🟡 жёлтый;держим;ставка не тратится: показы есть, кликов нет;7.30;27.7;;2.7;0.00;0;0;0;0;0;0;0;1;0;0;
883266292;35502978;🟡 жёлтый;держим;ставка не тратится: показы есть, кликов нет;7.30;33.6;;8.6;0.00;0;0;0;0;0;0;0;2;0;0;
876894328;35497479;🟡 жёлтый;держим;ставка не тратится: показы есть, кликов нет;7.30;25.7;;0.7;0.00;0;0;0;0;0;0;0;10;0;0;
865089187;35508404;🟡 жёлтый;держим;ставка не тратится: показы есть, кликов нет;7.30;40.4;;15.4;0.00;0;0;0;0;0;0;0;1;0;0;
323177919;35512642;🟡 жёлтый;держим;ставка не тратится: показы есть, кликов нет;7.30;27.3;;2.3;0.00;0;0;0;0;0;0;0;1;0;0;
874425324;35505545;🟡 жёлтый;держим;ставка не тратится: показы есть, кликов нет;7.30;20.9;;0.0;0.00;0;0;0;0;0;0;0;1;0;0;
355488328;36460596;🟡 жёлтый;держим;ставка не тратится: показы есть, кликов нет;7.30;17.9;;0.0;0.00;0;0;0;0;0;0;0;1;0;0;
865604724;35508061;🟡 жёлтый;держим;ставка не тратится: показы есть, кликов нет;7.30;23.2;;0.0;0.00;0;0;0;0;0;0;0;5;0;0;
324994098;35500111;🟡 жёлтый;держим;ставка не тратится: показы есть, кликов нет;7.30;22.7;;0.0;0.00;0;0;0;0;0;0;0;1;0;0;
880273660;35504156;🟡 жёлтый;держим;ставка не тратится: показы есть, кликов нет;7.30;36.8;;11.8;0.00;0;0;0;0;0;0;0;9;0;0;
885433142;35497479;🟡 жёлтый;держим;ставка не тратится: показы есть, кликов нет;7.30;35.7;;10.7;0.00;0;0;0;0;0;0;0;16;0;0;
860432647;35501028;🟡 жёлтый;держим;ставка не тратится: показы есть, кликов нет;7.30;33.8;;8.8;0.00;0;0;0;0;0;0;0;1;0;0;
912816932;35500111;🟡 жёлтый;держим;ставка не тратится: показы есть, кликов нет;7.30;36.0;;11.0;0.00;0;0;0;0;0;0;0;1;0;0;
850706065;35509833;🟡 жёлтый;держим;ставка не тратится: показы есть, кликов нет;7.30;20.4;;0.0;0.00;0;0;0;0;0;0;0;2;0;0;
861659600;35509256;🟡 жёлтый;держим;ставка не тратится: показы есть, кликов нет;7.30;23.9;;0.0;0.00;0;0;0;0;0;0;0;11;0;0;
323107552;35510132;🟡 жёлтый;держим;ставка не тратится: показы есть, кликов нет;7.30;38.1;;13.1;0.00;0;0;0;0;0;0;0;2;0;2;
435044215;35505900;🟡 жёлтый;держим;ставка не тратится: показы есть, кликов нет;7.30;36.4;;11.4;0.00;0;0;0;0;0;0;0;3;0;0;
324980192;36459075;🟡 жёлтый;держим;ставка не тратится: показы есть, кликов нет;7.30;35.0;;10.0;0.00;0;0;0;0;0;0;0;2;0;0;
865508488;35508061;🟡 жёлтый;держим;ставка не тратится: показы есть, кликов нет;7.30;20.1;;0.0;0.00;0;0;0;0;0;0;0;1;0;0;
923585280;35497681;🟡 жёлтый;держим;ставка не тратится: показы есть, кликов нет;7.30;46.3;;21.3;0.00;0;0;0;0;0;0;0;1;0;0;
886664953;35501886;🟡 жёлтый;держим;ставка не тратится: показы есть, кликов нет;7.30;29.6;;4.6;0.00;0;0;0;0;0;0;0;3;0;0;
323303699;35499196;🟡 жёлтый;держим;ставка не тратится: показы есть, кликов нет;7.30;23.5;;0.0;0.00;0;0;0;0;0;0;0;1;0;0;
313183756;35495292;🟡 жёлтый;держим;ставка не тратится: показы есть, кликов нет;7.30;29.2;;4.2;0.00;0;0;0;0;0;0;0;2;0;0;
313184808;36460596;🟡 жёлтый;держим;ставка не тратится: показы есть, кликов нет;7.30;20.8;;0.0;0.00;0;0;0;0;0;0;0;2;0;0;
313185098;36459468;🟡 жёлтый;держим;ставка не тратится: показы есть, кликов нет;7.30;30.6;;5.6;0.00;0;0;0;0;0;0;0;15;0;1;
324987601;35513872;🟡 жёлтый;держим;ставка не тратится: показы есть, кликов нет;7.30;21.4;;0.0;0.00;0;0;0;0;0;0;0;1;0;0;
323231251;36463324;🟡 жёлтый;держим;ставка не тратится: показы есть, кликов нет;7.30;25.3;;0.3;0.00;0;0;0;0;0;0;0;1;0;0;
313197367;36460596;🟡 жёлтый;держим;ставка не тратится: показы есть, кликов нет;7.30;38.4;;13.4;0.00;0;0;0;0;0;0;0;10;0;0;
323199147;36459894;🟡 жёлтый;держим;ставка не тратится: показы есть, кликов нет;7.30;33.4;;8.4;0.00;0;0;0;0;0;0;0;4;0;1;
882135055;35503414;🟡 жёлтый;держим;ставка не тратится: показы есть, кликов нет;7.30;36.4;;11.4;0.00;0;0;0;0;0;0;0;3;0;0;
877213501;35505238;🟡 жёлтый;держим;ставка не тратится: показы есть, кликов нет;7.30;27.8;;2.8;0.00;0;0;0;0;0;0;0;1;0;0;
883490420;35502978;🟡 жёлтый;держим;ставка не тратится: показы есть, кликов нет;7.30;15.7;;0.0;0.00;0;0;0;0;0;0;0;2;0;0;
497232077;35508987;🟡 жёлтый;держим;ставка не тратится: показы есть, кликов нет;7.30;39.7;;14.7;0.00;0;0;0;0;0;0;0;32;0;2;
884769052;35502769;🟡 жёлтый;держим;ставка не тратится: показы есть, кликов нет;7.30;33.5;;8.5;0.00;0;0;0;0;0;0;0;1;0;0;
323174005;35514926;🟡 жёлтый;держим;ставка не тратится: показы есть, кликов нет;7.30;30.8;;5.8;0.00;0;0;0;0;0;0;0;1;0;0;
883263381;35503146;🟡 жёлтый;держим;ставка не тратится: показы есть, кликов нет;7.30;34.3;;9.3;0.00;0;0;0;0;0;0;0;11;0;0;
313183571;35509833;🟡 жёлтый;держим;ставка не тратится: показы есть, кликов нет;7.30;49.8;;24.8;0.00;0;0;0;0;0;0;0;5;0;7;
912869580;35499393;🟡 жёлтый;держим;ставка не тратится: показы есть, кликов нет;7.30;29.2;;4.2;0.00;0;0;0;0;0;0;0;1;0;0;
867206999;35507796;🟡 жёлтый;держим;ставка не тратится: показы есть, кликов нет;7.30;29.5;;4.5;0.00;0;0;0;0;0;0;0;5;0;0;
323194943;36459468;🟡 жёлтый;держим;ставка не тратится: показы есть, кликов нет;7.30;33.4;;8.4;0.00;0;0;0;0;0;0;0;1;0;0;
871067035;35507605;🟡 жёлтый;держим;ставка не тратится: показы есть, кликов нет;7.30;19.8;;0.0;0.00;0;0;0;0;0;0;0;7;0;0;
881315270;35500638;🟡 жёлтый;держим;ставка не тратится: показы есть, кликов нет;7.30;16.5;;0.0;0.00;0;0;0;0;0;0;0;1;0;0;
872430562;36458352;🟡 жёлтый;держим;ставка не тратится: показы есть, кликов нет;7.30;40.0;;15.0;0.00;0;0;0;0;0;0;0;2;0;0;
872313895;35506296;🟡 жёлтый;держим;ставка не тратится: показы есть, кликов нет;7.30;35.3;;10.3;0.00;0;0;0;0;0;0;0;9;0;0;
915313979;35498621;🟡 жёлтый;держим;ставка не тратится: показы есть, кликов нет;7.30;29.7;;4.7;0.00;0;0;0;0;0;0;0;14;0;0;
324972293;36459894;🟡 жёлтый;держим;ставка не тратится: показы есть, кликов нет;7.30;22.6;;0.0;0.00;0;0;0;0;0;0;0;1;0;0;
887708324;35501509;🟡 жёлтый;держим;в KPI, заказов нет — наблюдаем;7.30;27.8;;2.8;21.90;0;0;0;0;0;0;1;86;3;3;
872377433;35505900;🟡 жёлтый;держим;ставка не тратится: показы есть, кликов нет;7.30;28.4;;3.4;0.00;0;0;0;0;0;0;0;4;0;0;
923491770;35497681;🟡 жёлтый;держим;ставка не тратится: показы есть, кликов нет;7.30;34.9;;9.9;0.00;0;0;0;0;0;0;0;4;0;0;
323282985;35515230;🟡 жёлтый;держим;ставка не тратится: показы есть, кликов нет;7.30;33.3;;8.3;0.00;0;0;0;0;0;0;0;2;0;0;
873435583;35498462;🟡 жёлтый;держим;ставка не тратится: показы есть, кликов нет;7.30;28.2;;3.2;0.00;0;0;0;0;0;0;0;2;0;0;
886304638;36458352;🟡 жёлтый;держим;ставка не тратится: показы есть, кликов нет;7.30;33.8;;8.8;0.00;0;0;0;0;0;0;0;2;0;0;
873361046;35505545;🟡 жёлтый;держим;ставка не тратится: показы есть, кликов нет;7.30;25.6;;0.6;0.00;0;0;0;0;0;0;0;1;0;0;
863320649;35508624;🟡 жёлтый;держим;ставка не тратится: показы есть, кликов нет;7.30;22.5;;0.0;0.00;0;0;0;0;0;0;0;2;0;0;
313183523;35510132;🟡 жёлтый;держим;ставка не тратится: показы есть, кликов нет;7.30;39.5;;14.5;0.00;0;0;0;0;0;0;0;3;0;1;
873454993;35504156;🟡 жёлтый;держим;ставка не тратится: показы есть, кликов нет;7.30;23.8;;0.0;0.00;0;0;0;0;0;0;0;1;0;0;
323109137;35510132;🟡 жёлтый;держим;ставка не тратится: показы есть, кликов нет;7.30;22.5;;0.0;0.00;0;0;0;0;0;0;0;33;0;0;
860016132;35509529;🟡 жёлтый;держим;ставка не тратится: показы есть, кликов нет;7.30;30.1;;5.1;0.00;0;0;0;0;0;0;0;4;0;0;
313190482;35510132;🟡 жёлтый;держим;ставка не тратится: показы есть, кликов нет;7.30;36.5;;11.5;0.00;0;0;0;0;0;0;0;14;0;0;
485560295;35498926;🟡 жёлтый;держим;ставка не тратится: показы есть, кликов нет;7.30;20.4;;0.0;0.00;0;0;0;0;0;0;0;5;0;0;
313084412;36462624;🟡 жёлтый;держим;ставка не тратится: показы есть, кликов нет;7.30;39.2;;14.2;0.00;0;0;0;0;0;0;0;34;0;1;
887372429;35501509;🟡 жёлтый;держим;ставка не тратится: показы есть, кликов нет;7.30;19.7;;0.0;0.00;0;0;0;0;0;0;0;2;0;0;
862565636;35508987;🟡 жёлтый;держим;ставка не тратится: показы есть, кликов нет;7.30;16.6;;0.0;0.00;0;0;0;0;0;0;0;1;0;0;
915242202;35498839;🟡 жёлтый;держим;ставка не тратится: показы есть, кликов нет;7.30;37.2;;12.2;0.00;0;0;0;0;0;0;0;2;0;0;
879518200;35504537;🟡 жёлтый;держим;ставка не тратится: показы есть, кликов нет;7.30;24.2;;0.0;0.00;0;0;0;0;0;0;0;1;0;0;
883225500;35503146;🟡 жёлтый;держим;ставка не тратится: показы есть, кликов нет;7.30;15.3;;0.0;0.00;0;0;0;0;0;0;0;6;0;0;
323151353;35508987;🟡 жёлтый;держим;ставка не тратится: показы есть, кликов нет;7.30;35.7;;10.7;0.00;0;0;0;0;0;0;0;12;0;1;
871116565;35507256;🟡 жёлтый;держим;ставка не тратится: показы есть, кликов нет;7.30;24.2;;0.0;0.00;0;0;0;0;0;0;0;1;0;0;
915033010;35498839;🟡 жёлтый;держим;ставка не тратится: показы есть, кликов нет;7.30;21.8;;0.0;0.00;0;0;0;0;0;0;0;1;0;0;
860502838;35505545;🟡 жёлтый;держим;ставка не тратится: показы есть, кликов нет;7.30;20.6;;0.0;0.00;0;0;0;0;0;0;0;1;0;0;
882861552;35503146;🟡 жёлтый;держим;ставка не тратится: показы есть, кликов нет;7.30;25.0;;0.0;0.00;0;0;0;0;0;0;0;10;0;2;
880193160;35504156;🟡 жёлтый;держим;ставка не тратится: показы есть, кликов нет;7.30;28.7;;3.7;0.00;0;0;0;0;0;0;0;1;0;0;
885300513;35502200;🟡 жёлтый;держим;ставка не тратится: показы есть, кликов нет;7.30;17.4;;0.0;0.00;0;0;0;0;0;0;0;1;0;0;
869083158;35507796;🟡 жёлтый;держим;ставка не тратится: показы есть, кликов нет;7.30;35.6;;10.6;0.00;0;0;0;0;0;0;0;4;0;0;
887707756;35501509;🟡 жёлтый;держим;ставка не тратится: показы есть, кликов нет;7.30;20.2;;0.0;0.00;0;0;0;0;0;0;0;3;0;0;
877252690;35498621;🟡 жёлтый;держим;ставка не тратится: показы есть, кликов нет;7.30;40.5;;15.5;0.00;0;0;0;0;0;0;0;1;0;0;
865408730;35508404;🟡 жёлтый;держим;ставка не тратится: показы есть, кликов нет;7.30;36.4;;11.4;0.00;0;0;0;0;0;0;0;2;0;0;
323107548;35510132;🟡 жёлтый;держим;ставка не тратится: показы есть, кликов нет;7.30;38.1;;13.1;0.00;0;0;0;0;0;0;0;2;0;2;
859961054;35509529;🟡 жёлтый;держим;ставка не тратится: показы есть, кликов нет;7.30;19.9;;0.0;0.00;0;0;0;0;0;0;0;1;0;0;
884131195;35502769;🟡 жёлтый;держим;ставка не тратится: показы есть, кликов нет;7.30;25.3;;0.3;0.00;0;0;0;0;0;0;0;1;0;0;
887159973;35501683;🟡 жёлтый;держим;ставка не тратится: показы есть, кликов нет;7.30;30.8;;5.8;0.00;0;0;0;0;0;0;0;4;0;0;
323258917;35514511;🟡 жёлтый;держим;ставка не тратится: показы есть, кликов нет;7.30;25.3;;0.3;0.00;0;0;0;0;0;0;0;1;0;0;
877814269;35504951;🟡 жёлтый;держим;ставка не тратится: показы есть, кликов нет;7.30;29.5;;4.5;0.00;0;0;0;0;0;0;0;1;0;0;
323113144;36459468;🟡 жёлтый;держим;ставка не тратится: показы есть, кликов нет;7.30;35.4;;10.4;0.00;0;0;0;0;0;0;0;2;0;1;
869288911;35507605;🟡 жёлтый;держим;ставка не тратится: показы есть, кликов нет;7.30;24.2;;0.0;0.00;0;0;0;0;0;0;0;1;0;0;
915910869;35498671;🟡 жёлтый;держим;ставка не тратится: показы есть, кликов нет;7.30;36.3;;11.3;0.00;0;0;0;0;0;0;0;2;0;0;
913006134;35498621;🟡 жёлтый;держим;ставка не тратится: показы есть, кликов нет;7.30;27.6;;2.6;0.00;0;0;0;0;0;0;0;10;0;0;
323200226;36459468;🟡 жёлтый;держим;ставка не тратится: показы есть, кликов нет;7.30;31.2;;6.2;0.00;0;0;0;0;0;0;0;2;0;0;
884652814;35502769;🟡 жёлтый;держим;ставка не тратится: показы есть, кликов нет;7.30;33.5;;8.5;0.00;0;0;0;0;0;0;0;1;0;0;
323266456;36460888;🟡 жёлтый;держим;ставка не тратится: показы есть, кликов нет;7.30;31.9;;6.9;0.00;0;0;0;0;0;0;0;3;0;0;
883291315;35501028;🟡 жёлтый;держим;ставка не тратится: показы есть, кликов нет;7.30;15.5;;0.0;0.00;0;0;0;0;0;0;0;2;0;0;
313184985;36462624;🟡 жёлтый;держим;ставка не тратится: показы есть, кликов нет;7.30;45.5;;20.5;0.00;0;0;0;0;0;0;1;7;0;4;
343261874;35511919;🟡 жёлтый;держим;ставка не тратится: показы есть, кликов нет;7.30;22.6;;0.0;0.00;0;0;0;0;0;0;0;1;0;0;
886583186;35501886;🟡 жёлтый;держим;ставка не тратится: показы есть, кликов нет;7.30;29.8;;4.8;0.00;0;0;0;0;0;0;0;1;0;0;
912914507;35499128;🟡 жёлтый;держим;ставка не тратится: показы есть, кликов нет;7.30;50.0;;25.0;0.00;0;0;0;0;0;0;0;6;0;0;
324989443;36463324;🟡 жёлтый;держим;ставка не тратится: показы есть, кликов нет;7.30;20.4;;0.0;0.00;0;0;0;0;0;0;0;4;0;1;
982281057;36462835;🟡 жёлтый;держим;ставка не тратится: показы есть, кликов нет;7.30;32.5;;7.5;0.00;0;0;0;0;0;0;0;15;0;0;
323107974;35510132;🟡 жёлтый;держим;ставка не тратится: показы есть, кликов нет;7.30;34.4;;9.4;0.00;0;0;0;0;0;0;0;11;0;0;
915925102;35498671;🟡 жёлтый;держим;ставка не тратится: показы есть, кликов нет;7.30;31.2;;6.2;0.00;0;0;0;0;0;0;0;4;0;1;
887210477;35501509;🟡 жёлтый;держим;ставка не тратится: показы есть, кликов нет;7.30;24.5;;0.0;0.00;0;0;0;0;0;0;0;1;0;0;
881867117;35503414;🟡 жёлтый;держим;ставка не тратится: показы есть, кликов нет;7.30;27.0;;2.0;0.00;0;0;0;0;0;0;0;13;0;0;
323338097;35497916;🟡 жёлтый;держим;ставка не тратится: показы есть, кликов нет;7.30;40.6;;15.6;0.00;0;0;0;0;0;0;0;3;0;0;
872366889;35506296;🟡 жёлтый;держим;ставка не тратится: показы есть, кликов нет;7.30;52.0;;27.0;0.00;0;0;0;0;0;0;0;14;0;0;
865725901;35501028;🟡 жёлтый;держим;ставка не тратится: показы есть, кликов нет;7.30;26.3;;1.3;0.00;0;0;0;0;0;0;0;2;0;1;
323162737;36459075;🟡 жёлтый;держим;ставка не тратится: показы есть, кликов нет;7.30;18.7;;0.0;0.00;0;0;0;0;0;0;0;3;0;0;
923615954;35497681;🟡 жёлтый;держим;ставка не тратится: показы есть, кликов нет;7.30;34.1;;9.1;0.00;0;0;0;0;0;0;0;10;0;0;
323173829;35514926;🟡 жёлтый;держим;ставка не тратится: показы есть, кликов нет;7.30;30.8;;5.8;0.00;0;0;0;0;0;0;0;1;0;0;
323240719;36459894;🟡 жёлтый;держим;ставка не тратится: показы есть, кликов нет;7.30;32.4;;7.4;0.00;0;0;0;0;0;0;0;2;0;0;
923520228;35497681;🟡 жёлтый;держим;ставка не тратится: показы есть, кликов нет;7.30;34.9;;9.9;0.00;0;0;0;0;0;0;0;4;0;0;
884542394;35502769;🟡 жёлтый;держим;ставка не тратится: показы есть, кликов нет;7.30;32.8;;7.8;0.00;0;0;0;0;0;0;0;2;0;0;
861269968;35509256;🟡 жёлтый;держим;ставка не тратится: показы есть, кликов нет;7.30;15.0;;0.0;0.00;0;0;0;0;0;0;0;1;0;0;
862433140;35509256;🟡 жёлтый;держим;ставка не тратится: показы есть, кликов нет;7.30;19.3;;0.0;0.00;0;0;0;0;0;0;0;1;0;0;
862502020;35501262;🟡 жёлтый;держим;ставка не тратится: показы есть, кликов нет;7.30;24.4;;0.0;0.00;0;0;0;0;0;0;0;1;0;0;
323156912;35498462;🟡 жёлтый;держим;ставка не тратится: показы есть, кликов нет;7.30;36.8;;11.8;0.00;0;0;0;0;0;0;0;9;0;0;
504266739;35512317;🟡 жёлтый;держим;ставка не тратится: показы есть, кликов нет;7.30;35.4;;10.4;0.00;0;0;0;0;0;0;0;6;0;0;
885312846;35502200;🟡 жёлтый;держим;ставка не тратится: показы есть, кликов нет;7.30;19.0;;0.0;0.00;0;0;0;0;0;0;0;1;0;0;
323244811;35512642;🟡 жёлтый;держим;ставка не тратится: показы есть, кликов нет;7.30;19.2;;0.0;0.00;0;0;0;0;0;0;0;7;0;0;
313195481;36459468;🟡 жёлтый;держим;ставка не тратится: показы есть, кликов нет;7.30;39.6;;14.6;0.00;0;0;0;0;0;0;0;6;0;0;
323118611;35514926;🟡 жёлтый;держим;ставка не тратится: показы есть, кликов нет;7.30;16.6;;0.0;0.00;0;0;0;0;0;0;0;1;0;0;
323092658;36460596;🟡 жёлтый;держим;ставка не тратится: показы есть, кликов нет;7.30;36.8;;11.8;0.00;0;0;0;0;0;0;0;22;0;0;
887066229;35501683;🟡 жёлтый;держим;ставка не тратится: показы есть, кликов нет;7.30;23.4;;0.0;0.00;0;0;0;0;0;0;0;1;0;0;
874784867;35505238;🟡 жёлтый;держим;ставка не тратится: показы есть, кликов нет;7.30;17.0;;0.0;0.00;0;0;0;0;0;0;0;10;0;0;
871081769;35507256;🟡 жёлтый;держим;ставка не тратится: показы есть, кликов нет;7.30;24.2;;0.0;0.00;0;0;0;0;0;0;0;1;0;0;
343239970;36460596;🟡 жёлтый;держим;ставка не тратится: показы есть, кликов нет;7.30;23.2;;0.0;0.00;0;0;0;0;0;0;0;1;0;0;
323132341;36458948;🟡 жёлтый;держим;ставка не тратится: показы есть, кликов нет;7.30;16.2;;0.0;0.00;0;0;0;0;0;0;0;2;0;0;
865251783;35508404;🟡 жёлтый;держим;ставка не тратится: показы есть, кликов нет;7.30;31.0;;6.0;0.00;0;0;0;0;0;0;0;2;0;0;
923580907;35497681;🟡 жёлтый;держим;ставка не тратится: показы есть, кликов нет;7.30;36.6;;11.6;0.00;0;0;0;0;0;0;0;13;0;0;
871022652;35507605;🟡 жёлтый;держим;ставка не тратится: показы есть, кликов нет;7.30;24.3;;0.0;0.00;0;0;0;0;0;0;0;10;0;0;
881845681;35503414;🟡 жёлтый;держим;ставка не тратится: показы есть, кликов нет;7.30;27.0;;2.0;0.00;0;0;0;0;0;0;0;8;0;0;
323192287;35514926;🟡 жёлтый;держим;ставка не тратится: показы есть, кликов нет;7.30;21.7;;0.0;0.00;0;0;0;0;0;0;0;2;0;1;
882863881;35503146;🟡 жёлтый;держим;ставка не тратится: показы есть, кликов нет;7.30;24.0;;0.0;0.00;0;0;0;0;0;0;0;6;0;0;
323151905;35514220;🟡 жёлтый;держим;ставка не тратится: показы есть, кликов нет;7.30;40.1;;15.1;0.00;0;0;0;0;0;0;0;2;0;0;
716786751;35500111;🟡 жёлтый;держим;ставка не тратится: показы есть, кликов нет;7.30;17.8;;0.0;0.00;0;0;0;0;0;0;0;14;0;0;
887062302;35501683;🟡 жёлтый;держим;ставка не тратится: показы есть, кликов нет;7.30;34.8;;9.8;0.00;0;0;0;0;0;0;0;1;0;0;
887204191;35501509;🟡 жёлтый;держим;ставка не тратится: показы есть, кликов нет;7.30;26.9;;1.9;0.00;0;0;0;0;0;0;0;14;0;0;
323172410;36458948;🟡 жёлтый;держим;ставка не тратится: показы есть, кликов нет;7.30;33.2;;8.2;0.00;0;0;0;0;0;0;0;1;0;0;
913070403;35499491;🟡 жёлтый;держим;ставка не тратится: показы есть, кликов нет;7.30;42.7;;17.7;0.00;0;0;0;0;0;0;0;16;0;0;
913004243;35498621;🟡 жёлтый;держим;ставка не тратится: показы есть, кликов нет;7.30;27.6;;2.6;0.00;0;0;0;0;0;0;0;4;0;0;
874906450;35505238;🟡 жёлтый;держим;в KPI, заказов нет — наблюдаем;7.30;27.5;;2.5;7.30;0;0;0;0;0;0;1;18;1;1;
323362884;35512317;🟡 жёлтый;держим;ставка не тратится: показы есть, кликов нет;7.30;30.7;;5.7;0.00;0;0;0;0;0;0;0;1;0;0;
323090187;35512317;🟡 жёлтый;держим;ставка не тратится: показы есть, кликов нет;7.30;16.7;;0.0;0.00;0;0;0;0;0;0;0;2;0;0;
880258676;35504156;🟡 жёлтый;держим;ставка не тратится: показы есть, кликов нет;7.30;23.1;;0.0;0.00;0;0;0;0;0;0;0;1;0;0;
865322227;35508404;🟡 жёлтый;держим;ставка не тратится: показы есть, кликов нет;7.30;39.3;;14.3;0.00;0;0;0;0;0;0;0;3;0;0;
913067328;35499491;🟡 жёлтый;держим;ставка не тратится: показы есть, кликов нет;7.30;31.7;;6.7;0.00;0;0;0;0;0;0;0;1;0;0;
862515980;35500111;🟡 жёлтый;держим;ставка не тратится: показы есть, кликов нет;7.30;37.8;;12.8;0.00;0;0;0;0;0;0;0;1;0;0;
874842126;35505238;🟡 жёлтый;держим;ставка не тратится: показы есть, кликов нет;7.30;23.7;;0.0;0.00;0;0;0;0;0;0;0;5;0;0;
913009226;35498462;🟡 жёлтый;держим;ставка не тратится: показы есть, кликов нет;7.30;27.6;;2.6;0.00;0;0;0;0;0;0;0;11;0;0;
863317535;35508624;🟡 жёлтый;держим;ставка не тратится: показы есть, кликов нет;7.30;27.2;;2.2;0.00;0;0;0;0;0;0;0;2;0;0;
881132510;35503784;🟡 жёлтый;держим;ставка не тратится: показы есть, кликов нет;7.30;34.1;;9.1;0.00;0;0;0;0;0;0;0;1;0;0;
496902845;35509833;🟡 жёлтый;держим;ставка не тратится: показы есть, кликов нет;7.30;28.5;;3.5;0.00;0;0;0;0;0;0;0;4;0;0;
865740147;35504537;🟡 жёлтый;держим;ставка не тратится: показы есть, кликов нет;7.30;24.4;;0.0;0.00;0;0;0;0;0;0;0;6;0;0;
872330200;35506296;🟡 жёлтый;держим;ставка не тратится: показы есть, кликов нет;7.30;38.4;;13.4;0.00;0;0;0;0;0;0;0;2;0;0;
880612462;35500249;🟡 жёлтый;держим;ставка не тратится: показы есть, кликов нет;7.30;20.3;;0.0;0.00;0;0;0;0;0;0;0;1;0;0;
874834070;35505238;🟡 жёлтый;держим;ставка не тратится: показы есть, кликов нет;7.30;19.1;;0.0;0.00;0;0;0;0;0;0;0;1;0;0;
885076958;35502769;🟡 жёлтый;держим;ставка не тратится: показы есть, кликов нет;7.30;33.5;;8.5;0.00;0;0;0;0;0;0;0;3;0;0;
523991730;35501262;🟡 жёлтый;держим;ставка не тратится: показы есть, кликов нет;7.30;32.1;;7.1;0.00;0;0;0;0;0;0;0;1;0;0;
878696904;35504537;🟡 жёлтый;держим;ставка не тратится: показы есть, кликов нет;7.30;34.1;;9.1;0.00;0;0;0;0;0;0;0;2;0;0;
873364016;35505545;🟡 жёлтый;держим;ставка не тратится: показы есть, кликов нет;7.30;25.6;;0.6;0.00;0;0;0;0;0;0;0;2;0;0;
323243836;36459075;🟡 жёлтый;держим;ставка не тратится: показы есть, кликов нет;7.30;33.9;;8.9;0.00;0;0;0;0;0;0;0;7;0;0;
323247226;36459468;🟡 жёлтый;держим;ставка не тратится: показы есть, кликов нет;7.30;16.4;;0.0;0.00;0;0;0;0;0;0;0;3;0;0;
313184465;36459468;🟡 жёлтый;держим;ставка не тратится: показы есть, кликов нет;7.30;23.0;;0.0;0.00;0;0;0;0;0;0;0;33;0;0;
323355873;35508987;🟡 жёлтый;держим;ставка не тратится: показы есть, кликов нет;7.30;25.7;;0.7;0.00;0;0;0;0;0;0;0;5;0;0;
323304084;35495292;🟡 жёлтый;держим;ставка не тратится: показы есть, кликов нет;7.30;23.9;;0.0;0.00;0;0;0;0;0;0;0;1;0;0;
323216954;35513180;🟡 жёлтый;держим;ставка не тратится: показы есть, кликов нет;7.30;34.6;;9.6;0.00;0;0;0;0;0;0;0;1;0;0;
882004135;35503414;🟡 жёлтый;держим;ставка не тратится: показы есть, кликов нет;7.30;24.4;;0.0;0.00;0;0;0;0;0;0;0;2;0;0;
323173853;35514926;🟡 жёлтый;держим;ставка не тратится: показы есть, кликов нет;7.30;30.8;;5.8;0.00;0;0;0;0;0;0;0;1;0;0;
323154664;35514220;🟡 жёлтый;держим;ставка не тратится: показы есть, кликов нет;7.30;28.9;;3.9;0.00;0;0;0;0;0;0;0;1;0;0;
876156937;35505238;🟡 жёлтый;держим;ставка не тратится: показы есть, кликов нет;7.30;36.9;;11.9;0.00;0;0;0;0;0;0;0;7;0;0;
887437604;35501509;🟡 жёлтый;держим;ставка не тратится: показы есть, кликов нет;7.30;23.6;;0.0;0.00;0;0;0;0;0;0;0;1;0;0;
323257957;35514220;🟡 жёлтый;держим;ставка не тратится: показы есть, кликов нет;7.30;38.7;;13.7;0.00;0;0;0;0;0;0;0;6;0;2;
915921844;35498671;🟡 жёлтый;держим;ставка не тратится: показы есть, кликов нет;7.30;26.9;;1.9;0.00;0;0;0;0;0;0;0;1;0;0;
863334224;35508624;🟡 жёлтый;держим;ставка не тратится: показы есть, кликов нет;7.30;22.5;;0.0;0.00;0;0;0;0;0;0;0;1;0;0;
915242808;35498839;🟡 жёлтый;держим;ставка не тратится: показы есть, кликов нет;7.30;37.2;;12.2;0.00;0;0;0;0;0;0;0;5;0;0;
883267612;35502978;🟡 жёлтый;держим;ставка не тратится: показы есть, кликов нет;7.30;33.6;;8.6;0.00;0;0;0;0;0;0;0;2;0;0;
323175531;36459468;🟡 жёлтый;держим;ставка не тратится: показы есть, кликов нет;7.30;35.1;;10.1;0.00;0;0;0;0;0;0;0;1;0;0;
865067636;35504537;🟡 жёлтый;держим;ставка не тратится: показы есть, кликов нет;7.30;34.9;;9.9;0.00;0;0;0;0;0;0;0;12;0;0;
323175857;35515230;🟡 жёлтый;держим;ставка не тратится: показы есть, кликов нет;7.30;36.9;;11.9;0.00;0;0;0;0;0;0;0;1;0;0;
313184788;36460596;🟡 жёлтый;держим;ставка не тратится: показы есть, кликов нет;7.30;24.6;;0.0;0.00;0;0;0;0;0;0;0;1;0;0;
324993081;36462624;🟡 жёлтый;держим;ставка не тратится: показы есть, кликов нет;7.30;42.5;;17.5;0.00;0;0;0;0;0;0;0;3;0;1;
323151765;35509833;🟡 жёлтый;держим;ставка не тратится: показы есть, кликов нет;7.30;27.4;;2.4;0.00;0;0;0;0;0;0;0;61;0;0;
885253006;35502200;🟡 жёлтый;держим;ставка не тратится: показы есть, кликов нет;7.30;38.1;;13.1;0.00;0;0;0;0;0;0;0;1;0;0;
878600872;35504951;🟡 жёлтый;держим;ставка не тратится: показы есть, кликов нет;7.30;38.4;;13.4;0.00;0;0;0;0;0;0;0;2;0;0;
923490833;35497916;🟡 жёлтый;держим;ставка не тратится: показы есть, кликов нет;7.30;24.6;;0.0;0.00;0;0;0;0;0;0;0;4;0;0;
313215430;35512317;🟡 жёлтый;держим;ставка не тратится: показы есть, кликов нет;7.30;25.2;;0.2;0.00;0;0;0;0;0;0;0;4;0;0;
871125015;35507256;🟡 жёлтый;держим;ставка не тратится: показы есть, кликов нет;7.30;24.2;;0.0;0.00;0;0;0;0;0;0;0;3;0;0;
886493925;35501886;🟡 жёлтый;держим;ставка не тратится: показы есть, кликов нет;7.30;30.0;;5.0;0.00;0;0;0;0;0;0;0;1;0;0;
923580600;35497681;🟡 жёлтый;держим;ставка не тратится: показы есть, кликов нет;7.30;36.6;;11.6;0.00;0;0;0;0;0;0;0;4;0;0;
323221629;35514926;🟡 жёлтый;держим;в KPI, заказов нет — наблюдаем;7.30;31.8;;6.8;7.30;0;0;0;0;0;0;1;17;1;2;
323203987;35514926;🟡 жёлтый;держим;ставка не тратится: показы есть, кликов нет;7.30;20.2;;0.0;0.00;0;0;0;0;0;0;0;1;0;0;
881111025;35503784;🟡 жёлтый;держим;ставка не тратится: показы есть, кликов нет;7.30;30.6;;5.6;0.00;0;0;0;0;0;0;0;3;0;0;
323122049;35588483;🟡 жёлтый;держим;ставка не тратится: показы есть, кликов нет;7.30;33.6;;8.6;0.00;0;0;0;0;0;0;0;1;0;0;
871650420;35507256;🟡 жёлтый;держим;ставка не тратится: показы есть, кликов нет;7.30;28.1;;3.1;0.00;0;0;0;0;0;0;0;1;0;0;
872409993;35505900;🟡 жёлтый;держим;ставка не тратится: показы есть, кликов нет;7.30;40.0;;15.0;0.00;0;0;0;0;0;0;0;3;0;0;
323341161;35514926;🟡 жёлтый;держим;ставка не тратится: показы есть, кликов нет;7.30;38.8;;13.8;0.00;0;0;0;0;0;0;0;2;0;0;
879495877;35500249;🟡 жёлтый;держим;ставка не тратится: показы есть, кликов нет;7.30;21.7;;0.0;0.00;0;0;0;0;0;0;0;8;0;0;
313196211;35512317;🟡 жёлтый;держим;ставка не тратится: показы есть, кликов нет;7.30;18.6;;0.0;0.00;0;0;0;0;0;0;0;3;0;1;
863224386;35508624;🟡 жёлтый;держим;ставка не тратится: показы есть, кликов нет;7.30;40.3;;15.3;0.00;0;0;0;0;0;0;0;3;0;0;
874418952;35501262;🟡 жёлтый;держим;ставка не тратится: показы есть, кликов нет;7.30;33.4;;8.4;0.00;0;0;0;0;0;0;0;1;0;0;
860485913;35501028;🟡 жёлтый;держим;ставка не тратится: показы есть, кликов нет;7.30;26.5;;1.5;0.00;0;0;0;0;0;0;0;1;0;0;
880203010;35504156;🟡 жёлтый;держим;ставка не тратится: показы есть, кликов нет;7.30;36.3;;11.3;0.00;0;0;0;0;0;0;0;2;0;0;
883034628;35503146;🟡 жёлтый;держим;ставка не тратится: показы есть, кликов нет;7.30;31.5;;6.5;0.00;0;0;0;0;0;0;0;3;0;0;
881098040;35503784;🟡 жёлтый;держим;ставка не тратится: показы есть, кликов нет;7.30;30.6;;5.6;0.00;0;0;0;0;0;0;0;3;0;0;
862492103;35508624;🟡 жёлтый;держим;ставка не тратится: показы есть, кликов нет;7.30;18.1;;0.0;0.00;0;0;0;0;0;0;0;7;0;0;
879483930;35500249;🟡 жёлтый;держим;ставка не тратится: показы есть, кликов нет;7.30;21.7;;0.0;0.00;0;0;0;0;0;0;0;14;0;0;
872361790;35506296;🟡 жёлтый;держим;ставка не тратится: показы есть, кликов нет;7.30;32.0;;7.0;0.00;0;0;0;0;0;0;0;8;0;0;
323191264;36462624;🟡 жёлтый;держим;ставка не тратится: показы есть, кликов нет;7.30;39.8;;14.8;0.00;0;0;0;0;0;0;0;1;0;0;
885316613;35502200;🟡 жёлтый;держим;ставка не тратится: показы есть, кликов нет;7.30;18.6;;0.0;0.00;0;0;0;0;0;0;0;1;0;0;
871162778;35505238;🟡 жёлтый;держим;в KPI, заказов нет — наблюдаем;9.00;27.9;;2.9;9.00;0;0;0;0;0;0;1;13;1;1;
865035954;35508624;🟡 жёлтый;держим;ставка не тратится: показы есть, кликов нет;7.30;17.8;;0.0;0.00;0;0;0;0;0;0;0;6;0;0;
324987421;35513872;🟡 жёлтый;держим;ставка не тратится: показы есть, кликов нет;7.30;19.7;;0.0;0.00;0;0;0;0;0;0;0;3;0;0;
313189987;35514220;🟡 жёлтый;держим;ставка не тратится: показы есть, кликов нет;7.30;35.0;;10.0;0.00;0;0;0;0;0;0;0;1;0;0;
871707931;35506296;🟡 жёлтый;держим;ставка не тратится: показы есть, кликов нет;7.30;40.1;;15.1;0.00;0;0;0;0;0;0;0;2;0;0;
323340088;35512317;🟡 жёлтый;держим;ставка не тратится: показы есть, кликов нет;7.30;30.9;;5.9;0.00;0;0;0;0;0;0;0;18;0;0;
880580865;35503784;🟡 жёлтый;держим;ставка не тратится: показы есть, кликов нет;7.30;25.0;;0.0;0.00;0;0;0;0;0;0;0;4;0;0;
915311897;35498621;🟡 жёлтый;держим;ставка не тратится: показы есть, кликов нет;7.30;29.7;;4.7;0.00;0;0;0;0;0;0;0;8;0;0;
663471781;35499196;🟡 жёлтый;держим;ставка не тратится: показы есть, кликов нет;7.30;24.7;;0.0;0.00;0;0;0;0;0;0;0;5;0;0;
323109114;35510132;🟡 жёлтый;держим;ставка не тратится: показы есть, кликов нет;7.30;27.2;;2.2;0.00;0;0;0;0;0;0;0;34;0;1;
323203089;35495292;🟡 жёлтый;держим;ставка не тратится: показы есть, кликов нет;7.30;22.4;;0.0;0.00;0;0;0;0;0;0;0;1;0;0;
323146739;35513872;🟡 жёлтый;держим;ставка не тратится: показы есть, кликов нет;7.30;26.5;;1.5;0.00;0;0;0;0;0;0;0;2;0;0;
876906766;35497479;🟡 жёлтый;держим;ставка не тратится: показы есть, кликов нет;7.30;25.7;;0.7;0.00;0;0;0;0;0;0;0;3;0;0;
879564889;35501028;🟡 жёлтый;держим;ставка не тратится: показы есть, кликов нет;7.30;21.5;;0.0;0.00;0;0;0;0;0;0;0;6;0;0;
313214856;36460596;🟡 жёлтый;держим;ставка не тратится: показы есть, кликов нет;7.30;33.9;;8.9;0.00;0;0;0;0;0;0;0;1;0;0;
912912242;35499393;🟡 жёлтый;держим;ставка не тратится: показы есть, кликов нет;7.30;23.7;;0.0;0.00;0;0;0;0;0;0;0;2;0;0;
323132792;36459301;🟡 жёлтый;держим;ставка не тратится: показы есть, кликов нет;7.30;18.9;;0.0;0.00;0;0;0;0;0;0;0;6;0;0;
323338204;35497916;🟡 жёлтый;держим;ставка не тратится: показы есть, кликов нет;7.30;36.3;;11.3;0.00;0;0;0;0;0;0;0;3;0;0;
873433808;35498462;🟡 жёлтый;держим;ставка не тратится: показы есть, кликов нет;7.30;28.2;;3.2;0.00;0;0;0;0;0;0;0;9;0;0;
323228085;36459894;🟡 жёлтый;держим;ставка не тратится: показы есть, кликов нет;7.30;52.2;;27.2;0.00;0;0;0;0;0;0;0;5;0;0;
324995845;35508987;🟡 жёлтый;держим;ставка не тратится: показы есть, кликов нет;7.30;26.0;;1.0;0.00;0;0;0;0;0;0;0;31;0;1;
874896912;35505238;🟡 жёлтый;держим;ставка не тратится: показы есть, кликов нет;7.30;27.5;;2.5;0.00;0;0;0;0;0;0;0;23;0;0;
313192025;35512317;🟡 жёлтый;держим;ставка не тратится: показы есть, кликов нет;7.30;20.5;;0.0;0.00;0;0;0;0;0;0;0;12;0;0;
881297333;35503784;🟡 жёлтый;держим;ставка не тратится: показы есть, кликов нет;7.30;16.4;;0.0;0.00;0;0;0;0;0;0;0;2;0;0;
323181507;36459468;🟡 жёлтый;держим;ставка не тратится: показы есть, кликов нет;7.30;38.1;;13.1;0.00;0;0;0;0;0;0;0;1;0;0;
323107913;35510132;🟡 жёлтый;держим;ставка не тратится: показы есть, кликов нет;7.30;38.9;;13.9;0.00;0;0;0;0;0;0;0;6;0;0;
313195346;35514511;🟡 жёлтый;держим;ставка не тратится: показы есть, кликов нет;7.30;19.9;;0.0;0.00;0;0;0;0;0;0;0;3;0;5;
883090865;35503146;🟡 жёлтый;держим;ставка не тратится: показы есть, кликов нет;7.30;23.6;;0.0;0.00;0;0;0;0;0;0;0;11;0;0;
859966307;35509529;🟡 жёлтый;держим;ставка не тратится: показы есть, кликов нет;7.30;19.9;;0.0;0.00;0;0;0;0;0;0;0;1;0;0;
874747545;35500638;🟡 жёлтый;держим;ставка не тратится: показы есть, кликов нет;7.30;19.7;;0.0;0.00;0;0;0;0;0;0;0;4;0;0;
885422538;35502200;🟡 жёлтый;держим;ставка не тратится: показы есть, кликов нет;7.30;36.7;;11.7;0.00;0;0;0;0;0;0;0;11;0;0;
885314748;35502200;🟡 жёлтый;держим;ставка не тратится: показы есть, кликов нет;7.30;19.0;;0.0;0.00;0;0;0;0;0;0;0;2;0;0;
886585145;35501886;🟡 жёлтый;держим;ставка не тратится: показы есть, кликов нет;7.30;26.1;;1.1;0.00;0;0;0;0;0;0;0;7;0;0;
886447386;35501886;🟡 жёлтый;держим;ставка не тратится: показы есть, кликов нет;7.30;21.2;;0.0;0.00;0;0;0;0;0;0;0;2;0;0;
323169714;36459301;🟡 жёлтый;держим;ставка не тратится: показы есть, кликов нет;7.30;43.5;;18.5;0.00;0;0;0;0;0;0;0;1;0;0;
886537084;35501886;🟡 жёлтый;держим;ставка не тратится: показы есть, кликов нет;7.30;34.2;;9.2;0.00;0;0;0;0;0;0;0;24;0;0;
874774252;35505238;🟡 жёлтый;держим;ставка не тратится: показы есть, кликов нет;7.30;19.1;;0.0;0.00;0;0;0;0;0;0;0;1;0;0;
481021938;35495292;🟡 жёлтый;держим;ставка не тратится: показы есть, кликов нет;7.30;21.2;;0.0;0.00;0;0;0;0;0;0;0;2;0;0;
871117630;35507256;🟡 жёлтый;держим;ставка не тратится: показы есть, кликов нет;7.30;24.2;;0.0;0.00;0;0;0;0;0;0;0;2;0;0;
323264881;35512642;🟡 жёлтый;держим;ставка не тратится: показы есть, кликов нет;7.30;33.3;;8.3;0.00;0;0;0;0;0;0;0;2;0;1;
879733609;35504156;🟡 жёлтый;держим;ставка не тратится: показы есть, кликов нет;7.30;39.6;;14.6;0.00;0;0;0;0;0;0;0;5;0;0;
926535511;35497479;🟡 жёлтый;держим;ставка не тратится: показы есть, кликов нет;7.30;25.2;;0.2;0.00;0;0;0;0;0;0;0;1;0;0;
323174066;35514926;🟡 жёлтый;держим;ставка не тратится: показы есть, кликов нет;7.30;30.8;;5.8;0.00;0;0;0;0;0;0;0;1;0;0;
865043238;35508624;🟡 жёлтый;держим;ставка не тратится: показы есть, кликов нет;7.30;17.1;;0.0;0.00;0;0;0;0;0;0;0;1;0;0;
324986942;35514220;🟡 жёлтый;держим;ставка не тратится: показы есть, кликов нет;7.30;26.4;;1.4;0.00;0;0;0;0;0;0;0;2;0;0;
885184846;35502200;🟡 жёлтый;держим;ставка не тратится: показы есть, кликов нет;7.30;18.3;;0.0;0.00;0;0;0;0;0;0;0;4;0;0;
313185290;35512317;🟡 жёлтый;держим;ставка не тратится: показы есть, кликов нет;7.30;17.6;;0.0;0.00;0;0;0;0;0;0;0;11;0;1;
871129905;35507256;🟡 жёлтый;держим;ставка не тратится: показы есть, кликов нет;7.30;24.2;;0.0;0.00;0;0;0;0;0;0;0;9;0;0;
313189575;35514511;🟡 жёлтый;держим;ставка не тратится: показы есть, кликов нет;7.30;17.9;;0.0;0.00;0;0;0;0;0;0;0;4;0;8;
313194658;35514926;🟡 жёлтый;держим;ставка не тратится: показы есть, кликов нет;7.30;49.2;;24.2;0.00;0;0;0;0;0;0;3;22;0;7;
885153883;35502200;🟡 жёлтый;держим;ставка не тратится: показы есть, кликов нет;7.30;22.2;;0.0;0.00;0;0;0;0;0;0;0;8;0;0;
323217043;35513180;🟡 жёлтый;держим;ставка не тратится: показы есть, кликов нет;7.30;36.3;;11.3;0.00;0;0;0;0;0;0;0;1;0;0;
873362872;35505545;🟡 жёлтый;держим;ставка не тратится: показы есть, кликов нет;7.30;25.6;;0.6;0.00;0;0;0;0;0;0;0;1;0;0;
323339775;35512642;🟡 жёлтый;держим;ставка не тратится: показы есть, кликов нет;7.30;20.3;;0.0;0.00;0;0;0;0;0;0;0;2;0;0;
313188627;35513180;🟡 жёлтый;держим;ставка не тратится: показы есть, кликов нет;7.30;22.0;;0.0;0.00;0;0;0;0;0;0;0;1;0;0;
323362482;35512317;🟡 жёлтый;держим;ставка не тратится: показы есть, кликов нет;7.30;33.4;;8.4;0.00;0;0;0;0;0;0;0;1;0;0;
324986866;36460596;🟡 жёлтый;держим;ставка не тратится: показы есть, кликов нет;7.30;23.8;;0.0;0.00;0;0;0;0;0;0;0;1;0;0;
880613010;35500249;🟡 жёлтый;держим;ставка не тратится: показы есть, кликов нет;7.30;20.3;;0.0;0.00;0;0;0;0;0;0;0;1;0;0;
324981288;35514926;🟡 жёлтый;держим;ставка не тратится: показы есть, кликов нет;7.30;16.2;;0.0;0.00;0;0;0;0;0;0;0;2;0;4;
872333162;35506296;🟡 жёлтый;держим;ставка не тратится: показы есть, кликов нет;7.30;38.4;;13.4;0.00;0;0;0;0;0;0;0;1;0;0;
923608547;35497681;🟡 жёлтый;держим;ставка не тратится: показы есть, кликов нет;7.30;33.1;;8.1;0.00;0;0;0;0;0;0;0;2;0;0;
876158859;35505238;🟡 жёлтый;держим;ставка не тратится: показы есть, кликов нет;7.30;36.9;;11.9;0.00;0;0;0;0;0;0;0;9;0;0;
869151984;35507796;🟡 жёлтый;держим;ставка не тратится: показы есть, кликов нет;7.30;23.2;;0.0;0.00;0;0;0;0;0;0;0;1;0;0;
872432667;36458352;🟡 жёлтый;держим;ставка не тратится: показы есть, кликов нет;7.30;40.0;;15.0;0.00;0;0;0;0;0;0;0;2;0;0;
434798055;35512936;🟡 жёлтый;держим;ставка не тратится: показы есть, кликов нет;7.30;26.6;;1.6;0.00;0;0;0;0;0;0;0;1;0;0;
874779770;35505238;🟡 жёлтый;держим;ставка не тратится: показы есть, кликов нет;7.30;39.1;;14.1;0.00;0;0;0;0;0;0;0;4;0;0;
872408866;35505900;🟡 жёлтый;держим;ставка не тратится: показы есть, кликов нет;7.30;40.0;;15.0;0.00;0;0;0;0;0;0;0;2;0;0;
313183450;35510132;🟡 жёлтый;держим;ставка не тратится: показы есть, кликов нет;7.30;23.6;;0.0;0.00;0;0;0;0;0;0;0;3;0;1;
873437727;35498462;🟡 жёлтый;держим;ставка не тратится: показы есть, кликов нет;7.30;28.2;;3.2;0.00;0;0;0;0;0;0;0;1;0;0;
872332679;35506296;🟡 жёлтый;держим;ставка не тратится: показы есть, кликов нет;7.30;38.4;;13.4;0.00;0;0;0;0;0;0;0;1;0;0;
923584228;35497681;🟡 жёлтый;держим;ставка не тратится: показы есть, кликов нет;7.30;36.6;;11.6;0.00;0;0;0;0;0;0;0;8;0;0;
909177264;35500111;🟡 жёлтый;держим;ставка не тратится: показы есть, кликов нет;7.30;36.4;;11.4;0.00;0;0;0;0;0;0;0;21;0;0;
323296935;35514926;🟡 жёлтый;держим;ставка не тратится: показы есть, кликов нет;7.30;23.8;;0.0;0.00;0;0;0;0;0;0;0;5;0;0;
872328324;35506296;🟡 жёлтый;держим;ставка не тратится: показы есть, кликов нет;7.30;38.4;;13.4;0.00;0;0;0;0;0;0;0;1;0;0;
923595453;35497916;🟡 жёлтый;держим;ставка не тратится: показы есть, кликов нет;7.30;36.6;;11.6;0.00;0;0;0;0;0;0;0;13;0;0;
323190873;36459301;🟡 жёлтый;держим;ставка не тратится: показы есть, кликов нет;7.30;30.5;;5.5;0.00;0;0;0;0;0;0;0;3;0;0;
323247992;35495292;🟡 жёлтый;держим;ставка не тратится: показы есть, кликов нет;7.30;22.1;;0.0;0.00;0;0;0;0;0;0;0;1;0;0;
878640936;35504951;🟡 жёлтый;держим;ставка не тратится: показы есть, кликов нет;7.30;34.1;;9.1;0.00;0;0;0;0;0;0;0;6;0;0;
323205331;35513491;🟡 жёлтый;держим;ставка не тратится: показы есть, кликов нет;7.30;21.0;;0.0;0.00;0;0;0;0;0;0;0;2;0;0;
881106988;35503784;🟡 жёлтый;держим;ставка не тратится: показы есть, кликов нет;7.30;30.6;;5.6;0.00;0;0;0;0;0;0;0;2;0;0;
887220596;35500111;🟡 жёлтый;держим;ставка не тратится: показы есть, кликов нет;7.30;32.1;;7.1;0.00;0;0;0;0;0;0;0;8;0;0;
883124372;35503146;🟡 жёлтый;держим;ставка не тратится: показы есть, кликов нет;7.30;26.9;;1.9;0.00;0;0;0;0;0;0;0;1;0;0;
323122380;35510132;🟡 жёлтый;держим;ставка не тратится: показы есть, кликов нет;7.30;38.4;;13.4;0.00;0;0;0;0;0;0;0;3;0;2;
877193783;35505238;🟡 жёлтый;держим;ставка не тратится: показы есть, кликов нет;7.30;27.8;;2.8;0.00;0;0;0;0;0;0;0;1;0;0;
323259819;35588483;🟡 жёлтый;держим;ставка не тратится: показы есть, кликов нет;7.30;25.9;;0.9;0.00;0;0;0;0;0;0;0;3;0;0;
361753577;35511919;🟡 жёлтый;держим;ставка не тратится: показы есть, кликов нет;7.30;39.2;;14.2;0.00;0;0;0;0;0;0;0;6;0;1;
873446660;35505545;🟡 жёлтый;держим;ставка не тратится: показы есть, кликов нет;7.30;37.5;;12.5;0.00;0;0;0;0;0;0;0;2;0;0;
872287643;35506296;🟡 жёлтый;держим;ставка не тратится: показы есть, кликов нет;7.30;38.9;;13.9;0.00;0;0;0;0;0;0;0;4;0;0;
873359904;35505545;🟡 жёлтый;держим;ставка не тратится: показы есть, кликов нет;7.30;28.3;;3.3;0.00;0;0;0;0;0;0;0;4;0;1;
324980104;36459301;🟡 жёлтый;держим;ставка не тратится: показы есть, кликов нет;7.30;33.5;;8.5;0.00;0;0;0;0;0;0;0;1;0;0;
863534985;35508624;🟡 жёлтый;держим;ставка не тратится: показы есть, кликов нет;7.30;19.9;;0.0;0.00;0;0;0;0;0;0;0;3;0;0;
323328913;35495292;🟡 жёлтый;держим;ставка не тратится: показы есть, кликов нет;7.30;36.7;;11.7;0.00;0;0;0;0;0;0;0;1;0;2;
863266373;35508987;🟡 жёлтый;держим;ставка не тратится: показы есть, кликов нет;7.30;28.3;;3.3;0.00;0;0;0;0;0;0;0;4;0;0;
880570821;35503784;🟡 жёлтый;держим;ставка не тратится: показы есть, кликов нет;7.30;20.2;;0.0;0.00;0;0;0;0;0;0;0;2;0;0;
878634915;35504951;🟡 жёлтый;держим;ставка не тратится: показы есть, кликов нет;7.30;38.4;;13.4;0.00;0;0;0;0;0;0;0;1;0;0;
324979712;35500249;🟡 жёлтый;держим;ставка не тратится: показы есть, кликов нет;7.30;34.3;;9.3;0.00;0;0;0;0;0;1;0;2;0;5;
324989593;35513491;🟡 жёлтый;держим;ставка не тратится: показы есть, кликов нет;7.30;34.5;;9.5;0.00;0;0;0;0;0;0;0;1;0;1;
873346653;36458352;🟡 жёлтый;держим;ставка не тратится: показы есть, кликов нет;7.30;25.6;;0.6;0.00;0;0;0;0;0;0;0;8;0;0;
865124854;35508404;🟡 жёлтый;держим;ставка не тратится: показы есть, кликов нет;7.30;36.6;;11.6;0.00;0;0;0;0;0;0;0;2;0;0;
886532080;35501886;🟡 жёлтый;держим;ставка не тратится: показы есть, кликов нет;7.30;27.8;;2.8;0.00;0;0;0;0;0;0;0;13;0;2;
872361076;35505545;🟡 жёлтый;держим;ставка не тратится: показы есть, кликов нет;7.30;34.6;;9.6;0.00;0;0;0;0;0;0;0;3;0;2;
886497580;35501886;🟡 жёлтый;держим;ставка не тратится: показы есть, кликов нет;7.30;21.8;;0.0;0.00;0;0;0;0;0;0;0;1;0;0;
862571171;35509256;🟡 жёлтый;держим;ставка не тратится: показы есть, кликов нет;7.30;19.9;;0.0;0.00;0;0;0;0;0;0;0;29;0;2;
873453306;35505545;🟡 жёлтый;держим;ставка не тратится: показы есть, кликов нет;7.30;37.5;;12.5;0.00;0;0;0;0;0;0;0;1;0;0;
905016663;35497916;🟡 жёлтый;держим;ставка не тратится: показы есть, кликов нет;7.30;16.8;;0.0;0.00;0;0;0;0;0;0;0;13;0;0;
865738045;35508061;🟡 жёлтый;держим;ставка не тратится: показы есть, кликов нет;7.30;25.0;;0.0;0.00;0;0;0;0;0;0;0;1;0;0;
865123072;35508624;🟡 жёлтый;держим;ставка не тратится: показы есть, кликов нет;7.30;36.6;;11.6;0.00;0;0;0;0;0;0;0;2;0;0;
863193220;35508624;🟡 жёлтый;держим;ставка не тратится: показы есть, кликов нет;7.30;42.3;;17.3;0.00;0;0;0;0;0;0;0;1;0;0;
874749101;35500638;🟡 жёлтый;держим;ставка не тратится: показы есть, кликов нет;7.30;19.2;;0.0;0.00;0;0;0;0;0;0;0;4;0;0;
874397800;35505545;🟡 жёлтый;держим;ставка не тратится: показы есть, кликов нет;7.30;27.5;;2.5;0.00;0;0;0;0;0;0;0;5;0;0;
495477126;35511919;🟡 жёлтый;держим;ставка не тратится: показы есть, кликов нет;7.30;52.4;;27.4;0.00;0;0;0;0;0;0;0;1;0;0;
869075731;35507796;🟡 жёлтый;держим;ставка не тратится: показы есть, кликов нет;7.30;35.6;;10.6;0.00;0;0;0;0;0;0;0;3;0;0;
323332446;35512936;🟡 жёлтый;держим;ставка не тратится: показы есть, кликов нет;7.30;34.0;;9.0;0.00;0;0;0;0;0;0;0;8;0;1;
323251733;35512936;🟡 жёлтый;держим;ставка не тратится: показы есть, кликов нет;7.30;30.5;;5.5;0.00;0;0;0;0;0;0;0;1;0;0;
343240172;35511919;🟡 жёлтый;держим;ставка не тратится: показы есть, кликов нет;7.30;31.4;;6.4;0.00;0;0;0;0;0;0;0;8;0;0;
871139209;35507256;🟡 жёлтый;держим;ставка не тратится: показы есть, кликов нет;7.30;24.2;;0.0;0.00;0;0;0;0;0;0;0;1;0;0;
323150685;36458948;🟡 жёлтый;держим;ставка не тратится: показы есть, кликов нет;7.30;26.4;;1.4;0.00;0;0;0;0;0;0;0;1;0;0;
871727667;35506296;🟡 жёлтый;держим;ставка не тратится: показы есть, кликов нет;7.30;40.1;;15.1;0.00;0;0;0;0;0;0;0;1;0;0;
324985044;35514511;🟡 жёлтый;держим;ставка не тратится: показы есть, кликов нет;7.30;30.5;;5.5;0.00;0;0;0;0;0;0;0;1;0;0;
313215293;35509833;🟡 жёлтый;держим;ставка не тратится: показы есть, кликов нет;7.30;33.1;;8.1;0.00;0;0;0;0;0;0;0;17;0;0;
880405927;35503784;🟡 жёлтый;держим;ставка не тратится: показы есть, кликов нет;7.30;31.7;;6.7;0.00;0;0;0;0;0;0;0;1;0;0;
323251332;36459075;🟡 жёлтый;держим;ставка не тратится: показы есть, кликов нет;7.30;17.3;;0.0;0.00;0;0;0;0;0;0;0;3;0;2;
877188401;35505238;🟡 жёлтый;держим;ставка не тратится: показы есть, кликов нет;7.30;27.8;;2.8;0.00;0;0;0;0;0;0;0;2;0;0;
871611811;35507256;🟡 жёлтый;держим;ставка не тратится: показы есть, кликов нет;7.30;29.1;;4.1;0.00;0;0;0;0;0;0;0;4;0;0;
1003401720;36462624;🟡 жёлтый;держим;ставка не тратится: показы есть, кликов нет;7.30;37.2;;12.2;0.00;0;0;0;0;0;0;0;1;0;0;
874401461;35505545;🟡 жёлтый;держим;ставка не тратится: показы есть, кликов нет;7.30;30.0;;5.0;0.00;0;0;0;0;0;0;0;9;0;0;
862406672;35509256;🟡 жёлтый;держим;ставка не тратится: показы есть, кликов нет;7.30;24.9;;0.0;0.00;0;0;0;0;0;0;0;3;0;0;
871720523;35507256;🟡 жёлтый;держим;ставка не тратится: показы есть, кликов нет;7.30;40.1;;15.1;0.00;0;0;0;0;0;0;0;8;0;0;
887174469;35501683;🟡 жёлтый;держим;ставка не тратится: показы есть, кликов нет;7.30;36.7;;11.7;0.00;0;0;0;0;0;0;0;1;0;0;
882875038;35501262;🟡 жёлтый;держим;ставка не тратится: показы есть, кликов нет;7.30;19.7;;0.0;0.00;0;0;0;0;0;0;0;2;0;0;
323178668;35512642;🟡 жёлтый;держим;ставка не тратится: показы есть, кликов нет;7.30;26.7;;1.7;0.00;0;0;0;0;0;0;0;1;0;0;
313183301;35514220;🟡 жёлтый;держим;ставка не тратится: показы есть, кликов нет;7.30;31.6;;6.6;0.00;0;0;0;0;0;0;0;1;0;0;
887072951;35501683;🟡 жёлтый;держим;ставка не тратится: показы есть, кликов нет;7.30;27.2;;2.2;0.00;0;0;0;0;0;0;0;1;0;0;
915943269;35498671;🟡 жёлтый;держим;ставка не тратится: показы есть, кликов нет;7.30;24.4;;0.0;0.00;0;0;0;0;0;0;0;21;0;0;
862407898;35509256;🟡 жёлтый;держим;ставка не тратится: показы есть, кликов нет;7.30;24.9;;0.0;0.00;0;0;0;0;0;0;0;1;0;0;
324989431;36458352;🟡 жёлтый;держим;ставка не тратится: показы есть, кликов нет;7.30;19.2;;0.0;0.00;0;0;0;0;0;0;0;1;0;0;
865555780;35508061;🟡 жёлтый;держим;ставка не тратится: показы есть, кликов нет;7.30;25.4;;0.4;0.00;0;0;0;0;0;0;0;6;0;0;
323359981;35512317;🟡 жёлтый;держим;ставка не тратится: показы есть, кликов нет;7.30;26.3;;1.3;0.00;0;0;0;0;0;0;1;3;0;3;
912865992;35499393;🟡 жёлтый;держим;ставка не тратится: показы есть, кликов нет;7.30;19.0;;0.0;0.00;0;0;0;0;0;0;0;15;0;0;
886317959;36458352;🟡 жёлтый;держим;ставка не тратится: показы есть, кликов нет;7.30;19.6;;0.0;0.00;0;0;0;0;0;0;0;1;0;0;
871698511;35507256;🟡 жёлтый;держим;ставка не тратится: показы есть, кликов нет;7.30;40.1;;15.1;0.00;0;0;0;0;0;0;0;1;0;0;
872427836;36458352;🟡 жёлтый;держим;ставка не тратится: показы есть, кликов нет;7.30;40.0;;15.0;0.00;0;0;0;0;0;0;0;3;0;0;
883390363;35502978;🟡 жёлтый;держим;ставка не тратится: показы есть, кликов нет;7.30;15.7;;0.0;0.00;0;0;0;0;0;0;0;1;0;0;
923589123;35497916;🟡 жёлтый;держим;ставка не тратится: показы есть, кликов нет;7.30;37.2;;12.2;0.00;0;0;0;0;0;0;0;6;0;0;
862498366;35500638;🟡 жёлтый;держим;ставка не тратится: показы есть, кликов нет;7.30;23.4;;0.0;0.00;0;0;0;0;0;0;0;1;0;0;
323279977;35514511;🟡 жёлтый;держим;ставка не тратится: показы есть, кликов нет;7.30;22.4;;0.0;0.00;0;0;0;0;0;0;0;5;0;0;
323183132;35509833;🟡 жёлтый;держим;ставка не тратится: показы есть, кликов нет;7.30;35.4;;10.4;0.00;0;0;0;0;0;0;0;1;0;0;
885228429;35502200;🟡 жёлтый;держим;ставка не тратится: показы есть, кликов нет;7.30;25.6;;0.6;0.00;0;0;0;0;0;0;0;2;0;0;
886278952;36458352;🟡 жёлтый;держим;ставка не тратится: показы есть, кликов нет;7.30;20.8;;0.0;0.00;0;0;0;0;0;0;0;1;0;0;
323202533;35514220;🟡 жёлтый;держим;ставка не тратится: показы есть, кликов нет;7.30;36.9;;11.9;0.00;0;0;0;0;0;0;0;2;0;0;
881123944;35500638;🟡 жёлтый;держим;ставка не тратится: показы есть, кликов нет;7.30;30.7;;5.7;0.00;0;0;0;0;0;0;0;3;0;0;
923641067;35497681;🟡 жёлтый;держим;ставка не тратится: показы есть, кликов нет;7.30;43.7;;18.7;0.00;0;0;0;0;0;0;0;17;0;0;
870436682;35507605;🟡 жёлтый;держим;ставка не тратится: показы есть, кликов нет;7.30;23.5;;0.0;0.00;0;0;0;0;0;0;0;1;0;0;
313193156;35514220;🟡 жёлтый;держим;ставка не тратится: показы есть, кликов нет;7.30;34.4;;9.4;0.00;0;0;0;0;0;0;0;1;0;0;
865028179;35501262;🟡 жёлтый;держим;ставка не тратится: показы есть, кликов нет;7.30;20.7;;0.0;0.00;0;0;0;0;0;0;0;6;0;0;
923514415;35497916;🟡 жёлтый;держим;ставка не тратится: показы есть, кликов нет;7.30;34.9;;9.9;0.00;0;0;0;0;0;0;0;11;0;0;
882158891;35503414;🟡 жёлтый;держим;ставка не тратится: показы есть, кликов нет;7.30;19.8;;0.0;0.00;0;0;0;0;0;0;0;12;0;0;
323283691;36459301;🟡 жёлтый;держим;ставка не тратится: показы есть, кликов нет;7.30;32.9;;7.9;0.00;0;0;0;0;0;0;0;1;0;0;
867162580;35508061;🟡 жёлтый;держим;ставка не тратится: показы есть, кликов нет;7.30;21.0;;0.0;0.00;0;0;0;0;0;0;0;5;0;0;
323311993;36459075;🟡 жёлтый;держим;ставка не тратится: показы есть, кликов нет;7.30;32.0;;7.0;0.00;0;0;0;0;0;0;0;2;0;0;
313195421;35510132;🟡 жёлтый;держим;ставка не тратится: показы есть, кликов нет;7.30;35.0;;10.0;0.00;0;0;0;0;0;0;0;2;0;0;
873438405;35498462;🟡 жёлтый;держим;ставка не тратится: показы есть, кликов нет;7.30;29.7;;4.7;0.00;0;0;0;0;0;0;0;14;0;1;
313214752;35514926;🟡 жёлтый;держим;ставка не тратится: показы есть, кликов нет;7.30;30.3;;5.3;0.00;0;0;0;0;0;0;0;6;0;0;
861565157;35509256;🟡 жёлтый;держим;ставка не тратится: показы есть, кликов нет;7.30;26.3;;1.3;0.00;0;0;0;0;0;0;0;1;0;0;
925843839;35497479;🟡 жёлтый;держим;ставка не тратится: показы есть, кликов нет;7.30;35.4;;10.4;0.00;0;0;0;0;0;0;0;1;0;0;
917127762;35498621;🟡 жёлтый;держим;ставка не тратится: показы есть, кликов нет;7.30;46.0;;21.0;0.00;0;0;0;0;0;0;0;14;0;1;
887251256;35501509;🟡 жёлтый;держим;ставка не тратится: показы есть, кликов нет;7.30;42.0;;17.0;0.00;0;0;0;0;0;0;0;5;0;1;
913003668;35498462;🟡 жёлтый;держим;ставка не тратится: показы есть, кликов нет;7.30;27.6;;2.6;0.00;0;0;0;0;0;0;0;10;0;0;
861569421;35501262;🟡 жёлтый;держим;ставка не тратится: показы есть, кликов нет;7.30;23.3;;0.0;0.00;0;0;0;0;0;0;0;1;0;0;
871067592;35507605;🟡 жёлтый;держим;ставка не тратится: показы есть, кликов нет;7.30;19.0;;0.0;0.00;0;0;0;0;0;0;1;0;0;2;
881917471;35501028;🟡 жёлтый;держим;ставка не тратится: показы есть, кликов нет;7.30;22.9;;0.0;0.00;0;0;0;0;0;0;0;2;0;0;
323218042;35514926;🟡 жёлтый;держим;ставка не тратится: показы есть, кликов нет;7.30;35.4;;10.4;0.00;0;0;0;0;0;0;0;22;0;0;
867094104;35505900;🟡 жёлтый;держим;ставка не тратится: показы есть, кликов нет;7.30;33.1;;8.1;0.00;0;0;0;0;0;0;0;6;0;0;
323156928;35498462;🟡 жёлтый;держим;ставка не тратится: показы есть, кликов нет;7.30;37.5;;12.5;0.00;0;0;0;0;0;0;0;2;0;0;
313213881;36463324;🟡 жёлтый;держим;ставка не тратится: показы есть, кликов нет;7.30;27.9;;2.9;0.00;0;0;0;0;0;0;0;70;0;0;
877925987;35504951;🟡 жёлтый;держим;ставка не тратится: показы есть, кликов нет;7.30;48.9;;23.9;0.00;0;0;0;0;0;0;0;1;0;0;
881950677;35503414;🟡 жёлтый;держим;ставка не тратится: показы есть, кликов нет;7.30;19.1;;0.0;0.00;0;0;0;0;0;0;0;2;0;0;
872382726;35505900;🟡 жёлтый;держим;ставка не тратится: показы есть, кликов нет;7.30;40.0;;15.0;0.00;0;0;0;0;0;0;0;1;0;0;
887130544;35501683;🟡 жёлтый;держим;ставка не тратится: показы есть, кликов нет;7.30;38.9;;13.9;0.00;0;0;0;0;0;0;0;6;0;0;
872301701;35506296;🟡 жёлтый;держим;ставка не тратится: показы есть, кликов нет;7.30;38.9;;13.9;0.00;0;0;0;0;0;0;0;2;0;0;
878647097;35504951;🟡 жёлтый;держим;ставка не тратится: показы есть, кликов нет;7.30;34.1;;9.1;0.00;0;0;0;0;0;0;0;3;0;0;
865459350;35508061;🟡 жёлтый;держим;ставка не тратится: показы есть, кликов нет;7.30;43.1;;18.1;0.00;0;0;0;0;0;0;0;8;0;0;
883569746;35502978;🟡 жёлтый;держим;ставка не тратится: показы есть, кликов нет;7.30;26.9;;1.9;0.00;0;0;0;0;0;0;0;5;0;0;
881428971;35503414;🟡 жёлтый;держим;ставка не тратится: показы есть, кликов нет;7.30;23.9;;0.0;0.00;0;0;0;0;0;0;0;1;0;0;
313195477;36460596;🟡 жёлтый;держим;ставка не тратится: показы есть, кликов нет;7.30;30.5;;5.5;0.00;0;0;0;0;0;0;0;8;0;0;
323361523;35512317;🟡 жёлтый;держим;ставка не тратится: показы есть, кликов нет;7.30;35.9;;10.9;0.00;0;0;0;0;0;0;0;1;0;0;
923490825;35497916;🟡 жёлтый;держим;ставка не тратится: показы есть, кликов нет;7.30;24.6;;0.0;0.00;0;0;0;0;0;0;0;4;0;0;
490476214;35510132;🟡 жёлтый;держим;ставка не тратится: показы есть, кликов нет;7.30;23.5;;0.0;0.00;0;0;0;0;0;0;0;1;0;0;
323109138;35510132;🟡 жёлтый;держим;ставка не тратится: показы есть, кликов нет;7.30;27.6;;2.6;0.00;0;0;0;0;0;0;0;93;0;1;
323179035;35508987;🟡 жёлтый;держим;ставка не тратится: показы есть, кликов нет;7.30;44.0;;19.0;0.00;0;0;0;0;0;0;0;1;0;0;
862502370;35509256;🟡 жёлтый;держим;ставка не тратится: показы есть, кликов нет;7.30;25.0;;0.0;0.00;0;0;0;0;0;0;0;3;0;0;
323167869;36459894;🟡 жёлтый;держим;ставка не тратится: показы есть, кликов нет;7.30;38.0;;13.0;0.00;0;0;0;0;0;0;0;2;0;0;
880471181;35503784;🟡 жёлтый;держим;ставка не тратится: показы есть, кликов нет;7.30;21.7;;0.0;0.00;0;0;0;0;0;0;0;1;0;0;
313212377;36463324;🟡 жёлтый;держим;ставка не тратится: показы есть, кликов нет;7.30;39.5;;14.5;0.00;0;0;0;0;0;0;1;7;0;1;
324986753;35495292;🟡 жёлтый;держим;ставка не тратится: показы есть, кликов нет;7.30;27.0;;2.0;0.00;0;0;0;0;0;0;0;2;0;0;
868926925;35507796;🟡 жёлтый;держим;ставка не тратится: показы есть, кликов нет;7.30;31.0;;6.0;0.00;0;0;0;0;0;0;0;1;0;1;
324987054;36463324;🟡 жёлтый;держим;ставка не тратится: показы есть, кликов нет;7.30;22.2;;0.0;0.00;0;0;0;0;0;0;0;3;0;0;
923639957;35497681;🟡 жёлтый;держим;ставка не тратится: показы есть, кликов нет;7.30;44.7;;19.7;0.00;0;0;0;0;0;0;0;2;0;0;
885320242;35502200;🟡 жёлтый;держим;ставка не тратится: показы есть, кликов нет;7.30;18.6;;0.0;0.00;0;0;0;0;0;0;0;2;0;0;
323122438;36459894;🟡 жёлтый;держим;ставка не тратится: показы есть, кликов нет;7.30;34.1;;9.1;0.00;0;0;0;0;0;0;0;6;0;2;
860640849;35501509;🟡 жёлтый;держим;ставка не тратится: показы есть, кликов нет;7.30;31.8;;6.8;0.00;0;0;0;0;0;0;0;20;0;0;
923514169;35497916;🟡 жёлтый;держим;ставка не тратится: показы есть, кликов нет;7.30;34.9;;9.9;0.00;0;0;0;0;0;0;0;4;0;0;
873455900;35505545;🟡 жёлтый;держим;ставка не тратится: показы есть, кликов нет;7.30;32.5;;7.5;0.00;0;0;0;0;0;0;0;7;0;0;
323169161;35513491;🟡 жёлтый;держим;ставка не тратится: показы есть, кликов нет;7.30;30.0;;5.0;0.00;0;0;0;0;0;0;0;2;0;0;
874422580;35505238;🟡 жёлтый;держим;ставка не тратится: показы есть, кликов нет;7.30;20.9;;0.0;0.00;0;0;0;0;0;0;0;1;0;0;
880172052;35504156;🟡 жёлтый;держим;ставка не тратится: показы есть, кликов нет;7.30;30.9;;5.9;0.00;0;0;0;0;0;0;0;7;0;0;
868910596;35498621;🟡 жёлтый;держим;ставка не тратится: показы есть, кликов нет;7.30;47.1;;22.1;0.00;0;0;0;0;0;0;0;4;0;0;
563132941;35512317;🟡 жёлтый;держим;ставка не тратится: показы есть, кликов нет;7.30;55.1;;30.1;0.00;0;0;0;0;0;2;0;1;0;3;
876915303;35497479;🟡 жёлтый;держим;ставка не тратится: показы есть, кликов нет;7.30;25.7;;0.7;0.00;0;0;0;0;0;0;0;3;0;0;
881832193;35503414;🟡 жёлтый;держим;ставка не тратится: показы есть, кликов нет;7.30;16.9;;0.0;0.00;0;0;0;0;0;0;0;2;0;0;
323089927;35512317;🟡 жёлтый;держим;ставка не тратится: показы есть, кликов нет;7.30;37.5;;12.5;0.00;0;0;0;0;0;0;0;1;0;1;
880177207;35504156;🟡 жёлтый;держим;ставка не тратится: показы есть, кликов нет;7.30;41.2;;16.2;0.00;0;0;0;0;0;0;0;1;0;0;
861567593;35501262;🟡 жёлтый;держим;ставка не тратится: показы есть, кликов нет;7.30;23.3;;0.0;0.00;0;0;0;0;0;0;0;1;0;0;
865315603;35508404;🟡 жёлтый;держим;ставка не тратится: показы есть, кликов нет;7.30;17.1;;0.0;0.00;0;0;0;0;0;0;0;1;0;0;
887375080;35501509;🟡 жёлтый;держим;ставка не тратится: показы есть, кликов нет;7.30;21.1;;0.0;0.00;0;0;0;0;0;0;0;17;0;0;
885498011;35497479;🟡 жёлтый;держим;ставка не тратится: показы есть, кликов нет;7.30;35.7;;10.7;0.00;0;0;0;0;0;0;0;22;0;0;
324980397;36459075;🟡 жёлтый;держим;ставка не тратится: показы есть, кликов нет;7.30;41.5;;16.5;0.00;0;0;0;0;0;0;0;1;0;0;
882069097;35503414;🟡 жёлтый;держим;ставка не тратится: показы есть, кликов нет;7.30;31.9;;6.9;0.00;0;0;0;0;0;0;0;19;0;0;
486528697;35510132;🟡 жёлтый;держим;ставка не тратится: показы есть, кликов нет;7.30;28.3;;3.3;0.00;0;0;0;0;0;0;0;4;0;0;
865614714;35508061;🟡 жёлтый;держим;ставка не тратится: показы есть, кликов нет;7.30;32.5;;7.5;0.00;0;0;0;0;0;0;0;1;0;0;
862580700;35508987;🟡 жёлтый;держим;ставка не тратится: показы есть, кликов нет;7.30;24.5;;0.0;0.00;0;0;0;0;0;0;0;1;0;0;
923600634;35497681;🟡 жёлтый;держим;ставка не тратится: показы есть, кликов нет;7.30;37.9;;12.9;0.00;0;0;0;0;0;0;0;8;0;0;
323266500;35588483;🟡 жёлтый;держим;ставка не тратится: показы есть, кликов нет;7.30;35.9;;10.9;0.00;0;0;0;0;0;0;0;2;0;1;
882124381;35503414;🟡 жёлтый;держим;ставка не тратится: показы есть, кликов нет;7.30;40.0;;15.0;0.00;0;0;0;0;0;0;0;1;0;0;
871048027;35507605;🟡 жёлтый;держим;ставка не тратится: показы есть, кликов нет;7.30;27.6;;2.6;0.00;0;0;0;0;0;0;0;2;0;0;
324990455;36463324;🟡 жёлтый;держим;ставка не тратится: показы есть, кликов нет;7.30;36.4;;11.4;0.00;0;0;0;0;0;0;0;8;0;0;
434796174;35512936;🟡 жёлтый;держим;ставка не тратится: показы есть, кликов нет;7.30;27.9;;2.9;0.00;0;0;0;0;0;0;0;2;0;1;
884109595;35500638;🟡 жёлтый;держим;ставка не тратится: показы есть, кликов нет;7.30;31.4;;6.4;0.00;0;0;0;0;0;0;0;1;0;0;
872353847;35506296;🟡 жёлтый;держим;ставка не тратится: показы есть, кликов нет;7.30;28.4;;3.4;0.00;0;0;0;0;0;0;0;8;0;0;
873456739;35505545;🟡 жёлтый;держим;ставка не тратится: показы есть, кликов нет;7.30;32.5;;7.5;0.00;0;0;0;0;0;0;0;9;0;0;
874749802;35500638;🟡 жёлтый;держим;ставка не тратится: показы есть, кликов нет;7.30;19.7;;0.0;0.00;0;0;0;0;0;0;0;4;0;0;
869082387;35507796;🟡 жёлтый;держим;ставка не тратится: показы есть, кликов нет;7.30;35.6;;10.6;0.00;0;0;0;0;0;0;0;11;0;0;
313216446;36459075;🟡 жёлтый;держим;ставка не тратится: показы есть, кликов нет;7.30;36.0;;11.0;0.00;0;0;0;0;0;0;0;1;0;0;
923600216;35497681;🟡 жёлтый;держим;ставка не тратится: показы есть, кликов нет;7.30;37.9;;12.9;0.00;0;0;0;0;0;0;0;4;0;0;
881142895;35503784;🟡 жёлтый;держим;ставка не тратится: показы есть, кликов нет;7.30;22.1;;0.0;0.00;0;0;0;0;0;0;0;2;0;0;
323240743;35508987;🟡 жёлтый;держим;ставка не тратится: показы есть, кликов нет;7.30;20.7;;0.0;0.00;0;0;0;0;0;0;0;4;0;0;
865411517;35508404;🟡 жёлтый;держим;ставка не тратится: показы есть, кликов нет;7.30;36.4;;11.4;0.00;0;0;0;0;0;0;0;2;0;0;
323120573;35514926;🟡 жёлтый;держим;ставка не тратится: показы есть, кликов нет;7.30;30.2;;5.2;0.00;0;0;0;0;0;0;0;1;0;0;
880167057;35504156;🟡 жёлтый;держим;ставка не тратится: показы есть, кликов нет;7.30;30.9;;5.9;0.00;0;0;0;0;0;0;0;10;0;0;
323267763;35500249;🟡 жёлтый;держим;ставка не тратится: показы есть, кликов нет;7.30;21.7;;0.0;0.00;0;0;0;0;0;0;0;1;0;0;
880561936;35500249;🟡 жёлтый;держим;ставка не тратится: показы есть, кликов нет;7.30;30.9;;5.9;0.00;0;0;0;0;0;0;0;2;0;0;
874836427;35505238;🟡 жёлтый;держим;ставка не тратится: показы есть, кликов нет;7.30;16.8;;0.0;0.00;0;0;0;0;0;0;0;2;0;0;
887023656;35501683;🟡 жёлтый;держим;ставка не тратится: показы есть, кликов нет;7.30;27.4;;2.4;0.00;0;0;0;0;0;0;0;6;0;0;
883257456;35503146;🟡 жёлтый;держим;ставка не тратится: показы есть, кликов нет;7.30;15.5;;0.0;0.00;0;0;0;0;0;0;0;6;0;0;
883262756;35503146;🟡 жёлтый;держим;ставка не тратится: показы есть, кликов нет;7.30;34.3;;9.3;0.00;0;0;0;0;0;0;0;2;0;0;
887221688;35501509;🟡 жёлтый;держим;ставка не тратится: показы есть, кликов нет;7.30;22.9;;0.0;0.00;0;0;0;0;0;0;0;3;0;0;
923640918;35497681;🟡 жёлтый;держим;ставка не тратится: показы есть, кликов нет;7.30;44.7;;19.7;0.00;0;0;0;0;0;0;0;1;0;0;
885435737;35497479;🟡 жёлтый;держим;ставка не тратится: показы есть, кликов нет;7.30;35.7;;10.7;0.00;0;0;0;0;0;0;0;14;0;0;
323120306;35495292;🟡 жёлтый;держим;ставка не тратится: показы есть, кликов нет;7.30;29.8;;4.8;0.00;0;0;0;0;0;0;0;1;0;0;
860099256;35509529;🟡 жёлтый;держим;ставка не тратится: показы есть, кликов нет;7.30;30.1;;5.1;0.00;0;0;0;0;0;0;0;7;0;1;
923517281;35497681;🟡 жёлтый;держим;ставка не тратится: показы есть, кликов нет;7.30;34.9;;9.9;0.00;0;0;0;0;0;0;0;12;0;1;
871044350;35507605;🟡 жёлтый;держим;ставка не тратится: показы есть, кликов нет;7.30;18.8;;0.0;0.00;0;0;0;0;0;0;0;2;0;0;
860025173;35509529;🟡 жёлтый;держим;ставка не тратится: показы есть, кликов нет;7.30;18.3;;0.0;0.00;0;0;0;0;0;0;0;1;0;0;
868931633;35501028;🟡 жёлтый;держим;ставка не тратится: показы есть, кликов нет;7.30;20.7;;0.0;0.00;0;0;0;0;0;0;0;3;0;0;
865442879;35501262;🟡 жёлтый;держим;ставка не тратится: показы есть, кликов нет;7.30;22.4;;0.0;0.00;0;0;0;0;0;0;0;6;0;0;
884139564;35502769;🟡 жёлтый;держим;ставка не тратится: показы есть, кликов нет;7.30;25.3;;0.3;0.00;0;0;0;0;0;0;0;2;0;0;
862428080;35509256;🟡 жёлтый;держим;ставка не тратится: показы есть, кликов нет;7.30;22.7;;0.0;0.00;0;0;0;0;0;0;0;15;0;0;
380956337;35509833;🟡 жёлтый;держим;ставка не тратится: показы есть, кликов нет;7.30;40.5;;15.5;0.00;0;0;0;0;0;0;0;3;0;0;
324979929;36459301;🟡 жёлтый;держим;ставка не тратится: показы есть, кликов нет;7.30;36.6;;11.6;0.00;0;0;0;0;0;0;0;2;0;0;
878608885;35504951;🟡 жёлтый;держим;ставка не тратится: показы есть, кликов нет;7.30;38.4;;13.4;0.00;0;0;0;0;0;0;0;2;0;0;
886591033;35501886;🟡 жёлтый;держим;ставка не тратится: показы есть, кликов нет;7.30;28.4;;3.4;0.00;0;0;0;0;0;0;0;1;0;0;
313213684;35510132;🟡 жёлтый;держим;ставка не тратится: показы есть, кликов нет;7.30;28.1;;3.1;0.00;0;0;0;0;0;0;0;34;0;1;
313183661;35509833;🟡 жёлтый;держим;ставка не тратится: показы есть, кликов нет;7.30;27.1;;2.1;0.00;0;0;0;0;0;0;0;56;0;0;
862429247;35509256;🟡 жёлтый;держим;ставка не тратится: показы есть, кликов нет;7.30;22.8;;0.0;0.00;0;0;0;0;0;0;0;1;0;0;
912834021;35500111;🟡 жёлтый;держим;ставка не тратится: показы есть, кликов нет;7.30;23.7;;0.0;0.00;0;0;0;0;0;0;0;1;0;0;
859955498;35509529;🟡 жёлтый;держим;ставка не тратится: показы есть, кликов нет;7.30;24.2;;0.0;0.00;0;0;0;0;0;0;0;1;0;0;
324995546;35511919;🟡 жёлтый;держим;ставка не тратится: показы есть, кликов нет;7.30;34.7;;9.7;0.00;0;0;0;0;0;0;0;4;0;0;
886523170;35501886;🟡 жёлтый;держим;ставка не тратится: показы есть, кликов нет;7.30;33.4;;8.4;0.00;0;0;0;0;0;0;0;2;0;0;
884075568;35500638;🟡 жёлтый;держим;ставка не тратится: показы есть, кликов нет;7.30;30.5;;5.5;0.00;0;0;0;0;0;0;0;3;0;0;
874806737;35505238;🟡 жёлтый;держим;ставка не тратится: показы есть, кликов нет;7.30;30.1;;5.1;0.00;0;0;0;0;0;0;0;1;0;0;
865033091;35508624;🟡 жёлтый;держим;ставка не тратится: показы есть, кликов нет;7.30;22.1;;0.0;0.00;0;0;0;0;0;0;0;3;0;0;
323109267;36460596;🟡 жёлтый;держим;ставка не тратится: показы есть, кликов нет;7.30;36.8;;11.8;0.00;0;0;0;0;0;0;0;1;0;0;
885127475;35497916;🟡 жёлтый;держим;ставка не тратится: показы есть, кликов нет;7.30;26.8;;1.8;0.00;0;0;0;0;0;0;0;13;0;0;
313185217;36459075;🟡 жёлтый;держим;ставка не тратится: показы есть, кликов нет;7.30;30.9;;5.9;0.00;0;0;0;0;0;0;0;2;0;0;
343261039;35495292;🟡 жёлтый;держим;ставка не тратится: показы есть, кликов нет;7.30;34.5;;9.5;0.00;0;0;0;0;0;0;0;7;0;0;
885310723;35502200;🟡 жёлтый;держим;ставка не тратится: показы есть, кликов нет;7.30;19.0;;0.0;0.00;0;0;0;0;0;0;0;3;0;0;
323168856;35513491;🟡 жёлтый;держим;ставка не тратится: показы есть, кликов нет;7.30;49.7;;24.7;0.00;0;0;0;0;0;0;0;1;0;0;
869301864;35507605;🟡 жёлтый;держим;ставка не тратится: показы есть, кликов нет;7.30;18.6;;0.0;0.00;0;0;0;0;0;0;0;2;0;0;
874849898;35505238;🟡 жёлтый;держим;ставка не тратится: показы есть, кликов нет;7.30;16.5;;0.0;0.00;0;0;0;0;0;0;0;4;0;0;
381063935;35509529;🟡 жёлтый;держим;ставка не тратится: показы есть, кликов нет;7.30;27.7;;2.7;0.00;0;0;0;0;0;0;0;1;0;0;
313184274;35500111;🟡 жёлтый;держим;ставка не тратится: показы есть, кликов нет;7.30;18.0;;0.0;0.00;0;0;0;0;0;0;0;1;0;0;
323109302;36460596;🟡 жёлтый;держим;ставка не тратится: показы есть, кликов нет;7.30;39.3;;14.3;0.00;0;0;0;0;0;0;0;3;0;0;
879734823;35504156;🟡 жёлтый;держим;ставка не тратится: показы есть, кликов нет;7.30;39.6;;14.6;0.00;0;0;0;0;0;0;0;4;0;0;
323179291;35508987;🟡 жёлтый;держим;ставка не тратится: показы есть, кликов нет;7.30;32.8;;7.8;0.00;0;0;0;0;0;0;0;4;0;0;
869309126;35507605;🟡 жёлтый;держим;ставка не тратится: показы есть, кликов нет;7.30;24.6;;0.0;0.00;0;0;0;0;0;0;0;2;0;0;
887024459;35501683;🟡 жёлтый;держим;ставка не тратится: показы есть, кликов нет;7.30;27.4;;2.4;0.00;0;0;0;0;0;0;0;8;0;0;
871734930;35506296;🟡 жёлтый;держим;ставка не тратится: показы есть, кликов нет;7.30;37.0;;12.0;0.00;0;0;0;0;0;0;0;9;0;0;
880530815;35500249;🟡 жёлтый;держим;ставка не тратится: показы есть, кликов нет;7.30;35.4;;10.4;0.00;0;0;0;0;0;0;0;1;0;0;
313183527;35510132;🟡 жёлтый;держим;ставка не тратится: показы есть, кликов нет;7.30;40.1;;15.1;0.00;0;0;0;0;0;0;0;1;0;4;
867194686;35504537;🟡 жёлтый;держим;ставка не тратится: показы есть, кликов нет;7.30;24.4;;0.0;0.00;0;0;0;0;0;0;0;1;0;0;
871740150;35506296;🟡 жёлтый;держим;ставка не тратится: показы есть, кликов нет;7.30;39.6;;14.6;0.00;0;0;0;0;0;0;0;2;0;0;
865037068;35508624;🟡 жёлтый;держим;ставка не тратится: показы есть, кликов нет;7.30;17.8;;0.0;0.00;0;0;0;0;0;0;0;7;0;0;
489572576;35510132;🟡 жёлтый;держим;ставка не тратится: показы есть, кликов нет;7.30;32.2;;7.2;0.00;0;0;0;0;0;0;0;1;0;0;
881909124;35501028;🟡 жёлтый;держим;ставка не тратится: показы есть, кликов нет;7.30;19.9;;0.0;0.00;0;0;0;0;0;0;0;2;0;0;
878633778;35504951;🟡 жёлтый;держим;ставка не тратится: показы есть, кликов нет;7.30;38.4;;13.4;0.00;0;0;0;0;0;0;0;1;0;0;
865027075;35508624;🟡 жёлтый;держим;ставка не тратится: показы есть, кликов нет;7.30;34.2;;9.2;0.00;0;0;0;0;0;0;0;4;0;0;
865511424;35508624;🟡 жёлтый;держим;ставка не тратится: показы есть, кликов нет;7.30;20.1;;0.0;0.00;0;0;0;0;0;0;0;1;0;0;
323189564;36459468;🟡 жёлтый;держим;ставка не тратится: показы есть, кликов нет;7.30;39.9;;14.9;0.00;0;0;0;0;0;0;0;3;0;0;
323152468;36459075;🟡 жёлтый;держим;ставка не тратится: показы есть, кликов нет;7.30;37.1;;12.1;0.00;0;0;0;0;0;0;0;21;0;0;
323294238;36459468;🟡 жёлтый;держим;ставка не тратится: показы есть, кликов нет;7.30;25.2;;0.2;0.00;0;0;0;0;0;0;0;1;0;0;
323251893;35512642;🟡 жёлтый;держим;ставка не тратится: показы есть, кликов нет;7.30;22.2;;0.0;0.00;0;0;0;0;0;0;0;1;0;0;
324994937;35512317;🟡 жёлтый;держим;ставка не тратится: показы есть, кликов нет;7.30;39.3;;14.3;0.00;0;0;0;0;0;0;0;2;0;0;
869303793;35507605;🟡 жёлтый;держим;ставка не тратится: показы есть, кликов нет;7.30;18.6;;0.0;0.00;0;0;0;0;0;0;0;1;0;0;
323359904;35495292;🟡 жёлтый;держим;ставка не тратится: показы есть, кликов нет;7.30;23.3;;0.0;0.00;0;0;0;0;0;0;0;4;0;0;
877184778;35505238;🟡 жёлтый;держим;ставка не тратится: показы есть, кликов нет;7.30;27.8;;2.8;0.00;0;0;0;0;0;0;0;2;0;0;
886366206;36458352;🟡 жёлтый;держим;ставка не тратится: показы есть, кликов нет;7.30;25.6;;0.6;0.00;0;0;0;0;0;0;0;1;0;0;
523992251;35501262;🟡 жёлтый;держим;ставка не тратится: показы есть, кликов нет;7.30;29.4;;4.4;0.00;0;0;0;0;0;0;0;1;0;0;
874745874;35505238;🟡 жёлтый;держим;ставка не тратится: показы есть, кликов нет;7.30;34.0;;9.0;0.00;0;0;0;0;0;0;0;5;0;0;
915907906;35498671;🟡 жёлтый;держим;ставка не тратится: показы есть, кликов нет;7.30;25.7;;0.7;0.00;0;0;0;0;0;0;0;1;0;0;
313191772;35510132;🟡 жёлтый;держим;ставка не тратится: показы есть, кликов нет;7.30;40.3;;15.3;0.00;0;0;0;0;0;0;0;13;0;0;
923584922;35497681;🟡 жёлтый;держим;ставка не тратится: показы есть, кликов нет;7.30;36.6;;11.6;0.00;0;0;0;0;0;0;0;6;0;0;
504299748;36463324;🟡 жёлтый;держим;ставка не тратится: показы есть, кликов нет;7.30;22.4;;0.0;0.00;0;0;0;0;0;0;0;6;0;0;
871135567;35507256;🟡 жёлтый;держим;ставка не тратится: показы есть, кликов нет;7.30;24.2;;0.0;0.00;0;0;0;0;0;0;0;1;0;0;
324994081;35512317;🟡 жёлтый;держим;ставка не тратится: показы есть, кликов нет;7.30;34.2;;9.2;0.00;0;0;0;0;0;0;0;1;0;0;
323108273;36460596;🟡 жёлтый;держим;ставка не тратится: показы есть, кликов нет;7.30;31.6;;6.6;0.00;0;0;0;0;0;0;0;8;0;0;
912946759;35499491;🟡 жёлтый;держим;ставка не тратится: показы есть, кликов нет;7.30;25.8;;0.8;0.00;0;0;0;0;0;0;0;1;0;0;
879741878;35504156;🟡 жёлтый;держим;ставка не тратится: показы есть, кликов нет;7.30;39.6;;14.6;0.00;0;0;0;0;0;0;0;4;0;1;
871134156;35507256;🟡 жёлтый;держим;ставка не тратится: показы есть, кликов нет;7.30;24.2;;0.0;0.00;0;0;0;0;0;0;0;3;0;0;
323118567;36458948;🟡 жёлтый;держим;ставка не тратится: показы есть, кликов нет;7.30;21.8;;0.0;0.00;0;0;0;0;0;0;0;1;0;0;
804194434;35509529;🟡 жёлтый;держим;ставка не тратится: показы есть, кликов нет;7.30;22.4;;0.0;0.00;0;0;0;0;0;0;0;1;0;0;
868932644;35507796;🟡 жёлтый;держим;ставка не тратится: показы есть, кликов нет;7.30;23.6;;0.0;0.00;0;0;0;0;0;0;0;1;0;0;
926598344;35497479;🟡 жёлтый;держим;ставка не тратится: показы есть, кликов нет;7.30;23.8;;0.0;0.00;0;0;0;0;0;0;0;1;0;0;
872292363;35506296;🟡 жёлтый;держим;ставка не тратится: показы есть, кликов нет;7.30;38.9;;13.9;0.00;0;0;0;0;0;0;0;1;0;0;
323113615;35509833;🟡 жёлтый;держим;ставка не тратится: показы есть, кликов нет;7.30;34.8;;9.8;0.00;0;0;0;0;0;0;0;1;0;0;
323175550;36459468;🟡 жёлтый;держим;ставка не тратится: показы есть, кликов нет;7.30;35.1;;10.1;0.00;0;0;0;0;0;0;0;1;0;0;
877422941;35498621;🟡 жёлтый;держим;ставка не тратится: показы есть, кликов нет;7.30;40.5;;15.5;0.00;0;0;0;0;0;0;0;1;0;0;
323089952;35512317;🟡 жёлтый;держим;ставка не тратится: показы есть, кликов нет;7.30;22.0;;0.0;0.00;0;0;0;0;0;0;0;4;0;0;
923592298;35497681;🟡 жёлтый;держим;ставка не тратится: показы есть, кликов нет;7.30;46.3;;21.3;0.00;0;0;0;0;0;0;0;3;0;0;
871600629;35507256;🟡 жёлтый;держим;ставка не тратится: показы есть, кликов нет;7.30;20.0;;0.0;0.00;0;0;0;0;0;0;0;7;0;0;
323228792;35512936;🟡 жёлтый;держим;ставка не тратится: показы есть, кликов нет;7.30;25.7;;0.7;0.00;0;0;0;0;0;0;0;2;0;0;
323166740;36458948;🟡 жёлтый;держим;ставка не тратится: показы есть, кликов нет;7.30;37.3;;12.3;0.00;0;0;0;0;0;0;0;2;0;4;
874393941;35505545;🟡 жёлтый;держим;ставка не тратится: показы есть, кликов нет;7.30;27.5;;2.5;0.00;0;0;0;0;0;0;0;8;0;0;
323297413;36458352;🟡 жёлтый;держим;ставка не тратится: показы есть, кликов нет;7.30;16.2;;0.0;0.00;0;0;0;0;0;0;0;1;0;2;
861566235;35501262;🟡 жёлтый;держим;ставка не тратится: показы есть, кликов нет;7.30;23.3;;0.0;0.00;0;0;0;0;0;0;0;1;0;0;
862494843;35509256;🟡 жёлтый;держим;ставка не тратится: показы есть, кликов нет;7.30;26.9;;1.9;0.00;0;0;0;0;0;0;0;1;0;0;
863532947;35508624;🟡 жёлтый;держим;ставка не тратится: показы есть, кликов нет;7.30;23.8;;0.0;0.00;0;0;0;0;0;0;0;1;0;0;
323290668;36459468;🟡 жёлтый;держим;ставка не тратится: показы есть, кликов нет;7.30;31.9;;6.9;0.00;0;0;0;0;0;0;0;1;0;0;
323279834;35509833;🟡 жёлтый;держим;ставка не тратится: показы есть, кликов нет;7.30;37.8;;12.8;0.00;0;0;0;0;0;0;0;1;0;0;
313190601;35509833;🟡 жёлтый;держим;ставка не тратится: показы есть, кликов нет;7.30;39.5;;14.5;0.00;0;0;0;0;0;0;0;1;0;0;
858268078;35501262;🟡 жёлтый;держим;ставка не тратится: показы есть, кликов нет;7.30;21.3;;0.0;0.00;0;0;0;0;0;0;0;2;0;0;
434794897;35512936;🟡 жёлтый;держим;ставка не тратится: показы есть, кликов нет;7.30;28.7;;3.7;0.00;0;0;0;0;0;0;0;14;0;0;
862450420;35509256;🟡 жёлтый;держим;ставка не тратится: показы есть, кликов нет;7.30;23.6;;0.0;0.00;0;0;0;0;0;0;0;2;0;0;
870459095;35505900;🟡 жёлтый;держим;ставка не тратится: показы есть, кликов нет;7.30;18.8;;0.0;0.00;0;0;0;0;0;0;0;1;0;0;
872449137;35505545;🟡 жёлтый;держим;ставка не тратится: показы есть, кликов нет;7.30;30.6;;5.6;0.00;0;0;0;0;0;0;0;1;0;0;
877243706;35504951;🟡 жёлтый;держим;ставка не тратится: показы есть, кликов нет;7.30;30.8;;5.8;0.00;0;0;0;0;0;0;0;4;0;0;
873434351;35498462;🟡 жёлтый;держим;ставка не тратится: показы есть, кликов нет;7.30;28.2;;3.2;0.00;0;0;0;0;0;0;0;20;0;0;
877201868;35505238;🟡 жёлтый;держим;ставка не тратится: показы есть, кликов нет;7.30;27.8;;2.8;0.00;0;0;0;0;0;0;0;2;0;0;
878935336;35504537;🟡 жёлтый;держим;ставка не тратится: показы есть, кликов нет;7.30;26.5;;1.5;0.00;0;0;0;0;0;0;0;1;0;0;
878755637;35504537;🟡 жёлтый;держим;ставка не тратится: показы есть, кликов нет;7.30;33.7;;8.7;0.00;0;0;0;0;0;0;0;1;0;0;
878110277;35504951;🟡 жёлтый;держим;ставка не тратится: показы есть, кликов нет;7.30;24.7;;0.0;0.00;0;0;0;0;0;0;0;1;0;0;
912803155;35500111;🟡 жёлтый;держим;ставка не тратится: показы есть, кликов нет;7.30;23.0;;0.0;0.00;0;0;0;0;0;0;0;3;0;0;
867204769;35507796;🟡 жёлтый;держим;ставка не тратится: показы есть, кликов нет;7.30;29.5;;4.5;0.00;0;0;0;0;0;0;0;8;0;0;
323216749;36459894;🟡 жёлтый;держим;ставка не тратится: показы есть, кликов нет;7.30;35.2;;10.2;0.00;0;0;0;0;0;0;0;1;0;0;
873359069;35505545;🟡 жёлтый;держим;ставка не тратится: показы есть, кликов нет;7.30;25.6;;0.6;0.00;0;0;0;0;0;0;0;1;0;0;
880582463;35500249;🟡 жёлтый;держим;ставка не тратится: показы есть, кликов нет;7.30;20.3;;0.0;0.00;0;0;0;0;0;0;0;1;0;0;
881055652;35503784;🟡 жёлтый;держим;ставка не тратится: показы есть, кликов нет;7.30;36.2;;11.2;0.00;0;0;0;0;0;0;0;2;0;0;
881122781;35503784;🟡 жёлтый;держим;ставка не тратится: показы есть, кликов нет;7.30;30.6;;5.6;0.00;0;0;0;0;0;0;0;6;0;0;
323107659;36460596;🟡 жёлтый;держим;ставка не тратится: показы есть, кликов нет;7.30;39.9;;14.9;0.00;0;0;0;0;0;0;0;1;0;0;
881104293;35503784;🟡 жёлтый;держим;ставка не тратится: показы есть, кликов нет;7.30;30.6;;5.6;0.00;0;0;0;0;0;0;0;7;0;0;
324989864;35508987;🟡 жёлтый;держим;ставка не тратится: показы есть, кликов нет;7.30;38.9;;13.9;0.00;0;0;0;0;0;0;0;2;0;1;
886597550;35501886;🟡 жёлтый;держим;ставка не тратится: показы есть, кликов нет;7.30;21.9;;0.0;0.00;0;0;0;0;0;0;0;2;0;0;
323162596;35588483;🟡 жёлтый;держим;ставка не тратится: показы есть, кликов нет;7.30;22.2;;0.0;0.00;0;0;0;0;0;0;0;3;0;0;
884152802;35502769;🟡 жёлтый;держим;ставка не тратится: показы есть, кликов нет;7.30;28.8;;3.8;0.00;0;0;0;0;0;0;0;1;0;0;
915759898;35498703;🟡 жёлтый;держим;ставка не тратится: показы есть, кликов нет;7.30;21.6;;0.0;0.00;0;0;0;0;0;0;0;1;0;0;
883294169;35501028;🟡 жёлтый;держим;ставка не тратится: показы есть, кликов нет;7.30;15.5;;0.0;0.00;0;0;0;0;0;0;0;3;0;0;
323181216;35498462;🟡 жёлтый;держим;ставка не тратится: показы есть, кликов нет;7.30;29.1;;4.1;0.00;0;0;0;0;0;0;0;1;0;0;
323362444;35500111;🟡 жёлтый;держим;ставка не тратится: показы есть, кликов нет;7.30;24.0;;0.0;0.00;0;0;0;0;0;0;0;1;0;0;
865085038;35508404;🟡 жёлтый;держим;ставка не тратится: показы есть, кликов нет;7.30;39.9;;14.9;0.00;0;0;0;0;0;0;0;31;0;0;
909175450;35498839;🟡 жёлтый;держим;ставка не тратится: показы есть, кликов нет;7.30;24.2;;0.0;0.00;0;0;0;0;0;0;0;2;0;0;
862493392;35500638;🟡 жёлтый;держим;ставка не тратится: показы есть, кликов нет;7.30;23.4;;0.0;0.00;0;0;0;0;0;0;0;3;0;0;
880198551;35504156;🟡 жёлтый;держим;ставка не тратится: показы есть, кликов нет;7.30;36.3;;11.3;0.00;0;0;0;0;0;0;0;2;0;0;
323186338;36459894;🟡 жёлтый;держим;ставка не тратится: показы есть, кликов нет;7.30;31.3;;6.3;0.00;0;0;0;0;0;0;0;9;0;0;
915242344;35498839;🟡 жёлтый;держим;ставка не тратится: показы есть, кликов нет;7.30;37.2;;12.2;0.00;0;0;0;0;0;0;0;5;0;0;
885426116;35502200;🟡 жёлтый;держим;ставка не тратится: показы есть, кликов нет;7.30;36.7;;11.7;0.00;0;0;0;0;0;0;0;2;0;0;
923595057;35497681;🟡 жёлтый;держим;ставка не тратится: показы есть, кликов нет;7.30;36.6;;11.6;0.00;0;0;0;0;0;0;0;4;0;0;
323156047;35508987;🟡 жёлтый;держим;ставка не тратится: показы есть, кликов нет;7.30;42.2;;17.2;0.00;0;0;0;0;0;0;0;1;0;0;
323115840;36459301;🟡 жёлтый;держим;ставка не тратится: показы есть, кликов нет;7.30;41.0;;16.0;0.00;0;0;0;0;0;0;0;1;0;3;
323225626;35498462;🟡 жёлтый;держим;ставка не тратится: показы есть, кликов нет;7.30;45.7;;20.7;0.00;0;0;0;0;0;1;0;63;0;4;
886522361;35501886;🟡 жёлтый;держим;ставка не тратится: показы есть, кликов нет;7.30;33.4;;8.4;0.00;0;0;0;0;0;0;0;2;0;0;
923629174;35497681;🟡 жёлтый;держим;ставка не тратится: показы есть, кликов нет;7.30;42.7;;17.7;0.00;0;0;0;0;0;0;0;29;0;0;
880176676;35504156;🟡 жёлтый;держим;ставка не тратится: показы есть, кликов нет;7.30;41.2;;16.2;0.00;0;0;0;0;0;0;0;1;0;0;
599181029;35499196;🟡 жёлтый;держим;ставка не тратится: показы есть, кликов нет;7.30;24.7;;0.0;0.00;0;0;0;0;0;0;0;6;0;0;
865455962;35508404;🟡 жёлтый;держим;ставка не тратится: показы есть, кликов нет;7.30;43.1;;18.1;0.00;0;0;0;0;0;0;0;4;0;0;
887070564;35501683;🟡 жёлтый;держим;ставка не тратится: показы есть, кликов нет;7.30;23.4;;0.0;0.00;0;0;0;0;0;0;0;2;0;0;
324987567;35513872;🟡 жёлтый;держим;ставка не тратится: показы есть, кликов нет;7.30;16.5;;0.0;0.00;0;0;0;0;0;0;0;2;0;0;
868911057;35501028;🟡 жёлтый;держим;ставка не тратится: показы есть, кликов нет;7.30;29.4;;4.4;0.00;0;0;0;0;0;0;0;2;0;0;
865134939;35508404;🟡 жёлтый;держим;ставка не тратится: показы есть, кликов нет;7.30;37.4;;12.4;0.00;0;0;0;0;0;0;0;5;0;0;
872420022;35505900;🟡 жёлтый;держим;ставка не тратится: показы есть, кликов нет;7.30;40.0;;15.0;0.00;0;0;0;0;0;0;0;2;0;0;
882863754;35503146;🟡 жёлтый;держим;ставка не тратится: показы есть, кликов нет;7.30;24.0;;0.0;0.00;0;0;0;0;0;0;0;5;0;0;
323237993;35497479;🟡 жёлтый;держим;ставка не тратится: показы есть, кликов нет;7.30;27.0;;2.0;0.00;0;0;0;0;0;0;0;3;0;0;
880287874;35504156;🟡 жёлтый;держим;ставка не тратится: показы есть, кликов нет;7.30;32.5;;7.5;0.00;0;0;0;0;0;0;0;1;0;0;
323203040;35497479;🟡 жёлтый;держим;ставка не тратится: показы есть, кликов нет;7.30;18.3;;0.0;0.00;0;0;0;0;0;0;0;1;0;1;
323293111;36459301;🟡 жёлтый;держим;ставка не тратится: показы есть, кликов нет;7.30;30.0;;5.0;0.00;0;0;0;0;0;0;0;1;0;0;
872398481;35505900;🟡 жёлтый;держим;ставка не тратится: показы есть, кликов нет;7.30;40.0;;15.0;0.00;0;0;0;0;0;0;0;2;0;0;
885258184;35502200;🟡 жёлтый;держим;ставка не тратится: показы есть, кликов нет;7.30;30.5;;5.5;0.00;0;0;0;0;0;0;0;1;0;0;
915249087;35498839;🟡 жёлтый;держим;ставка не тратится: показы есть, кликов нет;7.30;37.2;;12.2;0.00;0;0;0;0;0;0;0;7;0;0;
880267145;35504156;🟡 жёлтый;держим;ставка не тратится: показы есть, кликов нет;7.30;36.8;;11.8;0.00;0;0;0;0;0;0;0;1;0;0;
881934740;35500111;🟡 жёлтый;держим;ставка не тратится: показы есть, кликов нет;7.30;23.3;;0.0;0.00;0;0;0;0;0;0;0;1;0;0;
434791995;35497916;🟡 жёлтый;держим;ставка не тратится: показы есть, кликов нет;7.30;37.0;;12.0;0.00;0;0;0;0;0;0;0;8;0;0;
313214537;35510132;🟡 жёлтый;держим;ставка не тратится: показы есть, кликов нет;7.30;39.5;;14.5;0.00;0;0;0;0;0;0;0;16;0;0;
313188204;36459468;🟡 жёлтый;держим;ставка не тратится: показы есть, кликов нет;7.30;52.2;;27.2;0.00;0;0;0;0;0;0;0;8;0;0;
435044593;35513180;🟡 жёлтый;держим;ставка не тратится: показы есть, кликов нет;7.30;38.3;;13.3;0.00;0;0;0;0;0;0;0;2;0;0;
882866780;35497479;🟡 жёлтый;держим;ставка не тратится: показы есть, кликов нет;7.30;23.8;;0.0;0.00;0;0;0;0;0;0;0;3;0;0;
323204837;35497916;🟡 жёлтый;держим;ставка не тратится: показы есть, кликов нет;7.30;32.4;;7.4;0.00;0;0;0;0;0;0;0;1;0;0;
872307812;35506296;🟡 жёлтый;держим;ставка не тратится: показы есть, кликов нет;7.30;41.3;;16.3;0.00;0;0;0;0;0;0;0;1;0;0;
863382670;35508624;🟡 жёлтый;держим;ставка не тратится: показы есть, кликов нет;7.30;22.2;;0.0;0.00;0;0;0;0;0;0;0;1;0;0;
486427805;35495292;🟡 жёлтый;держим;ставка не тратится: показы есть, кликов нет;7.30;26.8;;1.8;0.00;0;0;0;0;0;0;0;19;0;2;
432709910;35498926;🟡 жёлтый;держим;ставка не тратится: показы есть, кликов нет;7.30;23.8;;0.0;0.00;0;0;0;0;0;0;0;4;0;0;
865378389;35508404;🟡 жёлтый;держим;ставка не тратится: показы есть, кликов нет;7.30;29.4;;4.4;0.00;0;0;0;0;0;0;0;1;0;0;
323092698;36460596;🟡 жёлтый;держим;ставка не тратится: показы есть, кликов нет;7.30;38.5;;13.5;0.00;0;0;0;0;0;0;0;13;0;0;
323156877;35513872;🟡 жёлтый;держим;ставка не тратится: показы есть, кликов нет;7.30;39.0;;14.0;0.00;0;0;0;0;0;0;0;1;0;0;
885126849;35502769;🟡 жёлтый;держим;ставка не тратится: показы есть, кликов нет;7.30;22.9;;0.0;0.00;0;0;0;0;0;0;0;1;0;0;
873360260;35505545;🟡 жёлтый;держим;ставка не тратится: показы есть, кликов нет;7.30;25.6;;0.6;0.00;0;0;0;0;0;0;0;1;0;0;
313195207;36459301;🟡 жёлтый;держим;ставка не тратится: показы есть, кликов нет;7.30;37.0;;12.0;0.00;0;0;0;0;0;0;0;1;0;0;
923519324;35497681;🟡 жёлтый;держим;ставка не тратится: показы есть, кликов нет;7.30;34.9;;9.9;0.00;0;0;0;0;0;0;0;3;0;0;
698467172;35510132;🟡 жёлтый;держим;ставка не тратится: показы есть, кликов нет;7.30;24.4;;0.0;0.00;0;0;0;0;0;0;0;3;0;0;
867187313;35504537;🟡 жёлтый;держим;ставка не тратится: показы есть, кликов нет;7.30;24.4;;0.0;0.00;0;0;0;0;0;0;0;1;0;1;
874383403;35505545;🟡 жёлтый;держим;ставка не тратится: показы есть, кликов нет;7.30;18.6;;0.0;0.00;0;0;0;0;0;0;0;1;0;0;
886593076;35501886;🟡 жёлтый;держим;ставка не тратится: показы есть, кликов нет;7.30;28.4;;3.4;0.00;0;0;0;0;0;0;0;1;0;0;
883751193;35502978;🟡 жёлтый;держим;ставка не тратится: показы есть, кликов нет;7.30;17.2;;0.0;0.00;0;0;0;0;0;0;0;5;0;0;
885230867;35502200;🟡 жёлтый;держим;ставка не тратится: показы есть, кликов нет;7.30;32.2;;7.2;0.00;0;0;0;0;0;0;0;1;0;0;
874816000;35505238;🟡 жёлтый;держим;ставка не тратится: показы есть, кликов нет;7.30;18.7;;0.0;0.00;0;0;0;0;0;0;0;3;0;0;
860440392;35501028;🟡 жёлтый;держим;ставка не тратится: показы есть, кликов нет;7.30;33.8;;8.8;0.00;0;0;0;0;0;0;0;1;0;0;
873376445;35505545;🟡 жёлтый;держим;ставка не тратится: показы есть, кликов нет;7.30;25.6;;0.6;0.00;0;0;0;0;0;0;0;1;0;0;
883078808;35503146;🟡 жёлтый;держим;ставка не тратится: показы есть, кликов нет;7.30;24.7;;0.0;0.00;0;0;0;0;0;0;0;2;0;0;
923518636;35497681;🟡 жёлтый;держим;ставка не тратится: показы есть, кликов нет;7.30;34.9;;9.9;0.00;0;0;0;0;0;0;0;4;0;0;
323152427;36459075;🟡 жёлтый;держим;ставка не тратится: показы есть, кликов нет;7.30;37.8;;12.8;0.00;0;0;0;0;0;0;0;4;0;0;
913007808;35498462;🟡 жёлтый;держим;ставка не тратится: показы есть, кликов нет;7.30;27.6;;2.6;0.00;0;0;0;0;0;0;0;7;0;0;
323243753;36463324;🟡 жёлтый;держим;ставка не тратится: показы есть, кликов нет;7.30;22.0;;0.0;0.00;0;0;0;0;0;0;0;3;0;2;
323169284;36459894;🟡 жёлтый;держим;ставка не тратится: показы есть, кликов нет;7.30;39.5;;14.5;0.00;0;0;0;0;0;0;0;1;0;0;
913016880;35499491;🟡 жёлтый;держим;ставка не тратится: показы есть, кликов нет;7.30;18.9;;0.0;0.00;0;0;0;0;0;0;0;1;0;0;
313215012;36462624;🟡 жёлтый;держим;ставка не тратится: показы есть, кликов нет;7.30;32.4;;7.4;0.00;0;0;0;0;0;0;0;13;0;0;
923608687;35497681;🟡 жёлтый;держим;ставка не тратится: показы есть, кликов нет;7.30;33.1;;8.1;0.00;0;0;0;0;0;0;0;2;0;0;
479825342;35511919;🟡 жёлтый;держим;ставка не тратится: показы есть, кликов нет;7.30;21.0;;0.0;0.00;0;0;0;0;0;0;0;1;0;0;
872333530;35506296;🟡 жёлтый;держим;ставка не тратится: показы есть, кликов нет;7.30;38.4;;13.4;0.00;0;0;0;0;0;0;0;1;0;0;
313195199;35495292;🟡 жёлтый;держим;ставка не тратится: показы есть, кликов нет;7.30;19.6;;0.0;0.00;0;0;0;0;0;0;0;2;0;4;
879500371;35500249;🟡 жёлтый;держим;ставка не тратится: показы есть, кликов нет;7.30;21.7;;0.0;0.00;0;0;0;0;0;0;0;5;0;0;
324987436;35513872;🟡 жёлтый;держим;ставка не тратится: показы есть, кликов нет;7.30;17.1;;0.0;0.00;0;0;0;0;0;0;0;14;0;0;
313188437;35510132;🟡 жёлтый;держим;ставка не тратится: показы есть, кликов нет;7.30;33.7;;8.7;0.00;0;0;0;0;0;0;0;4;0;2;
871598738;35507256;🟡 жёлтый;держим;ставка не тратится: показы есть, кликов нет;7.30;20.0;;0.0;0.00;0;0;0;0;0;0;0;1;0;0;
923608543;35497681;🟡 жёлтый;держим;ставка не тратится: показы есть, кликов нет;7.30;33.1;;8.1;0.00;0;0;0;0;0;0;0;2;0;0;
323115413;35509833;🟡 жёлтый;держим;ставка не тратится: показы есть, кликов нет;7.30;35.4;;10.4;0.00;0;0;0;0;0;0;0;2;0;0;
324989333;35509833;🟡 жёлтый;держим;ставка не тратится: показы есть, кликов нет;7.30;15.4;;0.0;0.00;0;0;0;0;0;0;0;5;0;0;
869091848;35507796;🟡 жёлтый;держим;ставка не тратится: показы есть, кликов нет;7.30;23.4;;0.0;0.00;0;0;0;0;0;0;0;4;0;0;
324996114;35511919;🟡 жёлтый;держим;ставка не тратится: показы есть, кликов нет;7.30;36.2;;11.2;0.00;0;0;0;0;0;0;0;1;0;0;
883277967;35502978;🟡 жёлтый;держим;ставка не тратится: показы есть, кликов нет;7.30;36.3;;11.3;0.00;0;0;0;0;0;0;0;2;0;0;
923490893;35497916;🟡 жёлтый;держим;ставка не тратится: показы есть, кликов нет;7.30;24.6;;0.0;0.00;0;0;0;0;0;0;0;4;0;0;
323286320;35513180;🟡 жёлтый;держим;ставка не тратится: показы есть, кликов нет;7.30;37.3;;12.3;0.00;0;0;0;0;0;0;0;1;0;0;
881336778;35503414;🟡 жёлтый;держим;ставка не тратится: показы есть, кликов нет;7.30;17.1;;0.0;0.00;0;0;0;0;0;0;0;1;0;0;
323151957;35514220;🟡 жёлтый;держим;ставка не тратится: показы есть, кликов нет;7.30;40.1;;15.1;0.00;0;0;0;0;0;0;0;4;0;0;
885238897;35502200;🟡 жёлтый;держим;ставка не тратится: показы есть, кликов нет;7.30;36.1;;11.1;0.00;0;0;0;0;0;0;0;1;0;0;
497212261;35495292;🟡 жёлтый;держим;ставка не тратится: показы есть, кликов нет;7.30;35.9;;10.9;0.00;0;0;0;0;0;0;0;6;0;4;
883085853;35501028;🟡 жёлтый;держим;ставка не тратится: показы есть, кликов нет;7.30;24.1;;0.0;0.00;0;0;0;0;0;0;0;2;0;0;
801150231;35510132;🟡 жёлтый;держим;ставка не тратится: показы есть, кликов нет;7.30;26.3;;1.3;0.00;0;0;0;0;0;0;0;1;0;0;
869103322;35501028;🟡 жёлтый;держим;ставка не тратится: показы есть, кликов нет;7.30;24.8;;0.0;0.00;0;0;0;0;0;0;0;1;0;0;
323182862;35508987;🟡 жёлтый;держим;ставка не тратится: показы есть, кликов нет;7.30;41.9;;16.9;0.00;0;0;0;0;0;0;0;1;0;0;
343239878;35511919;🟡 жёлтый;держим;ставка не тратится: показы есть, кликов нет;7.30;27.9;;2.9;0.00;0;0;0;0;0;0;0;4;0;0;
887117766;35501683;🟡 жёлтый;держим;ставка не тратится: показы есть, кликов нет;7.30;34.2;;9.2;0.00;0;0;0;0;0;0;0;5;0;0;
881133846;35503784;🟡 жёлтый;держим;ставка не тратится: показы есть, кликов нет;7.30;34.1;;9.1;0.00;0;0;0;0;0;0;0;1;0;0;
313184261;36460596;🟡 жёлтый;держим;ставка не тратится: показы есть, кликов нет;7.30;18.0;;0.0;0.00;0;0;0;0;0;0;0;9;0;0;
874750472;35500638;🟡 жёлтый;держим;ставка не тратится: показы есть, кликов нет;7.30;19.7;;0.0;0.00;0;0;0;0;0;0;0;3;0;0;
867147091;35508061;🟡 жёлтый;держим;ставка не тратится: показы есть, кликов нет;7.30;25.9;;0.9;0.00;0;0;0;0;0;0;0;1;0;0;
874734412;35505238;🟡 жёлтый;держим;ставка не тратится: показы есть, кликов нет;7.30;17.1;;0.0;0.00;0;0;0;0;0;0;0;3;0;0;
313195917;35513872;🟡 жёлтый;держим;ставка не тратится: показы есть, кликов нет;7.30;15.5;;0.0;0.00;0;0;0;0;0;0;0;1;0;0;
323291753;36459301;🟡 жёлтый;держим;ставка не тратится: показы есть, кликов нет;7.30;20.1;;0.0;0.00;0;0;0;0;0;0;0;2;0;0;
881893220;35503414;🟡 жёлтый;держим;ставка не тратится: показы есть, кликов нет;7.30;21.1;;0.0;0.00;0;0;0;0;0;0;0;87;0;0;
313184998;35509833;🟡 жёлтый;держим;ставка не тратится: показы есть, кликов нет;7.30;21.7;;0.0;0.00;0;0;0;0;0;0;0;4;0;0;
880167571;35504156;🟡 жёлтый;держим;ставка не тратится: показы есть, кликов нет;7.30;30.9;;5.9;0.00;0;0;0;0;0;0;0;9;0;0;
313188548;35495292;🟡 жёлтый;держим;ставка не тратится: показы есть, кликов нет;7.30;46.7;;21.7;0.00;0;0;0;0;0;0;0;5;0;0;
872368212;35506296;🟡 жёлтый;держим;ставка не тратится: показы есть, кликов нет;7.30;52.0;;27.0;0.00;0;0;0;0;0;0;0;13;0;0;
887146800;35501683;🟡 жёлтый;держим;ставка не тратится: показы есть, кликов нет;7.30;23.1;;0.0;0.00;0;0;0;0;0;0;0;2;0;0;
923580078;35497681;🟡 жёлтый;держим;ставка не тратится: показы есть, кликов нет;7.30;36.6;;11.6;0.00;0;0;0;0;0;0;0;20;0;1;
313196214;36460596;🟡 жёлтый;держим;ставка не тратится: показы есть, кликов нет;7.30;18.3;;0.0;0.00;0;0;0;0;0;0;0;1;0;0;
886365565;35501886;🟡 жёлтый;держим;ставка не тратится: показы есть, кликов нет;7.30;25.6;;0.6;0.00;0;0;0;0;0;0;0;1;0;0;
923591018;35497681;🟡 жёлтый;держим;ставка не тратится: показы есть, кликов нет;7.30;39.4;;14.4;0.00;0;0;0;0;0;0;0;6;0;0;
313188967;35513491;🟡 жёлтый;держим;ставка не тратится: показы есть, кликов нет;7.30;39.8;;14.8;0.00;0;0;0;0;0;0;0;1;0;0;
323123665;35509833;🟡 жёлтый;держим;ставка не тратится: показы есть, кликов нет;7.30;32.1;;7.1;0.00;0;0;0;0;0;0;0;2;0;0;
923625847;35497681;🟡 жёлтый;держим;ставка не тратится: показы есть, кликов нет;7.30;43.8;;18.8;0.00;0;0;0;0;0;0;0;1;0;0;
323171661;36459301;🟡 жёлтый;держим;ставка не тратится: показы есть, кликов нет;7.30;38.1;;13.1;0.00;0;0;0;0;0;0;0;1;0;0;
923516769;35497681;🟡 жёлтый;держим;ставка не тратится: показы есть, кликов нет;7.30;34.9;;9.9;0.00;0;0;0;0;0;0;0;4;0;0;
887145985;35501683;🟡 жёлтый;держим;ставка не тратится: показы есть, кликов нет;7.30;23.1;;0.0;0.00;0;0;0;0;0;0;0;3;0;0;
871593809;35507256;🟡 жёлтый;держим;ставка не тратится: показы есть, кликов нет;7.30;16.3;;0.0;0.00;0;0;0;0;0;0;0;3;0;0;
915964216;35498671;🟡 жёлтый;держим;ставка не тратится: показы есть, кликов нет;7.30;21.5;;0.0;0.00;0;0;0;0;0;0;0;6;0;0;
324980404;36458948;🟡 жёлтый;держим;ставка не тратится: показы есть, кликов нет;7.30;33.6;;8.6;0.00;0;0;0;0;0;0;0;1;0;0;
923641341;35497681;🟡 жёлтый;держим;ставка не тратится: показы есть, кликов нет;7.30;43.7;;18.7;0.00;0;0;0;0;0;0;0;30;0;0;
861672538;35500638;🟡 жёлтый;держим;ставка не тратится: показы есть, кликов нет;7.30;23.4;;0.0;0.00;0;0;0;0;0;0;0;1;0;0;
874845237;35505238;🟡 жёлтый;держим;ставка не тратится: показы есть, кликов нет;7.30;24.1;;0.0;0.00;0;0;0;0;0;0;0;3;0;0;
859082122;35509833;🟡 жёлтый;держим;ставка не тратится: показы есть, кликов нет;7.30;23.1;;0.0;0.00;0;0;0;0;0;0;0;1;0;0;
323167773;35515230;🟡 жёлтый;держим;ставка не тратится: показы есть, кликов нет;7.30;36.9;;11.9;0.00;0;0;0;0;0;0;0;1;0;0;
879494947;35500249;🟡 жёлтый;держим;ставка не тратится: показы есть, кликов нет;7.30;21.7;;0.0;0.00;0;0;0;0;0;0;0;11;0;0;
883281208;35502978;🟡 жёлтый;держим;ставка не тратится: показы есть, кликов нет;7.30;27.7;;2.7;0.00;0;0;0;0;0;0;0;1;0;1;
915311953;35498621;🟡 жёлтый;держим;ставка не тратится: показы есть, кликов нет;7.30;29.7;;4.7;0.00;0;0;0;0;0;0;0;3;0;0;
882166725;35501028;🟡 жёлтый;держим;ставка не тратится: показы есть, кликов нет;7.30;26.3;;1.3;0.00;0;0;0;0;0;0;0;10;0;0;
885210978;35502200;🟡 жёлтый;держим;ставка не тратится: показы есть, кликов нет;7.30;20.7;;0.0;0.00;0;0;0;0;0;0;0;1;0;0;
323144314;35514926;🟡 жёлтый;держим;ставка не тратится: показы есть, кликов нет;7.30;16.5;;0.0;0.00;0;0;0;0;0;0;0;6;0;11;
323359612;35512317;🟡 жёлтый;держим;ставка не тратится: показы есть, кликов нет;7.30;23.6;;0.0;0.00;0;0;0;0;0;0;0;8;0;0;
873435015;35498462;🟡 жёлтый;держим;в KPI, заказов нет — наблюдаем;7.30;28.2;;3.2;14.60;0;0;0;0;0;0;1;24;2;2;
885255233;35501028;🟡 жёлтый;держим;ставка не тратится: показы есть, кликов нет;7.30;21.5;;0.0;0.00;0;0;0;0;0;0;0;4;0;0;
323132693;35514511;🟡 жёлтый;держим;ставка не тратится: показы есть, кликов нет;7.30;21.2;;0.0;0.00;0;0;0;0;0;0;0;1;0;0;
880262899;35504156;🟡 жёлтый;держим;ставка не тратится: показы есть, кликов нет;7.30;23.1;;0.0;0.00;0;0;0;0;0;0;0;1;0;0;
434799022;35497916;🟡 жёлтый;держим;ставка не тратится: показы есть, кликов нет;7.30;36.0;;11.0;0.00;0;0;0;0;0;0;0;1;0;0;
884658080;35502769;🟡 жёлтый;держим;ставка не тратится: показы есть, кликов нет;7.30;33.5;;8.5;0.00;0;0;0;0;0;0;0;1;0;0;
324995501;35511919;🟡 жёлтый;держим;ставка не тратится: показы есть, кликов нет;7.30;17.6;;0.0;0.00;0;0;0;0;0;0;0;4;0;0;
880165399;35504156;🟡 жёлтый;держим;ставка не тратится: показы есть, кликов нет;7.30;30.9;;5.9;0.00;0;0;0;0;0;0;0;10;0;0;
323339741;36463324;🟡 жёлтый;держим;ставка не тратится: показы есть, кликов нет;7.30;24.6;;0.0;0.00;0;0;0;0;0;0;0;48;0;0;
313196116;36459894;🟡 жёлтый;держим;ставка не тратится: показы есть, кликов нет;7.30;23.8;;0.0;0.00;0;0;0;0;0;0;0;2;0;0;
878195516;35501028;🟡 жёлтый;держим;ставка не тратится: показы есть, кликов нет;7.30;17.4;;0.0;0.00;0;0;0;0;0;0;0;1;0;0;
878684820;35504537;🟡 жёлтый;держим;ставка не тратится: показы есть, кликов нет;7.30;34.1;;9.1;0.00;0;0;0;0;0;0;0;2;0;0;
323247158;36459468;🟡 жёлтый;держим;ставка не тратится: показы есть, кликов нет;7.30;32.4;;7.4;0.00;0;0;0;0;0;0;0;3;0;0;
886443679;35501886;🟡 жёлтый;держим;ставка не тратится: показы есть, кликов нет;7.30;33.7;;8.7;0.00;0;0;0;0;0;0;0;4;0;0;
879747449;35504156;🟡 жёлтый;держим;ставка не тратится: показы есть, кликов нет;7.30;27.2;;2.2;0.00;0;0;0;0;0;0;0;1;0;0;
323108010;36460596;🟡 жёлтый;держим;ставка не тратится: показы есть, кликов нет;7.30;40.3;;15.3;0.00;0;0;0;0;0;0;0;6;0;1;
923491188;35497681;🟡 жёлтый;держим;ставка не тратится: показы есть, кликов нет;7.30;26.3;;1.3;0.00;0;0;0;0;0;0;0;2;0;0;
923515582;35497681;🟡 жёлтый;держим;ставка не тратится: показы есть, кликов нет;7.30;34.9;;9.9;0.00;0;0;0;0;0;0;0;2;0;0;
883251742;35503146;🟡 жёлтый;держим;ставка не тратится: показы есть, кликов нет;7.30;16.6;;0.0;0.00;0;0;0;0;0;1;0;12;0;0;
913004867;35498621;🟡 жёлтый;держим;ставка не тратится: показы есть, кликов нет;7.30;27.6;;2.6;0.00;0;0;0;0;0;0;0;3;0;0;
885259976;35502200;🟡 жёлтый;держим;ставка не тратится: показы есть, кликов нет;7.30;30.5;;5.5;0.00;0;0;0;0;0;0;0;2;0;0;
323239785;35514926;🟡 жёлтый;держим;ставка не тратится: показы есть, кликов нет;7.30;20.0;;0.0;0.00;0;0;0;0;0;0;0;1;0;0;
437416002;35513180;🟡 жёлтый;держим;ставка не тратится: показы есть, кликов нет;7.30;41.1;;16.1;0.00;0;0;0;0;0;0;0;20;0;0;
323115556;36459468;🟡 жёлтый;держим;ставка не тратится: показы есть, кликов нет;7.30;40.5;;15.5;0.00;0;0;0;0;0;0;0;1;0;0;
861665957;35503414;🟡 жёлтый;держим;ставка не тратится: показы есть, кликов нет;7.30;26.4;;1.4;0.00;0;0;0;0;0;0;0;1;0;0;
485606996;35511919;🟡 жёлтый;держим;ставка не тратится: показы есть, кликов нет;7.30;22.3;;0.0;0.00;0;0;0;0;0;0;0;3;0;0;
323363999;35511919;🟡 жёлтый;держим;ставка не тратится: показы есть, кликов нет;7.30;37.4;;12.4;0.00;0;0;0;0;0;0;0;3;0;0;
434720594;36460888;🟡 жёлтый;держим;ставка не тратится: показы есть, кликов нет;7.30;31.3;;6.3;0.00;0;0;0;0;0;0;0;2;0;0;
869266858;35507605;🟡 жёлтый;держим;ставка не тратится: показы есть, кликов нет;7.30;27.0;;2.0;0.00;0;0;0;0;0;0;0;1;0;0;
323182819;35513491;🟡 жёлтый;держим;ставка не тратится: показы есть, кликов нет;7.30;36.4;;11.4;0.00;0;0;0;0;0;0;0;2;0;0;
877198102;35505238;🟡 жёлтый;держим;ставка не тратится: показы есть, кликов нет;7.30;27.8;;2.8;0.00;0;0;0;0;0;0;0;1;0;0;
323304230;35495292;🟡 жёлтый;держим;ставка не тратится: показы есть, кликов нет;7.30;22.0;;0.0;0.00;0;0;0;0;0;0;0;1;0;0;
882975185;35503146;🟡 жёлтый;держим;ставка не тратится: показы есть, кликов нет;7.30;29.1;;4.1;0.00;0;0;0;0;0;0;0;7;0;0;
871638185;35507256;🟡 жёлтый;держим;ставка не тратится: показы есть, кликов нет;7.30;31.3;;6.3;0.00;0;0;0;0;0;0;0;7;0;0;
506575963;35510132;🟡 жёлтый;держим;ставка не тратится: показы есть, кликов нет;7.30;37.4;;12.4;0.00;0;0;0;0;0;0;0;9;0;5;
323129504;35514220;🟡 жёлтый;держим;ставка не тратится: показы есть, кликов нет;7.30;32.1;;7.1;0.00;0;0;0;0;0;0;0;4;0;0;
870467726;35498621;🟡 жёлтый;держим;ставка не тратится: показы есть, кликов нет;7.30;20.8;;0.0;0.00;0;0;0;0;0;0;0;12;0;0;
886394759;35501886;🟡 жёлтый;держим;ставка не тратится: показы есть, кликов нет;7.30;34.5;;9.5;0.00;0;0;0;0;0;0;0;2;0;0;
871019675;35507605;🟡 жёлтый;держим;ставка не тратится: показы есть, кликов нет;7.30;24.3;;0.0;0.00;0;0;0;0;0;0;0;7;0;0;
872417394;35505900;🟡 жёлтый;держим;ставка не тратится: показы есть, кликов нет;7.30;40.0;;15.0;0.00;0;0;0;0;0;0;0;3;0;0;
867072853;35508061;🟡 жёлтый;держим;ставка не тратится: показы есть, кликов нет;7.30;26.0;;1.0;0.00;0;0;0;0;0;0;0;3;0;0;
323204770;36459894;🟡 жёлтый;держим;ставка не тратится: показы есть, кликов нет;7.30;31.9;;6.9;0.00;0;0;0;0;0;0;0;1;0;0;
882860672;35503146;🟡 жёлтый;держим;ставка не тратится: показы есть, кликов нет;7.30;36.8;;11.8;0.00;0;0;0;0;0;0;0;1;0;0;
859957104;35509529;🟡 жёлтый;держим;ставка не тратится: показы есть, кликов нет;7.30;19.9;;0.0;0.00;0;0;0;0;0;0;0;1;0;0;
880441868;35503784;🟡 жёлтый;держим;ставка не тратится: показы есть, кликов нет;7.30;19.5;;0.0;0.00;0;0;0;0;0;0;0;16;0;0;
874390258;35505545;🟡 жёлтый;держим;ставка не тратится: показы есть, кликов нет;7.30;20.6;;0.0;0.00;0;0;0;0;0;0;0;2;0;0;
323155884;35508987;🟡 жёлтый;держим;ставка не тратится: показы есть, кликов нет;7.30;42.7;;17.7;0.00;0;0;0;0;0;0;0;14;0;0;
886319507;36458352;🟡 жёлтый;держим;ставка не тратится: показы есть, кликов нет;7.30;20.8;;0.0;0.00;0;0;0;0;0;0;0;1;0;0;
872367973;35506296;🟡 жёлтый;держим;ставка не тратится: показы есть, кликов нет;7.30;32.0;;7.0;0.00;0;0;0;0;0;0;0;6;0;0;
880331622;35501028;🟡 жёлтый;держим;ставка не тратится: показы есть, кликов нет;7.30;25.4;;0.4;0.00;0;0;0;0;0;0;0;1;0;0;
323270148;36463324;🟡 жёлтый;держим;ставка не тратится: показы есть, кликов нет;7.30;23.3;;0.0;0.00;0;0;0;0;0;0;0;1;0;0;
324991248;35512936;🟡 жёлтый;держим;ставка не тратится: показы есть, кликов нет;7.30;38.8;;13.8;0.00;0;0;0;0;0;0;0;1;0;0;
859991206;35509529;🟡 жёлтый;держим;ставка не тратится: показы есть, кликов нет;7.30;17.5;;0.0;0.00;0;0;0;0;0;0;0;5;0;0;
878895739;35503414;🟡 жёлтый;держим;ставка не тратится: показы есть, кликов нет;7.30;21.5;;0.0;0.00;0;0;0;0;0;0;0;2;0;0;
867203991;35508061;🟡 жёлтый;держим;ставка не тратится: показы есть, кликов нет;7.30;29.5;;4.5;0.00;0;0;0;0;0;0;0;5;0;0;
868917622;35507796;🟡 жёлтый;держим;ставка не тратится: показы есть, кликов нет;7.30;23.2;;0.0;0.00;0;0;0;0;0;0;0;2;0;0;
884030822;35502769;🟡 жёлтый;держим;ставка не тратится: показы есть, кликов нет;7.30;33.8;;8.8;0.00;0;0;0;0;0;0;0;2;0;0;
323348250;35513180;🟡 жёлтый;держим;ставка не тратится: показы есть, кликов нет;7.30;30.4;;5.4;0.00;0;0;0;0;0;0;0;2;0;0;
323146115;36458948;🟡 жёлтый;держим;ставка не тратится: показы есть, кликов нет;7.30;21.1;;0.0;0.00;0;0;0;0;0;0;0;1;0;0;
887160343;35501683;🟡 жёлтый;держим;ставка не тратится: показы есть, кликов нет;7.30;30.8;;5.8;0.00;0;0;0;0;0;0;0;51;0;0;
883200279;35503146;🟡 жёлтый;держим;ставка не тратится: показы есть, кликов нет;7.30;24.8;;0.0;0.00;0;0;0;0;0;0;0;1;0;0;
323362496;35512317;🟡 жёлтый;держим;ставка не тратится: показы есть, кликов нет;7.30;24.5;;0.0;0.00;0;0;0;0;0;0;0;2;0;0;
323158934;36459301;🟡 жёлтый;держим;ставка не тратится: показы есть, кликов нет;7.30;17.9;;0.0;0.00;0;0;0;0;0;0;0;1;0;0;
887125046;35501683;🟡 жёлтый;держим;ставка не тратится: показы есть, кликов нет;7.30;33.5;;8.5;0.00;0;0;0;0;0;0;0;1;0;0;
885402378;35502200;🟡 жёлтый;держим;ставка не тратится: показы есть, кликов нет;7.30;36.7;;11.7;0.00;0;0;0;0;0;0;0;1;0;0;
881842016;35503414;🟡 жёлтый;держим;ставка не тратится: показы есть, кликов нет;7.30;24.5;;0.0;0.00;0;0;0;0;0;0;0;3;0;0;
323240276;35588483;🟡 жёлтый;держим;ставка не тратится: показы есть, кликов нет;7.30;22.2;;0.0;0.00;0;0;0;0;0;0;0;2;0;0;
873449667;35505545;🟡 жёлтый;держим;ставка не тратится: показы есть, кликов нет;7.30;37.5;;12.5;0.00;0;0;0;0;0;0;0;1;0;0;
860457687;35501028;🟡 жёлтый;держим;ставка не тратится: показы есть, кликов нет;7.30;33.8;;8.8;0.00;0;0;0;0;0;0;0;1;0;0;
909176302;35500111;🟡 жёлтый;держим;ставка не тратится: показы есть, кликов нет;7.30;19.5;;0.0;0.00;0;0;0;0;0;0;0;4;0;0;
873453621;35505545;🟡 жёлтый;держим;ставка не тратится: показы есть, кликов нет;7.30;19.1;;0.0;0.00;0;0;0;0;0;0;0;2;0;0;
886468305;35501886;🟡 жёлтый;держим;ставка не тратится: показы есть, кликов нет;7.30;19.5;;0.0;0.00;0;0;0;0;0;0;0;1;0;0;
871737014;35506296;🟡 жёлтый;держим;ставка не тратится: показы есть, кликов нет;7.30;37.0;;12.0;0.00;0;0;0;0;0;0;0;8;0;0;
323207618;36459894;🟡 жёлтый;держим;ставка не тратится: показы есть, кликов нет;7.30;20.3;;0.0;0.00;0;0;0;0;0;0;0;1;0;0;
865207258;35508404;🟡 жёлтый;держим;ставка не тратится: показы есть, кликов нет;7.30;33.2;;8.2;0.00;0;0;0;0;0;0;0;1;0;0;
877908496;35504951;🟡 жёлтый;держим;ставка не тратится: показы есть, кликов нет;7.30;39.9;;14.9;0.00;0;0;0;0;0;0;0;1;0;0;
869224032;35505900;🟡 жёлтый;держим;ставка не тратится: показы есть, кликов нет;7.30;17.8;;0.0;0.00;0;0;0;0;0;0;0;1;0;0;
881228070;35503784;🟡 жёлтый;держим;ставка не тратится: показы есть, кликов нет;7.30;19.8;;0.0;0.00;0;0;0;0;0;0;0;1;0;0;
887098464;35501683;🟡 жёлтый;держим;ставка не тратится: показы есть, кликов нет;7.30;31.3;;6.3;0.00;0;0;0;0;0;0;0;1;0;0;
323251781;35512936;🟡 жёлтый;держим;ставка не тратится: показы есть, кликов нет;7.30;22.2;;0.0;0.00;0;0;0;0;0;0;0;1;0;0;
313196157;35514220;🟡 жёлтый;держим;ставка не тратится: показы есть, кликов нет;7.30;21.2;;0.0;0.00;0;0;0;0;0;0;0;1;0;0;
863235231;35508624;🟡 жёлтый;держим;ставка не тратится: показы есть, кликов нет;7.30;16.8;;0.0;0.00;0;0;0;0;0;0;0;1;0;0;
876694029;35497479;🟡 жёлтый;держим;ставка не тратится: показы есть, кликов нет;7.30;25.7;;0.7;0.00;0;0;0;0;0;0;0;1;0;0;
871024504;35507605;🟡 жёлтый;держим;ставка не тратится: показы есть, кликов нет;7.30;24.3;;0.0;0.00;0;0;0;0;0;0;0;6;0;0;
323284370;35515230;🟡 жёлтый;держим;ставка не тратится: показы есть, кликов нет;7.30;27.5;;2.5;0.00;0;0;0;0;0;0;0;1;0;0;
698444680;35510132;🟡 жёлтый;держим;ставка не тратится: показы есть, кликов нет;7.30;26.0;;1.0;0.00;0;0;0;0;0;0;0;2;0;2;
923587768;35497681;🟡 жёлтый;держим;ставка не тратится: показы есть, кликов нет;7.30;42.2;;17.2;0.00;0;0;0;0;0;0;0;7;0;0;
862479398;35509256;🟡 жёлтый;держим;ставка не тратится: показы есть, кликов нет;7.30;36.9;;11.9;0.00;0;0;0;0;0;0;0;15;0;0;
869004682;35507796;🟡 жёлтый;держим;ставка не тратится: показы есть, кликов нет;7.30;21.4;;0.0;0.00;0;0;0;0;0;0;0;1;0;0;
923490445;35497916;🟡 жёлтый;держим;ставка не тратится: показы есть, кликов нет;7.30;24.6;;0.0;0.00;0;0;0;0;0;0;0;1;0;0;
884093547;35502769;🟡 жёлтый;держим;ставка не тратится: показы есть, кликов нет;7.30;35.1;;10.1;0.00;0;0;0;0;0;0;0;2;0;0;
873455706;35505545;🟡 жёлтый;держим;ставка не тратится: показы есть, кликов нет;7.30;32.5;;7.5;0.00;0;0;0;0;0;0;0;10;0;0;
873360526;35505545;🟡 жёлтый;держим;ставка не тратится: показы есть, кликов нет;7.30;25.6;;0.6;0.00;0;0;0;0;0;0;0;2;0;1;
323207686;36459468;🟡 жёлтый;держим;ставка не тратится: показы есть, кликов нет;7.30;41.9;;16.9;0.00;0;0;0;0;0;0;0;5;0;0;
323122194;35514220;🟡 жёлтый;держим;ставка не тратится: показы есть, кликов нет;7.30;32.7;;7.7;0.00;0;0;0;0;0;0;0;1;0;0;
872382983;35505900;🟡 жёлтый;держим;ставка не тратится: показы есть, кликов нет;7.30;40.0;;15.0;0.00;0;0;0;0;0;0;0;1;0;0;
865723838;35508061;🟡 жёлтый;держим;ставка не тратится: показы есть, кликов нет;7.30;24.5;;0.0;0.00;0;0;0;0;0;0;0;3;0;0;
861654649;35500638;🟡 жёлтый;держим;ставка не тратится: показы есть, кликов нет;7.30;24.3;;0.0;0.00;0;0;0;0;0;0;0;1;0;0;
865693836;35508061;🟡 жёлтый;держим;ставка не тратится: показы есть, кликов нет;7.30;41.0;;16.0;0.00;0;0;0;0;0;0;0;1;0;0;
323214049;35513180;🟡 жёлтый;держим;ставка не тратится: показы есть, кликов нет;7.30;30.1;;5.1;0.00;0;0;0;0;0;0;0;2;0;0;
868887774;35507796;🟡 жёлтый;держим;ставка не тратится: показы есть, кликов нет;7.30;25.1;;0.1;0.00;0;0;0;0;0;0;0;1;0;0;
874840643;35505238;🟡 жёлтый;держим;ставка не тратится: показы есть, кликов нет;7.30;23.7;;0.0;0.00;0;0;0;0;0;0;0;4;0;0;
323205276;35513491;🟡 жёлтый;держим;ставка не тратится: показы есть, кликов нет;7.30;30.5;;5.5;0.00;0;0;0;0;0;0;0;1;0;0;
877224206;35504951;🟡 жёлтый;держим;ставка не тратится: показы есть, кликов нет;7.30;27.8;;2.8;0.00;0;0;0;0;0;0;0;1;0;0;
884632251;35502769;🟡 жёлтый;держим;ставка не тратится: показы есть, кликов нет;7.30;33.5;;8.5;0.00;0;0;0;0;0;0;0;3;0;0;
435044690;35513180;🟡 жёлтый;держим;ставка не тратится: показы есть, кликов нет;7.30;26.9;;1.9;0.00;0;0;0;0;0;0;0;6;0;0;
497003036;35510132;🟡 жёлтый;держим;ставка не тратится: показы есть, кликов нет;7.30;18.9;;0.0;0.00;0;0;0;0;0;4;0;1;0;1;
887723009;35501509;🟡 жёлтый;держим;ставка не тратится: показы есть, кликов нет;7.30;31.6;;6.6;0.00;0;0;0;0;0;0;0;6;0;0;
880486511;35503784;🟡 жёлтый;держим;ставка не тратится: показы есть, кликов нет;7.30;21.7;;0.0;0.00;0;0;0;0;0;0;0;2;0;0;
877884345;35504951;🟡 жёлтый;держим;ставка не тратится: показы есть, кликов нет;7.30;25.4;;0.4;0.00;0;0;0;0;0;0;0;1;0;0;
323205574;35513180;🟡 жёлтый;держим;ставка не тратится: показы есть, кликов нет;7.30;33.6;;8.6;0.00;0;0;0;0;0;0;0;1;0;0;
323151263;35514220;🟡 жёлтый;держим;ставка не тратится: показы есть, кликов нет;7.30;40.4;;15.4;0.00;0;0;0;0;0;0;0;3;0;0;
872429450;36458352;🟡 жёлтый;держим;ставка не тратится: показы есть, кликов нет;7.30;40.0;;15.0;0.00;0;0;0;0;0;0;0;2;0;0;
323285936;35515230;🟡 жёлтый;держим;ставка не тратится: показы есть, кликов нет;7.30;36.4;;11.4;0.00;0;0;0;0;0;0;0;1;0;0;
885462788;35497479;🟡 жёлтый;держим;ставка не тратится: показы есть, кликов нет;7.30;35.7;;10.7;0.00;0;0;0;0;0;0;0;15;0;0;
323168965;35508987;🟡 жёлтый;держим;ставка не тратится: показы есть, кликов нет;7.30;46.1;;21.1;0.00;0;0;0;0;0;0;0;5;0;0;
872362238;35506296;🟡 жёлтый;держим;ставка не тратится: показы есть, кликов нет;7.30;32.0;;7.0;0.00;0;0;0;0;0;0;0;3;0;0;
884058273;35500638;🟡 жёлтый;держим;ставка не тратится: показы есть, кликов нет;7.30;30.5;;5.5;0.00;0;0;0;0;0;0;0;8;0;0;
865246710;35501262;🟡 жёлтый;держим;ставка не тратится: показы есть, кликов нет;7.30;19.3;;0.0;0.00;0;0;0;0;0;0;0;1;0;1;
313191703;35514220;🟡 жёлтый;держим;ставка не тратится: показы есть, кликов нет;7.30;28.6;;3.6;0.00;0;0;0;0;0;0;0;2;0;0;
323344818;36458352;🟡 жёлтый;держим;ставка не тратится: показы есть, кликов нет;7.30;30.3;;5.3;0.00;0;0;0;0;0;0;0;1;0;0;
872312041;35506296;🟡 жёлтый;держим;ставка не тратится: показы есть, кликов нет;7.30;35.3;;10.3;0.00;0;0;0;0;0;0;0;5;0;0;
912946713;35499491;🟡 жёлтый;держим;ставка не тратится: показы есть, кликов нет;7.30;25.8;;0.8;0.00;0;0;0;0;0;0;0;1;0;0;
923518744;35497681;🟡 жёлтый;держим;ставка не тратится: показы есть, кликов нет;7.30;34.9;;9.9;0.00;0;0;0;0;0;0;0;4;0;0;
923622762;35497681;🟡 жёлтый;держим;ставка не тратится: показы есть, кликов нет;7.30;38.9;;13.9;0.00;0;0;0;0;0;0;0;13;0;0;
869300042;35507605;🟡 жёлтый;держим;ставка не тратится: показы есть, кликов нет;7.30;22.1;;0.0;0.00;0;0;0;0;0;0;0;6;0;0;
912946819;35499491;🟡 жёлтый;держим;ставка не тратится: показы есть, кликов нет;7.30;25.8;;0.8;0.00;0;0;0;0;0;0;0;1;0;0;
883116382;35502769;🟡 жёлтый;держим;ставка не тратится: показы есть, кликов нет;7.30;21.0;;0.0;0.00;0;0;0;0;0;0;0;2;0;0;
883067246;35503146;🟡 жёлтый;держим;ставка не тратится: показы есть, кликов нет;7.30;47.7;;22.7;0.00;0;0;0;0;0;0;0;1;0;0;
887217443;35501509;🟡 жёлтый;держим;ставка не тратится: показы есть, кликов нет;7.30;27.8;;2.8;0.00;0;0;0;0;0;0;0;65;0;0;
865735241;35508061;🟡 жёлтый;держим;ставка не тратится: показы есть, кликов нет;7.30;25.0;;0.0;0.00;0;0;0;0;0;0;0;1;0;0;
867115232;35508061;🟡 жёлтый;держим;ставка не тратится: показы есть, кликов нет;7.30;30.6;;5.6;0.00;0;0;0;0;0;0;0;10;0;0;
884644429;35502769;🟡 жёлтый;держим;ставка не тратится: показы есть, кликов нет;7.30;33.5;;8.5;0.00;0;0;0;0;0;0;0;1;0;0;
323091368;36463324;🟡 жёлтый;держим;ставка не тратится: показы есть, кликов нет;7.30;45.6;;20.6;0.00;0;0;0;0;0;0;0;4;0;3;
879551892;35504537;🟡 жёлтый;держим;в KPI, заказов нет — наблюдаем;7.30;36.9;;11.9;14.60;0;0;0;0;0;0;1;24;2;1;
923639963;35497681;🟡 жёлтый;держим;ставка не тратится: показы есть, кликов нет;7.30;44.7;;19.7;0.00;0;0;0;0;0;0;0;2;0;0;
324983917;35514926;🟡 жёлтый;держим;ставка не тратится: показы есть, кликов нет;7.30;22.8;;0.0;0.00;0;0;0;0;0;0;0;9;0;0;
869094635;35507796;🟡 жёлтый;держим;ставка не тратится: показы есть, кликов нет;7.30;23.4;;0.0;0.00;0;0;0;0;0;0;0;4;0;0;
883271798;35502978;🟡 жёлтый;держим;ставка не тратится: показы есть, кликов нет;7.30;33.6;;8.6;0.00;0;0;0;0;0;0;0;2;0;0;
324981201;35495292;🟡 жёлтый;держим;ставка не тратится: показы есть, кликов нет;7.30;18.6;;0.0;0.00;0;0;0;0;0;0;0;1;0;0;
323268351;35513491;🟡 жёлтый;держим;ставка не тратится: показы есть, кликов нет;7.30;34.6;;9.6;0.00;0;0;0;0;0;0;0;2;0;0;
871593221;35507256;🟡 жёлтый;держим;ставка не тратится: показы есть, кликов нет;7.30;16.3;;0.0;0.00;0;0;0;0;0;0;0;4;0;0;
882154526;35501262;🟡 жёлтый;держим;ставка не тратится: показы есть, кликов нет;7.30;22.0;;0.0;0.00;0;0;0;0;0;0;0;3;0;0;
313184288;35501028;🟡 жёлтый;держим;ставка не тратится: показы есть, кликов нет;7.30;16.7;;0.0;0.00;0;0;0;0;0;0;0;7;0;0;
323362967;36463324;🟡 жёлтый;держим;ставка не тратится: показы есть, кликов нет;7.30;23.4;;0.0;0.00;0;0;0;0;0;0;0;7;0;1;
886401025;35501886;🟡 жёлтый;держим;ставка не тратится: показы есть, кликов нет;7.30;24.0;;0.0;0.00;0;0;0;0;0;0;0;2;0;0;
880641091;35503784;🟡 жёлтый;держим;ставка не тратится: показы есть, кликов нет;7.30;33.7;;8.7;0.00;0;0;0;0;0;0;0;2;0;0;
862468951;35509256;🟡 жёлтый;держим;ставка не тратится: показы есть, кликов нет;7.30;26.4;;1.4;0.00;0;0;0;0;0;0;0;3;0;0;
313194773;35495292;🟡 жёлтый;держим;ставка не тратится: показы есть, кликов нет;7.30;18.0;;0.0;0.00;0;0;0;0;0;0;0;1;0;0;
863583218;35501509;🟡 жёлтый;держим;ставка не тратится: показы есть, кликов нет;7.30;30.5;;5.5;0.00;0;0;0;0;0;0;0;2;0;0;
858255562;35501262;🟡 жёлтый;держим;ставка не тратится: показы есть, кликов нет;7.30;25.5;;0.5;0.00;0;0;0;0;0;0;0;1;0;0;
885246217;35502200;🟡 жёлтый;держим;ставка не тратится: показы есть, кликов нет;7.30;22.4;;0.0;0.00;0;0;0;0;0;0;0;1;0;0;
883644315;35502978;🟡 жёлтый;держим;ставка не тратится: показы есть, кликов нет;7.30;26.9;;1.9;0.00;0;0;0;0;0;0;0;3;0;1;
863314766;35508624;🟡 жёлтый;держим;ставка не тратится: показы есть, кликов нет;7.30;27.2;;2.2;0.00;0;0;0;0;0;0;0;2;0;0;
887277268;35501509;🟡 жёлтый;держим;ставка не тратится: показы есть, кликов нет;7.30;27.3;;2.3;0.00;0;0;0;0;0;0;0;10;0;0;
887095947;35501683;🟡 жёлтый;держим;ставка не тратится: показы есть, кликов нет;7.30;31.3;;6.3;0.00;0;0;0;0;0;0;0;3;0;0;
865499501;35508061;🟡 жёлтый;держим;ставка не тратится: показы есть, кликов нет;7.30;20.1;;0.0;0.00;0;0;0;0;0;0;0;1;0;0;
313184700;35512317;🟡 жёлтый;держим;ставка не тратится: показы есть, кликов нет;7.30;17.4;;0.0;0.00;0;0;0;0;0;0;0;9;0;0;
323311050;36459894;🟡 жёлтый;держим;ставка не тратится: показы есть, кликов нет;7.30;22.3;;0.0;0.00;0;0;0;0;0;0;0;1;0;1;
868887140;35507796;🟡 жёлтый;держим;ставка не тратится: показы есть, кликов нет;7.30;25.1;;0.1;0.00;0;0;0;0;0;0;0;1;0;0;
323285979;35514511;🟡 жёлтый;держим;ставка не тратится: показы есть, кликов нет;7.30;22.4;;0.0;0.00;0;0;0;0;0;0;0;3;0;0;
886355498;36458352;🟡 жёлтый;держим;ставка не тратится: показы есть, кликов нет;7.30;25.6;;0.6;0.00;0;0;0;0;0;0;0;1;0;0;
313184534;36463324;🟡 жёлтый;держим;ставка не тратится: показы есть, кликов нет;7.30;32.2;;7.2;0.00;0;0;0;0;0;0;0;19;0;0;
313194652;35495292;🟡 жёлтый;держим;ставка не тратится: показы есть, кликов нет;7.30;45.9;;20.9;0.00;0;0;0;0;0;0;0;1;0;0;
380685107;36463324;🟡 жёлтый;держим;ставка не тратится: показы есть, кликов нет;7.30;29.2;;4.2;0.00;0;0;0;0;0;0;0;5;0;0;
323108082;36460596;🟡 жёлтый;держим;ставка не тратится: показы есть, кликов нет;7.30;34.9;;9.9;0.00;0;0;0;0;0;0;1;3;0;2;
865595241;35508061;🟡 жёлтый;держим;ставка не тратится: показы есть, кликов нет;7.30;34.8;;9.8;0.00;0;0;0;0;0;0;0;2;0;0;
323109552;36459894;🟡 жёлтый;держим;ставка не тратится: показы есть, кликов нет;7.30;22.5;;0.0;0.00;0;0;0;0;0;0;0;2;0;0;
872363975;35506296;🟡 жёлтый;держим;ставка не тратится: показы есть, кликов нет;7.30;32.0;;7.0;0.00;0;0;0;0;0;0;0;2;0;0;
313191300;35495292;🟡 жёлтый;держим;ставка не тратится: показы есть, кликов нет;7.30;39.5;;14.5;0.00;0;0;0;0;0;0;0;24;0;0;
874725710;35501028;🟡 жёлтый;держим;ставка не тратится: показы есть, кликов нет;7.30;25.5;;0.5;0.00;0;0;0;0;0;0;0;7;0;0;
872396733;35505900;🟡 жёлтый;держим;ставка не тратится: показы есть, кликов нет;7.30;40.0;;15.0;0.00;0;0;0;0;0;0;0;2;0;0;
915964372;35498747;🟡 жёлтый;держим;ставка не тратится: показы есть, кликов нет;7.30;21.5;;0.0;0.00;0;0;0;0;0;0;0;7;0;0;
865094860;35508404;🟡 жёлтый;держим;ставка не тратится: показы есть, кликов нет;7.30;40.4;;15.4;0.00;0;0;0;0;0;0;0;2;0;0;
874802448;35505238;🟡 жёлтый;держим;ставка не тратится: показы есть, кликов нет;7.30;30.1;;5.1;0.00;0;0;0;0;0;0;0;2;0;0;
877190754;35505238;🟡 жёлтый;держим;ставка не тратится: показы есть, кликов нет;7.30;27.8;;2.8;0.00;0;0;0;0;0;0;0;1;0;0;
886296921;36458352;🟡 жёлтый;держим;ставка не тратится: показы есть, кликов нет;7.30;30.0;;5.0;0.00;0;0;0;0;0;0;0;1;0;0;
323191437;36462624;🟡 жёлтый;держим;ставка не тратится: показы есть, кликов нет;7.30;43.2;;18.2;0.00;0;0;0;0;0;0;0;2;0;0;
883096794;35503146;🟡 жёлтый;держим;ставка не тратится: показы есть, кликов нет;7.30;22.5;;0.0;0.00;0;0;0;0;0;0;0;2;0;0;
886701647;35501683;🟡 жёлтый;держим;ставка не тратится: показы есть, кликов нет;7.30;28.5;;3.5;0.00;0;0;0;0;0;0;0;3;0;0;
323149253;36459075;🟡 жёлтый;держим;ставка не тратится: показы есть, кликов нет;7.30;52.0;;27.0;0.00;0;0;0;0;0;0;0;1;0;0;
313196061;36459468;🟡 жёлтый;держим;ставка не тратится: показы есть, кликов нет;7.30;17.2;;0.0;0.00;0;0;0;0;0;0;0;2;0;1;
323224616;35508987;🟡 жёлтый;держим;ставка не тратится: показы есть, кликов нет;7.30;39.4;;14.4;0.00;0;0;0;0;0;0;0;9;0;1;
313216261;36459894;🟡 жёлтый;держим;ставка не тратится: показы есть, кликов нет;7.30;21.7;;0.0;0.00;0;0;0;0;0;0;0;1;0;0;
880591791;35500249;🟡 жёлтый;держим;ставка не тратится: показы есть, кликов нет;7.30;20.3;;0.0;0.00;0;0;0;0;0;0;0;1;0;0;
877438293;35500249;🟡 жёлтый;держим;ставка не тратится: показы есть, кликов нет;7.30;35.9;;10.9;0.00;0;0;0;0;0;0;0;2;0;0;
866748441;35501509;🟡 жёлтый;держим;ставка не тратится: показы есть, кликов нет;7.30;31.8;;6.8;0.00;0;0;0;0;0;0;0;18;0;2;
751873046;35514220;🟡 жёлтый;держим;ставка не тратится: показы есть, кликов нет;7.30;48.0;;23.0;0.00;0;0;0;0;0;0;0;3;0;0;
599068662;35510132;🟡 жёлтый;держим;ставка не тратится: показы есть, кликов нет;7.30;34.1;;9.1;0.00;0;0;0;0;0;0;0;1;0;1;
865031408;35508624;🟡 жёлтый;держим;ставка не тратится: показы есть, кликов нет;7.30;22.1;;0.0;0.00;0;0;0;0;0;0;0;5;0;0;
323360015;35508987;🟡 жёлтый;держим;ставка не тратится: показы есть, кликов нет;7.30;42.5;;17.5;0.00;0;0;0;0;0;0;0;4;0;0;
323218370;35514511;🟡 жёлтый;держим;ставка не тратится: показы есть, кликов нет;7.30;26.9;;1.9;0.00;0;0;0;0;0;0;0;120;0;1;
880178549;35504156;🟡 жёлтый;держим;ставка не тратится: показы есть, кликов нет;7.30;41.2;;16.2;0.00;0;0;0;0;0;0;0;1;0;0;
323312759;35513180;🟡 жёлтый;держим;ставка не тратится: показы есть, кликов нет;7.30;33.8;;8.8;0.00;0;0;0;0;0;0;0;1;0;0;
882827150;35503414;🟡 жёлтый;держим;ставка не тратится: показы есть, кликов нет;7.30;33.6;;8.6;0.00;0;0;0;0;0;0;0;1;0;0;
871710487;35506296;🟡 жёлтый;держим;ставка не тратится: показы есть, кликов нет;7.30;40.1;;15.1;0.00;0;0;0;0;0;0;0;1;0;0;
313183521;36459894;🟡 жёлтый;держим;ставка не тратится: показы есть, кликов нет;7.30;25.8;;0.8;0.00;0;0;0;0;0;0;0;1;0;1;
871074934;35507605;🟡 жёлтый;держим;ставка не тратится: показы есть, кликов нет;7.30;17.1;;0.0;0.00;0;0;0;0;0;0;0;10;0;0;
323326198;35513872;🟡 жёлтый;держим;ставка не тратится: показы есть, кликов нет;7.30;22.1;;0.0;0.00;0;0;0;0;0;0;0;2;0;0;
343240004;35498926;🟡 жёлтый;держим;ставка не тратится: показы есть, кликов нет;7.30;34.3;;9.3;0.00;0;0;0;0;0;0;0;4;0;0;
323184683;35509256;🟡 жёлтый;держим;ставка не тратится: показы есть, кликов нет;7.30;43.1;;18.1;0.00;0;0;0;0;0;0;0;1;0;1;
877218328;35505238;🟡 жёлтый;держим;ставка не тратится: показы есть, кликов нет;7.30;27.8;;2.8;0.00;0;0;0;0;0;0;0;1;0;0;
881929530;35503414;🟡 жёлтый;держим;ставка не тратится: показы есть, кликов нет;7.30;19.2;;0.0;0.00;0;0;0;0;0;0;0;5;0;0;
871051681;35507605;🟡 жёлтый;держим;ставка не тратится: показы есть, кликов нет;7.30;27.6;;2.6;0.00;0;0;0;0;0;0;0;1;0;0;
323251356;35588483;🟡 жёлтый;держим;ставка не тратится: показы есть, кликов нет;7.30;17.8;;0.0;0.00;0;0;0;0;0;0;0;3;0;0;
313185003;35497916;🟡 жёлтый;держим;ставка не тратится: показы есть, кликов нет;7.30;37.6;;12.6;0.00;0;0;0;0;0;0;0;7;0;0;
878032841;35504951;🟡 жёлтый;держим;ставка не тратится: показы есть, кликов нет;7.30;39.5;;14.5;0.00;0;0;0;0;0;0;0;3;0;0;
859958131;35509529;🟡 жёлтый;держим;ставка не тратится: показы есть, кликов нет;7.30;19.9;;0.0;0.00;0;0;0;0;0;0;0;1;0;0;
323363728;35512317;🟡 жёлтый;держим;ставка не тратится: показы есть, кликов нет;7.30;17.7;;0.0;0.00;0;0;0;0;0;0;0;3;0;0;
915909523;35498671;🟡 жёлтый;держим;ставка не тратится: показы есть, кликов нет;7.30;28.7;;3.7;0.00;0;0;0;0;0;0;0;2;0;0;
323219252;35513180;🟡 жёлтый;держим;ставка не тратится: показы есть, кликов нет;7.30;30.6;;5.6;0.00;0;0;0;0;0;0;0;110;0;1;
865340394;35508624;🟡 жёлтый;держим;ставка не тратится: показы есть, кликов нет;7.30;16.8;;0.0;0.00;0;0;0;0;0;0;0;2;0;0;
887696083;35501509;🟡 жёлтый;держим;ставка не тратится: показы есть, кликов нет;7.30;23.6;;0.0;0.00;0;0;0;0;0;0;0;2;0;0;
868982147;35507796;🟡 жёлтый;держим;ставка не тратится: показы есть, кликов нет;7.30;33.0;;8.0;0.00;0;0;0;0;0;0;0;8;0;0;
913004627;35498621;🟡 жёлтый;держим;ставка не тратится: показы есть, кликов нет;7.30;27.6;;2.6;0.00;0;0;0;0;0;0;0;5;0;0;
923518601;35497681;🟡 жёлтый;держим;ставка не тратится: показы есть, кликов нет;7.30;34.9;;9.9;0.00;0;0;0;0;0;0;0;5;0;0;
860459704;35501028;🟡 жёлтый;держим;ставка не тратится: показы есть, кликов нет;7.30;33.8;;8.8;0.00;0;0;0;0;0;0;0;1;0;0;
915273727;35498839;🟡 жёлтый;держим;ставка не тратится: показы есть, кликов нет;7.30;21.9;;0.0;0.00;0;0;0;0;0;0;0;2;0;0;
915958876;35498671;🟡 жёлтый;держим;ставка не тратится: показы есть, кликов нет;7.30;19.2;;0.0;0.00;0;0;0;0;0;0;0;1;0;0;
485278528;35511919;🟡 жёлтый;держим;ставка не тратится: показы есть, кликов нет;7.30;27.4;;2.4;0.00;0;0;0;0;0;0;0;2;0;0;
323363190;35512317;🟡 жёлтый;держим;ставка не тратится: показы есть, кликов нет;7.30;36.8;;11.8;0.00;0;0;0;0;0;0;0;2;0;0;
861263617;35509256;🟡 жёлтый;держим;ставка не тратится: показы есть, кликов нет;7.30;15.0;;0.0;0.00;0;0;0;0;0;0;0;1;0;0;
872423967;35505900;🟡 жёлтый;держим;ставка не тратится: показы есть, кликов нет;7.30;40.0;;15.0;0.00;0;0;0;0;0;0;0;2;0;0;
867113990;35508061;🟡 жёлтый;держим;ставка не тратится: показы есть, кликов нет;7.30;30.6;;5.6;0.00;0;0;0;0;0;0;0;7;0;0;
886530144;35501886;🟡 жёлтый;держим;ставка не тратится: показы есть, кликов нет;7.30;26.4;;1.4;0.00;0;0;0;0;0;0;0;1;0;0;
913068791;35499491;🟡 жёлтый;держим;ставка не тратится: показы есть, кликов нет;7.30;40.8;;15.8;0.00;0;0;0;0;0;0;0;1;0;0;
886461203;35501886;🟡 жёлтый;держим;ставка не тратится: показы есть, кликов нет;7.30;19.5;;0.0;0.00;0;0;0;0;0;0;0;1;0;0;
416667776;35509833;🟡 жёлтый;держим;ставка не тратится: показы есть, кликов нет;7.30;23.3;;0.0;0.00;0;0;0;0;0;0;0;3;0;1;
861563079;35500638;🟡 жёлтый;держим;ставка не тратится: показы есть, кликов нет;7.30;19.6;;0.0;0.00;0;0;0;0;0;0;0;1;0;0;
859932759;35509529;🟡 жёлтый;держим;ставка не тратится: показы есть, кликов нет;7.30;21.3;;0.0;0.00;0;0;0;0;0;0;0;1;0;0;
883593324;35502978;🟡 жёлтый;держим;ставка не тратится: показы есть, кликов нет;7.30;26.9;;1.9;0.00;0;0;0;0;0;0;0;3;0;0;
923517040;35497681;🟡 жёлтый;держим;ставка не тратится: показы есть, кликов нет;7.30;34.9;;9.9;0.00;0;0;0;0;0;0;0;3;0;0;
313195560;35513180;🟡 жёлтый;держим;ставка не тратится: показы есть, кликов нет;7.30;23.9;;0.0;0.00;0;0;0;0;0;0;0;3;0;0;
862562367;35508987;🟡 жёлтый;держим;ставка не тратится: показы есть, кликов нет;7.30;20.4;;0.0;0.00;0;0;0;0;0;0;0;2;0;0;
323221921;35498621;🟡 жёлтый;держим;ставка не тратится: показы есть, кликов нет;7.30;36.2;;11.2;0.00;0;0;0;0;0;0;0;1;0;0;
863309552;35508624;🟡 жёлтый;держим;ставка не тратится: показы есть, кликов нет;7.30;18.9;;0.0;0.00;0;0;0;0;0;0;0;1;0;0;
323302701;35513491;🟡 жёлтый;держим;ставка не тратится: показы есть, кликов нет;7.30;33.8;;8.8;0.00;0;0;0;0;0;0;0;1;0;0;
861599339;35497479;🟡 жёлтый;держим;ставка не тратится: показы есть, кликов нет;7.30;25.3;;0.3;0.00;0;0;0;0;0;0;0;2;0;0;
877813708;35504951;🟡 жёлтый;держим;ставка не тратится: показы есть, кликов нет;7.30;29.5;;4.5;0.00;0;0;0;0;0;0;0;1;0;0;
872431436;36458352;🟡 жёлтый;держим;ставка не тратится: показы есть, кликов нет;7.30;40.0;;15.0;0.00;0;0;0;0;0;0;0;3;0;0;
869085807;35507796;🟡 жёлтый;держим;ставка не тратится: показы есть, кликов нет;7.30;35.6;;10.6;0.00;0;0;0;0;0;0;0;3;0;0;
863433474;35508624;🟡 жёлтый;держим;ставка не тратится: показы есть, кликов нет;7.30;34.0;;9.0;0.00;0;0;0;0;0;0;0;8;0;0;
878674092;35504537;🟡 жёлтый;держим;ставка не тратится: показы есть, кликов нет;7.30;34.1;;9.1;0.00;0;0;0;0;0;0;0;2;0;0;
872305751;35506296;🟡 жёлтый;держим;ставка не тратится: показы есть, кликов нет;7.30;41.3;;16.3;0.00;0;0;0;0;0;0;0;1;0;0;
884182658;35502769;🟡 жёлтый;держим;ставка не тратится: показы есть, кликов нет;7.30;28.5;;3.5;0.00;0;0;0;0;0;0;0;2;0;0;
437416265;35514926;🟡 жёлтый;держим;ставка не тратится: показы есть, кликов нет;7.30;34.1;;9.1;0.00;0;0;0;0;0;0;0;1;0;0;
887142663;35501683;🟡 жёлтый;держим;ставка не тратится: показы есть, кликов нет;7.30;23.1;;0.0;0.00;0;0;0;0;0;0;0;5;0;1;
860450480;35501028;🟡 жёлтый;держим;ставка не тратится: показы есть, кликов нет;7.30;33.8;;8.8;0.00;0;0;0;0;0;0;0;1;0;0;
923587589;35497681;🟡 жёлтый;держим;ставка не тратится: показы есть, кликов нет;7.30;42.2;;17.2;0.00;0;0;0;0;0;0;0;8;0;0;
923639928;35497681;🟡 жёлтый;держим;ставка не тратится: показы есть, кликов нет;7.30;44.7;;19.7;0.00;0;0;0;0;0;0;0;4;0;0;
870430716;35507605;🟡 жёлтый;держим;ставка не тратится: показы есть, кликов нет;7.30;22.0;;0.0;0.00;0;0;0;0;0;0;0;5;0;0;
915854821;35498671;🟡 жёлтый;держим;ставка не тратится: показы есть, кликов нет;7.30;39.9;;14.9;0.00;0;0;0;0;0;0;0;8;0;0;
872315171;35506296;🟡 жёлтый;держим;ставка не тратится: показы есть, кликов нет;7.30;35.3;;10.3;0.00;0;0;0;0;0;0;0;4;0;0;
323153588;35512642;🟡 жёлтый;держим;ставка не тратится: показы есть, кликов нет;7.30;38.1;;13.1;0.00;0;0;0;0;0;0;0;2;0;0;
323145968;36459468;🟡 жёлтый;держим;ставка не тратится: показы есть, кликов нет;7.30;22.1;;0.0;0.00;0;0;0;0;0;0;0;2;0;0;
861272893;35509256;🟡 жёлтый;держим;ставка не тратится: показы есть, кликов нет;7.30;18.4;;0.0;0.00;0;0;0;0;0;0;0;4;0;0;
913068742;35499491;🟡 жёлтый;держим;ставка не тратится: показы есть, кликов нет;7.30;40.8;;15.8;0.00;0;0;0;0;0;0;0;1;0;0;
323339687;35509833;🟡 жёлтый;держим;ставка не тратится: показы есть, кликов нет;7.30;22.4;;0.0;0.00;0;0;0;0;0;0;0;31;0;1;
323340336;35512317;🟡 жёлтый;держим;ставка не тратится: показы есть, кликов нет;7.30;37.5;;12.5;0.00;0;0;0;0;0;0;0;1;0;0;
881895902;35503414;🟡 жёлтый;держим;ставка не тратится: показы есть, кликов нет;7.30;21.1;;0.0;0.00;0;0;0;0;0;0;0;9;0;0;
869267793;35507605;🟡 жёлтый;держим;ставка не тратится: показы есть, кликов нет;7.30;27.0;;2.0;0.00;0;0;0;0;0;0;0;1;0;0;
886307454;36458352;🟡 жёлтый;держим;ставка не тратится: показы есть, кликов нет;7.30;33.8;;8.8;0.00;0;0;0;0;0;0;0;3;0;0;
885125998;35502769;🟡 жёлтый;держим;ставка не тратится: показы есть, кликов нет;7.30;22.9;;0.0;0.00;0;0;0;0;0;0;0;1;0;0;
882868191;35500638;🟡 жёлтый;держим;ставка не тратится: показы есть, кликов нет;7.30;32.1;;7.1;0.00;0;0;0;0;0;0;0;2;0;0;
323109265;36460596;🟡 жёлтый;держим;ставка не тратится: показы есть, кликов нет;7.30;33.3;;8.3;0.00;0;0;0;0;0;0;0;2;0;0;
886293294;36458352;🟡 жёлтый;держим;ставка не тратится: показы есть, кликов нет;7.30;30.0;;5.0;0.00;0;0;0;0;0;0;0;1;0;0;
865296760;35508404;🟡 жёлтый;держим;ставка не тратится: показы есть, кликов нет;7.30;35.0;;10.0;0.00;0;0;0;0;0;0;0;1;0;0;
912766564;35497479;🟡 жёлтый;держим;ставка не тратится: показы есть, кликов нет;7.30;25.7;;0.7;0.00;0;0;0;0;0;0;0;1;0;1;
859952915;35509529;🟡 жёлтый;держим;ставка не тратится: показы есть, кликов нет;7.30;24.8;;0.0;0.00;0;0;0;0;0;0;0;1;0;2;
873446033;35505545;🟡 жёлтый;держим;ставка не тратится: показы есть, кликов нет;7.30;37.5;;12.5;0.00;0;0;0;0;0;0;0;2;0;0;
923513651;35497916;🟡 жёлтый;держим;ставка не тратится: показы есть, кликов нет;7.30;34.9;;9.9;0.00;0;0;0;0;0;0;0;5;0;0;
885114686;35502769;🟡 жёлтый;держим;ставка не тратится: показы есть, кликов нет;7.30;22.9;;0.0;0.00;0;0;0;0;0;0;0;1;0;0;
313214717;35514220;🟡 жёлтый;держим;ставка не тратится: показы есть, кликов нет;7.30;36.2;;11.2;0.00;0;0;0;0;0;0;0;1;0;0;
323201356;36459468;🟡 жёлтый;держим;ставка не тратится: показы есть, кликов нет;7.30;18.4;;0.0;0.00;0;0;0;0;0;0;0;5;0;0;
872362686;35506296;🟡 жёлтый;держим;ставка не тратится: показы есть, кликов нет;7.30;32.0;;7.0;0.00;0;0;0;0;0;0;0;6;0;0;
882854446;35503146;🟡 жёлтый;держим;ставка не тратится: показы есть, кликов нет;7.30;26.1;;1.1;0.00;0;0;0;0;0;0;0;3;0;0;
874766770;35505238;🟡 жёлтый;держим;ставка не тратится: показы есть, кликов нет;7.30;35.1;;10.1;0.00;0;0;0;0;0;0;0;7;0;0;
886586926;35501886;🟡 жёлтый;держим;ставка не тратится: показы есть, кликов нет;7.30;26.1;;1.1;0.00;0;0;0;0;0;0;0;8;0;0;
313194065;35514511;🟡 жёлтый;держим;ставка не тратится: показы есть, кликов нет;7.30;19.9;;0.0;0.00;0;0;0;0;0;0;0;4;0;6;
863367511;35508624;🟡 жёлтый;держим;ставка не тратится: показы есть, кликов нет;7.30;22.2;;0.0;0.00;0;0;0;0;0;0;0;1;0;0;
915273429;35498839;🟡 жёлтый;держим;ставка не тратится: показы есть, кликов нет;7.30;40.4;;15.4;0.00;0;0;0;0;0;0;0;12;0;0;
323338444;35514220;🟡 жёлтый;держим;ставка не тратится: показы есть, кликов нет;7.30;28.3;;3.3;0.00;0;0;0;0;0;0;0;2;0;0;
882067555;35503414;🟡 жёлтый;держим;ставка не тратится: показы есть, кликов нет;7.30;31.9;;6.9;0.00;0;0;0;0;0;0;0;18;0;0;
867210937;35507796;🟡 жёлтый;держим;ставка не тратится: показы есть, кликов нет;7.30;29.5;;4.5;0.00;0;0;0;0;0;0;0;7;0;0;
884688499;35502769;🟡 жёлтый;держим;ставка не тратится: показы есть, кликов нет;7.30;33.5;;8.5;0.00;0;0;0;0;0;0;0;2;0;0;
313185125;36459468;🟡 жёлтый;держим;ставка не тратится: показы есть, кликов нет;7.30;23.1;;0.0;0.00;0;0;0;0;0;0;0;5;0;0;
313196236;36463324;🟡 жёлтый;держим;ставка не тратится: показы есть, кликов нет;7.30;38.4;;13.4;0.00;0;0;0;0;0;0;0;15;0;0;
887255750;35500638;🟡 жёлтый;держим;ставка не тратится: показы есть, кликов нет;7.30;24.1;;0.0;0.00;0;0;0;0;0;0;0;6;0;0;
872383724;35505900;🟡 жёлтый;держим;ставка не тратится: показы есть, кликов нет;7.30;40.0;;15.0;0.00;0;0;0;0;0;0;0;3;0;0;
324990879;35497479;🟡 жёлтый;держим;ставка не тратится: показы есть, кликов нет;7.30;37.0;;12.0;0.00;0;0;0;0;0;0;1;22;0;1;
860488071;35501028;🟡 жёлтый;держим;ставка не тратится: показы есть, кликов нет;7.30;26.5;;1.5;0.00;0;0;0;0;0;0;0;1;0;0;
883120554;35503146;🟡 жёлтый;держим;ставка не тратится: показы есть, кликов нет;7.30;17.9;;0.0;0.00;0;0;0;0;0;0;0;15;0;0;
323174308;35513491;🟡 жёлтый;держим;ставка не тратится: показы есть, кликов нет;7.30;31.2;;6.2;0.00;0;0;0;0;0;0;0;1;0;0;
881176391;35503784;🟡 жёлтый;держим;ставка не тратится: показы есть, кликов нет;7.30;27.0;;2.0;0.00;0;0;0;0;0;0;0;3;0;0;
917800800;35498621;🟡 жёлтый;держим;ставка не тратится: показы есть, кликов нет;7.30;25.2;;0.2;0.00;0;0;0;0;0;0;0;2;0;0;
323089943;36460596;🟡 жёлтый;держим;ставка не тратится: показы есть, кликов нет;7.30;17.8;;0.0;0.00;0;0;0;0;0;0;0;6;0;0;
887068003;35501683;🟡 жёлтый;держим;ставка не тратится: показы есть, кликов нет;7.30;23.4;;0.0;0.00;0;0;0;0;0;0;0;5;0;0;
869332917;35507605;🟡 жёлтый;держим;ставка не тратится: показы есть, кликов нет;7.30;35.0;;10.0;0.00;0;0;0;0;0;1;0;1;0;0;
872336376;35506296;🟡 жёлтый;держим;ставка не тратится: показы есть, кликов нет;7.30;27.9;;2.9;0.00;0;0;0;0;0;0;0;2;0;1;
923640515;35497681;🟡 жёлтый;держим;ставка не тратится: показы есть, кликов нет;7.30;44.7;;19.7;0.00;0;0;0;0;0;0;0;2;0;0;
886620579;35501886;🟡 жёлтый;держим;ставка не тратится: показы есть, кликов нет;7.30;23.9;;0.0;0.00;0;0;0;0;0;0;0;1;0;0;
486823806;35510132;🟡 жёлтый;держим;ставка не тратится: показы есть, кликов нет;7.30;35.0;;10.0;0.00;0;0;0;0;0;0;0;1;0;0;
872379726;35505900;🟡 жёлтый;держим;ставка не тратится: показы есть, кликов нет;7.30;33.5;;8.5;0.00;0;0;0;0;0;0;0;1;0;0;
923490936;35497916;🟡 жёлтый;держим;ставка не тратится: показы есть, кликов нет;7.30;24.6;;0.0;0.00;0;0;0;0;0;0;0;4;0;0;
862408248;35509256;🟡 жёлтый;держим;ставка не тратится: показы есть, кликов нет;7.30;24.9;;0.0;0.00;0;0;0;0;0;0;0;1;0;0;
880171661;35504156;🟡 жёлтый;держим;ставка не тратится: показы есть, кликов нет;7.30;30.9;;5.9;0.00;0;0;0;0;0;0;0;9;0;0;
313196488;36459301;🟡 жёлтый;держим;ставка не тратится: показы есть, кликов нет;7.30;36.2;;11.2;0.00;0;0;0;0;0;0;0;1;0;0;
878066317;35497479;🟡 жёлтый;держим;ставка не тратится: показы есть, кликов нет;7.30;23.8;;0.0;0.00;0;0;0;0;0;0;0;1;0;0;
871112548;35507256;🟡 жёлтый;держим;ставка не тратится: показы есть, кликов нет;7.30;24.2;;0.0;0.00;0;0;0;0;0;0;0;2;0;0;
886506873;35501886;🟡 жёлтый;держим;ставка не тратится: показы есть, кликов нет;7.30;25.6;;0.6;0.00;0;0;0;0;0;0;0;4;0;0;
887169462;35501683;🟡 жёлтый;держим;ставка не тратится: показы есть, кликов нет;7.30;36.7;;11.7;0.00;0;0;0;0;0;0;0;2;0;0;
887044031;35501683;🟡 жёлтый;держим;ставка не тратится: показы есть, кликов нет;7.30;29.2;;4.2;0.00;0;0;0;0;0;0;0;18;0;0;
313193816;36459301;🟡 жёлтый;держим;ставка не тратится: показы есть, кликов нет;7.30;37.0;;12.0;0.00;0;0;0;0;0;0;0;8;0;0;
880166486;35504156;🟡 жёлтый;держим;ставка не тратится: показы есть, кликов нет;7.30;30.9;;5.9;0.00;0;0;0;0;0;0;0;12;0;2;
323205844;35497479;🟡 жёлтый;держим;ставка не тратится: показы есть, кликов нет;7.30;29.0;;4.0;0.00;0;0;0;0;0;0;0;1;0;0;
881404703;35503414;🟡 жёлтый;держим;ставка не тратится: показы есть, кликов нет;7.30;22.2;;0.0;0.00;0;0;0;0;0;0;0;1;0;0;
323160771;36459894;🟡 жёлтый;держим;ставка не тратится: показы есть, кликов нет;7.30;32.9;;7.9;0.00;0;0;0;0;0;0;0;3;0;0;
880341263;35500638;🟡 жёлтый;держим;ставка не тратится: показы есть, кликов нет;7.30;18.2;;0.0;0.00;0;0;0;0;0;0;0;1;0;1;
323109263;36460596;🟡 жёлтый;держим;ставка не тратится: показы есть, кликов нет;7.30;36.8;;11.8;0.00;0;0;0;0;0;0;0;1;0;0;
323193535;36459468;🟡 жёлтый;держим;ставка не тратится: показы есть, кликов нет;7.30;37.7;;12.7;0.00;0;0;0;0;0;0;0;2;0;0;
313215134;36460596;🟡 жёлтый;держим;ставка не тратится: показы есть, кликов нет;7.30;33.9;;8.9;0.00;0;0;0;0;0;0;0;2;0;0;
865359378;35508404;🟡 жёлтый;держим;ставка не тратится: показы есть, кликов нет;7.30;26.5;;1.5;0.00;0;0;0;0;0;0;0;1;0;0;
858718800;35509833;🟡 жёлтый;держим;ставка не тратится: показы есть, кликов нет;7.30;27.6;;2.6;0.00;0;0;0;0;0;0;0;1;0;1;
923616165;35497681;🟡 жёлтый;держим;ставка не тратится: показы есть, кликов нет;7.30;34.1;;9.1;0.00;0;0;0;0;0;0;0;2;0;0;
874772714;35505238;🟡 жёлтый;держим;ставка не тратится: показы есть, кликов нет;7.30;24.9;;0.0;0.00;0;0;0;0;0;0;0;1;0;0;
876162546;35505238;🟡 жёлтый;держим;ставка не тратится: показы есть, кликов нет;7.30;36.9;;11.9;0.00;0;0;0;0;0;0;0;5;0;0;
884032806;35502769;🟡 жёлтый;держим;ставка не тратится: показы есть, кликов нет;7.30;33.8;;8.8;0.00;0;0;0;0;0;0;0;2;0;0;
872371204;35506296;🟡 жёлтый;держим;ставка не тратится: показы есть, кликов нет;7.30;52.0;;27.0;0.00;0;0;0;0;0;0;0;13;0;0;
865159878;35508404;🟡 жёлтый;держим;ставка не тратится: показы есть, кликов нет;7.30;24.3;;0.0;0.00;0;0;0;0;0;0;0;2;0;0;
865347097;35508404;🟡 жёлтый;держим;ставка не тратится: показы есть, кликов нет;7.30;21.5;;0.0;0.00;0;0;0;0;0;0;0;2;0;0;
886298925;36458352;🟡 жёлтый;держим;ставка не тратится: показы есть, кликов нет;7.30;36.8;;11.8;0.00;0;0;0;0;0;0;0;1;0;0;
880445302;35503784;🟡 жёлтый;держим;ставка не тратится: показы есть, кликов нет;7.30;19.5;;0.0;0.00;0;0;0;0;0;0;0;16;0;0;
923584785;35497681;🟡 жёлтый;держим;ставка не тратится: показы есть, кликов нет;7.30;36.6;;11.6;0.00;0;0;0;0;0;0;0;12;0;0;
880187181;35504156;🟡 жёлтый;держим;ставка не тратится: показы есть, кликов нет;7.30;28.7;;3.7;0.00;0;0;0;0;0;0;0;9;0;0;
862576066;35509256;🟡 жёлтый;держим;ставка не тратится: показы есть, кликов нет;7.30;23.4;;0.0;0.00;0;0;0;0;0;0;0;1;0;0;
862429893;35509256;🟡 жёлтый;держим;ставка не тратится: показы есть, кликов нет;7.30;22.8;;0.0;0.00;0;0;0;0;0;0;0;2;0;0;
885477406;35497479;🟡 жёлтый;держим;ставка не тратится: показы есть, кликов нет;7.30;35.7;;10.7;0.00;0;0;0;0;0;0;0;14;0;0;
878656361;35504951;🟡 жёлтый;держим;ставка не тратится: показы есть, кликов нет;7.30;34.1;;9.1;0.00;0;0;0;0;0;0;0;2;0;0;
1003401714;36462624;🟡 жёлтый;держим;ставка не тратится: показы есть, кликов нет;7.30;37.2;;12.2;0.00;0;0;0;0;0;0;0;1;0;0;
874838035;35505545;🟡 жёлтый;держим;ставка не тратится: показы есть, кликов нет;7.30;21.4;;0.0;0.00;0;0;0;0;0;0;1;2;0;1;
885245361;35502200;🟡 жёлтый;держим;ставка не тратится: показы есть, кликов нет;7.30;22.4;;0.0;0.00;0;0;0;0;0;0;0;1;0;0;
872383322;35505900;🟡 жёлтый;держим;ставка не тратится: показы есть, кликов нет;7.30;40.0;;15.0;0.00;0;0;0;0;0;0;0;3;0;0;
432665238;35498926;🟡 жёлтый;держим;ставка не тратится: показы есть, кликов нет;7.30;41.1;;16.1;0.00;0;0;0;0;0;0;0;3;0;0;
865351940;35508404;🟡 жёлтый;держим;ставка не тратится: показы есть, кликов нет;7.30;35.9;;10.9;0.00;0;0;0;0;0;0;0;1;0;0;
915311395;35498781;🟡 жёлтый;держим;в KPI, заказов нет — наблюдаем;7.30;37.0;;12.0;7.30;0;0;0;0;0;0;1;14;1;10;
323108862;36460596;🟡 жёлтый;держим;ставка не тратится: показы есть, кликов нет;7.30;19.9;;0.0;0.00;0;0;0;0;0;0;0;9;0;2;
865029685;35508624;🟡 жёлтый;держим;ставка не тратится: показы есть, кликов нет;7.30;23.8;;0.0;0.00;0;0;0;0;0;0;0;7;0;0;
869200148;35507605;🟡 жёлтый;держим;ставка не тратится: показы есть, кликов нет;7.30;35.1;;10.1;0.00;0;0;0;0;0;0;0;1;0;0;
324995485;36463324;🟡 жёлтый;держим;ставка не тратится: показы есть, кликов нет;7.30;36.8;;11.8;0.00;0;0;0;0;0;0;0;2;0;0;
861274515;35509256;🟡 жёлтый;держим;ставка не тратится: показы есть, кликов нет;7.30;18.4;;0.0;0.00;0;0;0;0;0;0;0;2;0;0;
915958952;35498671;🟡 жёлтый;держим;ставка не тратится: показы есть, кликов нет;7.30;19.2;;0.0;0.00;0;0;0;0;0;0;0;1;0;0;
886537757;36462624;🟡 жёлтый;держим;в KPI, заказов нет — наблюдаем;7.30;35.1;;10.1;21.90;0;0;0;0;0;0;2;54;3;2;
862489873;35508624;🟡 жёлтый;держим;ставка не тратится: показы есть, кликов нет;7.30;18.1;;0.0;0.00;0;0;0;0;0;0;0;4;0;0;
862579247;35508987;🟡 жёлтый;держим;ставка не тратится: показы есть, кликов нет;7.30;24.5;;0.0;0.00;0;0;0;0;0;0;0;1;0;0;
859915316;35509529;🟡 жёлтый;держим;ставка не тратится: показы есть, кликов нет;7.30;21.3;;0.0;0.00;0;0;0;0;0;0;0;1;0;0;
887215497;35501509;🟡 жёлтый;держим;ставка не тратится: показы есть, кликов нет;7.30;25.3;;0.3;0.00;0;0;0;0;0;0;0;7;0;0;
912946859;35499491;🟡 жёлтый;держим;ставка не тратится: показы есть, кликов нет;7.30;25.8;;0.8;0.00;0;0;0;0;0;0;0;1;0;0;
878890053;35503414;🟡 жёлтый;держим;ставка не тратится: показы есть, кликов нет;7.30;21.5;;0.0;0.00;0;0;0;0;0;0;0;3;0;0;
886275638;35502200;🟡 жёлтый;держим;ставка не тратится: показы есть, кликов нет;7.30;23.4;;0.0;0.00;0;0;0;0;0;0;0;6;0;0;
1003401682;36462624;🟡 жёлтый;держим;ставка не тратится: показы есть, кликов нет;7.30;37.2;;12.2;0.00;0;0;0;0;0;0;0;5;0;0;
886316840;36458352;🟡 жёлтый;держим;ставка не тратится: показы есть, кликов нет;7.30;22.6;;0.0;0.00;0;0;0;0;0;0;0;1;0;0;
550366371;36462624;🟡 жёлтый;держим;в KPI, заказов нет — наблюдаем;7.30;31.6;;6.6;36.50;0;0;0;0;0;0;2;84;5;10;
874477719;35505238;🟡 жёлтый;держим;ставка не тратится: показы есть, кликов нет;7.30;22.1;;0.0;0.00;0;0;0;0;0;0;0;1;0;0;
923587530;35497681;🟡 жёлтый;держим;ставка не тратится: показы есть, кликов нет;7.30;42.2;;17.2;0.00;0;0;0;0;0;0;0;15;0;0;
885128286;35497916;🟡 жёлтый;держим;ставка не тратится: показы есть, кликов нет;7.30;26.8;;1.8;0.00;0;0;0;0;0;0;0;32;0;0;
923587434;35497681;🟡 жёлтый;держим;ставка не тратится: показы есть, кликов нет;7.30;42.2;;17.2;0.00;0;0;0;0;0;0;0;3;0;0;
887129574;35497916;🟡 жёлтый;держим;ставка не тратится: показы есть, кликов нет;7.30;37.3;;12.3;0.00;0;0;0;0;0;0;0;3;0;0;
862480641;35509256;🟡 жёлтый;держим;ставка не тратится: показы есть, кликов нет;7.30;36.9;;11.9;0.00;0;0;0;0;0;0;0;13;0;0;
323363502;35512317;🟡 жёлтый;держим;ставка не тратится: показы есть, кликов нет;7.30;23.9;;0.0;0.00;0;0;0;0;0;0;0;5;0;1;
872391353;35505900;🟡 жёлтый;держим;ставка не тратится: показы есть, кликов нет;7.30;40.0;;15.0;0.00;0;0;0;0;0;0;0;3;0;0;
867164005;35508061;🟡 жёлтый;держим;ставка не тратится: показы есть, кликов нет;7.30;21.0;;0.0;0.00;0;0;0;0;0;0;0;6;0;3;
883195522;35503146;🟡 жёлтый;держим;ставка не тратится: показы есть, кликов нет;7.30;24.8;;0.0;0.00;0;0;0;0;0;0;0;4;0;0;
324987836;36458948;🟡 жёлтый;держим;ставка не тратится: показы есть, кликов нет;7.30;33.9;;8.9;0.00;0;0;0;0;0;0;0;3;0;0;
881107623;35503784;🟡 жёлтый;держим;ставка не тратится: показы есть, кликов нет;7.30;30.6;;5.6;0.00;0;0;0;0;0;0;0;1;0;0;
877380161;35498621;🟡 жёлтый;держим;ставка не тратится: показы есть, кликов нет;7.30;40.5;;15.5;0.00;0;0;0;0;0;0;0;1;0;0;
881321449;35503784;🟡 жёлтый;держим;ставка не тратится: показы есть, кликов нет;7.30;20.4;;0.0;0.00;0;0;0;0;0;0;0;1;0;0;
877263740;35498621;🟡 жёлтый;держим;ставка не тратится: показы есть, кликов нет;7.30;40.5;;15.5;0.00;0;0;0;0;0;0;0;1;0;0;
323306445;35515230;🟡 жёлтый;держим;ставка не тратится: показы есть, кликов нет;7.30;25.3;;0.3;0.00;0;0;0;0;0;0;0;4;0;0;
313184460;36459468;🟡 жёлтый;держим;ставка не тратится: показы есть, кликов нет;7.30;22.5;;0.0;0.00;0;0;0;0;0;0;0;1;0;0;
861568456;35501262;🟡 жёлтый;держим;ставка не тратится: показы есть, кликов нет;7.30;23.3;;0.0;0.00;0;0;0;0;0;0;0;1;0;0;
439264926;35498926;🟡 жёлтый;держим;ставка не тратится: показы есть, кликов нет;7.30;26.6;;1.6;0.00;0;0;0;0;0;0;0;1;0;0;
877277806;35498621;🟡 жёлтый;держим;ставка не тратится: показы есть, кликов нет;7.30;40.5;;15.5;0.00;0;0;0;0;0;0;0;1;0;0;
887414300;35501509;🟡 жёлтый;держим;ставка не тратится: показы есть, кликов нет;7.30;39.3;;14.3;0.00;0;0;0;0;0;0;0;2;0;0;
323346044;35508987;🟡 жёлтый;держим;ставка не тратится: показы есть, кликов нет;7.30;30.0;;5.0;0.00;0;0;0;0;0;0;0;11;0;0;
865120317;35508404;🟡 жёлтый;держим;ставка не тратится: показы есть, кликов нет;7.30;20.9;;0.0;0.00;0;0;0;0;0;0;0;2;0;0;
323216437;36459894;🟡 жёлтый;держим;ставка не тратится: показы есть, кликов нет;7.30;22.1;;0.0;0.00;0;0;0;0;0;0;0;1;0;2;
323216898;35513491;🟡 жёлтый;держим;ставка не тратится: показы есть, кликов нет;7.30;25.6;;0.6;0.00;0;0;0;0;0;0;0;2;0;0;
872367714;35506296;🟡 жёлтый;держим;ставка не тратится: показы есть, кликов нет;7.30;32.0;;7.0;0.00;0;0;0;0;0;0;0;2;0;0;
323164267;36459468;🟡 жёлтый;держим;ставка не тратится: показы есть, кликов нет;7.30;30.0;;5.0;0.00;0;0;0;0;0;0;0;4;0;0;
323266123;35513491;🟡 жёлтый;держим;ставка не тратится: показы есть, кликов нет;7.30;34.7;;9.7;0.00;0;0;0;0;0;0;0;2;0;0;
883382963;35502978;🟡 жёлтый;держим;ставка не тратится: показы есть, кликов нет;7.30;18.9;;0.0;0.00;0;0;0;0;0;0;0;1;0;0;
915158333;35498621;🟡 жёлтый;держим;ставка не тратится: показы есть, кликов нет;7.30;18.6;;0.0;0.00;0;0;0;0;0;0;0;2;0;0;
860647254;35509529;🟡 жёлтый;держим;ставка не тратится: показы есть, кликов нет;7.30;27.8;;2.8;0.00;0;0;0;0;0;0;0;2;0;0;
877226823;35504951;🟡 жёлтый;держим;ставка не тратится: показы есть, кликов нет;7.30;30.8;;5.8;0.00;0;0;0;0;0;0;0;1;0;0;
872304226;35506296;🟡 жёлтый;держим;ставка не тратится: показы есть, кликов нет;7.30;41.3;;16.3;0.00;0;0;0;0;0;0;0;1;0;0;
869313507;35507605;🟡 жёлтый;держим;ставка не тратится: показы есть, кликов нет;7.30;20.9;;0.0;0.00;0;0;0;0;0;0;0;1;0;2;
323214415;35503414;🟡 жёлтый;держим;ставка не тратится: показы есть, кликов нет;7.30;34.6;;9.6;0.00;0;0;0;0;0;0;0;1;0;0;
877854872;35504951;🟡 жёлтый;держим;ставка не тратится: показы есть, кликов нет;7.30;38.7;;13.7;0.00;0;0;0;0;0;0;0;4;0;0;
887451548;35501509;🟡 жёлтый;держим;ставка не тратится: показы есть, кликов нет;7.30;23.6;;0.0;0.00;0;0;0;0;0;0;0;2;0;0;
313183226;36463324;🟡 жёлтый;держим;ставка не тратится: показы есть, кликов нет;7.30;24.9;;0.0;0.00;0;0;0;0;0;0;0;9;0;0;
343239716;35511919;🟡 жёлтый;держим;ставка не тратится: показы есть, кликов нет;7.30;22.8;;0.0;0.00;0;0;0;0;0;0;0;1;0;0;
323089875;36462624;🟡 жёлтый;держим;ставка не тратится: показы есть, кликов нет;7.30;29.4;;4.4;0.00;0;0;0;0;0;0;0;14;0;0;
883287397;35502978;🟡 жёлтый;держим;ставка не тратится: показы есть, кликов нет;7.30;27.7;;2.7;0.00;0;0;0;0;0;0;0;1;0;0;
871621754;35507256;🟡 жёлтый;держим;ставка не тратится: показы есть, кликов нет;7.30;27.7;;2.7;0.00;0;0;0;0;0;0;0;1;0;0;
324993417;35512317;🟡 жёлтый;держим;ставка не тратится: показы есть, кликов нет;7.30;36.7;;11.7;0.00;0;0;0;0;0;0;0;2;0;0;
860461286;35501028;🟡 жёлтый;держим;ставка не тратится: показы есть, кликов нет;7.30;33.8;;8.8;0.00;0;0;0;0;0;0;0;1;0;0;
858658645;35509833;🟡 жёлтый;держим;ставка не тратится: показы есть, кликов нет;7.30;27.6;;2.6;0.00;0;0;0;0;0;0;0;1;0;0;
323183498;35514511;🟡 жёлтый;держим;ставка не тратится: показы есть, кликов нет;7.30;30.5;;5.5;0.00;0;0;0;0;0;0;0;2;0;0;
862487286;35509256;🟡 жёлтый;держим;ставка не тратится: показы есть, кликов нет;7.30;20.8;;0.0;0.00;0;0;0;0;0;0;0;1;0;0;
876106112;35505238;🟡 жёлтый;держим;ставка не тратится: показы есть, кликов нет;7.30;36.8;;11.8;0.00;0;0;0;0;0;0;0;3;0;0;
923518646;35497681;🟡 жёлтый;держим;ставка не тратится: показы есть, кликов нет;7.30;34.9;;9.9;0.00;0;0;0;0;0;0;0;5;0;0;
887304683;35501509;🟡 жёлтый;держим;ставка не тратится: показы есть, кликов нет;7.30;26.7;;1.7;0.00;0;0;0;0;0;0;0;9;0;0;
882825039;35503414;🟡 жёлтый;держим;ставка не тратится: показы есть, кликов нет;7.30;41.3;;16.3;0.00;0;0;0;0;0;0;0;1;0;0;
861576814;35501262;🟡 жёлтый;держим;ставка не тратится: показы есть, кликов нет;7.30;20.9;;0.0;0.00;0;0;0;0;0;0;0;1;0;0;
887050802;35501683;🟡 жёлтый;держим;ставка не тратится: показы есть, кликов нет;7.30;37.3;;12.3;0.00;0;0;0;0;0;0;0;1;0;0;
872313161;35506296;🟡 жёлтый;держим;ставка не тратится: показы есть, кликов нет;7.30;35.3;;10.3;0.00;0;0;0;0;0;0;0;10;0;0;
874910527;35505238;🟡 жёлтый;держим;ставка не тратится: показы есть, кликов нет;7.30;27.5;;2.5;0.00;0;0;0;0;0;0;0;9;0;0;
323114748;36459468;🟡 жёлтый;держим;ставка не тратится: показы есть, кликов нет;7.30;30.5;;5.5;0.00;0;0;0;0;0;0;0;42;0;0;
867111773;35508061;🟡 жёлтый;держим;ставка не тратится: показы есть, кликов нет;7.30;22.4;;0.0;0.00;0;0;0;0;0;0;0;17;0;0;
865559195;35508061;🟡 жёлтый;держим;ставка не тратится: показы есть, кликов нет;7.30;25.4;;0.4;0.00;0;0;0;0;0;0;0;6;0;0;
886577326;35501886;🟡 жёлтый;держим;ставка не тратится: показы есть, кликов нет;7.30;28.1;;3.1;0.00;0;0;0;0;0;0;0;1;0;0;
323270878;35512936;🟡 жёлтый;держим;ставка не тратится: показы есть, кликов нет;7.30;26.0;;1.0;0.00;0;0;0;0;0;0;0;1;0;0;
862465629;35509256;🟡 жёлтый;держим;ставка не тратится: показы есть, кликов нет;7.30;24.0;;0.0;0.00;0;0;0;0;0;0;0;6;0;0;
862500978;35509256;🟡 жёлтый;держим;ставка не тратится: показы есть, кликов нет;7.30;36.0;;11.0;0.00;0;0;0;0;0;0;0;1;0;0;
869011181;35507796;🟡 жёлтый;держим;ставка не тратится: показы есть, кликов нет;7.30;21.6;;0.0;0.00;0;0;0;0;0;0;0;4;0;0;
874907510;35505238;🟡 жёлтый;держим;ставка не тратится: показы есть, кликов нет;7.30;27.5;;2.5;0.00;0;0;0;0;0;0;0;9;0;0;
915243251;35498839;🟡 жёлтый;держим;ставка не тратится: показы есть, кликов нет;7.30;37.2;;12.2;0.00;0;0;0;0;0;0;0;6;0;0;
915925260;35498671;🟡 жёлтый;держим;ставка не тратится: показы есть, кликов нет;7.30;23.6;;0.0;0.00;0;0;0;0;0;0;0;1;0;0;
869002495;35507796;🟡 жёлтый;держим;ставка не тратится: показы есть, кликов нет;7.30;21.4;;0.0;0.00;0;0;0;0;0;0;0;1;0;0;
912798902;35500111;🟡 жёлтый;держим;ставка не тратится: показы есть, кликов нет;7.30;26.2;;1.2;0.00;0;0;0;0;0;0;0;1;0;0;
863517380;35508624;🟡 жёлтый;держим;ставка не тратится: показы есть, кликов нет;7.30;33.7;;8.7;0.00;0;0;0;0;0;0;0;6;0;0;
323221671;35514220;🟡 жёлтый;держим;ставка не тратится: показы есть, кликов нет;7.30;39.1;;14.1;0.00;0;0;0;0;0;0;0;3;0;0;
486421916;35510132;🟡 жёлтый;держим;ставка не тратится: показы есть, кликов нет;7.30;22.5;;0.0;0.00;0;0;0;0;0;0;0;10;0;0;
913006626;35498621;🟡 жёлтый;держим;ставка не тратится: показы есть, кликов нет;7.30;27.6;;2.6;0.00;0;0;0;0;0;0;0;2;0;0;
869361025;35507605;🟡 жёлтый;держим;ставка не тратится: показы есть, кликов нет;7.30;21.9;;0.0;0.00;0;0;0;0;0;0;0;3;0;0;
323296923;36459075;🟡 жёлтый;держим;ставка не тратится: показы есть, кликов нет;7.30;18.4;;0.0;0.00;0;0;0;0;0;0;0;1;0;0;
879576997;35504537;🟡 жёлтый;держим;ставка не тратится: показы есть, кликов нет;7.30;27.0;;2.0;0.00;0;0;0;0;0;0;0;4;0;0;
870437185;35501028;🟡 жёлтый;держим;ставка не тратится: показы есть, кликов нет;7.30;21.3;;0.0;0.00;0;0;0;0;0;0;0;1;0;0;
865597443;35508061;🟡 жёлтый;держим;ставка не тратится: показы есть, кликов нет;7.30;23.2;;0.0;0.00;0;0;0;0;0;0;0;5;0;0;
885312945;35502200;🟡 жёлтый;держим;ставка не тратится: показы есть, кликов нет;7.30;19.0;;0.0;0.00;0;0;0;0;0;0;0;1;0;0;
480033221;35511919;🟡 жёлтый;держим;ставка не тратится: показы есть, кликов нет;7.30;28.7;;3.7;0.00;0;0;0;0;0;0;0;1;0;0;
437416289;35514926;🟡 жёлтый;держим;ставка не тратится: показы есть, кликов нет;7.30;34.1;;9.1;0.00;0;0;0;0;0;0;0;2;0;0;
879569765;35504537;🟡 жёлтый;держим;ставка не тратится: показы есть, кликов нет;7.30;25.8;;0.8;0.00;0;0;0;0;0;0;0;2;0;0;
867096206;35505900;🟡 жёлтый;держим;ставка не тратится: показы есть, кликов нет;7.30;33.1;;8.1;0.00;0;0;0;0;0;0;0;12;0;1;
915242730;35498839;🟡 жёлтый;держим;ставка не тратится: показы есть, кликов нет;7.30;37.2;;12.2;0.00;0;0;0;0;0;0;0;7;0;0;
858730882;35509833;🟡 жёлтый;держим;ставка не тратится: показы есть, кликов нет;7.30;27.6;;2.6;0.00;0;0;0;0;0;0;0;1;0;0;
871125597;35507256;🟡 жёлтый;держим;ставка не тратится: показы есть, кликов нет;7.30;24.2;;0.0;0.00;0;0;0;0;0;0;0;28;0;0;
870462164;35498671;🟡 жёлтый;держим;ставка не тратится: показы есть, кликов нет;7.30;29.0;;4.0;0.00;0;0;0;0;0;0;0;8;0;0;
323304249;35495292;🟡 жёлтый;держим;ставка не тратится: показы есть, кликов нет;7.30;32.7;;7.7;0.00;0;0;0;0;0;0;0;1;0;0;
323359660;35512317;🟡 жёлтый;держим;ставка не тратится: показы есть, кликов нет;7.30;21.8;;0.0;0.00;0;0;0;0;0;0;0;3;0;0;
883668033;35502978;🟡 жёлтый;держим;в KPI, заказов нет — наблюдаем;7.30;28.4;;3.4;7.30;0;0;0;0;0;0;1;71;1;1;
915949007;35498747;🟡 жёлтый;держим;ставка не тратится: показы есть, кликов нет;7.30;23.6;;0.0;0.00;0;0;0;0;0;0;0;1;0;0;
869275522;35507605;🟡 жёлтый;держим;ставка не тратится: показы есть, кликов нет;7.30;20.6;;0.0;0.00;0;0;0;0;0;0;0;15;0;0;
323182220;36459468;🟡 жёлтый;держим;ставка не тратится: показы есть, кликов нет;7.30;39.9;;14.9;0.00;0;0;0;0;0;0;0;2;0;0;
886295947;36458352;🟡 жёлтый;держим;ставка не тратится: показы есть, кликов нет;7.30;30.0;;5.0;0.00;0;0;0;0;0;0;0;1;0;0;
863179976;35508624;🟡 жёлтый;держим;ставка не тратится: показы есть, кликов нет;7.30;25.3;;0.3;0.00;0;0;0;0;0;0;0;1;0;0;
323202501;35514220;🟡 жёлтый;держим;ставка не тратится: показы есть, кликов нет;7.30;36.9;;11.9;0.00;0;0;0;0;0;0;0;2;0;0;
343261974;36462624;🟡 жёлтый;держим;ставка не тратится: показы есть, кликов нет;7.30;25.4;;0.4;0.00;0;0;0;0;0;0;0;27;0;0;
885302396;35502200;🟡 жёлтый;держим;ставка не тратится: показы есть, кликов нет;7.30;17.4;;0.0;0.00;0;0;0;0;0;0;0;1;0;0;
874899173;35505545;🟡 жёлтый;держим;ставка не тратится: показы есть, кликов нет;7.30;27.5;;2.5;0.00;0;0;0;0;0;0;0;23;0;0;
881869144;35503414;🟡 жёлтый;держим;ставка не тратится: показы есть, кликов нет;7.30;23.5;;0.0;0.00;0;0;0;0;0;0;0;1;0;0;
323169038;35513180;🟡 жёлтый;держим;ставка не тратится: показы есть, кликов нет;7.30;28.8;;3.8;0.00;0;0;0;0;0;0;0;5;0;0;
480021318;35511919;🟡 жёлтый;держим;ставка не тратится: показы есть, кликов нет;7.30;28.7;;3.7;0.00;0;0;0;0;0;0;0;1;0;0;
323156464;35498462;🟡 жёлтый;держим;ставка не тратится: показы есть, кликов нет;7.30;37.5;;12.5;0.00;0;0;0;0;0;0;0;4;0;0;
503896557;35510132;🟡 жёлтый;держим;ставка не тратится: показы есть, кликов нет;7.30;29.6;;4.6;0.00;0;0;0;0;0;0;0;2;0;0;
313184040;35512317;🟡 жёлтый;держим;ставка не тратится: показы есть, кликов нет;7.30;24.7;;0.0;0.00;0;0;0;0;0;0;0;12;0;0;
878617978;35504951;🟡 жёлтый;держим;ставка не тратится: показы есть, кликов нет;7.30;38.4;;13.4;0.00;0;0;0;0;0;0;0;1;0;0;
923602630;35497681;🟡 жёлтый;держим;ставка не тратится: показы есть, кликов нет;7.30;37.9;;12.9;0.00;0;0;0;0;0;0;0;5;0;0;
324989591;35508987;🟡 жёлтый;держим;ставка не тратится: показы есть, кликов нет;7.30;34.2;;9.2;0.00;0;0;0;0;0;0;0;2;0;4;
507890755;35512317;🟡 жёлтый;держим;ставка не тратится: показы есть, кликов нет;7.30;28.7;;3.7;0.00;0;0;0;0;0;0;0;3;0;0;
880285269;35504156;🟡 жёлтый;держим;ставка не тратится: показы есть, кликов нет;7.30;32.5;;7.5;0.00;0;0;0;0;0;0;0;1;0;0;
871628252;35507256;🟡 жёлтый;держим;ставка не тратится: показы есть, кликов нет;7.30;31.3;;6.3;0.00;0;0;0;0;0;0;0;18;0;0;
323354201;35495292;🟡 жёлтый;держим;ставка не тратится: показы есть, кликов нет;7.30;22.0;;0.0;0.00;0;0;0;0;0;0;0;4;0;0;
323181436;35509833;🟡 жёлтый;держим;ставка не тратится: показы есть, кликов нет;7.30;45.8;;20.8;0.00;0;0;0;0;0;0;0;2;0;1;
873354478;36458352;🟡 жёлтый;держим;ставка не тратится: показы есть, кликов нет;7.30;25.6;;0.6;0.00;0;0;0;0;0;0;0;1;0;0;
323363247;35512317;🟡 жёлтый;держим;ставка не тратится: показы есть, кликов нет;7.30;36.8;;11.8;0.00;0;0;0;0;0;0;0;5;0;5;
923582086;35497681;🟡 жёлтый;держим;ставка не тратится: показы есть, кликов нет;7.30;36.6;;11.6;0.00;0;0;0;0;0;0;0;4;0;0;
862553712;35508987;🟡 жёлтый;держим;ставка не тратится: показы есть, кликов нет;7.30;18.4;;0.0;0.00;0;0;0;0;0;0;0;1;0;0;
887095365;35501683;🟡 жёлтый;держим;ставка не тратится: показы есть, кликов нет;7.30;31.3;;6.3;0.00;0;0;0;0;0;0;0;18;0;0;
884629490;35502769;🟡 жёлтый;держим;ставка не тратится: показы есть, кликов нет;7.30;33.5;;8.5;0.00;0;0;0;0;0;0;0;1;0;0;
887162649;35501683;🟡 жёлтый;держим;ставка не тратится: показы есть, кликов нет;7.30;15.7;;0.0;0.00;0;0;0;0;0;0;0;2;0;0;
434791892;36463324;🟡 жёлтый;держим;ставка не тратится: показы есть, кликов нет;7.30;33.8;;8.8;0.00;0;0;0;0;0;0;0;7;0;0;
859084488;35509833;🟡 жёлтый;держим;ставка не тратится: показы есть, кликов нет;7.30;23.1;;0.0;0.00;0;0;0;0;0;0;0;2;0;0;
323326341;35514926;🟡 жёлтый;держим;ставка не тратится: показы есть, кликов нет;7.30;18.7;;0.0;0.00;0;0;0;0;0;0;0;19;0;0;
871722033;35506296;🟡 жёлтый;держим;ставка не тратится: показы есть, кликов нет;7.30;40.1;;15.1;0.00;0;0;0;0;0;0;0;1;0;0;
923516838;35497681;🟡 жёлтый;держим;ставка не тратится: показы есть, кликов нет;7.30;34.9;;9.9;0.00;0;0;0;0;0;0;0;6;0;0;
324991212;35499257;🟡 жёлтый;держим;ставка не тратится: показы есть, кликов нет;7.30;34.4;;9.4;0.00;0;0;0;0;0;0;0;3;0;0;
883690687;35502978;🟡 жёлтый;держим;ставка не тратится: показы есть, кликов нет;7.30;28.4;;3.4;0.00;0;0;0;0;0;0;0;24;0;0;
323268764;35513491;🟡 жёлтый;держим;ставка не тратится: показы есть, кликов нет;7.30;34.8;;9.8;0.00;0;0;0;0;0;0;0;2;0;0;
887200065;35501509;🟡 жёлтый;держим;ставка не тратится: показы есть, кликов нет;7.30;25.1;;0.1;0.00;0;0;0;0;0;0;0;4;0;0;
874894321;35505238;🟡 жёлтый;держим;ставка не тратится: показы есть, кликов нет;7.30;27.5;;2.5;0.00;0;0;0;0;0;0;0;63;0;0;
323108042;36460596;🟡 жёлтый;держим;ставка не тратится: показы есть, кликов нет;7.30;38.4;;13.4;0.00;0;0;0;0;0;0;0;1;0;0;
323144091;36459468;🟡 жёлтый;держим;ставка не тратится: показы есть, кликов нет;7.30;16.8;;0.0;0.00;0;0;0;0;0;0;0;2;0;0;
323336925;35509833;🟡 жёлтый;держим;ставка не тратится: показы есть, кликов нет;7.30;35.3;;10.3;0.00;0;0;0;0;0;0;0;17;0;0;
873358689;36458352;🟡 жёлтый;держим;ставка не тратится: показы есть, кликов нет;7.30;25.6;;0.6;0.00;0;0;0;0;0;0;0;1;0;0;
313194844;35510132;🟡 жёлтый;держим;ставка не тратится: показы есть, кликов нет;7.30;36.2;;11.2;0.00;0;0;0;0;0;0;0;1;0;0;
872374685;35506296;🟡 жёлтый;держим;ставка не тратится: показы есть, кликов нет;7.30;28.4;;3.4;0.00;0;0;0;0;0;0;0;5;0;0;
313214569;36459468;🟡 жёлтый;держим;ставка не тратится: показы есть, кликов нет;7.30;29.8;;4.8;0.00;0;0;0;0;0;0;0;2;0;0;
869129719;35507796;🟡 жёлтый;держим;ставка не тратится: показы есть, кликов нет;7.30;21.3;;0.0;0.00;0;0;0;0;0;0;0;5;0;0;
874746442;35505238;🟡 жёлтый;держим;ставка не тратится: показы есть, кликов нет;7.30;34.0;;9.0;0.00;0;0;0;0;0;0;0;4;0;0;
313189924;36459468;🟡 жёлтый;держим;ставка не тратится: показы есть, кликов нет;7.30;32.5;;7.5;0.00;0;0;0;0;0;0;0;1;0;0;
858269924;35509529;🟡 жёлтый;держим;ставка не тратится: показы есть, кликов нет;7.30;29.8;;4.8;0.00;0;0;0;0;0;0;0;1;0;0;
887398287;35501262;🟡 жёлтый;держим;ставка не тратится: показы есть, кликов нет;7.30;32.1;;7.1;0.00;0;0;0;0;0;0;0;8;0;1;
313195494;36459075;🟡 жёлтый;держим;ставка не тратится: показы есть, кликов нет;7.30;36.3;;11.3;0.00;0;0;0;0;0;0;0;8;0;0;
808830390;35511919;🟡 жёлтый;держим;ставка не тратится: показы есть, кликов нет;7.30;23.5;;0.0;0.00;0;0;0;0;0;0;0;9;0;0;
313197440;36459301;🟡 жёлтый;держим;ставка не тратится: показы есть, кликов нет;7.30;29.3;;4.3;0.00;0;0;0;0;0;0;0;3;0;0;
886610243;35498621;🟡 жёлтый;держим;ставка не тратится: показы есть, кликов нет;7.30;25.7;;0.7;0.00;0;0;0;0;0;0;0;1;0;0;
323183450;35514511;🟡 жёлтый;держим;ставка не тратится: показы есть, кликов нет;7.30;30.5;;5.5;0.00;0;0;0;0;0;0;0;3;0;0;
872353295;35506296;🟡 жёлтый;держим;ставка не тратится: показы есть, кликов нет;7.30;27.9;;2.9;0.00;0;0;0;0;0;0;0;5;0;0;
859994152;35509529;🟡 жёлтый;держим;ставка не тратится: показы есть, кликов нет;7.30;20.2;;0.0;0.00;0;0;0;0;0;0;1;1;0;3;
923575788;35497916;🟡 жёлтый;держим;ставка не тратится: показы есть, кликов нет;7.30;22.5;;0.0;0.00;0;0;0;0;0;1;0;14;0;5;
858267208;35498671;🟡 жёлтый;держим;ставка не тратится: показы есть, кликов нет;7.30;29.0;;4.0;0.00;0;0;0;0;0;0;0;1;0;0;
883735834;35502978;🟡 жёлтый;держим;ставка не тратится: показы есть, кликов нет;7.30;15.9;;0.0;0.00;0;0;0;0;0;0;0;2;0;0;
324994402;35507796;🟡 жёлтый;держим;ставка не тратится: показы есть, кликов нет;7.30;31.9;;6.9;0.00;0;0;0;0;0;0;0;1;0;0;
874396563;35505545;🟡 жёлтый;держим;ставка не тратится: показы есть, кликов нет;7.30;27.5;;2.5;0.00;0;0;0;0;0;0;0;10;0;0;
874844343;35505238;🟡 жёлтый;держим;ставка не тратится: показы есть, кликов нет;7.30;23.7;;0.0;0.00;0;0;0;0;0;0;0;11;0;0;
313214639;35495292;🟡 жёлтый;держим;ставка не тратится: показы есть, кликов нет;7.30;37.9;;12.9;0.00;0;0;0;0;0;0;0;4;0;1;
313195926;35510132;🟡 жёлтый;держим;ставка не тратится: показы есть, кликов нет;7.30;36.9;;11.9;0.00;0;0;0;0;0;0;0;7;0;0;
915927279;35498621;🟡 жёлтый;держим;ставка не тратится: показы есть, кликов нет;7.30;25.7;;0.7;0.00;0;0;0;0;0;0;0;1;0;0;
883715260;35502978;🟡 жёлтый;держим;ставка не тратится: показы есть, кликов нет;7.30;27.4;;2.4;0.00;0;0;0;0;0;0;0;28;0;0;
887116808;35501683;🟡 жёлтый;держим;ставка не тратится: показы есть, кликов нет;7.30;34.2;;9.2;0.00;0;0;0;0;0;0;0;9;0;0;
323339936;35499196;🟡 жёлтый;держим;ставка не тратится: показы есть, кликов нет;7.30;27.2;;2.2;0.00;0;0;0;0;0;0;0;2;0;0;
323237501;35497479;🟡 жёлтый;держим;ставка не тратится: показы есть, кликов нет;7.30;16.3;;0.0;0.00;0;0;0;0;0;0;0;1;0;0;
323270796;35499257;🟡 жёлтый;держим;ставка не тратится: показы есть, кликов нет;7.30;32.3;;7.3;0.00;0;0;0;0;0;0;0;3;0;0;
885302865;35502200;🟡 жёлтый;держим;ставка не тратится: показы есть, кликов нет;7.30;17.4;;0.0;0.00;0;0;0;0;0;0;0;2;0;0;
871140005;35507256;🟡 жёлтый;держим;ставка не тратится: показы есть, кликов нет;7.30;24.2;;0.0;0.00;0;0;0;0;0;0;0;1;0;0;
863472661;35500638;🟡 жёлтый;держим;ставка не тратится: показы есть, кликов нет;7.30;23.4;;0.0;0.00;0;0;0;0;0;0;0;2;0;0;
862515654;35500111;🟡 жёлтый;держим;ставка не тратится: показы есть, кликов нет;7.30;37.8;;12.8;0.00;0;0;0;0;0;0;0;1;0;0;
865733748;35501262;🟡 жёлтый;держим;ставка не тратится: показы есть, кликов нет;7.30;19.7;;0.0;0.00;0;0;0;0;0;0;0;1;0;0;
323360145;35508987;🟡 жёлтый;держим;ставка не тратится: показы есть, кликов нет;7.30;42.7;;17.7;0.00;0;0;0;0;0;0;0;2;0;0;
324989865;35508987;🟡 жёлтый;держим;ставка не тратится: показы есть, кликов нет;7.30;41.4;;16.4;0.00;0;0;0;0;0;0;0;2;0;0;
867164989;35508061;🟡 жёлтый;держим;ставка не тратится: показы есть, кликов нет;7.30;21.0;;0.0;0.00;0;0;0;0;0;0;0;3;0;1;
323221702;35513491;🟡 жёлтый;держим;ставка не тратится: показы есть, кликов нет;7.30;36.7;;11.7;0.00;0;0;0;0;0;0;0;1;0;0;
323218703;36459468;🟡 жёлтый;держим;ставка не тратится: показы есть, кликов нет;7.30;29.8;;4.8;0.00;0;0;0;0;0;0;0;7;0;0;
323176556;35508987;🟡 жёлтый;держим;ставка не тратится: показы есть, кликов нет;7.30;34.1;;9.1;0.00;0;0;0;0;0;0;0;10;0;0;
871018076;35507605;🟡 жёлтый;держим;ставка не тратится: показы есть, кликов нет;7.30;24.3;;0.0;0.00;0;0;0;0;0;0;0;16;0;0;
869365494;35507605;🟡 жёлтый;держим;ставка не тратится: показы есть, кликов нет;7.30;26.2;;1.2;0.00;0;0;0;0;0;0;0;3;0;0;
887221555;35501509;🟡 жёлтый;держим;ставка не тратится: показы есть, кликов нет;7.30;21.6;;0.0;0.00;0;0;0;0;0;0;0;2;0;0;
324989415;36458352;🟡 жёлтый;держим;ставка не тратится: показы есть, кликов нет;7.30;32.5;;7.5;0.00;0;0;0;0;0;0;0;1;0;1;
874905323;35505238;🟡 жёлтый;держим;ставка не тратится: показы есть, кликов нет;7.30;27.5;;2.5;0.00;0;0;0;0;0;0;0;10;0;0;
880354761;35503784;🟡 жёлтый;держим;ставка не тратится: показы есть, кликов нет;7.30;18.1;;0.0;0.00;0;0;0;0;0;0;0;11;0;0;
313185365;35514220;🟡 жёлтый;держим;ставка не тратится: показы есть, кликов нет;7.30;36.7;;11.7;0.00;0;0;0;0;0;0;0;1;0;0;
323269909;36459894;🟡 жёлтый;держим;ставка не тратится: показы есть, кликов нет;7.30;21.7;;0.0;0.00;0;0;0;0;0;0;0;2;0;0;
874901381;35505238;🟡 жёлтый;держим;ставка не тратится: показы есть, кликов нет;7.30;27.5;;2.5;0.00;0;0;0;0;0;0;0;20;0;0;
865361513;35501262;🟡 жёлтый;держим;ставка не тратится: показы есть, кликов нет;7.30;26.0;;1.0;0.00;0;0;0;0;0;0;0;9;0;0;
323145042;35509833;🟡 жёлтый;держим;ставка не тратится: показы есть, кликов нет;7.30;17.8;;0.0;0.00;0;0;0;0;0;0;0;4;0;0;
872296103;35506296;🟡 жёлтый;держим;ставка не тратится: показы есть, кликов нет;7.30;38.9;;13.9;0.00;0;0;0;0;0;0;0;1;0;0;
884686733;35502769;🟡 жёлтый;держим;ставка не тратится: показы есть, кликов нет;7.30;33.5;;8.5;0.00;0;0;0;0;0;0;0;1;0;0;
913070364;35499491;🟡 жёлтый;держим;ставка не тратится: показы есть, кликов нет;7.30;42.7;;17.7;0.00;0;0;0;0;0;0;0;33;0;1;
323314359;36459301;🟡 жёлтый;держим;ставка не тратится: показы есть, кликов нет;7.30;20.1;;0.0;0.00;0;0;0;0;0;0;0;1;0;0;
878191442;35501028;🟡 жёлтый;держим;ставка не тратится: показы есть, кликов нет;7.30;17.4;;0.0;0.00;0;0;0;0;0;0;0;1;0;0;
343239973;35500111;🟡 жёлтый;держим;ставка не тратится: показы есть, кликов нет;7.30;30.5;;5.5;0.00;0;0;0;0;0;0;0;4;0;0;
797543105;35510132;🟡 жёлтый;держим;в KPI, заказов нет — наблюдаем;7.30;50.4;;25.4;7.30;0;0;0;0;0;0;1;6;1;2;
865431629;35508404;🟡 жёлтый;держим;ставка не тратится: показы есть, кликов нет;7.30;20.6;;0.0;0.00;0;0;0;0;0;0;0;1;0;0;
923579195;35497681;🟡 жёлтый;держим;ставка не тратится: показы есть, кликов нет;7.30;36.6;;11.6;0.00;0;0;0;0;0;0;0;12;0;0;
497006794;35510132;🟡 жёлтый;держим;ставка не тратится: показы есть, кликов нет;7.30;37.3;;12.3;0.00;0;0;0;0;0;0;0;2;0;0;
862470414;35509256;🟡 жёлтый;держим;ставка не тратится: показы есть, кликов нет;7.30;25.0;;0.0;0.00;0;0;0;0;0;0;0;5;0;0;
873355254;36458352;🟡 жёлтый;держим;ставка не тратится: показы есть, кликов нет;7.30;25.6;;0.6;0.00;0;0;0;0;0;0;0;1;0;0;
909184569;35500111;🟡 жёлтый;держим;ставка не тратится: показы есть, кликов нет;7.30;36.3;;11.3;0.00;0;0;0;0;0;0;0;1;0;0;
324980375;35495292;🟡 жёлтый;держим;ставка не тратится: показы есть, кликов нет;7.30;19.3;;0.0;0.00;0;0;0;0;0;0;0;1;0;0;
880306674;35504156;🟡 жёлтый;держим;ставка не тратится: показы есть, кликов нет;7.30;35.2;;10.2;0.00;0;0;0;0;0;0;0;1;0;0;
881086117;35503784;🟡 жёлтый;держим;ставка не тратится: показы есть, кликов нет;7.30;33.5;;8.5;0.00;0;0;0;0;0;0;0;1;0;0;
863326403;35508987;🟡 жёлтый;держим;ставка не тратится: показы есть, кликов нет;7.30;22.5;;0.0;0.00;0;0;0;0;0;0;0;1;0;0;
324993807;35512317;🟡 жёлтый;держим;ставка не тратится: показы есть, кликов нет;7.30;34.2;;9.2;0.00;0;0;0;0;0;0;0;4;0;0;
868905598;35501262;🟡 жёлтый;держим;ставка не тратится: показы есть, кликов нет;7.30;28.9;;3.9;0.00;0;0;0;0;0;0;0;3;0;0;
313193630;35514220;🟡 жёлтый;держим;ставка не тратится: показы есть, кликов нет;7.30;16.5;;0.0;0.00;0;0;0;0;0;0;0;1;0;0;
881828759;35503414;🟡 жёлтый;держим;ставка не тратится: показы есть, кликов нет;7.30;16.9;;0.0;0.00;0;0;0;0;0;0;0;2;0;0;
923623749;35497681;🟡 жёлтый;держим;ставка не тратится: показы есть, кликов нет;7.30;39.2;;14.2;0.00;0;0;0;0;0;0;0;1;0;2;
323141305;36459301;🟡 жёлтый;держим;ставка не тратится: показы есть, кликов нет;7.30;26.3;;1.3;0.00;0;0;0;0;0;0;0;1;0;0;
872385960;35505900;🟡 жёлтый;держим;ставка не тратится: показы есть, кликов нет;7.30;40.0;;15.0;0.00;0;0;0;0;0;0;0;3;0;0;
872368691;35506296;🟡 жёлтый;держим;ставка не тратится: показы есть, кликов нет;7.30;32.0;;7.0;0.00;0;0;0;0;0;0;0;3;0;0;
869214193;35507605;🟡 жёлтый;держим;ставка не тратится: показы есть, кликов нет;7.30;35.1;;10.1;0.00;0;0;0;0;0;0;0;1;0;0;
323243558;35514926;🟡 жёлтый;держим;ставка не тратится: показы есть, кликов нет;7.30;18.4;;0.0;0.00;0;0;0;0;0;0;0;2;0;0;
323108007;36460596;🟡 жёлтый;держим;ставка не тратится: показы есть, кликов нет;7.30;35.3;;10.3;0.00;0;0;0;0;0;0;1;10;0;1;
323329679;36463324;🟡 жёлтый;держим;ставка не тратится: показы есть, кликов нет;7.30;33.8;;8.8;0.00;0;0;0;0;0;0;0;11;0;1;
862442823;35509256;🟡 жёлтый;держим;ставка не тратится: показы есть, кликов нет;7.30;20.0;;0.0;0.00;0;0;0;0;0;0;0;2;0;0;
878626744;35504951;🟡 жёлтый;держим;ставка не тратится: показы есть, кликов нет;7.30;38.4;;13.4;0.00;0;0;0;0;0;0;0;2;0;0;
886549858;35501886;🟡 жёлтый;держим;ставка не тратится: показы есть, кликов нет;7.30;27.4;;2.4;0.00;0;0;0;0;0;0;0;1;0;0;
313195544;36460596;🟡 жёлтый;держим;ставка не тратится: показы есть, кликов нет;7.30;32.1;;7.1;0.00;0;0;0;0;0;0;1;135;0;4;
860452803;35501028;🟡 жёлтый;держим;ставка не тратится: показы есть, кликов нет;7.30;33.8;;8.8;0.00;0;0;0;0;0;0;0;1;0;0;
871091477;35507256;🟡 жёлтый;держим;ставка не тратится: показы есть, кликов нет;7.30;24.2;;0.0;0.00;0;0;0;0;0;0;0;5;0;0;
887195133;35501509;🟡 жёлтый;держим;ставка не тратится: показы есть, кликов нет;7.30;25.1;;0.1;0.00;0;0;0;0;0;0;0;3;0;0;
870435262;35507605;🟡 жёлтый;держим;ставка не тратится: показы есть, кликов нет;7.30;22.0;;0.0;0.00;0;0;0;0;0;0;0;3;0;0;
323251482;36459894;🟡 жёлтый;держим;ставка не тратится: показы есть, кликов нет;7.30;22.1;;0.0;0.00;0;0;0;0;0;0;0;1;0;0;
912881884;35499393;🟡 жёлтый;держим;ставка не тратится: показы есть, кликов нет;7.30;29.2;;4.2;0.00;0;0;0;0;0;0;0;1;0;0;
862509309;35501262;🟡 жёлтый;держим;ставка не тратится: показы есть, кликов нет;7.30;15.5;;0.0;0.00;0;0;0;0;0;0;0;2;0;0;
323227344;35498621;🟡 жёлтый;держим;ставка не тратится: показы есть, кликов нет;7.30;39.7;;14.7;0.00;0;0;0;0;0;0;0;55;0;0;
877926337;35504951;🟡 жёлтый;держим;ставка не тратится: показы есть, кликов нет;7.30;48.9;;23.9;0.00;0;0;0;0;0;0;0;1;0;0;
313183321;36459468;🟡 жёлтый;держим;ставка не тратится: показы есть, кликов нет;7.30;41.2;;16.2;0.00;0;0;0;0;0;0;0;20;0;1;
323193473;35513180;🟡 жёлтый;держим;ставка не тратится: показы есть, кликов нет;7.30;36.4;;11.4;0.00;0;0;0;0;0;0;0;2;0;0;
878197192;35501028;🟡 жёлтый;держим;ставка не тратится: показы есть, кликов нет;7.30;17.4;;0.0;0.00;0;0;0;0;0;0;0;1;0;0;
912960754;35499491;🟡 жёлтый;держим;ставка не тратится: показы есть, кликов нет;7.30;27.8;;2.8;0.00;0;0;0;0;0;0;0;1;0;1;
324989334;36458352;🟡 жёлтый;держим;ставка не тратится: показы есть, кликов нет;7.30;19.1;;0.0;0.00;0;0;0;0;0;0;0;1;0;0;
872386630;35505900;🟡 жёлтый;держим;ставка не тратится: показы есть, кликов нет;7.30;40.0;;15.0;0.00;0;0;0;0;0;0;0;3;0;0;
381014937;35501509;🟡 жёлтый;держим;ставка не тратится: показы есть, кликов нет;7.30;30.9;;5.9;0.00;0;0;0;0;0;0;1;8;0;3;
880637142;35503784;🟡 жёлтый;держим;ставка не тратится: показы есть, кликов нет;7.30;31.2;;6.2;0.00;0;0;0;0;0;0;0;4;0;0;
859991677;35509529;🟡 жёлтый;держим;ставка не тратится: показы есть, кликов нет;7.30;17.5;;0.0;0.00;0;0;0;0;0;0;0;6;0;0;
878646158;35504951;🟡 жёлтый;держим;ставка не тратится: показы есть, кликов нет;7.30;34.1;;9.1;0.00;0;0;0;0;0;0;0;3;0;0;
883464855;35502978;🟡 жёлтый;держим;ставка не тратится: показы есть, кликов нет;7.30;16.1;;0.0;0.00;0;0;0;0;0;0;0;1;0;0;
872280052;35506296;🟡 жёлтый;держим;ставка не тратится: показы есть, кликов нет;7.30;38.9;;13.9;0.00;0;0;0;0;0;0;0;1;0;0;
323335263;35514926;🟡 жёлтый;держим;ставка не тратится: показы есть, кликов нет;7.30;40.4;;15.4;0.00;0;0;0;0;0;0;0;1;0;0;
871734591;35506296;🟡 жёлтый;держим;ставка не тратится: показы есть, кликов нет;7.30;37.0;;12.0;0.00;0;0;0;0;0;0;0;11;0;0;
878660261;35504537;🟡 жёлтый;держим;ставка не тратится: показы есть, кликов нет;7.30;34.1;;9.1;0.00;0;0;0;0;0;0;0;1;0;0;
871728204;35506296;🟡 жёлтый;держим;ставка не тратится: показы есть, кликов нет;7.30;40.1;;15.1;0.00;0;0;0;0;0;0;0;1;0;0;
324972232;35498621;🟡 жёлтый;держим;ставка не тратится: показы есть, кликов нет;7.30;31.1;;6.1;0.00;0;0;0;0;0;0;0;5;0;0;
323130983;35515230;🟡 жёлтый;держим;ставка не тратится: показы есть, кликов нет;7.30;32.8;;7.8;0.00;0;0;0;0;0;0;0;1;0;0;
883411569;35497916;🟡 жёлтый;держим;ставка не тратится: показы есть, кликов нет;7.30;30.2;;5.2;0.00;0;0;0;0;0;0;0;11;0;0;
872398956;35505900;🟡 жёлтый;держим;ставка не тратится: показы есть, кликов нет;7.30;40.0;;15.0;0.00;0;0;0;0;0;0;0;2;0;0;
418442262;35508061;🟡 жёлтый;держим;ставка не тратится: показы есть, кликов нет;7.30;37.8;;12.8;0.00;0;0;0;0;0;0;0;1;0;0;
872357774;35506296;🟡 жёлтый;держим;ставка не тратится: показы есть, кликов нет;7.30;27.9;;2.9;0.00;0;0;0;0;0;0;0;5;0;0;
313185070;36463324;🟡 жёлтый;держим;ставка не тратится: показы есть, кликов нет;7.30;37.1;;12.1;0.00;0;0;0;0;0;0;0;13;0;0;
915915109;35498671;🟡 жёлтый;держим;ставка не тратится: показы есть, кликов нет;7.30;20.6;;0.0;0.00;0;0;0;0;0;0;0;6;0;0;
863194523;35508624;🟡 жёлтый;держим;ставка не тратится: показы есть, кликов нет;7.30;42.3;;17.3;0.00;0;0;0;0;0;0;0;1;0;0;
885314526;35502200;🟡 жёлтый;держим;ставка не тратится: показы есть, кликов нет;7.30;19.0;;0.0;0.00;0;0;0;0;0;0;0;2;0;0;
874834755;35505238;🟡 жёлтый;держим;ставка не тратится: показы есть, кликов нет;7.30;16.8;;0.0;0.00;0;0;0;0;0;0;0;5;0;0;
323271175;35512936;🟡 жёлтый;держим;ставка не тратится: показы есть, кликов нет;7.30;38.2;;13.2;0.00;0;0;0;0;0;0;0;1;0;0;
313190798;35513872;🟡 жёлтый;держим;ставка не тратится: показы есть, кликов нет;7.30;20.0;;0.0;0.00;0;0;0;0;0;0;0;1;0;0;
862481120;35509256;🟡 жёлтый;держим;ставка не тратится: показы есть, кликов нет;7.30;36.9;;11.9;0.00;0;0;0;0;0;0;0;12;0;0;
873341738;36458352;🟡 жёлтый;держим;ставка не тратится: показы есть, кликов нет;7.30;37.2;;12.2;0.00;0;0;0;0;0;0;0;2;0;0;
923512683;35497681;🟡 жёлтый;держим;ставка не тратится: показы есть, кликов нет;7.30;34.9;;9.9;0.00;0;0;0;0;0;0;0;3;0;0;
880550290;35503784;🟡 жёлтый;держим;ставка не тратится: показы есть, кликов нет;7.30;20.4;;0.0;0.00;0;0;0;0;0;0;0;2;0;1;
871726492;35507256;🟡 жёлтый;держим;ставка не тратится: показы есть, кликов нет;7.30;40.1;;15.1;0.00;0;0;0;0;0;0;0;5;0;0;
859085856;35509833;🟡 жёлтый;держим;ставка не тратится: показы есть, кликов нет;7.30;23.1;;0.0;0.00;0;0;0;0;0;0;0;2;0;0;
434720650;36460888;🟡 жёлтый;держим;ставка не тратится: показы есть, кликов нет;7.30;30.8;;5.8;0.00;0;0;0;0;0;0;0;19;0;1;
324994182;35503414;🟡 жёлтый;держим;ставка не тратится: показы есть, кликов нет;7.30;34.7;;9.7;0.00;0;0;0;0;0;0;0;1;0;0;
869328290;35507605;🟡 жёлтый;держим;ставка не тратится: показы есть, кликов нет;7.30;26.4;;1.4;0.00;0;0;0;0;0;0;0;1;0;0;
885083447;35500111;🟡 жёлтый;держим;ставка не тратится: показы есть, кликов нет;7.30;30.7;;5.7;0.00;0;0;0;0;0;0;0;1;0;0;
915935134;35498671;🟡 жёлтый;держим;ставка не тратится: показы есть, кликов нет;7.30;37.7;;12.7;0.00;0;0;0;0;0;0;0;5;0;0;
324991677;35512642;🟡 жёлтый;держим;ставка не тратится: показы есть, кликов нет;7.30;20.8;;0.0;0.00;0;0;0;0;0;0;0;4;0;0;
313183914;35514926;🟡 жёлтый;держим;ставка не тратится: показы есть, кликов нет;7.30;35.8;;10.8;0.00;0;0;0;0;0;0;0;2;0;0;
887118028;35501683;🟡 жёлтый;держим;ставка не тратится: показы есть, кликов нет;7.30;34.2;;9.2;0.00;0;0;0;0;0;0;0;9;0;0;
923513600;35497681;🟡 жёлтый;держим;ставка не тратится: показы есть, кликов нет;7.30;34.9;;9.9;0.00;0;0;0;0;0;0;0;3;0;0;
880562588;35503784;🟡 жёлтый;держим;ставка не тратится: показы есть, кликов нет;7.30;24.0;;0.0;0.00;0;0;0;0;0;0;0;1;0;0;
883369056;35502978;🟡 жёлтый;держим;ставка не тратится: показы есть, кликов нет;7.30;18.9;;0.0;0.00;0;0;0;0;0;0;0;1;0;0;
323194745;35495292;🟡 жёлтый;держим;ставка не тратится: показы есть, кликов нет;7.30;33.1;;8.1;0.00;0;0;0;0;0;0;0;17;0;2;
859065069;35509833;🟡 жёлтый;держим;ставка не тратится: показы есть, кликов нет;7.30;27.6;;2.6;0.00;0;0;0;0;0;0;0;2;0;0;
912745336;35500111;🟡 жёлтый;держим;ставка не тратится: показы есть, кликов нет;7.30;27.8;;2.8;0.00;0;0;0;0;0;0;0;10;0;0;
323363768;35512317;🟡 жёлтый;держим;ставка не тратится: показы есть, кликов нет;7.30;23.3;;0.0;0.00;0;0;0;0;0;0;0;3;0;1;
504281664;35510132;🟡 жёлтый;держим;ставка не тратится: показы есть, кликов нет;7.30;21.8;;0.0;0.00;0;0;0;0;0;0;0;4;0;1;
323108181;36460596;🟡 жёлтый;держим;ставка не тратится: показы есть, кликов нет;7.30;30.2;;5.2;0.00;0;0;0;0;0;0;0;3;0;0;
323127511;35514926;🟡 жёлтый;держим;ставка не тратится: показы есть, кликов нет;7.30;21.2;;0.0;0.00;0;0;0;0;0;0;0;2;0;0;
923616003;35497681;🟡 жёлтый;держим;ставка не тратится: показы есть, кликов нет;7.30;34.1;;9.1;0.00;0;0;0;0;0;0;0;4;0;0;
865290968;35498621;🟡 жёлтый;держим;ставка не тратится: показы есть, кликов нет;7.30;41.0;;16.0;0.00;0;0;0;0;0;0;0;1;0;0;
880528344;35497479;🟡 жёлтый;держим;ставка не тратится: показы есть, кликов нет;7.30;25.7;;0.7;0.00;0;0;0;0;0;0;0;2;0;0;
324992963;35512642;🟡 жёлтый;держим;ставка не тратится: показы есть, кликов нет;7.30;31.2;;6.2;0.00;0;0;0;0;0;0;0;1;0;0;
886460639;35501886;🟡 жёлтый;держим;ставка не тратится: показы есть, кликов нет;7.30;19.5;;0.0;0.00;0;0;0;0;0;0;0;1;0;0;
323192338;36460888;🟡 жёлтый;держим;ставка не тратится: показы есть, кликов нет;7.30;18.8;;0.0;0.00;0;0;0;0;0;0;0;1;0;0;
859924634;35509529;🟡 жёлтый;держим;ставка не тратится: показы есть, кликов нет;7.30;21.3;;0.0;0.00;0;0;0;0;0;0;0;1;0;0;
886531634;35501886;🟡 жёлтый;держим;ставка не тратится: показы есть, кликов нет;7.30;27.4;;2.4;0.00;0;0;0;0;0;0;0;1;0;0;
915242535;35498839;🟡 жёлтый;держим;ставка не тратится: показы есть, кликов нет;7.30;37.2;;12.2;0.00;0;0;0;0;0;0;0;2;0;0;
323249920;35514926;🟡 жёлтый;держим;ставка не тратится: показы есть, кликов нет;7.30;21.5;;0.0;0.00;0;0;0;0;0;0;0;1;0;2;
923579871;35497681;🟡 жёлтый;держим;ставка не тратится: показы есть, кликов нет;7.30;36.6;;11.6;0.00;0;0;0;0;0;0;0;6;0;0;
323115975;35495292;🟡 жёлтый;держим;ставка не тратится: показы есть, кликов нет;7.30;18.2;;0.0;0.00;0;0;0;0;0;0;0;2;0;0;
313191274;36459301;🟡 жёлтый;держим;ставка не тратится: показы есть, кликов нет;7.30;40.1;;15.1;0.00;0;0;0;0;0;0;0;4;0;0;
323185549;36459894;🟡 жёлтый;держим;ставка не тратится: показы есть, кликов нет;7.30;30.5;;5.5;0.00;0;0;0;0;0;0;0;19;0;0;
470005259;35495292;🟡 жёлтый;держим;ставка не тратится: показы есть, кликов нет;7.30;20.3;;0.0;0.00;0;0;0;0;0;0;0;43;0;0;
862560163;35508987;🟡 жёлтый;держим;ставка не тратится: показы есть, кликов нет;7.30;18.2;;0.0;0.00;0;0;0;0;0;0;0;3;0;0;
323131565;35515230;🟡 жёлтый;держим;ставка не тратится: показы есть, кликов нет;7.30;32.8;;7.8;0.00;0;0;0;0;0;0;0;2;0;0;
870460381;35498671;🟡 жёлтый;держим;ставка не тратится: показы есть, кликов нет;7.30;29.0;;4.0;0.00;0;0;0;0;0;0;0;24;0;2;
869218387;35505900;🟡 жёлтый;держим;ставка не тратится: показы есть, кликов нет;7.30;17.8;;0.0;0.00;0;0;0;0;0;0;0;1;0;0;
871638566;35505545;🟡 жёлтый;держим;ставка не тратится: показы есть, кликов нет;7.30;15.6;;0.0;0.00;0;0;0;0;0;0;0;5;0;0;
923514569;35497916;🟡 жёлтый;держим;ставка не тратится: показы есть, кликов нет;7.30;34.9;;9.9;0.00;0;0;0;0;0;0;0;1;0;0;
874783731;35505238;🟡 жёлтый;держим;ставка не тратится: показы есть, кликов нет;7.30;16.3;;0.0;0.00;0;0;0;0;0;0;0;13;0;0;
883273554;35502978;🟡 жёлтый;держим;ставка не тратится: показы есть, кликов нет;7.30;33.6;;8.6;0.00;0;0;0;0;0;0;0;3;0;0;
871045395;35507605;🟡 жёлтый;держим;ставка не тратится: показы есть, кликов нет;7.30;18.8;;0.0;0.00;0;0;0;0;0;0;0;2;0;0;
867146443;35508061;🟡 жёлтый;держим;ставка не тратится: показы есть, кликов нет;7.30;25.9;;0.9;0.00;0;0;0;0;0;0;0;1;0;0;
323179360;35508987;🟡 жёлтый;держим;ставка не тратится: показы есть, кликов нет;7.30;39.9;;14.9;0.00;0;0;0;0;0;0;0;6;0;0;
313183123;35513180;🟡 жёлтый;держим;ставка не тратится: показы есть, кликов нет;7.30;20.8;;0.0;0.00;0;0;0;0;0;0;0;4;0;0;
323136240;35509833;🟡 жёлтый;держим;ставка не тратится: показы есть, кликов нет;7.30;17.0;;0.0;0.00;0;0;0;0;0;0;0;3;0;1;
434805158;35495292;🟡 жёлтый;держим;в KPI, заказов нет — наблюдаем;7.30;47.7;;22.7;7.30;0;0;0;0;0;0;2;68;1;20;
923616294;35497681;🟡 жёлтый;держим;ставка не тратится: показы есть, кликов нет;7.30;34.1;;9.1;0.00;0;0;0;0;0;0;0;2;0;0;
437431083;36460596;🟡 жёлтый;держим;ставка не тратится: показы есть, кликов нет;7.30;38.5;;13.5;0.00;0;0;0;0;0;0;0;12;0;0;
323185930;36459301;🟡 жёлтый;держим;ставка не тратится: показы есть, кликов нет;7.30;30.7;;5.7;0.00;0;0;0;0;0;0;0;2;0;0;
323299264;35514220;🟡 жёлтый;держим;ставка не тратится: показы есть, кликов нет;7.30;33.2;;8.2;0.00;0;0;0;0;0;0;0;1;0;0;
324987285;36463324;🟡 жёлтый;держим;ставка не тратится: показы есть, кликов нет;7.30;38.0;;13.0;0.00;0;0;0;0;0;0;0;16;0;2;
923479763;35497916;🟡 жёлтый;держим;ставка не тратится: показы есть, кликов нет;7.30;28.9;;3.9;0.00;0;0;0;0;0;0;0;4;0;0;
913008508;35498462;🟡 жёлтый;держим;ставка не тратится: показы есть, кликов нет;7.30;27.6;;2.6;0.00;0;0;0;0;0;0;0;11;0;0;
874801315;35505238;🟡 жёлтый;держим;ставка не тратится: показы есть, кликов нет;7.30;15.7;;0.0;0.00;0;0;0;0;0;0;0;9;0;0;
887051112;35501683;🟡 жёлтый;держим;ставка не тратится: показы есть, кликов нет;7.30;37.3;;12.3;0.00;0;0;0;0;0;0;0;1;0;0;
874897347;35505238;🟡 жёлтый;держим;ставка не тратится: показы есть, кликов нет;7.30;27.5;;2.5;0.00;0;0;0;0;0;0;0;26;0;0;
865125983;35508404;🟡 жёлтый;держим;ставка не тратится: показы есть, кликов нет;7.30;31.0;;6.0;0.00;0;0;0;0;0;0;0;2;0;0;
873349583;36458352;🟡 жёлтый;держим;ставка не тратится: показы есть, кликов нет;7.30;25.6;;0.6;0.00;0;0;0;0;0;0;0;9;0;0;
313193622;36460596;🟡 жёлтый;держим;ставка не тратится: показы есть, кликов нет;7.30;27.4;;2.4;0.00;0;0;0;0;0;0;0;1;0;0;
313184703;36463324;🟡 жёлтый;держим;ставка не тратится: показы есть, кликов нет;7.30;37.0;;12.0;0.00;0;0;0;0;0;0;0;3;0;0;
872419307;35505900;🟡 жёлтый;держим;ставка не тратится: показы есть, кликов нет;7.30;40.0;;15.0;0.00;0;0;0;0;0;0;0;2;0;0;
323149049;36459075;🟡 жёлтый;держим;ставка не тратится: показы есть, кликов нет;7.30;27.1;;2.1;0.00;0;0;0;0;0;0;0;11;0;0;
324989630;35513491;🟡 жёлтый;держим;ставка не тратится: показы есть, кликов нет;7.30;22.8;;0.0;0.00;0;0;0;0;0;0;0;1;0;0;
912783412;35500111;🟡 жёлтый;держим;ставка не тратится: показы есть, кликов нет;7.30;18.3;;0.0;0.00;0;0;0;0;0;0;0;2;0;0;
863536537;35508624;🟡 жёлтый;держим;ставка не тратится: показы есть, кликов нет;7.30;19.9;;0.0;0.00;0;0;0;0;0;0;0;5;0;0;
913007909;35498462;🟡 жёлтый;держим;ставка не тратится: показы есть, кликов нет;7.30;27.6;;2.6;0.00;0;0;0;0;0;0;0;12;0;0;
324980543;35515230;🟡 жёлтый;держим;ставка не тратится: показы есть, кликов нет;7.30;21.7;;0.0;0.00;0;0;0;0;0;0;0;1;0;0;
323362921;35512317;🟡 жёлтый;держим;ставка не тратится: показы есть, кликов нет;7.30;25.7;;0.7;0.00;0;0;0;0;0;0;0;1;0;0;
323151992;35514220;🟡 жёлтый;держим;ставка не тратится: показы есть, кликов нет;7.30;40.1;;15.1;0.00;0;0;0;0;0;0;0;1;0;0;
886605776;35497479;🟡 жёлтый;держим;ставка не тратится: показы есть, кликов нет;7.30;25.7;;0.7;0.00;0;0;0;0;0;0;0;1;0;0;
878773866;35501262;🟡 жёлтый;держим;ставка не тратится: показы есть, кликов нет;7.30;23.0;;0.0;0.00;0;0;0;0;0;0;0;1;0;0;
863527741;35508624;🟡 жёлтый;держим;ставка не тратится: показы есть, кликов нет;7.30;23.8;;0.0;0.00;0;0;0;0;0;0;0;8;0;0;
323122707;36459468;🟡 жёлтый;держим;ставка не тратится: показы есть, кликов нет;7.30;35.2;;10.2;0.00;0;0;0;0;0;0;0;1;0;0;
323231264;35513180;🟡 жёлтый;держим;ставка не тратится: показы есть, кликов нет;7.30;24.7;;0.0;0.00;0;0;0;0;0;0;0;2;0;0;
865439264;35508404;🟡 жёлтый;держим;ставка не тратится: показы есть, кликов нет;7.30;22.9;;0.0;0.00;0;0;0;0;0;0;0;1;0;0;
872313602;35506296;🟡 жёлтый;держим;ставка не тратится: показы есть, кликов нет;7.30;35.3;;10.3;0.00;0;0;0;0;0;0;0;4;0;0;
862485014;35509256;🟡 жёлтый;держим;ставка не тратится: показы есть, кликов нет;7.30;16.0;;0.0;0.00;0;0;0;0;0;0;0;1;0;0;
324994104;35500111;🟡 жёлтый;держим;ставка не тратится: показы есть, кликов нет;7.30;22.7;;0.0;0.00;0;0;0;0;0;0;0;1;0;0;
323357007;35499128;🟡 жёлтый;держим;ставка не тратится: показы есть, кликов нет;7.30;24.3;;0.0;0.00;0;0;0;0;0;0;0;2;0;3;
323226935;35513491;🟡 жёлтый;держим;ставка не тратится: показы есть, кликов нет;7.30;35.6;;10.6;0.00;0;0;0;0;0;0;0;1;0;0;
313197498;36460596;🟡 жёлтый;держим;ставка не тратится: показы есть, кликов нет;7.30;38.4;;13.4;0.00;0;0;0;0;0;0;0;1;0;0;
865032713;35508624;🟡 жёлтый;держим;ставка не тратится: показы есть, кликов нет;7.30;22.1;;0.0;0.00;0;0;0;0;0;0;0;5;0;0;
871649593;35507256;🟡 жёлтый;держим;ставка не тратится: показы есть, кликов нет;7.30;31.2;;6.2;0.00;0;0;0;0;0;0;0;3;0;0;
324985823;35509833;🟡 жёлтый;держим;ставка не тратится: показы есть, кликов нет;7.30;37.8;;12.8;0.00;0;0;0;0;0;0;0;1;0;0;
863201836;35500249;🟡 жёлтый;держим;ставка не тратится: показы есть, кликов нет;7.30;20.6;;0.0;0.00;0;0;0;0;0;0;0;5;0;0;
885237030;35502200;🟡 жёлтый;держим;ставка не тратится: показы есть, кликов нет;7.30;27.2;;2.2;0.00;0;0;0;0;0;0;0;1;0;0;
923615715;35497479;🟡 жёлтый;держим;ставка не тратится: показы есть, кликов нет;7.30;34.1;;9.1;0.00;0;0;0;0;0;0;0;3;0;0;
872424976;35505900;🟡 жёлтый;держим;ставка не тратится: показы есть, кликов нет;7.30;40.0;;15.0;0.00;0;0;0;0;0;0;0;1;0;0;
883417049;35502978;🟡 жёлтый;держим;ставка не тратится: показы есть, кликов нет;7.30;23.7;;0.0;0.00;0;0;0;0;0;0;0;5;0;0;
865299059;35501262;🟡 жёлтый;держим;ставка не тратится: показы есть, кликов нет;7.30;22.8;;0.0;0.00;0;0;0;0;0;0;0;2;0;0;
871631588;35507256;🟡 жёлтый;держим;ставка не тратится: показы есть, кликов нет;7.30;31.3;;6.3;0.00;0;0;0;0;0;0;0;7;0;1;
880331138;35501028;🟡 жёлтый;держим;ставка не тратится: показы есть, кликов нет;7.30;25.4;;0.4;0.00;0;0;0;0;0;0;0;1;0;0;
313184609;35509833;🟡 жёлтый;держим;ставка не тратится: показы есть, кликов нет;7.30;23.8;;0.0;0.00;0;0;0;0;0;0;0;8;0;0;
434798088;35512936;🟡 жёлтый;держим;ставка не тратится: показы есть, кликов нет;7.30;26.6;;1.6;0.00;0;0;0;0;0;0;0;10;0;0;
1002573801;36462835;🟡 жёлтый;держим;ставка не тратится: показы есть, кликов нет;7.30;35.1;;10.1;0.00;0;0;0;0;0;0;0;1;0;0;
324992903;35512642;🟡 жёлтый;держим;ставка не тратится: показы есть, кликов нет;7.30;37.4;;12.4;0.00;0;0;0;0;0;0;0;6;0;1;
872288986;35506296;🟡 жёлтый;держим;ставка не тратится: показы есть, кликов нет;7.30;38.9;;13.9;0.00;0;0;0;0;0;0;0;2;0;0;
923606142;35497916;🟡 жёлтый;держим;ставка не тратится: показы есть, кликов нет;7.30;37.5;;12.5;0.00;0;0;0;0;0;0;0;8;0;0;
313188679;36459075;🟡 жёлтый;держим;ставка не тратится: показы есть, кликов нет;7.30;18.7;;0.0;0.00;0;0;0;0;0;0;0;6;0;2;
313190139;35513180;🟡 жёлтый;держим;ставка не тратится: показы есть, кликов нет;7.30;22.0;;0.0;0.00;0;0;0;0;0;0;0;1;0;0;
313190499;36460596;🟡 жёлтый;держим;ставка не тратится: показы есть, кликов нет;7.30;23.6;;0.0;0.00;0;0;0;0;0;0;0;1;0;0;
860017415;35509529;🟡 жёлтый;держим;ставка не тратится: показы есть, кликов нет;7.30;30.1;;5.1;0.00;0;0;0;0;0;0;0;4;0;0;
1003590223;36462624;🟡 жёлтый;держим;ставка не тратится: показы есть, кликов нет;7.30;31.3;;6.3;0.00;0;0;0;0;0;0;0;8;0;0;
313214922;35512642;🟡 жёлтый;держим;ставка не тратится: показы есть, кликов нет;7.30;28.9;;3.9;0.00;0;0;0;0;0;0;0;1;0;0;
807387568;35508987;🟡 жёлтый;держим;ставка не тратится: показы есть, кликов нет;7.30;44.7;;19.7;0.00;0;0;0;0;0;0;0;2;0;2;
865034051;35508624;🟡 жёлтый;держим;ставка не тратится: показы есть, кликов нет;7.30;17.8;;0.0;0.00;0;0;0;0;0;0;0;5;0;0;
883479023;35502978;🟡 жёлтый;держим;ставка не тратится: показы есть, кликов нет;7.30;21.4;;0.0;0.00;0;0;0;0;0;0;0;2;0;0;
323193279;36459894;🟡 жёлтый;держим;ставка не тратится: показы есть, кликов нет;7.30;32.9;;7.9;0.00;0;0;0;0;0;0;0;1;0;0;
323340949;36459301;🟡 жёлтый;держим;ставка не тратится: показы есть, кликов нет;7.30;29.9;;4.9;0.00;0;0;0;0;0;0;0;2;0;0;
880197927;35504156;🟡 жёлтый;держим;ставка не тратится: показы есть, кликов нет;7.30;28.7;;3.7;0.00;0;0;0;0;0;0;0;2;0;0;
878620481;35504951;🟡 жёлтый;держим;ставка не тратится: показы есть, кликов нет;7.30;38.4;;13.4;0.00;0;0;0;0;0;0;0;1;0;0;
324989405;36458352;🟡 жёлтый;держим;ставка не тратится: показы есть, кликов нет;7.30;19.1;;0.0;0.00;0;0;0;0;0;0;0;1;0;0;
877821235;35504951;🟡 жёлтый;держим;ставка не тратится: показы есть, кликов нет;7.30;29.5;;4.5;0.00;0;0;0;0;0;0;0;1;0;0;
879583394;35504537;🟡 жёлтый;держим;ставка не тратится: показы есть, кликов нет;7.30;29.3;;4.3;0.00;0;0;0;0;0;0;0;1;0;0;
862513792;35508987;🟡 жёлтый;держим;ставка не тратится: показы есть, кликов нет;7.30;31.0;;6.0;0.00;0;0;0;0;0;0;0;1;0;0;
324980324;36459075;🟡 жёлтый;держим;ставка не тратится: показы есть, кликов нет;7.30;17.4;;0.0;0.00;0;0;0;0;0;0;0;1;0;0;
874892069;35505238;🟡 жёлтый;держим;ставка не тратится: показы есть, кликов нет;7.30;33.9;;8.9;0.00;0;0;0;0;0;0;0;17;0;0;
872385590;35505900;🟡 жёлтый;держим;ставка не тратится: показы есть, кликов нет;7.30;40.0;;15.0;0.00;0;0;0;0;0;0;0;4;0;0;
913011198;35498621;🟡 жёлтый;держим;ставка не тратится: показы есть, кликов нет;7.30;28.3;;3.3;0.00;0;0;0;0;0;0;0;3;0;1;
323253042;35512642;🟡 жёлтый;держим;ставка не тратится: показы есть, кликов нет;7.30;35.0;;10.0;0.00;0;0;0;0;0;0;0;3;0;0;
868929568;35507796;🟡 жёлтый;держим;ставка не тратится: показы есть, кликов нет;7.30;31.0;;6.0;0.00;0;0;0;0;0;0;0;2;0;0;
881409026;35503414;🟡 жёлтый;держим;ставка не тратится: показы есть, кликов нет;7.30;22.2;;0.0;0.00;0;0;0;0;0;0;0;1;0;0;
877262465;35498621;🟡 жёлтый;держим;ставка не тратится: показы есть, кликов нет;7.30;40.5;;15.5;0.00;0;0;0;0;0;0;0;1;0;0;
871755891;35506296;🟡 жёлтый;держим;ставка не тратится: показы есть, кликов нет;7.30;38.9;;13.9;0.00;0;0;0;0;0;0;0;5;0;0;
324991296;35512936;🟡 жёлтый;держим;ставка не тратится: показы есть, кликов нет;7.30;28.7;;3.7;0.00;0;0;0;0;0;0;0;57;0;0;
872331472;35506296;🟡 жёлтый;держим;ставка не тратится: показы есть, кликов нет;7.30;38.4;;13.4;0.00;0;0;0;0;0;0;0;1;0;0;
863452027;35500638;🟡 жёлтый;держим;ставка не тратится: показы есть, кликов нет;7.30;22.3;;0.0;0.00;0;0;0;0;0;0;0;1;0;0;
913041344;35498926;🟡 жёлтый;держим;ставка не тратится: показы есть, кликов нет;7.30;25.3;;0.3;0.00;0;0;0;0;0;0;0;3;0;0;
873347033;36458352;🟡 жёлтый;держим;ставка не тратится: показы есть, кликов нет;7.30;25.6;;0.6;0.00;0;0;0;0;0;0;0;8;0;0;
323146548;36458948;🟡 жёлтый;держим;ставка не тратится: показы есть, кликов нет;7.30;30.1;;5.1;0.00;0;0;0;0;0;0;0;2;0;0;
883571566;35502978;🟡 жёлтый;держим;ставка не тратится: показы есть, кликов нет;7.30;26.9;;1.9;0.00;0;0;0;0;0;0;0;7;0;0;
869095303;35507796;🟡 жёлтый;держим;ставка не тратится: показы есть, кликов нет;7.30;23.4;;0.0;0.00;0;0;0;0;0;0;0;6;0;0;
923640707;35497681;🟡 жёлтый;держим;ставка не тратится: показы есть, кликов нет;7.30;44.7;;19.7;0.00;0;0;0;0;0;0;0;1;0;0;
324992750;35512642;🟡 жёлтый;держим;ставка не тратится: показы есть, кликов нет;7.30;32.5;;7.5;0.00;0;0;0;0;0;0;0;1;0;0;
324992964;35512642;🟡 жёлтый;держим;ставка не тратится: показы есть, кликов нет;7.30;31.2;;6.2;0.00;0;0;0;0;0;0;0;1;0;0;
865298462;35501262;🟡 жёлтый;держим;ставка не тратится: показы есть, кликов нет;7.30;22.8;;0.0;0.00;0;0;0;0;0;0;0;2;0;0;
313190409;36463324;🟡 жёлтый;держим;ставка не тратится: показы есть, кликов нет;7.30;25.7;;0.7;0.00;0;0;0;0;0;1;0;4;0;2;
880558796;35503784;🟡 жёлтый;держим;ставка не тратится: показы есть, кликов нет;7.30;21.6;;0.0;0.00;0;0;0;0;0;0;0;1;0;0;
883095981;35503146;🟡 жёлтый;держим;ставка не тратится: показы есть, кликов нет;7.30;22.5;;0.0;0.00;0;0;0;0;0;0;0;1;0;0;
883591784;35502978;🟡 жёлтый;держим;ставка не тратится: показы есть, кликов нет;7.30;26.9;;1.9;0.00;0;0;0;0;0;0;0;3;0;0;
883709667;35502978;🟡 жёлтый;держим;ставка не тратится: показы есть, кликов нет;7.30;28.4;;3.4;0.00;0;0;0;0;0;0;0;24;0;1;
883482118;35502978;🟡 жёлтый;держим;ставка не тратится: показы есть, кликов нет;7.30;15.7;;0.0;0.00;0;0;0;0;0;0;0;3;0;0;
323218447;35500249;🟡 жёлтый;держим;ставка не тратится: показы есть, кликов нет;7.30;38.8;;13.8;0.00;0;0;0;0;0;0;0;5;0;0;
872346510;35506296;🟡 жёлтый;держим;ставка не тратится: показы есть, кликов нет;7.30;27.9;;2.9;0.00;0;0;0;0;0;0;0;8;0;0;
865742290;35508061;🟡 жёлтый;держим;ставка не тратится: показы есть, кликов нет;7.30;31.4;;6.4;0.00;0;0;0;0;0;0;0;2;0;0;
323222448;35513491;🟡 жёлтый;держим;ставка не тратится: показы есть, кликов нет;7.30;21.8;;0.0;0.00;0;0;0;0;0;0;0;1;0;0;
873382131;35505545;🟡 жёлтый;держим;ставка не тратится: показы есть, кликов нет;7.30;25.6;;0.6;0.00;0;0;0;0;0;0;0;1;0;0;
915854754;35498671;🟡 жёлтый;держим;ставка не тратится: показы есть, кликов нет;7.30;39.9;;14.9;0.00;0;0;0;0;0;0;0;8;0;0;
882019022;35503414;🟡 жёлтый;держим;ставка не тратится: показы есть, кликов нет;7.30;23.0;;0.0;0.00;0;0;0;0;0;0;0;8;0;0;
882072080;35503414;🟡 жёлтый;держим;ставка не тратится: показы есть, кликов нет;7.30;27.8;;2.8;0.00;0;0;0;0;0;0;0;6;0;0;
323359883;35512317;🟡 жёлтый;держим;ставка не тратится: показы есть, кликов нет;7.30;24.1;;0.0;0.00;0;0;0;0;0;0;0;1;0;0;
323172945;36458948;🟡 жёлтый;держим;ставка не тратится: показы есть, кликов нет;7.30;33.6;;8.6;0.00;0;0;0;0;0;0;0;1;0;0;
887206760;35501509;🟡 жёлтый;держим;ставка не тратится: показы есть, кликов нет;7.30;25.2;;0.2;0.00;0;0;0;0;0;0;0;17;0;0;
872420511;35505900;🟡 жёлтый;держим;ставка не тратится: показы есть, кликов нет;7.30;40.0;;15.0;0.00;0;0;0;0;0;0;0;2;0;0;
873439493;35498462;🟡 жёлтый;держим;ставка не тратится: показы есть, кликов нет;7.30;28.2;;3.2;0.00;0;0;0;0;0;0;0;3;0;0;
324972303;36459894;🟡 жёлтый;держим;ставка не тратится: показы есть, кликов нет;7.30;25.0;;0.0;0.00;0;0;0;0;0;0;0;1;0;0;
323167392;35509833;🟡 жёлтый;держим;ставка не тратится: показы есть, кликов нет;7.30;50.4;;25.4;0.00;0;0;0;0;0;0;0;1;0;4;
323168332;36459894;🟡 жёлтый;держим;ставка не тратится: показы есть, кликов нет;7.30;35.5;;10.5;0.00;0;0;0;0;0;0;0;1;0;0;
865269520;35508404;🟡 жёлтый;держим;ставка не тратится: показы есть, кликов нет;7.30;31.9;;6.9;0.00;0;0;0;0;0;0;0;3;0;0;
313183459;36459301;🟡 жёлтый;держим;ставка не тратится: показы есть, кликов нет;7.30;35.6;;10.6;0.00;0;0;0;0;0;0;0;2;0;0;
869079842;35507796;🟡 жёлтый;держим;ставка не тратится: показы есть, кликов нет;7.30;35.6;;10.6;0.00;0;0;0;0;0;0;0;3;0;0;
878012229;35504951;🟡 жёлтый;держим;ставка не тратится: показы есть, кликов нет;7.30;39.5;;14.5;0.00;0;0;0;0;0;0;0;4;0;0;
865711799;35508061;🟡 жёлтый;держим;ставка не тратится: показы есть, кликов нет;7.30;25.6;;0.6;0.00;0;0;0;0;0;0;0;3;0;0;
323312699;35513180;🟡 жёлтый;держим;ставка не тратится: показы есть, кликов нет;7.30;26.8;;1.8;0.00;0;0;0;0;0;0;0;1;0;0;
323159782;35588483;🟡 жёлтый;держим;ставка не тратится: показы есть, кликов нет;7.30;22.1;;0.0;0.00;0;0;0;0;0;0;0;1;0;0;
313191024;35513872;🟡 жёлтый;держим;ставка не тратится: показы есть, кликов нет;7.30;42.9;;17.9;0.00;0;0;0;0;0;0;0;2;0;0;
323109058;36460596;🟡 жёлтый;держим;ставка не тратится: показы есть, кликов нет;7.30;17.9;;0.0;0.00;0;0;0;0;0;0;0;6;0;2;
862570130;35508987;🟡 жёлтый;держим;ставка не тратится: показы есть, кликов нет;7.30;20.5;;0.0;0.00;0;0;0;0;0;0;0;8;0;1;
313186226;36459468;🟡 жёлтый;держим;в KPI, заказов нет — наблюдаем;7.30;45.0;;20.0;7.30;0;0;0;0;0;0;1;5;1;7;
886482570;35501886;🟡 жёлтый;держим;ставка не тратится: показы есть, кликов нет;7.30;23.7;;0.0;0.00;0;0;0;0;0;0;0;9;0;0;
874388241;35505545;🟡 жёлтый;держим;ставка не тратится: показы есть, кликов нет;7.30;18.6;;0.0;0.00;0;0;0;0;0;0;0;1;0;0;
862448952;35498462;🟡 жёлтый;держим;ставка не тратится: показы есть, кликов нет;7.30;29.1;;4.1;0.00;0;0;0;0;0;0;0;2;0;0;
861268159;35509256;🟡 жёлтый;держим;ставка не тратится: показы есть, кликов нет;7.30;15.0;;0.0;0.00;0;0;0;0;0;0;0;1;0;0;
887073274;35501683;🟡 жёлтый;держим;ставка не тратится: показы есть, кликов нет;7.30;24.8;;0.0;0.00;0;0;0;0;0;0;0;2;0;0;
323200907;35513180;🟡 жёлтый;держим;ставка не тратится: показы есть, кликов нет;7.30;22.2;;0.0;0.00;0;0;0;0;0;0;0;1;0;0;
872315751;35506296;🟡 жёлтый;держим;ставка не тратится: показы есть, кликов нет;7.30;38.4;;13.4;0.00;0;0;0;0;0;0;0;1;0;0;
323167808;35515230;🟡 жёлтый;держим;ставка не тратится: показы есть, кликов нет;7.30;36.9;;11.9;0.00;0;0;0;0;0;0;0;2;0;0;
868911649;35501028;🟡 жёлтый;держим;ставка не тратится: показы есть, кликов нет;7.30;29.4;;4.4;0.00;0;0;0;0;0;0;0;1;0;0;
323186857;36459468;🟡 жёлтый;держим;ставка не тратится: показы есть, кликов нет;7.30;30.5;;5.5;0.00;0;0;0;0;0;0;0;4;0;0;
860379100;35509529;🟡 жёлтый;держим;ставка не тратится: показы есть, кликов нет;7.30;33.8;;8.8;0.00;0;0;0;0;0;0;0;6;0;1;
323182631;35513491;🟡 жёлтый;держим;ставка не тратится: показы есть, кликов нет;7.30;27.4;;2.4;0.00;0;0;0;0;0;0;0;2;0;0;
883270963;35502978;🟡 жёлтый;держим;ставка не тратится: показы есть, кликов нет;7.30;33.6;;8.6;0.00;0;0;0;0;0;0;0;2;0;0;
885358997;35502200;🟡 жёлтый;держим;ставка не тратится: показы есть, кликов нет;7.30;16.4;;0.0;0.00;0;0;0;0;0;0;0;3;0;0;
881979281;35503414;🟡 жёлтый;держим;ставка не тратится: показы есть, кликов нет;7.30;19.1;;0.0;0.00;0;0;0;0;0;0;0;1;0;0;
323289442;35514220;🟡 жёлтый;держим;ставка не тратится: показы есть, кликов нет;7.30;20.4;;0.0;0.00;0;0;0;0;0;0;0;1;0;0;
871696316;35506296;🟡 жёлтый;держим;ставка не тратится: показы есть, кликов нет;7.30;40.1;;15.1;0.00;0;0;0;0;0;0;0;1;0;0;
862510933;35508987;🟡 жёлтый;держим;ставка не тратится: показы есть, кликов нет;7.30;17.6;;0.0;0.00;0;0;0;0;0;0;0;2;0;0;
880595277;35500249;🟡 жёлтый;держим;ставка не тратится: показы есть, кликов нет;7.30;20.3;;0.0;0.00;0;0;0;0;0;0;0;1;0;0;
863490999;35508624;🟡 жёлтый;держим;ставка не тратится: показы есть, кликов нет;7.30;33.7;;8.7;0.00;0;0;0;0;0;0;0;1;0;0;
923490828;35497916;🟡 жёлтый;держим;ставка не тратится: показы есть, кликов нет;7.30;24.6;;0.0;0.00;0;0;0;0;0;0;0;3;0;0;
872370785;35506296;🟡 жёлтый;держим;ставка не тратится: показы есть, кликов нет;7.30;52.0;;27.0;0.00;0;0;0;0;0;0;0;10;0;0;
323151442;36459075;🟡 жёлтый;держим;ставка не тратится: показы есть, кликов нет;7.30;37.1;;12.1;0.00;0;0;0;0;0;0;0;8;0;0;
323288051;36459075;🟡 жёлтый;держим;ставка не тратится: показы есть, кликов нет;7.30;15.6;;0.0;0.00;0;0;0;0;0;0;0;21;0;0;
434720999;36460888;🟡 жёлтый;держим;ставка не тратится: показы есть, кликов нет;7.30;31.3;;6.3;0.00;0;0;0;0;0;0;0;9;0;0;
324981213;35515230;🟡 жёлтый;держим;ставка не тратится: показы есть, кликов нет;7.30;20.0;;0.0;0.00;0;0;0;0;0;0;0;14;0;0;
323164225;35498462;🟡 жёлтый;держим;ставка не тратится: показы есть, кликов нет;7.30;30.5;;5.5;0.00;0;0;0;0;0;0;0;1;0;0;
323283359;35514511;🟡 жёлтый;держим;ставка не тратится: показы есть, кликов нет;7.30;44.1;;19.1;0.00;0;0;0;0;0;0;0;1;0;0;
865715803;35508061;🟡 жёлтый;держим;ставка не тратится: показы есть, кликов нет;7.30;15.5;;0.0;0.00;0;0;0;0;0;0;0;3;0;0;
884029072;35502769;🟡 жёлтый;держим;ставка не тратится: показы есть, кликов нет;7.30;33.8;;8.8;0.00;0;0;0;0;0;0;0;2;0;0;
870466473;35498671;🟡 жёлтый;держим;ставка не тратится: показы есть, кликов нет;7.30;29.0;;4.0;0.00;0;0;0;0;0;0;0;1;0;1;
313183106;35497479;🟡 жёлтый;держим;ставка не тратится: показы есть, кликов нет;7.30;37.9;;12.9;0.00;0;0;0;0;0;0;0;39;0;2;
860403233;35501262;🟡 жёлтый;держим;ставка не тратится: показы есть, кликов нет;7.30;25.2;;0.2;0.00;0;0;0;0;0;0;0;1;0;0;
913007972;35498462;🟡 жёлтый;держим;ставка не тратится: показы есть, кликов нет;7.30;27.6;;2.6;0.00;0;0;0;0;0;0;0;14;0;0;
912703727;35500111;🟡 жёлтый;держим;ставка не тратится: показы есть, кликов нет;7.30;30.0;;5.0;0.00;0;0;0;0;0;0;0;2;0;0;
872376024;35505900;🟡 жёлтый;держим;ставка не тратится: показы есть, кликов нет;7.30;28.4;;3.4;0.00;0;0;0;0;0;0;0;9;0;0;
323164327;35508987;🟡 жёлтый;держим;ставка не тратится: показы есть, кликов нет;7.30;40.2;;15.2;0.00;0;0;0;0;0;0;0;2;0;0;
913094595;35499491;🟡 жёлтый;держим;ставка не тратится: показы есть, кликов нет;7.30;24.9;;0.0;0.00;0;0;0;0;0;0;0;1;0;0;
887707970;35501509;🟡 жёлтый;держим;ставка не тратится: показы есть, кликов нет;7.30;20.9;;0.0;0.00;0;0;0;0;0;0;0;3;0;1;
885110857;35502769;🟡 жёлтый;держим;ставка не тратится: показы есть, кликов нет;7.30;22.9;;0.0;0.00;0;0;0;0;0;0;0;1;0;0;
323319031;36459075;🟡 жёлтый;держим;ставка не тратится: показы есть, кликов нет;7.30;32.1;;7.1;0.00;0;0;0;0;0;0;0;1;0;0;
877884711;35504951;🟡 жёлтый;держим;ставка не тратится: показы есть, кликов нет;7.30;25.4;;0.4;0.00;0;0;0;0;0;0;0;1;0;0;
323335974;35497916;🟡 жёлтый;держим;ставка не тратится: показы есть, кликов нет;7.30;43.0;;18.0;0.00;0;0;0;0;0;0;0;5;0;0;
865081261;35508404;🟡 жёлтый;держим;ставка не тратится: показы есть, кликов нет;7.30;37.9;;12.9;0.00;0;0;0;0;0;0;0;1;0;0;
880277708;35504156;🟡 жёлтый;держим;ставка не тратится: показы есть, кликов нет;7.30;32.5;;7.5;0.00;0;0;0;0;0;0;0;1;0;0;
313196492;36463324;🟡 жёлтый;держим;ставка не тратится: показы есть, кликов нет;7.30;40.3;;15.3;0.00;0;0;0;0;0;0;0;3;0;0;
599217636;35498839;🟡 жёлтый;держим;ставка не тратится: показы есть, кликов нет;7.30;26.4;;1.4;0.00;0;0;0;0;0;0;0;3;0;0;
863264891;35508624;🟡 жёлтый;держим;ставка не тратится: показы есть, кликов нет;7.30;28.3;;3.3;0.00;0;0;0;0;0;0;0;2;0;0;
871691987;35507256;🟡 жёлтый;держим;ставка не тратится: показы есть, кликов нет;7.30;40.1;;15.1;0.00;0;0;0;0;0;0;0;1;0;0;
912742976;35500111;🟡 жёлтый;держим;ставка не тратится: показы есть, кликов нет;7.30;20.8;;0.0;0.00;0;0;0;0;0;0;0;1;0;0;
867075699;35508061;🟡 жёлтый;держим;ставка не тратится: показы есть, кликов нет;7.30;29.9;;4.9;0.00;0;0;0;0;0;0;0;2;0;0;
323335512;35509833;🟡 жёлтый;держим;ставка не тратится: показы есть, кликов нет;7.30;33.9;;8.9;0.00;0;0;0;0;0;0;0;1;0;0;
912953200;35499491;🟡 жёлтый;держим;ставка не тратится: показы есть, кликов нет;7.30;34.8;;9.8;0.00;0;0;0;0;0;0;0;1;0;0;
859971983;35509529;🟡 жёлтый;держим;ставка не тратится: показы есть, кликов нет;7.30;19.9;;0.0;0.00;0;0;0;0;0;0;0;2;0;0;
884593767;35502769;🟡 жёлтый;держим;ставка не тратится: показы есть, кликов нет;7.30;33.5;;8.5;0.00;0;0;0;0;0;0;0;1;0;0;
555378179;35508987;🟡 жёлтый;держим;ставка не тратится: показы есть, кликов нет;7.30;43.5;;18.5;0.00;0;0;0;0;0;0;0;5;0;0;
869359983;35507605;🟡 жёлтый;держим;ставка не тратится: показы есть, кликов нет;7.30;21.9;;0.0;0.00;0;0;0;0;0;0;0;3;0;0;
880177650;35504156;🟡 жёлтый;держим;ставка не тратится: показы есть, кликов нет;7.30;41.2;;16.2;0.00;0;0;0;0;0;0;0;1;0;0;
885343789;35502200;🟡 жёлтый;держим;ставка не тратится: показы есть, кликов нет;7.30;31.1;;6.1;0.00;0;0;0;0;0;0;0;15;0;0;
313185309;35513491;🟡 жёлтый;держим;ставка не тратится: показы есть, кликов нет;7.30;30.1;;5.1;0.00;0;0;0;0;0;0;0;9;0;0;
873362113;35505545;🟡 жёлтый;держим;ставка не тратится: показы есть, кликов нет;7.30;25.6;;0.6;0.00;0;0;0;0;0;0;0;2;0;0;
323218631;35501262;🟡 жёлтый;держим;ставка не тратится: показы есть, кликов нет;7.30;26.7;;1.7;0.00;0;0;0;0;0;0;0;84;0;0;
915872273;35498671;🟡 жёлтый;держим;ставка не тратится: показы есть, кликов нет;7.30;23.6;;0.0;0.00;0;0;0;0;0;0;0;2;0;0;
865136559;35508404;🟡 жёлтый;держим;ставка не тратится: показы есть, кликов нет;7.30;37.4;;12.4;0.00;0;0;0;0;0;0;0;2;0;0;
872359571;35506296;🟡 жёлтый;держим;ставка не тратится: показы есть, кликов нет;7.30;27.9;;2.9;0.00;0;0;0;0;0;0;0;3;0;0;
313195458;35495292;🟡 жёлтый;держим;ставка не тратится: показы есть, кликов нет;7.30;26.3;;1.3;0.00;0;0;0;0;0;0;0;1;0;1;
923605592;35497916;🟡 жёлтый;держим;ставка не тратится: показы есть, кликов нет;7.30;37.5;;12.5;0.00;0;0;0;0;0;0;0;6;0;0;
923640526;35497681;🟡 жёлтый;держим;ставка не тратится: показы есть, кликов нет;7.30;44.7;;19.7;0.00;0;0;0;0;0;0;0;1;0;0;
913041568;35498926;🟡 жёлтый;держим;ставка не тратится: показы есть, кликов нет;7.30;25.3;;0.3;0.00;0;0;0;0;0;0;0;3;0;0;
880217574;35504156;🟡 жёлтый;держим;ставка не тратится: показы есть, кликов нет;7.30;24.8;;0.0;0.00;0;0;0;0;0;0;0;3;0;0;
716763840;35500111;🟡 жёлтый;держим;ставка не тратится: показы есть, кликов нет;7.30;24.6;;0.0;0.00;0;0;0;0;0;0;0;4;0;0;
313084414;35512317;🟡 жёлтый;держим;ставка не тратится: показы есть, кликов нет;7.30;24.1;;0.0;0.00;0;0;0;0;0;0;0;34;0;0;
886499742;35501886;🟡 жёлтый;держим;ставка не тратится: показы есть, кликов нет;7.30;21.8;;0.0;0.00;0;0;0;0;0;0;0;2;0;0;
865615926;35508624;🟡 жёлтый;держим;ставка не тратится: показы есть, кликов нет;7.30;21.1;;0.0;0.00;0;0;0;0;0;0;0;3;0;0;
879424839;35500638;🟡 жёлтый;держим;ставка не тратится: показы есть, кликов нет;7.30;18.1;;0.0;0.00;0;0;0;0;0;0;0;1;0;0;
874848767;35505238;🟡 жёлтый;держим;ставка не тратится: показы есть, кликов нет;7.30;16.5;;0.0;0.00;0;0;0;0;0;0;0;3;0;0;
878013894;35504951;🟡 жёлтый;держим;ставка не тратится: показы есть, кликов нет;7.30;39.5;;14.5;0.00;0;0;0;0;0;0;0;3;0;0;
860464639;35501028;🟡 жёлтый;держим;ставка не тратится: показы есть, кликов нет;7.30;33.8;;8.8;0.00;0;0;0;0;0;0;0;1;0;0;
323127014;35515230;🟡 жёлтый;держим;ставка не тратится: показы есть, кликов нет;7.30;21.5;;0.0;0.00;0;0;0;0;0;0;0;1;0;0;
874771669;35505238;🟡 жёлтый;держим;ставка не тратится: показы есть, кликов нет;7.30;19.4;;0.0;0.00;0;0;0;0;0;0;0;1;0;0;
323329544;36462624;🟡 жёлтый;держим;ставка не тратится: показы есть, кликов нет;7.30;26.5;;1.5;0.00;0;0;0;0;0;0;0;5;0;1;
879467008;35504537;🟡 жёлтый;держим;ставка не тратится: показы есть, кликов нет;7.30;16.9;;0.0;0.00;0;0;0;0;0;0;0;1;0;0;
871595337;35507256;🟡 жёлтый;держим;ставка не тратится: показы есть, кликов нет;7.30;16.3;;0.0;0.00;0;0;0;0;0;0;0;3;0;0;
867205665;35507796;🟡 жёлтый;держим;ставка не тратится: показы есть, кликов нет;7.30;29.5;;4.5;0.00;0;0;0;0;0;0;0;12;0;0;
877883711;35504951;🟡 жёлтый;держим;ставка не тратится: показы есть, кликов нет;7.30;25.8;;0.8;0.00;0;0;0;0;0;0;0;2;0;0;
862456559;35509256;🟡 жёлтый;держим;ставка не тратится: показы есть, кликов нет;7.30;24.7;;0.0;0.00;0;0;0;0;0;0;0;1;0;0;
323108854;36463324;🟡 жёлтый;держим;ставка не тратится: показы есть, кликов нет;7.30;27.4;;2.4;0.00;0;0;0;0;0;0;0;7;0;2;
807408825;35512317;🟡 жёлтый;держим;ставка не тратится: показы есть, кликов нет;7.30;33.4;;8.4;0.00;0;0;0;0;0;0;0;1;0;0;
883632809;35502978;🟡 жёлтый;держим;ставка не тратится: показы есть, кликов нет;7.30;26.9;;1.9;0.00;0;0;0;0;0;0;0;4;0;0;
501381533;35508987;🟡 жёлтый;держим;ставка не тратится: показы есть, кликов нет;7.30;28.4;;3.4;0.00;0;0;0;0;0;0;0;4;0;0;
313185204;35513491;🟡 жёлтый;держим;ставка не тратится: показы есть, кликов нет;7.30;47.3;;22.3;0.00;0;0;0;0;0;1;0;3;0;3;
881171227;35503784;🟡 жёлтый;держим;ставка не тратится: показы есть, кликов нет;7.30;16.1;;0.0;0.00;0;0;0;0;0;0;0;2;0;0;
884017193;35502769;🟡 жёлтый;держим;ставка не тратится: показы есть, кликов нет;7.30;33.8;;8.8;0.00;0;0;0;0;0;0;0;2;0;0;
884074378;35500638;🟡 жёлтый;держим;ставка не тратится: показы есть, кликов нет;7.30;30.5;;5.5;0.00;0;0;0;0;0;0;0;4;0;0;
884143772;35502769;🟡 жёлтый;держим;ставка не тратится: показы есть, кликов нет;7.30;28.8;;3.8;0.00;0;0;0;0;0;0;0;2;0;0;
874733812;35501028;🟡 жёлтый;держим;ставка не тратится: показы есть, кликов нет;7.30;26.5;;1.5;0.00;0;0;0;0;0;0;0;1;0;0;
912760154;35497479;🟡 жёлтый;держим;ставка не тратится: показы есть, кликов нет;7.30;25.7;;0.7;0.00;0;0;0;0;0;0;0;10;0;0;
885221094;35502200;🟡 жёлтый;держим;ставка не тратится: показы есть, кликов нет;7.30;40.1;;15.1;0.00;0;0;0;0;0;0;0;2;0;0;
912760398;35497479;🟡 жёлтый;держим;ставка не тратится: показы есть, кликов нет;7.30;25.7;;0.7;0.00;0;0;0;0;0;0;0;1;0;0;
313193938;35514220;🟡 жёлтый;держим;ставка не тратится: показы есть, кликов нет;7.30;31.2;;6.2;0.00;0;0;0;0;0;0;0;1;0;0;
883665854;35502978;🟡 жёлтый;держим;ставка не тратится: показы есть, кликов нет;7.30;28.4;;3.4;0.00;0;0;0;0;0;0;0;53;0;0;
313183710;36463324;🟡 жёлтый;держим;ставка не тратится: показы есть, кликов нет;7.30;35.1;;10.1;0.00;0;0;0;0;0;0;0;1;0;2;
324995748;35508987;🟡 жёлтый;держим;ставка не тратится: показы есть, кликов нет;7.30;43.7;;18.7;0.00;0;0;0;0;0;0;0;2;0;0;
323107543;35510132;🟡 жёлтый;держим;ставка не тратится: показы есть, кликов нет;7.30;38.1;;13.1;0.00;0;0;0;0;0;0;0;4;0;2;
885358215;35502200;🟡 жёлтый;держим;ставка не тратится: показы есть, кликов нет;7.30;23.4;;0.0;0.00;0;0;0;0;0;0;0;24;0;0;
881301202;35500638;🟡 жёлтый;держим;ставка не тратится: показы есть, кликов нет;7.30;16.5;;0.0;0.00;0;0;0;0;0;0;0;1;0;0;
865300604;35501262;🟡 жёлтый;держим;ставка не тратится: показы есть, кликов нет;7.30;22.8;;0.0;0.00;0;0;0;0;0;0;0;2;0;0;
323092458;36460596;🟡 жёлтый;держим;ставка не тратится: показы есть, кликов нет;7.30;30.4;;5.4;0.00;0;0;0;0;0;0;0;5;0;0;
313190938;36459468;🟡 жёлтый;держим;ставка не тратится: показы есть, кликов нет;7.30;39.6;;14.6;0.00;0;0;0;0;0;0;0;9;0;0;
982559776;36463324;🟡 жёлтый;держим;ставка не тратится: показы есть, кликов нет;7.30;32.8;;7.8;0.00;0;0;0;0;0;0;0;5;0;0;
323192464;36459301;🟡 жёлтый;держим;ставка не тратится: показы есть, кликов нет;7.30;34.1;;9.1;0.00;0;0;0;0;0;0;0;2;0;0;
874476812;35505238;🟡 жёлтый;держим;ставка не тратится: показы есть, кликов нет;7.30;22.1;;0.0;0.00;0;0;0;0;0;0;0;1;0;0;
881017776;35503784;🟡 жёлтый;держим;ставка не тратится: показы есть, кликов нет;7.30;17.7;;0.0;0.00;0;0;0;0;0;0;0;2;0;0;
323172088;36458948;🟡 жёлтый;держим;ставка не тратится: показы есть, кликов нет;7.30;33.6;;8.6;0.00;0;0;0;0;0;0;0;1;0;0;
323142615;35513872;🟡 жёлтый;держим;ставка не тратится: показы есть, кликов нет;7.30;34.0;;9.0;0.00;0;0;0;0;0;0;0;1;0;0;
862428801;35509256;🟡 жёлтый;держим;ставка не тратится: показы есть, кликов нет;7.30;22.8;;0.0;0.00;0;0;0;0;0;0;0;1;0;0;
869072151;35507796;🟡 жёлтый;держим;ставка не тратится: показы есть, кликов нет;7.30;35.6;;10.6;0.00;0;0;0;0;0;0;0;3;0;0;
886561228;35497916;🟡 жёлтый;держим;ставка не тратится: показы есть, кликов нет;7.30;37.4;;12.4;0.00;0;0;0;0;0;0;0;3;0;0;
323202580;35514220;🟡 жёлтый;держим;ставка не тратится: показы есть, кликов нет;7.30;36.9;;11.9;0.00;0;0;0;0;0;0;0;2;0;0;
871149640;35507256;🟡 жёлтый;держим;ставка не тратится: показы есть, кликов нет;7.30;25.0;;0.0;0.00;0;0;0;0;0;0;0;2;0;0;
884683785;35502769;🟡 жёлтый;держим;ставка не тратится: показы есть, кликов нет;7.30;33.5;;8.5;0.00;0;0;0;0;0;0;0;1;0;0;
912865867;35499393;🟡 жёлтый;держим;ставка не тратится: показы есть, кликов нет;7.30;19.0;;0.0;0.00;0;0;0;0;0;0;0;1;0;0;
923513048;35497681;🟡 жёлтый;держим;ставка не тратится: показы есть, кликов нет;7.30;34.9;;9.9;0.00;0;0;0;0;0;0;0;6;0;0;
869307453;35507605;🟡 жёлтый;держим;ставка не тратится: показы есть, кликов нет;7.30;24.6;;0.0;0.00;0;0;0;0;0;0;0;3;0;0;
323127328;35515230;🟡 жёлтый;держим;ставка не тратится: показы есть, кликов нет;7.30;23.2;;0.0;0.00;0;0;0;0;0;0;0;1;0;0;
1003029952;36462835;🟡 жёлтый;держим;ставка не тратится: показы есть, кликов нет;7.30;29.0;;4.0;0.00;0;0;0;0;0;0;0;35;0;0;
880321341;35504156;🟡 жёлтый;держим;ставка не тратится: показы есть, кликов нет;7.30;30.0;;5.0;0.00;0;0;0;0;0;0;0;1;0;0;
871722640;35507256;🟡 жёлтый;держим;ставка не тратится: показы есть, кликов нет;7.30;40.1;;15.1;0.00;0;0;0;0;0;0;0;2;0;0;
435043736;36463324;🟡 жёлтый;держим;ставка не тратится: показы есть, кликов нет;7.30;22.0;;0.0;0.00;0;0;0;0;0;0;0;4;0;0;
881335199;35503414;🟡 жёлтый;держим;ставка не тратится: показы есть, кликов нет;7.30;20.8;;0.0;0.00;0;0;0;0;0;0;0;1;0;0;
886730437;35501683;🟡 жёлтый;держим;ставка не тратится: показы есть, кликов нет;7.30;27.9;;2.9;0.00;0;0;0;0;0;0;0;3;0;0;
886672242;35497916;🟡 жёлтый;держим;ставка не тратится: показы есть, кликов нет;7.30;26.8;;1.8;0.00;0;0;0;0;0;0;0;22;0;0;
323201012;35513180;🟡 жёлтый;держим;ставка не тратится: показы есть, кликов нет;7.30;33.7;;8.7;0.00;0;0;0;0;0;0;0;1;0;0;
883083614;35501028;🟡 жёлтый;держим;ставка не тратится: показы есть, кликов нет;7.30;24.1;;0.0;0.00;0;0;0;0;0;0;0;2;0;0;
859057922;35509833;🟡 жёлтый;держим;ставка не тратится: показы есть, кликов нет;7.30;27.6;;2.6;0.00;0;0;0;0;0;0;0;1;0;0;
872351294;35506296;🟡 жёлтый;держим;ставка не тратится: показы есть, кликов нет;7.30;27.9;;2.9;0.00;0;0;0;0;0;0;0;6;0;0;
313183684;35512936;🟡 жёлтый;держим;ставка не тратится: показы есть, кликов нет;7.30;28.2;;3.2;0.00;0;0;0;0;0;0;0;86;0;0;
887148881;35501683;🟡 жёлтый;держим;ставка не тратится: показы есть, кликов нет;7.30;26.2;;1.2;0.00;0;0;0;0;0;0;0;1;0;0;
865569686;35508061;🟡 жёлтый;держим;ставка не тратится: показы есть, кликов нет;7.30;21.0;;0.0;0.00;0;0;0;0;0;0;0;3;0;0;
874423391;35505545;🟡 жёлтый;держим;ставка не тратится: показы есть, кликов нет;7.30;20.9;;0.0;0.00;0;0;0;0;0;0;0;2;0;0;
514247186;35512317;🟡 жёлтый;держим;ставка не тратится: показы есть, кликов нет;7.30;35.1;;10.1;0.00;0;0;0;0;0;0;0;23;0;0;
886401601;35501886;🟡 жёлтый;держим;ставка не тратится: показы есть, кликов нет;7.30;23.6;;0.0;0.00;0;0;0;0;0;0;0;2;0;0;
323360081;35508987;🟡 жёлтый;держим;ставка не тратится: показы есть, кликов нет;7.30;42.7;;17.7;0.00;0;0;0;0;0;0;0;2;0;1;
323164141;35588483;🟡 жёлтый;держим;ставка не тратится: показы есть, кликов нет;7.30;18.4;;0.0;0.00;0;0;0;0;0;0;0;2;0;0;
886412442;35501886;🟡 жёлтый;держим;ставка не тратится: показы есть, кликов нет;7.30;27.5;;2.5;0.00;0;0;0;0;0;0;0;1;0;0;
323298893;36459301;🟡 жёлтый;держим;ставка не тратится: показы есть, кликов нет;7.30;35.9;;10.9;0.00;0;0;0;0;0;0;0;1;0;0;
867109856;35508061;🟡 жёлтый;держим;ставка не тратится: показы есть, кликов нет;7.30;33.8;;8.8;0.00;0;0;0;0;0;0;0;1;0;0;
871603093;35507256;🟡 жёлтый;держим;ставка не тратится: показы есть, кликов нет;7.30;20.0;;0.0;0.00;0;0;0;0;0;0;0;1;0;0;
870436013;35507605;🟡 жёлтый;держим;ставка не тратится: показы есть, кликов нет;7.30;22.0;;0.0;0.00;0;0;0;0;0;0;0;3;0;0;
883542238;35502978;🟡 жёлтый;держим;ставка не тратится: показы есть, кликов нет;7.30;16.4;;0.0;0.00;0;0;0;0;0;0;0;1;0;0;
886394287;35501886;🟡 жёлтый;держим;ставка не тратится: показы есть, кликов нет;7.30;34.5;;9.5;0.00;0;0;0;0;0;0;0;1;0;0;
865602605;35508061;🟡 жёлтый;держим;ставка не тратится: показы есть, кликов нет;7.30;23.2;;0.0;0.00;0;0;0;0;0;0;0;5;0;0;
887159566;35501683;🟡 жёлтый;держим;ставка не тратится: показы есть, кликов нет;7.30;30.8;;5.8;0.00;0;0;0;0;0;0;0;5;0;0;
912766800;35497479;🟡 жёлтый;держим;ставка не тратится: показы есть, кликов нет;7.30;25.7;;0.7;0.00;0;0;0;0;0;0;0;2;0;0;
323140587;36459894;🟡 жёлтый;держим;ставка не тратится: показы есть, кликов нет;7.30;35.7;;10.7;0.00;0;0;0;0;0;0;0;1;0;0;
324989698;35513491;🟡 жёлтый;держим;ставка не тратится: показы есть, кликов нет;7.30;22.9;;0.0;0.00;0;0;0;0;0;0;0;4;0;0;
323341005;36459301;🟡 жёлтый;держим;ставка не тратится: показы есть, кликов нет;7.30;29.1;;4.1;0.00;0;0;0;0;0;0;0;4;0;0;
879741288;35504156;🟡 жёлтый;держим;ставка не тратится: показы есть, кликов нет;7.30;39.6;;14.6;0.00;0;0;0;0;0;0;0;5;0;0;
913072286;35499491;🟡 жёлтый;держим;ставка не тратится: показы есть, кликов нет;7.30;29.8;;4.8;0.00;0;0;0;0;0;0;0;2;0;0;
923491193;35497916;🟡 жёлтый;держим;ставка не тратится: показы есть, кликов нет;7.30;24.6;;0.0;0.00;0;0;0;0;0;0;0;4;0;0;
883574596;35502978;🟡 жёлтый;держим;ставка не тратится: показы есть, кликов нет;7.30;26.9;;1.9;0.00;0;0;0;0;0;0;0;5;0;0;
872408389;35505900;🟡 жёлтый;держим;ставка не тратится: показы есть, кликов нет;7.30;40.0;;15.0;0.00;0;0;0;0;0;0;0;2;0;0;
497231931;35508987;🟡 жёлтый;держим;ставка не тратится: показы есть, кликов нет;7.30;38.6;;13.6;0.00;0;0;0;0;0;0;0;5;0;2;
323116557;36459301;🟡 жёлтый;держим;ставка не тратится: показы есть, кликов нет;7.30;17.0;;0.0;0.00;0;0;0;0;0;0;0;1;0;0;
869081666;35507796;🟡 жёлтый;держим;ставка не тратится: показы есть, кликов нет;7.30;35.6;;10.6;0.00;0;0;0;0;0;0;0;4;0;0;
923580000;35497681;🟡 жёлтый;держим;ставка не тратится: показы есть, кликов нет;7.30;36.6;;11.6;0.00;0;0;0;0;0;0;0;29;0;0;
865038659;35508624;🟡 жёлтый;держим;ставка не тратится: показы есть, кликов нет;7.30;19.0;;0.0;0.00;0;0;0;0;0;0;0;4;0;0;
323122090;35509833;🟡 жёлтый;держим;ставка не тратится: показы есть, кликов нет;7.30;35.8;;10.8;0.00;0;0;0;0;0;0;0;1;0;0;
885243827;35502200;🟡 жёлтый;держим;ставка не тратится: показы есть, кликов нет;7.30;36.1;;11.1;0.00;0;0;0;0;0;0;0;1;0;0;
324996057;35511919;🟡 жёлтый;держим;ставка не тратится: показы есть, кликов нет;7.30;17.5;;0.0;0.00;0;0;0;0;0;0;0;6;0;1;
915917516;35498671;🟡 жёлтый;держим;ставка не тратится: показы есть, кликов нет;7.30;34.8;;9.8;0.00;0;0;0;0;0;0;0;8;0;0;
884635073;35502769;🟡 жёлтый;держим;ставка не тратится: показы есть, кликов нет;7.30;33.5;;8.5;0.00;0;0;0;0;0;0;0;2;0;0;
923580335;35497681;🟡 жёлтый;держим;ставка не тратится: показы есть, кликов нет;7.30;36.6;;11.6;0.00;0;0;0;0;0;0;0;4;0;0;
887696869;35497916;🟡 жёлтый;держим;ставка не тратится: показы есть, кликов нет;7.30;25.1;;0.1;0.00;0;0;0;0;0;0;0;2;0;0;
323228713;35509833;🟡 жёлтый;держим;ставка не тратится: показы есть, кликов нет;7.30;35.2;;10.2;0.00;0;0;0;0;0;0;0;3;0;0;
883412936;35497916;🟡 жёлтый;держим;ставка не тратится: показы есть, кликов нет;7.30;30.2;;5.2;0.00;0;0;0;0;0;0;0;7;0;0;
923518856;35497681;🟡 жёлтый;держим;ставка не тратится: показы есть, кликов нет;7.30;34.9;;9.9;0.00;0;0;0;0;0;0;0;4;0;0;
862574637;35508987;🟡 жёлтый;держим;ставка не тратится: показы есть, кликов нет;7.30;24.5;;0.0;0.00;0;0;0;0;0;0;0;1;0;0;
912880972;35499393;🟡 жёлтый;держим;ставка не тратится: показы есть, кликов нет;7.30;24.1;;0.0;0.00;0;0;0;0;0;0;0;1;0;0;
313197573;35512317;🟡 жёлтый;держим;ставка не тратится: показы есть, кликов нет;7.30;21.9;;0.0;0.00;0;0;0;0;0;0;0;11;0;2;
877422078;35498621;🟡 жёлтый;держим;ставка не тратится: показы есть, кликов нет;7.30;40.5;;15.5;0.00;0;0;0;0;0;0;0;1;0;0;
862447782;35509256;🟡 жёлтый;держим;ставка не тратится: показы есть, кликов нет;7.30;20.0;;0.0;0.00;0;0;0;0;0;0;0;2;0;0;
887196020;35501509;🟡 жёлтый;держим;ставка не тратится: показы есть, кликов нет;7.30;25.1;;0.1;0.00;0;0;0;0;0;0;0;2;0;0;
872415555;35505900;🟡 жёлтый;держим;ставка не тратится: показы есть, кликов нет;7.30;40.0;;15.0;0.00;0;0;0;0;0;0;0;2;0;0;
874841593;35505238;🟡 жёлтый;держим;ставка не тратится: показы есть, кликов нет;7.30;23.7;;0.0;0.00;0;0;0;0;0;0;0;4;0;0;
871073676;35507605;🟡 жёлтый;держим;ставка не тратится: показы есть, кликов нет;7.30;19.9;;0.0;0.00;0;0;0;0;0;0;0;16;0;0;
880293647;35504156;🟡 жёлтый;держим;ставка не тратится: показы есть, кликов нет;7.30;36.0;;11.0;0.00;0;0;0;0;0;0;0;1;0;0;
877428749;35504951;🟡 жёлтый;держим;ставка не тратится: показы есть, кликов нет;7.30;39.8;;14.8;0.00;0;0;0;0;0;0;0;1;0;0;
915900913;35498671;🟡 жёлтый;держим;ставка не тратится: показы есть, кликов нет;7.30;20.9;;0.0;0.00;0;0;0;0;0;0;0;2;0;0;
323237014;35515230;🟡 жёлтый;держим;ставка не тратится: показы есть, кликов нет;7.30;17.9;;0.0;0.00;0;0;0;0;0;0;0;1;0;0;
869170109;35507796;🟡 жёлтый;держим;ставка не тратится: показы есть, кликов нет;7.30;38.5;;13.5;0.00;0;0;0;0;0;0;0;1;0;0;
313184676;35495292;🟡 жёлтый;держим;ставка не тратится: показы есть, кликов нет;7.30;37.7;;12.7;0.00;0;0;0;0;0;0;0;11;0;1;
923583210;35497681;🟡 жёлтый;держим;ставка не тратится: показы есть, кликов нет;7.30;36.6;;11.6;0.00;0;0;0;0;0;0;0;24;0;0;
497230540;35508987;🟡 жёлтый;держим;в KPI, заказов нет — наблюдаем;7.30;38.6;;13.6;4.47;0;0;0;0;0;0;1;12;1;2;
323122715;36459075;🟡 жёлтый;держим;ставка не тратится: показы есть, кликов нет;7.30;35.1;;10.1;0.00;0;0;0;0;0;0;0;5;0;1;
323264847;35512642;🟡 жёлтый;держим;ставка не тратится: показы есть, кликов нет;7.30;33.3;;8.3;0.00;0;0;0;0;0;0;0;2;0;0;
867212456;35507796;🟡 жёлтый;держим;ставка не тратится: показы есть, кликов нет;7.30;29.5;;4.5;0.00;0;0;0;0;0;0;0;8;0;0;
313193585;35588483;🟡 жёлтый;держим;ставка не тратится: показы есть, кликов нет;7.30;21.0;;0.0;0.00;0;0;0;0;0;0;0;3;0;0;
883389046;35502978;🟡 жёлтый;держим;ставка не тратится: показы есть, кликов нет;7.30;15.7;;0.0;0.00;0;0;0;0;0;0;0;1;0;0;
861666975;35509256;🟡 жёлтый;держим;ставка не тратится: показы есть, кликов нет;7.30;20.3;;0.0;0.00;0;0;0;0;0;0;0;2;0;0;
872407730;35505900;🟡 жёлтый;держим;ставка не тратится: показы есть, кликов нет;7.30;40.0;;15.0;0.00;0;0;0;0;0;0;0;1;0;0;
884073263;35500638;🟡 жёлтый;держим;ставка не тратится: показы есть, кликов нет;7.30;30.5;;5.5;0.00;0;0;0;0;0;0;0;6;0;0;
865375685;35508404;🟡 жёлтый;держим;ставка не тратится: показы есть, кликов нет;7.30;29.4;;4.4;0.00;0;0;0;0;0;0;0;1;0;0;
323251116;35513491;🟡 жёлтый;держим;ставка не тратится: показы есть, кликов нет;7.30;33.8;;8.8;0.00;0;0;0;0;0;0;1;8;0;7;
863303085;35508624;🟡 жёлтый;держим;ставка не тратится: показы есть, кликов нет;7.30;25.5;;0.5;0.00;0;0;0;0;0;0;0;1;0;0;
865247595;35501262;🟡 жёлтый;держим;ставка не тратится: показы есть, кликов нет;7.30;17.9;;0.0;0.00;0;0;0;0;0;0;0;3;0;0;
887100192;35501683;🟡 жёлтый;держим;ставка не тратится: показы есть, кликов нет;7.30;31.3;;6.3;0.00;0;0;0;0;0;0;0;1;0;0;
885353137;35502200;🟡 жёлтый;держим;ставка не тратится: показы есть, кликов нет;7.30;23.4;;0.0;0.00;0;0;0;0;0;0;0;13;0;0;
872310628;35506296;🟡 жёлтый;держим;ставка не тратится: показы есть, кликов нет;7.30;35.3;;10.3;0.00;0;0;0;0;0;0;0;7;0;1;
869380640;35507605;🟡 жёлтый;держим;ставка не тратится: показы есть, кликов нет;7.30;26.2;;1.2;0.00;0;0;0;0;0;0;0;1;0;0;
323145681;36463324;🟡 жёлтый;держим;ставка не тратится: показы есть, кликов нет;7.30;19.4;;0.0;0.00;0;0;0;0;0;0;0;1;0;0;
323228509;35512936;🟡 жёлтый;держим;ставка не тратится: показы есть, кликов нет;7.30;29.7;;4.7;0.00;0;0;0;0;0;0;0;1;0;0;
323202270;36459301;🟡 жёлтый;держим;ставка не тратится: показы есть, кликов нет;7.30;31.9;;6.9;0.00;0;0;0;0;0;0;0;1;0;0;
883201662;35503146;🟡 жёлтый;держим;ставка не тратится: показы есть, кликов нет;7.30;24.8;;0.0;0.00;0;0;0;0;0;0;0;1;0;0;
872382447;35505900;🟡 жёлтый;держим;ставка не тратится: показы есть, кликов нет;7.30;33.5;;8.5;0.00;0;0;0;0;0;0;0;1;0;0;
872394350;35505900;🟡 жёлтый;держим;ставка не тратится: показы есть, кликов нет;7.30;40.0;;15.0;0.00;0;0;0;0;0;0;0;2;0;0;
885358645;35502200;🟡 жёлтый;держим;ставка не тратится: показы есть, кликов нет;7.30;16.4;;0.0;0.00;0;0;0;0;0;0;0;1;0;0;
874782367;35505238;🟡 жёлтый;держим;ставка не тратится: показы есть, кликов нет;7.30;22.2;;0.0;0.00;0;0;0;0;0;0;0;5;0;0;
323193127;36458352;🟡 жёлтый;держим;ставка не тратится: показы есть, кликов нет;7.30;16.8;;0.0;0.00;0;0;0;0;0;0;0;3;0;0;
862408785;35509256;🟡 жёлтый;держим;ставка не тратится: показы есть, кликов нет;7.30;24.9;;0.0;0.00;0;0;0;0;0;0;0;1;0;0;
313185072;36459894;🟡 жёлтый;держим;ставка не тратится: показы есть, кликов нет;7.30;20.7;;0.0;0.00;0;0;0;0;0;0;0;2;0;0;
437416612;36459075;🟡 жёлтый;держим;ставка не тратится: показы есть, кликов нет;7.30;40.4;;15.4;0.00;0;0;0;0;0;0;1;19;0;2;
913011353;35498621;🟡 жёлтый;держим;ставка не тратится: показы есть, кликов нет;7.30;28.3;;3.3;0.00;0;0;0;0;0;0;0;1;0;0;
859938038;35509529;🟡 жёлтый;держим;ставка не тратится: показы есть, кликов нет;7.30;21.3;;0.0;0.00;0;0;0;0;0;0;0;1;0;0;
313189833;35514926;🟡 жёлтый;держим;ставка не тратится: показы есть, кликов нет;7.30;43.2;;18.2;0.00;0;0;0;0;0;0;0;1;0;0;
381008497;36462624;🟡 жёлтый;держим;ставка не тратится: показы есть, кликов нет;7.30;24.9;;0.0;0.00;0;0;0;0;0;0;0;5;0;5;
867188650;35504537;🟡 жёлтый;держим;ставка не тратится: показы есть, кликов нет;7.30;24.4;;0.0;0.00;0;0;0;0;0;0;0;1;0;0;
874408270;35505545;🟡 жёлтый;держим;ставка не тратится: показы есть, кликов нет;7.30;20.8;;0.0;0.00;0;0;0;0;0;0;0;2;0;0;
869298193;35507605;🟡 жёлтый;держим;ставка не тратится: показы есть, кликов нет;7.30;18.6;;0.0;0.00;0;0;0;0;0;0;0;1;0;0;
323339990;35512317;🟡 жёлтый;держим;ставка не тратится: показы есть, кликов нет;7.30;29.4;;4.4;0.00;0;0;0;0;0;0;0;3;0;0;
313215096;36460596;🟡 жёлтый;держим;ставка не тратится: показы есть, кликов нет;7.30;19.7;;0.0;0.00;0;0;0;0;0;0;0;1;0;0;
885116608;35502769;🟡 жёлтый;держим;ставка не тратится: показы есть, кликов нет;7.30;22.9;;0.0;0.00;0;0;0;0;0;0;0;1;0;0;
323168521;35508987;🟡 жёлтый;держим;ставка не тратится: показы есть, кликов нет;7.30;35.7;;10.7;0.00;0;0;0;0;0;0;0;1;0;0;
877928807;35504951;🟡 жёлтый;держим;ставка не тратится: показы есть, кликов нет;7.30;48.9;;23.9;0.00;0;0;0;0;0;0;0;1;0;0;
323207947;35513180;🟡 жёлтый;держим;ставка не тратится: показы есть, кликов нет;7.30;21.3;;0.0;0.00;0;0;0;0;0;0;0;2;0;0;
883432096;35502978;🟡 жёлтый;держим;ставка не тратится: показы есть, кликов нет;7.30;31.0;;6.0;0.00;0;0;0;0;0;0;0;2;0;0;
912912267;35499393;🟡 жёлтый;держим;ставка не тратится: показы есть, кликов нет;7.30;23.7;;0.0;0.00;0;0;0;0;0;0;0;1;0;0;
323122132;36463324;🟡 жёлтый;держим;ставка не тратится: показы есть, кликов нет;7.30;36.7;;11.7;0.00;0;0;0;0;0;0;0;2;0;1;
323108043;36460596;🟡 жёлтый;держим;ставка не тратится: показы есть, кликов нет;7.30;38.4;;13.4;0.00;0;0;0;0;0;0;0;7;0;0;
871599128;35507256;🟡 жёлтый;держим;ставка не тратится: показы есть, кликов нет;7.30;20.0;;0.0;0.00;0;0;0;0;0;0;0;1;0;0;
883082228;35503146;🟡 жёлтый;держим;ставка не тратится: показы есть, кликов нет;7.30;24.7;;0.0;0.00;0;0;0;0;0;0;0;3;0;0;
865169868;35508404;🟡 жёлтый;держим;ставка не тратится: показы есть, кликов нет;7.30;24.3;;0.0;0.00;0;0;0;0;0;0;0;2;0;0;
324984056;35514511;🟡 жёлтый;держим;ставка не тратится: показы есть, кликов нет;7.30;21.6;;0.0;0.00;0;0;0;0;0;0;0;5;0;0;
862495167;35509256;🟡 жёлтый;держим;ставка не тратится: показы есть, кликов нет;7.30;26.9;;1.9;0.00;0;0;0;0;0;0;0;2;0;0;
881231075;35503784;🟡 жёлтый;держим;ставка не тратится: показы есть, кликов нет;7.30;16.8;;0.0;0.00;0;0;0;0;0;0;0;1;0;0;
313192286;35505545;🟡 жёлтый;держим;ставка не тратится: показы есть, кликов нет;7.30;22.9;;0.0;0.00;0;0;0;0;0;0;0;1;0;0;
915854676;35498671;🟡 жёлтый;держим;ставка не тратится: показы есть, кликов нет;7.30;39.9;;14.9;0.00;0;0;0;0;0;0;0;12;0;0;
313193857;36460596;🟡 жёлтый;держим;ставка не тратится: показы есть, кликов нет;7.30;36.6;;11.6;0.00;0;0;0;0;0;0;0;4;0;0;
323108899;36460596;🟡 жёлтый;держим;ставка не тратится: показы есть, кликов нет;7.30;21.3;;0.0;0.00;0;0;0;0;0;0;0;11;0;4;
323362440;35505900;🟡 жёлтый;держим;ставка не тратится: показы есть, кликов нет;7.30;39.2;;14.2;0.00;0;0;0;0;0;0;0;1;0;0;
868933638;35505900;🟡 жёлтый;держим;ставка не тратится: показы есть, кликов нет;7.30;20.7;;0.0;0.00;0;0;0;0;0;0;0;3;0;0;
869364706;35507605;🟡 жёлтый;держим;ставка не тратится: показы есть, кликов нет;7.30;28.6;;3.6;0.00;0;0;0;0;0;0;0;2;0;0;
880467932;35500638;🟡 жёлтый;держим;ставка не тратится: показы есть, кликов нет;7.30;24.5;;0.0;0.00;0;0;0;0;0;0;0;1;0;0;
883727226;35502769;🟡 жёлтый;держим;ставка не тратится: показы есть, кликов нет;7.30;16.1;;0.0;0.00;0;0;0;0;0;0;0;2;0;0;
323133524;35514220;🟡 жёлтый;держим;ставка не тратится: показы есть, кликов нет;7.30;18.1;;0.0;0.00;0;0;0;0;0;0;0;1;0;0;
323155354;35514220;🟡 жёлтый;держим;ставка не тратится: показы есть, кликов нет;7.30;31.4;;6.4;0.00;0;0;0;0;0;0;0;2;0;0;
872341296;35506296;🟡 жёлтый;держим;ставка не тратится: показы есть, кликов нет;7.30;27.9;;2.9;0.00;0;0;0;0;0;0;0;3;0;0;
885305698;35502200;🟡 жёлтый;держим;ставка не тратится: показы есть, кликов нет;7.30;21.6;;0.0;0.00;0;0;0;0;0;0;0;2;0;0;
323290963;35514511;🟡 жёлтый;держим;ставка не тратится: показы есть, кликов нет;7.30;17.7;;0.0;0.00;0;0;0;0;0;0;0;1;0;0;
923641199;35497681;🟡 жёлтый;держим;ставка не тратится: показы есть, кликов нет;7.30;43.7;;18.7;0.00;0;0;0;0;0;0;0;22;0;0;
862409059;35509256;🟡 жёлтый;держим;ставка не тратится: показы есть, кликов нет;7.30;24.9;;0.0;0.00;0;0;0;0;0;0;0;1;0;0;
874747912;35500638;🟡 жёлтый;держим;ставка не тратится: показы есть, кликов нет;7.30;19.7;;0.0;0.00;0;0;0;0;0;0;0;3;0;0;
416657439;36460888;🟡 жёлтый;держим;ставка не тратится: показы есть, кликов нет;7.30;27.1;;2.1;0.00;0;0;0;0;0;1;0;4;0;4;
886316054;36458352;🟡 жёлтый;держим;ставка не тратится: показы есть, кликов нет;7.30;17.2;;0.0;0.00;0;0;0;0;0;0;0;2;0;0;
323139215;35514926;🟡 жёлтый;держим;ставка не тратится: показы есть, кликов нет;7.30;17.6;;0.0;0.00;0;0;0;0;0;0;0;1;0;0;
323292198;35499257;🟡 жёлтый;держим;ставка не тратится: показы есть, кликов нет;7.30;39.9;;14.9;0.00;0;0;0;0;0;0;0;1;0;0;
883094900;35503146;🟡 жёлтый;держим;ставка не тратится: показы есть, кликов нет;7.30;22.5;;0.0;0.00;0;0;0;0;0;0;0;1;0;0;
912838291;35500111;🟡 жёлтый;держим;ставка не тратится: показы есть, кликов нет;7.30;19.8;;0.0;0.00;0;0;0;0;0;0;0;2;0;0;
862517077;35500111;🟡 жёлтый;держим;ставка не тратится: показы есть, кликов нет;7.30;37.8;;12.8;0.00;0;0;0;0;0;0;0;3;0;0;
324989830;35495292;🟡 жёлтый;держим;ставка не тратится: показы есть, кликов нет;7.30;37.5;;12.5;0.00;0;0;0;0;0;0;1;29;0;1;
434797650;35512936;🟡 жёлтый;держим;ставка не тратится: показы есть, кликов нет;7.30;29.9;;4.9;0.00;0;0;0;0;0;0;0;3;0;0;
497512220;35510132;🟡 жёлтый;держим;ставка не тратится: показы есть, кликов нет;7.30;31.2;;6.2;0.00;0;0;0;0;0;0;0;1;0;0;
859923506;35509529;🟡 жёлтый;держим;ставка не тратится: показы есть, кликов нет;7.30;21.3;;0.0;0.00;0;0;0;0;0;0;0;1;0;0;
323168175;36459894;🟡 жёлтый;держим;ставка не тратится: показы есть, кликов нет;7.30;39.5;;14.5;0.00;0;0;0;0;0;0;0;1;0;0;
323363700;35512317;🟡 жёлтый;держим;ставка не тратится: показы есть, кликов нет;7.30;32.3;;7.3;0.00;0;0;0;0;0;0;0;2;0;1;
876164625;35505238;🟡 жёлтый;держим;ставка не тратится: показы есть, кликов нет;7.30;36.9;;11.9;0.00;0;0;0;0;0;0;0;3;0;0;
323338067;35513180;🟡 жёлтый;держим;ставка не тратится: показы есть, кликов нет;7.30;41.7;;16.7;0.00;0;0;0;0;0;0;0;6;0;0;
862478172;35509256;🟡 жёлтый;держим;ставка не тратится: показы есть, кликов нет;7.30;36.9;;11.9;0.00;0;0;0;0;0;0;0;16;0;0;
323244441;35514926;🟡 жёлтый;держим;ставка не тратится: показы есть, кликов нет;7.30;15.7;;0.0;0.00;0;0;0;0;0;0;0;6;0;0;
323172982;36458948;🟡 жёлтый;держим;ставка не тратится: показы есть, кликов нет;7.30;37.1;;12.1;0.00;0;0;0;0;0;0;0;1;0;0;
872398225;35505900;🟡 жёлтый;держим;ставка не тратится: показы есть, кликов нет;7.30;40.0;;15.0;0.00;0;0;0;0;0;0;0;2;0;0;
885286107;35502200;🟡 жёлтый;держим;ставка не тратится: показы есть, кликов нет;7.30;17.3;;0.0;0.00;0;0;0;0;0;0;0;3;0;0;
882155286;35501262;🟡 жёлтый;держим;ставка не тратится: показы есть, кликов нет;7.30;22.0;;0.0;0.00;0;0;0;0;0;0;0;2;0;0;
872402167;35505900;🟡 жёлтый;держим;ставка не тратится: показы есть, кликов нет;7.30;40.0;;15.0;0.00;0;0;0;0;0;0;0;2;0;0;
874812399;35505238;🟡 жёлтый;держим;ставка не тратится: показы есть, кликов нет;7.30;17.7;;0.0;0.00;0;0;0;0;0;0;0;7;0;0;
880182758;35504156;🟡 жёлтый;держим;ставка не тратится: показы есть, кликов нет;7.30;41.2;;16.2;0.00;0;0;0;0;0;0;0;2;0;0;
915854809;35498671;🟡 жёлтый;держим;ставка не тратится: показы есть, кликов нет;7.30;39.9;;14.9;0.00;0;0;0;0;0;0;0;10;0;0;
1003328563;36462624;🟡 жёлтый;держим;ставка не тратится: показы есть, кликов нет;7.30;25.3;;0.3;0.00;0;0;0;0;0;0;0;2;0;0;
885115234;35502769;🟡 жёлтый;держим;ставка не тратится: показы есть, кликов нет;7.30;22.9;;0.0;0.00;0;0;0;0;0;0;0;1;0;0;
887698478;35501509;🟡 жёлтый;держим;ставка не тратится: показы есть, кликов нет;7.30;29.0;;4.0;0.00;0;0;0;0;0;0;0;4;0;0;
323169120;35513180;🟡 жёлтый;держим;ставка не тратится: показы есть, кликов нет;7.30;31.1;;6.1;0.00;0;0;0;0;0;0;0;2;0;0;
915972452;35498671;🟡 жёлтый;держим;ставка не тратится: показы есть, кликов нет;7.30;26.2;;1.2;0.00;0;0;0;0;0;0;0;5;0;0;
917769916;35498621;🟡 жёлтый;держим;ставка не тратится: показы есть, кликов нет;7.30;45.0;;20.0;0.00;0;0;0;0;0;0;0;2;0;0;
324990872;35499196;🟡 жёлтый;держим;ставка не тратится: показы есть, кликов нет;7.30;23.9;;0.0;0.00;0;0;0;0;0;0;0;1;0;3;
865338006;35508061;🟡 жёлтый;держим;ставка не тратится: показы есть, кликов нет;7.30;15.5;;0.0;0.00;0;0;0;0;0;0;0;11;0;0;
323171983;36459468;🟡 жёлтый;держим;ставка не тратится: показы есть, кликов нет;7.30;39.9;;14.9;0.00;0;0;0;0;0;0;0;1;0;0;
872344034;35506296;🟡 жёлтый;держим;ставка не тратится: показы есть, кликов нет;7.30;27.9;;2.9;0.00;0;0;0;0;0;0;0;8;0;0;
313214474;35514926;🟡 жёлтый;держим;ставка не тратится: показы есть, кликов нет;7.30;33.6;;8.6;0.00;0;0;0;0;0;0;0;1;0;0;
912912482;35499393;🟡 жёлтый;держим;ставка не тратится: показы есть, кликов нет;7.30;23.7;;0.0;0.00;0;0;0;0;0;0;0;2;0;0;
869371986;35507605;🟡 жёлтый;держим;ставка не тратится: показы есть, кликов нет;7.30;21.7;;0.0;0.00;0;0;0;0;0;0;0;1;0;0;
968605579;36463324;🟡 жёлтый;держим;ставка не тратится: показы есть, кликов нет;7.30;23.2;;0.0;0.00;0;0;0;0;0;0;0;21;0;0;
880361181;35503784;🟡 жёлтый;держим;ставка не тратится: показы есть, кликов нет;7.30;18.1;;0.0;0.00;0;0;0;0;0;0;0;7;0;0;
881075431;35503784;🟡 жёлтый;держим;ставка не тратится: показы есть, кликов нет;7.30;33.5;;8.5;0.00;0;0;0;0;0;0;0;2;0;0;
881086787;35503784;🟡 жёлтый;держим;ставка не тратится: показы есть, кликов нет;7.30;33.5;;8.5;0.00;0;0;0;0;0;0;0;1;0;0;
880184469;35504156;🟡 жёлтый;держим;ставка не тратится: показы есть, кликов нет;7.30;25.1;;0.1;0.00;0;0;0;0;0;0;0;14;0;0;
313191596;36460888;🟡 жёлтый;держим;ставка не тратится: показы есть, кликов нет;7.30;37.3;;12.3;0.00;0;0;0;0;0;0;0;1;0;0;
323338495;35514220;🟡 жёлтый;держим;ставка не тратится: показы есть, кликов нет;7.30;24.0;;0.0;0.00;0;0;0;0;0;0;0;1;0;0;
874420104;35501262;🟡 жёлтый;держим;ставка не тратится: показы есть, кликов нет;7.30;33.4;;8.4;0.00;0;0;0;0;0;0;0;2;0;0;
313190156;35505545;🟡 жёлтый;держим;ставка не тратится: показы есть, кликов нет;7.30;19.1;;0.0;0.00;0;0;0;0;0;0;0;4;0;0;
323092439;36460596;🟡 жёлтый;держим;ставка не тратится: показы есть, кликов нет;7.30;19.7;;0.0;0.00;0;0;0;0;0;0;0;1;0;0;
880262553;35504156;🟡 жёлтый;держим;ставка не тратится: показы есть, кликов нет;7.30;23.1;;0.0;0.00;0;0;0;0;0;0;0;2;0;0;
877183295;35505238;🟡 жёлтый;держим;ставка не тратится: показы есть, кликов нет;7.30;27.8;;2.8;0.00;0;0;0;0;0;0;0;2;0;0;
874721921;35505238;🟡 жёлтый;держим;ставка не тратится: показы есть, кликов нет;7.30;34.0;;9.0;0.00;0;0;0;0;0;0;0;1;0;0;
863357475;35508624;🟡 жёлтый;держим;ставка не тратится: показы есть, кликов нет;7.30;27.2;;2.2;0.00;0;0;0;0;0;0;0;1;0;0;
324989831;35508987;🟡 жёлтый;держим;ставка не тратится: показы есть, кликов нет;7.30;31.4;;6.4;0.00;0;0;0;0;0;0;0;14;0;1;
887025103;35501683;🟡 жёлтый;держим;ставка не тратится: показы есть, кликов нет;7.30;27.4;;2.4;0.00;0;0;0;0;0;0;0;3;0;0;
874815229;35505238;🟡 жёлтый;держим;ставка не тратится: показы есть, кликов нет;7.30;18.7;;0.0;0.00;0;0;0;0;0;0;0;7;0;0;
880628169;35501028;🟡 жёлтый;держим;ставка не тратится: показы есть, кликов нет;7.30;20.6;;0.0;0.00;0;0;0;0;0;0;0;1;0;0;
323223345;35513491;🟡 жёлтый;держим;ставка не тратится: показы есть, кликов нет;7.30;37.3;;12.3;0.00;0;0;0;0;0;0;0;5;0;0;
872427233;35505900;🟡 жёлтый;держим;ставка не тратится: показы есть, кликов нет;7.30;40.0;;15.0;0.00;0;0;0;0;0;0;0;3;0;0;
323153858;35512642;🟡 жёлтый;держим;ставка не тратится: показы есть, кликов нет;7.30;36.7;;11.7;0.00;0;0;0;0;0;0;0;1;0;0;
863525590;35508624;🟡 жёлтый;держим;ставка не тратится: показы есть, кликов нет;7.30;23.8;;0.0;0.00;0;0;0;0;0;0;0;9;0;0;
923515898;35497681;🟡 жёлтый;держим;ставка не тратится: показы есть, кликов нет;7.30;34.9;;9.9;0.00;0;0;0;0;0;0;0;4;0;0;
887092959;35501683;🟡 жёлтый;держим;ставка не тратится: показы есть, кликов нет;7.30;31.3;;6.3;0.00;0;0;0;0;0;0;0;9;0;0;
881317190;35503784;🟡 жёлтый;держим;ставка не тратится: показы есть, кликов нет;7.30;18.9;;0.0;0.00;0;0;0;0;0;0;0;1;0;0;
871133522;35507256;🟡 жёлтый;держим;ставка не тратится: показы есть, кликов нет;7.30;24.2;;0.0;0.00;0;0;0;0;0;0;0;1;0;0;
323116071;36459301;🟡 жёлтый;держим;ставка не тратится: показы есть, кликов нет;7.30;21.1;;0.0;0.00;0;0;0;0;0;0;0;5;0;0;
874836951;35505238;🟡 жёлтый;держим;ставка не тратится: показы есть, кликов нет;7.30;16.8;;0.0;0.00;0;0;0;0;0;0;0;3;0;0;
872449801;35505545;🟡 жёлтый;держим;ставка не тратится: показы есть, кликов нет;7.30;30.6;;5.6;0.00;0;0;0;0;0;0;0;1;0;0;
882855097;35503146;🟡 жёлтый;держим;ставка не тратится: показы есть, кликов нет;7.30;26.1;;1.1;0.00;0;0;0;0;0;0;0;2;0;0;
313196177;36460596;🟡 жёлтый;держим;ставка не тратится: показы есть, кликов нет;7.30;19.6;;0.0;0.00;0;0;0;0;0;0;0;2;0;2;
872380424;35505900;🟡 жёлтый;держим;ставка не тратится: показы есть, кликов нет;7.30;33.5;;8.5;0.00;0;0;0;0;0;0;0;1;0;0;
912869587;35499393;🟡 жёлтый;держим;ставка не тратится: показы есть, кликов нет;7.30;29.2;;4.2;0.00;0;0;0;0;0;0;0;1;0;0;
869302842;35507605;🟡 жёлтый;держим;ставка не тратится: показы есть, кликов нет;7.30;18.6;;0.0;0.00;0;0;0;0;0;0;0;1;0;0;
878648487;35504951;🟡 жёлтый;держим;ставка не тратится: показы есть, кликов нет;7.30;34.1;;9.1;0.00;0;0;0;0;0;0;0;2;0;0;
873348430;36458352;🟡 жёлтый;держим;ставка не тратится: показы есть, кликов нет;7.30;25.6;;0.6;0.00;0;0;0;0;0;0;0;8;0;0;
915311592;35498462;🟡 жёлтый;держим;ставка не тратится: показы есть, кликов нет;7.30;29.7;;4.7;0.00;0;0;0;0;0;0;0;16;0;0;
466719569;35511919;🟡 жёлтый;держим;ставка не тратится: показы есть, кликов нет;7.30;25.6;;0.6;0.00;0;0;0;0;0;0;0;1;0;0;
887217364;35501509;🟡 жёлтый;держим;ставка не тратится: показы есть, кликов нет;7.30;27.8;;2.8;0.00;0;0;0;0;0;0;0;59;0;0;
324981121;35495292;🟡 жёлтый;держим;ставка не тратится: показы есть, кликов нет;7.30;36.1;;11.1;0.00;0;0;0;0;0;0;0;1;0;0;
865116104;35500638;🟡 жёлтый;держим;ставка не тратится: показы есть, кликов нет;7.30;25.4;;0.4;0.00;0;0;0;0;0;0;0;3;0;0;
323108445;36460596;🟡 жёлтый;держим;ставка не тратится: показы есть, кликов нет;7.30;19.3;;0.0;0.00;0;0;0;0;0;0;0;13;0;0;
871689285;35507256;🟡 жёлтый;держим;ставка не тратится: показы есть, кликов нет;7.30;40.1;;15.1;0.00;0;0;0;0;0;0;0;6;0;0;
882055632;35503414;🟡 жёлтый;держим;ставка не тратится: показы есть, кликов нет;7.30;31.9;;6.9;0.00;0;0;0;0;0;0;0;13;0;0;
878694469;35504537;🟡 жёлтый;держим;ставка не тратится: показы есть, кликов нет;7.30;34.1;;9.1;0.00;0;0;0;0;0;0;0;2;0;0;
887699946;35501509;🟡 жёлтый;держим;ставка не тратится: показы есть, кликов нет;7.30;26.6;;1.6;0.00;0;0;0;0;0;0;0;3;0;0;
883656558;35502978;🟡 жёлтый;держим;ставка не тратится: показы есть, кликов нет;7.30;28.4;;3.4;0.00;0;0;0;0;0;0;0;50;0;0;
877927097;35504951;🟡 жёлтый;держим;ставка не тратится: показы есть, кликов нет;7.30;48.9;;23.9;0.00;0;0;0;0;0;0;0;1;0;0;
861616436;35497479;🟡 жёлтый;держим;ставка не тратится: показы есть, кликов нет;7.30;29.8;;4.8;0.00;0;0;0;0;0;0;0;1;0;0;
886454589;35501886;🟡 жёлтый;держим;ставка не тратится: показы есть, кликов нет;7.30;35.2;;10.2;0.00;0;0;0;0;0;0;0;2;0;0;
882011051;35503414;🟡 жёлтый;держим;ставка не тратится: показы есть, кликов нет;7.30;27.7;;2.7;0.00;0;0;0;0;0;0;0;1;0;0;
874739334;35505238;🟡 жёлтый;держим;ставка не тратится: показы есть, кликов нет;7.30;17.1;;0.0;0.00;0;0;0;0;0;0;0;1;0;0;
883201355;35503146;🟡 жёлтый;держим;ставка не тратится: показы есть, кликов нет;7.30;24.8;;0.0;0.00;0;0;0;0;0;0;0;26;0;0;
885308656;35502200;🟡 жёлтый;держим;ставка не тратится: показы есть, кликов нет;7.30;19.0;;0.0;0.00;0;0;0;0;0;0;0;2;0;0;
323192392;36459894;🟡 жёлтый;держим;ставка не тратится: показы есть, кликов нет;7.30;20.7;;0.0;0.00;0;0;0;0;0;0;0;1;0;0;
885078452;35502769;🟡 жёлтый;держим;ставка не тратится: показы есть, кликов нет;7.30;33.5;;8.5;0.00;0;0;0;0;0;0;0;1;0;0;
501340697;35510132;🟡 жёлтый;держим;ставка не тратится: показы есть, кликов нет;7.30;37.1;;12.1;0.00;0;0;0;0;0;0;0;1;0;0;
869354512;35507605;🟡 жёлтый;держим;ставка не тратится: показы есть, кликов нет;7.30;21.9;;0.0;0.00;0;0;0;0;0;0;0;2;0;0;
323152389;36459075;🟡 жёлтый;держим;ставка не тратится: показы есть, кликов нет;7.30;31.9;;6.9;0.00;0;0;0;0;0;0;0;20;0;0;
324985643;35514511;🟡 жёлтый;держим;ставка не тратится: показы есть, кликов нет;7.30;28.5;;3.5;0.00;0;0;0;0;0;0;0;1;0;0;
313195510;35510132;🟡 жёлтый;держим;ставка не тратится: показы есть, кликов нет;7.30;40.9;;15.9;0.00;0;0;0;0;0;0;0;12;0;0;
323149907;36459075;🟡 жёлтый;держим;ставка не тратится: показы есть, кликов нет;7.30;38.5;;13.5;0.00;0;0;0;0;0;0;0;3;0;1;
885496487;35497479;🟡 жёлтый;держим;ставка не тратится: показы есть, кликов нет;7.30;35.7;;10.7;0.00;0;0;0;0;0;0;0;17;0;0;
435040618;35498462;🟡 жёлтый;держим;ставка не тратится: показы есть, кликов нет;7.30;35.8;;10.8;0.00;0;0;0;0;0;0;0;7;0;0;
323199907;36459301;🟡 жёлтый;держим;ставка не тратится: показы есть, кликов нет;7.30;17.0;;0.0;0.00;0;0;0;0;0;0;0;1;0;0;
860013379;35509529;🟡 жёлтый;держим;ставка не тратится: показы есть, кликов нет;7.30;30.1;;5.1;0.00;0;0;0;0;0;0;0;7;0;0;
324995723;35500111;🟡 жёлтый;держим;ставка не тратится: показы есть, кликов нет;7.30;38.8;;13.8;0.00;0;0;0;0;0;0;0;5;0;1;
923518718;35497681;🟡 жёлтый;держим;ставка не тратится: показы есть, кликов нет;7.30;34.9;;9.9;0.00;0;0;0;0;0;0;0;4;0;0;
912934043;35499393;🟡 жёлтый;держим;ставка не тратится: показы есть, кликов нет;7.30;22.8;;0.0;0.00;0;0;0;0;0;0;0;2;0;0;
863202699;35500249;🟡 жёлтый;держим;ставка не тратится: показы есть, кликов нет;7.30;20.6;;0.0;0.00;0;0;0;0;0;0;0;5;0;0;
881178795;35503784;🟡 жёлтый;держим;ставка не тратится: показы есть, кликов нет;7.30;25.4;;0.4;0.00;0;0;0;0;0;0;0;2;0;0;
886468906;35501886;🟡 жёлтый;держим;ставка не тратится: показы есть, кликов нет;7.30;19.5;;0.0;0.00;0;0;0;0;0;0;0;1;0;0;
323207800;36462624;🟡 жёлтый;держим;ставка не тратится: показы есть, кликов нет;7.30;51.6;;26.6;0.00;0;0;0;0;0;0;0;5;0;0;
437416209;35514511;🟡 жёлтый;держим;ставка не тратится: показы есть, кликов нет;7.30;30.5;;5.5;0.00;0;0;0;0;0;0;0;3;0;0;
865255301;35501262;🟡 жёлтый;держим;ставка не тратится: показы есть, кликов нет;7.30;23.7;;0.0;0.00;0;0;0;0;0;0;0;1;0;0;
881886167;35503414;🟡 жёлтый;держим;ставка не тратится: показы есть, кликов нет;7.30;16.5;;0.0;0.00;0;0;0;0;0;0;0;5;0;0;
313183592;35513180;🟡 жёлтый;держим;ставка не тратится: показы есть, кликов нет;7.30;52.3;;27.3;0.00;0;0;0;0;0;0;0;4;0;1;
886359313;36458352;🟡 жёлтый;держим;ставка не тратится: показы есть, кликов нет;7.30;25.6;;0.6;0.00;0;0;0;0;0;0;0;1;0;0;
887063383;35501683;🟡 жёлтый;держим;ставка не тратится: показы есть, кликов нет;7.30;23.4;;0.0;0.00;0;0;0;0;0;0;0;1;0;0;
915925223;35498671;🟡 жёлтый;держим;ставка не тратится: показы есть, кликов нет;7.30;28.6;;3.6;0.00;0;0;0;0;0;0;0;13;0;1;
323175506;36459468;🟡 жёлтый;держим;ставка не тратится: показы есть, кликов нет;7.30;36.1;;11.1;0.00;0;0;0;0;0;0;0;1;0;0;
887368463;35500638;🟡 жёлтый;держим;ставка не тратится: показы есть, кликов нет;7.30;26.9;;1.9;0.00;0;0;0;0;0;0;0;2;0;0;
923513867;35497916;🟡 жёлтый;держим;ставка не тратится: показы есть, кликов нет;7.30;34.9;;9.9;0.00;0;0;0;0;0;0;0;3;0;0;
860441677;35501028;🟡 жёлтый;держим;ставка не тратится: показы есть, кликов нет;7.30;33.8;;8.8;0.00;0;0;0;0;0;0;0;1;0;0;
323361211;35512317;🟡 жёлтый;держим;ставка не тратится: показы есть, кликов нет;7.30;39.3;;14.3;0.00;0;0;0;0;0;0;0;2;0;0;
862403406;35509256;🟡 жёлтый;держим;ставка не тратится: показы есть, кликов нет;7.30;21.1;;0.0;0.00;0;0;0;0;0;0;0;1;0;0;
859056508;35509833;🟡 жёлтый;держим;ставка не тратится: показы есть, кликов нет;7.30;27.6;;2.6;0.00;0;0;0;0;0;0;0;1;0;0;
881899735;35503414;🟡 жёлтый;держим;ставка не тратится: показы есть, кликов нет;7.30;25.9;;0.9;0.00;0;0;0;0;0;0;0;15;0;0;
797536175;36460596;🟡 жёлтый;держим;ставка не тратится: показы есть, кликов нет;7.30;38.0;;13.0;0.00;0;0;0;0;0;0;0;31;0;0;
323283808;36459301;🟡 жёлтый;держим;ставка не тратится: показы есть, кликов нет;7.30;20.5;;0.0;0.00;0;0;0;0;0;0;0;3;0;0;
873454648;35504156;🟡 жёлтый;держим;ставка не тратится: показы есть, кликов нет;7.30;23.8;;0.0;0.00;0;0;0;0;0;0;0;2;0;0;
884123499;35502769;🟡 жёлтый;держим;ставка не тратится: показы есть, кликов нет;7.30;25.3;;0.3;0.00;0;0;0;0;0;0;0;1;0;0;
865069659;35504537;🟡 жёлтый;держим;ставка не тратится: показы есть, кликов нет;7.30;34.9;;9.9;0.00;0;0;0;0;0;0;0;18;0;0;
882847267;35503146;🟡 жёлтый;держим;ставка не тратится: показы есть, кликов нет;7.30;22.6;;0.0;0.00;0;0;0;0;0;0;0;3;0;0;
923490954;35497916;🟡 жёлтый;держим;ставка не тратится: показы есть, кликов нет;7.30;24.6;;0.0;0.00;0;0;0;0;0;0;0;3;0;0;
881866153;35503414;🟡 жёлтый;держим;ставка не тратится: показы есть, кликов нет;7.30;27.0;;2.0;0.00;0;0;0;0;0;0;0;10;0;0;
323115653;36459468;🟡 жёлтый;держим;ставка не тратится: показы есть, кликов нет;7.30;40.8;;15.8;0.00;0;0;0;0;0;0;0;1;0;0;
877815152;35504951;🟡 жёлтый;держим;ставка не тратится: показы есть, кликов нет;7.30;29.5;;4.5;0.00;0;0;0;0;0;0;0;1;0;0;
865041357;35500249;🟡 жёлтый;держим;ставка не тратится: показы есть, кликов нет;7.30;19.7;;0.0;0.00;0;0;0;0;0;0;0;11;0;0;
923516241;35497681;🟡 жёлтый;держим;ставка не тратится: показы есть, кликов нет;7.30;34.9;;9.9;0.00;0;0;0;0;0;0;0;4;0;0;
865059853;35508624;🟡 жёлтый;держим;ставка не тратится: показы есть, кликов нет;7.30;40.4;;15.4;0.00;0;0;0;0;0;0;0;2;0;0;
873457036;35505545;🟡 жёлтый;держим;ставка не тратится: показы есть, кликов нет;7.30;32.5;;7.5;0.00;0;0;0;0;0;0;1;16;0;3;
871609477;35507256;🟡 жёлтый;держим;ставка не тратится: показы есть, кликов нет;7.30;22.8;;0.0;0.00;0;0;0;0;0;0;0;6;0;0;
313184042;36459301;🟡 жёлтый;держим;ставка не тратится: показы есть, кликов нет;7.30;31.6;;6.6;0.00;0;0;0;0;0;0;0;4;0;0;
323138170;35500249;🟡 жёлтый;держим;ставка не тратится: показы есть, кликов нет;7.30;22.1;;0.0;0.00;0;0;0;0;0;0;0;1;0;1;
874807922;35505238;🟡 жёлтый;держим;ставка не тратится: показы есть, кликов нет;7.30;30.5;;5.5;0.00;0;0;0;0;0;0;0;3;0;0;
887273819;35501509;🟡 жёлтый;держим;ставка не тратится: показы есть, кликов нет;7.30;33.9;;8.9;0.00;0;0;0;0;0;0;0;11;0;1;
871013614;35507605;🟡 жёлтый;держим;ставка не тратится: показы есть, кликов нет;7.30;24.3;;0.0;0.00;0;0;0;0;0;0;0;12;0;0;
886280146;36458352;🟡 жёлтый;держим;ставка не тратится: показы есть, кликов нет;7.30;20.8;;0.0;0.00;0;0;0;0;0;0;0;2;0;0;
324986240;35514511;🟡 жёлтый;держим;ставка не тратится: показы есть, кликов нет;7.30;39.6;;14.6;0.00;0;0;0;0;0;0;0;1;0;0;
313183445;36459301;🟡 жёлтый;держим;ставка не тратится: показы есть, кликов нет;7.30;16.9;;0.0;0.00;0;0;0;0;0;0;0;14;0;0;
863507870;35508624;🟡 жёлтый;держим;ставка не тратится: показы есть, кликов нет;7.30;33.7;;8.7;0.00;0;0;0;0;0;0;0;1;0;0;
313189706;36463324;🟡 жёлтый;держим;ставка не тратится: показы есть, кликов нет;7.30;32.4;;7.4;0.00;0;0;0;0;0;0;0;1;0;0;
912934034;35499393;🟡 жёлтый;держим;ставка не тратится: показы есть, кликов нет;7.30;22.8;;0.0;0.00;0;0;0;0;0;0;0;2;0;0;
323364337;35511919;🟡 жёлтый;держим;ставка не тратится: показы есть, кликов нет;7.30;41.0;;16.0;0.00;0;0;0;0;0;0;0;1;0;0;
913003865;35498621;🟡 жёлтый;держим;ставка не тратится: показы есть, кликов нет;7.30;27.6;;2.6;0.00;0;0;0;0;0;0;0;14;0;0;
323107555;36460596;🟡 жёлтый;держим;ставка не тратится: показы есть, кликов нет;7.30;34.5;;9.5;0.00;0;0;0;0;0;0;0;2;0;0;
871026957;35507605;🟡 жёлтый;держим;ставка не тратится: показы есть, кликов нет;7.30;25.9;;0.9;0.00;0;0;0;0;0;0;0;20;0;0;
323204079;35514926;🟡 жёлтый;держим;ставка не тратится: показы есть, кликов нет;7.30;18.1;;0.0;0.00;0;0;0;0;0;0;0;2;0;0;
323361722;35512317;🟡 жёлтый;держим;ставка не тратится: показы есть, кликов нет;7.30;37.1;;12.1;0.00;0;0;0;0;0;0;0;1;0;0;
435043585;35512936;🟡 жёлтый;держим;ставка не тратится: показы есть, кликов нет;7.30;33.8;;8.8;0.00;0;0;0;0;0;0;0;2;0;0;
323168463;35508987;🟡 жёлтый;держим;ставка не тратится: показы есть, кликов нет;7.30;32.1;;7.1;0.00;0;0;0;0;0;0;0;1;0;0;
874829247;35503414;🟡 жёлтый;держим;ставка не тратится: показы есть, кликов нет;7.30;21.5;;0.0;0.00;0;0;0;0;0;0;0;2;0;0;
881158844;35503784;🟡 жёлтый;держим;ставка не тратится: показы есть, кликов нет;7.30;16.1;;0.0;0.00;0;0;0;0;0;0;0;2;0;0;
862488259;35509256;🟡 жёлтый;держим;ставка не тратится: показы есть, кликов нет;7.30;20.8;;0.0;0.00;0;0;0;0;0;0;0;4;0;0;
915925716;35498671;🟡 жёлтый;держим;ставка не тратится: показы есть, кликов нет;7.30;25.3;;0.3;0.00;0;0;0;0;0;0;0;2;0;0;
915932579;35498671;🟡 жёлтый;держим;в KPI, заказов нет — наблюдаем;7.30;28.8;;3.8;14.60;0;0;0;0;0;0;1;6;2;1;
323154730;35508987;🟡 жёлтый;держим;ставка не тратится: показы есть, кликов нет;7.30;35.7;;10.7;0.00;0;0;0;0;0;0;0;3;0;0;
716982560;35509833;🟡 жёлтый;держим;ставка не тратится: показы есть, кликов нет;7.30;15.8;;0.0;0.00;0;0;0;0;0;0;0;5;0;0;
912803183;35500111;🟡 жёлтый;держим;ставка не тратится: показы есть, кликов нет;7.30;20.4;;0.0;0.00;0;0;0;0;0;0;0;3;0;0;
324996117;35511919;🟡 жёлтый;держим;ставка не тратится: показы есть, кликов нет;7.30;21.4;;0.0;0.00;0;0;0;0;0;0;0;1;0;0;
1002759375;36462835;🟡 жёлтый;держим;ставка не тратится: показы есть, кликов нет;7.30;27.8;;2.8;0.00;0;0;0;0;0;0;0;35;0;0;
862405758;35509256;🟡 жёлтый;держим;ставка не тратится: показы есть, кликов нет;7.30;24.9;;0.0;0.00;0;0;0;0;0;0;0;2;0;0;
912935054;35500111;🟡 жёлтый;держим;ставка не тратится: показы есть, кликов нет;7.30;31.7;;6.7;0.00;0;0;0;0;0;0;0;2;0;0;
873458200;35505545;🟡 жёлтый;держим;ставка не тратится: показы есть, кликов нет;7.30;16.1;;0.0;0.00;0;0;0;0;0;0;0;8;0;0;
871712587;35506296;🟡 жёлтый;держим;ставка не тратится: показы есть, кликов нет;7.30;40.1;;15.1;0.00;0;0;0;0;0;0;0;1;0;0;
884129862;35502769;🟡 жёлтый;держим;ставка не тратится: показы есть, кликов нет;7.30;25.3;;0.3;0.00;0;0;0;0;0;0;0;1;0;0;
923418179;35497916;🟡 жёлтый;держим;ставка не тратится: показы есть, кликов нет;7.30;24.0;;0.0;0.00;0;0;0;0;0;0;0;11;0;1;
863197016;35500249;🟡 жёлтый;держим;ставка не тратится: показы есть, кликов нет;7.30;20.6;;0.0;0.00;0;0;0;0;0;0;0;4;0;0;
913008411;35498462;🟡 жёлтый;держим;ставка не тратится: показы есть, кликов нет;7.30;27.6;;2.6;0.00;0;0;0;0;0;0;0;13;0;0;
313214485;35510132;🟡 жёлтый;держим;ставка не тратится: показы есть, кликов нет;7.30;34.5;;9.5;0.00;0;0;0;0;0;0;0;4;0;0;
323364042;36463324;🟡 жёлтый;держим;ставка не тратится: показы есть, кликов нет;7.30;39.7;;14.7;0.00;0;0;0;0;0;0;0;6;0;0;
871754392;35506296;🟡 жёлтый;держим;ставка не тратится: показы есть, кликов нет;7.30;34.6;;9.6;0.00;0;0;0;0;0;0;0;1;0;0;
323107909;36463324;🟡 жёлтый;держим;ставка не тратится: показы есть, кликов нет;7.30;32.9;;7.9;0.00;0;0;0;0;0;0;0;2;0;0;
876708433;35497479;🟡 жёлтый;держим;ставка не тратится: показы есть, кликов нет;7.30;25.7;;0.7;0.00;0;0;0;0;0;0;0;3;0;0;
874843332;35505238;🟡 жёлтый;держим;ставка не тратится: показы есть, кликов нет;7.30;23.7;;0.0;0.00;0;0;0;0;0;0;0;5;0;0;
862495439;35509256;🟡 жёлтый;держим;ставка не тратится: показы есть, кликов нет;7.30;26.9;;1.9;0.00;0;0;0;0;0;0;0;1;0;0;
887271580;35501509;🟡 жёлтый;держим;ставка не тратится: показы есть, кликов нет;7.30;27.3;;2.3;0.00;0;0;0;0;0;0;0;7;0;0;
313215139;36463324;🟡 жёлтый;держим;ставка не тратится: показы есть, кликов нет;7.30;40.5;;15.5;0.00;0;0;0;0;0;0;1;18;0;4;
885153429;35502200;🟡 жёлтый;держим;ставка не тратится: показы есть, кликов нет;7.30;22.2;;0.0;0.00;0;0;0;0;0;0;0;5;0;0;
913006037;35498621;🟡 жёлтый;держим;ставка не тратится: показы есть, кликов нет;7.30;27.6;;2.6;0.00;0;0;0;0;0;0;0;4;0;0;
323218404;35497479;🟡 жёлтый;держим;ставка не тратится: показы есть, кликов нет;7.30;30.6;;5.6;0.00;0;0;0;0;0;0;0;53;0;0;
923518197;35497681;🟡 жёлтый;держим;ставка не тратится: показы есть, кликов нет;7.30;34.9;;9.9;0.00;0;0;0;0;0;0;0;4;0;0;
915965644;35498671;🟡 жёлтый;держим;ставка не тратится: показы есть, кликов нет;7.30;27.7;;2.7;0.00;0;0;0;0;0;0;0;3;0;0;
874746845;35505238;🟡 жёлтый;держим;ставка не тратится: показы есть, кликов нет;7.30;34.0;;9.0;0.00;0;0;0;0;0;0;0;4;0;0;
863324266;35508624;🟡 жёлтый;держим;ставка не тратится: показы есть, кликов нет;7.30;22.5;;0.0;0.00;0;0;0;0;0;0;0;1;0;0;
886667547;35501886;🟡 жёлтый;держим;ставка не тратится: показы есть, кликов нет;7.30;29.6;;4.6;0.00;0;0;0;0;0;0;0;1;0;0;
886669380;35497916;🟡 жёлтый;держим;ставка не тратится: показы есть, кликов нет;7.30;26.8;;1.8;0.00;0;0;0;0;0;0;0;4;0;0;
923515603;35497681;🟡 жёлтый;держим;ставка не тратится: показы есть, кликов нет;7.30;34.9;;9.9;0.00;0;0;0;0;0;0;0;3;0;0;
323115508;36463324;🟡 жёлтый;держим;ставка не тратится: показы есть, кликов нет;7.30;43.5;;18.5;0.00;0;0;0;0;0;0;0;1;0;0;
923616314;35497681;🟡 жёлтый;держим;ставка не тратится: показы есть, кликов нет;7.30;34.1;;9.1;0.00;0;0;0;0;0;0;0;2;0;0;
873372634;35505545;🟡 жёлтый;держим;ставка не тратится: показы есть, кликов нет;7.30;25.6;;0.6;0.00;0;0;0;0;0;0;0;2;0;0;
313195851;36459301;🟡 жёлтый;держим;ставка не тратится: показы есть, кликов нет;7.30;35.7;;10.7;0.00;0;0;0;0;0;0;0;7;0;0;
885308376;35502200;🟡 жёлтый;держим;ставка не тратится: показы есть, кликов нет;7.30;21.6;;0.0;0.00;0;0;0;0;0;0;0;4;0;0;
881117169;35503784;🟡 жёлтый;держим;ставка не тратится: показы есть, кликов нет;7.30;30.6;;5.6;0.00;0;0;0;0;0;0;0;2;0;0;
323251836;35512936;🟡 жёлтый;держим;ставка не тратится: показы есть, кликов нет;7.30;32.3;;7.3;0.00;0;0;0;0;0;0;0;1;0;0;
874845790;35505238;🟡 жёлтый;держим;ставка не тратится: показы есть, кликов нет;7.30;16.5;;0.0;0.00;0;0;0;0;0;0;0;3;0;0;
885120534;35502769;🟡 жёлтый;держим;ставка не тратится: показы есть, кликов нет;7.30;22.9;;0.0;0.00;0;0;0;0;0;0;0;1;0;0;
555381186;35508987;🟡 жёлтый;держим;ставка не тратится: показы есть, кликов нет;7.30;43.0;;18.0;0.00;0;0;0;0;0;0;0;14;0;0;
323195894;36459468;🟡 жёлтый;держим;ставка не тратится: показы есть, кликов нет;7.30;15.7;;0.0;0.00;0;0;0;0;0;0;0;5;0;0;
313183818;36460596;🟡 жёлтый;держим;ставка не тратится: показы есть, кликов нет;7.30;22.4;;0.0;0.00;0;0;0;0;0;0;0;55;0;2;
863173650;35501028;🟡 жёлтый;держим;ставка не тратится: показы есть, кликов нет;7.30;22.9;;0.0;0.00;0;0;0;0;0;0;0;1;0;0;
885126315;35502769;🟡 жёлтый;держим;ставка не тратится: показы есть, кликов нет;7.30;22.9;;0.0;0.00;0;0;0;0;0;0;0;1;0;0;
323168307;36459894;🟡 жёлтый;держим;ставка не тратится: показы есть, кликов нет;7.30;39.5;;14.5;0.00;0;0;0;0;0;0;0;1;0;0;
885557325;35502200;🟡 жёлтый;держим;ставка не тратится: показы есть, кликов нет;7.30;23.4;;0.0;0.00;0;0;0;0;0;0;0;1;0;0;
323153137;36459075;🟡 жёлтый;держим;ставка не тратится: показы есть, кликов нет;7.30;37.0;;12.0;0.00;0;0;0;0;0;0;0;1;0;0;
861233722;35498621;🟡 жёлтый;держим;ставка не тратится: показы есть, кликов нет;7.30;33.3;;8.3;0.00;0;0;0;0;0;0;0;1;0;0;
861597409;35497479;🟡 жёлтый;держим;ставка не тратится: показы есть, кликов нет;7.30;25.3;;0.3;0.00;0;0;0;0;0;0;0;2;0;0;
915917941;35498671;🟡 жёлтый;держим;ставка не тратится: показы есть, кликов нет;7.30;17.7;;0.0;0.00;0;0;0;0;0;0;0;1;0;0;
323286270;36459301;🟡 жёлтый;держим;ставка не тратится: показы есть, кликов нет;7.30;32.0;;7.0;0.00;0;0;0;0;0;0;0;1;0;0;
874898602;35505238;🟡 жёлтый;держим;ставка не тратится: показы есть, кликов нет;7.30;27.5;;2.5;0.00;0;0;0;0;0;0;0;29;0;0;
323330878;35512936;🟡 жёлтый;держим;ставка не тратится: показы есть, кликов нет;7.30;34.5;;9.5;0.00;0;0;0;0;0;0;0;6;0;0;
323143387;35514220;🟡 жёлтый;держим;ставка не тратится: показы есть, кликов нет;7.30;20.8;;0.0;0.00;0;0;0;0;0;0;0;1;0;0;
313194938;35497479;🟡 жёлтый;держим;ставка не тратится: показы есть, кликов нет;7.30;50.1;;25.1;0.00;0;0;0;0;0;0;3;8;0;6;
887718991;35501509;🟡 жёлтый;держим;ставка не тратится: показы есть, кликов нет;7.30;31.6;;6.6;0.00;0;0;0;0;0;0;0;6;0;0;
923518047;35497681;🟡 жёлтый;держим;ставка не тратится: показы есть, кликов нет;7.30;34.9;;9.9;0.00;0;0;0;0;0;0;0;6;0;2;
873349020;36458352;🟡 жёлтый;держим;ставка не тратится: показы есть, кликов нет;7.30;25.6;;0.6;0.00;0;0;0;0;0;0;0;8;0;0;
871063700;35507605;🟡 жёлтый;держим;ставка не тратится: показы есть, кликов нет;7.30;17.1;;0.0;0.00;0;0;0;0;0;0;0;12;0;0;
915872091;35498671;🟡 жёлтый;держим;ставка не тратится: показы есть, кликов нет;7.30;23.6;;0.0;0.00;0;0;0;0;0;0;0;2;0;0;
872421145;35505900;🟡 жёлтый;держим;ставка не тратится: показы есть, кликов нет;7.30;40.0;;15.0;0.00;0;0;0;0;0;0;0;2;0;0;
863267475;35508624;🟡 жёлтый;держим;ставка не тратится: показы есть, кликов нет;7.30;28.3;;3.3;0.00;0;0;0;0;0;0;0;1;0;0;
874893139;35505238;🟡 жёлтый;держим;ставка не тратится: показы есть, кликов нет;7.30;27.5;;2.5;0.00;0;0;0;0;0;0;0;32;0;0;
865297730;35501262;🟡 жёлтый;держим;ставка не тратится: показы есть, кликов нет;7.30;22.8;;0.0;0.00;0;0;0;0;0;0;0;2;0;0;
873451193;35505545;🟡 жёлтый;держим;ставка не тратится: показы есть, кликов нет;7.30;37.5;;12.5;0.00;0;0;0;0;0;0;0;1;0;5;
883654744;35502978;🟡 жёлтый;держим;ставка не тратится: показы есть, кликов нет;7.30;26.9;;1.9;0.00;0;0;0;0;0;0;0;15;0;0;
873366056;35505545;🟡 жёлтый;держим;ставка не тратится: показы есть, кликов нет;7.30;25.6;;0.6;0.00;0;0;0;0;0;0;0;1;0;0;
886329752;35501262;🟡 жёлтый;держим;ставка не тратится: показы есть, кликов нет;7.30;23.9;;0.0;0.00;0;0;0;0;0;0;0;1;0;0;
313193760;36460596;🟡 жёлтый;держим;ставка не тратится: показы есть, кликов нет;7.30;38.4;;13.4;0.00;0;0;0;0;0;0;0;7;0;0;
886679088;35501683;🟡 жёлтый;держим;ставка не тратится: показы есть, кликов нет;7.30;27.9;;2.9;0.00;0;0;0;0;0;0;0;7;0;0;
883626546;35502978;🟡 жёлтый;держим;ставка не тратится: показы есть, кликов нет;7.30;26.9;;1.9;0.00;0;0;0;0;0;0;0;5;0;0;
887221253;35501509;🟡 жёлтый;держим;ставка не тратится: показы есть, кликов нет;7.30;23.9;;0.0;0.00;0;0;0;0;0;0;0;3;0;0;
870461173;35498671;🟡 жёлтый;держим;ставка не тратится: показы есть, кликов нет;7.30;29.0;;4.0;0.00;0;0;0;0;0;0;0;12;0;1;
869363698;35507605;🟡 жёлтый;держим;ставка не тратится: показы есть, кликов нет;7.30;28.6;;3.6;0.00;0;0;0;0;0;0;0;2;0;2;
923640058;35497681;🟡 жёлтый;держим;ставка не тратится: показы есть, кликов нет;7.30;44.7;;19.7;0.00;0;0;0;0;0;0;0;2;0;0;
323238041;35514926;🟡 жёлтый;держим;ставка не тратится: показы есть, кликов нет;7.30;18.1;;0.0;0.00;0;0;0;0;0;0;0;14;0;0;
486821550;35510132;🟡 жёлтый;держим;ставка не тратится: показы есть, кликов нет;7.30;37.8;;12.8;0.00;0;0;0;0;0;0;0;2;0;0;
313184239;35513180;🟡 жёлтый;держим;ставка не тратится: показы есть, кликов нет;7.30;19.8;;0.0;0.00;0;0;0;0;0;0;0;2;0;0;
877447876;35504951;🟡 жёлтый;держим;ставка не тратится: показы есть, кликов нет;7.30;36.2;;11.2;0.00;0;0;0;0;0;0;0;7;0;1;
871592360;35507256;🟡 жёлтый;держим;ставка не тратится: показы есть, кликов нет;7.30;16.3;;0.0;0.00;0;0;0;0;0;0;0;5;0;0;
884055278;35502769;🟡 жёлтый;держим;ставка не тратится: показы есть, кликов нет;7.30;33.8;;8.8;0.00;0;0;0;0;0;0;0;3;0;0;
698349393;35510132;🟡 жёлтый;держим;ставка не тратится: показы есть, кликов нет;7.30;21.6;;0.0;0.00;0;0;0;0;0;0;0;12;0;0;
877426824;35504951;🟡 жёлтый;держим;ставка не тратится: показы есть, кликов нет;7.30;39.8;;14.8;0.00;0;0;0;0;0;0;0;1;0;1;
884097440;35502769;🟡 жёлтый;держим;ставка не тратится: показы есть, кликов нет;7.30;35.1;;10.1;0.00;0;0;0;0;0;0;0;2;0;0;
923587702;35497681;🟡 жёлтый;держим;ставка не тратится: показы есть, кликов нет;7.30;42.2;;17.2;0.00;0;0;0;0;0;0;0;7;0;0;
876155958;35505238;🟡 жёлтый;держим;ставка не тратится: показы есть, кликов нет;7.30;36.8;;11.8;0.00;0;0;0;0;0;0;0;4;0;0;
882855238;35503146;🟡 жёлтый;держим;ставка не тратится: показы есть, кликов нет;7.30;26.1;;1.1;0.00;0;0;0;0;0;0;0;2;0;0;
497230110;35508987;🟡 жёлтый;держим;ставка не тратится: показы есть, кликов нет;7.30;42.7;;17.7;0.00;0;0;0;0;0;0;0;12;0;2;
323109317;36459894;🟡 жёлтый;держим;ставка не тратится: показы есть, кликов нет;7.30;34.3;;9.3;0.00;0;0;0;0;0;0;0;5;0;0;
881238621;35503784;🟡 жёлтый;держим;ставка не тратится: показы есть, кликов нет;7.30;16.8;;0.0;0.00;0;0;0;0;0;0;0;5;0;0;
865150196;35500249;🟡 жёлтый;держим;ставка не тратится: показы есть, кликов нет;7.30;24.1;;0.0;0.00;0;0;0;0;0;0;0;3;0;0;
323154351;35512642;🟡 жёлтый;держим;ставка не тратится: показы есть, кликов нет;7.30;27.2;;2.2;0.00;0;0;0;0;0;0;0;1;0;0;
867074123;35508061;🟡 жёлтый;держим;ставка не тратится: показы есть, кликов нет;7.30;26.0;;1.0;0.00;0;0;0;0;0;0;0;3;0;0;
913067316;35499491;🟡 жёлтый;держим;ставка не тратится: показы есть, кликов нет;7.30;31.7;;6.7;0.00;0;0;0;0;0;0;0;2;0;0;
323109057;36460596;🟡 жёлтый;держим;ставка не тратится: показы есть, кликов нет;7.30;17.9;;0.0;0.00;0;0;0;0;0;0;0;2;0;1;
877235295;35504951;🟡 жёлтый;держим;ставка не тратится: показы есть, кликов нет;7.30;38.0;;13.0;0.00;0;0;0;0;0;0;0;1;0;0;
435041396;35512936;🟡 жёлтый;держим;ставка не тратится: показы есть, кликов нет;7.30;27.9;;2.9;0.00;0;0;0;0;0;0;0;3;0;0;
858253751;35501262;🟡 жёлтый;держим;ставка не тратится: показы есть, кликов нет;7.30;24.9;;0.0;0.00;0;0;0;0;0;0;0;4;0;0;
923519968;35497681;🟡 жёлтый;держим;ставка не тратится: показы есть, кликов нет;7.30;34.9;;9.9;0.00;0;0;0;0;0;0;0;5;0;1;
923608515;35497681;🟡 жёлтый;держим;ставка не тратится: показы есть, кликов нет;7.30;33.1;;8.1;0.00;0;0;0;0;0;0;0;3;0;0;
915917544;35498671;🟡 жёлтый;держим;ставка не тратится: показы есть, кликов нет;7.30;34.2;;9.2;0.00;0;0;0;0;0;0;0;6;0;0;
323264963;35512642;🟡 жёлтый;держим;ставка не тратится: показы есть, кликов нет;7.30;33.3;;8.3;0.00;0;0;0;0;0;0;0;1;0;0;
324994500;35499128;🟡 жёлтый;держим;ставка не тратится: показы есть, кликов нет;7.30;31.0;;6.0;0.00;0;0;0;0;0;0;0;1;0;0;
872382001;35505900;🟡 жёлтый;держим;ставка не тратится: показы есть, кликов нет;7.30;33.5;;8.5;0.00;0;0;0;0;0;0;0;6;0;0;
884121466;35502769;🟡 жёлтый;держим;ставка не тратится: показы есть, кликов нет;7.30;24.7;;0.0;0.00;0;0;0;0;0;0;0;1;0;0;
869265767;35507605;🟡 жёлтый;держим;ставка не тратится: показы есть, кликов нет;7.30;27.0;;2.0;0.00;0;0;0;0;0;0;0;1;0;0;
527651507;35510132;🟡 жёлтый;держим;ставка не тратится: показы есть, кликов нет;7.30;33.2;;8.2;0.00;0;0;0;0;0;0;0;2;0;0;
869357394;35507796;🟡 жёлтый;держим;ставка не тратится: показы есть, кликов нет;7.30;21.9;;0.0;0.00;0;0;0;0;0;0;0;1;0;0;
880570088;35503414;🟡 жёлтый;держим;ставка не тратится: показы есть, кликов нет;7.30;23.4;;0.0;0.00;0;0;0;0;0;0;0;2;0;0;
881152564;35503784;🟡 жёлтый;держим;ставка не тратится: показы есть, кликов нет;7.30;25.4;;0.4;0.00;0;0;0;0;0;0;0;5;0;0;
323171855;36463324;🟡 жёлтый;держим;ставка не тратится: показы есть, кликов нет;7.30;47.8;;22.8;0.00;0;0;0;0;0;0;0;3;0;0;
865039924;35508624;🟡 жёлтый;держим;ставка не тратится: показы есть, кликов нет;7.30;19.0;;0.0;0.00;0;0;0;0;0;0;0;2;0;0;
881017201;35503784;🟡 жёлтый;держим;ставка не тратится: показы есть, кликов нет;7.30;17.7;;0.0;0.00;0;0;0;0;0;0;1;2;0;5;
859983202;35509529;🟡 жёлтый;держим;ставка не тратится: показы есть, кликов нет;7.30;23.9;;0.0;0.00;0;0;0;0;0;0;0;4;0;3;
913090174;35499491;🟡 жёлтый;держим;ставка не тратится: показы есть, кликов нет;7.30;32.6;;7.6;0.00;0;0;0;0;0;0;0;16;0;0;
885472987;35497479;🟡 жёлтый;держим;ставка не тратится: показы есть, кликов нет;7.30;35.7;;10.7;0.00;0;0;0;0;0;0;0;11;0;0;
873437909;35498462;🟡 жёлтый;держим;ставка не тратится: показы есть, кликов нет;7.30;28.2;;3.2;0.00;0;0;0;0;0;0;0;5;0;0;
323109086;36460596;🟡 жёлтый;держим;ставка не тратится: показы есть, кликов нет;7.30;16.5;;0.0;0.00;0;0;0;0;0;0;0;4;0;2;
313189468;35512317;🟡 жёлтый;держим;ставка не тратится: показы есть, кликов нет;7.30;17.9;;0.0;0.00;0;0;0;0;0;0;0;29;0;2;
437416110;35514220;🟡 жёлтый;держим;ставка не тратится: показы есть, кликов нет;7.30;27.4;;2.4;0.00;0;0;0;0;0;0;0;2;0;0;
877230305;35504951;🟡 жёлтый;держим;ставка не тратится: показы есть, кликов нет;7.30;38.0;;13.0;0.00;0;0;0;0;0;0;0;1;0;0;
923517857;35497681;🟡 жёлтый;держим;ставка не тратится: показы есть, кликов нет;7.30;34.9;;9.9;0.00;0;0;0;0;0;0;0;6;0;0;
874842857;35505238;🟡 жёлтый;держим;ставка не тратится: показы есть, кликов нет;7.30;23.7;;0.0;0.00;0;0;0;0;0;0;0;4;0;0;
323107518;35510132;🟡 жёлтый;держим;ставка не тратится: показы есть, кликов нет;7.30;39.6;;14.6;0.00;0;0;0;0;0;0;0;5;0;2;
883095258;35503146;🟡 жёлтый;держим;ставка не тратится: показы есть, кликов нет;7.30;22.5;;0.0;0.00;0;0;0;0;0;0;0;2;0;0;
915965813;35498671;🟡 жёлтый;держим;ставка не тратится: показы есть, кликов нет;7.30;27.7;;2.7;0.00;0;0;0;0;0;0;0;2;0;0;
865272795;35508061;🟡 жёлтый;держим;ставка не тратится: показы есть, кликов нет;7.30;31.9;;6.9;0.00;0;0;0;0;0;0;0;1;0;0;
881192504;35503784;🟡 жёлтый;держим;ставка не тратится: показы есть, кликов нет;7.30;25.4;;0.4;0.00;0;0;0;0;0;0;0;1;0;0;
881106098;35503784;🟡 жёлтый;держим;ставка не тратится: показы есть, кликов нет;7.30;30.6;;5.6;0.00;0;0;0;0;0;0;0;12;0;0;
434798631;35512936;🟡 жёлтый;держим;ставка не тратится: показы есть, кликов нет;7.30;21.2;;0.0;0.00;0;0;0;0;0;0;0;35;0;2;
873362570;35505545;🟡 жёлтый;держим;ставка не тратится: показы есть, кликов нет;7.30;25.6;;0.6;0.00;0;0;0;0;0;0;0;1;0;0;
323140440;35514926;🟡 жёлтый;держим;ставка не тратится: показы есть, кликов нет;7.30;21.6;;0.0;0.00;0;0;0;0;0;0;0;1;0;0;
874471817;35505238;🟡 жёлтый;держим;ставка не тратится: показы есть, кликов нет;7.30;22.1;;0.0;0.00;0;0;0;0;0;0;0;1;0;0;
878599135;35504951;🟡 жёлтый;держим;ставка не тратится: показы есть, кликов нет;7.30;38.4;;13.4;0.00;0;0;0;0;0;0;0;4;0;0;
862503403;35509256;🟡 жёлтый;держим;ставка не тратится: показы есть, кликов нет;7.30;25.0;;0.0;0.00;0;0;0;0;0;0;0;3;0;0;
872410645;35505900;🟡 жёлтый;держим;ставка не тратится: показы есть, кликов нет;7.30;40.0;;15.0;0.00;0;0;0;0;0;0;0;2;0;0;
865400980;35508404;🟡 жёлтый;держим;ставка не тратится: показы есть, кликов нет;7.30;26.4;;1.4;0.00;0;0;0;0;0;0;0;1;0;0;
323183238;35514511;🟡 жёлтый;держим;ставка не тратится: показы есть, кликов нет;7.30;22.5;;0.0;0.00;0;0;0;0;0;0;0;2;0;0;
882844359;35501028;🟡 жёлтый;держим;ставка не тратится: показы есть, кликов нет;7.30;17.4;;0.0;0.00;0;0;0;0;0;0;0;1;0;0;
313189782;36459468;🟡 жёлтый;держим;ставка не тратится: показы есть, кликов нет;7.30;39.7;;14.7;0.00;0;0;0;0;0;1;0;18;0;0;
323173878;35514926;🟡 жёлтый;держим;ставка не тратится: показы есть, кликов нет;7.30;30.8;;5.8;0.00;0;0;0;0;0;0;0;1;0;0;
873359242;35505545;🟡 жёлтый;держим;ставка не тратится: показы есть, кликов нет;7.30;25.6;;0.6;0.00;0;0;0;0;0;0;0;1;0;0;
886588297;35501886;🟡 жёлтый;держим;ставка не тратится: показы есть, кликов нет;7.30;28.4;;3.4;0.00;0;0;0;0;0;0;0;1;0;0;
923519299;35497681;🟡 жёлтый;держим;ставка не тратится: показы есть, кликов нет;7.30;34.9;;9.9;0.00;0;0;0;0;0;0;0;3;0;0;
313191064;36459894;🟡 жёлтый;держим;ставка не тратится: показы есть, кликов нет;7.30;32.4;;7.4;0.00;0;0;0;0;0;0;0;1;0;0;
877246982;35498621;🟡 жёлтый;держим;ставка не тратится: показы есть, кликов нет;7.30;40.5;;15.5;0.00;0;0;0;0;0;0;0;1;0;0;
868896149;35501262;🟡 жёлтый;держим;ставка не тратится: показы есть, кликов нет;7.30;28.9;;3.9;0.00;0;0;0;0;0;0;0;2;0;0;
871109551;35507256;🟡 жёлтый;держим;ставка не тратится: показы есть, кликов нет;7.30;24.2;;0.0;0.00;0;0;0;0;0;0;0;1;0;0;
887050471;35501683;🟡 жёлтый;держим;ставка не тратится: показы есть, кликов нет;7.30;37.3;;12.3;0.00;0;0;0;0;0;0;0;2;0;1;
511078084;35497479;🟡 жёлтый;держим;ставка не тратится: показы есть, кликов нет;7.30;51.1;;26.1;0.00;0;0;0;0;0;1;0;6;0;1;
863337576;35508624;🟡 жёлтый;держим;ставка не тратится: показы есть, кликов нет;7.30;30.3;;5.3;0.00;0;0;0;0;0;0;0;5;0;0;
874800055;35505238;🟡 жёлтый;держим;ставка не тратится: показы есть, кликов нет;7.30;15.7;;0.0;0.00;0;0;0;0;0;0;0;8;0;0;
868928374;35507796;🟡 жёлтый;держим;ставка не тратится: показы есть, кликов нет;7.30;31.0;;6.0;0.00;0;0;0;0;0;0;0;1;0;0;
885306284;35502200;🟡 жёлтый;держим;ставка не тратится: показы есть, кликов нет;7.30;21.6;;0.0;0.00;0;0;0;0;0;0;0;2;0;0;
434720728;35511919;🟡 жёлтый;держим;ставка не тратится: показы есть, кликов нет;7.30;31.7;;6.7;0.00;0;0;0;0;0;0;0;41;0;0;
323174927;35505900;🟡 жёлтый;держим;ставка не тратится: показы есть, кликов нет;7.30;35.1;;10.1;0.00;0;0;0;0;0;0;0;2;0;0;
323119948;36458948;🟡 жёлтый;держим;ставка не тратится: показы есть, кликов нет;7.30;23.7;;0.0;0.00;0;0;0;0;0;0;0;12;0;0;
882855377;35503146;🟡 жёлтый;держим;ставка не тратится: показы есть, кликов нет;7.30;26.1;;1.1;0.00;0;0;0;0;0;0;0;2;0;0;
313188583;35495292;🟡 жёлтый;держим;ставка не тратится: показы есть, кликов нет;7.30;41.3;;16.3;0.00;0;0;0;0;0;0;0;7;0;2;
887421943;35501509;🟡 жёлтый;держим;ставка не тратится: показы есть, кликов нет;7.30;23.6;;0.0;0.00;0;0;0;0;0;0;0;1;0;0;
912766641;35497479;🟡 жёлтый;держим;ставка не тратится: показы есть, кликов нет;7.30;25.7;;0.7;0.00;0;0;0;0;0;0;0;1;0;0;
323297715;36459894;🟡 жёлтый;держим;ставка не тратится: показы есть, кликов нет;7.30;25.2;;0.2;0.00;0;0;0;0;0;0;0;1;0;0;
323313596;36459075;🟡 жёлтый;держим;ставка не тратится: показы есть, кликов нет;7.30;29.9;;4.9;0.00;0;0;0;0;0;0;0;4;0;0;
885312712;35502200;🟡 жёлтый;держим;ставка не тратится: показы есть, кликов нет;7.30;19.0;;0.0;0.00;0;0;0;0;0;0;0;1;0;0;
912803023;35500111;🟡 жёлтый;держим;ставка не тратится: показы есть, кликов нет;7.30;23.0;;0.0;0.00;0;0;0;0;0;0;0;4;0;0;
872417765;35505900;🟡 жёлтый;держим;ставка не тратится: показы есть, кликов нет;7.30;40.0;;15.0;0.00;0;0;0;0;0;0;0;1;0;0;
871147080;35507256;🟡 жёлтый;держим;ставка не тратится: показы есть, кликов нет;7.30;25.0;;0.0;0.00;0;0;0;0;0;0;0;2;0;0;
323178813;35508987;🟡 жёлтый;держим;ставка не тратится: показы есть, кликов нет;7.30;44.0;;19.0;0.00;0;0;0;0;0;0;0;3;0;0;
876095899;35505238;🟡 жёлтый;держим;ставка не тратится: показы есть, кликов нет;7.30;29.4;;4.4;0.00;0;0;0;0;0;0;0;28;0;0;
323122421;35510132;🟡 жёлтый;держим;ставка не тратится: показы есть, кликов нет;7.30;33.7;;8.7;0.00;0;0;0;0;0;0;0;4;0;2;
323228386;35512936;🟡 жёлтый;держим;ставка не тратится: показы есть, кликов нет;7.30;30.0;;5.0;0.00;0;0;0;0;0;1;0;11;0;4;
313195231;35505545;🟡 жёлтый;держим;ставка не тратится: показы есть, кликов нет;7.30;36.2;;11.2;0.00;0;0;0;0;0;0;0;1;0;0;
878141261;35504951;🟡 жёлтый;держим;ставка не тратится: показы есть, кликов нет;7.30;26.3;;1.3;0.00;0;0;0;0;0;0;0;1;0;0;
882868682;35503146;🟡 жёлтый;держим;ставка не тратится: показы есть, кликов нет;7.30;17.1;;0.0;0.00;0;0;0;0;0;0;0;2;0;0;
874401962;35505545;🟡 жёлтый;держим;ставка не тратится: показы есть, кликов нет;7.30;31.1;;6.1;0.00;0;0;0;0;0;0;0;1;0;0;
869373907;35507605;🟡 жёлтый;держим;ставка не тратится: показы есть, кликов нет;7.30;21.7;;0.0;0.00;0;0;0;0;0;0;0;2;0;0;
862406196;35509256;🟡 жёлтый;держим;ставка не тратится: показы есть, кликов нет;7.30;24.9;;0.0;0.00;0;0;0;0;0;0;0;1;0;0;
883525810;35502978;🟡 жёлтый;держим;ставка не тратится: показы есть, кликов нет;7.30;16.4;;0.0;0.00;0;0;0;0;0;0;0;7;0;0;
915938873;35498671;🟡 жёлтый;держим;ставка не тратится: показы есть, кликов нет;7.30;21.2;;0.0;0.00;0;0;0;0;0;0;0;2;0;0;
872335274;35501262;🟡 жёлтый;держим;ставка не тратится: показы есть, кликов нет;7.30;25.2;;0.2;0.00;0;0;0;0;0;0;0;2;0;0;
923513385;35497681;🟡 жёлтый;держим;ставка не тратится: показы есть, кликов нет;7.30;34.9;;9.9;0.00;0;0;0;0;0;0;0;6;0;0;
323334835;35514926;🟡 жёлтый;держим;ставка не тратится: показы есть, кликов нет;7.30;37.8;;12.8;0.00;0;0;0;0;0;0;0;4;0;0;
323363480;35512317;🟡 жёлтый;держим;ставка не тратится: показы есть, кликов нет;7.30;24.6;;0.0;0.00;0;0;0;0;0;0;0;5;0;1;
912906367;35499393;🟡 жёлтый;держим;ставка не тратится: показы есть, кликов нет;7.30;38.9;;13.9;0.00;0;0;0;0;0;0;0;1;0;0;
871050755;35507605;🟡 жёлтый;держим;ставка не тратится: показы есть, кликов нет;7.30;27.6;;2.6;0.00;0;0;0;0;0;0;0;1;0;0;
915311708;35498462;🟡 жёлтый;держим;ставка не тратится: показы есть, кликов нет;7.30;29.7;;4.7;0.00;0;0;0;0;0;0;0;11;0;0;
486439294;35510132;🟡 жёлтый;держим;ставка не тратится: показы есть, кликов нет;7.30;36.7;;11.7;0.00;0;0;0;0;0;0;0;2;0;0;
324987726;35513872;🟡 жёлтый;держим;ставка не тратится: показы есть, кликов нет;7.30;15.7;;0.0;0.00;0;0;0;0;0;0;0;6;0;0;
874779179;35505238;🟡 жёлтый;держим;ставка не тратится: показы есть, кликов нет;7.30;39.1;;14.1;0.00;0;0;0;0;0;0;0;3;0;0;
881867936;35503414;🟡 жёлтый;держим;ставка не тратится: показы есть, кликов нет;7.30;27.0;;2.0;0.00;0;0;0;0;0;0;0;4;0;0;
323119020;36459468;🟡 жёлтый;держим;ставка не тратится: показы есть, кликов нет;7.30;21.4;;0.0;0.00;0;0;0;0;0;0;0;1;0;0;
434797822;35512936;🟡 жёлтый;держим;ставка не тратится: показы есть, кликов нет;7.30;31.3;;6.3;0.00;0;0;0;0;0;0;0;2;0;0;
871691462;35507256;🟡 жёлтый;держим;ставка не тратится: показы есть, кликов нет;7.30;40.1;;15.1;0.00;0;0;0;0;0;0;0;2;0;0;
497169988;35510132;🟡 жёлтый;держим;ставка не тратится: показы есть, кликов нет;7.30;21.2;;0.0;0.00;0;0;0;0;0;0;0;1;0;1;
883279243;35502978;🟡 жёлтый;держим;ставка не тратится: показы есть, кликов нет;7.30;33.6;;8.6;0.00;0;0;0;0;0;0;0;2;0;0;
313084203;35497479;🟡 жёлтый;держим;ставка не тратится: показы есть, кликов нет;7.30;36.3;;11.3;0.00;0;0;0;0;0;0;0;6;0;1;
915312049;35498621;🟡 жёлтый;держим;ставка не тратится: показы есть, кликов нет;7.30;29.7;;4.7;0.00;0;0;0;0;0;0;0;1;0;0;
323283425;35514511;🟡 жёлтый;держим;ставка не тратится: показы есть, кликов нет;7.30;21.8;;0.0;0.00;0;0;0;0;0;0;0;1;0;0;
874395294;35505545;🟡 жёлтый;держим;ставка не тратится: показы есть, кликов нет;7.30;30.4;;5.4;0.00;0;0;0;0;0;0;0;9;0;0;
923587441;35497681;🟡 жёлтый;держим;ставка не тратится: показы есть, кликов нет;7.30;42.2;;17.2;0.00;0;0;0;0;0;0;0;11;0;0;
884537776;35502769;🟡 жёлтый;держим;ставка не тратится: показы есть, кликов нет;7.30;28.6;;3.6;0.00;0;0;0;0;0;0;0;41;0;1;
861591775;35501028;🟡 жёлтый;держим;ставка не тратится: показы есть, кликов нет;7.30;21.6;;0.0;0.00;0;0;0;0;0;0;0;1;0;0;
323144165;35514926;🟡 жёлтый;держим;ставка не тратится: показы есть, кликов нет;7.30;36.6;;11.6;0.00;0;0;0;0;0;0;0;1;0;0;
878638936;35504951;🟡 жёлтый;держим;ставка не тратится: показы есть, кликов нет;7.30;34.1;;9.1;0.00;0;0;0;0;0;0;0;3;0;0;
865303881;35501262;🟡 жёлтый;держим;ставка не тратится: показы есть, кликов нет;7.30;22.8;;0.0;0.00;0;0;0;0;0;0;0;1;0;0;
873452686;35505545;🟡 жёлтый;держим;ставка не тратится: показы есть, кликов нет;7.30;37.5;;12.5;0.00;0;0;0;0;0;0;0;2;0;0;
871042375;35507605;🟡 жёлтый;держим;ставка не тратится: показы есть, кликов нет;7.30;18.8;;0.0;0.00;0;0;0;0;0;0;0;3;0;0;
885306702;35502200;🟡 жёлтый;держим;ставка не тратится: показы есть, кликов нет;7.30;21.6;;0.0;0.00;0;0;0;0;0;0;0;1;0;0;
871101125;35507256;🟡 жёлтый;держим;ставка не тратится: показы есть, кликов нет;7.30;24.2;;0.0;0.00;0;0;0;0;0;0;0;1;0;0;
872376714;35505900;🟡 жёлтый;держим;ставка не тратится: показы есть, кликов нет;7.30;28.4;;3.4;0.00;0;0;0;0;0;0;0;5;0;0;
923489194;35497681;🟡 жёлтый;держим;ставка не тратится: показы есть, кликов нет;7.30;25.4;;0.4;0.00;0;0;0;0;0;0;0;2;0;0;
323201481;36459301;🟡 жёлтый;держим;ставка не тратится: показы есть, кликов нет;7.30;16.2;;0.0;0.00;0;0;0;0;0;0;0;1;0;0;
323242913;35514220;🟡 жёлтый;держим;ставка не тратится: показы есть, кликов нет;7.30;46.2;;21.2;0.00;0;0;0;0;0;0;0;3;0;0;
913003677;35498462;🟡 жёлтый;держим;ставка не тратится: показы есть, кликов нет;7.30;27.6;;2.6;0.00;0;0;0;0;0;0;0;19;0;0;
871680522;35507256;🟡 жёлтый;держим;ставка не тратится: показы есть, кликов нет;7.30;23.9;;0.0;0.00;0;0;0;0;0;0;0;1;0;0;
324981256;35515230;🟡 жёлтый;держим;ставка не тратится: показы есть, кликов нет;7.30;34.0;;9.0;0.00;0;0;0;0;0;0;0;1;0;0;
874810496;35505238;🟡 жёлтый;держим;ставка не тратится: показы есть, кликов нет;7.30;18.4;;0.0;0.00;0;0;0;0;0;0;0;5;0;0;
323296945;35514926;🟡 жёлтый;держим;ставка не тратится: показы есть, кликов нет;7.30;35.3;;10.3;0.00;0;0;0;0;0;0;0;2;0;0;
871694586;35507256;🟡 жёлтый;держим;ставка не тратится: показы есть, кликов нет;7.30;40.1;;15.1;0.00;0;0;0;0;0;0;0;1;0;0;
323108360;36460596;🟡 жёлтый;держим;ставка не тратится: показы есть, кликов нет;7.30;25.8;;0.8;0.00;0;0;0;0;0;0;0;60;0;0;
862516361;35500111;🟡 жёлтый;держим;ставка не тратится: показы есть, кликов нет;7.30;37.8;;12.8;0.00;0;0;0;0;0;0;0;1;0;0;
324990830;35513180;🟡 жёлтый;держим;ставка не тратится: показы есть, кликов нет;7.30;26.9;;1.9;0.00;0;0;0;0;0;0;0;2;0;0;
324995313;35495292;🟡 жёлтый;держим;ставка не тратится: показы есть, кликов нет;7.30;23.8;;0.0;0.00;0;0;0;0;0;0;0;3;0;0;
832143094;35510132;🟡 жёлтый;держим;ставка не тратится: показы есть, кликов нет;7.30;29.4;;4.4;0.00;0;0;0;0;0;0;0;17;0;0;
859073760;35509833;🟡 жёлтый;держим;ставка не тратится: показы есть, кликов нет;7.30;23.1;;0.0;0.00;0;0;0;0;0;0;0;1;0;0;
885222666;35502200;🟡 жёлтый;держим;ставка не тратится: показы есть, кликов нет;7.30;40.6;;15.6;0.00;0;0;0;0;0;0;0;3;0;0;
323115770;36459468;🟡 жёлтый;держим;ставка не тратится: показы есть, кликов нет;7.30;35.6;;10.6;0.00;0;0;0;0;0;0;0;1;0;0;
858919566;35509833;🟡 жёлтый;держим;ставка не тратится: показы есть, кликов нет;7.30;27.6;;2.6;0.00;0;0;0;0;0;0;0;1;0;0;
323233891;35512642;🟡 жёлтый;держим;ставка не тратится: показы есть, кликов нет;7.30;28.3;;3.3;0.00;0;0;0;0;0;0;0;2;0;0;
872372826;35506296;🟡 жёлтый;держим;ставка не тратится: показы есть, кликов нет;7.30;32.0;;7.0;0.00;0;0;0;0;0;0;0;4;0;0;
860483118;35501028;🟡 жёлтый;держим;ставка не тратится: показы есть, кликов нет;7.30;25.5;;0.5;0.00;0;0;0;0;0;0;0;1;0;0;
323298681;35513491;🟡 жёлтый;держим;ставка не тратится: показы есть, кликов нет;7.30;36.1;;11.1;0.00;0;0;0;0;0;0;0;1;0;0;
923519700;35497681;🟡 жёлтый;держим;ставка не тратится: показы есть, кликов нет;7.30;34.9;;9.9;0.00;0;0;0;0;0;0;0;3;0;0;
323109209;36460596;🟡 жёлтый;держим;ставка не тратится: показы есть, кликов нет;7.30;36.8;;11.8;0.00;0;0;0;0;0;0;0;3;0;0;
323194805;35513491;🟡 жёлтый;держим;ставка не тратится: показы есть, кликов нет;7.30;18.9;;0.0;0.00;0;0;0;0;0;0;0;2;0;0;
871590963;35507256;🟡 жёлтый;держим;ставка не тратится: показы есть, кликов нет;7.30;16.3;;0.0;0.00;0;0;0;0;0;0;0;6;0;0;
323257777;35495292;🟡 жёлтый;держим;ставка не тратится: показы есть, кликов нет;7.30;20.0;;0.0;0.00;0;0;0;0;0;0;0;1;0;0;
867094929;35505900;🟡 жёлтый;держим;ставка не тратится: показы есть, кликов нет;7.30;33.5;;8.5;0.00;0;0;0;0;0;0;0;7;0;0;
865533717;35508061;🟡 жёлтый;держим;ставка не тратится: показы есть, кликов нет;7.30;26.2;;1.2;0.00;0;0;0;0;0;0;0;1;0;0;
862448392;35498462;🟡 жёлтый;держим;ставка не тратится: показы есть, кликов нет;7.30;29.1;;4.1;0.00;0;0;0;0;0;0;0;8;0;0;
323132314;36459075;🟡 жёлтый;держим;ставка не тратится: показы есть, кликов нет;7.30;20.4;;0.0;0.00;0;0;0;0;0;0;0;2;0;0;
323115232;36459468;🟡 жёлтый;держим;ставка не тратится: показы есть, кликов нет;7.30;44.4;;19.4;0.00;0;0;0;0;0;0;0;1;0;0;
313184833;35514926;🟡 жёлтый;держим;ставка не тратится: показы есть, кликов нет;7.30;49.6;;24.6;0.00;0;0;0;0;0;0;0;9;0;2;
323360964;36463324;🟡 жёлтый;держим;ставка не тратится: показы есть, кликов нет;7.30;28.5;;3.5;0.00;0;0;0;0;0;0;0;5;0;1;
343240130;35511919;🟡 жёлтый;держим;ставка не тратится: показы есть, кликов нет;7.30;27.2;;2.2;0.00;0;0;0;0;0;0;0;10;0;0;
871163509;35507256;🟡 жёлтый;держим;ставка не тратится: показы есть, кликов нет;7.30;25.9;;0.9;0.00;0;0;0;0;0;0;0;44;0;0;
885212011;35502200;🟡 жёлтый;держим;ставка не тратится: показы есть, кликов нет;7.30;15.6;;0.0;0.00;0;0;0;0;0;0;0;1;0;0;
883117496;35503146;🟡 жёлтый;держим;ставка не тратится: показы есть, кликов нет;7.30;27.6;;2.6;0.00;0;0;0;0;0;0;0;2;0;0;
381022999;35511919;🟡 жёлтый;держим;ставка не тратится: показы есть, кликов нет;7.30;21.7;;0.0;0.00;0;0;0;0;0;0;0;1;0;2;
435045336;35509833;🟡 жёлтый;держим;ставка не тратится: показы есть, кликов нет;7.30;26.7;;1.7;0.00;0;0;0;0;0;0;0;10;0;0;
865452057;35501262;🟡 жёлтый;держим;ставка не тратится: показы есть, кликов нет;7.30;22.4;;0.0;0.00;0;0;0;0;0;0;0;3;0;0;
883077247;35503146;🟡 жёлтый;держим;ставка не тратится: показы есть, кликов нет;7.30;24.7;;0.0;0.00;0;0;0;0;0;0;0;1;0;0;
874744143;35505238;🟡 жёлтый;держим;ставка не тратится: показы есть, кликов нет;7.30;34.0;;9.0;0.00;0;0;0;0;0;0;0;5;0;0;
862444044;35509256;🟡 жёлтый;держим;ставка не тратится: показы есть, кликов нет;7.30;20.0;;0.0;0.00;0;0;0;0;0;0;0;2;0;0;
313194585;36459301;🟡 жёлтый;держим;ставка не тратится: показы есть, кликов нет;7.30;40.1;;15.1;0.00;0;0;0;0;0;0;0;3;0;0;
879731996;35504156;🟡 жёлтый;держим;ставка не тратится: показы есть, кликов нет;7.30;39.6;;14.6;0.00;0;0;0;0;0;0;0;5;0;0;
865037569;35508624;🟡 жёлтый;держим;ставка не тратится: показы есть, кликов нет;7.30;18.3;;0.0;0.00;0;0;0;0;0;0;0;6;0;0;
323115559;36459468;🟡 жёлтый;держим;ставка не тратится: показы есть, кликов нет;7.30;37.6;;12.6;0.00;0;0;0;0;0;0;0;1;0;0;
323314899;35503414;🟡 жёлтый;держим;ставка не тратится: показы есть, кликов нет;7.30;33.3;;8.3;0.00;0;0;0;0;0;0;0;1;0;0;
887049912;35501683;🟡 жёлтый;держим;ставка не тратится: показы есть, кликов нет;7.30;37.3;;12.3;0.00;0;0;0;0;0;0;0;3;0;0;
313190617;36463324;🟡 жёлтый;держим;ставка не тратится: показы есть, кликов нет;7.30;51.9;;26.9;0.00;0;0;0;0;0;0;0;1;0;2;
313195296;36459075;🟡 жёлтый;держим;ставка не тратится: показы есть, кликов нет;7.30;17.7;;0.0;0.00;0;0;0;0;0;0;0;4;0;0;
887220690;35500111;🟡 жёлтый;держим;ставка не тратится: показы есть, кликов нет;7.30;32.1;;7.1;0.00;0;0;0;0;0;0;0;6;0;0;
881094528;35503784;🟡 жёлтый;держим;ставка не тратится: показы есть, кликов нет;7.30;30.6;;5.6;0.00;0;0;0;0;0;0;0;1;0;0;
871155377;35507256;🟡 жёлтый;держим;ставка не тратится: показы есть, кликов нет;7.30;21.2;;0.0;0.00;0;0;0;0;0;0;0;1;0;0;
874773588;35505238;🟡 жёлтый;держим;ставка не тратится: показы есть, кликов нет;7.30;23.6;;0.0;0.00;0;0;0;0;0;0;0;3;0;0;
872311840;35506296;🟡 жёлтый;держим;ставка не тратится: показы есть, кликов нет;7.30;35.3;;10.3;0.00;0;0;0;0;0;0;0;3;0;0;
873342540;36458352;🟡 жёлтый;держим;ставка не тратится: показы есть, кликов нет;7.30;37.2;;12.2;0.00;0;0;0;0;0;0;0;3;0;0;
872328837;35506296;🟡 жёлтый;держим;ставка не тратится: показы есть, кликов нет;7.30;38.4;;13.4;0.00;0;0;0;0;0;0;0;1;0;0;
862404307;35509256;🟡 жёлтый;держим;ставка не тратится: показы есть, кликов нет;7.30;21.1;;0.0;0.00;0;0;0;0;0;0;0;1;0;0;
877928279;35504951;🟡 жёлтый;держим;ставка не тратится: показы есть, кликов нет;7.30;48.9;;23.9;0.00;0;0;0;0;0;0;0;3;0;0;
883489488;35502978;🟡 жёлтый;держим;ставка не тратится: показы есть, кликов нет;7.30;15.7;;0.0;0.00;0;0;0;0;0;0;0;3;0;0;
323206117;35495292;🟡 жёлтый;держим;ставка не тратится: показы есть, кликов нет;7.30;27.3;;2.3;0.00;0;0;0;0;0;0;1;17;0;4;
880354966;35503784;🟡 жёлтый;держим;ставка не тратится: показы есть, кликов нет;7.30;18.1;;0.0;0.00;0;0;0;0;0;0;0;5;0;0;
323109582;36459894;🟡 жёлтый;держим;ставка не тратится: показы есть, кликов нет;7.30;21.9;;0.0;0.00;0;0;0;0;0;0;0;6;0;0;
887096921;35501683;🟡 жёлтый;держим;ставка не тратится: показы есть, кликов нет;7.30;31.3;;6.3;0.00;0;0;0;0;0;0;0;1;0;0;
880612198;35500249;🟡 жёлтый;держим;ставка не тратится: показы есть, кликов нет;7.30;20.3;;0.0;0.00;0;0;0;0;0;0;0;1;0;0;
878655339;35504951;🟡 жёлтый;держим;ставка не тратится: показы есть, кликов нет;7.30;34.1;;9.1;0.00;0;0;0;0;0;0;0;3;0;0;
323132271;35514511;🟡 жёлтый;держим;ставка не тратится: показы есть, кликов нет;7.30;23.8;;0.0;0.00;0;0;0;0;0;0;0;1;0;0;
871718772;35507256;🟡 жёлтый;держим;ставка не тратится: показы есть, кликов нет;7.30;40.1;;15.1;0.00;0;0;0;0;0;0;0;4;0;0;
324994318;36463324;🟡 жёлтый;держим;ставка не тратится: показы есть, кликов нет;7.30;36.6;;11.6;0.00;0;0;0;0;0;0;0;3;0;0;
874781337;35505238;🟡 жёлтый;держим;ставка не тратится: показы есть, кликов нет;7.30;22.2;;0.0;0.00;0;0;0;0;0;0;0;13;0;0;
881932338;35503414;🟡 жёлтый;держим;ставка не тратится: показы есть, кликов нет;7.30;22.8;;0.0;0.00;0;0;0;0;0;0;0;9;0;0;
880288039;35504156;🟡 жёлтый;держим;ставка не тратится: показы есть, кликов нет;7.30;32.5;;7.5;0.00;0;0;0;0;0;0;0;1;0;0;
913005076;35498621;🟡 жёлтый;держим;ставка не тратится: показы есть, кликов нет;7.30;27.6;;2.6;0.00;0;0;0;0;0;0;0;6;0;0;
880280753;35504156;🟡 жёлтый;держим;ставка не тратится: показы есть, кликов нет;7.30;32.5;;7.5;0.00;0;0;0;0;0;0;0;1;0;0;
883478822;35502978;🟡 жёлтый;держим;ставка не тратится: показы есть, кликов нет;7.30;21.4;;0.0;0.00;0;0;0;0;0;0;0;2;0;0;
313189978;36458948;🟡 жёлтый;держим;ставка не тратится: показы есть, кликов нет;7.30;18.4;;0.0;0.00;0;0;0;0;0;0;0;3;0;0;
915941666;35498671;🟡 жёлтый;держим;ставка не тратится: показы есть, кликов нет;7.30;30.1;;5.1;0.00;0;0;0;0;0;0;0;9;0;0;
313193528;36459075;🟡 жёлтый;держим;ставка не тратится: показы есть, кликов нет;7.30;34.5;;9.5;0.00;0;0;0;0;0;0;0;1;0;0;
323140395;35514926;🟡 жёлтый;держим;ставка не тратится: показы есть, кликов нет;7.30;34.3;;9.3;0.00;0;0;0;0;0;0;0;1;0;0;
874912469;35505238;🟡 жёлтый;держим;ставка не тратится: показы есть, кликов нет;7.30;27.5;;2.5;0.00;0;0;0;0;0;0;0;9;0;0;
863226803;35508624;🟡 жёлтый;держим;ставка не тратится: показы есть, кликов нет;7.30;40.3;;15.3;0.00;0;0;0;0;0;0;0;4;0;0;
872366233;35506296;🟡 жёлтый;держим;ставка не тратится: показы есть, кликов нет;7.30;52.0;;27.0;0.00;0;0;0;0;0;0;0;12;0;0;
885152873;35502769;🟡 жёлтый;держим;ставка не тратится: показы есть, кликов нет;7.30;44.1;;19.1;0.00;0;0;0;0;0;0;0;1;0;0;
874392600;35505545;🟡 жёлтый;держим;ставка не тратится: показы есть, кликов нет;7.30;27.5;;2.5;0.00;0;0;0;0;0;0;0;6;0;0;
343239794;35512317;🟡 жёлтый;держим;ставка не тратится: показы есть, кликов нет;7.30;22.2;;0.0;0.00;0;0;0;0;0;0;0;3;0;0;
862497955;35500638;🟡 жёлтый;держим;ставка не тратится: показы есть, кликов нет;7.30;23.4;;0.0;0.00;0;0;0;0;0;0;0;1;0;0;
886386532;35501886;🟡 жёлтый;держим;ставка не тратится: показы есть, кликов нет;7.30;34.5;;9.5;0.00;0;0;0;0;0;0;0;2;0;0;
324980339;36459075;🟡 жёлтый;держим;ставка не тратится: показы есть, кликов нет;7.30;28.7;;3.7;0.00;0;0;0;0;0;0;0;1;0;0;
862561447;35508987;🟡 жёлтый;держим;ставка не тратится: показы есть, кликов нет;7.30;20.4;;0.0;0.00;0;0;0;0;0;0;0;2;0;0;
868983765;35507796;🟡 жёлтый;держим;ставка не тратится: показы есть, кликов нет;7.30;21.5;;0.0;0.00;0;0;0;0;0;0;0;5;0;0;
323302119;35515230;🟡 жёлтый;держим;ставка не тратится: показы есть, кликов нет;7.30;33.0;;8.0;0.00;0;0;0;0;0;0;0;1;0;0;
869272419;35507605;🟡 жёлтый;держим;ставка не тратится: показы есть, кликов нет;7.30;20.6;;0.0;0.00;0;0;0;0;0;0;0;45;0;0;
434805746;35512936;🟡 жёлтый;держим;ставка не тратится: показы есть, кликов нет;7.30;27.6;;2.6;0.00;0;0;0;0;0;0;0;23;0;2;
313189552;35499196;🟡 жёлтый;держим;ставка не тратится: показы есть, кликов нет;7.30;25.0;;0.0;0.00;0;0;0;0;0;0;0;12;0;0;
869358813;35507605;🟡 жёлтый;держим;ставка не тратится: показы есть, кликов нет;7.30;21.9;;0.0;0.00;0;0;0;0;0;0;0;3;0;0;
608495686;35510132;🟡 жёлтый;держим;ставка не тратится: показы есть, кликов нет;7.30;32.7;;7.7;0.00;0;0;0;0;0;0;0;2;0;0;
877229483;35504951;🟡 жёлтый;держим;в KPI, заказов нет — наблюдаем;7.30;38.0;;13.0;7.30;0;0;0;0;0;0;1;1;1;1;
886469437;35501886;🟡 жёлтый;держим;ставка не тратится: показы есть, кликов нет;7.30;19.5;;0.0;0.00;0;0;0;0;0;0;0;2;0;0;
912815441;35500111;🟡 жёлтый;держим;ставка не тратится: показы есть, кликов нет;7.30;36.0;;11.0;0.00;0;0;0;0;0;0;0;5;0;0;
323362415;35495292;🟡 жёлтый;держим;ставка не тратится: показы есть, кликов нет;7.30;21.1;;0.0;0.00;0;0;0;0;0;0;0;1;0;1;
871591456;35507256;🟡 жёлтый;держим;ставка не тратится: показы есть, кликов нет;7.30;21.8;;0.0;0.00;0;0;0;0;0;0;0;6;0;1;
883377772;35502978;🟡 жёлтый;держим;ставка не тратится: показы есть, кликов нет;7.30;18.9;;0.0;0.00;0;0;0;0;0;0;0;1;0;0;
872296596;35506296;🟡 жёлтый;держим;ставка не тратится: показы есть, кликов нет;7.30;38.9;;13.9;0.00;0;0;0;0;0;0;0;1;0;0;
872397186;35505900;🟡 жёлтый;держим;ставка не тратится: показы есть, кликов нет;7.30;40.0;;15.0;0.00;0;0;0;0;0;0;0;2;0;0;
871690340;35507256;🟡 жёлтый;держим;ставка не тратится: показы есть, кликов нет;7.30;40.1;;15.1;0.00;0;0;0;0;0;0;0;8;0;0;
882118207;35503414;🟡 жёлтый;держим;ставка не тратится: показы есть, кликов нет;7.30;40.0;;15.0;0.00;0;0;0;0;0;0;0;1;0;0;
323214820;35513180;🟡 жёлтый;держим;ставка не тратится: показы есть, кликов нет;7.30;36.9;;11.9;0.00;0;0;0;0;0;0;0;1;0;0;
872374473;35506296;🟡 жёлтый;держим;ставка не тратится: показы есть, кликов нет;7.30;27.3;;2.3;0.00;0;0;0;0;0;0;0;2;0;0;
323363928;35512317;🟡 жёлтый;держим;ставка не тратится: показы есть, кликов нет;7.30;29.2;;4.2;0.00;0;0;0;0;0;0;0;3;0;0;
323090331;35505545;🟡 жёлтый;держим;ставка не тратится: показы есть, кликов нет;7.30;23.7;;0.0;0.00;0;0;0;0;0;0;0;1;0;0;
881302967;35500638;🟡 жёлтый;держим;ставка не тратится: показы есть, кликов нет;7.30;16.5;;0.0;0.00;0;0;0;0;0;0;0;1;0;0;
873356212;36458352;🟡 жёлтый;держим;ставка не тратится: показы есть, кликов нет;7.30;25.6;;0.6;0.00;0;0;0;0;0;0;0;2;0;0;
323162179;36459894;🟡 жёлтый;держим;ставка не тратится: показы есть, кликов нет;7.30;23.9;;0.0;0.00;0;0;0;0;0;0;0;2;0;0;
323280944;35515230;🟡 жёлтый;держим;ставка не тратится: показы есть, кликов нет;7.30;19.8;;0.0;0.00;0;0;0;0;0;0;0;2;0;0;
884741325;35502769;🟡 жёлтый;держим;ставка не тратится: показы есть, кликов нет;7.30;33.5;;8.5;0.00;0;0;0;0;0;0;0;1;0;0;
879584433;35504537;🟡 жёлтый;держим;ставка не тратится: показы есть, кликов нет;7.30;29.3;;4.3;0.00;0;0;0;0;0;0;0;1;0;0;
323283401;35514511;🟡 жёлтый;держим;ставка не тратится: показы есть, кликов нет;7.30;21.8;;0.0;0.00;0;0;0;0;0;0;0;1;0;0;
872404327;35505900;🟡 жёлтый;держим;ставка не тратится: показы есть, кликов нет;7.30;40.0;;15.0;0.00;0;0;0;0;0;0;0;1;0;0;
323156979;36459075;🟡 жёлтый;держим;ставка не тратится: показы есть, кликов нет;7.30;49.8;;24.8;0.00;0;0;0;0;0;0;0;9;0;5;
877271672;35498621;🟡 жёлтый;держим;ставка не тратится: показы есть, кликов нет;7.30;40.5;;15.5;0.00;0;0;0;0;0;0;0;1;0;0;
501678025;35498926;🟡 жёлтый;держим;ставка не тратится: показы есть, кликов нет;7.30;24.3;;0.0;0.00;0;0;0;0;0;0;0;1;0;0;
884074997;35500638;🟡 жёлтый;держим;ставка не тратится: показы есть, кликов нет;7.30;30.5;;5.5;0.00;0;0;0;0;0;0;0;4;0;0;
884062687;35500638;🟡 жёлтый;держим;ставка не тратится: показы есть, кликов нет;7.30;30.5;;5.5;0.00;0;0;0;0;0;0;0;4;0;0;
883660129;35502978;🟡 жёлтый;держим;ставка не тратится: показы есть, кликов нет;7.30;28.4;;3.4;0.00;0;0;0;0;0;0;0;41;0;0;
323303593;35495292;🟡 жёлтый;держим;ставка не тратится: показы есть, кликов нет;7.30;35.2;;10.2;0.00;0;0;0;0;0;0;0;1;0;0;
916957370;35498621;🟡 жёлтый;держим;ставка не тратится: показы есть, кликов нет;7.30;16.1;;0.0;0.00;0;0;0;0;0;0;0;1;0;0;
435044795;35513180;🟡 жёлтый;держим;ставка не тратится: показы есть, кликов нет;7.30;26.9;;1.9;0.00;0;0;0;0;0;0;0;1;0;0;
865040335;35500249;🟡 жёлтый;держим;ставка не тратится: показы есть, кликов нет;7.30;19.0;;0.0;0.00;0;0;0;0;0;0;0;6;0;0;
323136758;35513872;🟡 жёлтый;держим;ставка не тратится: показы есть, кликов нет;7.30;16.9;;0.0;0.00;0;0;0;0;0;0;0;2;0;0;
323363399;35512317;🟡 жёлтый;держим;ставка не тратится: показы есть, кликов нет;7.30;23.6;;0.0;0.00;0;0;0;0;0;0;0;10;0;2;
862390943;35500249;🟡 жёлтый;держим;ставка не тратится: показы есть, кликов нет;7.30;28.4;;3.4;0.00;0;0;0;0;0;0;0;3;0;0;
323360341;35500111;🟡 жёлтый;держим;ставка не тратится: показы есть, кликов нет;7.30;25.5;;0.5;0.00;0;0;0;0;0;0;0;16;0;0;
865265605;35508404;🟡 жёлтый;держим;ставка не тратится: показы есть, кликов нет;7.30;28.3;;3.3;0.00;0;0;0;0;0;0;0;1;0;0;
877798516;35504951;🟡 жёлтый;держим;ставка не тратится: показы есть, кликов нет;7.30;27.0;;2.0;0.00;0;0;0;0;0;0;0;1;0;0;
880351323;35503784;🟡 жёлтый;держим;ставка не тратится: показы есть, кликов нет;7.30;23.2;;0.0;0.00;0;0;0;0;0;0;0;1;0;0;
880275585;35504156;🟡 жёлтый;держим;ставка не тратится: показы есть, кликов нет;7.30;36.8;;11.8;0.00;0;0;0;0;0;0;0;10;0;0;
599219338;35498839;🟡 жёлтый;держим;ставка не тратится: показы есть, кликов нет;7.30;27.1;;2.1;0.00;0;0;0;0;0;0;0;2;0;0;
323167933;35514926;🟡 жёлтый;держим;ставка не тратится: показы есть, кликов нет;7.30;30.8;;5.8;0.00;0;0;0;0;0;0;0;1;0;0;
871046096;35507605;🟡 жёлтый;держим;ставка не тратится: показы есть, кликов нет;7.30;22.3;;0.0;0.00;0;0;0;0;0;0;0;1;0;0;
923490821;35497916;🟡 жёлтый;держим;ставка не тратится: показы есть, кликов нет;7.30;24.6;;0.0;0.00;0;0;0;0;0;0;0;5;0;0;
938570360;36463324;🟡 жёлтый;держим;ставка не тратится: показы есть, кликов нет;7.30;36.4;;11.4;0.00;0;0;0;0;0;0;0;1;0;0;
877406477;35498621;🟡 жёлтый;держим;ставка не тратится: показы есть, кликов нет;7.30;40.5;;15.5;0.00;0;0;0;0;0;0;0;1;0;0;
861666685;36458352;🟡 жёлтый;держим;ставка не тратится: показы есть, кликов нет;7.30;23.8;;0.0;0.00;0;0;0;0;0;0;0;1;0;0;
881879521;35503414;🟡 жёлтый;держим;ставка не тратится: показы есть, кликов нет;7.30;21.6;;0.0;0.00;0;0;0;0;0;0;0;3;0;0;
882063479;35503414;🟡 жёлтый;держим;ставка не тратится: показы есть, кликов нет;7.30;31.9;;6.9;0.00;0;0;0;0;0;0;0;19;0;0;
497181629;35501509;🟡 жёлтый;держим;ставка не тратится: показы есть, кликов нет;7.30;33.0;;8.0;0.00;0;0;0;0;0;0;0;2;0;1;
909174671;35498839;🟡 жёлтый;держим;ставка не тратится: показы есть, кликов нет;7.30;20.1;;0.0;0.00;0;0;0;0;0;0;0;6;0;0;
862466204;35509256;🟡 жёлтый;держим;ставка не тратится: показы есть, кликов нет;7.30;24.0;;0.0;0.00;0;0;0;0;0;0;0;13;0;0;
323108031;36463324;🟡 жёлтый;держим;ставка не тратится: показы есть, кликов нет;7.30;35.3;;10.3;0.00;0;0;0;0;0;0;0;12;0;1;
872393746;35505900;🟡 жёлтый;держим;ставка не тратится: показы есть, кликов нет;7.30;40.0;;15.0;0.00;0;0;0;0;0;0;0;3;0;1;
861270962;35509256;🟡 жёлтый;держим;ставка не тратится: показы есть, кликов нет;7.30;18.4;;0.0;0.00;0;0;0;0;0;0;0;1;0;0;
877796854;35504951;🟡 жёлтый;держим;ставка не тратится: показы есть, кликов нет;7.30;20.3;;0.0;0.00;0;0;0;0;0;0;0;2;0;0;
883064918;35503146;🟡 жёлтый;держим;ставка не тратится: показы есть, кликов нет;7.30;47.7;;22.7;0.00;0;0;0;0;0;0;0;1;0;0;
432708960;35498926;🟡 жёлтый;держим;ставка не тратится: показы есть, кликов нет;7.30;23.8;;0.0;0.00;0;0;0;0;0;0;0;2;0;0;
323090257;36460596;🟡 жёлтый;держим;ставка не тратится: показы есть, кликов нет;7.30;36.6;;11.6;0.00;0;0;0;0;0;0;0;3;0;0;
882909227;35503146;🟡 жёлтый;держим;ставка не тратится: показы есть, кликов нет;7.30;25.6;;0.6;0.00;0;0;0;0;0;0;0;1;0;0;
323182125;36459301;🟡 жёлтый;держим;ставка не тратится: показы есть, кликов нет;7.30;28.7;;3.7;0.00;0;0;0;0;0;0;0;4;0;0;
874730018;35501028;🟡 жёлтый;держим;ставка не тратится: показы есть, кликов нет;7.30;26.5;;1.5;0.00;0;0;0;0;0;0;0;1;0;0;
982540742;36463324;🟡 жёлтый;держим;ставка не тратится: показы есть, кликов нет;7.30;32.2;;7.2;0.00;0;0;0;0;0;0;0;37;0;1;
883222339;35503146;🟡 жёлтый;держим;ставка не тратится: показы есть, кликов нет;7.30;15.3;;0.0;0.00;0;0;0;0;0;0;0;3;0;0;
871711580;35506296;🟡 жёлтый;держим;ставка не тратится: показы есть, кликов нет;7.30;40.1;;15.1;0.00;0;0;0;0;0;0;0;1;0;0;
323119420;36459894;🟡 жёлтый;держим;ставка не тратится: показы есть, кликов нет;7.30;34.2;;9.2;0.00;0;0;0;0;0;0;0;3;0;0;
873358367;36458352;🟡 жёлтый;держим;ставка не тратится: показы есть, кликов нет;7.30;25.6;;0.6;0.00;0;0;0;0;0;0;0;1;0;0;
865244201;35501262;🟡 жёлтый;держим;ставка не тратится: показы есть, кликов нет;7.30;17.9;;0.0;0.00;0;0;0;0;0;0;0;2;0;0;
873449009;35505545;🟡 жёлтый;держим;ставка не тратится: показы есть, кликов нет;7.30;39.9;;14.9;0.00;0;0;0;0;0;0;0;2;0;0;
863531103;35508624;🟡 жёлтый;держим;ставка не тратится: показы есть, кликов нет;7.30;23.8;;0.0;0.00;0;0;0;0;0;0;0;13;0;0;
323299309;35495292;🟡 жёлтый;держим;ставка не тратится: показы есть, кликов нет;7.30;41.5;;16.5;0.00;0;0;0;0;0;0;0;3;0;0;
323207055;35513180;🟡 жёлтый;держим;ставка не тратится: показы есть, кликов нет;7.30;17.1;;0.0;0.00;0;0;0;0;0;0;0;1;0;0;
859959623;35509529;🟡 жёлтый;держим;ставка не тратится: показы есть, кликов нет;7.30;19.9;;0.0;0.00;0;0;0;0;0;0;0;1;0;0;
323115367;35509833;🟡 жёлтый;держим;ставка не тратится: показы есть, кликов нет;7.30;39.6;;14.6;0.00;0;0;0;0;0;0;0;2;0;1;
887696413;35501509;🟡 жёлтый;держим;ставка не тратится: показы есть, кликов нет;7.30;48.3;;23.3;0.00;0;0;0;0;0;0;0;1;0;0;
867214131;35507796;🟡 жёлтый;держим;ставка не тратится: показы есть, кликов нет;7.30;17.5;;0.0;0.00;0;0;0;0;0;0;0;1;0;0;
323191208;35514511;🟡 жёлтый;держим;ставка не тратится: показы есть, кликов нет;7.30;22.5;;0.0;0.00;0;0;0;0;0;0;0;4;0;0;
1002551834;36462835;🟡 жёлтый;держим;ставка не тратится: показы есть, кликов нет;7.30;29.0;;4.0;0.00;0;0;0;0;0;0;0;1;0;0;
865173155;35508624;🟡 жёлтый;держим;ставка не тратится: показы есть, кликов нет;7.30;24.3;;0.0;0.00;0;0;0;0;0;0;0;1;0;0;
323109054;36460596;🟡 жёлтый;держим;ставка не тратится: показы есть, кликов нет;7.30;17.9;;0.0;0.00;0;0;0;0;0;0;0;2;0;1;
313189557;36460596;🟡 жёлтый;держим;ставка не тратится: показы есть, кликов нет;7.30;17.9;;0.0;0.00;0;0;0;0;0;0;0;1;0;0;
722471811;35500111;🟡 жёлтый;держим;ставка не тратится: показы есть, кликов нет;7.30;20.4;;0.0;0.00;0;0;0;0;0;0;0;18;0;0;
881125819;35503784;🟡 жёлтый;держим;ставка не тратится: показы есть, кликов нет;7.30;37.4;;12.4;0.00;0;0;0;0;0;0;0;1;0;0;
324986564;35495292;🟡 жёлтый;держим;ставка не тратится: показы есть, кликов нет;7.30;34.4;;9.4;0.00;0;0;0;0;0;0;0;1;0;0;
862488922;35509256;🟡 жёлтый;держим;ставка не тратится: показы есть, кликов нет;7.30;20.8;;0.0;0.00;0;0;0;0;0;0;0;1;0;0;
879577788;35504537;🟡 жёлтый;держим;ставка не тратится: показы есть, кликов нет;7.30;27.0;;2.0;0.00;0;0;0;0;0;0;0;1;0;0;
323132762;36459468;🟡 жёлтый;держим;ставка не тратится: показы есть, кликов нет;7.30;21.3;;0.0;0.00;0;0;0;0;0;0;0;6;0;1;
323159173;35509833;🟡 жёлтый;держим;ставка не тратится: показы есть, кликов нет;7.30;40.2;;15.2;0.00;0;0;0;0;0;0;0;29;0;0;
878602109;35504951;🟡 жёлтый;держим;ставка не тратится: показы есть, кликов нет;7.30;38.4;;13.4;0.00;0;0;0;0;0;0;0;2;0;0;
884099199;35501262;🟡 жёлтый;держим;ставка не тратится: показы есть, кликов нет;7.30;23.0;;0.0;0.00;0;0;0;0;0;0;0;1;0;0;
865380601;35508404;🟡 жёлтый;держим;ставка не тратится: показы есть, кликов нет;7.30;29.4;;4.4;0.00;0;0;0;0;0;0;0;2;0;0;
873450663;35505545;🟡 жёлтый;держим;ставка не тратится: показы есть, кликов нет;7.30;37.5;;12.5;0.00;0;0;0;0;0;0;0;1;0;1;
877823685;35504951;🟡 жёлтый;держим;ставка не тратится: показы есть, кликов нет;7.30;29.5;;4.5;0.00;0;0;0;0;0;0;0;3;0;0;
323259309;36460596;🟡 жёлтый;держим;ставка не тратится: показы есть, кликов нет;7.30;24.9;;0.0;0.00;0;0;0;0;0;0;0;1;0;0;
323297150;36459301;🟡 жёлтый;держим;ставка не тратится: показы есть, кликов нет;7.30;35.7;;10.7;0.00;0;0;0;0;0;0;0;4;0;0;
323181178;35508987;🟡 жёлтый;держим;ставка не тратится: показы есть, кликов нет;7.30;38.4;;13.4;0.00;0;0;0;0;0;0;0;9;0;0;
874830923;35503414;🟡 жёлтый;держим;ставка не тратится: показы есть, кликов нет;7.30;21.5;;0.0;0.00;0;0;0;0;0;0;0;1;0;0;
323240464;35495292;🟡 жёлтый;держим;ставка не тратится: показы есть, кликов нет;7.30;23.7;;0.0;0.00;0;0;0;0;0;0;0;1;0;0;
323113155;36459468;🟡 жёлтый;держим;ставка не тратится: показы есть, кликов нет;7.30;19.2;;0.0;0.00;0;0;0;0;0;1;0;3;0;2;
323146303;36459468;🟡 жёлтый;держим;ставка не тратится: показы есть, кликов нет;7.30;18.8;;0.0;0.00;0;0;0;0;0;0;0;1;0;0;
860418609;35505545;🟡 жёлтый;держим;ставка не тратится: показы есть, кликов нет;7.30;20.5;;0.0;0.00;0;0;0;0;0;0;0;1;0;0;
915933935;35498671;🟡 жёлтый;держим;ставка не тратится: показы есть, кликов нет;7.30;21.3;;0.0;0.00;0;0;0;0;0;0;0;1;0;0;
878634380;35504951;🟡 жёлтый;держим;ставка не тратится: показы есть, кликов нет;7.30;38.4;;13.4;0.00;0;0;0;0;0;0;0;1;0;0;
883430934;35502978;🟡 жёлтый;держим;ставка не тратится: показы есть, кликов нет;7.30;31.0;;6.0;0.00;0;0;0;0;0;0;0;2;0;0;
912737149;35500111;🟡 жёлтый;держим;ставка не тратится: показы есть, кликов нет;7.30;30.0;;5.0;0.00;0;0;0;0;0;0;0;2;0;0;
323344672;36458948;🟡 жёлтый;держим;ставка не тратится: показы есть, кликов нет;7.30;41.4;;16.4;0.00;0;0;0;0;0;0;0;1;0;1;
313196513;36459468;🟡 жёлтый;держим;ставка не тратится: показы есть, кликов нет;7.30;21.3;;0.0;0.00;0;0;0;0;0;0;0;1;0;0;
883210320;35503146;🟡 жёлтый;держим;ставка не тратится: показы есть, кликов нет;7.30;25.3;;0.3;0.00;0;0;0;0;0;0;0;5;0;0;
863395279;35508624;🟡 жёлтый;держим;ставка не тратится: показы есть, кликов нет;7.30;25.6;;0.6;0.00;0;0;0;0;0;0;0;3;0;0;
380690588;36463324;🟡 жёлтый;держим;ставка не тратится: показы есть, кликов нет;7.30;39.6;;14.6;0.00;0;0;0;0;0;0;0;1;0;0;
882823452;35503414;🟡 жёлтый;держим;ставка не тратится: показы есть, кликов нет;7.30;45.5;;20.5;0.00;0;0;0;0;0;0;0;17;0;0;
869366738;35507796;🟡 жёлтый;держим;ставка не тратится: показы есть, кликов нет;7.30;26.2;;1.2;0.00;0;0;0;0;0;0;0;2;0;0;
871637739;35507256;🟡 жёлтый;держим;ставка не тратится: показы есть, кликов нет;7.30;31.3;;6.3;0.00;0;0;0;0;0;0;0;8;0;0;
877246293;35498621;🟡 жёлтый;держим;ставка не тратится: показы есть, кликов нет;7.30;40.5;;15.5;0.00;0;0;0;0;0;0;0;1;0;0;
886676778;35501683;🟡 жёлтый;держим;ставка не тратится: показы есть, кликов нет;7.30;27.9;;2.9;0.00;0;0;0;0;0;0;0;1;0;0;
313214728;36459075;🟡 жёлтый;держим;ставка не тратится: показы есть, кликов нет;7.30;15.9;;0.0;0.00;0;0;0;0;0;0;0;1;0;0;
863316213;35508624;🟡 жёлтый;держим;ставка не тратится: показы есть, кликов нет;7.30;27.2;;2.2;0.00;0;0;0;0;0;0;0;2;0;0;
323362908;35512317;🟡 жёлтый;держим;ставка не тратится: показы есть, кликов нет;7.30;28.5;;3.5;0.00;0;0;0;0;0;0;0;1;0;0;
915964554;35498671;🟡 жёлтый;держим;ставка не тратится: показы есть, кликов нет;7.30;21.5;;0.0;0.00;0;0;0;0;0;0;0;7;0;0;
923491056;35497916;🟡 жёлтый;держим;ставка не тратится: показы есть, кликов нет;7.30;24.6;;0.0;0.00;0;0;0;0;0;0;0;4;0;0;
925787450;35497479;🟡 жёлтый;держим;ставка не тратится: показы есть, кликов нет;7.30;24.7;;0.0;0.00;0;0;0;0;0;0;0;10;0;0;
923605797;35497916;🟡 жёлтый;держим;ставка не тратится: показы есть, кликов нет;7.30;37.5;;12.5;0.00;0;0;0;0;0;0;0;9;0;0;
862490208;35508624;🟡 жёлтый;держим;ставка не тратится: показы есть, кликов нет;7.30;18.1;;0.0;0.00;0;0;0;0;0;0;0;2;0;0;
323266376;35588483;🟡 жёлтый;держим;ставка не тратится: показы есть, кликов нет;7.30;35.9;;10.9;0.00;0;0;0;0;0;0;0;2;0;0;
323155802;35508987;🟡 жёлтый;держим;ставка не тратится: показы есть, кликов нет;7.30;42.7;;17.7;0.00;0;0;0;0;0;0;0;22;0;0;
435041041;35512936;🟡 жёлтый;держим;ставка не тратится: показы есть, кликов нет;7.30;24.3;;0.0;0.00;0;0;0;0;0;0;0;4;0;1;
859104320;35509529;🟡 жёлтый;держим;ставка не тратится: показы есть, кликов нет;7.30;23.1;;0.0;0.00;0;0;0;0;0;0;0;1;0;0;
313191796;36459301;🟡 жёлтый;держим;ставка не тратится: показы есть, кликов нет;7.30;36.8;;11.8;0.00;0;0;0;0;0;0;0;3;0;0;
865251092;35508404;🟡 жёлтый;держим;ставка не тратится: показы есть, кликов нет;7.30;31.0;;6.0;0.00;0;0;0;0;0;0;0;2;0;0;
496895642;35509833;🟡 жёлтый;держим;ставка не тратится: показы есть, кликов нет;7.30;27.5;;2.5;0.00;0;0;0;0;0;0;0;9;0;0;
880601381;35500249;🟡 жёлтый;держим;ставка не тратится: показы есть, кликов нет;7.30;21.0;;0.0;0.00;0;0;0;0;0;0;0;1;0;0;
313183930;35513180;🟡 жёлтый;держим;ставка не тратится: показы есть, кликов нет;7.30;37.9;;12.9;0.00;0;0;0;0;0;0;0;5;0;0;
872373120;35506296;🟡 жёлтый;держим;ставка не тратится: показы есть, кликов нет;7.30;32.0;;7.0;0.00;0;0;0;0;0;0;0;10;0;0;
323222005;35500249;🟡 жёлтый;держим;ставка не тратится: показы есть, кликов нет;7.30;35.7;;10.7;0.00;0;0;0;0;0;0;0;1;0;0;
883195978;35503146;🟡 жёлтый;держим;ставка не тратится: показы есть, кликов нет;7.30;24.8;;0.0;0.00;0;0;0;0;0;0;0;3;0;0;
874724293;35505238;🟡 жёлтый;держим;ставка не тратится: показы есть, кликов нет;7.30;16.4;;0.0;0.00;0;0;0;0;0;0;0;1;0;0;
323173965;35514926;🟡 жёлтый;держим;ставка не тратится: показы есть, кликов нет;7.30;30.8;;5.8;0.00;0;0;0;0;0;0;0;1;0;0;
861668090;35500638;🟡 жёлтый;держим;ставка не тратится: показы есть, кликов нет;7.30;23.4;;0.0;0.00;0;0;0;0;0;0;0;5;0;0;
323280998;35514511;🟡 жёлтый;держим;ставка не тратится: показы есть, кликов нет;7.30;17.3;;0.0;0.00;0;0;0;0;0;0;0;1;0;0;
880607035;35500249;🟡 жёлтый;держим;ставка не тратится: показы есть, кликов нет;7.30;20.3;;0.0;0.00;0;0;0;0;0;0;0;2;0;0;
323151747;35515230;🟡 жёлтый;держим;ставка не тратится: показы есть, кликов нет;7.30;26.4;;1.4;0.00;0;0;0;0;0;0;0;1;0;0;
865493411;35508061;🟡 жёлтый;держим;ставка не тратится: показы есть, кликов нет;7.30;22.3;;0.0;0.00;0;0;0;0;0;0;0;3;0;0;
880355664;35503784;🟡 жёлтый;держим;ставка не тратится: показы есть, кликов нет;7.30;18.1;;0.0;0.00;0;0;0;0;0;0;0;5;0;0;
882870391;35503146;🟡 жёлтый;держим;ставка не тратится: показы есть, кликов нет;7.30;23.4;;0.0;0.00;0;0;0;0;0;0;0;2;0;0;
323115231;36459468;🟡 жёлтый;держим;ставка не тратится: показы есть, кликов нет;7.30;43.2;;18.2;0.00;0;0;0;0;0;0;0;1;0;0;
883619287;35502978;🟡 жёлтый;держим;ставка не тратится: показы есть, кликов нет;7.30;26.9;;1.9;0.00;0;0;0;0;0;0;0;4;0;0;
879727267;35504156;🟡 жёлтый;держим;ставка не тратится: показы есть, кликов нет;7.30;39.6;;14.6;0.00;0;0;0;0;0;0;0;6;0;0;
865705561;35508061;🟡 жёлтый;держим;ставка не тратится: показы есть, кликов нет;7.30;25.6;;0.6;0.00;0;0;0;0;0;0;0;2;0;0;
324989406;35500249;🟡 жёлтый;держим;ставка не тратится: показы есть, кликов нет;7.30;36.8;;11.8;0.00;0;0;0;0;0;0;0;1;0;0;
883219775;35503146;🟡 жёлтый;держим;ставка не тратится: показы есть, кликов нет;7.30;15.3;;0.0;0.00;0;0;0;0;0;0;0;4;0;0;
877264290;35498621;🟡 жёлтый;держим;ставка не тратится: показы есть, кликов нет;7.30;40.5;;15.5;0.00;0;0;0;0;0;0;0;1;0;0;
862575251;35509256;🟡 жёлтый;держим;ставка не тратится: показы есть, кликов нет;7.30;23.4;;0.0;0.00;0;0;0;0;0;0;0;1;0;0;
858254273;35501262;🟡 жёлтый;держим;ставка не тратится: показы есть, кликов нет;7.30;24.6;;0.0;0.00;0;0;0;0;0;0;0;4;0;0;
434804757;35512936;🟡 жёлтый;держим;ставка не тратится: показы есть, кликов нет;7.30;32.5;;7.5;0.00;0;0;0;0;0;0;0;1;0;0;
886619127;35501886;🟡 жёлтый;держим;ставка не тратится: показы есть, кликов нет;7.30;23.9;;0.0;0.00;0;0;0;0;0;0;0;1;0;0;
886494862;35501886;🟡 жёлтый;держим;ставка не тратится: показы есть, кликов нет;7.30;30.0;;5.0;0.00;0;0;0;0;0;0;0;6;0;0;
869136417;35507796;🟡 жёлтый;держим;ставка не тратится: показы есть, кликов нет;7.30;34.7;;9.7;0.00;0;0;0;0;0;0;0;3;0;0;
883197180;35503146;🟡 жёлтый;держим;ставка не тратится: показы есть, кликов нет;7.30;24.8;;0.0;0.00;0;0;0;0;0;0;0;1;0;0;
886624692;35501886;🟡 жёлтый;держим;ставка не тратится: показы есть, кликов нет;7.30;27.3;;2.3;0.00;0;0;0;0;0;0;0;3;0;0;
866661379;35508061;🟡 жёлтый;держим;ставка не тратится: показы есть, кликов нет;7.30;29.5;;4.5;0.00;0;0;0;0;0;0;0;9;0;0;
881021794;35503784;🟡 жёлтый;держим;ставка не тратится: показы есть, кликов нет;7.30;17.7;;0.0;0.00;0;0;0;0;0;0;0;1;0;0;
867108646;35501262;🟡 жёлтый;держим;ставка не тратится: показы есть, кликов нет;7.30;26.0;;1.0;0.00;0;0;0;0;0;0;0;1;0;0;
885450193;35497479;🟡 жёлтый;держим;ставка не тратится: показы есть, кликов нет;7.30;35.7;;10.7;0.00;0;0;0;0;0;0;0;9;0;0;
871157822;35507256;🟡 жёлтый;держим;ставка не тратится: показы есть, кликов нет;7.30;21.2;;0.0;0.00;0;0;0;0;0;0;0;1;0;0;
865167655;35508624;🟡 жёлтый;держим;ставка не тратится: показы есть, кликов нет;7.30;24.3;;0.0;0.00;0;0;0;0;0;0;0;2;0;0;
323137824;36458948;🟡 жёлтый;держим;ставка не тратится: показы есть, кликов нет;7.30;15.8;;0.0;0.00;0;0;0;0;0;0;0;1;0;0;
874752486;36463324;🟡 жёлтый;держим;ставка не тратится: показы есть, кликов нет;7.30;28.2;;3.2;0.00;0;0;0;0;0;0;0;9;0;0;
885237786;35502200;🟡 жёлтый;держим;ставка не тратится: показы есть, кликов нет;7.30;27.2;;2.2;0.00;0;0;0;0;0;0;0;2;0;0;
863541519;35508624;🟡 жёлтый;держим;ставка не тратится: показы есть, кликов нет;7.30;19.9;;0.0;0.00;0;0;0;0;0;0;0;3;0;0;
877429821;35504951;🟡 жёлтый;держим;ставка не тратится: показы есть, кликов нет;7.30;40.0;;15.0;0.00;0;0;0;0;0;0;0;2;0;0;
323155308;35495292;🟡 жёлтый;держим;ставка не тратится: показы есть, кликов нет;7.30;27.7;;2.7;0.00;0;0;0;0;0;0;0;70;0;0;
323189899;35514511;🟡 жёлтый;держим;ставка не тратится: показы есть, кликов нет;7.30;30.5;;5.5;0.00;0;0;0;0;0;0;0;7;0;0;
869198866;35507605;🟡 жёлтый;держим;ставка не тратится: показы есть, кликов нет;7.30;39.1;;14.1;0.00;0;0;0;0;0;0;0;1;0;0;
885398490;35502200;🟡 жёлтый;держим;ставка не тратится: показы есть, кликов нет;7.30;36.7;;11.7;0.00;0;0;0;0;0;0;0;3;0;0;
874903693;35505238;🟡 жёлтый;держим;ставка не тратится: показы есть, кликов нет;7.30;27.5;;2.5;0.00;0;0;0;0;0;0;0;17;0;2;
813048696;36460888;🟡 жёлтый;держим;ставка не тратится: показы есть, кликов нет;7.30;23.9;;0.0;0.00;0;0;0;0;0;0;0;3;0;0;
323189764;36459468;🟡 жёлтый;держим;ставка не тратится: показы есть, кликов нет;7.30;39.9;;14.9;0.00;0;0;0;0;0;0;0;1;0;0;
872331959;35506296;🟡 жёлтый;держим;ставка не тратится: показы есть, кликов нет;7.30;38.4;;13.4;0.00;0;0;0;0;0;0;0;4;0;0;
886521766;35501886;🟡 жёлтый;держим;ставка не тратится: показы есть, кликов нет;7.30;33.4;;8.4;0.00;0;0;0;0;0;0;0;1;0;0;
437416023;35509833;🟡 жёлтый;держим;ставка не тратится: показы есть, кликов нет;7.30;27.9;;2.9;0.00;0;0;0;0;0;0;0;65;0;0;
323348074;35513180;🟡 жёлтый;держим;ставка не тратится: показы есть, кликов нет;7.30;19.0;;0.0;0.00;0;0;0;0;0;0;0;1;0;0;
501461291;35510132;🟡 жёлтый;держим;ставка не тратится: показы есть, кликов нет;7.30;36.6;;11.6;0.00;0;0;0;0;0;0;0;1;0;0;
859113023;35509529;🟡 жёлтый;держим;ставка не тратится: показы есть, кликов нет;7.30;19.9;;0.0;0.00;0;0;0;0;0;0;0;1;0;0;
873348037;36458352;🟡 жёлтый;держим;ставка не тратится: показы есть, кликов нет;7.30;25.6;;0.6;0.00;0;0;0;0;0;0;0;8;0;0;
437416628;36460596;🟡 жёлтый;держим;ставка не тратится: показы есть, кликов нет;7.30;26.3;;1.3;0.00;0;0;0;0;0;0;0;1;0;0;
323214312;35513180;🟡 жёлтый;держим;ставка не тратится: показы есть, кликов нет;7.30;34.6;;9.6;0.00;0;0;0;0;0;0;0;1;0;0;
527661654;35510132;🟡 жёлтый;держим;ставка не тратится: показы есть, кликов нет;7.30;33.2;;8.2;0.00;0;0;0;0;0;0;0;1;0;0;
883621440;35502978;🟡 жёлтый;держим;ставка не тратится: показы есть, кликов нет;7.30;26.9;;1.9;0.00;0;0;0;0;0;0;0;3;0;0;
862381154;35500249;🟡 жёлтый;держим;ставка не тратится: показы есть, кликов нет;7.30;18.5;;0.0;0.00;0;0;0;0;0;0;0;1;0;0;
872327955;35506296;🟡 жёлтый;держим;ставка не тратится: показы есть, кликов нет;7.30;38.4;;13.4;0.00;0;0;0;0;0;0;0;1;0;0;
323318332;35495292;🟡 жёлтый;держим;ставка не тратится: показы есть, кликов нет;7.30;24.4;;0.0;0.00;0;0;0;0;0;0;0;1;0;0;
912741924;35498462;🟡 жёлтый;держим;ставка не тратится: показы есть, кликов нет;7.30;27.6;;2.6;0.00;0;0;0;0;0;0;0;4;0;0;
323214532;36463324;🟡 жёлтый;держим;ставка не тратится: показы есть, кликов нет;7.30;23.1;;0.0;0.00;0;0;0;0;0;0;0;22;0;3;
880635282;35503784;🟡 жёлтый;держим;ставка не тратится: показы есть, кликов нет;7.30;31.2;;6.2;0.00;0;0;0;0;0;0;0;6;0;0;
313190970;36459301;🟡 жёлтый;держим;ставка не тратится: показы есть, кликов нет;7.30;36.0;;11.0;0.00;0;0;0;0;0;0;0;7;0;0;
323138439;35509833;🟡 жёлтый;держим;ставка не тратится: показы есть, кликов нет;7.30;32.1;;7.1;0.00;0;0;0;0;0;0;0;2;0;0;
380727303;36463324;🟡 жёлтый;держим;ставка не тратится: показы есть, кликов нет;7.30;37.7;;12.7;0.00;0;0;0;0;0;0;0;7;0;0;
883438124;35502978;🟡 жёлтый;держим;ставка не тратится: показы есть, кликов нет;7.30;31.0;;6.0;0.00;0;0;0;0;0;0;0;2;0;0;
859921333;35509529;🟡 жёлтый;держим;ставка не тратится: показы есть, кликов нет;7.30;21.3;;0.0;0.00;0;0;0;0;0;0;0;1;0;0;
862430447;35509256;🟡 жёлтый;держим;ставка не тратится: показы есть, кликов нет;7.30;22.8;;0.0;0.00;0;0;0;0;0;0;0;1;0;0;
923581150;35497681;🟡 жёлтый;держим;ставка не тратится: показы есть, кликов нет;7.30;36.6;;11.6;0.00;0;0;0;0;0;0;0;6;0;0;
879732835;35504156;🟡 жёлтый;держим;ставка не тратится: показы есть, кликов нет;7.30;39.6;;14.6;0.00;0;0;0;0;0;0;0;6;0;0;
862451554;35509256;🟡 жёлтый;держим;ставка не тратится: показы есть, кликов нет;7.30;23.6;;0.0;0.00;0;0;0;0;0;0;0;1;0;0;
324993072;35512642;🟡 жёлтый;держим;ставка не тратится: показы есть, кликов нет;7.30;39.3;;14.3;0.00;0;0;0;0;0;0;0;11;0;0;
323290272;36459301;🟡 жёлтый;держим;ставка не тратится: показы есть, кликов нет;7.30;16.4;;0.0;0.00;0;0;0;0;0;0;0;4;0;0;
868995489;35507796;🟡 жёлтый;держим;ставка не тратится: показы есть, кликов нет;7.30;29.8;;4.8;0.00;0;0;0;0;0;0;0;17;0;0;
324982778;35514926;🟡 жёлтый;держим;ставка не тратится: показы есть, кликов нет;7.30;17.6;;0.0;0.00;0;0;0;0;0;0;0;15;0;1;
883095488;35503146;🟡 жёлтый;держим;ставка не тратится: показы есть, кликов нет;7.30;22.5;;0.0;0.00;0;0;0;0;0;0;0;1;0;0;
313193671;36459468;🟡 жёлтый;держим;ставка не тратится: показы есть, кликов нет;7.30;39.6;;14.6;0.00;0;0;0;0;0;0;0;6;0;0;
923516369;35497681;🟡 жёлтый;держим;ставка не тратится: показы есть, кликов нет;7.30;34.9;;9.9;0.00;0;0;0;0;0;0;0;1;0;0;
323154709;35508987;🟡 жёлтый;держим;ставка не тратится: показы есть, кликов нет;7.30;35.2;;10.2;0.00;0;0;0;0;0;0;0;20;0;0;
881368442;35503414;🟡 жёлтый;держим;ставка не тратится: показы есть, кликов нет;7.30;23.4;;0.0;0.00;0;0;0;0;0;0;0;2;0;0;
871638931;35507256;🟡 жёлтый;держим;ставка не тратится: показы есть, кликов нет;7.30;19.9;;0.0;0.00;0;0;0;0;0;0;0;1;0;0;
859937200;35509529;🟡 жёлтый;держим;ставка не тратится: показы есть, кликов нет;7.30;21.3;;0.0;0.00;0;0;0;0;0;0;0;1;0;0;
869106683;35507796;🟡 жёлтый;держим;ставка не тратится: показы есть, кликов нет;7.30;41.9;;16.9;0.00;0;0;0;0;0;0;0;4;0;0;
323128241;35514511;🟡 жёлтый;держим;ставка не тратится: показы есть, кликов нет;7.30;21.9;;0.0;0.00;0;0;0;0;0;0;0;2;0;0;
323110763;36459894;🟡 жёлтый;держим;ставка не тратится: показы есть, кликов нет;7.30;36.6;;11.6;0.00;0;0;0;0;0;0;0;3;0;0;
868473186;35507796;🟡 жёлтый;держим;ставка не тратится: показы есть, кликов нет;7.30;35.9;;10.9;0.00;0;0;0;0;0;0;0;1;0;0;
883421743;35502978;🟡 жёлтый;держим;ставка не тратится: показы есть, кликов нет;7.30;34.0;;9.0;0.00;0;0;0;0;0;0;0;8;0;0;
323330269;35512936;🟡 жёлтый;держим;ставка не тратится: показы есть, кликов нет;7.30;26.3;;1.3;0.00;0;0;0;0;0;0;0;5;0;0;
323132523;36459075;🟡 жёлтый;держим;ставка не тратится: показы есть, кликов нет;7.30;19.9;;0.0;0.00;0;0;0;0;0;0;0;1;0;0;
858915535;35509833;🟡 жёлтый;держим;ставка не тратится: показы есть, кликов нет;7.30;27.6;;2.6;0.00;0;0;0;0;0;0;0;1;0;0;
807376775;35513491;🟡 жёлтый;держим;ставка не тратится: показы есть, кликов нет;7.30;35.2;;10.2;0.00;0;0;0;0;0;0;0;1;0;0;
879568770;35504537;🟡 жёлтый;держим;ставка не тратится: показы есть, кликов нет;7.30;39.6;;14.6;0.00;0;0;0;0;0;0;0;1;0;0;
859716249;35509529;🟡 жёлтый;держим;ставка не тратится: показы есть, кликов нет;7.30;20.0;;0.0;0.00;0;0;0;0;0;0;0;2;0;0;
883642047;35502978;🟡 жёлтый;держим;ставка не тратится: показы есть, кликов нет;7.30;26.9;;1.9;0.00;0;0;0;0;0;0;0;3;0;0;
882831851;35503414;🟡 жёлтый;держим;ставка не тратится: показы есть, кликов нет;7.30;35.8;;10.8;0.00;0;0;0;0;0;0;0;1;0;0;
878644927;35504951;🟡 жёлтый;держим;ставка не тратится: показы есть, кликов нет;7.30;34.1;;9.1;0.00;0;0;0;0;0;0;0;3;0;0;
878905556;35504537;🟡 жёлтый;держим;ставка не тратится: показы есть, кликов нет;7.30;20.9;;0.0;0.00;0;0;0;0;0;0;0;2;0;0;
860466576;35501028;🟡 жёлтый;держим;ставка не тратится: показы есть, кликов нет;7.30;33.8;;8.8;0.00;0;0;0;0;0;0;0;1;0;0;
913005637;35498621;🟡 жёлтый;держим;ставка не тратится: показы есть, кликов нет;7.30;27.6;;2.6;0.00;0;0;0;0;0;0;0;2;0;0;
355715345;35508987;🟡 жёлтый;держим;ставка не тратится: показы есть, кликов нет;7.30;42.7;;17.7;0.00;0;0;0;0;0;0;0;3;0;1;
885235232;35502200;🟡 жёлтый;держим;ставка не тратится: показы есть, кликов нет;7.30;27.2;;2.2;0.00;0;0;0;0;0;0;0;1;0;0;
881405520;35503414;🟡 жёлтый;держим;ставка не тратится: показы есть, кликов нет;7.30;22.2;;0.0;0.00;0;0;0;0;0;0;0;1;0;0;
323232298;35515230;🟡 жёлтый;держим;ставка не тратится: показы есть, кликов нет;7.30;34.2;;9.2;0.00;0;0;0;0;0;0;0;1;0;0;
863269192;35508624;🟡 жёлтый;держим;ставка не тратится: показы есть, кликов нет;7.30;28.3;;3.3;0.00;0;0;0;0;0;0;0;2;0;0;
887255546;35500638;🟡 жёлтый;держим;ставка не тратится: показы есть, кликов нет;7.30;24.1;;0.0;0.00;0;0;0;0;0;0;0;7;0;0;
323286551;35514511;🟡 жёлтый;держим;ставка не тратится: показы есть, кликов нет;7.30;19.1;;0.0;0.00;0;0;0;0;0;0;0;2;0;0;
915911033;35498671;🟡 жёлтый;держим;ставка не тратится: показы есть, кликов нет;7.30;36.3;;11.3;0.00;0;0;0;0;0;0;0;1;0;0;
313193665;35514220;🟡 жёлтый;держим;ставка не тратится: показы есть, кликов нет;7.30;52.1;;27.1;0.00;0;0;0;0;0;0;0;1;0;1;
868898513;35501262;🟡 жёлтый;держим;ставка не тратится: показы есть, кликов нет;7.30;28.9;;3.9;0.00;0;0;0;0;0;0;0;2;0;0;
860015328;35509529;🟡 жёлтый;держим;ставка не тратится: показы есть, кликов нет;7.30;30.1;;5.1;0.00;0;0;0;0;0;0;0;3;0;0;
323193732;36459894;🟡 жёлтый;держим;ставка не тратится: показы есть, кликов нет;7.30;24.9;;0.0;0.00;0;0;0;0;0;0;0;1;0;0;
862544287;35508987;🟡 жёлтый;держим;ставка не тратится: показы есть, кликов нет;7.30;17.9;;0.0;0.00;0;0;0;0;0;0;0;1;0;0;
923592282;35497681;🟡 жёлтый;держим;ставка не тратится: показы есть, кликов нет;7.30;46.3;;21.3;0.00;0;0;0;0;0;0;0;2;0;0;
323225508;35514220;🟡 жёлтый;держим;ставка не тратится: показы есть, кликов нет;7.30;26.8;;1.8;0.00;0;0;0;0;0;0;0;2;0;0;
400980149;35508987;🟡 жёлтый;держим;ставка не тратится: показы есть, кликов нет;7.30;39.1;;14.1;0.00;0;0;0;0;0;0;0;3;0;0;
313191658;35513180;🟡 жёлтый;держим;ставка не тратится: показы есть, кликов нет;7.30;52.6;;27.6;0.00;0;0;0;0;0;0;0;3;0;1;
887700426;35501509;🟡 жёлтый;держим;ставка не тратится: показы есть, кликов нет;7.30;27.0;;2.0;0.00;0;0;0;0;0;0;0;11;0;0;
869369991;35507605;🟡 жёлтый;держим;ставка не тратится: показы есть, кликов нет;7.30;28.4;;3.4;0.00;0;0;0;0;0;0;0;5;0;0;
874777200;35505238;🟡 жёлтый;держим;ставка не тратится: показы есть, кликов нет;7.30;17.8;;0.0;0.00;0;0;0;0;0;0;0;3;0;0;
881030938;35501028;🟡 жёлтый;держим;ставка не тратится: показы есть, кликов нет;7.30;23.1;;0.0;0.00;0;0;0;0;0;0;0;1;0;0;
323109755;36459894;🟡 жёлтый;держим;ставка не тратится: показы есть, кликов нет;7.30;36.6;;11.6;0.00;0;0;0;0;0;0;0;3;0;0;
323265116;35512642;🟡 жёлтый;держим;ставка не тратится: показы есть, кликов нет;7.30;33.3;;8.3;0.00;0;0;0;0;0;0;0;2;0;0;
885152449;35502200;🟡 жёлтый;держим;ставка не тратится: показы есть, кликов нет;7.30;44.1;;19.1;0.00;0;0;0;0;0;0;0;1;0;0;
880173406;35504156;🟡 жёлтый;держим;ставка не тратится: показы есть, кликов нет;7.30;30.9;;5.9;0.00;0;0;0;0;0;0;0;7;0;0;
912819371;35500111;🟡 жёлтый;держим;ставка не тратится: показы есть, кликов нет;7.30;35.2;;10.2;0.00;0;0;0;0;0;0;0;1;0;0;
324989832;35508987;🟡 жёлтый;держим;ставка не тратится: показы есть, кликов нет;7.30;33.1;;8.1;0.00;0;0;0;0;0;0;0;7;0;0;
323108860;36460596;🟡 жёлтый;держим;ставка не тратится: показы есть, кликов нет;7.30;25.3;;0.3;0.00;0;0;0;0;0;0;0;19;0;0;
1002672336;36462835;🟡 жёлтый;держим;ставка не тратится: показы есть, кликов нет;7.30;21.1;;0.0;0.00;0;0;0;0;0;0;2;4;0;3;
323140494;35514926;🟡 жёлтый;держим;ставка не тратится: показы есть, кликов нет;7.30;36.8;;11.8;0.00;0;0;0;0;0;0;0;1;0;0;
313197569;35495292;🟡 жёлтый;держим;ставка не тратится: показы есть, кликов нет;7.30;43.9;;18.9;0.00;0;0;0;0;0;0;1;18;0;1;
872438458;35505900;🟡 жёлтый;держим;ставка не тратится: показы есть, кликов нет;7.30;34.9;;9.9;0.00;0;0;0;0;0;0;0;2;0;0;
313196002;35514220;🟡 жёлтый;держим;ставка не тратится: показы есть, кликов нет;7.30;21.9;;0.0;0.00;0;0;0;0;0;0;0;1;0;1;
313184483;36462624;🟡 жёлтый;держим;ставка не тратится: показы есть, кликов нет;7.30;16.3;;0.0;0.00;0;0;0;0;0;0;0;24;0;1;
867210383;35507796;🟡 жёлтый;держим;ставка не тратится: показы есть, кликов нет;7.30;29.5;;4.5;0.00;0;0;0;0;0;0;0;7;0;1;
862412126;35509256;🟡 жёлтый;держим;ставка не тратится: показы есть, кликов нет;7.30;24.9;;0.0;0.00;0;0;0;0;0;0;0;1;0;0;
313195846;36459075;🟡 жёлтый;держим;ставка не тратится: показы есть, кликов нет;7.30;21.8;;0.0;0.00;0;0;0;0;0;0;0;1;0;2;
871753954;35506296;🟡 жёлтый;держим;ставка не тратится: показы есть, кликов нет;7.30;34.6;;9.6;0.00;0;0;0;0;0;0;0;2;0;0;
324987617;35513872;🟡 жёлтый;держим;ставка не тратится: показы есть, кликов нет;7.30;36.8;;11.8;0.00;0;0;0;0;0;0;0;2;0;0;
878016703;35504951;🟡 жёлтый;держим;ставка не тратится: показы есть, кликов нет;7.30;39.5;;14.5;0.00;0;0;0;0;0;0;0;3;0;0;
885303666;35502200;🟡 жёлтый;держим;ставка не тратится: показы есть, кликов нет;7.30;29.0;;4.0;0.00;0;0;0;0;0;0;0;4;0;0;
435041102;35512936;🟡 жёлтый;держим;ставка не тратится: показы есть, кликов нет;7.30;15.5;;0.0;0.00;0;0;0;0;0;0;0;13;0;0;
862433842;35509256;🟡 жёлтый;держим;ставка не тратится: показы есть, кликов нет;7.30;19.3;;0.0;0.00;0;0;0;0;0;0;0;2;0;0;
490582265;35505900;🟡 жёлтый;держим;ставка не тратится: показы есть, кликов нет;7.30;37.4;;12.4;0.00;0;0;0;0;0;0;0;1;0;0;
882122190;35503414;🟡 жёлтый;держим;ставка не тратится: показы есть, кликов нет;7.30;40.0;;15.0;0.00;0;0;0;0;0;0;0;3;0;0;
323167442;36459468;🟡 жёлтый;держим;ставка не тратится: показы есть, кликов нет;7.30;39.9;;14.9;0.00;0;0;0;0;0;0;0;2;0;0;
497150824;35498926;🟡 жёлтый;держим;ставка не тратится: показы есть, кликов нет;7.30;51.5;;26.5;0.00;0;0;0;0;0;0;0;1;0;5;
871610118;35507256;🟡 жёлтый;держим;ставка не тратится: показы есть, кликов нет;7.30;27.7;;2.7;0.00;0;0;0;0;0;0;0;3;0;0;
323161174;36459894;🟡 жёлтый;держим;ставка не тратится: показы есть, кликов нет;7.30;21.3;;0.0;0.00;0;0;0;0;0;0;0;1;0;0;
886535322;35501886;🟡 жёлтый;держим;ставка не тратится: показы есть, кликов нет;7.30;26.2;;1.2;0.00;0;0;0;0;0;0;0;31;0;0;
912946841;35499491;🟡 жёлтый;держим;ставка не тратится: показы есть, кликов нет;7.30;25.8;;0.8;0.00;0;0;0;0;0;0;0;1;0;0;
434720117;35495292;🟡 жёлтый;держим;ставка не тратится: показы есть, кликов нет;7.30;25.9;;0.9;0.00;0;0;0;0;0;0;0;2;0;0;
874409396;35505545;🟡 жёлтый;держим;ставка не тратится: показы есть, кликов нет;7.30;18.2;;0.0;0.00;0;0;0;0;0;0;0;3;0;0;
923460390;35497916;🟡 жёлтый;держим;ставка не тратится: показы есть, кликов нет;7.30;42.7;;17.7;0.00;0;0;0;0;0;0;0;2;0;0;
323224919;35513491;🟡 жёлтый;держим;ставка не тратится: показы есть, кликов нет;7.30;22.9;;0.0;0.00;0;0;0;0;0;0;0;1;0;0;
313185022;35513180;🟡 жёлтый;держим;ставка не тратится: показы есть, кликов нет;7.30;27.8;;2.8;0.00;0;0;0;0;0;0;0;12;0;0;
1003328186;36462624;🟡 жёлтый;держим;ставка не тратится: показы есть, кликов нет;7.30;25.3;;0.3;0.00;0;0;0;0;0;0;0;1;0;0;
380926126;35511919;🟡 жёлтый;держим;ставка не тратится: показы есть, кликов нет;7.30;38.9;;13.9;0.00;0;0;0;0;0;0;0;5;0;0;
877803331;35504951;🟡 жёлтый;держим;ставка не тратится: показы есть, кликов нет;7.30;22.7;;0.0;0.00;0;0;0;0;0;0;0;5;0;0;
912819554;35500111;🟡 жёлтый;держим;ставка не тратится: показы есть, кликов нет;7.30;34.2;;9.2;0.00;0;0;0;0;0;0;0;1;0;0;
313193746;36459075;🟡 жёлтый;держим;ставка не тратится: показы есть, кликов нет;7.30;35.8;;10.8;0.00;0;0;0;0;0;1;0;4;0;1;
880466317;35500638;🟡 жёлтый;держим;ставка не тратится: показы есть, кликов нет;7.30;23.4;;0.0;0.00;0;0;0;0;0;0;0;1;0;0;
887695109;35501509;🟡 жёлтый;держим;ставка не тратится: показы есть, кликов нет;7.30;23.6;;0.0;0.00;0;0;0;0;0;0;0;5;0;0;
872397760;35505900;🟡 жёлтый;держим;ставка не тратится: показы есть, кликов нет;7.30;40.0;;15.0;0.00;0;0;0;0;0;0;0;2;0;0;
885163099;35502200;🟡 жёлтый;держим;ставка не тратится: показы есть, кликов нет;7.30;16.3;;0.0;0.00;0;0;0;0;0;0;0;1;0;0;
381019474;35501509;🟡 жёлтый;держим;ставка не тратится: показы есть, кликов нет;7.30;30.6;;5.6;0.00;0;0;0;0;0;0;1;7;0;3;
313191697;35512317;🟡 жёлтый;держим;ставка не тратится: показы есть, кликов нет;7.30;21.1;;0.0;0.00;0;0;0;0;0;0;0;2;0;0;
323339830;35512317;🟡 жёлтый;держим;ставка не тратится: показы есть, кликов нет;7.30;19.4;;0.0;0.00;0;0;0;0;0;0;0;1;0;0;
883570624;35502978;🟡 жёлтый;держим;ставка не тратится: показы есть, кликов нет;7.30;26.9;;1.9;0.00;0;0;0;0;0;0;0;2;0;0;
480016394;35495292;🟡 жёлтый;держим;ставка не тратится: показы есть, кликов нет;7.30;26.0;;1.0;0.00;0;0;0;0;0;0;0;2;0;0;
858714107;35509833;🟡 жёлтый;держим;ставка не тратится: показы есть, кликов нет;7.30;27.6;;2.6;0.00;0;0;0;0;0;0;0;1;0;1;
323201051;35513180;🟡 жёлтый;держим;ставка не тратится: показы есть, кликов нет;7.30;33.7;;8.7;0.00;0;0;0;0;0;0;0;1;0;0;
323112913;36459468;🟡 жёлтый;держим;ставка не тратится: показы есть, кликов нет;7.30;19.2;;0.0;0.00;0;0;0;0;0;0;0;1;0;0;
313214928;35513872;🟡 жёлтый;держим;ставка не тратится: показы есть, кликов нет;7.30;20.0;;0.0;0.00;0;0;0;0;0;0;0;1;0;0;
874388959;35505545;🟡 жёлтый;держим;ставка не тратится: показы есть, кликов нет;7.30;18.6;;0.0;0.00;0;0;0;0;0;0;0;1;0;0;
323115164;36459468;🟡 жёлтый;держим;ставка не тратится: показы есть, кликов нет;7.30;36.5;;11.5;0.00;0;0;0;0;0;0;0;11;0;2;
324990194;35509833;🟡 жёлтый;держим;ставка не тратится: показы есть, кликов нет;7.30;18.9;;0.0;0.00;0;0;0;0;0;0;0;1;0;0;
313183411;35514220;🟡 жёлтый;держим;ставка не тратится: показы есть, кликов нет;7.30;34.6;;9.6;0.00;0;0;0;0;0;0;0;4;0;0;
323254127;35588483;🟡 жёлтый;держим;ставка не тратится: показы есть, кликов нет;7.30;35.4;;10.4;0.00;0;0;0;0;0;0;0;5;0;0;
865026463;35508624;🟡 жёлтый;держим;ставка не тратится: показы есть, кликов нет;7.30;22.6;;0.0;0.00;0;0;0;0;0;0;0;3;0;0;
882060526;35503414;🟡 жёлтый;держим;ставка не тратится: показы есть, кликов нет;7.30;31.9;;6.9;0.00;0;0;0;0;0;0;0;6;0;0;
858957315;35498621;🟡 жёлтый;держим;в KPI, заказов нет — наблюдаем;7.30;26.8;;1.8;7.30;0;0;0;0;0;0;1;58;1;6;
883501261;35502978;🟡 жёлтый;держим;ставка не тратится: показы есть, кликов нет;7.30;15.7;;0.0;0.00;0;0;0;0;0;0;0;1;0;0;
435046979;35495292;🟡 жёлтый;держим;ставка не тратится: показы есть, кликов нет;7.30;24.6;;0.0;0.00;0;0;0;0;0;0;0;8;0;0;
859063767;35509833;🟡 жёлтый;держим;ставка не тратится: показы есть, кликов нет;7.30;27.6;;2.6;0.00;0;0;0;0;0;0;0;1;0;0;
882839392;35501262;🟡 жёлтый;держим;ставка не тратится: показы есть, кликов нет;7.30;25.8;;0.8;0.00;0;0;0;0;0;0;0;1;0;0;
883461100;35502978;🟡 жёлтый;держим;ставка не тратится: показы есть, кликов нет;7.30;16.1;;0.0;0.00;0;0;0;0;0;0;0;1;0;0;
878933273;35500638;🟡 жёлтый;держим;ставка не тратится: показы есть, кликов нет;7.30;24.9;;0.0;0.00;0;0;0;0;0;0;0;1;0;0;
878590689;35504951;🟡 жёлтый;держим;ставка не тратится: показы есть, кликов нет;7.30;25.6;;0.6;0.00;0;0;0;0;0;0;0;1;0;0;
313183822;36460596;🟡 жёлтый;держим;ставка не тратится: показы есть, кликов нет;7.30;16.6;;0.0;0.00;0;0;0;0;0;1;0;3;0;1;
880213945;35504156;🟡 жёлтый;держим;ставка не тратится: показы есть, кликов нет;7.30;39.7;;14.7;0.00;0;0;0;0;0;0;0;5;0;0;
923513964;35497916;🟡 жёлтый;держим;ставка не тратится: показы есть, кликов нет;7.30;34.9;;9.9;0.00;0;0;0;0;0;0;0;3;0;0;
323303423;36459301;🟡 жёлтый;держим;ставка не тратится: показы есть, кликов нет;7.30;36.3;;11.3;0.00;0;0;0;0;0;0;0;1;0;2;
370068000;36463324;🟡 жёлтый;держим;ставка не тратится: показы есть, кликов нет;7.30;34.1;;9.1;0.00;0;0;0;0;0;1;0;6;0;0;
871032340;35507605;🟡 жёлтый;держим;ставка не тратится: показы есть, кликов нет;7.30;21.0;;0.0;0.00;0;0;0;0;0;0;0;7;0;0;
435043265;35512936;🟡 жёлтый;держим;ставка не тратится: показы есть, кликов нет;7.30;36.0;;11.0;0.00;0;0;0;0;0;0;0;2;0;0;
882824464;35503414;🟡 жёлтый;держим;ставка не тратится: показы есть, кликов нет;7.30;41.3;;16.3;0.00;0;0;0;0;0;0;0;1;0;0;
324980140;36459075;🟡 жёлтый;держим;ставка не тратится: показы есть, кликов нет;7.30;34.5;;9.5;0.00;0;0;0;0;0;0;1;5;0;1;
323108267;36460596;🟡 жёлтый;держим;ставка не тратится: показы есть, кликов нет;7.30;31.6;;6.6;0.00;0;0;0;0;0;0;0;1;0;0;
883597811;35502978;🟡 жёлтый;держим;ставка не тратится: показы есть, кликов нет;7.30;26.9;;1.9;0.00;0;0;0;0;0;0;0;3;0;0;
324994085;35500111;🟡 жёлтый;держим;ставка не тратится: показы есть, кликов нет;7.30;40.4;;15.4;0.00;0;0;0;0;0;0;0;1;0;0;
878609498;35504951;🟡 жёлтый;держим;ставка не тратится: показы есть, кликов нет;7.30;38.4;;13.4;0.00;0;0;0;0;0;0;0;2;0;0;
865116476;35500638;🟡 жёлтый;держим;ставка не тратится: показы есть, кликов нет;7.30;25.4;;0.4;0.00;0;0;0;0;0;0;0;3;0;0;
313188497;35513180;🟡 жёлтый;держим;ставка не тратится: показы есть, кликов нет;7.30;22.0;;0.0;0.00;0;0;0;0;0;0;0;10;0;0;
380712741;35509833;🟡 жёлтый;держим;ставка не тратится: показы есть, кликов нет;7.30;43.5;;18.5;0.00;0;0;0;0;0;0;0;2;0;1;
886665535;35501886;🟡 жёлтый;держим;ставка не тратится: показы есть, кликов нет;7.30;29.6;;4.6;0.00;0;0;0;0;0;0;0;2;0;0;
869007927;35507796;🟡 жёлтый;держим;ставка не тратится: показы есть, кликов нет;7.30;21.6;;0.0;0.00;0;0;0;0;0;0;0;4;0;0;
865250373;35508404;🟡 жёлтый;держим;ставка не тратится: показы есть, кликов нет;7.30;31.0;;6.0;0.00;0;0;0;0;0;0;0;2;0;0;
882053518;35503414;🟡 жёлтый;держим;ставка не тратится: показы есть, кликов нет;7.30;39.5;;14.5;0.00;0;0;0;0;0;0;0;8;0;1;
324987397;35501262;🟡 жёлтый;держим;ставка не тратится: показы есть, кликов нет;7.30;16.9;;0.0;0.00;0;0;0;0;0;0;0;18;0;3;
323113377;36459468;🟡 жёлтый;держим;ставка не тратится: показы есть, кликов нет;7.30;23.7;;0.0;0.00;0;0;0;0;0;0;0;1;0;1;
323143864;35514926;🟡 жёлтый;держим;ставка не тратится: показы есть, кликов нет;7.30;17.5;;0.0;0.00;0;0;0;0;0;0;0;2;0;0;
873457240;35505545;🟡 жёлтый;держим;ставка не тратится: показы есть, кликов нет;7.30;32.5;;7.5;0.00;0;0;0;0;0;0;0;10;0;0;
886411422;35501886;🟡 жёлтый;держим;ставка не тратится: показы есть, кликов нет;7.30;29.2;;4.2;0.00;0;0;0;0;0;0;0;1;0;0;
869224740;35505900;🟡 жёлтый;держим;ставка не тратится: показы есть, кликов нет;7.30;17.8;;0.0;0.00;0;0;0;0;0;0;0;1;0;0;
923518212;35497681;🟡 жёлтый;держим;ставка не тратится: показы есть, кликов нет;7.30;34.9;;9.9;0.00;0;0;0;0;0;0;0;5;0;0;
599129088;35498839;🟡 жёлтый;держим;ставка не тратится: показы есть, кликов нет;7.30;24.6;;0.0;0.00;0;0;0;0;0;0;0;2;0;0;
871648869;35507256;🟡 жёлтый;держим;ставка не тратится: показы есть, кликов нет;7.30;31.2;;6.2;0.00;0;0;0;0;0;0;0;1;0;0;
883202139;35503146;🟡 жёлтый;держим;ставка не тратится: показы есть, кликов нет;7.30;24.8;;0.0;0.00;0;0;0;0;0;0;0;28;0;0;
434799839;35512936;🟡 жёлтый;держим;ставка не тратится: показы есть, кликов нет;7.30;24.2;;0.0;0.00;0;0;0;0;0;0;0;1;0;0;
323218185;36459301;🟡 жёлтый;держим;ставка не тратится: показы есть, кликов нет;7.30;39.8;;14.8;0.00;0;0;0;0;0;0;0;3;0;0;
871126290;35507256;🟡 жёлтый;держим;ставка не тратится: показы есть, кликов нет;7.30;24.2;;0.0;0.00;0;0;0;0;0;0;0;2;0;0;
913008548;35498462;🟡 жёлтый;держим;ставка не тратится: показы есть, кликов нет;7.30;27.6;;2.6;0.00;0;0;0;0;0;0;0;17;0;0;
323214753;35513180;🟡 жёлтый;держим;ставка не тратится: показы есть, кликов нет;7.30;36.9;;11.9;0.00;0;0;0;0;0;0;0;1;0;0;
867144304;35508061;🟡 жёлтый;держим;ставка не тратится: показы есть, кликов нет;7.30;25.9;;0.9;0.00;0;0;0;0;0;0;0;1;0;0;
871611313;35507256;🟡 жёлтый;держим;ставка не тратится: показы есть, кликов нет;7.30;27.7;;2.7;0.00;0;0;0;0;0;0;0;3;0;0;
882838791;35503146;🟡 жёлтый;держим;ставка не тратится: показы есть, кликов нет;7.30;21.6;;0.0;0.00;0;0;0;0;0;0;0;3;0;0;
912947689;35499491;🟡 жёлтый;держим;ставка не тратится: показы есть, кликов нет;7.30;25.8;;0.8;0.00;0;0;0;0;0;0;0;1;0;0;
323162130;36459894;🟡 жёлтый;держим;ставка не тратится: показы есть, кликов нет;7.30;23.9;;0.0;0.00;0;0;0;0;0;0;0;1;0;0;
887067699;35501683;🟡 жёлтый;держим;ставка не тратится: показы есть, кликов нет;7.30;23.4;;0.0;0.00;0;0;0;0;0;0;0;1;0;0;
923536983;35497681;🟡 жёлтый;держим;ставка не тратится: показы есть, кликов нет;7.30;39.2;;14.2;0.00;0;0;0;0;0;0;0;7;0;0;
869173030;35507605;🟡 жёлтый;держим;ставка не тратится: показы есть, кликов нет;7.30;24.5;;0.0;0.00;0;0;0;0;0;0;0;1;0;1;
485561665;35495292;🟡 жёлтый;держим;ставка не тратится: показы есть, кликов нет;7.30;33.2;;8.2;0.00;0;0;0;0;0;0;0;2;0;0;
887095644;35501683;🟡 жёлтый;держим;ставка не тратится: показы есть, кликов нет;7.30;31.3;;6.3;0.00;0;0;0;0;0;0;0;1;0;0;
865034701;35508624;🟡 жёлтый;держим;ставка не тратится: показы есть, кликов нет;7.30;17.8;;0.0;0.00;0;0;0;0;0;0;0;8;0;0;
878754794;35504537;🟡 жёлтый;держим;ставка не тратится: показы есть, кликов нет;7.30;33.7;;8.7;0.00;0;0;0;0;0;0;0;2;0;0;
867138517;35508061;🟡 жёлтый;держим;ставка не тратится: показы есть, кликов нет;7.30;25.9;;0.9;0.00;0;0;0;0;0;0;0;1;0;0;
862431024;35508987;🟡 жёлтый;держим;ставка не тратится: показы есть, кликов нет;7.30;22.8;;0.0;0.00;0;0;0;0;0;0;0;1;0;0;
878010652;35504951;🟡 жёлтый;держим;ставка не тратится: показы есть, кликов нет;7.30;39.5;;14.5;0.00;0;0;0;0;0;0;0;3;0;0;
885242390;35502200;🟡 жёлтый;держим;ставка не тратится: показы есть, кликов нет;7.30;36.1;;11.1;0.00;0;0;0;0;0;0;0;1;0;0;
880371542;35503784;🟡 жёлтый;держим;ставка не тратится: показы есть, кликов нет;7.30;16.4;;0.0;0.00;0;0;0;0;0;0;0;1;0;0;
923641046;35497681;🟡 жёлтый;держим;ставка не тратится: показы есть, кликов нет;7.30;44.7;;19.7;0.00;0;0;0;0;0;0;0;4;0;0;
323270423;36458352;🟡 жёлтый;держим;ставка не тратится: показы есть, кликов нет;7.30;33.2;;8.2;0.00;0;0;0;0;0;0;0;8;0;0;
874735384;35505545;🟡 жёлтый;держим;ставка не тратится: показы есть, кликов нет;7.30;17.1;;0.0;0.00;0;0;0;0;0;0;0;3;0;0;
323356844;35514511;🟡 жёлтый;держим;ставка не тратится: показы есть, кликов нет;7.30;20.4;;0.0;0.00;0;0;0;0;0;0;0;1;0;0;
913003852;35498621;🟡 жёлтый;держим;ставка не тратится: показы есть, кликов нет;7.30;27.6;;2.6;0.00;0;0;0;0;0;0;0;23;0;0;
912881960;35499393;🟡 жёлтый;держим;ставка не тратится: показы есть, кликов нет;7.30;29.2;;4.2;0.00;0;0;0;0;0;0;0;1;0;0;
912929134;35499393;🟡 жёлтый;держим;ставка не тратится: показы есть, кликов нет;7.30;27.1;;2.1;0.00;0;0;0;0;0;0;0;1;0;0;
324980100;36459301;🟡 жёлтый;держим;ставка не тратится: показы есть, кликов нет;7.30;25.6;;0.6;0.00;0;0;0;0;0;0;0;5;0;0;
865373663;35508404;🟡 жёлтый;держим;ставка не тратится: показы есть, кликов нет;7.30;35.6;;10.6;0.00;0;0;0;0;0;0;0;13;0;0;
323133557;36458352;🟡 жёлтый;держим;ставка не тратится: показы есть, кликов нет;7.30;17.2;;0.0;0.00;0;0;0;0;0;0;0;1;0;0;
865394789;35508404;🟡 жёлтый;держим;ставка не тратится: показы есть, кликов нет;7.30;28.9;;3.9;0.00;0;0;0;0;0;0;0;3;0;0;
313216464;35513872;🟡 жёлтый;держим;ставка не тратится: показы есть, кликов нет;7.30;25.8;;0.8;0.00;0;0;0;0;0;0;0;73;0;0;
883079967;35503146;🟡 жёлтый;держим;ставка не тратится: показы есть, кликов нет;7.30;24.7;;0.0;0.00;0;0;0;0;0;0;0;3;0;0;
324994656;35512317;🟡 жёлтый;держим;ставка не тратится: показы есть, кликов нет;7.30;23.6;;0.0;0.00;0;0;0;0;0;0;0;2;0;1;
871738338;35507256;🟡 жёлтый;держим;ставка не тратится: показы есть, кликов нет;7.30;37.0;;12.0;0.00;0;0;0;0;0;0;0;8;0;0;
913090129;35499491;🟡 жёлтый;держим;ставка не тратится: показы есть, кликов нет;7.30;24.8;;0.0;0.00;0;0;0;0;0;0;0;3;0;0;
486173017;35512936;🟡 жёлтый;держим;ставка не тратится: показы есть, кликов нет;7.30;35.8;;10.8;0.00;0;0;0;0;0;0;0;1;0;0;
865204621;35500638;🟡 жёлтый;держим;ставка не тратится: показы есть, кликов нет;7.30;29.6;;4.6;0.00;0;0;0;0;0;0;0;1;0;0;
883374644;35502978;🟡 жёлтый;держим;ставка не тратится: показы есть, кликов нет;7.30;15.8;;0.0;0.00;0;0;0;0;0;0;0;1;0;0;
871098920;35507256;🟡 жёлтый;держим;ставка не тратится: показы есть, кликов нет;7.30;24.2;;0.0;0.00;0;0;0;0;0;0;0;1;0;0;
923580283;35497681;🟡 жёлтый;держим;ставка не тратится: показы есть, кликов нет;7.30;36.6;;11.6;0.00;0;0;0;0;0;0;0;5;0;0;
871092086;35507256;🟡 жёлтый;держим;ставка не тратится: показы есть, кликов нет;7.30;24.2;;0.0;0.00;0;0;0;0;0;0;0;2;0;0;
865611688;35508061;🟡 жёлтый;держим;ставка не тратится: показы есть, кликов нет;7.30;32.5;;7.5;0.00;0;0;0;0;0;0;0;1;0;0;
862406920;35509256;🟡 жёлтый;держим;ставка не тратится: показы есть, кликов нет;7.30;24.9;;0.0;0.00;0;0;0;0;0;0;0;1;0;0;
876063034;35505238;🟡 жёлтый;держим;ставка не тратится: показы есть, кликов нет;7.30;29.4;;4.4;0.00;0;0;0;0;0;0;0;22;0;1;
873456439;35505545;🟡 жёлтый;держим;ставка не тратится: показы есть, кликов нет;7.30;16.1;;0.0;0.00;0;0;0;0;0;0;0;15;0;0;
862501625;35509256;🟡 жёлтый;держим;ставка не тратится: показы есть, кликов нет;7.30;36.0;;11.0;0.00;0;0;0;0;0;0;0;1;0;0;
886562873;35497916;🟡 жёлтый;держим;ставка не тратится: показы есть, кликов нет;7.30;37.4;;12.4;0.00;0;0;0;0;0;0;0;3;0;0;
883086389;35501028;🟡 жёлтый;держим;ставка не тратится: показы есть, кликов нет;7.30;24.1;;0.0;0.00;0;0;0;0;0;0;0;3;0;0;
434796618;35512936;🟡 жёлтый;держим;ставка не тратится: показы есть, кликов нет;7.30;36.9;;11.9;0.00;0;0;0;0;0;0;0;3;0;0;
873350037;36458352;🟡 жёлтый;держим;ставка не тратится: показы есть, кликов нет;7.30;25.6;;0.6;0.00;0;0;0;0;0;0;0;1;0;0;
323175616;36459468;🟡 жёлтый;держим;ставка не тратится: показы есть, кликов нет;7.30;35.8;;10.8;0.00;0;0;0;0;0;0;0;1;0;0;
876149109;35505238;🟡 жёлтый;держим;ставка не тратится: показы есть, кликов нет;7.30;36.8;;11.8;0.00;0;0;0;0;0;0;0;3;0;0;
874809643;35505238;🟡 жёлтый;держим;ставка не тратится: показы есть, кликов нет;7.30;30.1;;5.1;0.00;0;0;0;0;0;0;0;1;0;0;
884739990;35502769;🟡 жёлтый;держим;ставка не тратится: показы есть, кликов нет;7.30;33.5;;8.5;0.00;0;0;0;0;0;0;0;1;0;0;
923489205;35497916;🟡 жёлтый;держим;ставка не тратится: показы есть, кликов нет;7.30;25.9;;0.9;0.00;0;0;0;0;0;0;0;8;0;0;
323145768;36458948;🟡 жёлтый;держим;ставка не тратится: показы есть, кликов нет;7.30;35.9;;10.9;0.00;0;0;0;0;0;0;0;1;0;0;
324980091;36459301;🟡 жёлтый;держим;ставка не тратится: показы есть, кликов нет;7.30;35.8;;10.8;0.00;0;0;0;0;0;0;0;4;0;0;
323122473;36459075;🟡 жёлтый;держим;ставка не тратится: показы есть, кликов нет;7.30;35.1;;10.1;0.00;0;0;0;0;0;0;0;3;0;1;
878618687;35504951;🟡 жёлтый;держим;ставка не тратится: показы есть, кликов нет;7.30;38.4;;13.4;0.00;0;0;0;0;0;0;0;1;0;0;
323195395;35513180;🟡 жёлтый;держим;ставка не тратится: показы есть, кликов нет;7.30;25.0;;0.0;0.00;0;0;0;0;0;0;0;1;0;0;
324995585;35511919;🟡 жёлтый;держим;ставка не тратится: показы есть, кликов нет;7.30;31.6;;6.6;0.00;0;0;0;0;0;0;0;35;0;0;
880218344;35504156;🟡 жёлтый;держим;ставка не тратится: показы есть, кликов нет;7.30;24.8;;0.0;0.00;0;0;0;0;0;0;0;2;0;0;
913006685;35498621;🟡 жёлтый;держим;ставка не тратится: показы есть, кликов нет;7.30;27.6;;2.6;0.00;0;0;0;0;0;0;0;18;0;0;
323182246;36459075;🟡 жёлтый;держим;ставка не тратится: показы есть, кликов нет;7.30;34.5;;9.5;0.00;0;0;0;0;0;0;0;4;0;0;
865354554;35508404;🟡 жёлтый;держим;ставка не тратится: показы есть, кликов нет;7.30;35.9;;10.9;0.00;0;0;0;0;0;0;0;1;0;0;
313184831;36459075;🟡 жёлтый;держим;ставка не тратится: показы есть, кликов нет;7.30;39.3;;14.3;0.00;0;0;0;0;0;0;0;2;0;0;
863198602;35500249;🟡 жёлтый;держим;ставка не тратится: показы есть, кликов нет;7.30;20.6;;0.0;0.00;0;0;0;0;0;0;0;6;0;0;
876146559;35505238;🟡 жёлтый;держим;ставка не тратится: показы есть, кликов нет;7.30;36.8;;11.8;0.00;0;0;0;0;0;0;0;3;0;0;
883086904;35497479;🟡 жёлтый;держим;ставка не тратится: показы есть, кликов нет;7.30;25.7;;0.7;0.00;0;0;0;0;0;0;0;3;0;1;
861264895;35509256;🟡 жёлтый;держим;ставка не тратится: показы есть, кликов нет;7.30;15.0;;0.0;0.00;0;0;0;0;0;0;0;4;0;0;
323297350;35514220;🟡 жёлтый;держим;ставка не тратится: показы есть, кликов нет;7.30;36.6;;11.6;0.00;0;0;0;0;0;0;0;2;0;1;
884709892;35502769;🟡 жёлтый;держим;ставка не тратится: показы есть, кликов нет;7.30;33.5;;8.5;0.00;0;0;0;0;0;0;0;1;0;0;
872411724;35505900;🟡 жёлтый;держим;ставка не тратится: показы есть, кликов нет;7.30;40.0;;15.0;0.00;0;0;0;0;0;0;0;2;0;0;
912740405;35500111;🟡 жёлтый;держим;ставка не тратится: показы есть, кликов нет;7.30;40.9;;15.9;0.00;0;0;0;0;0;0;0;4;0;0;
915925258;35498671;🟡 жёлтый;держим;ставка не тратится: показы есть, кликов нет;7.30;22.1;;0.0;0.00;0;0;0;0;0;0;0;9;0;3;
881412669;35503414;🟡 жёлтый;держим;ставка не тратится: показы есть, кликов нет;7.30;22.2;;0.0;0.00;0;0;0;0;0;0;0;1;0;0;
882012777;35503414;🟡 жёлтый;держим;ставка не тратится: показы есть, кликов нет;7.30;48.3;;23.3;0.00;0;0;0;0;0;0;0;2;0;0;
872369639;35506296;🟡 жёлтый;держим;ставка не тратится: показы есть, кликов нет;7.30;29.4;;4.4;0.00;0;0;0;0;0;0;0;8;0;1;
324989351;36458352;🟡 жёлтый;держим;ставка не тратится: показы есть, кликов нет;7.30;15.5;;0.0;0.00;0;0;0;0;0;0;0;1;0;0;
862570630;35508987;🟡 жёлтый;держим;ставка не тратится: показы есть, кликов нет;7.30;18.6;;0.0;0.00;0;0;0;0;0;0;0;7;0;0;
912745348;35500111;🟡 жёлтый;держим;ставка не тратится: показы есть, кликов нет;7.30;27.8;;2.8;0.00;0;0;0;0;0;0;0;4;0;0;
874814104;35505238;🟡 жёлтый;держим;ставка не тратится: показы есть, кликов нет;7.30;17.7;;0.0;0.00;0;0;0;0;0;0;0;8;0;0;
871102444;35507256;🟡 жёлтый;держим;ставка не тратится: показы есть, кликов нет;7.30;24.2;;0.0;0.00;0;0;0;0;0;0;0;1;0;0;
887251131;35501509;🟡 жёлтый;держим;ставка не тратится: показы есть, кликов нет;7.30;42.0;;17.0;0.00;0;0;0;0;0;0;0;6;0;0;
882839170;35501262;🟡 жёлтый;держим;ставка не тратится: показы есть, кликов нет;7.30;25.8;;0.8;0.00;0;0;0;0;0;0;0;1;0;0;
884141419;35502769;🟡 жёлтый;держим;ставка не тратится: показы есть, кликов нет;7.30;23.3;;0.0;0.00;0;0;0;0;0;0;0;1;0;0;
871668350;35507256;🟡 жёлтый;держим;ставка не тратится: показы есть, кликов нет;7.30;18.9;;0.0;0.00;0;0;0;0;0;0;0;1;0;0;
872430929;36458352;🟡 жёлтый;держим;ставка не тратится: показы есть, кликов нет;7.30;40.0;;15.0;0.00;0;0;0;0;0;0;0;3;0;1;
872370072;35506296;🟡 жёлтый;держим;ставка не тратится: показы есть, кликов нет;7.30;32.0;;7.0;0.00;0;0;0;0;0;0;0;1;0;0;
885116213;35502769;🟡 жёлтый;держим;ставка не тратится: показы есть, кликов нет;7.30;22.9;;0.0;0.00;0;0;0;0;0;0;0;1;0;0;
323206825;35514220;🟡 жёлтый;держим;ставка не тратится: показы есть, кликов нет;7.30;44.6;;19.6;0.00;0;0;0;0;0;0;0;1;0;0;
860437060;35501028;🟡 жёлтый;держим;ставка не тратится: показы есть, кликов нет;7.30;33.8;;8.8;0.00;0;0;0;0;0;0;0;1;0;0;
323210231;35514220;🟡 жёлтый;держим;ставка не тратится: показы есть, кликов нет;7.30;38.1;;13.1;0.00;0;0;0;0;0;0;0;1;0;1;
313194064;36459468;🟡 жёлтый;держим;ставка не тратится: показы есть, кликов нет;7.30;15.6;;0.0;0.00;0;0;0;0;0;0;0;3;0;0;
390789805;35495292;🟡 жёлтый;держим;ставка не тратится: показы есть, кликов нет;7.30;21.5;;0.0;0.00;0;0;0;0;0;0;0;3;0;2;
872327228;35506296;🟡 жёлтый;держим;ставка не тратится: показы есть, кликов нет;7.30;38.4;;13.4;0.00;0;0;0;0;0;0;0;3;0;0;
865206449;35508404;🟡 жёлтый;держим;ставка не тратится: показы есть, кликов нет;7.30;33.2;;8.2;0.00;0;0;0;0;0;0;0;1;0;0;
323168214;35508987;🟡 жёлтый;держим;ставка не тратится: показы есть, кликов нет;7.30;39.9;;14.9;0.00;0;0;0;0;0;0;0;9;0;0;
324986666;35514220;🟡 жёлтый;держим;ставка не тратится: показы есть, кликов нет;7.30;18.8;;0.0;0.00;0;0;0;0;0;0;0;2;0;0;
865042858;35500249;🟡 жёлтый;держим;ставка не тратится: показы есть, кликов нет;7.30;19.7;;0.0;0.00;0;0;0;0;0;0;0;10;0;0;
923582808;35497681;🟡 жёлтый;держим;ставка не тратится: показы есть, кликов нет;7.30;36.6;;11.6;0.00;0;0;0;0;0;0;0;9;0;0;
323222958;36459468;🟡 жёлтый;держим;ставка не тратится: показы есть, кликов нет;7.30;36.1;;11.1;0.00;0;0;0;0;0;0;0;3;0;0;
912928449;35499491;🟡 жёлтый;держим;ставка не тратится: показы есть, кликов нет;7.30;27.1;;2.1;0.00;0;0;0;0;0;0;0;17;0;0;
324994570;35512317;🟡 жёлтый;держим;ставка не тратится: показы есть, кликов нет;7.30;26.2;;1.2;0.00;0;0;0;0;0;0;0;9;0;0;
871099774;35507256;🟡 жёлтый;держим;ставка не тратится: показы есть, кликов нет;7.30;24.2;;0.0;0.00;0;0;0;0;0;0;0;2;0;0;
880263482;35504156;🟡 жёлтый;держим;ставка не тратится: показы есть, кликов нет;7.30;24.0;;0.0;0.00;0;0;0;0;0;0;0;3;0;0;
869289680;35507605;🟡 жёлтый;держим;ставка не тратится: показы есть, кликов нет;7.30;24.2;;0.0;0.00;0;0;0;0;0;0;0;1;0;0;
323152020;36459468;🟡 жёлтый;держим;ставка не тратится: показы есть, кликов нет;7.30;39.5;;14.5;0.00;0;0;0;0;0;0;0;5;0;0;
873341178;36458352;🟡 жёлтый;держим;ставка не тратится: показы есть, кликов нет;7.30;37.2;;12.2;0.00;0;0;0;0;0;0;0;3;0;0;
313195448;35513180;🟡 жёлтый;держим;ставка не тратится: показы есть, кликов нет;7.30;35.5;;10.5;0.00;0;0;0;0;0;0;0;2;0;0;
323246159;35588483;🟡 жёлтый;держим;ставка не тратится: показы есть, кликов нет;7.30;34.6;;9.6;0.00;0;0;0;0;0;0;0;2;0;0;
882838948;35501262;🟡 жёлтый;держим;ставка не тратится: показы есть, кликов нет;7.30;23.8;;0.0;0.00;0;0;0;0;0;0;0;1;0;0;
496139482;36463324;🟡 жёлтый;держим;ставка не тратится: показы есть, кликов нет;7.30;30.9;;5.9;0.00;0;0;0;0;0;0;0;8;0;1;
873360389;35505545;🟡 жёлтый;держим;ставка не тратится: показы есть, кликов нет;7.30;25.6;;0.6;0.00;0;0;0;0;0;0;0;1;0;0;
882119653;35503414;🟡 жёлтый;держим;ставка не тратится: показы есть, кликов нет;7.30;40.0;;15.0;0.00;0;0;0;0;0;0;0;1;0;0;
872299446;35506296;🟡 жёлтый;держим;ставка не тратится: показы есть, кликов нет;7.30;38.9;;13.9;0.00;0;0;0;0;0;0;0;2;0;0;
870454682;35500638;🟡 жёлтый;держим;ставка не тратится: показы есть, кликов нет;7.30;20.2;;0.0;0.00;0;0;0;0;0;0;0;2;0;0;
437416203;35514511;🟡 жёлтый;держим;ставка не тратится: показы есть, кликов нет;7.30;29.6;;4.6;0.00;0;0;0;0;0;0;0;5;0;0;
872424548;35505900;🟡 жёлтый;держим;ставка не тратится: показы есть, кликов нет;7.30;40.0;;15.0;0.00;0;0;0;0;0;0;0;1;0;0;
886480755;35501886;🟡 жёлтый;держим;ставка не тратится: показы есть, кликов нет;7.30;23.7;;0.0;0.00;0;0;0;0;0;0;0;3;0;0;
883499395;35502978;🟡 жёлтый;держим;ставка не тратится: показы есть, кликов нет;7.30;15.7;;0.0;0.00;0;0;0;0;0;0;0;2;0;0;
923514122;35497916;🟡 жёлтый;держим;ставка не тратится: показы есть, кликов нет;7.30;34.9;;9.9;0.00;0;0;0;0;0;0;0;4;0;0;
871752922;35506296;🟡 жёлтый;держим;ставка не тратится: показы есть, кликов нет;7.30;34.6;;9.6;0.00;0;0;0;0;0;0;0;2;0;0;
869367592;35507605;🟡 жёлтый;держим;ставка не тратится: показы есть, кликов нет;7.30;28.4;;3.4;0.00;0;0;0;0;0;0;0;6;0;0;
874854514;35505238;🟡 жёлтый;держим;ставка не тратится: показы есть, кликов нет;7.30;19.8;;0.0;0.00;0;0;0;0;0;0;0;1;0;0;
323140804;35512642;🟡 жёлтый;держим;ставка не тратится: показы есть, кликов нет;7.30;28.9;;3.9;0.00;0;0;0;0;0;0;0;2;0;0;
313183891;36459301;🟡 жёлтый;держим;ставка не тратится: показы есть, кликов нет;7.30;31.6;;6.6;0.00;0;0;0;0;0;0;0;7;0;0;
887410929;35501509;🟡 жёлтый;держим;ставка не тратится: показы есть, кликов нет;7.30;39.3;;14.3;0.00;0;0;0;0;0;0;0;1;0;0;
859939510;35509529;🟡 жёлтый;держим;ставка не тратится: показы есть, кликов нет;7.30;21.3;;0.0;0.00;0;0;0;0;0;0;0;1;0;0;
865417792;35508404;🟡 жёлтый;держим;ставка не тратится: показы есть, кликов нет;7.30;31.2;;6.2;0.00;0;0;0;0;0;0;0;3;0;0;
871743327;35506296;🟡 жёлтый;держим;ставка не тратится: показы есть, кликов нет;7.30;39.6;;14.6;0.00;0;0;0;0;0;0;0;11;0;0;
884056911;35500638;🟡 жёлтый;держим;ставка не тратится: показы есть, кликов нет;7.30;30.5;;5.5;0.00;0;0;0;0;0;0;0;7;0;0;
323089946;35512317;🟡 жёлтый;держим;ставка не тратится: показы есть, кликов нет;7.30;36.7;;11.7;0.00;0;0;0;0;0;0;0;7;0;0;
874378927;35505545;🟡 жёлтый;держим;ставка не тратится: показы есть, кликов нет;7.30;17.6;;0.0;0.00;0;0;0;0;0;0;0;3;0;0;
886339863;36458352;🟡 жёлтый;держим;ставка не тратится: показы есть, кликов нет;7.30;16.2;;0.0;0.00;0;0;0;0;0;0;0;1;0;0;
909176359;35500111;🟡 жёлтый;держим;ставка не тратится: показы есть, кликов нет;7.30;25.1;;0.1;0.00;0;0;0;0;0;0;0;1;0;0;
323165764;35514220;🟡 жёлтый;держим;ставка не тратится: показы есть, кликов нет;7.30;31.4;;6.4;0.00;0;0;0;0;0;0;0;1;0;1;
323168424;36459468;🟡 жёлтый;держим;ставка не тратится: показы есть, кликов нет;7.30;31.4;;6.4;0.00;0;0;0;0;0;0;0;1;0;0;
883217858;35503146;🟡 жёлтый;держим;ставка не тратится: показы есть, кликов нет;7.30;15.3;;0.0;0.00;0;0;0;0;0;0;0;4;0;0;
869139906;35507796;🟡 жёлтый;держим;ставка не тратится: показы есть, кликов нет;7.30;34.7;;9.7;0.00;0;0;0;0;0;0;0;3;0;0;
323122914;35513180;🟡 жёлтый;держим;ставка не тратится: показы есть, кликов нет;7.30;38.4;;13.4;0.00;0;0;0;0;0;0;0;4;0;0;
323175586;36459468;🟡 жёлтый;держим;ставка не тратится: показы есть, кликов нет;7.30;36.2;;11.2;0.00;0;0;0;0;0;0;0;1;0;0;
504285138;35510132;🟡 жёлтый;держим;ставка не тратится: показы есть, кликов нет;7.30;21.8;;0.0;0.00;0;0;0;0;0;0;0;3;0;0;
323235565;35515230;🟡 жёлтый;держим;ставка не тратится: показы есть, кликов нет;7.30;38.4;;13.4;0.00;0;0;0;0;0;1;0;3;0;0;
323132558;35515230;🟡 жёлтый;держим;ставка не тратится: показы есть, кликов нет;7.30;25.6;;0.6;0.00;0;0;0;0;0;0;0;1;0;0;
869000675;35507796;🟡 жёлтый;держим;ставка не тратится: показы есть, кликов нет;7.30;21.4;;0.0;0.00;0;0;0;0;0;0;0;2;0;0;
915916931;35498671;🟡 жёлтый;держим;ставка не тратится: показы есть, кликов нет;7.30;34.8;;9.8;0.00;0;0;0;0;0;0;0;8;0;0;
880265271;35504156;🟡 жёлтый;держим;ставка не тратится: показы есть, кликов нет;7.30;24.0;;0.0;0.00;0;0;0;0;0;0;0;4;0;0;
324989957;35513491;🟡 жёлтый;держим;ставка не тратится: показы есть, кликов нет;7.30;34.5;;9.5;0.00;0;0;0;0;0;0;0;4;0;0;
865273446;35508404;🟡 жёлтый;держим;ставка не тратится: показы есть, кликов нет;7.30;17.7;;0.0;0.00;0;0;0;0;0;0;0;1;0;0;
885244962;35502200;🟡 жёлтый;держим;ставка не тратится: показы есть, кликов нет;7.30;22.4;;0.0;0.00;0;0;0;0;0;0;0;1;0;0;
912773294;35500111;🟡 жёлтый;держим;ставка не тратится: показы есть, кликов нет;7.30;36.2;;11.2;0.00;0;0;0;0;0;0;0;10;0;0;
324984061;35514511;🟡 жёлтый;держим;ставка не тратится: показы есть, кликов нет;7.30;21.3;;0.0;0.00;0;0;0;0;0;0;0;3;0;0;
872350292;35506296;🟡 жёлтый;держим;ставка не тратится: показы есть, кликов нет;7.30;27.9;;2.9;0.00;0;0;0;0;0;0;0;1;0;0;
882867063;35497479;🟡 жёлтый;держим;ставка не тратится: показы есть, кликов нет;7.30;23.8;;0.0;0.00;0;0;0;0;0;0;0;1;0;0;
883617811;35502978;🟡 жёлтый;держим;ставка не тратится: показы есть, кликов нет;7.30;26.9;;1.9;0.00;0;0;0;0;0;0;0;5;0;0;
877785122;35504951;🟡 жёлтый;держим;ставка не тратится: показы есть, кликов нет;7.30;36.0;;11.0;0.00;0;0;0;0;0;0;0;3;0;0;
858257723;35501262;🟡 жёлтый;держим;ставка не тратится: показы есть, кликов нет;7.30;24.6;;0.0;0.00;0;0;0;0;0;0;0;3;0;0;
887701287;35501509;🟡 жёлтый;держим;ставка не тратится: показы есть, кликов нет;7.30;27.0;;2.0;0.00;0;0;0;0;0;0;0;6;0;0;
323363005;35512317;🟡 жёлтый;держим;ставка не тратится: показы есть, кликов нет;7.30;22.6;;0.0;0.00;0;0;0;0;0;0;0;1;0;0;
313193056;35514220;🟡 жёлтый;держим;ставка не тратится: показы есть, кликов нет;7.30;35.1;;10.1;0.00;0;0;0;0;0;0;0;3;0;0;
323241138;35501509;🟡 жёлтый;держим;ставка не тратится: показы есть, кликов нет;7.30;35.4;;10.4;0.00;0;0;0;0;0;0;0;1;0;0;
912929281;35499393;🟡 жёлтый;держим;ставка не тратится: показы есть, кликов нет;7.30;27.1;;2.1;0.00;0;0;0;0;0;0;0;7;0;0;
871017190;35507605;🟡 жёлтый;держим;ставка не тратится: показы есть, кликов нет;7.30;21.8;;0.0;0.00;0;0;0;0;0;0;0;11;0;0;
883658260;35502978;🟡 жёлтый;держим;ставка не тратится: показы есть, кликов нет;7.30;28.4;;3.4;0.00;0;0;0;0;0;0;0;52;0;0;
912946885;35499491;🟡 жёлтый;держим;ставка не тратится: показы есть, кликов нет;7.30;25.8;;0.8;0.00;0;0;0;0;0;0;0;1;0;0;
323112886;35497479;🟡 жёлтый;держим;ставка не тратится: показы есть, кликов нет;7.30;20.6;;0.0;0.00;0;0;0;0;0;0;0;2;0;0;
912736749;35500111;🟡 жёлтый;держим;ставка не тратится: показы есть, кликов нет;7.30;30.0;;5.0;0.00;0;0;0;0;0;0;0;3;0;0;
504281278;35495292;🟡 жёлтый;держим;ставка не тратится: показы есть, кликов нет;7.30;23.1;;0.0;0.00;0;0;0;0;0;0;0;9;0;0;
923512684;35497681;🟡 жёлтый;держим;ставка не тратится: показы есть, кликов нет;7.30;34.9;;9.9;0.00;0;0;0;0;0;0;0;3;0;0;
862402396;35509256;🟡 жёлтый;держим;ставка не тратится: показы есть, кликов нет;7.30;21.1;;0.0;0.00;0;0;0;0;0;0;0;2;0;0;
887258874;35501509;🟡 жёлтый;держим;ставка не тратится: показы есть, кликов нет;7.30;24.6;;0.0;0.00;0;0;0;0;0;0;0;1;0;0;
313214521;36459301;🟡 жёлтый;держим;ставка не тратится: показы есть, кликов нет;7.30;33.5;;8.5;0.00;0;0;0;0;0;0;0;2;0;0;
323169188;35513491;🟡 жёлтый;держим;ставка не тратится: показы есть, кликов нет;7.30;51.1;;26.1;0.00;0;0;0;0;0;0;0;2;0;0;
313195931;35515230;🟡 жёлтый;держим;ставка не тратится: показы есть, кликов нет;7.30;16.6;;0.0;0.00;0;0;0;0;0;0;0;5;0;0;
484926223;35511919;🟡 жёлтый;держим;ставка не тратится: показы есть, кликов нет;7.30;23.4;;0.0;0.00;0;0;0;0;0;0;0;1;0;0;
880289574;35500638;🟡 жёлтый;держим;ставка не тратится: показы есть, кликов нет;7.30;30.5;;5.5;0.00;0;0;0;0;0;0;0;2;0;0;
313190103;36459301;🟡 жёлтый;держим;ставка не тратится: показы есть, кликов нет;7.30;30.9;;5.9;0.00;0;0;0;0;0;0;0;1;0;0;
861575273;35501262;🟡 жёлтый;держим;ставка не тратится: показы есть, кликов нет;7.30;23.3;;0.0;0.00;0;0;0;0;0;0;0;2;0;0;
869276366;35507605;🟡 жёлтый;держим;ставка не тратится: показы есть, кликов нет;7.30;20.6;;0.0;0.00;0;0;0;0;0;0;0;46;0;0;
323152532;36459468;🟡 жёлтый;держим;ставка не тратится: показы есть, кликов нет;7.30;24.6;;0.0;0.00;0;0;0;0;0;0;0;24;0;0;
323150853;36458948;🟡 жёлтый;держим;ставка не тратится: показы есть, кликов нет;7.30;39.6;;14.6;0.00;0;0;0;0;0;0;1;4;0;1;
858253581;35501262;🟡 жёлтый;держим;ставка не тратится: показы есть, кликов нет;7.30;23.4;;0.0;0.00;0;0;0;0;0;0;0;4;0;0;
874817995;35501262;🟡 жёлтый;держим;ставка не тратится: показы есть, кликов нет;7.30;25.2;;0.2;0.00;0;0;0;0;0;0;0;3;0;0;
885306438;35502200;🟡 жёлтый;держим;ставка не тратится: показы есть, кликов нет;7.30;21.6;;0.0;0.00;0;0;0;0;0;0;0;2;0;0;
868976086;35498839;🟡 жёлтый;держим;ставка не тратится: показы есть, кликов нет;7.30;24.7;;0.0;0.00;0;0;0;0;0;0;0;3;0;0;
882845336;35501028;🟡 жёлтый;держим;ставка не тратится: показы есть, кликов нет;7.30;17.4;;0.0;0.00;0;0;0;0;0;0;0;1;0;0;
861546793;35501509;🟡 жёлтый;держим;ставка не тратится: показы есть, кликов нет;7.30;25.6;;0.6;0.00;0;0;0;0;0;0;0;2;0;0;
869226713;35505900;🟡 жёлтый;держим;ставка не тратится: показы есть, кликов нет;7.30;17.8;;0.0;0.00;0;0;0;0;0;0;0;1;0;0;
880188268;35504156;🟡 жёлтый;держим;ставка не тратится: показы есть, кликов нет;7.30;28.7;;3.7;0.00;0;0;0;0;0;0;0;8;0;0;
881041619;35501262;🟡 жёлтый;держим;ставка не тратится: показы есть, кликов нет;7.30;25.4;;0.4;0.00;0;0;0;0;0;0;0;8;0;0;
323092016;36460596;🟡 жёлтый;держим;ставка не тратится: показы есть, кликов нет;7.30;16.0;;0.0;0.00;0;0;0;0;0;0;0;1;0;0;
865365396;35501262;🟡 жёлтый;держим;ставка не тратится: показы есть, кликов нет;7.30;26.0;;1.0;0.00;0;0;0;0;0;0;0;28;0;0;
913005296;35498621;🟡 жёлтый;держим;ставка не тратится: показы есть, кликов нет;7.30;27.6;;2.6;0.00;0;0;0;0;0;0;0;5;0;0;
323295247;35512936;🟡 жёлтый;держим;ставка не тратится: показы есть, кликов нет;7.30;27.7;;2.7;0.00;0;0;0;0;0;0;0;3;0;0;
881889303;35503414;🟡 жёлтый;держим;ставка не тратится: показы есть, кликов нет;7.30;16.5;;0.0;0.00;0;0;0;0;0;0;0;2;0;0;
323145802;36459894;🟡 жёлтый;держим;ставка не тратится: показы есть, кликов нет;7.30;15.8;;0.0;0.00;0;0;0;0;0;0;0;1;0;0;
860381431;35509529;🟡 жёлтый;держим;ставка не тратится: показы есть, кликов нет;7.30;30.1;;5.1;0.00;0;0;0;0;0;0;0;5;0;0;
873453866;35504156;🟡 жёлтый;держим;ставка не тратится: показы есть, кликов нет;7.30;23.8;;0.0;0.00;0;0;0;0;0;0;0;2;0;0;
880265719;35504156;🟡 жёлтый;держим;ставка не тратится: показы есть, кликов нет;7.30;36.8;;11.8;0.00;0;0;0;0;0;0;0;1;0;0;
872385301;35505900;🟡 жёлтый;держим;ставка не тратится: показы есть, кликов нет;7.30;40.0;;15.0;0.00;0;0;0;0;0;0;0;4;0;0;
886287795;36458352;🟡 жёлтый;держим;ставка не тратится: показы есть, кликов нет;7.30;20.8;;0.0;0.00;0;0;0;0;0;0;0;1;0;0;
877265265;35498621;🟡 жёлтый;держим;ставка не тратится: показы есть, кликов нет;7.30;40.5;;15.5;0.00;0;0;0;0;0;0;0;1;0;0;
323270843;35512936;🟡 жёлтый;держим;ставка не тратится: показы есть, кликов нет;7.30;34.7;;9.7;0.00;0;0;0;0;0;0;0;1;0;0;
923587487;35497681;🟡 жёлтый;держим;ставка не тратится: показы есть, кликов нет;7.30;42.2;;17.2;0.00;0;0;0;0;0;0;0;3;0;0;
323119796;36459894;🟡 жёлтый;держим;ставка не тратится: показы есть, кликов нет;7.30;19.9;;0.0;0.00;0;0;0;0;0;0;0;1;0;0;
869087037;35507796;🟡 жёлтый;держим;ставка не тратится: показы есть, кликов нет;7.30;35.6;;10.6;0.00;0;0;0;0;0;0;0;4;0;0;
872392806;35505900;🟡 жёлтый;держим;ставка не тратится: показы есть, кликов нет;7.30;40.0;;15.0;0.00;0;0;0;0;0;0;0;2;0;0;
860647322;35509529;🟡 жёлтый;держим;ставка не тратится: показы есть, кликов нет;7.30;22.4;;0.0;0.00;0;0;0;0;0;0;0;1;0;0;
323149928;36459075;🟡 жёлтый;держим;ставка не тратится: показы есть, кликов нет;7.30;38.8;;13.8;0.00;0;0;0;0;0;0;0;3;0;4;
860443416;35501028;🟡 жёлтый;держим;ставка не тратится: показы есть, кликов нет;7.30;33.8;;8.8;0.00;0;0;0;0;0;0;0;1;0;0;
435044685;35513180;🟡 жёлтый;держим;ставка не тратится: показы есть, кликов нет;7.30;26.9;;1.9;0.00;0;0;0;0;0;0;0;5;0;0;
323270019;35512642;🟡 жёлтый;держим;ставка не тратится: показы есть, кликов нет;7.30;27.0;;2.0;0.00;0;0;0;0;0;0;0;1;0;0;
872370362;35506296;🟡 жёлтый;держим;ставка не тратится: показы есть, кликов нет;7.30;32.0;;7.0;0.00;0;0;0;0;0;0;0;4;0;0;
862487658;35509256;🟡 жёлтый;держим;ставка не тратится: показы есть, кликов нет;7.30;20.8;;0.0;0.00;0;0;0;0;0;0;0;3;0;1;
883696214;35502978;🟡 жёлтый;держим;ставка не тратится: показы есть, кликов нет;7.30;28.4;;3.4;0.00;0;0;0;0;0;0;0;28;0;0;
871755540;35506296;🟡 жёлтый;держим;ставка не тратится: показы есть, кликов нет;7.30;38.9;;13.9;0.00;0;0;0;0;0;0;0;10;0;0;
313188671;35505545;🟡 жёлтый;держим;ставка не тратится: показы есть, кликов нет;7.30;27.8;;2.8;0.00;0;0;0;0;0;1;0;20;0;0;
323189323;36459468;🟡 жёлтый;держим;ставка не тратится: показы есть, кликов нет;7.30;40.0;;15.0;0.00;0;0;0;0;0;0;0;2;0;0;
313184150;36463324;🟡 жёлтый;держим;ставка не тратится: показы есть, кликов нет;7.30;41.1;;16.1;0.00;0;0;0;0;0;0;0;3;0;1;
881844396;35503414;🟡 жёлтый;держим;ставка не тратится: показы есть, кликов нет;7.30;27.0;;2.0;0.00;0;0;0;0;0;0;0;13;0;0;
887717265;35501509;🟡 жёлтый;держим;ставка не тратится: показы есть, кликов нет;7.30;30.7;;5.7;0.00;0;0;0;0;0;0;0;9;0;0;
313191118;36459301;🟡 жёлтый;держим;ставка не тратится: показы есть, кликов нет;7.30;36.5;;11.5;0.00;0;0;0;0;0;0;0;5;0;0;
881229895;35503784;🟡 жёлтый;держим;ставка не тратится: показы есть, кликов нет;7.30;36.3;;11.3;0.00;0;0;0;0;0;0;0;6;0;0;
797685849;35505900;🟡 жёлтый;держим;в KPI, заказов нет — наблюдаем;7.30;34.1;;9.1;14.60;0;0;0;0;0;0;2;9;2;3;
873454305;35504156;🟡 жёлтый;держим;ставка не тратится: показы есть, кликов нет;7.30;23.8;;0.0;0.00;0;0;0;0;0;0;0;2;0;0;
880599926;35500249;🟡 жёлтый;держим;ставка не тратится: показы есть, кликов нет;7.30;20.3;;0.0;0.00;0;0;0;0;0;0;0;1;0;0;
863295254;35508624;🟡 жёлтый;держим;ставка не тратится: показы есть, кликов нет;7.30;25.9;;0.9;0.00;0;0;0;0;0;0;0;1;0;0;
868913316;35501028;🟡 жёлтый;держим;ставка не тратится: показы есть, кликов нет;7.30;32.1;;7.1;0.00;0;0;0;0;0;0;0;2;0;0;
343240112;35511919;🟡 жёлтый;держим;ставка не тратится: показы есть, кликов нет;7.30;20.4;;0.0;0.00;0;0;0;0;0;0;0;1;0;0;
460911878;35511919;🟡 жёлтый;держим;ставка не тратится: показы есть, кликов нет;7.30;25.6;;0.6;0.00;0;0;0;0;0;0;0;4;0;0;
887130287;35501683;🟡 жёлтый;держим;ставка не тратится: показы есть, кликов нет;7.30;38.9;;13.9;0.00;0;0;0;0;0;0;0;6;0;1;
323161657;35588483;🟡 жёлтый;держим;ставка не тратится: показы есть, кликов нет;7.30;35.1;;10.1;0.00;0;0;0;0;0;0;0;1;0;0;
865322851;35508061;🟡 жёлтый;держим;ставка не тратится: показы есть, кликов нет;7.30;39.3;;14.3;0.00;0;0;0;0;0;0;0;7;0;0;
871088904;35507256;🟡 жёлтый;держим;ставка не тратится: показы есть, кликов нет;7.30;24.2;;0.0;0.00;0;0;0;0;0;0;0;1;0;0;
887215800;35501509;🟡 жёлтый;держим;ставка не тратится: показы есть, кликов нет;7.30;24.7;;0.0;0.00;0;0;0;0;0;0;0;13;0;0;
863482979;35500638;🟡 жёлтый;держим;ставка не тратится: показы есть, кликов нет;7.30;22.3;;0.0;0.00;0;0;0;0;0;0;0;1;0;0;
882178048;35501028;🟡 жёлтый;держим;ставка не тратится: показы есть, кликов нет;7.30;26.3;;1.3;0.00;0;0;0;0;0;0;0;2;0;0;
862446953;35509256;🟡 жёлтый;держим;ставка не тратится: показы есть, кликов нет;7.30;20.0;;0.0;0.00;0;0;0;0;0;0;0;2;0;0;
923537630;35497916;🟡 жёлтый;держим;ставка не тратится: показы есть, кликов нет;7.30;24.6;;0.0;0.00;0;0;0;0;0;0;0;4;0;0;
323222128;35498462;🟡 жёлтый;держим;ставка не тратится: показы есть, кликов нет;7.30;37.7;;12.7;0.00;0;0;0;0;0;0;0;3;0;0;
885157922;35502200;🟡 жёлтый;держим;ставка не тратится: показы есть, кликов нет;7.30;22.2;;0.0;0.00;0;0;0;0;0;0;0;6;0;0;
323215762;35513491;🟡 жёлтый;держим;ставка не тратится: показы есть, кликов нет;7.30;22.5;;0.0;0.00;0;0;0;0;0;0;0;3;0;0;
923489184;35497681;🟡 жёлтый;держим;ставка не тратится: показы есть, кликов нет;7.30;25.4;;0.4;0.00;0;0;0;0;0;0;0;10;0;0;
323148922;35515230;🟡 жёлтый;держим;ставка не тратится: показы есть, кликов нет;7.30;21.6;;0.0;0.00;0;0;0;0;0;0;0;6;0;0;
880348079;35504156;🟡 жёлтый;держим;ставка не тратится: показы есть, кликов нет;7.30;17.1;;0.0;0.00;0;0;0;0;0;0;0;3;0;0;
884593074;35502769;🟡 жёлтый;держим;ставка не тратится: показы есть, кликов нет;7.30;33.5;;8.5;0.00;0;0;0;0;0;0;0;1;0;0;
323312661;35500111;🟡 жёлтый;держим;ставка не тратится: показы есть, кликов нет;7.30;26.4;;1.4;0.00;0;0;0;0;0;0;0;1;0;0;
323328958;35512936;🟡 жёлтый;держим;ставка не тратится: показы есть, кликов нет;7.30;28.0;;3.0;0.00;0;0;0;0;0;0;0;1;0;0;
343262032;36463324;🟡 жёлтый;держим;ставка не тратится: показы есть, кликов нет;7.30;16.6;;0.0;0.00;0;0;0;0;0;0;0;9;0;0;
323109984;36459894;🟡 жёлтый;держим;ставка не тратится: показы есть, кликов нет;7.30;22.7;;0.0;0.00;0;0;0;0;0;0;0;1;0;0;
486826684;35501509;🟡 жёлтый;держим;ставка не тратится: показы есть, кликов нет;7.30;17.8;;0.0;0.00;0;0;0;0;0;0;0;1;0;3;
874418011;35501262;🟡 жёлтый;держим;ставка не тратится: показы есть, кликов нет;7.30;36.0;;11.0;0.00;0;0;0;0;0;0;0;1;0;0;
323205777;36463324;🟡 жёлтый;держим;ставка не тратится: показы есть, кликов нет;7.30;27.3;;2.3;0.00;0;0;0;0;0;0;0;7;0;4;
880185577;35504156;🟡 жёлтый;держим;ставка не тратится: показы есть, кликов нет;7.30;24.0;;0.0;0.00;0;0;0;0;0;0;0;14;0;0;
872394841;35505900;🟡 жёлтый;держим;ставка не тратится: показы есть, кликов нет;7.30;40.0;;15.0;0.00;0;0;0;0;0;0;0;2;0;0;
881876495;35503414;🟡 жёлтый;держим;ставка не тратится: показы есть, кликов нет;7.30;23.5;;0.0;0.00;0;0;0;0;0;0;0;1;0;0;
859940456;35509529;🟡 жёлтый;держим;ставка не тратится: показы есть, кликов нет;7.30;21.3;;0.0;0.00;0;0;0;0;0;0;0;1;0;0;
883112753;35503146;🟡 жёлтый;держим;ставка не тратится: показы есть, кликов нет;7.30;21.0;;0.0;0.00;0;0;0;0;0;0;0;13;0;0;
323178576;35512642;🟡 жёлтый;держим;ставка не тратится: показы есть, кликов нет;7.30;21.5;;0.0;0.00;0;0;0;0;0;0;0;1;0;0;
884027172;35502769;🟡 жёлтый;держим;ставка не тратится: показы есть, кликов нет;7.30;33.8;;8.8;0.00;0;0;0;0;0;0;0;3;0;0;
886555825;35497916;🟡 жёлтый;держим;ставка не тратится: показы есть, кликов нет;7.30;37.4;;12.4;0.00;0;0;0;0;0;0;0;3;0;0;
323231444;35515230;🟡 жёлтый;держим;ставка не тратится: показы есть, кликов нет;7.30;17.7;;0.0;0.00;0;0;0;0;0;0;0;1;0;0;
872428330;36458352;🟡 жёлтый;держим;ставка не тратится: показы есть, кликов нет;7.30;40.0;;15.0;0.00;0;0;0;0;0;0;0;3;0;0;
881300323;35500638;🟡 жёлтый;держим;ставка не тратится: показы есть, кликов нет;7.30;16.5;;0.0;0.00;0;0;0;0;0;0;0;1;0;0;
878718579;35504537;🟡 жёлтый;держим;ставка не тратится: показы есть, кликов нет;7.30;33.7;;8.7;0.00;0;0;0;0;0;1;0;4;0;0;
923600359;35497681;🟡 жёлтый;держим;ставка не тратится: показы есть, кликов нет;7.30;37.9;;12.9;0.00;0;0;0;0;0;0;0;3;0;0;
323201962;36459894;🟡 жёлтый;держим;ставка не тратится: показы есть, кликов нет;7.30;24.2;;0.0;0.00;0;0;0;0;0;0;0;3;0;0;
887259785;35501509;🟡 жёлтый;держим;ставка не тратится: показы есть, кликов нет;7.30;24.6;;0.0;0.00;0;0;0;0;0;0;0;1;0;0;
313214961;35514926;🟡 жёлтый;держим;ставка не тратится: показы есть, кликов нет;7.30;15.7;;0.0;0.00;0;0;0;0;0;0;0;3;0;0;
865728552;35501028;🟡 жёлтый;держим;ставка не тратится: показы есть, кликов нет;7.30;26.3;;1.3;0.00;0;0;0;0;0;0;0;5;0;0;
871627174;35507256;🟡 жёлтый;держим;ставка не тратится: показы есть, кликов нет;7.30;31.3;;6.3;0.00;0;0;0;0;0;0;0;13;0;0;
313184811;36459075;🟡 жёлтый;держим;ставка не тратится: показы есть, кликов нет;7.30;17.2;;0.0;0.00;0;0;0;0;0;0;0;69;0;0;
873384069;35505545;🟡 жёлтый;держим;ставка не тратится: показы есть, кликов нет;7.30;25.6;;0.6;0.00;0;0;0;0;0;0;0;1;0;0;
869265092;35507605;🟡 жёлтый;держим;ставка не тратится: показы есть, кликов нет;7.30;27.0;;2.0;0.00;0;0;0;0;0;0;0;1;0;0;
323194216;35513491;🟡 жёлтый;держим;ставка не тратится: показы есть, кликов нет;7.30;17.5;;0.0;0.00;0;0;0;0;0;0;0;76;0;6;
865718671;35508061;🟡 жёлтый;держим;ставка не тратится: показы есть, кликов нет;7.30;15.4;;0.0;0.00;0;0;0;0;0;0;0;5;0;0;
923517407;35497681;🟡 жёлтый;держим;ставка не тратится: показы есть, кликов нет;7.30;34.9;;9.9;0.00;0;0;0;0;0;0;0;1;0;0;
323340180;36462624;🟡 жёлтый;держим;ставка не тратится: показы есть, кликов нет;7.30;38.2;;13.2;0.00;0;0;0;0;0;0;0;2;0;0;
343261508;35511919;🟡 жёлтый;держим;ставка не тратится: показы есть, кликов нет;7.30;21.9;;0.0;0.00;0;0;0;0;0;0;0;2;0;0;
886289308;36458352;🟡 жёлтый;держим;ставка не тратится: показы есть, кликов нет;7.30;17.7;;0.0;0.00;0;0;0;0;0;0;0;1;0;0;
313190045;36459468;🟡 жёлтый;держим;ставка не тратится: показы есть, кликов нет;7.30;38.5;;13.5;0.00;0;0;0;0;0;0;0;2;0;0;
381157851;35509833;🟡 жёлтый;держим;ставка не тратится: показы есть, кликов нет;7.30;22.2;;0.0;0.00;0;0;0;0;0;0;0;4;0;0;
872364600;35506296;🟡 жёлтый;держим;ставка не тратится: показы есть, кликов нет;7.30;33.9;;8.9;0.00;0;0;0;0;0;0;0;4;0;1;
313185356;35510132;🟡 жёлтый;держим;ставка не тратится: показы есть, кликов нет;7.30;33.7;;8.7;0.00;0;0;0;0;0;0;0;4;0;2;
880241811;35501262;🟡 жёлтый;держим;ставка не тратится: показы есть, кликов нет;7.30;21.2;;0.0;0.00;0;0;0;0;0;0;0;1;0;0;
323108036;36460596;🟡 жёлтый;держим;ставка не тратится: показы есть, кликов нет;7.30;38.3;;13.3;0.00;0;0;0;0;0;0;0;6;0;0;
323151624;35498462;🟡 жёлтый;держим;ставка не тратится: показы есть, кликов нет;7.30;32.4;;7.4;0.00;0;0;0;0;0;0;0;6;0;0;
869091175;35507796;🟡 жёлтый;держим;ставка не тратится: показы есть, кликов нет;7.30;35.3;;10.3;0.00;0;0;0;0;0;0;0;3;0;0;
865201183;35500638;🟡 жёлтый;держим;ставка не тратится: показы есть, кликов нет;7.30;17.0;;0.0;0.00;0;0;0;0;0;0;0;6;0;0;
867141105;35508061;🟡 жёлтый;держим;ставка не тратится: показы есть, кликов нет;7.30;25.9;;0.9;0.00;0;0;0;0;0;0;0;1;0;0;
323109874;36459894;🟡 жёлтый;держим;ставка не тратится: показы есть, кликов нет;7.30;33.4;;8.4;0.00;0;0;0;0;0;0;0;1;0;0;
880236916;35504156;🟡 жёлтый;держим;ставка не тратится: показы есть, кликов нет;7.30;25.3;;0.3;0.00;0;0;0;0;0;0;0;1;0;0;
883380971;35502978;🟡 жёлтый;держим;ставка не тратится: показы есть, кликов нет;7.30;18.9;;0.0;0.00;0;0;0;0;0;0;0;13;0;0;
881177636;35503784;🟡 жёлтый;держим;ставка не тратится: показы есть, кликов нет;7.30;25.4;;0.4;0.00;0;0;0;0;0;0;0;2;0;0;
878788475;35500638;🟡 жёлтый;держим;ставка не тратится: показы есть, кликов нет;7.30;30.9;;5.9;0.00;0;0;0;0;0;0;0;1;0;0;
912737305;35500111;🟡 жёлтый;держим;ставка не тратится: показы есть, кликов нет;7.30;30.0;;5.0;0.00;0;0;0;0;0;0;0;2;0;0;
323140931;35512642;🟡 жёлтый;держим;ставка не тратится: показы есть, кликов нет;7.30;28.9;;3.9;0.00;0;0;0;0;0;0;0;1;0;0;
859995653;35509529;🟡 жёлтый;держим;ставка не тратится: показы есть, кликов нет;7.30;17.5;;0.0;0.00;0;0;0;0;0;0;0;2;0;0;
323091937;36460596;🟡 жёлтый;держим;ставка не тратится: показы есть, кликов нет;7.30;31.3;;6.3;0.00;0;0;0;0;0;0;0;12;0;0;
323153529;35512642;🟡 жёлтый;держим;ставка не тратится: показы есть, кликов нет;7.30;25.9;;0.9;0.00;0;0;0;0;0;0;0;2;0;0;
882850440;35503146;🟡 жёлтый;держим;ставка не тратится: показы есть, кликов нет;7.30;18.5;;0.0;0.00;0;0;0;0;0;0;0;3;0;0;
860862263;35509256;🟡 жёлтый;держим;ставка не тратится: показы есть, кликов нет;7.30;19.8;;0.0;0.00;0;0;0;0;0;0;0;1;0;0;
323132362;36459468;🟡 жёлтый;держим;ставка не тратится: показы есть, кликов нет;7.30;18.6;;0.0;0.00;0;0;0;0;0;0;0;1;0;0;
323167411;36459301;🟡 жёлтый;держим;ставка не тратится: показы есть, кликов нет;7.30;30.5;;5.5;0.00;0;0;0;0;0;0;0;1;0;0;
871598128;35507256;🟡 жёлтый;держим;ставка не тратится: показы есть, кликов нет;7.30;20.0;;0.0;0.00;0;0;0;0;0;0;0;2;0;0;
323186718;35514511;🟡 жёлтый;держим;ставка не тратится: показы есть, кликов нет;7.30;38.1;;13.1;0.00;0;0;0;0;0;0;0;1;0;0;
871075743;35507605;🟡 жёлтый;держим;ставка не тратится: показы есть, кликов нет;7.30;21.2;;0.0;0.00;0;0;0;0;0;0;0;13;0;0;
313184599;36459301;🟡 жёлтый;держим;ставка не тратится: показы есть, кликов нет;7.30;42.8;;17.8;0.00;0;0;0;0;0;0;0;12;0;4;
882126479;35503414;🟡 жёлтый;держим;ставка не тратится: показы есть, кликов нет;7.30;41.0;;16.0;0.00;0;0;0;0;0;0;0;4;0;0;
923514492;35497916;🟡 жёлтый;держим;ставка не тратится: показы есть, кликов нет;7.30;34.9;;9.9;0.00;0;0;0;0;0;0;0;1;0;0;
874411233;35501028;🟡 жёлтый;держим;ставка не тратится: показы есть, кликов нет;7.30;29.5;;4.5;0.00;0;0;0;0;0;0;0;1;0;0;
323231416;35515230;🟡 жёлтый;держим;ставка не тратится: показы есть, кликов нет;7.30;19.9;;0.0;0.00;0;0;0;0;0;0;0;1;0;0;
435044412;35513180;🟡 жёлтый;держим;ставка не тратится: показы есть, кликов нет;7.30;33.9;;8.9;0.00;0;0;0;0;0;0;0;1;0;0;
923580103;35497681;🟡 жёлтый;держим;ставка не тратится: показы есть, кликов нет;7.30;36.6;;11.6;0.00;0;0;0;0;0;0;0;14;0;0;
323205508;35513180;🟡 жёлтый;держим;ставка не тратится: показы есть, кликов нет;7.30;33.6;;8.6;0.00;0;0;0;0;0;0;0;1;0;0;
872412936;35505900;🟡 жёлтый;держим;ставка не тратится: показы есть, кликов нет;7.30;40.0;;15.0;0.00;0;0;0;0;0;0;0;2;0;0;
885308538;35502200;🟡 жёлтый;держим;ставка не тратится: показы есть, кликов нет;7.30;25.7;;0.7;0.00;0;0;0;0;0;0;0;6;0;0;
323312425;35500111;🟡 жёлтый;держим;ставка не тратится: показы есть, кликов нет;7.30;34.7;;9.7;0.00;0;0;0;0;0;0;0;2;0;0;
880497564;35503784;🟡 жёлтый;держим;ставка не тратится: показы есть, кликов нет;7.30;21.7;;0.0;0.00;0;0;0;0;0;0;0;3;0;0;
913064661;35498926;🟡 жёлтый;держим;ставка не тратится: показы есть, кликов нет;7.30;24.2;;0.0;0.00;0;0;0;0;0;0;0;5;0;1;
861615468;35509256;🟡 жёлтый;держим;ставка не тратится: показы есть, кликов нет;7.30;15.4;;0.0;0.00;0;0;0;0;0;0;0;10;0;0;
323152583;35508987;🟡 жёлтый;держим;ставка не тратится: показы есть, кликов нет;7.30;40.4;;15.4;0.00;0;0;0;0;0;0;0;19;0;1;
874415820;35501028;🟡 жёлтый;держим;ставка не тратится: показы есть, кликов нет;7.30;29.5;;4.5;0.00;0;0;0;0;0;0;0;1;0;0;
966022125;36463324;🟡 жёлтый;держим;ставка не тратится: показы есть, кликов нет;7.30;34.8;;9.8;0.00;0;0;0;0;0;0;0;2;0;0;
871594946;35507256;🟡 жёлтый;держим;ставка не тратится: показы есть, кликов нет;7.30;16.3;;0.0;0.00;0;0;0;0;0;0;0;3;0;0;
313190521;35501028;🟡 жёлтый;держим;ставка не тратится: показы есть, кликов нет;7.30;17.0;;0.0;0.00;0;0;0;0;0;0;0;17;0;0;
923516203;35497681;🟡 жёлтый;держим;ставка не тратится: показы есть, кликов нет;7.30;34.9;;9.9;0.00;0;0;0;0;0;0;0;3;0;0;
865396963;35508404;🟡 жёлтый;держим;ставка не тратится: показы есть, кликов нет;7.30;25.4;;0.4;0.00;0;0;0;0;0;0;0;1;0;0;
878899780;35504537;🟡 жёлтый;держим;ставка не тратится: показы есть, кликов нет;7.30;20.3;;0.0;0.00;0;0;0;0;0;0;0;1;0;0;
874824158;35503414;🟡 жёлтый;держим;ставка не тратится: показы есть, кликов нет;7.30;21.5;;0.0;0.00;0;0;0;0;0;0;0;2;0;0;
871624872;35507256;🟡 жёлтый;держим;ставка не тратится: показы есть, кликов нет;7.30;31.3;;6.3;0.00;0;0;0;0;0;0;0;12;0;0;
882874536;35501262;🟡 жёлтый;держим;ставка не тратится: показы есть, кликов нет;7.30;19.7;;0.0;0.00;0;0;0;0;0;0;0;1;0;0;
860510809;35498839;🟡 жёлтый;держим;ставка не тратится: показы есть, кликов нет;7.30;29.4;;4.4;0.00;0;0;0;0;0;0;0;3;0;0;
882131949;35503414;🟡 жёлтый;держим;ставка не тратится: показы есть, кликов нет;7.30;36.4;;11.4;0.00;0;0;0;0;0;0;0;4;0;1;
869368213;35507605;🟡 жёлтый;держим;ставка не тратится: показы есть, кликов нет;7.30;28.4;;3.4;0.00;0;0;0;0;0;0;0;4;0;0;
323221520;36459468;🟡 жёлтый;держим;ставка не тратится: показы есть, кликов нет;7.30;36.3;;11.3;0.00;0;0;0;0;0;0;0;15;0;1;
323338179;35497916;🟡 жёлтый;держим;ставка не тратится: показы есть, кликов нет;7.30;37.7;;12.7;0.00;0;0;0;0;0;0;0;2;0;0;
324995659;35511919;🟡 жёлтый;держим;ставка не тратится: показы есть, кликов нет;7.30;27.1;;2.1;0.00;0;0;0;0;0;0;0;1;0;1;
435042904;35512936;🟡 жёлтый;держим;ставка не тратится: показы есть, кликов нет;7.30;36.4;;11.4;0.00;0;0;0;0;0;0;0;2;0;0;
313195715;35508987;🟡 жёлтый;держим;ставка не тратится: показы есть, кликов нет;7.30;31.4;;6.4;0.00;0;0;0;0;0;0;0;11;0;0;
862434770;35509256;🟡 жёлтый;держим;ставка не тратится: показы есть, кликов нет;7.30;19.3;;0.0;0.00;0;0;0;0;0;0;0;2;0;0;
887712937;35501509;🟡 жёлтый;держим;ставка не тратится: показы есть, кликов нет;7.30;27.1;;2.1;0.00;0;0;0;0;0;0;0;4;0;0;
865202437;35500638;🟡 жёлтый;держим;ставка не тратится: показы есть, кликов нет;7.30;29.6;;4.6;0.00;0;0;0;0;0;0;0;2;0;0;
878927554;35497479;🟡 жёлтый;держим;ставка не тратится: показы есть, кликов нет;7.30;23.1;;0.0;0.00;0;0;0;0;0;0;0;1;0;0;
323151800;36459301;🟡 жёлтый;держим;ставка не тратится: показы есть, кликов нет;7.30;29.3;;4.3;0.00;0;0;0;0;0;0;0;2;0;0;
873345999;36458352;🟡 жёлтый;держим;ставка не тратится: показы есть, кликов нет;7.30;32.4;;7.4;0.00;0;0;0;0;0;0;0;1;0;0;
865030562;35508624;🟡 жёлтый;держим;ставка не тратится: показы есть, кликов нет;7.30;23.8;;0.0;0.00;0;0;0;0;0;0;0;5;0;0;
434720622;35500249;🟡 жёлтый;держим;ставка не тратится: показы есть, кликов нет;7.30;31.3;;6.3;0.00;0;0;0;0;0;0;0;6;0;0;
323232441;36463324;🟡 жёлтый;держим;ставка не тратится: показы есть, кликов нет;7.30;36.3;;11.3;0.00;0;0;0;0;0;0;0;2;0;0;
881019166;35503784;🟡 жёлтый;держим;ставка не тратится: показы есть, кликов нет;7.30;17.7;;0.0;0.00;0;0;0;0;0;0;1;2;0;3;
872375772;35506296;🟡 жёлтый;держим;ставка не тратится: показы есть, кликов нет;7.30;28.4;;3.4;0.00;0;0;0;0;0;0;0;1;0;0;
873445083;35505545;🟡 жёлтый;держим;ставка не тратится: показы есть, кликов нет;7.30;37.5;;12.5;0.00;0;0;0;0;0;0;0;2;0;0;
874407444;35505545;🟡 жёлтый;держим;ставка не тратится: показы есть, кликов нет;7.30;18.2;;0.0;0.00;0;0;0;0;0;0;0;1;0;0;
323145721;36459075;🟡 жёлтый;держим;ставка не тратится: показы есть, кликов нет;7.30;34.1;;9.1;0.00;0;0;0;0;0;0;0;6;0;0;
912862373;35499393;🟡 жёлтый;держим;ставка не тратится: показы есть, кликов нет;7.30;34.6;;9.6;0.00;0;0;0;0;0;0;0;3;0;0;
915939021;35498671;🟡 жёлтый;держим;ставка не тратится: показы есть, кликов нет;7.30;21.2;;0.0;0.00;0;0;0;0;0;0;0;5;0;0;
871076620;35507605;🟡 жёлтый;держим;ставка не тратится: показы есть, кликов нет;7.30;17.1;;0.0;0.00;0;0;0;0;0;0;0;4;0;0;
862376491;35500638;🟡 жёлтый;держим;ставка не тратится: показы есть, кликов нет;7.30;25.5;;0.5;0.00;0;0;0;0;0;0;0;2;0;0;
860381859;35509529;🟡 жёлтый;держим;ставка не тратится: показы есть, кликов нет;7.30;30.1;;5.1;0.00;0;0;0;0;0;0;0;4;0;0;
877182133;35505238;🟡 жёлтый;держим;ставка не тратится: показы есть, кликов нет;7.30;27.8;;2.8;0.00;0;0;0;0;0;0;0;2;0;0;
323204722;36459894;🟡 жёлтый;держим;ставка не тратится: показы есть, кликов нет;7.30;34.0;;9.0;0.00;0;0;0;0;0;0;0;1;0;0;
872413473;35505900;🟡 жёлтый;держим;ставка не тратится: показы есть, кликов нет;7.30;40.0;;15.0;0.00;0;0;0;0;0;0;0;2;0;0;
871127747;35507256;🟡 жёлтый;держим;ставка не тратится: показы есть, кликов нет;7.30;24.2;;0.0;0.00;0;0;0;0;0;0;0;2;0;0;
862478870;35509256;🟡 жёлтый;держим;ставка не тратится: показы есть, кликов нет;7.30;36.9;;11.9;0.00;0;0;0;0;0;0;0;14;0;0;
871623018;35507256;🟡 жёлтый;держим;ставка не тратится: показы есть, кликов нет;7.30;31.3;;6.3;0.00;0;0;0;0;0;0;0;15;0;0;
859971246;35509529;🟡 жёлтый;держим;ставка не тратится: показы есть, кликов нет;7.30;19.9;;0.0;0.00;0;0;0;0;0;0;0;1;0;0;
878689669;35504537;🟡 жёлтый;держим;ставка не тратится: показы есть, кликов нет;7.30;34.1;;9.1;0.00;0;0;0;0;0;0;0;2;0;0;
913041081;35498926;🟡 жёлтый;держим;ставка не тратится: показы есть, кликов нет;7.30;25.3;;0.3;0.00;0;0;0;0;0;0;0;6;0;0;
380944497;35511919;🟡 жёлтый;держим;ставка не тратится: показы есть, кликов нет;7.30;32.5;;7.5;0.00;0;0;0;0;0;0;0;9;0;3;
313188470;35514220;🟡 жёлтый;держим;ставка не тратится: показы есть, кликов нет;7.30;32.3;;7.3;0.00;0;0;0;0;0;0;0;3;0;0;
871124113;35507256;🟡 жёлтый;держим;ставка не тратится: показы есть, кликов нет;7.30;24.2;;0.0;0.00;0;0;0;0;0;0;0;2;0;0;
869172296;35507605;🟡 жёлтый;держим;ставка не тратится: показы есть, кликов нет;7.30;24.5;;0.0;0.00;0;0;0;0;0;0;0;1;0;0;
323187961;35514220;🟡 жёлтый;держим;ставка не тратится: показы есть, кликов нет;7.30;39.0;;14.0;0.00;0;0;0;0;0;0;0;3;0;0;
881120080;35503784;🟡 жёлтый;держим;ставка не тратится: показы есть, кликов нет;7.30;30.6;;5.6;0.00;0;0;0;0;0;0;0;2;0;0;
324992941;35512642;🟡 жёлтый;держим;ставка не тратится: показы есть, кликов нет;7.30;19.8;;0.0;0.00;0;0;0;0;0;0;0;12;0;0;
862465128;35508987;🟡 жёлтый;держим;ставка не тратится: показы есть, кликов нет;7.30;24.0;;0.0;0.00;0;0;0;0;0;0;0;6;0;0;
862449602;35498462;🟡 жёлтый;держим;ставка не тратится: показы есть, кликов нет;7.30;29.1;;4.1;0.00;0;0;0;0;0;0;0;5;0;0;
860622662;35509529;🟡 жёлтый;держим;ставка не тратится: показы есть, кликов нет;7.30;22.4;;0.0;0.00;0;0;0;0;0;0;0;1;0;0;
323128694;35514220;🟡 жёлтый;держим;ставка не тратится: показы есть, кликов нет;7.30;44.2;;19.2;0.00;0;0;0;0;0;0;0;5;0;0;
885136463;35502769;🟡 жёлтый;держим;ставка не тратится: показы есть, кликов нет;7.30;28.3;;3.3;0.00;0;0;0;0;0;0;0;2;0;0;
877391137;35504951;🟡 жёлтый;держим;ставка не тратится: показы есть, кликов нет;7.30;39.8;;14.8;0.00;0;0;0;0;0;0;0;1;0;0;
880273385;35504156;🟡 жёлтый;держим;ставка не тратится: показы есть, кликов нет;7.30;17.9;;0.0;0.00;0;0;0;0;0;0;0;5;0;0;
871733854;35506296;🟡 жёлтый;держим;ставка не тратится: показы есть, кликов нет;7.30;37.0;;12.0;0.00;0;0;0;0;0;0;0;12;0;0;
323167898;35508987;🟡 жёлтый;держим;ставка не тратится: показы есть, кликов нет;7.30;46.3;;21.3;0.00;0;0;0;0;0;0;0;1;0;0;
870465433;35498621;🟡 жёлтый;держим;ставка не тратится: показы есть, кликов нет;7.30;29.0;;4.0;0.00;0;0;0;0;0;0;0;1;0;0;
323174113;35514511;🟡 жёлтый;держим;ставка не тратится: показы есть, кликов нет;7.30;30.7;;5.7;0.00;0;0;0;0;0;0;0;1;0;0;
313191316;35508987;🟡 жёлтый;держим;ставка не тратится: показы есть, кликов нет;7.30;37.2;;12.2;0.00;0;0;0;0;0;0;0;5;0;4;
886311035;36458352;🟡 жёлтый;держим;ставка не тратится: показы есть, кликов нет;7.30;33.3;;8.3;0.00;0;0;0;0;0;0;0;1;0;0;
913011279;35498621;🟡 жёлтый;держим;ставка не тратится: показы есть, кликов нет;7.30;28.3;;3.3;0.00;0;0;0;0;0;0;0;5;0;0;
862511427;35508987;🟡 жёлтый;держим;ставка не тратится: показы есть, кликов нет;7.30;20.5;;0.0;0.00;0;0;0;0;0;0;0;3;0;0;
488754557;35510132;🟡 жёлтый;держим;ставка не тратится: показы есть, кликов нет;7.30;26.9;;1.9;0.00;0;0;0;0;0;0;0;1;0;0;
323336774;35509833;🟡 жёлтый;держим;ставка не тратится: показы есть, кликов нет;7.30;26.4;;1.4;0.00;0;0;0;0;0;0;0;1;0;0;
880219810;35504156;🟡 жёлтый;держим;ставка не тратится: показы есть, кликов нет;7.30;24.1;;0.0;0.00;0;0;0;0;0;0;0;1;0;0;
885275235;36463324;🟡 жёлтый;держим;ставка не тратится: показы есть, кликов нет;7.30;18.8;;0.0;0.00;0;0;0;0;0;0;0;4;0;0;
913064529;35498926;🟡 жёлтый;держим;ставка не тратится: показы есть, кликов нет;7.30;24.2;;0.0;0.00;0;0;0;0;0;0;0;4;0;2;
912819423;35500111;🟡 жёлтый;держим;ставка не тратится: показы есть, кликов нет;7.30;35.2;;10.2;0.00;0;0;0;0;0;0;0;1;0;0;
324993797;35512317;🟡 жёлтый;держим;ставка не тратится: показы есть, кликов нет;7.30;34.2;;9.2;0.00;0;0;0;0;0;0;0;4;0;0;
912837235;35500111;🟡 жёлтый;держим;ставка не тратится: показы есть, кликов нет;7.30;21.9;;0.0;0.00;0;0;0;0;0;0;0;1;0;0;
887704573;35501509;🟡 жёлтый;держим;ставка не тратится: показы есть, кликов нет;7.30;20.9;;0.0;0.00;0;0;0;0;0;0;0;4;0;0;
882860863;35503146;🟡 жёлтый;держим;ставка не тратится: показы есть, кликов нет;7.30;36.8;;11.8;0.00;0;0;0;0;0;0;0;1;0;0;
862510262;35509256;🟡 жёлтый;держим;ставка не тратится: показы есть, кликов нет;7.30;21.7;;0.0;0.00;0;0;0;0;0;0;0;3;0;0;
860508261;35498839;🟡 жёлтый;держим;ставка не тратится: показы есть, кликов нет;7.30;25.9;;0.9;0.00;0;0;0;0;0;0;0;2;0;0;
324989483;35508987;🟡 жёлтый;держим;ставка не тратится: показы есть, кликов нет;7.30;46.4;;21.4;0.00;0;0;0;0;0;0;1;12;0;4;
862401544;35509256;🟡 жёлтый;держим;ставка не тратится: показы есть, кликов нет;7.30;21.1;;0.0;0.00;0;0;0;0;0;0;0;3;0;0;
313184631;35512936;🟡 жёлтый;держим;ставка не тратится: показы есть, кликов нет;7.30;27.2;;2.2;0.00;0;0;0;0;0;0;0;30;0;1;
323251424;36459075;🟡 жёлтый;держим;ставка не тратится: показы есть, кликов нет;7.30;20.4;;0.0;0.00;0;0;0;0;0;0;0;1;0;0;
912914437;35499128;🟡 жёлтый;держим;ставка не тратится: показы есть, кликов нет;7.30;50.0;;25.0;0.00;0;0;0;0;0;0;0;2;0;0;
313183922;36459301;🟡 жёлтый;держим;ставка не тратится: показы есть, кликов нет;7.30;16.7;;0.0;0.00;0;0;0;0;0;0;0;2;0;0;
865117346;35500638;🟡 жёлтый;держим;ставка не тратится: показы есть, кликов нет;7.30;25.4;;0.4;0.00;0;0;0;0;0;0;0;2;0;0;
323166899;36458948;🟡 жёлтый;держим;ставка не тратится: показы есть, кликов нет;7.30;38.6;;13.6;0.00;0;0;0;0;0;0;0;1;0;2;
912953216;35499491;🟡 жёлтый;держим;ставка не тратится: показы есть, кликов нет;7.30;34.8;;9.8;0.00;0;0;0;0;0;0;0;1;0;0;
323298704;36459301;🟡 жёлтый;держим;ставка не тратится: показы есть, кликов нет;7.30;31.4;;6.4;0.00;0;0;0;0;0;0;0;2;0;0;
313188684;35509833;🟡 жёлтый;держим;ставка не тратится: показы есть, кликов нет;7.30;38.1;;13.1;0.00;0;0;0;0;0;0;0;6;0;1;
313183346;36462624;🟡 жёлтый;держим;ставка не тратится: показы есть, кликов нет;7.30;22.2;;0.0;0.00;0;0;0;0;0;0;0;9;0;0;
880330495;35504156;🟡 жёлтый;держим;ставка не тратится: показы есть, кликов нет;7.30;31.2;;6.2;0.00;0;0;0;0;0;0;0;1;0;0;
471271176;35511919;🟡 жёлтый;держим;ставка не тратится: показы есть, кликов нет;7.30;26.0;;1.0;0.00;0;0;0;0;0;0;0;1;0;0;
862486652;35509256;🟡 жёлтый;держим;ставка не тратится: показы есть, кликов нет;7.30;20.8;;0.0;0.00;0;0;0;0;0;0;0;1;0;0;
876104893;35505238;🟡 жёлтый;держим;ставка не тратится: показы есть, кликов нет;7.30;36.8;;11.8;0.00;0;0;0;0;0;0;0;4;0;0;
915944562;35498671;🟡 жёлтый;держим;ставка не тратится: показы есть, кликов нет;7.30;26.2;;1.2;0.00;0;0;0;0;0;0;0;2;0;0;
323254140;36459894;🟡 жёлтый;держим;ставка не тратится: показы есть, кликов нет;7.30;17.5;;0.0;0.00;0;0;0;0;0;0;0;2;0;0;
882823820;35503414;🟡 жёлтый;держим;ставка не тратится: показы есть, кликов нет;7.30;41.3;;16.3;0.00;0;0;0;0;0;0;0;1;0;0;
521529213;35513180;🟡 жёлтый;держим;ставка не тратится: показы есть, кликов нет;7.30;37.2;;12.2;0.00;0;0;0;0;0;0;0;6;0;0;
323322528;35514511;🟡 жёлтый;держим;ставка не тратится: показы есть, кликов нет;7.30;33.2;;8.2;0.00;0;0;0;0;0;0;0;1;0;0;
887299816;35501509;🟡 жёлтый;держим;ставка не тратится: показы есть, кликов нет;7.30;27.3;;2.3;0.00;0;0;0;0;0;0;0;11;0;0;
874751328;35500638;🟡 жёлтый;держим;ставка не тратится: показы есть, кликов нет;7.30;19.7;;0.0;0.00;0;0;0;0;0;0;0;5;0;0;
865514107;35508061;🟡 жёлтый;держим;ставка не тратится: показы есть, кликов нет;7.30;20.1;;0.0;0.00;0;0;0;0;0;0;0;1;0;0;
872411115;35505900;🟡 жёлтый;держим;ставка не тратится: показы есть, кликов нет;7.30;40.0;;15.0;0.00;0;0;0;0;0;0;0;2;0;0;
381004977;35511919;🟡 жёлтый;держим;ставка не тратится: показы есть, кликов нет;7.30;24.8;;0.0;0.00;0;0;0;0;0;0;0;6;0;0;
884565851;35502769;🟡 жёлтый;держим;ставка не тратится: показы есть, кликов нет;7.30;33.5;;8.5;0.00;0;0;0;0;0;0;0;1;0;0;
324984094;35514511;🟡 жёлтый;держим;ставка не тратится: показы есть, кликов нет;7.30;32.3;;7.3;0.00;0;0;0;0;0;0;0;2;0;0;
323107513;36460596;🟡 жёлтый;держим;ставка не тратится: показы есть, кликов нет;7.30;38.5;;13.5;0.00;0;0;0;0;0;0;1;22;0;0;
869083968;35507796;🟡 жёлтый;держим;ставка не тратится: показы есть, кликов нет;7.30;35.6;;10.6;0.00;0;0;0;0;0;0;0;3;0;0;
880639971;35503784;🟡 жёлтый;держим;ставка не тратится: показы есть, кликов нет;7.30;31.2;;6.2;0.00;0;0;0;0;0;0;0;2;0;0;
879577359;35504537;🟡 жёлтый;держим;ставка не тратится: показы есть, кликов нет;7.30;28.0;;3.0;0.00;0;0;0;0;0;0;0;2;0;0;
324994902;35512317;🟡 жёлтый;держим;ставка не тратится: показы есть, кликов нет;7.30;28.4;;3.4;0.00;0;0;0;0;0;0;0;4;0;0;
871735620;35506296;🟡 жёлтый;держим;ставка не тратится: показы есть, кликов нет;7.30;37.0;;12.0;0.00;0;0;0;0;0;0;0;10;0;0;
876150894;35505238;🟡 жёлтый;держим;ставка не тратится: показы есть, кликов нет;7.30;36.8;;11.8;0.00;0;0;0;0;0;0;0;3;0;0;
874848237;35505238;🟡 жёлтый;держим;ставка не тратится: показы есть, кликов нет;7.30;18.1;;0.0;0.00;0;0;0;0;0;0;0;1;0;0;
865334855;35508404;🟡 жёлтый;держим;ставка не тратится: показы есть, кликов нет;7.30;20.0;;0.0;0.00;0;0;0;0;0;0;0;1;0;0;
323231406;35515230;🟡 жёлтый;держим;ставка не тратится: показы есть, кликов нет;7.30;41.0;;16.0;0.00;0;0;0;0;0;0;0;1;0;0;
923513315;35497681;🟡 жёлтый;держим;ставка не тратится: показы есть, кликов нет;7.30;34.9;;9.9;0.00;0;0;0;0;0;0;0;5;0;0;
882874925;35501262;🟡 жёлтый;держим;ставка не тратится: показы есть, кликов нет;7.30;19.7;;0.0;0.00;0;0;0;0;0;0;0;2;0;0;
872375384;35505900;🟡 жёлтый;держим;ставка не тратится: показы есть, кликов нет;7.30;28.4;;3.4;0.00;0;0;0;0;0;0;0;6;0;0;
869217568;35505900;🟡 жёлтый;держим;ставка не тратится: показы есть, кликов нет;7.30;17.8;;0.0;0.00;0;0;0;0;0;0;0;1;0;0;
877784569;35504951;🟡 жёлтый;держим;ставка не тратится: показы есть, кликов нет;7.30;36.2;;11.2;0.00;0;0;0;0;0;0;0;2;0;0;
877205406;35505238;🟡 жёлтый;держим;ставка не тратится: показы есть, кликов нет;7.30;27.8;;2.8;0.00;0;0;0;0;0;0;0;9;0;0;
323132216;35514511;🟡 жёлтый;держим;ставка не тратится: показы есть, кликов нет;7.30;21.5;;0.0;0.00;0;0;0;0;0;0;0;1;0;0;
913003739;35498621;🟡 жёлтый;держим;ставка не тратится: показы есть, кликов нет;7.30;27.6;;2.6;0.00;0;0;0;0;0;0;0;10;0;0;
497230631;35508987;🟡 жёлтый;держим;ставка не тратится: показы есть, кликов нет;7.30;43.1;;18.1;0.00;0;0;0;0;0;0;0;14;0;2;
323363904;35497916;🟡 жёлтый;держим;ставка не тратится: показы есть, кликов нет;7.30;27.4;;2.4;0.00;0;0;0;0;0;0;0;1;0;0;
871709460;35506296;🟡 жёлтый;держим;ставка не тратится: показы есть, кликов нет;7.30;40.1;;15.1;0.00;0;0;0;0;0;0;0;5;0;0;
552820715;35498926;🟡 жёлтый;держим;ставка не тратится: показы есть, кликов нет;7.30;40.9;;15.9;0.00;0;0;0;0;0;0;0;19;0;0;
882128819;35503414;🟡 жёлтый;держим;ставка не тратится: показы есть, кликов нет;7.30;36.4;;11.4;0.00;0;0;0;0;0;0;0;4;0;0;
880291671;35504156;🟡 жёлтый;держим;ставка не тратится: показы есть, кликов нет;7.30;39.9;;14.9;0.00;0;0;0;0;0;0;0;1;0;0;
861598556;35497479;🟡 жёлтый;держим;ставка не тратится: показы есть, кликов нет;7.30;25.3;;0.3;0.00;0;0;0;0;0;0;0;2;0;0;
324986861;35514220;🟡 жёлтый;держим;ставка не тратится: показы есть, кликов нет;7.30;23.2;;0.0;0.00;0;0;0;0;0;0;0;1;0;0;
923490503;35497916;🟡 жёлтый;держим;ставка не тратится: показы есть, кликов нет;7.30;24.6;;0.0;0.00;0;0;0;0;0;0;0;3;0;0;
865349881;35508404;🟡 жёлтый;держим;ставка не тратится: показы есть, кликов нет;7.30;22.1;;0.0;0.00;0;0;0;0;0;0;0;8;0;0;
886609511;35497479;🟡 жёлтый;держим;ставка не тратится: показы есть, кликов нет;7.30;25.7;;0.7;0.00;0;0;0;0;0;0;0;3;0;0;
874736304;35505238;🟡 жёлтый;держим;ставка не тратится: показы есть, кликов нет;7.30;19.3;;0.0;0.00;0;0;0;0;0;0;0;2;0;0;
872373543;35505900;🟡 жёлтый;держим;ставка не тратится: показы есть, кликов нет;7.30;52.0;;27.0;0.00;0;0;0;0;0;0;0;5;0;0;
885310137;35502200;🟡 жёлтый;держим;ставка не тратится: показы есть, кликов нет;7.30;19.0;;0.0;0.00;0;0;0;0;0;0;0;3;0;0;
913004473;35498621;🟡 жёлтый;держим;ставка не тратится: показы есть, кликов нет;7.30;27.6;;2.6;0.00;0;0;0;0;0;0;0;13;0;0;
912738563;35500111;🟡 жёлтый;держим;ставка не тратится: показы есть, кликов нет;7.30;30.0;;5.0;0.00;0;0;0;0;0;0;0;2;0;0;
874424339;35505545;🟡 жёлтый;держим;ставка не тратится: показы есть, кликов нет;7.30;20.9;;0.0;0.00;0;0;0;0;0;0;0;2;0;0;
872364875;35506296;🟡 жёлтый;держим;ставка не тратится: показы есть, кликов нет;7.30;32.0;;7.0;0.00;0;0;0;0;0;0;0;2;0;0;
323150420;35509833;🟡 жёлтый;держим;ставка не тратится: показы есть, кликов нет;7.30;27.9;;2.9;0.00;0;0;0;0;0;0;0;64;0;0;
880310212;35504156;🟡 жёлтый;держим;ставка не тратится: показы есть, кликов нет;7.30;35.2;;10.2;0.00;0;0;0;0;0;0;0;1;0;0;
381002184;35511919;🟡 жёлтый;держим;ставка не тратится: показы есть, кликов нет;7.30;31.2;;6.2;0.00;0;0;0;0;0;0;0;1;0;0;
877255225;35498621;🟡 жёлтый;держим;ставка не тратится: показы есть, кликов нет;7.30;40.5;;15.5;0.00;0;0;0;0;0;0;0;1;0;0;
323193415;36459301;🟡 жёлтый;держим;ставка не тратится: показы есть, кликов нет;7.30;21.6;;0.0;0.00;0;0;0;0;0;0;0;5;0;0;
865126608;35508404;🟡 жёлтый;держим;ставка не тратится: показы есть, кликов нет;7.30;31.0;;6.0;0.00;0;0;0;0;0;0;0;1;0;0;
878164115;35504951;🟡 жёлтый;держим;ставка не тратится: показы есть, кликов нет;7.30;26.3;;1.3;0.00;0;0;0;0;0;0;0;1;0;0;
869304440;35507605;🟡 жёлтый;держим;ставка не тратится: показы есть, кликов нет;7.30;18.6;;0.0;0.00;0;0;0;0;0;0;0;1;0;0;
859078768;35509833;🟡 жёлтый;держим;ставка не тратится: показы есть, кликов нет;7.30;23.1;;0.0;0.00;0;0;0;0;0;0;0;2;0;0;
323362636;35498462;🟡 жёлтый;держим;ставка не тратится: показы есть, кликов нет;7.30;39.7;;14.7;0.00;0;0;0;0;0;0;0;1;0;0;
913032738;35498926;🟡 жёлтый;держим;ставка не тратится: показы есть, кликов нет;7.30;41.1;;16.1;0.00;0;0;0;0;0;0;0;1;0;0;
880634485;35503784;🟡 жёлтый;держим;ставка не тратится: показы есть, кликов нет;7.30;32.9;;7.9;0.00;0;0;0;0;0;0;0;10;0;2;
860380380;35509529;🟡 жёлтый;держим;ставка не тратится: показы есть, кликов нет;7.30;30.1;;5.1;0.00;0;0;0;0;0;0;0;6;0;0;
865168669;35508404;🟡 жёлтый;держим;ставка не тратится: показы есть, кликов нет;7.30;24.3;;0.0;0.00;0;0;0;0;0;0;0;2;0;0;
881018459;35503784;🟡 жёлтый;держим;ставка не тратится: показы есть, кликов нет;7.30;17.7;;0.0;0.00;0;0;0;0;0;0;0;1;0;1;
324995873;35495292;🟡 жёлтый;держим;ставка не тратится: показы есть, кликов нет;7.30;23.5;;0.0;0.00;0;0;0;0;0;0;0;2;0;0;
884052521;35502769;🟡 жёлтый;держим;ставка не тратится: показы есть, кликов нет;7.30;33.8;;8.8;0.00;0;0;0;0;0;0;0;3;0;0;
885352276;35502200;🟡 жёлтый;держим;ставка не тратится: показы есть, кликов нет;7.30;23.4;;0.0;0.00;0;0;0;0;0;0;0;4;0;0;
885244680;35502200;🟡 жёлтый;держим;ставка не тратится: показы есть, кликов нет;7.30;27.9;;2.9;0.00;0;0;0;0;0;0;0;15;0;0;
865148919;35500249;🟡 жёлтый;держим;ставка не тратится: показы есть, кликов нет;7.30;24.1;;0.0;0.00;0;0;0;0;0;0;0;2;0;0;
887251390;35501509;🟡 жёлтый;держим;ставка не тратится: показы есть, кликов нет;7.30;42.0;;17.0;0.00;0;0;0;0;0;0;0;6;0;0;
872364250;35506296;🟡 жёлтый;держим;ставка не тратится: показы есть, кликов нет;7.30;32.0;;7.0;0.00;0;0;0;0;0;0;0;6;0;0;
863441624;35508624;🟡 жёлтый;держим;ставка не тратится: показы есть, кликов нет;7.30;19.8;;0.0;0.00;0;0;0;0;0;0;0;1;0;0;
872422998;35505900;🟡 жёлтый;держим;ставка не тратится: показы есть, кликов нет;7.30;40.0;;15.0;0.00;0;0;0;0;0;0;0;8;0;0;
861658012;35500638;🟡 жёлтый;держим;ставка не тратится: показы есть, кликов нет;7.30;24.3;;0.0;0.00;0;0;0;0;0;0;0;5;0;0;
886357529;36458352;🟡 жёлтый;держим;ставка не тратится: показы есть, кликов нет;7.30;25.6;;0.6;0.00;0;0;0;0;0;0;0;1;0;0;
869369585;35507605;🟡 жёлтый;держим;ставка не тратится: показы есть, кликов нет;7.30;28.4;;3.4;0.00;0;0;0;0;0;0;0;6;0;0;
323288791;35514511;🟡 жёлтый;держим;ставка не тратится: показы есть, кликов нет;7.30;22.2;;0.0;0.00;0;0;0;0;0;0;0;1;0;0;
912703888;35500111;🟡 жёлтый;держим;ставка не тратится: показы есть, кликов нет;7.30;30.0;;5.0;0.00;0;0;0;0;0;0;0;3;0;1;
878615061;35504951;🟡 жёлтый;держим;ставка не тратится: показы есть, кликов нет;7.30;38.4;;13.4;0.00;0;0;0;0;0;0;0;1;0;0;
323189533;35513491;🟡 жёлтый;держим;ставка не тратится: показы есть, кликов нет;7.30;26.9;;1.9;0.00;0;0;0;0;0;0;0;2;0;1;
886358205;36458352;🟡 жёлтый;держим;ставка не тратится: показы есть, кликов нет;7.30;25.6;;0.6;0.00;0;0;0;0;0;0;0;1;0;0;
323240475;35495292;🟡 жёлтый;держим;ставка не тратится: показы есть, кликов нет;7.30;22.0;;0.0;0.00;0;0;0;0;0;0;0;7;0;0;
874384992;35505545;🟡 жёлтый;держим;ставка не тратится: показы есть, кликов нет;7.30;18.6;;0.0;0.00;0;0;0;0;0;0;0;1;0;0;
323158854;35513491;🟡 жёлтый;держим;ставка не тратится: показы есть, кликов нет;7.30;35.6;;10.6;0.00;0;0;0;0;0;0;0;1;0;0;
884038631;35502769;🟡 жёлтый;держим;ставка не тратится: показы есть, кликов нет;7.30;33.8;;8.8;0.00;0;0;0;0;0;0;0;2;0;0;
912772866;35500111;🟡 жёлтый;держим;ставка не тратится: показы есть, кликов нет;7.30;36.2;;11.2;0.00;0;0;0;0;0;0;0;2;0;0;
912761100;35497479;🟡 жёлтый;держим;ставка не тратится: показы есть, кликов нет;7.30;25.7;;0.7;0.00;0;0;0;0;0;0;0;9;0;0;
923514614;35497916;🟡 жёлтый;держим;ставка не тратится: показы есть, кликов нет;7.30;34.9;;9.9;0.00;0;0;0;0;0;0;0;4;0;0;
313183755;35513180;🟡 жёлтый;держим;ставка не тратится: показы есть, кликов нет;7.30;22.5;;0.0;0.00;0;0;0;0;0;0;0;17;0;0;
883381407;35502978;🟡 жёлтый;держим;ставка не тратится: показы есть, кликов нет;7.30;18.9;;0.0;0.00;0;0;0;0;0;0;0;4;0;0;
923640597;35497681;🟡 жёлтый;держим;ставка не тратится: показы есть, кликов нет;7.30;44.7;;19.7;0.00;0;0;0;0;0;0;0;3;0;0;
869286864;35501509;🟡 жёлтый;держим;ставка не тратится: показы есть, кликов нет;7.30;23.2;;0.0;0.00;0;0;0;0;0;0;0;2;0;0;
915324085;35498781;🟡 жёлтый;держим;ставка не тратится: показы есть, кликов нет;7.30;40.3;;15.3;0.00;0;0;0;0;0;0;0;1;0;0;
923600630;35497681;🟡 жёлтый;держим;ставка не тратится: показы есть, кликов нет;7.30;37.9;;12.9;0.00;0;0;0;0;0;0;0;8;0;0;
416660120;36463324;🟡 жёлтый;держим;ставка не тратится: показы есть, кликов нет;7.30;28.2;;3.2;0.00;0;0;0;0;0;0;0;8;0;0;
881966072;35503414;🟡 жёлтый;держим;ставка не тратится: показы есть, кликов нет;7.30;19.1;;0.0;0.00;0;0;0;0;0;0;0;1;0;0;
858254924;35501262;🟡 жёлтый;держим;ставка не тратится: показы есть, кликов нет;7.30;24.0;;0.0;0.00;0;0;0;0;0;0;0;2;0;1;
860382884;35509256;🟡 жёлтый;держим;ставка не тратится: показы есть, кликов нет;7.30;21.3;;0.0;0.00;0;0;0;0;0;0;0;28;0;0;
323331667;35512936;🟡 жёлтый;держим;ставка не тратится: показы есть, кликов нет;7.30;36.3;;11.3;0.00;0;0;0;0;0;0;0;6;0;0;
323270766;35499257;🟡 жёлтый;держим;ставка не тратится: показы есть, кликов нет;7.30;31.9;;6.9;0.00;0;0;0;0;0;0;0;1;0;0;
501359779;35510132;🟡 жёлтый;держим;ставка не тратится: показы есть, кликов нет;7.30;37.1;;12.1;0.00;0;0;0;0;0;0;0;2;0;0;
313184493;35495292;🟡 жёлтый;держим;ставка не тратится: показы есть, кликов нет;7.30;31.2;;6.2;0.00;0;0;0;0;0;0;0;3;0;0;
865225493;35508061;🟡 жёлтый;держим;ставка не тратится: показы есть, кликов нет;7.30;34.2;;9.2;0.00;0;0;0;0;0;0;0;8;0;0;
872419558;35505900;🟡 жёлтый;держим;ставка не тратится: показы есть, кликов нет;7.30;40.0;;15.0;0.00;0;0;0;0;0;0;0;2;0;0;
867097265;35505900;🟡 жёлтый;держим;ставка не тратится: показы есть, кликов нет;7.30;33.1;;8.1;0.00;0;0;0;0;0;0;0;6;0;0;
323108522;36460596;🟡 жёлтый;держим;ставка не тратится: показы есть, кликов нет;7.30;19.2;;0.0;0.00;0;0;0;0;0;0;0;1;0;0;
434806661;35512936;🟡 жёлтый;держим;ставка не тратится: показы есть, кликов нет;7.30;25.8;;0.8;0.00;0;0;0;0;0;0;0;2;0;0;
876154841;35505238;🟡 жёлтый;держим;ставка не тратится: показы есть, кликов нет;7.30;36.8;;11.8;0.00;0;0;0;0;0;0;0;3;0;0;
862408459;35509256;🟡 жёлтый;держим;ставка не тратится: показы есть, кликов нет;7.30;24.9;;0.0;0.00;0;0;0;0;0;0;0;2;0;0;
323140236;35513872;🟡 жёлтый;держим;ставка не тратится: показы есть, кликов нет;7.30;33.1;;8.1;0.00;0;0;0;0;0;0;0;1;0;0;
874856278;35505238;🟡 жёлтый;держим;ставка не тратится: показы есть, кликов нет;7.30;19.8;;0.0;0.00;0;0;0;0;0;0;0;1;0;0;
880305789;35504156;🟡 жёлтый;держим;ставка не тратится: показы есть, кликов нет;7.30;36.1;;11.1;0.00;0;0;0;0;0;0;0;1;0;0;
880199234;35588483;🟡 жёлтый;держим;ставка не тратится: показы есть, кликов нет;7.30;36.3;;11.3;0.00;0;0;0;0;0;0;1;2;0;1;
323361120;36463324;🟡 жёлтый;держим;ставка не тратится: показы есть, кликов нет;7.30;42.1;;17.1;0.00;0;0;0;0;0;0;0;2;0;1;
323312329;35588483;🟡 жёлтый;держим;ставка не тратится: показы есть, кликов нет;7.30;22.7;;0.0;0.00;0;0;0;0;0;0;0;2;0;0;
909177067;35500111;🟡 жёлтый;держим;ставка не тратится: показы есть, кликов нет;7.30;25.7;;0.7;0.00;0;0;0;0;0;0;0;1;0;0;
498770591;35510132;🟡 жёлтый;держим;ставка не тратится: показы есть, кликов нет;7.30;22.7;;0.0;0.00;0;0;0;0;0;0;0;1;0;3;
885343646;35502200;🟡 жёлтый;держим;ставка не тратится: показы есть, кликов нет;7.30;31.1;;6.1;0.00;0;0;0;0;0;0;0;14;0;0;
313215759;36458352;🟡 жёлтый;держим;ставка не тратится: показы есть, кликов нет;7.30;19.1;;0.0;0.00;0;0;0;0;0;0;0;1;0;0;
913011241;35498621;🟡 жёлтый;держим;ставка не тратится: показы есть, кликов нет;7.30;28.3;;3.3;0.00;0;0;0;0;0;0;0;1;0;0;
923512762;35497681;🟡 жёлтый;держим;ставка не тратится: показы есть, кликов нет;7.30;34.9;;9.9;0.00;0;0;0;0;0;0;0;1;0;0;
861618961;35497479;🟡 жёлтый;держим;ставка не тратится: показы есть, кликов нет;7.30;29.8;;4.8;0.00;0;0;0;0;0;0;0;1;0;0;
865463948;35508061;🟡 жёлтый;держим;ставка не тратится: показы есть, кликов нет;7.30;43.1;;18.1;0.00;0;0;0;0;0;0;0;8;0;0;
323340875;35495292;🟡 жёлтый;держим;ставка не тратится: показы есть, кликов нет;7.30;31.0;;6.0;0.00;0;0;0;0;0;0;0;1;0;0;
313185237;36459468;🟡 жёлтый;держим;ставка не тратится: показы есть, кликов нет;7.30;27.2;;2.2;0.00;0;0;0;0;0;0;0;19;0;1;
1003384014;36462624;🟡 жёлтый;держим;ставка не тратится: показы есть, кликов нет;7.30;25.2;;0.2;0.00;0;0;0;0;0;0;0;1;0;0;
876165481;35505238;🟡 жёлтый;держим;ставка не тратится: показы есть, кликов нет;7.30;36.9;;11.9;0.00;0;0;0;0;0;0;0;2;0;0;
323152451;36459075;🟡 жёлтый;держим;ставка не тратится: показы есть, кликов нет;7.30;37.5;;12.5;0.00;0;0;0;0;0;0;0;3;0;0;
323238787;35497479;🟡 жёлтый;держим;ставка не тратится: показы есть, кликов нет;7.30;48.4;;23.4;0.00;0;0;0;0;0;0;0;2;0;0;
885225545;35502200;🟡 жёлтый;держим;ставка не тратится: показы есть, кликов нет;7.30;25.6;;0.6;0.00;0;0;0;0;0;0;0;22;0;0;
323237382;36463324;🟡 жёлтый;держим;ставка не тратится: показы есть, кликов нет;7.30;20.2;;0.0;0.00;0;0;0;0;0;1;0;2;0;0;
323312054;35495292;🟡 жёлтый;держим;ставка не тратится: показы есть, кликов нет;7.30;32.6;;7.6;0.00;0;0;0;0;0;0;0;1;0;0;
876916112;35497479;🟡 жёлтый;держим;ставка не тратится: показы есть, кликов нет;7.30;25.7;;0.7;0.00;0;0;0;0;0;0;0;4;0;0;
323231575;35495292;🟡 жёлтый;держим;ставка не тратится: показы есть, кликов нет;7.30;25.8;;0.8;0.00;0;0;0;0;0;0;0;2;0;0;
882054759;35503414;🟡 жёлтый;держим;ставка не тратится: показы есть, кликов нет;7.30;39.5;;14.5;0.00;0;0;0;0;0;0;0;10;0;0;
859711622;35509529;🟡 жёлтый;держим;ставка не тратится: показы есть, кликов нет;7.30;19.9;;0.0;0.00;0;0;0;0;0;0;0;1;0;0;
913007673;35498462;🟡 жёлтый;держим;ставка не тратится: показы есть, кликов нет;7.30;27.6;;2.6;0.00;0;0;0;0;0;0;0;7;0;0;
871675015;35507256;🟡 жёлтый;держим;ставка не тратится: показы есть, кликов нет;7.30;30.4;;5.4;0.00;0;0;0;0;0;0;0;3;0;0;
872290620;35506296;🟡 жёлтый;держим;ставка не тратится: показы есть, кликов нет;7.30;38.9;;13.9;0.00;0;0;0;0;0;0;0;14;0;0;
885125421;35502769;🟡 жёлтый;держим;ставка не тратится: показы есть, кликов нет;7.30;22.9;;0.0;0.00;0;0;0;0;0;0;0;1;0;0;
882847584;35503146;🟡 жёлтый;держим;ставка не тратится: показы есть, кликов нет;7.30;23.9;;0.0;0.00;0;0;0;0;0;0;0;1;0;0;
871678890;35507256;🟡 жёлтый;держим;ставка не тратится: показы есть, кликов нет;7.30;24.4;;0.0;0.00;0;0;0;0;0;0;0;2;0;0;
871078912;35507256;🟡 жёлтый;держим;ставка не тратится: показы есть, кликов нет;7.30;24.2;;0.0;0.00;0;0;0;0;0;0;0;2;0;0;
862405209;35509256;🟡 жёлтый;держим;ставка не тратится: показы есть, кликов нет;7.30;21.1;;0.0;0.00;0;0;0;0;0;0;0;1;0;0;
872279662;35506296;🟡 жёлтый;держим;ставка не тратится: показы есть, кликов нет;7.30;38.9;;13.9;0.00;0;0;0;0;0;0;0;1;0;0;
435046854;35513491;🟡 жёлтый;держим;ставка не тратится: показы есть, кликов нет;7.30;39.9;;14.9;0.00;0;0;0;0;0;0;0;2;0;0;
323194350;36463324;🟡 жёлтый;держим;ставка не тратится: показы есть, кликов нет;7.30;20.2;;0.0;0.00;0;0;0;0;0;0;0;21;0;5;
880564416;35503414;🟡 жёлтый;держим;ставка не тратится: показы есть, кликов нет;7.30;23.4;;0.0;0.00;0;0;0;0;0;0;0;2;0;0;
871031288;35507605;🟡 жёлтый;держим;ставка не тратится: показы есть, кликов нет;7.30;21.0;;0.0;0.00;0;0;0;0;0;0;0;9;0;0;
869359327;35507605;🟡 жёлтый;держим;ставка не тратится: показы есть, кликов нет;7.30;21.9;;0.0;0.00;0;0;0;0;0;0;0;4;0;0;
887094335;35501683;🟡 жёлтый;держим;ставка не тратится: показы есть, кликов нет;7.30;31.3;;6.3;0.00;0;0;0;0;0;0;0;20;0;0;
323302719;36463324;🟡 жёлтый;держим;ставка не тратится: показы есть, кликов нет;7.30;23.8;;0.0;0.00;0;0;0;0;0;0;0;1;0;0;
313191572;36463324;🟡 жёлтый;держим;ставка не тратится: показы есть, кликов нет;7.30;28.1;;3.1;0.00;0;0;0;0;0;0;1;11;0;5;
323151079;36458948;🟡 жёлтый;держим;ставка не тратится: показы есть, кликов нет;7.30;28.6;;3.6;0.00;0;0;0;0;0;0;0;1;0;0;
871744035;35506296;🟡 жёлтый;держим;ставка не тратится: показы есть, кликов нет;7.30;39.6;;14.6;0.00;0;0;0;0;0;0;0;1;0;0;
885358778;35502200;🟡 жёлтый;держим;ставка не тратится: показы есть, кликов нет;7.30;16.4;;0.0;0.00;0;0;0;0;0;0;0;1;0;0;
915972555;35498671;🟡 жёлтый;держим;ставка не тратится: показы есть, кликов нет;7.30;26.2;;1.2;0.00;0;0;0;0;0;0;0;5;0;0;
435276640;35509833;🟡 жёлтый;держим;ставка не тратится: показы есть, кликов нет;7.30;25.9;;0.9;0.00;0;0;0;0;0;0;0;4;0;0;
313183376;36459301;🟡 жёлтый;держим;ставка не тратится: показы есть, кликов нет;7.30;36.2;;11.2;0.00;0;0;0;0;0;0;0;3;0;0;
555380173;35508987;🟡 жёлтый;держим;ставка не тратится: показы есть, кликов нет;7.30;43.5;;18.5;0.00;0;0;0;0;0;0;0;6;0;1;
323181911;36459301;🟡 жёлтый;держим;ставка не тратится: показы есть, кликов нет;7.30;30.5;;5.5;0.00;0;0;0;0;0;0;0;2;0;0;
323109211;36460596;🟡 жёлтый;держим;ставка не тратится: показы есть, кликов нет;7.30;36.3;;11.3;0.00;0;0;0;0;0;0;0;1;0;0;
313183169;35509833;🟡 жёлтый;держим;ставка не тратится: показы есть, кликов нет;7.30;23.6;;0.0;0.00;0;0;0;0;0;0;0;34;0;0;
881981626;35501028;🟡 жёлтый;держим;ставка не тратится: показы есть, кликов нет;7.30;25.3;;0.3;0.00;0;0;0;0;0;0;0;1;0;0;
878601617;35504951;🟡 жёлтый;держим;ставка не тратится: показы есть, кликов нет;7.30;38.4;;13.4;0.00;0;0;0;0;0;0;0;2;0;0;
323181467;35509833;🟡 жёлтый;держим;ставка не тратится: показы есть, кликов нет;7.30;37.0;;12.0;0.00;0;0;0;0;0;0;0;1;0;0;
923519457;35497681;🟡 жёлтый;держим;ставка не тратится: показы есть, кликов нет;7.30;34.9;;9.9;0.00;0;0;0;0;0;0;0;2;0;0;
313193906;35514926;🟡 жёлтый;держим;ставка не тратится: показы есть, кликов нет;7.30;33.9;;8.9;0.00;0;0;0;0;0;0;0;6;0;0;
923581354;35497681;🟡 жёлтый;держим;ставка не тратится: показы есть, кликов нет;7.30;36.6;;11.6;0.00;0;0;0;0;0;0;0;8;0;0;
884054067;35502769;🟡 жёлтый;держим;ставка не тратится: показы есть, кликов нет;7.30;33.8;;8.8;0.00;0;0;0;0;0;0;0;3;0;0;
915917342;35498671;🟡 жёлтый;держим;ставка не тратится: показы есть, кликов нет;7.30;34.2;;9.2;0.00;0;0;0;0;0;0;0;7;0;0;
323363709;35512317;🟡 жёлтый;держим;ставка не тратится: показы есть, кликов нет;7.30;31.9;;6.9;0.00;0;0;0;0;0;0;0;1;0;1;
323161713;35588483;🟡 жёлтый;держим;ставка не тратится: показы есть, кликов нет;7.30;23.4;;0.0;0.00;0;0;0;0;0;0;0;2;0;0;
323226345;35512936;🟡 жёлтый;держим;в KPI, заказов нет — наблюдаем;7.30;27.3;;2.3;7.30;0;0;0;0;0;0;1;53;1;1;
923521207;35497681;🟡 жёлтый;держим;ставка не тратится: показы есть, кликов нет;7.30;34.9;;9.9;0.00;0;0;0;0;0;0;0;4;0;0;
434802863;35512936;🟡 жёлтый;держим;ставка не тратится: показы есть, кликов нет;7.30;27.9;;2.9;0.00;0;0;0;0;0;0;0;3;0;0;
355687862;36460596;🟡 жёлтый;держим;ставка не тратится: показы есть, кликов нет;7.30;29.0;;4.0;0.00;0;0;0;0;0;0;0;2;0;0;
323189735;36459301;🟡 жёлтый;держим;ставка не тратится: показы есть, кликов нет;7.30;30.5;;5.5;0.00;0;0;0;0;0;0;0;3;0;0;
527655585;35510132;🟡 жёлтый;держим;ставка не тратится: показы есть, кликов нет;7.30;33.2;;8.2;0.00;0;0;0;0;0;0;0;2;0;0;
915959052;35498671;🟡 жёлтый;держим;ставка не тратится: показы есть, кликов нет;7.30;21.3;;0.0;0.00;0;0;0;0;0;0;0;3;0;0;
923581829;35497681;🟡 жёлтый;держим;ставка не тратится: показы есть, кликов нет;7.30;36.6;;11.6;0.00;0;0;0;0;0;0;0;5;0;0;
323343581;35514220;🟡 жёлтый;держим;ставка не тратится: показы есть, кликов нет;7.30;33.0;;8.0;0.00;0;0;0;0;0;0;0;1;0;0;
324993761;35512317;🟡 жёлтый;держим;ставка не тратится: показы есть, кликов нет;7.30;33.2;;8.2;0.00;0;0;0;0;0;0;0;3;0;0;
874909172;35505238;🟡 жёлтый;держим;ставка не тратится: показы есть, кликов нет;7.30;27.5;;2.5;0.00;0;0;0;0;0;0;0;10;0;0;
323152066;36459301;🟡 жёлтый;держим;ставка не тратится: показы есть, кликов нет;7.30;26.3;;1.3;0.00;0;0;0;0;0;0;0;2;0;0;
869168698;35507796;🟡 жёлтый;держим;ставка не тратится: показы есть, кликов нет;7.30;38.5;;13.5;0.00;0;0;0;0;0;0;0;2;0;0;
871155026;35507256;🟡 жёлтый;держим;ставка не тратится: показы есть, кликов нет;7.30;21.2;;0.0;0.00;0;0;0;0;0;0;0;1;0;0;
808827361;36460596;🟡 жёлтый;держим;ставка не тратится: показы есть, кликов нет;7.30;18.1;;0.0;0.00;0;0;0;0;0;0;0;1;0;0;
865333337;35508404;🟡 жёлтый;держим;ставка не тратится: показы есть, кликов нет;7.30;20.0;;0.0;0.00;0;0;0;0;0;0;0;1;0;1;
313190563;35513180;🟡 жёлтый;держим;ставка не тратится: показы есть, кликов нет;7.30;54.2;;29.2;0.00;0;0;0;0;0;1;0;2;0;0;
313185369;36463324;🟡 жёлтый;держим;ставка не тратится: показы есть, кликов нет;7.30;26.6;;1.6;0.00;0;0;0;0;0;0;0;6;0;0;
915921770;35498671;🟡 жёлтый;держим;ставка не тратится: показы есть, кликов нет;7.30;23.6;;0.0;0.00;0;0;0;0;0;0;0;1;0;0;
323193765;36459468;🟡 жёлтый;держим;ставка не тратится: показы есть, кликов нет;7.30;17.6;;0.0;0.00;0;0;0;0;0;0;0;9;0;0;
882157576;35503414;🟡 жёлтый;держим;ставка не тратится: показы есть, кликов нет;7.30;19.8;;0.0;0.00;0;0;0;0;0;0;0;3;0;0;
881834000;35503414;🟡 жёлтый;держим;ставка не тратится: показы есть, кликов нет;7.30;16.9;;0.0;0.00;0;0;0;0;0;0;0;3;0;0;
912693421;35500111;🟡 жёлтый;держим;ставка не тратится: показы есть, кликов нет;7.30;35.3;;10.3;0.00;0;0;0;0;0;0;0;4;0;0;
873362413;35505545;🟡 жёлтый;держим;ставка не тратится: показы есть, кликов нет;7.30;25.6;;0.6;0.00;0;0;0;0;0;0;0;1;0;0;
880242183;35504156;🟡 жёлтый;держим;ставка не тратится: показы есть, кликов нет;7.30;32.2;;7.2;0.00;0;0;0;0;0;0;0;1;0;0;
865121284;35508624;🟡 жёлтый;держим;ставка не тратится: показы есть, кликов нет;7.30;20.9;;0.0;0.00;0;0;0;0;0;0;0;4;0;0;
923517272;35497681;🟡 жёлтый;держим;ставка не тратится: показы есть, кликов нет;7.30;34.9;;9.9;0.00;0;0;0;0;0;0;0;1;0;0;
323109153;35510132;🟡 жёлтый;держим;ставка не тратится: показы есть, кликов нет;7.30;22.1;;0.0;0.00;0;0;0;0;0;0;0;50;0;1;
862502807;35509256;🟡 жёлтый;держим;ставка не тратится: показы есть, кликов нет;7.30;25.0;;0.0;0.00;0;0;0;0;0;0;0;3;0;0;
923639652;35497681;🟡 жёлтый;держим;ставка не тратится: показы есть, кликов нет;7.30;44.7;;19.7;0.00;0;0;0;0;0;0;0;3;0;0;
868918728;35507796;🟡 жёлтый;держим;ставка не тратится: показы есть, кликов нет;7.30;23.2;;0.0;0.00;0;0;0;0;0;0;0;1;0;0;
313190259;36459468;🟡 жёлтый;держим;ставка не тратится: показы есть, кликов нет;7.30;18.9;;0.0;0.00;0;0;0;0;0;0;0;2;0;0;
869267141;35507605;🟡 жёлтый;держим;ставка не тратится: показы есть, кликов нет;7.30;27.0;;2.0;0.00;0;0;0;0;0;0;0;1;0;0;
817154037;35509833;🟡 жёлтый;держим;ставка не тратится: показы есть, кликов нет;7.30;21.6;;0.0;0.00;0;0;0;0;0;0;0;7;0;3;
323107705;36460596;🟡 жёлтый;держим;ставка не тратится: показы есть, кликов нет;7.30;34.6;;9.6;0.00;0;0;0;0;0;0;0;2;0;0;
863349750;35508624;🟡 жёлтый;держим;ставка не тратится: показы есть, кликов нет;7.30;27.2;;2.2;0.00;0;0;0;0;0;0;0;1;0;0;
861573676;35501262;🟡 жёлтый;держим;ставка не тратится: показы есть, кликов нет;7.30;23.3;;0.0;0.00;0;0;0;0;0;0;0;1;0;0;
323116111;36459301;🟡 жёлтый;держим;ставка не тратится: показы есть, кликов нет;7.30;21.5;;0.0;0.00;0;0;0;0;0;0;0;5;0;0;
881054827;35503784;🟡 жёлтый;держим;ставка не тратится: показы есть, кликов нет;7.30;36.2;;11.2;0.00;0;0;0;0;0;0;0;2;0;0;
923513131;35497681;🟡 жёлтый;держим;ставка не тратится: показы есть, кликов нет;7.30;34.9;;9.9;0.00;0;0;0;0;0;0;0;5;0;0;
874404703;35505545;🟡 жёлтый;держим;ставка не тратится: показы есть, кликов нет;7.30;18.2;;0.0;0.00;0;0;0;0;0;0;0;2;0;0;
879574884;35504537;🟡 жёлтый;держим;ставка не тратится: показы есть, кликов нет;7.30;25.8;;0.8;0.00;0;0;0;0;0;0;0;7;0;0;
883503723;35501028;🟡 жёлтый;держим;ставка не тратится: показы есть, кликов нет;7.30;17.1;;0.0;0.00;0;0;0;0;0;0;0;1;0;0;
887255891;35500638;🟡 жёлтый;держим;ставка не тратится: показы есть, кликов нет;7.30;24.1;;0.0;0.00;0;0;0;0;0;0;0;3;0;0;
886421449;35500638;🟡 жёлтый;держим;ставка не тратится: показы есть, кликов нет;7.30;35.2;;10.2;0.00;0;0;0;0;0;0;0;1;0;0;
313191774;35512642;🟡 жёлтый;держим;ставка не тратится: показы есть, кликов нет;7.30;23.6;;0.0;0.00;0;0;0;0;0;0;0;4;0;2;
923630640;35497681;🟡 жёлтый;держим;ставка не тратится: показы есть, кликов нет;7.30;44.0;;19.0;0.00;0;0;0;0;0;0;0;2;0;0;
873448148;35505545;🟡 жёлтый;держим;ставка не тратится: показы есть, кликов нет;7.30;37.5;;12.5;0.00;0;0;0;0;0;0;0;2;0;0;
313190388;36459301;🟡 жёлтый;держим;ставка не тратится: показы есть, кликов нет;7.30;46.3;;21.3;0.00;0;0;0;0;0;0;0;1;0;0;
432706398;35498926;🟡 жёлтый;держим;ставка не тратится: показы есть, кликов нет;7.30;23.8;;0.0;0.00;0;0;0;0;0;0;0;1;0;0;
886303793;36458352;🟡 жёлтый;держим;ставка не тратится: показы есть, кликов нет;7.30;36.8;;11.8;0.00;0;0;0;0;0;0;0;7;0;0;
343240068;35501262;🟡 жёлтый;держим;ставка не тратится: показы есть, кликов нет;7.30;36.8;;11.8;0.00;0;0;0;0;0;0;0;1;0;0;
886373053;35501886;🟡 жёлтый;держим;ставка не тратится: показы есть, кликов нет;7.30;37.3;;12.3;0.00;0;0;0;0;0;0;0;1;0;0;
886569810;35501886;🟡 жёлтый;держим;ставка не тратится: показы есть, кликов нет;7.30;43.1;;18.1;0.00;0;0;0;0;0;0;0;4;0;0;
323152690;36462624;🟡 жёлтый;держим;ставка не тратится: показы есть, кликов нет;7.30;41.5;;16.5;0.00;0;0;0;0;0;0;0;2;0;0;
323108262;36460596;🟡 жёлтый;держим;ставка не тратится: показы есть, кликов нет;7.30;37.0;;12.0;0.00;0;0;0;0;0;0;0;2;0;0;
863339947;35507605;🟡 жёлтый;держим;ставка не тратится: показы есть, кликов нет;7.30;21.5;;0.0;0.00;0;0;0;0;0;0;0;4;0;0;
863435872;35508624;🟡 жёлтый;держим;ставка не тратится: показы есть, кликов нет;7.30;19.8;;0.0;0.00;0;0;0;0;0;0;0;1;0;0;
874391031;35505545;🟡 жёлтый;держим;ставка не тратится: показы есть, кликов нет;7.30;18.6;;0.0;0.00;0;0;0;0;0;0;0;1;0;0;
882929060;35503146;🟡 жёлтый;держим;ставка не тратится: показы есть, кликов нет;7.30;23.9;;0.0;0.00;0;0;0;0;0;0;0;5;0;0;
912912303;35499393;🟡 жёлтый;держим;ставка не тратится: показы есть, кликов нет;7.30;23.7;;0.0;0.00;0;0;0;0;0;0;0;1;0;0;
880315819;35504156;🟡 жёлтый;держим;ставка не тратится: показы есть, кликов нет;7.30;38.9;;13.9;0.00;0;0;0;0;0;0;0;1;0;0;
868996169;35498462;🟡 жёлтый;держим;ставка не тратится: показы есть, кликов нет;7.30;17.7;;0.0;0.00;0;0;0;0;0;0;0;3;0;0;
323195561;35513180;🟡 жёлтый;держим;ставка не тратится: показы есть, кликов нет;7.30;37.6;;12.6;0.00;0;0;0;0;0;0;0;1;0;0;
323356570;36460888;🟡 жёлтый;держим;ставка не тратится: показы есть, кликов нет;7.30;17.9;;0.0;0.00;0;0;0;0;0;0;0;3;0;0;
871631127;35507256;🟡 жёлтый;держим;ставка не тратится: показы есть, кликов нет;7.30;31.3;;6.3;0.00;0;0;0;0;0;0;0;15;0;0;
858721202;35509833;🟡 жёлтый;держим;ставка не тратится: показы есть, кликов нет;7.30;27.6;;2.6;0.00;0;0;0;0;0;0;0;1;0;0;
862446385;35509256;🟡 жёлтый;держим;ставка не тратится: показы есть, кликов нет;7.30;20.0;;0.0;0.00;0;0;0;0;0;0;0;2;0;1;
915854807;35498671;🟡 жёлтый;держим;ставка не тратится: показы есть, кликов нет;7.30;39.9;;14.9;0.00;0;0;0;0;0;0;0;10;0;0;
323115440;36459468;🟡 жёлтый;держим;ставка не тратится: показы есть, кликов нет;7.30;30.0;;5.0;0.00;0;0;0;0;0;0;0;2;0;0;
323168664;35509833;🟡 жёлтый;держим;ставка не тратится: показы есть, кликов нет;7.30;36.0;;11.0;0.00;0;0;0;0;0;0;0;2;0;0;
862405590;35509256;🟡 жёлтый;держим;ставка не тратится: показы есть, кликов нет;7.30;24.9;;0.0;0.00;0;0;0;0;0;0;0;1;0;0;
867095501;35505900;🟡 жёлтый;держим;ставка не тратится: показы есть, кликов нет;7.30;33.1;;8.1;0.00;0;0;0;0;0;0;0;6;0;0;
923520193;35497681;🟡 жёлтый;держим;ставка не тратится: показы есть, кликов нет;7.30;34.9;;9.9;0.00;0;0;0;0;0;0;0;6;0;0;
324980955;35515230;🟡 жёлтый;держим;ставка не тратится: показы есть, кликов нет;7.30;19.1;;0.0;0.00;0;0;0;0;0;0;0;12;0;0;
313184158;36459301;🟡 жёлтый;держим;ставка не тратится: показы есть, кликов нет;7.30;31.6;;6.6;0.00;0;0;0;0;0;0;0;6;0;0;
886417388;35501886;🟡 жёлтый;держим;ставка не тратится: показы есть, кликов нет;7.30;23.6;;0.0;0.00;0;0;0;0;0;0;0;1;0;0;
923512879;35497681;🟡 жёлтый;держим;ставка не тратится: показы есть, кликов нет;7.30;34.9;;9.9;0.00;0;0;0;0;0;0;0;6;0;0;
323196340;36460888;🟡 жёлтый;держим;ставка не тратится: показы есть, кликов нет;7.30;18.9;;0.0;0.00;0;0;0;0;0;0;0;2;0;0;
873342800;36458352;🟡 жёлтый;держим;ставка не тратится: показы есть, кликов нет;7.30;32.8;;7.8;0.00;0;0;0;0;0;0;0;3;0;0;
923606399;35497916;🟡 жёлтый;держим;ставка не тратится: показы есть, кликов нет;7.30;37.5;;12.5;0.00;0;0;0;0;0;0;0;9;0;0;
877406161;35504951;🟡 жёлтый;держим;ставка не тратится: показы есть, кликов нет;7.30;39.8;;14.8;0.00;0;0;0;0;0;0;0;1;0;0;
313193937;36460596;🟡 жёлтый;держим;ставка не тратится: показы есть, кликов нет;7.30;31.1;;6.1;0.00;0;0;0;0;0;0;0;12;0;0;
881891985;35503414;🟡 жёлтый;держим;ставка не тратится: показы есть, кликов нет;7.30;16.5;;0.0;0.00;0;0;0;0;0;0;0;2;0;0;
435044637;35509833;🟡 жёлтый;держим;ставка не тратится: показы есть, кликов нет;7.30;26.7;;1.7;0.00;0;0;0;0;0;0;0;31;0;0;
323200873;36459468;🟡 жёлтый;держим;ставка не тратится: показы есть, кликов нет;7.30;15.9;;0.0;0.00;0;0;0;0;0;0;0;2;0;0;
323221330;36458948;🟡 жёлтый;держим;ставка не тратится: показы есть, кликов нет;7.30;36.0;;11.0;0.00;0;0;0;0;0;0;0;1;0;0;
872413951;35505900;🟡 жёлтый;держим;ставка не тратится: показы есть, кликов нет;7.30;40.0;;15.0;0.00;0;0;0;0;0;0;0;2;0;0;
865115401;35508404;🟡 жёлтый;держим;ставка не тратится: показы есть, кликов нет;7.30;18.9;;0.0;0.00;0;0;0;0;0;0;0;1;0;0;
923519158;35497681;🟡 жёлтый;держим;ставка не тратится: показы есть, кликов нет;7.30;34.9;;9.9;0.00;0;0;0;0;0;0;0;4;0;0;
323335900;35497916;🟡 жёлтый;держим;ставка не тратится: показы есть, кликов нет;7.30;37.2;;12.2;0.00;0;0;0;0;0;0;0;1;0;0;
323115769;36459301;🟡 жёлтый;держим;ставка не тратится: показы есть, кликов нет;7.30;35.6;;10.6;0.00;0;0;0;0;0;0;0;1;0;0;
882845065;35501028;🟡 жёлтый;держим;ставка не тратится: показы есть, кликов нет;7.30;17.4;;0.0;0.00;0;0;0;0;0;0;0;1;0;0;
915909515;35498671;🟡 жёлтый;держим;ставка не тратится: показы есть, кликов нет;7.30;28.7;;3.7;0.00;0;0;0;0;0;0;0;7;0;0;
437416276;35514926;🟡 жёлтый;держим;ставка не тратится: показы есть, кликов нет;7.30;34.1;;9.1;0.00;0;0;0;0;0;0;0;2;0;0;
871066270;35507605;🟡 жёлтый;держим;ставка не тратится: показы есть, кликов нет;7.30;17.1;;0.0;0.00;0;0;0;0;0;0;0;2;0;0;
885494567;35497479;🟡 жёлтый;держим;ставка не тратится: показы есть, кликов нет;7.30;35.7;;10.7;0.00;0;0;0;0;0;0;0;13;0;0;
887096564;35501683;🟡 жёлтый;держим;ставка не тратится: показы есть, кликов нет;7.30;31.3;;6.3;0.00;0;0;0;0;0;0;0;1;0;0;
873354903;36458352;🟡 жёлтый;держим;ставка не тратится: показы есть, кликов нет;7.30;25.6;;0.6;0.00;0;0;0;0;0;0;0;1;0;0;
324996027;35509833;🟡 жёлтый;держим;ставка не тратится: показы есть, кликов нет;7.30;26.9;;1.9;0.00;0;0;0;0;0;0;0;2;0;4;
873349426;36458352;🟡 жёлтый;держим;ставка не тратится: показы есть, кликов нет;7.30;25.6;;0.6;0.00;0;0;0;0;0;0;0;7;0;0;
355713918;35508987;🟡 жёлтый;держим;ставка не тратится: показы есть, кликов нет;7.30;42.7;;17.7;0.00;0;0;0;0;0;0;0;15;0;0;
859944206;35509529;🟡 жёлтый;держим;ставка не тратится: показы есть, кликов нет;7.30;19.9;;0.0;0.00;0;0;0;0;0;0;0;4;0;0;
863322458;35508624;🟡 жёлтый;держим;ставка не тратится: показы есть, кликов нет;7.30;22.5;;0.0;0.00;0;0;0;0;0;0;0;5;0;0;
323092499;36460596;🟡 жёлтый;держим;ставка не тратится: показы есть, кликов нет;7.30;17.6;;0.0;0.00;0;0;0;0;0;0;0;1;0;0;
323144684;35510132;🟡 жёлтый;держим;ставка не тратится: показы есть, кликов нет;7.30;17.9;;0.0;0.00;0;0;0;0;0;0;0;4;0;0;
880566553;35503414;🟡 жёлтый;держим;ставка не тратится: показы есть, кликов нет;7.30;23.4;;0.0;0.00;0;0;0;0;0;0;0;4;0;0;
883958515;35500249;🟡 жёлтый;держим;ставка не тратится: показы есть, кликов нет;7.30;22.8;;0.0;0.00;0;0;0;0;0;0;0;1;0;0;
860864406;35509256;🟡 жёлтый;держим;ставка не тратится: показы есть, кликов нет;7.30;21.8;;0.0;0.00;0;0;0;0;0;0;0;2;0;0;
323247124;36459468;🟡 жёлтый;держим;ставка не тратится: показы есть, кликов нет;7.30;17.9;;0.0;0.00;0;0;0;0;0;0;0;2;0;0;
913005457;35498621;🟡 жёлтый;держим;ставка не тратится: показы есть, кликов нет;7.30;27.6;;2.6;0.00;0;0;0;0;0;0;0;4;0;0;
324995764;35508987;🟡 жёлтый;держим;ставка не тратится: показы есть, кликов нет;7.30;43.6;;18.6;0.00;0;0;0;0;0;0;0;2;0;0;
863872568;35501509;🟡 жёлтый;держим;ставка не тратится: показы есть, кликов нет;7.30;20.9;;0.0;0.00;0;0;0;0;0;0;0;1;0;0;
913011417;35498621;🟡 жёлтый;держим;ставка не тратится: показы есть, кликов нет;7.30;28.3;;3.3;0.00;0;0;0;0;0;0;0;1;0;1;
520762428;35510132;🟡 жёлтый;держим;ставка не тратится: показы есть, кликов нет;7.30;33.4;;8.4;0.00;0;0;0;0;0;0;0;3;0;0;
862402933;35509256;🟡 жёлтый;держим;ставка не тратится: показы есть, кликов нет;7.30;21.1;;0.0;0.00;0;0;0;0;0;0;0;1;0;0;
323195478;35513180;🟡 жёлтый;держим;ставка не тратится: показы есть, кликов нет;7.30;25.0;;0.0;0.00;0;0;0;0;0;0;0;1;0;0;
949401552;36463324;🟡 жёлтый;держим;ставка не тратится: показы есть, кликов нет;7.30;21.1;;0.0;0.00;0;0;0;0;0;0;0;28;0;0;
923585326;35497681;🟡 жёлтый;держим;ставка не тратится: показы есть, кликов нет;7.30;46.3;;21.3;0.00;0;0;0;0;0;0;0;3;0;0;
871134848;35507256;🟡 жёлтый;держим;ставка не тратится: показы есть, кликов нет;7.30;24.2;;0.0;0.00;0;0;0;0;0;0;0;1;0;0;
871082801;35507605;🟡 жёлтый;держим;ставка не тратится: показы есть, кликов нет;7.30;24.2;;0.0;0.00;0;0;0;0;0;0;0;2;0;0;
881233906;35503784;🟡 жёлтый;держим;ставка не тратится: показы есть, кликов нет;7.30;36.3;;11.3;0.00;0;0;0;0;0;0;0;4;0;0;
313191699;35513491;🟡 жёлтый;держим;ставка не тратится: показы есть, кликов нет;7.30;29.2;;4.2;0.00;0;0;0;0;0;0;0;1;0;1;
883618465;35502978;🟡 жёлтый;держим;ставка не тратится: показы есть, кликов нет;7.30;26.9;;1.9;0.00;0;0;0;0;0;0;0;4;0;0;
872407304;35505900;🟡 жёлтый;держим;ставка не тратится: показы есть, кликов нет;7.30;40.0;;15.0;0.00;0;0;0;0;0;0;0;2;0;0;
912935018;35499393;🟡 жёлтый;держим;ставка не тратится: показы есть, кликов нет;7.30;49.4;;24.4;0.00;0;0;0;0;0;0;0;6;0;0;
323306054;36459894;🟡 жёлтый;держим;ставка не тратится: показы есть, кликов нет;7.30;23.0;;0.0;0.00;0;0;0;0;0;0;0;1;0;0;
923489233;35497916;🟡 жёлтый;держим;ставка не тратится: показы есть, кликов нет;7.30;25.9;;0.9;0.00;0;0;0;0;0;0;0;11;0;0;
865249536;35508061;🟡 жёлтый;держим;ставка не тратится: показы есть, кликов нет;7.30;32.1;;7.1;0.00;0;0;0;0;0;0;0;3;0;0;
323138072;35501262;🟡 жёлтый;держим;ставка не тратится: показы есть, кликов нет;7.30;38.8;;13.8;0.00;0;0;0;0;0;0;0;2;0;1;
872365966;35506296;🟡 жёлтый;держим;ставка не тратится: показы есть, кликов нет;7.30;52.0;;27.0;0.00;0;0;0;0;0;0;0;15;0;0;
887208777;35501509;🟡 жёлтый;держим;ставка не тратится: показы есть, кликов нет;7.30;23.2;;0.0;0.00;0;0;0;0;0;0;0;8;0;0;
885166634;35502200;🟡 жёлтый;держим;ставка не тратится: показы есть, кликов нет;7.30;17.0;;0.0;0.00;0;0;0;0;0;0;0;1;0;0;
871054892;35505900;🟡 жёлтый;держим;ставка не тратится: показы есть, кликов нет;7.30;16.2;;0.0;0.00;0;0;0;0;0;0;0;6;0;0;
880581129;35500249;🟡 жёлтый;держим;ставка не тратится: показы есть, кликов нет;7.30;20.3;;0.0;0.00;0;0;0;0;0;0;0;1;0;0;
915935232;35498671;🟡 жёлтый;держим;ставка не тратится: показы есть, кликов нет;7.30;37.7;;12.7;0.00;0;0;0;0;0;0;0;3;0;0;
323233186;35512936;🟡 жёлтый;держим;ставка не тратится: показы есть, кликов нет;7.30;34.0;;9.0;0.00;0;0;0;0;0;0;0;3;0;0;
883698130;35502978;🟡 жёлтый;держим;ставка не тратится: показы есть, кликов нет;7.30;28.4;;3.4;0.00;0;0;0;0;0;0;0;32;0;0;
324987550;35513872;🟡 жёлтый;держим;ставка не тратится: показы есть, кликов нет;7.30;16.5;;0.0;0.00;0;0;0;0;0;0;0;2;0;0;
876149792;35505238;🟡 жёлтый;держим;ставка не тратится: показы есть, кликов нет;7.30;36.8;;11.8;0.00;0;0;0;0;0;0;0;3;0;0;
861610399;35509256;🟡 жёлтый;держим;ставка не тратится: показы есть, кликов нет;7.30;15.4;;0.0;0.00;0;0;0;0;0;0;0;1;0;0;
886305150;36458352;🟡 жёлтый;держим;ставка не тратится: показы есть, кликов нет;7.30;33.3;;8.3;0.00;0;0;0;0;0;0;0;3;0;0;
323217463;36459301;🟡 жёлтый;держим;ставка не тратится: показы есть, кликов нет;7.30;39.4;;14.4;0.00;0;0;0;0;0;0;0;1;0;0;
887307673;35501509;🟡 жёлтый;держим;ставка не тратится: показы есть, кликов нет;7.30;29.3;;4.3;0.00;0;0;0;0;0;0;0;10;0;0;
882912200;35503146;🟡 жёлтый;держим;ставка не тратится: показы есть, кликов нет;7.30;25.5;;0.5;0.00;0;0;0;0;0;0;0;4;0;0;
923630580;35497681;🟡 жёлтый;держим;ставка не тратится: показы есть, кликов нет;7.30;44.0;;19.0;0.00;0;0;0;0;0;0;0;2;0;0;
323243610;36459075;🟡 жёлтый;держим;ставка не тратится: показы есть, кликов нет;7.30;34.7;;9.7;0.00;0;0;0;0;0;0;0;5;0;0;
883410443;35497916;🟡 жёлтый;держим;ставка не тратится: показы есть, кликов нет;7.30;30.2;;5.2;0.00;0;0;0;0;0;0;0;9;0;0;
434720902;36460888;🟡 жёлтый;держим;ставка не тратится: показы есть, кликов нет;7.30;31.1;;6.1;0.00;0;0;0;0;0;0;0;6;0;0;
323215346;35513180;🟡 жёлтый;держим;ставка не тратится: показы есть, кликов нет;7.30;30.5;;5.5;0.00;0;0;0;0;0;0;0;1;0;0;
313084409;36459468;🟡 жёлтый;держим;ставка не тратится: показы есть, кликов нет;7.30;22.3;;0.0;0.00;0;0;0;0;0;0;0;32;0;0;
313214545;36459894;🟡 жёлтый;держим;ставка не тратится: показы есть, кликов нет;7.30;29.0;;4.0;0.00;0;0;0;0;0;0;0;1;0;0;
865580610;35508061;🟡 жёлтый;держим;ставка не тратится: показы есть, кликов нет;7.30;21.0;;0.0;0.00;0;0;0;0;0;0;0;2;0;0;
323270986;35512936;🟡 жёлтый;держим;ставка не тратится: показы есть, кликов нет;7.30;22.3;;0.0;0.00;0;0;0;0;0;0;0;1;0;0;
313193940;35497479;🟡 жёлтый;держим;ставка не тратится: показы есть, кликов нет;7.30;20.4;;0.0;0.00;0;0;0;0;0;0;0;1;0;1;
324987401;35514220;🟡 жёлтый;держим;ставка не тратится: показы есть, кликов нет;7.30;15.6;;0.0;0.00;0;0;0;0;0;0;0;3;0;0;
887370870;35500638;🟡 жёлтый;держим;ставка не тратится: показы есть, кликов нет;7.30;26.9;;1.9;0.00;0;0;0;0;0;0;0;2;0;0;
923580101;35497681;🟡 жёлтый;держим;ставка не тратится: показы есть, кликов нет;7.30;36.6;;11.6;0.00;0;0;0;0;0;0;0;5;0;0;
313184598;35510132;🟡 жёлтый;держим;ставка не тратится: показы есть, кликов нет;7.30;25.5;;0.5;0.00;0;0;0;0;0;0;0;4;0;1;
323205442;35513180;🟡 жёлтый;держим;ставка не тратится: показы есть, кликов нет;7.30;33.6;;8.6;0.00;0;0;0;0;0;0;0;1;0;0;
913041000;35498926;🟡 жёлтый;держим;ставка не тратится: показы есть, кликов нет;7.30;25.3;;0.3;0.00;0;0;0;0;0;0;0;6;0;0;
324985662;35514511;🟡 жёлтый;держим;ставка не тратится: показы есть, кликов нет;7.30;49.5;;24.5;0.00;0;0;0;0;0;0;1;1;0;8;
323192719;36458948;🟡 жёлтый;держим;ставка не тратится: показы есть, кликов нет;7.30;20.9;;0.0;0.00;0;0;0;0;0;0;0;1;0;1;
323362787;35509833;🟡 жёлтый;держим;ставка не тратится: показы есть, кликов нет;7.30;23.0;;0.0;0.00;0;0;0;0;0;0;0;7;0;0;
324990675;35513180;🟡 жёлтый;держим;ставка не тратится: показы есть, кликов нет;7.30;24.0;;0.0;0.00;0;0;0;0;0;0;0;10;0;0;
861246777;35509529;🟡 жёлтый;держим;ставка не тратится: показы есть, кликов нет;7.30;39.1;;14.1;0.00;0;0;0;0;0;0;0;1;0;0;
865205365;35500638;🟡 жёлтый;держим;ставка не тратится: показы есть, кликов нет;7.30;29.6;;4.6;0.00;0;0;0;0;0;0;0;1;0;0;
434720989;36460888;🟡 жёлтый;держим;ставка не тратится: показы есть, кликов нет;7.30;33.8;;8.8;0.00;0;0;0;0;0;0;0;9;0;1;
323203240;36459468;🟡 жёлтый;держим;ставка не тратится: показы есть, кликов нет;7.30;18.6;;0.0;0.00;0;0;0;0;0;0;0;10;0;0;
886290981;36458352;🟡 жёлтый;держим;ставка не тратится: показы есть, кликов нет;7.30;24.8;;0.0;0.00;0;0;0;0;0;0;0;1;0;0;
885137725;35502769;🟡 жёлтый;держим;ставка не тратится: показы есть, кликов нет;7.30;27.8;;2.8;0.00;0;0;0;0;0;0;0;2;0;0;
872426220;35505900;🟡 жёлтый;держим;ставка не тратится: показы есть, кликов нет;7.30;40.0;;15.0;0.00;0;0;0;0;0;0;0;3;0;0;
863400868;35508624;🟡 жёлтый;держим;ставка не тратится: показы есть, кликов нет;7.30;25.6;;0.6;0.00;0;0;0;0;0;0;0;1;0;0;
881063719;35503784;🟡 жёлтый;держим;ставка не тратится: показы есть, кликов нет;7.30;36.8;;11.8;0.00;0;0;0;0;0;0;0;1;0;0;
881869977;35503414;🟡 жёлтый;держим;ставка не тратится: показы есть, кликов нет;7.30;23.5;;0.0;0.00;0;0;0;0;0;0;0;1;0;0;
862477690;35509256;🟡 жёлтый;держим;ставка не тратится: показы есть, кликов нет;7.30;36.9;;11.9;0.00;0;0;0;0;0;0;0;23;0;0;
882138006;35503414;🟡 жёлтый;держим;ставка не тратится: показы есть, кликов нет;7.30;37.3;;12.3;0.00;0;0;0;0;0;0;0;4;0;0;
434720103;35511919;🟡 жёлтый;держим;ставка не тратится: показы есть, кликов нет;7.30;23.8;;0.0;0.00;0;0;0;0;0;0;0;1;0;0;
884084984;35502769;🟡 жёлтый;держим;ставка не тратится: показы есть, кликов нет;7.30;35.1;;10.1;0.00;0;0;0;0;0;0;0;2;0;0;
323091988;36460596;🟡 жёлтый;держим;ставка не тратится: показы есть, кликов нет;7.30;16.0;;0.0;0.00;0;0;0;0;0;0;0;1;0;0;
432707965;35498926;🟡 жёлтый;держим;ставка не тратится: показы есть, кликов нет;7.30;23.8;;0.0;0.00;0;0;0;0;0;0;0;1;0;0;
871107066;35507256;🟡 жёлтый;держим;ставка не тратится: показы есть, кликов нет;7.30;24.2;;0.0;0.00;0;0;0;0;0;0;0;4;0;0;
913056643;35499491;🟡 жёлтый;держим;ставка не тратится: показы есть, кликов нет;7.30;29.1;;4.1;0.00;0;0;0;0;0;0;0;3;0;0;
881247183;35503784;🟡 жёлтый;держим;ставка не тратится: показы есть, кликов нет;7.30;19.3;;0.0;0.00;0;0;0;0;0;0;0;1;0;0;
869301255;35507605;🟡 жёлтый;держим;ставка не тратится: показы есть, кликов нет;7.30;18.6;;0.0;0.00;0;0;0;0;0;0;0;2;0;0;
323141128;35513491;🟡 жёлтый;держим;ставка не тратится: показы есть, кликов нет;7.30;30.8;;5.8;0.00;0;0;0;0;0;0;0;1;0;0;
323293219;35514926;🟡 жёлтый;держим;ставка не тратится: показы есть, кликов нет;7.30;23.6;;0.0;0.00;0;0;0;0;0;0;0;3;0;1;
883728662;35502769;🟡 жёлтый;держим;ставка не тратится: показы есть, кликов нет;7.30;16.1;;0.0;0.00;0;0;0;0;0;0;0;2;0;0;
912766327;35497479;🟡 жёлтый;держим;ставка не тратится: показы есть, кликов нет;7.30;25.7;;0.7;0.00;0;0;0;0;0;0;0;5;0;0;
874399081;35505545;🟡 жёлтый;держим;ставка не тратится: показы есть, кликов нет;7.30;27.5;;2.5;0.00;0;0;0;0;0;0;0;5;0;0;
861545847;35501509;🟡 жёлтый;держим;ставка не тратится: показы есть, кликов нет;7.30;25.6;;0.6;0.00;0;0;0;0;0;0;0;3;0;0;
877407158;35498621;🟡 жёлтый;держим;ставка не тратится: показы есть, кликов нет;7.30;40.5;;15.5;0.00;0;0;0;0;0;0;0;2;0;0;
323192424;36459468;🟡 жёлтый;держим;ставка не тратится: показы есть, кликов нет;7.30;32.8;;7.8;0.00;0;0;0;0;0;0;0;2;0;0;
883116890;35500638;🟡 жёлтый;держим;ставка не тратится: показы есть, кликов нет;7.30;41.4;;16.4;0.00;0;0;0;0;0;0;0;1;0;0;
912912394;35499393;🟡 жёлтый;держим;ставка не тратится: показы есть, кликов нет;7.30;23.7;;0.0;0.00;0;0;0;0;0;0;0;3;0;0;
865068150;35504537;🟡 жёлтый;держим;ставка не тратится: показы есть, кликов нет;7.30;34.9;;9.9;0.00;0;0;0;0;0;0;0;14;0;0;
698460539;35510132;🟡 жёлтый;держим;ставка не тратится: показы есть, кликов нет;7.30;24.4;;0.0;0.00;0;0;0;0;0;0;0;4;0;0;
872326289;35506296;🟡 жёлтый;держим;ставка не тратится: показы есть, кликов нет;7.30;38.4;;13.4;0.00;0;0;0;0;0;0;0;1;0;0;
879719224;35504156;🟡 жёлтый;держим;ставка не тратится: показы есть, кликов нет;7.30;39.6;;14.6;0.00;0;0;0;0;0;0;0;9;0;0;
323237875;35514926;🟡 жёлтый;держим;ставка не тратится: показы есть, кликов нет;7.30;22.1;;0.0;0.00;0;0;0;0;0;0;0;1;0;0;
1010902071;36462624;🟡 жёлтый;держим;ставка не тратится: показы есть, кликов нет;7.30;33.0;;8.0;0.00;0;0;0;0;0;0;0;10;0;1;
323339421;35512642;🟡 жёлтый;держим;ставка не тратится: показы есть, кликов нет;7.30;32.6;;7.6;0.00;0;0;0;0;0;0;0;1;0;0;
874850547;35505238;🟡 жёлтый;держим;ставка не тратится: показы есть, кликов нет;7.30;16.5;;0.0;0.00;0;0;0;0;0;0;0;3;0;0;
323150142;36459468;🟡 жёлтый;держим;ставка не тратится: показы есть, кликов нет;7.30;39.5;;14.5;0.00;0;0;0;0;0;0;0;10;0;0;
871692571;35507256;🟡 жёлтый;держим;ставка не тратится: показы есть, кликов нет;7.30;40.1;;15.1;0.00;0;0;0;0;0;0;0;2;0;0;
915921831;35498671;🟡 жёлтый;держим;ставка не тратится: показы есть, кликов нет;7.30;23.6;;0.0;0.00;0;0;0;0;0;0;0;1;0;0;
881843656;35503414;🟡 жёлтый;держим;ставка не тратится: показы есть, кликов нет;7.30;27.0;;2.0;0.00;0;0;0;0;0;0;0;10;0;0;
323182940;35508987;🟡 жёлтый;держим;ставка не тратится: показы есть, кликов нет;7.30;42.1;;17.1;0.00;0;0;0;0;0;0;0;1;0;0;
874764575;35505238;🟡 жёлтый;держим;ставка не тратится: показы есть, кликов нет;7.30;35.1;;10.1;0.00;0;0;0;0;0;0;0;9;0;0;
313183214;36460596;🟡 жёлтый;держим;ставка не тратится: показы есть, кликов нет;7.30;20.7;;0.0;0.00;0;0;0;0;0;0;0;26;0;2;
872408045;35505900;🟡 жёлтый;держим;ставка не тратится: показы есть, кликов нет;7.30;40.0;;15.0;0.00;0;0;0;0;0;0;0;1;0;0;
323349264;35508987;🟡 жёлтый;держим;ставка не тратится: показы есть, кликов нет;7.30;37.5;;12.5;0.00;0;0;0;0;0;0;0;1;0;0;
323337731;35512936;🟡 жёлтый;держим;ставка не тратится: показы есть, кликов нет;7.30;31.0;;6.0;0.00;0;0;0;0;0;0;0;1;0;0;
878765999;35504537;🟡 жёлтый;держим;ставка не тратится: показы есть, кликов нет;7.30;33.7;;8.7;0.00;0;0;0;0;0;0;0;2;0;0;
323148999;35498462;🟡 жёлтый;держим;ставка не тратится: показы есть, кликов нет;7.30;35.8;;10.8;0.00;0;0;0;0;0;0;0;6;0;0;
869021487;35507796;🟡 жёлтый;держим;ставка не тратится: показы есть, кликов нет;7.30;21.6;;0.0;0.00;0;0;0;0;0;0;0;4;0;0;
865252422;35508404;🟡 жёлтый;держим;ставка не тратится: показы есть, кликов нет;7.30;31.0;;6.0;0.00;0;0;0;0;0;0;0;2;0;0;
323149993;36459075;🟡 жёлтый;держим;ставка не тратится: показы есть, кликов нет;7.30;39.7;;14.7;0.00;0;0;0;0;0;0;0;2;0;2;
324983967;35509833;🟡 жёлтый;держим;ставка не тратится: показы есть, кликов нет;7.30;19.6;;0.0;0.00;0;0;0;0;0;0;0;22;0;0;
323146405;36458948;🟡 жёлтый;держим;ставка не тратится: показы есть, кликов нет;7.30;24.1;;0.0;0.00;0;0;0;0;0;0;0;1;0;0;
871756201;35506296;🟡 жёлтый;держим;ставка не тратится: показы есть, кликов нет;7.30;38.9;;13.9;0.00;0;0;0;0;0;0;0;1;0;0;
323359634;35512317;🟡 жёлтый;держим;ставка не тратится: показы есть, кликов нет;7.30;21.9;;0.0;0.00;0;0;0;0;0;0;0;1;0;0;
859992999;35509529;🟡 жёлтый;держим;ставка не тратится: показы есть, кликов нет;7.30;17.5;;0.0;0.00;0;0;0;0;0;0;0;2;0;0;
887394312;35501262;🟡 жёлтый;держим;ставка не тратится: показы есть, кликов нет;7.30;24.4;;0.0;0.00;0;0;0;0;0;0;0;6;0;0;
886448753;35501886;🟡 жёлтый;держим;ставка не тратится: показы есть, кликов нет;7.30;21.2;;0.0;0.00;0;0;0;0;0;0;0;2;0;1;
874387028;35505545;🟡 жёлтый;держим;ставка не тратится: показы есть, кликов нет;7.30;18.6;;0.0;0.00;0;0;0;0;0;0;0;1;0;0;
323115829;36459301;🟡 жёлтый;держим;ставка не тратится: показы есть, кликов нет;7.30;35.7;;10.7;0.00;0;0;0;0;0;0;0;5;0;0;
884765812;35502769;🟡 жёлтый;держим;ставка не тратится: показы есть, кликов нет;7.30;33.5;;8.5;0.00;0;0;0;0;0;0;0;1;0;0;
313189708;36459894;🟡 жёлтый;держим;ставка не тратится: показы есть, кликов нет;7.30;39.4;;14.4;0.00;0;0;0;0;0;0;0;2;0;0;
867077977;35508061;🟡 жёлтый;держим;ставка не тратится: показы есть, кликов нет;7.30;23.9;;0.0;0.00;0;0;0;0;0;0;0;9;0;0;
923490931;35497916;🟡 жёлтый;держим;ставка не тратится: показы есть, кликов нет;7.30;24.6;;0.0;0.00;0;0;0;0;0;0;0;2;0;0;
881135092;35503784;🟡 жёлтый;держим;ставка не тратится: показы есть, кликов нет;7.30;34.1;;9.1;0.00;0;0;0;0;0;0;0;1;0;0;
912819555;35500111;🟡 жёлтый;держим;ставка не тратится: показы есть, кликов нет;7.30;35.2;;10.2;0.00;0;0;0;0;0;0;0;1;0;0;
913061054;35498671;🟡 жёлтый;держим;ставка не тратится: показы есть, кликов нет;7.30;31.3;;6.3;0.00;0;0;0;0;0;0;0;2;0;0;
869368703;35507605;🟡 жёлтый;держим;ставка не тратится: показы есть, кликов нет;7.30;28.4;;3.4;0.00;0;0;0;0;0;0;0;5;0;0;
313188728;36459468;🟡 жёлтый;держим;ставка не тратится: показы есть, кликов нет;7.30;17.2;;0.0;0.00;0;0;0;0;0;0;0;1;0;0;
324989955;35513491;🟡 жёлтый;держим;ставка не тратится: показы есть, кликов нет;7.30;34.5;;9.5;0.00;0;0;0;0;0;0;0;3;0;0;
507892438;35511919;🟡 жёлтый;держим;ставка не тратится: показы есть, кликов нет;7.30;28.7;;3.7;0.00;0;0;0;0;0;0;0;3;0;0;
877219095;35505238;🟡 жёлтый;держим;ставка не тратится: показы есть, кликов нет;7.30;27.8;;2.8;0.00;0;0;0;0;0;0;0;1;0;0;
865610368;35508061;🟡 жёлтый;держим;ставка не тратится: показы есть, кликов нет;7.30;32.5;;7.5;0.00;0;0;0;0;0;0;0;5;0;0;
879507187;35500249;🟡 жёлтый;держим;ставка не тратится: показы есть, кликов нет;7.30;21.7;;0.0;0.00;0;0;0;0;0;0;0;5;0;0;
915966799;35498671;🟡 жёлтый;держим;ставка не тратится: показы есть, кликов нет;7.30;28.4;;3.4;0.00;0;0;0;0;0;0;0;2;0;1;
887716663;35501509;🟡 жёлтый;держим;ставка не тратится: показы есть, кликов нет;7.30;33.9;;8.9;0.00;0;0;0;0;0;0;0;5;0;1;
323175644;36459468;🟡 жёлтый;держим;ставка не тратится: показы есть, кликов нет;7.30;39.9;;14.9;0.00;0;0;0;0;0;0;0;3;0;0;
873361907;35505545;🟡 жёлтый;держим;ставка не тратится: показы есть, кликов нет;7.30;25.6;;0.6;0.00;0;0;0;0;0;0;0;1;0;0;
923630571;35497681;🟡 жёлтый;держим;ставка не тратится: показы есть, кликов нет;7.30;44.0;;19.0;0.00;0;0;0;0;0;0;0;2;0;0;
873436832;35498462;🟡 жёлтый;держим;ставка не тратится: показы есть, кликов нет;7.30;28.2;;3.2;0.00;0;0;0;0;0;0;0;18;0;0;
323226478;36463324;🟡 жёлтый;держим;ставка не тратится: показы есть, кликов нет;7.30;50.0;;25.0;0.00;0;0;0;0;0;0;0;1;0;0;
873448587;35505545;🟡 жёлтый;держим;ставка не тратится: показы есть, кликов нет;7.30;37.5;;12.5;0.00;0;0;0;0;0;0;0;2;0;0;
861271691;35509256;🟡 жёлтый;держим;ставка не тратится: показы есть, кликов нет;7.30;18.4;;0.0;0.00;0;0;0;0;0;0;0;1;0;0;
323195185;35513491;🟡 жёлтый;держим;ставка не тратится: показы есть, кликов нет;7.30;20.7;;0.0;0.00;0;0;0;0;0;0;0;7;0;0;
313216584;35512936;🟡 жёлтый;держим;ставка не тратится: показы есть, кликов нет;7.30;27.0;;2.0;0.00;0;0;0;0;0;0;0;1;0;0;
872418328;35505900;🟡 жёлтый;держим;ставка не тратится: показы есть, кликов нет;7.30;40.0;;15.0;0.00;0;0;0;0;0;0;0;2;0;0;
323339221;35514220;🟡 жёлтый;держим;ставка не тратится: показы есть, кликов нет;7.30;23.5;;0.0;0.00;0;0;0;0;0;0;0;5;0;0;
323090194;36460596;🟡 жёлтый;держим;ставка не тратится: показы есть, кликов нет;7.30;19.9;;0.0;0.00;0;0;0;0;0;0;0;7;0;0;
923518091;35497681;🟡 жёлтый;держим;ставка не тратится: показы есть, кликов нет;7.30;34.9;;9.9;0.00;0;0;0;0;0;0;0;3;0;0;
323227071;35514220;🟡 жёлтый;держим;ставка не тратится: показы есть, кликов нет;7.30;27.4;;2.4;0.00;0;0;0;0;0;0;0;3;0;0;
323108383;36460596;🟡 жёлтый;держим;ставка не тратится: показы есть, кликов нет;7.30;15.1;;0.0;0.00;0;0;0;0;0;0;0;9;0;0;
323118888;36459468;🟡 жёлтый;держим;ставка не тратится: показы есть, кликов нет;7.30;22.1;;0.0;0.00;0;0;0;0;0;0;0;3;0;0;
324992940;35505900;🟡 жёлтый;держим;ставка не тратится: показы есть, кликов нет;7.30;30.2;;5.2;0.00;0;0;0;0;0;0;0;1;0;0;
323330312;35509833;🟡 жёлтый;держим;ставка не тратится: показы есть, кликов нет;7.30;40.7;;15.7;0.00;0;0;0;0;0;0;0;8;0;0;
883046836;35503146;🟡 жёлтый;держим;ставка не тратится: показы есть, кликов нет;7.30;27.5;;2.5;0.00;0;0;0;0;0;0;0;1;0;0;
871679297;35507256;🟡 жёлтый;держим;ставка не тратится: показы есть, кликов нет;7.30;23.9;;0.0;0.00;0;0;0;0;0;0;0;2;0;0;
862496986;35500638;🟡 жёлтый;держим;ставка не тратится: показы есть, кликов нет;7.30;23.4;;0.0;0.00;0;0;0;0;0;0;0;2;0;0;
323194998;36459468;🟡 жёлтый;держим;ставка не тратится: показы есть, кликов нет;7.30;21.4;;0.0;0.00;0;0;0;0;0;0;0;3;0;0;
883639604;35502978;🟡 жёлтый;держим;ставка не тратится: показы есть, кликов нет;7.30;26.9;;1.9;0.00;0;0;0;0;0;0;0;2;0;0;
883638317;35502978;🟡 жёлтый;держим;ставка не тратится: показы есть, кликов нет;7.30;26.9;;1.9;0.00;0;0;0;0;0;0;0;3;0;0;
874775282;35505238;🟡 жёлтый;держим;ставка не тратится: показы есть, кликов нет;7.30;21.2;;0.0;0.00;0;0;0;0;0;0;0;3;0;0;
865502497;35508061;🟡 жёлтый;держим;ставка не тратится: показы есть, кликов нет;7.30;20.1;;0.0;0.00;0;0;0;0;0;0;0;1;0;0;
873442178;35505545;🟡 жёлтый;держим;ставка не тратится: показы есть, кликов нет;7.30;32.1;;7.1;0.00;0;0;0;0;0;0;0;12;0;0;
883401318;35497916;🟡 жёлтый;держим;в KPI, заказов нет — наблюдаем;7.30;30.2;;5.2;7.30;0;0;0;0;0;0;1;10;1;1;
883399002;35502978;🟡 жёлтый;держим;ставка не тратится: показы есть, кликов нет;7.30;36.3;;11.3;0.00;0;0;0;0;0;0;0;1;0;0;
885256292;35501028;🟡 жёлтый;держим;ставка не тратится: показы есть, кликов нет;7.30;21.5;;0.0;0.00;0;0;0;0;0;0;0;4;0;0;
872409380;35505900;🟡 жёлтый;держим;ставка не тратится: показы есть, кликов нет;7.30;40.0;;15.0;0.00;0;0;0;0;0;0;0;2;0;0;
323332994;35512936;🟡 жёлтый;держим;ставка не тратится: показы есть, кликов нет;7.30;24.8;;0.0;0.00;0;0;0;0;0;0;0;6;0;1;
877432437;35504951;🟡 жёлтый;держим;ставка не тратится: показы есть, кликов нет;7.30;39.8;;14.8;0.00;0;0;0;0;0;0;0;1;0;0;
865038118;35508624;🟡 жёлтый;держим;ставка не тратится: показы есть, кликов нет;7.30;19.0;;0.0;0.00;0;0;0;0;0;0;0;4;0;0;
873440799;35505545;🟡 жёлтый;держим;ставка не тратится: показы есть, кликов нет;7.30;32.1;;7.1;0.00;0;0;0;0;0;0;0;18;0;0;
865449334;35501262;🟡 жёлтый;держим;ставка не тратится: показы есть, кликов нет;7.30;22.4;;0.0;0.00;0;0;0;0;0;0;0;5;0;0;
871152867;35507256;🟡 жёлтый;держим;ставка не тратится: показы есть, кликов нет;7.30;21.2;;0.0;0.00;0;0;0;0;0;0;0;1;0;0;
862581479;35508987;🟡 жёлтый;держим;в KPI, заказов нет — наблюдаем;7.30;25.8;;0.8;7.30;0;0;0;0;0;0;1;99;1;1;
860016857;35509529;🟡 жёлтый;держим;ставка не тратится: показы есть, кликов нет;7.30;30.1;;5.1;0.00;0;0;0;0;0;0;0;4;0;0;
887185871;35501509;🟡 жёлтый;держим;ставка не тратится: показы есть, кликов нет;7.30;25.5;;0.5;0.00;0;0;0;0;0;0;0;2;0;0;
873353902;36458352;🟡 жёлтый;держим;ставка не тратится: показы есть, кликов нет;7.30;25.6;;0.6;0.00;0;0;0;0;0;0;0;1;0;0;
323199318;36459894;🟡 жёлтый;держим;ставка не тратится: показы есть, кликов нет;7.30;30.5;;5.5;0.00;0;0;0;0;0;0;0;1;0;0;
883381864;35502978;🟡 жёлтый;держим;ставка не тратится: показы есть, кликов нет;7.30;18.9;;0.0;0.00;0;0;0;0;0;0;0;1;0;0;
912862461;35499393;🟡 жёлтый;держим;ставка не тратится: показы есть, кликов нет;7.30;34.6;;9.6;0.00;0;0;0;0;0;0;0;2;0;0;
507892209;35512317;🟡 жёлтый;держим;ставка не тратится: показы есть, кликов нет;7.30;27.8;;2.8;0.00;0;0;0;0;0;0;0;5;0;0;
883214985;35503146;🟡 жёлтый;держим;ставка не тратится: показы есть, кликов нет;7.30;25.3;;0.3;0.00;0;0;0;0;0;0;0;6;0;0;
871710026;35506296;🟡 жёлтый;держим;ставка не тратится: показы есть, кликов нет;7.30;40.1;;15.1;0.00;0;0;0;0;0;0;0;3;0;0;
323161360;35498462;🟡 жёлтый;держим;ставка не тратится: показы есть, кликов нет;7.30;25.3;;0.3;0.00;0;0;0;0;0;0;0;4;0;0;
887154674;35501683;🟡 жёлтый;держим;ставка не тратится: показы есть, кликов нет;7.30;30.8;;5.8;0.00;0;0;0;0;0;0;0;1;0;0;
881207022;35503784;🟡 жёлтый;держим;ставка не тратится: показы есть, кликов нет;7.30;25.4;;0.4;0.00;0;0;0;0;0;0;0;3;0;0;
883385262;35502978;🟡 жёлтый;держим;ставка не тратится: показы есть, кликов нет;7.30;15.7;;0.0;0.00;0;0;0;0;0;0;0;2;0;0;
313184403;35513491;🟡 жёлтый;держим;ставка не тратится: показы есть, кликов нет;7.30;25.5;;0.5;0.00;0;0;0;0;0;0;0;9;0;0;
886312980;36458352;🟡 жёлтый;держим;ставка не тратится: показы есть, кликов нет;7.30;17.2;;0.0;0.00;0;0;0;0;0;0;0;2;0;0;
865248557;35508404;🟡 жёлтый;держим;ставка не тратится: показы есть, кликов нет;7.30;31.0;;6.0;0.00;0;0;0;0;0;0;0;2;0;0;
865332532;35500249;🟡 жёлтый;держим;ставка не тратится: показы есть, кликов нет;7.30;22.9;;0.0;0.00;0;0;0;0;0;0;0;2;0;0;
883093715;35503146;🟡 жёлтый;держим;ставка не тратится: показы есть, кликов нет;7.30;23.6;;0.0;0.00;0;0;0;0;0;0;0;10;0;0;
874778632;35505238;🟡 жёлтый;держим;ставка не тратится: показы есть, кликов нет;7.30;39.1;;14.1;0.00;0;0;0;0;0;0;0;8;0;0;
874914116;35505238;🟡 жёлтый;держим;ставка не тратится: показы есть, кликов нет;7.30;27.5;;2.5;0.00;0;0;0;0;0;0;0;10;0;0;
323090053;35512317;🟡 жёлтый;держим;ставка не тратится: показы есть, кликов нет;7.30;37.7;;12.7;0.00;0;0;0;0;0;0;0;7;0;0;
863311708;35508624;🟡 жёлтый;держим;ставка не тратится: показы есть, кликов нет;7.30;18.9;;0.0;0.00;0;0;0;0;0;0;0;2;0;0;
912738010;35500111;🟡 жёлтый;держим;ставка не тратится: показы есть, кликов нет;7.30;30.0;;5.0;0.00;0;0;0;0;0;0;0;1;0;0;
877813305;35504951;🟡 жёлтый;держим;ставка не тратится: показы есть, кликов нет;7.30;29.5;;4.5;0.00;0;0;0;0;0;0;0;1;0;0;
878608224;35504951;🟡 жёлтый;держим;ставка не тратится: показы есть, кликов нет;7.30;38.4;;13.4;0.00;0;0;0;0;0;0;0;1;0;0;
323286305;35513180;🟡 жёлтый;держим;ставка не тратится: показы есть, кликов нет;7.30;27.5;;2.5;0.00;0;0;0;0;0;0;0;2;0;0;
885253678;35502200;🟡 жёлтый;держим;ставка не тратится: показы есть, кликов нет;7.30;19.0;;0.0;0.00;0;0;0;0;0;0;0;1;0;0;
874748354;35500638;🟡 жёлтый;держим;ставка не тратится: показы есть, кликов нет;7.30;19.2;;0.0;0.00;0;0;0;0;0;0;0;4;0;0;
711658863;35500111;🟡 жёлтый;держим;ставка не тратится: показы есть, кликов нет;7.30;19.4;;0.0;0.00;0;0;0;0;0;0;0;1;0;0;
886707762;35501683;🟡 жёлтый;держим;ставка не тратится: показы есть, кликов нет;7.30;27.9;;2.9;0.00;0;0;0;0;0;0;0;3;0;0;
915913068;35498671;🟡 жёлтый;держим;ставка не тратится: показы есть, кликов нет;7.30;20.5;;0.0;0.00;0;0;0;0;0;0;0;7;0;0;
323329510;36462624;🟡 жёлтый;держим;ставка не тратится: показы есть, кликов нет;7.30;16.9;;0.0;0.00;0;0;0;0;0;1;0;7;0;3;
862404716;35509256;🟡 жёлтый;держим;ставка не тратится: показы есть, кликов нет;7.30;21.1;;0.0;0.00;0;0;0;0;0;0;0;2;0;0;
869374715;35507605;🟡 жёлтый;держим;ставка не тратится: показы есть, кликов нет;7.30;21.7;;0.0;0.00;0;0;0;0;0;0;0;1;0;0;
1002573729;36462835;🟡 жёлтый;держим;ставка не тратится: показы есть, кликов нет;7.30;35.1;;10.1;0.00;0;0;0;0;0;0;0;1;0;0;
882853674;35500638;🟡 жёлтый;держим;ставка не тратится: показы есть, кликов нет;7.30;21.0;;0.0;0.00;0;0;0;0;0;0;0;1;0;0;
882061417;35503414;🟡 жёлтый;держим;ставка не тратится: показы есть, кликов нет;7.30;31.9;;6.9;0.00;0;0;0;0;0;0;0;27;0;0;
872354411;35506296;🟡 жёлтый;держим;ставка не тратится: показы есть, кликов нет;7.30;27.9;;2.9;0.00;0;0;0;0;0;0;0;12;0;0;
496139814;35510132;🟡 жёлтый;держим;ставка не тратится: показы есть, кликов нет;7.30;23.5;;0.0;0.00;0;0;0;0;0;0;0;2;0;1;
323109111;36460596;🟡 жёлтый;держим;ставка не тратится: показы есть, кликов нет;7.30;26.6;;1.6;0.00;0;0;0;0;0;0;0;23;0;0;
878636253;35504951;🟡 жёлтый;держим;ставка не тратится: показы есть, кликов нет;7.30;38.4;;13.4;0.00;0;0;0;0;0;0;0;1;0;0;
872374968;35506296;🟡 жёлтый;держим;ставка не тратится: показы есть, кликов нет;7.30;28.4;;3.4;0.00;0;0;0;0;0;0;0;6;0;0;
877245275;35504951;🟡 жёлтый;держим;ставка не тратится: показы есть, кликов нет;7.30;29.9;;4.9;0.00;0;0;0;0;0;0;0;6;0;0;
874855071;35505238;🟡 жёлтый;держим;ставка не тратится: показы есть, кликов нет;7.30;19.8;;0.0;0.00;0;0;0;0;0;0;0;1;0;0;
865132095;35508404;🟡 жёлтый;держим;ставка не тратится: показы есть, кликов нет;7.30;19.9;;0.0;0.00;0;0;0;0;0;0;0;3;0;0;
877249766;35498621;🟡 жёлтый;держим;ставка не тратится: показы есть, кликов нет;7.30;40.5;;15.5;0.00;0;0;0;0;0;0;0;1;0;0;
323335574;35514220;🟡 жёлтый;держим;ставка не тратится: показы есть, кликов нет;7.30;36.2;;11.2;0.00;0;0;0;0;0;0;0;2;0;0;
861572542;35501262;🟡 жёлтый;держим;ставка не тратится: показы есть, кликов нет;7.30;23.3;;0.0;0.00;0;0;0;0;0;0;0;1;0;0;
915921751;35498671;🟡 жёлтый;держим;ставка не тратится: показы есть, кликов нет;7.30;23.6;;0.0;0.00;0;0;0;0;0;0;0;3;0;0;
556539240;35498926;🟡 жёлтый;держим;ставка не тратится: показы есть, кликов нет;7.30;30.3;;5.3;0.00;0;0;0;0;0;0;0;14;0;2;
865321830;35508404;🟡 жёлтый;держим;ставка не тратится: показы есть, кликов нет;7.30;39.3;;14.3;0.00;0;0;0;0;0;0;0;6;0;0;
880219609;35504156;🟡 жёлтый;держим;ставка не тратится: показы есть, кликов нет;7.30;21.6;;0.0;0.00;0;0;0;0;0;0;0;4;0;0;
865118082;35500638;🟡 жёлтый;держим;ставка не тратится: показы есть, кликов нет;7.30;25.4;;0.4;0.00;0;0;0;0;0;0;0;2;0;0;
859848211;35509529;🟡 жёлтый;держим;ставка не тратится: показы есть, кликов нет;7.30;21.3;;0.0;0.00;0;0;0;0;0;0;0;1;0;0;
323112893;36459468;🟡 жёлтый;держим;ставка не тратится: показы есть, кликов нет;7.30;31.3;;6.3;0.00;0;0;0;0;0;0;0;1;0;0;
882851478;35503146;🟡 жёлтый;держим;ставка не тратится: показы есть, кликов нет;7.30;16.4;;0.0;0.00;0;0;0;0;0;0;0;4;0;1;
797693422;36460596;🟡 жёлтый;держим;ставка не тратится: показы есть, кликов нет;7.30;24.8;;0.0;0.00;0;0;0;0;0;0;0;2;0;0;
877217010;35505238;🟡 жёлтый;держим;ставка не тратится: показы есть, кликов нет;7.30;27.8;;2.8;0.00;0;0;0;0;0;0;0;13;0;0;
872414995;35505900;🟡 жёлтый;держим;ставка не тратится: показы есть, кликов нет;7.30;40.0;;15.0;0.00;0;0;0;0;0;0;0;2;0;0;
881092785;35503784;🟡 жёлтый;держим;ставка не тратится: показы есть, кликов нет;7.30;30.6;;5.6;0.00;0;0;0;0;0;0;0;15;0;0;
832171026;36463324;🟡 жёлтый;держим;ставка не тратится: показы есть, кликов нет;7.30;15.8;;0.0;0.00;0;0;0;0;0;0;0;14;0;1;
923515724;35497681;🟡 жёлтый;держим;ставка не тратится: показы есть, кликов нет;7.30;34.9;;9.9;0.00;0;0;0;0;0;0;0;3;0;0;
873445465;35505545;🟡 жёлтый;держим;ставка не тратится: показы есть, кликов нет;7.30;37.5;;12.5;0.00;0;0;0;0;0;0;0;2;0;1;
882174420;35501028;🟡 жёлтый;держим;ставка не тратится: показы есть, кликов нет;7.30;26.3;;1.3;0.00;0;0;0;0;0;0;0;11;0;0;
323228912;35512936;🟡 жёлтый;держим;ставка не тратится: показы есть, кликов нет;7.30;34.2;;9.2;0.00;0;0;0;0;0;0;0;1;0;0;
923491054;35497681;🟡 жёлтый;держим;ставка не тратится: показы есть, кликов нет;7.30;22.3;;0.0;0.00;0;0;0;0;0;0;0;1;0;0;
861661847;35500249;🟡 жёлтый;держим;ставка не тратится: показы есть, кликов нет;7.30;27.5;;2.5;0.00;0;0;0;0;0;0;0;4;0;0;
871734224;35506296;🟡 жёлтый;держим;ставка не тратится: показы есть, кликов нет;7.30;37.0;;12.0;0.00;0;0;0;0;0;0;0;10;0;0;
923579904;35497681;🟡 жёлтый;держим;ставка не тратится: показы есть, кликов нет;7.30;36.6;;11.6;0.00;0;0;0;0;0;0;0;9;0;0;
880639258;35503784;🟡 жёлтый;держим;ставка не тратится: показы есть, кликов нет;7.30;31.2;;6.2;0.00;0;0;0;0;0;0;0;1;0;0;
883401738;35497916;🟡 жёлтый;держим;в KPI, заказов нет — наблюдаем;7.30;30.2;;5.2;7.30;0;0;0;0;0;0;2;14;1;1;
885190475;35501262;🟡 жёлтый;держим;ставка не тратится: показы есть, кликов нет;7.30;22.8;;0.0;0.00;0;0;0;0;0;0;0;3;0;0;
871724505;35506296;🟡 жёлтый;держим;ставка не тратится: показы есть, кликов нет;7.30;40.1;;15.1;0.00;0;0;0;0;0;0;0;3;0;0;
869266148;35507605;🟡 жёлтый;держим;ставка не тратится: показы есть, кликов нет;7.30;27.0;;2.0;0.00;0;0;0;0;0;0;0;1;0;0;
883734315;35502769;🟡 жёлтый;держим;ставка не тратится: показы есть, кликов нет;7.30;15.3;;0.0;0.00;0;0;0;0;0;0;0;3;0;0;
862445792;35509256;🟡 жёлтый;держим;ставка не тратится: показы есть, кликов нет;7.30;20.0;;0.0;0.00;0;0;0;0;0;0;0;2;0;0;
313193395;36463324;🟡 жёлтый;держим;ставка не тратится: показы есть, кликов нет;7.30;54.8;;29.8;0.00;0;0;0;0;0;0;0;1;0;3;
323362972;35512317;🟡 жёлтый;держим;ставка не тратится: показы есть, кликов нет;7.30;22.6;;0.0;0.00;0;0;0;0;0;0;0;1;0;0;
880301376;35504156;🟡 жёлтый;держим;ставка не тратится: показы есть, кликов нет;7.30;35.1;;10.1;0.00;0;0;0;0;0;0;0;1;0;0;
923479746;35497916;🟡 жёлтый;держим;ставка не тратится: показы есть, кликов нет;7.30;28.9;;3.9;0.00;0;0;0;0;0;0;0;4;0;0;
323167350;36459468;🟡 жёлтый;держим;ставка не тратится: показы есть, кликов нет;7.30;30.0;;5.0;0.00;0;0;0;0;0;0;0;2;0;0;
874850880;35505238;🟡 жёлтый;держим;ставка не тратится: показы есть, кликов нет;7.30;18.1;;0.0;0.00;0;0;0;0;0;0;0;1;0;0;
323297374;35514220;🟡 жёлтый;держим;ставка не тратится: показы есть, кликов нет;7.30;21.6;;0.0;0.00;0;0;0;0;0;0;0;2;0;1;
873359509;35505545;🟡 жёлтый;держим;ставка не тратится: показы есть, кликов нет;7.30;25.6;;0.6;0.00;0;0;0;0;0;0;0;1;0;0;
862510505;35509256;🟡 жёлтый;держим;ставка не тратится: показы есть, кликов нет;7.30;21.7;;0.0;0.00;0;0;0;0;0;0;0;2;0;0;
323242395;35513872;🟡 жёлтый;держим;ставка не тратится: показы есть, кликов нет;7.30;32.2;;7.2;0.00;0;0;0;0;0;0;0;7;0;0;
313183179;36460596;🟡 жёлтый;держим;ставка не тратится: показы есть, кликов нет;7.30;20.0;;0.0;0.00;0;0;0;0;0;0;0;11;0;0;
872378783;35505900;🟡 жёлтый;держим;ставка не тратится: показы есть, кликов нет;7.30;33.5;;8.5;0.00;0;0;0;0;0;0;0;1;0;0;
923591062;35497681;🟡 жёлтый;держим;ставка не тратится: показы есть, кликов нет;7.30;39.4;;14.4;0.00;0;0;0;0;0;0;0;9;0;0;
883429364;35502978;🟡 жёлтый;держим;ставка не тратится: показы есть, кликов нет;7.30;23.7;;0.0;0.00;0;0;0;0;0;0;0;3;0;0;
865335725;35508061;🟡 жёлтый;держим;ставка не тратится: показы есть, кликов нет;7.30;20.0;;0.0;0.00;0;0;0;0;0;0;0;2;0;0;
885238120;35502200;🟡 жёлтый;держим;ставка не тратится: показы есть, кликов нет;7.30;27.2;;2.2;0.00;0;0;0;0;0;0;0;1;0;0;
923519599;35497681;🟡 жёлтый;держим;ставка не тратится: показы есть, кликов нет;7.30;34.9;;9.9;0.00;0;0;0;0;0;0;0;11;0;0;
313189476;36459075;🟡 жёлтый;держим;ставка не тратится: показы есть, кликов нет;7.30;36.3;;11.3;0.00;0;0;0;0;0;1;0;1;0;1;
323216809;36459894;🟡 жёлтый;держим;ставка не тратится: показы есть, кликов нет;7.30;20.9;;0.0;0.00;0;0;0;0;0;0;0;1;0;0;
883099136;35503146;🟡 жёлтый;держим;ставка не тратится: показы есть, кликов нет;7.30;22.5;;0.0;0.00;0;0;0;0;0;0;0;2;0;0;
323270716;35512642;🟡 жёлтый;держим;ставка не тратится: показы есть, кликов нет;7.30;28.6;;3.6;0.00;0;0;0;0;0;0;0;9;0;0;
434720482;35511919;🟡 жёлтый;держим;ставка не тратится: показы есть, кликов нет;7.30;29.3;;4.3;0.00;0;0;0;0;0;0;0;6;0;0;
882949889;35503146;🟡 жёлтый;держим;ставка не тратится: показы есть, кликов нет;7.30;25.1;;0.1;0.00;0;0;0;0;0;0;0;1;0;0;
887208903;35501509;🟡 жёлтый;держим;ставка не тратится: показы есть, кликов нет;7.30;23.2;;0.0;0.00;0;0;0;0;0;0;0;1;0;1;
323295632;35514511;🟡 жёлтый;держим;ставка не тратится: показы есть, кликов нет;7.30;22.2;;0.0;0.00;0;0;0;0;0;0;0;1;0;0;
323171732;36459301;🟡 жёлтый;держим;ставка не тратится: показы есть, кликов нет;7.30;43.5;;18.5;0.00;0;0;0;0;0;0;0;1;0;0;
865187337;35500249;🟡 жёлтый;держим;ставка не тратится: показы есть, кликов нет;7.30;22.8;;0.0;0.00;0;0;0;0;0;0;0;3;0;0;
323196018;35514926;🟡 жёлтый;держим;ставка не тратится: показы есть, кликов нет;7.30;19.4;;0.0;0.00;0;0;0;0;0;0;0;2;0;0;
878737108;35504537;🟡 жёлтый;держим;ставка не тратится: показы есть, кликов нет;7.30;33.7;;8.7;0.00;0;0;0;0;0;0;0;3;0;0;
878892439;35503414;🟡 жёлтый;держим;ставка не тратится: показы есть, кликов нет;7.30;21.5;;0.0;0.00;0;0;0;0;0;0;0;1;0;0;
865565740;35508061;🟡 жёлтый;держим;ставка не тратится: показы есть, кликов нет;7.30;21.0;;0.0;0.00;0;0;0;0;0;0;0;2;0;0;
323298901;35495292;🟡 жёлтый;держим;ставка не тратится: показы есть, кликов нет;7.30;24.4;;0.0;0.00;0;0;0;0;0;0;0;1;0;0;
323108400;36460596;🟡 жёлтый;держим;ставка не тратится: показы есть, кликов нет;7.30;32.7;;7.7;0.00;0;0;0;0;0;0;0;6;0;0;
869645451;35507605;🟡 жёлтый;держим;ставка не тратится: показы есть, кликов нет;7.30;39.2;;14.2;0.00;0;0;0;0;0;0;0;1;0;0;
915911011;35498671;🟡 жёлтый;держим;ставка не тратится: показы есть, кликов нет;7.30;36.3;;11.3;0.00;0;0;0;0;0;0;0;1;0;0;
323257735;36459075;🟡 жёлтый;держим;ставка не тратится: показы есть, кликов нет;7.30;19.1;;0.0;0.00;0;0;0;0;0;0;0;3;0;1;
874852967;35505238;🟡 жёлтый;держим;ставка не тратится: показы есть, кликов нет;7.30;18.1;;0.0;0.00;0;0;0;0;0;0;0;1;0;0;
923608678;35497681;🟡 жёлтый;держим;ставка не тратится: показы есть, кликов нет;7.30;33.1;;8.1;0.00;0;0;0;0;0;0;0;3;0;0;
323251153;35514220;🟡 жёлтый;держим;ставка не тратится: показы есть, кликов нет;7.30;21.0;;0.0;0.00;0;0;0;0;0;0;0;2;0;0;
865337031;35508404;🟡 жёлтый;держим;ставка не тратится: показы есть, кликов нет;7.30;15.5;;0.0;0.00;0;0;0;0;0;0;0;1;0;0;
876063805;35505238;🟡 жёлтый;держим;ставка не тратится: показы есть, кликов нет;7.30;29.4;;4.4;0.00;0;0;0;0;0;0;0;17;0;0;
876147881;35505238;🟡 жёлтый;держим;ставка не тратится: показы есть, кликов нет;7.30;36.8;;11.8;0.00;0;0;0;0;0;0;0;3;0;0;
880529025;35500249;🟡 жёлтый;держим;ставка не тратится: показы есть, кликов нет;7.30;35.4;;10.4;0.00;0;0;0;0;0;0;0;1;0;0;
860622648;35509529;🟡 жёлтый;держим;ставка не тратится: показы есть, кликов нет;7.30;22.4;;0.0;0.00;0;0;0;0;0;0;0;2;0;0;
874844874;35505238;🟡 жёлтый;держим;ставка не тратится: показы есть, кликов нет;7.30;23.7;;0.0;0.00;0;0;0;0;0;0;0;2;0;0;
323363309;35512317;🟡 жёлтый;держим;ставка не тратится: показы есть, кликов нет;7.30;23.9;;0.0;0.00;0;0;0;0;0;0;0;8;0;0;
323201252;35513180;🟡 жёлтый;держим;ставка не тратится: показы есть, кликов нет;7.30;32.3;;7.3;0.00;0;0;0;0;0;0;0;1;0;1;
886421132;35500638;🟡 жёлтый;держим;ставка не тратится: показы есть, кликов нет;7.30;35.2;;10.2;0.00;0;0;0;0;0;0;0;1;0;0;
887103646;35501683;🟡 жёлтый;держим;ставка не тратится: показы есть, кликов нет;7.30;31.3;;6.3;0.00;0;0;0;0;0;0;0;3;0;0;
885343130;35502200;🟡 жёлтый;держим;ставка не тратится: показы есть, кликов нет;7.30;27.0;;2.0;0.00;0;0;0;0;0;0;0;2;0;0;
880266430;35504156;🟡 жёлтый;держим;ставка не тратится: показы есть, кликов нет;7.30;36.8;;11.8;0.00;0;0;0;0;0;0;0;1;0;0;
886361859;36458352;🟡 жёлтый;держим;ставка не тратится: показы есть, кликов нет;7.30;25.6;;0.6;0.00;0;0;0;0;0;0;0;1;0;0;
1003590172;36462624;🟡 жёлтый;держим;ставка не тратится: показы есть, кликов нет;7.30;31.3;;6.3;0.00;0;0;0;0;0;0;0;3;0;0;
872423500;35505900;🟡 жёлтый;держим;ставка не тратится: показы есть, кликов нет;7.30;40.0;;15.0;0.00;0;0;0;0;0;0;0;1;0;0;
863199818;35500249;🟡 жёлтый;держим;ставка не тратится: показы есть, кликов нет;7.30;20.6;;0.0;0.00;0;0;0;0;0;0;0;6;0;0;
323338288;35512642;🟡 жёлтый;держим;ставка не тратится: показы есть, кликов нет;7.30;40.5;;15.5;0.00;0;0;0;0;0;0;0;1;0;0;
324995823;35508987;🟡 жёлтый;держим;ставка не тратится: показы есть, кликов нет;7.30;43.7;;18.7;0.00;0;0;0;0;0;0;0;17;0;0;
873337554;35505545;🟡 жёлтый;держим;ставка не тратится: показы есть, кликов нет;7.30;30.6;;5.6;0.00;0;0;0;0;0;0;0;1;0;1;
881040836;35501262;🟡 жёлтый;держим;ставка не тратится: показы есть, кликов нет;7.30;25.4;;0.4;0.00;0;0;0;0;0;0;0;6;0;0;
380989628;35511919;🟡 жёлтый;держим;ставка не тратится: показы есть, кликов нет;7.30;27.1;;2.1;0.00;0;0;0;0;0;0;0;1;0;0;
880170388;35504156;🟡 жёлтый;держим;ставка не тратится: показы есть, кликов нет;7.30;30.9;;5.9;0.00;0;0;0;0;0;0;0;12;0;0;
874854017;35505238;🟡 жёлтый;держим;ставка не тратится: показы есть, кликов нет;7.30;18.1;;0.0;0.00;0;0;0;0;0;0;0;1;0;0;
880257510;35504156;🟡 жёлтый;держим;ставка не тратится: показы есть, кликов нет;7.30;23.1;;0.0;0.00;0;0;0;0;0;0;0;1;0;0;
323152726;36459075;🟡 жёлтый;держим;ставка не тратится: показы есть, кликов нет;7.30;37.0;;12.0;0.00;0;0;0;0;0;0;0;1;0;0;
886587366;35501886;🟡 жёлтый;держим;ставка не тратится: показы есть, кликов нет;7.30;26.1;;1.1;0.00;0;0;0;0;0;0;0;12;0;0;
323199818;36459468;🟡 жёлтый;держим;ставка не тратится: показы есть, кликов нет;7.30;16.9;;0.0;0.00;0;0;0;0;0;0;0;9;0;0;
871028032;35507605;🟡 жёлтый;держим;ставка не тратится: показы есть, кликов нет;7.30;24.3;;0.0;0.00;0;0;0;0;0;0;0;5;0;0;
324992852;36463324;🟡 жёлтый;держим;ставка не тратится: показы есть, кликов нет;7.30;23.9;;0.0;0.00;0;0;0;0;0;0;0;1;0;1;
912738884;35500111;🟡 жёлтый;держим;ставка не тратится: показы есть, кликов нет;7.30;30.0;;5.0;0.00;0;0;0;0;0;0;0;6;0;0;
912774781;35500111;🟡 жёлтый;держим;ставка не тратится: показы есть, кликов нет;7.30;26.1;;1.1;0.00;0;0;0;0;0;0;0;1;0;0;
323297450;36458352;🟡 жёлтый;держим;ставка не тратится: показы есть, кликов нет;7.30;34.3;;9.3;0.00;0;0;0;0;0;0;0;1;0;2;
323257603;35499257;🟡 жёлтый;держим;ставка не тратится: показы есть, кликов нет;7.30;25.1;;0.1;0.00;0;0;0;0;0;0;0;5;0;0;
324992851;35512642;🟡 жёлтый;держим;ставка не тратится: показы есть, кликов нет;7.30;17.7;;0.0;0.00;0;0;0;0;0;0;0;3;0;0;
878621148;35504951;🟡 жёлтый;держим;ставка не тратится: показы есть, кликов нет;7.30;38.4;;13.4;0.00;0;0;0;0;0;0;0;1;0;0;
313194700;36463324;🟡 жёлтый;держим;ставка не тратится: показы есть, кликов нет;7.30;24.5;;0.0;0.00;0;0;0;0;0;0;0;1;0;2;
881959539;35503414;🟡 жёлтый;держим;ставка не тратится: показы есть, кликов нет;7.30;19.1;;0.0;0.00;0;0;0;0;0;0;0;1;0;0;
323356889;35513872;🟡 жёлтый;держим;ставка не тратится: показы есть, кликов нет;7.30;24.3;;0.0;0.00;0;0;0;0;0;0;0;2;0;0;
868989272;35507796;🟡 жёлтый;держим;ставка не тратится: показы есть, кликов нет;7.30;21.5;;0.0;0.00;0;0;0;0;0;0;0;1;0;0;
858644704;35509833;🟡 жёлтый;держим;ставка не тратится: показы есть, кликов нет;7.30;24.7;;0.0;0.00;0;0;0;0;0;0;0;3;0;0;
435042212;35495292;🟡 жёлтый;держим;ставка не тратится: показы есть, кликов нет;7.30;41.2;;16.2;0.00;0;0;0;0;0;0;0;1;0;0;
923491747;35497681;🟡 жёлтый;держим;ставка не тратится: показы есть, кликов нет;7.30;22.3;;0.0;0.00;0;0;0;0;0;0;0;1;0;0;
323146592;35509833;🟡 жёлтый;держим;ставка не тратится: показы есть, кликов нет;7.30;35.5;;10.5;0.00;0;0;0;0;0;0;0;1;0;0;
323356810;35514511;🟡 жёлтый;держим;ставка не тратится: показы есть, кликов нет;7.30;30.3;;5.3;0.00;0;0;0;0;0;0;0;2;0;0;
870455976;35500638;🟡 жёлтый;держим;ставка не тратится: показы есть, кликов нет;7.30;20.2;;0.0;0.00;0;0;0;0;0;0;0;1;0;0;
873361250;35505545;🟡 жёлтый;держим;ставка не тратится: показы есть, кликов нет;7.30;25.6;;0.6;0.00;0;0;0;0;0;0;0;1;0;0;
381078597;35498926;🟡 жёлтый;держим;ставка не тратится: показы есть, кликов нет;7.30;26.8;;1.8;0.00;0;0;0;0;0;0;0;5;0;0;
871753309;35506296;🟡 жёлтый;держим;ставка не тратится: показы есть, кликов нет;7.30;34.6;;9.6;0.00;0;0;0;0;0;0;0;1;0;0;
324986752;35514220;🟡 жёлтый;держим;ставка не тратится: показы есть, кликов нет;7.30;18.5;;0.0;0.00;0;0;0;0;0;0;0;1;0;0;
313195204;35514511;🟡 жёлтый;держим;ставка не тратится: показы есть, кликов нет;7.30;33.1;;8.1;0.00;0;0;0;0;0;0;0;7;0;0;
869012053;35507796;🟡 жёлтый;держим;ставка не тратится: показы есть, кликов нет;7.30;21.6;;0.0;0.00;0;0;0;0;0;0;0;3;0;0;
865151887;35508404;🟡 жёлтый;держим;ставка не тратится: показы есть, кликов нет;7.30;18.4;;0.0;0.00;0;0;0;0;0;0;0;2;0;0;
874781979;35505238;🟡 жёлтый;держим;ставка не тратится: показы есть, кликов нет;7.30;22.2;;0.0;0.00;0;0;0;0;0;0;0;8;0;0;
432720891;35511919;🟡 жёлтый;держим;ставка не тратится: показы есть, кликов нет;7.30;22.5;;0.0;0.00;0;0;0;0;0;0;0;36;0;1;
886624402;35501886;🟡 жёлтый;держим;ставка не тратится: показы есть, кликов нет;7.30;27.3;;2.3;0.00;0;0;0;0;0;0;0;3;0;0;
982291456;36462835;🟡 жёлтый;держим;ставка не тратится: показы есть, кликов нет;7.30;33.6;;8.6;0.00;0;0;0;0;0;0;0;9;0;0;
323171868;35513491;🟡 жёлтый;держим;ставка не тратится: показы есть, кликов нет;7.30;25.8;;0.8;0.00;0;0;0;0;0;0;0;1;0;0;
871631858;35507256;🟡 жёлтый;держим;ставка не тратится: показы есть, кликов нет;7.30;31.3;;6.3;0.00;0;0;0;0;0;0;0;6;0;0;
887055133;35501683;🟡 жёлтый;держим;ставка не тратится: показы есть, кликов нет;7.30;37.0;;12.0;0.00;0;0;0;0;0;0;0;1;0;0;
912742121;35498462;🟡 жёлтый;держим;ставка не тратится: показы есть, кликов нет;7.30;27.6;;2.6;0.00;0;0;0;0;0;0;0;7;0;0;
323147124;36459075;🟡 жёлтый;держим;ставка не тратится: показы есть, кликов нет;7.30;19.1;;0.0;0.00;0;0;0;0;0;0;0;2;0;0;
880647051;35503784;🟡 жёлтый;держим;ставка не тратится: показы есть, кликов нет;7.30;33.7;;8.7;0.00;0;0;0;0;0;0;0;1;0;0;
323108381;36460596;🟡 жёлтый;держим;ставка не тратится: показы есть, кликов нет;7.30;19.3;;0.0;0.00;0;0;0;0;0;0;0;20;0;0;
883402744;35497916;🟡 жёлтый;держим;ставка не тратится: показы есть, кликов нет;7.30;30.2;;5.2;0.00;0;0;0;0;0;0;0;10;0;0;
323195360;36458352;🟡 жёлтый;держим;ставка не тратится: показы есть, кликов нет;7.30;16.8;;0.0;0.00;0;0;0;0;0;0;0;2;0;0;
884801936;35502769;🟡 жёлтый;держим;ставка не тратится: показы есть, кликов нет;7.30;33.5;;8.5;0.00;0;0;0;0;0;0;0;1;0;0;
887074830;35501683;🟡 жёлтый;держим;ставка не тратится: показы есть, кликов нет;7.30;24.8;;0.0;0.00;0;0;0;0;0;0;0;3;0;0;
495475853;35495292;🟡 жёлтый;держим;ставка не тратится: показы есть, кликов нет;7.30;22.0;;0.0;0.00;0;0;0;0;0;0;0;1;0;0;
881073826;35503784;🟡 жёлтый;держим;ставка не тратится: показы есть, кликов нет;7.30;33.5;;8.5;0.00;0;0;0;0;0;0;0;2;0;0;
887178504;35501683;🟡 жёлтый;держим;ставка не тратится: показы есть, кликов нет;7.30;32.6;;7.6;0.00;0;0;0;0;0;0;0;4;0;0;
871724949;35506296;🟡 жёлтый;держим;ставка не тратится: показы есть, кликов нет;7.30;40.1;;15.1;0.00;0;0;0;0;0;0;0;1;0;0;
913091177;35499491;🟡 жёлтый;держим;ставка не тратится: показы есть, кликов нет;7.30;23.3;;0.0;0.00;0;0;0;0;0;0;0;5;0;0;
323218105;35513180;🟡 жёлтый;держим;ставка не тратится: показы есть, кликов нет;7.30;28.6;;3.6;0.00;0;0;0;0;0;0;0;73;0;0;
882851021;35503146;🟡 жёлтый;держим;ставка не тратится: показы есть, кликов нет;7.30;18.5;;0.0;0.00;0;0;0;0;0;0;0;3;0;0;
872416690;35505900;🟡 жёлтый;держим;ставка не тратится: показы есть, кликов нет;7.30;40.0;;15.0;0.00;0;0;0;0;0;0;0;4;0;0;
881922673;35503414;🟡 жёлтый;держим;ставка не тратится: показы есть, кликов нет;7.30;19.2;;0.0;0.00;0;0;0;0;0;0;0;1;0;0;
871062720;35507605;🟡 жёлтый;держим;ставка не тратится: показы есть, кликов нет;7.30;17.1;;0.0;0.00;0;0;0;0;0;0;0;13;0;0;
877247679;35498621;🟡 жёлтый;держим;ставка не тратится: показы есть, кликов нет;7.30;40.5;;15.5;0.00;0;0;0;0;0;0;0;2;0;0;
870453283;35500638;🟡 жёлтый;держим;ставка не тратится: показы есть, кликов нет;7.30;20.2;;0.0;0.00;0;0;0;0;0;0;0;4;0;0;
877429486;35504951;🟡 жёлтый;держим;ставка не тратится: показы есть, кликов нет;7.30;39.8;;14.8;0.00;0;0;0;0;0;0;0;1;0;0;
881298301;35503784;🟡 жёлтый;держим;ставка не тратится: показы есть, кликов нет;7.30;16.4;;0.0;0.00;0;0;0;0;0;0;0;2;0;0;
923536971;35497681;🟡 жёлтый;держим;ставка не тратится: показы есть, кликов нет;7.30;39.2;;14.2;0.00;0;0;0;0;0;0;0;7;0;0;
323226459;35498621;🟡 жёлтый;держим;ставка не тратится: показы есть, кликов нет;7.30;36.2;;11.2;0.00;0;0;0;0;0;0;0;1;0;0;
883430403;35502978;🟡 жёлтый;держим;ставка не тратится: показы есть, кликов нет;7.30;31.0;;6.0;0.00;0;0;0;0;0;0;0;2;0;0;
323194792;36459301;🟡 жёлтый;держим;ставка не тратится: показы есть, кликов нет;7.30;19.5;;0.0;0.00;0;0;0;0;0;0;0;9;0;0;
912736644;35500111;🟡 жёлтый;держим;ставка не тратится: показы есть, кликов нет;7.30;30.0;;5.0;0.00;0;0;0;0;0;0;0;1;0;0;
883121112;35503146;🟡 жёлтый;держим;ставка не тратится: показы есть, кликов нет;7.30;17.9;;0.0;0.00;0;0;0;0;0;0;0;11;0;0;
885467223;35497479;🟡 жёлтый;держим;ставка не тратится: показы есть, кликов нет;7.30;35.7;;10.7;0.00;0;0;0;0;0;0;0;17;0;0;
874776336;35505238;🟡 жёлтый;держим;ставка не тратится: показы есть, кликов нет;7.30;21.2;;0.0;0.00;0;0;0;0;0;0;0;1;0;0;
323109273;35498621;🟡 жёлтый;держим;ставка не тратится: показы есть, кликов нет;7.30;38.9;;13.9;0.00;0;0;0;0;0;0;0;1;0;0;
323122285;35514220;🟡 жёлтый;держим;ставка не тратится: показы есть, кликов нет;7.30;33.4;;8.4;0.00;0;0;0;0;0;0;0;3;0;1;
873340924;36458352;🟡 жёлтый;держим;ставка не тратится: показы есть, кликов нет;7.30;37.6;;12.6;0.00;0;0;0;0;0;0;0;2;0;0;
878629026;35504951;🟡 жёлтый;держим;ставка не тратится: показы есть, кликов нет;7.30;38.4;;13.4;0.00;0;0;0;0;0;0;0;1;0;0;
324987459;35513872;🟡 жёлтый;держим;ставка не тратится: показы есть, кликов нет;7.30;23.8;;0.0;0.00;0;0;0;0;0;0;0;1;0;0;
865028672;35501262;🟡 жёлтый;держим;ставка не тратится: показы есть, кликов нет;7.30;20.7;;0.0;0.00;0;0;0;0;0;0;0;4;0;0;
865739186;35508061;🟡 жёлтый;держим;ставка не тратится: показы есть, кликов нет;7.30;25.0;;0.0;0.00;0;0;0;0;0;0;0;1;0;0;
871033460;35507605;🟡 жёлтый;держим;ставка не тратится: показы есть, кликов нет;7.30;21.0;;0.0;0.00;0;0;0;0;0;0;0;2;0;0;
885310480;35502200;🟡 жёлтый;держим;ставка не тратится: показы есть, кликов нет;7.30;19.0;;0.0;0.00;0;0;0;0;0;0;0;4;0;0;
877430333;35504951;🟡 жёлтый;держим;ставка не тратится: показы есть, кликов нет;7.30;39.8;;14.8;0.00;0;0;0;0;0;0;0;1;0;0;
872381311;35505900;🟡 жёлтый;держим;ставка не тратится: показы есть, кликов нет;7.30;33.5;;8.5;0.00;0;0;0;0;0;0;0;1;0;0;
884119269;35502769;🟡 жёлтый;держим;ставка не тратится: показы есть, кликов нет;7.30;17.9;;0.0;0.00;0;0;0;0;0;0;0;2;0;0;
434798701;35512936;🟡 жёлтый;держим;ставка не тратится: показы есть, кликов нет;7.30;39.6;;14.6;0.00;0;0;0;0;0;0;0;8;0;0;
323091532;36460596;🟡 жёлтый;держим;ставка не тратится: показы есть, кликов нет;7.30;34.9;;9.9;0.00;0;0;0;0;0;0;0;3;0;0;
879575728;35504537;🟡 жёлтый;держим;ставка не тратится: показы есть, кликов нет;7.30;34.4;;9.4;0.00;0;0;0;0;0;0;0;3;0;0;
887251028;35501509;🟡 жёлтый;держим;ставка не тратится: показы есть, кликов нет;7.30;42.0;;17.0;0.00;0;0;0;0;0;0;0;6;0;0;
913005885;35498621;🟡 жёлтый;держим;ставка не тратится: показы есть, кликов нет;7.30;27.6;;2.6;0.00;0;0;0;0;0;0;0;4;0;0;
887416622;35501509;🟡 жёлтый;держим;ставка не тратится: показы есть, кликов нет;7.30;23.6;;0.0;0.00;0;0;0;0;0;0;0;1;0;0;
923517894;35497681;🟡 жёлтый;держим;ставка не тратится: показы есть, кликов нет;7.30;34.9;;9.9;0.00;0;0;0;0;0;0;0;3;0;0;
865324732;35500249;🟡 жёлтый;держим;ставка не тратится: показы есть, кликов нет;7.30;22.9;;0.0;0.00;0;0;0;0;0;0;0;1;0;0;
323299191;35513491;🟡 жёлтый;держим;ставка не тратится: показы есть, кликов нет;7.30;24.7;;0.0;0.00;0;0;0;0;0;0;0;2;0;0;
884657521;35502769;🟡 жёлтый;держим;ставка не тратится: показы есть, кликов нет;7.30;33.5;;8.5;0.00;0;0;0;0;0;0;0;1;0;0;
343260998;35511919;🟡 жёлтый;держим;ставка не тратится: показы есть, кликов нет;7.30;24.3;;0.0;0.00;0;0;0;0;0;0;0;7;0;1;
313215168;35509833;🟡 жёлтый;держим;ставка не тратится: показы есть, кликов нет;7.30;40.1;;15.1;0.00;0;0;0;0;0;0;0;3;0;0;
923515069;35497681;🟡 жёлтый;держим;ставка не тратится: показы есть, кликов нет;7.30;34.9;;9.9;0.00;0;0;0;0;0;0;0;4;0;0;
323166238;35508987;🟡 жёлтый;держим;ставка не тратится: показы есть, кликов нет;7.30;28.8;;3.8;0.00;0;0;0;0;0;0;1;46;0;1;
877790356;35501028;🟡 жёлтый;держим;ставка не тратится: показы есть, кликов нет;7.30;25.6;;0.6;0.00;0;0;0;0;0;0;0;1;0;0;
438356264;35514220;🟡 жёлтый;держим;ставка не тратится: показы есть, кликов нет;7.30;44.1;;19.1;0.00;0;0;0;0;0;0;0;2;0;0;
872366536;35506296;🟡 жёлтый;держим;ставка не тратится: показы есть, кликов нет;7.30;35.2;;10.2;0.00;0;0;0;0;0;0;0;11;0;1;
313214844;35495292;🟡 жёлтый;держим;ставка не тратится: показы есть, кликов нет;7.30;24.4;;0.0;0.00;0;0;0;0;0;0;0;11;0;0;
883722747;35502978;🟡 жёлтый;держим;ставка не тратится: показы есть, кликов нет;7.30;25.4;;0.4;0.00;0;0;0;0;0;0;0;2;0;0;
879736713;35504156;🟡 жёлтый;держим;ставка не тратится: показы есть, кликов нет;7.30;39.6;;14.6;0.00;0;0;0;0;0;0;0;5;0;0;
885253158;35502200;🟡 жёлтый;держим;ставка не тратится: показы есть, кликов нет;7.30;19.0;;0.0;0.00;0;0;0;0;0;0;0;3;0;0;
881133335;35503784;🟡 жёлтый;держим;ставка не тратится: показы есть, кликов нет;7.30;34.1;;9.1;0.00;0;0;0;0;0;0;0;1;0;0;
885358453;35502200;🟡 жёлтый;держим;ставка не тратится: показы есть, кликов нет;7.30;23.4;;0.0;0.00;0;0;0;0;0;0;0;14;0;0;
880652994;35503784;🟡 жёлтый;держим;ставка не тратится: показы есть, кликов нет;7.30;35.7;;10.7;0.00;0;0;0;0;0;0;0;3;0;0;
323270732;35499257;🟡 жёлтый;держим;ставка не тратится: показы есть, кликов нет;7.30;40.9;;15.9;0.00;0;0;0;0;0;0;0;10;0;0;
434719719;36463324;🟡 жёлтый;держим;ставка не тратится: показы есть, кликов нет;7.30;38.6;;13.6;0.00;0;0;0;0;0;0;0;1;0;0;
323184451;36459468;🟡 жёлтый;держим;ставка не тратится: показы есть, кликов нет;7.30;40.0;;15.0;0.00;0;0;0;0;0;0;0;1;0;0;
376200821;35513491;🟡 жёлтый;держим;ставка не тратится: показы есть, кликов нет;7.30;33.0;;8.0;0.00;0;0;0;0;0;0;0;3;0;0;
323221859;35509833;🟡 жёлтый;держим;ставка не тратится: показы есть, кликов нет;7.30;34.8;;9.8;0.00;0;0;0;0;0;0;0;1;0;0;
879752571;35504156;🟡 жёлтый;держим;ставка не тратится: показы есть, кликов нет;7.30;27.2;;2.2;0.00;0;0;0;0;0;0;0;4;0;0;
323317689;36459894;🟡 жёлтый;держим;ставка не тратится: показы есть, кликов нет;7.30;33.4;;8.4;0.00;0;0;0;0;0;0;0;2;0;0;
323126043;35588483;🟡 жёлтый;держим;ставка не тратится: показы есть, кликов нет;7.30;15.8;;0.0;0.00;0;0;0;0;0;0;0;59;0;0;
435044355;35495292;🟡 жёлтый;держим;ставка не тратится: показы есть, кликов нет;7.30;31.2;;6.2;0.00;0;0;0;0;0;0;0;1;0;0;
313184650;35514926;🟡 жёлтый;держим;ставка не тратится: показы есть, кликов нет;7.30;38.6;;13.6;0.00;0;0;0;0;0;0;0;6;0;0;
913008603;35498462;🟡 жёлтый;держим;ставка не тратится: показы есть, кликов нет;7.30;27.6;;2.6;0.00;0;0;0;0;0;0;0;10;0;0;
324995265;35511919;🟡 жёлтый;держим;ставка не тратится: показы есть, кликов нет;7.30;38.8;;13.8;0.00;0;0;0;0;0;0;0;1;0;0;
324996043;35497479;🟡 жёлтый;держим;ставка не тратится: показы есть, кликов нет;7.30;50.9;;25.9;0.00;0;0;0;0;0;0;1;6;0;4;
871057717;35507605;🟡 жёлтый;держим;ставка не тратится: показы есть, кликов нет;7.30;16.9;;0.0;0.00;0;0;0;0;0;0;0;5;0;0;
323258405;35588483;🟡 жёлтый;держим;ставка не тратится: показы есть, кликов нет;7.30;24.2;;0.0;0.00;0;0;0;0;0;0;0;1;0;0;
438355818;35509833;🟡 жёлтый;держим;ставка не тратится: показы есть, кликов нет;7.30;26.3;;1.3;0.00;0;0;0;0;0;0;0;28;0;0;
880194255;35504156;🟡 жёлтый;держим;ставка не тратится: показы есть, кликов нет;7.30;22.9;;0.0;0.00;0;0;0;0;0;0;0;9;0;3;
913090056;35499491;🟡 жёлтый;держим;ставка не тратится: показы есть, кликов нет;7.30;24.8;;0.0;0.00;0;0;0;0;0;0;0;3;0;0;
887714178;35501509;🟡 жёлтый;держим;ставка не тратится: показы есть, кликов нет;7.30;27.1;;2.1;0.00;0;0;0;0;0;0;0;5;0;1;
880288639;35500638;🟡 жёлтый;держим;ставка не тратится: показы есть, кликов нет;7.30;30.5;;5.5;0.00;0;0;0;0;0;0;0;3;0;0;
323090264;36463324;🟡 жёлтый;держим;ставка не тратится: показы есть, кликов нет;7.30;22.8;;0.0;0.00;0;0;0;0;0;0;0;1;0;0;
865782734;35508061;🟡 жёлтый;держим;ставка не тратится: показы есть, кликов нет;7.30;16.6;;0.0;0.00;0;0;0;0;0;0;0;2;0;0;
865731117;35508061;🟡 жёлтый;держим;ставка не тратится: показы есть, кликов нет;7.30;23.8;;0.0;0.00;0;0;0;0;0;0;0;20;0;0;
871693020;35507256;🟡 жёлтый;держим;ставка не тратится: показы есть, кликов нет;7.30;40.1;;15.1;0.00;0;0;0;0;0;0;0;1;0;0;
434794513;35512936;🟡 жёлтый;держим;ставка не тратится: показы есть, кликов нет;7.30;37.9;;12.9;0.00;0;0;0;0;0;0;0;1;0;0;
886601368;35497479;🟡 жёлтый;держим;ставка не тратится: показы есть, кликов нет;7.30;25.7;;0.7;0.00;0;0;0;0;0;0;0;2;0;0;
865331216;35500249;🟡 жёлтый;держим;ставка не тратится: показы есть, кликов нет;7.30;22.9;;0.0;0.00;0;0;0;0;0;0;0;1;0;0;
859995067;35509529;🟡 жёлтый;держим;ставка не тратится: показы есть, кликов нет;7.30;17.5;;0.0;0.00;0;0;0;0;0;0;0;1;0;0;
871668877;35507256;🟡 жёлтый;держим;ставка не тратится: показы есть, кликов нет;7.30;35.5;;10.5;0.00;0;0;0;0;0;0;0;1;0;0;
323316279;36459301;🟡 жёлтый;держим;ставка не тратится: показы есть, кликов нет;7.30;19.7;;0.0;0.00;0;0;0;0;0;0;0;1;0;0;
912846724;35499393;🟡 жёлтый;держим;ставка не тратится: показы есть, кликов нет;7.30;38.7;;13.7;0.00;0;0;0;0;0;0;0;2;0;0;
313215416;35513491;🟡 жёлтый;держим;ставка не тратится: показы есть, кликов нет;7.30;34.5;;9.5;0.00;0;0;0;0;0;0;0;3;0;0;
874822284;35503414;🟡 жёлтый;держим;ставка не тратится: показы есть, кликов нет;7.30;21.5;;0.0;0.00;0;0;0;0;0;0;0;1;0;0;
912835051;35500111;🟡 жёлтый;держим;ставка не тратится: показы есть, кликов нет;7.30;22.2;;0.0;0.00;0;0;0;0;0;0;0;5;0;0;
915907831;35498671;🟡 жёлтый;держим;ставка не тратится: показы есть, кликов нет;7.30;25.7;;0.7;0.00;0;0;0;0;0;0;0;1;0;0;
871708443;35506296;🟡 жёлтый;держим;ставка не тратится: показы есть, кликов нет;7.30;40.1;;15.1;0.00;0;0;0;0;0;0;0;4;0;0;
872420739;35505900;🟡 жёлтый;держим;ставка не тратится: показы есть, кликов нет;7.30;40.0;;15.0;0.00;0;0;0;0;0;0;0;2;0;0;
324993851;35512317;🟡 жёлтый;держим;ставка не тратится: показы есть, кликов нет;7.30;27.0;;2.0;0.00;0;0;0;0;0;0;0;1;0;0;
880542171;35500249;🟡 жёлтый;держим;ставка не тратится: показы есть, кликов нет;7.30;20.2;;0.0;0.00;0;0;0;0;0;0;0;2;0;0;
874819146;35501262;🟡 жёлтый;держим;ставка не тратится: показы есть, кликов нет;7.30;25.2;;0.2;0.00;0;0;0;0;0;0;0;3;0;0;
884569163;35502769;🟡 жёлтый;держим;ставка не тратится: показы есть, кликов нет;7.30;33.5;;8.5;0.00;0;0;0;0;0;0;0;1;0;0;
313194985;36459468;🟡 жёлтый;держим;ставка не тратится: показы есть, кликов нет;7.30;23.5;;0.0;0.00;0;0;0;0;0;0;0;1;0;0;
859718078;35509529;🟡 жёлтый;держим;ставка не тратится: показы есть, кликов нет;7.30;20.0;;0.0;0.00;0;0;0;0;0;0;0;6;0;1;
861275277;35509256;🟡 жёлтый;держим;ставка не тратится: показы есть, кликов нет;7.30;18.4;;0.0;0.00;0;0;0;0;0;0;0;1;0;0;
883106508;35503146;🟡 жёлтый;держим;ставка не тратится: показы есть, кликов нет;7.30;26.9;;1.9;0.00;0;0;0;0;0;0;0;1;0;0;
877457172;35504951;🟡 жёлтый;держим;ставка не тратится: показы есть, кликов нет;7.30;36.2;;11.2;0.00;0;0;0;0;0;0;0;1;0;0;
324989611;35513491;🟡 жёлтый;держим;ставка не тратится: показы есть, кликов нет;7.30;21.0;;0.0;0.00;0;0;0;0;0;0;0;1;0;0;
323349690;35512936;🟡 жёлтый;держим;ставка не тратится: показы есть, кликов нет;7.30;29.7;;4.7;0.00;0;0;0;0;0;0;0;1;0;0;
1003384000;36462624;🟡 жёлтый;держим;ставка не тратится: показы есть, кликов нет;7.30;25.2;;0.2;0.00;0;0;0;0;0;0;0;1;0;0;
343261997;35511919;🟡 жёлтый;держим;ставка не тратится: показы есть, кликов нет;7.30;36.6;;11.6;0.00;0;0;0;0;0;0;0;2;0;0;
887067392;35501683;🟡 жёлтый;держим;ставка не тратится: показы есть, кликов нет;7.30;30.5;;5.5;0.00;0;0;0;0;0;0;0;2;0;0;
877775994;35504951;🟡 жёлтый;держим;ставка не тратится: показы есть, кликов нет;7.30;36.2;;11.2;0.00;0;0;0;0;0;1;0;1;0;1;
923520448;35497681;🟡 жёлтый;держим;ставка не тратится: показы есть, кликов нет;7.30;34.9;;9.9;0.00;0;0;0;0;0;0;0;4;0;0;
859987495;35509529;🟡 жёлтый;держим;ставка не тратится: показы есть, кликов нет;7.30;24.6;;0.0;0.00;0;0;0;0;0;0;0;1;0;0;
871735351;35506296;🟡 жёлтый;держим;ставка не тратится: показы есть, кликов нет;7.30;37.0;;12.0;0.00;0;0;0;0;0;0;0;9;0;0;
881977975;35503414;🟡 жёлтый;держим;ставка не тратится: показы есть, кликов нет;7.30;19.1;;0.0;0.00;0;0;0;0;0;0;0;1;0;0;
882131603;35503414;🟡 жёлтый;держим;ставка не тратится: показы есть, кликов нет;7.30;36.4;;11.4;0.00;0;0;0;0;0;0;0;4;0;0;
874380960;35505545;🟡 жёлтый;держим;ставка не тратится: показы есть, кликов нет;7.30;19.6;;0.0;0.00;0;0;0;0;0;0;0;7;0;1;
886554301;35501886;🟡 жёлтый;держим;ставка не тратится: показы есть, кликов нет;7.30;27.4;;2.4;0.00;0;0;0;0;0;0;0;1;0;0;
862498871;35509256;🟡 жёлтый;держим;ставка не тратится: показы есть, кликов нет;7.30;36.0;;11.0;0.00;0;0;0;0;0;0;0;1;0;0;
313214497;36460596;🟡 жёлтый;держим;ставка не тратится: показы есть, кликов нет;7.30;26.8;;1.8;0.00;0;0;0;0;0;0;0;11;0;0;
886364546;36458352;🟡 жёлтый;держим;ставка не тратится: показы есть, кликов нет;7.30;25.6;;0.6;0.00;0;0;0;0;0;0;0;1;0;0;
913009430;35499491;🟡 жёлтый;держим;ставка не тратится: показы есть, кликов нет;7.30;28.7;;3.7;0.00;0;0;0;0;0;0;0;12;0;0;
323221557;36459468;🟡 жёлтый;держим;ставка не тратится: показы есть, кликов нет;7.30;36.5;;11.5;0.00;0;0;0;0;0;0;0;13;0;1;
323362142;35512317;🟡 жёлтый;держим;ставка не тратится: показы есть, кликов нет;7.30;22.1;;0.0;0.00;0;0;0;0;0;0;0;2;0;0;
872400680;35505900;🟡 жёлтый;держим;ставка не тратится: показы есть, кликов нет;7.30;40.0;;15.0;0.00;0;0;0;0;0;0;0;2;0;0;
313195379;36459301;🟡 жёлтый;держим;ставка не тратится: показы есть, кликов нет;7.30;35.8;;10.8;0.00;0;0;0;0;0;0;0;1;0;0;
869644845;35507605;🟡 жёлтый;держим;ставка не тратится: показы есть, кликов нет;7.30;34.0;;9.0;0.00;0;0;0;0;0;0;0;26;0;0;
874851974;35505238;🟡 жёлтый;держим;ставка не тратится: показы есть, кликов нет;7.30;18.1;;0.0;0.00;0;0;0;0;0;0;0;1;0;0;
324996122;35511919;🟡 жёлтый;держим;ставка не тратится: показы есть, кликов нет;7.30;21.1;;0.0;0.00;0;0;0;0;0;0;0;2;0;0;
724678173;35500111;🟡 жёлтый;держим;ставка не тратится: показы есть, кликов нет;7.30;27.6;;2.6;0.00;0;0;0;0;0;0;0;9;0;2;
323267879;35515230;🟡 жёлтый;держим;ставка не тратится: показы есть, кликов нет;7.30;21.5;;0.0;0.00;0;0;0;0;0;0;0;1;0;0;
923580523;35497681;🟡 жёлтый;держим;ставка не тратится: показы есть, кликов нет;7.30;36.6;;11.6;0.00;0;0;0;0;0;0;0;24;0;0;
323133611;35514926;🟡 жёлтый;держим;ставка не тратится: показы есть, кликов нет;7.30;19.9;;0.0;0.00;0;0;0;0;0;0;0;5;0;0;
915242402;35498839;🟡 жёлтый;держим;ставка не тратится: показы есть, кликов нет;7.30;37.2;;12.2;0.00;0;0;0;0;0;0;0;2;0;0;
883274958;35502978;🟡 жёлтый;держим;ставка не тратится: показы есть, кликов нет;7.30;33.6;;8.6;0.00;0;0;0;0;0;0;0;2;0;0;
871733144;35506296;🟡 жёлтый;держим;ставка не тратится: показы есть, кликов нет;7.30;37.0;;12.0;0.00;0;0;0;0;0;0;0;10;0;0;
867116655;35508061;🟡 жёлтый;держим;ставка не тратится: показы есть, кликов нет;7.30;32.4;;7.4;0.00;0;0;0;0;0;0;0;17;0;1;
324979608;35500249;🟡 жёлтый;держим;ставка не тратится: показы есть, кликов нет;7.30;20.4;;0.0;0.00;0;0;0;0;0;0;0;1;0;0;
880257093;35504156;🟡 жёлтый;держим;ставка не тратится: показы есть, кликов нет;7.30;23.1;;0.0;0.00;0;0;0;0;0;0;0;1;0;0;
313196270;36459468;🟡 жёлтый;держим;ставка не тратится: показы есть, кликов нет;7.30;45.8;;20.8;0.00;0;0;0;0;0;0;0;11;0;0;
881077426;35503784;🟡 жёлтый;держим;ставка не тратится: показы есть, кликов нет;7.30;33.5;;8.5;0.00;0;0;0;0;0;0;0;2;0;0;
887259649;35501509;🟡 жёлтый;держим;ставка не тратится: показы есть, кликов нет;7.30;24.6;;0.0;0.00;0;0;0;0;0;0;0;1;0;0;
882852269;35500638;🟡 жёлтый;держим;ставка не тратится: показы есть, кликов нет;7.30;21.0;;0.0;0.00;0;0;0;0;0;0;0;1;0;0;
860423702;35501028;🟡 жёлтый;держим;ставка не тратится: показы есть, кликов нет;7.30;29.5;;4.5;0.00;0;0;0;0;0;0;0;1;0;0;
872416027;35505900;🟡 жёлтый;держим;ставка не тратится: показы есть, кликов нет;7.30;40.0;;15.0;0.00;0;0;0;0;0;0;0;1;0;0;
913032795;35498926;🟡 жёлтый;держим;ставка не тратится: показы есть, кликов нет;7.30;41.1;;16.1;0.00;0;0;0;0;0;0;0;1;0;0;
862491355;35508624;🟡 жёлтый;держим;ставка не тратится: показы есть, кликов нет;7.30;18.1;;0.0;0.00;0;0;0;0;0;0;0;5;0;0;
869023113;35507796;🟡 жёлтый;держим;ставка не тратится: показы есть, кликов нет;7.30;21.6;;0.0;0.00;0;0;0;0;0;0;0;5;0;0;
323195494;35513491;🟡 жёлтый;держим;ставка не тратится: показы есть, кликов нет;7.30;21.7;;0.0;0.00;0;0;0;0;0;0;0;1;0;0;
871711087;35506296;🟡 жёлтый;держим;ставка не тратится: показы есть, кликов нет;7.30;40.1;;15.1;0.00;0;0;0;0;0;0;0;1;0;0;
323164277;35509833;🟡 жёлтый;держим;ставка не тратится: показы есть, кликов нет;7.30;37.0;;12.0;0.00;0;0;0;0;0;0;0;2;0;1;
323254793;35513491;🟡 жёлтый;держим;ставка не тратится: показы есть, кликов нет;7.30;40.5;;15.5;0.00;0;0;0;0;0;0;0;2;0;0;
313183132;36463324;🟡 жёлтый;держим;ставка не тратится: показы есть, кликов нет;7.30;46.5;;21.5;0.00;0;0;0;0;0;0;0;6;0;3;
878063450;35504951;🟡 жёлтый;держим;ставка не тратится: показы есть, кликов нет;7.30;26.3;;1.3;0.00;0;0;0;0;0;0;0;1;0;0;
323092568;36460596;🟡 жёлтый;держим;ставка не тратится: показы есть, кликов нет;7.30;26.8;;1.8;0.00;0;0;0;0;0;0;0;3;0;0;
313184009;35513180;🟡 жёлтый;держим;ставка не тратится: показы есть, кликов нет;7.30;20.5;;0.0;0.00;0;0;0;0;0;0;0;3;0;0;
887144564;35501683;🟡 жёлтый;держим;ставка не тратится: показы есть, кликов нет;7.30;23.1;;0.0;0.00;0;0;0;0;0;0;0;3;0;0;
860014576;35509529;🟡 жёлтый;держим;ставка не тратится: показы есть, кликов нет;7.30;30.1;;5.1;0.00;0;0;0;0;0;0;0;8;0;0;
862514915;35501262;🟡 жёлтый;держим;ставка не тратится: показы есть, кликов нет;7.30;28.7;;3.7;0.00;0;0;0;0;0;0;0;1;0;0;
881842835;35503414;🟡 жёлтый;держим;ставка не тратится: показы есть, кликов нет;7.30;27.0;;2.0;0.00;0;0;0;0;0;0;0;10;0;0;
873357743;36458352;🟡 жёлтый;держим;ставка не тратится: показы есть, кликов нет;7.30;25.6;;0.6;0.00;0;0;0;0;0;0;0;3;0;0;
313183868;36459301;🟡 жёлтый;держим;ставка не тратится: показы есть, кликов нет;7.30;23.7;;0.0;0.00;0;0;0;0;0;0;0;18;0;0;
323120525;35509833;🟡 жёлтый;держим;ставка не тратится: показы есть, кликов нет;7.30;19.1;;0.0;0.00;0;0;0;0;0;0;0;3;0;0;
868903824;35501262;🟡 жёлтый;держим;ставка не тратится: показы есть, кликов нет;7.30;28.9;;3.9;0.00;0;0;0;0;0;0;0;2;0;0;
865613452;35508061;🟡 жёлтый;держим;ставка не тратится: показы есть, кликов нет;7.30;32.5;;7.5;0.00;0;0;0;0;0;0;0;5;0;0;
881038647;35501262;🟡 жёлтый;держим;ставка не тратится: показы есть, кликов нет;7.30;28.6;;3.6;0.00;0;0;0;0;0;0;0;17;0;0;
323214961;35513180;🟡 жёлтый;держим;ставка не тратится: показы есть, кликов нет;7.30;25.6;;0.6;0.00;0;0;0;0;0;0;0;1;0;0;
877450095;35504951;🟡 жёлтый;держим;ставка не тратится: показы есть, кликов нет;7.30;36.2;;11.2;0.00;0;0;0;0;0;0;0;1;0;0;
923628963;35497681;🟡 жёлтый;держим;ставка не тратится: показы есть, кликов нет;7.30;42.7;;17.7;0.00;0;0;0;0;0;0;0;30;0;0;
434793157;35512936;🟡 жёлтый;держим;ставка не тратится: показы есть, кликов нет;7.30;34.5;;9.5;0.00;0;0;0;0;0;0;0;8;0;0;
912766408;35497479;🟡 жёлтый;держим;ставка не тратится: показы есть, кликов нет;7.30;25.7;;0.7;0.00;0;0;0;0;0;0;0;1;0;0;
324993492;36462624;🟡 жёлтый;держим;ставка не тратится: показы есть, кликов нет;7.30;53.3;;28.3;0.00;0;0;0;0;0;0;0;19;0;0;
912929715;35499393;🟡 жёлтый;держим;ставка не тратится: показы есть, кликов нет;7.30;27.1;;2.1;0.00;0;0;0;0;0;0;0;1;0;0;
886582176;35501886;🟡 жёлтый;держим;ставка не тратится: показы есть, кликов нет;7.30;29.8;;4.8;0.00;0;0;0;0;0;0;0;1;0;0;
873441546;35505545;🟡 жёлтый;держим;ставка не тратится: показы есть, кликов нет;7.30;32.1;;7.1;0.00;0;0;0;0;0;0;0;7;0;1;
887694036;35501509;🟡 жёлтый;держим;ставка не тратится: показы есть, кликов нет;7.30;23.6;;0.0;0.00;0;0;0;0;0;0;0;1;0;0;
871083767;35507256;🟡 жёлтый;держим;ставка не тратится: показы есть, кликов нет;7.30;24.2;;0.0;0.00;0;0;0;0;0;0;0;1;0;0;
323200988;35513180;🟡 жёлтый;держим;ставка не тратится: показы есть, кликов нет;7.30;24.9;;0.0;0.00;0;0;0;0;0;0;0;1;0;0;
323171806;36459301;🟡 жёлтый;держим;ставка не тратится: показы есть, кликов нет;7.30;46.0;;21.0;0.00;0;0;0;0;0;0;0;1;0;0;
886451002;35501886;🟡 жёлтый;держим;ставка не тратится: показы есть, кликов нет;7.30;35.2;;10.2;0.00;0;0;0;0;0;0;0;2;0;0;
869209170;35507605;🟡 жёлтый;держим;ставка не тратится: показы есть, кликов нет;7.30;35.1;;10.1;0.00;0;0;0;0;0;0;0;1;0;0;
871738852;35506296;🟡 жёлтый;держим;ставка не тратится: показы есть, кликов нет;7.30;39.6;;14.6;0.00;0;0;0;0;0;0;0;4;0;0;
313189780;36463324;🟡 жёлтый;держим;ставка не тратится: показы есть, кликов нет;7.30;27.9;;2.9;0.00;0;0;0;0;0;0;0;32;0;1;
766607320;35508061;🟡 жёлтый;держим;ставка не тратится: показы есть, кликов нет;7.30;22.5;;0.0;0.00;0;0;0;0;0;2;0;4;0;0;
313185396;36459468;🟡 жёлтый;держим;ставка не тратится: показы есть, кликов нет;7.30;30.7;;5.7;0.00;0;0;0;0;0;0;0;25;0;1;
885223049;35502200;🟡 жёлтый;держим;ставка не тратится: показы есть, кликов нет;7.30;25.6;;0.6;0.00;0;0;0;0;0;0;0;22;0;0;
862469512;35509256;🟡 жёлтый;держим;ставка не тратится: показы есть, кликов нет;7.30;26.4;;1.4;0.00;0;0;0;0;0;0;0;1;0;1;
868979898;35507796;🟡 жёлтый;держим;ставка не тратится: показы есть, кликов нет;7.30;24.1;;0.0;0.00;0;0;0;0;0;0;0;1;0;0;
878622689;35504951;🟡 жёлтый;держим;ставка не тратится: показы есть, кликов нет;7.30;38.4;;13.4;0.00;0;0;0;0;0;0;0;1;0;0;
869274581;35507605;🟡 жёлтый;держим;ставка не тратится: показы есть, кликов нет;7.30;20.6;;0.0;0.00;0;0;0;0;0;0;0;16;0;0;
868984434;35507796;🟡 жёлтый;держим;ставка не тратится: показы есть, кликов нет;7.30;21.5;;0.0;0.00;0;0;0;0;0;0;0;5;0;0;
877426269;35504951;🟡 жёлтый;держим;ставка не тратится: показы есть, кликов нет;7.30;39.8;;14.8;0.00;0;0;0;0;0;0;0;1;0;0;
545048526;35497916;🟡 жёлтый;держим;ставка не тратится: показы есть, кликов нет;7.30;23.6;;0.0;0.00;0;0;0;0;0;0;0;19;0;0;
886471601;35501886;🟡 жёлтый;держим;ставка не тратится: показы есть, кликов нет;7.30;19.5;;0.0;0.00;0;0;0;0;0;0;0;1;0;0;
874851530;35505238;🟡 жёлтый;держим;ставка не тратится: показы есть, кликов нет;7.30;18.1;;0.0;0.00;0;0;0;0;0;0;0;1;0;0;
871721494;35506296;🟡 жёлтый;держим;ставка не тратится: показы есть, кликов нет;7.30;40.1;;15.1;0.00;0;0;0;0;0;0;0;1;0;0;
886301776;36458352;🟡 жёлтый;держим;ставка не тратится: показы есть, кликов нет;7.30;36.8;;11.8;0.00;0;0;0;0;0;0;0;1;0;0;
323162528;35514926;🟡 жёлтый;держим;ставка не тратится: показы есть, кликов нет;7.30;37.5;;12.5;0.00;0;0;0;0;0;0;0;2;0;0;
884298082;35501683;🟡 жёлтый;держим;ставка не тратится: показы есть, кликов нет;7.30;39.2;;14.2;0.00;0;0;0;0;0;0;0;10;0;0;
913061114;35498671;🟡 жёлтый;держим;ставка не тратится: показы есть, кликов нет;7.30;33.7;;8.7;0.00;0;0;0;0;0;0;0;3;0;0;
883215533;35501262;🟡 жёлтый;держим;ставка не тратится: показы есть, кликов нет;7.30;29.2;;4.2;0.00;0;0;0;0;0;0;0;4;0;0;
878591151;35504951;🟡 жёлтый;держим;ставка не тратится: показы есть, кликов нет;7.30;25.6;;0.6;0.00;0;0;0;0;0;0;0;1;0;0;
324996033;35511919;🟡 жёлтый;держим;ставка не тратится: показы есть, кликов нет;7.30;22.3;;0.0;0.00;0;0;0;0;0;0;0;5;0;0;
323123004;36463324;🟡 жёлтый;держим;ставка не тратится: показы есть, кликов нет;7.30;39.3;;14.3;0.00;0;0;0;0;0;0;0;2;0;0;
323280767;35515230;🟡 жёлтый;держим;ставка не тратится: показы есть, кликов нет;7.30;33.4;;8.4;0.00;0;0;0;0;0;0;0;2;0;0;
313183451;35513180;🟡 жёлтый;держим;ставка не тратится: показы есть, кликов нет;7.30;21.9;;0.0;0.00;0;0;0;0;0;0;0;23;0;0;
313191312;36459301;🟡 жёлтый;держим;ставка не тратится: показы есть, кликов нет;7.30;37.4;;12.4;0.00;0;0;0;0;0;0;0;1;0;0;
434803966;35512936;🟡 жёлтый;держим;ставка не тратится: показы есть, кликов нет;7.30;35.5;;10.5;0.00;0;0;0;0;0;0;0;1;0;0;
877440922;35500249;🟡 жёлтый;держим;ставка не тратится: показы есть, кликов нет;7.30;36.6;;11.6;0.00;0;0;0;0;0;0;0;1;0;0;
884076459;35500638;🟡 жёлтый;держим;ставка не тратится: показы есть, кликов нет;7.30;30.5;;5.5;0.00;0;0;0;0;0;0;0;4;0;0;
923600299;35497681;🟡 жёлтый;держим;ставка не тратится: показы есть, кликов нет;7.30;37.9;;12.9;0.00;0;0;0;0;0;0;0;12;0;0;
885475912;35497479;🟡 жёлтый;держим;ставка не тратится: показы есть, кликов нет;7.30;35.7;;10.7;0.00;0;0;0;0;0;0;0;9;0;0;
872377837;35505900;🟡 жёлтый;держим;ставка не тратится: показы есть, кликов нет;7.30;28.4;;3.4;0.00;0;0;0;0;0;0;0;2;0;0;
434805661;35503146;🟡 жёлтый;держим;ставка не тратится: показы есть, кликов нет;7.30;32.6;;7.6;0.00;0;0;0;0;0;0;0;49;0;2;
323155153;36459075;🟡 жёлтый;держим;ставка не тратится: показы есть, кликов нет;7.30;44.5;;19.5;0.00;0;0;0;0;0;0;0;3;0;0;
874764217;35504537;🟡 жёлтый;держим;ставка не тратится: показы есть, кликов нет;7.30;35.5;;10.5;0.00;0;0;0;0;0;0;0;3;0;0;
882058538;35503414;🟡 жёлтый;держим;ставка не тратится: показы есть, кликов нет;7.30;31.9;;6.9;0.00;0;0;0;0;0;0;0;7;0;0;
876704011;35497479;🟡 жёлтый;держим;ставка не тратится: показы есть, кликов нет;7.30;25.7;;0.7;0.00;0;0;0;0;0;0;0;2;0;0;
880272620;35504156;🟡 жёлтый;держим;ставка не тратится: показы есть, кликов нет;7.30;17.9;;0.0;0.00;0;0;0;0;0;0;0;5;0;0;
884088264;35502769;🟡 жёлтый;держим;ставка не тратится: показы есть, кликов нет;7.30;35.1;;10.1;0.00;0;0;0;0;0;0;0;2;0;0;
873364443;35505545;🟡 жёлтый;держим;ставка не тратится: показы есть, кликов нет;7.30;25.6;;0.6;0.00;0;0;0;0;0;0;0;1;0;0;
323126972;35515230;🟡 жёлтый;держим;ставка не тратится: показы есть, кликов нет;7.30;21.5;;0.0;0.00;0;0;0;0;0;0;0;1;0;0;
313196153;36460596;🟡 жёлтый;держим;ставка не тратится: показы есть, кликов нет;7.30;33.0;;8.0;0.00;0;0;0;0;0;0;0;11;0;0;
878750437;35504537;🟡 жёлтый;держим;ставка не тратится: показы есть, кликов нет;7.30;33.5;;8.5;0.00;0;0;0;0;0;0;0;1;0;2;
323257204;35588483;🟡 жёлтый;держим;ставка не тратится: показы есть, кликов нет;7.30;24.6;;0.0;0.00;0;0;0;0;0;0;0;1;0;0;
880635739;35503784;🟡 жёлтый;держим;ставка не тратится: показы есть, кликов нет;7.30;32.3;;7.3;0.00;0;0;0;0;0;0;0;9;0;0;
887152342;35501683;🟡 жёлтый;держим;ставка не тратится: показы есть, кликов нет;7.30;30.8;;5.8;0.00;0;0;0;0;0;0;0;1;0;0;
912772857;35500111;🟡 жёлтый;держим;ставка не тратится: показы есть, кликов нет;7.30;36.2;;11.2;0.00;0;0;0;0;0;0;0;2;0;0;
874782887;35505238;🟡 жёлтый;держим;ставка не тратится: показы есть, кликов нет;7.30;17.6;;0.0;0.00;0;0;0;0;0;0;0;10;0;0;
871043175;35507605;🟡 жёлтый;держим;ставка не тратится: показы есть, кликов нет;7.30;18.8;;0.0;0.00;0;0;0;0;0;0;0;2;0;0;
881882977;35503414;🟡 жёлтый;держим;ставка не тратится: показы есть, кликов нет;7.30;21.6;;0.0;0.00;0;0;0;0;0;0;0;3;0;0;
869343048;35507605;🟡 жёлтый;держим;ставка не тратится: показы есть, кликов нет;7.30;35.0;;10.0;0.00;0;0;0;0;0;0;0;1;0;0;
883548716;35502978;🟡 жёлтый;держим;ставка не тратится: показы есть, кликов нет;7.30;16.4;;0.0;0.00;0;0;0;0;0;0;0;1;0;0;
323187387;35514220;🟡 жёлтый;держим;ставка не тратится: показы есть, кликов нет;7.30;39.0;;14.0;0.00;0;0;0;0;0;0;0;5;0;0;
859918508;35509529;🟡 жёлтый;держим;ставка не тратится: показы есть, кликов нет;7.30;21.3;;0.0;0.00;0;0;0;0;0;0;0;1;0;0;
863260953;35500638;🟡 жёлтый;держим;ставка не тратится: показы есть, кликов нет;7.30;24.3;;0.0;0.00;0;0;0;0;0;0;0;1;0;0;
323185260;35513180;🟡 жёлтый;держим;ставка не тратится: показы есть, кликов нет;7.30;31.8;;6.8;0.00;0;0;0;0;0;0;0;2;0;0;
872428673;36458352;🟡 жёлтый;держим;ставка не тратится: показы есть, кликов нет;7.30;40.0;;15.0;0.00;0;0;0;0;0;0;0;2;0;0;
862403846;35509256;🟡 жёлтый;держим;ставка не тратится: показы есть, кликов нет;7.30;21.1;;0.0;0.00;0;0;0;0;0;0;0;1;0;0;
923536138;35497916;🟡 жёлтый;держим;ставка не тратится: показы есть, кликов нет;7.30;15.2;;0.0;0.00;0;0;0;0;0;0;0;21;0;0;
913043897;35499491;🟡 жёлтый;держим;ставка не тратится: показы есть, кликов нет;7.30;39.1;;14.1;0.00;0;0;0;0;0;0;0;1;0;0;
880640708;35503784;🟡 жёлтый;держим;ставка не тратится: показы есть, кликов нет;7.30;15.6;;0.0;0.00;0;0;0;0;0;0;0;3;0;0;
886462192;35501886;🟡 жёлтый;держим;ставка не тратится: показы есть, кликов нет;7.30;19.5;;0.0;0.00;0;0;0;0;0;0;0;1;0;0;
880332405;35501028;🟡 жёлтый;держим;ставка не тратится: показы есть, кликов нет;7.30;25.4;;0.4;0.00;0;0;0;0;0;0;0;1;0;0;
323108308;36462624;🟡 жёлтый;держим;ставка не тратится: показы есть, кликов нет;7.30;54.2;;29.2;0.00;0;0;0;0;0;0;1;4;0;1;
343260986;35511919;🟡 жёлтый;держим;ставка не тратится: показы есть, кликов нет;7.30;36.6;;11.6;0.00;0;0;0;0;0;0;0;5;0;0;
323339894;35512317;🟡 жёлтый;держим;ставка не тратится: показы есть, кликов нет;7.30;31.3;;6.3;0.00;0;0;0;0;0;0;0;24;0;0;
555377933;35508987;🟡 жёлтый;держим;ставка не тратится: показы есть, кликов нет;7.30;43.5;;18.5;0.00;0;0;0;0;0;0;0;4;0;0;
883486582;35502978;🟡 жёлтый;держим;ставка не тратится: показы есть, кликов нет;7.30;15.7;;0.0;0.00;0;0;0;0;0;0;0;3;0;0;
923616053;35497681;🟡 жёлтый;держим;ставка не тратится: показы есть, кликов нет;7.30;34.1;;9.1;0.00;0;0;0;0;0;0;0;2;0;0;
912906257;35499393;🟡 жёлтый;держим;ставка не тратится: показы есть, кликов нет;7.30;26.9;;1.9;0.00;0;0;0;0;0;0;0;2;0;0;
323108271;35510132;🟡 жёлтый;держим;ставка не тратится: показы есть, кликов нет;7.30;27.9;;2.9;0.00;0;0;0;0;0;0;0;21;0;0;
862496479;35509256;🟡 жёлтый;держим;ставка не тратится: показы есть, кликов нет;7.30;26.3;;1.3;0.00;0;0;0;0;0;0;0;1;0;0;
882849985;35503146;🟡 жёлтый;держим;ставка не тратится: показы есть, кликов нет;7.30;25.6;;0.6;0.00;0;0;0;0;0;0;0;1;0;0;
323226837;35513180;🟡 жёлтый;держим;ставка не тратится: показы есть, кликов нет;7.30;35.3;;10.3;0.00;0;0;0;0;0;0;0;8;0;0;
912871075;35499393;🟡 жёлтый;держим;ставка не тратится: показы есть, кликов нет;7.30;23.3;;0.0;0.00;0;0;0;0;0;0;0;7;0;0;
862444798;35509256;🟡 жёлтый;держим;ставка не тратится: показы есть, кликов нет;7.30;20.0;;0.0;0.00;0;0;0;0;0;0;0;2;0;0;
874767217;35505238;🟡 жёлтый;держим;ставка не тратится: показы есть, кликов нет;7.30;35.1;;10.1;0.00;0;0;0;0;0;0;0;7;0;0;
880175610;35504156;🟡 жёлтый;держим;ставка не тратится: показы есть, кликов нет;7.30;30.9;;5.9;0.00;0;0;0;0;0;0;0;15;0;0;
861618184;35497479;🟡 жёлтый;держим;ставка не тратится: показы есть, кликов нет;7.30;29.8;;4.8;0.00;0;0;0;0;0;0;0;1;0;0;
882133264;35503414;🟡 жёлтый;держим;ставка не тратится: показы есть, кликов нет;7.30;36.4;;11.4;0.00;0;0;0;0;0;0;0;4;0;0;
324984159;35514511;🟡 жёлтый;держим;ставка не тратится: показы есть, кликов нет;7.30;18.1;;0.0;0.00;0;0;0;0;0;0;0;2;0;0;
323361994;35498462;🟡 жёлтый;держим;ставка не тратится: показы есть, кликов нет;7.30;39.7;;14.7;0.00;0;0;0;0;0;0;0;1;0;0;
871705319;35506296;🟡 жёлтый;держим;ставка не тратится: показы есть, кликов нет;7.30;40.1;;15.1;0.00;0;0;0;0;0;0;0;1;0;0;
872372319;35506296;🟡 жёлтый;держим;ставка не тратится: показы есть, кликов нет;7.30;52.0;;27.0;0.00;0;0;0;0;0;0;0;11;0;0;
323168368;36458948;🟡 жёлтый;держим;ставка не тратится: показы есть, кликов нет;7.30;41.3;;16.3;0.00;0;0;0;0;0;0;0;1;0;0;
872384707;35505900;🟡 жёлтый;держим;ставка не тратится: показы есть, кликов нет;7.30;40.0;;15.0;0.00;0;0;0;0;0;0;0;4;0;0;
323327599;35514926;🟡 жёлтый;держим;ставка не тратится: показы есть, кликов нет;7.30;42.1;;17.1;0.00;0;0;0;0;0;0;1;2;0;5;
859922525;35509529;🟡 жёлтый;держим;ставка не тратится: показы есть, кликов нет;7.30;21.3;;0.0;0.00;0;0;0;0;0;0;0;2;0;0;
873340476;36458352;🟡 жёлтый;держим;ставка не тратится: показы есть, кликов нет;7.30;37.2;;12.2;0.00;0;0;0;0;0;0;0;2;0;0;
884120029;35502769;🟡 жёлтый;держим;ставка не тратится: показы есть, кликов нет;7.30;17.9;;0.0;0.00;0;0;0;0;0;0;0;2;0;0;
872344554;35506296;🟡 жёлтый;держим;ставка не тратится: показы есть, кликов нет;7.30;27.9;;2.9;0.00;0;0;0;0;0;0;0;5;0;0;
872301371;35506296;🟡 жёлтый;держим;ставка не тратится: показы есть, кликов нет;7.30;38.9;;13.9;0.00;0;0;0;0;0;0;0;1;0;0;
323115537;36459468;🟡 жёлтый;держим;ставка не тратится: показы есть, кликов нет;7.30;43.3;;18.3;0.00;0;0;0;0;0;0;0;1;0;0;
862517641;35508987;🟡 жёлтый;держим;ставка не тратится: показы есть, кликов нет;7.30;25.4;;0.4;0.00;0;0;0;0;0;0;0;4;0;0;
869378504;35507605;🟡 жёлтый;держим;ставка не тратится: показы есть, кликов нет;7.30;26.2;;1.2;0.00;0;0;0;0;0;0;0;3;0;0;
434720988;36460888;🟡 жёлтый;держим;ставка не тратится: показы есть, кликов нет;7.30;30.2;;5.2;0.00;0;0;0;0;0;0;0;3;0;0;
323152545;36459075;🟡 жёлтый;держим;ставка не тратится: показы есть, кликов нет;7.30;41.5;;16.5;0.00;0;0;0;0;0;0;0;2;0;0;
876876536;35505238;🟡 жёлтый;держим;ставка не тратится: показы есть, кликов нет;7.30;27.8;;2.8;0.00;0;0;0;0;0;0;0;2;0;0;
323122547;35509833;🟡 жёлтый;держим;ставка не тратится: показы есть, кликов нет;7.30;33.7;;8.7;0.00;0;0;0;0;0;0;0;4;0;2;
865032474;35508624;🟡 жёлтый;держим;ставка не тратится: показы есть, кликов нет;7.30;22.1;;0.0;0.00;0;0;0;0;0;0;0;5;0;0;
871635255;35507256;🟡 жёлтый;держим;ставка не тратится: показы есть, кликов нет;7.30;31.3;;6.3;0.00;0;0;0;0;0;0;0;7;0;0;
883400485;35497916;🟡 жёлтый;держим;ставка не тратится: показы есть, кликов нет;7.30;30.2;;5.2;0.00;0;0;0;0;0;0;0;14;0;0;
324989296;36458352;🟡 жёлтый;держим;ставка не тратится: показы есть, кликов нет;7.30;32.5;;7.5;0.00;0;0;0;0;0;0;0;2;0;0;
323331449;35512936;🟡 жёлтый;держим;ставка не тратится: показы есть, кликов нет;7.30;36.7;;11.7;0.00;0;0;0;0;0;0;0;7;0;1;
871110152;35507256;🟡 жёлтый;держим;ставка не тратится: показы есть, кликов нет;7.30;24.2;;0.0;0.00;0;0;0;0;0;0;0;1;0;0;
883124029;35503146;🟡 жёлтый;держим;ставка не тратится: показы есть, кликов нет;7.30;26.9;;1.9;0.00;0;0;0;0;0;0;0;4;0;0;
913064625;35498926;🟡 жёлтый;держим;ставка не тратится: показы есть, кликов нет;7.30;24.2;;0.0;0.00;0;0;0;0;0;0;0;10;0;1;
874833602;35505238;🟡 жёлтый;держим;ставка не тратится: показы есть, кликов нет;7.30;16.8;;0.0;0.00;0;0;0;0;0;0;0;2;0;0;
871679652;35507256;🟡 жёлтый;держим;ставка не тратится: показы есть, кликов нет;7.30;23.9;;0.0;0.00;0;0;0;0;0;0;0;1;0;0;
869332388;35500638;🟡 жёлтый;держим;ставка не тратится: показы есть, кликов нет;7.30;21.6;;0.0;0.00;0;0;0;0;0;0;0;2;0;0;
966913211;36463324;🟡 жёлтый;держим;ставка не тратится: показы есть, кликов нет;7.30;40.9;;15.9;0.00;0;0;0;0;0;0;0;7;0;0;
324981287;35514926;🟡 жёлтый;держим;ставка не тратится: показы есть, кликов нет;7.30;22.1;;0.0;0.00;0;0;0;0;0;0;0;1;0;0;
324989534;35508987;🟡 жёлтый;держим;ставка не тратится: показы есть, кликов нет;7.30;39.4;;14.4;0.00;0;0;0;0;0;0;0;13;0;1;
880276656;35504156;🟡 жёлтый;держим;ставка не тратится: показы есть, кликов нет;7.30;36.8;;11.8;0.00;0;0;0;0;0;0;0;6;0;0;
324990923;35508987;🟡 жёлтый;держим;ставка не тратится: показы есть, кликов нет;7.30;42.7;;17.7;0.00;0;0;0;0;0;0;0;9;0;0;
495475908;35512317;🟡 жёлтый;держим;ставка не тратится: показы есть, кликов нет;7.30;24.4;;0.0;0.00;0;0;0;0;0;0;0;1;0;0;
313183875;35588483;🟡 жёлтый;держим;ставка не тратится: показы есть, кликов нет;7.30;23.5;;0.0;0.00;0;0;0;0;0;0;0;23;0;0;
868903224;35501262;🟡 жёлтый;держим;ставка не тратится: показы есть, кликов нет;7.30;28.9;;3.9;0.00;0;0;0;0;0;0;0;2;0;0;
883374349;35502978;🟡 жёлтый;держим;ставка не тратится: показы есть, кликов нет;7.30;15.8;;0.0;0.00;0;0;0;0;0;0;0;1;0;0;
435041058;35495292;🟡 жёлтый;держим;ставка не тратится: показы есть, кликов нет;7.30;24.6;;0.0;0.00;0;0;0;0;0;0;0;3;0;2;
882869204;35500638;🟡 жёлтый;держим;ставка не тратится: показы есть, кликов нет;7.30;29.5;;4.5;0.00;0;0;0;0;0;0;0;1;0;0;
886557471;35497916;🟡 жёлтый;держим;ставка не тратится: показы есть, кликов нет;7.30;37.4;;12.4;0.00;0;0;0;0;0;0;0;2;0;0;
883596159;35502978;🟡 жёлтый;держим;ставка не тратится: показы есть, кликов нет;7.30;26.9;;1.9;0.00;0;0;0;0;0;0;0;4;0;0;
885237600;35502200;🟡 жёлтый;держим;ставка не тратится: показы есть, кликов нет;7.30;27.2;;2.2;0.00;0;0;0;0;0;0;0;1;0;0;
313183593;35495292;🟡 жёлтый;держим;ставка не тратится: показы есть, кликов нет;7.30;17.5;;0.0;0.00;0;0;0;0;0;0;0;2;0;0;
923600292;35497681;🟡 жёлтый;держим;ставка не тратится: показы есть, кликов нет;7.30;37.9;;12.9;0.00;0;0;0;0;0;0;0;9;0;0;
865036707;35508624;🟡 жёлтый;держим;ставка не тратится: показы есть, кликов нет;7.30;17.8;;0.0;0.00;0;0;0;0;0;0;0;5;0;0;
313189635;36463324;🟡 жёлтый;держим;ставка не тратится: показы есть, кликов нет;7.30;34.1;;9.1;0.00;0;0;0;0;0;0;0;1;0;0;
398839175;35509833;🟡 жёлтый;держим;ставка не тратится: показы есть, кликов нет;7.30;19.4;;0.0;0.00;0;0;0;0;0;0;0;4;0;0;
871735920;35506296;🟡 жёлтый;держим;ставка не тратится: показы есть, кликов нет;7.30;37.0;;12.0;0.00;0;0;0;0;0;0;0;9;0;0;
485058490;35511919;🟡 жёлтый;держим;ставка не тратится: показы есть, кликов нет;7.30;29.1;;4.1;0.00;0;0;0;0;0;0;0;1;0;0;
873378247;35505545;🟡 жёлтый;держим;ставка не тратится: показы есть, кликов нет;7.30;25.6;;0.6;0.00;0;0;0;0;0;0;0;1;0;0;
865201939;35500638;🟡 жёлтый;держим;ставка не тратится: показы есть, кликов нет;7.30;29.6;;4.6;0.00;0;0;0;0;0;0;0;4;0;0;
323244436;35514511;🟡 жёлтый;держим;ставка не тратится: показы есть, кликов нет;7.30;15.8;;0.0;0.00;0;0;0;0;0;0;0;7;0;0;
868921182;35500111;🟡 жёлтый;держим;ставка не тратится: показы есть, кликов нет;7.30;26.8;;1.8;0.00;0;0;0;0;0;0;0;1;0;0;
887122096;35501683;🟡 жёлтый;держим;ставка не тратится: показы есть, кликов нет;7.30;34.2;;9.2;0.00;0;0;0;0;0;0;0;7;0;0;
434805495;35512936;🟡 жёлтый;держим;ставка не тратится: показы есть, кликов нет;7.30;39.0;;14.0;0.00;0;0;0;0;0;0;0;1;0;0;
915913019;35498671;🟡 жёлтый;держим;ставка не тратится: показы есть, кликов нет;7.30;20.5;;0.0;0.00;0;0;0;0;0;0;0;7;0;0;
313190386;35514926;🟡 жёлтый;держим;ставка не тратится: показы есть, кликов нет;7.30;38.8;;13.8;0.00;0;0;0;0;0;0;0;5;0;4;
323091852;35512317;🟡 жёлтый;держим;ставка не тратится: показы есть, кликов нет;7.30;18.6;;0.0;0.00;0;0;0;0;0;0;0;42;0;0;
313184006;35513180;🟡 жёлтый;держим;ставка не тратится: показы есть, кликов нет;7.30;21.5;;0.0;0.00;0;0;0;0;0;0;0;3;0;0;
869370617;35507605;🟡 жёлтый;держим;ставка не тратится: показы есть, кликов нет;7.30;28.4;;3.4;0.00;0;0;0;0;0;0;0;6;0;0;
865181202;35500249;🟡 жёлтый;держим;ставка не тратится: показы есть, кликов нет;7.30;17.5;;0.0;0.00;0;0;0;0;0;0;0;1;0;0;
878769505;35504156;🟡 жёлтый;держим;ставка не тратится: показы есть, кликов нет;7.30;30.1;;5.1;0.00;0;0;0;0;0;0;0;54;0;0;
380712002;35509833;🟡 жёлтый;держим;ставка не тратится: показы есть, кликов нет;7.30;21.4;;0.0;0.00;0;0;0;0;0;0;0;2;0;0;
887703792;35501509;🟡 жёлтый;держим;ставка не тратится: показы есть, кликов нет;7.30;22.2;;0.0;0.00;0;0;0;0;0;0;0;3;0;0;
323255243;36459075;🟡 жёлтый;держим;ставка не тратится: показы есть, кликов нет;7.30;18.4;;0.0;0.00;0;0;0;0;0;0;0;1;0;0;
862441812;35509256;🟡 жёлтый;держим;ставка не тратится: показы есть, кликов нет;7.30;20.0;;0.0;0.00;0;0;0;0;0;0;0;2;0;0;
877425780;35504951;🟡 жёлтый;держим;ставка не тратится: показы есть, кликов нет;7.30;35.8;;10.8;0.00;0;0;0;0;0;0;0;2;0;0;
323140362;35514926;🟡 жёлтый;держим;ставка не тратится: показы есть, кликов нет;7.30;37.0;;12.0;0.00;0;0;0;0;0;0;0;1;0;0;
867192352;35504537;🟡 жёлтый;держим;ставка не тратится: показы есть, кликов нет;7.30;29.2;;4.2;0.00;0;0;0;0;0;0;0;4;0;0;
923581762;35497681;🟡 жёлтый;держим;ставка не тратится: показы есть, кликов нет;7.30;36.6;;11.6;0.00;0;0;0;0;0;0;0;7;0;0;
323155851;35508987;🟡 жёлтый;держим;ставка не тратится: показы есть, кликов нет;7.30;42.7;;17.7;0.00;0;0;0;0;0;0;0;6;0;0;
887193654;35501509;🟡 жёлтый;держим;ставка не тратится: показы есть, кликов нет;7.30;25.1;;0.1;0.00;0;0;0;0;0;0;0;5;0;0;
323108897;35504951;🟡 жёлтый;держим;ставка не тратится: показы есть, кликов нет;7.30;33.8;;8.8;0.00;0;0;0;0;0;0;0;4;0;0;
883098559;35503146;🟡 жёлтый;держим;ставка не тратится: показы есть, кликов нет;7.30;22.5;;0.0;0.00;0;0;0;0;0;0;0;1;0;0;
887099784;35501683;🟡 жёлтый;держим;ставка не тратится: показы есть, кликов нет;7.30;31.3;;6.3;0.00;0;0;0;0;0;0;0;6;0;0;
923616296;35497681;🟡 жёлтый;держим;ставка не тратится: показы есть, кликов нет;7.30;34.1;;9.1;0.00;0;0;0;0;0;0;0;1;0;0;
323118668;35514926;🟡 жёлтый;держим;ставка не тратится: показы есть, кликов нет;7.30;16.6;;0.0;0.00;0;0;0;0;0;0;0;2;0;0;
886303238;36458352;🟡 жёлтый;держим;ставка не тратится: показы есть, кликов нет;7.30;36.8;;11.8;0.00;0;0;0;0;0;0;0;1;0;0;
313194649;36459468;🟡 жёлтый;держим;ставка не тратится: показы есть, кликов нет;7.30;39.6;;14.6;0.00;0;0;0;0;0;0;0;8;0;0;
323181532;36459301;🟡 жёлтый;держим;ставка не тратится: показы есть, кликов нет;7.30;38.1;;13.1;0.00;0;0;0;0;0;0;0;1;0;0;
323338804;35514220;🟡 жёлтый;держим;ставка не тратится: показы есть, кликов нет;7.30;35.3;;10.3;0.00;0;0;0;0;0;0;0;2;0;0;
879745121;35504156;🟡 жёлтый;держим;ставка не тратится: показы есть, кликов нет;7.30;27.2;;2.2;0.00;0;0;0;0;0;0;0;1;0;0;
885114186;35502769;🟡 жёлтый;держим;ставка не тратится: показы есть, кликов нет;7.30;22.9;;0.0;0.00;0;0;0;0;0;0;0;1;0;0;
323283393;35514511;🟡 жёлтый;держим;ставка не тратится: показы есть, кликов нет;7.30;21.8;;0.0;0.00;0;0;0;0;0;0;0;1;0;0;
323172852;36458948;🟡 жёлтый;держим;ставка не тратится: показы есть, кликов нет;7.30;33.6;;8.6;0.00;0;0;0;0;0;0;0;1;0;0;
882132715;35503414;🟡 жёлтый;держим;ставка не тратится: показы есть, кликов нет;7.30;36.4;;11.4;0.00;0;0;0;0;0;0;0;5;0;0;
884596458;35502769;🟡 жёлтый;держим;ставка не тратится: показы есть, кликов нет;7.30;33.5;;8.5;0.00;0;0;0;0;0;0;0;1;0;0;
883502383;35502978;🟡 жёлтый;держим;ставка не тратится: показы есть, кликов нет;7.30;15.7;;0.0;0.00;0;0;0;0;0;0;0;1;0;0;
871606319;35507256;🟡 жёлтый;держим;ставка не тратится: показы есть, кликов нет;7.30;20.0;;0.0;0.00;0;0;0;0;0;0;0;1;0;0;
323092453;36460596;🟡 жёлтый;держим;ставка не тратится: показы есть, кликов нет;7.30;35.5;;10.5;0.00;0;0;0;0;0;0;0;3;0;0;
871737850;35506296;🟡 жёлтый;держим;ставка не тратится: показы есть, кликов нет;7.30;37.0;;12.0;0.00;0;0;0;0;0;0;0;4;0;0;
883117167;35500638;🟡 жёлтый;держим;ставка не тратится: показы есть, кликов нет;7.30;41.4;;16.4;0.00;0;0;0;0;0;0;0;3;0;0;
879744538;35504156;🟡 жёлтый;держим;ставка не тратится: показы есть, кликов нет;7.30;39.6;;14.6;0.00;0;0;0;0;0;0;0;5;0;0;
323138255;35513872;🟡 жёлтый;держим;ставка не тратится: показы есть, кликов нет;7.30;17.0;;0.0;0.00;0;0;0;0;0;0;1;5;0;2;
863304663;35508624;🟡 жёлтый;держим;ставка не тратится: показы есть, кликов нет;7.30;24.8;;0.0;0.00;0;0;0;0;0;0;0;1;0;0;
323330292;35512936;🟡 жёлтый;держим;ставка не тратится: показы есть, кликов нет;7.30;27.2;;2.2;0.00;0;0;0;0;0;0;0;2;0;0;
923490355;35497916;🟡 жёлтый;держим;ставка не тратится: показы есть, кликов нет;7.30;24.6;;0.0;0.00;0;0;0;0;0;0;0;1;0;0;
313213851;35510132;🟡 жёлтый;держим;ставка не тратится: показы есть, кликов нет;7.30;27.6;;2.6;0.00;0;0;0;0;0;0;0;3;0;1;
871601931;35507256;🟡 жёлтый;держим;ставка не тратится: показы есть, кликов нет;7.30;20.0;;0.0;0.00;0;0;0;0;0;0;0;1;0;0;
859993646;35509529;🟡 жёлтый;держим;ставка не тратится: показы есть, кликов нет;7.30;17.5;;0.0;0.00;0;0;0;0;0;0;0;5;0;0;
323167211;35508987;🟡 жёлтый;держим;ставка не тратится: показы есть, кликов нет;7.30;46.8;;21.8;0.00;0;0;0;0;0;0;0;14;0;0;
878637991;35504951;🟡 жёлтый;держим;ставка не тратится: показы есть, кликов нет;7.30;38.4;;13.4;0.00;0;0;0;0;0;0;0;1;0;0;
323109225;36460596;🟡 жёлтый;держим;ставка не тратится: показы есть, кликов нет;7.30;40.4;;15.4;0.00;0;0;0;0;0;0;0;4;0;0;
868925389;35507796;🟡 жёлтый;держим;ставка не тратится: показы есть, кликов нет;7.30;33.3;;8.3;0.00;0;0;0;0;0;0;0;3;0;0;
913060717;35498671;🟡 жёлтый;держим;ставка не тратится: показы есть, кликов нет;7.30;31.3;;6.3;0.00;0;0;0;0;0;0;0;2;0;0;
872396022;35505900;🟡 жёлтый;держим;ставка не тратится: показы есть, кликов нет;7.30;40.0;;15.0;0.00;0;0;0;0;0;0;0;2;0;0;
879564140;35501028;🟡 жёлтый;держим;ставка не тратится: показы есть, кликов нет;7.30;22.2;;0.0;0.00;0;0;0;0;0;0;0;4;0;0;
323331524;36463324;🟡 жёлтый;держим;ставка не тратится: показы есть, кликов нет;7.30;27.4;;2.4;0.00;0;0;0;0;0;0;0;13;0;7;
861655646;35500638;🟡 жёлтый;держим;ставка не тратится: показы есть, кликов нет;7.30;24.3;;0.0;0.00;0;0;0;0;0;0;0;5;0;0;
313183573;35505545;🟡 жёлтый;держим;ставка не тратится: показы есть, кликов нет;7.30;20.0;;0.0;0.00;0;0;0;0;0;0;0;2;0;0;
880317281;35504156;🟡 жёлтый;держим;ставка не тратится: показы есть, кликов нет;7.30;38.9;;13.9;0.00;0;0;0;0;0;0;0;5;0;0;
859076668;35509833;🟡 жёлтый;держим;ставка не тратится: показы есть, кликов нет;7.30;23.1;;0.0;0.00;0;0;0;0;0;0;0;1;0;0;
873447074;35505545;🟡 жёлтый;держим;ставка не тратится: показы есть, кликов нет;7.30;37.5;;12.5;0.00;0;0;0;0;0;0;0;2;0;0;
323157888;35513872;🟡 жёлтый;держим;ставка не тратится: показы есть, кликов нет;7.30;27.1;;2.1;0.00;0;0;0;0;0;0;0;1;0;0;
887125522;35497916;🟡 жёлтый;держим;ставка не тратится: показы есть, кликов нет;7.30;37.3;;12.3;0.00;0;0;0;0;0;0;0;3;0;0;
873434640;35498462;🟡 жёлтый;держим;ставка не тратится: показы есть, кликов нет;7.30;28.2;;3.2;0.00;0;0;0;0;0;0;0;11;0;0;
862402083;35509256;🟡 жёлтый;держим;ставка не тратится: показы есть, кликов нет;7.30;21.1;;0.0;0.00;0;0;0;0;0;0;0;1;0;0;
490291215;35512317;🟡 жёлтый;держим;ставка не тратится: показы есть, кликов нет;7.30;20.8;;0.0;0.00;0;0;0;0;0;0;0;1;0;0;
871014419;35507605;🟡 жёлтый;держим;ставка не тратится: показы есть, кликов нет;7.30;24.3;;0.0;0.00;0;0;0;0;0;0;0;11;0;0;
877801681;35504951;🟡 жёлтый;держим;ставка не тратится: показы есть, кликов нет;7.30;23.8;;0.0;0.00;0;0;0;0;0;0;0;4;0;0;
324986604;35514220;🟡 жёлтый;держим;ставка не тратится: показы есть, кликов нет;7.30;22.5;;0.0;0.00;0;0;0;0;0;0;0;3;0;0;
923601634;35497681;🟡 жёлтый;держим;ставка не тратится: показы есть, кликов нет;7.30;37.9;;12.9;0.00;0;0;0;0;0;0;0;7;0;0;
885356203;35502200;🟡 жёлтый;держим;ставка не тратится: показы есть, кликов нет;7.30;23.4;;0.0;0.00;0;0;0;0;0;0;0;30;0;0;
380912138;35509833;🟡 жёлтый;держим;ставка не тратится: показы есть, кликов нет;7.30;21.4;;0.0;0.00;0;0;0;0;0;0;0;17;0;0;
862409358;35509256;🟡 жёлтый;держим;ставка не тратится: показы есть, кликов нет;7.30;24.9;;0.0;0.00;0;0;0;0;0;0;0;1;0;0;
323225267;35499306;🟡 жёлтый;держим;ставка не тратится: показы есть, кликов нет;7.30;34.8;;9.8;0.00;0;0;0;0;0;0;0;8;0;0;
874406596;35505545;🟡 жёлтый;держим;ставка не тратится: показы есть, кликов нет;7.30;18.2;;0.0;0.00;0;0;0;0;0;0;0;1;0;0;
323167530;35508987;🟡 жёлтый;держим;ставка не тратится: показы есть, кликов нет;7.30;40.0;;15.0;0.00;0;0;0;0;0;0;0;1;0;0;
887104222;35501683;🟡 жёлтый;держим;ставка не тратится: показы есть, кликов нет;7.30;31.3;;6.3;0.00;0;0;0;0;0;0;0;1;0;0;
879723830;35504156;🟡 жёлтый;держим;ставка не тратится: показы есть, кликов нет;7.30;39.6;;14.6;0.00;0;0;0;0;0;0;0;5;0;0;
883740768;35502978;🟡 жёлтый;держим;ставка не тратится: показы есть, кликов нет;7.30;15.9;;0.0;0.00;0;0;0;0;0;0;0;1;0;0;
871136814;35507256;🟡 жёлтый;держим;ставка не тратится: показы есть, кликов нет;7.30;24.2;;0.0;0.00;0;0;0;0;0;0;0;1;0;0;
923516046;35497681;🟡 жёлтый;держим;ставка не тратится: показы есть, кликов нет;7.30;34.9;;9.9;0.00;0;0;0;0;0;0;0;3;0;0;
880473647;35503784;🟡 жёлтый;держим;ставка не тратится: показы есть, кликов нет;7.30;21.7;;0.0;0.00;0;0;0;0;0;0;0;2;0;0;
874745070;35505238;🟡 жёлтый;держим;ставка не тратится: показы есть, кликов нет;7.30;34.0;;9.0;0.00;0;0;0;0;0;0;0;4;0;0;
324980142;36459075;🟡 жёлтый;держим;ставка не тратится: показы есть, кликов нет;7.30;34.5;;9.5;0.00;0;0;0;0;0;0;0;3;0;0;
883752870;35502978;🟡 жёлтый;держим;ставка не тратится: показы есть, кликов нет;7.30;33.1;;8.1;0.00;0;0;0;0;0;0;0;4;0;0;
486412813;35510132;🟡 жёлтый;держим;ставка не тратится: показы есть, кликов нет;7.30;22.4;;0.0;0.00;0;0;0;0;0;0;0;2;0;0;
323162671;36459894;🟡 жёлтый;держим;ставка не тратится: показы есть, кликов нет;7.30;23.9;;0.0;0.00;0;0;0;0;0;0;0;1;0;0;
313193537;36459468;🟡 жёлтый;держим;ставка не тратится: показы есть, кликов нет;7.30;23.9;;0.0;0.00;0;0;0;0;0;0;0;3;0;0;
869141552;35507796;🟡 жёлтый;держим;ставка не тратится: показы есть, кликов нет;7.30;34.7;;9.7;0.00;0;0;0;0;0;0;0;3;0;0;
323347821;35513180;🟡 жёлтый;держим;ставка не тратится: показы есть, кликов нет;7.30;28.4;;3.4;0.00;0;0;0;0;0;0;0;1;0;0;
871060456;35507605;🟡 жёлтый;держим;ставка не тратится: показы есть, кликов нет;7.30;17.1;;0.0;0.00;0;0;0;0;0;0;0;12;0;0;
876167027;35505238;🟡 жёлтый;держим;ставка не тратится: показы есть, кликов нет;7.30;36.9;;11.9;0.00;0;0;0;0;0;0;0;5;0;0;
865120859;35508404;🟡 жёлтый;держим;ставка не тратится: показы есть, кликов нет;7.30;20.9;;0.0;0.00;0;0;0;0;0;0;0;3;0;0;
923616597;35497479;🟡 жёлтый;держим;ставка не тратится: показы есть, кликов нет;7.30;34.1;;9.1;0.00;0;0;0;0;0;0;0;1;0;0;
882937131;35503146;🟡 жёлтый;держим;ставка не тратится: показы есть, кликов нет;7.30;25.1;;0.1;0.00;0;0;0;0;0;0;0;1;0;0;
324995231;35505238;🟡 жёлтый;держим;ставка не тратится: показы есть, кликов нет;7.30;25.2;;0.2;0.00;0;0;0;0;0;0;0;10;0;0;
861605359;35505900;🟡 жёлтый;держим;ставка не тратится: показы есть, кликов нет;7.30;21.2;;0.0;0.00;0;0;0;0;0;0;0;4;0;0;
869090467;35507796;🟡 жёлтый;держим;ставка не тратится: показы есть, кликов нет;7.30;35.6;;10.6;0.00;0;0;0;0;0;0;0;4;0;0;
323316561;35501262;🟡 жёлтый;держим;ставка не тратится: показы есть, кликов нет;7.30;30.9;;5.9;0.00;0;0;0;0;0;0;0;1;0;0;
859916602;35509529;🟡 жёлтый;держим;ставка не тратится: показы есть, кликов нет;7.30;21.9;;0.0;0.00;0;0;0;0;0;0;0;2;0;3;
324980009;36459301;🟡 жёлтый;держим;ставка не тратится: показы есть, кликов нет;7.30;32.4;;7.4;0.00;0;0;0;0;0;0;0;5;0;0;
501678337;35498926;🟡 жёлтый;держим;ставка не тратится: показы есть, кликов нет;7.30;24.3;;0.0;0.00;0;0;0;0;0;0;0;1;0;0;
323286356;35513180;🟡 жёлтый;держим;ставка не тратится: показы есть, кликов нет;7.30;22.9;;0.0;0.00;0;0;0;0;0;0;0;2;0;0;
862464644;35498839;🟡 жёлтый;держим;ставка не тратится: показы есть, кликов нет;7.30;19.9;;0.0;0.00;0;0;0;0;0;0;0;1;0;0;
324987258;36463324;🟡 жёлтый;держим;ставка не тратится: показы есть, кликов нет;7.30;52.7;;27.7;0.00;0;0;0;0;0;0;0;3;0;3;
912912432;35499393;🟡 жёлтый;держим;ставка не тратится: показы есть, кликов нет;7.30;23.7;;0.0;0.00;0;0;0;0;0;0;0;1;0;0;
432687167;35511919;🟡 жёлтый;держим;ставка не тратится: показы есть, кликов нет;7.30;27.2;;2.2;0.00;0;0;0;0;0;0;0;1;0;0;
885428787;35502200;🟡 жёлтый;держим;ставка не тратится: показы есть, кликов нет;7.30;27.9;;2.9;0.00;0;0;0;0;0;0;0;36;0;0;
1003329332;36462624;🟡 жёлтый;держим;ставка не тратится: показы есть, кликов нет;7.30;25.3;;0.3;0.00;0;0;0;0;0;0;0;1;0;0;
324983904;35514926;🟡 жёлтый;держим;ставка не тратится: показы есть, кликов нет;7.30;40.7;;15.7;0.00;0;0;0;0;0;0;0;91;0;0;
323215156;36463324;🟡 жёлтый;держим;ставка не тратится: показы есть, кликов нет;7.30;20.3;;0.0;0.00;0;0;0;0;0;0;0;15;0;4;
883573138;35502978;🟡 жёлтый;держим;ставка не тратится: показы есть, кликов нет;7.30;26.9;;1.9;0.00;0;0;0;0;0;0;0;10;0;0;
871628500;35507256;🟡 жёлтый;держим;ставка не тратится: показы есть, кликов нет;7.30;31.3;;6.3;0.00;0;0;0;0;0;0;0;12;0;0;
915242511;35498839;🟡 жёлтый;держим;ставка не тратится: показы есть, кликов нет;7.30;37.2;;12.2;0.00;0;0;0;0;0;0;0;2;0;0;
883616676;35502978;🟡 жёлтый;держим;ставка не тратится: показы есть, кликов нет;7.30;26.9;;1.9;0.00;0;0;0;0;0;0;0;3;0;1;
323344151;35514220;🟡 жёлтый;держим;ставка не тратится: показы есть, кликов нет;7.30;26.1;;1.1;0.00;0;0;0;0;0;0;0;1;0;0;
323172783;36458948;🟡 жёлтый;держим;ставка не тратится: показы есть, кликов нет;7.30;37.1;;12.1;0.00;0;0;0;0;0;0;0;1;0;0;
871019027;35507605;🟡 жёлтый;держим;ставка не тратится: показы есть, кликов нет;7.30;24.3;;0.0;0.00;0;0;0;0;0;0;0;6;0;0;
879739670;35504156;🟡 жёлтый;держим;ставка не тратится: показы есть, кликов нет;7.30;39.6;;14.6;0.00;0;0;0;0;0;0;0;6;0;0;
886373357;35501028;🟡 жёлтый;держим;ставка не тратится: показы есть, кликов нет;7.30;44.9;;19.9;0.00;0;0;0;0;0;0;0;1;0;0;
871079519;35507605;🟡 жёлтый;держим;ставка не тратится: показы есть, кликов нет;7.30;27.5;;2.5;0.00;0;0;0;0;0;0;0;4;0;0;
874820074;35501262;🟡 жёлтый;держим;ставка не тратится: показы есть, кликов нет;7.30;25.2;;0.2;0.00;0;0;0;0;0;0;0;1;0;0;
323132477;35515230;🟡 жёлтый;держим;ставка не тратится: показы есть, кликов нет;7.30;22.2;;0.0;0.00;0;0;0;0;0;0;0;6;0;0;
878632599;35504951;🟡 жёлтый;держим;ставка не тратится: показы есть, кликов нет;7.30;38.4;;13.4;0.00;0;0;0;0;0;0;0;1;0;0;
323162221;36459894;🟡 жёлтый;держим;ставка не тратится: показы есть, кликов нет;7.30;23.9;;0.0;0.00;0;0;0;0;0;0;0;1;0;0;
324985531;36460596;🟡 жёлтый;держим;ставка не тратится: показы есть, кликов нет;7.30;30.5;;5.5;0.00;0;0;0;0;0;0;0;4;0;0;
871627690;35507256;🟡 жёлтый;держим;ставка не тратится: показы есть, кликов нет;7.30;31.3;;6.3;0.00;0;0;0;0;0;0;0;13;0;0;
323362313;35512317;🟡 жёлтый;держим;ставка не тратится: показы есть, кликов нет;7.30;22.8;;0.0;0.00;0;0;0;0;0;0;0;2;0;0;
323338549;35514220;🟡 жёлтый;держим;ставка не тратится: показы есть, кликов нет;7.30;23.5;;0.0;0.00;0;0;0;0;0;0;0;1;0;0;
966911834;36463324;🟡 жёлтый;держим;ставка не тратится: показы есть, кликов нет;7.30;33.6;;8.6;0.00;0;0;0;0;0;0;0;15;0;0;
873343044;36458352;🟡 жёлтый;держим;ставка не тратится: показы есть, кликов нет;7.30;37.2;;12.2;0.00;0;0;0;0;0;0;0;2;0;0;
883716802;35502978;🟡 жёлтый;держим;ставка не тратится: показы есть, кликов нет;7.30;28.4;;3.4;0.00;0;0;0;0;0;0;0;27;0;0;
393838678;35508987;🟡 жёлтый;держим;ставка не тратится: показы есть, кликов нет;7.30;39.4;;14.4;0.00;0;0;0;0;0;0;0;2;0;1;
863535631;35508624;🟡 жёлтый;держим;ставка не тратится: показы есть, кликов нет;7.30;19.9;;0.0;0.00;0;0;0;0;0;0;0;3;0;0;
873363502;35505545;🟡 жёлтый;держим;ставка не тратится: показы есть, кликов нет;7.30;25.6;;0.6;0.00;0;0;0;0;0;0;0;2;0;0;
878887363;35501262;🟡 жёлтый;держим;ставка не тратится: показы есть, кликов нет;7.30;32.6;;7.6;0.00;0;0;0;0;0;0;0;1;0;0;
324986138;36463324;🟡 жёлтый;держим;ставка не тратится: показы есть, кликов нет;7.30;34.9;;9.9;0.00;0;0;0;0;0;0;0;1;0;0;
323270490;35512642;🟡 жёлтый;держим;ставка не тратится: показы есть, кликов нет;7.30;24.0;;0.0;0.00;0;0;0;0;0;1;0;5;0;0;
880255321;35504156;🟡 жёлтый;держим;ставка не тратится: показы есть, кликов нет;7.30;23.1;;0.0;0.00;0;0;0;0;0;0;0;1;0;0;
873358901;35505545;🟡 жёлтый;держим;ставка не тратится: показы есть, кликов нет;7.30;25.6;;0.6;0.00;0;0;0;0;0;0;0;1;0;0;
887115300;35501683;🟡 жёлтый;держим;в KPI, заказов нет — наблюдаем;7.30;37.7;;12.7;36.50;0;0;0;0;0;0;2;16;5;4;
865754053;35505238;🟡 жёлтый;держим;ставка не тратится: показы есть, кликов нет;7.30;21.3;;0.0;0.00;0;0;0;0;0;0;0;2;0;0;
874849412;35505238;🟡 жёлтый;держим;ставка не тратится: показы есть, кликов нет;7.30;22.1;;0.0;0.00;0;0;0;0;0;0;0;5;0;0;
884747262;35502769;🟡 жёлтый;держим;ставка не тратится: показы есть, кликов нет;7.30;33.5;;8.5;0.00;0;0;0;0;0;0;0;1;0;0;
323297558;35495292;🟡 жёлтый;держим;ставка не тратится: показы есть, кликов нет;7.30;18.6;;0.0;0.00;0;0;0;0;0;0;0;12;0;0;
874843871;36463324;🟡 жёлтый;держим;ставка не тратится: показы есть, кликов нет;7.30;24.9;;0.0;0.00;0;0;0;0;0;0;0;37;0;0;
883562400;35502978;🟡 жёлтый;держим;ставка не тратится: показы есть, кликов нет;7.30;26.9;;1.9;0.00;0;0;0;0;0;0;0;7;0;0;
881078200;35503784;🟡 жёлтый;держим;ставка не тратится: показы есть, кликов нет;7.30;33.5;;8.5;0.00;0;0;0;0;0;0;0;2;0;0;
883414150;35497916;🟡 жёлтый;держим;ставка не тратится: показы есть, кликов нет;7.30;30.2;;5.2;0.00;0;0;0;0;0;0;0;7;0;0;
887217298;35501509;🟡 жёлтый;держим;ставка не тратится: показы есть, кликов нет;7.30;27.8;;2.8;0.00;0;0;0;0;0;0;0;13;0;0;
871059516;35507605;🟡 жёлтый;держим;ставка не тратится: показы есть, кликов нет;7.30;21.3;;0.0;0.00;0;0;0;0;0;0;0;28;0;0;
323344734;36458352;🟡 жёлтый;держим;ставка не тратится: показы есть, кликов нет;7.30;19.1;;0.0;0.00;0;0;0;0;0;0;0;2;0;0;
877447058;35504951;🟡 жёлтый;держим;ставка не тратится: показы есть, кликов нет;7.30;36.2;;11.2;0.00;0;0;0;0;0;0;0;9;0;0;
865033490;35508624;🟡 жёлтый;держим;ставка не тратится: показы есть, кликов нет;7.30;22.1;;0.0;0.00;0;0;0;0;0;0;0;3;0;1;
863186896;35508624;🟡 жёлтый;держим;ставка не тратится: показы есть, кликов нет;7.30;42.3;;17.3;0.00;0;0;0;0;0;0;0;1;0;0;
923516743;35497681;🟡 жёлтый;держим;ставка не тратится: показы есть, кликов нет;7.30;34.9;;9.9;0.00;0;0;0;0;0;0;0;1;0;0;
883615857;35502978;🟡 жёлтый;держим;ставка не тратится: показы есть, кликов нет;7.30;26.9;;1.9;0.00;0;0;0;0;0;0;0;3;0;0;
324993776;36460596;🟡 жёлтый;держим;ставка не тратится: показы есть, кликов нет;7.30;33.4;;8.4;0.00;0;0;0;0;0;0;0;3;0;0;
874866743;35505238;🟡 жёлтый;держим;ставка не тратится: показы есть, кликов нет;7.30;19.8;;0.0;0.00;0;0;0;0;0;0;0;1;0;0;
881890542;35503414;🟡 жёлтый;держим;ставка не тратится: показы есть, кликов нет;7.30;16.5;;0.0;0.00;0;0;0;0;0;0;0;1;0;0;
887049503;35501683;🟡 жёлтый;держим;ставка не тратится: показы есть, кликов нет;7.30;37.3;;12.3;0.00;0;0;0;0;0;0;0;1;0;0;
885151933;35502769;🟡 жёлтый;держим;ставка не тратится: показы есть, кликов нет;7.30;22.0;;0.0;0.00;0;0;0;0;0;0;0;2;0;0;
887217563;35500111;🟡 жёлтый;держим;ставка не тратится: показы есть, кликов нет;7.30;32.9;;7.9;0.00;0;0;0;0;0;0;0;8;0;0;
313184491;35497479;🟤 бордовый;на пол;ноль заказов ВЕЗДЕ и ноль корзины при расходе;10.60;51.7;;26.7;10.60;0;0;0;0;0;1;0;31;1;2;
885505794;35498671;🟤 бордовый;убрать;ноль заказов ВЕЗДЕ и ноль корзины при расходе;7.30;30.7;;5.7;14.60;0;0;0;0;0;0;0;4;2;2;
923579578;35497681;🟤 бордовый;убрать;ноль заказов ВЕЗДЕ и ноль корзины при расходе;7.30;37.6;;12.6;8.94;0;0;0;0;0;0;0;73;2;2;
923600590;35497681;🟤 бордовый;убрать;ноль заказов ВЕЗДЕ и ноль корзины при расходе;7.30;37.9;;12.9;4.47;0;0;0;0;0;0;0;22;1;1;
886594824;35501886;🟤 бордовый;убрать;ноль заказов ВЕЗДЕ и ноль корзины при расходе;7.30;25.3;;0.3;7.30;0;0;0;0;0;0;0;5;1;5;
871744415;35506296;🟤 бордовый;убрать;ноль заказов ВЕЗДЕ и ноль корзины при расходе;7.30;39.6;;14.6;7.30;0;0;0;0;0;0;0;1;1;1;
874902255;35505238;🟤 бордовый;убрать;ноль заказов ВЕЗДЕ и ноль корзины при расходе;7.30;27.5;;2.5;7.30;0;0;0;0;0;0;0;24;1;1;
887204662;35501509;🟤 бордовый;на пол;ноль заказов ВЕЗДЕ и ноль корзины при расходе;8.80;29.0;;4.0;8.80;0;0;0;0;0;0;0;34;1;1;
313184995;36462624;🟤 бордовый;убрать;ноль заказов ВЕЗДЕ и ноль корзины при расходе;7.30;48.7;;23.7;7.30;0;0;0;0;0;1;0;22;1;5;
486187795;35511919;🟤 бордовый;убрать;ноль заказов ВЕЗДЕ и ноль корзины при расходе;7.30;42.0;;17.0;7.30;0;0;0;0;0;0;0;10;1;1;
859919649;35509529;🟤 бордовый;убрать;ноль заказов ВЕЗДЕ и ноль корзины при расходе;7.30;26.0;;1.0;7.30;0;0;0;0;0;0;0;2;1;16;
313184807;36459301;🟤 бордовый;убрать;ноль заказов ВЕЗДЕ и ноль корзины при расходе;7.30;33.3;;8.3;7.30;0;0;0;0;0;0;0;41;1;1;
872326790;35506296;🟤 бордовый;убрать;ноль заказов ВЕЗДЕ и ноль корзины при расходе;7.30;38.4;;13.4;7.30;0;0;0;0;0;0;0;5;1;1;
323108300;35510132;🟤 бордовый;убрать;ноль заказов ВЕЗДЕ и ноль корзины при расходе;7.30;28.2;;3.2;7.30;0;0;0;0;0;0;0;95;1;6;
883651128;35502978;🟤 бордовый;убрать;ноль заказов ВЕЗДЕ и ноль корзины при расходе;7.30;26.9;;1.9;7.30;0;0;0;0;0;0;0;4;1;1;
871726999;35506296;🟤 бордовый;на пол;ноль заказов ВЕЗДЕ и ноль корзины при расходе;8.00;40.1;;15.1;8.00;0;0;0;0;0;0;0;6;1;1;
323109405;35510132;🟤 бордовый;убрать;ноль заказов ВЕЗДЕ и ноль корзины при расходе;7.30;36.0;;11.0;7.30;0;0;0;0;0;0;0;14;1;1;
323346099;35508987;🟤 бордовый;убрать;ноль заказов ВЕЗДЕ и ноль корзины при расходе;7.30;32.6;;7.6;4.47;0;0;0;0;0;0;0;4;1;2;
313189540;36459468;🟤 бордовый;убрать;ноль заказов ВЕЗДЕ и ноль корзины при расходе;7.30;39.2;;14.2;7.30;0;0;0;0;0;0;0;6;1;1;
915932508;35498671;🟤 бордовый;убрать;ноль заказов ВЕЗДЕ и ноль корзины при расходе;7.30;25.7;;0.7;7.30;0;0;0;0;0;0;0;3;1;1;
873436487;35498462;🟤 бордовый;убрать;ноль заказов ВЕЗДЕ и ноль корзины при расходе;7.30;28.2;;3.2;7.30;0;0;0;0;0;0;0;20;1;1;
883581716;35502978;🟤 бордовый;убрать;ноль заказов ВЕЗДЕ и ноль корзины при расходе;7.30;26.9;;1.9;7.30;0;0;0;0;0;0;0;4;1;1;
883657306;35502978;🟤 бордовый;убрать;ноль заказов ВЕЗДЕ и ноль корзины при расходе;7.30;28.4;;3.4;7.30;0;0;0;0;0;0;0;47;1;1;
343239333;35509833;🟤 бордовый;убрать;ноль заказов ВЕЗДЕ и ноль корзины при расходе;7.30;25.1;;0.1;7.30;0;0;0;0;0;0;0;8;1;1;
871689784;35507256;🟤 бордовый;убрать;ноль заказов ВЕЗДЕ и ноль корзины при расходе;7.30;40.1;;15.1;7.30;0;0;0;0;0;0;0;1;1;1;
485809815;35509833;🟤 бордовый;убрать;ноль заказов ВЕЗДЕ и ноль корзины при расходе;7.30;28.7;;3.7;7.30;0;0;0;0;0;0;0;7;1;1;
883669947;35502978;🟤 бордовый;убрать;ноль заказов ВЕЗДЕ и ноль корзины при расходе;7.30;28.4;;3.4;7.30;0;0;0;0;0;0;0;55;1;1;
877476156;35504951;🟤 бордовый;убрать;ноль заказов ВЕЗДЕ и ноль корзины при расходе;7.30;36.2;;11.2;7.30;0;0;0;0;0;0;0;6;1;1;
313183314;35510132;🟤 бордовый;на пол;ноль заказов ВЕЗДЕ и ноль корзины при расходе;8.00;29.9;;4.9;8.00;0;0;0;0;0;0;0;9;1;3;
323155755;36462624;🟤 бордовый;убрать;ноль заказов ВЕЗДЕ и ноль корзины при расходе;7.30;54.2;;29.2;7.30;0;0;0;0;0;0;0;10;1;1;
887130002;35501683;🟤 бордовый;убрать;ноль заказов ВЕЗДЕ и ноль корзины при расходе;7.30;38.9;;13.9;7.30;0;0;0;0;0;0;0;6;1;1;
868944914;35507796;🟤 бордовый;убрать;ноль заказов ВЕЗДЕ и ноль корзины при расходе;7.30;31.6;;6.6;7.30;0;0;0;0;0;0;0;10;1;0;
313213919;36463324;🟤 бордовый;убрать;ноль заказов ВЕЗДЕ и ноль корзины при расходе;7.30;28.2;;3.2;7.30;0;0;0;0;0;0;0;7;1;1;
874768555;35505238;🟤 бордовый;убрать;ноль заказов ВЕЗДЕ и ноль корзины при расходе;7.30;35.1;;10.1;7.30;0;0;0;0;0;0;0;8;1;1;
872345301;35506296;🟤 бордовый;убрать;ноль заказов ВЕЗДЕ и ноль корзины при расходе;7.30;27.9;;2.9;7.30;0;0;0;0;0;0;0;5;1;1;
884175689;35502769;🟤 бордовый;убрать;ноль заказов ВЕЗДЕ и ноль корзины при расходе;7.30;28.6;;3.6;7.30;0;0;0;0;0;0;0;40;1;1;
880188927;35504156;🟤 бордовый;убрать;ноль заказов ВЕЗДЕ и ноль корзины при расходе;7.30;28.7;;3.7;14.60;0;0;0;0;0;0;0;2;2;2;
323360559;35495292;🟤 бордовый;на пол;ноль заказов ВЕЗДЕ и ноль корзины при расходе;8.80;35.0;;10.0;17.60;0;0;0;0;0;0;0;23;2;3;
860014012;35509529;🟤 бордовый;убрать;ноль заказов ВЕЗДЕ и ноль корзины при расходе;7.30;30.1;;5.1;7.30;0;0;0;0;0;0;0;8;1;0;
887205861;35501509;🟤 бордовый;убрать;ноль заказов ВЕЗДЕ и ноль корзины при расходе;7.30;28.0;;3.0;7.30;0;0;0;0;0;1;0;22;1;1;
876877252;35505238;🟤 бордовый;убрать;ноль заказов ВЕЗДЕ и ноль корзины при расходе;7.30;27.8;;2.8;7.30;0;0;0;0;0;0;0;4;1;1;
885451064;35497479;🟤 бордовый;убрать;ноль заказов ВЕЗДЕ и ноль корзины при расходе;7.30;36.6;;11.6;21.90;0;0;0;0;0;0;0;38;3;4;
313190169;36462624;🟤 бордовый;убрать;ноль заказов ВЕЗДЕ и ноль корзины при расходе;7.30;26.8;;1.8;21.90;0;0;0;0;0;0;0;118;3;9;
923516620;35497681;🟤 бордовый;убрать;ноль заказов ВЕЗДЕ и ноль корзины при расходе;7.30;34.9;;9.9;7.30;0;0;0;0;0;0;0;4;1;1;
874765012;35505238;🟤 бордовый;убрать;ноль заказов ВЕЗДЕ и ноль корзины при расходе;7.30;35.1;;10.1;7.30;0;0;0;0;0;0;0;14;1;1;
874895027;35505238;🟤 бордовый;убрать;ноль заказов ВЕЗДЕ и ноль корзины при расходе;7.30;27.5;;2.5;14.60;0;0;0;0;0;0;0;32;2;2;
872360064;35505545;🟤 бордовый;убрать;ноль заказов ВЕЗДЕ и ноль корзины при расходе;7.30;34.6;;9.6;7.30;0;0;0;0;0;0;0;4;1;1;
434795047;35495292;🟤 бордовый;убрать;ноль заказов ВЕЗДЕ и ноль корзины при расходе;7.30;38.2;;13.2;7.30;0;0;0;0;0;0;0;205;1;7;
883637193;35502978;🟤 бордовый;убрать;ноль заказов ВЕЗДЕ и ноль корзины при расходе;7.30;26.9;;1.9;7.30;0;0;0;0;0;0;0;3;1;1;
887722696;35501509;🟤 бордовый;убрать;ноль заказов ВЕЗДЕ и ноль корзины при расходе;7.30;31.6;;6.6;7.30;0;0;0;0;0;0;0;23;1;1;
880166070;35504156;🟤 бордовый;на пол;ноль заказов ВЕЗДЕ и ноль корзины при расходе;8.00;30.9;;5.9;16.00;0;0;0;0;0;0;0;33;2;2;
923512542;35497681;🟤 бордовый;убрать;ноль заказов ВЕЗДЕ и ноль корзины при расходе;7.30;34.9;;9.9;7.30;0;0;0;0;0;0;0;5;1;2;
871753604;35506296;🟤 бордовый;убрать;ноль заказов ВЕЗДЕ и ноль корзины при расходе;7.30;34.6;;9.6;7.30;0;0;0;0;0;0;0;2;1;1;
912703995;35500111;🟤 бордовый;убрать;ноль заказов ВЕЗДЕ и ноль корзины при расходе;7.30;30.0;;5.0;7.30;0;0;0;0;0;0;0;5;1;1;
883693061;35502978;🟤 бордовый;убрать;ноль заказов ВЕЗДЕ и ноль корзины при расходе;7.30;28.4;;3.4;7.30;0;0;0;0;0;0;0;29;1;1;
883636251;35502978;🟤 бордовый;убрать;ноль заказов ВЕЗДЕ и ноль корзины при расходе;7.30;26.9;;1.9;7.30;0;0;0;0;0;0;0;6;1;1;
324993455;36463324;🟤 бордовый;убрать;ноль заказов ВЕЗДЕ и ноль корзины при расходе;7.30;31.3;;6.3;7.30;0;0;0;0;0;0;0;25;1;2;
872332367;35506296;🟤 бордовый;убрать;ноль заказов ВЕЗДЕ и ноль корзины при расходе;7.30;38.4;;13.4;14.60;0;0;0;0;0;1;0;5;2;2;
883413591;35497916;🟤 бордовый;убрать;ноль заказов ВЕЗДЕ и ноль корзины при расходе;7.30;30.2;;5.2;7.30;0;0;0;0;0;0;0;7;1;1;
912745400;35500111;🟤 бордовый;убрать;ноль заказов ВЕЗДЕ и ноль корзины при расходе;7.30;27.8;;2.8;7.30;0;0;0;0;0;0;0;10;1;1;
874896174;35505238;🟤 бордовый;убрать;ноль заказов ВЕЗДЕ и ноль корзины при расходе;7.30;27.5;;2.5;21.90;0;0;0;0;0;0;0;32;3;3;
324987651;35513872;🟤 бордовый;убрать;ноль заказов ВЕЗДЕ и ноль корзины при расходе;7.30;32.4;;7.4;7.30;0;0;0;0;0;0;0;2;1;6;
561287832;36463324;🟤 бордовый;убрать;ноль заказов ВЕЗДЕ и ноль корзины при расходе;7.30;26.8;;1.8;14.60;0;0;0;0;0;0;0;41;2;4;
435045553;35513180;🟤 бордовый;убрать;ноль заказов ВЕЗДЕ и ноль корзины при расходе;7.30;28.9;;3.9;7.30;0;0;0;0;0;0;0;29;1;2;
871632269;35507256;🟤 бордовый;убрать;ноль заказов ВЕЗДЕ и ноль корзины при расходе;7.30;31.3;;6.3;7.30;0;0;0;0;0;0;0;28;1;2;
871732662;35506296;🟤 бордовый;убрать;ноль заказов ВЕЗДЕ и ноль корзины при расходе;7.30;37.0;;12.0;7.30;0;0;0;0;0;0;0;12;1;1;
880168950;35504156;🟤 бордовый;убрать;ноль заказов ВЕЗДЕ и ноль корзины при расходе;7.30;30.9;;5.9;7.30;0;0;0;0;0;0;0;10;1;1;
313213907;35510132;🟤 бордовый;на пол;ноль заказов ВЕЗДЕ и ноль корзины при расходе;8.80;32.9;;7.9;8.80;0;0;0;0;0;0;0;19;1;3;
324995032;36460888;🟤 бордовый;убрать;ноль заказов ВЕЗДЕ и ноль корзины при расходе;7.30;27.5;;2.5;7.30;0;0;0;0;0;0;0;12;1;2;
873435813;35498462;🟤 бордовый;убрать;ноль заказов ВЕЗДЕ и ноль корзины при расходе;7.30;28.2;;3.2;7.30;0;0;0;0;0;0;0;22;1;1;
324993452;36463324;🟤 бордовый;убрать;ноль заказов ВЕЗДЕ и ноль корзины при расходе;7.30;31.3;;6.3;7.30;0;0;0;0;0;0;0;14;1;2;
887118375;35501683;🟤 бордовый;убрать;ноль заказов ВЕЗДЕ и ноль корзины при расходе;7.30;34.2;;9.2;7.30;0;0;0;0;0;0;0;12;1;2;
879591219;35504537;🟤 бордовый;убрать;ноль заказов ВЕЗДЕ и ноль корзины при расходе;7.30;29.3;;4.3;7.30;0;0;0;0;0;0;0;2;1;1;
886450044;35501886;🟤 бордовый;убрать;ноль заказов ВЕЗДЕ и ноль корзины при расходе;7.30;35.2;;10.2;7.30;0;0;0;0;0;0;0;4;1;1;
313183602;35505900;🟤 бордовый;на пол;ноль заказов ВЕЗДЕ и ноль корзины при расходе;8.00;29.2;;4.2;8.00;0;0;0;0;0;0;0;17;1;1;
323156147;35509833;🟤 бордовый;убрать;ноль заказов ВЕЗДЕ и ноль корзины при расходе;7.30;38.8;;13.8;14.60;0;0;0;0;0;0;0;39;2;2;
880275980;35504156;🟤 бордовый;убрать;ноль заказов ВЕЗДЕ и ноль корзины при расходе;7.30;36.8;;11.8;7.30;0;0;0;0;0;0;0;10;1;0;
313189535;35495292;🟤 бордовый;убрать;ноль заказов ВЕЗДЕ и ноль корзины при расходе;7.30;30.4;;5.4;7.30;0;0;0;0;0;0;0;141;1;4;
872300099;35506296;🟤 бордовый;убрать;ноль заказов ВЕЗДЕ и ноль корзины при расходе;7.30;38.9;;13.9;7.30;0;0;0;0;0;0;0;3;1;1;
312727072;35514220;🟤 бордовый;убрать;ноль заказов ВЕЗДЕ и ноль корзины при расходе;7.30;26.2;;1.2;7.30;0;0;0;0;0;0;0;74;1;1;
324987785;35513872;🟤 бордовый;убрать;ноль заказов ВЕЗДЕ и ноль корзины при расходе;7.30;38.5;;13.5;7.30;0;0;0;0;0;0;0;176;1;1;
883720760;35502978;🟤 бордовый;убрать;ноль заказов ВЕЗДЕ и ноль корзины при расходе;7.30;28.4;;3.4;14.60;0;0;0;0;0;0;0;41;2;2;
313191552;36459894;🟤 бордовый;убрать;ноль заказов ВЕЗДЕ и ноль корзины при расходе;7.30;46.6;;21.6;7.30;0;0;0;0;0;0;0;57;1;2;
313183892;35514926;🟤 бордовый;убрать;ноль заказов ВЕЗДЕ и ноль корзины при расходе;7.30;34.8;;9.8;7.30;0;0;0;0;0;0;0;6;1;2;
323146015;36458948;🟤 бордовый;убрать;ноль заказов ВЕЗДЕ и ноль корзины при расходе;7.30;32.5;;7.5;7.30;0;0;0;0;0;0;0;2;1;1;
323226993;36463324;🟤 бордовый;убрать;ноль заказов ВЕЗДЕ и ноль корзины при расходе;7.30;48.6;;23.6;7.30;0;0;0;0;0;0;0;61;1;2;
323221771;35513180;🟤 бордовый;убрать;ноль заказов ВЕЗДЕ и ноль корзины при расходе;7.30;28.5;;3.5;7.30;0;0;0;0;0;0;0;18;1;1;
915243237;35498839;🟤 бордовый;убрать;ноль заказов ВЕЗДЕ и ноль корзины при расходе;7.30;37.2;;12.2;7.30;0;0;0;0;0;0;0;9;1;1;
873435321;35498462;🟤 бордовый;убрать;ноль заказов ВЕЗДЕ и ноль корзины при расходе;7.30;28.2;;3.2;14.60;0;0;0;0;0;0;0;17;2;2;
313184347;36462624;🟤 бордовый;убрать;ноль заказов ВЕЗДЕ и ноль корзины при расходе;7.30;37.2;;12.2;7.30;0;0;0;0;0;0;0;53;1;1;
874892532;35505238;🟤 бордовый;убрать;ноль заказов ВЕЗДЕ и ноль корзины при расходе;7.30;27.5;;2.5;29.20;0;0;0;0;0;0;0;49;4;4;
872380142;35505900;🟤 бордовый;убрать;ноль заказов ВЕЗДЕ и ноль корзины при расходе;7.30;36.0;;11.0;7.30;0;0;0;0;0;0;0;5;1;1;
871623556;35507256;🟤 бордовый;на пол;ноль заказов ВЕЗДЕ и ноль корзины при расходе;8.80;31.3;;6.3;17.60;0;0;0;0;0;0;0;46;2;3;
862454940;35509256;🟤 бордовый;убрать;ноль заказов ВЕЗДЕ и ноль корзины при расходе;7.30;29.0;;4.0;7.30;0;0;0;0;0;0;0;4;1;1;
880308946;35504156;🟤 бордовый;убрать;ноль заказов ВЕЗДЕ и ноль корзины при расходе;7.30;35.2;;10.2;7.30;0;0;0;0;0;0;0;1;1;1;
324994190;35512317;🟤 бордовый;на пол;ноль заказов ВЕЗДЕ и ноль корзины при расходе;8.00;35.2;;10.2;16.00;0;0;0;0;0;0;0;15;2;2;
323152268;35513872;🟤 бордовый;убрать;ноль заказов ВЕЗДЕ и ноль корзины при расходе;7.30;29.8;;4.8;14.60;0;0;0;0;0;0;0;111;2;3;
1000473962;36462835;🟤 бордовый;убрать;ноль заказов ВЕЗДЕ и ноль корзины при расходе;7.30;28.8;;3.8;7.30;0;0;0;0;0;0;0;106;1;1;
912929204;35499393;🟤 бордовый;убрать;ноль заказов ВЕЗДЕ и ноль корзины при расходе;7.30;27.1;;2.1;7.30;0;0;0;0;0;0;0;7;1;1;
873447463;35505545;🟤 бордовый;убрать;ноль заказов ВЕЗДЕ и ноль корзины при расходе;7.30;37.5;;12.5;7.30;0;0;0;0;0;0;0;2;1;1;
912616445;35500111;🟤 бордовый;убрать;ноль заказов ВЕЗДЕ и ноль корзины при расходе;7.30;43.5;;18.5;4.47;0;0;0;0;0;0;0;53;1;1;
982545128;36462624;🟤 бордовый;убрать;ноль заказов ВЕЗДЕ и ноль корзины при расходе;7.30;32.2;;7.2;7.30;0;0;0;0;0;0;0;10;1;1;
313190298;36460596;🟤 бордовый;на пол;ноль заказов ВЕЗДЕ и ноль корзины при расходе;8.00;27.7;;2.7;8.00;0;0;0;0;0;0;0;15;1;3;
550453271;36462624;🟤 бордовый;убрать;ноль заказов ВЕЗДЕ и ноль корзины при расходе;7.30;34.3;;9.3;7.30;0;0;0;0;0;0;0;58;1;3;
324980047;36459301;🟤 бордовый;на пол;ноль заказов ВЕЗДЕ и ноль корзины при расходе;8.00;36.8;;11.8;8.00;0;0;0;0;0;0;0;25;1;1;
923579152;35497681;🟤 бордовый;убрать;ноль заказов ВЕЗДЕ и ноль корзины при расходе;7.30;36.6;;11.6;5.40;0;0;0;0;0;0;0;78;1;1;
880213362;35504156;🟤 бордовый;убрать;ноль заказов ВЕЗДЕ и ноль корзины при расходе;7.30;36.3;;11.3;14.60;0;0;0;0;0;0;0;3;2;2;
884163374;35502769;🟤 бордовый;убрать;ноль заказов ВЕЗДЕ и ноль корзины при расходе;7.30;28.6;;3.6;7.30;0;0;0;0;0;0;0;84;1;1;
869079131;35507796;🟤 бордовый;убрать;ноль заказов ВЕЗДЕ и ноль корзины при расходе;7.30;35.6;;10.6;7.30;0;0;0;0;0;0;0;3;1;0;
886532724;35501886;🟤 бордовый;убрать;ноль заказов ВЕЗДЕ и ноль корзины при расходе;7.30;26.2;;1.2;7.30;0;0;0;0;0;0;0;13;1;1;
887204330;35501509;🟤 бордовый;убрать;ноль заказов ВЕЗДЕ и ноль корзины при расходе;7.30;27.5;;2.5;21.90;0;0;0;0;0;0;0;8;3;3;
883671633;35502978;🟤 бордовый;убрать;ноль заказов ВЕЗДЕ и ноль корзины при расходе;7.30;27.4;;2.4;7.30;0;0;0;0;0;0;0;54;1;1;
883695373;35502978;🟤 бордовый;убрать;ноль заказов ВЕЗДЕ и ноль корзины при расходе;7.30;28.4;;3.4;7.30;0;0;0;0;0;0;0;34;1;1;
324983903;35514926;🟤 бордовый;убрать;ноль заказов ВЕЗДЕ и ноль корзины при расходе;7.30;28.4;;3.4;7.30;0;0;0;0;0;0;0;88;1;1;
323166877;36458948;🟤 бордовый;убрать;ноль заказов ВЕЗДЕ и ноль корзины при расходе;7.30;41.6;;16.6;14.60;0;0;0;0;0;0;0;1;2;4;
324995785;35508987;🟤 бордовый;убрать;ноль заказов ВЕЗДЕ и ноль корзины при расходе;7.30;43.7;;18.7;4.90;0;0;0;0;0;0;0;21;1;3;
871750363;35506296;🟤 бордовый;убрать;ноль заказов ВЕЗДЕ и ноль корзины при расходе;7.30;39.5;;14.5;14.60;0;0;0;0;0;0;0;6;2;2;
497230244;35495292;🟤 бордовый;на пол;ноль заказов ВЕЗДЕ и ноль корзины при расходе;8.80;43.1;;18.1;17.60;0;0;0;0;0;0;0;20;2;4;
880212974;35504156;🟤 бордовый;убрать;ноль заказов ВЕЗДЕ и ноль корзины при расходе;7.30;36.3;;11.3;7.30;0;0;0;1;0;0;0;2;1;0;
884174072;35502769;🟤 бордовый;убрать;ноль заказов ВЕЗДЕ и ноль корзины при расходе;7.30;28.6;;3.6;7.30;0;0;0;0;0;0;0;44;1;1;
323107550;35510132;🟤 бордовый;на пол;ноль заказов ВЕЗДЕ и ноль корзины при расходе;8.00;48.5;;23.5;8.00;0;0;0;0;0;0;0;6;1;3;
313214231;35510132;🟤 бордовый;убрать;ноль заказов ВЕЗДЕ и ноль корзины при расходе;7.30;26.4;;1.4;7.30;0;0;0;0;0;0;0;11;1;1;
323244485;35512642;🟤 бордовый;убрать;ноль заказов ВЕЗДЕ и ноль корзины при расходе;7.30;25.2;;0.2;7.30;0;0;0;0;0;0;0;12;1;1;
324989838;35508987;🟤 бордовый;убрать;ноль заказов ВЕЗДЕ и ноль корзины при расходе;7.30;50.9;;25.9;10.80;0;0;0;0;0;0;0;21;2;3;
490566462;35508987;🟤 бордовый;убрать;ноль заказов ВЕЗДЕ и ноль корзины при расходе;7.30;42.2;;17.2;9.80;0;0;0;0;0;0;0;13;2;5;
923295851;35497479;⚫ вывод;убрать;маржа 8.7% ниже пола 15%;7.30;8.7;0.0;0.0;0.00;3824;3824;1;0;1;0;1;21;0;1;
313184264;35514926;⚫ вывод;убрать;маржа 23.6% ниже KPI → допустимый ДРР 0;7.30;23.6;0.2;0.0;7.30;3452;0;1;1;0;0;2;6;1;3;
313185130;35495292;⚫ вывод;на пол → убрать;маржа 23.6% ниже KPI → допустимый ДРР 0;8.80;23.6;0.7;0.0;17.60;2382;0;1;1;0;0;2;23;2;3;
313192419;35514926;⚫ вывод;убрать;маржа 14.1% ниже пола 15%;7.30;14.1;0.0;0.0;0.00;2260;2260;1;0;1;0;1;1;0;1;
882850559;35503146;⚫ вывод;убрать;маржа 19.2% ниже KPI → допустимый ДРР 0;7.30;19.2;0.4;0.0;7.30;1847;0;1;1;0;0;1;1;1;1;
862420964;35509256;⚫ вывод;убрать;маржа 14.1% ниже пола 15%;7.30;14.1;0.0;0.0;0.00;1789;1789;1;0;1;1;1;6;0;29;
880572076;35503784;⚫ вывод;убрать;маржа 12.3% ниже пола 15%;7.30;12.3;0.0;0.0;0.00;1757;1757;1;0;1;0;1;7;0;1;
324989595;35513491;⚫ вывод;на пол → убрать;маржа 23.5% ниже KPI → допустимый ДРР 0;8.00;23.5;0.5;0.0;8.00;1682;0;1;1;0;0;0;19;1;2;
324979913;36462624;⚫ вывод;убрать;маржа 12.2% ниже пола 15%;7.30;12.2;0.0;0.0;0.00;1651;1651;1;0;1;1;1;34;0;1;
313183431;36463324;⚫ вывод;убрать;маржа 22.6% ниже KPI → допустимый ДРР 0;7.30;22.6;1.4;0.0;21.90;1567;0;1;1;0;0;1;32;3;3;
882863289;35503146;⚫ вывод;убрать;маржа 24.0% ниже KPI → допустимый ДРР 0;7.30;24.0;0.5;0.0;7.30;1391;0;1;1;0;0;1;9;1;2;
885292879;35502200;⚫ вывод;убрать;маржа 7.7% ниже пола 15%;7.30;7.7;0.6;0.0;7.30;1164;0;1;1;0;0;1;10;1;1;
313184019;36460596;⚫ вывод;убрать;маржа 14.0% ниже пола 15%;7.30;14.0;;0.0;0.00;0;0;0;0;0;0;0;3;0;0;
323284054;36459301;⚫ вывод;убрать;маржа 14.0% ниже пола 15%;7.30;14.0;;0.0;0.00;0;0;0;0;0;0;0;2;0;0;
797669749;36460596;⚫ вывод;убрать;маржа 21.9% ниже KPI → допустимый ДРР 0;7.30;21.9;;0.0;7.30;0;0;0;0;0;0;0;27;1;1;
885292497;35502200;⚫ вывод;убрать;маржа 11.0% ниже пола 15%;7.30;11.0;;0.0;0.00;0;0;0;0;0;0;0;15;0;0;
923403588;35497916;⚫ вывод;убрать;маржа 10.0% ниже пола 15%;7.30;10.0;;0.0;0.00;0;0;0;0;0;0;0;4;0;0;
862439981;35508987;⚫ вывод;убрать;маржа 13.4% ниже пола 15%;7.30;13.4;;0.0;0.00;0;0;0;0;0;0;0;8;0;0;
862420006;35509256;⚫ вывод;убрать;маржа 14.1% ниже пола 15%;7.30;14.1;;0.0;7.30;0;0;0;0;0;0;0;11;1;1;
923325514;35497916;⚫ вывод;убрать;маржа 5.9% ниже пола 15%;7.30;5.9;;0.0;0.00;0;0;0;0;0;0;0;10;0;0;
862423500;35508987;⚫ вывод;убрать;маржа 14.1% ниже пола 15%;7.30;14.1;;0.0;0.00;0;0;0;0;0;0;0;11;0;0;
871069651;35507605;⚫ вывод;убрать;маржа 19.9% ниже KPI → допустимый ДРР 0;7.30;19.9;;0.0;7.30;0;0;0;0;0;0;0;24;1;1;
313183663;36459468;⚫ вывод;убрать;маржа 13.4% ниже пола 15%;7.30;13.4;;0.0;0.00;0;0;0;0;0;0;0;7;0;1;
313191116;35510132;⚫ вывод;убрать;маржа 13.8% ниже пола 15%;7.30;13.8;;0.0;0.00;0;0;0;0;0;0;0;2;0;0;
862507649;35509256;⚫ вывод;убрать;маржа 17.6% ниже KPI → допустимый ДРР 0;7.30;17.6;;0.0;14.60;0;0;0;0;0;0;1;2;2;2;
873457452;35505545;⚫ вывод;убрать;маржа 13.8% ниже пола 15%;7.30;13.8;;0.0;0.00;0;0;0;0;0;0;0;4;0;0;
323218764;35514511;⚫ вывод;убрать;маржа 21.1% ниже KPI → допустимый ДРР 0;7.30;21.1;;0.0;7.30;0;0;0;0;0;0;0;122;1;1;
860005279;35509529;⚫ вывод;убрать;маржа 18.3% ниже KPI → допустимый ДРР 0;7.30;18.3;;0.0;7.30;0;0;0;0;0;0;1;2;1;1;
861657033;35500638;⚫ вывод;убрать;маржа 24.3% ниже KPI → допустимый ДРР 0;7.30;24.3;;0.0;7.30;0;0;0;0;0;0;0;7;1;1;
879447830;35500249;⚫ вывод;убрать;маржа 13.8% ниже пола 15%;7.30;13.8;;0.0;0.00;0;0;0;0;0;0;0;7;0;0;
923387977;35497916;⚫ вывод;убрать;маржа 6.2% ниже пола 15%;7.30;6.2;;0.0;0.00;0;0;0;0;0;0;0;2;0;1;
323113552;36459468;⚫ вывод;убрать;маржа 11.7% ниже пола 15%;7.30;11.7;;0.0;0.00;0;0;0;0;0;0;0;1;0;0;
323242615;35514926;⚫ вывод;убрать;маржа 4.2% ниже пола 15%;7.30;4.2;;0.0;0.00;0;0;0;0;0;0;0;2;0;0;
923539035;35497681;⚫ вывод;убрать;маржа -6.3% ниже пола 15%;7.30;-6.3;;0.0;0.00;0;0;0;0;0;0;0;12;0;0;
865152159;35508404;⚫ вывод;убрать;маржа 15.0% ниже пола 15%;7.30;15.0;;0.0;0.00;0;0;0;0;0;0;0;2;0;0;
865717721;35508061;⚫ вывод;убрать;маржа 20.9% ниже KPI → допустимый ДРР 0;7.30;20.9;;0.0;7.30;0;0;0;0;0;0;0;7;1;2;
862505951;35509256;⚫ вывод;убрать;маржа 13.5% ниже пола 15%;7.30;13.5;;0.0;0.00;0;0;0;0;0;0;0;2;0;0;
862422795;36463324;⚫ вывод;убрать;маржа 15.7% ниже KPI → допустимый ДРР 0;7.30;15.7;;0.0;7.30;0;0;0;0;0;0;0;14;1;1;
885326841;35502200;⚫ вывод;убрать;маржа 14.8% ниже пола 15%;7.30;14.8;;0.0;0.00;0;0;0;0;0;0;0;1;0;0;
313183316;36459075;⚫ вывод;убрать;маржа 16.1% ниже KPI → допустимый ДРР 0;7.30;16.1;;0.0;7.30;0;0;0;0;0;0;0;30;1;1;
313183384;35513491;⚫ вывод;убрать;маржа 14.2% ниже пола 15%;7.30;14.2;;0.0;0.00;0;0;0;0;0;0;0;16;0;0;
874520969;35505238;⚫ вывод;убрать;маржа 12.1% ниже пола 15%;7.30;12.1;;0.0;0.00;0;0;0;0;0;0;0;1;0;0;
313184262;35512317;⚫ вывод;убрать;маржа 14.1% ниже пола 15%;7.30;14.1;;0.0;0.00;0;0;0;0;0;0;0;8;0;0;
861649892;35509256;⚫ вывод;убрать;маржа 15.0% ниже пола 15%;7.30;15.0;;0.0;0.00;0;0;0;0;0;0;0;5;0;0;
324987705;35513872;⚫ вывод;убрать;маржа 13.0% ниже пола 15%;7.30;13.0;;0.0;0.00;0;0;0;0;0;0;0;11;0;0;
862568050;35508987;⚫ вывод;убрать;маржа 13.2% ниже пола 15%;7.30;13.2;;0.0;0.00;0;0;0;0;0;0;0;1;0;0;
313214867;35514926;⚫ вывод;убрать;маржа 9.3% ниже пола 15%;7.30;9.3;;0.0;0.00;0;0;0;0;0;0;0;2;0;1;
923182635;35497479;⚫ вывод;убрать;маржа 14.1% ниже пола 15%;7.30;14.1;;0.0;0.00;0;0;0;0;0;0;0;3;0;1;
871070451;35507605;⚫ вывод;убрать;маржа 17.1% ниже KPI → допустимый ДРР 0;7.30;17.1;;0.0;7.30;0;0;0;0;0;0;1;14;1;1;
862457241;35498839;⚫ вывод;убрать;маржа 12.9% ниже пола 15%;7.30;12.9;;0.0;0.00;0;0;0;0;0;0;0;1;0;0;
313193447;36460596;⚫ вывод;убрать;маржа 18.1% ниже KPI → допустимый ДРР 0;7.30;18.1;;0.0;7.30;0;0;0;0;0;0;0;5;1;2;
862504352;35509256;⚫ вывод;убрать;маржа 14.6% ниже пола 15%;7.30;14.6;;0.0;0.00;0;0;0;0;0;0;0;1;0;0;
323138456;35512642;⚫ вывод;убрать;маржа 21.5% ниже KPI → допустимый ДРР 0;7.30;21.5;;0.0;14.60;0;0;0;0;0;0;1;9;2;3;
880234832;35504156;⚫ вывод;убрать;маржа 13.3% ниже пола 15%;7.30;13.3;;0.0;0.00;0;0;0;0;0;0;0;1;0;0;
880571786;35503784;⚫ вывод;убрать;маржа 12.3% ниже пола 15%;7.30;12.3;;0.0;0.00;0;0;0;0;0;0;0;5;0;1;
724666102;36462624;⚫ вывод;убрать;маржа 24.9% ниже KPI → допустимый ДРР 0;7.30;24.9;;0.0;7.30;0;0;0;0;0;0;0;22;1;2;
874541756;35505238;⚫ вывод;убрать;маржа 12.1% ниже пола 15%;7.30;12.1;;0.0;0.00;0;0;0;0;0;0;0;1;0;0;
874846973;35505238;⚫ вывод;убрать;маржа 16.5% ниже KPI → допустимый ДРР 0;7.30;16.5;;0.0;7.30;0;0;0;0;0;0;0;4;1;1;
323340370;35495292;⚫ вывод;убрать;маржа 21.2% ниже KPI → допустимый ДРР 0;7.30;21.2;;0.0;14.60;0;0;0;0;0;0;0;7;2;2;
324980348;36459075;⚫ вывод;на пол → убрать;маржа 9.9% ниже пола 15%;8.00;9.9;;0.0;8.00;0;0;0;0;0;0;0;20;1;2;
323113543;36460888;⚫ вывод;убрать;маржа 12.0% ниже пола 15%;7.30;12.0;;0.0;0.00;0;0;0;0;0;0;0;1;0;0;
865698541;35508061;⚫ вывод;убрать;маржа 14.0% ниже пола 15%;7.30;14.0;;0.0;0.00;0;0;0;0;0;0;0;7;0;0;
861677093;35509256;⚫ вывод;убрать;маржа 13.9% ниже пола 15%;7.30;13.9;;0.0;0.00;0;0;0;0;0;0;0;3;0;0;
859847320;35503414;⚫ вывод;убрать;маржа 24.4% ниже KPI → допустимый ДРР 0;7.30;24.4;;0.0;14.60;0;0;0;0;0;0;0;1;2;2;
862424875;35509256;⚫ вывод;убрать;маржа 14.1% ниже пола 15%;7.30;14.1;;0.0;21.90;0;0;0;0;0;0;1;15;3;2;
863238396;35508624;⚫ вывод;убрать;маржа 16.8% ниже KPI → допустимый ДРР 0;7.30;16.8;;0.0;7.30;0;0;0;0;0;0;1;1;1;1;
323113572;35509833;⚫ вывод;убрать;маржа 12.6% ниже пола 15%;7.30;12.6;;0.0;0.00;0;0;0;0;0;0;0;2;0;1;
323284040;36459468;⚫ вывод;убрать;маржа 13.9% ниже пола 15%;7.30;13.9;;0.0;0.00;0;0;0;0;0;0;0;1;0;0;
871078150;35507256;⚫ вывод;убрать;маржа 24.2% ниже KPI → допустимый ДРР 0;7.30;24.2;;0.0;7.30;0;0;0;0;0;0;0;4;1;1;
313183703;36459301;⚫ вывод;убрать;маржа 13.5% ниже пола 15%;7.30;13.5;;0.0;0.00;0;0;0;0;0;0;0;10;0;0;
871072240;35507605;⚫ вывод;убрать;маржа 19.3% ниже KPI → допустимый ДРР 0;7.30;19.3;;0.0;7.30;0;0;0;0;0;0;0;15;1;1;
313184298;36459075;⚫ вывод;убрать;маржа 13.8% ниже пола 15%;7.30;13.8;;0.0;0.00;0;0;0;0;0;0;0;6;0;2;
323245060;36459894;⚫ вывод;убрать;маржа 12.6% ниже пола 15%;7.30;12.6;;0.0;0.00;0;0;0;0;0;0;0;3;0;0;
865260885;35508404;⚫ вывод;убрать;маржа 14.1% ниже пола 15%;7.30;14.1;;0.0;0.00;0;0;0;0;0;0;0;2;0;0;
488746328;35495292;⚫ вывод;убрать;маржа 25.0% ниже KPI → допустимый ДРР 0;7.30;25.0;;0.0;29.20;0;0;0;0;0;0;1;247;4;10;
879498478;35500249;⚫ вывод;убрать;маржа 21.7% ниже KPI → допустимый ДРР 0;7.30;21.7;;0.0;7.30;0;0;0;0;0;0;0;7;1;1;
313188822;35514926;⚫ вывод;убрать;маржа 14.4% ниже пола 15%;7.30;14.4;;0.0;0.00;0;0;0;0;0;0;0;1;0;0;
883526458;35502978;⚫ вывод;убрать;маржа 13.6% ниже пола 15%;7.30;13.6;;0.0;0.00;0;0;0;0;0;0;0;7;0;0;
885348647;35502200;⚫ вывод;убрать;маржа 14.1% ниже пола 15%;7.30;14.1;;0.0;0.00;0;0;0;0;0;0;0;1;0;0;
862436070;35500111;⚫ вывод;убрать;маржа 21.2% ниже KPI → допустимый ДРР 0;7.30;21.2;;0.0;7.30;0;0;0;0;0;0;0;27;1;1;
880571388;35503784;⚫ вывод;убрать;маржа 12.3% ниже пола 15%;7.30;12.3;;0.0;0.00;0;0;0;0;0;0;0;2;0;0;
313188527;35512642;⚫ вывод;убрать;маржа 23.5% ниже KPI → допустимый ДРР 0;7.30;23.5;;0.0;14.60;0;0;0;0;0;0;0;6;2;3;
324987730;35513872;⚫ вывод;убрать;маржа 13.1% ниже пола 15%;7.30;13.1;;0.0;0.00;0;0;0;0;0;0;0;1;0;0;
313214495;35514220;⚫ вывод;убрать;маржа 14.7% ниже пола 15%;7.30;14.7;;0.0;0.00;0;0;0;0;0;0;0;2;0;0;
868935654;35503414;⚫ вывод;убрать;маржа 14.4% ниже пола 15%;7.30;14.4;;0.0;0.00;0;0;0;0;0;0;0;7;0;0;
923422992;35497916;⚫ вывод;убрать;маржа 7.8% ниже пола 15%;7.30;7.8;;0.0;0.00;0;0;0;0;0;0;0;8;0;0;
881944857;35503414;⚫ вывод;убрать;маржа 11.6% ниже пола 15%;7.30;11.6;;0.0;7.30;0;0;0;0;0;0;0;8;1;1;
862453985;35509256;⚫ вывод;убрать;маржа 23.6% ниже KPI → допустимый ДРР 0;7.30;23.6;;0.0;7.30;0;0;0;0;0;0;0;4;1;1;
880630301;35503784;⚫ вывод;убрать;маржа 13.5% ниже пола 15%;7.30;13.5;;0.0;0.00;0;0;0;0;0;0;0;4;0;0;
874787981;35505238;⚫ вывод;убрать;маржа 12.3% ниже пола 15%;7.30;12.3;;0.0;0.00;0;0;0;0;0;0;0;1;0;0;
323113475;36459468;⚫ вывод;убрать;маржа 20.0% ниже KPI → допустимый ДРР 0;7.30;20.0;;0.0;7.30;0;0;0;0;0;0;0;1;1;1;
879592255;35504537;⚫ вывод;убрать;маржа 12.9% ниже пола 15%;7.30;12.9;;0.0;7.30;0;0;0;0;0;0;0;1;1;2;
313183158;35588483;⚫ вывод;убрать;маржа 5.7% ниже пола 15%;7.30;5.7;;0.0;0.00;0;0;0;0;0;0;0;21;0;0;
323194282;35513180;⚫ вывод;на пол → убрать;маржа 24.5% ниже KPI → допустимый ДРР 0;8.80;24.5;;0.0;8.80;0;0;0;0;0;0;0;32;1;2;
313183130;35495292;⚫ вывод;на пол → убрать;маржа 14.0% ниже пола 15%;8.00;14.0;;0.0;8.00;0;0;0;0;0;0;0;77;1;2;
881393026;35503414;⚫ вывод;убрать;маржа 11.4% ниже пола 15%;7.30;11.4;;0.0;0.00;0;0;0;0;0;0;0;2;0;0;
874831525;35505238;⚫ вывод;убрать;маржа 12.1% ниже пола 15%;7.30;12.1;;0.0;0.00;0;0;0;0;0;0;0;1;0;0;
324986377;36462624;⚫ вывод;убрать;маржа 18.5% ниже KPI → допустимый ДРР 0;7.30;18.5;;0.0;14.60;0;0;0;0;0;0;1;42;2;6;
313216138;36459468;⚫ вывод;убрать;маржа 14.2% ниже пола 15%;7.30;14.2;;0.0;0.00;0;0;0;0;0;0;0;1;0;0;
323340352;35512317;⚫ вывод;убрать;маржа 14.4% ниже пола 15%;7.30;14.4;;0.0;7.30;0;0;0;0;0;0;0;40;1;1;
324990925;35508987;⚫ вывод;убрать;маржа 9.2% ниже пола 15%;7.30;9.2;;0.0;0.00;0;0;0;0;0;0;1;11;0;2;
874386136;35505545;⚫ вывод;убрать;маржа 18.6% ниже KPI → допустимый ДРР 0;7.30;18.6;;0.0;7.30;0;0;0;0;0;0;0;1;1;0;
887694079;35501509;⚫ вывод;убрать;маржа 23.6% ниже KPI → допустимый ДРР 0;7.30;23.6;;0.0;7.30;0;0;0;0;0;0;0;2;1;1;
880633486;35503784;⚫ вывод;убрать;маржа 13.5% ниже пола 15%;7.30;13.5;;0.0;0.00;0;0;0;0;0;0;0;1;0;0;
323133688;35514220;⚫ вывод;убрать;маржа 15.0% ниже пола 15%;7.30;15.0;;0.0;0.00;0;0;0;0;0;0;0;1;0;0;
923127347;35497916;⚫ вывод;убрать;маржа 3.2% ниже пола 15%;7.30;3.2;;0.0;0.00;0;0;0;0;0;0;0;1;0;0;
880544023;35503784;⚫ вывод;убрать;маржа 14.7% ниже пола 15%;7.30;14.7;;0.0;0.00;0;0;0;0;0;0;0;4;0;0;
323118563;36459894;⚫ вывод;на пол → убрать;маржа 24.7% ниже KPI → допустимый ДРР 0;8.80;24.7;;0.0;8.80;0;0;0;0;0;0;0;8;1;3;
862424392;35509256;⚫ вывод;убрать;маржа 14.9% ниже пола 15%;7.30;14.9;;0.0;0.00;0;0;0;0;0;0;0;26;0;0;
879494215;35500249;⚫ вывод;убрать;маржа 21.7% ниже KPI → допустимый ДРР 0;7.30;21.7;;0.0;7.30;0;0;0;0;0;0;0;13;1;1;
323133761;35514220;⚫ вывод;убрать;маржа 13.8% ниже пола 15%;7.30;13.8;;0.0;0.00;0;0;0;0;0;0;0;3;0;0;
323295611;35514511;⚫ вывод;убрать;маржа 22.2% ниже KPI → допустимый ДРР 0;7.30;22.2;;0.0;7.30;0;0;0;0;0;0;0;1;1;1;
879552413;35504537;⚫ вывод;убрать;маржа 11.6% ниже пола 15%;7.30;11.6;;0.0;0.00;0;0;0;0;0;0;0;7;0;0;
883516319;35502978;⚫ вывод;убрать;маржа 13.6% ниже пола 15%;7.30;13.6;;0.0;14.60;0;0;0;0;0;0;2;3;2;3;
871016473;35507605;⚫ вывод;убрать;маржа 22.4% ниже KPI → допустимый ДРР 0;7.30;22.4;;0.0;7.30;0;0;0;0;0;0;0;43;1;1;
323263760;36459894;⚫ вывод;убрать;маржа 14.8% ниже пола 15%;7.30;14.8;;0.0;0.00;0;0;0;0;0;0;0;1;0;0;
871595858;35507256;⚫ вывод;убрать;маржа 20.0% ниже KPI → допустимый ДРР 0;7.30;20.0;;0.0;7.30;0;0;0;0;0;0;0;2;1;1;
871023729;35507605;⚫ вывод;убрать;маржа 24.3% ниже KPI → допустимый ДРР 0;7.30;24.3;;0.0;7.30;0;0;0;0;0;0;0;15;1;1;
870452334;35500638;⚫ вывод;убрать;маржа 20.2% ниже KPI → допустимый ДРР 0;7.30;20.2;;0.0;7.30;0;0;0;0;0;0;0;2;1;1;
865729795;35505238;⚫ вывод;убрать;маржа 23.2% ниже KPI → допустимый ДРР 0;7.30;23.2;;0.0;7.30;0;0;0;0;0;0;0;2;1;4;
313183708;35501262;⚫ вывод;убрать;маржа 22.4% ниже KPI → допустимый ДРР 0;7.30;22.4;;0.0;14.60;0;0;0;0;0;0;0;68;2;2;
882866349;35498781;⚫ вывод;убрать;маржа 12.2% ниже пола 15%;7.30;12.2;;0.0;0.00;0;0;0;0;0;0;0;8;0;0;
324981351;35514926;⚫ вывод;убрать;маржа 9.3% ниже пола 15%;7.30;9.3;;0.0;0.00;0;0;0;0;0;0;0;3;0;0;
883528881;35502978;⚫ вывод;убрать;маржа 12.8% ниже пола 15%;7.30;12.8;;0.0;0.00;0;0;0;0;0;0;0;7;0;0;
881394329;35503414;⚫ вывод;убрать;маржа 11.4% ниже пола 15%;7.30;11.4;;0.0;0.00;0;0;0;0;0;0;0;2;0;0;
883262229;35503146;⚫ вывод;убрать;маржа 13.4% ниже пола 15%;7.30;13.4;;0.0;0.00;0;0;0;0;0;0;0;3;0;0;
871015513;35507605;⚫ вывод;убрать;маржа 22.4% ниже KPI → допустимый ДРР 0;7.30;22.4;;0.0;21.90;0;0;0;0;0;0;1;70;3;3;
874780805;36463324;⚫ вывод;убрать;маржа 25.0% ниже KPI → допустимый ДРР 0;7.30;25.0;;0.0;29.20;0;0;0;0;0;0;3;6;4;4;
885300020;35502200;⚫ вывод;убрать;маржа 14.8% ниже пола 15%;7.30;14.8;;0.0;0.00;0;0;0;0;0;0;0;1;0;0;
865700557;35508061;⚫ вывод;убрать;маржа 14.0% ниже пола 15%;7.30;14.0;;0.0;0.00;0;0;0;0;0;0;0;3;0;0;
323138490;36460596;⚫ вывод;убрать;маржа 14.6% ниже пола 15%;7.30;14.6;;0.0;0.00;0;0;0;0;0;0;0;4;0;0;
874789683;35505238;⚫ вывод;убрать;маржа 14.2% ниже пола 15%;7.30;14.2;;0.0;0.00;0;0;0;0;0;0;0;1;0;0;
313196085;35513180;⚫ вывод;убрать;маржа 14.9% ниже пола 15%;7.30;14.9;;0.0;0.00;0;0;0;0;0;0;0;9;0;0;
862571582;35508987;⚫ вывод;убрать;маржа 19.3% ниже KPI → допустимый ДРР 0;7.30;19.3;;0.0;7.30;0;0;0;0;0;0;0;22;1;3;
323120510;35588483;⚫ вывод;убрать;маржа 18.3% ниже KPI → допустимый ДРР 0;7.30;18.3;;0.0;7.30;0;0;0;0;0;0;1;3;1;1;
923409440;35497916;⚫ вывод;убрать;маржа 11.3% ниже пола 15%;7.30;11.3;;0.0;0.00;0;0;0;0;0;0;0;1;0;2;
323298598;36459075;⚫ вывод;убрать;маржа 12.3% ниже пола 15%;7.30;12.3;;0.0;0.00;0;0;0;0;0;0;0;1;0;0;
862427446;35509256;⚫ вывод;убрать;маржа 14.1% ниже пола 15%;7.30;14.1;;0.0;0.00;0;0;0;0;0;0;0;9;0;0;
323193143;36458948;⚫ вывод;убрать;маржа 13.3% ниже пола 15%;7.30;13.3;;0.0;0.00;0;0;0;0;0;0;0;3;0;0;
865702293;35508061;⚫ вывод;убрать;маржа 14.0% ниже пола 15%;7.30;14.0;;0.0;0.00;0;0;0;0;0;0;0;6;0;0;
881924730;35503414;⚫ вывод;убрать;маржа 19.2% ниже KPI → допустимый ДРР 0;7.30;19.2;;0.0;14.60;0;0;0;0;0;0;0;7;2;2;
874380077;35505545;⚫ вывод;на пол → убрать;маржа 20.0% ниже KPI → допустимый ДРР 0;8.00;20.0;;0.0;8.00;0;0;0;0;0;1;2;21;1;1;
879554099;35504537;⚫ вывод;убрать;маржа 10.4% ниже пола 15%;7.30;10.4;;0.0;0.00;0;0;0;0;0;0;0;8;0;0;
883248191;35503146;⚫ вывод;убрать;маржа 14.4% ниже пола 15%;7.30;14.4;;0.0;0.00;0;0;0;0;0;0;0;5;0;0;
323108857;36460596;⚫ вывод;убрать;маржа 15.0% ниже KPI → допустимый ДРР 0;7.30;15.0;;0.0;14.60;0;0;0;0;0;1;0;46;2;3;
323244607;35514220;⚫ вывод;убрать;маржа 9.3% ниже пола 15%;7.30;9.3;;0.0;0.00;0;0;0;0;0;0;0;1;0;0;
865262308;35508404;⚫ вывод;убрать;маржа 13.3% ниже пола 15%;7.30;13.3;;0.0;7.30;0;0;0;0;0;0;0;19;1;1;
917059516;35498621;⚫ вывод;убрать;маржа 18.7% ниже KPI → допустимый ДРР 0;7.30;18.7;;0.0;7.30;0;0;0;0;0;0;0;1;1;1;
313195774;35498671;⚫ вывод;на пол → убрать;маржа 19.7% ниже KPI → допустимый ДРР 0;8.00;19.7;;0.0;8.00;0;0;0;0;0;0;0;29;1;1;
880215156;35501028;⚫ вывод;убрать;маржа 13.8% ниже пола 15%;7.30;13.8;;0.0;0.00;0;0;0;0;0;0;0;1;0;0;
324980034;36459301;⚫ вывод;убрать;маржа 12.7% ниже пола 15%;7.30;12.7;;0.0;14.60;0;0;0;0;0;0;0;7;2;3;
871642567;35507256;⚫ вывод;убрать;маржа 11.9% ниже пола 15%;7.30;11.9;;0.0;7.30;0;0;0;0;0;0;0;2;1;1;
323244535;36460596;⚫ вывод;убрать;маржа 9.3% ниже пола 15%;7.30;9.3;;0.0;0.00;0;0;0;0;0;0;0;1;0;0;
865261275;35508061;⚫ вывод;убрать;маржа 14.1% ниже пола 15%;7.30;14.1;;0.0;0.00;0;0;0;0;0;0;0;5;0;0;
923393568;35497916;⚫ вывод;убрать;маржа 8.4% ниже пола 15%;7.30;8.4;;0.0;0.00;0;0;0;0;0;0;0;22;0;0;
313188639;35514511;⚫ вывод;убрать;маржа 18.0% ниже KPI → допустимый ДРР 0;7.30;18.0;;0.0;7.30;0;0;0;0;0;1;0;8;1;1;
883525148;35502978;⚫ вывод;убрать;маржа 13.6% ниже пола 15%;7.30;13.6;;0.0;0.00;0;0;0;0;0;0;0;3;0;0;
865239276;35508404;⚫ вывод;убрать;маржа 14.6% ниже пола 15%;7.30;14.6;;0.0;0.00;0;0;0;0;0;0;0;3;0;0;
881945244;35503414;⚫ вывод;убрать;маржа 11.6% ниже пола 15%;7.30;11.6;;0.0;0.00;0;0;0;0;0;0;0;5;0;0;
874838622;35505238;⚫ вывод;убрать;маржа 17.2% ниже KPI → допустимый ДРР 0;7.30;17.2;;0.0;7.30;0;0;0;0;0;0;1;3;1;1;
923364862;35497916;⚫ вывод;убрать;маржа -3.4% ниже пола 15%;7.30;-3.4;;0.0;0.00;0;0;0;0;0;0;0;2;0;0;
873443684;35505545;⚫ вывод;убрать;маржа 14.8% ниже пола 15%;7.30;14.8;;0.0;0.00;0;0;0;0;0;0;0;30;0;0;
873458575;35505545;⚫ вывод;убрать;маржа 13.8% ниже пола 15%;7.30;13.8;;0.0;0.00;0;0;0;0;0;0;0;6;0;0;
323113571;36459468;⚫ вывод;убрать;маржа 11.5% ниже пола 15%;7.30;11.5;;0.0;0.00;0;0;0;0;0;0;1;8;0;4;
881921249;35502200;⚫ вывод;убрать;маржа 14.8% ниже пола 15%;7.30;14.8;;0.0;0.00;0;0;0;0;0;0;0;1;0;0;
313190982;35513491;⚫ вывод;убрать;маржа 21.8% ниже KPI → допустимый ДРР 0;7.30;21.8;;0.0;7.30;0;0;0;0;0;0;0;8;1;1;
874840103;35505238;⚫ вывод;убрать;маржа 23.7% ниже KPI → допустимый ДРР 0;7.30;23.7;;0.0;7.30;0;0;0;0;0;0;0;13;1;1;
313185221;35512317;⚫ вывод;убрать;маржа 19.3% ниже KPI → допустимый ДРР 0;7.30;19.3;;0.0;7.30;0;0;0;0;0;0;0;26;1;2;
323329590;35512642;⚫ вывод;убрать;маржа 14.0% ниже пола 15%;7.30;14.0;;0.0;0.00;0;0;0;0;0;0;5;2;0;2;
879643024;35504537;⚫ вывод;убрать;маржа 12.9% ниже пола 15%;7.30;12.9;;0.0;0.00;0;0;0;0;0;0;0;2;0;0;
862421718;35509256;⚫ вывод;убрать;маржа 22.2% ниже KPI → допустимый ДРР 0;7.30;22.2;;0.0;21.90;0;0;0;0;0;0;1;11;3;4;
871068580;35507605;⚫ вывод;убрать;маржа 18.9% ниже KPI → допустимый ДРР 0;7.30;18.9;;0.0;7.30;0;0;0;0;0;0;1;6;1;1;
878112928;35504951;⚫ вывод;убрать;маржа 12.7% ниже пола 15%;7.30;12.7;;0.0;0.00;0;0;0;0;0;0;0;2;0;0;
313190857;36458352;⚫ вывод;убрать;маржа 13.0% ниже пола 15%;7.30;13.0;;0.0;0.00;0;0;0;0;0;0;0;1;0;2;
879553080;35504537;⚫ вывод;убрать;маржа 12.8% ниже пола 15%;7.30;12.8;;0.0;0.00;0;0;0;0;0;0;0;1;0;0;
324984001;35514926;⚫ вывод;убрать;маржа 15.0% ниже пола 15%;7.30;15.0;;0.0;0.00;0;0;0;0;0;0;0;1;0;0;
881945900;35503414;⚫ вывод;убрать;маржа 13.1% ниже пола 15%;7.30;13.1;;0.0;0.00;0;0;0;0;0;0;0;6;0;1;
917001463;35498671;⚫ вывод;убрать;маржа 0.1% ниже пола 15%;7.30;0.1;;0.0;0.00;0;0;0;0;0;0;0;3;0;0;
323339858;35512317;⚫ вывод;убрать;маржа 14.7% ниже пола 15%;7.30;14.7;;0.0;0.00;0;0;0;0;0;0;0;36;0;0;
323108736;36460596;⚫ вывод;убрать;маржа 22.0% ниже KPI → допустимый ДРР 0;7.30;22.0;;0.0;14.60;0;0;0;0;0;0;0;16;2;2;
923541270;35497479;⚫ вывод;убрать;маржа 10.5% ниже пола 15%;7.30;10.5;;0.0;0.00;0;0;0;0;0;1;0;38;0;0;
874786226;35505238;⚫ вывод;убрать;маржа 14.2% ниже пола 15%;7.30;14.2;;0.0;0.00;0;0;0;0;0;0;0;6;0;0;
380675804;35500111;⚫ вывод;убрать;маржа 23.9% ниже KPI → допустимый ДРР 0;7.30;23.9;;0.0;7.30;0;0;0;0;0;0;0;17;1;1;
687033226;35501028;⚫ вывод;убрать;маржа 19.3% ниже KPI → допустимый ДРР 0;7.30;19.3;;0.0;7.30;0;0;0;0;0;0;0;2;1;1;
862566109;35508987;⚫ вывод;убрать;маржа 13.2% ниже пола 15%;7.30;13.2;;0.0;0.00;0;0;0;0;0;0;0;2;0;0;
323244920;36459301;⚫ вывод;убрать;маржа 11.7% ниже пола 15%;7.30;11.7;;0.0;0.00;0;0;0;0;0;0;0;2;0;0;
878111858;35504951;⚫ вывод;убрать;маржа 12.7% ниже пола 15%;7.30;12.7;;0.0;0.00;0;0;0;0;0;0;0;3;0;1;
881404011;35503414;⚫ вывод;убрать;маржа 11.4% ниже пола 15%;7.30;11.4;;0.0;0.00;0;0;0;0;0;0;0;1;0;0;
923413849;35497916;⚫ вывод;убрать;маржа 6.4% ниже пола 15%;7.30;6.4;;0.0;0.00;0;0;0;0;0;0;0;3;0;0;
872334808;35506296;⚫ вывод;убрать;маржа 13.6% ниже пола 15%;7.30;13.6;;0.0;0.00;0;0;0;0;0;0;0;10;0;0;
313191289;36459468;⚫ вывод;убрать;маржа 23.1% ниже KPI → допустимый ДРР 0;7.30;23.1;;0.0;7.30;0;0;0;0;0;0;0;20;1;2;
313084429;35497479;⚫ вывод;убрать;маржа 14.8% ниже пола 15%;7.30;14.8;;0.0;0.00;0;0;0;0;0;0;0;19;0;0;
871054039;35505900;⚫ вывод;на пол → убрать;маржа 16.2% ниже KPI → допустимый ДРР 0;8.00;16.2;;0.0;8.00;0;0;0;0;0;0;0;13;1;1;
880574905;35503784;⚫ вывод;на пол → убрать;маржа 24.8% ниже KPI → допустимый ДРР 0;8.80;24.8;;0.0;8.80;0;0;0;0;0;2;0;8;1;6;
874793155;35505238;⚫ вывод;убрать;маржа 14.2% ниже пола 15%;7.30;14.2;;0.0;0.00;0;0;0;0;0;0;0;1;0;0;
888401726;35501028;⚫ вывод;убрать;маржа 0.6% ниже пола 15%;7.30;0.6;;0.0;0.00;0;0;0;0;0;0;0;12;0;0;
313183918;36460596;⚫ вывод;убрать;маржа 19.3% ниже KPI → допустимый ДРР 0;7.30;19.3;;0.0;7.30;0;0;0;0;0;0;1;19;1;1;
862457752;35501028;⚫ вывод;убрать;маржа 13.8% ниже пола 15%;7.30;13.8;;0.0;0.00;0;0;0;0;0;0;0;1;0;0;
887148035;35501683;⚫ вывод;убрать;маржа 7.0% ниже пола 15%;7.30;7.0;;0.0;0.00;0;0;0;0;0;0;0;13;0;0;
862566455;35508987;⚫ вывод;убрать;маржа 13.2% ниже пола 15%;7.30;13.2;;0.0;0.00;0;0;0;0;0;0;0;2;0;0;
873444416;35505545;⚫ вывод;убрать;маржа 14.8% ниже пола 15%;7.30;14.8;;0.0;0.00;0;0;0;0;0;0;0;16;0;0;
323110922;36459894;⚫ вывод;убрать;маржа 14.6% ниже пола 15%;7.30;14.6;;0.0;0.00;0;0;0;0;0;0;0;2;0;0;
865696431;35508061;⚫ вывод;убрать;маржа 14.0% ниже пола 15%;7.30;14.0;;0.0;0.00;0;0;0;0;0;0;0;5;0;0;
323237953;35515230;⚫ вывод;убрать;маржа 22.5% ниже KPI → допустимый ДРР 0;7.30;22.5;;0.0;7.30;0;0;0;0;0;0;0;5;1;1;
323089953;35495292;⚫ вывод;убрать;маржа 15.8% ниже KPI → допустимый ДРР 0;7.30;15.8;;0.0;7.30;0;0;0;0;0;0;0;18;1;1;
323298669;35588483;⚫ вывод;убрать;маржа 19.0% ниже KPI → допустимый ДРР 0;7.30;19.0;;0.0;36.50;0;0;0;0;0;0;1;15;5;7;
323244373;35514220;⚫ вывод;убрать;маржа 14.0% ниже пола 15%;7.30;14.0;;0.0;0.00;0;0;0;0;0;0;0;1;0;0;
313183419;35512317;⚫ вывод;убрать;маржа 20.5% ниже KPI → допустимый ДРР 0;7.30;20.5;;0.0;7.30;0;0;0;0;0;0;0;8;1;1;
323199990;35514220;⚫ вывод;убрать;маржа 12.4% ниже пола 15%;7.30;12.4;;0.0;0.00;0;0;0;0;0;0;0;1;0;0;
880550914;35503784;⚫ вывод;убрать;маржа 13.8% ниже пола 15%;7.30;13.8;;0.0;0.00;0;0;0;0;0;0;0;1;0;0;
874788432;35505238;⚫ вывод;убрать;маржа 14.2% ниже пола 15%;7.30;14.2;;0.0;7.30;0;0;0;0;0;0;1;2;1;1;
881918256;35503414;⚫ вывод;убрать;маржа 14.2% ниже пола 15%;7.30;14.2;;0.0;0.00;0;0;0;0;0;0;0;2;0;0;
313183654;36463324;⚫ вывод;убрать;маржа 12.9% ниже пола 15%;7.30;12.9;;0.0;0.00;0;0;0;0;0;0;0;12;0;2;
313190728;36460596;⚫ вывод;убрать;маржа 18.5% ниже KPI → допустимый ДРР 0;7.30;18.5;;0.0;7.30;0;0;0;0;0;0;0;29;1;1;
861628374;35509256;⚫ вывод;убрать;маржа 15.0% ниже пола 15%;7.30;15.0;;0.0;0.00;0;0;0;0;0;0;0;1;0;0;
324981343;35514926;⚫ вывод;убрать;маржа 9.3% ниже пола 15%;7.30;9.3;;0.0;0.00;0;0;0;0;0;0;0;6;0;0;
323149810;36458948;⚫ вывод;убрать;маржа 14.6% ниже пола 15%;7.30;14.6;;0.0;0.00;0;0;0;0;0;0;0;3;0;0;
313216047;36463324;⚫ вывод;убрать;маржа 12.4% ниже пола 15%;7.30;12.4;;0.0;0.00;0;0;0;0;0;0;1;24;0;0;
323291032;35514511;⚫ вывод;убрать;маржа 20.8% ниже KPI → допустимый ДРР 0;7.30;20.8;;0.0;7.30;0;0;0;0;0;0;0;5;1;1;
874786830;35505238;⚫ вывод;убрать;маржа 14.2% ниже пола 15%;7.30;14.2;;0.0;0.00;0;0;0;0;0;0;0;1;0;0;
323200951;35513872;⚫ вывод;убрать;маржа 12.3% ниже пола 15%;7.30;12.3;;0.0;0.00;0;0;0;0;0;0;0;1;0;0;
324981407;35514926;⚫ вывод;убрать;маржа 13.9% ниже пола 15%;7.30;13.9;;0.0;0.00;0;0;0;0;0;0;0;9;0;1;
860861044;35509256;⚫ вывод;убрать;маржа 19.8% ниже KPI → допустимый ДРР 0;7.30;19.8;;0.0;7.30;0;0;0;0;0;0;0;2;1;0;
871589531;35507256;⚫ вывод;убрать;маржа 21.5% ниже KPI → допустимый ДРР 0;7.30;21.5;;0.0;7.30;0;0;0;0;0;0;0;5;1;1;
861585234;35509256;⚫ вывод;убрать;маржа 10.8% ниже пола 15%;7.30;10.8;;0.0;0.00;0;0;0;0;0;0;0;2;0;0;
923381699;35497916;⚫ вывод;убрать;маржа -0.8% ниже пола 15%;7.30;-0.8;;0.0;0.00;0;0;0;0;0;0;0;8;0;0;
878111195;35504951;⚫ вывод;убрать;маржа 12.7% ниже пола 15%;7.30;12.7;;0.0;0.00;0;0;0;0;0;0;0;2;0;0;
313185768;35514926;⚫ вывод;убрать;маржа 12.6% ниже пола 15%;7.30;12.6;;0.0;0.00;0;0;0;0;0;2;0;3;0;0;
862420341;35509256;⚫ вывод;убрать;маржа 14.1% ниже пола 15%;7.30;14.1;;0.0;0.00;0;0;0;0;0;0;0;6;0;0;
887214239;35501509;⚫ вывод;убрать;маржа 14.0% ниже пола 15%;7.30;14.0;;0.0;0.00;0;0;0;0;0;0;0;6;0;0;
867085139;35508061;⚫ вывод;убрать;маржа 14.1% ниже пола 15%;7.30;14.1;;0.0;0.00;0;0;0;0;0;0;0;63;0;0;
324986441;35514220;⚫ вывод;убрать;маржа 13.7% ниже пола 15%;7.30;13.7;;0.0;0.00;0;0;0;0;0;0;0;1;0;0;
313183771;36462624;⚫ вывод;на пол → убрать;маржа 23.3% ниже KPI → допустимый ДРР 0;8.80;23.3;;0.0;8.80;0;0;0;0;0;0;0;107;1;1;
865047655;35508404;⚫ вывод;убрать;маржа 13.7% ниже пола 15%;7.30;13.7;;0.0;0.00;0;0;0;0;0;0;0;1;0;0;
313193587;35514926;⚫ вывод;убрать;маржа 14.6% ниже пола 15%;7.30;14.6;;0.0;0.00;0;0;0;0;0;0;0;3;0;1;
886789526;35501262;⚫ вывод;убрать;маржа 22.0% ниже KPI → допустимый ДРР 0;7.30;22.0;;0.0;7.30;0;0;0;0;0;0;0;24;1;2;
872334058;35506296;⚫ вывод;убрать;маржа 14.7% ниже пола 15%;7.30;14.7;;0.0;0.00;0;0;0;0;0;0;0;29;0;1;
882866540;35498781;⚫ вывод;убрать;маржа 14.4% ниже пола 15%;7.30;14.4;;0.0;7.30;0;0;0;0;0;0;0;7;1;1;
862509053;35508987;⚫ вывод;убрать;маржа 11.7% ниже пола 15%;7.30;11.7;;0.0;0.00;0;0;0;0;0;0;0;1;0;0;
881391124;35503414;⚫ вывод;убрать;маржа 11.4% ниже пола 15%;7.30;11.4;;0.0;0.00;0;0;0;0;0;0;0;2;0;0;
323085939;36460596;⚫ вывод;убрать;маржа 21.0% ниже KPI → допустимый ДРР 0;7.30;21.0;;0.0;7.30;0;0;0;0;0;0;0;7;1;6;
871029323;35507605;⚫ вывод;убрать;маржа 21.0% ниже KPI → допустимый ДРР 0;7.30;21.0;;0.0;7.30;0;0;0;0;0;1;0;7;1;4;
313189983;35514220;⚫ вывод;убрать;маржа 14.8% ниже пола 15%;7.30;14.8;;0.0;0.00;0;0;0;0;0;0;0;2;0;0;
867087038;35508061;⚫ вывод;убрать;маржа 14.1% ниже пола 15%;7.30;14.1;;0.0;0.00;0;0;0;0;0;0;0;75;0;0;
883558533;35502978;⚫ вывод;убрать;маржа 13.1% ниже пола 15%;7.30;13.1;;0.0;0.00;0;0;0;0;0;0;0;3;0;0;
324987514;36463324;⚫ вывод;убрать;маржа 14.9% ниже пола 15%;7.30;14.9;;0.0;0.00;0;0;0;0;0;0;0;1;0;0;
313184167;35512317;⚫ вывод;убрать;маржа 13.2% ниже пола 15%;7.30;13.2;;0.0;0.00;0;0;0;0;0;0;0;11;0;0;
313215458;35509833;⚫ вывод;убрать;маржа 14.3% ниже пола 15%;7.30;14.3;;0.0;7.30;0;0;0;0;0;0;0;11;1;2;
874846203;35505238;⚫ вывод;убрать;маржа 16.5% ниже KPI → допустимый ДРР 0;7.30;16.5;;0.0;7.30;0;0;0;0;0;0;1;4;1;1;
869273052;35507605;⚫ вывод;убрать;маржа 20.6% ниже KPI → допустимый ДРР 0;7.30;20.6;;0.0;7.30;0;0;0;0;0;0;0;37;1;1;
862560851;35508987;⚫ вывод;убрать;маржа 20.4% ниже KPI → допустимый ДРР 0;7.30;20.4;;0.0;7.30;0;0;0;0;0;0;0;10;1;4;
878114787;35504951;⚫ вывод;убрать;маржа 12.7% ниже пола 15%;7.30;12.7;;0.0;0.00;0;0;0;0;0;0;0;3;0;0;
871065134;35507605;⚫ вывод;на пол → убрать;маржа 19.8% ниже KPI → допустимый ДРР 0;8.00;19.8;;0.0;16.00;0;0;0;0;0;0;0;8;2;3;
868934594;35503414;⚫ вывод;убрать;маржа 14.4% ниже пола 15%;7.30;14.4;;0.0;0.00;0;0;0;0;0;0;0;6;0;0;
313183111;36460596;⚫ вывод;убрать;маржа 20.0% ниже KPI → допустимый ДРР 0;7.30;20.0;;0.0;7.30;0;0;0;0;0;0;0;61;1;1;
883248745;35503146;⚫ вывод;убрать;маржа 14.4% ниже пола 15%;7.30;14.4;;0.0;0.00;0;0;0;0;0;0;0;3;0;0;
883288469;35502978;⚫ вывод;убрать;маржа 14.7% ниже пола 15%;7.30;14.7;;0.0;0.00;0;0;0;0;0;0;0;6;0;0;
313183578;36462624;⚫ вывод;убрать;маржа 22.1% ниже KPI → допустимый ДРР 0;7.30;22.1;;0.0;14.60;0;0;0;0;0;0;0;36;2;2;
881947407;35503414;⚫ вывод;убрать;маржа 19.1% ниже KPI → допустимый ДРР 0;7.30;19.1;;0.0;7.30;0;0;0;0;0;0;0;3;1;1;
917236393;35498621;⚫ вывод;убрать;маржа 1.6% ниже пола 15%;7.30;1.6;;0.0;0.00;0;0;0;0;0;0;0;1;0;0;
885296343;35502200;⚫ вывод;убрать;маржа 13.1% ниже пола 15%;7.30;13.1;;0.0;0.00;0;0;0;0;0;0;0;1;0;0;
862424140;35508987;⚫ вывод;убрать;маржа 14.1% ниже пола 15%;7.30;14.1;;0.0;0.00;0;0;0;0;0;0;0;6;0;0;
885327034;35502200;⚫ вывод;убрать;маржа 14.8% ниже пола 15%;7.30;14.8;;0.0;0.00;0;0;0;0;0;0;0;1;0;0;
323312290;36458948;⚫ вывод;убрать;маржа 13.6% ниже пола 15%;7.30;13.6;;0.0;0.00;0;0;0;0;0;0;0;11;0;0;
862426848;35509256;⚫ вывод;на пол → убрать;маржа 18.5% ниже KPI → допустимый ДРР 0;8.00;18.5;;0.0;8.00;0;0;0;0;0;0;1;28;1;1;
862569686;35508987;⚫ вывод;убрать;маржа 13.2% ниже пола 15%;7.30;13.2;;0.0;0.00;0;0;0;0;0;0;0;2;0;0;
867196794;35504537;⚫ вывод;убрать;маржа 24.4% ниже KPI → допустимый ДРР 0;7.30;24.4;;0.0;7.30;0;0;0;0;0;0;0;1;1;0;
885292230;35502200;⚫ вывод;убрать;маржа 7.7% ниже пола 15%;7.30;7.7;;0.0;0.00;0;0;0;0;0;0;0;13;0;0;
881401767;35503414;⚫ вывод;убрать;маржа 11.4% ниже пола 15%;7.30;11.4;;0.0;0.00;0;0;0;0;0;0;0;2;0;0;
862419665;35509256;⚫ вывод;убрать;маржа 14.1% ниже пола 15%;7.30;14.1;;0.0;7.30;0;0;0;0;0;0;0;17;1;1;
323109982;36459894;⚫ вывод;убрать;маржа 16.6% ниже KPI → допустимый ДРР 0;7.30;16.6;;0.0;14.60;0;0;0;0;0;0;0;3;2;2;
880631749;35503784;⚫ вывод;убрать;маржа 13.5% ниже пола 15%;7.30;13.5;;0.0;0.00;0;0;0;0;0;0;0;4;0;0;
885298971;35502200;⚫ вывод;убрать;маржа 14.8% ниже пола 15%;7.30;14.8;;0.0;0.00;0;0;0;0;0;0;0;2;0;0;
361744899;35511919;⚫ вывод;убрать;маржа 15.9% ниже KPI → допустимый ДРР 0;7.30;15.9;;0.0;7.30;0;0;0;0;0;0;0;8;1;1;
324981352;36463324;⚫ вывод;на пол → убрать;маржа 19.9% ниже KPI → допустимый ДРР 0;8.00;19.9;;0.0;8.00;0;0;0;0;0;1;1;29;1;1;
862567570;35508987;⚫ вывод;убрать;маржа 13.2% ниже пола 15%;7.30;13.2;;0.0;0.00;0;0;0;0;0;0;0;2;0;0;
867117437;35508061;⚫ вывод;убрать;маржа 23.0% ниже KPI → допустимый ДРР 0;7.30;23.0;;0.0;7.30;0;0;0;0;0;0;0;60;1;5;
323302662;36459301;⚫ вывод;убрать;маржа 11.9% ниже пола 15%;7.30;11.9;;0.0;0.00;0;0;0;0;0;0;0;3;0;0;
323340047;35512317;⚫ вывод;убрать;маржа 19.6% ниже KPI → допустимый ДРР 0;7.30;19.6;;0.0;7.30;0;0;0;0;0;0;0;20;1;1;
862374333;35500249;⚫ вывод;убрать;маржа 13.0% ниже пола 15%;7.30;13.0;;0.0;0.00;0;0;0;0;0;0;0;2;0;0;
313183988;35514220;⚫ вывод;убрать;маржа 8.4% ниже пола 15%;7.30;8.4;;0.0;0.00;0;0;0;0;0;0;0;46;0;0;
323090382;36460596;⚫ вывод;убрать;маржа 16.0% ниже KPI → допустимый ДРР 0;7.30;16.0;;0.0;21.90;0;0;0;0;0;0;0;18;3;4;
323203311;35514220;⚫ вывод;убрать;маржа 14.0% ниже пола 15%;7.30;14.0;;0.0;0.00;0;0;0;0;0;0;0;4;0;0;
878123813;35504951;⚫ вывод;убрать;маржа 12.7% ниже пола 15%;7.30;12.7;;0.0;0.00;0;0;0;0;0;0;0;6;0;0;
323144360;35513872;⚫ вывод;убрать;маржа 9.0% ниже пола 15%;7.30;9.0;;0.0;0.00;0;0;0;0;0;0;0;1;0;0;
313214790;35509833;⚫ вывод;убрать;маржа 13.3% ниже пола 15%;7.30;13.3;;0.0;0.00;0;0;0;0;0;0;0;7;0;1;
862453397;35509256;⚫ вывод;убрать;маржа 23.6% ниже KPI → допустимый ДРР 0;7.30;23.6;;0.0;14.60;0;0;0;0;0;0;1;4;2;2;
880214448;35501028;⚫ вывод;убрать;маржа 12.9% ниже пола 15%;7.30;12.9;;0.0;0.00;0;0;0;0;0;0;0;2;0;0;
923434124;35497916;⚫ вывод;убрать;маржа 7.7% ниже пола 15%;7.30;7.7;;0.0;0.00;0;0;0;0;0;0;0;5;0;0;
923546309;35497479;⚫ вывод;убрать;маржа 6.2% ниже пола 15%;7.30;6.2;;0.0;0.00;0;0;0;0;0;0;0;1;0;0;
863534006;35508624;⚫ вывод;убрать;маржа 19.9% ниже KPI → допустимый ДРР 0;7.30;19.9;;0.0;14.60;0;0;0;0;0;0;0;5;2;2;
865263099;35508061;⚫ вывод;убрать;маржа 14.1% ниже пола 15%;7.30;14.1;;0.0;0.00;0;0;0;0;0;0;0;26;0;7;
888402152;35497916;⚫ вывод;убрать;маржа 6.8% ниже пола 15%;7.30;6.8;;0.0;0.00;0;0;0;0;0;0;0;22;0;0;
313191202;36459075;⚫ вывод;убрать;маржа 12.3% ниже пола 15%;7.30;12.3;;0.0;0.00;0;0;0;0;0;0;0;3;0;0;
883260217;35503146;⚫ вывод;убрать;маржа 13.4% ниже пола 15%;7.30;13.4;;0.0;0.00;0;0;0;0;0;0;0;4;0;0;
859988248;35509529;⚫ вывод;убрать;маржа 13.2% ниже пола 15%;7.30;13.2;;0.0;0.00;0;0;0;0;0;0;0;1;0;0;
861643891;35509256;⚫ вывод;убрать;маржа 15.0% ниже пола 15%;7.30;15.0;;0.0;0.00;0;0;0;0;0;0;0;9;0;0;
323361787;35512317;⚫ вывод;убрать;маржа 23.5% ниже KPI → допустимый ДРР 0;7.30;23.5;;0.0;7.30;0;0;0;0;0;0;0;2;1;1;
880544850;35503784;⚫ вывод;убрать;маржа 14.7% ниже пола 15%;7.30;14.7;;0.0;0.00;0;0;0;0;0;0;0;3;0;0;
865048499;35508404;⚫ вывод;убрать;маржа 14.8% ниже пола 15%;7.30;14.8;;0.0;0.00;0;0;0;0;0;0;0;1;0;0;
323359603;35512317;⚫ вывод;убрать;маржа 22.3% ниже KPI → допустимый ДРР 0;7.30;22.3;;0.0;14.60;0;0;0;0;0;0;0;21;2;3;
871090493;35507256;⚫ вывод;убрать;маржа 24.2% ниже KPI → допустимый ДРР 0;7.30;24.2;;0.0;21.90;0;0;0;0;0;0;0;2;3;3;
862567051;35508987;⚫ вывод;убрать;маржа 13.2% ниже пола 15%;7.30;13.2;;0.0;0.00;0;0;0;0;0;0;0;2;0;0;
874833195;35505238;⚫ вывод;убрать;маржа 18.9% ниже KPI → допустимый ДРР 0;7.30;18.9;;0.0;7.30;0;0;0;0;0;0;0;1;1;1;
324993479;35512317;⚫ вывод;убрать;маржа 14.4% ниже пола 15%;7.30;14.4;;0.0;0.00;0;0;0;0;0;0;0;7;0;0;
324984019;35514926;⚫ вывод;убрать;маржа 13.2% ниже пола 15%;7.30;13.2;;0.0;0.00;0;0;0;0;0;0;0;4;0;0;
323119246;35514511;⚫ вывод;убрать;маржа 14.6% ниже пола 15%;7.30;14.6;;0.0;0.00;0;0;0;0;0;0;0;2;0;1;
881402415;35503414;⚫ вывод;убрать;маржа 11.4% ниже пола 15%;7.30;11.4;;0.0;0.00;0;0;0;0;0;0;0;1;0;0;
313183595;35514926;⚫ вывод;убрать;маржа 14.6% ниже пола 15%;7.30;14.6;;0.0;0.00;0;0;0;0;0;0;0;1;0;1;
873457803;35505545;⚫ вывод;убрать;маржа 13.8% ниже пола 15%;7.30;13.8;;0.0;0.00;0;0;0;0;0;0;0;3;0;0;
323247041;35514926;⚫ вывод;убрать;маржа 13.9% ниже пола 15%;7.30;13.9;;0.0;0.00;0;0;0;0;0;0;0;2;0;0;
880590978;35500249;⚫ вывод;убрать;маржа 20.3% ниже KPI → допустимый ДРР 0;7.30;20.3;;0.0;7.30;0;0;0;0;0;0;1;1;1;1;
871071274;35507605;⚫ вывод;на пол → убрать;маржа 17.9% ниже KPI → допустимый ДРР 0;8.00;17.9;;0.0;24.00;0;0;0;0;0;0;0;34;3;6;
874798947;35505238;⚫ вывод;убрать;маржа 12.3% ниже пола 15%;7.30;12.3;;0.0;0.00;0;0;0;0;0;0;0;2;0;0;
874837580;35505238;⚫ вывод;убрать;маржа 21.4% ниже KPI → допустимый ДРР 0;7.30;21.4;;0.0;21.90;0;0;0;0;0;0;1;6;3;3;
873458800;35505545;⚫ вывод;убрать;маржа 13.8% ниже пола 15%;7.30;13.8;;0.0;0.00;0;0;0;0;0;0;0;4;0;0;
879596029;35504537;⚫ вывод;убрать;маржа 12.9% ниже пола 15%;7.30;12.9;;0.0;14.60;0;0;0;0;0;0;0;3;2;4;
887214148;35501509;⚫ вывод;убрать;маржа 14.0% ниже пола 15%;7.30;14.0;;0.0;0.00;0;0;0;0;0;0;0;2;0;0;
313190055;35514926;⚫ вывод;убрать;маржа 14.1% ниже пола 15%;7.30;14.1;;0.0;7.30;0;0;0;0;0;0;0;21;1;1;
324990523;35513180;⚫ вывод;на пол → убрать;маржа 21.3% ниже KPI → допустимый ДРР 0;8.00;21.3;;0.0;8.00;0;0;0;0;0;0;0;10;1;1;
865699503;35508624;⚫ вывод;убрать;маржа 14.0% ниже пола 15%;7.30;14.0;;0.0;0.00;0;0;0;0;0;0;0;2;0;0;
862506864;35509256;⚫ вывод;убрать;маржа 13.5% ниже пола 15%;7.30;13.5;;0.0;0.00;0;0;0;0;0;0;0;1;0;0;
881139806;35503784;⚫ вывод;убрать;маржа 16.8% ниже KPI → допустимый ДРР 0;7.30;16.8;;0.0;7.30;0;0;0;0;0;0;1;10;1;1;
313183674;35514926;⚫ вывод;убрать;маржа 12.0% ниже пола 15%;7.30;12.0;;0.0;0.00;0;0;0;0;0;0;0;13;0;0;
323119122;35510132;⚫ вывод;убрать;маржа 14.1% ниже пола 15%;7.30;14.1;;0.0;0.00;0;0;0;0;0;0;0;1;0;0;
861585873;35509256;⚫ вывод;убрать;маржа 10.8% ниже пола 15%;7.30;10.8;;0.0;0.00;0;0;0;0;0;0;0;3;0;0;
865697522;35508061;⚫ вывод;убрать;маржа 14.0% ниже пола 15%;7.30;14.0;;0.0;0.00;0;0;0;0;0;0;0;6;0;0;
865703280;35508061;⚫ вывод;убрать;маржа 14.0% ниже пола 15%;7.30;14.0;;0.0;0.00;0;0;0;0;0;0;0;6;0;0;
313215469;35512317;⚫ вывод;на пол → убрать;маржа 16.8% ниже KPI → допустимый ДРР 0;8.00;16.8;;0.0;8.00;0;0;0;0;0;0;0;71;1;1;
323299842;36459301;⚫ вывод;убрать;маржа 13.8% ниже пола 15%;7.30;13.8;;0.0;0.00;0;0;0;0;0;0;0;2;0;0;
895875482;35501262;⚫ вывод;убрать;маржа 11.0% ниже пола 15%;7.30;11.0;;0.0;0.00;0;0;0;0;0;0;0;22;0;0;
859988000;35509529;⚫ вывод;убрать;маржа 13.2% ниже пола 15%;7.30;13.2;;0.0;0.00;0;0;0;0;0;0;0;2;0;0;
865239950;35508404;⚫ вывод;убрать;маржа 14.6% ниже пола 15%;7.30;14.6;;0.0;0.00;0;0;0;0;0;0;0;5;0;0;
885098525;35502769;⚫ вывод;убрать;маржа 14.5% ниже пола 15%;7.30;14.5;;0.0;0.00;0;0;0;0;0;0;0;1;0;0;
313197338;35514926;⚫ вывод;на пол → убрать;маржа 17.9% ниже KPI → допустимый ДРР 0;8.80;17.9;;0.0;17.60;0;0;0;0;0;0;0;22;2;2;
915921746;35498671;⚫ вывод;убрать;маржа 23.6% ниже KPI → допустимый ДРР 0;7.30;23.6;;0.0;7.30;0;0;0;0;0;0;0;2;1;3;
323144341;35514926;⚫ вывод;убрать;маржа 15.0% ниже пола 15%;7.30;15.0;;0.0;0.00;0;0;0;0;0;0;0;3;0;0;
865187897;35500249;⚫ вывод;убрать;маржа 22.8% ниже KPI → допустимый ДРР 0;7.30;22.8;;0.0;7.30;0;0;0;0;0;0;0;3;1;1;
323194121;35513872;⚫ вывод;убрать;маржа 12.1% ниже пола 15%;7.30;12.1;;0.0;0.00;0;0;0;0;0;0;0;2;0;0;
883255773;35503146;⚫ вывод;убрать;маржа 12.6% ниже пола 15%;7.30;12.6;;0.0;0.00;0;0;0;0;0;0;0;5;0;0;
874835545;35505238;⚫ вывод;убрать;маржа 16.8% ниже KPI → допустимый ДРР 0;7.30;16.8;;0.0;7.30;0;0;0;0;0;0;0;3;1;1;
885326100;35502200;⚫ вывод;убрать;маржа 14.8% ниже пола 15%;7.30;14.8;;0.0;0.00;0;0;0;0;0;0;0;2;0;0;
883250059;35503146;⚫ вывод;убрать;маржа 13.8% ниже пола 15%;7.30;13.8;;0.0;0.00;0;0;0;0;0;0;0;1;0;0;
885314243;35502200;⚫ вывод;убрать;маржа 14.8% ниже пола 15%;7.30;14.8;;0.0;0.00;0;0;0;0;0;0;1;5;0;3;
880359583;35503784;⚫ вывод;на пол → убрать;маржа 16.1% ниже KPI → допустимый ДРР 0;8.00;16.1;;0.0;8.00;0;0;0;0;0;0;0;38;1;1;
865704362;35508061;⚫ вывод;убрать;маржа 14.0% ниже пола 15%;7.30;14.0;;0.0;0.00;0;0;0;0;0;0;0;4;0;0;
886533128;35501886;⚫ вывод;убрать;маржа 23.8% ниже KPI → допустимый ДРР 0;7.30;23.8;;0.0;7.30;0;0;0;0;0;0;0;32;1;1;
323149841;35514926;⬜ маржи нет;наблюдаем;нет живой закупки;7.30;;0.0;;0.00;11179;11179;1;0;1;1;0;4;0;10;
832161927;35513872;⬜ маржи нет;наблюдаем;нет живой закупки;7.30;;0.0;;0.00;8007;8007;1;0;1;0;1;2;0;1;
435045916;35513180;⬜ маржи нет;наблюдаем;нет живой закупки;7.30;;0.1;;7.30;5452;5452;1;0;1;0;2;42;1;13;
886542614;36462624;⬜ маржи нет;наблюдаем;нет живой закупки;7.30;;0.4;;21.90;5325;5325;2;0;2;0;6;70;3;10;
801169491;35509833;⬜ маржи нет;наблюдаем;нет живой закупки;7.30;;0.0;;0.00;2655;2655;1;0;1;1;1;6;0;3;
850245485;35509833;⬜ маржи нет;наблюдаем;нет живой закупки;7.30;;0.0;;0.00;2020;2020;1;0;1;0;1;1;0;1;
313183137;35495292;⬜ маржи нет;наблюдаем;нет живой закупки;7.30;;0.0;;0.00;1704;1704;1;0;1;0;2;5;0;4;
323122503;35509833;⬜ маржи нет;наблюдаем;нет живой закупки;7.30;;0.0;;0.00;1635;1635;1;0;1;0;1;4;0;10;
801167999;35509833;⬜ маржи нет;наблюдаем;нет живой закупки;7.30;;;;0.00;0;0;0;0;0;0;0;1;0;0;
470315141;35497479;⬜ маржи нет;наблюдаем;нет живой закупки;7.30;;;;0.00;0;0;0;0;0;0;0;1;0;0;
323182587;36459468;⬜ маржи нет;наблюдаем;нет живой закупки;7.30;;;;0.00;0;0;0;0;0;0;0;2;0;1;
323343227;35514511;⬜ маржи нет;наблюдаем;нет живой закупки;7.30;;;;0.00;0;0;0;0;0;0;0;2;0;0;
313183128;36462624;⬜ маржи нет;наблюдаем;нет живой закупки;8.00;;;;16.00;0;0;0;0;0;0;0;17;2;8;
323115205;36459468;⬜ маржи нет;наблюдаем;нет живой закупки;7.30;;;;0.00;0;0;0;0;0;0;0;1;0;0;
313183597;36463324;⬜ маржи нет;наблюдаем;нет живой закупки;7.30;;;;0.00;0;0;0;0;0;0;0;5;0;0;
323326240;35498462;⬜ маржи нет;наблюдаем;нет живой закупки;7.30;;;;0.00;0;0;0;0;0;0;0;2;0;0;
923505889;35497681;⬜ маржи нет;наблюдаем;нет живой закупки;7.30;;;;7.30;0;0;0;0;0;0;0;5;1;1;
923537199;35497681;⬜ маржи нет;наблюдаем;нет живой закупки;7.30;;;;0.00;0;0;0;0;0;0;0;4;0;0;
324980061;35509833;⬜ маржи нет;наблюдаем;нет живой закупки;7.30;;;;0.00;0;0;0;0;0;0;0;2;0;0;
323348325;35499128;⬜ маржи нет;наблюдаем;нет живой закупки;7.30;;;;0.00;0;0;0;0;0;0;0;1;0;0;
324993822;35512317;⬜ маржи нет;наблюдаем;нет живой закупки;7.30;;;;0.00;0;0;0;0;0;0;0;11;0;0;
323251086;35514511;⬜ маржи нет;наблюдаем;нет живой закупки;7.30;;;;0.00;0;0;0;0;0;0;0;2;0;0;
313193296;36459468;⬜ маржи нет;наблюдаем;нет живой закупки;7.30;;;;0.00;0;0;0;0;0;0;0;1;0;0;
323227962;36459894;⬜ маржи нет;наблюдаем;нет живой закупки;7.30;;;;0.00;0;0;0;0;0;0;0;1;0;0;
323341908;35514511;⬜ маржи нет;наблюдаем;нет живой закупки;7.30;;;;0.00;0;0;0;0;0;0;0;2;0;0;
923537184;35497681;⬜ маржи нет;наблюдаем;нет живой закупки;7.30;;;;0.00;0;0;0;0;0;0;0;6;0;0;
323114739;36463324;⬜ маржи нет;наблюдаем;нет живой закупки;7.30;;;;0.00;0;0;0;0;0;0;0;5;0;0;
324989274;36458948;⬜ маржи нет;наблюдаем;нет живой закупки;7.30;;;;0.00;0;0;0;0;0;0;0;4;0;0;
465012443;36460888;⬜ маржи нет;наблюдаем;нет живой закупки;7.30;;;;0.00;0;0;0;0;0;0;0;1;0;0;
890942638;35501262;⬜ маржи нет;наблюдаем;нет живой закупки;7.30;;;;0.00;0;0;0;0;0;0;0;2;0;0;
323348795;35508987;⬜ маржи нет;наблюдаем;нет живой закупки;7.30;;;;0.00;0;0;0;0;0;0;0;5;0;0;
801178799;35509833;⬜ маржи нет;наблюдаем;нет живой закупки;7.30;;;;0.00;0;0;0;0;0;1;0;1;0;0;
323341418;35514926;⬜ маржи нет;наблюдаем;нет живой закупки;7.30;;;;0.00;0;0;0;0;0;0;0;1;0;0;
915072538;35498621;⬜ маржи нет;наблюдаем;нет живой закупки;7.30;;;;0.00;0;0;0;0;0;0;0;1;0;0;
917785921;35498621;⬜ маржи нет;наблюдаем;нет живой закупки;7.30;;;;0.00;0;0;0;0;0;0;0;2;0;0;
323349463;35512936;⬜ маржи нет;наблюдаем;нет живой закупки;7.30;;;;0.00;0;0;0;0;0;0;0;1;0;2;
871751724;35507256;⬜ маржи нет;наблюдаем;нет живой закупки;7.30;;;;0.00;0;0;0;0;0;0;0;6;0;0;
915111669;35498621;⬜ маржи нет;наблюдаем;нет живой закупки;7.30;;;;0.00;0;0;0;0;0;0;0;1;0;0;
323119266;35588483;⬜ маржи нет;наблюдаем;нет живой закупки;7.30;;;;0.00;0;0;0;0;0;0;0;1;0;0;
323356324;35499128;⬜ маржи нет;наблюдаем;нет живой закупки;7.30;;;;0.00;0;0;0;0;0;0;0;1;0;0;
869377145;35497916;⬜ маржи нет;наблюдаем;нет живой закупки;7.30;;;;0.00;0;0;0;0;0;0;0;1;0;0;
497905905;35507796;⬜ маржи нет;наблюдаем;нет живой закупки;7.30;;;;0.00;0;0;0;0;0;0;0;1;0;0;
914742613;35498621;⬜ маржи нет;наблюдаем;нет живой закупки;7.30;;;;0.00;0;0;0;0;0;0;0;1;0;0;
506622916;35498926;⬜ маржи нет;наблюдаем;нет живой закупки;7.30;;;;0.00;0;0;0;0;0;0;0;1;0;0;
464988577;35495292;⬜ маржи нет;наблюдаем;нет живой закупки;7.30;;;;0.00;0;0;0;0;0;0;0;1;0;0;
313183157;36462624;⬜ маржи нет;наблюдаем;нет живой закупки;7.30;;;;0.00;0;0;0;0;0;0;0;1;0;2;
323090302;36460596;⬜ маржи нет;наблюдаем;нет живой закупки;7.30;;;;0.00;0;0;0;0;0;0;0;1;0;0;
492767779;35495292;⬜ маржи нет;наблюдаем;нет живой закупки;7.30;;;;0.00;0;0;0;0;0;0;0;1;0;0;
323226406;35512936;⬜ маржи нет;наблюдаем;нет живой закупки;7.30;;;;0.00;0;0;0;0;0;0;0;72;0;0;
507535867;36462624;⬜ маржи нет;наблюдаем;нет живой закупки;7.30;;;;0.00;0;0;0;0;0;0;0;12;0;1;
502944281;35505900;⬜ маржи нет;наблюдаем;нет живой закупки;7.30;;;;0.00;0;0;0;0;0;0;0;3;0;0;
324980155;36463324;⬜ маржи нет;наблюдаем;нет живой закупки;7.30;;;;0.00;0;0;0;0;0;0;0;2;0;0;
313185121;36462624;⬜ маржи нет;наблюдаем;нет живой закупки;7.30;;;;0.00;0;0;0;0;0;0;0;60;0;0;
324991729;35512642;⬜ маржи нет;наблюдаем;нет живой закупки;7.30;;;;0.00;0;0;0;0;0;0;0;1;0;0;
709634881;35495292;⬜ маржи нет;наблюдаем;нет живой закупки;7.30;;;;0.00;0;0;0;0;0;0;0;1;0;0;
471500988;35497916;⬜ маржи нет;наблюдаем;нет живой закупки;7.30;;;;0.00;0;0;0;0;0;0;0;2;0;0;
324987453;35513872;⬜ маржи нет;наблюдаем;нет живой закупки;7.30;;;;0.00;0;0;0;0;0;0;0;4;0;0;
323159723;35514926;⬜ маржи нет;наблюдаем;нет живой закупки;7.30;;;;0.00;0;0;0;0;0;0;0;3;0;0;
323349050;35507796;⬜ маржи нет;наблюдаем;нет живой закупки;7.30;;;;0.00;0;0;0;0;0;0;0;8;0;0;
500055493;35510132;⬜ маржи нет;наблюдаем;нет живой закупки;7.30;;;;0.00;0;0;0;0;0;0;0;1;0;0;
868991519;35505900;⬜ маржи нет;наблюдаем;нет живой закупки;7.30;;;;0.00;0;0;0;0;0;0;0;1;0;0;
923532127;35497916;⬜ маржи нет;наблюдаем;нет живой закупки;7.30;;;;0.00;0;0;0;0;0;0;0;1;0;0;
323108081;36460596;⬜ маржи нет;наблюдаем;нет живой закупки;7.30;;;;0.00;0;0;0;0;0;0;0;5;0;0;
323228034;35495292;⬜ маржи нет;наблюдаем;нет живой закупки;7.30;;;;0.00;0;0;0;0;0;0;0;1;0;0;
323347894;35497916;⬜ маржи нет;наблюдаем;нет живой закупки;7.30;;;;0.00;0;0;0;0;0;0;0;16;0;0;
917665806;35498621;⬜ маржи нет;наблюдаем;нет живой закупки;7.30;;;;0.00;0;0;0;0;0;0;0;1;0;0;
324989433;35513491;⬜ маржи нет;наблюдаем;нет живой закупки;7.30;;;;0.00;0;0;0;0;0;0;0;2;0;0;
871751164;35506296;⬜ маржи нет;наблюдаем;нет живой закупки;7.30;;;;0.00;0;0;0;0;0;0;0;4;0;0;
313185208;35510132;⬜ маржи нет;наблюдаем;нет живой закупки;7.30;;;;0.00;0;0;0;0;0;0;0;4;0;4;
464999831;35511919;⬜ маржи нет;наблюдаем;нет живой закупки;7.30;;;;0.00;0;0;0;0;0;0;0;5;0;0;
324992875;36463324;⬜ маржи нет;наблюдаем;нет живой закупки;7.30;;;;0.00;0;0;0;0;0;0;0;1;0;0;
313196167;35514511;⬜ маржи нет;наблюдаем;нет живой закупки;7.30;;;;0.00;0;0;0;0;0;0;0;1;0;0;
555384659;35499128;⬜ маржи нет;наблюдаем;нет живой закупки;7.30;;;;0.00;0;0;0;0;0;0;0;1;0;0;
868992269;35507796;⬜ маржи нет;наблюдаем;нет живой закупки;7.30;;;;0.00;0;0;0;0;0;0;0;6;0;0;
434791868;35512317;⬜ маржи нет;наблюдаем;нет живой закупки;7.30;;;;0.00;0;0;0;0;0;0;0;1;0;0;
324995582;35495292;⬜ маржи нет;наблюдаем;нет живой закупки;7.30;;;;0.00;0;0;0;0;0;0;0;1;0;0;
323348782;36463324;⬜ маржи нет;наблюдаем;нет живой закупки;7.30;;;;0.00;0;0;0;0;0;0;0;1;0;1;
313213776;35510132;⬜ маржи нет;наблюдаем;нет живой закупки;7.30;;;;0.00;0;0;0;0;0;0;0;6;0;1;
323108126;36460596;⬜ маржи нет;наблюдаем;нет живой закупки;7.30;;;;0.00;0;0;0;0;0;0;0;4;0;0;
471100886;35511919;⬜ маржи нет;наблюдаем;нет живой закупки;7.30;;;;0.00;0;0;0;0;0;0;0;1;0;0;
966023762;36463324;⬜ маржи нет;наблюдаем;нет живой закупки;7.30;;;;0.00;0;0;0;0;0;0;0;1;0;0;
323216780;36459894;⬜ маржи нет;наблюдаем;нет живой закупки;7.30;;;;0.00;0;0;0;0;0;0;0;1;0;1;
313214612;35510132;⬜ маржи нет;наблюдаем;нет живой закупки;7.30;;;;0.00;0;0;0;0;0;0;0;1;0;0;
323194338;35513180;⬜ маржи нет;наблюдаем;нет живой закупки;8.80;;;;8.80;0;0;0;0;0;0;0;20;1;3;
313184345;35510132;⬜ маржи нет;наблюдаем;нет живой закупки;7.30;;;;0.00;0;0;0;0;0;0;0;14;0;4;
791744190;35507796;⬜ маржи нет;наблюдаем;нет живой закупки;7.30;;;;0.00;0;0;0;0;0;0;0;1;0;0;
886544304;35501886;⬜ маржи нет;наблюдаем;нет живой закупки;7.30;;;;0.00;0;0;0;0;0;0;0;1;0;1;
323349713;35500111;⬜ маржи нет;наблюдаем;нет живой закупки;7.30;;;;7.30;0;0;0;0;0;0;0;1;1;2;
313193411;35495292;⬜ маржи нет;наблюдаем;нет живой закупки;7.30;;;;0.00;0;0;0;0;0;0;0;3;0;0;
496139830;35495292;⬜ маржи нет;наблюдаем;нет живой закупки;7.30;;;;0.00;0;0;0;0;0;0;0;3;0;4;
323348808;35513180;⬜ маржи нет;наблюдаем;нет живой закупки;7.30;;;;0.00;0;0;0;0;0;0;0;2;0;0;
323339321;36460888;⬜ маржи нет;наблюдаем;нет живой закупки;7.30;;;;0.00;0;0;0;0;0;0;0;2;0;0;
313195493;35514926;⬜ маржи нет;наблюдаем;нет живой закупки;7.30;;;;0.00;0;0;0;0;0;0;2;1;0;4;
543982639;35505545;⬜ маржи нет;наблюдаем;нет живой закупки;7.30;;;;0.00;0;0;0;0;0;0;0;1;0;0;
343239798;35511919;⬜ маржи нет;наблюдаем;нет живой закупки;7.30;;;;0.00;0;0;0;0;0;0;0;3;0;0;
807380528;35513491;⬜ маржи нет;наблюдаем;нет живой закупки;7.30;;;;0.00;0;0;0;0;0;0;1;4;0;4;
435041518;36463324;⬜ маржи нет;наблюдаем;нет живой закупки;7.30;;;;0.00;0;0;0;0;0;0;0;2;0;0;
323162258;35514926;⬜ маржи нет;наблюдаем;нет живой закупки;7.30;;;;0.00;0;0;0;0;0;0;0;1;0;0;
324987851;36458948;⬜ маржи нет;наблюдаем;нет живой закупки;7.30;;;;7.30;0;0;0;0;0;0;0;4;1;2;
324994944;36463324;⬜ маржи нет;наблюдаем;нет живой закупки;7.30;;;;0.00;0;0;0;0;0;0;0;3;0;3;
923424357;35497479;⬜ маржи нет;наблюдаем;нет живой закупки;7.30;;;;0.00;0;0;0;0;0;0;0;2;0;0;
324995891;36460888;⬜ маржи нет;наблюдаем;нет живой закупки;7.30;;;;7.30;0;0;0;0;0;0;0;4;1;1;
324994079;35512317;⬜ маржи нет;наблюдаем;нет живой закупки;7.30;;;;0.00;0;0;0;0;0;0;0;3;0;0;
914676867;35497479;⬜ маржи нет;наблюдаем;нет живой закупки;7.30;;;;0.00;0;0;0;0;0;0;0;4;0;0;
868936654;35507796;⬜ маржи нет;наблюдаем;нет живой закупки;7.30;;;;0.00;0;0;0;0;0;0;0;1;0;0;
324987761;35513872;⬜ маржи нет;наблюдаем;нет живой закупки;7.30;;;;0.00;0;0;0;0;0;0;0;1;0;0;
323348874;35507796;⬜ маржи нет;наблюдаем;нет живой закупки;7.30;;;;0.00;0;0;0;0;0;0;0;2;0;0;
502006453;35505900;⬜ маржи нет;наблюдаем;нет живой закупки;7.30;;;;0.00;0;0;0;0;0;0;0;1;0;0;
501426779;35497479;⬜ маржи нет;наблюдаем;нет живой закупки;7.30;;;;0.00;0;0;0;0;0;0;0;1;0;0;
807406548;35512317;⬜ маржи нет;наблюдаем;нет живой закупки;7.30;;;;7.30;0;0;0;0;0;0;0;2;1;1;
842224096;35513872;⬜ маржи нет;наблюдаем;нет живой закупки;7.30;;;;0.00;0;0;0;0;0;0;0;1;0;0;
865618240;35508061;⬜ маржи нет;наблюдаем;нет живой закупки;7.30;;;;0.00;0;0;0;0;0;0;0;2;0;0;
496139892;35510132;⬜ маржи нет;наблюдаем;нет живой закупки;7.30;;;;0.00;0;0;0;0;0;0;0;7;0;0;
323092362;35512317;⬜ маржи нет;наблюдаем;нет живой закупки;7.30;;;;0.00;0;0;0;0;0;0;0;2;0;0;
313194958;36459301;⬜ маржи нет;наблюдаем;нет живой закупки;7.30;;;;0.00;0;0;0;0;0;0;0;3;0;0;
323345168;35513491;⬜ маржи нет;наблюдаем;нет живой закупки;7.30;;;;0.00;0;0;0;0;0;0;0;1;0;0;
323090707;35509833;⬜ маржи нет;наблюдаем;нет живой закупки;7.30;;;;0.00;0;0;0;0;0;0;0;1;0;0;
865619207;35508061;⬜ маржи нет;наблюдаем;нет живой закупки;7.30;;;;0.00;0;0;0;0;0;0;0;1;0;0;
435044607;35509833;⬜ маржи нет;наблюдаем;нет живой закупки;7.30;;;;14.60;0;0;0;0;0;0;0;61;2;3;
886547451;35501886;⬜ маржи нет;наблюдаем;нет живой закупки;7.30;;;;0.00;0;0;0;0;0;0;0;1;0;0;
323155505;35509833;⬜ маржи нет;наблюдаем;нет живой закупки;7.30;;;;0.00;0;0;0;0;0;0;0;33;0;0;
323146085;35514220;⬜ маржи нет;наблюдаем;нет живой закупки;7.30;;;;0.00;0;0;0;0;0;0;0;3;0;0;
452340677;35512317;⬜ маржи нет;наблюдаем;нет живой закупки;7.30;;;;0.00;0;0;0;0;0;0;0;1;0;0;
323291427;36459468;⬜ маржи нет;наблюдаем;нет живой закупки;7.30;;;;0.00;0;0;0;0;0;0;0;1;0;0;
323189539;36459301;⬜ маржи нет;наблюдаем;нет живой закупки;7.30;;;;0.00;0;0;0;0;0;0;0;2;0;0;
323344630;36458948;⬜ маржи нет;наблюдаем;нет живой закупки;7.30;;;;0.00;0;0;0;0;0;0;0;5;0;0;
323089871;36460596;⬜ маржи нет;наблюдаем;нет живой закупки;7.30;;;;0.00;0;0;0;0;0;0;0;1;0;0;
397296220;35511919;⬜ маржи нет;наблюдаем;нет живой закупки;7.30;;;;0.00;0;0;0;0;0;0;0;1;0;0;
497409512;35498926;⬜ маржи нет;наблюдаем;нет живой закупки;7.30;;;;0.00;0;0;0;0;0;0;0;3;0;0;
323349950;35512642;⬜ маржи нет;наблюдаем;нет живой закупки;7.30;;;;0.00;0;0;0;0;0;0;0;4;0;0;
878760074;35503414;⬜ маржи нет;наблюдаем;нет живой закупки;7.30;;;;0.00;0;0;0;0;0;0;0;7;0;0;
323340776;36459468;⬜ маржи нет;наблюдаем;нет живой закупки;7.30;;;;0.00;0;0;0;0;0;0;0;2;0;0;
882865363;35498781;⬜ маржи нет;наблюдаем;нет живой закупки;7.30;;;;0.00;0;0;0;0;0;0;0;25;0;0;
323121915;35513872;⬜ маржи нет;наблюдаем;нет живой закупки;7.30;;;;0.00;0;0;0;0;0;0;0;1;0;0;
435045489;35513180;⬜ маржи нет;наблюдаем;нет живой закупки;7.30;;;;0.00;0;0;0;0;0;0;1;1;0;2;
323359842;35512936;⬜ маржи нет;наблюдаем;нет живой закупки;7.30;;;;0.00;0;0;0;0;0;0;0;2;0;0;
313190889;35512642;⬜ маржи нет;наблюдаем;нет живой закупки;7.30;;;;0.00;0;0;0;0;0;0;0;4;0;2;
506621738;35510132;⬜ маржи нет;наблюдаем;нет живой закупки;7.30;;;;0.00;0;0;0;0;0;0;0;2;0;0;
502900180;35505900;⬜ маржи нет;наблюдаем;нет живой закупки;7.30;;;;0.00;0;0;0;0;0;0;0;1;0;0;
868922882;35507796;⬜ маржи нет;наблюдаем;нет живой закупки;7.30;;;;0.00;0;0;0;0;0;0;0;2;0;0;
323229433;36460888;⬜ маржи нет;наблюдаем;нет живой закупки;7.30;;;;0.00;0;0;0;0;0;0;0;17;0;0;
867183525;35507796;⬜ маржи нет;наблюдаем;нет живой закупки;7.30;;;;0.00;0;0;0;0;0;0;0;1;0;0;
313184245;36459301;⬜ маржи нет;наблюдаем;нет живой закупки;7.30;;;;0.00;0;0;0;0;0;0;0;8;0;0;
313191771;36462624;⬜ маржи нет;наблюдаем;нет живой закупки;7.30;;;;7.30;0;0;0;0;0;0;1;4;1;3;
323090679;35495292;⬜ маржи нет;наблюдаем;нет живой закупки;7.30;;;;0.00;0;0;0;0;0;0;0;2;0;0;
498076826;35510132;⬜ маржи нет;наблюдаем;нет живой закупки;7.30;;;;0.00;0;0;0;0;0;0;0;1;0;0;
865683717;35508061;⬜ маржи нет;наблюдаем;нет живой закупки;7.30;;;;0.00;0;0;0;0;0;0;0;1;0;0;
343240230;35511919;⬜ маржи нет;наблюдаем;нет живой закупки;7.30;;;;0.00;0;0;0;0;0;0;0;2;0;0;
