account,sku,campaign,bid_now,reason
oz_acc1,1003270685,от 10000 до 500 тыс,13.0,нет продаж 90 дн
oz_acc1,1003270787,от 10000 до 500 тыс,12.0,нет маржи и нет продаж 90 дн
oz_acc1,1003270833,Эксперимент1,8.0,нет маржи и нет продаж 90 дн
oz_acc1,1043864490,Эксперимент1,8.0,нет маржи и нет продаж 90 дн
oz_acc1,1103307108,от 5000 до 10000,12.0,нет маржи и нет продаж 90 дн
oz_acc1,1129396111,Эксперимент1,8.0,нет продаж 90 дн
oz_acc1,1129396134,Эксперимент1,8.0,нет маржи и нет продаж 90 дн
oz_acc1,1131187118,от 5000 до 10000,12.0,нет маржи и нет продаж 90 дн
oz_acc1,1131187119,от 10000 до 500 тыс,12.0,нет продаж 90 дн
oz_acc1,1131187123,Эксперимент1,8.0,нет маржи и нет продаж 90 дн
oz_acc1,1131187176,Пустые РК,12.0,нет продаж 90 дн
oz_acc1,1131187187,от 10000 до 500 тыс,12.0,нет маржи и нет продаж 90 дн
oz_acc1,1131187355,от 10000 до 500 тыс,12.0,нет продаж 90 дн
oz_acc1,1131187451,от 10000 до 500 тыс,12.0,нет продаж 90 дн
oz_acc1,1131187506,от 10000 до 500 тыс,12.0,нет продаж 90 дн
oz_acc1,1131187506,Пустые РК,12.0,нет продаж 90 дн
oz_acc1,1131187836,от 10000 до 500 тыс,12.0,нет маржи и нет продаж 90 дн
oz_acc1,1131187921,от 10000 до 500 тыс,12.0,нет продаж 90 дн
oz_acc1,1131187953,от 10000 до 500 тыс,12.0,нет продаж 90 дн
oz_acc1,1131187953,Эксперимент1,8.0,нет продаж 90 дн
oz_acc1,1131188002,Эксперимент1,8.0,нет маржи и нет продаж 90 дн
oz_acc1,1134975888,Эксперимент1,8.0,нет продаж 90 дн
oz_acc1,1134975943,от 2000 до 5000,12.0,нет маржи и нет продаж 90 дн
oz_acc1,1134976033,Эксперимент1,8.0,нет продаж 90 дн
oz_acc1,1134976209,от 2000 до 5000,12.0,нет маржи и нет продаж 90 дн
oz_acc1,1134976249,от 2000 до 5000,12.0,нет маржи и нет продаж 90 дн
oz_acc1,1134976310,от 2000 до 5000,12.0,нет маржи и нет продаж 90 дн
oz_acc1,1134976330,от 10000 до 500 тыс,12.0,нет маржи и нет продаж 90 дн
oz_acc1,1134976352,Эксперимент1,8.0,нет маржи и нет продаж 90 дн
oz_acc1,1134976395,Эксперимент1,8.0,нет продаж 90 дн
oz_acc1,1134976428,от 2000 до 5000,12.0,нет продаж 90 дн
oz_acc1,1134976513,от 2000 до 5000,12.0,нет маржи и нет продаж 90 дн
oz_acc1,1134976523,от 1000-2000,10.0,нет маржи и нет продаж 90 дн
oz_acc1,1134976554,от 2000 до 5000,12.0,нет маржи и нет продаж 90 дн
oz_acc1,1134976557,Эксперимент1,8.0,нет маржи и нет продаж 90 дн
oz_acc1,1134976561,от 2000 до 5000,12.0,нет маржи и нет продаж 90 дн
oz_acc1,1134976716,Эксперимент1,8.0,нет продаж 90 дн
oz_acc1,1134976750,Эксперимент1,8.0,нет маржи и нет продаж 90 дн
oz_acc1,1134976774,Эксперимент1,8.0,нет маржи и нет продаж 90 дн
oz_acc1,1135024178,Эксперимент1,8.0,нет продаж 90 дн
oz_acc1,1137065664,Эксперимент1,8.0,нет маржи и нет продаж 90 дн
oz_acc1,1137065683,Эксперимент1,8.0,нет маржи и нет продаж 90 дн
oz_acc1,1137065735,Эксперимент1,8.0,нет продаж 90 дн
oz_acc1,1137065756,Эксперимент1,8.0,нет маржи и нет продаж 90 дн
oz_acc1,1137065803,Эксперимент1,8.0,нет продаж 90 дн
oz_acc1,1137065906,Эксперимент1,8.0,нет продаж 90 дн
oz_acc1,1137065958,Эксперимент1,8.0,нет продаж 90 дн
oz_acc1,1137066020,Эксперимент1,8.0,нет маржи и нет продаж 90 дн
oz_acc1,1137066102,Эксперимент1,8.0,нет продаж 90 дн
oz_acc1,1137066132,от 10000 до 500 тыс,12.0,нет маржи и нет продаж 90 дн
oz_acc1,1137066155,от 10000 до 500 тыс,12.0,нет маржи и нет продаж 90 дн
oz_acc1,1137066179,Эксперимент1,8.0,нет маржи и нет продаж 90 дн
oz_acc1,1137066193,от 2000 до 5000,12.0,нет продаж 90 дн
oz_acc1,1137066202,Эксперимент1,8.0,нет продаж 90 дн
oz_acc1,1137066213,Эксперимент1,8.0,нет маржи и нет продаж 90 дн
oz_acc1,1137066236,Эксперимент1,8.0,нет маржи и нет продаж 90 дн
oz_acc1,1137066257,Эксперимент1,8.0,нет продаж 90 дн
oz_acc1,1137066261,Эксперимент1,8.0,нет продаж 90 дн
oz_acc1,1137066300,от 5000 до 10000,12.0,нет продаж 90 дн
oz_acc1,1137066415,Эксперимент1,8.0,нет маржи и нет продаж 90 дн
oz_acc1,1137066513,от 10000 до 500 тыс,12.0,нет продаж 90 дн
oz_acc1,1137066513,Эксперимент1,8.0,нет продаж 90 дн
oz_acc1,1137070597,Пустые РК,12.0,нет маржи и нет продаж 90 дн
oz_acc1,1139101677,Эксперимент1,7.0,нет маржи и нет продаж 90 дн
oz_acc1,1139101728,от 5000 до 10000,12.0,нет продаж 90 дн
oz_acc1,1139101837,от 10000 до 500 тыс,12.0,нет продаж 90 дн
oz_acc1,1139196058,от 10000 до 500 тыс,12.0,нет продаж 90 дн
oz_acc1,1141050667,Эксперимент1,8.0,нет продаж 90 дн
oz_acc1,1141050716,от 10000 до 500 тыс,12.0,нет продаж 90 дн
oz_acc1,1141050724,Пустые РК,12.0,нет маржи и нет продаж 90 дн
oz_acc1,1141050731,Эксперимент1,8.0,нет маржи и нет продаж 90 дн
oz_acc1,1141050735,Эксперимент1,8.0,нет продаж 90 дн
oz_acc1,1141050805,от 5000 до 10000,12.0,нет маржи и нет продаж 90 дн
oz_acc1,1141050827,Эксперимент1,8.0,нет продаж 90 дн
oz_acc1,1141050829,от 10000 до 500 тыс,12.0,нет маржи и нет продаж 90 дн
oz_acc1,1141050853,Пустые РК,12.0,нет продаж 90 дн
oz_acc1,1141050869,от 10000 до 500 тыс,12.0,нет продаж 90 дн
oz_acc1,1141050873,от 2000 до 5000,12.0,нет маржи и нет продаж 90 дн
oz_acc1,1141050875,Эксперимент1,8.0,нет маржи и нет продаж 90 дн
oz_acc1,1141050881,Эксперимент1,8.0,нет продаж 90 дн
oz_acc1,1141050936,от 10000 до 500 тыс,12.0,нет маржи и нет продаж 90 дн
oz_acc1,1141051001,от 2000 до 5000,12.0,нет продаж 90 дн
oz_acc1,1141051001,Эксперимент1,8.0,нет продаж 90 дн
oz_acc1,1141051011,Эксперимент1,8.0,нет маржи и нет продаж 90 дн
oz_acc1,1141051041,от 10000 до 500 тыс,12.0,нет маржи и нет продаж 90 дн
oz_acc1,1141051044,от 10000 до 500 тыс,12.0,нет маржи и нет продаж 90 дн
oz_acc1,1141051070,от 10000 до 500 тыс,12.0,нет маржи и нет продаж 90 дн
oz_acc1,1141051099,Пустые РК,12.0,нет маржи и нет продаж 90 дн
oz_acc1,1141051339,от 5000 до 10000,12.0,нет маржи и нет продаж 90 дн
oz_acc1,1141051363,Эксперимент1,8.0,нет продаж 90 дн
oz_acc1,1141051456,Эксперимент1,8.0,нет продаж 90 дн
oz_acc1,1141052537,от 10000 до 500 тыс,12.0,нет маржи и нет продаж 90 дн
oz_acc1,1143057954,от 5000 до 10000,12.0,нет маржи и нет продаж 90 дн
oz_acc1,1143057968,Эксперимент1,8.0,нет маржи и нет продаж 90 дн
oz_acc1,1143058029,от 5000 до 10000,12.0,нет маржи и нет продаж 90 дн
oz_acc1,1143058029,Эксперимент1,8.0,нет маржи и нет продаж 90 дн
oz_acc1,1143058076,Эксперимент1,8.0,нет продаж 90 дн
oz_acc1,1143058098,от 10000 до 500 тыс,12.0,нет маржи и нет продаж 90 дн
oz_acc1,1143058576,Эксперимент1,8.0,нет маржи и нет продаж 90 дн
oz_acc1,1143059199,Эксперимент1,8.0,нет продаж 90 дн
oz_acc1,1143059234,Эксперимент1,8.0,нет маржи и нет продаж 90 дн
oz_acc1,1143059756,Эксперимент1,8.0,нет продаж 90 дн
oz_acc1,1143060134,Эксперимент1,9.0,нет маржи и нет продаж 90 дн
oz_acc1,1143060194,Эксперимент1,8.0,нет продаж 90 дн
oz_acc1,1143060225,от 10000 до 500 тыс,12.0,нет продаж 90 дн
oz_acc1,1143060335,Эксперимент1,8.0,нет маржи и нет продаж 90 дн
oz_acc1,1143060364,от 10000 до 500 тыс,12.0,нет продаж 90 дн
oz_acc1,1143060605,Эксперимент1,8.0,нет продаж 90 дн
oz_acc1,1143060724,от 10000 до 500 тыс,12.0,нет продаж 90 дн
oz_acc1,1143060962,Эксперимент1,8.0,нет маржи и нет продаж 90 дн
oz_acc1,1143061087,от 10000 до 500 тыс,12.0,нет маржи и нет продаж 90 дн
oz_acc1,1143061185,Эксперимент1,8.0,нет маржи и нет продаж 90 дн
oz_acc1,1143061465,от 10000 до 500 тыс,12.0,нет продаж 90 дн
oz_acc1,1143061530,от 10000 до 500 тыс,12.0,нет продаж 90 дн
oz_acc1,1143061793,Эксперимент1,8.0,нет маржи и нет продаж 90 дн
oz_acc1,1143061849,Эксперимент1,8.0,нет продаж 90 дн
oz_acc1,1143061862,Эксперимент1,8.0,нет маржи и нет продаж 90 дн
oz_acc1,1143062125,от 10000 до 500 тыс,12.0,нет продаж 90 дн
oz_acc1,1143062164,Эксперимент1,8.0,нет маржи и нет продаж 90 дн
oz_acc1,1143062246,от 10000 до 500 тыс,12.0,нет продаж 90 дн
oz_acc1,1143062369,от 10000 до 500 тыс,12.0,нет маржи и нет продаж 90 дн
oz_acc1,1143062434,Эксперимент1,8.0,нет продаж 90 дн
oz_acc1,1143062838,Эксперимент1,8.0,нет маржи и нет продаж 90 дн
oz_acc1,1143062907,от 10000 до 500 тыс,12.0,нет продаж 90 дн
oz_acc1,1143062907,Эксперимент1,8.0,нет продаж 90 дн
oz_acc1,1143063067,Эксперимент1,8.0,нет маржи и нет продаж 90 дн
oz_acc1,1143063110,Эксперимент1,8.0,нет маржи и нет продаж 90 дн
oz_acc1,1143068912,Эксперимент1,8.0,нет маржи и нет продаж 90 дн
oz_acc1,1143069550,от 10000 до 500 тыс,12.0,нет маржи и нет продаж 90 дн
oz_acc1,1146397975,от 10000 до 500 тыс,12.0,нет маржи и нет продаж 90 дн
oz_acc1,1146398171,от 2000 до 5000,12.0,нет продаж 90 дн
oz_acc1,1146702044,от 2000 до 5000,12.0,нет маржи и нет продаж 90 дн
oz_acc1,1150859249,от 2000 до 5000,12.0,нет продаж 90 дн
oz_acc1,1153088960,Эксперимент1,8.0,нет продаж 90 дн
oz_acc1,1153122576,от 2000 до 5000,12.0,нет маржи и нет продаж 90 дн
oz_acc1,1153213979,Эксперимент1,8.0,нет маржи и нет продаж 90 дн
oz_acc1,1153214391,Эксперимент1,8.0,нет маржи и нет продаж 90 дн
oz_acc1,1153214401,Эксперимент1,8.0,нет продаж 90 дн
oz_acc1,1153214475,от 10000 до 500 тыс,12.0,нет продаж 90 дн
oz_acc1,1153214483,Эксперимент1,8.0,нет продаж 90 дн
oz_acc1,1153214608,Эксперимент1,8.0,нет маржи и нет продаж 90 дн
oz_acc1,1153214680,Эксперимент1,8.0,нет маржи и нет продаж 90 дн
oz_acc1,1153214682,Эксперимент1,8.0,нет маржи и нет продаж 90 дн
oz_acc1,1153214702,от 5000 до 10000,12.0,нет продаж 90 дн
oz_acc1,1153214708,от 10000 до 500 тыс,12.0,нет маржи и нет продаж 90 дн
oz_acc1,1153214708,Эксперимент1,8.0,нет маржи и нет продаж 90 дн
oz_acc1,1153214731,Эксперимент1,8.0,нет продаж 90 дн
oz_acc1,1153214807,от 5000 до 10000,12.0,нет маржи и нет продаж 90 дн
oz_acc1,1153214812,Эксперимент1,8.0,нет продаж 90 дн
oz_acc1,1153214957,Эксперимент1,8.0,нет продаж 90 дн
oz_acc1,1153215003,Эксперимент1,8.0,нет продаж 90 дн
oz_acc1,1153215054,Эксперимент1,8.0,нет продаж 90 дн
oz_acc1,1153215379,Эксперимент1,8.0,нет маржи и нет продаж 90 дн
oz_acc1,1153215482,Эксперимент1,8.0,нет маржи и нет продаж 90 дн
oz_acc1,1153215802,от 10000 до 500 тыс,12.0,нет маржи и нет продаж 90 дн
oz_acc1,1153215899,Эксперимент1,8.0,нет продаж 90 дн
oz_acc1,1153216099,от 5000 до 10000,12.0,нет маржи и нет продаж 90 дн
oz_acc1,1153216113,Эксперимент1,8.0,нет маржи и нет продаж 90 дн
oz_acc1,1153216167,от 5000 до 10000,12.0,нет продаж 90 дн
oz_acc1,1153216249,от 10000 до 500 тыс,12.0,нет маржи и нет продаж 90 дн
oz_acc1,1153216296,от 10000 до 500 тыс,12.0,нет продаж 90 дн
oz_acc1,1153216313,Эксперимент1,8.0,нет продаж 90 дн
oz_acc1,1153216412,от 10000 до 500 тыс,12.0,нет продаж 90 дн
oz_acc1,1153216564,от 2000 до 5000,12.0,нет маржи и нет продаж 90 дн
oz_acc1,1153216606,от 10000 до 500 тыс,12.0,нет маржи и нет продаж 90 дн
oz_acc1,1153216617,Эксперимент1,8.0,нет продаж 90 дн
oz_acc1,1153216758,от 10000 до 500 тыс,12.0,нет продаж 90 дн
oz_acc1,1153216784,от 10000 до 500 тыс,12.0,нет продаж 90 дн
oz_acc1,1153216806,Эксперимент1,8.0,нет маржи и нет продаж 90 дн
oz_acc1,1153217239,от 10000 до 500 тыс,12.0,нет маржи и нет продаж 90 дн
oz_acc1,1153217368,Эксперимент1,8.0,нет маржи и нет продаж 90 дн
oz_acc1,1153217429,от 10000 до 500 тыс,12.0,нет продаж 90 дн
oz_acc1,1153217435,Эксперимент1,9.0,нет маржи и нет продаж 90 дн
oz_acc1,1153217437,от 5000 до 10000,12.0,нет маржи и нет продаж 90 дн
oz_acc1,1153217469,от 5000 до 10000,12.0,нет маржи и нет продаж 90 дн
oz_acc1,1153217583,Эксперимент1,8.0,нет маржи и нет продаж 90 дн
oz_acc1,1153217720,от 5000 до 10000,12.0,нет продаж 90 дн
oz_acc1,1153217720,Эксперимент1,8.0,нет продаж 90 дн
oz_acc1,1153217821,от 2000 до 5000,12.0,нет маржи и нет продаж 90 дн
oz_acc1,1153217821,Эксперимент1,9.0,нет маржи и нет продаж 90 дн
oz_acc1,1153217873,от 2000 до 5000,12.0,нет маржи и нет продаж 90 дн
oz_acc1,1153217906,от 0 до 1000,10.0,нет продаж 90 дн
oz_acc1,1153217916,Эксперимент1,8.0,нет продаж 90 дн
oz_acc1,1153217943,Эксперимент1,8.0,нет продаж 90 дн
oz_acc1,1153217950,от 5000 до 10000,12.0,нет маржи и нет продаж 90 дн
oz_acc1,1153218571,от 10000 до 500 тыс,12.0,нет продаж 90 дн
oz_acc1,1153219105,от 1000-2000,10.0,нет продаж 90 дн
oz_acc1,1153219199,от 5000 до 10000,12.0,нет продаж 90 дн
oz_acc1,1153219533,Эксперимент1,8.0,нет маржи и нет продаж 90 дн
oz_acc1,1153219791,от 2000 до 5000,12.0,нет продаж 90 дн
oz_acc1,1153219791,Эксперимент1,8.0,нет продаж 90 дн
oz_acc1,1153219928,от 2000 до 5000,12.0,нет продаж 90 дн
oz_acc1,1153219964,от 5000 до 10000,12.0,нет маржи и нет продаж 90 дн
oz_acc1,1153219983,Эксперимент1,8.0,нет маржи и нет продаж 90 дн
oz_acc1,1153220804,Эксперимент1,8.0,нет продаж 90 дн
oz_acc1,1153220922,Эксперимент1,8.0,нет маржи и нет продаж 90 дн
oz_acc1,1153224507,Эксперимент1,8.0,нет продаж 90 дн
oz_acc1,1153226503,Эксперимент1,8.0,нет продаж 90 дн
oz_acc1,1153228103,Эксперимент1,8.0,нет продаж 90 дн
oz_acc1,1153228245,от 5000 до 10000,12.0,нет продаж 90 дн
oz_acc1,1153229868,от 1000-2000,12.0,нет маржи и нет продаж 90 дн
oz_acc1,1153229872,от 1000-2000,12.0,нет продаж 90 дн
oz_acc1,1153395539,Эксперимент1,8.0,нет маржи и нет продаж 90 дн
oz_acc1,1153396499,от 0 до 1000,10.0,нет маржи и нет продаж 90 дн
oz_acc1,1153396733,от 0 до 1000,10.0,нет продаж 90 дн
oz_acc1,1153396811,от 0 до 1000,10.0,нет продаж 90 дн
oz_acc1,1153396814,от 0 до 1000,10.0,нет маржи и нет продаж 90 дн
oz_acc1,1153405213,от 2000 до 5000,12.0,нет продаж 90 дн
oz_acc1,1153406512,Эксперимент1,8.0,нет маржи и нет продаж 90 дн
oz_acc1,1153408190,от 2000 до 5000,12.0,нет маржи и нет продаж 90 дн
oz_acc1,1153408297,Эксперимент1,8.0,нет маржи и нет продаж 90 дн
oz_acc1,1153408762,Эксперимент1,8.0,нет маржи и нет продаж 90 дн
oz_acc1,1153409601,Эксперимент1,7.0,нет маржи и нет продаж 90 дн
oz_acc1,1153410240,от 1000-2000,11.0,нет маржи и нет продаж 90 дн
oz_acc1,1153410287,от 5000 до 10000,12.0,нет маржи и нет продаж 90 дн
oz_acc1,1153410352,от 5000 до 10000,13.0,нет маржи и нет продаж 90 дн
oz_acc1,1153410360,от 2000 до 5000,12.0,нет продаж 90 дн
oz_acc1,1153412815,Эксперимент1,7.0,нет продаж 90 дн
oz_acc1,1153414614,от 5000 до 10000,12.0,нет маржи и нет продаж 90 дн
oz_acc1,1153414810,от 2000 до 5000,12.0,нет маржи и нет продаж 90 дн
oz_acc1,1153414810,Эксперимент1,8.0,нет маржи и нет продаж 90 дн
oz_acc1,1153414998,от 10000 до 500 тыс,12.0,нет маржи и нет продаж 90 дн
oz_acc1,1153415414,от 10000 до 500 тыс,12.0,нет маржи и нет продаж 90 дн
oz_acc1,1153415414,Эксперимент1,8.0,нет маржи и нет продаж 90 дн
oz_acc1,1153419535,Эксперимент1,8.0,нет маржи и нет продаж 90 дн
oz_acc1,1153439537,Эксперимент1,8.0,нет продаж 90 дн
oz_acc1,1153456939,Пустые РК,13.0,нет маржи и нет продаж 90 дн
oz_acc1,1153459776,Эксперимент1,8.0,нет маржи и нет продаж 90 дн
oz_acc1,1153511170,от 2000 до 5000,12.0,нет продаж 90 дн
oz_acc1,1153650286,от 5000 до 10000,12.0,нет продаж 90 дн
oz_acc1,1153650503,от 10000 до 500 тыс,12.0,нет продаж 90 дн
oz_acc1,1153653110,от 10000 до 500 тыс,12.0,нет продаж 90 дн
oz_acc1,1153654031,от 2000 до 5000,12.0,нет продаж 90 дн
oz_acc1,1153654914,Эксперимент1,8.0,нет маржи и нет продаж 90 дн
oz_acc1,1153654976,от 2000 до 5000,12.0,нет продаж 90 дн
oz_acc1,1153655078,Эксперимент1,8.0,нет маржи и нет продаж 90 дн
oz_acc1,1153655572,Эксперимент1,8.0,нет продаж 90 дн
oz_acc1,1153656749,от 10000 до 500 тыс,12.0,нет продаж 90 дн
oz_acc1,1153659419,от 10000 до 500 тыс,12.0,нет маржи и нет продаж 90 дн
oz_acc1,1153659437,от 10000 до 500 тыс,12.0,нет маржи и нет продаж 90 дн
oz_acc1,1153659540,от 10000 до 500 тыс,12.0,нет продаж 90 дн
oz_acc1,1153659540,Эксперимент1,8.0,нет продаж 90 дн
oz_acc1,1153660249,от 10000 до 500 тыс,12.0,нет продаж 90 дн
oz_acc1,1153660249,Эксперимент1,8.0,нет продаж 90 дн
oz_acc1,1153662151,от 5000 до 10000,12.0,нет продаж 90 дн
oz_acc1,1153662564,от 2000 до 5000,12.0,нет маржи и нет продаж 90 дн
oz_acc1,1153662973,Эксперимент1,8.0,нет продаж 90 дн
oz_acc1,1153663630,Эксперимент1,8.0,нет маржи и нет продаж 90 дн
oz_acc1,1153664005,Эксперимент1,8.0,нет маржи и нет продаж 90 дн
oz_acc1,1153666121,Эксперимент1,8.0,нет продаж 90 дн
oz_acc1,1153666328,Эксперимент1,8.0,нет маржи и нет продаж 90 дн
oz_acc1,1153667062,Эксперимент1,8.0,нет маржи и нет продаж 90 дн
oz_acc1,1153667168,Эксперимент1,8.0,нет маржи и нет продаж 90 дн
oz_acc1,1153667260,Эксперимент1,8.0,нет маржи и нет продаж 90 дн
oz_acc1,1153667499,от 2000 до 5000,12.0,нет маржи и нет продаж 90 дн
oz_acc1,1153668194,от 5000 до 10000,12.0,нет продаж 90 дн
oz_acc1,1153668544,от 5000 до 10000,12.0,нет продаж 90 дн
oz_acc1,1153668799,от 2000 до 5000,12.0,нет маржи и нет продаж 90 дн
oz_acc1,1153669367,Эксперимент1,8.0,нет маржи и нет продаж 90 дн
oz_acc1,1153669493,Эксперимент1,8.0,нет маржи и нет продаж 90 дн
oz_acc1,1153669759,Эксперимент1,9.0,нет продаж 90 дн
oz_acc1,1153669912,Эксперимент1,9.0,нет продаж 90 дн
oz_acc1,1153669925,Эксперимент1,8.0,нет продаж 90 дн
oz_acc1,1153670088,от 5000 до 10000,12.0,нет продаж 90 дн
oz_acc1,1153670128,Эксперимент1,8.0,нет маржи и нет продаж 90 дн
oz_acc1,1153670159,от 5000 до 10000,12.0,нет маржи и нет продаж 90 дн
oz_acc1,1153670228,Эксперимент1,8.0,нет маржи и нет продаж 90 дн
oz_acc1,1153670285,Эксперимент1,8.0,нет продаж 90 дн
oz_acc1,1153670668,от 2000 до 5000,12.0,нет маржи и нет продаж 90 дн
oz_acc1,1153670788,Эксперимент1,8.0,нет маржи и нет продаж 90 дн
oz_acc1,1153670898,Эксперимент1,8.0,нет продаж 90 дн
oz_acc1,1153671069,Эксперимент1,8.0,нет продаж 90 дн
oz_acc1,1153671082,Эксперимент1,8.0,нет маржи и нет продаж 90 дн
oz_acc1,1153671111,Эксперимент1,8.0,нет продаж 90 дн
oz_acc1,1153671139,Эксперимент1,8.0,нет маржи и нет продаж 90 дн
oz_acc1,1153671443,от 5000 до 10000,12.0,нет продаж 90 дн
oz_acc1,1153671690,Эксперимент1,8.0,нет маржи и нет продаж 90 дн
oz_acc1,1153672020,от 5000 до 10000,12.0,нет продаж 90 дн
oz_acc1,1153672895,Эксперимент1,8.0,нет продаж 90 дн
oz_acc1,1153672956,от 5000 до 10000,12.0,нет маржи и нет продаж 90 дн
oz_acc1,1153673552,Эксперимент1,8.0,нет продаж 90 дн
oz_acc1,1153674614,от 10000 до 500 тыс,12.0,нет продаж 90 дн
oz_acc1,1153678576,от 10000 до 500 тыс,12.0,нет продаж 90 дн
oz_acc1,1153679066,Эксперимент1,8.0,нет маржи и нет продаж 90 дн
oz_acc1,1153685825,от 10000 до 500 тыс,12.0,нет продаж 90 дн
oz_acc1,1153696038,Эксперимент1,9.0,нет маржи и нет продаж 90 дн
oz_acc1,1153714692,Пустые РК,12.0,нет продаж 90 дн
oz_acc1,1153716624,Эксперимент1,8.0,нет маржи и нет продаж 90 дн
oz_acc1,1153717315,Эксперимент1,8.0,нет маржи и нет продаж 90 дн
oz_acc1,1153717574,от 10000 до 500 тыс,12.0,нет продаж 90 дн
oz_acc1,1153717748,от 10000 до 500 тыс,12.0,нет продаж 90 дн
oz_acc1,1153717936,от 5000 до 10000,12.0,нет маржи и нет продаж 90 дн
oz_acc1,1153717936,Эксперимент1,8.0,нет маржи и нет продаж 90 дн
oz_acc1,1153718394,Эксперимент1,8.0,нет маржи и нет продаж 90 дн
oz_acc1,1153718889,от 2000 до 5000,12.0,нет продаж 90 дн
oz_acc1,1153718942,от 2000 до 5000,12.0,нет маржи и нет продаж 90 дн
oz_acc1,1153719599,от 10000 до 500 тыс,12.0,нет маржи и нет продаж 90 дн
oz_acc1,1153719599,Эксперимент1,8.0,нет маржи и нет продаж 90 дн
oz_acc1,1153719766,от 10000 до 500 тыс,12.0,нет маржи и нет продаж 90 дн
oz_acc1,1153720330,от 5000 до 10000,12.0,нет продаж 90 дн
oz_acc1,1153720333,от 2000 до 5000,12.0,нет продаж 90 дн
oz_acc1,1153720507,Эксперимент1,8.0,нет маржи и нет продаж 90 дн
oz_acc1,1153720618,Эксперимент1,8.0,нет маржи и нет продаж 90 дн
oz_acc1,1153720736,Эксперимент1,8.0,нет маржи и нет продаж 90 дн
oz_acc1,1153721233,от 5000 до 10000,12.0,нет маржи и нет продаж 90 дн
oz_acc1,1153721322,от 10000 до 500 тыс,12.0,нет маржи и нет продаж 90 дн
oz_acc1,1153722074,Эксперимент1,8.0,нет маржи и нет продаж 90 дн
oz_acc1,1153722514,Эксперимент1,8.0,нет маржи и нет продаж 90 дн
oz_acc1,1153722707,Эксперимент1,8.0,нет продаж 90 дн
oz_acc1,1153722794,Эксперимент1,8.0,нет продаж 90 дн
oz_acc1,1153722796,Эксперимент1,8.0,нет маржи и нет продаж 90 дн
oz_acc1,1153723227,от 5000 до 10000,12.0,нет продаж 90 дн
oz_acc1,1153723334,Эксперимент1,8.0,нет продаж 90 дн
oz_acc1,1153723349,Эксперимент1,8.0,нет маржи и нет продаж 90 дн
oz_acc1,1153723504,Эксперимент1,8.0,нет маржи и нет продаж 90 дн
oz_acc1,1153723702,Эксперимент1,8.0,нет продаж 90 дн
oz_acc1,1153724645,Эксперимент1,8.0,нет маржи и нет продаж 90 дн
oz_acc1,1153724817,от 5000 до 10000,12.0,нет маржи и нет продаж 90 дн
oz_acc1,1153725086,Эксперимент1,8.0,нет продаж 90 дн
oz_acc1,1153725383,от 2000 до 5000,12.0,нет маржи и нет продаж 90 дн
oz_acc1,1153725940,Эксперимент1,8.0,нет маржи и нет продаж 90 дн
oz_acc1,1153727030,Эксперимент1,8.0,нет маржи и нет продаж 90 дн
oz_acc1,1153727400,Эксперимент1,8.0,нет маржи и нет продаж 90 дн
oz_acc1,1153729071,от 5000 до 10000,12.0,нет продаж 90 дн
oz_acc1,1153729183,от 10000 до 500 тыс,12.0,нет маржи и нет продаж 90 дн
oz_acc1,1153730099,Эксперимент1,8.0,нет продаж 90 дн
oz_acc1,1153730338,Эксперимент1,8.0,нет маржи и нет продаж 90 дн
oz_acc1,1153731526,от 2000 до 5000,12.0,нет продаж 90 дн
oz_acc1,1153731902,от 10000 до 500 тыс,12.0,нет продаж 90 дн
oz_acc1,1153731924,от 10000 до 500 тыс,12.0,нет маржи и нет продаж 90 дн
oz_acc1,1153734673,Эксперимент1,8.0,нет продаж 90 дн
oz_acc1,1153736640,от 10000 до 500 тыс,12.0,нет маржи и нет продаж 90 дн
oz_acc1,1153736912,Эксперимент1,8.0,нет продаж 90 дн
oz_acc1,1153739424,Эксперимент1,8.0,нет маржи и нет продаж 90 дн
oz_acc1,1153739429,Эксперимент1,8.0,нет продаж 90 дн
oz_acc1,1153739965,Эксперимент1,8.0,нет маржи и нет продаж 90 дн
oz_acc1,1153740080,Эксперимент1,8.0,нет маржи и нет продаж 90 дн
oz_acc1,1153740082,от 10000 до 500 тыс,12.0,нет маржи и нет продаж 90 дн
oz_acc1,1153740719,Эксперимент1,8.0,нет маржи и нет продаж 90 дн
oz_acc1,1153740968,от 5000 до 10000,12.0,нет продаж 90 дн
oz_acc1,1153741724,от 10000 до 500 тыс,12.0,нет маржи и нет продаж 90 дн
oz_acc1,1153741823,от 10000 до 500 тыс,12.0,нет продаж 90 дн
oz_acc1,1153741837,Эксперимент1,8.0,нет маржи и нет продаж 90 дн
oz_acc1,1153742208,Эксперимент1,8.0,нет продаж 90 дн
oz_acc1,1153742278,Эксперимент1,8.0,нет продаж 90 дн
oz_acc1,1153742679,от 10000 до 500 тыс,12.0,нет продаж 90 дн
oz_acc1,1153742679,Эксперимент1,8.0,нет продаж 90 дн
oz_acc1,1153742886,Пустые РК,12.0,нет продаж 90 дн
oz_acc1,1153745049,от 2000 до 5000,12.0,нет продаж 90 дн
oz_acc1,1153745441,Эксперимент1,9.0,нет продаж 90 дн
oz_acc1,1153746491,от 10000 до 500 тыс,12.0,нет маржи и нет продаж 90 дн
oz_acc1,1153747844,Эксперимент1,8.0,нет маржи и нет продаж 90 дн
oz_acc1,1153749181,Эксперимент1,8.0,нет маржи и нет продаж 90 дн
oz_acc1,1153749299,от 5000 до 10000,12.0,нет маржи и нет продаж 90 дн
oz_acc1,1153749361,от 2000 до 5000,12.0,нет продаж 90 дн
oz_acc1,1153749363,Эксперимент1,8.0,нет маржи и нет продаж 90 дн
oz_acc1,1153750190,от 2000 до 5000,12.0,нет продаж 90 дн
oz_acc1,1153750190,Эксперимент1,8.0,нет продаж 90 дн
oz_acc1,1153750338,от 10000 до 500 тыс,12.0,нет маржи и нет продаж 90 дн
oz_acc1,1153750830,от 5000 до 10000,12.0,нет маржи и нет продаж 90 дн
oz_acc1,1153750954,от 2000 до 5000,12.0,нет маржи и нет продаж 90 дн
oz_acc1,1153750954,Эксперимент1,8.0,нет маржи и нет продаж 90 дн
oz_acc1,1153751254,Пустые РК,12.0,нет маржи и нет продаж 90 дн
oz_acc1,1153751268,от 0 до 1000,10.0,нет продаж 90 дн
oz_acc1,1153751338,Эксперимент1,8.0,нет маржи и нет продаж 90 дн
oz_acc1,1153751339,Эксперимент1,8.0,нет продаж 90 дн
oz_acc1,1153751441,Эксперимент1,8.0,нет продаж 90 дн
oz_acc1,1153751469,от 1000-2000,10.0,нет маржи и нет продаж 90 дн
oz_acc1,1153752044,Эксперимент1,8.0,нет маржи и нет продаж 90 дн
oz_acc1,1153752840,от 5000 до 10000,12.0,нет маржи и нет продаж 90 дн
oz_acc1,1153752937,Эксперимент1,8.0,нет продаж 90 дн
oz_acc1,1153753277,от 0 до 1000,10.0,нет маржи и нет продаж 90 дн
oz_acc1,1153753384,от 1000-2000,12.0,нет продаж 90 дн
oz_acc1,1153753560,от 10000 до 500 тыс,12.0,нет маржи и нет продаж 90 дн
oz_acc1,1153753870,от 10000 до 500 тыс,12.0,нет маржи и нет продаж 90 дн
oz_acc1,1153753873,Эксперимент1,8.0,нет маржи и нет продаж 90 дн
oz_acc1,1153754133,от 10000 до 500 тыс,12.0,нет маржи и нет продаж 90 дн
oz_acc1,1153754606,Эксперимент1,8.0,нет продаж 90 дн
oz_acc1,1153754617,от 2000 до 5000,12.0,нет продаж 90 дн
oz_acc1,1153755078,от 2000 до 5000,12.0,нет продаж 90 дн
oz_acc1,1153755264,от 2000 до 5000,12.0,нет продаж 90 дн
oz_acc1,1153755273,Эксперимент1,8.0,нет маржи и нет продаж 90 дн
oz_acc1,1153755433,от 2000 до 5000,12.0,нет маржи и нет продаж 90 дн
oz_acc1,1153755616,от 2000 до 5000,12.0,нет продаж 90 дн
oz_acc1,1153755627,Эксперимент1,8.0,нет продаж 90 дн
oz_acc1,1153756253,Эксперимент1,8.0,нет продаж 90 дн
oz_acc1,1153756293,от 2000 до 5000,12.0,нет продаж 90 дн
oz_acc1,1153756322,от 2000 до 5000,13.0,нет маржи и нет продаж 90 дн
oz_acc1,1153756322,Эксперимент1,10.0,нет маржи и нет продаж 90 дн
oz_acc1,1153756770,Эксперимент1,8.0,нет маржи и нет продаж 90 дн
oz_acc1,1153757343,Эксперимент1,8.0,нет продаж 90 дн
oz_acc1,1153757398,от 10000 до 500 тыс,12.0,нет маржи и нет продаж 90 дн
oz_acc1,1153757423,от 10000 до 500 тыс,12.0,нет маржи и нет продаж 90 дн
oz_acc1,1153757529,от 10000 до 500 тыс,12.0,нет продаж 90 дн
oz_acc1,1153757549,Эксперимент1,8.0,нет маржи и нет продаж 90 дн
oz_acc1,1153757595,от 0 до 1000,10.0,нет маржи и нет продаж 90 дн
oz_acc1,1153757599,от 2000 до 5000,12.0,нет маржи и нет продаж 90 дн
oz_acc1,1153758021,от 10000 до 500 тыс,12.0,нет продаж 90 дн
oz_acc1,1153758304,Эксперимент1,8.0,нет маржи и нет продаж 90 дн
oz_acc1,1153758359,от 2000 до 5000,12.0,нет продаж 90 дн
oz_acc1,1153759301,от 10000 до 500 тыс,12.0,нет продаж 90 дн
oz_acc1,1153760248,Пустые РК,12.0,нет продаж 90 дн
oz_acc1,1153760775,Пустые РК,12.0,нет продаж 90 дн
oz_acc1,1153761003,от 10000 до 500 тыс,12.0,нет маржи и нет продаж 90 дн
oz_acc1,1153761675,от 10000 до 500 тыс,12.0,нет маржи и нет продаж 90 дн
oz_acc1,1153761995,от 10000 до 500 тыс,12.0,нет маржи и нет продаж 90 дн
oz_acc1,1153764314,от 0 до 1000,10.0,нет маржи и нет продаж 90 дн
oz_acc1,1153764830,Эксперимент1,8.0,нет маржи и нет продаж 90 дн
oz_acc1,1153765331,от 5000 до 10000,12.0,нет продаж 90 дн
oz_acc1,1153765331,Эксперимент1,8.0,нет продаж 90 дн
oz_acc1,1153765466,Эксперимент1,8.0,нет маржи и нет продаж 90 дн
oz_acc1,1153766081,от 2000 до 5000,12.0,нет продаж 90 дн
oz_acc1,1153766373,Эксперимент1,8.0,нет продаж 90 дн
oz_acc1,1153766730,от 10000 до 500 тыс,12.0,нет продаж 90 дн
oz_acc1,1153766839,Эксперимент1,8.0,нет маржи и нет продаж 90 дн
oz_acc1,1153766915,от 2000 до 5000,12.0,нет продаж 90 дн
oz_acc1,1153767114,от 2000 до 5000,12.0,нет продаж 90 дн
oz_acc1,1153767114,Эксперимент1,8.0,нет продаж 90 дн
oz_acc1,1153768476,Эксперимент1,8.0,нет продаж 90 дн
oz_acc1,1153774188,от 2000 до 5000,12.0,нет продаж 90 дн
oz_acc1,1153790122,Эксперимент1,8.0,нет маржи и нет продаж 90 дн
oz_acc1,1153790956,Эксперимент1,8.0,нет маржи и нет продаж 90 дн
oz_acc1,1153791042,от 10000 до 500 тыс,12.0,нет маржи и нет продаж 90 дн
oz_acc1,1153791042,Эксперимент1,8.0,нет маржи и нет продаж 90 дн
oz_acc1,1153791353,Эксперимент1,8.0,нет продаж 90 дн
oz_acc1,1153791443,от 10000 до 500 тыс,12.0,нет маржи и нет продаж 90 дн
oz_acc1,1153791623,от 10000 до 500 тыс,12.0,нет маржи и нет продаж 90 дн
oz_acc1,1153791896,Эксперимент1,8.0,нет маржи и нет продаж 90 дн
oz_acc1,1153791939,Эксперимент1,8.0,нет маржи и нет продаж 90 дн
oz_acc1,1153791953,от 10000 до 500 тыс,12.0,нет продаж 90 дн
oz_acc1,1153791956,от 10000 до 500 тыс,12.0,нет продаж 90 дн
oz_acc1,1153792059,от 10000 до 500 тыс,12.0,нет маржи и нет продаж 90 дн
oz_acc1,1153792059,Эксперимент1,8.0,нет маржи и нет продаж 90 дн
oz_acc1,1153792148,Эксперимент1,8.0,нет продаж 90 дн
oz_acc1,1153792188,Эксперимент1,8.0,нет маржи и нет продаж 90 дн
oz_acc1,1153792450,от 10000 до 500 тыс,12.0,нет продаж 90 дн
oz_acc1,1153792643,от 5000 до 10000,12.0,нет продаж 90 дн
oz_acc1,1153793045,от 10000 до 500 тыс,12.0,нет маржи и нет продаж 90 дн
oz_acc1,1153793204,Эксперимент1,8.0,нет продаж 90 дн
oz_acc1,1153793210,Эксперимент1,8.0,нет продаж 90 дн
oz_acc1,1153793323,Эксперимент1,8.0,нет продаж 90 дн
oz_acc1,1153793429,Эксперимент1,8.0,нет продаж 90 дн
oz_acc1,1153793719,Эксперимент1,8.0,нет продаж 90 дн
oz_acc1,1153794031,от 10000 до 500 тыс,12.0,нет продаж 90 дн
oz_acc1,1153794215,Эксперимент1,8.0,нет маржи и нет продаж 90 дн
oz_acc1,1153794240,Эксперимент1,8.0,нет продаж 90 дн
oz_acc1,1153794410,Эксперимент1,8.0,нет маржи и нет продаж 90 дн
oz_acc1,1153794542,от 10000 до 500 тыс,12.0,нет маржи и нет продаж 90 дн
oz_acc1,1153794676,Эксперимент1,8.0,нет продаж 90 дн
oz_acc1,1153794808,от 10000 до 500 тыс,12.0,нет продаж 90 дн
oz_acc1,1153794886,Эксперимент1,8.0,нет маржи и нет продаж 90 дн
oz_acc1,1153795007,от 10000 до 500 тыс,12.0,нет продаж 90 дн
oz_acc1,1153795181,от 10000 до 500 тыс,12.0,нет продаж 90 дн
oz_acc1,1153795212,от 10000 до 500 тыс,12.0,нет маржи и нет продаж 90 дн
oz_acc1,1153795316,Эксперимент1,8.0,нет маржи и нет продаж 90 дн
oz_acc1,1153795375,от 5000 до 10000,12.0,нет продаж 90 дн
oz_acc1,1153795515,Эксперимент1,8.0,нет маржи и нет продаж 90 дн
oz_acc1,1153795904,от 10000 до 500 тыс,12.0,нет маржи и нет продаж 90 дн
oz_acc1,1153796059,от 10000 до 500 тыс,12.0,нет продаж 90 дн
oz_acc1,1153796155,от 10000 до 500 тыс,12.0,нет продаж 90 дн
oz_acc1,1153796686,Эксперимент1,8.0,нет маржи и нет продаж 90 дн
oz_acc1,1153796936,Эксперимент1,8.0,нет маржи и нет продаж 90 дн
oz_acc1,1153797048,Эксперимент1,8.0,нет маржи и нет продаж 90 дн
oz_acc1,1153797150,от 5000 до 10000,12.0,нет маржи и нет продаж 90 дн
oz_acc1,1153797412,от 10000 до 500 тыс,12.0,нет маржи и нет продаж 90 дн
oz_acc1,1153797649,от 10000 до 500 тыс,12.0,нет продаж 90 дн
oz_acc1,1153797687,от 10000 до 500 тыс,12.0,нет маржи и нет продаж 90 дн
oz_acc1,1153797687,Эксперимент1,8.0,нет маржи и нет продаж 90 дн
oz_acc1,1153798177,от 10000 до 500 тыс,12.0,нет маржи и нет продаж 90 дн
oz_acc1,1153798207,от 10000 до 500 тыс,12.0,нет маржи и нет продаж 90 дн
oz_acc1,1153798207,Эксперимент1,8.0,нет маржи и нет продаж 90 дн
oz_acc1,1153798545,от 2000 до 5000,12.0,нет маржи и нет продаж 90 дн
oz_acc1,1153798545,Эксперимент1,8.0,нет маржи и нет продаж 90 дн
oz_acc1,1153799400,от 5000 до 10000,12.0,нет маржи и нет продаж 90 дн
oz_acc1,1153799408,Эксперимент1,8.0,нет продаж 90 дн
oz_acc1,1153799780,от 10000 до 500 тыс,12.0,нет маржи и нет продаж 90 дн
oz_acc1,1153799780,Эксперимент1,8.0,нет маржи и нет продаж 90 дн
oz_acc1,1153799787,от 10000 до 500 тыс,12.0,нет маржи и нет продаж 90 дн
oz_acc1,1153799855,от 10000 до 500 тыс,12.0,нет продаж 90 дн
oz_acc1,1153799900,Эксперимент1,8.0,нет продаж 90 дн
oz_acc1,1153800028,от 10000 до 500 тыс,13.0,нет маржи и нет продаж 90 дн
oz_acc1,1153800314,от 10000 до 500 тыс,12.0,нет маржи и нет продаж 90 дн
oz_acc1,1153800536,от 2000 до 5000,12.0,нет маржи и нет продаж 90 дн
oz_acc1,1153800615,Эксперимент1,8.0,нет маржи и нет продаж 90 дн
oz_acc1,1153800712,от 5000 до 10000,12.0,нет маржи и нет продаж 90 дн
oz_acc1,1153800828,от 10000 до 500 тыс,12.0,нет маржи и нет продаж 90 дн
oz_acc1,1153800855,от 5000 до 10000,12.0,нет продаж 90 дн
oz_acc1,1153800864,Эксперимент1,8.0,нет маржи и нет продаж 90 дн
oz_acc1,1153801216,от 2000 до 5000,12.0,нет маржи и нет продаж 90 дн
oz_acc1,1153801216,Эксперимент1,8.0,нет маржи и нет продаж 90 дн
oz_acc1,1153801473,Эксперимент1,8.0,нет маржи и нет продаж 90 дн
oz_acc1,1153801594,от 10000 до 500 тыс,12.0,нет маржи и нет продаж 90 дн
oz_acc1,1153801969,Эксперимент1,8.0,нет маржи и нет продаж 90 дн
oz_acc1,1153802283,Эксперимент1,8.0,нет маржи и нет продаж 90 дн
oz_acc1,1153802283,Пустые РК,12.0,нет маржи и нет продаж 90 дн
oz_acc1,1153802593,от 10000 до 500 тыс,12.0,нет продаж 90 дн
oz_acc1,1153802785,Эксперимент1,8.0,нет продаж 90 дн
oz_acc1,1153802885,Эксперимент1,8.0,нет маржи и нет продаж 90 дн
oz_acc1,1153803169,Эксперимент1,8.0,нет продаж 90 дн
oz_acc1,1153803841,от 10000 до 500 тыс,12.0,нет продаж 90 дн
oz_acc1,1153803975,от 5000 до 10000,12.0,нет маржи и нет продаж 90 дн
oz_acc1,1153804074,от 10000 до 500 тыс,12.0,нет маржи и нет продаж 90 дн
oz_acc1,1153804810,от 5000 до 10000,12.0,нет продаж 90 дн
oz_acc1,1153804810,Эксперимент1,8.0,нет продаж 90 дн
oz_acc1,1153805332,от 5000 до 10000,12.0,нет маржи и нет продаж 90 дн
oz_acc1,1153805351,Эксперимент1,8.0,нет продаж 90 дн
oz_acc1,1153805366,Эксперимент1,8.0,нет маржи и нет продаж 90 дн
oz_acc1,1153805594,Эксперимент1,8.0,нет продаж 90 дн
oz_acc1,1153805610,Эксперимент1,8.0,нет продаж 90 дн
oz_acc1,1153806006,Эксперимент1,8.0,нет продаж 90 дн
oz_acc1,1153806470,Эксперимент1,8.0,нет маржи и нет продаж 90 дн
oz_acc1,1153806782,Эксперимент1,8.0,нет маржи и нет продаж 90 дн
oz_acc1,1153806846,от 10000 до 500 тыс,12.0,нет маржи и нет продаж 90 дн
oz_acc1,1153806846,Эксперимент1,8.0,нет маржи и нет продаж 90 дн
oz_acc1,1153807026,Эксперимент1,8.0,нет маржи и нет продаж 90 дн
oz_acc1,1153807103,от 10000 до 500 тыс,12.0,нет маржи и нет продаж 90 дн
oz_acc1,1153807740,от 10000 до 500 тыс,12.0,нет маржи и нет продаж 90 дн
oz_acc1,1153807742,от 2000 до 5000,12.0,нет маржи и нет продаж 90 дн
oz_acc1,1153807752,Эксперимент1,8.0,нет продаж 90 дн
oz_acc1,1153808968,от 5000 до 10000,12.0,нет продаж 90 дн
oz_acc1,1153808968,Эксперимент1,8.0,нет продаж 90 дн
oz_acc1,1153809176,от 2000 до 5000,12.0,нет маржи и нет продаж 90 дн
oz_acc1,1153810035,от 2000 до 5000,12.0,нет маржи и нет продаж 90 дн
oz_acc1,1153810073,Эксперимент1,8.0,нет продаж 90 дн
oz_acc1,1153810096,от 2000 до 5000,12.0,нет продаж 90 дн
oz_acc1,1153810096,Эксперимент1,8.0,нет продаж 90 дн
oz_acc1,1153810424,от 10000 до 500 тыс,12.0,нет маржи и нет продаж 90 дн
oz_acc1,1153811575,Эксперимент1,8.0,нет маржи и нет продаж 90 дн
oz_acc1,1153811577,Эксперимент1,8.0,нет продаж 90 дн
oz_acc1,1153811581,от 2000 до 5000,12.0,нет продаж 90 дн
oz_acc1,1153811581,Эксперимент1,8.0,нет продаж 90 дн
oz_acc1,1153812299,Эксперимент1,8.0,нет продаж 90 дн
oz_acc1,1153812676,Эксперимент1,8.0,нет продаж 90 дн
oz_acc1,1153812973,от 1000-2000,12.0,нет продаж 90 дн
oz_acc1,1153813529,от 10000 до 500 тыс,12.0,нет продаж 90 дн
oz_acc1,1153814126,Эксперимент1,8.0,нет продаж 90 дн
oz_acc1,1153814420,от 2000 до 5000,12.0,нет маржи и нет продаж 90 дн
oz_acc1,1153824075,от 5000 до 10000,12.0,нет маржи и нет продаж 90 дн
oz_acc1,1153825314,Эксперимент1,8.0,нет продаж 90 дн
oz_acc1,1153826334,Эксперимент1,8.0,нет продаж 90 дн
oz_acc1,1153888948,от 1000-2000,10.0,нет маржи и нет продаж 90 дн
oz_acc1,1153907882,Эксперимент1,8.0,нет продаж 90 дн
oz_acc1,1153908044,Эксперимент1,8.0,нет продаж 90 дн
oz_acc1,1153909536,Эксперимент1,8.0,нет продаж 90 дн
oz_acc1,1153913063,Эксперимент1,8.0,нет продаж 90 дн
oz_acc1,1155648730,Эксперимент1,8.0,нет продаж 90 дн
oz_acc1,1155648836,от 2000 до 5000,12.0,нет продаж 90 дн
oz_acc1,1155648852,от 10000 до 500 тыс,12.0,нет маржи и нет продаж 90 дн
oz_acc1,1155648852,Эксперимент1,8.0,нет маржи и нет продаж 90 дн
oz_acc1,1155648852,Пустые РК,12.0,нет маржи и нет продаж 90 дн
oz_acc1,1155648868,Эксперимент1,8.0,нет продаж 90 дн
oz_acc1,1155648881,от 1000-2000,12.0,нет продаж 90 дн
oz_acc1,1155648901,Эксперимент1,8.0,нет продаж 90 дн
oz_acc1,1155648903,Эксперимент1,8.0,нет продаж 90 дн
oz_acc1,1155648965,Эксперимент1,8.0,нет маржи и нет продаж 90 дн
oz_acc1,1155649277,Эксперимент1,8.0,нет маржи и нет продаж 90 дн
oz_acc1,1155649306,Эксперимент1,8.0,нет маржи и нет продаж 90 дн
oz_acc1,1155649346,Эксперимент1,8.0,нет маржи и нет продаж 90 дн
oz_acc1,1155649354,от 10000 до 500 тыс,12.0,нет продаж 90 дн
oz_acc1,1155649354,Эксперимент1,8.0,нет продаж 90 дн
oz_acc1,1155649359,Эксперимент1,8.0,нет маржи и нет продаж 90 дн
oz_acc1,1155649361,от 2000 до 5000,12.0,нет маржи и нет продаж 90 дн
oz_acc1,1155649369,от 10000 до 500 тыс,12.0,нет маржи и нет продаж 90 дн
oz_acc1,1155649380,Эксперимент1,8.0,нет маржи и нет продаж 90 дн
oz_acc1,1155649394,Эксперимент1,8.0,нет продаж 90 дн
oz_acc1,1155649421,от 2000 до 5000,12.0,нет маржи и нет продаж 90 дн
oz_acc1,1155649579,Эксперимент1,8.0,нет продаж 90 дн
oz_acc1,1155649679,Эксперимент1,8.0,нет маржи и нет продаж 90 дн
oz_acc1,1155650760,от 10000 до 500 тыс,12.0,нет маржи и нет продаж 90 дн
oz_acc1,1156701799,Пустые РК,12.0,нет маржи и нет продаж 90 дн
oz_acc1,1156701919,Эксперимент1,8.0,нет продаж 90 дн
oz_acc1,1156703707,от 10000 до 500 тыс,12.0,нет продаж 90 дн
oz_acc1,1158623006,от 10000 до 500 тыс,12.0,нет продаж 90 дн
oz_acc1,1158623062,от 10000 до 500 тыс,12.0,нет маржи и нет продаж 90 дн
oz_acc1,1158623085,от 10000 до 500 тыс,12.0,нет маржи и нет продаж 90 дн
oz_acc1,1158623116,Эксперимент1,8.0,нет маржи и нет продаж 90 дн
oz_acc1,1158623132,Эксперимент1,8.0,нет продаж 90 дн
oz_acc1,1158623148,Эксперимент1,8.0,нет маржи и нет продаж 90 дн
oz_acc1,1158623152,от 10000 до 500 тыс,12.0,нет маржи и нет продаж 90 дн
oz_acc1,1158623209,от 10000 до 500 тыс,12.0,нет маржи и нет продаж 90 дн
oz_acc1,1158623274,Эксперимент1,8.0,нет продаж 90 дн
oz_acc1,1158623329,Эксперимент1,8.0,нет маржи и нет продаж 90 дн
oz_acc1,1158623346,от 10000 до 500 тыс,12.0,нет продаж 90 дн
oz_acc1,1158623424,Эксперимент1,8.0,нет маржи и нет продаж 90 дн
oz_acc1,1158623461,Эксперимент1,8.0,нет продаж 90 дн
oz_acc1,1158623463,Эксперимент1,8.0,нет продаж 90 дн
oz_acc1,1158623485,Эксперимент1,7.0,нет маржи и нет продаж 90 дн
oz_acc1,1158623491,от 0 до 1000,10.0,нет продаж 90 дн
oz_acc1,1158627128,от 5000 до 10000,12.0,нет маржи и нет продаж 90 дн
oz_acc1,1160759373,Эксперимент1,8.0,нет продаж 90 дн
oz_acc1,1160759593,Эксперимент1,8.0,нет продаж 90 дн
oz_acc1,1160759636,Эксперимент1,8.0,нет продаж 90 дн
oz_acc1,1160759637,Эксперимент1,8.0,нет продаж 90 дн
oz_acc1,1160759760,от 5000 до 10000,12.0,нет маржи и нет продаж 90 дн
oz_acc1,1160762020,от 5000 до 10000,12.0,нет продаж 90 дн
oz_acc1,1163040863,от 10000 до 500 тыс,12.0,нет маржи и нет продаж 90 дн
oz_acc1,1163040870,Эксперимент1,8.0,нет продаж 90 дн
oz_acc1,1163040883,Эксперимент1,8.0,нет продаж 90 дн
oz_acc1,1163040895,от 5000 до 10000,12.0,нет маржи и нет продаж 90 дн
oz_acc1,1163040974,от 10000 до 500 тыс,12.0,нет продаж 90 дн
oz_acc1,1163040979,Эксперимент1,8.0,нет продаж 90 дн
oz_acc1,1163040982,от 10000 до 500 тыс,12.0,нет продаж 90 дн
oz_acc1,1163040995,Эксперимент1,8.0,нет продаж 90 дн
oz_acc1,1163041018,Эксперимент1,8.0,нет маржи и нет продаж 90 дн
oz_acc1,1163041021,Эксперимент1,8.0,нет продаж 90 дн
oz_acc1,1163041042,Эксперимент1,8.0,нет продаж 90 дн
oz_acc1,1163041048,Эксперимент1,8.0,нет продаж 90 дн
oz_acc1,1163041057,от 10000 до 500 тыс,12.0,нет маржи и нет продаж 90 дн
oz_acc1,1163041057,Эксперимент1,8.0,нет маржи и нет продаж 90 дн
oz_acc1,1163041060,Эксперимент1,8.0,нет маржи и нет продаж 90 дн
oz_acc1,1163041067,от 10000 до 500 тыс,12.0,нет маржи и нет продаж 90 дн
oz_acc1,1163041073,Эксперимент1,9.0,нет продаж 90 дн
oz_acc1,1163041112,Эксперимент1,8.0,нет продаж 90 дн
oz_acc1,1163041115,Эксперимент1,8.0,нет продаж 90 дн
oz_acc1,1163041132,Эксперимент1,8.0,нет маржи и нет продаж 90 дн
oz_acc1,1163041143,от 5000 до 10000,12.0,нет маржи и нет продаж 90 дн
oz_acc1,1163041157,Эксперимент1,8.0,нет продаж 90 дн
oz_acc1,1163041160,Пустые РК,12.0,нет маржи и нет продаж 90 дн
oz_acc1,1163041176,Эксперимент1,8.0,нет маржи и нет продаж 90 дн
oz_acc1,1163041195,Эксперимент1,8.0,нет продаж 90 дн
oz_acc1,1163041204,от 10000 до 500 тыс,12.0,нет маржи и нет продаж 90 дн
oz_acc1,1163041231,Эксперимент1,8.0,нет продаж 90 дн
oz_acc1,1163041319,Эксперимент1,9.0,нет продаж 90 дн
oz_acc1,1163041377,от 1000-2000,10.0,нет маржи и нет продаж 90 дн
oz_acc1,1163041442,Эксперимент1,8.0,нет продаж 90 дн
oz_acc1,1165086093,от 2000 до 5000,12.0,нет маржи и нет продаж 90 дн
oz_acc1,1165086207,от 10000 до 500 тыс,12.0,нет продаж 90 дн
oz_acc1,1165086377,от 10000 до 500 тыс,12.0,нет маржи и нет продаж 90 дн
oz_acc1,1165086390,Эксперимент1,8.0,нет продаж 90 дн
oz_acc1,1165086528,от 10000 до 500 тыс,12.0,нет маржи и нет продаж 90 дн
oz_acc1,1165086533,от 10000 до 500 тыс,12.0,нет маржи и нет продаж 90 дн
oz_acc1,1165086560,Эксперимент1,8.0,нет продаж 90 дн
oz_acc1,1165086584,Эксперимент1,8.0,нет продаж 90 дн
oz_acc1,1165086598,от 10000 до 500 тыс,12.0,нет продаж 90 дн
oz_acc1,1165086610,от 10000 до 500 тыс,12.0,нет продаж 90 дн
oz_acc1,1165086623,Эксперимент1,8.0,нет продаж 90 дн
oz_acc1,1165086639,Эксперимент1,8.0,нет продаж 90 дн
oz_acc1,1165086679,Эксперимент1,8.0,нет продаж 90 дн
oz_acc1,1165086683,от 10000 до 500 тыс,12.0,нет продаж 90 дн
oz_acc1,1165086778,от 10000 до 500 тыс,12.0,нет продаж 90 дн
oz_acc1,1165087220,от 10000 до 500 тыс,12.0,нет маржи и нет продаж 90 дн
oz_acc1,1165087256,Эксперимент1,8.0,нет маржи и нет продаж 90 дн
oz_acc1,1165087280,от 10000 до 500 тыс,12.0,нет маржи и нет продаж 90 дн
oz_acc1,1165087280,Эксперимент1,8.0,нет маржи и нет продаж 90 дн
oz_acc1,1165191811,от 10000 до 500 тыс,12.0,нет маржи и нет продаж 90 дн
oz_acc1,1165191811,Эксперимент1,8.0,нет маржи и нет продаж 90 дн
oz_acc1,1165541062,от 10000 до 500 тыс,12.0,нет продаж 90 дн
oz_acc1,1165541062,Эксперимент1,8.0,нет продаж 90 дн
oz_acc1,1167177409,от 5000 до 10000,12.0,нет маржи и нет продаж 90 дн
oz_acc1,1167177468,от 10000 до 500 тыс,12.0,нет продаж 90 дн
oz_acc1,1167177754,Эксперимент1,8.0,нет маржи и нет продаж 90 дн
oz_acc1,1167177789,от 10000 до 500 тыс,12.0,нет маржи и нет продаж 90 дн
oz_acc1,1167177851,Эксперимент1,8.0,нет продаж 90 дн
oz_acc1,1167177873,Эксперимент1,8.0,нет продаж 90 дн
oz_acc1,1167177916,от 2000 до 5000,12.0,нет маржи и нет продаж 90 дн
oz_acc1,1167177953,Эксперимент1,8.0,нет продаж 90 дн
oz_acc1,1167179912,от 2000 до 5000,12.0,нет продаж 90 дн
oz_acc1,1196599213,Эксперимент1,8.0,нет продаж 90 дн
oz_acc1,1218342653,от 0 до 1000,10.0,нет маржи и нет продаж 90 дн
oz_acc1,1218342730,от 10000 до 500 тыс,12.0,нет маржи и нет продаж 90 дн
oz_acc1,1218342735,от 1000-2000,10.0,нет маржи и нет продаж 90 дн
oz_acc1,1218342740,Эксперимент1,8.0,нет продаж 90 дн
oz_acc1,1218342777,Эксперимент1,8.0,нет маржи и нет продаж 90 дн
oz_acc1,1218342984,Эксперимент1,8.0,нет маржи и нет продаж 90 дн
oz_acc1,1218352002,от 10000 до 500 тыс,12.0,нет продаж 90 дн
oz_acc1,1220113390,от 0 до 1000,10.0,нет маржи и нет продаж 90 дн
oz_acc1,1220113535,Эксперимент1,8.0,нет продаж 90 дн
oz_acc1,1220113646,от 10000 до 500 тыс,12.0,нет продаж 90 дн
oz_acc1,1220113657,от 10000 до 500 тыс,12.0,нет маржи и нет продаж 90 дн
oz_acc1,1220115335,от 10000 до 500 тыс,12.0,нет маржи и нет продаж 90 дн
oz_acc1,1220125192,от 10000 до 500 тыс,12.0,нет продаж 90 дн
oz_acc1,1220133376,Эксперимент1,8.0,нет маржи и нет продаж 90 дн
oz_acc1,1220164282,Эксперимент1,9.0,нет маржи и нет продаж 90 дн
oz_acc1,1220192459,Эксперимент1,8.0,нет маржи и нет продаж 90 дн
oz_acc1,1220194240,Эксперимент1,12.0,нет маржи и нет продаж 90 дн
oz_acc1,1220200132,Эксперимент1,8.0,нет продаж 90 дн
oz_acc1,1220688012,Эксперимент1,8.0,нет продаж 90 дн
oz_acc1,1220691292,Эксперимент1,7.0,нет маржи и нет продаж 90 дн
oz_acc1,1220691565,Эксперимент1,7.0,нет маржи и нет продаж 90 дн
oz_acc1,1220692150,Эксперимент1,8.0,нет продаж 90 дн
oz_acc1,1220701371,Эксперимент1,8.0,нет продаж 90 дн
oz_acc1,1220702233,Эксперимент1,9.0,нет маржи и нет продаж 90 дн
oz_acc1,1220704750,Эксперимент1,9.0,нет продаж 90 дн
oz_acc1,1220705535,от 2000 до 5000,12.0,нет маржи и нет продаж 90 дн
oz_acc1,1220705535,Эксперимент1,8.0,нет маржи и нет продаж 90 дн
oz_acc1,1220706269,Эксперимент1,9.0,нет маржи и нет продаж 90 дн
oz_acc1,1220706417,Эксперимент1,8.0,нет продаж 90 дн
oz_acc1,1232589557,Эксперимент1,8.0,нет маржи и нет продаж 90 дн
oz_acc1,1232607578,от 2000 до 5000,12.0,нет маржи и нет продаж 90 дн
oz_acc1,1232621921,Эксперимент1,8.0,нет маржи и нет продаж 90 дн
oz_acc1,1232681952,от 2000 до 5000,12.0,нет продаж 90 дн
oz_acc1,1232685195,Эксперимент1,8.0,нет маржи и нет продаж 90 дн
oz_acc1,1232694481,Эксперимент1,8.0,нет маржи и нет продаж 90 дн
oz_acc1,1232719104,Эксперимент1,8.0,нет продаж 90 дн
oz_acc1,1232814831,от 5000 до 10000,12.0,нет продаж 90 дн
oz_acc1,1232831156,Эксперимент1,8.0,нет маржи и нет продаж 90 дн
oz_acc1,1232838817,Эксперимент1,8.0,нет продаж 90 дн
oz_acc1,1232851015,Эксперимент1,8.0,нет маржи и нет продаж 90 дн
oz_acc1,1232858679,Эксперимент1,8.0,нет маржи и нет продаж 90 дн
oz_acc1,1232860312,Эксперимент1,8.0,нет маржи и нет продаж 90 дн
oz_acc1,1232863133,Эксперимент1,8.0,нет маржи и нет продаж 90 дн
oz_acc1,1232865990,от 5000 до 10000,12.0,нет продаж 90 дн
oz_acc1,1233006718,Эксперимент1,8.0,нет продаж 90 дн
oz_acc1,1233219548,Эксперимент1,8.0,нет продаж 90 дн
oz_acc1,1233222806,Эксперимент1,8.0,нет маржи и нет продаж 90 дн
oz_acc1,1233239568,Эксперимент1,8.0,нет продаж 90 дн
oz_acc1,1233316708,Пустые РК,12.0,нет продаж 90 дн
oz_acc1,1233358384,от 10000 до 500 тыс,12.0,нет маржи и нет продаж 90 дн
oz_acc1,1233358384,Эксперимент1,8.0,нет маржи и нет продаж 90 дн
oz_acc1,1247446338,Эксперимент1,8.0,нет продаж 90 дн
oz_acc1,1248926559,от 10000 до 500 тыс,12.0,нет продаж 90 дн
oz_acc1,1248939170,Эксперимент1,8.0,нет продаж 90 дн
oz_acc1,1248978393,от 2000 до 5000,12.0,нет продаж 90 дн
oz_acc1,1248978393,Эксперимент1,8.0,нет продаж 90 дн
oz_acc1,1249352192,Эксперимент1,8.0,нет продаж 90 дн
oz_acc1,1249354805,Эксперимент1,8.0,нет продаж 90 дн
oz_acc1,1261438246,от 2000 до 5000,12.0,нет продаж 90 дн
oz_acc1,1261462095,от 10000 до 500 тыс,12.0,нет продаж 90 дн
oz_acc1,1261462418,Эксперимент1,8.0,нет продаж 90 дн
oz_acc1,1261462506,Эксперимент1,8.0,нет продаж 90 дн
oz_acc1,1261462708,от 10000 до 500 тыс,12.0,нет продаж 90 дн
oz_acc1,1261462713,от 10000 до 500 тыс,12.0,нет продаж 90 дн
oz_acc1,1261462904,от 10000 до 500 тыс,13.0,нет продаж 90 дн
oz_acc1,1261462904,Эксперимент1,10.0,нет продаж 90 дн
oz_acc1,1261463635,Эксперимент1,8.0,нет продаж 90 дн
oz_acc1,1261463653,от 2000 до 5000,12.0,нет продаж 90 дн
oz_acc1,1261463802,от 5000 до 10000,12.0,нет продаж 90 дн
oz_acc1,1261463802,Эксперимент1,8.0,нет продаж 90 дн
oz_acc1,1261463846,от 5000 до 10000,12.0,нет продаж 90 дн
oz_acc1,1261463861,Эксперимент1,8.0,нет продаж 90 дн
oz_acc1,1261463918,Эксперимент1,8.0,нет продаж 90 дн
oz_acc1,1261464057,Эксперимент1,8.0,нет продаж 90 дн
oz_acc1,1261465096,от 2000 до 5000,12.0,нет маржи и нет продаж 90 дн
oz_acc1,1261465435,Эксперимент1,8.0,нет продаж 90 дн
oz_acc1,1261465599,Эксперимент1,8.0,нет продаж 90 дн
oz_acc1,1261465713,от 10000 до 500 тыс,12.0,нет продаж 90 дн
oz_acc1,1261465876,от 5000 до 10000,12.0,нет продаж 90 дн
oz_acc1,1261465876,Эксперимент1,8.0,нет продаж 90 дн
oz_acc1,1261465959,от 5000 до 10000,12.0,нет продаж 90 дн
oz_acc1,1261465982,Эксперимент1,8.0,нет продаж 90 дн
oz_acc1,1261466425,Эксперимент1,8.0,нет продаж 90 дн
oz_acc1,1261467124,от 10000 до 500 тыс,12.0,нет продаж 90 дн
oz_acc1,1261482285,Эксперимент1,8.0,нет продаж 90 дн
oz_acc1,1261493116,Эксперимент1,8.0,нет продаж 90 дн
oz_acc1,1261496414,Эксперимент1,8.0,нет продаж 90 дн
oz_acc1,1261498604,Эксперимент1,8.0,нет продаж 90 дн
oz_acc1,1261499947,Эксперимент1,8.0,нет продаж 90 дн
oz_acc1,1261500248,Эксперимент1,8.0,нет продаж 90 дн
oz_acc1,1261500252,от 2000 до 5000,12.0,нет продаж 90 дн
oz_acc1,1261501195,Эксперимент1,8.0,нет продаж 90 дн
oz_acc1,1261501633,от 10000 до 500 тыс,12.0,нет маржи и нет продаж 90 дн
oz_acc1,1261501769,от 10000 до 500 тыс,12.0,нет продаж 90 дн
oz_acc1,1261503336,Эксперимент1,8.0,нет продаж 90 дн
oz_acc1,1261505282,от 10000 до 500 тыс,12.0,нет продаж 90 дн
oz_acc1,1261505603,от 10000 до 500 тыс,12.0,нет продаж 90 дн
oz_acc1,1261505784,от 2000 до 5000,12.0,нет продаж 90 дн
oz_acc1,1261505879,Эксперимент1,8.0,нет продаж 90 дн
oz_acc1,1261506443,Эксперимент1,8.0,нет продаж 90 дн
oz_acc1,1261506816,от 2000 до 5000,12.0,нет продаж 90 дн
oz_acc1,1261506922,Эксперимент1,8.0,нет продаж 90 дн
oz_acc1,1261508353,от 10000 до 500 тыс,12.0,нет продаж 90 дн
oz_acc1,1261508353,Пустые РК,12.0,нет продаж 90 дн
oz_acc1,1261508456,от 10000 до 500 тыс,12.0,нет продаж 90 дн
oz_acc1,1261508683,от 5000 до 10000,12.0,нет продаж 90 дн
oz_acc1,1261508777,от 2000 до 5000,12.0,нет продаж 90 дн
oz_acc1,1261508860,от 5000 до 10000,12.0,нет продаж 90 дн
oz_acc1,1261508860,Эксперимент1,8.0,нет продаж 90 дн
oz_acc1,1261508898,от 10000 до 500 тыс,12.0,нет маржи и нет продаж 90 дн
oz_acc1,1261508917,от 5000 до 10000,12.0,нет продаж 90 дн
oz_acc1,1261508925,Эксперимент1,8.0,нет продаж 90 дн
oz_acc1,1261509259,от 10000 до 500 тыс,12.0,нет продаж 90 дн
oz_acc1,1261509311,от 5000 до 10000,12.0,нет продаж 90 дн
oz_acc1,1261509668,от 5000 до 10000,12.0,нет продаж 90 дн
oz_acc1,1261510872,Эксперимент1,8.0,нет продаж 90 дн
oz_acc1,1261511070,от 10000 до 500 тыс,12.0,нет маржи и нет продаж 90 дн
oz_acc1,1261511370,Эксперимент1,8.0,нет продаж 90 дн
oz_acc1,1261511547,Эксперимент1,8.0,нет продаж 90 дн
oz_acc1,1261513352,Эксперимент1,8.0,нет продаж 90 дн
oz_acc1,1261513851,от 2000 до 5000,12.0,нет продаж 90 дн
oz_acc1,1261516141,Эксперимент1,8.0,нет продаж 90 дн
oz_acc1,1261562677,Эксперимент1,8.0,нет продаж 90 дн
oz_acc1,1261562713,от 2000 до 5000,13.0,нет продаж 90 дн
oz_acc1,1261562713,Эксперимент1,9.0,нет продаж 90 дн
oz_acc1,1261562952,Эксперимент1,8.0,нет продаж 90 дн
oz_acc1,1261563421,Эксперимент1,8.0,нет продаж 90 дн
oz_acc1,1261563542,от 10000 до 500 тыс,12.0,нет маржи и нет продаж 90 дн
oz_acc1,1261564860,Эксперимент1,8.0,нет продаж 90 дн
oz_acc1,1261564987,Эксперимент1,8.0,нет продаж 90 дн
oz_acc1,1261565078,Эксперимент1,8.0,нет продаж 90 дн
oz_acc1,1261565148,Эксперимент1,8.0,нет продаж 90 дн
oz_acc1,1261565877,Эксперимент1,8.0,нет продаж 90 дн
oz_acc1,1261566126,от 1000-2000,10.0,нет продаж 90 дн
oz_acc1,1261567292,от 1000-2000,12.0,нет продаж 90 дн
oz_acc1,1261568225,Эксперимент1,8.0,нет продаж 90 дн
oz_acc1,1261569052,от 2000 до 5000,13.0,нет маржи и нет продаж 90 дн
oz_acc1,1261569627,Эксперимент1,8.0,нет продаж 90 дн
oz_acc1,1261569994,от 0 до 1000,10.0,нет продаж 90 дн
oz_acc1,1261570496,от 10000 до 500 тыс,12.0,нет продаж 90 дн
oz_acc1,1261570517,Эксперимент1,8.0,нет продаж 90 дн
oz_acc1,1261572910,от 10000 до 500 тыс,12.0,нет маржи и нет продаж 90 дн
oz_acc1,1261572910,Эксперимент1,8.0,нет маржи и нет продаж 90 дн
oz_acc1,1261573362,Эксперимент1,8.0,нет продаж 90 дн
oz_acc1,1261573378,Эксперимент1,8.0,нет продаж 90 дн
oz_acc1,1261573838,Эксперимент1,8.0,нет продаж 90 дн
oz_acc1,1261574203,Эксперимент1,8.0,нет продаж 90 дн
oz_acc1,1261575532,Эксперимент1,8.0,нет продаж 90 дн
oz_acc1,1261575893,от 1000-2000,12.0,нет продаж 90 дн
oz_acc1,1261578989,Эксперимент1,8.0,нет продаж 90 дн
oz_acc1,1261579634,Эксперимент1,8.0,нет продаж 90 дн
oz_acc1,1261606204,Эксперимент1,8.0,нет продаж 90 дн
oz_acc1,1268493002,Эксперимент1,8.0,нет продаж 90 дн
oz_acc1,1273237792,Эксперимент1,8.0,нет продаж 90 дн
oz_acc1,1277712086,от 2000 до 5000,12.0,нет продаж 90 дн
oz_acc1,1277712105,от 10000 до 500 тыс,12.0,нет маржи и нет продаж 90 дн
oz_acc1,1277712202,Эксперимент1,8.0,нет продаж 90 дн
oz_acc1,1277712290,Эксперимент1,8.0,нет продаж 90 дн
oz_acc1,1277712293,Эксперимент1,8.0,нет продаж 90 дн
oz_acc1,1277712301,Эксперимент1,8.0,нет продаж 90 дн
oz_acc1,1277712332,от 10000 до 500 тыс,12.0,нет маржи и нет продаж 90 дн
oz_acc1,1277712334,от 1000-2000,12.0,нет продаж 90 дн
oz_acc1,1277712359,Эксперимент1,8.0,нет продаж 90 дн
oz_acc1,1277712393,Эксперимент1,8.0,нет продаж 90 дн
oz_acc1,1277712415,Эксперимент1,8.0,нет продаж 90 дн
oz_acc1,1277712435,от 10000 до 500 тыс,12.0,нет маржи и нет продаж 90 дн
oz_acc1,1277712477,от 10000 до 500 тыс,12.0,нет продаж 90 дн
oz_acc1,1277712477,Эксперимент1,8.0,нет продаж 90 дн
oz_acc1,1277712516,Эксперимент1,8.0,нет продаж 90 дн
oz_acc1,1282634378,от 5000 до 10000,12.0,нет продаж 90 дн
oz_acc1,1282766627,от 10000 до 500 тыс,12.0,нет продаж 90 дн
oz_acc1,1282766627,Эксперимент1,8.0,нет продаж 90 дн
oz_acc1,1300721000,Эксперимент1,8.0,нет продаж 90 дн
oz_acc1,1300721900,от 2000 до 5000,12.0,нет продаж 90 дн
oz_acc1,1300722047,Эксперимент1,8.0,нет продаж 90 дн
oz_acc1,1300722080,Эксперимент1,8.0,нет продаж 90 дн
oz_acc1,1300722249,Эксперимент1,8.0,нет продаж 90 дн
oz_acc1,1317769987,от 10000 до 500 тыс,12.0,нет продаж 90 дн
oz_acc1,1317769987,Эксперимент1,8.0,нет продаж 90 дн
oz_acc1,1337645480,Эксперимент1,8.0,нет продаж 90 дн
oz_acc1,1339737811,от 2000 до 5000,12.0,нет продаж 90 дн
oz_acc1,1339738091,от 2000 до 5000,12.0,нет продаж 90 дн
oz_acc1,1339739137,Эксперимент1,8.0,нет продаж 90 дн
oz_acc1,1340720562,Эксперимент1,7.0,нет продаж 90 дн
oz_acc1,1340723402,Эксперимент1,7.0,нет продаж 90 дн
oz_acc1,1341113616,Эксперимент1,8.0,нет продаж 90 дн
oz_acc1,1341427985,Эксперимент1,8.0,нет продаж 90 дн
oz_acc1,1341428709,Эксперимент1,8.0,нет продаж 90 дн
oz_acc1,1341429588,Эксперимент1,8.0,нет продаж 90 дн
oz_acc1,1341430114,Эксперимент1,8.0,нет продаж 90 дн
oz_acc1,1432017439,от 1000-2000,10.0,нет продаж 90 дн
oz_acc1,1434655834,от 5000 до 10000,12.0,нет продаж 90 дн
oz_acc1,1434658289,от 10000 до 500 тыс,12.0,нет продаж 90 дн
oz_acc1,1434660945,от 2000 до 5000,12.0,нет продаж 90 дн
oz_acc1,1434663044,Эксперимент1,8.0,нет продаж 90 дн
oz_acc1,1434676978,от 10000 до 500 тыс,12.0,нет продаж 90 дн
oz_acc1,1434681877,от 10000 до 500 тыс,13.0,нет продаж 90 дн
oz_acc1,1434681877,Эксперимент1,8.0,нет продаж 90 дн
oz_acc1,1434695503,от 2000 до 5000,12.0,нет продаж 90 дн
oz_acc1,1440919423,Эксперимент1,8.0,нет продаж 90 дн
oz_acc1,1454441839,от 10000 до 500 тыс,12.0,нет продаж 90 дн
oz_acc1,1510947538,от 2000 до 5000,12.0,нет продаж 90 дн
oz_acc1,1510947538,Эксперимент1,8.0,нет продаж 90 дн
oz_acc1,1510948544,от 10000 до 500 тыс,12.0,нет маржи и нет продаж 90 дн
oz_acc1,1510948606,Эксперимент1,8.0,нет продаж 90 дн
oz_acc1,1510948959,от 2000 до 5000,12.0,нет маржи и нет продаж 90 дн
oz_acc1,1510949486,Эксперимент1,8.0,нет продаж 90 дн
oz_acc1,1510949596,от 2000 до 5000,12.0,нет продаж 90 дн
oz_acc1,1510949724,от 5000 до 10000,12.0,нет маржи и нет продаж 90 дн
oz_acc1,1510949834,Эксперимент1,8.0,нет продаж 90 дн
oz_acc1,1510949941,от 2000 до 5000,12.0,нет продаж 90 дн
oz_acc1,1510949941,Эксперимент1,8.0,нет продаж 90 дн
oz_acc1,1510950535,от 5000 до 10000,12.0,нет продаж 90 дн
oz_acc1,1510950535,Эксперимент1,8.0,нет продаж 90 дн
oz_acc1,1510950675,Эксперимент1,8.0,нет продаж 90 дн
oz_acc1,1510951326,Эксперимент1,8.0,нет продаж 90 дн
oz_acc1,1510951328,Эксперимент1,8.0,нет продаж 90 дн
oz_acc1,1510952745,Эксперимент1,8.0,нет продаж 90 дн
oz_acc1,1519366653,от 2000 до 5000,12.0,нет продаж 90 дн
oz_acc1,1519366653,Эксперимент1,8.0,нет продаж 90 дн
oz_acc1,1547263622,от 2000 до 5000,12.0,нет продаж 90 дн
oz_acc1,1547263780,Эксперимент1,8.0,нет продаж 90 дн
oz_acc1,1547263876,Эксперимент1,8.0,нет продаж 90 дн
oz_acc1,1547263897,Эксперимент1,8.0,нет маржи и нет продаж 90 дн
oz_acc1,1547264021,от 10000 до 500 тыс,12.0,нет продаж 90 дн
oz_acc1,1547264054,от 1000-2000,12.0,нет продаж 90 дн
oz_acc1,1547264065,от 10000 до 500 тыс,12.0,нет продаж 90 дн
oz_acc1,1547264149,Эксперимент1,8.0,нет продаж 90 дн
oz_acc1,1548617297,от 5000 до 10000,12.0,нет продаж 90 дн
oz_acc1,1548617343,Эксперимент1,8.0,нет продаж 90 дн
oz_acc1,1548617454,Эксперимент1,8.0,нет продаж 90 дн
oz_acc1,1549875989,от 0 до 1000,10.0,нет продаж 90 дн
oz_acc1,1549876075,Эксперимент1,6.0,нет продаж 90 дн
oz_acc1,1555314153,Эксперимент1,8.0,нет продаж 90 дн
oz_acc1,1555314250,от 2000 до 5000,12.0,нет продаж 90 дн
oz_acc1,1555314399,Эксперимент1,8.0,нет продаж 90 дн
oz_acc1,1555314399,Пустые РК,12.0,нет продаж 90 дн
oz_acc1,1555314665,Эксперимент1,8.0,нет продаж 90 дн
oz_acc1,1556486523,от 2000 до 5000,12.0,нет продаж 90 дн
oz_acc1,1556487050,Эксперимент1,8.0,нет продаж 90 дн
oz_acc1,1567180375,Эксперимент1,7.0,нет продаж 90 дн
oz_acc1,1571787344,от 2000 до 5000,12.0,нет продаж 90 дн
oz_acc1,1574458118,Эксперимент1,8.0,нет продаж 90 дн
oz_acc1,1574458154,Эксперимент1,8.0,нет продаж 90 дн
oz_acc1,1576714508,Эксперимент1,8.0,нет продаж 90 дн
oz_acc1,1579838104,Эксперимент1,8.0,нет продаж 90 дн
oz_acc1,1585141833,от 2000 до 5000,12.0,нет продаж 90 дн
oz_acc1,1586846897,Эксперимент1,8.0,нет продаж 90 дн
oz_acc1,1586846985,от 2000 до 5000,12.0,нет продаж 90 дн
oz_acc1,1586846985,Эксперимент1,8.0,нет продаж 90 дн
oz_acc1,1586847000,Эксперимент1,8.0,нет продаж 90 дн
oz_acc1,1586847002,Эксперимент1,8.0,нет продаж 90 дн
oz_acc1,1586847019,Эксперимент1,8.0,нет продаж 90 дн
oz_acc1,1586847028,Эксперимент1,8.0,нет продаж 90 дн
oz_acc1,1586847158,от 10000 до 500 тыс,13.0,нет продаж 90 дн
oz_acc1,1586847158,Эксперимент1,9.0,нет продаж 90 дн
oz_acc1,1586847172,от 10000 до 500 тыс,12.0,нет продаж 90 дн
oz_acc1,1603027193,от 2000 до 5000,12.0,нет продаж 90 дн
oz_acc1,1613023426,Эксперимент1,8.0,нет продаж 90 дн
oz_acc1,1663255121,Пустые РК,12.0,нет продаж 90 дн
oz_acc1,1663255764,Пустые РК,12.0,нет продаж 90 дн
oz_acc1,1664770949,Пустые РК,12.0,нет продаж 90 дн
oz_acc1,1664778339,от 2000 до 5000,12.0,нет продаж 90 дн
oz_acc1,1664836753,Пустые РК,12.0,нет продаж 90 дн
oz_acc1,1664840914,Пустые РК,12.0,нет продаж 90 дн
oz_acc1,1665026553,от 2000 до 5000,12.0,нет продаж 90 дн
oz_acc1,1665037011,Пустые РК,12.0,нет продаж 90 дн
oz_acc1,1665039531,от 2000 до 5000,12.0,нет продаж 90 дн
oz_acc1,1672231457,от 2000 до 5000,12.0,нет продаж 90 дн
oz_acc1,1674593194,от 10000 до 500 тыс,12.0,нет продаж 90 дн
oz_acc1,1674719138,от 5000 до 10000,12.0,нет продаж 90 дн
oz_acc1,1674719255,Эксперимент1,8.0,нет продаж 90 дн
oz_acc1,1674767373,Эксперимент1,8.0,нет продаж 90 дн
oz_acc1,1691955489,от 10000 до 500 тыс,12.0,нет маржи и нет продаж 90 дн
oz_acc1,1691989495,Эксперимент1,8.0,нет продаж 90 дн
oz_acc1,1692012285,Эксперимент1,8.0,нет продаж 90 дн
oz_acc1,1692238345,от 5000 до 10000,12.0,нет продаж 90 дн
oz_acc1,1692245452,от 10000 до 500 тыс,12.0,нет продаж 90 дн
oz_acc1,1692297090,Эксперимент1,8.0,нет продаж 90 дн
oz_acc1,1692318780,от 10000 до 500 тыс,12.0,нет маржи и нет продаж 90 дн
oz_acc1,1692319582,от 10000 до 500 тыс,12.0,нет продаж 90 дн
oz_acc1,1692322094,Эксперимент1,8.0,нет продаж 90 дн
oz_acc1,1692322570,Эксперимент1,8.0,нет продаж 90 дн
oz_acc1,1692322881,Эксперимент1,8.0,нет продаж 90 дн
oz_acc1,1692324308,от 10000 до 500 тыс,12.0,нет продаж 90 дн
oz_acc1,1692325361,от 5000 до 10000,12.0,нет продаж 90 дн
oz_acc1,1692326327,от 10000 до 500 тыс,12.0,нет продаж 90 дн
oz_acc1,1692327057,от 10000 до 500 тыс,12.0,нет маржи и нет продаж 90 дн
oz_acc1,1692346591,Эксперимент1,8.0,нет продаж 90 дн
oz_acc1,1692352506,от 2000 до 5000,13.0,нет продаж 90 дн
oz_acc1,1692352506,Эксперимент1,8.0,нет продаж 90 дн
oz_acc1,1692355212,от 10000 до 500 тыс,12.0,нет продаж 90 дн
oz_acc1,1692355836,от 2000 до 5000,12.0,нет продаж 90 дн
oz_acc1,1692357624,от 10000 до 500 тыс,12.0,нет продаж 90 дн
oz_acc1,1692358236,Эксперимент1,8.0,нет продаж 90 дн
oz_acc1,1692358526,Эксперимент1,8.0,нет продаж 90 дн
oz_acc1,1692359661,Эксперимент1,8.0,нет продаж 90 дн
oz_acc1,1692366739,от 2000 до 5000,12.0,нет продаж 90 дн
oz_acc1,1692367375,от 10000 до 500 тыс,12.0,нет продаж 90 дн
oz_acc1,1692376623,Эксперимент1,8.0,нет продаж 90 дн
oz_acc1,1692376627,от 0 до 1000,10.0,нет продаж 90 дн
oz_acc1,1692377098,Эксперимент1,8.0,нет продаж 90 дн
oz_acc1,1692432708,от 10000 до 500 тыс,12.0,нет маржи и нет продаж 90 дн
oz_acc1,1692433535,от 10000 до 500 тыс,12.0,нет маржи и нет продаж 90 дн
oz_acc1,1692435678,Эксперимент1,8.0,нет маржи и нет продаж 90 дн
oz_acc1,1692436861,Эксперимент1,8.0,нет маржи и нет продаж 90 дн
oz_acc1,1692438629,Эксперимент1,8.0,нет маржи и нет продаж 90 дн
oz_acc1,1692456149,Эксперимент1,8.0,нет продаж 90 дн
oz_acc1,1692457684,от 2000 до 5000,12.0,нет продаж 90 дн
oz_acc1,1692459498,от 5000 до 10000,12.0,нет продаж 90 дн
oz_acc1,1692459498,Эксперимент1,8.0,нет продаж 90 дн
oz_acc1,1692460548,Эксперимент1,8.0,нет продаж 90 дн
oz_acc1,1692461856,от 5000 до 10000,12.0,нет продаж 90 дн
oz_acc1,1692466091,от 2000 до 5000,12.0,нет маржи и нет продаж 90 дн
oz_acc1,1692467906,от 5000 до 10000,13.0,нет продаж 90 дн
oz_acc1,1692467906,Эксперимент1,9.0,нет продаж 90 дн
oz_acc1,1692468910,от 10000 до 500 тыс,12.0,нет продаж 90 дн
oz_acc1,1692479508,от 2000 до 5000,12.0,нет продаж 90 дн
oz_acc1,1692481223,от 2000 до 5000,12.0,нет продаж 90 дн
oz_acc1,1692489862,от 10000 до 500 тыс,12.0,нет продаж 90 дн
oz_acc1,1692492072,Эксперимент1,8.0,нет продаж 90 дн
oz_acc1,1692492608,Эксперимент1,8.0,нет продаж 90 дн
oz_acc1,1692493927,Эксперимент1,8.0,нет продаж 90 дн
oz_acc1,1692494435,от 2000 до 5000,12.0,нет продаж 90 дн
oz_acc1,1692494435,Эксперимент1,8.0,нет продаж 90 дн
oz_acc1,1692496606,Эксперимент1,7.0,нет продаж 90 дн
oz_acc1,1692497034,Эксперимент1,9.0,нет продаж 90 дн
oz_acc1,1692506937,Эксперимент1,8.0,нет продаж 90 дн
oz_acc1,1692509324,от 2000 до 5000,12.0,нет продаж 90 дн
oz_acc1,1692511284,от 2000 до 5000,12.0,нет продаж 90 дн
oz_acc1,1692512748,Эксперимент1,8.0,нет продаж 90 дн
oz_acc1,1692512906,Эксперимент1,8.0,нет продаж 90 дн
oz_acc1,1692605307,от 5000 до 10000,12.0,нет продаж 90 дн
oz_acc1,1692605321,Эксперимент1,8.0,нет продаж 90 дн
oz_acc1,1692606006,Эксперимент1,8.0,нет продаж 90 дн
oz_acc1,1699925941,от 10000 до 500 тыс,12.0,нет продаж 90 дн
oz_acc1,1699925941,Эксперимент1,8.0,нет продаж 90 дн
oz_acc1,1699925977,от 10000 до 500 тыс,12.0,нет маржи и нет продаж 90 дн
oz_acc1,1699925977,Эксперимент1,8.0,нет маржи и нет продаж 90 дн
oz_acc1,1701770480,от 2000 до 5000,12.0,нет продаж 90 дн
oz_acc1,1701770480,Эксперимент1,9.0,нет продаж 90 дн
oz_acc1,1701784017,Эксперимент1,8.0,нет продаж 90 дн
oz_acc1,1716069603,Эксперимент1,8.0,нет продаж 90 дн
oz_acc1,1716069616,Пустые РК,13.0,нет продаж 90 дн
oz_acc1,1716069790,от 10000 до 500 тыс,12.0,нет маржи и нет продаж 90 дн
oz_acc1,1716069802,от 2000 до 5000,12.0,нет продаж 90 дн
oz_acc1,1716679849,от 2000 до 5000,12.0,нет продаж 90 дн
oz_acc1,1716682719,от 2000 до 5000,12.0,нет продаж 90 дн
oz_acc1,1716750101,Эксперимент1,8.0,нет продаж 90 дн
oz_acc1,1717691434,Эксперимент1,8.0,нет продаж 90 дн
oz_acc1,1717842071,от 10000 до 500 тыс,12.0,нет маржи и нет продаж 90 дн
oz_acc1,1717842071,Эксперимент1,8.0,нет маржи и нет продаж 90 дн
oz_acc1,1717842071,Пустые РК,12.0,нет маржи и нет продаж 90 дн
oz_acc1,1717842270,Эксперимент1,8.0,нет продаж 90 дн
oz_acc1,1717842624,Эксперимент1,8.0,нет продаж 90 дн
oz_acc1,1717842781,от 2000 до 5000,12.0,нет продаж 90 дн
oz_acc1,1717843032,от 2000 до 5000,12.0,нет продаж 90 дн
oz_acc1,1717844452,Эксперимент1,8.0,нет продаж 90 дн
oz_acc1,1719204734,от 2000 до 5000,12.0,нет продаж 90 дн
oz_acc1,1719204734,Эксперимент1,8.0,нет продаж 90 дн
oz_acc1,1719302433,Эксперимент1,8.0,нет продаж 90 дн
oz_acc1,1719302840,Пустые РК,12.0,нет продаж 90 дн
oz_acc1,1719404697,от 5000 до 10000,12.0,нет продаж 90 дн
oz_acc1,1744144721,от 2000 до 5000,12.0,нет продаж 90 дн
oz_acc1,1744144721,Эксперимент1,9.0,нет продаж 90 дн
oz_acc1,1744144739,Эксперимент1,8.0,нет продаж 90 дн
oz_acc1,1744144788,Эксперимент1,8.0,нет продаж 90 дн
oz_acc1,1744144837,Эксперимент1,8.0,нет продаж 90 дн
oz_acc1,1744145404,Эксперимент1,10.0,нет продаж 90 дн
oz_acc1,1744145495,Эксперимент1,8.0,нет продаж 90 дн
oz_acc1,1744145890,от 10000 до 500 тыс,12.0,нет продаж 90 дн
oz_acc1,1744147029,от 10000 до 500 тыс,12.0,нет продаж 90 дн
oz_acc1,1744147029,Эксперимент1,8.0,нет продаж 90 дн
oz_acc1,1744147063,от 5000 до 10000,12.0,нет продаж 90 дн
oz_acc1,1759727479,Эксперимент1,8.0,нет продаж 90 дн
oz_acc1,1759730685,Эксперимент1,8.0,нет продаж 90 дн
oz_acc1,1759730965,от 2000 до 5000,12.0,нет продаж 90 дн
oz_acc1,1759731366,Эксперимент1,8.0,нет продаж 90 дн
oz_acc1,1759731927,от 10000 до 500 тыс,12.0,нет продаж 90 дн
oz_acc1,1759731927,Эксперимент1,8.0,нет продаж 90 дн
oz_acc1,1759743664,Эксперимент1,8.0,нет продаж 90 дн
oz_acc1,1759746653,Эксперимент1,8.0,нет продаж 90 дн
oz_acc1,1759808031,от 5000 до 10000,12.0,нет продаж 90 дн
oz_acc1,1760563354,от 2000 до 5000,12.0,нет продаж 90 дн
oz_acc1,1765863938,от 1000-2000,10.0,нет продаж 90 дн
oz_acc1,1769024533,Эксперимент1,9.0,нет продаж 90 дн
oz_acc1,1769027288,Эксперимент1,8.0,нет продаж 90 дн
oz_acc1,1770287314,от 2000 до 5000,13.0,нет продаж 90 дн
oz_acc1,1771542293,от 5000 до 10000,12.0,нет продаж 90 дн
oz_acc1,1771618814,Эксперимент1,8.0,нет продаж 90 дн
oz_acc1,1772607748,Эксперимент1,8.0,нет продаж 90 дн
oz_acc1,1774237754,от 2000 до 5000,12.0,нет продаж 90 дн
oz_acc1,1774237754,Эксперимент1,8.0,нет продаж 90 дн
oz_acc1,1775340487,от 2000 до 5000,12.0,нет продаж 90 дн
oz_acc1,1775340960,от 2000 до 5000,12.0,нет продаж 90 дн
oz_acc1,1791765210,Эксперимент1,8.0,нет продаж 90 дн
oz_acc1,1798004896,от 2000 до 5000,12.0,нет продаж 90 дн
oz_acc1,1798063737,от 2000 до 5000,12.0,нет маржи и нет продаж 90 дн
oz_acc1,1815602389,от 2000 до 5000,12.0,нет продаж 90 дн
oz_acc1,1815602522,от 2000 до 5000,12.0,нет продаж 90 дн
oz_acc1,1815602866,от 1000-2000,12.0,нет маржи и нет продаж 90 дн
oz_acc1,1851928841,Эксперимент1,8.0,нет продаж 90 дн
oz_acc1,1851930731,от 2000 до 5000,12.0,нет продаж 90 дн
oz_acc1,1851930731,Эксперимент1,8.0,нет продаж 90 дн
oz_acc1,1851946211,от 2000 до 5000,12.0,нет продаж 90 дн
oz_acc1,1851947054,Эксперимент1,8.0,нет маржи и нет продаж 90 дн
oz_acc1,1851947920,Эксперимент1,8.0,нет продаж 90 дн
oz_acc1,1851950725,Эксперимент1,8.0,нет продаж 90 дн
oz_acc1,1851955236,Эксперимент1,8.0,нет продаж 90 дн
oz_acc1,1851956295,от 5000 до 10000,12.0,нет маржи и нет продаж 90 дн
oz_acc1,1851956617,от 10000 до 500 тыс,12.0,нет продаж 90 дн
oz_acc1,1851956617,Эксперимент1,8.0,нет продаж 90 дн
oz_acc1,1851959954,от 10000 до 500 тыс,12.0,нет маржи и нет продаж 90 дн
oz_acc1,1851959954,Эксперимент1,8.0,нет маржи и нет продаж 90 дн
oz_acc1,1851959954,Пустые РК,12.0,нет маржи и нет продаж 90 дн
oz_acc1,1851973335,Эксперимент1,8.0,нет продаж 90 дн
oz_acc1,1852007980,Эксперимент1,8.0,нет продаж 90 дн
oz_acc1,1852013470,Эксперимент1,8.0,нет продаж 90 дн
oz_acc1,1852013928,от 10000 до 500 тыс,12.0,нет продаж 90 дн
oz_acc1,1852013928,Эксперимент1,8.0,нет продаж 90 дн
oz_acc1,1852015549,Эксперимент1,8.0,нет продаж 90 дн
oz_acc1,1852016423,от 10000 до 500 тыс,12.0,нет продаж 90 дн
oz_acc1,1852056025,Эксперимент1,8.0,нет продаж 90 дн
oz_acc1,1852057653,Эксперимент1,8.0,нет продаж 90 дн
oz_acc1,1852059194,Эксперимент1,8.0,нет продаж 90 дн
oz_acc1,1852059697,от 2000 до 5000,12.0,нет продаж 90 дн
oz_acc1,1852077448,от 10000 до 500 тыс,12.0,нет продаж 90 дн
oz_acc1,1852078123,от 10000 до 500 тыс,12.0,нет продаж 90 дн
oz_acc1,1869838821,Эксперимент1,8.0,нет продаж 90 дн
oz_acc1,1869842194,Эксперимент1,8.0,нет продаж 90 дн
oz_acc1,1869846584,от 5000 до 10000,12.0,нет продаж 90 дн
oz_acc1,1869846584,Эксперимент1,8.0,нет продаж 90 дн
oz_acc1,1869847986,Эксперимент1,8.0,нет продаж 90 дн
oz_acc1,1871778718,от 2000 до 5000,12.0,нет продаж 90 дн
oz_acc1,1893955099,Эксперимент1,8.0,нет продаж 90 дн
oz_acc1,1897483738,Эксперимент1,8.0,нет продаж 90 дн
oz_acc1,1897483756,от 10000 до 500 тыс,12.0,нет продаж 90 дн
oz_acc1,1897483770,Эксперимент1,8.0,нет продаж 90 дн
oz_acc1,1897483823,Эксперимент1,8.0,нет продаж 90 дн
oz_acc1,1897483833,от 1000-2000,11.0,нет продаж 90 дн
oz_acc1,1897483858,Эксперимент1,8.0,нет продаж 90 дн
oz_acc1,1897483859,Эксперимент1,8.0,нет продаж 90 дн
oz_acc1,1897483876,Эксперимент1,8.0,нет продаж 90 дн
oz_acc1,1897483890,Эксперимент1,8.0,нет продаж 90 дн
oz_acc1,1897483901,Эксперимент1,8.0,нет продаж 90 дн
oz_acc1,1897483902,от 5000 до 10000,12.0,нет продаж 90 дн
oz_acc1,1897483909,Эксперимент1,8.0,нет продаж 90 дн
oz_acc1,1897483917,Эксперимент1,8.0,нет продаж 90 дн
oz_acc1,1897483918,от 10000 до 500 тыс,13.0,нет продаж 90 дн
oz_acc1,1897483918,Эксперимент1,8.0,нет продаж 90 дн
oz_acc1,1897483925,Эксперимент1,8.0,нет продаж 90 дн
oz_acc1,1897483940,Эксперимент1,8.0,нет продаж 90 дн
oz_acc1,1897483972,Эксперимент1,8.0,нет продаж 90 дн
oz_acc1,1903993637,от 0 до 1000,10.0,нет продаж 90 дн
oz_acc1,1904009870,Эксперимент1,7.0,нет продаж 90 дн
oz_acc1,1910266948,от 10000 до 500 тыс,12.0,нет продаж 90 дн
oz_acc1,1910269277,Эксперимент1,9.0,нет продаж 90 дн
oz_acc1,1910273228,от 10000 до 500 тыс,12.0,нет маржи и нет продаж 90 дн
oz_acc1,1910273228,Эксперимент1,8.0,нет маржи и нет продаж 90 дн
oz_acc1,1915097744,Эксперимент1,8.0,нет маржи и нет продаж 90 дн
oz_acc1,1920561754,Эксперимент1,8.0,нет продаж 90 дн
oz_acc1,1937568627,от 2000 до 5000,12.0,нет продаж 90 дн
oz_acc1,1964570332,от 10000 до 500 тыс,12.0,нет маржи и нет продаж 90 дн
oz_acc1,1964570332,Эксперимент1,8.0,нет маржи и нет продаж 90 дн
oz_acc1,1964577624,от 5000 до 10000,12.0,нет продаж 90 дн
oz_acc1,1964577624,Эксперимент1,8.0,нет продаж 90 дн
oz_acc1,1998983082,от 10000 до 500 тыс,12.0,нет продаж 90 дн
oz_acc1,1998987726,Эксперимент1,8.0,нет продаж 90 дн
oz_acc1,1998996285,от 1000-2000,12.0,нет маржи и нет продаж 90 дн
oz_acc1,1999010393,Эксперимент1,8.0,нет маржи и нет продаж 90 дн
oz_acc1,1999025796,от 5000 до 10000,12.0,нет продаж 90 дн
oz_acc1,1999044214,Эксперимент1,8.0,нет продаж 90 дн
oz_acc1,1999049225,Эксперимент1,8.0,нет продаж 90 дн
oz_acc1,1999273700,от 2000 до 5000,12.0,нет маржи и нет продаж 90 дн
oz_acc1,1999286576,от 2000 до 5000,12.0,нет маржи и нет продаж 90 дн
oz_acc1,1999325856,от 2000 до 5000,12.0,нет маржи и нет продаж 90 дн
oz_acc1,1999325856,Эксперимент1,8.0,нет маржи и нет продаж 90 дн
oz_acc1,1999330728,Эксперимент1,7.0,нет продаж 90 дн
oz_acc1,1999336832,от 2000 до 5000,12.0,нет маржи и нет продаж 90 дн
oz_acc1,1999350309,Эксперимент1,8.0,нет продаж 90 дн
oz_acc1,1999356510,Эксперимент1,8.0,нет продаж 90 дн
oz_acc1,1999360715,Эксперимент1,8.0,нет продаж 90 дн
oz_acc1,1999365927,Эксперимент1,8.0,нет продаж 90 дн
oz_acc1,1999371106,от 2000 до 5000,12.0,нет продаж 90 дн
oz_acc1,1999371106,Эксперимент1,8.0,нет продаж 90 дн
oz_acc1,1999376047,от 5000 до 10000,13.0,нет продаж 90 дн
oz_acc1,1999441700,от 2000 до 5000,12.0,нет продаж 90 дн
oz_acc1,1999464179,от 2000 до 5000,12.0,нет маржи и нет продаж 90 дн
oz_acc1,1999482336,Эксперимент1,8.0,нет продаж 90 дн
oz_acc1,1999486379,от 1000-2000,10.0,нет продаж 90 дн
oz_acc1,1999489117,от 5000 до 10000,12.0,нет продаж 90 дн
oz_acc1,1999500586,от 2000 до 5000,12.0,нет продаж 90 дн
oz_acc1,1999525291,Эксперимент1,8.0,нет продаж 90 дн
oz_acc1,1999529482,от 10000 до 500 тыс,12.0,нет продаж 90 дн
oz_acc1,1999529482,Эксперимент1,8.0,нет продаж 90 дн
oz_acc1,1999540198,от 10000 до 500 тыс,12.0,нет продаж 90 дн
oz_acc1,1999546845,Эксперимент1,8.0,нет продаж 90 дн
oz_acc1,1999553855,от 2000 до 5000,13.0,нет продаж 90 дн
oz_acc1,1999553855,Эксперимент1,8.0,нет продаж 90 дн
oz_acc1,1999560092,Эксперимент1,8.0,нет продаж 90 дн
oz_acc1,1999565121,от 5000 до 10000,12.0,нет продаж 90 дн
oz_acc1,1999568919,от 10000 до 500 тыс,12.0,нет продаж 90 дн
oz_acc1,1999574151,Пустые РК,12.0,нет продаж 90 дн
oz_acc1,1999579460,от 10000 до 500 тыс,12.0,нет продаж 90 дн
oz_acc1,1999593900,Эксперимент1,8.0,нет продаж 90 дн
oz_acc1,1999593900,Пустые РК,12.0,нет продаж 90 дн
oz_acc1,1999599174,от 10000 до 500 тыс,12.0,нет продаж 90 дн
oz_acc1,1999603552,от 10000 до 500 тыс,12.0,нет продаж 90 дн
oz_acc1,1999611800,Эксперимент1,8.0,нет продаж 90 дн
oz_acc1,1999615904,от 10000 до 500 тыс,12.0,нет продаж 90 дн
oz_acc1,1999621307,от 5000 до 10000,12.0,нет продаж 90 дн
oz_acc1,1999636981,от 10000 до 500 тыс,12.0,нет продаж 90 дн
oz_acc1,1999654042,от 1000-2000,10.0,нет продаж 90 дн
oz_acc1,1999658114,от 1000-2000,10.0,нет продаж 90 дн
oz_acc1,1999672379,от 1000-2000,10.0,нет продаж 90 дн
oz_acc1,1999683150,от 1000-2000,10.0,нет маржи и нет продаж 90 дн
oz_acc1,1999708675,от 1000-2000,10.0,нет маржи и нет продаж 90 дн
oz_acc1,1999723317,от 1000-2000,12.0,нет продаж 90 дн
oz_acc1,1999733571,от 1000-2000,12.0,нет продаж 90 дн
oz_acc1,1999753721,от 1000-2000,10.0,нет продаж 90 дн
oz_acc1,1999768859,Эксперимент1,8.0,нет продаж 90 дн
oz_acc1,1999777377,Эксперимент1,8.0,нет продаж 90 дн
oz_acc1,1999804181,Эксперимент1,8.0,нет продаж 90 дн
oz_acc1,2041924531,от 1000-2000,12.0,нет продаж 90 дн
oz_acc1,2054314109,Эксперимент1,8.0,нет продаж 90 дн
oz_acc1,2129691593,Эксперимент1,8.0,нет продаж 90 дн
oz_acc1,2129693145,Эксперимент1,8.0,нет продаж 90 дн
oz_acc1,2129702166,от 1000-2000,12.0,нет продаж 90 дн
oz_acc1,2129702230,Эксперимент1,8.0,нет продаж 90 дн
oz_acc1,2129708909,Эксперимент1,8.0,нет продаж 90 дн
oz_acc1,2129711100,Пустые РК,12.0,нет продаж 90 дн
oz_acc1,2129713163,Пустые РК,12.0,нет продаж 90 дн
oz_acc1,2129714867,Пустые РК,12.0,нет продаж 90 дн
oz_acc1,2130073252,Эксперимент1,8.0,нет продаж 90 дн
oz_acc1,2130091453,от 10000 до 500 тыс,12.0,нет продаж 90 дн
oz_acc1,2143289401,от 2000 до 5000,12.0,нет продаж 90 дн
oz_acc1,2166500322,от 5000 до 10000,12.0,нет продаж 90 дн
oz_acc1,2166521592,Эксперимент1,8.0,нет продаж 90 дн
oz_acc1,2166566418,Эксперимент1,8.0,нет продаж 90 дн
oz_acc1,2166594928,от 5000 до 10000,12.0,нет продаж 90 дн
oz_acc1,2166594928,Эксперимент1,8.0,нет продаж 90 дн
oz_acc1,2166618397,Эксперимент1,8.0,нет продаж 90 дн
oz_acc1,2169552868,Эксперимент1,8.0,нет продаж 90 дн
oz_acc1,2179603546,от 1000-2000,12.0,нет продаж 90 дн
oz_acc1,2200233807,Эксперимент1,8.0,нет маржи и нет продаж 90 дн
oz_acc1,2200233807,Пустые РК,12.0,нет маржи и нет продаж 90 дн
oz_acc1,2200266375,от 5000 до 10000,12.0,нет продаж 90 дн
oz_acc1,2201276314,Эксперимент1,8.0,нет продаж 90 дн
oz_acc1,2201335721,от 5000 до 10000,13.0,нет продаж 90 дн
oz_acc1,2201335721,Эксперимент1,8.0,нет продаж 90 дн
oz_acc1,2201849026,Эксперимент1,7.0,нет продаж 90 дн
oz_acc1,2203206777,от 1000-2000,12.0,нет продаж 90 дн
oz_acc1,2203231466,Эксперимент1,8.0,нет маржи и нет продаж 90 дн
oz_acc1,2203245065,Эксперимент1,8.0,нет продаж 90 дн
oz_acc1,2203248384,от 2000 до 5000,12.0,нет продаж 90 дн
oz_acc1,2203267451,от 2000 до 5000,12.0,нет продаж 90 дн
oz_acc1,2203289706,Эксперимент1,8.0,нет продаж 90 дн
oz_acc1,2203302663,от 1000-2000,10.0,нет продаж 90 дн
oz_acc1,2203319319,от 10000 до 500 тыс,12.0,нет продаж 90 дн
oz_acc1,2203324845,от 10000 до 500 тыс,12.0,нет маржи и нет продаж 90 дн
oz_acc1,2203328393,от 10000 до 500 тыс,12.0,нет продаж 90 дн
oz_acc1,2203328393,Эксперимент1,8.0,нет продаж 90 дн
oz_acc1,2203336525,от 2000 до 5000,12.0,нет продаж 90 дн
oz_acc1,2205679278,Эксперимент1,8.0,нет продаж 90 дн
oz_acc1,2205705304,Эксперимент1,8.0,нет продаж 90 дн
oz_acc1,2208555909,Эксперимент1,8.0,нет продаж 90 дн
oz_acc1,2209376582,от 2000 до 5000,12.0,нет продаж 90 дн
oz_acc1,2209390190,от 5000 до 10000,12.0,нет продаж 90 дн
oz_acc1,2213942616,от 2000 до 5000,12.0,нет продаж 90 дн
oz_acc1,2214016265,от 2000 до 5000,12.0,нет продаж 90 дн
oz_acc1,2214026117,от 2000 до 5000,12.0,нет продаж 90 дн
oz_acc1,2214055098,Эксперимент1,8.0,нет продаж 90 дн
oz_acc1,2214059171,от 5000 до 10000,12.0,нет продаж 90 дн
oz_acc1,2214065307,Эксперимент1,8.0,нет продаж 90 дн
oz_acc1,2214080148,Эксперимент1,8.0,нет продаж 90 дн
oz_acc1,2214088294,Эксперимент1,8.0,нет продаж 90 дн
oz_acc1,2214099415,Эксперимент1,8.0,нет продаж 90 дн
oz_acc1,2214111234,Эксперимент1,8.0,нет продаж 90 дн
oz_acc1,2214117657,от 10000 до 500 тыс,12.0,нет продаж 90 дн
oz_acc1,2214126927,от 10000 до 500 тыс,12.0,нет продаж 90 дн
oz_acc1,2214146684,от 10000 до 500 тыс,12.0,нет продаж 90 дн
oz_acc1,2214158816,от 10000 до 500 тыс,12.0,нет продаж 90 дн
oz_acc1,2214169665,от 10000 до 500 тыс,12.0,нет продаж 90 дн
oz_acc1,2214178412,от 10000 до 500 тыс,12.0,нет продаж 90 дн
oz_acc1,2214246481,от 5000 до 10000,12.0,нет продаж 90 дн
oz_acc1,2214341486,от 10000 до 500 тыс,12.0,нет маржи и нет продаж 90 дн
oz_acc1,2214341486,Эксперимент1,8.0,нет маржи и нет продаж 90 дн
oz_acc1,2214376913,Пустые РК,12.0,нет продаж 90 дн
oz_acc1,2216677180,от 5000 до 10000,12.0,нет продаж 90 дн
oz_acc1,2226478970,Эксперимент1,8.0,нет продаж 90 дн
oz_acc1,2226501711,от 2000 до 5000,12.0,нет продаж 90 дн
oz_acc1,2241788582,Эксперимент1,8.0,нет продаж 90 дн
oz_acc1,2262633300,от 10000 до 500 тыс,12.0,нет продаж 90 дн
oz_acc1,2262637177,от 5000 до 10000,12.0,нет продаж 90 дн
oz_acc1,2262643108,Эксперимент1,8.0,нет продаж 90 дн
oz_acc1,2268527314,от 5000 до 10000,12.0,нет продаж 90 дн
oz_acc1,2268545185,от 2000 до 5000,12.0,нет продаж 90 дн
oz_acc1,2268558322,Эксперимент1,8.0,нет продаж 90 дн
oz_acc1,2374560503,от 2000 до 5000,12.0,нет маржи и нет продаж 90 дн
oz_acc1,2374665168,Пустые РК,12.0,нет продаж 90 дн
oz_acc1,2375190780,Эксперимент1,8.0,нет продаж 90 дн
oz_acc1,2375195414,от 2000 до 5000,12.0,нет продаж 90 дн
oz_acc1,2375201350,Эксперимент1,8.0,нет продаж 90 дн
oz_acc1,2375203932,от 10000 до 500 тыс,12.0,нет продаж 90 дн
oz_acc1,2463313020,от 10000 до 500 тыс,12.0,нет продаж 90 дн
oz_acc1,2463313455,Пустые РК,12.0,нет продаж 90 дн
oz_acc1,2469915180,Эксперимент1,8.0,нет продаж 90 дн
oz_acc1,2470392848,от 5000 до 10000,12.0,нет продаж 90 дн
oz_acc1,2470393585,Пустые РК,12.0,нет продаж 90 дн
oz_acc1,2477602245,Эксперимент1,8.0,нет продаж 90 дн
oz_acc1,2494569358,от 10000 до 500 тыс,12.0,нет маржи и нет продаж 90 дн
oz_acc1,2504726617,от 10000 до 500 тыс,12.0,нет продаж 90 дн
oz_acc1,2513790691,Эксперимент1,8.0,нет продаж 90 дн
oz_acc1,2516613647,Эксперимент1,8.0,нет продаж 90 дн
oz_acc1,2516620047,от 2000 до 5000,12.0,нет продаж 90 дн
oz_acc1,2516649467,от 2000 до 5000,12.0,нет маржи и нет продаж 90 дн
oz_acc1,2516919927,от 5000 до 10000,12.0,нет продаж 90 дн
oz_acc1,2517094198,Пустые РК,12.0,нет продаж 90 дн
oz_acc1,2517112038,Пустые РК,12.0,нет продаж 90 дн
oz_acc1,2518946588,Эксперимент1,8.0,нет продаж 90 дн
oz_acc1,2521686782,Эксперимент1,8.0,нет продаж 90 дн
oz_acc1,2524669171,от 10000 до 500 тыс,12.0,нет продаж 90 дн
oz_acc1,2556254579,Пустые РК,12.0,нет продаж 90 дн
oz_acc1,2556256049,Пустые РК,12.0,нет продаж 90 дн
oz_acc1,2557293000,Пустые РК,12.0,нет продаж 90 дн
oz_acc1,2557329291,Пустые РК,12.0,нет продаж 90 дн
oz_acc1,2557332475,Эксперимент1,8.0,нет продаж 90 дн
oz_acc1,2557332475,Пустые РК,12.0,нет продаж 90 дн
oz_acc1,2557335181,Пустые РК,12.0,нет продаж 90 дн
oz_acc1,2569522518,Эксперимент1,8.0,нет продаж 90 дн
oz_acc1,2595214265,от 2000 до 5000,12.0,нет продаж 90 дн
oz_acc1,2604579694,от 2000 до 5000,12.0,нет маржи и нет продаж 90 дн
oz_acc1,2604839648,Эксперимент1,8.0,нет продаж 90 дн
oz_acc1,2604840723,Эксперимент1,8.0,нет продаж 90 дн
oz_acc1,2611793631,Пустые РК,12.0,нет продаж 90 дн
oz_acc1,2611836758,Пустые РК,12.0,нет продаж 90 дн
oz_acc1,2614362456,от 2000 до 5000,12.0,нет продаж 90 дн
oz_acc1,2620111502,Эксперимент1,8.0,нет продаж 90 дн
oz_acc1,2652681052,Эксперимент1,8.0,нет продаж 90 дн
oz_acc1,2653017293,Эксперимент1,8.0,нет продаж 90 дн
oz_acc1,2655603245,от 5000 до 10000,12.0,нет продаж 90 дн
oz_acc1,2655603245,Эксперимент1,8.0,нет продаж 90 дн
oz_acc1,2661262091,Эксперимент1,8.0,нет продаж 90 дн
oz_acc1,2661349069,от 5000 до 10000,12.0,нет продаж 90 дн
oz_acc1,2677619393,от 10000 до 500 тыс,12.0,нет маржи и нет продаж 90 дн
oz_acc1,2678820612,Эксперимент1,8.0,нет продаж 90 дн
oz_acc1,2686018545,Эксперимент1,8.0,нет продаж 90 дн
oz_acc1,2686381512,от 10000 до 500 тыс,12.0,нет продаж 90 дн
oz_acc1,2693677792,Эксперимент1,8.0,нет продаж 90 дн
oz_acc1,2694538240,Эксперимент1,8.0,нет продаж 90 дн
oz_acc1,2694958470,от 10000 до 500 тыс,12.0,нет продаж 90 дн
oz_acc1,2695022814,от 10000 до 500 тыс,12.0,нет продаж 90 дн
oz_acc1,2695125848,Эксперимент1,8.0,нет продаж 90 дн
oz_acc1,2698069056,от 1000-2000,10.0,нет продаж 90 дн
oz_acc1,2701299994,Эксперимент1,8.0,нет продаж 90 дн
oz_acc1,2713595729,от 5000 до 10000,12.0,нет продаж 90 дн
oz_acc1,2716460322,Эксперимент1,8.0,нет маржи и нет продаж 90 дн
oz_acc1,2718796159,от 2000 до 5000,12.0,нет продаж 90 дн
oz_acc1,2727729174,от 2000 до 5000,12.0,нет продаж 90 дн
oz_acc1,2727729174,Эксперимент1,8.0,нет продаж 90 дн
oz_acc1,2731946140,от 10000 до 500 тыс,12.0,нет маржи и нет продаж 90 дн
oz_acc1,2732073365,от 10000 до 500 тыс,12.0,нет продаж 90 дн
oz_acc1,2732073365,Эксперимент1,9.0,нет продаж 90 дн
oz_acc1,2740312732,от 10000 до 500 тыс,12.0,нет продаж 90 дн
oz_acc1,2740529326,от 10000 до 500 тыс,12.0,нет маржи и нет продаж 90 дн
oz_acc1,2741555287,от 10000 до 500 тыс,12.0,нет продаж 90 дн
oz_acc1,2746932430,Эксперимент1,8.0,нет маржи и нет продаж 90 дн
oz_acc1,2747581184,Эксперимент1,8.0,нет продаж 90 дн
oz_acc1,2748641409,от 10000 до 500 тыс,12.0,нет продаж 90 дн
oz_acc1,2748641409,Эксперимент1,8.0,нет продаж 90 дн
oz_acc1,2784834038,Эксперимент1,7.0,нет продаж 90 дн
oz_acc1,2785191533,Пустые РК,13.0,нет продаж 90 дн
oz_acc1,2791145660,от 2000 до 5000,12.0,нет продаж 90 дн
oz_acc1,2791188767,Пустые РК,12.0,нет продаж 90 дн
oz_acc1,2792815616,от 2000 до 5000,12.0,нет продаж 90 дн
oz_acc1,2798071760,от 10000 до 500 тыс,12.0,нет продаж 90 дн
oz_acc1,2798102773,Эксперимент1,8.0,нет продаж 90 дн
oz_acc1,2803183127,от 2000 до 5000,12.0,нет продаж 90 дн
oz_acc1,2803347161,Эксперимент1,8.0,нет маржи и нет продаж 90 дн
oz_acc1,2805589187,Эксперимент1,8.0,нет продаж 90 дн
oz_acc1,2806862095,Пустые РК,12.0,нет маржи и нет продаж 90 дн
oz_acc1,2815981139,Пустые РК,12.0,нет продаж 90 дн
oz_acc1,2816395953,Эксперимент1,8.0,нет продаж 90 дн
oz_acc1,2837779525,от 2000 до 5000,12.0,нет продаж 90 дн
oz_acc1,2837793563,от 2000 до 5000,12.0,нет продаж 90 дн
oz_acc1,2837963147,Эксперимент1,8.0,нет маржи и нет продаж 90 дн
oz_acc1,2838233697,Эксперимент1,8.0,нет продаж 90 дн
oz_acc1,2857348539,Эксперимент1,8.0,нет продаж 90 дн
oz_acc1,2868900155,Эксперимент1,8.0,нет продаж 90 дн
oz_acc1,2870879821,Пустые РК,12.0,нет продаж 90 дн
oz_acc1,2908964978,Эксперимент1,8.0,нет продаж 90 дн
oz_acc1,2909094463,Эксперимент1,8.0,нет продаж 90 дн
oz_acc1,2909229333,от 2000 до 5000,13.0,нет продаж 90 дн
oz_acc1,2909326127,Эксперимент1,8.0,нет продаж 90 дн
oz_acc1,2909484293,Эксперимент1,8.0,нет продаж 90 дн
oz_acc1,2909605268,от 2000 до 5000,12.0,нет продаж 90 дн
oz_acc1,2909616400,от 5000 до 10000,12.0,нет продаж 90 дн
oz_acc1,2909680306,от 5000 до 10000,12.0,нет продаж 90 дн
oz_acc1,2912278527,Эксперимент1,8.0,нет продаж 90 дн
oz_acc1,2912501241,Эксперимент1,8.0,нет продаж 90 дн
oz_acc1,2912670083,Эксперимент1,8.0,нет продаж 90 дн
oz_acc1,2912942193,от 10000 до 500 тыс,12.0,нет маржи и нет продаж 90 дн
oz_acc1,2915612517,от 2000 до 5000,12.0,нет продаж 90 дн
oz_acc1,2916033944,Эксперимент1,8.0,нет продаж 90 дн
oz_acc1,2917391258,от 10000 до 500 тыс,12.0,нет продаж 90 дн
oz_acc1,2917433925,от 10000 до 500 тыс,12.0,нет продаж 90 дн
oz_acc1,2917517791,от 5000 до 10000,12.0,нет продаж 90 дн
oz_acc1,2917604956,Эксперимент1,8.0,нет маржи и нет продаж 90 дн
oz_acc1,2919692742,от 10000 до 500 тыс,12.0,нет продаж 90 дн
oz_acc1,2920113130,Эксперимент1,8.0,нет продаж 90 дн
oz_acc1,2920904121,Эксперимент1,8.0,нет продаж 90 дн
oz_acc1,2920928521,от 10000 до 500 тыс,12.0,нет продаж 90 дн
oz_acc1,2921279200,от 10000 до 500 тыс,12.0,нет продаж 90 дн
oz_acc1,2921415965,Эксперимент1,8.0,нет продаж 90 дн
oz_acc1,2921477942,от 5000 до 10000,12.0,нет продаж 90 дн
oz_acc1,2921495364,от 10000 до 500 тыс,12.0,нет продаж 90 дн
oz_acc1,2921610348,от 10000 до 500 тыс,12.0,нет продаж 90 дн
oz_acc1,2921892914,Эксперимент1,8.0,нет маржи и нет продаж 90 дн
oz_acc1,2922983147,от 5000 до 10000,12.0,нет продаж 90 дн
oz_acc1,2923110529,от 10000 до 500 тыс,12.0,нет продаж 90 дн
oz_acc1,2923153284,от 10000 до 500 тыс,12.0,нет продаж 90 дн
oz_acc1,2923304137,Эксперимент1,8.0,нет продаж 90 дн
oz_acc1,2923457960,Эксперимент1,9.0,нет продаж 90 дн
oz_acc1,2923528365,от 10000 до 500 тыс,12.0,нет продаж 90 дн
oz_acc1,2923674669,Эксперимент1,8.0,нет продаж 90 дн
oz_acc1,2923716898,Эксперимент1,8.0,нет продаж 90 дн
oz_acc1,2924119878,Эксперимент1,8.0,нет продаж 90 дн
oz_acc1,2924258731,Эксперимент1,8.0,нет продаж 90 дн
oz_acc1,2924326952,от 10000 до 500 тыс,12.0,нет продаж 90 дн
oz_acc1,2925698725,от 10000 до 500 тыс,12.0,нет маржи и нет продаж 90 дн
oz_acc1,2925746894,от 5000 до 10000,12.0,нет продаж 90 дн
oz_acc1,2926119657,от 5000 до 10000,12.0,нет продаж 90 дн
oz_acc1,2926174990,от 10000 до 500 тыс,12.0,нет продаж 90 дн
oz_acc1,2926196556,Эксперимент1,8.0,нет продаж 90 дн
oz_acc1,2926828979,Эксперимент1,8.0,нет маржи и нет продаж 90 дн
oz_acc1,2926870911,от 5000 до 10000,12.0,нет продаж 90 дн
oz_acc1,2926904479,Эксперимент1,8.0,нет маржи и нет продаж 90 дн
oz_acc1,2926935076,от 10000 до 500 тыс,12.0,нет продаж 90 дн
oz_acc1,2926967929,от 10000 до 500 тыс,12.0,нет продаж 90 дн
oz_acc1,2926985245,Пустые РК,12.0,нет продаж 90 дн
oz_acc1,2928408930,от 5000 до 10000,12.0,нет продаж 90 дн
oz_acc1,2928768335,Пустые РК,12.0,нет продаж 90 дн
oz_acc1,2928910892,от 10000 до 500 тыс,12.0,нет маржи и нет продаж 90 дн
oz_acc1,2929045652,Пустые РК,12.0,нет маржи и нет продаж 90 дн
oz_acc1,2929127999,от 10000 до 500 тыс,12.0,нет маржи и нет продаж 90 дн
oz_acc1,2929229730,Пустые РК,12.0,нет продаж 90 дн
oz_acc1,2929256336,от 10000 до 500 тыс,12.0,нет маржи и нет продаж 90 дн
oz_acc1,2929326381,от 10000 до 500 тыс,12.0,нет продаж 90 дн
oz_acc1,2929344409,Пустые РК,12.0,нет продаж 90 дн
oz_acc1,2929400598,Пустые РК,12.0,нет продаж 90 дн
oz_acc1,2931678051,Эксперимент1,8.0,нет маржи и нет продаж 90 дн
oz_acc1,2935693810,Пустые РК,12.0,нет продаж 90 дн
oz_acc1,2935700743,Пустые РК,12.0,нет продаж 90 дн
oz_acc1,2950166687,Пустые РК,10.0,нет продаж 90 дн
oz_acc1,2962500619,Пустые РК,12.0,нет продаж 90 дн
oz_acc1,2994047422,Эксперимент1,8.0,нет продаж 90 дн
oz_acc1,2999084930,Эксперимент1,8.0,нет продаж 90 дн
oz_acc1,2999128674,Эксперимент1,8.0,нет продаж 90 дн
oz_acc1,2999144539,Пустые РК,12.0,нет продаж 90 дн
oz_acc1,2999164787,Пустые РК,12.0,нет продаж 90 дн
oz_acc1,2999182881,Пустые РК,12.0,нет продаж 90 дн
oz_acc1,2999193397,Пустые РК,10.0,нет продаж 90 дн
oz_acc1,2999199646,Пустые РК,10.0,нет продаж 90 дн
oz_acc1,3006185440,Пустые РК,12.0,нет продаж 90 дн
oz_acc1,3006256794,Пустые РК,12.0,нет маржи и нет продаж 90 дн
oz_acc1,3006265875,Пустые РК,10.0,нет продаж 90 дн
oz_acc1,3006464917,Пустые РК,13.0,нет продаж 90 дн
oz_acc1,3006479268,Пустые РК,12.0,нет продаж 90 дн
oz_acc1,3006490473,от 2000 до 5000,12.0,нет продаж 90 дн
oz_acc1,3006495527,Пустые РК,12.0,нет продаж 90 дн
oz_acc1,3006507445,Пустые РК,12.0,нет продаж 90 дн
oz_acc1,3006507502,Эксперимент1,8.0,нет продаж 90 дн
oz_acc1,3006511904,Эксперимент1,8.0,нет продаж 90 дн
oz_acc1,3006524003,Пустые РК,12.0,нет продаж 90 дн
oz_acc1,3126540314,от 2000 до 5000,12.0,нет продаж 90 дн
oz_acc1,3194557033,от 2000 до 5000,12.0,нет продаж 90 дн
oz_acc1,3194566498,Эксперимент1,8.0,нет продаж 90 дн
oz_acc1,3194577580,Эксперимент1,8.0,нет продаж 90 дн
oz_acc1,3194612033,от 2000 до 5000,12.0,нет продаж 90 дн
oz_acc1,3194940226,от 2000 до 5000,12.0,нет продаж 90 дн
oz_acc1,3195089811,Эксперимент1,8.0,нет продаж 90 дн
oz_acc1,3199271505,от 0 до 1000,10.0,нет продаж 90 дн
oz_acc1,3199281099,Эксперимент1,8.0,нет продаж 90 дн
oz_acc1,3199294138,Эксперимент1,8.0,нет продаж 90 дн
oz_acc1,3199301793,Эксперимент1,8.0,нет продаж 90 дн
oz_acc1,3199310565,от 2000 до 5000,12.0,нет продаж 90 дн
oz_acc1,3199322808,от 2000 до 5000,12.0,нет продаж 90 дн
oz_acc1,3199333609,от 2000 до 5000,12.0,нет продаж 90 дн
oz_acc1,3199383328,от 10000 до 500 тыс,12.0,нет продаж 90 дн
oz_acc1,3199400758,от 2000 до 5000,12.0,нет продаж 90 дн
oz_acc1,3199463045,Эксперимент1,8.0,нет маржи и нет продаж 90 дн
oz_acc1,3260315536,от 10000 до 500 тыс,12.0,нет продаж 90 дн
oz_acc1,3335884757,Эксперимент1,8.0,нет продаж 90 дн
oz_acc1,3350289769,от 2000 до 5000,12.0,нет продаж 90 дн
oz_acc1,3350361836,Эксперимент1,8.0,нет продаж 90 дн
oz_acc1,3350367401,от 2000 до 5000,12.0,нет продаж 90 дн
oz_acc1,3350367401,Эксперимент1,8.0,нет продаж 90 дн
oz_acc1,3350380420,от 10000 до 500 тыс,12.0,нет продаж 90 дн
oz_acc1,3350388242,от 2000 до 5000,12.0,нет продаж 90 дн
oz_acc1,3365564092,Эксперимент1,8.0,нет продаж 90 дн
oz_acc1,3369164431,Эксперимент1,8.0,нет продаж 90 дн
oz_acc1,3415711196,от 2000 до 5000,12.0,нет продаж 90 дн
oz_acc1,3415746776,от 2000 до 5000,12.0,нет продаж 90 дн
oz_acc1,3421529604,от 2000 до 5000,12.0,нет продаж 90 дн
oz_acc1,3421529604,Эксперимент1,8.0,нет продаж 90 дн
oz_acc1,3460923923,от 2000 до 5000,12.0,нет продаж 90 дн
oz_acc1,3460947459,от 2000 до 5000,12.0,нет продаж 90 дн
oz_acc1,3460962102,от 2000 до 5000,12.0,нет продаж 90 дн
oz_acc1,3497929054,от 1000-2000,10.0,нет продаж 90 дн
oz_acc1,3497929054,Эксперимент1,8.0,нет продаж 90 дн
oz_acc1,3497932541,от 2000 до 5000,12.0,нет продаж 90 дн
oz_acc1,3497932541,Эксперимент1,8.0,нет продаж 90 дн
oz_acc1,3497934374,Эксперимент1,8.0,нет продаж 90 дн
oz_acc1,3527210054,Эксперимент1,8.0,нет продаж 90 дн
oz_acc1,3527215882,от 2000 до 5000,12.0,нет продаж 90 дн
oz_acc1,3547122752,Эксперимент1,8.0,нет продаж 90 дн
oz_acc1,3548485164,от 1000-2000,10.0,нет продаж 90 дн
oz_acc1,3548485164,Эксперимент1,8.0,нет продаж 90 дн
oz_acc1,3548514468,от 2000 до 5000,12.0,нет продаж 90 дн
oz_acc1,3548520966,от 2000 до 5000,12.0,нет продаж 90 дн
oz_acc1,3556716471,от 2000 до 5000,12.0,нет продаж 90 дн
oz_acc1,3556716471,Эксперимент1,8.0,нет продаж 90 дн
oz_acc1,3557209404,Эксперимент1,8.0,нет продаж 90 дн
oz_acc1,3557209592,от 5000 до 10000,12.0,нет продаж 90 дн
oz_acc1,3557209592,Эксперимент1,8.0,нет продаж 90 дн
oz_acc1,3557209596,от 10000 до 500 тыс,12.0,нет продаж 90 дн
oz_acc1,3557209614,от 2000 до 5000,12.0,нет маржи и нет продаж 90 дн
oz_acc1,3557209623,от 10000 до 500 тыс,12.0,нет продаж 90 дн
oz_acc1,3557209636,от 5000 до 10000,12.0,нет продаж 90 дн
oz_acc1,3557209653,от 5000 до 10000,12.0,нет продаж 90 дн
oz_acc1,3557209680,от 10000 до 500 тыс,12.0,нет продаж 90 дн
oz_acc1,3557209685,Эксперимент1,8.0,нет продаж 90 дн
oz_acc1,3557209740,от 1000-2000,12.0,нет продаж 90 дн
oz_acc1,3557209751,от 1000-2000,12.0,нет продаж 90 дн
oz_acc1,3557209751,Эксперимент1,8.0,нет продаж 90 дн
oz_acc1,3557209770,Эксперимент1,8.0,нет продаж 90 дн
oz_acc1,3557209773,Эксперимент1,8.0,нет продаж 90 дн
oz_acc1,3557209784,от 2000 до 5000,12.0,нет продаж 90 дн
oz_acc1,3557209789,от 2000 до 5000,12.0,нет продаж 90 дн
oz_acc1,3557209790,от 2000 до 5000,12.0,нет продаж 90 дн
oz_acc1,3557209790,Эксперимент1,8.0,нет продаж 90 дн
oz_acc1,3557209806,от 10000 до 500 тыс,12.0,нет продаж 90 дн
oz_acc1,3557209811,Эксперимент1,8.0,нет продаж 90 дн
oz_acc1,3557209813,от 1000-2000,12.0,нет продаж 90 дн
oz_acc1,3557209833,от 10000 до 500 тыс,12.0,нет маржи и нет продаж 90 дн
oz_acc1,3557209841,от 10000 до 500 тыс,12.0,нет продаж 90 дн
oz_acc1,3557209845,от 0 до 1000,10.0,нет продаж 90 дн
oz_acc1,3557209846,от 2000 до 5000,12.0,нет продаж 90 дн
oz_acc1,3557209847,Эксперимент1,8.0,нет продаж 90 дн
oz_acc1,3557209864,от 10000 до 500 тыс,12.0,нет продаж 90 дн
oz_acc1,3557209866,от 2000 до 5000,12.0,нет продаж 90 дн
oz_acc1,3557209866,Эксперимент1,8.0,нет продаж 90 дн
oz_acc1,3557209867,от 5000 до 10000,12.0,нет продаж 90 дн
oz_acc1,3557209876,от 2000 до 5000,12.0,нет продаж 90 дн
oz_acc1,3557209878,от 1000-2000,10.0,нет продаж 90 дн
oz_acc1,3557209878,Эксперимент1,8.0,нет продаж 90 дн
oz_acc1,3557209885,от 5000 до 10000,12.0,нет продаж 90 дн
oz_acc1,3557209893,Эксперимент1,8.0,нет продаж 90 дн
oz_acc1,3557209903,от 10000 до 500 тыс,12.0,нет продаж 90 дн
oz_acc1,3557209911,Эксперимент1,8.0,нет продаж 90 дн
oz_acc1,3557209912,от 5000 до 10000,12.0,нет продаж 90 дн
oz_acc1,3557209931,от 2000 до 5000,12.0,нет продаж 90 дн
oz_acc1,3557209935,от 2000 до 5000,13.0,нет продаж 90 дн
oz_acc1,3557209940,от 2000 до 5000,12.0,нет продаж 90 дн
oz_acc1,3557209941,от 10000 до 500 тыс,12.0,нет продаж 90 дн
oz_acc1,3557209943,Эксперимент1,8.0,нет продаж 90 дн
oz_acc1,3557209948,от 10000 до 500 тыс,12.0,нет маржи и нет продаж 90 дн
oz_acc1,3557209952,Эксперимент1,8.0,нет продаж 90 дн
oz_acc1,3557209961,Эксперимент1,8.0,нет продаж 90 дн
oz_acc1,3557209965,Эксперимент1,8.0,нет продаж 90 дн
oz_acc1,3557210004,от 10000 до 500 тыс,12.0,нет продаж 90 дн
oz_acc1,3557210004,Эксперимент1,8.0,нет продаж 90 дн
oz_acc1,3557210008,от 10000 до 500 тыс,12.0,нет продаж 90 дн
oz_acc1,3557210018,Эксперимент1,8.0,нет продаж 90 дн
oz_acc1,3557210022,Эксперимент1,8.0,нет продаж 90 дн
oz_acc1,3557210033,от 10000 до 500 тыс,12.0,нет продаж 90 дн
oz_acc1,3557210051,Эксперимент1,8.0,нет продаж 90 дн
oz_acc1,3557210082,Эксперимент1,8.0,нет продаж 90 дн
oz_acc1,3557210101,от 10000 до 500 тыс,12.0,нет продаж 90 дн
oz_acc1,3557210105,Эксперимент1,8.0,нет продаж 90 дн
oz_acc1,3557210257,Эксперимент1,8.0,нет продаж 90 дн
oz_acc1,3557210487,от 5000 до 10000,12.0,нет продаж 90 дн
oz_acc1,3557210540,Эксперимент1,8.0,нет продаж 90 дн
oz_acc1,3557210545,от 10000 до 500 тыс,12.0,нет продаж 90 дн
oz_acc1,3557210582,от 2000 до 5000,12.0,нет продаж 90 дн
oz_acc1,3557210618,от 2000 до 5000,12.0,нет продаж 90 дн
oz_acc1,3557210618,Эксперимент1,8.0,нет продаж 90 дн
oz_acc1,3557210630,от 10000 до 500 тыс,12.0,нет продаж 90 дн
oz_acc1,3557210699,от 2000 до 5000,12.0,нет продаж 90 дн
oz_acc1,3557210699,Эксперимент1,8.0,нет продаж 90 дн
oz_acc1,3557210708,Эксперимент1,8.0,нет продаж 90 дн
oz_acc1,3557210711,от 1000-2000,10.0,нет продаж 90 дн
oz_acc1,3557210711,Эксперимент1,8.0,нет продаж 90 дн
oz_acc1,3557210714,Эксперимент1,8.0,нет продаж 90 дн
oz_acc1,3557210721,Эксперимент1,8.0,нет продаж 90 дн
oz_acc1,3557210728,Эксперимент1,8.0,нет продаж 90 дн
oz_acc1,3557210735,Эксперимент1,8.0,нет продаж 90 дн
oz_acc1,3557210736,от 10000 до 500 тыс,12.0,нет продаж 90 дн
oz_acc1,3557210753,Эксперимент1,8.0,нет продаж 90 дн
oz_acc1,3557210762,от 2000 до 5000,12.0,нет продаж 90 дн
oz_acc1,3557210763,от 2000 до 5000,12.0,нет продаж 90 дн
oz_acc1,3557210763,Эксперимент1,8.0,нет продаж 90 дн
oz_acc1,3557210769,от 2000 до 5000,12.0,нет продаж 90 дн
oz_acc1,3557210769,Эксперимент1,8.0,нет продаж 90 дн
oz_acc1,3557210780,от 5000 до 10000,12.0,нет продаж 90 дн
oz_acc1,3557210780,Эксперимент1,8.0,нет продаж 90 дн
oz_acc1,3557210787,Эксперимент1,8.0,нет продаж 90 дн
oz_acc1,3557210797,Эксперимент1,8.0,нет продаж 90 дн
oz_acc1,3557210809,от 5000 до 10000,12.0,нет продаж 90 дн
oz_acc1,3557210832,от 2000 до 5000,13.0,нет продаж 90 дн
oz_acc1,3557210832,Эксперимент1,8.0,нет продаж 90 дн
oz_acc1,3557210840,от 2000 до 5000,12.0,нет продаж 90 дн
oz_acc1,3557210841,от 2000 до 5000,12.0,нет продаж 90 дн
oz_acc1,3557210841,Эксперимент1,8.0,нет продаж 90 дн
oz_acc1,3557210852,от 2000 до 5000,12.0,нет продаж 90 дн
oz_acc1,3557210852,Эксперимент1,8.0,нет продаж 90 дн
oz_acc1,3557210856,Эксперимент1,8.0,нет продаж 90 дн
oz_acc1,3557210867,от 2000 до 5000,12.0,нет продаж 90 дн
oz_acc1,3557210874,от 10000 до 500 тыс,12.0,нет продаж 90 дн
oz_acc1,3557210884,от 2000 до 5000,12.0,нет продаж 90 дн
oz_acc1,3557210884,Эксперимент1,8.0,нет продаж 90 дн
oz_acc1,3557210892,от 2000 до 5000,12.0,нет маржи и нет продаж 90 дн
oz_acc1,3557210895,Эксперимент1,8.0,нет продаж 90 дн
oz_acc1,3557210899,от 2000 до 5000,12.0,нет продаж 90 дн
oz_acc1,3557210899,Эксперимент1,8.0,нет продаж 90 дн
oz_acc1,3557210928,Эксперимент1,8.0,нет продаж 90 дн
oz_acc1,3557210947,Эксперимент1,8.0,нет продаж 90 дн
oz_acc1,3557210969,от 2000 до 5000,12.0,нет продаж 90 дн
oz_acc1,3557210969,Эксперимент1,8.0,нет продаж 90 дн
oz_acc1,3557210971,от 2000 до 5000,13.0,нет маржи и нет продаж 90 дн
oz_acc1,3557210973,от 2000 до 5000,12.0,нет продаж 90 дн
oz_acc1,3557210985,Эксперимент1,8.0,нет продаж 90 дн
oz_acc1,3557210987,от 10000 до 500 тыс,12.0,нет продаж 90 дн
oz_acc1,3557210988,Эксперимент1,8.0,нет продаж 90 дн
oz_acc1,3557210992,Эксперимент1,8.0,нет продаж 90 дн
oz_acc1,3557210994,Эксперимент1,8.0,нет продаж 90 дн
oz_acc1,3557211000,от 2000 до 5000,12.0,нет продаж 90 дн
oz_acc1,3557211002,Эксперимент1,8.0,нет продаж 90 дн
oz_acc1,3557211010,от 2000 до 5000,12.0,нет продаж 90 дн
oz_acc1,3557211010,Эксперимент1,8.0,нет продаж 90 дн
oz_acc1,3557211013,от 2000 до 5000,12.0,нет продаж 90 дн
oz_acc1,3557211019,Эксперимент1,8.0,нет продаж 90 дн
oz_acc1,3557211027,от 2000 до 5000,12.0,нет продаж 90 дн
oz_acc1,3557211030,от 2000 до 5000,12.0,нет продаж 90 дн
oz_acc1,3557211031,от 2000 до 5000,12.0,нет продаж 90 дн
oz_acc1,3557211053,от 2000 до 5000,12.0,нет продаж 90 дн
oz_acc1,3557211057,от 2000 до 5000,12.0,нет продаж 90 дн
oz_acc1,3557211057,Эксперимент1,8.0,нет продаж 90 дн
oz_acc1,3557211065,от 5000 до 10000,12.0,нет продаж 90 дн
oz_acc1,3557211090,от 2000 до 5000,13.0,нет продаж 90 дн
oz_acc1,3557211090,Эксперимент1,8.0,нет продаж 90 дн
oz_acc1,3557211092,от 10000 до 500 тыс,12.0,нет продаж 90 дн
oz_acc1,3557211102,от 10000 до 500 тыс,12.0,нет продаж 90 дн
oz_acc1,3557211107,Эксперимент1,8.0,нет продаж 90 дн
oz_acc1,3557211113,Эксперимент1,8.0,нет продаж 90 дн
oz_acc1,3557211134,от 5000 до 10000,12.0,нет продаж 90 дн
oz_acc1,3557211135,Эксперимент1,8.0,нет продаж 90 дн
oz_acc1,3557211141,от 2000 до 5000,12.0,нет продаж 90 дн
oz_acc1,3557211159,Эксперимент1,8.0,нет продаж 90 дн
oz_acc1,3557211167,Эксперимент1,8.0,нет продаж 90 дн
oz_acc1,3557211176,от 2000 до 5000,12.0,нет продаж 90 дн
oz_acc1,3557211176,Эксперимент1,8.0,нет продаж 90 дн
oz_acc1,3557211177,Эксперимент1,8.0,нет продаж 90 дн
oz_acc1,3557211188,от 5000 до 10000,12.0,нет продаж 90 дн
oz_acc1,3557211197,Эксперимент1,8.0,нет продаж 90 дн
oz_acc1,3557211207,Эксперимент1,8.0,нет продаж 90 дн
oz_acc1,3557211212,от 10000 до 500 тыс,12.0,нет продаж 90 дн
oz_acc1,3557211218,Эксперимент1,8.0,нет продаж 90 дн
oz_acc1,3557211220,от 5000 до 10000,12.0,нет продаж 90 дн
oz_acc1,3557211221,Эксперимент1,8.0,нет продаж 90 дн
oz_acc1,3557211228,от 0 до 1000,10.0,нет продаж 90 дн
oz_acc1,3557211228,Эксперимент1,8.0,нет продаж 90 дн
oz_acc1,3557211230,от 1000-2000,12.0,нет продаж 90 дн
oz_acc1,3557211230,Эксперимент1,8.0,нет продаж 90 дн
oz_acc1,3557211244,Эксперимент1,8.0,нет продаж 90 дн
oz_acc1,3557211256,от 10000 до 500 тыс,12.0,нет продаж 90 дн
oz_acc1,3557211258,от 2000 до 5000,12.0,нет продаж 90 дн
oz_acc1,3557211258,Эксперимент1,8.0,нет продаж 90 дн
oz_acc1,3557211260,Эксперимент1,8.0,нет продаж 90 дн
oz_acc1,3557211261,от 2000 до 5000,12.0,нет продаж 90 дн
oz_acc1,3557211269,Эксперимент1,8.0,нет продаж 90 дн
oz_acc1,3557211275,от 2000 до 5000,12.0,нет продаж 90 дн
oz_acc1,3557211283,Эксперимент1,8.0,нет продаж 90 дн
oz_acc1,3557211292,от 5000 до 10000,12.0,нет продаж 90 дн
oz_acc1,3557211299,от 1000-2000,12.0,нет продаж 90 дн
oz_acc1,3557211312,Эксперимент1,8.0,нет продаж 90 дн
oz_acc1,3557211314,Эксперимент1,8.0,нет продаж 90 дн
oz_acc1,3557211373,от 5000 до 10000,12.0,нет продаж 90 дн
oz_acc1,3557211386,от 2000 до 5000,12.0,нет продаж 90 дн
oz_acc1,3557211453,от 2000 до 5000,12.0,нет продаж 90 дн
oz_acc1,3557211459,от 10000 до 500 тыс,12.0,нет продаж 90 дн
oz_acc1,3557211470,от 2000 до 5000,12.0,нет продаж 90 дн
oz_acc1,3557211470,Эксперимент1,8.0,нет продаж 90 дн
oz_acc1,3558718258,Эксперимент1,8.0,нет продаж 90 дн
oz_acc1,3558730852,Эксперимент1,8.0,нет продаж 90 дн
oz_acc1,3558736099,Эксперимент1,8.0,нет маржи и нет продаж 90 дн
oz_acc1,3558739285,от 2000 до 5000,12.0,нет продаж 90 дн
oz_acc1,3558739285,Эксперимент1,8.0,нет продаж 90 дн
oz_acc1,3558742596,от 2000 до 5000,12.0,нет продаж 90 дн
oz_acc1,3558742596,Эксперимент1,8.0,нет продаж 90 дн
oz_acc1,3558752535,от 2000 до 5000,12.0,нет продаж 90 дн
oz_acc1,3558752535,Эксперимент1,8.0,нет продаж 90 дн
oz_acc1,3558754981,Эксперимент1,8.0,нет продаж 90 дн
oz_acc1,3558758138,от 2000 до 5000,12.0,нет продаж 90 дн
oz_acc1,3558760658,от 1000-2000,10.0,нет продаж 90 дн
oz_acc1,3558760658,Эксперимент1,8.0,нет продаж 90 дн
oz_acc1,3558768615,Эксперимент1,8.0,нет продаж 90 дн
oz_acc1,3558770927,от 1000-2000,10.0,нет продаж 90 дн
oz_acc1,3558770927,Эксперимент1,8.0,нет продаж 90 дн
oz_acc1,3558774446,от 1000-2000,12.0,нет продаж 90 дн
oz_acc1,3558777201,Эксперимент1,8.0,нет маржи и нет продаж 90 дн
oz_acc1,3558779657,от 2000 до 5000,12.0,нет продаж 90 дн
oz_acc1,3558791048,от 2000 до 5000,12.0,нет продаж 90 дн
oz_acc1,3558791048,Эксперимент1,8.0,нет продаж 90 дн
oz_acc1,3558815092,от 2000 до 5000,12.0,нет продаж 90 дн
oz_acc1,3558872559,от 5000 до 10000,12.0,нет продаж 90 дн
oz_acc1,3582264350,от 5000 до 10000,12.0,нет продаж 90 дн
oz_acc1,3582264350,Эксперимент1,8.0,нет продаж 90 дн
oz_acc1,3582277264,Эксперимент1,8.0,нет маржи и нет продаж 90 дн
oz_acc1,3582307708,от 1000-2000,10.0,нет продаж 90 дн
oz_acc1,3582307708,Эксперимент1,8.0,нет продаж 90 дн
oz_acc1,3650107074,от 10000 до 500 тыс,12.0,нет маржи и нет продаж 90 дн
oz_acc1,3650112777,от 10000 до 500 тыс,12.0,нет маржи и нет продаж 90 дн
oz_acc1,3651549136,от 10000 до 500 тыс,12.0,нет маржи и нет продаж 90 дн
oz_acc1,3651550683,от 10000 до 500 тыс,12.0,нет маржи и нет продаж 90 дн
oz_acc1,3651554092,от 10000 до 500 тыс,13.0,нет маржи и нет продаж 90 дн
oz_acc1,3651554276,от 10000 до 500 тыс,12.0,нет маржи и нет продаж 90 дн
oz_acc1,3651554280,от 10000 до 500 тыс,12.0,нет продаж 90 дн
oz_acc1,3651667139,от 2000 до 5000,12.0,нет маржи и нет продаж 90 дн
oz_acc1,3651670684,от 5000 до 10000,12.0,нет продаж 90 дн
oz_acc1,3651673381,Эксперимент1,8.0,нет продаж 90 дн
oz_acc1,3652065583,от 2000 до 5000,12.0,нет продаж 90 дн
oz_acc1,3652129795,от 2000 до 5000,12.0,нет продаж 90 дн
oz_acc1,3652145889,от 5000 до 10000,12.0,нет продаж 90 дн
oz_acc1,3652148856,от 2000 до 5000,12.0,нет продаж 90 дн
oz_acc1,3652150999,от 2000 до 5000,12.0,нет продаж 90 дн
oz_acc1,3652151223,от 2000 до 5000,12.0,нет продаж 90 дн
oz_acc1,3652153445,от 2000 до 5000,12.0,нет продаж 90 дн
oz_acc1,3655303449,от 5000 до 10000,12.0,нет продаж 90 дн
oz_acc1,3655306498,от 5000 до 10000,12.0,нет продаж 90 дн
oz_acc1,3655307897,от 5000 до 10000,12.0,нет продаж 90 дн
oz_acc1,3655430031,от 5000 до 10000,12.0,нет продаж 90 дн
oz_acc1,3655924186,от 2000 до 5000,12.0,нет продаж 90 дн
oz_acc1,3655928543,Эксперимент1,8.0,нет продаж 90 дн
oz_acc1,3656071075,от 5000 до 10000,12.0,нет продаж 90 дн
oz_acc1,3656073335,от 5000 до 10000,12.0,нет продаж 90 дн
oz_acc1,3656076154,от 5000 до 10000,12.0,нет продаж 90 дн
oz_acc1,3656077388,от 5000 до 10000,12.0,нет продаж 90 дн
oz_acc1,3656077388,Эксперимент1,8.0,нет продаж 90 дн
oz_acc1,3656081365,от 10000 до 500 тыс,12.0,нет продаж 90 дн
oz_acc1,3656280493,от 5000 до 10000,12.0,нет маржи и нет продаж 90 дн
oz_acc1,3656280493,Эксперимент1,8.0,нет маржи и нет продаж 90 дн
oz_acc1,3656519120,от 5000 до 10000,12.0,нет продаж 90 дн
oz_acc1,3656519120,Эксперимент1,8.0,нет продаж 90 дн
oz_acc1,3656521266,от 5000 до 10000,12.0,нет продаж 90 дн
oz_acc1,3656525055,от 5000 до 10000,12.0,нет продаж 90 дн
oz_acc1,3656525087,от 5000 до 10000,12.0,нет продаж 90 дн
oz_acc1,3656598230,от 2000 до 5000,12.0,нет продаж 90 дн
oz_acc1,3656852058,Эксперимент1,8.0,нет продаж 90 дн
oz_acc1,3656853152,Эксперимент1,8.0,нет продаж 90 дн
oz_acc1,3656855882,Эксперимент1,8.0,нет продаж 90 дн
oz_acc1,3656864008,от 10000 до 500 тыс,12.0,нет продаж 90 дн
oz_acc1,3674688021,Эксперимент1,8.0,нет продаж 90 дн
oz_acc1,3674688571,Эксперимент1,8.0,нет продаж 90 дн
oz_acc1,3674688667,от 10000 до 500 тыс,12.0,нет продаж 90 дн
oz_acc1,3674688667,Эксперимент1,8.0,нет продаж 90 дн
oz_acc1,3674688769,от 5000 до 10000,12.0,нет продаж 90 дн
oz_acc1,3674688769,Эксперимент1,8.0,нет продаж 90 дн
oz_acc1,3674689095,от 2000 до 5000,12.0,нет продаж 90 дн
oz_acc1,3674689095,Эксперимент1,8.0,нет продаж 90 дн
oz_acc1,3674689114,от 10000 до 500 тыс,12.0,нет продаж 90 дн
oz_acc1,3674689195,от 10000 до 500 тыс,12.0,нет продаж 90 дн
oz_acc1,3674689195,Эксперимент1,8.0,нет продаж 90 дн
oz_acc1,3674690029,от 2000 до 5000,12.0,нет продаж 90 дн
oz_acc1,3674690029,Эксперимент1,8.0,нет продаж 90 дн
oz_acc1,3674690637,от 10000 до 500 тыс,12.0,нет продаж 90 дн
oz_acc1,3674690637,Эксперимент1,8.0,нет продаж 90 дн
oz_acc1,3674691232,от 2000 до 5000,12.0,нет маржи и нет продаж 90 дн
oz_acc1,3674691232,Эксперимент1,8.0,нет маржи и нет продаж 90 дн
oz_acc1,3674691283,от 10000 до 500 тыс,12.0,нет продаж 90 дн
oz_acc1,3674691633,от 2000 до 5000,12.0,нет продаж 90 дн
oz_acc1,3677139081,от 2000 до 5000,12.0,нет продаж 90 дн
oz_acc1,3677139081,Эксперимент1,8.0,нет продаж 90 дн
oz_acc1,3681599158,от 2000 до 5000,12.0,нет продаж 90 дн
oz_acc1,3681599158,Эксперимент1,8.0,нет продаж 90 дн
oz_acc1,3720133219,Эксперимент1,8.0,нет продаж 90 дн
oz_acc1,3721933214,от 5000 до 10000,12.0,нет продаж 90 дн
oz_acc1,3721933214,Эксперимент1,8.0,нет продаж 90 дн
oz_acc1,3722508199,от 2000 до 5000,12.0,нет продаж 90 дн
oz_acc1,3722514029,от 2000 до 5000,12.0,нет продаж 90 дн
oz_acc1,3722514029,Эксперимент1,8.0,нет продаж 90 дн
oz_acc1,3722517356,от 2000 до 5000,12.0,нет продаж 90 дн
oz_acc1,3722517356,Эксперимент1,8.0,нет продаж 90 дн
oz_acc1,3722519746,от 2000 до 5000,12.0,нет продаж 90 дн
oz_acc1,3722519746,Эксперимент1,8.0,нет продаж 90 дн
oz_acc1,3735008384,от 5000 до 10000,12.0,нет продаж 90 дн
oz_acc1,3735011451,от 10000 до 500 тыс,12.0,нет продаж 90 дн
oz_acc1,3735011451,Эксперимент1,8.0,нет продаж 90 дн
oz_acc1,3735017028,от 2000 до 5000,12.0,нет продаж 90 дн
oz_acc1,3735017028,Эксперимент1,8.0,нет продаж 90 дн
oz_acc1,3735019221,от 2000 до 5000,12.0,нет продаж 90 дн
oz_acc1,3735019221,Эксперимент1,8.0,нет продаж 90 дн
oz_acc1,3735020181,от 5000 до 10000,12.0,нет продаж 90 дн
oz_acc1,3735020181,Эксперимент1,8.0,нет продаж 90 дн
oz_acc1,3735021239,Эксперимент1,8.0,нет продаж 90 дн
oz_acc1,3735023034,Эксперимент1,8.0,нет продаж 90 дн
oz_acc1,3735024637,от 2000 до 5000,12.0,нет продаж 90 дн
oz_acc1,3735024637,Эксперимент1,8.0,нет продаж 90 дн
oz_acc1,3735027021,Эксперимент1,8.0,нет продаж 90 дн
oz_acc1,3735028847,Эксперимент1,8.0,нет продаж 90 дн
oz_acc1,3735029679,Эксперимент1,8.0,нет продаж 90 дн
oz_acc1,3736075010,от 5000 до 10000,12.0,нет продаж 90 дн
oz_acc1,3736075518,от 2000 до 5000,12.0,нет продаж 90 дн
oz_acc1,3736075518,Эксперимент1,8.0,нет продаж 90 дн
oz_acc1,3736076752,от 5000 до 10000,12.0,нет продаж 90 дн
oz_acc1,3736076752,Эксперимент1,8.0,нет продаж 90 дн
oz_acc1,3736134792,от 2000 до 5000,12.0,нет продаж 90 дн
oz_acc1,3736136098,от 5000 до 10000,12.0,нет продаж 90 дн
oz_acc1,3736136098,Эксперимент1,8.0,нет продаж 90 дн
oz_acc1,3736136392,от 2000 до 5000,12.0,нет продаж 90 дн
oz_acc1,3736137119,от 2000 до 5000,12.0,нет продаж 90 дн
oz_acc1,3736329062,Эксперимент1,8.0,нет продаж 90 дн
oz_acc1,3736329987,от 2000 до 5000,12.0,нет продаж 90 дн
oz_acc1,3748174517,от 5000 до 10000,12.0,нет продаж 90 дн
oz_acc1,3748174517,Эксперимент1,8.0,нет продаж 90 дн
oz_acc1,3748226628,от 5000 до 10000,12.0,нет продаж 90 дн
oz_acc1,3748226628,Эксперимент1,8.0,нет продаж 90 дн
oz_acc1,3757274618,от 2000 до 5000,12.0,нет продаж 90 дн
oz_acc1,3757274618,Эксперимент1,8.0,нет продаж 90 дн
oz_acc1,3760069809,от 2000 до 5000,12.0,нет маржи и нет продаж 90 дн
oz_acc1,3760069809,Эксперимент1,8.0,нет маржи и нет продаж 90 дн
oz_acc1,3835143477,от 10000 до 500 тыс,12.0,нет продаж 90 дн
oz_acc1,3848837244,от 2000 до 5000,12.0,нет продаж 90 дн
oz_acc1,3848837244,Эксперимент1,8.0,нет продаж 90 дн
oz_acc1,3848842757,от 2000 до 5000,12.0,нет продаж 90 дн
oz_acc1,3848842757,Эксперимент1,8.0,нет продаж 90 дн
oz_acc1,3848848051,от 2000 до 5000,12.0,нет продаж 90 дн
oz_acc1,3848848051,Эксперимент1,8.0,нет продаж 90 дн
oz_acc1,3855411611,Эксперимент1,8.0,нет продаж 90 дн
oz_acc1,3855415323,от 2000 до 5000,12.0,нет продаж 90 дн
oz_acc1,3855415323,Эксперимент1,8.0,нет продаж 90 дн
oz_acc1,3860897466,от 10000 до 500 тыс,12.0,нет продаж 90 дн
oz_acc1,3861479675,Эксперимент1,8.0,нет продаж 90 дн
oz_acc1,3861484815,Эксперимент1,8.0,нет продаж 90 дн
oz_acc1,3861488830,Эксперимент1,8.0,нет продаж 90 дн
oz_acc1,3943468740,от 10000 до 500 тыс,12.0,нет продаж 90 дн
oz_acc1,3943470527,от 2000 до 5000,12.0,нет маржи и нет продаж 90 дн
oz_acc1,3943470527,Эксперимент1,8.0,нет маржи и нет продаж 90 дн
oz_acc1,3953676273,от 2000 до 5000,12.0,нет продаж 90 дн
oz_acc1,3953677152,от 5000 до 10000,12.0,нет продаж 90 дн
oz_acc1,3953677152,Эксперимент1,8.0,нет продаж 90 дн
oz_acc1,3953677598,от 10000 до 500 тыс,12.0,нет продаж 90 дн
oz_acc1,3953681104,Эксперимент1,8.0,нет маржи и нет продаж 90 дн
oz_acc1,3953682062,от 5000 до 10000,12.0,нет продаж 90 дн
oz_acc1,3953682062,Эксперимент1,8.0,нет продаж 90 дн
oz_acc1,3953682157,от 2000 до 5000,12.0,нет продаж 90 дн
oz_acc1,3953682157,Эксперимент1,8.0,нет продаж 90 дн
oz_acc1,3953686807,от 2000 до 5000,12.0,нет маржи и нет продаж 90 дн
oz_acc1,3953686807,Эксперимент1,8.0,нет маржи и нет продаж 90 дн
oz_acc1,3953687246,от 5000 до 10000,12.0,нет продаж 90 дн
oz_acc1,3953687246,Эксперимент1,8.0,нет продаж 90 дн
oz_acc1,3953689579,от 2000 до 5000,12.0,нет продаж 90 дн
oz_acc1,3953689579,Эксперимент1,8.0,нет продаж 90 дн
oz_acc1,3953689946,от 2000 до 5000,12.0,нет продаж 90 дн
oz_acc1,3953689946,Эксперимент1,8.0,нет продаж 90 дн
oz_acc1,3953690054,от 10000 до 500 тыс,12.0,нет продаж 90 дн
oz_acc1,3953690255,Эксперимент1,8.0,нет продаж 90 дн
oz_acc1,4116948571,Эксперимент1,8.0,нет маржи и нет продаж 90 дн
oz_acc1,4199638862,Эксперимент1,8.0,нет продаж 90 дн
oz_acc1,4264730898,Эксперимент1,8.0,нет маржи и нет продаж 90 дн
oz_acc1,4264733568,Эксперимент1,8.0,нет маржи и нет продаж 90 дн
oz_acc1,4264736694,Эксперимент1,8.0,нет маржи и нет продаж 90 дн
oz_acc1,4280731365,от 5000 до 10000,12.0,нет продаж 90 дн
oz_acc1,4280733220,от 5000 до 10000,12.0,нет продаж 90 дн
oz_acc1,4280733220,Эксперимент1,8.0,нет продаж 90 дн
oz_acc1,4280736143,от 5000 до 10000,12.0,нет продаж 90 дн
oz_acc1,4280738784,от 5000 до 10000,12.0,нет продаж 90 дн
oz_acc1,4280738784,Эксперимент1,8.0,нет продаж 90 дн
oz_acc1,4280738871,от 10000 до 500 тыс,12.0,нет продаж 90 дн
oz_acc1,4280738871,Эксперимент1,8.0,нет продаж 90 дн
oz_acc1,4286924708,Эксперимент1,8.0,нет продаж 90 дн
oz_acc1,4286927087,от 10000 до 500 тыс,12.0,нет маржи и нет продаж 90 дн
oz_acc1,4286931304,от 10000 до 500 тыс,12.0,нет продаж 90 дн
oz_acc1,4286931304,Эксперимент1,8.0,нет продаж 90 дн
oz_acc1,4286932876,от 10000 до 500 тыс,12.0,нет маржи и нет продаж 90 дн
oz_acc1,4287195915,Эксперимент1,8.0,нет продаж 90 дн
oz_acc1,4331981930,от 10000 до 500 тыс,12.0,нет маржи и нет продаж 90 дн
oz_acc1,4331981930,Эксперимент1,8.0,нет маржи и нет продаж 90 дн
oz_acc1,4332193110,от 10000 до 500 тыс,12.0,нет маржи и нет продаж 90 дн
oz_acc1,4332915139,от 10000 до 500 тыс,12.0,нет маржи и нет продаж 90 дн
oz_acc1,4332915370,от 10000 до 500 тыс,12.0,нет маржи и нет продаж 90 дн
oz_acc1,4332915370,Эксперимент1,8.0,нет маржи и нет продаж 90 дн
oz_acc1,4339325217,от 1000-2000,12.0,нет маржи и нет продаж 90 дн
oz_acc1,4339325217,Эксперимент1,8.0,нет маржи и нет продаж 90 дн
oz_acc1,4393250811,Эксперимент1,8.0,нет продаж 90 дн
oz_acc1,4403234234,от 1000-2000,12.0,нет продаж 90 дн
oz_acc1,4403234234,Эксперимент1,8.0,нет продаж 90 дн
oz_acc1,4422370613,от 2000 до 5000,12.0,нет продаж 90 дн
oz_acc1,4422370613,Эксперимент1,8.0,нет продаж 90 дн
oz_acc1,4422371880,от 2000 до 5000,12.0,нет продаж 90 дн
oz_acc1,4422371880,Эксперимент1,8.0,нет продаж 90 дн
oz_acc1,4422545610,от 10000 до 500 тыс,12.0,нет продаж 90 дн
oz_acc1,4422546860,от 10000 до 500 тыс,12.0,нет продаж 90 дн
oz_acc1,4422548382,от 10000 до 500 тыс,12.0,нет продаж 90 дн
oz_acc1,4422548382,Эксперимент1,8.0,нет продаж 90 дн
oz_acc1,4422548761,от 10000 до 500 тыс,12.0,нет продаж 90 дн
oz_acc1,4422558519,от 10000 до 500 тыс,12.0,нет продаж 90 дн
oz_acc1,4422563664,от 5000 до 10000,12.0,нет продаж 90 дн
oz_acc1,4422563664,Эксперимент1,8.0,нет продаж 90 дн
oz_acc1,4422653366,от 2000 до 5000,12.0,нет продаж 90 дн
oz_acc1,4422653366,Эксперимент1,8.0,нет продаж 90 дн
oz_acc1,4422653369,от 2000 до 5000,12.0,нет продаж 90 дн
oz_acc1,4422653369,Эксперимент1,8.0,нет продаж 90 дн
oz_acc1,4422658067,от 2000 до 5000,12.0,нет продаж 90 дн
oz_acc1,4422658067,Эксперимент1,8.0,нет продаж 90 дн
oz_acc1,4423146786,Эксперимент1,8.0,нет продаж 90 дн
oz_acc1,4423147028,Эксперимент1,8.0,нет продаж 90 дн
oz_acc1,4423148093,Эксперимент1,8.0,нет продаж 90 дн
oz_acc1,4423148106,Эксперимент1,8.0,нет продаж 90 дн
oz_acc1,4423148268,Эксперимент1,8.0,нет продаж 90 дн
oz_acc1,4423148725,Эксперимент1,8.0,нет продаж 90 дн
oz_acc1,4423149033,Эксперимент1,8.0,нет продаж 90 дн
oz_acc1,4423149288,Эксперимент1,8.0,нет продаж 90 дн
oz_acc1,4423149349,Эксперимент1,8.0,нет продаж 90 дн
oz_acc1,4423150827,Эксперимент1,8.0,нет продаж 90 дн
oz_acc1,4423157113,Эксперимент1,8.0,нет продаж 90 дн
oz_acc1,4423266592,от 10000 до 500 тыс,12.0,нет продаж 90 дн
oz_acc1,4423266592,Эксперимент1,8.0,нет продаж 90 дн
oz_acc1,4423657981,от 2000 до 5000,12.0,нет продаж 90 дн
oz_acc1,4423659763,от 2000 до 5000,12.0,нет продаж 90 дн
oz_acc1,4423738592,от 2000 до 5000,12.0,нет продаж 90 дн
oz_acc1,4423738592,Эксперимент1,8.0,нет продаж 90 дн
oz_acc1,4423918270,от 1000-2000,12.0,нет продаж 90 дн
oz_acc1,4423918270,Эксперимент1,8.0,нет продаж 90 дн
oz_acc1,4423922668,от 1000-2000,12.0,нет маржи и нет продаж 90 дн
oz_acc1,4423922668,Эксперимент1,8.0,нет маржи и нет продаж 90 дн
oz_acc1,4423957887,Эксперимент1,8.0,нет продаж 90 дн
oz_acc1,4423959293,Эксперимент1,8.0,нет продаж 90 дн
oz_acc1,4424991817,от 2000 до 5000,12.0,нет продаж 90 дн
oz_acc1,4424991817,Эксперимент1,8.0,нет продаж 90 дн
oz_acc1,4424992228,от 2000 до 5000,12.0,нет продаж 90 дн
oz_acc1,4424992228,Эксперимент1,8.0,нет продаж 90 дн
oz_acc1,4424995652,от 2000 до 5000,12.0,нет продаж 90 дн
oz_acc1,4424995652,Эксперимент1,8.0,нет продаж 90 дн
oz_acc1,4444637968,Эксперимент1,8.0,нет продаж 90 дн
oz_acc1,4444692761,от 1000-2000,12.0,нет продаж 90 дн
oz_acc1,4444695221,от 1000-2000,12.0,нет продаж 90 дн
oz_acc1,4444695221,Эксперимент1,8.0,нет продаж 90 дн
oz_acc1,4444696511,от 1000-2000,12.0,нет продаж 90 дн
oz_acc1,4444696915,от 1000-2000,12.0,нет продаж 90 дн
oz_acc1,4444696915,Эксперимент1,8.0,нет продаж 90 дн
oz_acc1,4444697195,от 1000-2000,12.0,нет продаж 90 дн
oz_acc1,4444697722,от 1000-2000,12.0,нет продаж 90 дн
oz_acc1,4444697722,Эксперимент1,8.0,нет продаж 90 дн
oz_acc1,4444697780,от 1000-2000,12.0,нет продаж 90 дн
oz_acc1,4444697780,Эксперимент1,8.0,нет продаж 90 дн
oz_acc1,4444697905,от 1000-2000,12.0,нет продаж 90 дн
oz_acc1,4444697905,Эксперимент1,8.0,нет продаж 90 дн
oz_acc1,4444698289,от 1000-2000,12.0,нет продаж 90 дн
oz_acc1,4444698619,от 1000-2000,12.0,нет продаж 90 дн
oz_acc1,4444698619,Эксперимент1,8.0,нет продаж 90 дн
oz_acc1,4444699003,от 1000-2000,12.0,нет продаж 90 дн
oz_acc1,4444699003,Эксперимент1,8.0,нет продаж 90 дн
oz_acc1,4444700084,от 1000-2000,12.0,нет продаж 90 дн
oz_acc1,4444700311,от 1000-2000,12.0,нет продаж 90 дн
oz_acc1,4444700311,Эксперимент1,8.0,нет продаж 90 дн
oz_acc1,4444786122,от 0 до 1000,10.0,нет продаж 90 дн
oz_acc1,4444786122,Эксперимент1,8.0,нет продаж 90 дн
oz_acc1,4444787158,Эксперимент1,8.0,нет продаж 90 дн
oz_acc1,4444787497,от 0 до 1000,10.0,нет продаж 90 дн
oz_acc1,4444787497,Эксперимент1,8.0,нет продаж 90 дн
oz_acc1,4444791030,Эксперимент1,8.0,нет продаж 90 дн
oz_acc1,4450864909,Эксперимент1,8.0,нет продаж 90 дн
oz_acc1,4450866527,Эксперимент1,8.0,нет продаж 90 дн
oz_acc1,4450867262,Эксперимент1,8.0,нет продаж 90 дн
oz_acc1,4450868622,Эксперимент1,8.0,нет продаж 90 дн
oz_acc1,4450868780,Эксперимент1,8.0,нет продаж 90 дн
oz_acc1,4450869150,Эксперимент1,8.0,нет продаж 90 дн
oz_acc1,4450870237,от 2000 до 5000,12.0,нет продаж 90 дн
oz_acc1,4450870237,Эксперимент1,8.0,нет продаж 90 дн
oz_acc1,4450870421,от 2000 до 5000,12.0,нет продаж 90 дн
oz_acc1,4450870421,Эксперимент1,8.0,нет продаж 90 дн
oz_acc1,4450870866,от 2000 до 5000,12.0,нет продаж 90 дн
oz_acc1,4450870866,Эксперимент1,8.0,нет продаж 90 дн
oz_acc1,4450870919,от 2000 до 5000,12.0,нет продаж 90 дн
oz_acc1,4450870919,Эксперимент1,8.0,нет продаж 90 дн
oz_acc1,4450871357,от 2000 до 5000,12.0,нет продаж 90 дн
oz_acc1,4450871357,Эксперимент1,8.0,нет продаж 90 дн
oz_acc1,4450871818,от 2000 до 5000,12.0,нет продаж 90 дн
oz_acc1,4450871818,Эксперимент1,8.0,нет продаж 90 дн
oz_acc1,4450871849,от 2000 до 5000,12.0,нет продаж 90 дн
oz_acc1,4450871849,Эксперимент1,8.0,нет продаж 90 дн
oz_acc1,4450872142,от 2000 до 5000,12.0,нет продаж 90 дн
oz_acc1,4450872142,Эксперимент1,8.0,нет продаж 90 дн
oz_acc1,4450872163,от 2000 до 5000,12.0,нет продаж 90 дн
oz_acc1,4450872163,Эксперимент1,8.0,нет продаж 90 дн
oz_acc1,4450872868,от 2000 до 5000,12.0,нет продаж 90 дн
oz_acc1,4450872868,Эксперимент1,8.0,нет продаж 90 дн
oz_acc1,4450873072,от 2000 до 5000,12.0,нет продаж 90 дн
oz_acc1,4450873072,Эксперимент1,8.0,нет продаж 90 дн
oz_acc1,4450873555,от 2000 до 5000,12.0,нет продаж 90 дн
oz_acc1,4450873555,Эксперимент1,8.0,нет продаж 90 дн
oz_acc1,4450873634,от 2000 до 5000,12.0,нет продаж 90 дн
oz_acc1,4450873634,Эксперимент1,8.0,нет продаж 90 дн
oz_acc1,4450874224,от 2000 до 5000,12.0,нет продаж 90 дн
oz_acc1,4450874224,Эксперимент1,8.0,нет продаж 90 дн
oz_acc1,4450874387,от 2000 до 5000,12.0,нет продаж 90 дн
oz_acc1,4450874702,от 2000 до 5000,12.0,нет продаж 90 дн
oz_acc1,4450874895,от 2000 до 5000,12.0,нет продаж 90 дн
oz_acc1,4450874895,Эксперимент1,8.0,нет продаж 90 дн
oz_acc1,4450875078,от 2000 до 5000,12.0,нет продаж 90 дн
oz_acc1,4450875078,Эксперимент1,8.0,нет продаж 90 дн
oz_acc1,4450875317,от 2000 до 5000,12.0,нет продаж 90 дн
oz_acc1,4450875317,Эксперимент1,8.0,нет продаж 90 дн
oz_acc1,4450875630,от 2000 до 5000,12.0,нет продаж 90 дн
oz_acc1,4450875630,Эксперимент1,8.0,нет продаж 90 дн
oz_acc1,4450876395,Эксперимент1,8.0,нет продаж 90 дн
oz_acc1,4450876501,от 2000 до 5000,12.0,нет продаж 90 дн
oz_acc1,4450876501,Эксперимент1,8.0,нет продаж 90 дн
oz_acc1,4450877781,от 2000 до 5000,12.0,нет продаж 90 дн
oz_acc1,4450877781,Эксперимент1,8.0,нет продаж 90 дн
oz_acc1,4450877881,от 2000 до 5000,12.0,нет продаж 90 дн
oz_acc1,4450877881,Эксперимент1,8.0,нет продаж 90 дн
oz_acc1,4450877981,от 2000 до 5000,12.0,нет продаж 90 дн
oz_acc1,4450878428,от 2000 до 5000,12.0,нет продаж 90 дн
oz_acc1,4450878428,Эксперимент1,8.0,нет продаж 90 дн
oz_acc1,4450878450,от 2000 до 5000,12.0,нет продаж 90 дн
oz_acc1,4450878450,Эксперимент1,8.0,нет продаж 90 дн
oz_acc1,4450878707,от 2000 до 5000,12.0,нет продаж 90 дн
oz_acc1,4450878707,Эксперимент1,8.0,нет продаж 90 дн
oz_acc1,4450879754,от 2000 до 5000,12.0,нет продаж 90 дн
oz_acc1,4450879754,Эксперимент1,8.0,нет продаж 90 дн
oz_acc1,4450879780,от 2000 до 5000,12.0,нет продаж 90 дн
oz_acc1,4450879780,Эксперимент1,8.0,нет продаж 90 дн
oz_acc1,4450879832,Эксперимент1,8.0,нет продаж 90 дн
oz_acc1,4450880185,от 2000 до 5000,12.0,нет продаж 90 дн
oz_acc1,4450880185,Эксперимент1,8.0,нет продаж 90 дн
oz_acc1,4450880438,от 2000 до 5000,12.0,нет продаж 90 дн
oz_acc1,4450880438,Эксперимент1,8.0,нет продаж 90 дн
oz_acc1,4450880453,Эксперимент1,8.0,нет продаж 90 дн
oz_acc1,4450880777,Эксперимент1,8.0,нет продаж 90 дн
oz_acc1,4450881047,от 2000 до 5000,12.0,нет продаж 90 дн
oz_acc1,4450881047,Эксперимент1,8.0,нет продаж 90 дн
oz_acc1,4450881958,от 2000 до 5000,12.0,нет продаж 90 дн
oz_acc1,4450881958,Эксперимент1,8.0,нет продаж 90 дн
oz_acc1,4450882126,от 2000 до 5000,12.0,нет продаж 90 дн
oz_acc1,4450882128,Эксперимент1,8.0,нет продаж 90 дн
oz_acc1,4450882192,от 2000 до 5000,12.0,нет продаж 90 дн
oz_acc1,4450882192,Эксперимент1,8.0,нет продаж 90 дн
oz_acc1,4450882311,от 2000 до 5000,12.0,нет продаж 90 дн
oz_acc1,4450882311,Эксперимент1,8.0,нет продаж 90 дн
oz_acc1,4450882440,от 2000 до 5000,12.0,нет продаж 90 дн
oz_acc1,4450882440,Эксперимент1,8.0,нет продаж 90 дн
oz_acc1,4450882730,от 2000 до 5000,12.0,нет продаж 90 дн
oz_acc1,4450882730,Эксперимент1,8.0,нет продаж 90 дн
oz_acc1,4450882840,от 2000 до 5000,12.0,нет продаж 90 дн
oz_acc1,4450882840,Эксперимент1,8.0,нет продаж 90 дн
oz_acc1,4450882897,от 2000 до 5000,12.0,нет продаж 90 дн
oz_acc1,4450882897,Эксперимент1,8.0,нет продаж 90 дн
oz_acc1,4450883455,от 2000 до 5000,12.0,нет продаж 90 дн
oz_acc1,4450883476,от 2000 до 5000,12.0,нет продаж 90 дн
oz_acc1,4450883476,Эксперимент1,8.0,нет продаж 90 дн
oz_acc1,4450884056,от 2000 до 5000,12.0,нет продаж 90 дн
oz_acc1,4450884056,Эксперимент1,8.0,нет продаж 90 дн
oz_acc1,4450884458,от 2000 до 5000,12.0,нет продаж 90 дн
oz_acc1,4450884458,Эксперимент1,8.0,нет продаж 90 дн
oz_acc1,4450884710,от 2000 до 5000,12.0,нет продаж 90 дн
oz_acc1,4450884710,Эксперимент1,8.0,нет продаж 90 дн
oz_acc1,4450884815,от 2000 до 5000,12.0,нет продаж 90 дн
oz_acc1,4450885059,от 2000 до 5000,12.0,нет продаж 90 дн
oz_acc1,4450885059,Эксперимент1,8.0,нет продаж 90 дн
oz_acc1,4450885144,от 2000 до 5000,12.0,нет продаж 90 дн
oz_acc1,4450885144,Эксперимент1,8.0,нет продаж 90 дн
oz_acc1,4450885203,от 2000 до 5000,12.0,нет продаж 90 дн
oz_acc1,4450885203,Эксперимент1,8.0,нет продаж 90 дн
oz_acc1,4450885814,от 2000 до 5000,12.0,нет продаж 90 дн
oz_acc1,4450885814,Эксперимент1,8.0,нет продаж 90 дн
oz_acc1,4450885851,от 2000 до 5000,12.0,нет продаж 90 дн
oz_acc1,4450885851,Эксперимент1,8.0,нет продаж 90 дн
oz_acc1,4450886191,от 2000 до 5000,12.0,нет продаж 90 дн
oz_acc1,4450886385,от 2000 до 5000,12.0,нет продаж 90 дн
oz_acc1,4450886385,Эксперимент1,8.0,нет продаж 90 дн
oz_acc1,4450886742,от 2000 до 5000,12.0,нет продаж 90 дн
oz_acc1,4450886742,Эксперимент1,8.0,нет продаж 90 дн
oz_acc1,4450886870,от 2000 до 5000,12.0,нет продаж 90 дн
oz_acc1,4450886870,Эксперимент1,8.0,нет продаж 90 дн
oz_acc1,4450888151,от 2000 до 5000,12.0,нет продаж 90 дн
oz_acc1,4450888151,Эксперимент1,8.0,нет продаж 90 дн
oz_acc1,4450888287,от 2000 до 5000,12.0,нет продаж 90 дн
oz_acc1,4450888287,Эксперимент1,8.0,нет продаж 90 дн
oz_acc1,4450890012,от 2000 до 5000,12.0,нет продаж 90 дн
oz_acc1,4450890012,Эксперимент1,8.0,нет продаж 90 дн
oz_acc1,4450890166,от 2000 до 5000,12.0,нет продаж 90 дн
oz_acc1,4450890166,Эксперимент1,8.0,нет продаж 90 дн
oz_acc1,4450890536,от 2000 до 5000,12.0,нет продаж 90 дн
oz_acc1,4450890536,Эксперимент1,8.0,нет продаж 90 дн
oz_acc1,4450890599,Эксперимент1,8.0,нет продаж 90 дн
oz_acc1,4450892712,от 2000 до 5000,12.0,нет продаж 90 дн
oz_acc1,4450892712,Эксперимент1,8.0,нет продаж 90 дн
oz_acc1,4450893327,от 2000 до 5000,12.0,нет продаж 90 дн
oz_acc1,4450893327,Эксперимент1,8.0,нет продаж 90 дн
oz_acc1,4450893439,от 2000 до 5000,12.0,нет продаж 90 дн
oz_acc1,4450893439,Эксперимент1,8.0,нет продаж 90 дн
oz_acc1,4450893450,от 2000 до 5000,12.0,нет продаж 90 дн
oz_acc1,4450893450,Эксперимент1,8.0,нет продаж 90 дн
oz_acc1,4450893964,Эксперимент1,8.0,нет продаж 90 дн
oz_acc1,4450894032,от 2000 до 5000,12.0,нет продаж 90 дн
oz_acc1,4450894032,Эксперимент1,8.0,нет продаж 90 дн
oz_acc1,4450894746,от 2000 до 5000,12.0,нет продаж 90 дн
oz_acc1,4450894746,Эксперимент1,8.0,нет продаж 90 дн
oz_acc1,4450894784,от 2000 до 5000,12.0,нет продаж 90 дн
oz_acc1,4450894784,Эксперимент1,8.0,нет продаж 90 дн
oz_acc1,4450894892,от 2000 до 5000,12.0,нет продаж 90 дн
oz_acc1,4450894892,Эксперимент1,8.0,нет продаж 90 дн
oz_acc1,4450895053,Эксперимент1,8.0,нет продаж 90 дн
oz_acc1,4450895954,от 2000 до 5000,12.0,нет продаж 90 дн
oz_acc1,4450895954,Эксперимент1,8.0,нет продаж 90 дн
oz_acc1,4450895997,от 2000 до 5000,12.0,нет продаж 90 дн
oz_acc1,4450895997,Эксперимент1,8.0,нет продаж 90 дн
oz_acc1,4450898370,от 2000 до 5000,12.0,нет продаж 90 дн
oz_acc1,4450898370,Эксперимент1,8.0,нет продаж 90 дн
oz_acc1,4450900484,от 2000 до 5000,12.0,нет продаж 90 дн
oz_acc1,4450900484,Эксперимент1,8.0,нет продаж 90 дн
oz_acc1,4450902426,Эксперимент1,8.0,нет продаж 90 дн
oz_acc1,4450902434,Эксперимент1,8.0,нет продаж 90 дн
oz_acc1,4450902456,от 2000 до 5000,12.0,нет продаж 90 дн
oz_acc1,4450902456,Эксперимент1,8.0,нет продаж 90 дн
oz_acc1,4450902515,от 2000 до 5000,12.0,нет продаж 90 дн
oz_acc1,4450903044,от 2000 до 5000,12.0,нет продаж 90 дн
oz_acc1,4450903044,Эксперимент1,8.0,нет продаж 90 дн
oz_acc1,4450903109,от 2000 до 5000,12.0,нет продаж 90 дн
oz_acc1,4450903109,Эксперимент1,8.0,нет продаж 90 дн
oz_acc1,4450903842,от 2000 до 5000,12.0,нет продаж 90 дн
oz_acc1,4450903842,Эксперимент1,8.0,нет продаж 90 дн
oz_acc1,4450904170,от 2000 до 5000,12.0,нет продаж 90 дн
oz_acc1,4450907058,Эксперимент1,8.0,нет продаж 90 дн
oz_acc1,4451285909,от 2000 до 5000,12.0,нет продаж 90 дн
oz_acc1,4451285909,Эксперимент1,8.0,нет продаж 90 дн
oz_acc1,4451287318,Эксперимент1,8.0,нет продаж 90 дн
oz_acc1,4451288188,от 2000 до 5000,12.0,нет продаж 90 дн
oz_acc1,4451288188,Эксперимент1,8.0,нет продаж 90 дн
oz_acc1,4451290312,от 2000 до 5000,12.0,нет продаж 90 дн
oz_acc1,4451290312,Эксперимент1,8.0,нет продаж 90 дн
oz_acc1,4451290532,Эксперимент1,8.0,нет продаж 90 дн
oz_acc1,4451290656,от 2000 до 5000,12.0,нет продаж 90 дн
oz_acc1,4451290656,Эксперимент1,8.0,нет продаж 90 дн
oz_acc1,4451290669,от 2000 до 5000,12.0,нет продаж 90 дн
oz_acc1,4451290669,Эксперимент1,8.0,нет продаж 90 дн
oz_acc1,4451291236,от 2000 до 5000,12.0,нет продаж 90 дн
oz_acc1,4451291236,Эксперимент1,8.0,нет продаж 90 дн
oz_acc1,4451291380,от 2000 до 5000,12.0,нет продаж 90 дн
oz_acc1,4451291380,Эксперимент1,8.0,нет продаж 90 дн
oz_acc1,4451291429,от 2000 до 5000,12.0,нет продаж 90 дн
oz_acc1,4451291429,Эксперимент1,8.0,нет продаж 90 дн
oz_acc1,4451291594,Эксперимент1,8.0,нет продаж 90 дн
oz_acc1,4451291722,от 2000 до 5000,12.0,нет продаж 90 дн
oz_acc1,4451291722,Эксперимент1,8.0,нет продаж 90 дн
oz_acc1,4451291901,от 2000 до 5000,12.0,нет продаж 90 дн
oz_acc1,4451291901,Эксперимент1,8.0,нет продаж 90 дн
oz_acc1,4451292432,от 2000 до 5000,12.0,нет продаж 90 дн
oz_acc1,4451292432,Эксперимент1,8.0,нет продаж 90 дн
oz_acc1,4451292645,от 2000 до 5000,12.0,нет продаж 90 дн
oz_acc1,4451292645,Эксперимент1,8.0,нет продаж 90 дн
oz_acc1,4451292746,Эксперимент1,8.0,нет продаж 90 дн
oz_acc1,4451292995,от 2000 до 5000,12.0,нет продаж 90 дн
oz_acc1,4451292995,Эксперимент1,8.0,нет продаж 90 дн
oz_acc1,4451293841,Эксперимент1,8.0,нет продаж 90 дн
oz_acc1,4451293915,от 2000 до 5000,12.0,нет продаж 90 дн
oz_acc1,4451293915,Эксперимент1,8.0,нет продаж 90 дн
oz_acc1,4451294238,от 2000 до 5000,12.0,нет продаж 90 дн
oz_acc1,4451294238,Эксперимент1,8.0,нет продаж 90 дн
oz_acc1,4451294256,от 2000 до 5000,12.0,нет продаж 90 дн
oz_acc1,4451294256,Эксперимент1,8.0,нет продаж 90 дн
oz_acc1,4451294417,от 2000 до 5000,12.0,нет продаж 90 дн
oz_acc1,4451294417,Эксперимент1,8.0,нет продаж 90 дн
oz_acc1,4451294419,от 2000 до 5000,12.0,нет продаж 90 дн
oz_acc1,4451294419,Эксперимент1,8.0,нет продаж 90 дн
oz_acc1,4451294659,от 2000 до 5000,12.0,нет продаж 90 дн
oz_acc1,4451294659,Эксперимент1,8.0,нет продаж 90 дн
oz_acc1,4451294685,от 2000 до 5000,12.0,нет продаж 90 дн
oz_acc1,4451294685,Эксперимент1,8.0,нет продаж 90 дн
oz_acc1,4451294790,от 2000 до 5000,12.0,нет продаж 90 дн
oz_acc1,4451294790,Эксперимент1,8.0,нет продаж 90 дн
oz_acc1,4451294989,от 2000 до 5000,12.0,нет продаж 90 дн
oz_acc1,4451294989,Эксперимент1,8.0,нет продаж 90 дн
oz_acc1,4451295215,от 2000 до 5000,12.0,нет продаж 90 дн
oz_acc1,4451295215,Эксперимент1,8.0,нет продаж 90 дн
oz_acc1,4451295351,от 2000 до 5000,12.0,нет продаж 90 дн
oz_acc1,4451295351,Эксперимент1,8.0,нет продаж 90 дн
oz_acc1,4451295654,от 2000 до 5000,12.0,нет продаж 90 дн
oz_acc1,4451295654,Эксперимент1,8.0,нет продаж 90 дн
oz_acc1,4451296441,от 2000 до 5000,12.0,нет продаж 90 дн
oz_acc1,4451296441,Эксперимент1,8.0,нет продаж 90 дн
oz_acc1,4451296574,от 2000 до 5000,12.0,нет продаж 90 дн
oz_acc1,4451296574,Эксперимент1,8.0,нет продаж 90 дн
oz_acc1,4451297036,от 2000 до 5000,12.0,нет продаж 90 дн
oz_acc1,4451297036,Эксперимент1,8.0,нет продаж 90 дн
oz_acc1,4451297189,от 2000 до 5000,12.0,нет продаж 90 дн
oz_acc1,4451297189,Эксперимент1,8.0,нет продаж 90 дн
oz_acc1,4451297211,от 2000 до 5000,12.0,нет продаж 90 дн
oz_acc1,4451297211,Эксперимент1,8.0,нет продаж 90 дн
oz_acc1,4451297282,Эксперимент1,8.0,нет продаж 90 дн
oz_acc1,4451297349,от 2000 до 5000,12.0,нет продаж 90 дн
oz_acc1,4451297349,Эксперимент1,8.0,нет продаж 90 дн
oz_acc1,4451297549,от 2000 до 5000,12.0,нет продаж 90 дн
oz_acc1,4451297570,от 2000 до 5000,12.0,нет продаж 90 дн
oz_acc1,4451297570,Эксперимент1,8.0,нет продаж 90 дн
oz_acc1,4451297598,от 2000 до 5000,12.0,нет продаж 90 дн
oz_acc1,4451297598,Эксперимент1,8.0,нет продаж 90 дн
oz_acc1,4451297630,от 2000 до 5000,12.0,нет продаж 90 дн
oz_acc1,4451297630,Эксперимент1,8.0,нет продаж 90 дн
oz_acc1,4451297654,от 2000 до 5000,12.0,нет продаж 90 дн
oz_acc1,4451297654,Эксперимент1,8.0,нет продаж 90 дн
oz_acc1,4451297769,от 2000 до 5000,12.0,нет продаж 90 дн
oz_acc1,4451297798,от 2000 до 5000,12.0,нет продаж 90 дн
oz_acc1,4451297798,Эксперимент1,8.0,нет продаж 90 дн
oz_acc1,4451297830,от 2000 до 5000,12.0,нет продаж 90 дн
oz_acc1,4451297868,от 2000 до 5000,12.0,нет продаж 90 дн
oz_acc1,4451297868,Эксперимент1,8.0,нет продаж 90 дн
oz_acc1,4451297971,от 2000 до 5000,12.0,нет продаж 90 дн
oz_acc1,4451297971,Эксперимент1,8.0,нет продаж 90 дн
oz_acc1,4451298858,от 2000 до 5000,12.0,нет продаж 90 дн
oz_acc1,4451298858,Эксперимент1,8.0,нет продаж 90 дн
oz_acc1,4451298891,от 2000 до 5000,12.0,нет продаж 90 дн
oz_acc1,4451299499,от 2000 до 5000,12.0,нет продаж 90 дн
oz_acc1,4451299499,Эксперимент1,8.0,нет продаж 90 дн
oz_acc1,4451299672,от 2000 до 5000,12.0,нет продаж 90 дн
oz_acc1,4451299672,Эксперимент1,8.0,нет продаж 90 дн
oz_acc1,4451300185,от 2000 до 5000,12.0,нет продаж 90 дн
oz_acc1,4451300185,Эксперимент1,8.0,нет продаж 90 дн
oz_acc1,4451300508,от 2000 до 5000,12.0,нет продаж 90 дн
oz_acc1,4451300508,Эксперимент1,8.0,нет продаж 90 дн
oz_acc1,4451300624,от 2000 до 5000,12.0,нет продаж 90 дн
oz_acc1,4451300624,Эксперимент1,8.0,нет продаж 90 дн
oz_acc1,4451300701,от 2000 до 5000,12.0,нет продаж 90 дн
oz_acc1,4451300701,Эксперимент1,8.0,нет продаж 90 дн
oz_acc1,4451300818,от 2000 до 5000,12.0,нет продаж 90 дн
oz_acc1,4451300818,Эксперимент1,8.0,нет продаж 90 дн
oz_acc1,4451300900,от 2000 до 5000,12.0,нет продаж 90 дн
oz_acc1,4451300900,Эксперимент1,8.0,нет продаж 90 дн
oz_acc1,4451300949,от 2000 до 5000,12.0,нет продаж 90 дн
oz_acc1,4451300949,Эксперимент1,8.0,нет продаж 90 дн
oz_acc1,4451301044,от 2000 до 5000,12.0,нет продаж 90 дн
oz_acc1,4451301044,Эксперимент1,8.0,нет продаж 90 дн
oz_acc1,4451301313,от 2000 до 5000,12.0,нет продаж 90 дн
oz_acc1,4451301313,Эксперимент1,8.0,нет продаж 90 дн
oz_acc1,4451301325,от 2000 до 5000,12.0,нет продаж 90 дн
oz_acc1,4451301325,Эксперимент1,8.0,нет продаж 90 дн
oz_acc1,4451301461,от 2000 до 5000,12.0,нет продаж 90 дн
oz_acc1,4451301461,Эксперимент1,8.0,нет продаж 90 дн
oz_acc1,4451301463,от 2000 до 5000,12.0,нет продаж 90 дн
oz_acc1,4451301463,Эксперимент1,8.0,нет продаж 90 дн
oz_acc1,4451301513,от 2000 до 5000,12.0,нет продаж 90 дн
oz_acc1,4451301513,Эксперимент1,8.0,нет продаж 90 дн
oz_acc1,4451301783,от 2000 до 5000,12.0,нет продаж 90 дн
oz_acc1,4451301783,Эксперимент1,8.0,нет продаж 90 дн
oz_acc1,4451301951,от 2000 до 5000,12.0,нет продаж 90 дн
oz_acc1,4451301951,Эксперимент1,8.0,нет продаж 90 дн
oz_acc1,4451302073,от 2000 до 5000,12.0,нет продаж 90 дн
oz_acc1,4451302073,Эксперимент1,8.0,нет продаж 90 дн
oz_acc1,4451302580,Эксперимент1,8.0,нет продаж 90 дн
oz_acc1,4451302658,от 2000 до 5000,12.0,нет продаж 90 дн
oz_acc1,4451302658,Эксперимент1,8.0,нет продаж 90 дн
oz_acc1,4451302741,от 2000 до 5000,12.0,нет продаж 90 дн
oz_acc1,4451302741,Эксперимент1,8.0,нет продаж 90 дн
oz_acc1,4451302881,от 2000 до 5000,12.0,нет продаж 90 дн
oz_acc1,4451302881,Эксперимент1,8.0,нет продаж 90 дн
oz_acc1,4451302963,от 2000 до 5000,12.0,нет продаж 90 дн
oz_acc1,4451302963,Эксперимент1,8.0,нет продаж 90 дн
oz_acc1,4451303042,Эксперимент1,8.0,нет продаж 90 дн
oz_acc1,4451304202,от 2000 до 5000,12.0,нет продаж 90 дн
oz_acc1,4451304202,Эксперимент1,8.0,нет продаж 90 дн
oz_acc1,4451304926,от 2000 до 5000,12.0,нет продаж 90 дн
oz_acc1,4451304926,Эксперимент1,8.0,нет продаж 90 дн
oz_acc1,4451305079,от 2000 до 5000,12.0,нет продаж 90 дн
oz_acc1,4451305079,Эксперимент1,8.0,нет продаж 90 дн
oz_acc1,4451306157,от 2000 до 5000,12.0,нет продаж 90 дн
oz_acc1,4451306157,Эксперимент1,8.0,нет продаж 90 дн
oz_acc1,4451309221,от 2000 до 5000,12.0,нет продаж 90 дн
oz_acc1,4451309221,Эксперимент1,8.0,нет продаж 90 дн
oz_acc1,4451315769,Эксперимент1,8.0,нет продаж 90 дн
oz_acc1,4451316321,от 2000 до 5000,12.0,нет продаж 90 дн
oz_acc1,4451316321,Эксперимент1,8.0,нет продаж 90 дн
oz_acc1,4451316855,Эксперимент1,8.0,нет продаж 90 дн
oz_acc1,4451317504,Эксперимент1,8.0,нет продаж 90 дн
oz_acc1,4451317661,Эксперимент1,8.0,нет продаж 90 дн
oz_acc1,4451317817,Эксперимент1,8.0,нет продаж 90 дн
oz_acc1,4451318058,Эксперимент1,8.0,нет продаж 90 дн
oz_acc1,4451318061,Эксперимент1,8.0,нет продаж 90 дн
oz_acc1,4451318107,Эксперимент1,8.0,нет продаж 90 дн
oz_acc1,4451318238,Эксперимент1,8.0,нет продаж 90 дн
oz_acc1,4451318275,Эксперимент1,8.0,нет продаж 90 дн
oz_acc1,4451318430,от 2000 до 5000,12.0,нет продаж 90 дн
oz_acc1,4451318430,Эксперимент1,8.0,нет продаж 90 дн
oz_acc1,4451318738,Эксперимент1,8.0,нет продаж 90 дн
oz_acc1,4451318784,Эксперимент1,8.0,нет продаж 90 дн
oz_acc1,4451319124,от 2000 до 5000,12.0,нет продаж 90 дн
oz_acc1,4451319124,Эксперимент1,8.0,нет продаж 90 дн
oz_acc1,4451319247,Эксперимент1,8.0,нет маржи и нет продаж 90 дн
oz_acc1,4451319280,Эксперимент1,8.0,нет продаж 90 дн
oz_acc1,4451319309,от 2000 до 5000,12.0,нет продаж 90 дн
oz_acc1,4451319309,Эксперимент1,8.0,нет продаж 90 дн
oz_acc1,4451322780,Эксперимент1,8.0,нет продаж 90 дн
oz_acc1,4451323972,Эксперимент1,8.0,нет продаж 90 дн
oz_acc1,4451324141,Эксперимент1,8.0,нет продаж 90 дн
oz_acc1,4451327965,от 2000 до 5000,12.0,нет продаж 90 дн
oz_acc1,4451327965,Эксперимент1,8.0,нет продаж 90 дн
oz_acc1,4451330821,от 2000 до 5000,12.0,нет продаж 90 дн
oz_acc1,4451330821,Эксперимент1,8.0,нет продаж 90 дн
oz_acc1,4451920276,от 2000 до 5000,12.0,нет продаж 90 дн
oz_acc1,4451920276,Эксперимент1,8.0,нет продаж 90 дн
oz_acc1,4451920322,Эксперимент1,8.0,нет продаж 90 дн
oz_acc1,4451920337,от 2000 до 5000,12.0,нет продаж 90 дн
oz_acc1,4451920337,Эксперимент1,8.0,нет продаж 90 дн
oz_acc1,4451920590,Эксперимент1,8.0,нет продаж 90 дн
oz_acc1,4451920956,от 2000 до 5000,12.0,нет продаж 90 дн
oz_acc1,4451920956,Эксперимент1,8.0,нет продаж 90 дн
oz_acc1,4451921060,Эксперимент1,8.0,нет продаж 90 дн
oz_acc1,4451921106,от 2000 до 5000,12.0,нет продаж 90 дн
oz_acc1,4451921106,Эксперимент1,8.0,нет продаж 90 дн
oz_acc1,4451921114,Эксперимент1,8.0,нет продаж 90 дн
oz_acc1,4451921230,Эксперимент1,8.0,нет продаж 90 дн
oz_acc1,4451921299,Эксперимент1,8.0,нет продаж 90 дн
oz_acc1,4451921417,от 2000 до 5000,12.0,нет продаж 90 дн
oz_acc1,4451921417,Эксперимент1,8.0,нет продаж 90 дн
oz_acc1,4451921533,Эксперимент1,8.0,нет продаж 90 дн
oz_acc1,4451921602,Эксперимент1,8.0,нет продаж 90 дн
oz_acc1,4451921665,от 1000-2000,12.0,нет продаж 90 дн
oz_acc1,4451921665,Эксперимент1,8.0,нет продаж 90 дн
oz_acc1,4451921796,Эксперимент1,8.0,нет продаж 90 дн
oz_acc1,4451921977,Эксперимент1,8.0,нет продаж 90 дн
oz_acc1,4451921988,Эксперимент1,8.0,нет продаж 90 дн
oz_acc1,4451922093,от 1000-2000,12.0,нет продаж 90 дн
oz_acc1,4451922093,Эксперимент1,8.0,нет продаж 90 дн
oz_acc1,4451922262,Эксперимент1,8.0,нет продаж 90 дн
oz_acc1,4451922274,от 1000-2000,12.0,нет продаж 90 дн
oz_acc1,4451922274,Эксперимент1,8.0,нет продаж 90 дн
oz_acc1,4451922291,Эксперимент1,8.0,нет продаж 90 дн
oz_acc1,4451922335,от 1000-2000,12.0,нет продаж 90 дн
oz_acc1,4451922335,Эксперимент1,8.0,нет продаж 90 дн
oz_acc1,4451922337,Эксперимент1,8.0,нет продаж 90 дн
oz_acc1,4451922347,Эксперимент1,8.0,нет продаж 90 дн
oz_acc1,4451922641,Эксперимент1,8.0,нет продаж 90 дн
oz_acc1,4451922749,Эксперимент1,8.0,нет продаж 90 дн
oz_acc1,4451922755,от 1000-2000,12.0,нет продаж 90 дн
oz_acc1,4451922755,Эксперимент1,8.0,нет продаж 90 дн
oz_acc1,4451922858,от 1000-2000,12.0,нет продаж 90 дн
oz_acc1,4451922858,Эксперимент1,8.0,нет продаж 90 дн
oz_acc1,4451922890,Эксперимент1,8.0,нет продаж 90 дн
oz_acc1,4451922923,Эксперимент1,8.0,нет продаж 90 дн
oz_acc1,4451923008,от 1000-2000,12.0,нет продаж 90 дн
oz_acc1,4451923008,Эксперимент1,8.0,нет продаж 90 дн
oz_acc1,4451923156,от 1000-2000,12.0,нет продаж 90 дн
oz_acc1,4451923156,Эксперимент1,8.0,нет продаж 90 дн
oz_acc1,4451923183,Эксперимент1,8.0,нет продаж 90 дн
oz_acc1,4451923221,Эксперимент1,8.0,нет продаж 90 дн
oz_acc1,4451923337,Эксперимент1,8.0,нет продаж 90 дн
oz_acc1,4451923362,от 1000-2000,12.0,нет продаж 90 дн
oz_acc1,4451923362,Эксперимент1,8.0,нет продаж 90 дн
oz_acc1,4451923476,от 1000-2000,12.0,нет продаж 90 дн
oz_acc1,4451923476,Эксперимент1,8.0,нет продаж 90 дн
oz_acc1,4451923492,от 2000 до 5000,12.0,нет продаж 90 дн
oz_acc1,4451923492,Эксперимент1,8.0,нет продаж 90 дн
oz_acc1,4451923519,Эксперимент1,8.0,нет продаж 90 дн
oz_acc1,4451923606,от 1000-2000,12.0,нет продаж 90 дн
oz_acc1,4451923606,Эксперимент1,8.0,нет продаж 90 дн
oz_acc1,4451923678,от 1000-2000,12.0,нет продаж 90 дн
oz_acc1,4451923678,Эксперимент1,8.0,нет продаж 90 дн
oz_acc1,4451923879,от 1000-2000,12.0,нет продаж 90 дн
oz_acc1,4451923879,Эксперимент1,8.0,нет продаж 90 дн
oz_acc1,4451923890,Эксперимент1,8.0,нет продаж 90 дн
oz_acc1,4451923899,от 2000 до 5000,12.0,нет продаж 90 дн
oz_acc1,4451923899,Эксперимент1,8.0,нет продаж 90 дн
oz_acc1,4451923903,от 2000 до 5000,12.0,нет продаж 90 дн
oz_acc1,4451923903,Эксперимент1,8.0,нет продаж 90 дн
oz_acc1,4451923992,от 1000-2000,12.0,нет продаж 90 дн
oz_acc1,4451923992,Эксперимент1,8.0,нет продаж 90 дн
oz_acc1,4451923996,Эксперимент1,8.0,нет продаж 90 дн
oz_acc1,4451924022,Эксперимент1,8.0,нет продаж 90 дн
oz_acc1,4451924142,Эксперимент1,8.0,нет продаж 90 дн
oz_acc1,4451924155,от 1000-2000,12.0,нет продаж 90 дн
oz_acc1,4451924155,Эксперимент1,8.0,нет продаж 90 дн
oz_acc1,4451924276,от 1000-2000,12.0,нет продаж 90 дн
oz_acc1,4451924276,Эксперимент1,8.0,нет продаж 90 дн
oz_acc1,4451924354,от 2000 до 5000,12.0,нет продаж 90 дн
oz_acc1,4451924354,Эксперимент1,8.0,нет продаж 90 дн
oz_acc1,4451924358,Эксперимент1,8.0,нет продаж 90 дн
oz_acc1,4451924370,Эксперимент1,8.0,нет продаж 90 дн
oz_acc1,4451924401,Эксперимент1,8.0,нет продаж 90 дн
oz_acc1,4451924495,от 1000-2000,12.0,нет продаж 90 дн
oz_acc1,4451924495,Эксперимент1,8.0,нет продаж 90 дн
oz_acc1,4451924498,от 2000 до 5000,12.0,нет продаж 90 дн
oz_acc1,4451924498,Эксперимент1,8.0,нет продаж 90 дн
oz_acc1,4451924535,Эксперимент1,8.0,нет продаж 90 дн
oz_acc1,4451924629,Эксперимент1,8.0,нет продаж 90 дн
oz_acc1,4451924883,от 2000 до 5000,12.0,нет продаж 90 дн
oz_acc1,4451924883,Эксперимент1,8.0,нет продаж 90 дн
oz_acc1,4451924909,от 2000 до 5000,12.0,нет продаж 90 дн
oz_acc1,4451924909,Эксперимент1,8.0,нет продаж 90 дн
oz_acc1,4451925049,от 2000 до 5000,12.0,нет продаж 90 дн
oz_acc1,4451925049,Эксперимент1,8.0,нет продаж 90 дн
oz_acc1,4451925098,Эксперимент1,8.0,нет продаж 90 дн
oz_acc1,4451925327,от 2000 до 5000,12.0,нет продаж 90 дн
oz_acc1,4451925327,Эксперимент1,8.0,нет продаж 90 дн
oz_acc1,4451925436,от 2000 до 5000,12.0,нет продаж 90 дн
oz_acc1,4451925436,Эксперимент1,8.0,нет продаж 90 дн
oz_acc1,4451925559,от 2000 до 5000,12.0,нет продаж 90 дн
oz_acc1,4451925559,Эксперимент1,8.0,нет продаж 90 дн
oz_acc1,4451925590,от 2000 до 5000,12.0,нет продаж 90 дн
oz_acc1,4451925590,Эксперимент1,8.0,нет продаж 90 дн
oz_acc1,4451925631,от 2000 до 5000,12.0,нет продаж 90 дн
oz_acc1,4451925631,Эксперимент1,8.0,нет продаж 90 дн
oz_acc1,4451925706,от 2000 до 5000,12.0,нет продаж 90 дн
oz_acc1,4451925706,Эксперимент1,8.0,нет продаж 90 дн
oz_acc1,4451926211,от 2000 до 5000,12.0,нет продаж 90 дн
oz_acc1,4451926211,Эксперимент1,8.0,нет продаж 90 дн
oz_acc1,4451926272,от 2000 до 5000,12.0,нет продаж 90 дн
oz_acc1,4451926272,Эксперимент1,8.0,нет продаж 90 дн
oz_acc1,4451926336,от 2000 до 5000,12.0,нет продаж 90 дн
oz_acc1,4451926336,Эксперимент1,8.0,нет продаж 90 дн
oz_acc1,4451926586,от 2000 до 5000,12.0,нет продаж 90 дн
oz_acc1,4451926586,Эксперимент1,8.0,нет продаж 90 дн
oz_acc1,4451926637,Эксперимент1,8.0,нет продаж 90 дн
oz_acc1,4451927027,Эксперимент1,8.0,нет продаж 90 дн
oz_acc1,4451927032,от 1000-2000,12.0,нет продаж 90 дн
oz_acc1,4451927032,Эксперимент1,8.0,нет продаж 90 дн
oz_acc1,4451927082,Эксперимент1,8.0,нет продаж 90 дн
oz_acc1,4451927140,Эксперимент1,8.0,нет продаж 90 дн
oz_acc1,4451927202,от 2000 до 5000,12.0,нет продаж 90 дн
oz_acc1,4451927202,Эксперимент1,8.0,нет продаж 90 дн
oz_acc1,4451927223,Эксперимент1,8.0,нет продаж 90 дн
oz_acc1,4451927263,Эксперимент1,8.0,нет продаж 90 дн
oz_acc1,4451927298,от 2000 до 5000,12.0,нет продаж 90 дн
oz_acc1,4451927298,Эксперимент1,8.0,нет продаж 90 дн
oz_acc1,4451927426,Эксперимент1,8.0,нет продаж 90 дн
oz_acc1,4451927811,Эксперимент1,8.0,нет продаж 90 дн
oz_acc1,4451927980,от 1000-2000,12.0,нет продаж 90 дн
oz_acc1,4451927980,Эксперимент1,8.0,нет продаж 90 дн
oz_acc1,4451928108,от 1000-2000,12.0,нет продаж 90 дн
oz_acc1,4451928108,Эксперимент1,8.0,нет продаж 90 дн
oz_acc1,4451928295,от 2000 до 5000,12.0,нет продаж 90 дн
oz_acc1,4451928295,Эксперимент1,8.0,нет продаж 90 дн
oz_acc1,4451928355,от 1000-2000,12.0,нет продаж 90 дн
oz_acc1,4451928355,Эксперимент1,8.0,нет продаж 90 дн
oz_acc1,4451928412,от 1000-2000,12.0,нет продаж 90 дн
oz_acc1,4451928412,Эксперимент1,8.0,нет продаж 90 дн
oz_acc1,4451928559,от 2000 до 5000,12.0,нет продаж 90 дн
oz_acc1,4451928559,Эксперимент1,8.0,нет продаж 90 дн
oz_acc1,4451928592,от 2000 до 5000,12.0,нет продаж 90 дн
oz_acc1,4451928592,Эксперимент1,8.0,нет продаж 90 дн
oz_acc1,4451928606,от 1000-2000,12.0,нет продаж 90 дн
oz_acc1,4451928606,Эксперимент1,8.0,нет продаж 90 дн
oz_acc1,4451928657,Эксперимент1,8.0,нет продаж 90 дн
oz_acc1,4451928843,от 1000-2000,12.0,нет маржи и нет продаж 90 дн
oz_acc1,4451928843,Эксперимент1,8.0,нет маржи и нет продаж 90 дн
oz_acc1,4451928997,от 2000 до 5000,12.0,нет продаж 90 дн
oz_acc1,4451928997,Эксперимент1,8.0,нет продаж 90 дн
oz_acc1,4451929114,от 1000-2000,12.0,нет продаж 90 дн
oz_acc1,4451929114,Эксперимент1,8.0,нет продаж 90 дн
oz_acc1,4451929220,от 2000 до 5000,12.0,нет продаж 90 дн
oz_acc1,4451929220,Эксперимент1,8.0,нет продаж 90 дн
oz_acc1,4451929260,от 2000 до 5000,12.0,нет продаж 90 дн
oz_acc1,4451929260,Эксперимент1,8.0,нет продаж 90 дн
oz_acc1,4451929415,от 1000-2000,12.0,нет маржи и нет продаж 90 дн
oz_acc1,4451929415,Эксперимент1,8.0,нет маржи и нет продаж 90 дн
oz_acc1,4451929522,от 1000-2000,12.0,нет маржи и нет продаж 90 дн
oz_acc1,4451929522,Эксперимент1,8.0,нет маржи и нет продаж 90 дн
oz_acc1,4451929537,от 1000-2000,12.0,нет маржи и нет продаж 90 дн
oz_acc1,4451929537,Эксперимент1,8.0,нет маржи и нет продаж 90 дн
oz_acc1,4451929548,от 2000 до 5000,12.0,нет продаж 90 дн
oz_acc1,4451929548,Эксперимент1,8.0,нет продаж 90 дн
oz_acc1,4451929585,от 1000-2000,12.0,нет маржи и нет продаж 90 дн
oz_acc1,4451929585,Эксперимент1,8.0,нет маржи и нет продаж 90 дн
oz_acc1,4451929658,от 2000 до 5000,12.0,нет продаж 90 дн
oz_acc1,4451929658,Эксперимент1,8.0,нет продаж 90 дн
oz_acc1,4451929742,от 1000-2000,12.0,нет маржи и нет продаж 90 дн
oz_acc1,4451929742,Эксперимент1,8.0,нет маржи и нет продаж 90 дн
oz_acc1,4451930246,от 2000 до 5000,12.0,нет продаж 90 дн
oz_acc1,4451930246,Эксперимент1,8.0,нет продаж 90 дн
oz_acc1,4451930261,Эксперимент1,8.0,нет продаж 90 дн
oz_acc1,4451930502,от 2000 до 5000,12.0,нет продаж 90 дн
oz_acc1,4451930502,Эксперимент1,8.0,нет продаж 90 дн
oz_acc1,4451930563,от 2000 до 5000,12.0,нет продаж 90 дн
oz_acc1,4451930563,Эксперимент1,8.0,нет продаж 90 дн
oz_acc1,4451930586,от 1000-2000,12.0,нет продаж 90 дн
oz_acc1,4451930586,Эксперимент1,8.0,нет продаж 90 дн
oz_acc1,4451930751,Эксперимент1,8.0,нет продаж 90 дн
oz_acc1,4451930769,от 1000-2000,12.0,нет маржи и нет продаж 90 дн
oz_acc1,4451930769,Эксперимент1,8.0,нет маржи и нет продаж 90 дн
oz_acc1,4451930836,от 2000 до 5000,12.0,нет продаж 90 дн
oz_acc1,4451930882,Эксперимент1,8.0,нет продаж 90 дн
oz_acc1,4451930960,от 1000-2000,12.0,нет маржи и нет продаж 90 дн
oz_acc1,4451930960,Эксперимент1,8.0,нет маржи и нет продаж 90 дн
oz_acc1,4451930983,от 1000-2000,12.0,нет маржи и нет продаж 90 дн
oz_acc1,4451930983,Эксперимент1,8.0,нет маржи и нет продаж 90 дн
oz_acc1,4451931127,Эксперимент1,8.0,нет продаж 90 дн
oz_acc1,4451931508,Эксперимент1,8.0,нет продаж 90 дн
oz_acc1,4451931940,Эксперимент1,8.0,нет продаж 90 дн
oz_acc1,4451932134,Эксперимент1,8.0,нет продаж 90 дн
oz_acc1,4451932336,Эксперимент1,8.0,нет продаж 90 дн
oz_acc1,4451932397,от 2000 до 5000,12.0,нет продаж 90 дн
oz_acc1,4451932397,Эксперимент1,8.0,нет продаж 90 дн
oz_acc1,4451932507,Эксперимент1,8.0,нет продаж 90 дн
oz_acc1,4451932655,от 1000-2000,12.0,нет продаж 90 дн
oz_acc1,4451932655,Эксперимент1,8.0,нет продаж 90 дн
oz_acc1,4451932721,от 0 до 1000,10.0,нет продаж 90 дн
oz_acc1,4451932721,Эксперимент1,8.0,нет продаж 90 дн
oz_acc1,4451932800,от 0 до 1000,10.0,нет продаж 90 дн
oz_acc1,4451932800,Эксперимент1,8.0,нет продаж 90 дн
oz_acc1,4451932815,Эксперимент1,8.0,нет продаж 90 дн
oz_acc1,4451932832,Эксперимент1,8.0,нет продаж 90 дн
oz_acc1,4451932834,Эксперимент1,8.0,нет продаж 90 дн
oz_acc1,4451932914,от 0 до 1000,10.0,нет продаж 90 дн
oz_acc1,4451932914,Эксперимент1,8.0,нет продаж 90 дн
oz_acc1,4451933053,Эксперимент1,8.0,нет продаж 90 дн
oz_acc1,4451933075,от 0 до 1000,10.0,нет продаж 90 дн
oz_acc1,4451933075,Эксперимент1,8.0,нет продаж 90 дн
oz_acc1,4451933133,Эксперимент1,8.0,нет продаж 90 дн
oz_acc1,4451933227,Эксперимент1,8.0,нет продаж 90 дн
oz_acc1,4451933230,от 0 до 1000,10.0,нет продаж 90 дн
oz_acc1,4451933230,Эксперимент1,8.0,нет продаж 90 дн
oz_acc1,4451933334,Эксперимент1,8.0,нет продаж 90 дн
oz_acc1,4451933345,от 0 до 1000,10.0,нет продаж 90 дн
oz_acc1,4451933345,Эксперимент1,8.0,нет продаж 90 дн
oz_acc1,4451933375,от 0 до 1000,10.0,нет продаж 90 дн
oz_acc1,4451933375,Эксперимент1,8.0,нет продаж 90 дн
oz_acc1,4451933430,Эксперимент1,8.0,нет продаж 90 дн
oz_acc1,4451933432,от 0 до 1000,10.0,нет продаж 90 дн
oz_acc1,4451933432,Эксперимент1,8.0,нет продаж 90 дн
oz_acc1,4451933439,от 0 до 1000,10.0,нет продаж 90 дн
oz_acc1,4451933439,Эксперимент1,8.0,нет продаж 90 дн
oz_acc1,4451933481,от 0 до 1000,10.0,нет продаж 90 дн
oz_acc1,4451933481,Эксперимент1,8.0,нет продаж 90 дн
oz_acc1,4451933500,от 0 до 1000,10.0,нет продаж 90 дн
oz_acc1,4451933500,Эксперимент1,8.0,нет продаж 90 дн
oz_acc1,4451933523,от 0 до 1000,10.0,нет продаж 90 дн
oz_acc1,4451933523,Эксперимент1,8.0,нет продаж 90 дн
oz_acc1,4451933643,от 0 до 1000,10.0,нет продаж 90 дн
oz_acc1,4451933643,Эксперимент1,8.0,нет продаж 90 дн
oz_acc1,4451934050,от 0 до 1000,10.0,нет продаж 90 дн
oz_acc1,4451934050,Эксперимент1,8.0,нет продаж 90 дн
oz_acc1,4451934127,от 0 до 1000,10.0,нет продаж 90 дн
oz_acc1,4451934127,Эксперимент1,8.0,нет продаж 90 дн
oz_acc1,4451934165,от 0 до 1000,10.0,нет продаж 90 дн
oz_acc1,4451934165,Эксперимент1,8.0,нет продаж 90 дн
oz_acc1,4451934176,от 0 до 1000,10.0,нет продаж 90 дн
oz_acc1,4451934176,Эксперимент1,8.0,нет продаж 90 дн
oz_acc1,4451934180,от 0 до 1000,10.0,нет продаж 90 дн
oz_acc1,4451934180,Эксперимент1,8.0,нет продаж 90 дн
oz_acc1,4451934195,от 0 до 1000,10.0,нет продаж 90 дн
oz_acc1,4451934195,Эксперимент1,8.0,нет продаж 90 дн
oz_acc1,4451934384,от 0 до 1000,10.0,нет продаж 90 дн
oz_acc1,4451934384,Эксперимент1,8.0,нет продаж 90 дн
oz_acc1,4451934503,от 0 до 1000,10.0,нет продаж 90 дн
oz_acc1,4451934503,Эксперимент1,8.0,нет продаж 90 дн
oz_acc1,4451934514,от 0 до 1000,10.0,нет продаж 90 дн
oz_acc1,4451934514,Эксперимент1,8.0,нет продаж 90 дн
oz_acc1,4451934515,Эксперимент1,8.0,нет продаж 90 дн
oz_acc1,4451934593,от 0 до 1000,10.0,нет продаж 90 дн
oz_acc1,4451934593,Эксперимент1,8.0,нет продаж 90 дн
oz_acc1,4451934681,от 0 до 1000,10.0,нет продаж 90 дн
oz_acc1,4451934681,Эксперимент1,8.0,нет продаж 90 дн
oz_acc1,4451934685,от 0 до 1000,10.0,нет продаж 90 дн
oz_acc1,4451934685,Эксперимент1,8.0,нет продаж 90 дн
oz_acc1,4451934775,от 0 до 1000,10.0,нет продаж 90 дн
oz_acc1,4451934775,Эксперимент1,8.0,нет продаж 90 дн
oz_acc1,4451934826,от 0 до 1000,10.0,нет продаж 90 дн
oz_acc1,4451934826,Эксперимент1,8.0,нет продаж 90 дн
oz_acc1,4451934988,от 0 до 1000,10.0,нет продаж 90 дн
oz_acc1,4451934988,Эксперимент1,8.0,нет продаж 90 дн
oz_acc1,4451935000,от 0 до 1000,10.0,нет продаж 90 дн
oz_acc1,4451935000,Эксперимент1,8.0,нет продаж 90 дн
oz_acc1,4451935224,от 0 до 1000,10.0,нет продаж 90 дн
oz_acc1,4451935224,Эксперимент1,8.0,нет продаж 90 дн
oz_acc1,4451935470,от 0 до 1000,10.0,нет продаж 90 дн
oz_acc1,4451935470,Эксперимент1,8.0,нет продаж 90 дн
oz_acc1,4451935611,от 0 до 1000,10.0,нет продаж 90 дн
oz_acc1,4451935611,Эксперимент1,8.0,нет продаж 90 дн
oz_acc1,4451935621,от 0 до 1000,10.0,нет продаж 90 дн
oz_acc1,4451935621,Эксперимент1,8.0,нет продаж 90 дн
oz_acc1,4451935721,от 0 до 1000,10.0,нет продаж 90 дн
oz_acc1,4451935721,Эксперимент1,8.0,нет продаж 90 дн
oz_acc1,4451935853,от 1000-2000,12.0,нет продаж 90 дн
oz_acc1,4451935853,Эксперимент1,8.0,нет продаж 90 дн
oz_acc1,4451935855,от 0 до 1000,10.0,нет продаж 90 дн
oz_acc1,4451935855,Эксперимент1,8.0,нет продаж 90 дн
oz_acc1,4451935919,от 0 до 1000,10.0,нет продаж 90 дн
oz_acc1,4451935919,Эксперимент1,8.0,нет продаж 90 дн
oz_acc1,4451935927,от 0 до 1000,10.0,нет продаж 90 дн
oz_acc1,4451935927,Эксперимент1,8.0,нет продаж 90 дн
oz_acc1,4451936135,от 0 до 1000,10.0,нет продаж 90 дн
oz_acc1,4451936135,Эксперимент1,8.0,нет продаж 90 дн
oz_acc1,4451936160,от 0 до 1000,10.0,нет продаж 90 дн
oz_acc1,4451936160,Эксперимент1,8.0,нет продаж 90 дн
oz_acc1,4451936202,от 0 до 1000,10.0,нет продаж 90 дн
oz_acc1,4451936202,Эксперимент1,8.0,нет продаж 90 дн
oz_acc1,4451936362,от 0 до 1000,10.0,нет продаж 90 дн
oz_acc1,4451936362,Эксперимент1,8.0,нет продаж 90 дн
oz_acc1,4451936476,от 0 до 1000,10.0,нет продаж 90 дн
oz_acc1,4451936476,Эксперимент1,8.0,нет продаж 90 дн
oz_acc1,4451936980,от 0 до 1000,10.0,нет продаж 90 дн
oz_acc1,4451936980,Эксперимент1,8.0,нет продаж 90 дн
oz_acc1,4451937096,от 0 до 1000,10.0,нет продаж 90 дн
oz_acc1,4451937096,Эксперимент1,8.0,нет продаж 90 дн
oz_acc1,4451937112,от 0 до 1000,10.0,нет продаж 90 дн
oz_acc1,4451937112,Эксперимент1,8.0,нет продаж 90 дн
oz_acc1,4451937268,от 0 до 1000,10.0,нет продаж 90 дн
oz_acc1,4451937268,Эксперимент1,8.0,нет продаж 90 дн
oz_acc1,4451937273,от 0 до 1000,10.0,нет продаж 90 дн
oz_acc1,4451937273,Эксперимент1,8.0,нет продаж 90 дн
oz_acc1,4451937417,от 0 до 1000,10.0,нет продаж 90 дн
oz_acc1,4451937417,Эксперимент1,8.0,нет продаж 90 дн
oz_acc1,4451937599,от 0 до 1000,10.0,нет продаж 90 дн
oz_acc1,4451937599,Эксперимент1,8.0,нет продаж 90 дн
oz_acc1,4451937665,от 0 до 1000,10.0,нет продаж 90 дн
oz_acc1,4451937665,Эксперимент1,8.0,нет продаж 90 дн
oz_acc1,4451937723,от 0 до 1000,10.0,нет продаж 90 дн
oz_acc1,4451937723,Эксперимент1,8.0,нет продаж 90 дн
oz_acc1,4451937767,от 0 до 1000,10.0,нет продаж 90 дн
oz_acc1,4451937767,Эксперимент1,8.0,нет продаж 90 дн
oz_acc1,4451937899,от 0 до 1000,10.0,нет продаж 90 дн
oz_acc1,4451937899,Эксперимент1,8.0,нет продаж 90 дн
oz_acc1,4451938467,от 0 до 1000,10.0,нет продаж 90 дн
oz_acc1,4451938467,Эксперимент1,8.0,нет продаж 90 дн
oz_acc1,4451938627,от 0 до 1000,10.0,нет продаж 90 дн
oz_acc1,4451938627,Эксперимент1,8.0,нет продаж 90 дн
oz_acc1,4451938660,от 0 до 1000,10.0,нет продаж 90 дн
oz_acc1,4451938660,Эксперимент1,8.0,нет продаж 90 дн
oz_acc1,4451938720,Эксперимент1,8.0,нет продаж 90 дн
oz_acc1,4451938747,от 0 до 1000,10.0,нет продаж 90 дн
oz_acc1,4451938747,Эксперимент1,8.0,нет продаж 90 дн
oz_acc1,4451938778,от 0 до 1000,10.0,нет продаж 90 дн
oz_acc1,4451938778,Эксперимент1,8.0,нет продаж 90 дн
oz_acc1,4451938798,от 0 до 1000,10.0,нет продаж 90 дн
oz_acc1,4451938798,Эксперимент1,8.0,нет продаж 90 дн
oz_acc1,4451938807,от 0 до 1000,10.0,нет продаж 90 дн
oz_acc1,4451938807,Эксперимент1,8.0,нет продаж 90 дн
oz_acc1,4451938888,от 0 до 1000,10.0,нет продаж 90 дн
oz_acc1,4451938888,Эксперимент1,8.0,нет продаж 90 дн
oz_acc1,4451939011,от 0 до 1000,10.0,нет продаж 90 дн
oz_acc1,4451939011,Эксперимент1,8.0,нет продаж 90 дн
oz_acc1,4451939020,от 0 до 1000,10.0,нет продаж 90 дн
oz_acc1,4451939020,Эксперимент1,8.0,нет продаж 90 дн
oz_acc1,4451939427,от 0 до 1000,10.0,нет продаж 90 дн
oz_acc1,4451939427,Эксперимент1,8.0,нет продаж 90 дн
oz_acc1,4451939564,от 0 до 1000,10.0,нет продаж 90 дн
oz_acc1,4451939564,Эксперимент1,8.0,нет продаж 90 дн
oz_acc1,4451939689,от 0 до 1000,10.0,нет продаж 90 дн
oz_acc1,4451939689,Эксперимент1,8.0,нет продаж 90 дн
oz_acc1,4451939790,от 0 до 1000,10.0,нет продаж 90 дн
oz_acc1,4451939790,Эксперимент1,8.0,нет продаж 90 дн
oz_acc1,4451940126,от 0 до 1000,10.0,нет продаж 90 дн
oz_acc1,4451940126,Эксперимент1,8.0,нет продаж 90 дн
oz_acc1,4451940236,от 0 до 1000,10.0,нет продаж 90 дн
oz_acc1,4451940236,Эксперимент1,8.0,нет продаж 90 дн
oz_acc1,4451940426,от 0 до 1000,10.0,нет продаж 90 дн
oz_acc1,4451940426,Эксперимент1,8.0,нет продаж 90 дн
oz_acc1,4451940639,от 0 до 1000,10.0,нет продаж 90 дн
oz_acc1,4451940639,Эксперимент1,8.0,нет продаж 90 дн
oz_acc1,4451940682,от 0 до 1000,10.0,нет продаж 90 дн
oz_acc1,4451940682,Эксперимент1,8.0,нет продаж 90 дн
oz_acc1,4451940750,от 0 до 1000,10.0,нет продаж 90 дн
oz_acc1,4451940750,Эксперимент1,8.0,нет продаж 90 дн
oz_acc1,4451940835,от 2000 до 5000,12.0,нет продаж 90 дн
oz_acc1,4451940835,Эксперимент1,8.0,нет продаж 90 дн
oz_acc1,4451940897,Эксперимент1,8.0,нет продаж 90 дн
oz_acc1,4451941035,от 0 до 1000,10.0,нет продаж 90 дн
oz_acc1,4451941035,Эксперимент1,8.0,нет продаж 90 дн
oz_acc1,4451941233,от 0 до 1000,10.0,нет продаж 90 дн
oz_acc1,4451941233,Эксперимент1,8.0,нет продаж 90 дн
oz_acc1,4451941242,от 0 до 1000,10.0,нет продаж 90 дн
oz_acc1,4451941242,Эксперимент1,8.0,нет продаж 90 дн
oz_acc1,4451941247,от 0 до 1000,10.0,нет продаж 90 дн
oz_acc1,4451941247,Эксперимент1,8.0,нет продаж 90 дн
oz_acc1,4451941310,от 0 до 1000,10.0,нет продаж 90 дн
oz_acc1,4451941310,Эксперимент1,8.0,нет продаж 90 дн
oz_acc1,4451941333,от 0 до 1000,10.0,нет продаж 90 дн
oz_acc1,4451941333,Эксперимент1,8.0,нет продаж 90 дн
oz_acc1,4451941459,от 0 до 1000,10.0,нет продаж 90 дн
oz_acc1,4451941459,Эксперимент1,8.0,нет продаж 90 дн
oz_acc1,4451941462,от 0 до 1000,10.0,нет продаж 90 дн
oz_acc1,4451941462,Эксперимент1,8.0,нет продаж 90 дн
oz_acc1,4451941516,от 0 до 1000,10.0,нет продаж 90 дн
oz_acc1,4451941516,Эксперимент1,8.0,нет продаж 90 дн
oz_acc1,4451941544,от 0 до 1000,10.0,нет продаж 90 дн
oz_acc1,4451941544,Эксперимент1,8.0,нет продаж 90 дн
oz_acc1,4451941647,Эксперимент1,8.0,нет продаж 90 дн
oz_acc1,4451941648,от 0 до 1000,10.0,нет продаж 90 дн
oz_acc1,4451941648,Эксперимент1,8.0,нет продаж 90 дн
oz_acc1,4451941708,от 0 до 1000,10.0,нет продаж 90 дн
oz_acc1,4451941708,Эксперимент1,8.0,нет продаж 90 дн
oz_acc1,4451941777,от 0 до 1000,10.0,нет продаж 90 дн
oz_acc1,4451941777,Эксперимент1,8.0,нет продаж 90 дн
oz_acc1,4451941946,от 0 до 1000,10.0,нет продаж 90 дн
oz_acc1,4451941946,Эксперимент1,8.0,нет продаж 90 дн
oz_acc1,4451942303,от 0 до 1000,10.0,нет продаж 90 дн
oz_acc1,4451942303,Эксперимент1,8.0,нет продаж 90 дн
oz_acc1,4451942564,от 0 до 1000,10.0,нет продаж 90 дн
oz_acc1,4451942564,Эксперимент1,8.0,нет продаж 90 дн
oz_acc1,4451942612,от 0 до 1000,10.0,нет продаж 90 дн
oz_acc1,4451942612,Эксперимент1,8.0,нет продаж 90 дн
oz_acc1,4451942628,от 0 до 1000,10.0,нет продаж 90 дн
oz_acc1,4451942628,Эксперимент1,8.0,нет продаж 90 дн
oz_acc1,4451942635,от 0 до 1000,10.0,нет продаж 90 дн
oz_acc1,4451942635,Эксперимент1,8.0,нет продаж 90 дн
oz_acc1,4451942776,от 0 до 1000,10.0,нет продаж 90 дн
oz_acc1,4451942776,Эксперимент1,8.0,нет продаж 90 дн
oz_acc1,4451942892,от 0 до 1000,10.0,нет продаж 90 дн
oz_acc1,4451942892,Эксперимент1,8.0,нет продаж 90 дн
oz_acc1,4451942893,от 0 до 1000,10.0,нет продаж 90 дн
oz_acc1,4451942893,Эксперимент1,8.0,нет продаж 90 дн
oz_acc1,4451943086,от 0 до 1000,10.0,нет продаж 90 дн
oz_acc1,4451943086,Эксперимент1,8.0,нет продаж 90 дн
oz_acc1,4451943123,от 0 до 1000,10.0,нет продаж 90 дн
oz_acc1,4451943123,Эксперимент1,8.0,нет продаж 90 дн
oz_acc1,4451943175,от 0 до 1000,10.0,нет продаж 90 дн
oz_acc1,4451943175,Эксперимент1,8.0,нет продаж 90 дн
oz_acc1,4451943184,от 0 до 1000,10.0,нет продаж 90 дн
oz_acc1,4451943184,Эксперимент1,8.0,нет продаж 90 дн
oz_acc1,4451943208,от 0 до 1000,10.0,нет продаж 90 дн
oz_acc1,4451943208,Эксперимент1,8.0,нет продаж 90 дн
oz_acc1,4451943270,от 0 до 1000,10.0,нет продаж 90 дн
oz_acc1,4451943270,Эксперимент1,8.0,нет продаж 90 дн
oz_acc1,4451943484,от 0 до 1000,10.0,нет продаж 90 дн
oz_acc1,4451943484,Эксперимент1,8.0,нет продаж 90 дн
oz_acc1,4451943499,от 0 до 1000,10.0,нет продаж 90 дн
oz_acc1,4451943499,Эксперимент1,8.0,нет продаж 90 дн
oz_acc1,4451943502,от 0 до 1000,10.0,нет продаж 90 дн
oz_acc1,4451943502,Эксперимент1,8.0,нет продаж 90 дн
oz_acc1,4451943539,от 0 до 1000,10.0,нет продаж 90 дн
oz_acc1,4451943539,Эксперимент1,8.0,нет продаж 90 дн
oz_acc1,4451943713,от 0 до 1000,10.0,нет продаж 90 дн
oz_acc1,4451943713,Эксперимент1,8.0,нет продаж 90 дн
oz_acc1,4451943916,от 0 до 1000,10.0,нет продаж 90 дн
oz_acc1,4451943916,Эксперимент1,8.0,нет продаж 90 дн
oz_acc1,4451944013,от 0 до 1000,10.0,нет продаж 90 дн
oz_acc1,4451944013,Эксперимент1,8.0,нет продаж 90 дн
oz_acc1,4451944332,от 0 до 1000,10.0,нет продаж 90 дн
oz_acc1,4451944332,Эксперимент1,8.0,нет продаж 90 дн
oz_acc1,4451944387,от 0 до 1000,10.0,нет продаж 90 дн
oz_acc1,4451944387,Эксперимент1,8.0,нет продаж 90 дн
oz_acc1,4451944448,от 0 до 1000,10.0,нет продаж 90 дн
oz_acc1,4451944448,Эксперимент1,8.0,нет продаж 90 дн
oz_acc1,4451944611,от 0 до 1000,10.0,нет продаж 90 дн
oz_acc1,4451944611,Эксперимент1,8.0,нет продаж 90 дн
oz_acc1,4451944620,от 0 до 1000,10.0,нет продаж 90 дн
oz_acc1,4451944620,Эксперимент1,8.0,нет продаж 90 дн
oz_acc1,4451944623,от 0 до 1000,10.0,нет продаж 90 дн
oz_acc1,4451944623,Эксперимент1,8.0,нет продаж 90 дн
oz_acc1,4451944687,от 0 до 1000,10.0,нет продаж 90 дн
oz_acc1,4451944687,Эксперимент1,8.0,нет продаж 90 дн
oz_acc1,4451944949,от 0 до 1000,10.0,нет продаж 90 дн
oz_acc1,4451944949,Эксперимент1,8.0,нет продаж 90 дн
oz_acc1,4451945297,от 0 до 1000,10.0,нет продаж 90 дн
oz_acc1,4451945297,Эксперимент1,8.0,нет продаж 90 дн
oz_acc1,4451945526,от 0 до 1000,10.0,нет продаж 90 дн
oz_acc1,4451945526,Эксперимент1,8.0,нет продаж 90 дн
oz_acc1,4451945687,от 0 до 1000,10.0,нет продаж 90 дн
oz_acc1,4451945687,Эксперимент1,8.0,нет продаж 90 дн
oz_acc1,4451946092,от 0 до 1000,10.0,нет продаж 90 дн
oz_acc1,4451946092,Эксперимент1,8.0,нет продаж 90 дн
oz_acc1,4451946141,от 2000 до 5000,12.0,нет продаж 90 дн
oz_acc1,4451946141,Эксперимент1,8.0,нет продаж 90 дн
oz_acc1,4451946236,от 0 до 1000,10.0,нет продаж 90 дн
oz_acc1,4451946236,Эксперимент1,8.0,нет продаж 90 дн
oz_acc1,4451946419,от 0 до 1000,10.0,нет продаж 90 дн
oz_acc1,4451946419,Эксперимент1,8.0,нет продаж 90 дн
oz_acc1,4451946717,от 5000 до 10000,12.0,нет продаж 90 дн
oz_acc1,4451946906,от 0 до 1000,10.0,нет продаж 90 дн
oz_acc1,4451946906,Эксперимент1,8.0,нет продаж 90 дн
oz_acc1,4451947042,от 0 до 1000,10.0,нет продаж 90 дн
oz_acc1,4451947042,Эксперимент1,8.0,нет продаж 90 дн
oz_acc1,4451947321,Эксперимент1,8.0,нет продаж 90 дн
oz_acc1,4451947498,от 2000 до 5000,12.0,нет продаж 90 дн
oz_acc1,4451947600,от 2000 до 5000,12.0,нет продаж 90 дн
oz_acc1,4451947747,от 2000 до 5000,12.0,нет продаж 90 дн
oz_acc1,4451947881,от 0 до 1000,10.0,нет продаж 90 дн
oz_acc1,4451947881,Эксперимент1,8.0,нет продаж 90 дн
oz_acc1,4451948024,от 2000 до 5000,12.0,нет продаж 90 дн
oz_acc1,4451948024,Эксперимент1,8.0,нет продаж 90 дн
oz_acc1,4451948221,от 2000 до 5000,12.0,нет продаж 90 дн
oz_acc1,4451948336,от 0 до 1000,10.0,нет продаж 90 дн
oz_acc1,4451948336,Эксперимент1,8.0,нет продаж 90 дн
oz_acc1,4451948524,от 5000 до 10000,12.0,нет продаж 90 дн
oz_acc1,4451948524,Эксперимент1,8.0,нет продаж 90 дн
oz_acc1,4451948688,от 2000 до 5000,12.0,нет продаж 90 дн
oz_acc1,4451948744,от 2000 до 5000,12.0,нет продаж 90 дн
oz_acc1,4451948744,Эксперимент1,8.0,нет продаж 90 дн
oz_acc1,4451948822,от 2000 до 5000,12.0,нет продаж 90 дн
oz_acc1,4451948822,Эксперимент1,8.0,нет продаж 90 дн
oz_acc1,4451948843,Эксперимент1,8.0,нет продаж 90 дн
oz_acc1,4451948941,от 2000 до 5000,12.0,нет продаж 90 дн
oz_acc1,4451948952,от 2000 до 5000,12.0,нет продаж 90 дн
oz_acc1,4451948952,Эксперимент1,8.0,нет продаж 90 дн
oz_acc1,4451948998,от 2000 до 5000,12.0,нет продаж 90 дн
oz_acc1,4451949135,Эксперимент1,8.0,нет продаж 90 дн
oz_acc1,4451949177,от 2000 до 5000,12.0,нет продаж 90 дн
oz_acc1,4451949481,от 2000 до 5000,12.0,нет продаж 90 дн
oz_acc1,4451949481,Эксперимент1,8.0,нет продаж 90 дн
oz_acc1,4451949537,от 2000 до 5000,12.0,нет продаж 90 дн
oz_acc1,4451949537,Эксперимент1,8.0,нет продаж 90 дн
oz_acc1,4451949607,от 2000 до 5000,12.0,нет продаж 90 дн
oz_acc1,4451949607,Эксперимент1,8.0,нет продаж 90 дн
oz_acc1,4451949801,от 2000 до 5000,12.0,нет продаж 90 дн
oz_acc1,4451949896,от 2000 до 5000,12.0,нет продаж 90 дн
oz_acc1,4451949896,Эксперимент1,8.0,нет продаж 90 дн
oz_acc1,4451950273,Эксперимент1,8.0,нет продаж 90 дн
oz_acc1,4451950331,Эксперимент1,8.0,нет продаж 90 дн
oz_acc1,4451950349,Эксперимент1,8.0,нет продаж 90 дн
oz_acc1,4451950561,Эксперимент1,8.0,нет продаж 90 дн
oz_acc1,4451950569,Эксперимент1,8.0,нет продаж 90 дн
oz_acc1,4451950818,от 2000 до 5000,12.0,нет продаж 90 дн
oz_acc1,4451950818,Эксперимент1,8.0,нет продаж 90 дн
oz_acc1,4451950825,Эксперимент1,8.0,нет продаж 90 дн
oz_acc1,4451950987,от 2000 до 5000,12.0,нет продаж 90 дн
oz_acc1,4451951177,от 2000 до 5000,12.0,нет продаж 90 дн
oz_acc1,4451951177,Эксперимент1,8.0,нет продаж 90 дн
oz_acc1,4451951606,от 2000 до 5000,12.0,нет продаж 90 дн
oz_acc1,4451951610,Эксперимент1,8.0,нет продаж 90 дн
oz_acc1,4451951969,Эксперимент1,8.0,нет продаж 90 дн
oz_acc1,4451951986,от 2000 до 5000,12.0,нет продаж 90 дн
oz_acc1,4451951991,от 2000 до 5000,12.0,нет продаж 90 дн
oz_acc1,4451951991,Эксперимент1,8.0,нет продаж 90 дн
oz_acc1,4451952010,от 2000 до 5000,12.0,нет продаж 90 дн
oz_acc1,4451952013,Эксперимент1,8.0,нет продаж 90 дн
oz_acc1,4451952016,от 2000 до 5000,12.0,нет продаж 90 дн
oz_acc1,4451952016,Эксперимент1,8.0,нет продаж 90 дн
oz_acc1,4451952137,от 2000 до 5000,12.0,нет продаж 90 дн
oz_acc1,4451952154,от 2000 до 5000,12.0,нет продаж 90 дн
oz_acc1,4451952154,Эксперимент1,8.0,нет продаж 90 дн
oz_acc1,4451952531,от 2000 до 5000,12.0,нет продаж 90 дн
oz_acc1,4451952670,от 2000 до 5000,12.0,нет продаж 90 дн
oz_acc1,4451952670,Эксперимент1,8.0,нет продаж 90 дн
oz_acc1,4451952733,от 2000 до 5000,12.0,нет продаж 90 дн
oz_acc1,4451952733,Эксперимент1,8.0,нет продаж 90 дн
oz_acc1,4451952899,от 2000 до 5000,12.0,нет продаж 90 дн
oz_acc1,4451953199,Эксперимент1,8.0,нет продаж 90 дн
oz_acc1,4451953204,от 2000 до 5000,12.0,нет продаж 90 дн
oz_acc1,4451953204,Эксперимент1,8.0,нет продаж 90 дн
oz_acc1,4451953292,от 2000 до 5000,12.0,нет продаж 90 дн
oz_acc1,4451953292,Эксперимент1,8.0,нет продаж 90 дн
oz_acc1,4451953300,от 2000 до 5000,12.0,нет продаж 90 дн
oz_acc1,4451953313,Эксперимент1,8.0,нет продаж 90 дн
oz_acc1,4451953340,от 2000 до 5000,12.0,нет продаж 90 дн
oz_acc1,4451953340,Эксперимент1,8.0,нет продаж 90 дн
oz_acc1,4451953368,от 2000 до 5000,12.0,нет продаж 90 дн
oz_acc1,4451953498,от 2000 до 5000,12.0,нет продаж 90 дн
oz_acc1,4451953498,Эксперимент1,8.0,нет продаж 90 дн
oz_acc1,4451953556,от 2000 до 5000,12.0,нет продаж 90 дн
oz_acc1,4451953556,Эксперимент1,8.0,нет продаж 90 дн
oz_acc1,4451953748,от 2000 до 5000,12.0,нет продаж 90 дн
oz_acc1,4451953771,Эксперимент1,8.0,нет продаж 90 дн
oz_acc1,4451953865,от 2000 до 5000,12.0,нет продаж 90 дн
oz_acc1,4451953865,Эксперимент1,8.0,нет продаж 90 дн
oz_acc1,4451953966,Эксперимент1,8.0,нет продаж 90 дн
oz_acc1,4451953986,Эксперимент1,8.0,нет продаж 90 дн
oz_acc1,4451954015,Эксперимент1,8.0,нет продаж 90 дн
oz_acc1,4451954123,Эксперимент1,8.0,нет продаж 90 дн
oz_acc1,4451954179,Эксперимент1,8.0,нет продаж 90 дн
oz_acc1,4451954188,Эксперимент1,8.0,нет продаж 90 дн
oz_acc1,4451954229,Эксперимент1,8.0,нет продаж 90 дн
oz_acc1,4451954286,Эксперимент1,8.0,нет продаж 90 дн
oz_acc1,4451954376,Эксперимент1,8.0,нет продаж 90 дн
oz_acc1,4451954433,Эксперимент1,8.0,нет продаж 90 дн
oz_acc1,4451954435,Эксперимент1,8.0,нет продаж 90 дн
oz_acc1,4451954483,Эксперимент1,8.0,нет продаж 90 дн
oz_acc1,4451954559,Эксперимент1,8.0,нет продаж 90 дн
oz_acc1,4451954604,Эксперимент1,8.0,нет продаж 90 дн
oz_acc1,4451954615,Эксперимент1,8.0,нет продаж 90 дн
oz_acc1,4451954798,от 2000 до 5000,12.0,нет продаж 90 дн
oz_acc1,4451954798,Эксперимент1,8.0,нет продаж 90 дн
oz_acc1,4451954951,Эксперимент1,8.0,нет продаж 90 дн
oz_acc1,4451954955,Эксперимент1,8.0,нет продаж 90 дн
oz_acc1,4451954978,от 2000 до 5000,12.0,нет продаж 90 дн
oz_acc1,4451954978,Эксперимент1,8.0,нет продаж 90 дн
oz_acc1,4451955023,Эксперимент1,8.0,нет продаж 90 дн
oz_acc1,4451955033,Эксперимент1,8.0,нет продаж 90 дн
oz_acc1,4451955083,от 2000 до 5000,12.0,нет продаж 90 дн
oz_acc1,4451955114,от 2000 до 5000,12.0,нет продаж 90 дн
oz_acc1,4451955114,Эксперимент1,8.0,нет продаж 90 дн
oz_acc1,4451955123,от 2000 до 5000,12.0,нет продаж 90 дн
oz_acc1,4451955299,Эксперимент1,8.0,нет продаж 90 дн
oz_acc1,4451955307,Эксперимент1,8.0,нет продаж 90 дн
oz_acc1,4451955326,Эксперимент1,8.0,нет продаж 90 дн
oz_acc1,4451955371,Эксперимент1,8.0,нет продаж 90 дн
oz_acc1,4451955565,от 2000 до 5000,12.0,нет продаж 90 дн
oz_acc1,4451955706,Эксперимент1,8.0,нет продаж 90 дн
oz_acc1,4451955820,Эксперимент1,8.0,нет продаж 90 дн
oz_acc1,4451955841,Эксперимент1,8.0,нет продаж 90 дн
oz_acc1,4451955973,Эксперимент1,8.0,нет продаж 90 дн
oz_acc1,4451956072,Эксперимент1,8.0,нет продаж 90 дн
oz_acc1,4451956082,Эксперимент1,8.0,нет продаж 90 дн
oz_acc1,4451956121,от 2000 до 5000,12.0,нет продаж 90 дн
oz_acc1,4451956121,Эксперимент1,8.0,нет продаж 90 дн
oz_acc1,4451956148,Эксперимент1,8.0,нет продаж 90 дн
oz_acc1,4451956289,Эксперимент1,8.0,нет продаж 90 дн
oz_acc1,4451956431,Эксперимент1,8.0,нет продаж 90 дн
oz_acc1,4451956485,от 0 до 1000,10.0,нет продаж 90 дн
oz_acc1,4451956485,Эксперимент1,8.0,нет продаж 90 дн
oz_acc1,4451956488,Эксперимент1,8.0,нет продаж 90 дн
oz_acc1,4451956512,Эксперимент1,8.0,нет продаж 90 дн
oz_acc1,4451956705,Эксперимент1,8.0,нет продаж 90 дн
oz_acc1,4451956755,Эксперимент1,8.0,нет продаж 90 дн
oz_acc1,4451956845,Эксперимент1,8.0,нет продаж 90 дн
oz_acc1,4451956851,Эксперимент1,8.0,нет продаж 90 дн
oz_acc1,4451957184,Эксперимент1,8.0,нет продаж 90 дн
oz_acc1,4451957447,Эксперимент1,8.0,нет продаж 90 дн
oz_acc1,4451957468,Эксперимент1,8.0,нет продаж 90 дн
oz_acc1,4451957619,Эксперимент1,8.0,нет продаж 90 дн
oz_acc1,4451957623,Эксперимент1,8.0,нет продаж 90 дн
oz_acc1,4451957658,Эксперимент1,8.0,нет продаж 90 дн
oz_acc1,4451957676,Эксперимент1,8.0,нет продаж 90 дн
oz_acc1,4451957752,Эксперимент1,8.0,нет продаж 90 дн
oz_acc1,4451957784,Эксперимент1,8.0,нет продаж 90 дн
oz_acc1,4451957791,от 2000 до 5000,12.0,нет продаж 90 дн
oz_acc1,4451957791,Эксперимент1,8.0,нет продаж 90 дн
oz_acc1,4451957887,Эксперимент1,8.0,нет продаж 90 дн
oz_acc1,4451958146,Эксперимент1,8.0,нет продаж 90 дн
oz_acc1,4451958352,Эксперимент1,8.0,нет продаж 90 дн
oz_acc1,4451958422,Эксперимент1,8.0,нет продаж 90 дн
oz_acc1,4451958487,Эксперимент1,8.0,нет продаж 90 дн
oz_acc1,4451958619,Эксперимент1,8.0,нет продаж 90 дн
oz_acc1,4451958751,от 2000 до 5000,12.0,нет продаж 90 дн
oz_acc1,4451958751,Эксперимент1,8.0,нет продаж 90 дн
oz_acc1,4451958755,от 2000 до 5000,12.0,нет продаж 90 дн
oz_acc1,4451958789,Эксперимент1,8.0,нет продаж 90 дн
oz_acc1,4451958864,Эксперимент1,8.0,нет продаж 90 дн
oz_acc1,4451958870,Эксперимент1,8.0,нет продаж 90 дн
oz_acc1,4451958871,Эксперимент1,8.0,нет продаж 90 дн
oz_acc1,4451959214,Эксперимент1,8.0,нет продаж 90 дн
oz_acc1,4451959219,Эксперимент1,8.0,нет продаж 90 дн
oz_acc1,4451959271,Эксперимент1,8.0,нет продаж 90 дн
oz_acc1,4451959296,Эксперимент1,8.0,нет продаж 90 дн
oz_acc1,4451959320,Эксперимент1,8.0,нет продаж 90 дн
oz_acc1,4451959406,от 2000 до 5000,12.0,нет продаж 90 дн
oz_acc1,4451959561,Эксперимент1,8.0,нет продаж 90 дн
oz_acc1,4451959568,Эксперимент1,8.0,нет продаж 90 дн
oz_acc1,4451959610,Эксперимент1,8.0,нет продаж 90 дн
oz_acc1,4451959623,от 2000 до 5000,12.0,нет продаж 90 дн
oz_acc1,4451959637,Эксперимент1,8.0,нет продаж 90 дн
oz_acc1,4451959729,Эксперимент1,8.0,нет продаж 90 дн
oz_acc1,4451959742,Эксперимент1,8.0,нет продаж 90 дн
oz_acc1,4451959761,Эксперимент1,8.0,нет продаж 90 дн
oz_acc1,4451959780,Эксперимент1,8.0,нет продаж 90 дн
oz_acc1,4451959782,Эксперимент1,8.0,нет продаж 90 дн
oz_acc1,4451959868,Эксперимент1,8.0,нет продаж 90 дн
oz_acc1,4451959929,от 2000 до 5000,12.0,нет продаж 90 дн
oz_acc1,4451959957,Эксперимент1,8.0,нет продаж 90 дн
oz_acc1,4451959969,Эксперимент1,8.0,нет продаж 90 дн
oz_acc1,4451960124,Эксперимент1,8.0,нет продаж 90 дн
oz_acc1,4451960337,Эксперимент1,8.0,нет продаж 90 дн
oz_acc1,4451960339,Эксперимент1,8.0,нет продаж 90 дн
oz_acc1,4451960570,от 2000 до 5000,12.0,нет продаж 90 дн
oz_acc1,4451960570,Эксперимент1,8.0,нет продаж 90 дн
oz_acc1,4451960596,Эксперимент1,8.0,нет продаж 90 дн
oz_acc1,4451960680,Эксперимент1,8.0,нет продаж 90 дн
oz_acc1,4451960699,Эксперимент1,8.0,нет продаж 90 дн
oz_acc1,4451961127,Эксперимент1,8.0,нет продаж 90 дн
oz_acc1,4451961209,Эксперимент1,8.0,нет продаж 90 дн
oz_acc1,4451961222,Эксперимент1,8.0,нет продаж 90 дн
oz_acc1,4451961682,Эксперимент1,8.0,нет продаж 90 дн
oz_acc1,4451961719,Эксперимент1,8.0,нет продаж 90 дн
oz_acc1,4451961894,Эксперимент1,8.0,нет продаж 90 дн
oz_acc1,4451961897,Эксперимент1,8.0,нет продаж 90 дн
oz_acc1,4451961902,Эксперимент1,8.0,нет продаж 90 дн
oz_acc1,4451961965,от 2000 до 5000,12.0,нет продаж 90 дн
oz_acc1,4451962056,Эксперимент1,8.0,нет продаж 90 дн
oz_acc1,4451962149,Эксперимент1,8.0,нет продаж 90 дн
oz_acc1,4451962443,Эксперимент1,8.0,нет продаж 90 дн
oz_acc1,4451962714,Эксперимент1,8.0,нет продаж 90 дн
oz_acc1,4451962726,Эксперимент1,8.0,нет продаж 90 дн
oz_acc1,4451962808,Эксперимент1,8.0,нет продаж 90 дн
oz_acc1,4451962990,Эксперимент1,8.0,нет продаж 90 дн
oz_acc1,4451963099,Эксперимент1,8.0,нет продаж 90 дн
oz_acc1,4451963208,Эксперимент1,8.0,нет продаж 90 дн
oz_acc1,4451963236,Эксперимент1,8.0,нет продаж 90 дн
oz_acc1,4451963384,от 2000 до 5000,12.0,нет продаж 90 дн
oz_acc1,4451963397,Эксперимент1,8.0,нет продаж 90 дн
oz_acc1,4451963405,Эксперимент1,8.0,нет продаж 90 дн
oz_acc1,4451963417,Эксперимент1,8.0,нет продаж 90 дн
oz_acc1,4451963518,Эксперимент1,8.0,нет продаж 90 дн
oz_acc1,4451963536,Эксперимент1,8.0,нет продаж 90 дн
oz_acc1,4451963600,Эксперимент1,8.0,нет продаж 90 дн
oz_acc1,4451963670,Эксперимент1,8.0,нет продаж 90 дн
oz_acc1,4451963686,Эксперимент1,8.0,нет продаж 90 дн
oz_acc1,4451963728,Эксперимент1,8.0,нет продаж 90 дн
oz_acc1,4451963945,Эксперимент1,8.0,нет продаж 90 дн
oz_acc1,4451963989,Эксперимент1,8.0,нет продаж 90 дн
oz_acc1,4451964014,Эксперимент1,8.0,нет продаж 90 дн
oz_acc1,4451964030,Эксперимент1,8.0,нет продаж 90 дн
oz_acc1,4451964057,Эксперимент1,8.0,нет продаж 90 дн
oz_acc1,4451964104,Эксперимент1,8.0,нет продаж 90 дн
oz_acc1,4451964151,Эксперимент1,8.0,нет продаж 90 дн
oz_acc1,4451964164,Эксперимент1,8.0,нет продаж 90 дн
oz_acc1,4451964192,Эксперимент1,8.0,нет продаж 90 дн
oz_acc1,4451964263,Эксперимент1,8.0,нет продаж 90 дн
oz_acc1,4451964271,Эксперимент1,8.0,нет продаж 90 дн
oz_acc1,4451964607,Эксперимент1,8.0,нет продаж 90 дн
oz_acc1,4451964666,Эксперимент1,8.0,нет продаж 90 дн
oz_acc1,4451964693,Эксперимент1,8.0,нет продаж 90 дн
oz_acc1,4451964725,Эксперимент1,8.0,нет продаж 90 дн
oz_acc1,4451964769,Эксперимент1,8.0,нет продаж 90 дн
oz_acc1,4451964800,Эксперимент1,8.0,нет продаж 90 дн
oz_acc1,4451964846,Эксперимент1,8.0,нет продаж 90 дн
oz_acc1,4451964872,Эксперимент1,8.0,нет продаж 90 дн
oz_acc1,4451964875,Эксперимент1,8.0,нет продаж 90 дн
oz_acc1,4451964927,Эксперимент1,8.0,нет продаж 90 дн
oz_acc1,4451964973,Эксперимент1,8.0,нет продаж 90 дн
oz_acc1,4451964977,Эксперимент1,8.0,нет продаж 90 дн
oz_acc1,4451964980,Эксперимент1,8.0,нет продаж 90 дн
oz_acc1,4451965045,Эксперимент1,8.0,нет продаж 90 дн
oz_acc1,4451965142,Эксперимент1,8.0,нет продаж 90 дн
oz_acc1,4451965172,Эксперимент1,8.0,нет продаж 90 дн
oz_acc1,4451965293,Эксперимент1,8.0,нет продаж 90 дн
oz_acc1,4451965397,Эксперимент1,8.0,нет продаж 90 дн
oz_acc1,4451965565,Эксперимент1,8.0,нет продаж 90 дн
oz_acc1,4451965620,Эксперимент1,8.0,нет продаж 90 дн
oz_acc1,4451965666,Эксперимент1,8.0,нет продаж 90 дн
oz_acc1,4451965721,Эксперимент1,8.0,нет продаж 90 дн
oz_acc1,4451965867,Эксперимент1,8.0,нет продаж 90 дн
oz_acc1,4451965943,Эксперимент1,8.0,нет продаж 90 дн
oz_acc1,4451966082,Эксперимент1,8.0,нет продаж 90 дн
oz_acc1,4451966098,Эксперимент1,8.0,нет продаж 90 дн
oz_acc1,4451966274,Эксперимент1,8.0,нет продаж 90 дн
oz_acc1,4451966278,Эксперимент1,8.0,нет продаж 90 дн
oz_acc1,4451966327,Эксперимент1,8.0,нет продаж 90 дн
oz_acc1,4451966329,Эксперимент1,8.0,нет продаж 90 дн
oz_acc1,4451966369,Эксперимент1,8.0,нет продаж 90 дн
oz_acc1,4451966454,Эксперимент1,8.0,нет продаж 90 дн
oz_acc1,4451966507,Эксперимент1,8.0,нет продаж 90 дн
oz_acc1,4451966538,Эксперимент1,8.0,нет продаж 90 дн
oz_acc1,4451966640,Эксперимент1,8.0,нет продаж 90 дн
oz_acc1,4451966781,Эксперимент1,8.0,нет продаж 90 дн
oz_acc1,4451967173,Эксперимент1,8.0,нет продаж 90 дн
oz_acc1,4451967219,Эксперимент1,8.0,нет продаж 90 дн
oz_acc1,4451967264,Эксперимент1,8.0,нет продаж 90 дн
oz_acc1,4451967267,Эксперимент1,8.0,нет продаж 90 дн
oz_acc1,4451967310,Эксперимент1,8.0,нет продаж 90 дн
oz_acc1,4451967421,Эксперимент1,8.0,нет продаж 90 дн
oz_acc1,4451967491,Эксперимент1,8.0,нет продаж 90 дн
oz_acc1,4451967498,Эксперимент1,8.0,нет продаж 90 дн
oz_acc1,4451967557,Эксперимент1,8.0,нет продаж 90 дн
oz_acc1,4451967588,Эксперимент1,8.0,нет продаж 90 дн
oz_acc1,4451967591,Эксперимент1,8.0,нет продаж 90 дн
oz_acc1,4451967595,Эксперимент1,8.0,нет продаж 90 дн
oz_acc1,4451967850,Эксперимент1,8.0,нет продаж 90 дн
oz_acc1,4451968130,Эксперимент1,8.0,нет продаж 90 дн
oz_acc1,4451968157,Эксперимент1,8.0,нет продаж 90 дн
oz_acc1,4451968205,Эксперимент1,8.0,нет продаж 90 дн
oz_acc1,4451968209,Эксперимент1,8.0,нет продаж 90 дн
oz_acc1,4451968378,Эксперимент1,8.0,нет продаж 90 дн
oz_acc1,4451968517,Эксперимент1,8.0,нет продаж 90 дн
oz_acc1,4451968583,Эксперимент1,8.0,нет продаж 90 дн
oz_acc1,4451968661,Эксперимент1,8.0,нет продаж 90 дн
oz_acc1,4451968688,Эксперимент1,8.0,нет продаж 90 дн
oz_acc1,4451968738,Эксперимент1,8.0,нет продаж 90 дн
oz_acc1,4451968977,Эксперимент1,8.0,нет продаж 90 дн
oz_acc1,4451968982,Эксперимент1,8.0,нет продаж 90 дн
oz_acc1,4451969188,Эксперимент1,8.0,нет продаж 90 дн
oz_acc1,4451969325,Эксперимент1,8.0,нет продаж 90 дн
oz_acc1,4451969473,Эксперимент1,8.0,нет продаж 90 дн
oz_acc1,4451969707,Эксперимент1,8.0,нет продаж 90 дн
oz_acc1,4451969730,Эксперимент1,8.0,нет продаж 90 дн
oz_acc1,4451969862,Эксперимент1,8.0,нет продаж 90 дн
oz_acc1,4451969904,Эксперимент1,8.0,нет продаж 90 дн
oz_acc1,4451970146,Эксперимент1,8.0,нет продаж 90 дн
oz_acc1,4451970269,Эксперимент1,8.0,нет продаж 90 дн
oz_acc1,4451970289,Эксперимент1,8.0,нет продаж 90 дн
oz_acc1,4451970391,Эксперимент1,8.0,нет продаж 90 дн
oz_acc1,4451970516,Эксперимент1,8.0,нет продаж 90 дн
oz_acc1,4451970523,Эксперимент1,8.0,нет продаж 90 дн
oz_acc1,4451970540,Эксперимент1,8.0,нет продаж 90 дн
oz_acc1,4451970611,Эксперимент1,8.0,нет продаж 90 дн
oz_acc1,4451970642,Эксперимент1,8.0,нет продаж 90 дн
oz_acc1,4451970735,Эксперимент1,8.0,нет продаж 90 дн
oz_acc1,4451970840,Эксперимент1,8.0,нет продаж 90 дн
oz_acc1,4451970926,Эксперимент1,8.0,нет продаж 90 дн
oz_acc1,4451970946,Эксперимент1,8.0,нет продаж 90 дн
oz_acc1,4451971182,Эксперимент1,8.0,нет продаж 90 дн
oz_acc1,4451971229,Эксперимент1,8.0,нет продаж 90 дн
oz_acc1,4451971294,Эксперимент1,8.0,нет продаж 90 дн
oz_acc1,4451971721,Эксперимент1,8.0,нет продаж 90 дн
oz_acc1,4451971857,Эксперимент1,8.0,нет продаж 90 дн
oz_acc1,4451972023,Эксперимент1,8.0,нет продаж 90 дн
oz_acc1,4451972051,Эксперимент1,8.0,нет продаж 90 дн
oz_acc1,4451972052,Эксперимент1,8.0,нет продаж 90 дн
oz_acc1,4451972056,Эксперимент1,8.0,нет продаж 90 дн
oz_acc1,4451972254,Эксперимент1,8.0,нет продаж 90 дн
oz_acc1,4451972404,Эксперимент1,8.0,нет продаж 90 дн
oz_acc1,4451972425,Эксперимент1,8.0,нет продаж 90 дн
oz_acc1,4451972470,Эксперимент1,8.0,нет продаж 90 дн
oz_acc1,4451972479,Эксперимент1,8.0,нет продаж 90 дн
oz_acc1,4451972584,Эксперимент1,8.0,нет продаж 90 дн
oz_acc1,4451972769,Эксперимент1,8.0,нет продаж 90 дн
oz_acc1,4451972880,Эксперимент1,8.0,нет продаж 90 дн
oz_acc1,4451973116,Эксперимент1,8.0,нет продаж 90 дн
oz_acc1,4451973213,Эксперимент1,8.0,нет продаж 90 дн
oz_acc1,4451973289,Эксперимент1,8.0,нет продаж 90 дн
oz_acc1,4451973503,Эксперимент1,8.0,нет продаж 90 дн
oz_acc1,4451973532,Эксперимент1,8.0,нет продаж 90 дн
oz_acc1,4451973603,Эксперимент1,8.0,нет продаж 90 дн
oz_acc1,4451973666,Эксперимент1,8.0,нет продаж 90 дн
oz_acc1,4451973754,Эксперимент1,8.0,нет продаж 90 дн
oz_acc1,4451973823,Эксперимент1,8.0,нет продаж 90 дн
oz_acc1,4451973983,Эксперимент1,8.0,нет продаж 90 дн
oz_acc1,4451974041,Эксперимент1,8.0,нет продаж 90 дн
oz_acc1,4451974081,Эксперимент1,8.0,нет продаж 90 дн
oz_acc1,4451974156,Эксперимент1,8.0,нет продаж 90 дн
oz_acc1,4451974222,Эксперимент1,8.0,нет продаж 90 дн
oz_acc1,4451974346,Эксперимент1,8.0,нет продаж 90 дн
oz_acc1,4451974374,Эксперимент1,8.0,нет продаж 90 дн
oz_acc1,4451974459,Эксперимент1,8.0,нет продаж 90 дн
oz_acc1,4451974531,Эксперимент1,8.0,нет продаж 90 дн
oz_acc1,4451974610,Эксперимент1,8.0,нет продаж 90 дн
oz_acc1,4451974763,Эксперимент1,8.0,нет продаж 90 дн
oz_acc1,4451974767,Эксперимент1,8.0,нет продаж 90 дн
oz_acc1,4451974833,Эксперимент1,8.0,нет продаж 90 дн
oz_acc1,4451974870,Эксперимент1,8.0,нет продаж 90 дн
oz_acc1,4451975019,Эксперимент1,8.0,нет продаж 90 дн
oz_acc1,4451975050,Эксперимент1,8.0,нет продаж 90 дн
oz_acc1,4451975128,Эксперимент1,8.0,нет продаж 90 дн
oz_acc1,4451975233,Эксперимент1,8.0,нет продаж 90 дн
oz_acc1,4451975236,Эксперимент1,8.0,нет продаж 90 дн
oz_acc1,4451975298,Эксперимент1,8.0,нет продаж 90 дн
oz_acc1,4451975341,Эксперимент1,8.0,нет продаж 90 дн
oz_acc1,4451975377,Эксперимент1,8.0,нет продаж 90 дн
oz_acc1,4451975555,Эксперимент1,8.0,нет продаж 90 дн
oz_acc1,4451975776,Эксперимент1,8.0,нет продаж 90 дн
oz_acc1,4451975821,Эксперимент1,8.0,нет продаж 90 дн
oz_acc1,4451975825,Эксперимент1,8.0,нет продаж 90 дн
oz_acc1,4451975871,Эксперимент1,8.0,нет продаж 90 дн
oz_acc1,4451975880,Эксперимент1,8.0,нет продаж 90 дн
oz_acc1,4451975925,Эксперимент1,8.0,нет продаж 90 дн
oz_acc1,4451975936,Эксперимент1,8.0,нет продаж 90 дн
oz_acc1,4451975943,Эксперимент1,8.0,нет продаж 90 дн
oz_acc1,4451975958,Эксперимент1,8.0,нет продаж 90 дн
oz_acc1,4451976171,Эксперимент1,8.0,нет продаж 90 дн
oz_acc1,4451976194,Эксперимент1,8.0,нет продаж 90 дн
oz_acc1,4451976206,Эксперимент1,8.0,нет продаж 90 дн
oz_acc1,4451976237,Эксперимент1,8.0,нет продаж 90 дн
oz_acc1,4451976258,Эксперимент1,8.0,нет продаж 90 дн
oz_acc1,4451976364,Эксперимент1,8.0,нет продаж 90 дн
oz_acc1,4451976486,Эксперимент1,8.0,нет продаж 90 дн
oz_acc1,4451976534,Эксперимент1,8.0,нет продаж 90 дн
oz_acc1,4451976629,Эксперимент1,8.0,нет продаж 90 дн
oz_acc1,4451976755,Эксперимент1,8.0,нет продаж 90 дн
oz_acc1,4451976798,Эксперимент1,8.0,нет продаж 90 дн
oz_acc1,4451976991,Эксперимент1,8.0,нет продаж 90 дн
oz_acc1,4451977030,Эксперимент1,8.0,нет продаж 90 дн
oz_acc1,4451977181,Эксперимент1,8.0,нет продаж 90 дн
oz_acc1,4451977194,от 2000 до 5000,12.0,нет продаж 90 дн
oz_acc1,4451977194,Эксперимент1,8.0,нет продаж 90 дн
oz_acc1,4451977392,Эксперимент1,8.0,нет продаж 90 дн
oz_acc1,4451977405,Эксперимент1,8.0,нет продаж 90 дн
oz_acc1,4451977459,Эксперимент1,8.0,нет продаж 90 дн
oz_acc1,4451977530,Эксперимент1,8.0,нет продаж 90 дн
oz_acc1,4451977585,от 2000 до 5000,12.0,нет продаж 90 дн
oz_acc1,4451977609,Эксперимент1,8.0,нет продаж 90 дн
oz_acc1,4451977644,Эксперимент1,8.0,нет продаж 90 дн
oz_acc1,4451977670,от 2000 до 5000,12.0,нет продаж 90 дн
oz_acc1,4451977670,Эксперимент1,8.0,нет продаж 90 дн
oz_acc1,4451977674,от 2000 до 5000,12.0,нет продаж 90 дн
oz_acc1,4451977746,от 2000 до 5000,12.0,нет продаж 90 дн
oz_acc1,4451977746,Эксперимент1,8.0,нет продаж 90 дн
oz_acc1,4451977757,от 2000 до 5000,12.0,нет продаж 90 дн
oz_acc1,4451977757,Эксперимент1,8.0,нет продаж 90 дн
oz_acc1,4451978091,Эксперимент1,8.0,нет продаж 90 дн
oz_acc1,4451978104,Эксперимент1,8.0,нет продаж 90 дн
oz_acc1,4451978196,от 2000 до 5000,12.0,нет продаж 90 дн
oz_acc1,4451978310,Эксперимент1,8.0,нет продаж 90 дн
oz_acc1,4451978364,от 2000 до 5000,12.0,нет продаж 90 дн
oz_acc1,4451978480,Эксперимент1,8.0,нет продаж 90 дн
oz_acc1,4451978504,Эксперимент1,8.0,нет продаж 90 дн
oz_acc1,4451978836,Эксперимент1,8.0,нет продаж 90 дн
oz_acc1,4451978953,Эксперимент1,8.0,нет продаж 90 дн
oz_acc1,4451979212,от 2000 до 5000,12.0,нет продаж 90 дн
oz_acc1,4451979256,от 2000 до 5000,12.0,нет продаж 90 дн
oz_acc1,4451979295,от 2000 до 5000,12.0,нет продаж 90 дн
oz_acc1,4451979431,от 2000 до 5000,12.0,нет продаж 90 дн
oz_acc1,4451979431,Эксперимент1,8.0,нет продаж 90 дн
oz_acc1,4451979437,от 2000 до 5000,12.0,нет продаж 90 дн
oz_acc1,4451979437,Эксперимент1,8.0,нет продаж 90 дн
oz_acc1,4451979459,от 2000 до 5000,12.0,нет продаж 90 дн
oz_acc1,4451979602,Эксперимент1,8.0,нет продаж 90 дн
oz_acc1,4451979624,от 2000 до 5000,12.0,нет продаж 90 дн
oz_acc1,4451979624,Эксперимент1,8.0,нет продаж 90 дн
oz_acc1,4451979627,Эксперимент1,8.0,нет продаж 90 дн
oz_acc1,4451979656,от 2000 до 5000,12.0,нет продаж 90 дн
oz_acc1,4451979656,Эксперимент1,8.0,нет продаж 90 дн
oz_acc1,4451979679,Эксперимент1,8.0,нет продаж 90 дн
oz_acc1,4451979763,от 2000 до 5000,12.0,нет продаж 90 дн
oz_acc1,4451979763,Эксперимент1,8.0,нет продаж 90 дн
oz_acc1,4451979868,от 2000 до 5000,12.0,нет продаж 90 дн
oz_acc1,4451979868,Эксперимент1,8.0,нет продаж 90 дн
oz_acc1,4451979919,от 2000 до 5000,12.0,нет продаж 90 дн
oz_acc1,4451980009,от 2000 до 5000,12.0,нет продаж 90 дн
oz_acc1,4451980316,Эксперимент1,8.0,нет продаж 90 дн
oz_acc1,4451980322,Эксперимент1,8.0,нет продаж 90 дн
oz_acc1,4451980402,Эксперимент1,8.0,нет продаж 90 дн
oz_acc1,4451980478,от 2000 до 5000,12.0,нет продаж 90 дн
oz_acc1,4451980478,Эксперимент1,8.0,нет продаж 90 дн
oz_acc1,4451980637,Эксперимент1,8.0,нет продаж 90 дн
oz_acc1,4451980661,Эксперимент1,8.0,нет продаж 90 дн
oz_acc1,4451980689,Эксперимент1,8.0,нет продаж 90 дн
oz_acc1,4451980734,Эксперимент1,8.0,нет продаж 90 дн
oz_acc1,4451980736,Эксперимент1,8.0,нет продаж 90 дн
oz_acc1,4451980935,от 2000 до 5000,12.0,нет продаж 90 дн
oz_acc1,4451980935,Эксперимент1,8.0,нет продаж 90 дн
oz_acc1,4451980961,от 2000 до 5000,12.0,нет продаж 90 дн
oz_acc1,4451980961,Эксперимент1,8.0,нет продаж 90 дн
oz_acc1,4451980981,от 2000 до 5000,12.0,нет продаж 90 дн
oz_acc1,4451981004,Эксперимент1,8.0,нет продаж 90 дн
oz_acc1,4451981053,от 2000 до 5000,12.0,нет продаж 90 дн
oz_acc1,4451981150,от 2000 до 5000,12.0,нет продаж 90 дн
oz_acc1,4451981196,Эксперимент1,8.0,нет продаж 90 дн
oz_acc1,4451981392,Эксперимент1,8.0,нет продаж 90 дн
oz_acc1,4451981394,от 1000-2000,12.0,нет продаж 90 дн
oz_acc1,4451981394,Эксперимент1,8.0,нет продаж 90 дн
oz_acc1,4451981415,от 2000 до 5000,12.0,нет продаж 90 дн
oz_acc1,4451981661,от 1000-2000,12.0,нет продаж 90 дн
oz_acc1,4451981661,Эксперимент1,8.0,нет продаж 90 дн
oz_acc1,4451981743,от 2000 до 5000,12.0,нет продаж 90 дн
oz_acc1,4451981743,Эксперимент1,8.0,нет продаж 90 дн
oz_acc1,4451981937,от 2000 до 5000,12.0,нет продаж 90 дн
oz_acc1,4451981968,от 2000 до 5000,12.0,нет продаж 90 дн
oz_acc1,4451981968,Эксперимент1,8.0,нет продаж 90 дн
oz_acc1,4451981979,Эксперимент1,8.0,нет продаж 90 дн
oz_acc1,4451982028,от 2000 до 5000,12.0,нет продаж 90 дн
oz_acc1,4451982091,от 2000 до 5000,12.0,нет продаж 90 дн
oz_acc1,4451982091,Эксперимент1,8.0,нет продаж 90 дн
oz_acc1,4451982227,от 2000 до 5000,12.0,нет продаж 90 дн
oz_acc1,4451982227,Эксперимент1,8.0,нет продаж 90 дн
oz_acc1,4451982311,Эксперимент1,8.0,нет продаж 90 дн
oz_acc1,4451982328,от 2000 до 5000,12.0,нет продаж 90 дн
oz_acc1,4451982405,Эксперимент1,8.0,нет продаж 90 дн
oz_acc1,4451982437,Эксперимент1,8.0,нет продаж 90 дн
oz_acc1,4451982481,от 2000 до 5000,12.0,нет продаж 90 дн
oz_acc1,4451982481,Эксперимент1,8.0,нет продаж 90 дн
oz_acc1,4451982494,от 2000 до 5000,12.0,нет продаж 90 дн
oz_acc1,4451982551,от 2000 до 5000,12.0,нет продаж 90 дн
oz_acc1,4451982551,Эксперимент1,8.0,нет продаж 90 дн
oz_acc1,4451982560,Эксперимент1,8.0,нет продаж 90 дн
oz_acc1,4451982564,от 1000-2000,12.0,нет продаж 90 дн
oz_acc1,4451982564,Эксперимент1,8.0,нет продаж 90 дн
oz_acc1,4451982709,Эксперимент1,8.0,нет продаж 90 дн
oz_acc1,4451982749,Эксперимент1,8.0,нет продаж 90 дн
oz_acc1,4451982868,Эксперимент1,8.0,нет продаж 90 дн
oz_acc1,4451982930,от 2000 до 5000,12.0,нет продаж 90 дн
oz_acc1,4451982930,Эксперимент1,8.0,нет продаж 90 дн
oz_acc1,4451982937,Эксперимент1,8.0,нет продаж 90 дн
oz_acc1,4451982991,Эксперимент1,8.0,нет продаж 90 дн
oz_acc1,4451983004,от 2000 до 5000,12.0,нет продаж 90 дн
oz_acc1,4451983004,Эксперимент1,8.0,нет продаж 90 дн
oz_acc1,4451983159,от 1000-2000,12.0,нет продаж 90 дн
oz_acc1,4451983159,Эксперимент1,8.0,нет продаж 90 дн
oz_acc1,4451983199,Эксперимент1,8.0,нет продаж 90 дн
oz_acc1,4451983343,Эксперимент1,8.0,нет продаж 90 дн
oz_acc1,4451983354,от 2000 до 5000,12.0,нет продаж 90 дн
oz_acc1,4451983354,Эксперимент1,8.0,нет продаж 90 дн
oz_acc1,4451983400,Эксперимент1,8.0,нет продаж 90 дн
oz_acc1,4451983444,от 2000 до 5000,12.0,нет продаж 90 дн
oz_acc1,4451983444,Эксперимент1,8.0,нет продаж 90 дн
oz_acc1,4451983446,от 2000 до 5000,12.0,нет продаж 90 дн
oz_acc1,4451983446,Эксперимент1,8.0,нет продаж 90 дн
oz_acc1,4451983450,от 2000 до 5000,12.0,нет продаж 90 дн
oz_acc1,4451983450,Эксперимент1,8.0,нет продаж 90 дн
oz_acc1,4451983486,от 2000 до 5000,12.0,нет продаж 90 дн
oz_acc1,4451983537,от 2000 до 5000,12.0,нет продаж 90 дн
oz_acc1,4451983537,Эксперимент1,8.0,нет продаж 90 дн
oz_acc1,4451983541,от 2000 до 5000,12.0,нет продаж 90 дн
oz_acc1,4451983541,Эксперимент1,8.0,нет продаж 90 дн
oz_acc1,4451983581,от 2000 до 5000,12.0,нет продаж 90 дн
oz_acc1,4451983581,Эксперимент1,8.0,нет продаж 90 дн
oz_acc1,4451983610,от 2000 до 5000,12.0,нет продаж 90 дн
oz_acc1,4451983610,Эксперимент1,8.0,нет продаж 90 дн
oz_acc1,4451983694,Эксперимент1,8.0,нет продаж 90 дн
oz_acc1,4451983717,от 2000 до 5000,12.0,нет продаж 90 дн
oz_acc1,4451983717,Эксперимент1,8.0,нет продаж 90 дн
oz_acc1,4451983795,от 1000-2000,12.0,нет продаж 90 дн
oz_acc1,4451983795,Эксперимент1,8.0,нет продаж 90 дн
oz_acc1,4451983827,от 2000 до 5000,12.0,нет продаж 90 дн
oz_acc1,4451983827,Эксперимент1,8.0,нет продаж 90 дн
oz_acc1,4451983866,от 2000 до 5000,12.0,нет продаж 90 дн
oz_acc1,4451983866,Эксперимент1,8.0,нет продаж 90 дн
oz_acc1,4451983892,от 2000 до 5000,12.0,нет продаж 90 дн
oz_acc1,4451983892,Эксперимент1,8.0,нет продаж 90 дн
oz_acc1,4451984082,от 2000 до 5000,12.0,нет продаж 90 дн
oz_acc1,4451984082,Эксперимент1,8.0,нет продаж 90 дн
oz_acc1,4451984091,Эксперимент1,8.0,нет продаж 90 дн
oz_acc1,4451984121,от 2000 до 5000,12.0,нет продаж 90 дн
oz_acc1,4451984121,Эксперимент1,8.0,нет продаж 90 дн
oz_acc1,4451984128,от 2000 до 5000,12.0,нет продаж 90 дн
oz_acc1,4451984128,Эксперимент1,8.0,нет продаж 90 дн
oz_acc1,4451984245,Эксперимент1,8.0,нет продаж 90 дн
oz_acc1,4451984298,от 2000 до 5000,12.0,нет продаж 90 дн
oz_acc1,4451984298,Эксперимент1,8.0,нет продаж 90 дн
oz_acc1,4451984339,от 2000 до 5000,12.0,нет продаж 90 дн
oz_acc1,4451984339,Эксперимент1,8.0,нет продаж 90 дн
oz_acc1,4451984397,от 2000 до 5000,12.0,нет продаж 90 дн
oz_acc1,4451984397,Эксперимент1,8.0,нет продаж 90 дн
oz_acc1,4451984522,от 2000 до 5000,12.0,нет продаж 90 дн
oz_acc1,4451984522,Эксперимент1,8.0,нет продаж 90 дн
oz_acc1,4451984526,Эксперимент1,8.0,нет продаж 90 дн
oz_acc1,4451984574,от 2000 до 5000,12.0,нет продаж 90 дн
oz_acc1,4451984574,Эксперимент1,8.0,нет продаж 90 дн
oz_acc1,4451984582,от 2000 до 5000,12.0,нет продаж 90 дн
oz_acc1,4451984582,Эксперимент1,8.0,нет продаж 90 дн
oz_acc1,4451984586,от 2000 до 5000,12.0,нет продаж 90 дн
oz_acc1,4451984586,Эксперимент1,8.0,нет продаж 90 дн
oz_acc1,4451984630,Эксперимент1,8.0,нет продаж 90 дн
oz_acc1,4451984655,Эксперимент1,8.0,нет продаж 90 дн
oz_acc1,4451984658,Эксперимент1,8.0,нет продаж 90 дн
oz_acc1,4451984660,от 2000 до 5000,12.0,нет продаж 90 дн
oz_acc1,4451984660,Эксперимент1,8.0,нет продаж 90 дн
oz_acc1,4451984708,от 2000 до 5000,12.0,нет продаж 90 дн
oz_acc1,4451984739,от 2000 до 5000,12.0,нет продаж 90 дн
oz_acc1,4451984739,Эксперимент1,8.0,нет продаж 90 дн
oz_acc1,4451984813,от 2000 до 5000,12.0,нет продаж 90 дн
oz_acc1,4451984813,Эксперимент1,8.0,нет продаж 90 дн
oz_acc1,4451984893,Эксперимент1,8.0,нет продаж 90 дн
oz_acc1,4451984939,от 2000 до 5000,12.0,нет продаж 90 дн
oz_acc1,4451984939,Эксперимент1,8.0,нет продаж 90 дн
oz_acc1,4451985050,от 2000 до 5000,12.0,нет продаж 90 дн
oz_acc1,4451985050,Эксперимент1,8.0,нет продаж 90 дн
oz_acc1,4451985097,Эксперимент1,8.0,нет продаж 90 дн
oz_acc1,4451985136,от 2000 до 5000,12.0,нет продаж 90 дн
oz_acc1,4451985136,Эксперимент1,8.0,нет продаж 90 дн
oz_acc1,4451985300,от 2000 до 5000,12.0,нет продаж 90 дн
oz_acc1,4451985319,Эксперимент1,8.0,нет продаж 90 дн
oz_acc1,4451985341,от 2000 до 5000,12.0,нет продаж 90 дн
oz_acc1,4451985341,Эксперимент1,8.0,нет продаж 90 дн
oz_acc1,4451985387,Эксперимент1,8.0,нет продаж 90 дн
oz_acc1,4451985495,Эксперимент1,8.0,нет продаж 90 дн
oz_acc1,4451985550,Эксперимент1,8.0,нет продаж 90 дн
oz_acc1,4451985830,Эксперимент1,8.0,нет продаж 90 дн
oz_acc1,4451985841,Эксперимент1,8.0,нет продаж 90 дн
oz_acc1,4451985985,Эксперимент1,8.0,нет продаж 90 дн
oz_acc1,4451986126,Эксперимент1,8.0,нет продаж 90 дн
oz_acc1,4451986279,Эксперимент1,8.0,нет продаж 90 дн
oz_acc1,4451986384,Эксперимент1,8.0,нет продаж 90 дн
oz_acc1,4451986411,Эксперимент1,8.0,нет продаж 90 дн
oz_acc1,4451986443,Эксперимент1,8.0,нет продаж 90 дн
oz_acc1,4451986603,Эксперимент1,8.0,нет продаж 90 дн
oz_acc1,4451986658,Эксперимент1,8.0,нет продаж 90 дн
oz_acc1,4451986747,Эксперимент1,8.0,нет продаж 90 дн
oz_acc1,4451986937,Эксперимент1,8.0,нет продаж 90 дн
oz_acc1,4451987013,от 1000-2000,12.0,нет маржи и нет продаж 90 дн
oz_acc1,4451987013,Эксперимент1,8.0,нет маржи и нет продаж 90 дн
oz_acc1,4451987079,Эксперимент1,8.0,нет продаж 90 дн
oz_acc1,4451987102,от 1000-2000,12.0,нет продаж 90 дн
oz_acc1,4451987102,Эксперимент1,8.0,нет продаж 90 дн
oz_acc1,4451987219,от 1000-2000,12.0,нет продаж 90 дн
oz_acc1,4451987219,Эксперимент1,8.0,нет продаж 90 дн
oz_acc1,4451987504,Эксперимент1,8.0,нет продаж 90 дн
oz_acc1,4451987509,Эксперимент1,8.0,нет продаж 90 дн
oz_acc1,4451987516,Эксперимент1,8.0,нет продаж 90 дн
oz_acc1,4451987521,от 1000-2000,12.0,нет продаж 90 дн
oz_acc1,4451987521,Эксперимент1,8.0,нет продаж 90 дн
oz_acc1,4451987632,Эксперимент1,8.0,нет продаж 90 дн
oz_acc1,4451987641,Эксперимент1,8.0,нет продаж 90 дн
oz_acc1,4451987741,от 1000-2000,12.0,нет продаж 90 дн
oz_acc1,4451987741,Эксперимент1,8.0,нет продаж 90 дн
oz_acc1,4451987760,Эксперимент1,8.0,нет продаж 90 дн
oz_acc1,4451987788,Эксперимент1,8.0,нет продаж 90 дн
oz_acc1,4451987833,Эксперимент1,8.0,нет продаж 90 дн
oz_acc1,4451987892,Эксперимент1,8.0,нет продаж 90 дн
oz_acc1,4451988032,Эксперимент1,8.0,нет продаж 90 дн
oz_acc1,4451988131,от 1000-2000,12.0,нет продаж 90 дн
oz_acc1,4451988131,Эксперимент1,8.0,нет продаж 90 дн
oz_acc1,4451988152,от 1000-2000,12.0,нет продаж 90 дн
oz_acc1,4451988152,Эксперимент1,8.0,нет продаж 90 дн
oz_acc1,4451988223,от 1000-2000,12.0,нет продаж 90 дн
oz_acc1,4451988223,Эксперимент1,8.0,нет продаж 90 дн
oz_acc1,4451988305,от 1000-2000,12.0,нет продаж 90 дн
oz_acc1,4451988305,Эксперимент1,8.0,нет продаж 90 дн
oz_acc1,4451988436,Эксперимент1,8.0,нет продаж 90 дн
oz_acc1,4451988452,от 1000-2000,12.0,нет продаж 90 дн
oz_acc1,4451988452,Эксперимент1,8.0,нет продаж 90 дн
oz_acc1,4451988539,от 1000-2000,12.0,нет продаж 90 дн
oz_acc1,4451988539,Эксперимент1,8.0,нет продаж 90 дн
oz_acc1,4451988618,от 1000-2000,12.0,нет продаж 90 дн
oz_acc1,4451988618,Эксперимент1,8.0,нет продаж 90 дн
oz_acc1,4451988664,Эксперимент1,8.0,нет продаж 90 дн
oz_acc1,4451988705,от 1000-2000,12.0,нет продаж 90 дн
oz_acc1,4451988705,Эксперимент1,8.0,нет продаж 90 дн
oz_acc1,4451988772,Эксперимент1,8.0,нет продаж 90 дн
oz_acc1,4451988864,Эксперимент1,8.0,нет продаж 90 дн
oz_acc1,4451988879,Эксперимент1,8.0,нет продаж 90 дн
oz_acc1,4451989015,Эксперимент1,8.0,нет продаж 90 дн
oz_acc1,4451989135,от 2000 до 5000,12.0,нет продаж 90 дн
oz_acc1,4451989135,Эксперимент1,8.0,нет продаж 90 дн
oz_acc1,4451989144,от 2000 до 5000,12.0,нет продаж 90 дн
oz_acc1,4451989144,Эксперимент1,8.0,нет продаж 90 дн
oz_acc1,4451989159,Эксперимент1,8.0,нет продаж 90 дн
oz_acc1,4451989176,Эксперимент1,8.0,нет продаж 90 дн
oz_acc1,4451989233,от 1000-2000,12.0,нет продаж 90 дн
oz_acc1,4451989233,Эксперимент1,8.0,нет продаж 90 дн
oz_acc1,4451989293,Эксперимент1,8.0,нет продаж 90 дн
oz_acc1,4451989311,Эксперимент1,8.0,нет продаж 90 дн
oz_acc1,4451989351,от 2000 до 5000,12.0,нет продаж 90 дн
oz_acc1,4451989351,Эксперимент1,8.0,нет продаж 90 дн
oz_acc1,4451989400,от 2000 до 5000,12.0,нет продаж 90 дн
oz_acc1,4451989400,Эксперимент1,8.0,нет продаж 90 дн
oz_acc1,4451989414,от 1000-2000,12.0,нет продаж 90 дн
oz_acc1,4451989414,Эксперимент1,8.0,нет продаж 90 дн
oz_acc1,4451989439,Эксперимент1,8.0,нет продаж 90 дн
oz_acc1,4451989483,от 1000-2000,12.0,нет продаж 90 дн
oz_acc1,4451989483,Эксперимент1,8.0,нет продаж 90 дн
oz_acc1,4451989535,Эксперимент1,8.0,нет продаж 90 дн
oz_acc1,4451989597,Эксперимент1,8.0,нет маржи и нет продаж 90 дн
oz_acc1,4451989612,Эксперимент1,8.0,нет продаж 90 дн
oz_acc1,4451989764,Эксперимент1,8.0,нет продаж 90 дн
oz_acc1,4451989768,Эксперимент1,8.0,нет продаж 90 дн
oz_acc1,4451989871,Эксперимент1,8.0,нет продаж 90 дн
oz_acc1,4451990070,от 2000 до 5000,12.0,нет продаж 90 дн
oz_acc1,4451990070,Эксперимент1,8.0,нет продаж 90 дн
oz_acc1,4451990142,Эксперимент1,8.0,нет продаж 90 дн
oz_acc1,4451990314,от 1000-2000,12.0,нет продаж 90 дн
oz_acc1,4451990314,Эксперимент1,8.0,нет продаж 90 дн
oz_acc1,4451990372,Эксперимент1,8.0,нет продаж 90 дн
oz_acc1,4451990380,Эксперимент1,8.0,нет продаж 90 дн
oz_acc1,4451990395,от 5000 до 10000,12.0,нет продаж 90 дн
oz_acc1,4451990409,от 2000 до 5000,12.0,нет продаж 90 дн
oz_acc1,4451990409,Эксперимент1,8.0,нет продаж 90 дн
oz_acc1,4451990435,от 2000 до 5000,12.0,нет продаж 90 дн
oz_acc1,4451990454,Эксперимент1,8.0,нет продаж 90 дн
oz_acc1,4451990486,Эксперимент1,8.0,нет продаж 90 дн
oz_acc1,4451990708,Эксперимент1,8.0,нет продаж 90 дн
oz_acc1,4451990870,от 2000 до 5000,12.0,нет продаж 90 дн
oz_acc1,4451990870,Эксперимент1,8.0,нет продаж 90 дн
oz_acc1,4451990970,от 2000 до 5000,12.0,нет продаж 90 дн
oz_acc1,4451990970,Эксперимент1,8.0,нет продаж 90 дн
oz_acc1,4451990979,от 2000 до 5000,12.0,нет продаж 90 дн
oz_acc1,4451990979,Эксперимент1,8.0,нет продаж 90 дн
oz_acc1,4451991045,от 2000 до 5000,12.0,нет продаж 90 дн
oz_acc1,4451991045,Эксперимент1,8.0,нет продаж 90 дн
oz_acc1,4451991071,от 2000 до 5000,12.0,нет продаж 90 дн
oz_acc1,4451991071,Эксперимент1,8.0,нет продаж 90 дн
oz_acc1,4451991108,Эксперимент1,8.0,нет продаж 90 дн
oz_acc1,4451991128,Эксперимент1,8.0,нет продаж 90 дн
oz_acc1,4451991218,от 2000 до 5000,12.0,нет продаж 90 дн
oz_acc1,4451991218,Эксперимент1,8.0,нет продаж 90 дн
oz_acc1,4451991226,от 2000 до 5000,12.0,нет продаж 90 дн
oz_acc1,4451991226,Эксперимент1,8.0,нет продаж 90 дн
oz_acc1,4451991244,от 2000 до 5000,12.0,нет продаж 90 дн
oz_acc1,4451991244,Эксперимент1,8.0,нет продаж 90 дн
oz_acc1,4451991351,от 2000 до 5000,12.0,нет продаж 90 дн
oz_acc1,4451991351,Эксперимент1,8.0,нет продаж 90 дн
oz_acc1,4451991519,от 2000 до 5000,12.0,нет продаж 90 дн
oz_acc1,4451991519,Эксперимент1,8.0,нет продаж 90 дн
oz_acc1,4451991535,от 2000 до 5000,12.0,нет продаж 90 дн
oz_acc1,4451991535,Эксперимент1,8.0,нет продаж 90 дн
oz_acc1,4451991550,от 2000 до 5000,12.0,нет продаж 90 дн
oz_acc1,4451991550,Эксперимент1,8.0,нет продаж 90 дн
oz_acc1,4451991618,от 2000 до 5000,12.0,нет продаж 90 дн
oz_acc1,4451991618,Эксперимент1,8.0,нет продаж 90 дн
oz_acc1,4451991777,Эксперимент1,8.0,нет продаж 90 дн
oz_acc1,4451991808,от 2000 до 5000,12.0,нет продаж 90 дн
oz_acc1,4451991808,Эксперимент1,8.0,нет продаж 90 дн
oz_acc1,4451991961,от 2000 до 5000,12.0,нет продаж 90 дн
oz_acc1,4451991961,Эксперимент1,8.0,нет продаж 90 дн
oz_acc1,4451991978,Эксперимент1,8.0,нет продаж 90 дн
oz_acc1,4451992033,Эксперимент1,8.0,нет продаж 90 дн
oz_acc1,4451992226,от 2000 до 5000,12.0,нет продаж 90 дн
oz_acc1,4451992254,Эксперимент1,8.0,нет продаж 90 дн
oz_acc1,4451992434,от 2000 до 5000,12.0,нет продаж 90 дн
oz_acc1,4451992434,Эксперимент1,8.0,нет продаж 90 дн
oz_acc1,4451992707,от 2000 до 5000,12.0,нет продаж 90 дн
oz_acc1,4451992707,Эксперимент1,8.0,нет продаж 90 дн
oz_acc1,4451992754,от 2000 до 5000,12.0,нет продаж 90 дн
oz_acc1,4451992826,Эксперимент1,8.0,нет продаж 90 дн
oz_acc1,4451993073,от 2000 до 5000,12.0,нет продаж 90 дн
oz_acc1,4451993073,Эксперимент1,8.0,нет продаж 90 дн
oz_acc1,4451993077,от 2000 до 5000,12.0,нет продаж 90 дн
oz_acc1,4451993077,Эксперимент1,8.0,нет продаж 90 дн
oz_acc1,4451993137,Эксперимент1,8.0,нет продаж 90 дн
oz_acc1,4451993139,от 2000 до 5000,12.0,нет продаж 90 дн
oz_acc1,4451993139,Эксперимент1,8.0,нет продаж 90 дн
oz_acc1,4451993212,от 2000 до 5000,12.0,нет продаж 90 дн
oz_acc1,4451993212,Эксперимент1,8.0,нет продаж 90 дн
oz_acc1,4451993257,от 2000 до 5000,12.0,нет продаж 90 дн
oz_acc1,4451993257,Эксперимент1,8.0,нет продаж 90 дн
oz_acc1,4451993279,от 2000 до 5000,12.0,нет продаж 90 дн
oz_acc1,4451993279,Эксперимент1,8.0,нет продаж 90 дн
oz_acc1,4451993313,от 2000 до 5000,12.0,нет продаж 90 дн
oz_acc1,4451993313,Эксперимент1,8.0,нет продаж 90 дн
oz_acc1,4451993321,от 2000 до 5000,12.0,нет продаж 90 дн
oz_acc1,4451993321,Эксперимент1,8.0,нет продаж 90 дн
oz_acc1,4451993418,от 2000 до 5000,12.0,нет продаж 90 дн
oz_acc1,4451993418,Эксперимент1,8.0,нет продаж 90 дн
oz_acc1,4451993516,от 2000 до 5000,12.0,нет продаж 90 дн
oz_acc1,4451993516,Эксперимент1,8.0,нет продаж 90 дн
oz_acc1,4451993766,от 2000 до 5000,12.0,нет продаж 90 дн
oz_acc1,4451993766,Эксперимент1,8.0,нет продаж 90 дн
oz_acc1,4451993953,от 2000 до 5000,12.0,нет продаж 90 дн
oz_acc1,4451993953,Эксперимент1,8.0,нет продаж 90 дн
oz_acc1,4451994031,от 2000 до 5000,12.0,нет продаж 90 дн
oz_acc1,4451994031,Эксперимент1,8.0,нет продаж 90 дн
oz_acc1,4451994275,Эксперимент1,8.0,нет продаж 90 дн
oz_acc1,4451994284,от 2000 до 5000,12.0,нет продаж 90 дн
oz_acc1,4451994284,Эксперимент1,8.0,нет продаж 90 дн
oz_acc1,4451994381,от 2000 до 5000,12.0,нет продаж 90 дн
oz_acc1,4451994381,Эксперимент1,8.0,нет продаж 90 дн
oz_acc1,4451994407,от 1000-2000,12.0,нет продаж 90 дн
oz_acc1,4451994407,Эксперимент1,8.0,нет продаж 90 дн
oz_acc1,4451994435,Эксперимент1,8.0,нет продаж 90 дн
oz_acc1,4451994463,от 2000 до 5000,12.0,нет продаж 90 дн
oz_acc1,4451994463,Эксперимент1,8.0,нет продаж 90 дн
oz_acc1,4451994465,от 2000 до 5000,12.0,нет продаж 90 дн
oz_acc1,4451994465,Эксперимент1,8.0,нет продаж 90 дн
oz_acc1,4451994503,от 1000-2000,12.0,нет продаж 90 дн
oz_acc1,4451994503,Эксперимент1,8.0,нет продаж 90 дн
oz_acc1,4451994619,от 2000 до 5000,12.0,нет продаж 90 дн
oz_acc1,4451994619,Эксперимент1,8.0,нет продаж 90 дн
oz_acc1,4451994854,от 1000-2000,12.0,нет продаж 90 дн
oz_acc1,4451994854,Эксперимент1,8.0,нет продаж 90 дн
oz_acc1,4451994860,Эксперимент1,8.0,нет продаж 90 дн
oz_acc1,4451995005,Эксперимент1,8.0,нет продаж 90 дн
oz_acc1,4451995048,Эксперимент1,8.0,нет продаж 90 дн
oz_acc1,4451995119,Эксперимент1,8.0,нет продаж 90 дн
oz_acc1,4451995176,от 2000 до 5000,12.0,нет продаж 90 дн
oz_acc1,4451995176,Эксперимент1,8.0,нет продаж 90 дн
oz_acc1,4451995199,Эксперимент1,8.0,нет продаж 90 дн
oz_acc1,4451995358,Эксперимент1,8.0,нет продаж 90 дн
oz_acc1,4451995444,от 2000 до 5000,12.0,нет продаж 90 дн
oz_acc1,4451995444,Эксперимент1,8.0,нет продаж 90 дн
oz_acc1,4451995488,от 2000 до 5000,12.0,нет продаж 90 дн
oz_acc1,4451995488,Эксперимент1,8.0,нет продаж 90 дн
oz_acc1,4451995512,Эксперимент1,8.0,нет продаж 90 дн
oz_acc1,4451995524,от 2000 до 5000,12.0,нет продаж 90 дн
oz_acc1,4451995524,Эксперимент1,8.0,нет продаж 90 дн
oz_acc1,4451995544,от 2000 до 5000,12.0,нет продаж 90 дн
oz_acc1,4451995544,Эксперимент1,8.0,нет продаж 90 дн
oz_acc1,4451995555,от 2000 до 5000,12.0,нет продаж 90 дн
oz_acc1,4451995618,от 2000 до 5000,12.0,нет продаж 90 дн
oz_acc1,4451995618,Эксперимент1,8.0,нет продаж 90 дн
oz_acc1,4451995744,Эксперимент1,8.0,нет продаж 90 дн
oz_acc1,4451995788,от 2000 до 5000,12.0,нет продаж 90 дн
oz_acc1,4451995788,Эксперимент1,8.0,нет продаж 90 дн
oz_acc1,4451995859,Эксперимент1,8.0,нет продаж 90 дн
oz_acc1,4451995909,от 2000 до 5000,12.0,нет продаж 90 дн
oz_acc1,4451995912,от 2000 до 5000,12.0,нет продаж 90 дн
oz_acc1,4451995912,Эксперимент1,8.0,нет продаж 90 дн
oz_acc1,4451996016,Эксперимент1,8.0,нет продаж 90 дн
oz_acc1,4451996093,от 2000 до 5000,12.0,нет продаж 90 дн
oz_acc1,4451996093,Эксперимент1,8.0,нет продаж 90 дн
oz_acc1,4451996290,от 2000 до 5000,12.0,нет продаж 90 дн
oz_acc1,4451996290,Эксперимент1,8.0,нет продаж 90 дн
oz_acc1,4451996583,Эксперимент1,8.0,нет продаж 90 дн
oz_acc1,4451996978,Эксперимент1,8.0,нет продаж 90 дн
oz_acc1,4451997693,Эксперимент1,8.0,нет продаж 90 дн
oz_acc1,4451997908,Эксперимент1,8.0,нет продаж 90 дн
oz_acc1,4451997930,Эксперимент1,8.0,нет продаж 90 дн
oz_acc1,4451997935,Эксперимент1,8.0,нет продаж 90 дн
oz_acc1,4451998005,Эксперимент1,8.0,нет продаж 90 дн
oz_acc1,4451998302,Эксперимент1,8.0,нет продаж 90 дн
oz_acc1,4451998370,Эксперимент1,8.0,нет продаж 90 дн
oz_acc1,4451998418,от 0 до 1000,10.0,нет продаж 90 дн
oz_acc1,4451998429,Эксперимент1,8.0,нет продаж 90 дн
oz_acc1,4451998478,Эксперимент1,8.0,нет продаж 90 дн
oz_acc1,4451998511,Эксперимент1,8.0,нет продаж 90 дн
oz_acc1,4451998578,Эксперимент1,8.0,нет продаж 90 дн
oz_acc1,4451998617,Эксперимент1,8.0,нет продаж 90 дн
oz_acc1,4451998653,Эксперимент1,8.0,нет продаж 90 дн
oz_acc1,4451998703,Эксперимент1,8.0,нет продаж 90 дн
oz_acc1,4451998822,Эксперимент1,8.0,нет продаж 90 дн
oz_acc1,4451998856,Эксперимент1,8.0,нет продаж 90 дн
oz_acc1,4451998875,Эксперимент1,8.0,нет продаж 90 дн
oz_acc1,4451998920,Эксперимент1,8.0,нет продаж 90 дн
oz_acc1,4451999147,Эксперимент1,8.0,нет продаж 90 дн
oz_acc1,4451999191,Эксперимент1,8.0,нет продаж 90 дн
oz_acc1,4451999236,Эксперимент1,8.0,нет продаж 90 дн
oz_acc1,4451999438,от 0 до 1000,10.0,нет продаж 90 дн
oz_acc1,4451999438,Эксперимент1,8.0,нет продаж 90 дн
oz_acc1,4451999676,от 0 до 1000,10.0,нет продаж 90 дн
oz_acc1,4451999676,Эксперимент1,8.0,нет продаж 90 дн
oz_acc1,4451999759,от 0 до 1000,10.0,нет продаж 90 дн
oz_acc1,4451999759,Эксперимент1,8.0,нет продаж 90 дн
oz_acc1,4451999999,Эксперимент1,8.0,нет продаж 90 дн
oz_acc1,4452000020,Эксперимент1,8.0,нет продаж 90 дн
oz_acc1,4452000083,от 0 до 1000,10.0,нет продаж 90 дн
oz_acc1,4452000083,Эксперимент1,8.0,нет продаж 90 дн
oz_acc1,4452000124,Эксперимент1,8.0,нет продаж 90 дн
oz_acc1,4452000147,от 0 до 1000,10.0,нет продаж 90 дн
oz_acc1,4452000147,Эксперимент1,8.0,нет продаж 90 дн
oz_acc1,4452000217,от 0 до 1000,10.0,нет продаж 90 дн
oz_acc1,4452000217,Эксперимент1,8.0,нет продаж 90 дн
oz_acc1,4452000307,от 0 до 1000,10.0,нет продаж 90 дн
oz_acc1,4452000364,от 0 до 1000,10.0,нет продаж 90 дн
oz_acc1,4452000364,Эксперимент1,8.0,нет продаж 90 дн
oz_acc1,4452000380,от 0 до 1000,10.0,нет продаж 90 дн
oz_acc1,4452000380,Эксперимент1,8.0,нет продаж 90 дн
oz_acc1,4452000422,от 0 до 1000,10.0,нет продаж 90 дн
oz_acc1,4452000422,Эксперимент1,8.0,нет продаж 90 дн
oz_acc1,4452000505,от 0 до 1000,10.0,нет продаж 90 дн
oz_acc1,4452000505,Эксперимент1,8.0,нет продаж 90 дн
oz_acc1,4452000531,Эксперимент1,8.0,нет продаж 90 дн
oz_acc1,4452000537,от 0 до 1000,10.0,нет продаж 90 дн
oz_acc1,4452000629,от 0 до 1000,10.0,нет продаж 90 дн
oz_acc1,4452000629,Эксперимент1,8.0,нет продаж 90 дн
oz_acc1,4452000667,Эксперимент1,8.0,нет продаж 90 дн
oz_acc1,4452000695,Эксперимент1,8.0,нет продаж 90 дн
oz_acc1,4452000723,от 0 до 1000,10.0,нет продаж 90 дн
oz_acc1,4452000880,Эксперимент1,8.0,нет продаж 90 дн
oz_acc1,4452000983,Эксперимент1,8.0,нет продаж 90 дн
oz_acc1,4452001127,Эксперимент1,8.0,нет продаж 90 дн
oz_acc1,4452001135,Эксперимент1,8.0,нет продаж 90 дн
oz_acc1,4452001310,от 0 до 1000,10.0,нет продаж 90 дн
oz_acc1,4452001310,Эксперимент1,8.0,нет продаж 90 дн
oz_acc1,4452001345,от 0 до 1000,10.0,нет продаж 90 дн
oz_acc1,4452001345,Эксперимент1,8.0,нет продаж 90 дн
oz_acc1,4452001356,Эксперимент1,8.0,нет продаж 90 дн
oz_acc1,4452001360,от 0 до 1000,10.0,нет продаж 90 дн
oz_acc1,4452001375,от 0 до 1000,10.0,нет продаж 90 дн
oz_acc1,4452001375,Эксперимент1,8.0,нет продаж 90 дн
oz_acc1,4452001415,Эксперимент1,8.0,нет продаж 90 дн
oz_acc1,4452001560,Эксперимент1,8.0,нет продаж 90 дн
oz_acc1,4452001581,от 0 до 1000,10.0,нет продаж 90 дн
oz_acc1,4452001581,Эксперимент1,8.0,нет продаж 90 дн
oz_acc1,4452001603,Эксперимент1,8.0,нет продаж 90 дн
oz_acc1,4452001790,от 0 до 1000,10.0,нет продаж 90 дн
oz_acc1,4452001790,Эксперимент1,8.0,нет продаж 90 дн
oz_acc1,4452001857,Эксперимент1,8.0,нет продаж 90 дн
oz_acc1,4452001871,от 0 до 1000,10.0,нет продаж 90 дн
oz_acc1,4452001982,Эксперимент1,8.0,нет продаж 90 дн
oz_acc1,4452002092,Эксперимент1,8.0,нет продаж 90 дн
oz_acc1,4452002162,Эксперимент1,8.0,нет продаж 90 дн
oz_acc1,4452002240,Эксперимент1,8.0,нет продаж 90 дн
oz_acc1,4452002340,Эксперимент1,8.0,нет продаж 90 дн
oz_acc1,4452002477,Эксперимент1,8.0,нет продаж 90 дн
oz_acc1,4452002525,Эксперимент1,8.0,нет продаж 90 дн
oz_acc1,4452002567,Эксперимент1,8.0,нет продаж 90 дн
oz_acc1,4452002618,Эксперимент1,8.0,нет продаж 90 дн
oz_acc1,4452002630,Эксперимент1,8.0,нет продаж 90 дн
oz_acc1,4452002717,Эксперимент1,8.0,нет продаж 90 дн
oz_acc1,4452002723,Эксперимент1,8.0,нет продаж 90 дн
oz_acc1,4452002724,Эксперимент1,8.0,нет продаж 90 дн
oz_acc1,4452002794,Эксперимент1,8.0,нет продаж 90 дн
oz_acc1,4452002818,Эксперимент1,8.0,нет продаж 90 дн
oz_acc1,4452002842,Эксперимент1,8.0,нет продаж 90 дн
oz_acc1,4452002936,Эксперимент1,8.0,нет продаж 90 дн
oz_acc1,4452002958,Эксперимент1,8.0,нет продаж 90 дн
oz_acc1,4452003022,от 0 до 1000,10.0,нет продаж 90 дн
oz_acc1,4452003119,Эксперимент1,8.0,нет продаж 90 дн
oz_acc1,4452003168,Эксперимент1,8.0,нет продаж 90 дн
oz_acc1,4452003316,Эксперимент1,8.0,нет продаж 90 дн
oz_acc1,4452003455,Эксперимент1,8.0,нет продаж 90 дн
oz_acc1,4452003459,Эксперимент1,8.0,нет продаж 90 дн
oz_acc1,4452003464,Эксперимент1,8.0,нет продаж 90 дн
oz_acc1,4452003570,Эксперимент1,8.0,нет продаж 90 дн
oz_acc1,4452003640,Эксперимент1,8.0,нет продаж 90 дн
oz_acc1,4452003678,от 0 до 1000,10.0,нет продаж 90 дн
oz_acc1,4452003685,Эксперимент1,8.0,нет продаж 90 дн
oz_acc1,4452003750,от 0 до 1000,10.0,нет продаж 90 дн
oz_acc1,4452003787,Эксперимент1,8.0,нет продаж 90 дн
oz_acc1,4452003790,Эксперимент1,8.0,нет продаж 90 дн
oz_acc1,4452003806,от 0 до 1000,10.0,нет продаж 90 дн
oz_acc1,4452003892,Эксперимент1,8.0,нет продаж 90 дн
oz_acc1,4452004021,Эксперимент1,8.0,нет продаж 90 дн
oz_acc1,4452004173,Эксперимент1,8.0,нет продаж 90 дн
oz_acc1,4452004342,Эксперимент1,8.0,нет продаж 90 дн
oz_acc1,4452004365,Эксперимент1,8.0,нет продаж 90 дн
oz_acc1,4452004576,Эксперимент1,8.0,нет продаж 90 дн
oz_acc1,4452004578,Эксперимент1,8.0,нет продаж 90 дн
oz_acc1,4452004696,Эксперимент1,8.0,нет продаж 90 дн
oz_acc1,4452004834,Эксперимент1,8.0,нет продаж 90 дн
oz_acc1,4452005017,Эксперимент1,8.0,нет продаж 90 дн
oz_acc1,4452005115,Эксперимент1,8.0,нет продаж 90 дн
oz_acc1,4452005250,Эксперимент1,8.0,нет продаж 90 дн
oz_acc1,4452005328,Эксперимент1,8.0,нет продаж 90 дн
oz_acc1,4452005397,Эксперимент1,8.0,нет продаж 90 дн
oz_acc1,4452005409,Эксперимент1,8.0,нет продаж 90 дн
oz_acc1,4452005414,Эксперимент1,8.0,нет продаж 90 дн
oz_acc1,4452005451,Эксперимент1,8.0,нет продаж 90 дн
oz_acc1,4452005502,Эксперимент1,8.0,нет продаж 90 дн
oz_acc1,4452005618,Эксперимент1,8.0,нет продаж 90 дн
oz_acc1,4452005691,Эксперимент1,8.0,нет продаж 90 дн
oz_acc1,4452005758,Эксперимент1,8.0,нет продаж 90 дн
oz_acc1,4452005821,Эксперимент1,8.0,нет продаж 90 дн
oz_acc1,4452005894,Эксперимент1,8.0,нет продаж 90 дн
oz_acc1,4452006059,Эксперимент1,8.0,нет продаж 90 дн
oz_acc1,4452006215,Эксперимент1,8.0,нет продаж 90 дн
oz_acc1,4452006262,Эксперимент1,8.0,нет продаж 90 дн
oz_acc1,4452006286,Эксперимент1,8.0,нет продаж 90 дн
oz_acc1,4452006345,Эксперимент1,8.0,нет продаж 90 дн
oz_acc1,4452006383,Эксперимент1,8.0,нет продаж 90 дн
oz_acc1,4452006416,Эксперимент1,8.0,нет продаж 90 дн
oz_acc1,4452006472,Эксперимент1,8.0,нет продаж 90 дн
oz_acc1,4452006584,Эксперимент1,8.0,нет продаж 90 дн
oz_acc1,4452006607,Эксперимент1,8.0,нет продаж 90 дн
oz_acc1,4452006654,Эксперимент1,8.0,нет продаж 90 дн
oz_acc1,4452006696,Эксперимент1,8.0,нет продаж 90 дн
oz_acc1,4452006755,Эксперимент1,8.0,нет продаж 90 дн
oz_acc1,4452006798,Эксперимент1,8.0,нет продаж 90 дн
oz_acc1,4452006865,Эксперимент1,8.0,нет продаж 90 дн
oz_acc1,4452007028,Эксперимент1,8.0,нет продаж 90 дн
oz_acc1,4452007559,Эксперимент1,8.0,нет продаж 90 дн
oz_acc1,4452008984,Эксперимент1,8.0,нет продаж 90 дн
oz_acc1,4452009178,Эксперимент1,8.0,нет продаж 90 дн
oz_acc1,4452010183,Эксперимент1,8.0,нет продаж 90 дн
oz_acc1,4452010187,Эксперимент1,8.0,нет продаж 90 дн
oz_acc1,4452010354,Эксперимент1,8.0,нет продаж 90 дн
oz_acc1,4452010694,Эксперимент1,8.0,нет продаж 90 дн
oz_acc1,4452011235,Эксперимент1,8.0,нет продаж 90 дн
oz_acc1,4452012411,Эксперимент1,8.0,нет продаж 90 дн
oz_acc1,4452013615,Эксперимент1,8.0,нет продаж 90 дн
oz_acc1,4452016653,Эксперимент1,8.0,нет продаж 90 дн
oz_acc1,4453508282,Эксперимент1,8.0,нет продаж 90 дн
oz_acc1,4458104526,Эксперимент1,8.0,нет продаж 90 дн
oz_acc1,4458105133,от 0 до 1000,10.0,нет продаж 90 дн
oz_acc1,4458105133,Эксперимент1,8.0,нет продаж 90 дн
oz_acc1,4458105928,Эксперимент1,8.0,нет продаж 90 дн
oz_acc1,4458106112,от 0 до 1000,10.0,нет продаж 90 дн
oz_acc1,4458106112,Эксперимент1,8.0,нет продаж 90 дн
oz_acc1,4458107753,от 0 до 1000,10.0,нет продаж 90 дн
oz_acc1,4458107753,Эксперимент1,8.0,нет продаж 90 дн
oz_acc1,4458108035,от 0 до 1000,10.0,нет продаж 90 дн
oz_acc1,4458108035,Эксперимент1,8.0,нет продаж 90 дн
oz_acc1,4458109059,Эксперимент1,8.0,нет продаж 90 дн
oz_acc1,4458109296,Эксперимент1,8.0,нет продаж 90 дн
oz_acc1,4458110276,от 0 до 1000,10.0,нет продаж 90 дн
oz_acc1,4458110276,Эксперимент1,8.0,нет продаж 90 дн
oz_acc1,4458110363,от 0 до 1000,10.0,нет продаж 90 дн
oz_acc1,4458110363,Эксперимент1,8.0,нет продаж 90 дн
oz_acc1,4458110770,от 0 до 1000,10.0,нет продаж 90 дн
oz_acc1,4458110770,Эксперимент1,8.0,нет продаж 90 дн
oz_acc1,4458111019,от 0 до 1000,10.0,нет продаж 90 дн
oz_acc1,4458111019,Эксперимент1,8.0,нет продаж 90 дн
oz_acc1,4458111582,от 0 до 1000,10.0,нет продаж 90 дн
oz_acc1,4458111582,Эксперимент1,8.0,нет продаж 90 дн
oz_acc1,4458111625,от 0 до 1000,10.0,нет продаж 90 дн
oz_acc1,4458111625,Эксперимент1,8.0,нет продаж 90 дн
oz_acc1,4458112075,от 0 до 1000,10.0,нет продаж 90 дн
oz_acc1,4458112075,Эксперимент1,8.0,нет продаж 90 дн
oz_acc1,4458112100,Эксперимент1,8.0,нет продаж 90 дн
oz_acc1,4458112110,Эксперимент1,8.0,нет продаж 90 дн
oz_acc1,4458112139,от 0 до 1000,10.0,нет продаж 90 дн
oz_acc1,4458112139,Эксперимент1,8.0,нет продаж 90 дн
oz_acc1,4458112370,от 0 до 1000,10.0,нет продаж 90 дн
oz_acc1,4458112370,Эксперимент1,8.0,нет продаж 90 дн
oz_acc1,4458112645,от 0 до 1000,10.0,нет продаж 90 дн
oz_acc1,4458112645,Эксперимент1,8.0,нет продаж 90 дн
oz_acc1,4458112681,от 0 до 1000,10.0,нет продаж 90 дн
oz_acc1,4458112681,Эксперимент1,8.0,нет продаж 90 дн
oz_acc1,4458112849,от 0 до 1000,10.0,нет продаж 90 дн
oz_acc1,4458112849,Эксперимент1,8.0,нет продаж 90 дн
oz_acc1,4458112960,Эксперимент1,8.0,нет продаж 90 дн
oz_acc1,4458113106,Эксперимент1,8.0,нет продаж 90 дн
oz_acc1,4458113641,от 0 до 1000,10.0,нет продаж 90 дн
oz_acc1,4458113641,Эксперимент1,8.0,нет продаж 90 дн
oz_acc1,4458113782,Эксперимент1,8.0,нет продаж 90 дн
oz_acc1,4458114383,от 0 до 1000,10.0,нет продаж 90 дн
oz_acc1,4458114383,Эксперимент1,8.0,нет продаж 90 дн
oz_acc1,4458114433,Эксперимент1,8.0,нет продаж 90 дн
oz_acc1,4458114823,Эксперимент1,8.0,нет продаж 90 дн
oz_acc1,4458115172,от 0 до 1000,10.0,нет продаж 90 дн
oz_acc1,4458115172,Эксперимент1,8.0,нет продаж 90 дн
oz_acc1,4458115226,Эксперимент1,8.0,нет продаж 90 дн
oz_acc1,4458115333,Эксперимент1,8.0,нет продаж 90 дн
oz_acc1,4458115430,от 0 до 1000,10.0,нет продаж 90 дн
oz_acc1,4458115430,Эксперимент1,8.0,нет продаж 90 дн
oz_acc1,4458115923,Эксперимент1,8.0,нет продаж 90 дн
oz_acc1,4458117736,Эксперимент1,8.0,нет продаж 90 дн
oz_acc1,4458117868,Эксперимент1,8.0,нет продаж 90 дн
oz_acc1,4458117990,от 0 до 1000,10.0,нет продаж 90 дн
oz_acc1,4458117990,Эксперимент1,8.0,нет продаж 90 дн
oz_acc1,4458118692,от 5000 до 10000,12.0,нет продаж 90 дн
oz_acc1,4458119216,Эксперимент1,8.0,нет продаж 90 дн
oz_acc1,4458119791,Эксперимент1,8.0,нет продаж 90 дн
oz_acc1,4458120092,от 0 до 1000,10.0,нет продаж 90 дн
oz_acc1,4458120092,Эксперимент1,8.0,нет продаж 90 дн
oz_acc1,4458120725,Эксперимент1,8.0,нет продаж 90 дн
oz_acc1,4458120736,Эксперимент1,8.0,нет продаж 90 дн
oz_acc1,4458120794,от 2000 до 5000,12.0,нет продаж 90 дн
oz_acc1,4458120794,Эксперимент1,8.0,нет продаж 90 дн
oz_acc1,4458121888,Эксперимент1,8.0,нет продаж 90 дн
oz_acc1,4458122013,Эксперимент1,8.0,нет продаж 90 дн
oz_acc1,4458123025,от 0 до 1000,10.0,нет продаж 90 дн
oz_acc1,4458123025,Эксперимент1,8.0,нет продаж 90 дн
oz_acc1,4458489142,от 0 до 1000,10.0,нет продаж 90 дн
oz_acc1,4458489142,Эксперимент1,8.0,нет продаж 90 дн
oz_acc1,4458494122,от 0 до 1000,10.0,нет продаж 90 дн
oz_acc1,4458494122,Эксперимент1,8.0,нет продаж 90 дн
oz_acc1,4458495000,от 0 до 1000,10.0,нет продаж 90 дн
oz_acc1,4458495000,Эксперимент1,8.0,нет продаж 90 дн
oz_acc1,4458495516,от 0 до 1000,10.0,нет продаж 90 дн
oz_acc1,4458495516,Эксперимент1,8.0,нет продаж 90 дн
oz_acc1,4458496462,Эксперимент1,8.0,нет продаж 90 дн
oz_acc1,4458497432,от 0 до 1000,10.0,нет продаж 90 дн
oz_acc1,4458497432,Эксперимент1,8.0,нет продаж 90 дн
oz_acc1,4458498576,от 0 до 1000,10.0,нет продаж 90 дн
oz_acc1,4458498576,Эксперимент1,8.0,нет продаж 90 дн
oz_acc1,4458499340,Эксперимент1,8.0,нет продаж 90 дн
oz_acc1,4458500212,от 0 до 1000,10.0,нет продаж 90 дн
oz_acc1,4458500212,Эксперимент1,8.0,нет продаж 90 дн
oz_acc1,4458500986,от 0 до 1000,10.0,нет продаж 90 дн
oz_acc1,4458500986,Эксперимент1,8.0,нет продаж 90 дн
oz_acc1,4458503023,Эксперимент1,8.0,нет продаж 90 дн
oz_acc1,4458503614,Эксперимент1,8.0,нет продаж 90 дн
oz_acc1,4458504722,от 0 до 1000,10.0,нет продаж 90 дн
oz_acc1,4458504722,Эксперимент1,8.0,нет продаж 90 дн
oz_acc1,4458506099,от 0 до 1000,10.0,нет продаж 90 дн
oz_acc1,4458506099,Эксперимент1,8.0,нет продаж 90 дн
oz_acc1,4458506928,от 2000 до 5000,12.0,нет продаж 90 дн
oz_acc1,4458506928,Эксперимент1,8.0,нет продаж 90 дн
oz_acc1,4458507301,от 0 до 1000,10.0,нет продаж 90 дн
oz_acc1,4458507301,Эксперимент1,8.0,нет продаж 90 дн
oz_acc1,4458507961,Эксперимент1,8.0,нет продаж 90 дн
oz_acc1,4458510598,Эксперимент1,8.0,нет продаж 90 дн
oz_acc1,4458511989,Эксперимент1,8.0,нет продаж 90 дн
oz_acc1,4458523139,от 0 до 1000,10.0,нет продаж 90 дн
oz_acc1,4458523139,Эксперимент1,8.0,нет продаж 90 дн
oz_acc1,4458523332,Эксперимент1,8.0,нет продаж 90 дн
oz_acc1,4458523573,от 0 до 1000,10.0,нет продаж 90 дн
oz_acc1,4458523573,Эксперимент1,8.0,нет продаж 90 дн
oz_acc1,4458524137,от 0 до 1000,10.0,нет продаж 90 дн
oz_acc1,4458524137,Эксперимент1,8.0,нет продаж 90 дн
oz_acc1,4458524623,от 0 до 1000,10.0,нет продаж 90 дн
oz_acc1,4458524623,Эксперимент1,8.0,нет продаж 90 дн
oz_acc1,4458524953,Эксперимент1,8.0,нет продаж 90 дн
oz_acc1,4458525275,от 0 до 1000,10.0,нет продаж 90 дн
oz_acc1,4458525275,Эксперимент1,8.0,нет продаж 90 дн
oz_acc1,4458527661,от 0 до 1000,10.0,нет продаж 90 дн
oz_acc1,4458527661,Эксперимент1,8.0,нет продаж 90 дн
oz_acc1,4458529869,Эксперимент1,8.0,нет продаж 90 дн
oz_acc1,4458530208,Эксперимент1,8.0,нет продаж 90 дн
oz_acc1,4458530607,Эксперимент1,8.0,нет продаж 90 дн
oz_acc1,4458530771,Эксперимент1,8.0,нет продаж 90 дн
oz_acc1,4458531096,Эксперимент1,8.0,нет продаж 90 дн
oz_acc1,4458532228,Эксперимент1,8.0,нет продаж 90 дн
oz_acc1,4458532314,от 0 до 1000,10.0,нет продаж 90 дн
oz_acc1,4458532314,Эксперимент1,8.0,нет продаж 90 дн
oz_acc1,4458533810,Эксперимент1,8.0,нет продаж 90 дн
oz_acc1,4458533931,Эксперимент1,8.0,нет продаж 90 дн
oz_acc1,4458533980,Эксперимент1,8.0,нет продаж 90 дн
oz_acc1,4458534336,от 0 до 1000,10.0,нет продаж 90 дн
oz_acc1,4458534336,Эксперимент1,8.0,нет продаж 90 дн
oz_acc1,4458534934,Эксперимент1,8.0,нет продаж 90 дн
oz_acc1,4458535066,Эксперимент1,8.0,нет продаж 90 дн
oz_acc1,4458536169,от 0 до 1000,10.0,нет продаж 90 дн
oz_acc1,4458536169,Эксперимент1,8.0,нет продаж 90 дн
oz_acc1,4458536582,от 0 до 1000,10.0,нет продаж 90 дн
oz_acc1,4458536582,Эксперимент1,8.0,нет продаж 90 дн
oz_acc1,4458536645,от 0 до 1000,10.0,нет продаж 90 дн
oz_acc1,4458536645,Эксперимент1,8.0,нет продаж 90 дн
oz_acc1,4458536763,от 0 до 1000,10.0,нет продаж 90 дн
oz_acc1,4458536763,Эксперимент1,8.0,нет продаж 90 дн
oz_acc1,4458537216,Эксперимент1,8.0,нет продаж 90 дн
oz_acc1,4458537504,от 0 до 1000,10.0,нет продаж 90 дн
oz_acc1,4458537504,Эксперимент1,8.0,нет продаж 90 дн
oz_acc1,4458537931,от 2000 до 5000,12.0,нет продаж 90 дн
oz_acc1,4458538072,от 0 до 1000,10.0,нет продаж 90 дн
oz_acc1,4458538072,Эксперимент1,8.0,нет продаж 90 дн
oz_acc1,4458538838,от 0 до 1000,10.0,нет продаж 90 дн
oz_acc1,4458538838,Эксперимент1,8.0,нет продаж 90 дн
oz_acc1,4458538912,Эксперимент1,8.0,нет продаж 90 дн
oz_acc1,4458539194,от 2000 до 5000,12.0,нет продаж 90 дн
oz_acc1,4458539194,Эксперимент1,8.0,нет продаж 90 дн
oz_acc1,4458539244,от 2000 до 5000,12.0,нет продаж 90 дн
oz_acc1,4458539244,Эксперимент1,8.0,нет продаж 90 дн
oz_acc1,4458539556,Эксперимент1,8.0,нет продаж 90 дн
oz_acc1,4458539885,от 2000 до 5000,12.0,нет продаж 90 дн
oz_acc1,4458539885,Эксперимент1,8.0,нет продаж 90 дн
oz_acc1,4458540488,от 5000 до 10000,12.0,нет продаж 90 дн
oz_acc1,4458540488,Эксперимент1,8.0,нет продаж 90 дн
oz_acc1,4458541351,от 0 до 1000,10.0,нет продаж 90 дн
oz_acc1,4458541351,Эксперимент1,8.0,нет продаж 90 дн
oz_acc1,4458541706,Эксперимент1,8.0,нет продаж 90 дн
oz_acc1,4458541971,от 0 до 1000,10.0,нет продаж 90 дн
oz_acc1,4458541971,Эксперимент1,8.0,нет продаж 90 дн
oz_acc1,4458542221,Эксперимент1,8.0,нет продаж 90 дн
oz_acc1,4458542637,от 0 до 1000,10.0,нет продаж 90 дн
oz_acc1,4458542637,Эксперимент1,8.0,нет продаж 90 дн
oz_acc1,4458542820,от 0 до 1000,10.0,нет продаж 90 дн
oz_acc1,4458542820,Эксперимент1,8.0,нет продаж 90 дн
oz_acc1,4458542829,от 0 до 1000,10.0,нет продаж 90 дн
oz_acc1,4458542829,Эксперимент1,8.0,нет продаж 90 дн
oz_acc1,4458543469,от 0 до 1000,10.0,нет продаж 90 дн
oz_acc1,4458543469,Эксперимент1,8.0,нет продаж 90 дн
oz_acc1,4458545838,от 0 до 1000,10.0,нет продаж 90 дн
oz_acc1,4458545838,Эксперимент1,8.0,нет продаж 90 дн
oz_acc1,4458545920,от 2000 до 5000,12.0,нет продаж 90 дн
oz_acc1,4458545920,Эксперимент1,8.0,нет продаж 90 дн
oz_acc1,4458548776,Эксперимент1,8.0,нет продаж 90 дн
oz_acc1,4458662856,Эксперимент1,8.0,нет продаж 90 дн
oz_acc1,4458664872,Эксперимент1,8.0,нет продаж 90 дн
oz_acc1,4458667137,Эксперимент1,8.0,нет продаж 90 дн
oz_acc1,4458667522,Эксперимент1,8.0,нет продаж 90 дн
oz_acc1,4458669819,Эксперимент1,8.0,нет продаж 90 дн
oz_acc1,4458670475,Эксперимент1,8.0,нет продаж 90 дн
oz_acc1,4458672965,Эксперимент1,8.0,нет продаж 90 дн
oz_acc1,4458673775,Эксперимент1,8.0,нет продаж 90 дн
oz_acc1,4458676080,Эксперимент1,8.0,нет маржи и нет продаж 90 дн
oz_acc1,4458678655,Эксперимент1,8.0,нет продаж 90 дн
oz_acc1,4458679061,от 0 до 1000,10.0,нет продаж 90 дн
oz_acc1,4458679061,Эксперимент1,8.0,нет продаж 90 дн
oz_acc1,4458679309,от 0 до 1000,10.0,нет продаж 90 дн
oz_acc1,4458679309,Эксперимент1,8.0,нет продаж 90 дн
oz_acc1,4458679567,Эксперимент1,8.0,нет продаж 90 дн
oz_acc1,4458681073,Эксперимент1,8.0,нет продаж 90 дн
oz_acc1,4458681405,Эксперимент1,8.0,нет продаж 90 дн
oz_acc1,4458681463,от 0 до 1000,10.0,нет продаж 90 дн
oz_acc1,4458681463,Эксперимент1,8.0,нет продаж 90 дн
oz_acc1,4458681737,Эксперимент1,8.0,нет продаж 90 дн
oz_acc1,4458681822,Эксперимент1,8.0,нет продаж 90 дн
oz_acc1,4458681871,от 2000 до 5000,12.0,нет продаж 90 дн
oz_acc1,4458681871,Эксперимент1,8.0,нет продаж 90 дн
oz_acc1,4458682205,Эксперимент1,8.0,нет продаж 90 дн
oz_acc1,4458682252,от 2000 до 5000,12.0,нет продаж 90 дн
oz_acc1,4458682252,Эксперимент1,8.0,нет продаж 90 дн
oz_acc1,4458682597,от 0 до 1000,10.0,нет продаж 90 дн
oz_acc1,4458682597,Эксперимент1,8.0,нет продаж 90 дн
oz_acc1,4458682604,от 0 до 1000,10.0,нет продаж 90 дн
oz_acc1,4458682604,Эксперимент1,8.0,нет продаж 90 дн
oz_acc1,4458682692,от 2000 до 5000,12.0,нет продаж 90 дн
oz_acc1,4458682692,Эксперимент1,8.0,нет продаж 90 дн
oz_acc1,4458683585,от 0 до 1000,10.0,нет продаж 90 дн
oz_acc1,4458683585,Эксперимент1,8.0,нет продаж 90 дн
oz_acc1,4458683624,Эксперимент1,8.0,нет продаж 90 дн
oz_acc1,4458683699,от 0 до 1000,10.0,нет продаж 90 дн
oz_acc1,4458683699,Эксперимент1,8.0,нет продаж 90 дн
oz_acc1,4458683826,от 0 до 1000,10.0,нет продаж 90 дн
oz_acc1,4458683826,Эксперимент1,8.0,нет продаж 90 дн
oz_acc1,4458683979,Эксперимент1,8.0,нет продаж 90 дн
oz_acc1,4458684102,от 0 до 1000,10.0,нет продаж 90 дн
oz_acc1,4458684102,Эксперимент1,8.0,нет продаж 90 дн
oz_acc1,4458684162,Эксперимент1,8.0,нет продаж 90 дн
oz_acc1,4458684370,Эксперимент1,8.0,нет продаж 90 дн
oz_acc1,4458684663,от 0 до 1000,10.0,нет продаж 90 дн
oz_acc1,4458684663,Эксперимент1,8.0,нет продаж 90 дн
oz_acc1,4458684976,Эксперимент1,8.0,нет продаж 90 дн
oz_acc1,4458685077,Эксперимент1,8.0,нет продаж 90 дн
oz_acc1,4458685118,от 2000 до 5000,12.0,нет продаж 90 дн
oz_acc1,4458685288,от 0 до 1000,10.0,нет продаж 90 дн
oz_acc1,4458685288,Эксперимент1,8.0,нет продаж 90 дн
oz_acc1,4458685909,от 0 до 1000,10.0,нет продаж 90 дн
oz_acc1,4458685909,Эксперимент1,8.0,нет продаж 90 дн
oz_acc1,4458686049,Эксперимент1,8.0,нет продаж 90 дн
oz_acc1,4458686407,Эксперимент1,8.0,нет продаж 90 дн
oz_acc1,4458686590,от 2000 до 5000,12.0,нет продаж 90 дн
oz_acc1,4458686590,Эксперимент1,8.0,нет продаж 90 дн
oz_acc1,4458686597,Эксперимент1,8.0,нет продаж 90 дн
oz_acc1,4458686618,Эксперимент1,8.0,нет продаж 90 дн
oz_acc1,4458686788,Эксперимент1,8.0,нет продаж 90 дн
oz_acc1,4458686831,Эксперимент1,8.0,нет продаж 90 дн
oz_acc1,4458687040,Эксперимент1,8.0,нет продаж 90 дн
oz_acc1,4458687063,от 2000 до 5000,12.0,нет продаж 90 дн
oz_acc1,4458687068,Эксперимент1,8.0,нет продаж 90 дн
oz_acc1,4458687120,Эксперимент1,8.0,нет продаж 90 дн
oz_acc1,4458687406,от 0 до 1000,10.0,нет продаж 90 дн
oz_acc1,4458687406,Эксперимент1,8.0,нет продаж 90 дн
oz_acc1,4458687541,Эксперимент1,8.0,нет продаж 90 дн
oz_acc1,4458688037,Эксперимент1,8.0,нет продаж 90 дн
oz_acc1,4458688106,Эксперимент1,8.0,нет продаж 90 дн
oz_acc1,4458689193,от 5000 до 10000,12.0,нет продаж 90 дн
oz_acc1,4458689365,от 0 до 1000,10.0,нет продаж 90 дн
oz_acc1,4458689365,Эксперимент1,8.0,нет продаж 90 дн
oz_acc1,4458689388,от 0 до 1000,10.0,нет продаж 90 дн
oz_acc1,4458689388,Эксперимент1,8.0,нет продаж 90 дн
oz_acc1,4458689393,от 0 до 1000,10.0,нет продаж 90 дн
oz_acc1,4458689393,Эксперимент1,8.0,нет продаж 90 дн
oz_acc1,4458689473,от 0 до 1000,10.0,нет продаж 90 дн
oz_acc1,4458689473,Эксперимент1,8.0,нет продаж 90 дн
oz_acc1,4458690076,Эксперимент1,8.0,нет продаж 90 дн
oz_acc1,4458690536,от 10000 до 500 тыс,12.0,нет продаж 90 дн
oz_acc1,4458690536,Эксперимент1,8.0,нет продаж 90 дн
oz_acc1,4458690594,Эксперимент1,8.0,нет продаж 90 дн
oz_acc1,4458690799,от 5000 до 10000,12.0,нет продаж 90 дн
oz_acc1,4458690799,Эксперимент1,8.0,нет продаж 90 дн
oz_acc1,4458690819,от 0 до 1000,10.0,нет продаж 90 дн
oz_acc1,4458690819,Эксперимент1,8.0,нет продаж 90 дн
oz_acc1,4458690890,Эксперимент1,8.0,нет продаж 90 дн
oz_acc1,4458691804,Эксперимент1,8.0,нет продаж 90 дн
oz_acc1,4458691839,от 0 до 1000,10.0,нет продаж 90 дн
oz_acc1,4458691839,Эксперимент1,8.0,нет продаж 90 дн
oz_acc1,4458691884,Эксперимент1,8.0,нет продаж 90 дн
oz_acc1,4458691945,Эксперимент1,8.0,нет продаж 90 дн
oz_acc1,4458694246,Эксперимент1,8.0,нет продаж 90 дн
oz_acc1,4458694421,Эксперимент1,8.0,нет продаж 90 дн
oz_acc1,4458695048,Эксперимент1,8.0,нет продаж 90 дн
oz_acc1,4458695213,Эксперимент1,8.0,нет продаж 90 дн
oz_acc1,4458695797,от 0 до 1000,10.0,нет продаж 90 дн
oz_acc1,4458695797,Эксперимент1,8.0,нет продаж 90 дн
oz_acc1,4458696327,Эксперимент1,8.0,нет продаж 90 дн
oz_acc1,4458698629,от 0 до 1000,10.0,нет продаж 90 дн
oz_acc1,4458698629,Эксперимент1,8.0,нет продаж 90 дн
oz_acc1,4458837886,от 10000 до 500 тыс,12.0,нет продаж 90 дн
oz_acc1,4458837886,Эксперимент1,8.0,нет продаж 90 дн
oz_acc1,4460501619,от 2000 до 5000,12.0,нет продаж 90 дн
oz_acc1,4460501619,Эксперимент1,8.0,нет продаж 90 дн
oz_acc1,4463311965,от 2000 до 5000,12.0,нет продаж 90 дн
oz_acc1,4463311965,Эксперимент1,8.0,нет продаж 90 дн
oz_acc1,4463313057,от 2000 до 5000,12.0,нет продаж 90 дн
oz_acc1,4463313057,Эксперимент1,8.0,нет продаж 90 дн
oz_acc1,4463314783,от 2000 до 5000,12.0,нет продаж 90 дн
oz_acc1,4463314783,Эксперимент1,8.0,нет продаж 90 дн
oz_acc1,4463315306,от 2000 до 5000,12.0,нет продаж 90 дн
oz_acc1,4463315306,Эксперимент1,8.0,нет продаж 90 дн
oz_acc1,4463315634,Эксперимент1,8.0,нет продаж 90 дн
oz_acc1,4463315971,Эксперимент1,8.0,нет продаж 90 дн
oz_acc1,4463317155,от 2000 до 5000,12.0,нет продаж 90 дн
oz_acc1,4463317155,Эксперимент1,8.0,нет продаж 90 дн
oz_acc1,4463317748,от 2000 до 5000,12.0,нет продаж 90 дн
oz_acc1,4463317748,Эксперимент1,8.0,нет продаж 90 дн
oz_acc1,4463318620,Эксперимент1,8.0,нет продаж 90 дн
oz_acc1,4463319008,от 2000 до 5000,12.0,нет продаж 90 дн
oz_acc1,4463319008,Эксперимент1,8.0,нет продаж 90 дн
oz_acc1,4463319017,от 2000 до 5000,12.0,нет продаж 90 дн
oz_acc1,4463319017,Эксперимент1,8.0,нет продаж 90 дн
oz_acc1,4463319657,Эксперимент1,8.0,нет продаж 90 дн
oz_acc1,4463320445,Эксперимент1,8.0,нет продаж 90 дн
oz_acc1,4463320513,Эксперимент1,8.0,нет продаж 90 дн
oz_acc1,4463320634,Эксперимент1,8.0,нет продаж 90 дн
oz_acc1,4463320691,Эксперимент1,8.0,нет продаж 90 дн
oz_acc1,4463321017,Эксперимент1,8.0,нет продаж 90 дн
oz_acc1,4463321495,Эксперимент1,8.0,нет продаж 90 дн
oz_acc1,4463321527,от 2000 до 5000,12.0,нет продаж 90 дн
oz_acc1,4463321527,Эксперимент1,8.0,нет продаж 90 дн
oz_acc1,4463321567,Эксперимент1,8.0,нет продаж 90 дн
oz_acc1,4463322245,Эксперимент1,8.0,нет продаж 90 дн
oz_acc1,4463322327,Эксперимент1,8.0,нет продаж 90 дн
oz_acc1,4463322463,от 2000 до 5000,12.0,нет продаж 90 дн
oz_acc1,4463322740,Эксперимент1,8.0,нет продаж 90 дн
oz_acc1,4463323609,Эксперимент1,8.0,нет продаж 90 дн
oz_acc1,4463324022,от 2000 до 5000,12.0,нет продаж 90 дн
oz_acc1,4463324022,Эксперимент1,8.0,нет продаж 90 дн
oz_acc1,4463324113,от 2000 до 5000,12.0,нет продаж 90 дн
oz_acc1,4463324113,Эксперимент1,8.0,нет продаж 90 дн
oz_acc1,4463325027,от 2000 до 5000,12.0,нет продаж 90 дн
oz_acc1,4463325027,Эксперимент1,8.0,нет продаж 90 дн
oz_acc1,4463325726,от 1000-2000,12.0,нет продаж 90 дн
oz_acc1,4463325726,Эксперимент1,8.0,нет продаж 90 дн
oz_acc1,4463325806,Эксперимент1,8.0,нет продаж 90 дн
oz_acc1,4463326859,от 2000 до 5000,12.0,нет продаж 90 дн
oz_acc1,4463326859,Эксперимент1,8.0,нет продаж 90 дн
oz_acc1,4463327503,Эксперимент1,8.0,нет продаж 90 дн
oz_acc1,4463328084,Эксперимент1,8.0,нет продаж 90 дн
oz_acc1,4463328388,от 2000 до 5000,12.0,нет продаж 90 дн
oz_acc1,4463328388,Эксперимент1,8.0,нет продаж 90 дн
oz_acc1,4463328437,Эксперимент1,8.0,нет продаж 90 дн
oz_acc1,4463328910,от 2000 до 5000,12.0,нет продаж 90 дн
oz_acc1,4463330194,Эксперимент1,8.0,нет продаж 90 дн
oz_acc1,4463330229,Эксперимент1,8.0,нет продаж 90 дн
oz_acc1,4463331355,от 2000 до 5000,12.0,нет продаж 90 дн
oz_acc1,4463331355,Эксперимент1,8.0,нет продаж 90 дн
oz_acc1,4463333538,Эксперимент1,8.0,нет продаж 90 дн
oz_acc1,4463334647,Эксперимент1,8.0,нет продаж 90 дн
oz_acc1,4463335808,Эксперимент1,8.0,нет продаж 90 дн
oz_acc1,4463338973,Эксперимент1,8.0,нет продаж 90 дн
oz_acc1,4463339943,Эксперимент1,8.0,нет продаж 90 дн
oz_acc1,4463365057,Эксперимент1,8.0,нет продаж 90 дн
oz_acc1,4463522307,Эксперимент1,8.0,нет продаж 90 дн
oz_acc1,4463522380,Эксперимент1,8.0,нет продаж 90 дн
oz_acc1,4463523547,от 2000 до 5000,12.0,нет продаж 90 дн
oz_acc1,4463523547,Эксперимент1,8.0,нет продаж 90 дн
oz_acc1,4463523792,от 2000 до 5000,12.0,нет продаж 90 дн
oz_acc1,4463523858,от 2000 до 5000,12.0,нет продаж 90 дн
oz_acc1,4463523858,Эксперимент1,8.0,нет продаж 90 дн
oz_acc1,4463523977,от 2000 до 5000,12.0,нет продаж 90 дн
oz_acc1,4463524106,от 10000 до 500 тыс,12.0,нет продаж 90 дн
oz_acc1,4463524106,Эксперимент1,8.0,нет продаж 90 дн
oz_acc1,4463524300,Эксперимент1,8.0,нет маржи и нет продаж 90 дн
oz_acc1,4463524348,Эксперимент1,8.0,нет продаж 90 дн
oz_acc1,4463524541,от 2000 до 5000,12.0,нет продаж 90 дн
oz_acc1,4463524541,Эксперимент1,8.0,нет продаж 90 дн
oz_acc1,4463525412,Эксперимент1,8.0,нет маржи и нет продаж 90 дн
oz_acc1,4463525607,от 2000 до 5000,12.0,нет продаж 90 дн
oz_acc1,4463525607,Эксперимент1,8.0,нет продаж 90 дн
oz_acc1,4463525661,от 0 до 1000,10.0,нет продаж 90 дн
oz_acc1,4463525661,Эксперимент1,8.0,нет продаж 90 дн
oz_acc1,4463526155,Эксперимент1,8.0,нет маржи и нет продаж 90 дн
oz_acc1,4463526940,Эксперимент1,8.0,нет продаж 90 дн
oz_acc1,4463527203,Эксперимент1,8.0,нет маржи и нет продаж 90 дн
oz_acc1,4463527320,Эксперимент1,8.0,нет продаж 90 дн
oz_acc1,4463527333,Эксперимент1,8.0,нет продаж 90 дн
oz_acc1,4463527399,от 0 до 1000,10.0,нет продаж 90 дн
oz_acc1,4463527399,Эксперимент1,8.0,нет продаж 90 дн
oz_acc1,4463527603,Эксперимент1,8.0,нет маржи и нет продаж 90 дн
oz_acc1,4463527844,Эксперимент1,8.0,нет продаж 90 дн
oz_acc1,4463527997,от 0 до 1000,10.0,нет продаж 90 дн
oz_acc1,4463527997,Эксперимент1,8.0,нет продаж 90 дн
oz_acc1,4463529100,от 0 до 1000,10.0,нет продаж 90 дн
oz_acc1,4463529100,Эксперимент1,8.0,нет продаж 90 дн
oz_acc1,4463529161,от 2000 до 5000,12.0,нет продаж 90 дн
oz_acc1,4463529161,Эксперимент1,8.0,нет продаж 90 дн
oz_acc1,4463529355,Эксперимент1,8.0,нет продаж 90 дн
oz_acc1,4463529810,от 5000 до 10000,12.0,нет продаж 90 дн
oz_acc1,4463529836,Эксперимент1,8.0,нет продаж 90 дн
oz_acc1,4463530508,от 0 до 1000,10.0,нет продаж 90 дн
oz_acc1,4463530508,Эксперимент1,8.0,нет продаж 90 дн
oz_acc1,4463530630,от 5000 до 10000,12.0,нет продаж 90 дн
oz_acc1,4463530630,Эксперимент1,8.0,нет продаж 90 дн
oz_acc1,4463530896,от 10000 до 500 тыс,12.0,нет продаж 90 дн
oz_acc1,4463530896,Эксперимент1,8.0,нет продаж 90 дн
oz_acc1,4463531021,от 2000 до 5000,12.0,нет продаж 90 дн
oz_acc1,4463531021,Эксперимент1,8.0,нет продаж 90 дн
oz_acc1,4463531080,от 2000 до 5000,12.0,нет продаж 90 дн
oz_acc1,4463531080,Эксперимент1,8.0,нет продаж 90 дн
oz_acc1,4463531525,от 0 до 1000,10.0,нет продаж 90 дн
oz_acc1,4463531525,Эксперимент1,8.0,нет продаж 90 дн
oz_acc1,4463532132,от 2000 до 5000,12.0,нет продаж 90 дн
oz_acc1,4463532352,от 2000 до 5000,12.0,нет продаж 90 дн
oz_acc1,4463532352,Эксперимент1,8.0,нет продаж 90 дн
oz_acc1,4463532626,от 5000 до 10000,12.0,нет продаж 90 дн
oz_acc1,4463532626,Эксперимент1,8.0,нет продаж 90 дн
oz_acc1,4463532981,от 2000 до 5000,12.0,нет продаж 90 дн
oz_acc1,4463532981,Эксперимент1,8.0,нет продаж 90 дн
oz_acc1,4463532995,от 5000 до 10000,12.0,нет продаж 90 дн
oz_acc1,4463532995,Эксперимент1,8.0,нет продаж 90 дн
oz_acc1,4463533239,от 2000 до 5000,12.0,нет продаж 90 дн
oz_acc1,4463533239,Эксперимент1,8.0,нет продаж 90 дн
oz_acc1,4463533354,от 2000 до 5000,12.0,нет продаж 90 дн
oz_acc1,4463533354,Эксперимент1,8.0,нет продаж 90 дн
oz_acc1,4463533674,от 0 до 1000,10.0,нет продаж 90 дн
oz_acc1,4463533674,Эксперимент1,8.0,нет продаж 90 дн
oz_acc1,4463534261,от 0 до 1000,10.0,нет продаж 90 дн
oz_acc1,4463534261,Эксперимент1,8.0,нет продаж 90 дн
oz_acc1,4463534279,Эксперимент1,8.0,нет продаж 90 дн
oz_acc1,4463534382,от 2000 до 5000,12.0,нет продаж 90 дн
oz_acc1,4463534382,Эксперимент1,8.0,нет продаж 90 дн
oz_acc1,4463534670,от 2000 до 5000,12.0,нет продаж 90 дн
oz_acc1,4463534670,Эксперимент1,8.0,нет продаж 90 дн
oz_acc1,4463535017,от 5000 до 10000,12.0,нет продаж 90 дн
oz_acc1,4463535356,от 0 до 1000,10.0,нет продаж 90 дн
oz_acc1,4463535555,от 2000 до 5000,12.0,нет продаж 90 дн
oz_acc1,4463535650,Эксперимент1,8.0,нет маржи и нет продаж 90 дн
oz_acc1,4463535935,от 2000 до 5000,12.0,нет продаж 90 дн
oz_acc1,4463536092,от 5000 до 10000,12.0,нет продаж 90 дн
oz_acc1,4463536092,Эксперимент1,8.0,нет продаж 90 дн
oz_acc1,4463536363,от 2000 до 5000,12.0,нет продаж 90 дн
oz_acc1,4463536363,Эксперимент1,8.0,нет продаж 90 дн
oz_acc1,4463536494,от 10000 до 500 тыс,12.0,нет продаж 90 дн
oz_acc1,4463536780,от 1000-2000,12.0,нет продаж 90 дн
oz_acc1,4463536780,Эксперимент1,8.0,нет продаж 90 дн
oz_acc1,4463536888,Эксперимент1,8.0,нет продаж 90 дн
oz_acc1,4463537053,от 10000 до 500 тыс,12.0,нет продаж 90 дн
oz_acc1,4463537302,Эксперимент1,8.0,нет продаж 90 дн
oz_acc1,4463537843,от 1000-2000,12.0,нет продаж 90 дн
oz_acc1,4463537843,Эксперимент1,8.0,нет продаж 90 дн
oz_acc1,4463538055,от 2000 до 5000,12.0,нет продаж 90 дн
oz_acc1,4463538055,Эксперимент1,8.0,нет продаж 90 дн
oz_acc1,4463538134,Эксперимент1,8.0,нет продаж 90 дн
oz_acc1,4463538167,от 10000 до 500 тыс,12.0,нет продаж 90 дн
oz_acc1,4463538638,от 10000 до 500 тыс,12.0,нет продаж 90 дн
oz_acc1,4463538638,Эксперимент1,8.0,нет продаж 90 дн
oz_acc1,4463539072,от 10000 до 500 тыс,12.0,нет продаж 90 дн
oz_acc1,4463539072,Эксперимент1,8.0,нет продаж 90 дн
oz_acc1,4463539120,Эксперимент1,8.0,нет продаж 90 дн
oz_acc1,4463539145,от 2000 до 5000,12.0,нет продаж 90 дн
oz_acc1,4463539145,Эксперимент1,8.0,нет продаж 90 дн
oz_acc1,4463539591,от 1000-2000,12.0,нет продаж 90 дн
oz_acc1,4463539591,Эксперимент1,8.0,нет продаж 90 дн
oz_acc1,4463540165,от 1000-2000,12.0,нет продаж 90 дн
oz_acc1,4463540165,Эксперимент1,8.0,нет продаж 90 дн
oz_acc1,4463540744,от 2000 до 5000,12.0,нет продаж 90 дн
oz_acc1,4463540744,Эксперимент1,8.0,нет продаж 90 дн
oz_acc1,4463540755,Эксперимент1,8.0,нет продаж 90 дн
oz_acc1,4463541144,Эксперимент1,8.0,нет продаж 90 дн
oz_acc1,4463541363,Эксперимент1,8.0,нет продаж 90 дн
oz_acc1,4463541712,Эксперимент1,8.0,нет продаж 90 дн
oz_acc1,4463541806,Эксперимент1,8.0,нет продаж 90 дн
oz_acc1,4463541833,Эксперимент1,8.0,нет продаж 90 дн
oz_acc1,4463542387,Эксперимент1,8.0,нет продаж 90 дн
oz_acc1,4463542423,Эксперимент1,8.0,нет продаж 90 дн
oz_acc1,4463542508,от 2000 до 5000,12.0,нет продаж 90 дн
oz_acc1,4463542508,Эксперимент1,8.0,нет продаж 90 дн
oz_acc1,4463542586,от 2000 до 5000,12.0,нет продаж 90 дн
oz_acc1,4463542586,Эксперимент1,8.0,нет продаж 90 дн
oz_acc1,4463542885,Эксперимент1,8.0,нет продаж 90 дн
oz_acc1,4463542931,от 2000 до 5000,12.0,нет продаж 90 дн
oz_acc1,4463542931,Эксперимент1,8.0,нет продаж 90 дн
oz_acc1,4463546499,от 2000 до 5000,12.0,нет продаж 90 дн
oz_acc1,4463550532,от 2000 до 5000,12.0,нет продаж 90 дн
oz_acc1,4463551886,от 1000-2000,12.0,нет продаж 90 дн
oz_acc1,4463551886,Эксперимент1,8.0,нет продаж 90 дн
oz_acc1,4463554369,от 1000-2000,12.0,нет продаж 90 дн
oz_acc1,4463554369,Эксперимент1,8.0,нет продаж 90 дн
oz_acc1,4463555234,от 1000-2000,12.0,нет продаж 90 дн
oz_acc1,4463555234,Эксперимент1,8.0,нет продаж 90 дн
oz_acc1,4463555705,от 2000 до 5000,12.0,нет продаж 90 дн
oz_acc1,4463555705,Эксперимент1,8.0,нет продаж 90 дн
oz_acc1,4463556009,Эксперимент1,8.0,нет продаж 90 дн
oz_acc1,4463556817,от 2000 до 5000,12.0,нет продаж 90 дн
oz_acc1,4463556817,Эксперимент1,8.0,нет продаж 90 дн
oz_acc1,4463557040,Эксперимент1,8.0,нет продаж 90 дн
oz_acc1,4463557132,Эксперимент1,8.0,нет продаж 90 дн
oz_acc1,4463557684,от 2000 до 5000,12.0,нет продаж 90 дн
oz_acc1,4463557684,Эксперимент1,8.0,нет продаж 90 дн
oz_acc1,4463558424,от 1000-2000,12.0,нет продаж 90 дн
oz_acc1,4463558424,Эксперимент1,8.0,нет продаж 90 дн
oz_acc1,4463559199,Эксперимент1,8.0,нет продаж 90 дн
oz_acc1,4463559212,от 1000-2000,12.0,нет продаж 90 дн
oz_acc1,4463559212,Эксперимент1,8.0,нет продаж 90 дн
oz_acc1,4463559457,Эксперимент1,8.0,нет продаж 90 дн
oz_acc1,4463559821,Эксперимент1,8.0,нет продаж 90 дн
oz_acc1,4463561134,от 2000 до 5000,12.0,нет продаж 90 дн
oz_acc1,4463561134,Эксперимент1,8.0,нет продаж 90 дн
oz_acc1,4463565815,от 2000 до 5000,12.0,нет продаж 90 дн
oz_acc1,4463566274,от 1000-2000,12.0,нет продаж 90 дн
oz_acc1,4463566274,Эксперимент1,8.0,нет продаж 90 дн
oz_acc1,4463781998,от 10000 до 500 тыс,12.0,нет продаж 90 дн
oz_acc1,4463782491,Эксперимент1,8.0,нет продаж 90 дн
oz_acc1,4463783517,от 2000 до 5000,12.0,нет продаж 90 дн
oz_acc1,4463783517,Эксперимент1,8.0,нет продаж 90 дн
oz_acc1,4463784254,от 2000 до 5000,12.0,нет продаж 90 дн
oz_acc1,4463784462,от 2000 до 5000,12.0,нет продаж 90 дн
oz_acc1,4463784462,Эксперимент1,8.0,нет продаж 90 дн
oz_acc1,4463785044,Эксперимент1,8.0,нет продаж 90 дн
oz_acc1,4463785416,от 10000 до 500 тыс,12.0,нет продаж 90 дн
oz_acc1,4463785416,Эксперимент1,8.0,нет продаж 90 дн
oz_acc1,4463785502,от 2000 до 5000,12.0,нет продаж 90 дн
oz_acc1,4463785502,Эксперимент1,8.0,нет продаж 90 дн
oz_acc1,4463785630,от 2000 до 5000,12.0,нет продаж 90 дн
oz_acc1,4463785630,Эксперимент1,8.0,нет продаж 90 дн
oz_acc1,4463786215,от 10000 до 500 тыс,12.0,нет продаж 90 дн
oz_acc1,4463786316,от 2000 до 5000,12.0,нет продаж 90 дн
oz_acc1,4463786316,Эксперимент1,8.0,нет продаж 90 дн
oz_acc1,4463786518,от 2000 до 5000,12.0,нет продаж 90 дн
oz_acc1,4463786518,Эксперимент1,8.0,нет продаж 90 дн
oz_acc1,4463786741,от 2000 до 5000,12.0,нет продаж 90 дн
oz_acc1,4463786741,Эксперимент1,8.0,нет продаж 90 дн
oz_acc1,4463786748,от 2000 до 5000,12.0,нет продаж 90 дн
oz_acc1,4463786748,Эксперимент1,8.0,нет продаж 90 дн
oz_acc1,4463786906,от 2000 до 5000,12.0,нет продаж 90 дн
oz_acc1,4463787006,от 2000 до 5000,12.0,нет продаж 90 дн
oz_acc1,4463787006,Эксперимент1,8.0,нет продаж 90 дн
oz_acc1,4463787357,от 2000 до 5000,12.0,нет продаж 90 дн
oz_acc1,4463787357,Эксперимент1,8.0,нет продаж 90 дн
oz_acc1,4463787492,от 2000 до 5000,12.0,нет продаж 90 дн
oz_acc1,4463787492,Эксперимент1,8.0,нет продаж 90 дн
oz_acc1,4463787771,от 2000 до 5000,12.0,нет продаж 90 дн
oz_acc1,4463787924,от 2000 до 5000,12.0,нет продаж 90 дн
oz_acc1,4463787924,Эксперимент1,8.0,нет продаж 90 дн
oz_acc1,4463787997,от 2000 до 5000,12.0,нет продаж 90 дн
oz_acc1,4463787997,Эксперимент1,8.0,нет продаж 90 дн
oz_acc1,4463788717,от 2000 до 5000,12.0,нет продаж 90 дн
oz_acc1,4463788717,Эксперимент1,8.0,нет продаж 90 дн
oz_acc1,4463788828,от 10000 до 500 тыс,12.0,нет продаж 90 дн
oz_acc1,4463789610,от 2000 до 5000,12.0,нет продаж 90 дн
oz_acc1,4463789992,от 2000 до 5000,12.0,нет продаж 90 дн
oz_acc1,4463789992,Эксперимент1,8.0,нет продаж 90 дн
oz_acc1,4463790467,от 2000 до 5000,12.0,нет продаж 90 дн
oz_acc1,4463790467,Эксперимент1,8.0,нет продаж 90 дн
oz_acc1,4463790958,от 2000 до 5000,12.0,нет продаж 90 дн
oz_acc1,4463790958,Эксперимент1,8.0,нет продаж 90 дн
oz_acc1,4463791202,от 2000 до 5000,12.0,нет продаж 90 дн
oz_acc1,4463791202,Эксперимент1,8.0,нет продаж 90 дн
oz_acc1,4463791397,от 2000 до 5000,12.0,нет продаж 90 дн
oz_acc1,4463791852,от 2000 до 5000,12.0,нет продаж 90 дн
oz_acc1,4463791852,Эксперимент1,8.0,нет продаж 90 дн
oz_acc1,4463792171,от 2000 до 5000,12.0,нет продаж 90 дн
oz_acc1,4463792171,Эксперимент1,8.0,нет продаж 90 дн
oz_acc1,4463792183,от 10000 до 500 тыс,12.0,нет продаж 90 дн
oz_acc1,4463793797,от 2000 до 5000,12.0,нет продаж 90 дн
oz_acc1,4463793797,Эксперимент1,8.0,нет продаж 90 дн
oz_acc1,4463794334,от 2000 до 5000,12.0,нет продаж 90 дн
oz_acc1,4463794334,Эксперимент1,8.0,нет продаж 90 дн
oz_acc1,4463794647,от 2000 до 5000,12.0,нет продаж 90 дн
oz_acc1,4463794647,Эксперимент1,8.0,нет продаж 90 дн
oz_acc1,4463794955,от 2000 до 5000,12.0,нет продаж 90 дн
oz_acc1,4463794955,Эксперимент1,8.0,нет продаж 90 дн
oz_acc1,4463795166,от 2000 до 5000,12.0,нет продаж 90 дн
oz_acc1,4463795166,Эксперимент1,8.0,нет продаж 90 дн
oz_acc1,4463795215,от 2000 до 5000,12.0,нет продаж 90 дн
oz_acc1,4463795215,Эксперимент1,8.0,нет продаж 90 дн
oz_acc1,4463796392,Эксперимент1,8.0,нет продаж 90 дн
oz_acc1,4463796565,Эксперимент1,8.0,нет продаж 90 дн
oz_acc1,4463797278,Эксперимент1,8.0,нет продаж 90 дн
oz_acc1,4463797342,от 0 до 1000,10.0,нет продаж 90 дн
oz_acc1,4463797729,от 2000 до 5000,12.0,нет продаж 90 дн
oz_acc1,4463797797,от 0 до 1000,10.0,нет продаж 90 дн
oz_acc1,4463797797,Эксперимент1,8.0,нет продаж 90 дн
oz_acc1,4463797911,от 2000 до 5000,12.0,нет продаж 90 дн
oz_acc1,4463798354,от 2000 до 5000,12.0,нет продаж 90 дн
oz_acc1,4463798354,Эксперимент1,8.0,нет продаж 90 дн
oz_acc1,4463798922,от 2000 до 5000,12.0,нет продаж 90 дн
oz_acc1,4463798922,Эксперимент1,8.0,нет продаж 90 дн
oz_acc1,4463798970,Эксперимент1,8.0,нет продаж 90 дн
oz_acc1,4463799490,от 2000 до 5000,12.0,нет продаж 90 дн
oz_acc1,4463799490,Эксперимент1,8.0,нет продаж 90 дн
oz_acc1,4463799863,от 0 до 1000,10.0,нет продаж 90 дн
oz_acc1,4463799911,от 2000 до 5000,12.0,нет продаж 90 дн
oz_acc1,4463799911,Эксперимент1,8.0,нет продаж 90 дн
oz_acc1,4463799912,от 2000 до 5000,12.0,нет продаж 90 дн
oz_acc1,4463799912,Эксперимент1,8.0,нет продаж 90 дн
oz_acc1,4463800122,от 0 до 1000,10.0,нет продаж 90 дн
oz_acc1,4463800233,Эксперимент1,8.0,нет продаж 90 дн
oz_acc1,4463800295,от 0 до 1000,10.0,нет продаж 90 дн
oz_acc1,4463800295,Эксперимент1,8.0,нет продаж 90 дн
oz_acc1,4463800965,Эксперимент1,8.0,нет продаж 90 дн
oz_acc1,4463801108,от 0 до 1000,10.0,нет продаж 90 дн
oz_acc1,4463801108,Эксперимент1,8.0,нет продаж 90 дн
oz_acc1,4463801549,от 0 до 1000,10.0,нет маржи и нет продаж 90 дн
oz_acc1,4463801549,Эксперимент1,8.0,нет маржи и нет продаж 90 дн
oz_acc1,4463801632,от 0 до 1000,10.0,нет продаж 90 дн
oz_acc1,4463801632,Эксперимент1,8.0,нет продаж 90 дн
oz_acc1,4463801808,от 2000 до 5000,12.0,нет продаж 90 дн
oz_acc1,4463801808,Эксперимент1,8.0,нет продаж 90 дн
oz_acc1,4463801832,Эксперимент1,8.0,нет продаж 90 дн
oz_acc1,4463802237,от 0 до 1000,10.0,нет продаж 90 дн
oz_acc1,4463802237,Эксперимент1,8.0,нет продаж 90 дн
oz_acc1,4463802254,от 0 до 1000,10.0,нет продаж 90 дн
oz_acc1,4463802254,Эксперимент1,8.0,нет продаж 90 дн
oz_acc1,4463802378,от 0 до 1000,10.0,нет продаж 90 дн
oz_acc1,4463802900,от 0 до 1000,10.0,нет продаж 90 дн
oz_acc1,4463803039,от 0 до 1000,10.0,нет продаж 90 дн
oz_acc1,4463803039,Эксперимент1,8.0,нет продаж 90 дн
oz_acc1,4463803115,Эксперимент1,8.0,нет продаж 90 дн
oz_acc1,4463803143,от 2000 до 5000,12.0,нет продаж 90 дн
oz_acc1,4463803143,Эксперимент1,8.0,нет продаж 90 дн
oz_acc1,4463803223,Эксперимент1,8.0,нет продаж 90 дн
oz_acc1,4463803287,от 0 до 1000,10.0,нет продаж 90 дн
oz_acc1,4463803287,Эксперимент1,8.0,нет продаж 90 дн
oz_acc1,4463803993,от 0 до 1000,10.0,нет продаж 90 дн
oz_acc1,4463804238,от 0 до 1000,10.0,нет продаж 90 дн
oz_acc1,4463804839,от 0 до 1000,10.0,нет продаж 90 дн
oz_acc1,4463804922,от 2000 до 5000,12.0,нет продаж 90 дн
oz_acc1,4463804922,Эксперимент1,8.0,нет продаж 90 дн
oz_acc1,4463805166,от 0 до 1000,10.0,нет продаж 90 дн
oz_acc1,4463805230,от 0 до 1000,10.0,нет продаж 90 дн
oz_acc1,4463805230,Эксперимент1,8.0,нет продаж 90 дн
oz_acc1,4463805415,от 0 до 1000,10.0,нет продаж 90 дн
oz_acc1,4463805635,от 0 до 1000,10.0,нет продаж 90 дн
oz_acc1,4463805635,Эксперимент1,8.0,нет продаж 90 дн
oz_acc1,4463806103,от 0 до 1000,10.0,нет продаж 90 дн
oz_acc1,4463806103,Эксперимент1,8.0,нет продаж 90 дн
oz_acc1,4463806148,от 0 до 1000,10.0,нет продаж 90 дн
oz_acc1,4463806160,от 0 до 1000,10.0,нет продаж 90 дн
oz_acc1,4463807142,от 0 до 1000,10.0,нет продаж 90 дн
oz_acc1,4463807835,от 0 до 1000,10.0,нет продаж 90 дн
oz_acc1,4463807859,от 0 до 1000,10.0,нет продаж 90 дн
oz_acc1,4463808969,от 0 до 1000,10.0,нет продаж 90 дн
oz_acc1,4463808969,Эксперимент1,8.0,нет продаж 90 дн
oz_acc1,4463809402,от 0 до 1000,10.0,нет продаж 90 дн
oz_acc1,4463810115,от 0 до 1000,10.0,нет продаж 90 дн
oz_acc1,4463810406,от 0 до 1000,10.0,нет продаж 90 дн
oz_acc1,4463810406,Эксперимент1,8.0,нет продаж 90 дн
oz_acc1,4463812362,от 5000 до 10000,12.0,нет продаж 90 дн
oz_acc1,4463812362,Эксперимент1,8.0,нет продаж 90 дн
oz_acc1,4463812656,от 2000 до 5000,12.0,нет продаж 90 дн
oz_acc1,4463812656,Эксперимент1,8.0,нет продаж 90 дн
oz_acc1,4463812751,от 0 до 1000,10.0,нет продаж 90 дн
oz_acc1,4463813009,Эксперимент1,8.0,нет продаж 90 дн
oz_acc1,4463813686,от 5000 до 10000,12.0,нет продаж 90 дн
oz_acc1,4463813738,от 0 до 1000,10.0,нет продаж 90 дн
oz_acc1,4463814279,от 0 до 1000,10.0,нет продаж 90 дн
oz_acc1,4463814279,Эксперимент1,8.0,нет продаж 90 дн
oz_acc1,4463815506,Эксперимент1,8.0,нет продаж 90 дн
oz_acc1,4463815620,Эксперимент1,8.0,нет продаж 90 дн
oz_acc1,4463816419,от 2000 до 5000,12.0,нет продаж 90 дн
oz_acc1,4463816524,от 5000 до 10000,12.0,нет продаж 90 дн
oz_acc1,4463816524,Эксперимент1,8.0,нет продаж 90 дн
oz_acc1,4463817224,Эксперимент1,8.0,нет продаж 90 дн
oz_acc1,4463817278,от 0 до 1000,10.0,нет продаж 90 дн
oz_acc1,4463817278,Эксперимент1,8.0,нет продаж 90 дн
oz_acc1,4463817429,от 0 до 1000,10.0,нет продаж 90 дн
oz_acc1,4463817429,Эксперимент1,8.0,нет продаж 90 дн
oz_acc1,4463817508,от 5000 до 10000,12.0,нет продаж 90 дн
oz_acc1,4463819797,от 0 до 1000,10.0,нет продаж 90 дн
oz_acc1,4463819797,Эксперимент1,8.0,нет продаж 90 дн
oz_acc1,4463820712,от 0 до 1000,10.0,нет продаж 90 дн
oz_acc1,4463823977,Эксперимент1,8.0,нет продаж 90 дн
oz_acc1,4463825046,Эксперимент1,8.0,нет продаж 90 дн
oz_acc1,4463827788,от 5000 до 10000,12.0,нет продаж 90 дн
oz_acc1,4463828289,Эксперимент1,8.0,нет продаж 90 дн
oz_acc1,4463828662,от 0 до 1000,10.0,нет продаж 90 дн
oz_acc1,4463828662,Эксперимент1,8.0,нет продаж 90 дн
oz_acc1,4463829006,от 2000 до 5000,12.0,нет продаж 90 дн
oz_acc1,4463829006,Эксперимент1,8.0,нет продаж 90 дн
oz_acc1,4463829177,от 2000 до 5000,12.0,нет продаж 90 дн
oz_acc1,4463830005,от 5000 до 10000,12.0,нет продаж 90 дн
oz_acc1,4463830211,от 0 до 1000,10.0,нет продаж 90 дн
oz_acc1,4463830296,от 5000 до 10000,12.0,нет продаж 90 дн
oz_acc1,4463830296,Эксперимент1,8.0,нет продаж 90 дн
oz_acc1,4463831793,Эксперимент1,8.0,нет продаж 90 дн
oz_acc1,4463832093,от 0 до 1000,10.0,нет продаж 90 дн
oz_acc1,4463834807,Эксперимент1,8.0,нет продаж 90 дн
oz_acc1,4463838857,от 2000 до 5000,12.0,нет продаж 90 дн
oz_acc1,4463838857,Эксперимент1,8.0,нет продаж 90 дн
oz_acc1,4476907184,от 5000 до 10000,12.0,нет продаж 90 дн
oz_acc1,4476907850,Эксперимент1,8.0,нет продаж 90 дн
oz_acc1,4476908236,от 2000 до 5000,12.0,нет продаж 90 дн
oz_acc1,4476908371,от 2000 до 5000,12.0,нет продаж 90 дн
oz_acc1,4476908371,Эксперимент1,8.0,нет продаж 90 дн
oz_acc1,4476908527,от 2000 до 5000,12.0,нет продаж 90 дн
oz_acc1,4476908527,Эксперимент1,8.0,нет продаж 90 дн
oz_acc1,4476908949,от 1000-2000,12.0,нет продаж 90 дн
oz_acc1,4476908949,Эксперимент1,8.0,нет продаж 90 дн
oz_acc1,4476909127,от 2000 до 5000,12.0,нет продаж 90 дн
oz_acc1,4476909127,Эксперимент1,8.0,нет продаж 90 дн
oz_acc1,4476909612,от 5000 до 10000,12.0,нет маржи и нет продаж 90 дн
oz_acc1,4476909612,Эксперимент1,8.0,нет маржи и нет продаж 90 дн
oz_acc1,4476909614,от 2000 до 5000,12.0,нет продаж 90 дн
oz_acc1,4476911497,Эксперимент1,8.0,нет продаж 90 дн
oz_acc1,4476911643,Эксперимент1,8.0,нет продаж 90 дн
oz_acc1,4476911692,от 2000 до 5000,12.0,нет продаж 90 дн
oz_acc1,4476911692,Эксперимент1,8.0,нет продаж 90 дн
oz_acc1,4476911766,от 2000 до 5000,12.0,нет продаж 90 дн
oz_acc1,4476911862,от 1000-2000,12.0,нет продаж 90 дн
oz_acc1,4476911862,Эксперимент1,8.0,нет продаж 90 дн
oz_acc1,4476911913,от 1000-2000,12.0,нет продаж 90 дн
oz_acc1,4476911913,Эксперимент1,8.0,нет продаж 90 дн
oz_acc1,4476911998,от 2000 до 5000,12.0,нет продаж 90 дн
oz_acc1,4476911998,Эксперимент1,8.0,нет продаж 90 дн
oz_acc1,4476912022,Эксперимент1,8.0,нет продаж 90 дн
oz_acc1,4476912364,от 5000 до 10000,12.0,нет продаж 90 дн
oz_acc1,4476912364,Эксперимент1,8.0,нет продаж 90 дн
oz_acc1,4476912604,Эксперимент1,8.0,нет продаж 90 дн
oz_acc1,4476912661,от 2000 до 5000,12.0,нет продаж 90 дн
oz_acc1,4476912772,от 1000-2000,12.0,нет продаж 90 дн
oz_acc1,4476912772,Эксперимент1,8.0,нет продаж 90 дн
oz_acc1,4476912955,от 5000 до 10000,12.0,нет продаж 90 дн
oz_acc1,4476912955,Эксперимент1,8.0,нет продаж 90 дн
oz_acc1,4476912975,Эксперимент1,8.0,нет продаж 90 дн
oz_acc1,4476912997,от 5000 до 10000,12.0,нет продаж 90 дн
oz_acc1,4476913038,от 1000-2000,12.0,нет продаж 90 дн
oz_acc1,4476913038,Эксперимент1,8.0,нет продаж 90 дн
oz_acc1,4476913278,от 2000 до 5000,12.0,нет продаж 90 дн
oz_acc1,4476913278,Эксперимент1,8.0,нет продаж 90 дн
oz_acc1,4476913336,от 2000 до 5000,12.0,нет продаж 90 дн
oz_acc1,4476913336,Эксперимент1,8.0,нет продаж 90 дн
oz_acc1,4476913607,Эксперимент1,8.0,нет продаж 90 дн
oz_acc1,4476913620,от 5000 до 10000,12.0,нет продаж 90 дн
oz_acc1,4476913659,от 1000-2000,12.0,нет продаж 90 дн
oz_acc1,4476913659,Эксперимент1,8.0,нет продаж 90 дн
oz_acc1,4476914386,от 2000 до 5000,12.0,нет продаж 90 дн
oz_acc1,4476914386,Эксперимент1,8.0,нет продаж 90 дн
oz_acc1,4476914440,Эксперимент1,8.0,нет продаж 90 дн
oz_acc1,4476914664,Эксперимент1,8.0,нет продаж 90 дн
oz_acc1,4476914916,от 1000-2000,12.0,нет продаж 90 дн
oz_acc1,4476914916,Эксперимент1,8.0,нет продаж 90 дн
oz_acc1,4476915242,Эксперимент1,8.0,нет продаж 90 дн
oz_acc1,4476915313,Эксперимент1,8.0,нет продаж 90 дн
oz_acc1,4476915375,от 2000 до 5000,12.0,нет продаж 90 дн
oz_acc1,4476915375,Эксперимент1,8.0,нет продаж 90 дн
oz_acc1,4476916058,от 2000 до 5000,12.0,нет продаж 90 дн
oz_acc1,4476916058,Эксперимент1,8.0,нет продаж 90 дн
oz_acc1,4476916087,Эксперимент1,8.0,нет продаж 90 дн
oz_acc1,4476918101,Эксперимент1,8.0,нет продаж 90 дн
oz_acc1,4476926887,от 2000 до 5000,12.0,нет продаж 90 дн
oz_acc1,4476926887,Эксперимент1,8.0,нет продаж 90 дн
oz_acc1,4476927233,Эксперимент1,8.0,нет продаж 90 дн
oz_acc1,4476932986,от 2000 до 5000,12.0,нет продаж 90 дн
oz_acc1,4476932986,Эксперимент1,8.0,нет продаж 90 дн
oz_acc1,4476933038,от 2000 до 5000,12.0,нет продаж 90 дн
oz_acc1,4476933038,Эксперимент1,8.0,нет продаж 90 дн
oz_acc1,4476933362,от 2000 до 5000,12.0,нет продаж 90 дн
oz_acc1,4476933362,Эксперимент1,8.0,нет продаж 90 дн
oz_acc1,4476933606,Эксперимент1,8.0,нет продаж 90 дн
oz_acc1,4476933792,от 2000 до 5000,12.0,нет продаж 90 дн
oz_acc1,4476933792,Эксперимент1,8.0,нет продаж 90 дн
oz_acc1,4476933885,от 2000 до 5000,12.0,нет продаж 90 дн
oz_acc1,4476934799,Эксперимент1,8.0,нет продаж 90 дн
oz_acc1,4476934863,Эксперимент1,8.0,нет продаж 90 дн
oz_acc1,4476934873,от 2000 до 5000,12.0,нет продаж 90 дн
oz_acc1,4476934873,Эксперимент1,8.0,нет продаж 90 дн
oz_acc1,4476935089,Эксперимент1,8.0,нет продаж 90 дн
oz_acc1,4476935270,Эксперимент1,8.0,нет продаж 90 дн
oz_acc1,4476935494,от 2000 до 5000,12.0,нет продаж 90 дн
oz_acc1,4476935494,Эксперимент1,8.0,нет продаж 90 дн
oz_acc1,4476935590,Эксперимент1,8.0,нет продаж 90 дн
oz_acc1,4476935769,от 2000 до 5000,12.0,нет продаж 90 дн
oz_acc1,4476935769,Эксперимент1,8.0,нет продаж 90 дн
oz_acc1,4476936055,Эксперимент1,8.0,нет продаж 90 дн
oz_acc1,4476936098,от 1000-2000,12.0,нет продаж 90 дн
oz_acc1,4476936098,Эксперимент1,8.0,нет продаж 90 дн
oz_acc1,4476936189,от 1000-2000,12.0,нет продаж 90 дн
oz_acc1,4476936189,Эксперимент1,8.0,нет продаж 90 дн
oz_acc1,4476936209,Эксперимент1,8.0,нет продаж 90 дн
oz_acc1,4476936269,от 5000 до 10000,12.0,нет продаж 90 дн
oz_acc1,4476936498,от 2000 до 5000,12.0,нет продаж 90 дн
oz_acc1,4476936498,Эксперимент1,8.0,нет продаж 90 дн
oz_acc1,4476936977,от 2000 до 5000,12.0,нет продаж 90 дн
oz_acc1,4476936977,Эксперимент1,8.0,нет продаж 90 дн
oz_acc1,4476937846,от 2000 до 5000,12.0,нет продаж 90 дн
oz_acc1,4476937846,Эксперимент1,8.0,нет продаж 90 дн
oz_acc1,4476938197,от 1000-2000,12.0,нет продаж 90 дн
oz_acc1,4476938197,Эксперимент1,8.0,нет продаж 90 дн
oz_acc1,4476938244,Эксперимент1,8.0,нет продаж 90 дн
oz_acc1,4476938762,от 1000-2000,12.0,нет продаж 90 дн
oz_acc1,4476938762,Эксперимент1,8.0,нет продаж 90 дн
oz_acc1,4476940205,Эксперимент1,8.0,нет продаж 90 дн
oz_acc1,4476941027,Эксперимент1,8.0,нет продаж 90 дн
oz_acc1,4476941418,от 1000-2000,12.0,нет продаж 90 дн
oz_acc1,4476941418,Эксперимент1,8.0,нет продаж 90 дн
oz_acc1,4476942446,от 2000 до 5000,12.0,нет продаж 90 дн
oz_acc1,4476942446,Эксперимент1,8.0,нет продаж 90 дн
oz_acc1,4476942571,от 2000 до 5000,12.0,нет продаж 90 дн
oz_acc1,4476942912,Эксперимент1,8.0,нет продаж 90 дн
oz_acc1,4476943111,от 2000 до 5000,12.0,нет продаж 90 дн
oz_acc1,4476943111,Эксперимент1,8.0,нет продаж 90 дн
oz_acc1,4476943182,от 1000-2000,12.0,нет продаж 90 дн
oz_acc1,4476943182,Эксперимент1,8.0,нет продаж 90 дн
oz_acc1,4476943551,от 5000 до 10000,12.0,нет маржи и нет продаж 90 дн
oz_acc1,4476943551,Эксперимент1,8.0,нет маржи и нет продаж 90 дн
oz_acc1,4476943715,Эксперимент1,8.0,нет продаж 90 дн
oz_acc1,4476945180,от 5000 до 10000,12.0,нет продаж 90 дн
oz_acc1,4476945180,Эксперимент1,8.0,нет продаж 90 дн
oz_acc1,4476946533,от 5000 до 10000,12.0,нет продаж 90 дн
oz_acc1,4476946533,Эксперимент1,8.0,нет продаж 90 дн
oz_acc1,4476946758,от 2000 до 5000,12.0,нет продаж 90 дн
oz_acc1,4476946758,Эксперимент1,8.0,нет продаж 90 дн
oz_acc1,4476946906,Эксперимент1,8.0,нет продаж 90 дн
oz_acc1,4476947290,Эксперимент1,8.0,нет продаж 90 дн
oz_acc1,4476947571,от 5000 до 10000,12.0,нет продаж 90 дн
oz_acc1,4476947571,Эксперимент1,8.0,нет продаж 90 дн
oz_acc1,4476947807,Эксперимент1,8.0,нет продаж 90 дн
oz_acc1,4476947907,от 1000-2000,12.0,нет продаж 90 дн
oz_acc1,4476947907,Эксперимент1,8.0,нет продаж 90 дн
oz_acc1,4476948662,от 1000-2000,12.0,нет продаж 90 дн
oz_acc1,4476948662,Эксперимент1,8.0,нет продаж 90 дн
oz_acc1,4476949669,от 1000-2000,12.0,нет продаж 90 дн
oz_acc1,4476949669,Эксперимент1,8.0,нет продаж 90 дн
oz_acc1,4476950307,Эксперимент1,8.0,нет продаж 90 дн
oz_acc1,4476950516,от 2000 до 5000,12.0,нет продаж 90 дн
oz_acc1,4476950516,Эксперимент1,8.0,нет продаж 90 дн
oz_acc1,4476951423,Эксперимент1,8.0,нет продаж 90 дн
oz_acc1,4476952334,от 1000-2000,12.0,нет продаж 90 дн
oz_acc1,4476952334,Эксперимент1,8.0,нет продаж 90 дн
oz_acc1,4476953290,от 5000 до 10000,12.0,нет продаж 90 дн
oz_acc1,4476953651,Эксперимент1,8.0,нет продаж 90 дн
oz_acc1,4476953658,от 2000 до 5000,12.0,нет продаж 90 дн
oz_acc1,4476953658,Эксперимент1,8.0,нет продаж 90 дн
oz_acc1,4476953908,от 2000 до 5000,12.0,нет продаж 90 дн
oz_acc1,4476953908,Эксперимент1,8.0,нет продаж 90 дн
oz_acc1,4476954703,от 2000 до 5000,12.0,нет продаж 90 дн
oz_acc1,4476963570,Эксперимент1,8.0,нет продаж 90 дн
oz_acc1,4480258172,от 2000 до 5000,12.0,нет продаж 90 дн
oz_acc1,4480258172,Эксперимент1,8.0,нет продаж 90 дн
oz_acc1,4480260788,от 2000 до 5000,12.0,нет продаж 90 дн
oz_acc1,4480260788,Эксперимент1,8.0,нет продаж 90 дн
oz_acc1,4480261022,от 2000 до 5000,12.0,нет продаж 90 дн
oz_acc1,4480261022,Эксперимент1,8.0,нет продаж 90 дн
oz_acc1,4480261603,от 2000 до 5000,12.0,нет продаж 90 дн
oz_acc1,4480261603,Эксперимент1,8.0,нет продаж 90 дн
oz_acc1,4480261642,от 2000 до 5000,12.0,нет продаж 90 дн
oz_acc1,4480261642,Эксперимент1,8.0,нет продаж 90 дн
oz_acc1,4480262470,от 5000 до 10000,12.0,нет продаж 90 дн
oz_acc1,4480262470,Эксперимент1,8.0,нет продаж 90 дн
oz_acc1,4480262512,от 2000 до 5000,12.0,нет продаж 90 дн
oz_acc1,4480262512,Эксперимент1,8.0,нет продаж 90 дн
oz_acc1,4480262516,от 2000 до 5000,12.0,нет продаж 90 дн
oz_acc1,4480262516,Эксперимент1,8.0,нет продаж 90 дн
oz_acc1,4480263256,Эксперимент1,8.0,нет продаж 90 дн
oz_acc1,4480263481,Эксперимент1,8.0,нет продаж 90 дн
oz_acc1,4480263978,от 5000 до 10000,12.0,нет продаж 90 дн
oz_acc1,4480264210,от 5000 до 10000,12.0,нет продаж 90 дн
oz_acc1,4480264210,Эксперимент1,8.0,нет продаж 90 дн
oz_acc1,4480264272,от 5000 до 10000,12.0,нет продаж 90 дн
oz_acc1,4480264274,Эксперимент1,8.0,нет продаж 90 дн
oz_acc1,4480264278,от 2000 до 5000,12.0,нет продаж 90 дн
oz_acc1,4480264278,Эксперимент1,8.0,нет продаж 90 дн
oz_acc1,4480264409,от 2000 до 5000,12.0,нет продаж 90 дн
oz_acc1,4480264409,Эксперимент1,8.0,нет продаж 90 дн
oz_acc1,4480264637,от 5000 до 10000,12.0,нет продаж 90 дн
oz_acc1,4480264638,от 2000 до 5000,12.0,нет продаж 90 дн
oz_acc1,4480264638,Эксперимент1,8.0,нет продаж 90 дн
oz_acc1,4480264712,от 2000 до 5000,12.0,нет продаж 90 дн
oz_acc1,4480264785,от 5000 до 10000,12.0,нет продаж 90 дн
oz_acc1,4480264785,Эксперимент1,8.0,нет продаж 90 дн
oz_acc1,4480264815,от 2000 до 5000,12.0,нет продаж 90 дн
oz_acc1,4480264815,Эксперимент1,8.0,нет продаж 90 дн
oz_acc1,4480264818,от 2000 до 5000,12.0,нет продаж 90 дн
oz_acc1,4480264818,Эксперимент1,8.0,нет продаж 90 дн
oz_acc1,4480264857,Эксперимент1,8.0,нет продаж 90 дн
oz_acc1,4480264880,Эксперимент1,8.0,нет продаж 90 дн
oz_acc1,4480265048,от 2000 до 5000,12.0,нет продаж 90 дн
oz_acc1,4480265048,Эксперимент1,8.0,нет продаж 90 дн
oz_acc1,4480265095,от 2000 до 5000,12.0,нет продаж 90 дн
oz_acc1,4480265095,Эксперимент1,8.0,нет продаж 90 дн
oz_acc1,4480265144,от 2000 до 5000,12.0,нет продаж 90 дн
oz_acc1,4480265144,Эксперимент1,8.0,нет продаж 90 дн
oz_acc1,4480265161,Эксперимент1,8.0,нет продаж 90 дн
oz_acc1,4480265408,Эксперимент1,8.0,нет продаж 90 дн
oz_acc1,4480265431,Эксперимент1,8.0,нет продаж 90 дн
oz_acc1,4480265504,Эксперимент1,8.0,нет продаж 90 дн
oz_acc1,4480265525,Эксперимент1,8.0,нет продаж 90 дн
oz_acc1,4480265704,от 2000 до 5000,12.0,нет продаж 90 дн
oz_acc1,4480265704,Эксперимент1,8.0,нет продаж 90 дн
oz_acc1,4480266015,от 5000 до 10000,12.0,нет продаж 90 дн
oz_acc1,4480266015,Эксперимент1,8.0,нет продаж 90 дн
oz_acc1,4480266192,Эксперимент1,8.0,нет продаж 90 дн
oz_acc1,4480266211,Эксперимент1,8.0,нет продаж 90 дн
oz_acc1,4480266291,от 2000 до 5000,12.0,нет продаж 90 дн
oz_acc1,4480266291,Эксперимент1,8.0,нет продаж 90 дн
oz_acc1,4480266309,от 2000 до 5000,12.0,нет продаж 90 дн
oz_acc1,4480266309,Эксперимент1,8.0,нет продаж 90 дн
oz_acc1,4480266415,от 5000 до 10000,12.0,нет продаж 90 дн
oz_acc1,4480266415,Эксперимент1,8.0,нет продаж 90 дн
oz_acc1,4480266513,Эксперимент1,8.0,нет продаж 90 дн
oz_acc1,4480266528,от 2000 до 5000,12.0,нет продаж 90 дн
oz_acc1,4480266528,Эксперимент1,8.0,нет продаж 90 дн
oz_acc1,4480266534,от 2000 до 5000,12.0,нет продаж 90 дн
oz_acc1,4480266534,Эксперимент1,8.0,нет продаж 90 дн
oz_acc1,4480266626,Эксперимент1,8.0,нет продаж 90 дн
oz_acc1,4480266650,от 2000 до 5000,12.0,нет продаж 90 дн
oz_acc1,4480266650,Эксперимент1,8.0,нет продаж 90 дн
oz_acc1,4480266714,от 2000 до 5000,12.0,нет продаж 90 дн
oz_acc1,4480266714,Эксперимент1,8.0,нет продаж 90 дн
oz_acc1,4480266721,от 2000 до 5000,12.0,нет продаж 90 дн
oz_acc1,4480266721,Эксперимент1,8.0,нет продаж 90 дн
oz_acc1,4480266885,Эксперимент1,8.0,нет продаж 90 дн
oz_acc1,4480266923,от 5000 до 10000,12.0,нет продаж 90 дн
oz_acc1,4480266931,от 2000 до 5000,12.0,нет продаж 90 дн
oz_acc1,4480266931,Эксперимент1,8.0,нет продаж 90 дн
oz_acc1,4480266954,Эксперимент1,8.0,нет продаж 90 дн
oz_acc1,4480267134,от 2000 до 5000,12.0,нет продаж 90 дн
oz_acc1,4480267134,Эксперимент1,8.0,нет продаж 90 дн
oz_acc1,4480267139,Эксперимент1,8.0,нет продаж 90 дн
oz_acc1,4480267278,Эксперимент1,8.0,нет продаж 90 дн
oz_acc1,4480267302,от 2000 до 5000,12.0,нет продаж 90 дн
oz_acc1,4480267302,Эксперимент1,8.0,нет продаж 90 дн
oz_acc1,4480267377,от 2000 до 5000,12.0,нет продаж 90 дн
oz_acc1,4480267555,от 5000 до 10000,12.0,нет продаж 90 дн
oz_acc1,4480267555,Эксперимент1,8.0,нет продаж 90 дн
oz_acc1,4480267566,от 5000 до 10000,12.0,нет продаж 90 дн
oz_acc1,4480267567,Эксперимент1,8.0,нет продаж 90 дн
oz_acc1,4480267631,Эксперимент1,8.0,нет продаж 90 дн
oz_acc1,4480267739,от 2000 до 5000,12.0,нет продаж 90 дн
oz_acc1,4480267898,от 2000 до 5000,12.0,нет продаж 90 дн
oz_acc1,4480267898,Эксперимент1,8.0,нет продаж 90 дн
oz_acc1,4480267927,от 2000 до 5000,12.0,нет продаж 90 дн
oz_acc1,4480267927,Эксперимент1,8.0,нет продаж 90 дн
oz_acc1,4480267935,Эксперимент1,8.0,нет продаж 90 дн
oz_acc1,4480267992,от 2000 до 5000,12.0,нет продаж 90 дн
oz_acc1,4480267992,Эксперимент1,8.0,нет продаж 90 дн
oz_acc1,4480267996,Эксперимент1,8.0,нет продаж 90 дн
oz_acc1,4480267999,Эксперимент1,8.0,нет продаж 90 дн
oz_acc1,4480268013,Эксперимент1,8.0,нет продаж 90 дн
oz_acc1,4480268172,Эксперимент1,8.0,нет продаж 90 дн
oz_acc1,4480268432,Эксперимент1,8.0,нет продаж 90 дн
oz_acc1,4480268455,от 5000 до 10000,12.0,нет продаж 90 дн
oz_acc1,4480268455,Эксперимент1,8.0,нет продаж 90 дн
oz_acc1,4480268569,от 2000 до 5000,12.0,нет продаж 90 дн
oz_acc1,4480268569,Эксперимент1,8.0,нет продаж 90 дн
oz_acc1,4480268627,Эксперимент1,8.0,нет продаж 90 дн
oz_acc1,4480268731,от 5000 до 10000,12.0,нет продаж 90 дн
oz_acc1,4480268731,Эксперимент1,8.0,нет продаж 90 дн
oz_acc1,4480268854,Эксперимент1,8.0,нет продаж 90 дн
oz_acc1,4480268885,от 2000 до 5000,12.0,нет продаж 90 дн
oz_acc1,4480268885,Эксперимент1,8.0,нет продаж 90 дн
oz_acc1,4480268910,Эксперимент1,8.0,нет продаж 90 дн
oz_acc1,4480268930,Эксперимент1,8.0,нет продаж 90 дн
oz_acc1,4480268932,Эксперимент1,8.0,нет продаж 90 дн
oz_acc1,4480269016,от 2000 до 5000,12.0,нет продаж 90 дн
oz_acc1,4480269016,Эксперимент1,8.0,нет продаж 90 дн
oz_acc1,4480269106,Эксперимент1,8.0,нет продаж 90 дн
oz_acc1,4480269122,от 5000 до 10000,12.0,нет продаж 90 дн
oz_acc1,4480269156,Эксперимент1,8.0,нет продаж 90 дн
oz_acc1,4480269250,Эксперимент1,8.0,нет продаж 90 дн
oz_acc1,4480269252,от 2000 до 5000,12.0,нет продаж 90 дн
oz_acc1,4480269252,Эксперимент1,8.0,нет продаж 90 дн
oz_acc1,4480269340,Эксперимент1,8.0,нет продаж 90 дн
oz_acc1,4480269367,от 2000 до 5000,12.0,нет продаж 90 дн
oz_acc1,4480269367,Эксперимент1,8.0,нет продаж 90 дн
oz_acc1,4480269574,от 2000 до 5000,12.0,нет продаж 90 дн
oz_acc1,4480269574,Эксперимент1,8.0,нет продаж 90 дн
oz_acc1,4480269656,от 2000 до 5000,12.0,нет продаж 90 дн
oz_acc1,4480269656,Эксперимент1,8.0,нет продаж 90 дн
oz_acc1,4480269755,от 2000 до 5000,12.0,нет продаж 90 дн
oz_acc1,4480269755,Эксперимент1,8.0,нет продаж 90 дн
oz_acc1,4480269771,от 2000 до 5000,12.0,нет продаж 90 дн
oz_acc1,4480269771,Эксперимент1,8.0,нет продаж 90 дн
oz_acc1,4480269777,от 2000 до 5000,12.0,нет продаж 90 дн
oz_acc1,4480269958,от 2000 до 5000,12.0,нет продаж 90 дн
oz_acc1,4480269958,Эксперимент1,8.0,нет продаж 90 дн
oz_acc1,4480270052,от 2000 до 5000,12.0,нет продаж 90 дн
oz_acc1,4480270052,Эксперимент1,8.0,нет продаж 90 дн
oz_acc1,4480270134,от 2000 до 5000,12.0,нет продаж 90 дн
oz_acc1,4480270134,Эксперимент1,8.0,нет продаж 90 дн
oz_acc1,4480270177,от 5000 до 10000,12.0,нет продаж 90 дн
oz_acc1,4480270212,от 2000 до 5000,12.0,нет продаж 90 дн
oz_acc1,4480270212,Эксперимент1,8.0,нет продаж 90 дн
oz_acc1,4480270221,Эксперимент1,8.0,нет продаж 90 дн
oz_acc1,4480270273,от 2000 до 5000,12.0,нет продаж 90 дн
oz_acc1,4480270273,Эксперимент1,8.0,нет продаж 90 дн
oz_acc1,4480270472,от 2000 до 5000,12.0,нет продаж 90 дн
oz_acc1,4480270472,Эксперимент1,8.0,нет продаж 90 дн
oz_acc1,4480270540,от 2000 до 5000,12.0,нет продаж 90 дн
oz_acc1,4480270540,Эксперимент1,8.0,нет продаж 90 дн
oz_acc1,4480270597,Эксперимент1,8.0,нет продаж 90 дн
oz_acc1,4480270652,Эксперимент1,8.0,нет продаж 90 дн
oz_acc1,4480270721,от 2000 до 5000,12.0,нет продаж 90 дн
oz_acc1,4480270721,Эксперимент1,8.0,нет продаж 90 дн
oz_acc1,4480270794,Эксперимент1,8.0,нет продаж 90 дн
oz_acc1,4480271170,Эксперимент1,8.0,нет продаж 90 дн
oz_acc1,4480271318,от 5000 до 10000,12.0,нет продаж 90 дн
oz_acc1,4480271322,от 5000 до 10000,12.0,нет продаж 90 дн
oz_acc1,4480271324,от 2000 до 5000,12.0,нет продаж 90 дн
oz_acc1,4480271324,Эксперимент1,8.0,нет продаж 90 дн
oz_acc1,4480271359,от 5000 до 10000,12.0,нет продаж 90 дн
oz_acc1,4480271410,Эксперимент1,8.0,нет продаж 90 дн
oz_acc1,4480271500,от 2000 до 5000,12.0,нет продаж 90 дн
oz_acc1,4480271500,Эксперимент1,8.0,нет продаж 90 дн
oz_acc1,4480272033,Эксперимент1,8.0,нет продаж 90 дн
oz_acc1,4480272264,от 2000 до 5000,12.0,нет продаж 90 дн
oz_acc1,4480272476,от 2000 до 5000,12.0,нет продаж 90 дн
oz_acc1,4480272476,Эксперимент1,8.0,нет продаж 90 дн
oz_acc1,4480272778,Эксперимент1,8.0,нет продаж 90 дн
oz_acc1,4480272898,Эксперимент1,8.0,нет продаж 90 дн
oz_acc1,4480272964,Эксперимент1,8.0,нет продаж 90 дн
oz_acc1,4480272968,Эксперимент1,8.0,нет продаж 90 дн
oz_acc1,4480273094,от 2000 до 5000,12.0,нет продаж 90 дн
oz_acc1,4480273094,Эксперимент1,8.0,нет продаж 90 дн
oz_acc1,4480273144,Эксперимент1,8.0,нет продаж 90 дн
oz_acc1,4480273316,Эксперимент1,8.0,нет продаж 90 дн
oz_acc1,4480273384,от 2000 до 5000,12.0,нет продаж 90 дн
oz_acc1,4480273384,Эксперимент1,8.0,нет продаж 90 дн
oz_acc1,4480273430,Эксперимент1,8.0,нет продаж 90 дн
oz_acc1,4480273476,от 2000 до 5000,12.0,нет продаж 90 дн
oz_acc1,4480273476,Эксперимент1,8.0,нет продаж 90 дн
oz_acc1,4480273701,от 2000 до 5000,12.0,нет продаж 90 дн
oz_acc1,4480273701,Эксперимент1,8.0,нет продаж 90 дн
oz_acc1,4480273742,от 2000 до 5000,12.0,нет продаж 90 дн
oz_acc1,4480273742,Эксперимент1,8.0,нет продаж 90 дн
oz_acc1,4480273778,Эксперимент1,8.0,нет продаж 90 дн
oz_acc1,4480273858,от 2000 до 5000,12.0,нет продаж 90 дн
oz_acc1,4480273858,Эксперимент1,8.0,нет продаж 90 дн
oz_acc1,4480273893,Эксперимент1,8.0,нет продаж 90 дн
oz_acc1,4480273939,от 2000 до 5000,12.0,нет продаж 90 дн
oz_acc1,4480274118,Эксперимент1,8.0,нет продаж 90 дн
oz_acc1,4480274127,от 2000 до 5000,12.0,нет продаж 90 дн
oz_acc1,4480274127,Эксперимент1,8.0,нет продаж 90 дн
oz_acc1,4480274215,от 2000 до 5000,12.0,нет продаж 90 дн
oz_acc1,4480274582,от 5000 до 10000,12.0,нет продаж 90 дн
oz_acc1,4480274740,Эксперимент1,8.0,нет продаж 90 дн
oz_acc1,4480274841,от 2000 до 5000,12.0,нет продаж 90 дн
oz_acc1,4480274841,Эксперимент1,8.0,нет продаж 90 дн
oz_acc1,4480274909,Эксперимент1,8.0,нет продаж 90 дн
oz_acc1,4480274910,Эксперимент1,8.0,нет продаж 90 дн
oz_acc1,4480274935,Эксперимент1,8.0,нет продаж 90 дн
oz_acc1,4480275237,Эксперимент1,8.0,нет продаж 90 дн
oz_acc1,4480275244,от 2000 до 5000,12.0,нет продаж 90 дн
oz_acc1,4480275244,Эксперимент1,8.0,нет продаж 90 дн
oz_acc1,4480275255,Эксперимент1,8.0,нет продаж 90 дн
oz_acc1,4480275381,Эксперимент1,8.0,нет продаж 90 дн
oz_acc1,4480275460,Эксперимент1,8.0,нет продаж 90 дн
oz_acc1,4480275702,Эксперимент1,8.0,нет продаж 90 дн
oz_acc1,4480275809,от 2000 до 5000,12.0,нет продаж 90 дн
oz_acc1,4480275809,Эксперимент1,8.0,нет продаж 90 дн
oz_acc1,4480275820,от 2000 до 5000,12.0,нет продаж 90 дн
oz_acc1,4480275820,Эксперимент1,8.0,нет продаж 90 дн
oz_acc1,4480276099,Эксперимент1,8.0,нет продаж 90 дн
oz_acc1,4480276502,от 2000 до 5000,12.0,нет продаж 90 дн
oz_acc1,4480276502,Эксперимент1,8.0,нет продаж 90 дн
oz_acc1,4480277791,Эксперимент1,8.0,нет продаж 90 дн
oz_acc1,4480278099,от 2000 до 5000,12.0,нет продаж 90 дн
oz_acc1,4480278099,Эксперимент1,8.0,нет продаж 90 дн
oz_acc1,4480278106,Эксперимент1,8.0,нет продаж 90 дн
oz_acc1,4480280166,от 2000 до 5000,12.0,нет продаж 90 дн
oz_acc1,4480280166,Эксперимент1,8.0,нет продаж 90 дн
oz_acc1,4480280340,от 2000 до 5000,12.0,нет продаж 90 дн
oz_acc1,4480281269,от 2000 до 5000,12.0,нет продаж 90 дн
oz_acc1,4480281269,Эксперимент1,8.0,нет продаж 90 дн
oz_acc1,4480283299,от 2000 до 5000,12.0,нет продаж 90 дн
oz_acc1,4480283299,Эксперимент1,8.0,нет продаж 90 дн
oz_acc1,4480285940,Эксперимент1,8.0,нет продаж 90 дн
oz_acc1,4480286562,от 2000 до 5000,12.0,нет продаж 90 дн
oz_acc1,4480286562,Эксперимент1,8.0,нет продаж 90 дн
oz_acc1,4480286806,от 2000 до 5000,12.0,нет продаж 90 дн
oz_acc1,4480286806,Эксперимент1,8.0,нет продаж 90 дн
oz_acc1,4480286873,от 2000 до 5000,12.0,нет продаж 90 дн
oz_acc1,4480286873,Эксперимент1,8.0,нет продаж 90 дн
oz_acc1,4480287003,от 2000 до 5000,12.0,нет продаж 90 дн
oz_acc1,4480287003,Эксперимент1,8.0,нет продаж 90 дн
oz_acc1,4480287417,от 2000 до 5000,12.0,нет продаж 90 дн
oz_acc1,4480287417,Эксперимент1,8.0,нет продаж 90 дн
oz_acc1,4480289330,Эксперимент1,8.0,нет продаж 90 дн
oz_acc1,4480302983,Эксперимент1,8.0,нет продаж 90 дн
oz_acc1,4480310573,от 2000 до 5000,12.0,нет продаж 90 дн
oz_acc1,4480310573,Эксперимент1,8.0,нет продаж 90 дн
oz_acc1,4480821562,от 1000-2000,12.0,нет продаж 90 дн
oz_acc1,4480821562,Эксперимент1,8.0,нет продаж 90 дн
oz_acc1,4480822212,от 5000 до 10000,12.0,нет продаж 90 дн
oz_acc1,4480822212,Эксперимент1,8.0,нет продаж 90 дн
oz_acc1,4480822433,от 5000 до 10000,12.0,нет продаж 90 дн
oz_acc1,4480822433,Эксперимент1,8.0,нет продаж 90 дн
oz_acc1,4480822695,от 5000 до 10000,12.0,нет продаж 90 дн
oz_acc1,4480822695,Эксперимент1,8.0,нет продаж 90 дн
oz_acc1,4480822951,от 2000 до 5000,12.0,нет продаж 90 дн
oz_acc1,4480822951,Эксперимент1,8.0,нет продаж 90 дн
oz_acc1,4480823032,от 5000 до 10000,12.0,нет продаж 90 дн
oz_acc1,4480823128,от 5000 до 10000,12.0,нет продаж 90 дн
oz_acc1,4480823155,от 5000 до 10000,12.0,нет продаж 90 дн
oz_acc1,4480823155,Эксперимент1,8.0,нет продаж 90 дн
oz_acc1,4480823178,от 1000-2000,12.0,нет продаж 90 дн
oz_acc1,4480823178,Эксперимент1,8.0,нет продаж 90 дн
oz_acc1,4480823241,от 1000-2000,12.0,нет продаж 90 дн
oz_acc1,4480823241,Эксперимент1,8.0,нет продаж 90 дн
oz_acc1,4480823260,Эксперимент1,8.0,нет продаж 90 дн
oz_acc1,4480823288,Эксперимент1,8.0,нет продаж 90 дн
oz_acc1,4480823293,Эксперимент1,8.0,нет продаж 90 дн
oz_acc1,4480823330,Эксперимент1,8.0,нет продаж 90 дн
oz_acc1,4480823333,Эксперимент1,8.0,нет продаж 90 дн
oz_acc1,4480823360,от 1000-2000,12.0,нет продаж 90 дн
oz_acc1,4480823360,Эксперимент1,8.0,нет продаж 90 дн
oz_acc1,4480823383,от 5000 до 10000,12.0,нет продаж 90 дн
oz_acc1,4480823383,Эксперимент1,8.0,нет продаж 90 дн
oz_acc1,4480823385,от 1000-2000,12.0,нет продаж 90 дн
oz_acc1,4480823385,Эксперимент1,8.0,нет продаж 90 дн
oz_acc1,4480823409,от 1000-2000,12.0,нет продаж 90 дн
oz_acc1,4480823409,Эксперимент1,8.0,нет продаж 90 дн
oz_acc1,4480823419,от 2000 до 5000,12.0,нет продаж 90 дн
oz_acc1,4480823419,Эксперимент1,8.0,нет продаж 90 дн
oz_acc1,4480823447,Эксперимент1,8.0,нет продаж 90 дн
oz_acc1,4480823506,от 1000-2000,12.0,нет продаж 90 дн
oz_acc1,4480823506,Эксперимент1,8.0,нет продаж 90 дн
oz_acc1,4480823520,от 1000-2000,12.0,нет продаж 90 дн
oz_acc1,4480823520,Эксперимент1,8.0,нет продаж 90 дн
oz_acc1,4480823529,от 1000-2000,12.0,нет продаж 90 дн
oz_acc1,4480823529,Эксперимент1,8.0,нет продаж 90 дн
oz_acc1,4480823559,от 1000-2000,12.0,нет продаж 90 дн
oz_acc1,4480823559,Эксперимент1,8.0,нет продаж 90 дн
oz_acc1,4480823599,от 1000-2000,12.0,нет продаж 90 дн
oz_acc1,4480823599,Эксперимент1,8.0,нет продаж 90 дн
oz_acc1,4480823600,от 1000-2000,12.0,нет продаж 90 дн
oz_acc1,4480823600,Эксперимент1,8.0,нет продаж 90 дн
oz_acc1,4480823643,от 5000 до 10000,12.0,нет продаж 90 дн
oz_acc1,4480823692,от 2000 до 5000,12.0,нет продаж 90 дн
oz_acc1,4480823692,Эксперимент1,8.0,нет продаж 90 дн
oz_acc1,4480823698,от 0 до 1000,10.0,нет продаж 90 дн
oz_acc1,4480823698,Эксперимент1,8.0,нет продаж 90 дн
oz_acc1,4480823726,от 1000-2000,12.0,нет продаж 90 дн
oz_acc1,4480823726,Эксперимент1,8.0,нет продаж 90 дн
oz_acc1,4480823745,Эксперимент1,8.0,нет продаж 90 дн
oz_acc1,4480823755,Эксперимент1,8.0,нет продаж 90 дн
oz_acc1,4480823766,от 1000-2000,12.0,нет продаж 90 дн
oz_acc1,4480823766,Эксперимент1,8.0,нет продаж 90 дн
oz_acc1,4480823809,Эксперимент1,8.0,нет продаж 90 дн
oz_acc1,4480823815,Эксперимент1,8.0,нет продаж 90 дн
oz_acc1,4480823828,от 5000 до 10000,12.0,нет продаж 90 дн
oz_acc1,4480823828,Эксперимент1,8.0,нет продаж 90 дн
oz_acc1,4480823854,от 5000 до 10000,12.0,нет продаж 90 дн
oz_acc1,4480823898,от 1000-2000,12.0,нет продаж 90 дн
oz_acc1,4480823898,Эксперимент1,8.0,нет продаж 90 дн
oz_acc1,4480823914,от 1000-2000,12.0,нет продаж 90 дн
oz_acc1,4480823914,Эксперимент1,8.0,нет продаж 90 дн
oz_acc1,4480823915,от 1000-2000,12.0,нет продаж 90 дн
oz_acc1,4480823915,Эксперимент1,8.0,нет продаж 90 дн
oz_acc1,4480823925,Эксперимент1,8.0,нет продаж 90 дн
oz_acc1,4480823927,Эксперимент1,8.0,нет продаж 90 дн
oz_acc1,4480823941,Эксперимент1,8.0,нет продаж 90 дн
oz_acc1,4480823979,Эксперимент1,8.0,нет продаж 90 дн
oz_acc1,4480824005,от 2000 до 5000,12.0,нет продаж 90 дн
oz_acc1,4480824005,Эксперимент1,8.0,нет продаж 90 дн
oz_acc1,4480824009,от 1000-2000,12.0,нет продаж 90 дн
oz_acc1,4480824009,Эксперимент1,8.0,нет продаж 90 дн
oz_acc1,4480824029,от 0 до 1000,10.0,нет продаж 90 дн
oz_acc1,4480824029,Эксперимент1,8.0,нет продаж 90 дн
oz_acc1,4480824041,Эксперимент1,8.0,нет продаж 90 дн
oz_acc1,4480824051,Эксперимент1,8.0,нет продаж 90 дн
oz_acc1,4480824062,от 0 до 1000,10.0,нет продаж 90 дн
oz_acc1,4480824062,Эксперимент1,8.0,нет продаж 90 дн
oz_acc1,4480824066,от 5000 до 10000,12.0,нет продаж 90 дн
oz_acc1,4480824084,от 1000-2000,12.0,нет продаж 90 дн
oz_acc1,4480824084,Эксперимент1,8.0,нет продаж 90 дн
oz_acc1,4480824115,от 5000 до 10000,12.0,нет продаж 90 дн
oz_acc1,4480824115,Эксперимент1,8.0,нет продаж 90 дн
oz_acc1,4480824216,от 0 до 1000,10.0,нет продаж 90 дн
oz_acc1,4480824216,Эксперимент1,8.0,нет продаж 90 дн
oz_acc1,4480824272,Эксперимент1,8.0,нет продаж 90 дн
oz_acc1,4480824274,от 5000 до 10000,12.0,нет продаж 90 дн
oz_acc1,4480824281,от 2000 до 5000,12.0,нет продаж 90 дн
oz_acc1,4480824281,Эксперимент1,8.0,нет продаж 90 дн
oz_acc1,4480824299,от 1000-2000,12.0,нет продаж 90 дн
oz_acc1,4480824299,Эксперимент1,8.0,нет продаж 90 дн
oz_acc1,4480824309,от 1000-2000,12.0,нет продаж 90 дн
oz_acc1,4480824309,Эксперимент1,8.0,нет продаж 90 дн
oz_acc1,4480824329,от 0 до 1000,10.0,нет продаж 90 дн
oz_acc1,4480824329,Эксперимент1,8.0,нет продаж 90 дн
oz_acc1,4480824330,от 0 до 1000,10.0,нет продаж 90 дн
oz_acc1,4480824330,Эксперимент1,8.0,нет продаж 90 дн
oz_acc1,4480824370,от 1000-2000,12.0,нет продаж 90 дн
oz_acc1,4480824370,Эксперимент1,8.0,нет продаж 90 дн
oz_acc1,4480824383,Эксперимент1,8.0,нет продаж 90 дн
oz_acc1,4480824398,от 5000 до 10000,12.0,нет продаж 90 дн
oz_acc1,4480824398,Эксперимент1,8.0,нет продаж 90 дн
oz_acc1,4480824428,от 2000 до 5000,12.0,нет продаж 90 дн
oz_acc1,4480824428,Эксперимент1,8.0,нет продаж 90 дн
oz_acc1,4480824430,Эксперимент1,8.0,нет продаж 90 дн
oz_acc1,4480824467,Эксперимент1,8.0,нет продаж 90 дн
oz_acc1,4480824476,от 1000-2000,12.0,нет продаж 90 дн
oz_acc1,4480824476,Эксперимент1,8.0,нет продаж 90 дн
oz_acc1,4480824480,от 2000 до 5000,12.0,нет продаж 90 дн
oz_acc1,4480824480,Эксперимент1,8.0,нет продаж 90 дн
oz_acc1,4480824488,от 2000 до 5000,12.0,нет продаж 90 дн
oz_acc1,4480824488,Эксперимент1,8.0,нет продаж 90 дн
oz_acc1,4480824544,Эксперимент1,8.0,нет продаж 90 дн
oz_acc1,4480824545,Эксперимент1,8.0,нет продаж 90 дн
oz_acc1,4480824550,Эксперимент1,8.0,нет продаж 90 дн
oz_acc1,4480824553,от 2000 до 5000,12.0,нет продаж 90 дн
oz_acc1,4480824553,Эксперимент1,8.0,нет продаж 90 дн
oz_acc1,4480824569,от 0 до 1000,10.0,нет продаж 90 дн
oz_acc1,4480824569,Эксперимент1,8.0,нет продаж 90 дн
oz_acc1,4480824607,Эксперимент1,8.0,нет продаж 90 дн
oz_acc1,4480824608,Эксперимент1,8.0,нет продаж 90 дн
oz_acc1,4480824634,от 1000-2000,12.0,нет продаж 90 дн
oz_acc1,4480824634,Эксперимент1,8.0,нет продаж 90 дн
oz_acc1,4480824636,Эксперимент1,8.0,нет продаж 90 дн
oz_acc1,4480824705,от 2000 до 5000,12.0,нет продаж 90 дн
oz_acc1,4480824705,Эксперимент1,8.0,нет продаж 90 дн
oz_acc1,4480824707,Эксперимент1,8.0,нет продаж 90 дн
oz_acc1,4480824711,от 5000 до 10000,12.0,нет продаж 90 дн
oz_acc1,4480824711,Эксперимент1,8.0,нет продаж 90 дн
oz_acc1,4480824722,от 1000-2000,12.0,нет продаж 90 дн
oz_acc1,4480824722,Эксперимент1,8.0,нет продаж 90 дн
oz_acc1,4480824727,Эксперимент1,8.0,нет продаж 90 дн
oz_acc1,4480824776,от 5000 до 10000,12.0,нет продаж 90 дн
oz_acc1,4480824788,Эксперимент1,8.0,нет продаж 90 дн
oz_acc1,4480824846,от 1000-2000,12.0,нет продаж 90 дн
oz_acc1,4480824846,Эксперимент1,8.0,нет продаж 90 дн
oz_acc1,4480824863,Эксперимент1,8.0,нет продаж 90 дн
oz_acc1,4480824864,от 1000-2000,12.0,нет продаж 90 дн
oz_acc1,4480824864,Эксперимент1,8.0,нет продаж 90 дн
oz_acc1,4480824869,от 0 до 1000,10.0,нет продаж 90 дн
oz_acc1,4480824869,Эксперимент1,8.0,нет продаж 90 дн
oz_acc1,4480824921,от 2000 до 5000,12.0,нет продаж 90 дн
oz_acc1,4480824921,Эксперимент1,8.0,нет продаж 90 дн
oz_acc1,4480824981,от 2000 до 5000,12.0,нет продаж 90 дн
oz_acc1,4480824981,Эксперимент1,8.0,нет продаж 90 дн
oz_acc1,4480825016,Эксперимент1,8.0,нет продаж 90 дн
oz_acc1,4480825021,от 2000 до 5000,12.0,нет продаж 90 дн
oz_acc1,4480825021,Эксперимент1,8.0,нет продаж 90 дн
oz_acc1,4480825102,Эксперимент1,8.0,нет продаж 90 дн
oz_acc1,4480825129,Эксперимент1,8.0,нет продаж 90 дн
oz_acc1,4480825149,от 2000 до 5000,12.0,нет продаж 90 дн
oz_acc1,4480825149,Эксперимент1,8.0,нет продаж 90 дн
oz_acc1,4480825165,Эксперимент1,8.0,нет продаж 90 дн
oz_acc1,4480825234,Эксперимент1,8.0,нет продаж 90 дн
oz_acc1,4480825246,Эксперимент1,8.0,нет продаж 90 дн
oz_acc1,4480825255,от 1000-2000,12.0,нет продаж 90 дн
oz_acc1,4480825255,Эксперимент1,8.0,нет продаж 90 дн
oz_acc1,4480825266,от 0 до 1000,10.0,нет продаж 90 дн
oz_acc1,4480825266,Эксперимент1,8.0,нет продаж 90 дн
oz_acc1,4480825306,от 1000-2000,12.0,нет продаж 90 дн
oz_acc1,4480825306,Эксперимент1,8.0,нет продаж 90 дн
oz_acc1,4480825315,от 2000 до 5000,12.0,нет продаж 90 дн
oz_acc1,4480825315,Эксперимент1,8.0,нет продаж 90 дн
oz_acc1,4480825323,от 1000-2000,12.0,нет продаж 90 дн
oz_acc1,4480825323,Эксперимент1,8.0,нет продаж 90 дн
oz_acc1,4480825329,от 2000 до 5000,12.0,нет продаж 90 дн
oz_acc1,4480825329,Эксперимент1,8.0,нет продаж 90 дн
oz_acc1,4480825336,Эксперимент1,8.0,нет продаж 90 дн
oz_acc1,4480825368,от 1000-2000,12.0,нет продаж 90 дн
oz_acc1,4480825368,Эксперимент1,8.0,нет продаж 90 дн
oz_acc1,4480825375,от 1000-2000,12.0,нет продаж 90 дн
oz_acc1,4480825375,Эксперимент1,8.0,нет продаж 90 дн
oz_acc1,4480825380,от 2000 до 5000,12.0,нет продаж 90 дн
oz_acc1,4480825380,Эксперимент1,8.0,нет продаж 90 дн
oz_acc1,4480825392,Эксперимент1,8.0,нет продаж 90 дн
oz_acc1,4480825402,от 1000-2000,12.0,нет продаж 90 дн
oz_acc1,4480825402,Эксперимент1,8.0,нет продаж 90 дн
oz_acc1,4480825425,Эксперимент1,8.0,нет продаж 90 дн
oz_acc1,4480825495,от 5000 до 10000,12.0,нет продаж 90 дн
oz_acc1,4480825495,Эксперимент1,8.0,нет продаж 90 дн
oz_acc1,4480825535,от 2000 до 5000,12.0,нет продаж 90 дн
oz_acc1,4480825535,Эксперимент1,8.0,нет продаж 90 дн
oz_acc1,4480825564,от 1000-2000,12.0,нет продаж 90 дн
oz_acc1,4480825564,Эксперимент1,8.0,нет продаж 90 дн
oz_acc1,4480825581,Эксперимент1,8.0,нет продаж 90 дн
oz_acc1,4480825655,от 5000 до 10000,12.0,нет продаж 90 дн
oz_acc1,4480825655,Эксперимент1,8.0,нет продаж 90 дн
oz_acc1,4480825683,Эксперимент1,8.0,нет продаж 90 дн
oz_acc1,4480825693,от 2000 до 5000,12.0,нет продаж 90 дн
oz_acc1,4480825705,от 1000-2000,12.0,нет продаж 90 дн
oz_acc1,4480825705,Эксперимент1,8.0,нет продаж 90 дн
oz_acc1,4480825741,от 1000-2000,12.0,нет продаж 90 дн
oz_acc1,4480825741,Эксперимент1,8.0,нет продаж 90 дн
oz_acc1,4480825761,Эксперимент1,8.0,нет продаж 90 дн
oz_acc1,4480825764,Эксперимент1,8.0,нет продаж 90 дн
oz_acc1,4480825789,Эксперимент1,8.0,нет продаж 90 дн
oz_acc1,4480825793,Эксперимент1,8.0,нет продаж 90 дн
oz_acc1,4480825796,от 2000 до 5000,12.0,нет продаж 90 дн
oz_acc1,4480825796,Эксперимент1,8.0,нет продаж 90 дн
oz_acc1,4480825845,Эксперимент1,8.0,нет продаж 90 дн
oz_acc1,4480825904,от 1000-2000,12.0,нет продаж 90 дн
oz_acc1,4480825904,Эксперимент1,8.0,нет продаж 90 дн
oz_acc1,4480825913,Эксперимент1,8.0,нет продаж 90 дн
oz_acc1,4480825946,Эксперимент1,8.0,нет продаж 90 дн
oz_acc1,4480825980,от 0 до 1000,10.0,нет продаж 90 дн
oz_acc1,4480825980,Эксперимент1,8.0,нет продаж 90 дн
oz_acc1,4480825999,от 1000-2000,12.0,нет продаж 90 дн
oz_acc1,4480825999,Эксперимент1,8.0,нет продаж 90 дн
oz_acc1,4480826002,от 1000-2000,12.0,нет продаж 90 дн
oz_acc1,4480826002,Эксперимент1,8.0,нет продаж 90 дн
oz_acc1,4480826013,от 2000 до 5000,12.0,нет продаж 90 дн
oz_acc1,4480826013,Эксперимент1,8.0,нет продаж 90 дн
oz_acc1,4480826026,от 1000-2000,12.0,нет продаж 90 дн
oz_acc1,4480826026,Эксперимент1,8.0,нет продаж 90 дн
oz_acc1,4480826087,от 2000 до 5000,12.0,нет продаж 90 дн
oz_acc1,4480826087,Эксперимент1,8.0,нет продаж 90 дн
oz_acc1,4480826089,от 5000 до 10000,12.0,нет продаж 90 дн
oz_acc1,4480826089,Эксперимент1,8.0,нет продаж 90 дн
oz_acc1,4480826104,от 2000 до 5000,12.0,нет продаж 90 дн
oz_acc1,4480826116,Эксперимент1,8.0,нет продаж 90 дн
oz_acc1,4480826127,от 5000 до 10000,12.0,нет продаж 90 дн
oz_acc1,4480826127,Эксперимент1,8.0,нет продаж 90 дн
oz_acc1,4480826129,от 2000 до 5000,12.0,нет продаж 90 дн
oz_acc1,4480826129,Эксперимент1,8.0,нет продаж 90 дн
oz_acc1,4480826137,от 2000 до 5000,12.0,нет продаж 90 дн
oz_acc1,4480826137,Эксперимент1,8.0,нет продаж 90 дн
oz_acc1,4480826156,от 0 до 1000,10.0,нет продаж 90 дн
oz_acc1,4480826156,Эксперимент1,8.0,нет продаж 90 дн
oz_acc1,4480826163,от 2000 до 5000,12.0,нет продаж 90 дн
oz_acc1,4480826163,Эксперимент1,8.0,нет продаж 90 дн
oz_acc1,4480826171,от 0 до 1000,10.0,нет продаж 90 дн
oz_acc1,4480826171,Эксперимент1,8.0,нет продаж 90 дн
oz_acc1,4480826180,Эксперимент1,8.0,нет продаж 90 дн
oz_acc1,4480826191,Эксперимент1,8.0,нет продаж 90 дн
oz_acc1,4480826193,от 2000 до 5000,12.0,нет продаж 90 дн
oz_acc1,4480826193,Эксперимент1,8.0,нет продаж 90 дн
oz_acc1,4480826231,от 0 до 1000,10.0,нет продаж 90 дн
oz_acc1,4480826231,Эксперимент1,8.0,нет продаж 90 дн
oz_acc1,4480826232,Эксперимент1,8.0,нет продаж 90 дн
oz_acc1,4480826278,от 2000 до 5000,12.0,нет продаж 90 дн
oz_acc1,4480826315,Эксперимент1,8.0,нет продаж 90 дн
oz_acc1,4480826319,от 2000 до 5000,12.0,нет продаж 90 дн
oz_acc1,4480826319,Эксперимент1,8.0,нет продаж 90 дн
oz_acc1,4480826320,от 2000 до 5000,12.0,нет продаж 90 дн
oz_acc1,4480826320,Эксперимент1,8.0,нет продаж 90 дн
oz_acc1,4480826323,Эксперимент1,8.0,нет продаж 90 дн
oz_acc1,4480826331,от 5000 до 10000,12.0,нет продаж 90 дн
oz_acc1,4480826331,Эксперимент1,8.0,нет продаж 90 дн
oz_acc1,4480826336,от 1000-2000,12.0,нет продаж 90 дн
oz_acc1,4480826336,Эксперимент1,8.0,нет продаж 90 дн
oz_acc1,4480826338,от 2000 до 5000,12.0,нет продаж 90 дн
oz_acc1,4480826338,Эксперимент1,8.0,нет продаж 90 дн
oz_acc1,4480826341,от 0 до 1000,10.0,нет продаж 90 дн
oz_acc1,4480826341,Эксперимент1,8.0,нет продаж 90 дн
oz_acc1,4480826343,от 5000 до 10000,12.0,нет продаж 90 дн
oz_acc1,4480826374,Эксперимент1,8.0,нет продаж 90 дн
oz_acc1,4480826400,Эксперимент1,8.0,нет продаж 90 дн
oz_acc1,4480826427,от 1000-2000,12.0,нет продаж 90 дн
oz_acc1,4480826427,Эксперимент1,8.0,нет продаж 90 дн
oz_acc1,4480826428,от 2000 до 5000,12.0,нет продаж 90 дн
oz_acc1,4480826428,Эксперимент1,8.0,нет продаж 90 дн
oz_acc1,4480826455,Эксперимент1,8.0,нет продаж 90 дн
oz_acc1,4480826479,от 2000 до 5000,12.0,нет продаж 90 дн
oz_acc1,4480826479,Эксперимент1,8.0,нет продаж 90 дн
oz_acc1,4480826480,Эксперимент1,8.0,нет продаж 90 дн
oz_acc1,4480826508,от 2000 до 5000,12.0,нет продаж 90 дн
oz_acc1,4480826511,Эксперимент1,8.0,нет продаж 90 дн
oz_acc1,4480826522,от 5000 до 10000,12.0,нет продаж 90 дн
oz_acc1,4480826522,Эксперимент1,8.0,нет продаж 90 дн
oz_acc1,4480826524,от 2000 до 5000,12.0,нет продаж 90 дн
oz_acc1,4480826524,Эксперимент1,8.0,нет продаж 90 дн
oz_acc1,4480826526,от 2000 до 5000,12.0,нет продаж 90 дн
oz_acc1,4480826544,Эксперимент1,8.0,нет продаж 90 дн
oz_acc1,4480826551,от 2000 до 5000,12.0,нет продаж 90 дн
oz_acc1,4480826551,Эксперимент1,8.0,нет продаж 90 дн
oz_acc1,4480826591,от 2000 до 5000,12.0,нет продаж 90 дн
oz_acc1,4480826591,Эксперимент1,8.0,нет продаж 90 дн
oz_acc1,4480826594,от 0 до 1000,10.0,нет продаж 90 дн
oz_acc1,4480826602,от 0 до 1000,10.0,нет продаж 90 дн
oz_acc1,4480826602,Эксперимент1,8.0,нет продаж 90 дн
oz_acc1,4480826615,Эксперимент1,8.0,нет продаж 90 дн
oz_acc1,4480826629,от 0 до 1000,10.0,нет продаж 90 дн
oz_acc1,4480826629,Эксперимент1,8.0,нет продаж 90 дн
oz_acc1,4480826651,Эксперимент1,8.0,нет продаж 90 дн
oz_acc1,4480826652,от 0 до 1000,10.0,нет продаж 90 дн
oz_acc1,4480826652,Эксперимент1,8.0,нет продаж 90 дн
oz_acc1,4480826699,от 2000 до 5000,12.0,нет продаж 90 дн
oz_acc1,4480826714,от 5000 до 10000,12.0,нет продаж 90 дн
oz_acc1,4480826714,Эксперимент1,8.0,нет продаж 90 дн
oz_acc1,4480826743,от 2000 до 5000,12.0,нет продаж 90 дн
oz_acc1,4480826743,Эксперимент1,8.0,нет продаж 90 дн
oz_acc1,4480826769,от 0 до 1000,10.0,нет продаж 90 дн
oz_acc1,4480826769,Эксперимент1,8.0,нет продаж 90 дн
oz_acc1,4480826784,Эксперимент1,8.0,нет продаж 90 дн
oz_acc1,4480826788,Эксперимент1,8.0,нет продаж 90 дн
oz_acc1,4480826789,от 1000-2000,12.0,нет продаж 90 дн
oz_acc1,4480826789,Эксперимент1,8.0,нет продаж 90 дн
oz_acc1,4480826796,от 0 до 1000,10.0,нет продаж 90 дн
oz_acc1,4480826796,Эксперимент1,8.0,нет продаж 90 дн
oz_acc1,4480826816,от 2000 до 5000,12.0,нет продаж 90 дн
oz_acc1,4480826816,Эксперимент1,8.0,нет продаж 90 дн
oz_acc1,4480826825,Эксперимент1,8.0,нет продаж 90 дн
oz_acc1,4480826832,от 2000 до 5000,12.0,нет продаж 90 дн
oz_acc1,4480826832,Эксперимент1,8.0,нет продаж 90 дн
oz_acc1,4480826836,Эксперимент1,8.0,нет продаж 90 дн
oz_acc1,4480826846,от 2000 до 5000,12.0,нет продаж 90 дн
oz_acc1,4480826846,Эксперимент1,8.0,нет продаж 90 дн
oz_acc1,4480826850,Эксперимент1,8.0,нет продаж 90 дн
oz_acc1,4480826854,от 0 до 1000,10.0,нет продаж 90 дн
oz_acc1,4480826854,Эксперимент1,8.0,нет продаж 90 дн
oz_acc1,4480826855,от 1000-2000,12.0,нет маржи и нет продаж 90 дн
oz_acc1,4480826855,Эксперимент1,8.0,нет маржи и нет продаж 90 дн
oz_acc1,4480826867,Эксперимент1,8.0,нет продаж 90 дн
oz_acc1,4480826874,Эксперимент1,8.0,нет продаж 90 дн
oz_acc1,4480826884,от 1000-2000,12.0,нет продаж 90 дн
oz_acc1,4480826884,Эксперимент1,8.0,нет продаж 90 дн
oz_acc1,4480826903,Эксперимент1,8.0,нет продаж 90 дн
oz_acc1,4480826909,от 5000 до 10000,12.0,нет продаж 90 дн
oz_acc1,4480826912,от 0 до 1000,10.0,нет продаж 90 дн
oz_acc1,4480826912,Эксперимент1,8.0,нет продаж 90 дн
oz_acc1,4480826937,от 2000 до 5000,12.0,нет продаж 90 дн
oz_acc1,4480826937,Эксперимент1,8.0,нет продаж 90 дн
oz_acc1,4480826941,от 0 до 1000,10.0,нет продаж 90 дн
oz_acc1,4480826941,Эксперимент1,8.0,нет продаж 90 дн
oz_acc1,4480826950,от 0 до 1000,10.0,нет продаж 90 дн
oz_acc1,4480826950,Эксперимент1,8.0,нет продаж 90 дн
oz_acc1,4480826955,от 5000 до 10000,12.0,нет продаж 90 дн
oz_acc1,4480826974,от 0 до 1000,10.0,нет продаж 90 дн
oz_acc1,4480826974,Эксперимент1,8.0,нет продаж 90 дн
oz_acc1,4480826998,от 2000 до 5000,12.0,нет продаж 90 дн
oz_acc1,4480826998,Эксперимент1,8.0,нет продаж 90 дн
oz_acc1,4480827024,Эксперимент1,8.0,нет продаж 90 дн
oz_acc1,4480827062,от 2000 до 5000,12.0,нет продаж 90 дн
oz_acc1,4480827062,Эксперимент1,8.0,нет продаж 90 дн
oz_acc1,4480827069,от 0 до 1000,10.0,нет продаж 90 дн
oz_acc1,4480827069,Эксперимент1,8.0,нет продаж 90 дн
oz_acc1,4480827076,Эксперимент1,8.0,нет продаж 90 дн
oz_acc1,4480827101,Эксперимент1,8.0,нет продаж 90 дн
oz_acc1,4480827105,Эксперимент1,8.0,нет продаж 90 дн
oz_acc1,4480827118,Эксперимент1,8.0,нет продаж 90 дн
oz_acc1,4480827124,от 0 до 1000,10.0,нет продаж 90 дн
oz_acc1,4480827124,Эксперимент1,8.0,нет продаж 90 дн
oz_acc1,4480827142,Эксперимент1,8.0,нет продаж 90 дн
oz_acc1,4480827155,от 2000 до 5000,12.0,нет продаж 90 дн
oz_acc1,4480827159,Эксперимент1,8.0,нет продаж 90 дн
oz_acc1,4480827182,Эксперимент1,8.0,нет продаж 90 дн
oz_acc1,4480827196,от 0 до 1000,10.0,нет продаж 90 дн
oz_acc1,4480827196,Эксперимент1,8.0,нет продаж 90 дн
oz_acc1,4480827224,от 0 до 1000,10.0,нет продаж 90 дн
oz_acc1,4480827224,Эксперимент1,8.0,нет продаж 90 дн
oz_acc1,4480827250,от 0 до 1000,10.0,нет продаж 90 дн
oz_acc1,4480827250,Эксперимент1,8.0,нет продаж 90 дн
oz_acc1,4480827261,Эксперимент1,8.0,нет продаж 90 дн
oz_acc1,4480827291,от 0 до 1000,10.0,нет продаж 90 дн
oz_acc1,4480827321,Эксперимент1,8.0,нет продаж 90 дн
oz_acc1,4480827346,Эксперимент1,8.0,нет продаж 90 дн
oz_acc1,4480827353,Эксперимент1,8.0,нет продаж 90 дн
oz_acc1,4480827373,от 0 до 1000,12.0,нет продаж 90 дн
oz_acc1,4480827373,Эксперимент1,8.0,нет продаж 90 дн
oz_acc1,4480827399,Эксперимент1,8.0,нет продаж 90 дн
oz_acc1,4480827441,от 0 до 1000,10.0,нет продаж 90 дн
oz_acc1,4480827463,от 0 до 1000,10.0,нет продаж 90 дн
oz_acc1,4480827463,Эксперимент1,8.0,нет продаж 90 дн
oz_acc1,4480827473,от 2000 до 5000,12.0,нет продаж 90 дн
oz_acc1,4480827473,Эксперимент1,8.0,нет продаж 90 дн
oz_acc1,4480827476,от 0 до 1000,10.0,нет продаж 90 дн
oz_acc1,4480827476,Эксперимент1,8.0,нет продаж 90 дн
oz_acc1,4480827495,Эксперимент1,8.0,нет продаж 90 дн
oz_acc1,4480827496,Эксперимент1,8.0,нет продаж 90 дн
oz_acc1,4480827498,Эксперимент1,8.0,нет продаж 90 дн
oz_acc1,4480827508,от 0 до 1000,10.0,нет продаж 90 дн
oz_acc1,4480827508,Эксперимент1,8.0,нет продаж 90 дн
oz_acc1,4480827512,от 2000 до 5000,12.0,нет продаж 90 дн
oz_acc1,4480827512,Эксперимент1,8.0,нет продаж 90 дн
oz_acc1,4480827519,от 2000 до 5000,12.0,нет продаж 90 дн
oz_acc1,4480827519,Эксперимент1,8.0,нет продаж 90 дн
oz_acc1,4480827526,от 5000 до 10000,12.0,нет продаж 90 дн
oz_acc1,4480827527,от 0 до 1000,10.0,нет продаж 90 дн
oz_acc1,4480827527,Эксперимент1,8.0,нет продаж 90 дн
oz_acc1,4480827541,Эксперимент1,8.0,нет продаж 90 дн
oz_acc1,4480827571,от 0 до 1000,10.0,нет продаж 90 дн
oz_acc1,4480827571,Эксперимент1,8.0,нет продаж 90 дн
oz_acc1,4480827591,Эксперимент1,8.0,нет продаж 90 дн
oz_acc1,4480827592,Эксперимент1,8.0,нет продаж 90 дн
oz_acc1,4480827604,Эксперимент1,8.0,нет продаж 90 дн
oz_acc1,4480827632,от 0 до 1000,10.0,нет продаж 90 дн
oz_acc1,4480827637,Эксперимент1,8.0,нет продаж 90 дн
oz_acc1,4480827647,Эксперимент1,8.0,нет продаж 90 дн
oz_acc1,4480827649,от 2000 до 5000,12.0,нет продаж 90 дн
oz_acc1,4480827649,Эксперимент1,8.0,нет продаж 90 дн
oz_acc1,4480827673,Эксперимент1,8.0,нет продаж 90 дн
oz_acc1,4480827674,от 0 до 1000,10.0,нет продаж 90 дн
oz_acc1,4480827686,от 2000 до 5000,12.0,нет продаж 90 дн
oz_acc1,4480827690,Эксперимент1,8.0,нет продаж 90 дн
oz_acc1,4480827697,от 0 до 1000,10.0,нет продаж 90 дн
oz_acc1,4480827697,Эксперимент1,8.0,нет продаж 90 дн
oz_acc1,4480827702,от 2000 до 5000,12.0,нет продаж 90 дн
oz_acc1,4480827702,Эксперимент1,8.0,нет продаж 90 дн
oz_acc1,4480827716,от 0 до 1000,10.0,нет продаж 90 дн
oz_acc1,4480827716,Эксперимент1,8.0,нет продаж 90 дн
oz_acc1,4480827722,от 0 до 1000,10.0,нет продаж 90 дн
oz_acc1,4480827722,Эксперимент1,8.0,нет продаж 90 дн
oz_acc1,4480827741,Эксперимент1,8.0,нет продаж 90 дн
oz_acc1,4480827751,от 0 до 1000,10.0,нет продаж 90 дн
oz_acc1,4480827751,Эксперимент1,8.0,нет продаж 90 дн
oz_acc1,4480827785,от 0 до 1000,10.0,нет продаж 90 дн
oz_acc1,4480827785,Эксперимент1,8.0,нет продаж 90 дн
oz_acc1,4480827811,от 0 до 1000,10.0,нет продаж 90 дн
oz_acc1,4480827811,Эксперимент1,8.0,нет продаж 90 дн
oz_acc1,4480827820,Эксперимент1,8.0,нет продаж 90 дн
oz_acc1,4480827835,от 0 до 1000,10.0,нет продаж 90 дн
oz_acc1,4480827850,Эксперимент1,8.0,нет продаж 90 дн
oz_acc1,4480827862,от 0 до 1000,10.0,нет продаж 90 дн
oz_acc1,4480827880,от 0 до 1000,10.0,нет продаж 90 дн
oz_acc1,4480827889,от 0 до 1000,10.0,нет продаж 90 дн
oz_acc1,4480827889,Эксперимент1,8.0,нет продаж 90 дн
oz_acc1,4480827896,Эксперимент1,8.0,нет продаж 90 дн
oz_acc1,4480827897,от 0 до 1000,10.0,нет продаж 90 дн
oz_acc1,4480827897,Эксперимент1,8.0,нет продаж 90 дн
oz_acc1,4480827924,от 0 до 1000,10.0,нет продаж 90 дн
oz_acc1,4480827924,Эксперимент1,8.0,нет продаж 90 дн
oz_acc1,4480827935,от 0 до 1000,10.0,нет продаж 90 дн
oz_acc1,4480827935,Эксперимент1,8.0,нет продаж 90 дн
oz_acc1,4480827938,от 1000-2000,12.0,нет продаж 90 дн
oz_acc1,4480827938,Эксперимент1,8.0,нет продаж 90 дн
oz_acc1,4480827961,Эксперимент1,8.0,нет продаж 90 дн
oz_acc1,4480827965,от 1000-2000,12.0,нет продаж 90 дн
oz_acc1,4480827965,Эксперимент1,8.0,нет продаж 90 дн
oz_acc1,4480827994,от 5000 до 10000,12.0,нет продаж 90 дн
oz_acc1,4480828000,от 0 до 1000,10.0,нет продаж 90 дн
oz_acc1,4480828000,Эксперимент1,8.0,нет продаж 90 дн
oz_acc1,4480828029,Эксперимент1,8.0,нет продаж 90 дн
oz_acc1,4480828031,от 0 до 1000,10.0,нет продаж 90 дн
oz_acc1,4480828031,Эксперимент1,8.0,нет продаж 90 дн
oz_acc1,4480828046,Эксперимент1,8.0,нет продаж 90 дн
oz_acc1,4480828048,от 0 до 1000,10.0,нет продаж 90 дн
oz_acc1,4480828048,Эксперимент1,8.0,нет продаж 90 дн
oz_acc1,4480828084,от 0 до 1000,10.0,нет продаж 90 дн
oz_acc1,4480828084,Эксперимент1,8.0,нет продаж 90 дн
oz_acc1,4480828117,Эксперимент1,8.0,нет продаж 90 дн
oz_acc1,4480828126,Эксперимент1,8.0,нет продаж 90 дн
oz_acc1,4480828167,от 0 до 1000,10.0,нет продаж 90 дн
oz_acc1,4480828167,Эксперимент1,8.0,нет продаж 90 дн
oz_acc1,4480828179,Эксперимент1,8.0,нет продаж 90 дн
oz_acc1,4480828194,от 2000 до 5000,12.0,нет продаж 90 дн
oz_acc1,4480828194,Эксперимент1,8.0,нет продаж 90 дн
oz_acc1,4480828217,от 1000-2000,12.0,нет продаж 90 дн
oz_acc1,4480828217,Эксперимент1,8.0,нет продаж 90 дн
oz_acc1,4480828220,Эксперимент1,8.0,нет продаж 90 дн
oz_acc1,4480828229,от 0 до 1000,10.0,нет продаж 90 дн
oz_acc1,4480828229,Эксперимент1,8.0,нет продаж 90 дн
oz_acc1,4480828235,от 0 до 1000,10.0,нет продаж 90 дн
oz_acc1,4480828235,Эксперимент1,8.0,нет продаж 90 дн
oz_acc1,4480828242,Эксперимент1,8.0,нет продаж 90 дн
oz_acc1,4480828261,Эксперимент1,8.0,нет продаж 90 дн
oz_acc1,4480828265,Эксперимент1,8.0,нет продаж 90 дн
oz_acc1,4480828271,от 0 до 1000,10.0,нет продаж 90 дн
oz_acc1,4480828271,Эксперимент1,8.0,нет продаж 90 дн
oz_acc1,4480828281,от 2000 до 5000,12.0,нет продаж 90 дн
oz_acc1,4480828281,Эксперимент1,8.0,нет продаж 90 дн
oz_acc1,4480828291,от 2000 до 5000,12.0,нет продаж 90 дн
oz_acc1,4480828292,от 5000 до 10000,12.0,нет продаж 90 дн
oz_acc1,4480828302,от 0 до 1000,10.0,нет продаж 90 дн
oz_acc1,4480828302,Эксперимент1,8.0,нет продаж 90 дн
oz_acc1,4480828333,от 0 до 1000,10.0,нет продаж 90 дн
oz_acc1,4480828333,Эксперимент1,8.0,нет продаж 90 дн
oz_acc1,4480828340,Эксперимент1,8.0,нет продаж 90 дн
oz_acc1,4480828353,от 0 до 1000,10.0,нет продаж 90 дн
oz_acc1,4480828353,Эксперимент1,8.0,нет продаж 90 дн
oz_acc1,4480828379,Эксперимент1,8.0,нет продаж 90 дн
oz_acc1,4480828383,Эксперимент1,8.0,нет продаж 90 дн
oz_acc1,4480828416,Эксперимент1,8.0,нет продаж 90 дн
oz_acc1,4480828452,от 1000-2000,12.0,нет продаж 90 дн
oz_acc1,4480828452,Эксперимент1,8.0,нет продаж 90 дн
oz_acc1,4480828454,Эксперимент1,8.0,нет продаж 90 дн
oz_acc1,4480828459,Эксперимент1,8.0,нет продаж 90 дн
oz_acc1,4480828463,Эксперимент1,8.0,нет продаж 90 дн
oz_acc1,4480828468,от 2000 до 5000,12.0,нет продаж 90 дн
oz_acc1,4480828468,Эксперимент1,8.0,нет продаж 90 дн
oz_acc1,4480828477,Эксперимент1,8.0,нет продаж 90 дн
oz_acc1,4480828491,Эксперимент1,8.0,нет продаж 90 дн
oz_acc1,4480828500,от 0 до 1000,10.0,нет продаж 90 дн
oz_acc1,4480828500,Эксперимент1,8.0,нет продаж 90 дн
oz_acc1,4480828515,Эксперимент1,8.0,нет продаж 90 дн
oz_acc1,4480828520,Эксперимент1,8.0,нет продаж 90 дн
oz_acc1,4480828663,Эксперимент1,8.0,нет продаж 90 дн
oz_acc1,4480828684,Эксперимент1,8.0,нет продаж 90 дн
oz_acc1,4480828697,Эксперимент1,8.0,нет продаж 90 дн
oz_acc1,4480828702,Эксперимент1,8.0,нет продаж 90 дн
oz_acc1,4480828751,от 2000 до 5000,12.0,нет продаж 90 дн
oz_acc1,4480828751,Эксперимент1,8.0,нет продаж 90 дн
oz_acc1,4480828752,Эксперимент1,8.0,нет продаж 90 дн
oz_acc1,4480828779,от 2000 до 5000,12.0,нет продаж 90 дн
oz_acc1,4480828788,от 1000-2000,12.0,нет продаж 90 дн
oz_acc1,4480828834,Эксперимент1,8.0,нет продаж 90 дн
oz_acc1,4480828843,Эксперимент1,8.0,нет продаж 90 дн
oz_acc1,4480828874,от 2000 до 5000,12.0,нет продаж 90 дн
oz_acc1,4480828893,Эксперимент1,8.0,нет продаж 90 дн
oz_acc1,4480828896,Эксперимент1,8.0,нет продаж 90 дн
oz_acc1,4480828915,от 2000 до 5000,12.0,нет продаж 90 дн
oz_acc1,4480828915,Эксперимент1,8.0,нет продаж 90 дн
oz_acc1,4480828958,от 1000-2000,12.0,нет продаж 90 дн
oz_acc1,4480828990,Эксперимент1,8.0,нет продаж 90 дн
oz_acc1,4480828992,от 0 до 1000,10.0,нет продаж 90 дн
oz_acc1,4480828992,Эксперимент1,8.0,нет продаж 90 дн
oz_acc1,4480829042,Эксперимент1,8.0,нет продаж 90 дн
oz_acc1,4480829072,от 1000-2000,12.0,нет продаж 90 дн
oz_acc1,4480829072,Эксперимент1,8.0,нет продаж 90 дн
oz_acc1,4480829091,Эксперимент1,8.0,нет продаж 90 дн
oz_acc1,4480829107,от 0 до 1000,10.0,нет продаж 90 дн
oz_acc1,4480829107,Эксперимент1,8.0,нет продаж 90 дн
oz_acc1,4480829169,от 0 до 1000,10.0,нет продаж 90 дн
oz_acc1,4480829169,Эксперимент1,8.0,нет продаж 90 дн
oz_acc1,4480829170,Эксперимент1,8.0,нет продаж 90 дн
oz_acc1,4480829171,Эксперимент1,8.0,нет продаж 90 дн
oz_acc1,4480829239,Эксперимент1,8.0,нет продаж 90 дн
oz_acc1,4480829298,Эксперимент1,8.0,нет продаж 90 дн
oz_acc1,4480829301,Эксперимент1,8.0,нет продаж 90 дн
oz_acc1,4480829326,от 2000 до 5000,12.0,нет продаж 90 дн
oz_acc1,4480829359,Эксперимент1,8.0,нет продаж 90 дн
oz_acc1,4480829395,от 2000 до 5000,12.0,нет продаж 90 дн
oz_acc1,4480829395,Эксперимент1,8.0,нет продаж 90 дн
oz_acc1,4480829401,Эксперимент1,8.0,нет продаж 90 дн
oz_acc1,4480829403,Эксперимент1,8.0,нет продаж 90 дн
oz_acc1,4480829425,Эксперимент1,8.0,нет продаж 90 дн
oz_acc1,4480829481,Эксперимент1,8.0,нет продаж 90 дн
oz_acc1,4480829482,от 2000 до 5000,12.0,нет продаж 90 дн
oz_acc1,4480829486,от 5000 до 10000,12.0,нет продаж 90 дн
oz_acc1,4480829499,Эксперимент1,8.0,нет продаж 90 дн
oz_acc1,4480829519,Эксперимент1,8.0,нет продаж 90 дн
oz_acc1,4480829550,от 2000 до 5000,12.0,нет продаж 90 дн
oz_acc1,4480829605,Эксперимент1,8.0,нет продаж 90 дн
oz_acc1,4480829616,Эксперимент1,8.0,нет продаж 90 дн
oz_acc1,4480829650,Эксперимент1,8.0,нет продаж 90 дн
oz_acc1,4480829654,от 1000-2000,12.0,нет продаж 90 дн
oz_acc1,4480829654,Эксперимент1,8.0,нет продаж 90 дн
oz_acc1,4480829687,Эксперимент1,8.0,нет продаж 90 дн
oz_acc1,4480829713,Эксперимент1,8.0,нет продаж 90 дн
oz_acc1,4480829742,Эксперимент1,8.0,нет продаж 90 дн
oz_acc1,4480829759,от 2000 до 5000,12.0,нет продаж 90 дн
oz_acc1,4480829772,от 5000 до 10000,12.0,нет продаж 90 дн
oz_acc1,4480829811,Эксперимент1,8.0,нет продаж 90 дн
oz_acc1,4480829836,Эксперимент1,8.0,нет продаж 90 дн
oz_acc1,4480829851,Эксперимент1,8.0,нет продаж 90 дн
oz_acc1,4480829892,от 2000 до 5000,12.0,нет продаж 90 дн
oz_acc1,4480829892,Эксперимент1,8.0,нет продаж 90 дн
oz_acc1,4480830181,Эксперимент1,8.0,нет продаж 90 дн
oz_acc1,4480830256,Эксперимент1,8.0,нет продаж 90 дн
oz_acc1,4480830261,Эксперимент1,8.0,нет продаж 90 дн
oz_acc1,4480830432,Эксперимент1,8.0,нет продаж 90 дн
oz_acc1,4480830566,Эксперимент1,8.0,нет продаж 90 дн
oz_acc1,4480830580,от 5000 до 10000,12.0,нет продаж 90 дн
oz_acc1,4480830582,Эксперимент1,8.0,нет продаж 90 дн
oz_acc1,4480830770,Эксперимент1,8.0,нет продаж 90 дн
oz_acc1,4480830776,от 1000-2000,12.0,нет продаж 90 дн
oz_acc1,4480830776,Эксперимент1,8.0,нет продаж 90 дн
oz_acc1,4480831192,от 2000 до 5000,12.0,нет продаж 90 дн
oz_acc1,4480831192,Эксперимент1,8.0,нет продаж 90 дн
oz_acc1,4480831289,от 0 до 1000,12.0,нет продаж 90 дн
oz_acc1,4480831289,Эксперимент1,8.0,нет продаж 90 дн
oz_acc1,4480831624,от 1000-2000,12.0,нет продаж 90 дн
oz_acc1,4480831624,Эксперимент1,8.0,нет продаж 90 дн
oz_acc1,4480832189,от 5000 до 10000,12.0,нет продаж 90 дн
oz_acc1,4480832189,Эксперимент1,8.0,нет продаж 90 дн
oz_acc1,4480832921,от 0 до 1000,12.0,нет продаж 90 дн
oz_acc1,4480832921,Эксперимент1,8.0,нет продаж 90 дн
oz_acc1,4480841180,Эксперимент1,8.0,нет продаж 90 дн
oz_acc1,4480842121,от 2000 до 5000,12.0,нет продаж 90 дн
oz_acc1,4480842121,Эксперимент1,8.0,нет продаж 90 дн
oz_acc1,4480848003,от 1000-2000,12.0,нет продаж 90 дн
oz_acc1,4480848003,Эксперимент1,8.0,нет продаж 90 дн
oz_acc1,4480849224,от 1000-2000,12.0,нет продаж 90 дн
oz_acc1,4480849224,Эксперимент1,8.0,нет продаж 90 дн
oz_acc1,4481050542,от 2000 до 5000,12.0,нет продаж 90 дн
oz_acc1,4481050586,от 2000 до 5000,12.0,нет продаж 90 дн
oz_acc1,4481050982,от 2000 до 5000,12.0,нет продаж 90 дн
oz_acc1,4481050982,Эксперимент1,8.0,нет продаж 90 дн
oz_acc1,4481051627,от 2000 до 5000,12.0,нет продаж 90 дн
oz_acc1,4481051627,Эксперимент1,8.0,нет продаж 90 дн
oz_acc1,4481051826,от 2000 до 5000,12.0,нет продаж 90 дн
oz_acc1,4481051826,Эксперимент1,8.0,нет продаж 90 дн
oz_acc1,4481052121,от 2000 до 5000,12.0,нет продаж 90 дн
oz_acc1,4481052199,от 2000 до 5000,12.0,нет продаж 90 дн
oz_acc1,4481052199,Эксперимент1,8.0,нет продаж 90 дн
oz_acc1,4481052261,от 5000 до 10000,12.0,нет продаж 90 дн
oz_acc1,4481052261,Эксперимент1,8.0,нет продаж 90 дн
oz_acc1,4481052400,Эксперимент1,8.0,нет продаж 90 дн
oz_acc1,4481052411,от 2000 до 5000,12.0,нет продаж 90 дн
oz_acc1,4481052411,Эксперимент1,8.0,нет продаж 90 дн
oz_acc1,4481052477,Эксперимент1,8.0,нет продаж 90 дн
oz_acc1,4481052627,Эксперимент1,8.0,нет продаж 90 дн
oz_acc1,4481052882,от 5000 до 10000,12.0,нет продаж 90 дн
oz_acc1,4481052882,Эксперимент1,8.0,нет продаж 90 дн
oz_acc1,4481052931,от 2000 до 5000,12.0,нет продаж 90 дн
oz_acc1,4481052931,Эксперимент1,8.0,нет продаж 90 дн
oz_acc1,4481053267,от 5000 до 10000,12.0,нет продаж 90 дн
oz_acc1,4481053267,Эксперимент1,8.0,нет продаж 90 дн
oz_acc1,4481053330,от 2000 до 5000,12.0,нет продаж 90 дн
oz_acc1,4481053330,Эксперимент1,8.0,нет продаж 90 дн
oz_acc1,4481053378,Эксперимент1,8.0,нет продаж 90 дн
oz_acc1,4481053408,от 2000 до 5000,12.0,нет продаж 90 дн
oz_acc1,4481053441,от 5000 до 10000,12.0,нет продаж 90 дн
oz_acc1,4481053462,Эксперимент1,8.0,нет продаж 90 дн
oz_acc1,4481053477,Эксперимент1,8.0,нет продаж 90 дн
oz_acc1,4481053481,от 5000 до 10000,12.0,нет продаж 90 дн
oz_acc1,4481053506,от 5000 до 10000,12.0,нет продаж 90 дн
oz_acc1,4481053506,Эксперимент1,8.0,нет продаж 90 дн
oz_acc1,4481053508,от 2000 до 5000,12.0,нет продаж 90 дн
oz_acc1,4481053508,Эксперимент1,8.0,нет продаж 90 дн
oz_acc1,4481053556,от 2000 до 5000,12.0,нет продаж 90 дн
oz_acc1,4481053556,Эксперимент1,8.0,нет продаж 90 дн
oz_acc1,4481053580,Эксперимент1,8.0,нет продаж 90 дн
oz_acc1,4481053606,от 2000 до 5000,12.0,нет продаж 90 дн
oz_acc1,4481053606,Эксперимент1,8.0,нет продаж 90 дн
oz_acc1,4481053627,от 2000 до 5000,12.0,нет продаж 90 дн
oz_acc1,4481053627,Эксперимент1,8.0,нет продаж 90 дн
oz_acc1,4481053650,от 5000 до 10000,12.0,нет продаж 90 дн
oz_acc1,4481053701,от 5000 до 10000,12.0,нет продаж 90 дн
oz_acc1,4481053701,Эксперимент1,8.0,нет продаж 90 дн
oz_acc1,4481053725,Эксперимент1,8.0,нет продаж 90 дн
oz_acc1,4481053738,от 2000 до 5000,12.0,нет продаж 90 дн
oz_acc1,4481053738,Эксперимент1,8.0,нет продаж 90 дн
oz_acc1,4481053743,от 5000 до 10000,12.0,нет продаж 90 дн
oz_acc1,4481053805,от 5000 до 10000,12.0,нет продаж 90 дн
oz_acc1,4481053805,Эксперимент1,8.0,нет продаж 90 дн
oz_acc1,4481053821,от 5000 до 10000,12.0,нет продаж 90 дн
oz_acc1,4481053821,Эксперимент1,8.0,нет продаж 90 дн
oz_acc1,4481053895,Эксперимент1,8.0,нет продаж 90 дн
oz_acc1,4481054020,Эксперимент1,8.0,нет продаж 90 дн
oz_acc1,4481054042,Эксперимент1,8.0,нет продаж 90 дн
oz_acc1,4481054074,Эксперимент1,8.0,нет продаж 90 дн
oz_acc1,4481054130,Эксперимент1,8.0,нет продаж 90 дн
oz_acc1,4481054132,от 2000 до 5000,12.0,нет продаж 90 дн
oz_acc1,4481054132,Эксперимент1,8.0,нет продаж 90 дн
oz_acc1,4481054133,Эксперимент1,8.0,нет продаж 90 дн
oz_acc1,4481054135,Эксперимент1,8.0,нет продаж 90 дн
oz_acc1,4481054155,от 2000 до 5000,12.0,нет продаж 90 дн
oz_acc1,4481054155,Эксперимент1,8.0,нет продаж 90 дн
oz_acc1,4481054199,от 5000 до 10000,12.0,нет продаж 90 дн
oz_acc1,4481054199,Эксперимент1,8.0,нет продаж 90 дн
oz_acc1,4481054216,от 2000 до 5000,12.0,нет продаж 90 дн
oz_acc1,4481054216,Эксперимент1,8.0,нет продаж 90 дн
oz_acc1,4481054223,Эксперимент1,8.0,нет продаж 90 дн
oz_acc1,4481054263,от 2000 до 5000,12.0,нет продаж 90 дн
oz_acc1,4481054263,Эксперимент1,8.0,нет продаж 90 дн
oz_acc1,4481054265,от 5000 до 10000,12.0,нет продаж 90 дн
oz_acc1,4481054265,Эксперимент1,8.0,нет продаж 90 дн
oz_acc1,4481054301,от 2000 до 5000,12.0,нет продаж 90 дн
oz_acc1,4481054301,Эксперимент1,8.0,нет продаж 90 дн
oz_acc1,4481054303,от 5000 до 10000,12.0,нет продаж 90 дн
oz_acc1,4481054303,Эксперимент1,8.0,нет продаж 90 дн
oz_acc1,4481054341,от 2000 до 5000,12.0,нет продаж 90 дн
oz_acc1,4481054341,Эксперимент1,8.0,нет продаж 90 дн
oz_acc1,4481054375,от 5000 до 10000,12.0,нет продаж 90 дн
oz_acc1,4481054375,Эксперимент1,8.0,нет продаж 90 дн
oz_acc1,4481054389,Эксперимент1,8.0,нет продаж 90 дн
oz_acc1,4481054476,от 2000 до 5000,12.0,нет продаж 90 дн
oz_acc1,4481054481,от 2000 до 5000,12.0,нет продаж 90 дн
oz_acc1,4481054481,Эксперимент1,8.0,нет продаж 90 дн
oz_acc1,4481054582,от 5000 до 10000,12.0,нет продаж 90 дн
oz_acc1,4481054582,Эксперимент1,8.0,нет продаж 90 дн
oz_acc1,4481054585,Эксперимент1,8.0,нет маржи и нет продаж 90 дн
oz_acc1,4481054622,от 2000 до 5000,12.0,нет продаж 90 дн
oz_acc1,4481054622,Эксперимент1,8.0,нет продаж 90 дн
oz_acc1,4481054628,от 5000 до 10000,12.0,нет продаж 90 дн
oz_acc1,4481054628,Эксперимент1,8.0,нет продаж 90 дн
oz_acc1,4481054652,от 2000 до 5000,12.0,нет продаж 90 дн
oz_acc1,4481054652,Эксперимент1,8.0,нет продаж 90 дн
oz_acc1,4481054658,от 2000 до 5000,12.0,нет продаж 90 дн
oz_acc1,4481054658,Эксперимент1,8.0,нет продаж 90 дн
oz_acc1,4481054675,от 2000 до 5000,12.0,нет продаж 90 дн
oz_acc1,4481054675,Эксперимент1,8.0,нет продаж 90 дн
oz_acc1,4481054694,от 2000 до 5000,12.0,нет продаж 90 дн
oz_acc1,4481054694,Эксперимент1,8.0,нет продаж 90 дн
oz_acc1,4481054710,Эксперимент1,8.0,нет продаж 90 дн
oz_acc1,4481054725,Эксперимент1,8.0,нет продаж 90 дн
oz_acc1,4481054731,Эксперимент1,8.0,нет маржи и нет продаж 90 дн
oz_acc1,4481054782,от 5000 до 10000,12.0,нет продаж 90 дн
oz_acc1,4481054782,Эксперимент1,8.0,нет продаж 90 дн
oz_acc1,4481054787,от 2000 до 5000,12.0,нет продаж 90 дн
oz_acc1,4481054787,Эксперимент1,8.0,нет продаж 90 дн
oz_acc1,4481054801,Эксперимент1,8.0,нет продаж 90 дн
oz_acc1,4481054850,Эксперимент1,8.0,нет продаж 90 дн
oz_acc1,4481054883,от 2000 до 5000,12.0,нет продаж 90 дн
oz_acc1,4481054883,Эксперимент1,8.0,нет продаж 90 дн
oz_acc1,4481054917,Эксперимент1,8.0,нет продаж 90 дн
oz_acc1,4481054929,от 5000 до 10000,12.0,нет продаж 90 дн
oz_acc1,4481054929,Эксперимент1,8.0,нет продаж 90 дн
oz_acc1,4481054931,от 2000 до 5000,12.0,нет продаж 90 дн
oz_acc1,4481054937,от 2000 до 5000,12.0,нет продаж 90 дн
oz_acc1,4481054937,Эксперимент1,8.0,нет продаж 90 дн
oz_acc1,4481054940,Эксперимент1,8.0,нет продаж 90 дн
oz_acc1,4481054972,Эксперимент1,8.0,нет продаж 90 дн
oz_acc1,4481054985,от 2000 до 5000,12.0,нет продаж 90 дн
oz_acc1,4481054985,Эксперимент1,8.0,нет продаж 90 дн
oz_acc1,4481055027,от 5000 до 10000,12.0,нет продаж 90 дн
oz_acc1,4481055027,Эксперимент1,8.0,нет продаж 90 дн
oz_acc1,4481055142,от 2000 до 5000,12.0,нет продаж 90 дн
oz_acc1,4481055200,от 2000 до 5000,12.0,нет продаж 90 дн
oz_acc1,4481055200,Эксперимент1,8.0,нет продаж 90 дн
oz_acc1,4481055212,от 5000 до 10000,12.0,нет продаж 90 дн
oz_acc1,4481055212,Эксперимент1,8.0,нет продаж 90 дн
oz_acc1,4481055252,Эксперимент1,8.0,нет продаж 90 дн
oz_acc1,4481055283,от 5000 до 10000,12.0,нет продаж 90 дн
oz_acc1,4481055283,Эксперимент1,8.0,нет продаж 90 дн
oz_acc1,4481055302,от 2000 до 5000,12.0,нет продаж 90 дн
oz_acc1,4481055303,от 5000 до 10000,12.0,нет продаж 90 дн
oz_acc1,4481055303,Эксперимент1,8.0,нет продаж 90 дн
oz_acc1,4481055305,от 5000 до 10000,12.0,нет продаж 90 дн
oz_acc1,4481055305,Эксперимент1,8.0,нет продаж 90 дн
oz_acc1,4481055307,от 5000 до 10000,12.0,нет продаж 90 дн
oz_acc1,4481055307,Эксперимент1,8.0,нет продаж 90 дн
oz_acc1,4481055324,Эксперимент1,8.0,нет продаж 90 дн
oz_acc1,4481055336,от 2000 до 5000,12.0,нет продаж 90 дн
oz_acc1,4481055336,Эксперимент1,8.0,нет продаж 90 дн
oz_acc1,4481055390,от 5000 до 10000,12.0,нет продаж 90 дн
oz_acc1,4481055390,Эксперимент1,8.0,нет продаж 90 дн
oz_acc1,4481055407,от 2000 до 5000,12.0,нет продаж 90 дн
oz_acc1,4481055407,Эксперимент1,8.0,нет продаж 90 дн
oz_acc1,4481055477,от 5000 до 10000,12.0,нет продаж 90 дн
oz_acc1,4481055481,от 2000 до 5000,12.0,нет продаж 90 дн
oz_acc1,4481055481,Эксперимент1,8.0,нет продаж 90 дн
oz_acc1,4481055486,Эксперимент1,8.0,нет продаж 90 дн
oz_acc1,4481055495,Эксперимент1,8.0,нет продаж 90 дн
oz_acc1,4481055525,от 5000 до 10000,12.0,нет продаж 90 дн
oz_acc1,4481055533,Эксперимент1,8.0,нет продаж 90 дн
oz_acc1,4481055596,Эксперимент1,8.0,нет продаж 90 дн
oz_acc1,4481055614,от 2000 до 5000,12.0,нет продаж 90 дн
oz_acc1,4481055614,Эксперимент1,8.0,нет продаж 90 дн
oz_acc1,4481055663,от 5000 до 10000,12.0,нет продаж 90 дн
oz_acc1,4481055663,Эксперимент1,8.0,нет продаж 90 дн
oz_acc1,4481055684,Эксперимент1,8.0,нет продаж 90 дн
oz_acc1,4481055717,Эксперимент1,8.0,нет продаж 90 дн
oz_acc1,4481055727,Эксперимент1,8.0,нет продаж 90 дн
oz_acc1,4481055770,от 1000-2000,12.0,нет продаж 90 дн
oz_acc1,4481055770,Эксперимент1,8.0,нет продаж 90 дн
oz_acc1,4481055808,Эксперимент1,8.0,нет продаж 90 дн
oz_acc1,4481055841,от 2000 до 5000,12.0,нет продаж 90 дн
oz_acc1,4481055841,Эксперимент1,8.0,нет продаж 90 дн
oz_acc1,4481055877,Эксперимент1,8.0,нет маржи и нет продаж 90 дн
oz_acc1,4481055888,от 2000 до 5000,12.0,нет продаж 90 дн
oz_acc1,4481055888,Эксперимент1,8.0,нет продаж 90 дн
oz_acc1,4481055920,от 5000 до 10000,12.0,нет продаж 90 дн
oz_acc1,4481055954,Эксперимент1,8.0,нет продаж 90 дн
oz_acc1,4481055957,от 5000 до 10000,12.0,нет продаж 90 дн
oz_acc1,4481055997,Эксперимент1,8.0,нет продаж 90 дн
oz_acc1,4481056010,от 2000 до 5000,12.0,нет продаж 90 дн
oz_acc1,4481056010,Эксперимент1,8.0,нет продаж 90 дн
oz_acc1,4481056037,от 2000 до 5000,12.0,нет продаж 90 дн
oz_acc1,4481056156,от 2000 до 5000,12.0,нет продаж 90 дн
oz_acc1,4481056168,Эксперимент1,8.0,нет продаж 90 дн
oz_acc1,4481056186,от 5000 до 10000,12.0,нет продаж 90 дн
oz_acc1,4481056186,Эксперимент1,8.0,нет продаж 90 дн
oz_acc1,4481056308,от 5000 до 10000,12.0,нет продаж 90 дн
oz_acc1,4481056327,Эксперимент1,8.0,нет продаж 90 дн
oz_acc1,4481056349,Эксперимент1,8.0,нет продаж 90 дн
oz_acc1,4481056382,Эксперимент1,8.0,нет продаж 90 дн
oz_acc1,4481056401,от 2000 до 5000,12.0,нет продаж 90 дн
oz_acc1,4481056401,Эксперимент1,8.0,нет продаж 90 дн
oz_acc1,4481056412,Эксперимент1,8.0,нет продаж 90 дн
oz_acc1,4481056433,от 5000 до 10000,12.0,нет продаж 90 дн
oz_acc1,4481057042,Эксперимент1,8.0,нет продаж 90 дн
oz_acc1,4481057754,Эксперимент1,8.0,нет продаж 90 дн
oz_acc1,4481059416,от 2000 до 5000,12.0,нет продаж 90 дн
oz_acc1,4481060990,Эксперимент1,8.0,нет продаж 90 дн
oz_acc1,4481061022,Эксперимент1,8.0,нет продаж 90 дн
oz_acc1,4481061039,Эксперимент1,8.0,нет продаж 90 дн
oz_acc1,4481061496,Эксперимент1,8.0,нет продаж 90 дн
oz_acc1,4481061508,от 1000-2000,12.0,нет продаж 90 дн
oz_acc1,4481061508,Эксперимент1,8.0,нет продаж 90 дн
oz_acc1,4481061509,Эксперимент1,8.0,нет продаж 90 дн
oz_acc1,4481062190,Эксперимент1,8.0,нет продаж 90 дн
oz_acc1,4481062200,Эксперимент1,8.0,нет продаж 90 дн
oz_acc1,4481062232,от 5000 до 10000,12.0,нет продаж 90 дн
oz_acc1,4481062278,Эксперимент1,8.0,нет продаж 90 дн
oz_acc1,4481062345,Эксперимент1,8.0,нет продаж 90 дн
oz_acc1,4481062357,Эксперимент1,8.0,нет продаж 90 дн
oz_acc1,4481062394,Эксперимент1,8.0,нет продаж 90 дн
oz_acc1,4481062398,Эксперимент1,8.0,нет продаж 90 дн
oz_acc1,4481062452,от 0 до 1000,10.0,нет продаж 90 дн
oz_acc1,4481062452,Эксперимент1,8.0,нет продаж 90 дн
oz_acc1,4481062466,от 2000 до 5000,12.0,нет продаж 90 дн
oz_acc1,4481062466,Эксперимент1,8.0,нет продаж 90 дн
oz_acc1,4481062513,от 1000-2000,12.0,нет продаж 90 дн
oz_acc1,4481062513,Эксперимент1,8.0,нет продаж 90 дн
oz_acc1,4481062583,Эксперимент1,8.0,нет продаж 90 дн
oz_acc1,4481062736,Эксперимент1,8.0,нет продаж 90 дн
oz_acc1,4481062767,Эксперимент1,8.0,нет продаж 90 дн
oz_acc1,4481062854,от 1000-2000,12.0,нет продаж 90 дн
oz_acc1,4481062854,Эксперимент1,8.0,нет продаж 90 дн
oz_acc1,4481062863,Эксперимент1,8.0,нет продаж 90 дн
oz_acc1,4481062889,Эксперимент1,8.0,нет продаж 90 дн
oz_acc1,4481062891,Эксперимент1,8.0,нет продаж 90 дн
oz_acc1,4481062904,от 2000 до 5000,12.0,нет продаж 90 дн
oz_acc1,4481062904,Эксперимент1,8.0,нет продаж 90 дн
oz_acc1,4481062964,Эксперимент1,8.0,нет продаж 90 дн
oz_acc1,4481062999,от 2000 до 5000,12.0,нет продаж 90 дн
oz_acc1,4481062999,Эксперимент1,8.0,нет продаж 90 дн
oz_acc1,4481063024,Эксперимент1,8.0,нет продаж 90 дн
oz_acc1,4481063057,от 1000-2000,12.0,нет продаж 90 дн
oz_acc1,4481063057,Эксперимент1,8.0,нет продаж 90 дн
oz_acc1,4481063214,от 2000 до 5000,12.0,нет продаж 90 дн
oz_acc1,4481063214,Эксперимент1,8.0,нет продаж 90 дн
oz_acc1,4481063326,от 5000 до 10000,12.0,нет продаж 90 дн
oz_acc1,4481063326,Эксперимент1,8.0,нет продаж 90 дн
oz_acc1,4481063360,от 2000 до 5000,12.0,нет продаж 90 дн
oz_acc1,4481063360,Эксперимент1,8.0,нет продаж 90 дн
oz_acc1,4481063376,от 5000 до 10000,12.0,нет продаж 90 дн
oz_acc1,4481063376,Эксперимент1,8.0,нет продаж 90 дн
oz_acc1,4481063408,от 2000 до 5000,12.0,нет продаж 90 дн
oz_acc1,4481063408,Эксперимент1,8.0,нет продаж 90 дн
oz_acc1,4481063441,Эксперимент1,8.0,нет продаж 90 дн
oz_acc1,4481063484,от 1000-2000,12.0,нет продаж 90 дн
oz_acc1,4481063484,Эксперимент1,8.0,нет продаж 90 дн
oz_acc1,4481063486,Эксперимент1,8.0,нет продаж 90 дн
oz_acc1,4481063537,от 5000 до 10000,12.0,нет продаж 90 дн
oz_acc1,4481063538,Эксперимент1,8.0,нет продаж 90 дн
oz_acc1,4481063552,от 2000 до 5000,12.0,нет продаж 90 дн
oz_acc1,4481063552,Эксперимент1,8.0,нет продаж 90 дн
oz_acc1,4481063556,от 2000 до 5000,12.0,нет продаж 90 дн
oz_acc1,4481063556,Эксперимент1,8.0,нет продаж 90 дн
oz_acc1,4481063589,Эксперимент1,8.0,нет продаж 90 дн
oz_acc1,4481063599,от 2000 до 5000,12.0,нет продаж 90 дн
oz_acc1,4481063619,от 2000 до 5000,12.0,нет продаж 90 дн
oz_acc1,4481063619,Эксперимент1,8.0,нет продаж 90 дн
oz_acc1,4481063627,Эксперимент1,8.0,нет продаж 90 дн
oz_acc1,4481063665,Эксперимент1,8.0,нет продаж 90 дн
oz_acc1,4481063666,Эксперимент1,8.0,нет продаж 90 дн
oz_acc1,4481063688,от 2000 до 5000,12.0,нет продаж 90 дн
oz_acc1,4481063688,Эксперимент1,8.0,нет продаж 90 дн
oz_acc1,4481063746,от 2000 до 5000,12.0,нет продаж 90 дн
oz_acc1,4481063746,Эксперимент1,8.0,нет продаж 90 дн
oz_acc1,4481063752,от 2000 до 5000,12.0,нет продаж 90 дн
oz_acc1,4481063752,Эксперимент1,8.0,нет продаж 90 дн
oz_acc1,4481063772,Эксперимент1,8.0,нет продаж 90 дн
oz_acc1,4481063813,от 1000-2000,12.0,нет продаж 90 дн
oz_acc1,4481063813,Эксперимент1,8.0,нет продаж 90 дн
oz_acc1,4481063867,Эксперимент1,8.0,нет продаж 90 дн
oz_acc1,4481063964,Эксперимент1,8.0,нет продаж 90 дн
oz_acc1,4481063977,Эксперимент1,8.0,нет продаж 90 дн
oz_acc1,4481063990,от 2000 до 5000,12.0,нет продаж 90 дн
oz_acc1,4481063990,Эксперимент1,8.0,нет продаж 90 дн
oz_acc1,4481064024,Эксперимент1,8.0,нет продаж 90 дн
oz_acc1,4481064048,от 1000-2000,12.0,нет продаж 90 дн
oz_acc1,4481064048,Эксперимент1,8.0,нет продаж 90 дн
oz_acc1,4481064057,Эксперимент1,8.0,нет продаж 90 дн
oz_acc1,4481064064,от 2000 до 5000,12.0,нет продаж 90 дн
oz_acc1,4481064064,Эксперимент1,8.0,нет продаж 90 дн
oz_acc1,4481064121,от 1000-2000,12.0,нет продаж 90 дн
oz_acc1,4481064121,Эксперимент1,8.0,нет продаж 90 дн
oz_acc1,4481064146,Эксперимент1,8.0,нет продаж 90 дн
oz_acc1,4481064236,Эксперимент1,8.0,нет продаж 90 дн
oz_acc1,4481064301,Эксперимент1,8.0,нет продаж 90 дн
oz_acc1,4481064382,от 2000 до 5000,12.0,нет продаж 90 дн
oz_acc1,4481064382,Эксперимент1,8.0,нет продаж 90 дн
oz_acc1,4481064403,от 2000 до 5000,12.0,нет продаж 90 дн
oz_acc1,4481064533,Эксперимент1,8.0,нет продаж 90 дн
oz_acc1,4481064552,Эксперимент1,8.0,нет продаж 90 дн
oz_acc1,4481064566,от 1000-2000,12.0,нет продаж 90 дн
oz_acc1,4481064566,Эксперимент1,8.0,нет продаж 90 дн
oz_acc1,4481064630,Эксперимент1,8.0,нет продаж 90 дн
oz_acc1,4481064638,от 2000 до 5000,12.0,нет продаж 90 дн
oz_acc1,4481064638,Эксперимент1,8.0,нет продаж 90 дн
oz_acc1,4481064641,Эксперимент1,8.0,нет продаж 90 дн
oz_acc1,4481064725,Эксперимент1,8.0,нет продаж 90 дн
oz_acc1,4481064758,от 1000-2000,12.0,нет продаж 90 дн
oz_acc1,4481064758,Эксперимент1,8.0,нет продаж 90 дн
oz_acc1,4481064768,от 2000 до 5000,12.0,нет продаж 90 дн
oz_acc1,4481064768,Эксперимент1,8.0,нет продаж 90 дн
oz_acc1,4481064902,от 2000 до 5000,12.0,нет продаж 90 дн
oz_acc1,4481064902,Эксперимент1,8.0,нет продаж 90 дн
oz_acc1,4481064956,от 0 до 1000,10.0,нет продаж 90 дн
oz_acc1,4481064956,Эксперимент1,8.0,нет продаж 90 дн
oz_acc1,4481065014,Эксперимент1,8.0,нет продаж 90 дн
oz_acc1,4481065109,Эксперимент1,8.0,нет продаж 90 дн
oz_acc1,4481065153,от 0 до 1000,10.0,нет продаж 90 дн
oz_acc1,4481065153,Эксперимент1,8.0,нет продаж 90 дн
oz_acc1,4481065155,от 2000 до 5000,12.0,нет продаж 90 дн
oz_acc1,4481065155,Эксперимент1,8.0,нет продаж 90 дн
oz_acc1,4481065239,Эксперимент1,8.0,нет продаж 90 дн
oz_acc1,4481065251,от 1000-2000,12.0,нет продаж 90 дн
oz_acc1,4481065251,Эксперимент1,8.0,нет продаж 90 дн
oz_acc1,4481065282,Эксперимент1,8.0,нет продаж 90 дн
oz_acc1,4481065301,от 1000-2000,12.0,нет продаж 90 дн
oz_acc1,4481065301,Эксперимент1,8.0,нет продаж 90 дн
oz_acc1,4481065340,от 2000 до 5000,12.0,нет продаж 90 дн
oz_acc1,4481065340,Эксперимент1,8.0,нет продаж 90 дн
oz_acc1,4481065364,от 1000-2000,12.0,нет продаж 90 дн
oz_acc1,4481065364,Эксперимент1,8.0,нет продаж 90 дн
oz_acc1,4481065424,Эксперимент1,8.0,нет продаж 90 дн
oz_acc1,4481065528,от 2000 до 5000,12.0,нет продаж 90 дн
oz_acc1,4481065542,от 5000 до 10000,12.0,нет продаж 90 дн
oz_acc1,4481065661,от 0 до 1000,10.0,нет продаж 90 дн
oz_acc1,4481065661,Эксперимент1,8.0,нет продаж 90 дн
oz_acc1,4481065689,от 2000 до 5000,12.0,нет продаж 90 дн
oz_acc1,4481065689,Эксперимент1,8.0,нет продаж 90 дн
oz_acc1,4481065734,Эксперимент1,8.0,нет продаж 90 дн
oz_acc1,4481065848,от 2000 до 5000,12.0,нет продаж 90 дн
oz_acc1,4481065848,Эксперимент1,8.0,нет продаж 90 дн
oz_acc1,4481065936,от 2000 до 5000,12.0,нет продаж 90 дн
oz_acc1,4481065936,Эксперимент1,8.0,нет продаж 90 дн
oz_acc1,4481066066,Эксперимент1,8.0,нет продаж 90 дн
oz_acc1,4481066271,Эксперимент1,8.0,нет продаж 90 дн
oz_acc1,4481066273,от 0 до 1000,10.0,нет продаж 90 дн
oz_acc1,4481066273,Эксперимент1,8.0,нет продаж 90 дн
oz_acc1,4481066289,от 5000 до 10000,12.0,нет продаж 90 дн
oz_acc1,4481066289,Эксперимент1,8.0,нет продаж 90 дн
oz_acc1,4481066772,от 2000 до 5000,12.0,нет продаж 90 дн
oz_acc1,4481066772,Эксперимент1,8.0,нет продаж 90 дн
oz_acc1,4481066788,Эксперимент1,8.0,нет продаж 90 дн
oz_acc1,4481067464,от 1000-2000,12.0,нет продаж 90 дн
oz_acc1,4481067464,Эксперимент1,8.0,нет продаж 90 дн
oz_acc1,4481068940,Эксперимент1,8.0,нет продаж 90 дн
oz_acc1,4481069485,от 2000 до 5000,12.0,нет продаж 90 дн
oz_acc1,4481069485,Эксперимент1,8.0,нет продаж 90 дн
oz_acc1,4481070265,Эксперимент1,8.0,нет продаж 90 дн
oz_acc1,4481070475,Эксперимент1,8.0,нет продаж 90 дн
oz_acc1,4481073582,Эксперимент1,8.0,нет продаж 90 дн
oz_acc1,4481096392,от 2000 до 5000,12.0,нет продаж 90 дн
oz_acc1,4481101537,от 2000 до 5000,12.0,нет продаж 90 дн
oz_acc1,4489558315,от 2000 до 5000,12.0,нет продаж 90 дн
oz_acc1,4489558315,Эксперимент1,8.0,нет продаж 90 дн
oz_acc1,4489616064,от 2000 до 5000,12.0,нет продаж 90 дн
oz_acc1,4489616064,Эксперимент1,8.0,нет продаж 90 дн
oz_acc1,4489617221,Эксперимент1,8.0,нет продаж 90 дн
oz_acc1,4489617330,Эксперимент1,8.0,нет продаж 90 дн
oz_acc1,4489617388,Эксперимент1,8.0,нет продаж 90 дн
oz_acc1,4489617393,Эксперимент1,8.0,нет продаж 90 дн
oz_acc1,4489617436,от 2000 до 5000,12.0,нет продаж 90 дн
oz_acc1,4489617436,Эксперимент1,8.0,нет продаж 90 дн
oz_acc1,4489617537,от 2000 до 5000,12.0,нет продаж 90 дн
oz_acc1,4489617537,Эксперимент1,8.0,нет продаж 90 дн
oz_acc1,4489617550,от 2000 до 5000,12.0,нет продаж 90 дн
oz_acc1,4489617550,Эксперимент1,8.0,нет продаж 90 дн
oz_acc1,4489617627,от 2000 до 5000,12.0,нет продаж 90 дн
oz_acc1,4489617627,Эксперимент1,8.0,нет продаж 90 дн
oz_acc1,4489617632,Эксперимент1,8.0,нет продаж 90 дн
oz_acc1,4489617874,от 2000 до 5000,12.0,нет продаж 90 дн
oz_acc1,4489617874,Эксперимент1,8.0,нет продаж 90 дн
oz_acc1,4489617904,от 2000 до 5000,12.0,нет продаж 90 дн
oz_acc1,4489617904,Эксперимент1,8.0,нет продаж 90 дн
oz_acc1,4489617952,от 2000 до 5000,12.0,нет продаж 90 дн
oz_acc1,4489617952,Эксперимент1,8.0,нет продаж 90 дн
oz_acc1,4489617960,от 0 до 1000,12.0,нет продаж 90 дн
oz_acc1,4489617960,Эксперимент1,8.0,нет продаж 90 дн
oz_acc1,4489617961,Эксперимент1,8.0,нет продаж 90 дн
oz_acc1,4489618030,Эксперимент1,8.0,нет продаж 90 дн
oz_acc1,4489618067,Эксперимент1,8.0,нет продаж 90 дн
oz_acc1,4489618122,от 2000 до 5000,12.0,нет продаж 90 дн
oz_acc1,4489618122,Эксперимент1,8.0,нет продаж 90 дн
oz_acc1,4489618170,Эксперимент1,8.0,нет продаж 90 дн
oz_acc1,4489618309,Эксперимент1,8.0,нет продаж 90 дн
oz_acc1,4489618319,от 2000 до 5000,12.0,нет продаж 90 дн
oz_acc1,4489618319,Эксперимент1,8.0,нет продаж 90 дн
oz_acc1,4489618324,Эксперимент1,8.0,нет продаж 90 дн
oz_acc1,4489618471,Эксперимент1,8.0,нет продаж 90 дн
oz_acc1,4489618589,Эксперимент1,8.0,нет продаж 90 дн
oz_acc1,4489618751,от 2000 до 5000,12.0,нет продаж 90 дн
oz_acc1,4489618751,Эксперимент1,8.0,нет продаж 90 дн
oz_acc1,4489618955,от 0 до 1000,12.0,нет продаж 90 дн
oz_acc1,4489618955,Эксперимент1,8.0,нет продаж 90 дн
oz_acc1,4489618991,Эксперимент1,8.0,нет продаж 90 дн
oz_acc1,4489619032,от 2000 до 5000,12.0,нет продаж 90 дн
oz_acc1,4489619032,Эксперимент1,8.0,нет продаж 90 дн
oz_acc1,4489619046,Эксперимент1,8.0,нет продаж 90 дн
oz_acc1,4489619189,от 1000-2000,12.0,нет продаж 90 дн
oz_acc1,4489619189,Эксперимент1,8.0,нет продаж 90 дн
oz_acc1,4489619254,от 2000 до 5000,12.0,нет продаж 90 дн
oz_acc1,4489619254,Эксперимент1,8.0,нет продаж 90 дн
oz_acc1,4489619258,от 2000 до 5000,12.0,нет продаж 90 дн
oz_acc1,4489619268,от 2000 до 5000,12.0,нет продаж 90 дн
oz_acc1,4489619268,Эксперимент1,8.0,нет продаж 90 дн
oz_acc1,4489619307,от 2000 до 5000,12.0,нет продаж 90 дн
oz_acc1,4489619307,Эксперимент1,8.0,нет продаж 90 дн
oz_acc1,4489619373,от 2000 до 5000,12.0,нет продаж 90 дн
oz_acc1,4489619373,Эксперимент1,8.0,нет продаж 90 дн
oz_acc1,4489619384,от 2000 до 5000,12.0,нет маржи и нет продаж 90 дн
oz_acc1,4489619384,Эксперимент1,8.0,нет маржи и нет продаж 90 дн
oz_acc1,4489619387,Эксперимент1,8.0,нет продаж 90 дн
oz_acc1,4489619466,от 2000 до 5000,12.0,нет продаж 90 дн
oz_acc1,4489619466,Эксперимент1,8.0,нет продаж 90 дн
oz_acc1,4489619596,Эксперимент1,8.0,нет продаж 90 дн
oz_acc1,4489619648,Эксперимент1,8.0,нет продаж 90 дн
oz_acc1,4489619730,Эксперимент1,8.0,нет маржи и нет продаж 90 дн
oz_acc1,4489619828,Эксперимент1,8.0,нет продаж 90 дн
oz_acc1,4489619931,от 2000 до 5000,12.0,нет продаж 90 дн
oz_acc1,4489619931,Эксперимент1,8.0,нет продаж 90 дн
oz_acc1,4489619971,Эксперимент1,8.0,нет продаж 90 дн
oz_acc1,4489620000,от 2000 до 5000,12.0,нет продаж 90 дн
oz_acc1,4489620000,Эксперимент1,8.0,нет продаж 90 дн
oz_acc1,4489620004,Эксперимент1,8.0,нет продаж 90 дн
oz_acc1,4489620047,Эксперимент1,8.0,нет продаж 90 дн
oz_acc1,4489620075,от 2000 до 5000,12.0,нет продаж 90 дн
oz_acc1,4489620075,Эксперимент1,8.0,нет продаж 90 дн
oz_acc1,4489620086,от 2000 до 5000,12.0,нет продаж 90 дн
oz_acc1,4489620086,Эксперимент1,8.0,нет продаж 90 дн
oz_acc1,4489620150,от 2000 до 5000,12.0,нет продаж 90 дн
oz_acc1,4489620150,Эксперимент1,8.0,нет продаж 90 дн
oz_acc1,4489620305,от 2000 до 5000,12.0,нет продаж 90 дн
oz_acc1,4489620305,Эксперимент1,8.0,нет продаж 90 дн
oz_acc1,4489620327,от 2000 до 5000,12.0,нет продаж 90 дн
oz_acc1,4489620327,Эксперимент1,8.0,нет продаж 90 дн
oz_acc1,4489620473,от 2000 до 5000,12.0,нет продаж 90 дн
oz_acc1,4489620473,Эксперимент1,8.0,нет продаж 90 дн
oz_acc1,4489620476,от 2000 до 5000,12.0,нет продаж 90 дн
oz_acc1,4489620476,Эксперимент1,8.0,нет продаж 90 дн
oz_acc1,4489620502,от 10000 до 500 тыс,12.0,нет маржи и нет продаж 90 дн
oz_acc1,4489620534,Эксперимент1,8.0,нет продаж 90 дн
oz_acc1,4489620542,от 2000 до 5000,12.0,нет продаж 90 дн
oz_acc1,4489620542,Эксперимент1,8.0,нет продаж 90 дн
oz_acc1,4489620648,Эксперимент1,8.0,нет продаж 90 дн
oz_acc1,4489620737,от 0 до 1000,10.0,нет продаж 90 дн
oz_acc1,4489620737,Эксперимент1,8.0,нет продаж 90 дн
oz_acc1,4489620765,от 2000 до 5000,12.0,нет продаж 90 дн
oz_acc1,4489620765,Эксперимент1,8.0,нет продаж 90 дн
oz_acc1,4489620882,от 2000 до 5000,12.0,нет продаж 90 дн
oz_acc1,4489620896,от 2000 до 5000,12.0,нет продаж 90 дн
oz_acc1,4489620896,Эксперимент1,8.0,нет продаж 90 дн
oz_acc1,4489621079,от 2000 до 5000,12.0,нет продаж 90 дн
oz_acc1,4489621079,Эксперимент1,8.0,нет продаж 90 дн
oz_acc1,4489621093,от 2000 до 5000,12.0,нет продаж 90 дн
oz_acc1,4489621093,Эксперимент1,8.0,нет продаж 90 дн
oz_acc1,4489621157,Эксперимент1,8.0,нет продаж 90 дн
oz_acc1,4489621159,Эксперимент1,8.0,нет продаж 90 дн
oz_acc1,4489621427,от 2000 до 5000,12.0,нет продаж 90 дн
oz_acc1,4489621427,Эксперимент1,8.0,нет продаж 90 дн
oz_acc1,4489621495,Эксперимент1,8.0,нет продаж 90 дн
oz_acc1,4489621524,Эксперимент1,8.0,нет продаж 90 дн
oz_acc1,4489621578,от 2000 до 5000,12.0,нет продаж 90 дн
oz_acc1,4489621578,Эксперимент1,8.0,нет продаж 90 дн
oz_acc1,4489621620,Эксперимент1,8.0,нет продаж 90 дн
oz_acc1,4489621641,Эксперимент1,8.0,нет продаж 90 дн
oz_acc1,4489621790,Эксперимент1,8.0,нет продаж 90 дн
oz_acc1,4489621801,от 2000 до 5000,12.0,нет продаж 90 дн
oz_acc1,4489621849,от 2000 до 5000,12.0,нет продаж 90 дн
oz_acc1,4489621891,Эксперимент1,8.0,нет продаж 90 дн
oz_acc1,4489621924,от 2000 до 5000,12.0,нет продаж 90 дн
oz_acc1,4489621924,Эксперимент1,8.0,нет продаж 90 дн
oz_acc1,4489621967,Эксперимент1,8.0,нет продаж 90 дн
oz_acc1,4489621992,от 2000 до 5000,12.0,нет продаж 90 дн
oz_acc1,4489621992,Эксперимент1,8.0,нет продаж 90 дн
oz_acc1,4489621995,Эксперимент1,8.0,нет продаж 90 дн
oz_acc1,4489622037,от 10000 до 500 тыс,12.0,нет маржи и нет продаж 90 дн
oz_acc1,4489622060,Эксперимент1,8.0,нет продаж 90 дн
oz_acc1,4489622233,Эксперимент1,8.0,нет продаж 90 дн
oz_acc1,4489622241,от 2000 до 5000,12.0,нет продаж 90 дн
oz_acc1,4489622241,Эксперимент1,8.0,нет продаж 90 дн
oz_acc1,4489622246,Эксперимент1,8.0,нет продаж 90 дн
oz_acc1,4489622276,от 0 до 1000,10.0,нет продаж 90 дн
oz_acc1,4489622276,Эксперимент1,8.0,нет продаж 90 дн
oz_acc1,4489622301,от 2000 до 5000,12.0,нет продаж 90 дн
oz_acc1,4489622301,Эксперимент1,8.0,нет продаж 90 дн
oz_acc1,4489622310,Эксперимент1,8.0,нет продаж 90 дн
oz_acc1,4489622381,от 1000-2000,12.0,нет продаж 90 дн
oz_acc1,4489622381,Эксперимент1,8.0,нет продаж 90 дн
oz_acc1,4489622439,от 2000 до 5000,12.0,нет продаж 90 дн
oz_acc1,4489622439,Эксперимент1,8.0,нет продаж 90 дн
oz_acc1,4489622440,Эксперимент1,8.0,нет продаж 90 дн
oz_acc1,4489622445,от 2000 до 5000,12.0,нет продаж 90 дн
oz_acc1,4489622445,Эксперимент1,8.0,нет продаж 90 дн
oz_acc1,4489622463,Эксперимент1,8.0,нет продаж 90 дн
oz_acc1,4489622568,от 2000 до 5000,12.0,нет продаж 90 дн
oz_acc1,4489622568,Эксперимент1,8.0,нет продаж 90 дн
oz_acc1,4489622592,Эксперимент1,8.0,нет продаж 90 дн
oz_acc1,4489622799,от 2000 до 5000,12.0,нет продаж 90 дн
oz_acc1,4489622799,Эксперимент1,8.0,нет продаж 90 дн
oz_acc1,4489622915,от 2000 до 5000,12.0,нет продаж 90 дн
oz_acc1,4489622950,от 2000 до 5000,12.0,нет продаж 90 дн
oz_acc1,4489622950,Эксперимент1,8.0,нет продаж 90 дн
oz_acc1,4489623006,Эксперимент1,8.0,нет продаж 90 дн
oz_acc1,4489623011,Эксперимент1,8.0,нет продаж 90 дн
oz_acc1,4489623043,Эксперимент1,8.0,нет продаж 90 дн
oz_acc1,4489623059,Эксперимент1,8.0,нет продаж 90 дн
oz_acc1,4489623082,от 1000-2000,12.0,нет продаж 90 дн
oz_acc1,4489623082,Эксперимент1,8.0,нет продаж 90 дн
oz_acc1,4489623128,от 0 до 1000,12.0,нет продаж 90 дн
oz_acc1,4489623128,Эксперимент1,8.0,нет продаж 90 дн
oz_acc1,4489623152,от 2000 до 5000,12.0,нет продаж 90 дн
oz_acc1,4489623152,Эксперимент1,8.0,нет продаж 90 дн
oz_acc1,4489623157,от 2000 до 5000,12.0,нет продаж 90 дн
oz_acc1,4489623157,Эксперимент1,8.0,нет продаж 90 дн
oz_acc1,4489623166,Эксперимент1,8.0,нет продаж 90 дн
oz_acc1,4489623207,Эксперимент1,8.0,нет продаж 90 дн
oz_acc1,4489623247,от 2000 до 5000,12.0,нет продаж 90 дн
oz_acc1,4489623247,Эксперимент1,8.0,нет продаж 90 дн
oz_acc1,4489623316,Эксперимент1,8.0,нет продаж 90 дн
oz_acc1,4489623329,от 10000 до 500 тыс,12.0,нет маржи и нет продаж 90 дн
oz_acc1,4489623406,от 2000 до 5000,12.0,нет продаж 90 дн
oz_acc1,4489623406,Эксперимент1,8.0,нет продаж 90 дн
oz_acc1,4489623463,Эксперимент1,8.0,нет продаж 90 дн
oz_acc1,4489623492,от 2000 до 5000,12.0,нет продаж 90 дн
oz_acc1,4489623492,Эксперимент1,8.0,нет продаж 90 дн
oz_acc1,4489623495,Эксперимент1,8.0,нет продаж 90 дн
oz_acc1,4489623512,от 2000 до 5000,12.0,нет продаж 90 дн
oz_acc1,4489623512,Эксперимент1,8.0,нет продаж 90 дн
oz_acc1,4489623517,Эксперимент1,8.0,нет продаж 90 дн
oz_acc1,4489623519,от 2000 до 5000,12.0,нет продаж 90 дн
oz_acc1,4489623519,Эксперимент1,8.0,нет продаж 90 дн
oz_acc1,4489623594,от 2000 до 5000,12.0,нет продаж 90 дн
oz_acc1,4489623680,Эксперимент1,8.0,нет продаж 90 дн
oz_acc1,4489623818,Эксперимент1,8.0,нет продаж 90 дн
oz_acc1,4489623821,Эксперимент1,8.0,нет продаж 90 дн
oz_acc1,4489623905,Эксперимент1,8.0,нет продаж 90 дн
oz_acc1,4489623955,от 1000-2000,12.0,нет продаж 90 дн
oz_acc1,4489623955,Эксперимент1,8.0,нет продаж 90 дн
oz_acc1,4489624021,Эксперимент1,8.0,нет продаж 90 дн
oz_acc1,4489624035,Эксперимент1,8.0,нет продаж 90 дн
oz_acc1,4489624094,Эксперимент1,8.0,нет продаж 90 дн
oz_acc1,4489624109,от 2000 до 5000,12.0,нет продаж 90 дн
oz_acc1,4489624109,Эксперимент1,8.0,нет продаж 90 дн
oz_acc1,4489624111,Эксперимент1,8.0,нет продаж 90 дн
oz_acc1,4489624123,от 2000 до 5000,12.0,нет продаж 90 дн
oz_acc1,4489624123,Эксперимент1,8.0,нет продаж 90 дн
oz_acc1,4489624143,Эксперимент1,8.0,нет продаж 90 дн
oz_acc1,4489624187,Эксперимент1,8.0,нет продаж 90 дн
oz_acc1,4489624264,от 1000-2000,12.0,нет продаж 90 дн
oz_acc1,4489624264,Эксперимент1,8.0,нет продаж 90 дн
oz_acc1,4489624357,Эксперимент1,8.0,нет продаж 90 дн
oz_acc1,4489624388,Эксперимент1,8.0,нет продаж 90 дн
oz_acc1,4489624418,Эксперимент1,8.0,нет продаж 90 дн
oz_acc1,4489624438,от 2000 до 5000,12.0,нет продаж 90 дн
oz_acc1,4489624438,Эксперимент1,8.0,нет продаж 90 дн
oz_acc1,4489624459,от 2000 до 5000,12.0,нет продаж 90 дн
oz_acc1,4489624459,Эксперимент1,8.0,нет продаж 90 дн
oz_acc1,4489624467,Эксперимент1,8.0,нет продаж 90 дн
oz_acc1,4489624495,Эксперимент1,8.0,нет продаж 90 дн
oz_acc1,4489624513,от 2000 до 5000,12.0,нет продаж 90 дн
oz_acc1,4489624513,Эксперимент1,8.0,нет продаж 90 дн
oz_acc1,4489624528,Эксперимент1,8.0,нет продаж 90 дн
oz_acc1,4489624541,от 2000 до 5000,12.0,нет продаж 90 дн
oz_acc1,4489624541,Эксперимент1,8.0,нет продаж 90 дн
oz_acc1,4489624552,Эксперимент1,8.0,нет продаж 90 дн
oz_acc1,4489624559,Эксперимент1,8.0,нет продаж 90 дн
oz_acc1,4489624590,Эксперимент1,8.0,нет продаж 90 дн
oz_acc1,4489624633,Эксперимент1,8.0,нет продаж 90 дн
oz_acc1,4489624650,от 2000 до 5000,12.0,нет продаж 90 дн
oz_acc1,4489624650,Эксперимент1,8.0,нет продаж 90 дн
oz_acc1,4489624789,Эксперимент1,8.0,нет продаж 90 дн
oz_acc1,4489624792,Эксперимент1,8.0,нет продаж 90 дн
oz_acc1,4489624836,Эксперимент1,8.0,нет продаж 90 дн
oz_acc1,4489624848,от 1000-2000,12.0,нет продаж 90 дн
oz_acc1,4489624848,Эксперимент1,8.0,нет продаж 90 дн
oz_acc1,4489624854,Эксперимент1,8.0,нет продаж 90 дн
oz_acc1,4489624856,от 2000 до 5000,12.0,нет продаж 90 дн
oz_acc1,4489624856,Эксперимент1,8.0,нет продаж 90 дн
oz_acc1,4489624866,от 1000-2000,12.0,нет продаж 90 дн
oz_acc1,4489624866,Эксперимент1,8.0,нет продаж 90 дн
oz_acc1,4489624881,от 1000-2000,12.0,нет продаж 90 дн
oz_acc1,4489624881,Эксперимент1,8.0,нет продаж 90 дн
oz_acc1,4489624918,Эксперимент1,8.0,нет продаж 90 дн
oz_acc1,4489624969,Эксперимент1,8.0,нет продаж 90 дн
oz_acc1,4489625064,Эксперимент1,8.0,нет продаж 90 дн
oz_acc1,4489625082,от 2000 до 5000,12.0,нет продаж 90 дн
oz_acc1,4489625082,Эксперимент1,8.0,нет продаж 90 дн
oz_acc1,4489625103,от 1000-2000,12.0,нет продаж 90 дн
oz_acc1,4489625103,Эксперимент1,8.0,нет продаж 90 дн
oz_acc1,4489625131,от 2000 до 5000,12.0,нет продаж 90 дн
oz_acc1,4489625131,Эксперимент1,8.0,нет продаж 90 дн
oz_acc1,4489625154,Эксперимент1,8.0,нет продаж 90 дн
oz_acc1,4489625268,от 5000 до 10000,12.0,нет продаж 90 дн
oz_acc1,4489625330,Эксперимент1,8.0,нет продаж 90 дн
oz_acc1,4489625380,Эксперимент1,8.0,нет продаж 90 дн
oz_acc1,4489625401,Эксперимент1,8.0,нет продаж 90 дн
oz_acc1,4489625424,Эксперимент1,8.0,нет продаж 90 дн
oz_acc1,4489625427,от 2000 до 5000,12.0,нет продаж 90 дн
oz_acc1,4489625427,Эксперимент1,8.0,нет продаж 90 дн
oz_acc1,4489625430,от 2000 до 5000,12.0,нет продаж 90 дн
oz_acc1,4489625430,Эксперимент1,8.0,нет продаж 90 дн
oz_acc1,4489625482,от 2000 до 5000,12.0,нет продаж 90 дн
oz_acc1,4489625482,Эксперимент1,8.0,нет продаж 90 дн
oz_acc1,4489625510,Эксперимент1,8.0,нет продаж 90 дн
oz_acc1,4489625542,от 2000 до 5000,12.0,нет продаж 90 дн
oz_acc1,4489625560,Эксперимент1,8.0,нет продаж 90 дн
oz_acc1,4489625689,Эксперимент1,8.0,нет продаж 90 дн
oz_acc1,4489625717,от 10000 до 500 тыс,12.0,нет продаж 90 дн
oz_acc1,4489625760,от 1000-2000,12.0,нет продаж 90 дн
oz_acc1,4489625760,Эксперимент1,8.0,нет продаж 90 дн
oz_acc1,4489625866,Эксперимент1,8.0,нет продаж 90 дн
oz_acc1,4489625930,от 2000 до 5000,12.0,нет продаж 90 дн
oz_acc1,4489625930,Эксперимент1,8.0,нет продаж 90 дн
oz_acc1,4489625931,от 2000 до 5000,12.0,нет продаж 90 дн
oz_acc1,4489625931,Эксперимент1,8.0,нет продаж 90 дн
oz_acc1,4489625947,от 5000 до 10000,12.0,нет продаж 90 дн
oz_acc1,4489625947,Эксперимент1,8.0,нет продаж 90 дн
oz_acc1,4489625982,Эксперимент1,8.0,нет продаж 90 дн
oz_acc1,4489625996,Эксперимент1,8.0,нет продаж 90 дн
oz_acc1,4489626003,Эксперимент1,8.0,нет продаж 90 дн
oz_acc1,4489626012,от 1000-2000,12.0,нет продаж 90 дн
oz_acc1,4489626012,Эксперимент1,8.0,нет продаж 90 дн
oz_acc1,4489626022,от 2000 до 5000,12.0,нет продаж 90 дн
oz_acc1,4489626022,Эксперимент1,8.0,нет продаж 90 дн
oz_acc1,4489626060,от 2000 до 5000,12.0,нет продаж 90 дн
oz_acc1,4489626060,Эксперимент1,8.0,нет продаж 90 дн
oz_acc1,4489626068,от 2000 до 5000,12.0,нет продаж 90 дн
oz_acc1,4489626068,Эксперимент1,8.0,нет продаж 90 дн
oz_acc1,4489626082,Эксперимент1,8.0,нет продаж 90 дн
oz_acc1,4489626090,от 2000 до 5000,12.0,нет продаж 90 дн
oz_acc1,4489626090,Эксперимент1,8.0,нет продаж 90 дн
oz_acc1,4489626114,Эксперимент1,8.0,нет продаж 90 дн
oz_acc1,4489626151,от 10000 до 500 тыс,12.0,нет маржи и нет продаж 90 дн
oz_acc1,4489626188,от 10000 до 500 тыс,12.0,нет продаж 90 дн
oz_acc1,4489626196,Эксперимент1,8.0,нет продаж 90 дн
oz_acc1,4489626204,от 1000-2000,12.0,нет продаж 90 дн
oz_acc1,4489626204,Эксперимент1,8.0,нет продаж 90 дн
oz_acc1,4489626242,от 2000 до 5000,12.0,нет продаж 90 дн
oz_acc1,4489626242,Эксперимент1,8.0,нет продаж 90 дн
oz_acc1,4489626315,Эксперимент1,8.0,нет продаж 90 дн
oz_acc1,4489626333,от 1000-2000,12.0,нет продаж 90 дн
oz_acc1,4489626333,Эксперимент1,8.0,нет продаж 90 дн
oz_acc1,4489626362,от 2000 до 5000,12.0,нет продаж 90 дн
oz_acc1,4489626362,Эксперимент1,8.0,нет продаж 90 дн
oz_acc1,4489626416,от 2000 до 5000,12.0,нет продаж 90 дн
oz_acc1,4489626416,Эксперимент1,8.0,нет продаж 90 дн
oz_acc1,4489626430,Эксперимент1,8.0,нет продаж 90 дн
oz_acc1,4489626511,Эксперимент1,8.0,нет продаж 90 дн
oz_acc1,4489626532,от 0 до 1000,10.0,нет продаж 90 дн
oz_acc1,4489626538,Эксперимент1,8.0,нет продаж 90 дн
oz_acc1,4489626547,Эксперимент1,8.0,нет продаж 90 дн
oz_acc1,4489626565,от 1000-2000,12.0,нет продаж 90 дн
oz_acc1,4489626565,Эксперимент1,8.0,нет продаж 90 дн
oz_acc1,4489626591,от 1000-2000,12.0,нет маржи и нет продаж 90 дн
oz_acc1,4489626591,Эксперимент1,8.0,нет маржи и нет продаж 90 дн
oz_acc1,4489626626,Эксперимент1,8.0,нет продаж 90 дн
oz_acc1,4489626678,Эксперимент1,8.0,нет продаж 90 дн
oz_acc1,4489626713,от 5000 до 10000,12.0,нет продаж 90 дн
oz_acc1,4489626731,от 10000 до 500 тыс,12.0,нет маржи и нет продаж 90 дн
oz_acc1,4489626777,Эксперимент1,8.0,нет продаж 90 дн
oz_acc1,4489626820,от 2000 до 5000,12.0,нет продаж 90 дн
oz_acc1,4489626820,Эксперимент1,8.0,нет продаж 90 дн
oz_acc1,4489626844,Эксперимент1,8.0,нет продаж 90 дн
oz_acc1,4489626906,Эксперимент1,8.0,нет продаж 90 дн
oz_acc1,4489626985,от 1000-2000,12.0,нет продаж 90 дн
oz_acc1,4489626985,Эксперимент1,8.0,нет продаж 90 дн
oz_acc1,4489627008,от 1000-2000,12.0,нет продаж 90 дн
oz_acc1,4489627008,Эксперимент1,8.0,нет продаж 90 дн
oz_acc1,4489627081,от 0 до 1000,10.0,нет продаж 90 дн
oz_acc1,4489627081,Эксперимент1,8.0,нет продаж 90 дн
oz_acc1,4489627186,Эксперимент1,8.0,нет продаж 90 дн
oz_acc1,4489627200,Эксперимент1,8.0,нет продаж 90 дн
oz_acc1,4489627216,Эксперимент1,8.0,нет продаж 90 дн
oz_acc1,4489627247,от 5000 до 10000,12.0,нет продаж 90 дн
oz_acc1,4489627312,Эксперимент1,8.0,нет продаж 90 дн
oz_acc1,4489627404,Эксперимент1,8.0,нет продаж 90 дн
oz_acc1,4489627415,Эксперимент1,8.0,нет продаж 90 дн
oz_acc1,4489627458,Эксперимент1,8.0,нет продаж 90 дн
oz_acc1,4489627463,Эксперимент1,8.0,нет продаж 90 дн
oz_acc1,4489627575,от 10000 до 500 тыс,12.0,нет маржи и нет продаж 90 дн
oz_acc1,4489627605,Эксперимент1,8.0,нет продаж 90 дн
oz_acc1,4489627658,от 10000 до 500 тыс,12.0,нет продаж 90 дн
oz_acc1,4489627658,Эксперимент1,8.0,нет продаж 90 дн
oz_acc1,4489627790,Эксперимент1,8.0,нет продаж 90 дн
oz_acc1,4489627846,от 2000 до 5000,12.0,нет продаж 90 дн
oz_acc1,4489627846,Эксперимент1,8.0,нет продаж 90 дн
oz_acc1,4489627923,Эксперимент1,8.0,нет маржи и нет продаж 90 дн
oz_acc1,4489627950,Эксперимент1,8.0,нет продаж 90 дн
oz_acc1,4489628284,Эксперимент1,8.0,нет продаж 90 дн
oz_acc1,4489628298,Эксперимент1,8.0,нет продаж 90 дн
oz_acc1,4489628326,Эксперимент1,8.0,нет продаж 90 дн
oz_acc1,4489628371,Эксперимент1,8.0,нет продаж 90 дн
oz_acc1,4489628399,Эксперимент1,8.0,нет продаж 90 дн
oz_acc1,4489628418,от 5000 до 10000,12.0,нет продаж 90 дн
oz_acc1,4489628418,Эксперимент1,8.0,нет продаж 90 дн
oz_acc1,4489628505,от 2000 до 5000,12.0,нет продаж 90 дн
oz_acc1,4489628505,Эксперимент1,8.0,нет продаж 90 дн
oz_acc1,4489628509,Эксперимент1,8.0,нет продаж 90 дн
oz_acc1,4489628524,от 5000 до 10000,12.0,нет продаж 90 дн
oz_acc1,4489628524,Эксперимент1,8.0,нет продаж 90 дн
oz_acc1,4489628660,от 5000 до 10000,12.0,нет продаж 90 дн
oz_acc1,4489628660,Эксперимент1,8.0,нет продаж 90 дн
oz_acc1,4489628716,от 2000 до 5000,12.0,нет продаж 90 дн
oz_acc1,4489628716,Эксперимент1,8.0,нет продаж 90 дн
oz_acc1,4489628884,Эксперимент1,8.0,нет продаж 90 дн
oz_acc1,4489628889,от 1000-2000,12.0,нет продаж 90 дн
oz_acc1,4489628889,Эксперимент1,8.0,нет продаж 90 дн
oz_acc1,4489628908,от 2000 до 5000,12.0,нет продаж 90 дн
oz_acc1,4489628908,Эксперимент1,8.0,нет продаж 90 дн
oz_acc1,4489629190,от 0 до 1000,10.0,нет продаж 90 дн
oz_acc1,4489629216,Эксперимент1,8.0,нет продаж 90 дн
oz_acc1,4489629279,Эксперимент1,8.0,нет продаж 90 дн
oz_acc1,4489629340,Эксперимент1,8.0,нет продаж 90 дн
oz_acc1,4489629359,Эксперимент1,8.0,нет продаж 90 дн
oz_acc1,4489629383,Эксперимент1,8.0,нет продаж 90 дн
oz_acc1,4489629400,Эксперимент1,8.0,нет продаж 90 дн
oz_acc1,4489629432,от 0 до 1000,12.0,нет продаж 90 дн
oz_acc1,4489629432,Эксперимент1,8.0,нет продаж 90 дн
oz_acc1,4489629549,Эксперимент1,8.0,нет продаж 90 дн
oz_acc1,4489629656,Эксперимент1,8.0,нет продаж 90 дн
oz_acc1,4489629671,Эксперимент1,8.0,нет продаж 90 дн
oz_acc1,4489629759,от 5000 до 10000,12.0,нет продаж 90 дн
oz_acc1,4489629759,Эксперимент1,8.0,нет продаж 90 дн
oz_acc1,4489629802,Эксперимент1,8.0,нет продаж 90 дн
oz_acc1,4489629830,от 0 до 1000,12.0,нет продаж 90 дн
oz_acc1,4489629830,Эксперимент1,8.0,нет продаж 90 дн
oz_acc1,4489630036,Эксперимент1,8.0,нет продаж 90 дн
oz_acc1,4489630058,от 2000 до 5000,12.0,нет продаж 90 дн
oz_acc1,4489630058,Эксперимент1,8.0,нет продаж 90 дн
oz_acc1,4489630071,от 2000 до 5000,12.0,нет продаж 90 дн
oz_acc1,4489630088,от 2000 до 5000,12.0,нет продаж 90 дн
oz_acc1,4489630088,Эксперимент1,8.0,нет продаж 90 дн
oz_acc1,4489630149,от 2000 до 5000,12.0,нет продаж 90 дн
oz_acc1,4489630149,Эксперимент1,8.0,нет продаж 90 дн
oz_acc1,4489630363,от 1000-2000,12.0,нет продаж 90 дн
oz_acc1,4489630363,Эксперимент1,8.0,нет продаж 90 дн
oz_acc1,4489630369,Эксперимент1,8.0,нет продаж 90 дн
oz_acc1,4489630625,Эксперимент1,8.0,нет продаж 90 дн
oz_acc1,4489630678,Эксперимент1,8.0,нет продаж 90 дн
oz_acc1,4489630692,от 0 до 1000,12.0,нет продаж 90 дн
oz_acc1,4489630692,Эксперимент1,8.0,нет продаж 90 дн
oz_acc1,4489630742,от 0 до 1000,12.0,нет продаж 90 дн
oz_acc1,4489630742,Эксперимент1,8.0,нет продаж 90 дн
oz_acc1,4489630759,Эксперимент1,8.0,нет продаж 90 дн
oz_acc1,4489630872,от 5000 до 10000,12.0,нет продаж 90 дн
oz_acc1,4489630872,Эксперимент1,8.0,нет продаж 90 дн
oz_acc1,4489630998,Эксперимент1,8.0,нет продаж 90 дн
oz_acc1,4489631041,Эксперимент1,8.0,нет продаж 90 дн
oz_acc1,4489631056,Эксперимент1,8.0,нет продаж 90 дн
oz_acc1,4489631202,от 5000 до 10000,12.0,нет продаж 90 дн
oz_acc1,4489631202,Эксперимент1,8.0,нет продаж 90 дн
oz_acc1,4489631263,от 0 до 1000,12.0,нет продаж 90 дн
oz_acc1,4489631263,Эксперимент1,8.0,нет продаж 90 дн
oz_acc1,4489631383,от 5000 до 10000,12.0,нет продаж 90 дн
oz_acc1,4489631383,Эксперимент1,8.0,нет продаж 90 дн
oz_acc1,4489631427,от 0 до 1000,12.0,нет продаж 90 дн
oz_acc1,4489631427,Эксперимент1,8.0,нет продаж 90 дн
oz_acc1,4489631523,Эксперимент1,8.0,нет продаж 90 дн
oz_acc1,4489631533,от 5000 до 10000,12.0,нет продаж 90 дн
oz_acc1,4489631533,Эксперимент1,8.0,нет продаж 90 дн
oz_acc1,4489631575,Эксперимент1,8.0,нет продаж 90 дн
oz_acc1,4489631644,Эксперимент1,8.0,нет продаж 90 дн
oz_acc1,4489631771,от 2000 до 5000,12.0,нет продаж 90 дн
oz_acc1,4489631771,Эксперимент1,8.0,нет продаж 90 дн
oz_acc1,4489631803,от 1000-2000,12.0,нет продаж 90 дн
oz_acc1,4489631803,Эксперимент1,8.0,нет продаж 90 дн
oz_acc1,4489631840,от 0 до 1000,10.0,нет продаж 90 дн
oz_acc1,4489631840,Эксперимент1,8.0,нет продаж 90 дн
oz_acc1,4489631867,Эксперимент1,8.0,нет продаж 90 дн
oz_acc1,4489631896,от 2000 до 5000,12.0,нет продаж 90 дн
oz_acc1,4489631896,Эксперимент1,8.0,нет продаж 90 дн
oz_acc1,4489631919,Эксперимент1,8.0,нет продаж 90 дн
oz_acc1,4489632015,от 5000 до 10000,12.0,нет продаж 90 дн
oz_acc1,4489632015,Эксперимент1,8.0,нет продаж 90 дн
oz_acc1,4489632055,Эксперимент1,8.0,нет продаж 90 дн
oz_acc1,4489632061,Эксперимент1,8.0,нет продаж 90 дн
oz_acc1,4489632099,от 2000 до 5000,12.0,нет продаж 90 дн
oz_acc1,4489632099,Эксперимент1,8.0,нет продаж 90 дн
oz_acc1,4489632139,от 5000 до 10000,12.0,нет продаж 90 дн
oz_acc1,4489632139,Эксперимент1,8.0,нет продаж 90 дн
oz_acc1,4489632144,от 0 до 1000,12.0,нет продаж 90 дн
oz_acc1,4489632144,Эксперимент1,8.0,нет продаж 90 дн
oz_acc1,4489632260,от 10000 до 500 тыс,12.0,нет продаж 90 дн
oz_acc1,4489632399,Эксперимент1,8.0,нет продаж 90 дн
oz_acc1,4489632441,Эксперимент1,8.0,нет продаж 90 дн
oz_acc1,4489632537,от 5000 до 10000,12.0,нет продаж 90 дн
oz_acc1,4489632537,Эксперимент1,8.0,нет продаж 90 дн
oz_acc1,4489632575,от 10000 до 500 тыс,12.0,нет продаж 90 дн
oz_acc1,4489632641,от 2000 до 5000,12.0,нет продаж 90 дн
oz_acc1,4489632641,Эксперимент1,8.0,нет продаж 90 дн
oz_acc1,4489632696,от 2000 до 5000,12.0,нет продаж 90 дн
oz_acc1,4489632717,Эксперимент1,8.0,нет продаж 90 дн
oz_acc1,4489632777,от 1000-2000,12.0,нет продаж 90 дн
oz_acc1,4489632777,Эксперимент1,8.0,нет продаж 90 дн
oz_acc1,4489632834,Эксперимент1,8.0,нет продаж 90 дн
oz_acc1,4489632911,от 5000 до 10000,12.0,нет продаж 90 дн
oz_acc1,4489632911,Эксперимент1,8.0,нет продаж 90 дн
oz_acc1,4489632935,от 5000 до 10000,12.0,нет продаж 90 дн
oz_acc1,4489632935,Эксперимент1,8.0,нет продаж 90 дн
oz_acc1,4489632954,Эксперимент1,8.0,нет продаж 90 дн
oz_acc1,4489633056,Эксперимент1,8.0,нет продаж 90 дн
oz_acc1,4489633063,Эксперимент1,8.0,нет продаж 90 дн
oz_acc1,4489633110,Эксперимент1,8.0,нет продаж 90 дн
oz_acc1,4489633139,Эксперимент1,8.0,нет продаж 90 дн
oz_acc1,4489633157,Эксперимент1,8.0,нет продаж 90 дн
oz_acc1,4489633188,Эксперимент1,8.0,нет продаж 90 дн
oz_acc1,4489633295,от 2000 до 5000,12.0,нет продаж 90 дн
oz_acc1,4489633295,Эксперимент1,8.0,нет продаж 90 дн
oz_acc1,4489633324,от 0 до 1000,12.0,нет продаж 90 дн
oz_acc1,4489633324,Эксперимент1,8.0,нет продаж 90 дн
oz_acc1,4489633405,от 2000 до 5000,12.0,нет продаж 90 дн
oz_acc1,4489633405,Эксперимент1,8.0,нет продаж 90 дн
oz_acc1,4489633446,Эксперимент1,8.0,нет продаж 90 дн
oz_acc1,4489633456,от 1000-2000,12.0,нет продаж 90 дн
oz_acc1,4489633456,Эксперимент1,8.0,нет продаж 90 дн
oz_acc1,4489633488,Эксперимент1,8.0,нет продаж 90 дн
oz_acc1,4489633522,от 0 до 1000,10.0,нет продаж 90 дн
oz_acc1,4489633522,Эксперимент1,8.0,нет продаж 90 дн
oz_acc1,4489633659,Эксперимент1,8.0,нет продаж 90 дн
oz_acc1,4489633669,от 5000 до 10000,12.0,нет продаж 90 дн
oz_acc1,4489633669,Эксперимент1,8.0,нет продаж 90 дн
oz_acc1,4489633674,Эксперимент1,8.0,нет продаж 90 дн
oz_acc1,4489633808,Эксперимент1,8.0,нет продаж 90 дн
oz_acc1,4489633815,от 0 до 1000,10.0,нет продаж 90 дн
oz_acc1,4489633815,Эксперимент1,8.0,нет продаж 90 дн
oz_acc1,4489634061,от 5000 до 10000,12.0,нет продаж 90 дн
oz_acc1,4489634061,Эксперимент1,8.0,нет продаж 90 дн
oz_acc1,4489634338,от 5000 до 10000,12.0,нет продаж 90 дн
oz_acc1,4489634338,Эксперимент1,8.0,нет продаж 90 дн
oz_acc1,4489634450,Эксперимент1,8.0,нет продаж 90 дн
oz_acc1,4489634470,Эксперимент1,8.0,нет продаж 90 дн
oz_acc1,4489634634,от 2000 до 5000,12.0,нет продаж 90 дн
oz_acc1,4489634634,Эксперимент1,8.0,нет продаж 90 дн
oz_acc1,4489634671,Эксперимент1,8.0,нет продаж 90 дн
oz_acc1,4489635720,от 10000 до 500 тыс,12.0,нет продаж 90 дн
oz_acc1,4489637395,от 0 до 1000,10.0,нет продаж 90 дн
oz_acc1,4489637395,Эксперимент1,8.0,нет продаж 90 дн
oz_acc1,4490414072,от 2000 до 5000,12.0,нет продаж 90 дн
oz_acc1,4490414072,Эксперимент1,8.0,нет продаж 90 дн
oz_acc1,4490416732,от 2000 до 5000,12.0,нет продаж 90 дн
oz_acc1,4490416732,Эксперимент1,8.0,нет продаж 90 дн
oz_acc1,4490416802,от 5000 до 10000,12.0,нет продаж 90 дн
oz_acc1,4490417463,Эксперимент1,8.0,нет продаж 90 дн
oz_acc1,4490417508,Эксперимент1,8.0,нет продаж 90 дн
oz_acc1,4490417731,Эксперимент1,8.0,нет продаж 90 дн
oz_acc1,4490418273,Эксперимент1,8.0,нет продаж 90 дн
oz_acc1,4490418647,Эксперимент1,8.0,нет продаж 90 дн
oz_acc1,4490418666,Эксперимент1,8.0,нет продаж 90 дн
oz_acc1,4490418988,Эксперимент1,8.0,нет продаж 90 дн
oz_acc1,4490419529,от 5000 до 10000,12.0,нет продаж 90 дн
oz_acc1,4490419529,Эксперимент1,8.0,нет продаж 90 дн
oz_acc1,4490419577,Эксперимент1,8.0,нет продаж 90 дн
oz_acc1,4490419658,Эксперимент1,8.0,нет продаж 90 дн
oz_acc1,4490419772,от 1000-2000,12.0,нет продаж 90 дн
oz_acc1,4490419772,Эксперимент1,8.0,нет продаж 90 дн
oz_acc1,4490420143,от 10000 до 500 тыс,12.0,нет продаж 90 дн
oz_acc1,4490420181,от 5000 до 10000,12.0,нет продаж 90 дн
oz_acc1,4490420715,от 2000 до 5000,12.0,нет продаж 90 дн
oz_acc1,4490421108,от 10000 до 500 тыс,12.0,нет продаж 90 дн
oz_acc1,4490421279,Эксперимент1,8.0,нет продаж 90 дн
oz_acc1,4490421412,от 2000 до 5000,12.0,нет продаж 90 дн
oz_acc1,4490421412,Эксперимент1,8.0,нет продаж 90 дн
oz_acc1,4490421749,Эксперимент1,8.0,нет продаж 90 дн
oz_acc1,4490421940,Эксперимент1,8.0,нет продаж 90 дн
oz_acc1,4490422618,от 2000 до 5000,12.0,нет продаж 90 дн
oz_acc1,4490422618,Эксперимент1,8.0,нет продаж 90 дн
oz_acc1,4490422716,Эксперимент1,8.0,нет продаж 90 дн
oz_acc1,4490422776,от 2000 до 5000,12.0,нет продаж 90 дн
oz_acc1,4490422776,Эксперимент1,8.0,нет продаж 90 дн
oz_acc1,4490422806,от 2000 до 5000,12.0,нет продаж 90 дн
oz_acc1,4490422806,Эксперимент1,8.0,нет продаж 90 дн
oz_acc1,4490422834,Эксперимент1,8.0,нет продаж 90 дн
oz_acc1,4490422848,Эксперимент1,8.0,нет продаж 90 дн
oz_acc1,4490422919,Эксперимент1,8.0,нет продаж 90 дн
oz_acc1,4490422934,Эксперимент1,8.0,нет продаж 90 дн
oz_acc1,4490423184,Эксперимент1,8.0,нет продаж 90 дн
oz_acc1,4490423374,Эксперимент1,8.0,нет продаж 90 дн
oz_acc1,4490423404,Эксперимент1,8.0,нет продаж 90 дн
oz_acc1,4490423535,от 5000 до 10000,12.0,нет продаж 90 дн
oz_acc1,4490423535,Эксперимент1,8.0,нет продаж 90 дн
oz_acc1,4490423557,Эксперимент1,8.0,нет продаж 90 дн
oz_acc1,4490423942,Эксперимент1,8.0,нет продаж 90 дн
oz_acc1,4490424057,Эксперимент1,8.0,нет продаж 90 дн
oz_acc1,4490424103,Эксперимент1,8.0,нет продаж 90 дн
oz_acc1,4490424111,от 5000 до 10000,12.0,нет продаж 90 дн
oz_acc1,4490424111,Эксперимент1,8.0,нет продаж 90 дн
oz_acc1,4490424342,от 5000 до 10000,12.0,нет продаж 90 дн
oz_acc1,4490424342,Эксперимент1,8.0,нет продаж 90 дн
oz_acc1,4490424433,от 5000 до 10000,12.0,нет продаж 90 дн
oz_acc1,4490424433,Эксперимент1,8.0,нет продаж 90 дн
oz_acc1,4490424693,от 2000 до 5000,12.0,нет продаж 90 дн
oz_acc1,4490424693,Эксперимент1,8.0,нет продаж 90 дн
oz_acc1,4490424739,Эксперимент1,8.0,нет продаж 90 дн
oz_acc1,4490424751,Эксперимент1,8.0,нет продаж 90 дн
oz_acc1,4490424783,Эксперимент1,8.0,нет продаж 90 дн
oz_acc1,4490424889,от 5000 до 10000,12.0,нет продаж 90 дн
oz_acc1,4490424889,Эксперимент1,8.0,нет продаж 90 дн
oz_acc1,4490424893,Эксперимент1,8.0,нет продаж 90 дн
oz_acc1,4490424903,Эксперимент1,8.0,нет продаж 90 дн
oz_acc1,4490424983,Эксперимент1,8.0,нет продаж 90 дн
oz_acc1,4490425074,от 10000 до 500 тыс,12.0,нет продаж 90 дн
oz_acc1,4490425113,от 10000 до 500 тыс,12.0,нет продаж 90 дн
oz_acc1,4490425343,от 2000 до 5000,12.0,нет продаж 90 дн
oz_acc1,4490425343,Эксперимент1,8.0,нет продаж 90 дн
oz_acc1,4490425371,от 2000 до 5000,12.0,нет продаж 90 дн
oz_acc1,4490425371,Эксперимент1,8.0,нет продаж 90 дн
oz_acc1,4490425380,Эксперимент1,8.0,нет продаж 90 дн
oz_acc1,4490425411,Эксперимент1,8.0,нет продаж 90 дн
oz_acc1,4490425421,Эксперимент1,8.0,нет продаж 90 дн
oz_acc1,4490425598,Эксперимент1,8.0,нет продаж 90 дн
oz_acc1,4490425608,от 2000 до 5000,12.0,нет продаж 90 дн
oz_acc1,4490425608,Эксперимент1,8.0,нет продаж 90 дн
oz_acc1,4490425698,от 1000-2000,12.0,нет продаж 90 дн
oz_acc1,4490425698,Эксперимент1,8.0,нет продаж 90 дн
oz_acc1,4490425703,от 2000 до 5000,12.0,нет продаж 90 дн
oz_acc1,4490425703,Эксперимент1,8.0,нет продаж 90 дн
oz_acc1,4490425754,Эксперимент1,8.0,нет продаж 90 дн
oz_acc1,4490425883,Эксперимент1,8.0,нет продаж 90 дн
oz_acc1,4490426148,Эксперимент1,8.0,нет продаж 90 дн
oz_acc1,4490426247,Эксперимент1,8.0,нет продаж 90 дн
oz_acc1,4490426381,от 2000 до 5000,12.0,нет продаж 90 дн
oz_acc1,4490426381,Эксперимент1,8.0,нет продаж 90 дн
oz_acc1,4490426389,от 2000 до 5000,12.0,нет продаж 90 дн
oz_acc1,4490426389,Эксперимент1,8.0,нет продаж 90 дн
oz_acc1,4490426605,Эксперимент1,8.0,нет продаж 90 дн
oz_acc1,4490426613,от 10000 до 500 тыс,12.0,нет продаж 90 дн
oz_acc1,4490426613,Эксперимент1,8.0,нет продаж 90 дн
oz_acc1,4490426684,Эксперимент1,8.0,нет продаж 90 дн
oz_acc1,4490426690,от 10000 до 500 тыс,12.0,нет продаж 90 дн
oz_acc1,4490426690,Эксперимент1,8.0,нет продаж 90 дн
oz_acc1,4490426772,от 5000 до 10000,12.0,нет продаж 90 дн
oz_acc1,4490426772,Эксперимент1,8.0,нет продаж 90 дн
oz_acc1,4490426799,от 2000 до 5000,12.0,нет продаж 90 дн
oz_acc1,4490426799,Эксперимент1,8.0,нет продаж 90 дн
oz_acc1,4490426956,от 5000 до 10000,12.0,нет продаж 90 дн
oz_acc1,4490426956,Эксперимент1,8.0,нет продаж 90 дн
oz_acc1,4490427008,Эксперимент1,8.0,нет продаж 90 дн
oz_acc1,4490427017,Эксперимент1,8.0,нет продаж 90 дн
oz_acc1,4490427107,от 10000 до 500 тыс,12.0,нет продаж 90 дн
oz_acc1,4490427129,Эксперимент1,8.0,нет продаж 90 дн
oz_acc1,4490427133,Эксперимент1,8.0,нет продаж 90 дн
oz_acc1,4490427145,Эксперимент1,8.0,нет продаж 90 дн
oz_acc1,4490427185,от 2000 до 5000,12.0,нет продаж 90 дн
oz_acc1,4490427185,Эксперимент1,8.0,нет продаж 90 дн
oz_acc1,4490427193,Эксперимент1,8.0,нет продаж 90 дн
oz_acc1,4490427213,Эксперимент1,8.0,нет продаж 90 дн
oz_acc1,4490427318,от 2000 до 5000,12.0,нет продаж 90 дн
oz_acc1,4490427318,Эксперимент1,8.0,нет продаж 90 дн
oz_acc1,4490427347,от 5000 до 10000,12.0,нет продаж 90 дн
oz_acc1,4490427561,Эксперимент1,8.0,нет продаж 90 дн
oz_acc1,4490427629,Эксперимент1,8.0,нет продаж 90 дн
oz_acc1,4490427656,Эксперимент1,8.0,нет продаж 90 дн
oz_acc1,4490427728,Эксперимент1,8.0,нет продаж 90 дн
oz_acc1,4490427783,от 5000 до 10000,12.0,нет продаж 90 дн
oz_acc1,4490427807,от 10000 до 500 тыс,12.0,нет продаж 90 дн
oz_acc1,4490427807,Эксперимент1,8.0,нет продаж 90 дн
oz_acc1,4490427934,от 1000-2000,12.0,нет продаж 90 дн
oz_acc1,4490427934,Эксперимент1,8.0,нет продаж 90 дн
oz_acc1,4490428090,Эксперимент1,8.0,нет продаж 90 дн
oz_acc1,4490428303,от 10000 до 500 тыс,12.0,нет продаж 90 дн
oz_acc1,4490428303,Эксперимент1,8.0,нет продаж 90 дн
oz_acc1,4490428443,от 2000 до 5000,12.0,нет продаж 90 дн
oz_acc1,4490428447,Эксперимент1,8.0,нет продаж 90 дн
oz_acc1,4490428502,Эксперимент1,8.0,нет продаж 90 дн
oz_acc1,4490428529,Эксперимент1,8.0,нет продаж 90 дн
oz_acc1,4490428751,от 10000 до 500 тыс,12.0,нет продаж 90 дн
oz_acc1,4490428751,Эксперимент1,8.0,нет продаж 90 дн
oz_acc1,4490428873,от 5000 до 10000,12.0,нет продаж 90 дн
oz_acc1,4490428873,Эксперимент1,8.0,нет продаж 90 дн
oz_acc1,4490429322,от 10000 до 500 тыс,12.0,нет продаж 90 дн
oz_acc1,4490429327,от 10000 до 500 тыс,12.0,нет продаж 90 дн
oz_acc1,4490429393,от 5000 до 10000,12.0,нет продаж 90 дн
oz_acc1,4490429459,от 5000 до 10000,12.0,нет продаж 90 дн
oz_acc1,4490429519,от 2000 до 5000,12.0,нет продаж 90 дн
oz_acc1,4490429519,Эксперимент1,8.0,нет продаж 90 дн
oz_acc1,4490429551,Эксперимент1,8.0,нет продаж 90 дн
oz_acc1,4490429639,Эксперимент1,8.0,нет продаж 90 дн
oz_acc1,4490429765,Эксперимент1,8.0,нет продаж 90 дн
oz_acc1,4490429800,от 5000 до 10000,12.0,нет продаж 90 дн
oz_acc1,4490429800,Эксперимент1,8.0,нет продаж 90 дн
oz_acc1,4490429933,от 10000 до 500 тыс,12.0,нет продаж 90 дн
oz_acc1,4490430155,от 5000 до 10000,12.0,нет продаж 90 дн
oz_acc1,4490430155,Эксперимент1,8.0,нет продаж 90 дн
oz_acc1,4490430236,Эксперимент1,8.0,нет продаж 90 дн
oz_acc1,4490430381,Эксперимент1,8.0,нет продаж 90 дн
oz_acc1,4490430412,Эксперимент1,8.0,нет продаж 90 дн
oz_acc1,4490430436,от 10000 до 500 тыс,12.0,нет продаж 90 дн
oz_acc1,4490430473,Эксперимент1,8.0,нет продаж 90 дн
oz_acc1,4490430549,от 2000 до 5000,12.0,нет продаж 90 дн
oz_acc1,4490430549,Эксперимент1,8.0,нет продаж 90 дн
oz_acc1,4490430682,от 2000 до 5000,12.0,нет продаж 90 дн
oz_acc1,4490430682,Эксперимент1,8.0,нет продаж 90 дн
oz_acc1,4490430690,Эксперимент1,8.0,нет продаж 90 дн
oz_acc1,4490430784,от 5000 до 10000,12.0,нет продаж 90 дн
oz_acc1,4490430798,от 5000 до 10000,12.0,нет продаж 90 дн
oz_acc1,4490430809,от 2000 до 5000,12.0,нет продаж 90 дн
oz_acc1,4490430809,Эксперимент1,8.0,нет продаж 90 дн
oz_acc1,4490430868,от 2000 до 5000,12.0,нет продаж 90 дн
oz_acc1,4490430868,Эксперимент1,8.0,нет продаж 90 дн
oz_acc1,4490430894,от 5000 до 10000,12.0,нет продаж 90 дн
oz_acc1,4490430970,Эксперимент1,8.0,нет продаж 90 дн
oz_acc1,4490431218,Эксперимент1,8.0,нет продаж 90 дн
oz_acc1,4490431237,от 5000 до 10000,12.0,нет продаж 90 дн
oz_acc1,4490431242,Эксперимент1,8.0,нет продаж 90 дн
oz_acc1,4490431345,от 10000 до 500 тыс,12.0,нет продаж 90 дн
oz_acc1,4490431345,Эксперимент1,8.0,нет продаж 90 дн
oz_acc1,4490431627,от 5000 до 10000,12.0,нет продаж 90 дн
oz_acc1,4490431657,от 10000 до 500 тыс,12.0,нет продаж 90 дн
oz_acc1,4490431701,Эксперимент1,8.0,нет продаж 90 дн
oz_acc1,4490431712,Эксперимент1,8.0,нет продаж 90 дн
oz_acc1,4490431728,от 10000 до 500 тыс,12.0,нет продаж 90 дн
oz_acc1,4490431777,от 5000 до 10000,12.0,нет продаж 90 дн
oz_acc1,4490431842,от 2000 до 5000,12.0,нет продаж 90 дн
oz_acc1,4490431842,Эксперимент1,8.0,нет продаж 90 дн
oz_acc1,4490431905,от 2000 до 5000,12.0,нет продаж 90 дн
oz_acc1,4490431905,Эксперимент1,8.0,нет продаж 90 дн
oz_acc1,4490431919,Эксперимент1,8.0,нет продаж 90 дн
oz_acc1,4490431932,Эксперимент1,8.0,нет продаж 90 дн
oz_acc1,4490431945,от 10000 до 500 тыс,12.0,нет продаж 90 дн
oz_acc1,4490432030,от 2000 до 5000,12.0,нет продаж 90 дн
oz_acc1,4490432030,Эксперимент1,8.0,нет продаж 90 дн
oz_acc1,4490432070,от 10000 до 500 тыс,12.0,нет продаж 90 дн
oz_acc1,4490432125,от 10000 до 500 тыс,12.0,нет продаж 90 дн
oz_acc1,4490432125,Эксперимент1,8.0,нет продаж 90 дн
oz_acc1,4490432214,от 2000 до 5000,12.0,нет продаж 90 дн
oz_acc1,4490432214,Эксперимент1,8.0,нет продаж 90 дн
oz_acc1,4490432276,от 2000 до 5000,12.0,нет продаж 90 дн
oz_acc1,4490432276,Эксперимент1,8.0,нет продаж 90 дн
oz_acc1,4490432501,от 5000 до 10000,12.0,нет продаж 90 дн
oz_acc1,4490432501,Эксперимент1,8.0,нет продаж 90 дн
oz_acc1,4490432692,от 2000 до 5000,12.0,нет продаж 90 дн
oz_acc1,4490432833,от 10000 до 500 тыс,12.0,нет продаж 90 дн
oz_acc1,4490432866,Эксперимент1,8.0,нет продаж 90 дн
oz_acc1,4490432959,от 2000 до 5000,12.0,нет продаж 90 дн
oz_acc1,4490432959,Эксперимент1,8.0,нет продаж 90 дн
oz_acc1,4490432983,Эксперимент1,8.0,нет продаж 90 дн
oz_acc1,4490433454,от 5000 до 10000,12.0,нет продаж 90 дн
oz_acc1,4490433457,от 2000 до 5000,12.0,нет продаж 90 дн
oz_acc1,4490433457,Эксперимент1,8.0,нет продаж 90 дн
oz_acc1,4490433554,Эксперимент1,8.0,нет продаж 90 дн
oz_acc1,4490433589,от 10000 до 500 тыс,12.0,нет продаж 90 дн
oz_acc1,4490433589,Эксперимент1,8.0,нет продаж 90 дн
oz_acc1,4490433699,от 5000 до 10000,12.0,нет продаж 90 дн
oz_acc1,4490433700,Эксперимент1,8.0,нет продаж 90 дн
oz_acc1,4490433875,Эксперимент1,8.0,нет продаж 90 дн
oz_acc1,4490433912,Эксперимент1,8.0,нет продаж 90 дн
oz_acc1,4490434158,от 10000 до 500 тыс,12.0,нет продаж 90 дн
oz_acc1,4490434158,Эксперимент1,8.0,нет продаж 90 дн
oz_acc1,4490434429,Эксперимент1,8.0,нет продаж 90 дн
oz_acc1,4490434452,Эксперимент1,8.0,нет продаж 90 дн
oz_acc1,4490434505,Эксперимент1,8.0,нет продаж 90 дн
oz_acc1,4490434525,Эксперимент1,8.0,нет продаж 90 дн
oz_acc1,4490434693,Эксперимент1,8.0,нет продаж 90 дн
oz_acc1,4490434922,от 5000 до 10000,12.0,нет продаж 90 дн
oz_acc1,4490434922,Эксперимент1,8.0,нет продаж 90 дн
oz_acc1,4490434995,Эксперимент1,8.0,нет продаж 90 дн
oz_acc1,4490435047,от 2000 до 5000,12.0,нет продаж 90 дн
oz_acc1,4490435047,Эксперимент1,8.0,нет продаж 90 дн
oz_acc1,4490435078,от 10000 до 500 тыс,12.0,нет продаж 90 дн
oz_acc1,4490435078,Эксперимент1,8.0,нет продаж 90 дн
oz_acc1,4490435146,Эксперимент1,8.0,нет продаж 90 дн
oz_acc1,4490435563,Эксперимент1,8.0,нет продаж 90 дн
oz_acc1,4490435598,от 2000 до 5000,12.0,нет продаж 90 дн
oz_acc1,4490435598,Эксперимент1,8.0,нет продаж 90 дн
oz_acc1,4490435717,от 5000 до 10000,12.0,нет продаж 90 дн
oz_acc1,4490436087,Эксперимент1,8.0,нет продаж 90 дн
oz_acc1,4490436227,Эксперимент1,8.0,нет продаж 90 дн
oz_acc1,4490436273,Эксперимент1,8.0,нет продаж 90 дн
oz_acc1,4490436654,Эксперимент1,8.0,нет продаж 90 дн
oz_acc1,4490437244,Эксперимент1,8.0,нет продаж 90 дн
oz_acc1,4490437370,от 5000 до 10000,12.0,нет продаж 90 дн
oz_acc1,4490437468,от 5000 до 10000,12.0,нет продаж 90 дн
oz_acc1,4490437468,Эксперимент1,8.0,нет продаж 90 дн
oz_acc1,4490437477,от 5000 до 10000,12.0,нет продаж 90 дн
oz_acc1,4490437477,Эксперимент1,8.0,нет продаж 90 дн
oz_acc1,4490437567,Эксперимент1,8.0,нет продаж 90 дн
oz_acc1,4490437816,от 2000 до 5000,12.0,нет продаж 90 дн
oz_acc1,4490437816,Эксперимент1,8.0,нет продаж 90 дн
oz_acc1,4490437839,Эксперимент1,8.0,нет продаж 90 дн
oz_acc1,4490438308,Эксперимент1,8.0,нет продаж 90 дн
oz_acc1,4490438367,Эксперимент1,8.0,нет продаж 90 дн
oz_acc1,4490438726,Эксперимент1,8.0,нет продаж 90 дн
oz_acc1,4490439121,от 10000 до 500 тыс,12.0,нет продаж 90 дн
oz_acc1,4490439121,Эксперимент1,8.0,нет продаж 90 дн
oz_acc1,4490439650,от 5000 до 10000,12.0,нет продаж 90 дн
oz_acc1,4490439650,Эксперимент1,8.0,нет продаж 90 дн
oz_acc1,4490439985,Эксперимент1,8.0,нет продаж 90 дн
oz_acc1,4490440066,от 5000 до 10000,12.0,нет продаж 90 дн
oz_acc1,4490440066,Эксперимент1,8.0,нет продаж 90 дн
oz_acc1,4490440177,от 10000 до 500 тыс,12.0,нет продаж 90 дн
oz_acc1,4490440177,Эксперимент1,8.0,нет продаж 90 дн
oz_acc1,4490440270,Эксперимент1,8.0,нет продаж 90 дн
oz_acc1,4490440397,Эксперимент1,8.0,нет продаж 90 дн
oz_acc1,4490440403,Эксперимент1,8.0,нет продаж 90 дн
oz_acc1,4490440527,Эксперимент1,8.0,нет продаж 90 дн
oz_acc1,4490440682,от 2000 до 5000,12.0,нет продаж 90 дн
oz_acc1,4490440682,Эксперимент1,8.0,нет продаж 90 дн
oz_acc1,4490440799,Эксперимент1,8.0,нет продаж 90 дн
oz_acc1,4490441146,от 5000 до 10000,12.0,нет продаж 90 дн
oz_acc1,4490441146,Эксперимент1,8.0,нет продаж 90 дн
oz_acc1,4490441270,от 10000 до 500 тыс,12.0,нет продаж 90 дн
oz_acc1,4490442754,Эксперимент1,8.0,нет продаж 90 дн
oz_acc1,4490443141,Эксперимент1,8.0,нет продаж 90 дн
oz_acc1,4490443527,Эксперимент1,8.0,нет продаж 90 дн
oz_acc1,4490444574,от 5000 до 10000,12.0,нет продаж 90 дн
oz_acc1,4490445117,от 10000 до 500 тыс,12.0,нет продаж 90 дн
oz_acc1,4490445117,Эксперимент1,8.0,нет продаж 90 дн
oz_acc1,4490445222,от 10000 до 500 тыс,12.0,нет продаж 90 дн
oz_acc1,4490445222,Эксперимент1,8.0,нет продаж 90 дн
oz_acc1,4490445437,от 2000 до 5000,12.0,нет продаж 90 дн
oz_acc1,4490445709,от 5000 до 10000,12.0,нет продаж 90 дн
oz_acc1,4490445770,от 10000 до 500 тыс,12.0,нет продаж 90 дн
oz_acc1,4490445770,Эксперимент1,8.0,нет продаж 90 дн
oz_acc1,4490446286,Эксперимент1,8.0,нет продаж 90 дн
oz_acc1,4490446390,Эксперимент1,8.0,нет продаж 90 дн
oz_acc1,4490446698,от 2000 до 5000,12.0,нет продаж 90 дн
oz_acc1,4490446698,Эксперимент1,8.0,нет продаж 90 дн
oz_acc1,4490446989,Эксперимент1,8.0,нет продаж 90 дн
oz_acc1,4490447010,от 10000 до 500 тыс,12.0,нет продаж 90 дн
oz_acc1,4490447010,Эксперимент1,8.0,нет продаж 90 дн
oz_acc1,4490447138,Эксперимент1,8.0,нет продаж 90 дн
oz_acc1,4490447499,от 10000 до 500 тыс,12.0,нет продаж 90 дн
oz_acc1,4490447678,Эксперимент1,8.0,нет продаж 90 дн
oz_acc1,4490448571,от 2000 до 5000,12.0,нет продаж 90 дн
oz_acc1,4490448571,Эксперимент1,8.0,нет продаж 90 дн
oz_acc1,4490448934,Эксперимент1,8.0,нет продаж 90 дн
oz_acc1,4490449480,Эксперимент1,8.0,нет продаж 90 дн
oz_acc1,4490450291,Эксперимент1,8.0,нет продаж 90 дн
oz_acc1,4490450765,от 2000 до 5000,12.0,нет продаж 90 дн
oz_acc1,4490450765,Эксперимент1,8.0,нет продаж 90 дн
oz_acc1,4490451005,Эксперимент1,8.0,нет продаж 90 дн
oz_acc1,4490454130,от 5000 до 10000,12.0,нет продаж 90 дн
oz_acc1,4490454130,Эксперимент1,8.0,нет продаж 90 дн
oz_acc1,4490454429,Эксперимент1,8.0,нет продаж 90 дн
oz_acc1,4490455731,от 10000 до 500 тыс,12.0,нет продаж 90 дн
oz_acc1,4490456113,Эксперимент1,8.0,нет продаж 90 дн
oz_acc1,4490456745,Эксперимент1,8.0,нет продаж 90 дн
oz_acc1,4490457127,от 10000 до 500 тыс,12.0,нет продаж 90 дн
oz_acc1,4490457403,Эксперимент1,8.0,нет продаж 90 дн
oz_acc1,4490457542,от 1000-2000,12.0,нет продаж 90 дн
oz_acc1,4490457542,Эксперимент1,8.0,нет продаж 90 дн
oz_acc1,4490458599,Эксперимент1,8.0,нет продаж 90 дн
oz_acc1,4490459035,от 5000 до 10000,12.0,нет продаж 90 дн
oz_acc1,4490459035,Эксперимент1,8.0,нет продаж 90 дн
oz_acc1,4490459542,Эксперимент1,8.0,нет продаж 90 дн
oz_acc1,4490463008,Эксперимент1,8.0,нет продаж 90 дн
oz_acc1,4490466741,от 5000 до 10000,12.0,нет продаж 90 дн
oz_acc1,4490469929,Эксперимент1,8.0,нет продаж 90 дн
oz_acc1,4490474771,Эксперимент1,8.0,нет продаж 90 дн
oz_acc1,4490476296,Эксперимент1,8.0,нет продаж 90 дн
oz_acc1,4492320280,от 2000 до 5000,12.0,нет продаж 90 дн
oz_acc1,4492320280,Эксперимент1,8.0,нет продаж 90 дн
oz_acc1,4492324242,Эксперимент1,8.0,нет продаж 90 дн
oz_acc1,4492324468,от 5000 до 10000,12.0,нет продаж 90 дн
oz_acc1,4492324468,Эксперимент1,8.0,нет продаж 90 дн
oz_acc1,4492328778,от 5000 до 10000,12.0,нет продаж 90 дн
oz_acc1,4492329717,от 5000 до 10000,12.0,нет продаж 90 дн
oz_acc1,4492329717,Эксперимент1,8.0,нет продаж 90 дн
oz_acc1,4492330729,Эксперимент1,8.0,нет продаж 90 дн
oz_acc1,4492332272,Эксперимент1,8.0,нет продаж 90 дн
oz_acc1,4492332380,Эксперимент1,8.0,нет продаж 90 дн
oz_acc1,4492332634,Эксперимент1,8.0,нет продаж 90 дн
oz_acc1,4492332767,от 5000 до 10000,12.0,нет продаж 90 дн
oz_acc1,4492332767,Эксперимент1,8.0,нет продаж 90 дн
oz_acc1,4492333799,Эксперимент1,8.0,нет продаж 90 дн
oz_acc1,4492334065,Эксперимент1,8.0,нет продаж 90 дн
oz_acc1,4492334294,от 2000 до 5000,12.0,нет продаж 90 дн
oz_acc1,4492334294,Эксперимент1,8.0,нет продаж 90 дн
oz_acc1,4492334490,от 5000 до 10000,12.0,нет продаж 90 дн
oz_acc1,4492334490,Эксперимент1,8.0,нет продаж 90 дн
oz_acc1,4492334709,от 2000 до 5000,12.0,нет продаж 90 дн
oz_acc1,4492334931,Эксперимент1,8.0,нет продаж 90 дн
oz_acc1,4492335588,Эксперимент1,8.0,нет продаж 90 дн
oz_acc1,4492335640,от 2000 до 5000,12.0,нет продаж 90 дн
oz_acc1,4492335640,Эксперимент1,8.0,нет продаж 90 дн
oz_acc1,4492336492,от 2000 до 5000,12.0,нет продаж 90 дн
oz_acc1,4492336492,Эксперимент1,8.0,нет продаж 90 дн
oz_acc1,4492336729,от 2000 до 5000,12.0,нет продаж 90 дн
oz_acc1,4492336729,Эксперимент1,8.0,нет продаж 90 дн
oz_acc1,4492337372,от 2000 до 5000,12.0,нет продаж 90 дн
oz_acc1,4492337372,Эксперимент1,8.0,нет продаж 90 дн
oz_acc1,4492338601,от 2000 до 5000,12.0,нет продаж 90 дн
oz_acc1,4492338601,Эксперимент1,8.0,нет продаж 90 дн
oz_acc1,4492339096,от 1000-2000,12.0,нет продаж 90 дн
oz_acc1,4492339096,Эксперимент1,8.0,нет продаж 90 дн
oz_acc1,4492339672,от 5000 до 10000,12.0,нет продаж 90 дн
oz_acc1,4492339672,Эксперимент1,8.0,нет продаж 90 дн
oz_acc1,4492340992,от 2000 до 5000,12.0,нет продаж 90 дн
oz_acc1,4492340992,Эксперимент1,8.0,нет продаж 90 дн
oz_acc1,4492341073,от 10000 до 500 тыс,12.0,нет продаж 90 дн
oz_acc1,4492341073,Эксперимент1,8.0,нет продаж 90 дн
oz_acc1,4492341289,от 5000 до 10000,12.0,нет продаж 90 дн
oz_acc1,4492341289,Эксперимент1,8.0,нет продаж 90 дн
oz_acc1,4492341847,от 2000 до 5000,12.0,нет продаж 90 дн
oz_acc1,4492341847,Эксперимент1,8.0,нет продаж 90 дн
oz_acc1,4492342209,от 5000 до 10000,12.0,нет продаж 90 дн
oz_acc1,4492342209,Эксперимент1,8.0,нет продаж 90 дн
oz_acc1,4492342213,от 5000 до 10000,12.0,нет продаж 90 дн
oz_acc1,4492342230,Эксперимент1,8.0,нет продаж 90 дн
oz_acc1,4492342322,от 5000 до 10000,12.0,нет продаж 90 дн
oz_acc1,4492342580,Эксперимент1,8.0,нет продаж 90 дн
oz_acc1,4492342799,Эксперимент1,8.0,нет продаж 90 дн
oz_acc1,4492342964,от 2000 до 5000,12.0,нет продаж 90 дн
oz_acc1,4492342964,Эксперимент1,8.0,нет продаж 90 дн
oz_acc1,4492343219,Эксперимент1,8.0,нет продаж 90 дн
oz_acc1,4492344389,Эксперимент1,8.0,нет маржи и нет продаж 90 дн
oz_acc1,4492345519,от 2000 до 5000,12.0,нет продаж 90 дн
oz_acc1,4492345519,Эксперимент1,8.0,нет продаж 90 дн
oz_acc1,4492345565,Эксперимент1,8.0,нет продаж 90 дн
oz_acc1,4492345863,от 2000 до 5000,12.0,нет продаж 90 дн
oz_acc1,4492346297,от 5000 до 10000,12.0,нет продаж 90 дн
oz_acc1,4492347003,от 2000 до 5000,12.0,нет продаж 90 дн
oz_acc1,4492347003,Эксперимент1,8.0,нет продаж 90 дн
oz_acc1,4492347406,от 5000 до 10000,12.0,нет продаж 90 дн
oz_acc1,4492347646,от 2000 до 5000,12.0,нет продаж 90 дн
oz_acc1,4492347646,Эксперимент1,8.0,нет продаж 90 дн
oz_acc1,4492347850,от 2000 до 5000,12.0,нет продаж 90 дн
oz_acc1,4492347850,Эксперимент1,8.0,нет продаж 90 дн
oz_acc1,4492348047,от 5000 до 10000,12.0,нет продаж 90 дн
oz_acc1,4492348047,Эксперимент1,8.0,нет продаж 90 дн
oz_acc1,4492348294,от 5000 до 10000,12.0,нет продаж 90 дн
oz_acc1,4492348294,Эксперимент1,8.0,нет продаж 90 дн
oz_acc1,4492348766,Эксперимент1,8.0,нет продаж 90 дн
oz_acc1,4492348936,от 2000 до 5000,12.0,нет продаж 90 дн
oz_acc1,4492348936,Эксперимент1,8.0,нет продаж 90 дн
oz_acc1,4492349123,от 5000 до 10000,12.0,нет продаж 90 дн
oz_acc1,4492349123,Эксперимент1,8.0,нет продаж 90 дн
oz_acc1,4492349269,Эксперимент1,8.0,нет продаж 90 дн
oz_acc1,4492349643,от 1000-2000,12.0,нет продаж 90 дн
oz_acc1,4492349643,Эксперимент1,8.0,нет продаж 90 дн
oz_acc1,4492349650,от 5000 до 10000,12.0,нет продаж 90 дн
oz_acc1,4492349650,Эксперимент1,8.0,нет продаж 90 дн
oz_acc1,4492349812,от 5000 до 10000,12.0,нет продаж 90 дн
oz_acc1,4492350570,от 5000 до 10000,12.0,нет продаж 90 дн
oz_acc1,4492350844,Эксперимент1,8.0,нет продаж 90 дн
oz_acc1,4492351021,от 2000 до 5000,12.0,нет продаж 90 дн
oz_acc1,4492351021,Эксперимент1,8.0,нет продаж 90 дн
oz_acc1,4492352320,от 2000 до 5000,12.0,нет продаж 90 дн
oz_acc1,4492352320,Эксперимент1,8.0,нет продаж 90 дн
oz_acc1,4492352327,от 5000 до 10000,12.0,нет продаж 90 дн
oz_acc1,4492352972,Эксперимент1,8.0,нет продаж 90 дн
oz_acc1,4492355001,Эксперимент1,8.0,нет продаж 90 дн
oz_acc1,4492356592,от 2000 до 5000,12.0,нет продаж 90 дн
oz_acc1,4492356592,Эксперимент1,8.0,нет продаж 90 дн
oz_acc1,4492357164,Эксперимент1,8.0,нет продаж 90 дн
oz_acc1,4492358546,от 5000 до 10000,12.0,нет продаж 90 дн
oz_acc1,4492358546,Эксперимент1,8.0,нет продаж 90 дн
oz_acc1,4492358631,от 2000 до 5000,12.0,нет продаж 90 дн
oz_acc1,4492359024,от 5000 до 10000,12.0,нет продаж 90 дн
oz_acc1,4492359024,Эксперимент1,8.0,нет продаж 90 дн
oz_acc1,4492360582,Эксперимент1,8.0,нет продаж 90 дн
oz_acc1,4492360820,Эксперимент1,8.0,нет продаж 90 дн
oz_acc1,4492360951,Эксперимент1,8.0,нет продаж 90 дн
oz_acc1,4492360979,Эксперимент1,8.0,нет продаж 90 дн
oz_acc1,4492361080,от 5000 до 10000,12.0,нет продаж 90 дн
oz_acc1,4492361080,Эксперимент1,8.0,нет продаж 90 дн
oz_acc1,4492362175,от 5000 до 10000,12.0,нет продаж 90 дн
oz_acc1,4492362175,Эксперимент1,8.0,нет продаж 90 дн
oz_acc1,4492362724,Эксперимент1,8.0,нет продаж 90 дн
oz_acc1,4492362902,Эксперимент1,8.0,нет продаж 90 дн
oz_acc1,4492363154,от 1000-2000,12.0,нет продаж 90 дн
oz_acc1,4492363154,Эксперимент1,8.0,нет продаж 90 дн
oz_acc1,4492363228,от 2000 до 5000,12.0,нет продаж 90 дн
oz_acc1,4492363228,Эксперимент1,8.0,нет продаж 90 дн
oz_acc1,4492364501,от 2000 до 5000,12.0,нет продаж 90 дн
oz_acc1,4492364501,Эксперимент1,8.0,нет продаж 90 дн
oz_acc1,4492365432,от 5000 до 10000,12.0,нет продаж 90 дн
oz_acc1,4492368219,Эксперимент1,8.0,нет продаж 90 дн
oz_acc1,4492371331,от 2000 до 5000,12.0,нет продаж 90 дн
oz_acc1,4492371331,Эксперимент1,8.0,нет продаж 90 дн
oz_acc1,4492371802,Эксперимент1,8.0,нет продаж 90 дн
oz_acc1,4492372227,от 5000 до 10000,12.0,нет продаж 90 дн
oz_acc1,4492373392,Эксперимент1,8.0,нет продаж 90 дн
oz_acc1,4492377389,от 2000 до 5000,12.0,нет продаж 90 дн
oz_acc1,4492377389,Эксперимент1,8.0,нет продаж 90 дн
oz_acc1,4492377654,от 5000 до 10000,12.0,нет продаж 90 дн
oz_acc1,4492378123,от 2000 до 5000,12.0,нет продаж 90 дн
oz_acc1,4492379476,от 2000 до 5000,12.0,нет продаж 90 дн
oz_acc1,4492382050,от 5000 до 10000,12.0,нет продаж 90 дн
oz_acc1,4492382050,Эксперимент1,8.0,нет продаж 90 дн
oz_acc1,4492387060,от 2000 до 5000,12.0,нет продаж 90 дн
oz_acc1,4492387060,Эксперимент1,8.0,нет продаж 90 дн
oz_acc1,4492393972,Эксперимент1,8.0,нет продаж 90 дн
oz_acc1,4492398465,Эксперимент1,8.0,нет продаж 90 дн
oz_acc1,4492398498,от 5000 до 10000,12.0,нет продаж 90 дн
oz_acc1,4492398498,Эксперимент1,8.0,нет продаж 90 дн
oz_acc1,4492401263,от 2000 до 5000,12.0,нет продаж 90 дн
oz_acc1,4492401263,Эксперимент1,8.0,нет продаж 90 дн
oz_acc1,4492401337,Эксперимент1,8.0,нет продаж 90 дн
oz_acc1,4492401628,от 1000-2000,12.0,нет продаж 90 дн
oz_acc1,4492401628,Эксперимент1,8.0,нет продаж 90 дн
oz_acc1,4492402435,от 5000 до 10000,12.0,нет продаж 90 дн
oz_acc1,4492404846,от 10000 до 500 тыс,12.0,нет продаж 90 дн
oz_acc1,4492405136,Эксперимент1,8.0,нет продаж 90 дн
oz_acc1,4492406249,от 5000 до 10000,12.0,нет продаж 90 дн
oz_acc1,4492407237,от 5000 до 10000,12.0,нет продаж 90 дн
oz_acc1,4492407237,Эксперимент1,8.0,нет продаж 90 дн
oz_acc1,4492407505,от 2000 до 5000,12.0,нет продаж 90 дн
oz_acc1,4492407505,Эксперимент1,8.0,нет продаж 90 дн
oz_acc1,4492407624,Эксперимент1,8.0,нет продаж 90 дн
oz_acc1,4492410431,от 2000 до 5000,12.0,нет продаж 90 дн
oz_acc1,4492410431,Эксперимент1,8.0,нет продаж 90 дн
oz_acc1,4492410469,от 5000 до 10000,12.0,нет продаж 90 дн
oz_acc1,4492410469,Эксперимент1,8.0,нет продаж 90 дн
oz_acc1,4492413689,Эксперимент1,8.0,нет продаж 90 дн
oz_acc1,4492413718,от 2000 до 5000,12.0,нет продаж 90 дн
oz_acc1,4492413718,Эксперимент1,8.0,нет продаж 90 дн
oz_acc1,4492415362,от 2000 до 5000,12.0,нет продаж 90 дн
oz_acc1,4492415362,Эксперимент1,8.0,нет продаж 90 дн
oz_acc1,4492416825,от 2000 до 5000,12.0,нет продаж 90 дн
oz_acc1,4492416825,Эксперимент1,8.0,нет продаж 90 дн
oz_acc1,4492422596,от 5000 до 10000,12.0,нет продаж 90 дн
oz_acc1,4492422596,Эксперимент1,8.0,нет продаж 90 дн
oz_acc1,4492423507,от 2000 до 5000,12.0,нет продаж 90 дн
oz_acc1,4492423507,Эксперимент1,8.0,нет продаж 90 дн
oz_acc1,4492449552,Эксперимент1,8.0,нет продаж 90 дн
oz_acc1,4492450867,Эксперимент1,8.0,нет маржи и нет продаж 90 дн
oz_acc1,4492453985,от 2000 до 5000,12.0,нет продаж 90 дн
oz_acc1,4492453985,Эксперимент1,8.0,нет продаж 90 дн
oz_acc1,4492454556,от 1000-2000,12.0,нет продаж 90 дн
oz_acc1,4492454556,Эксперимент1,8.0,нет продаж 90 дн
oz_acc1,4492459392,от 5000 до 10000,12.0,нет продаж 90 дн
oz_acc1,4492459392,Эксперимент1,8.0,нет продаж 90 дн
oz_acc1,4492459485,Эксперимент1,8.0,нет продаж 90 дн
oz_acc1,4492461338,от 2000 до 5000,12.0,нет продаж 90 дн
oz_acc1,4492461338,Эксперимент1,8.0,нет продаж 90 дн
oz_acc1,4492462547,Эксперимент1,8.0,нет продаж 90 дн
oz_acc1,4492463349,Эксперимент1,8.0,нет продаж 90 дн
oz_acc1,4492468669,от 2000 до 5000,12.0,нет продаж 90 дн
oz_acc1,4492468669,Эксперимент1,8.0,нет продаж 90 дн
oz_acc1,4492477997,Эксперимент1,8.0,нет продаж 90 дн
oz_acc1,4492478800,Эксперимент1,8.0,нет продаж 90 дн
oz_acc1,4492483957,Эксперимент1,8.0,нет продаж 90 дн
oz_acc1,4492484107,от 2000 до 5000,12.0,нет продаж 90 дн
oz_acc1,4492484107,Эксперимент1,8.0,нет продаж 90 дн
oz_acc1,4492487302,от 5000 до 10000,12.0,нет продаж 90 дн
oz_acc1,4492488807,от 5000 до 10000,12.0,нет продаж 90 дн
oz_acc1,4492488807,Эксперимент1,8.0,нет продаж 90 дн
oz_acc1,4492489232,от 2000 до 5000,12.0,нет продаж 90 дн
oz_acc1,4492489619,Эксперимент1,8.0,нет продаж 90 дн
oz_acc1,4492490544,от 5000 до 10000,12.0,нет продаж 90 дн
oz_acc1,4492490544,Эксперимент1,8.0,нет продаж 90 дн
oz_acc1,4492492736,Эксперимент1,8.0,нет продаж 90 дн
oz_acc1,4492493341,от 5000 до 10000,12.0,нет продаж 90 дн
oz_acc1,4492493341,Эксперимент1,8.0,нет продаж 90 дн
oz_acc1,4492494532,от 2000 до 5000,12.0,нет продаж 90 дн
oz_acc1,4492494532,Эксперимент1,8.0,нет продаж 90 дн
oz_acc1,4492495420,Эксперимент1,8.0,нет продаж 90 дн
oz_acc1,4492495842,от 2000 до 5000,12.0,нет продаж 90 дн
oz_acc1,4492495842,Эксперимент1,8.0,нет продаж 90 дн
oz_acc1,4492496919,от 5000 до 10000,12.0,нет продаж 90 дн
oz_acc1,4492496919,Эксперимент1,8.0,нет продаж 90 дн
oz_acc1,4492497225,от 5000 до 10000,12.0,нет продаж 90 дн
oz_acc1,4492497225,Эксперимент1,8.0,нет продаж 90 дн
oz_acc1,4492497583,Эксперимент1,8.0,нет продаж 90 дн
oz_acc1,4492497855,от 2000 до 5000,12.0,нет продаж 90 дн
oz_acc1,4492497855,Эксперимент1,8.0,нет продаж 90 дн
oz_acc1,4492498101,от 5000 до 10000,12.0,нет продаж 90 дн
oz_acc1,4492498101,Эксперимент1,8.0,нет продаж 90 дн
oz_acc1,4492498973,от 2000 до 5000,12.0,нет продаж 90 дн
oz_acc1,4492498973,Эксперимент1,8.0,нет продаж 90 дн
oz_acc1,4492508061,от 2000 до 5000,12.0,нет продаж 90 дн
oz_acc1,4492508061,Эксперимент1,8.0,нет продаж 90 дн
oz_acc1,4492512420,от 5000 до 10000,12.0,нет продаж 90 дн
oz_acc1,4492512420,Эксперимент1,8.0,нет продаж 90 дн
oz_acc1,4492512856,от 5000 до 10000,12.0,нет продаж 90 дн
oz_acc1,4492512856,Эксперимент1,8.0,нет продаж 90 дн
oz_acc1,4492520789,Эксперимент1,8.0,нет продаж 90 дн
oz_acc1,4492572556,от 5000 до 10000,12.0,нет продаж 90 дн
oz_acc1,4492572556,Эксперимент1,8.0,нет продаж 90 дн
oz_acc1,4492574341,Эксперимент1,8.0,нет продаж 90 дн
oz_acc1,4492592154,от 5000 до 10000,12.0,нет продаж 90 дн
oz_acc1,4492592154,Эксперимент1,8.0,нет продаж 90 дн
oz_acc1,4492596479,от 2000 до 5000,12.0,нет продаж 90 дн
oz_acc1,4492596479,Эксперимент1,8.0,нет продаж 90 дн
oz_acc1,4492598567,Эксперимент1,8.0,нет продаж 90 дн
oz_acc1,4492601390,Эксперимент1,8.0,нет продаж 90 дн
oz_acc1,4492607094,Эксперимент1,8.0,нет продаж 90 дн
oz_acc1,4492609257,Эксперимент1,8.0,нет продаж 90 дн
oz_acc1,4493508341,Эксперимент1,8.0,нет продаж 90 дн
oz_acc1,4493508815,Эксперимент1,8.0,нет продаж 90 дн
oz_acc1,4493509407,от 5000 до 10000,12.0,нет продаж 90 дн
oz_acc1,4493509407,Эксперимент1,8.0,нет продаж 90 дн
oz_acc1,4493509805,Эксперимент1,8.0,нет продаж 90 дн
oz_acc1,4493510515,от 2000 до 5000,12.0,нет продаж 90 дн
oz_acc1,4493510515,Эксперимент1,8.0,нет продаж 90 дн
oz_acc1,4493510844,Эксперимент1,8.0,нет продаж 90 дн
oz_acc1,4493510864,Эксперимент1,8.0,нет продаж 90 дн
oz_acc1,4493511851,от 0 до 1000,10.0,нет продаж 90 дн
oz_acc1,4493511851,Эксперимент1,8.0,нет продаж 90 дн
oz_acc1,4493512082,от 1000-2000,12.0,нет продаж 90 дн
oz_acc1,4493512082,Эксперимент1,8.0,нет продаж 90 дн
oz_acc1,4493512457,Эксперимент1,8.0,нет продаж 90 дн
oz_acc1,4493512676,Эксперимент1,8.0,нет продаж 90 дн
oz_acc1,4493512826,Эксперимент1,8.0,нет продаж 90 дн
oz_acc1,4493513306,от 1000-2000,12.0,нет продаж 90 дн
oz_acc1,4493513306,Эксперимент1,8.0,нет продаж 90 дн
oz_acc1,4493513746,от 2000 до 5000,12.0,нет продаж 90 дн
oz_acc1,4493513746,Эксперимент1,8.0,нет продаж 90 дн
oz_acc1,4493513945,Эксперимент1,8.0,нет продаж 90 дн
oz_acc1,4493513998,Эксперимент1,8.0,нет продаж 90 дн
oz_acc1,4493514413,от 2000 до 5000,12.0,нет продаж 90 дн
oz_acc1,4493514413,Эксперимент1,8.0,нет продаж 90 дн
oz_acc1,4493514840,от 1000-2000,12.0,нет продаж 90 дн
oz_acc1,4493514840,Эксперимент1,8.0,нет продаж 90 дн
oz_acc1,4493515124,от 2000 до 5000,12.0,нет продаж 90 дн
oz_acc1,4493515124,Эксперимент1,8.0,нет продаж 90 дн
oz_acc1,4493515354,Эксперимент1,8.0,нет продаж 90 дн
oz_acc1,4493515827,от 5000 до 10000,12.0,нет продаж 90 дн
oz_acc1,4493515827,Эксперимент1,8.0,нет продаж 90 дн
oz_acc1,4493515844,от 2000 до 5000,12.0,нет продаж 90 дн
oz_acc1,4493515844,Эксперимент1,8.0,нет продаж 90 дн
oz_acc1,4493515887,Эксперимент1,8.0,нет продаж 90 дн
oz_acc1,4493515959,от 10000 до 500 тыс,12.0,нет продаж 90 дн
oz_acc1,4493516279,от 0 до 1000,10.0,нет продаж 90 дн
oz_acc1,4493516279,Эксперимент1,8.0,нет продаж 90 дн
oz_acc1,4493516318,от 2000 до 5000,12.0,нет продаж 90 дн
oz_acc1,4493516318,Эксперимент1,8.0,нет продаж 90 дн
oz_acc1,4493518450,от 0 до 1000,10.0,нет продаж 90 дн
oz_acc1,4493518450,Эксперимент1,8.0,нет продаж 90 дн
oz_acc1,4493518798,от 0 до 1000,10.0,нет продаж 90 дн
oz_acc1,4493518798,Эксперимент1,8.0,нет продаж 90 дн
oz_acc1,4493518836,Эксперимент1,8.0,нет продаж 90 дн
oz_acc1,4493519716,от 2000 до 5000,12.0,нет продаж 90 дн
oz_acc1,4493519716,Эксперимент1,8.0,нет продаж 90 дн
oz_acc1,4493519817,от 2000 до 5000,12.0,нет продаж 90 дн
oz_acc1,4493519817,Эксперимент1,8.0,нет продаж 90 дн
oz_acc1,4493520009,от 0 до 1000,10.0,нет продаж 90 дн
oz_acc1,4493520413,от 1000-2000,12.0,нет продаж 90 дн
oz_acc1,4493520413,Эксперимент1,8.0,нет продаж 90 дн
oz_acc1,4493520617,от 1000-2000,12.0,нет продаж 90 дн
oz_acc1,4493520617,Эксперимент1,8.0,нет продаж 90 дн
oz_acc1,4493521337,от 2000 до 5000,12.0,нет продаж 90 дн
oz_acc1,4493521337,Эксперимент1,8.0,нет продаж 90 дн
oz_acc1,4493521384,Эксперимент1,8.0,нет продаж 90 дн
oz_acc1,4493521426,от 1000-2000,12.0,нет продаж 90 дн
oz_acc1,4493521426,Эксперимент1,8.0,нет продаж 90 дн
oz_acc1,4493521605,от 0 до 1000,10.0,нет продаж 90 дн
oz_acc1,4493521605,Эксперимент1,8.0,нет продаж 90 дн
oz_acc1,4493523302,Эксперимент1,8.0,нет продаж 90 дн
oz_acc1,4493523322,от 0 до 1000,10.0,нет продаж 90 дн
oz_acc1,4493523322,Эксперимент1,8.0,нет продаж 90 дн
oz_acc1,4493523483,от 1000-2000,12.0,нет продаж 90 дн
oz_acc1,4493523483,Эксперимент1,8.0,нет продаж 90 дн
oz_acc1,4493523684,от 5000 до 10000,12.0,нет продаж 90 дн
oz_acc1,4493523684,Эксперимент1,8.0,нет продаж 90 дн
oz_acc1,4493523842,от 2000 до 5000,12.0,нет продаж 90 дн
oz_acc1,4493523842,Эксперимент1,8.0,нет продаж 90 дн
oz_acc1,4493524041,от 2000 до 5000,12.0,нет продаж 90 дн
oz_acc1,4493524099,Эксперимент1,8.0,нет продаж 90 дн
oz_acc1,4493525037,от 2000 до 5000,12.0,нет продаж 90 дн
oz_acc1,4493525037,Эксперимент1,8.0,нет продаж 90 дн
oz_acc1,4493525291,от 1000-2000,12.0,нет продаж 90 дн
oz_acc1,4493525291,Эксперимент1,8.0,нет продаж 90 дн
oz_acc1,4493525599,Эксперимент1,8.0,нет продаж 90 дн
oz_acc1,4493526233,от 2000 до 5000,12.0,нет продаж 90 дн
oz_acc1,4493526362,от 2000 до 5000,12.0,нет продаж 90 дн
oz_acc1,4493526362,Эксперимент1,8.0,нет продаж 90 дн
oz_acc1,4493528387,от 2000 до 5000,12.0,нет продаж 90 дн
oz_acc1,4493528387,Эксперимент1,8.0,нет продаж 90 дн
oz_acc1,4493528460,от 1000-2000,12.0,нет продаж 90 дн
oz_acc1,4493528460,Эксперимент1,8.0,нет продаж 90 дн
oz_acc1,4493529135,от 0 до 1000,10.0,нет продаж 90 дн
oz_acc1,4493529135,Эксперимент1,8.0,нет продаж 90 дн
oz_acc1,4493529717,от 0 до 1000,10.0,нет продаж 90 дн
oz_acc1,4493529717,Эксперимент1,8.0,нет продаж 90 дн
oz_acc1,4493529924,от 2000 до 5000,12.0,нет продаж 90 дн
oz_acc1,4493529924,Эксперимент1,8.0,нет продаж 90 дн
oz_acc1,4493533666,Эксперимент1,8.0,нет продаж 90 дн
oz_acc1,4493535583,Эксперимент1,8.0,нет продаж 90 дн
oz_acc1,4493536556,от 5000 до 10000,12.0,нет продаж 90 дн
oz_acc1,4493536556,Эксперимент1,8.0,нет продаж 90 дн
oz_acc1,4493543494,от 1000-2000,12.0,нет продаж 90 дн
oz_acc1,4493543494,Эксперимент1,8.0,нет продаж 90 дн
oz_acc1,4493545011,от 2000 до 5000,12.0,нет продаж 90 дн
oz_acc1,4493545011,Эксперимент1,8.0,нет продаж 90 дн
oz_acc1,4493546694,от 2000 до 5000,12.0,нет продаж 90 дн
oz_acc1,4493546694,Эксперимент1,8.0,нет продаж 90 дн
oz_acc1,4493551579,от 1000-2000,12.0,нет продаж 90 дн
oz_acc1,4493551579,Эксперимент1,8.0,нет продаж 90 дн
oz_acc1,4493554793,от 2000 до 5000,12.0,нет продаж 90 дн
oz_acc1,4493554793,Эксперимент1,8.0,нет продаж 90 дн
oz_acc1,4493555357,от 2000 до 5000,12.0,нет продаж 90 дн
oz_acc1,4493557360,Эксперимент1,8.0,нет продаж 90 дн
oz_acc1,4493558213,Эксперимент1,8.0,нет продаж 90 дн
oz_acc1,4493560199,от 2000 до 5000,12.0,нет продаж 90 дн
oz_acc1,4493560199,Эксперимент1,8.0,нет продаж 90 дн
oz_acc1,4493566136,от 2000 до 5000,12.0,нет продаж 90 дн
oz_acc1,4493566136,Эксперимент1,8.0,нет продаж 90 дн
oz_acc1,4493574197,от 5000 до 10000,12.0,нет продаж 90 дн
oz_acc1,4493574197,Эксперимент1,8.0,нет продаж 90 дн
oz_acc1,4493583047,от 0 до 1000,10.0,нет продаж 90 дн
oz_acc1,4493583047,Эксперимент1,8.0,нет продаж 90 дн
oz_acc1,4493584867,Эксперимент1,8.0,нет продаж 90 дн
oz_acc1,4493585679,от 0 до 1000,10.0,нет продаж 90 дн
oz_acc1,4493585679,Эксперимент1,8.0,нет продаж 90 дн
oz_acc1,4493609200,от 2000 до 5000,12.0,нет продаж 90 дн
oz_acc1,4493609200,Эксперимент1,8.0,нет продаж 90 дн
oz_acc1,4493609973,Эксперимент1,8.0,нет продаж 90 дн
oz_acc1,4493610190,от 5000 до 10000,12.0,нет продаж 90 дн
oz_acc1,4493610190,Эксперимент1,8.0,нет продаж 90 дн
oz_acc1,4493610903,Эксперимент1,8.0,нет продаж 90 дн
oz_acc1,4493610922,от 0 до 1000,10.0,нет продаж 90 дн
oz_acc1,4493610922,Эксперимент1,8.0,нет продаж 90 дн
oz_acc1,4493611858,от 5000 до 10000,12.0,нет продаж 90 дн
oz_acc1,4493611858,Эксперимент1,8.0,нет продаж 90 дн
oz_acc1,4493612220,Эксперимент1,8.0,нет продаж 90 дн
oz_acc1,4493613024,от 1000-2000,12.0,нет продаж 90 дн
oz_acc1,4493613024,Эксперимент1,8.0,нет продаж 90 дн
oz_acc1,4493613254,от 2000 до 5000,12.0,нет продаж 90 дн
oz_acc1,4493613254,Эксперимент1,8.0,нет продаж 90 дн
oz_acc1,4493613690,от 5000 до 10000,12.0,нет продаж 90 дн
oz_acc1,4493613690,Эксперимент1,8.0,нет продаж 90 дн
oz_acc1,4493614186,от 1000-2000,12.0,нет продаж 90 дн
oz_acc1,4493614186,Эксперимент1,8.0,нет продаж 90 дн
oz_acc1,4493615521,от 2000 до 5000,12.0,нет продаж 90 дн
oz_acc1,4493615521,Эксперимент1,8.0,нет продаж 90 дн
oz_acc1,4493616678,Эксперимент1,8.0,нет продаж 90 дн
oz_acc1,4493616720,Эксперимент1,8.0,нет продаж 90 дн
oz_acc1,4493617449,от 1000-2000,12.0,нет продаж 90 дн
oz_acc1,4493617449,Эксперимент1,8.0,нет продаж 90 дн
oz_acc1,4493618184,от 10000 до 500 тыс,12.0,нет продаж 90 дн
oz_acc1,4493618293,от 2000 до 5000,12.0,нет маржи и нет продаж 90 дн
oz_acc1,4493618293,Эксперимент1,8.0,нет маржи и нет продаж 90 дн
oz_acc1,4493618459,от 2000 до 5000,12.0,нет продаж 90 дн
oz_acc1,4493618459,Эксперимент1,8.0,нет продаж 90 дн
oz_acc1,4493618625,Эксперимент1,8.0,нет продаж 90 дн
oz_acc1,4493619189,от 5000 до 10000,12.0,нет продаж 90 дн
oz_acc1,4493619189,Эксперимент1,8.0,нет продаж 90 дн
oz_acc1,4493619878,от 2000 до 5000,12.0,нет продаж 90 дн
oz_acc1,4493619878,Эксперимент1,8.0,нет продаж 90 дн
oz_acc1,4493620363,от 0 до 1000,10.0,нет продаж 90 дн
oz_acc1,4493620363,Эксперимент1,8.0,нет продаж 90 дн
oz_acc1,4493620642,от 5000 до 10000,12.0,нет продаж 90 дн
oz_acc1,4493620642,Эксперимент1,8.0,нет продаж 90 дн
oz_acc1,4493621527,от 2000 до 5000,12.0,нет продаж 90 дн
oz_acc1,4493621527,Эксперимент1,8.0,нет продаж 90 дн
oz_acc1,4493622065,Эксперимент1,8.0,нет продаж 90 дн
oz_acc1,4493622236,Эксперимент1,8.0,нет продаж 90 дн
oz_acc1,4493623180,Эксперимент1,8.0,нет продаж 90 дн
oz_acc1,4493623658,от 1000-2000,12.0,нет продаж 90 дн
oz_acc1,4493623658,Эксперимент1,8.0,нет продаж 90 дн
oz_acc1,4493623765,от 1000-2000,12.0,нет продаж 90 дн
oz_acc1,4493623765,Эксперимент1,8.0,нет продаж 90 дн
oz_acc1,4493623809,от 2000 до 5000,12.0,нет продаж 90 дн
oz_acc1,4493623809,Эксперимент1,8.0,нет продаж 90 дн
oz_acc1,4493624770,от 2000 до 5000,12.0,нет продаж 90 дн
oz_acc1,4493624770,Эксперимент1,8.0,нет продаж 90 дн
oz_acc1,4493625400,от 2000 до 5000,12.0,нет продаж 90 дн
oz_acc1,4493625400,Эксперимент1,8.0,нет продаж 90 дн
oz_acc1,4493625422,от 2000 до 5000,12.0,нет продаж 90 дн
oz_acc1,4493625422,Эксперимент1,8.0,нет продаж 90 дн
oz_acc1,4493626395,от 2000 до 5000,12.0,нет продаж 90 дн
oz_acc1,4493626395,Эксперимент1,8.0,нет продаж 90 дн
oz_acc1,4493628006,Эксперимент1,8.0,нет продаж 90 дн
oz_acc1,4493628153,от 10000 до 500 тыс,12.0,нет продаж 90 дн
oz_acc1,4493628186,от 2000 до 5000,12.0,нет продаж 90 дн
oz_acc1,4493628186,Эксперимент1,8.0,нет продаж 90 дн
oz_acc1,4493629007,от 1000-2000,12.0,нет продаж 90 дн
oz_acc1,4493629007,Эксперимент1,8.0,нет продаж 90 дн
oz_acc1,4493629156,от 2000 до 5000,12.0,нет продаж 90 дн
oz_acc1,4493629156,Эксперимент1,8.0,нет продаж 90 дн
oz_acc1,4493629435,от 1000-2000,12.0,нет продаж 90 дн
oz_acc1,4493629435,Эксперимент1,8.0,нет продаж 90 дн
oz_acc1,4493629888,от 2000 до 5000,12.0,нет продаж 90 дн
oz_acc1,4493630087,от 1000-2000,12.0,нет продаж 90 дн
oz_acc1,4493630087,Эксперимент1,8.0,нет продаж 90 дн
oz_acc1,4493631991,Эксперимент1,8.0,нет продаж 90 дн
oz_acc1,4493632673,Эксперимент1,8.0,нет продаж 90 дн
oz_acc1,4493633118,от 2000 до 5000,12.0,нет продаж 90 дн
oz_acc1,4493633118,Эксперимент1,8.0,нет продаж 90 дн
oz_acc1,4493636201,от 0 до 1000,10.0,нет продаж 90 дн
oz_acc1,4493636201,Эксперимент1,8.0,нет продаж 90 дн
oz_acc1,4493637425,от 2000 до 5000,12.0,нет продаж 90 дн
oz_acc1,4493637425,Эксперимент1,8.0,нет продаж 90 дн
oz_acc1,4493640787,от 2000 до 5000,12.0,нет продаж 90 дн
oz_acc1,4493640787,Эксперимент1,8.0,нет продаж 90 дн
oz_acc1,4493643676,от 2000 до 5000,12.0,нет продаж 90 дн
oz_acc1,4493643676,Эксперимент1,8.0,нет продаж 90 дн
oz_acc1,4493650457,от 10000 до 500 тыс,12.0,нет продаж 90 дн
oz_acc1,4493653476,от 2000 до 5000,12.0,нет продаж 90 дн
oz_acc1,4493653476,Эксперимент1,8.0,нет продаж 90 дн
oz_acc1,4493660952,от 2000 до 5000,12.0,нет продаж 90 дн
oz_acc1,4493660952,Эксперимент1,8.0,нет продаж 90 дн
oz_acc1,4493664433,Эксперимент1,8.0,нет продаж 90 дн
oz_acc1,4493666395,от 1000-2000,12.0,нет продаж 90 дн
oz_acc1,4493666395,Эксперимент1,8.0,нет продаж 90 дн
oz_acc1,4493667377,Эксперимент1,8.0,нет продаж 90 дн
oz_acc1,4493675505,от 0 до 1000,10.0,нет продаж 90 дн
oz_acc1,4493675505,Эксперимент1,8.0,нет продаж 90 дн
oz_acc1,4493678890,Эксперимент1,8.0,нет продаж 90 дн
oz_acc1,4493679152,Эксперимент1,8.0,нет продаж 90 дн
oz_acc1,4493681467,Эксперимент1,8.0,нет продаж 90 дн
oz_acc1,4493681691,Эксперимент1,8.0,нет продаж 90 дн
oz_acc1,4493682031,от 0 до 1000,10.0,нет продаж 90 дн
oz_acc1,4493682031,Эксперимент1,8.0,нет продаж 90 дн
oz_acc1,4493697097,от 5000 до 10000,12.0,нет продаж 90 дн
oz_acc1,4493697097,Эксперимент1,8.0,нет продаж 90 дн
oz_acc1,4493697747,Эксперимент1,8.0,нет продаж 90 дн
oz_acc1,4493698059,Эксперимент1,8.0,нет продаж 90 дн
oz_acc1,4493698858,Эксперимент1,8.0,нет продаж 90 дн
oz_acc1,4493703520,Эксперимент1,8.0,нет продаж 90 дн
oz_acc1,4493703833,от 0 до 1000,10.0,нет продаж 90 дн
oz_acc1,4493703833,Эксперимент1,8.0,нет продаж 90 дн
oz_acc1,4493704481,от 2000 до 5000,12.0,нет продаж 90 дн
oz_acc1,4493704481,Эксперимент1,8.0,нет продаж 90 дн
oz_acc1,4493705680,от 0 до 1000,10.0,нет продаж 90 дн
oz_acc1,4493705680,Эксперимент1,8.0,нет продаж 90 дн
oz_acc1,4493706357,Эксперимент1,8.0,нет продаж 90 дн
oz_acc1,4493707590,от 5000 до 10000,12.0,нет продаж 90 дн
oz_acc1,4493736100,Эксперимент1,8.0,нет продаж 90 дн
oz_acc1,4493739868,от 2000 до 5000,12.0,нет продаж 90 дн
oz_acc1,4493739868,Эксперимент1,8.0,нет продаж 90 дн
oz_acc1,4493741174,от 5000 до 10000,12.0,нет продаж 90 дн
oz_acc1,4493741174,Эксперимент1,8.0,нет продаж 90 дн
oz_acc1,4493741616,от 0 до 1000,10.0,нет продаж 90 дн
oz_acc1,4493741616,Эксперимент1,8.0,нет продаж 90 дн
oz_acc1,4493755104,Эксперимент1,8.0,нет продаж 90 дн
oz_acc1,4504057013,от 2000 до 5000,12.0,нет продаж 90 дн
oz_acc1,4504057013,Эксперимент1,8.0,нет продаж 90 дн
oz_acc1,4504057493,Эксперимент1,8.0,нет продаж 90 дн
oz_acc1,4504058025,Эксперимент1,8.0,нет продаж 90 дн
oz_acc1,4504058086,от 2000 до 5000,12.0,нет продаж 90 дн
oz_acc1,4504058095,Эксперимент1,8.0,нет продаж 90 дн
oz_acc1,4504058108,Эксперимент1,8.0,нет продаж 90 дн
oz_acc1,4504058115,от 2000 до 5000,12.0,нет продаж 90 дн
oz_acc1,4504058115,Эксперимент1,8.0,нет продаж 90 дн
oz_acc1,4504058134,Эксперимент1,8.0,нет продаж 90 дн
oz_acc1,4504058141,от 2000 до 5000,12.0,нет продаж 90 дн
oz_acc1,4504058141,Эксперимент1,8.0,нет продаж 90 дн
oz_acc1,4504058142,Эксперимент1,8.0,нет продаж 90 дн
oz_acc1,4504058144,Эксперимент1,8.0,нет продаж 90 дн
oz_acc1,4504058158,Эксперимент1,8.0,нет продаж 90 дн
oz_acc1,4504058164,Эксперимент1,8.0,нет продаж 90 дн
oz_acc1,4504058350,Эксперимент1,8.0,нет продаж 90 дн
oz_acc1,4504058358,от 2000 до 5000,12.0,нет продаж 90 дн
oz_acc1,4504058358,Эксперимент1,8.0,нет продаж 90 дн
oz_acc1,4504058373,Эксперимент1,8.0,нет продаж 90 дн
oz_acc1,4504058485,Эксперимент1,8.0,нет продаж 90 дн
oz_acc1,4504058496,от 2000 до 5000,12.0,нет продаж 90 дн
oz_acc1,4504058496,Эксперимент1,8.0,нет продаж 90 дн
oz_acc1,4504058559,Эксперимент1,8.0,нет продаж 90 дн
oz_acc1,4504058595,от 2000 до 5000,12.0,нет продаж 90 дн
oz_acc1,4504058595,Эксперимент1,8.0,нет продаж 90 дн
oz_acc1,4504058624,Эксперимент1,8.0,нет продаж 90 дн
oz_acc1,4504058646,Эксперимент1,8.0,нет продаж 90 дн
oz_acc1,4504058649,Эксперимент1,8.0,нет продаж 90 дн
oz_acc1,4504058698,Эксперимент1,8.0,нет продаж 90 дн
oz_acc1,4504058798,Эксперимент1,8.0,нет продаж 90 дн
oz_acc1,4504058826,от 1000-2000,12.0,нет продаж 90 дн
oz_acc1,4504058826,Эксперимент1,8.0,нет продаж 90 дн
oz_acc1,4504058947,Эксперимент1,8.0,нет продаж 90 дн
oz_acc1,4504058948,Эксперимент1,8.0,нет продаж 90 дн
oz_acc1,4504058950,от 2000 до 5000,12.0,нет продаж 90 дн
oz_acc1,4504058950,Эксперимент1,8.0,нет продаж 90 дн
oz_acc1,4504059062,от 2000 до 5000,12.0,нет продаж 90 дн
oz_acc1,4504059062,Эксперимент1,8.0,нет продаж 90 дн
oz_acc1,4504059077,Эксперимент1,8.0,нет продаж 90 дн
oz_acc1,4504059089,Эксперимент1,8.0,нет продаж 90 дн
oz_acc1,4504059104,от 2000 до 5000,12.0,нет продаж 90 дн
oz_acc1,4504059104,Эксперимент1,8.0,нет продаж 90 дн
oz_acc1,4504059154,от 2000 до 5000,12.0,нет продаж 90 дн
oz_acc1,4504059154,Эксперимент1,8.0,нет продаж 90 дн
oz_acc1,4504059205,от 2000 до 5000,12.0,нет продаж 90 дн
oz_acc1,4504059205,Эксперимент1,8.0,нет продаж 90 дн
oz_acc1,4504059295,от 2000 до 5000,12.0,нет продаж 90 дн
oz_acc1,4504059295,Эксперимент1,8.0,нет продаж 90 дн
oz_acc1,4504059333,Эксперимент1,8.0,нет продаж 90 дн
oz_acc1,4504059434,от 1000-2000,12.0,нет продаж 90 дн
oz_acc1,4504059434,Эксперимент1,8.0,нет продаж 90 дн
oz_acc1,4504059461,Эксперимент1,8.0,нет продаж 90 дн
oz_acc1,4504059463,от 2000 до 5000,12.0,нет продаж 90 дн
oz_acc1,4504059463,Эксперимент1,8.0,нет продаж 90 дн
oz_acc1,4504059468,от 2000 до 5000,12.0,нет продаж 90 дн
oz_acc1,4504059468,Эксперимент1,8.0,нет продаж 90 дн
oz_acc1,4504059506,от 1000-2000,12.0,нет продаж 90 дн
oz_acc1,4504059506,Эксперимент1,8.0,нет продаж 90 дн
oz_acc1,4504059551,от 0 до 1000,10.0,нет продаж 90 дн
oz_acc1,4504059551,Эксперимент1,8.0,нет продаж 90 дн
oz_acc1,4504059671,Эксперимент1,8.0,нет продаж 90 дн
oz_acc1,4504059697,Эксперимент1,8.0,нет продаж 90 дн
oz_acc1,4504059761,от 1000-2000,12.0,нет продаж 90 дн
oz_acc1,4504059761,Эксперимент1,8.0,нет продаж 90 дн
oz_acc1,4504059767,Эксперимент1,8.0,нет продаж 90 дн
oz_acc1,4504059769,Эксперимент1,8.0,нет продаж 90 дн
oz_acc1,4504059793,от 1000-2000,12.0,нет продаж 90 дн
oz_acc1,4504059793,Эксперимент1,8.0,нет продаж 90 дн
oz_acc1,4504059807,от 2000 до 5000,12.0,нет продаж 90 дн
oz_acc1,4504059807,Эксперимент1,8.0,нет продаж 90 дн
oz_acc1,4504059812,Эксперимент1,8.0,нет продаж 90 дн
oz_acc1,4504059827,от 2000 до 5000,12.0,нет продаж 90 дн
oz_acc1,4504059827,Эксперимент1,8.0,нет продаж 90 дн
oz_acc1,4504059850,Эксперимент1,8.0,нет продаж 90 дн
oz_acc1,4504059873,от 10000 до 500 тыс,12.0,нет продаж 90 дн
oz_acc1,4504059874,от 10000 до 500 тыс,12.0,нет продаж 90 дн
oz_acc1,4504059879,Эксперимент1,8.0,нет продаж 90 дн
oz_acc1,4504059906,от 2000 до 5000,12.0,нет продаж 90 дн
oz_acc1,4504059906,Эксперимент1,8.0,нет продаж 90 дн
oz_acc1,4504059936,Эксперимент1,8.0,нет продаж 90 дн
oz_acc1,4504059965,Эксперимент1,8.0,нет продаж 90 дн
oz_acc1,4504059970,от 1000-2000,12.0,нет продаж 90 дн
oz_acc1,4504059970,Эксперимент1,8.0,нет продаж 90 дн
oz_acc1,4504060032,от 1000-2000,12.0,нет продаж 90 дн
oz_acc1,4504060032,Эксперимент1,8.0,нет продаж 90 дн
oz_acc1,4504060047,от 2000 до 5000,12.0,нет продаж 90 дн
oz_acc1,4504060047,Эксперимент1,8.0,нет продаж 90 дн
oz_acc1,4504060186,от 1000-2000,12.0,нет продаж 90 дн
oz_acc1,4504060186,Эксперимент1,8.0,нет продаж 90 дн
oz_acc1,4504060207,Эксперимент1,8.0,нет продаж 90 дн
oz_acc1,4504060337,от 1000-2000,12.0,нет продаж 90 дн
oz_acc1,4504060337,Эксперимент1,8.0,нет продаж 90 дн
oz_acc1,4504060469,от 10000 до 500 тыс,12.0,нет продаж 90 дн
oz_acc1,4504060506,от 10000 до 500 тыс,12.0,нет продаж 90 дн
oz_acc1,4504060541,от 2000 до 5000,12.0,нет продаж 90 дн
oz_acc1,4504060541,Эксперимент1,8.0,нет продаж 90 дн
oz_acc1,4504060563,от 2000 до 5000,12.0,нет продаж 90 дн
oz_acc1,4504060563,Эксперимент1,8.0,нет продаж 90 дн
oz_acc1,4504060591,Эксперимент1,8.0,нет продаж 90 дн
oz_acc1,4504060625,от 10000 до 500 тыс,12.0,нет продаж 90 дн
oz_acc1,4504060649,от 10000 до 500 тыс,12.0,нет продаж 90 дн
oz_acc1,4504060658,от 2000 до 5000,12.0,нет продаж 90 дн
oz_acc1,4504060658,Эксперимент1,8.0,нет продаж 90 дн
oz_acc1,4504060699,от 2000 до 5000,12.0,нет продаж 90 дн
oz_acc1,4504060699,Эксперимент1,8.0,нет продаж 90 дн
oz_acc1,4504060783,Эксперимент1,8.0,нет продаж 90 дн
oz_acc1,4504060857,от 2000 до 5000,12.0,нет продаж 90 дн
oz_acc1,4504060878,Эксперимент1,8.0,нет продаж 90 дн
oz_acc1,4504060907,от 1000-2000,12.0,нет продаж 90 дн
oz_acc1,4504060907,Эксперимент1,8.0,нет продаж 90 дн
oz_acc1,4504061077,от 0 до 1000,10.0,нет продаж 90 дн
oz_acc1,4504061077,Эксперимент1,8.0,нет продаж 90 дн
oz_acc1,4504061696,Эксперимент1,8.0,нет продаж 90 дн
oz_acc1,4504062399,Эксперимент1,8.0,нет продаж 90 дн
oz_acc1,4504062568,Эксперимент1,8.0,нет продаж 90 дн
oz_acc1,4504062923,Эксперимент1,8.0,нет продаж 90 дн
oz_acc1,4504063619,от 5000 до 10000,12.0,нет продаж 90 дн
oz_acc1,4504063619,Эксперимент1,8.0,нет продаж 90 дн
oz_acc1,4504064662,Эксперимент1,8.0,нет продаж 90 дн
oz_acc1,4504234971,Эксперимент1,8.0,нет продаж 90 дн
oz_acc1,4504235027,от 5000 до 10000,12.0,нет продаж 90 дн
oz_acc1,4504235027,Эксперимент1,8.0,нет продаж 90 дн
oz_acc1,4504235037,от 10000 до 500 тыс,12.0,нет продаж 90 дн
oz_acc1,4504235037,Эксперимент1,8.0,нет продаж 90 дн
oz_acc1,4504235097,от 5000 до 10000,12.0,нет продаж 90 дн
oz_acc1,4504235330,от 5000 до 10000,12.0,нет продаж 90 дн
oz_acc1,4504235654,Эксперимент1,8.0,нет продаж 90 дн
oz_acc1,4504235724,Эксперимент1,8.0,нет продаж 90 дн
oz_acc1,4504235952,Эксперимент1,8.0,нет продаж 90 дн
oz_acc1,4504236135,от 2000 до 5000,12.0,нет продаж 90 дн
oz_acc1,4504236135,Эксперимент1,8.0,нет продаж 90 дн
oz_acc1,4504236187,от 5000 до 10000,12.0,нет продаж 90 дн
oz_acc1,4504236187,Эксперимент1,8.0,нет продаж 90 дн
oz_acc1,4504236233,Эксперимент1,8.0,нет продаж 90 дн
oz_acc1,4504236235,от 10000 до 500 тыс,12.0,нет продаж 90 дн
oz_acc1,4504236283,от 5000 до 10000,12.0,нет продаж 90 дн
oz_acc1,4504236298,от 2000 до 5000,12.0,нет продаж 90 дн
oz_acc1,4504236298,Эксперимент1,8.0,нет продаж 90 дн
oz_acc1,4504236361,от 2000 до 5000,12.0,нет продаж 90 дн
oz_acc1,4504236361,Эксперимент1,8.0,нет продаж 90 дн
oz_acc1,4504236381,от 2000 до 5000,12.0,нет продаж 90 дн
oz_acc1,4504236381,Эксперимент1,8.0,нет продаж 90 дн
oz_acc1,4504236395,Эксперимент1,8.0,нет продаж 90 дн
oz_acc1,4504236425,от 2000 до 5000,12.0,нет продаж 90 дн
oz_acc1,4504236425,Эксперимент1,8.0,нет продаж 90 дн
oz_acc1,4504236427,от 5000 до 10000,12.0,нет продаж 90 дн
oz_acc1,4504236427,Эксперимент1,8.0,нет продаж 90 дн
oz_acc1,4504236461,Эксперимент1,8.0,нет продаж 90 дн
oz_acc1,4504236478,от 2000 до 5000,12.0,нет продаж 90 дн
oz_acc1,4504236478,Эксперимент1,8.0,нет продаж 90 дн
oz_acc1,4504236535,от 5000 до 10000,12.0,нет продаж 90 дн
oz_acc1,4504236543,Эксперимент1,8.0,нет продаж 90 дн
oz_acc1,4504236604,от 2000 до 5000,12.0,нет продаж 90 дн
oz_acc1,4504236604,Эксперимент1,8.0,нет продаж 90 дн
oz_acc1,4504236632,от 5000 до 10000,12.0,нет продаж 90 дн
oz_acc1,4504236632,Эксперимент1,8.0,нет продаж 90 дн
oz_acc1,4504236638,от 2000 до 5000,12.0,нет продаж 90 дн
oz_acc1,4504236638,Эксперимент1,8.0,нет продаж 90 дн
oz_acc1,4504236661,от 2000 до 5000,12.0,нет продаж 90 дн
oz_acc1,4504236661,Эксперимент1,8.0,нет продаж 90 дн
oz_acc1,4504236666,от 10000 до 500 тыс,12.0,нет продаж 90 дн
oz_acc1,4504236666,Эксперимент1,8.0,нет продаж 90 дн
oz_acc1,4504236677,Эксперимент1,8.0,нет продаж 90 дн
oz_acc1,4504236687,от 2000 до 5000,12.0,нет продаж 90 дн
oz_acc1,4504236687,Эксперимент1,8.0,нет продаж 90 дн
oz_acc1,4504236751,от 2000 до 5000,12.0,нет продаж 90 дн
oz_acc1,4504236751,Эксперимент1,8.0,нет продаж 90 дн
oz_acc1,4504236767,Эксперимент1,8.0,нет продаж 90 дн
oz_acc1,4504236804,Эксперимент1,8.0,нет продаж 90 дн
oz_acc1,4504236811,от 2000 до 5000,12.0,нет продаж 90 дн
oz_acc1,4504236811,Эксперимент1,8.0,нет продаж 90 дн
oz_acc1,4504236888,от 5000 до 10000,12.0,нет продаж 90 дн
oz_acc1,4504236888,Эксперимент1,8.0,нет продаж 90 дн
oz_acc1,4504236897,от 2000 до 5000,12.0,нет продаж 90 дн
oz_acc1,4504236897,Эксперимент1,8.0,нет продаж 90 дн
oz_acc1,4504236930,Эксперимент1,8.0,нет продаж 90 дн
oz_acc1,4504236938,от 10000 до 500 тыс,12.0,нет продаж 90 дн
oz_acc1,4504236938,Эксперимент1,8.0,нет продаж 90 дн
oz_acc1,4504236949,Эксперимент1,8.0,нет продаж 90 дн
oz_acc1,4504236985,от 2000 до 5000,12.0,нет продаж 90 дн
oz_acc1,4504236985,Эксперимент1,8.0,нет продаж 90 дн
oz_acc1,4504236999,от 2000 до 5000,12.0,нет продаж 90 дн
oz_acc1,4504236999,Эксперимент1,8.0,нет продаж 90 дн
oz_acc1,4504237007,Эксперимент1,8.0,нет продаж 90 дн
oz_acc1,4504237061,Эксперимент1,8.0,нет продаж 90 дн
oz_acc1,4504237070,от 2000 до 5000,12.0,нет продаж 90 дн
oz_acc1,4504237070,Эксперимент1,8.0,нет продаж 90 дн
oz_acc1,4504237076,от 2000 до 5000,12.0,нет продаж 90 дн
oz_acc1,4504237098,Эксперимент1,8.0,нет продаж 90 дн
oz_acc1,4504237101,Эксперимент1,8.0,нет продаж 90 дн
oz_acc1,4504237125,от 2000 до 5000,12.0,нет продаж 90 дн
oz_acc1,4504237125,Эксперимент1,8.0,нет продаж 90 дн
oz_acc1,4504237129,от 5000 до 10000,12.0,нет продаж 90 дн
oz_acc1,4504237129,Эксперимент1,8.0,нет продаж 90 дн
oz_acc1,4504237170,Эксперимент1,8.0,нет продаж 90 дн
oz_acc1,4504237217,от 2000 до 5000,12.0,нет продаж 90 дн
oz_acc1,4504237217,Эксперимент1,8.0,нет продаж 90 дн
oz_acc1,4504237219,от 2000 до 5000,12.0,нет продаж 90 дн
oz_acc1,4504237219,Эксперимент1,8.0,нет продаж 90 дн
oz_acc1,4504237263,от 10000 до 500 тыс,12.0,нет продаж 90 дн
oz_acc1,4504237264,Эксперимент1,8.0,нет продаж 90 дн
oz_acc1,4504237265,от 2000 до 5000,12.0,нет продаж 90 дн
oz_acc1,4504237265,Эксперимент1,8.0,нет продаж 90 дн
oz_acc1,4504237301,Эксперимент1,8.0,нет продаж 90 дн
oz_acc1,4504237333,от 5000 до 10000,12.0,нет продаж 90 дн
oz_acc1,4504237336,Эксперимент1,8.0,нет продаж 90 дн
oz_acc1,4504237389,от 2000 до 5000,12.0,нет продаж 90 дн
oz_acc1,4504237391,от 10000 до 500 тыс,12.0,нет продаж 90 дн
oz_acc1,4504237391,Эксперимент1,8.0,нет продаж 90 дн
oz_acc1,4504237396,от 5000 до 10000,12.0,нет продаж 90 дн
oz_acc1,4504237407,от 10000 до 500 тыс,12.0,нет продаж 90 дн
oz_acc1,4504237413,от 2000 до 5000,12.0,нет продаж 90 дн
oz_acc1,4504237446,от 5000 до 10000,12.0,нет продаж 90 дн
oz_acc1,4504237446,Эксперимент1,8.0,нет продаж 90 дн
oz_acc1,4504237484,от 2000 до 5000,12.0,нет продаж 90 дн
oz_acc1,4504237484,Эксперимент1,8.0,нет продаж 90 дн
oz_acc1,4504237523,от 5000 до 10000,12.0,нет продаж 90 дн
oz_acc1,4504237530,Эксперимент1,8.0,нет продаж 90 дн
oz_acc1,4504237548,от 5000 до 10000,12.0,нет продаж 90 дн
oz_acc1,4504237550,Эксперимент1,8.0,нет продаж 90 дн
oz_acc1,4504237570,от 5000 до 10000,12.0,нет продаж 90 дн
oz_acc1,4504237571,от 5000 до 10000,12.0,нет продаж 90 дн
oz_acc1,4504237571,Эксперимент1,8.0,нет продаж 90 дн
oz_acc1,4504237592,от 2000 до 5000,12.0,нет продаж 90 дн
oz_acc1,4504237592,Эксперимент1,8.0,нет продаж 90 дн
oz_acc1,4504237600,от 2000 до 5000,12.0,нет продаж 90 дн
oz_acc1,4504237600,Эксперимент1,8.0,нет продаж 90 дн
oz_acc1,4504237609,от 2000 до 5000,12.0,нет продаж 90 дн
oz_acc1,4504237609,Эксперимент1,8.0,нет продаж 90 дн
oz_acc1,4504237642,Эксперимент1,8.0,нет продаж 90 дн
oz_acc1,4504237652,от 10000 до 500 тыс,12.0,нет продаж 90 дн
oz_acc1,4504237660,от 2000 до 5000,12.0,нет продаж 90 дн
oz_acc1,4504237660,Эксперимент1,8.0,нет продаж 90 дн
oz_acc1,4504237679,Эксперимент1,8.0,нет продаж 90 дн
oz_acc1,4504237777,Эксперимент1,8.0,нет продаж 90 дн
oz_acc1,4504237784,от 2000 до 5000,12.0,нет продаж 90 дн
oz_acc1,4504237784,Эксперимент1,8.0,нет продаж 90 дн
oz_acc1,4504237785,от 2000 до 5000,12.0,нет продаж 90 дн
oz_acc1,4504237785,Эксперимент1,8.0,нет продаж 90 дн
oz_acc1,4504237894,от 10000 до 500 тыс,12.0,нет продаж 90 дн
oz_acc1,4504237894,Эксперимент1,8.0,нет продаж 90 дн
oz_acc1,4504237952,Эксперимент1,8.0,нет продаж 90 дн
oz_acc1,4504238144,Эксперимент1,8.0,нет продаж 90 дн
oz_acc1,4504238165,от 2000 до 5000,12.0,нет продаж 90 дн
oz_acc1,4504238169,от 0 до 1000,10.0,нет продаж 90 дн
oz_acc1,4504238169,Эксперимент1,8.0,нет продаж 90 дн
oz_acc1,4504238217,от 0 до 1000,10.0,нет продаж 90 дн
oz_acc1,4504238217,Эксперимент1,8.0,нет продаж 90 дн
oz_acc1,4504238300,от 2000 до 5000,12.0,нет продаж 90 дн
oz_acc1,4504238300,Эксперимент1,8.0,нет продаж 90 дн
oz_acc1,4504238322,Эксперимент1,8.0,нет продаж 90 дн
oz_acc1,4504238347,от 0 до 1000,10.0,нет продаж 90 дн
oz_acc1,4504238347,Эксперимент1,8.0,нет продаж 90 дн
oz_acc1,4504238388,от 0 до 1000,10.0,нет продаж 90 дн
oz_acc1,4504238388,Эксперимент1,8.0,нет продаж 90 дн
oz_acc1,4504238390,от 0 до 1000,10.0,нет продаж 90 дн
oz_acc1,4504238390,Эксперимент1,8.0,нет продаж 90 дн
oz_acc1,4504238454,от 0 до 1000,10.0,нет продаж 90 дн
oz_acc1,4504238454,Эксперимент1,8.0,нет продаж 90 дн
oz_acc1,4504238479,от 2000 до 5000,12.0,нет продаж 90 дн
oz_acc1,4504238479,Эксперимент1,8.0,нет продаж 90 дн
oz_acc1,4504238484,от 2000 до 5000,12.0,нет продаж 90 дн
oz_acc1,4504238484,Эксперимент1,8.0,нет продаж 90 дн
oz_acc1,4504238523,от 0 до 1000,10.0,нет продаж 90 дн
oz_acc1,4504238523,Эксперимент1,8.0,нет продаж 90 дн
oz_acc1,4504238530,от 2000 до 5000,12.0,нет продаж 90 дн
oz_acc1,4504238530,Эксперимент1,8.0,нет продаж 90 дн
oz_acc1,4504238594,от 2000 до 5000,12.0,нет продаж 90 дн
oz_acc1,4504238594,Эксперимент1,8.0,нет продаж 90 дн
oz_acc1,4504238625,Эксперимент1,8.0,нет продаж 90 дн
oz_acc1,4504238795,от 0 до 1000,10.0,нет продаж 90 дн
oz_acc1,4504238795,Эксперимент1,8.0,нет продаж 90 дн
oz_acc1,4504238910,от 0 до 1000,10.0,нет продаж 90 дн
oz_acc1,4504238910,Эксперимент1,8.0,нет продаж 90 дн
oz_acc1,4504238938,от 0 до 1000,10.0,нет продаж 90 дн
oz_acc1,4504238938,Эксперимент1,8.0,нет продаж 90 дн
oz_acc1,4504239284,от 0 до 1000,10.0,нет продаж 90 дн
oz_acc1,4504239284,Эксперимент1,8.0,нет продаж 90 дн
oz_acc1,4504239543,Эксперимент1,8.0,нет продаж 90 дн
oz_acc1,4504239602,от 0 до 1000,10.0,нет продаж 90 дн
oz_acc1,4504239602,Эксперимент1,8.0,нет продаж 90 дн
oz_acc1,4504239632,от 0 до 1000,10.0,нет продаж 90 дн
oz_acc1,4504239632,Эксперимент1,8.0,нет продаж 90 дн
oz_acc1,4504239644,от 0 до 1000,10.0,нет продаж 90 дн
oz_acc1,4504239644,Эксперимент1,8.0,нет продаж 90 дн
oz_acc1,4504239848,от 0 до 1000,10.0,нет продаж 90 дн
oz_acc1,4504239848,Эксперимент1,8.0,нет продаж 90 дн
oz_acc1,4504239901,от 10000 до 500 тыс,12.0,нет продаж 90 дн
oz_acc1,4504239901,Эксперимент1,8.0,нет продаж 90 дн
oz_acc1,4504240012,от 0 до 1000,10.0,нет продаж 90 дн
oz_acc1,4504240012,Эксперимент1,8.0,нет продаж 90 дн
oz_acc1,4504240275,от 0 до 1000,10.0,нет продаж 90 дн
oz_acc1,4504240275,Эксперимент1,8.0,нет продаж 90 дн
oz_acc1,4504240310,от 2000 до 5000,12.0,нет продаж 90 дн
oz_acc1,4504240310,Эксперимент1,8.0,нет продаж 90 дн
oz_acc1,4504240325,от 2000 до 5000,12.0,нет продаж 90 дн
oz_acc1,4504240325,Эксперимент1,8.0,нет продаж 90 дн
oz_acc1,4504240486,Эксперимент1,8.0,нет продаж 90 дн
oz_acc1,4504240528,Эксперимент1,8.0,нет продаж 90 дн
oz_acc1,4504240535,от 2000 до 5000,12.0,нет продаж 90 дн
oz_acc1,4504240535,Эксперимент1,8.0,нет продаж 90 дн
oz_acc1,4504240545,от 5000 до 10000,12.0,нет продаж 90 дн
oz_acc1,4504240545,Эксперимент1,8.0,нет продаж 90 дн
oz_acc1,4504240620,Эксперимент1,8.0,нет продаж 90 дн
oz_acc1,4504240677,Эксперимент1,8.0,нет продаж 90 дн
oz_acc1,4504240826,от 0 до 1000,10.0,нет продаж 90 дн
oz_acc1,4504240826,Эксперимент1,8.0,нет продаж 90 дн
oz_acc1,4504240835,Эксперимент1,8.0,нет продаж 90 дн
oz_acc1,4504240958,от 10000 до 500 тыс,12.0,нет продаж 90 дн
oz_acc1,4504240958,Эксперимент1,8.0,нет продаж 90 дн
oz_acc1,4504241106,от 0 до 1000,10.0,нет продаж 90 дн
oz_acc1,4504241106,Эксперимент1,8.0,нет продаж 90 дн
oz_acc1,4504241131,от 0 до 1000,10.0,нет продаж 90 дн
oz_acc1,4504241131,Эксперимент1,8.0,нет продаж 90 дн
oz_acc1,4504241142,от 5000 до 10000,12.0,нет продаж 90 дн
oz_acc1,4504241252,от 2000 до 5000,12.0,нет продаж 90 дн
oz_acc1,4504241434,от 0 до 1000,10.0,нет продаж 90 дн
oz_acc1,4504241434,Эксперимент1,8.0,нет продаж 90 дн
oz_acc1,4504241610,Эксперимент1,8.0,нет продаж 90 дн
oz_acc1,4504241670,от 5000 до 10000,12.0,нет продаж 90 дн
oz_acc1,4504241670,Эксперимент1,8.0,нет продаж 90 дн
oz_acc1,4504241742,от 0 до 1000,10.0,нет продаж 90 дн
oz_acc1,4504241742,Эксперимент1,8.0,нет продаж 90 дн
oz_acc1,4504241990,от 5000 до 10000,12.0,нет продаж 90 дн
oz_acc1,4504242140,от 0 до 1000,10.0,нет продаж 90 дн
oz_acc1,4504242140,Эксперимент1,8.0,нет продаж 90 дн
oz_acc1,4504242895,от 2000 до 5000,12.0,нет продаж 90 дн
oz_acc1,4504242895,Эксперимент1,8.0,нет продаж 90 дн
oz_acc1,4504243013,Эксперимент1,8.0,нет продаж 90 дн
oz_acc1,4504243107,от 2000 до 5000,12.0,нет продаж 90 дн
oz_acc1,4504243107,Эксперимент1,8.0,нет продаж 90 дн
oz_acc1,4504243176,от 10000 до 500 тыс,12.0,нет продаж 90 дн
oz_acc1,4504243290,от 2000 до 5000,12.0,нет продаж 90 дн
oz_acc1,4504243290,Эксперимент1,8.0,нет продаж 90 дн
oz_acc1,4504243780,от 2000 до 5000,12.0,нет продаж 90 дн
oz_acc1,4504243780,Эксперимент1,8.0,нет продаж 90 дн
oz_acc1,4504244034,от 2000 до 5000,12.0,нет продаж 90 дн
oz_acc1,4504244034,Эксперимент1,8.0,нет продаж 90 дн
oz_acc1,4504244055,Эксперимент1,8.0,нет продаж 90 дн
oz_acc1,4504244403,от 2000 до 5000,12.0,нет продаж 90 дн
oz_acc1,4504244403,Эксперимент1,8.0,нет продаж 90 дн
oz_acc1,4504244652,от 2000 до 5000,12.0,нет продаж 90 дн
oz_acc1,4504244652,Эксперимент1,8.0,нет продаж 90 дн
oz_acc1,4504244710,Эксперимент1,8.0,нет продаж 90 дн
oz_acc1,4504244786,от 5000 до 10000,12.0,нет продаж 90 дн
oz_acc1,4504244786,Эксперимент1,8.0,нет продаж 90 дн
oz_acc1,4504245514,от 0 до 1000,10.0,нет продаж 90 дн
oz_acc1,4504245514,Эксперимент1,8.0,нет продаж 90 дн
oz_acc1,4504245785,от 2000 до 5000,12.0,нет продаж 90 дн
oz_acc1,4504245785,Эксперимент1,8.0,нет продаж 90 дн
oz_acc1,4504246345,от 0 до 1000,10.0,нет продаж 90 дн
oz_acc1,4504246345,Эксперимент1,8.0,нет продаж 90 дн
oz_acc1,4504247497,от 10000 до 500 тыс,12.0,нет продаж 90 дн
oz_acc1,4504653180,от 0 до 1000,10.0,нет продаж 90 дн
oz_acc1,4504653180,Эксперимент1,8.0,нет продаж 90 дн
oz_acc1,4504653328,от 0 до 1000,10.0,нет продаж 90 дн
oz_acc1,4504653328,Эксперимент1,8.0,нет продаж 90 дн
oz_acc1,4504653777,от 10000 до 500 тыс,12.0,нет продаж 90 дн
oz_acc1,4504653777,Эксперимент1,8.0,нет продаж 90 дн
oz_acc1,4504654736,Эксперимент1,8.0,нет продаж 90 дн
oz_acc1,4504655239,от 2000 до 5000,12.0,нет продаж 90 дн
oz_acc1,4504655239,Эксперимент1,8.0,нет продаж 90 дн
oz_acc1,4504655673,Эксперимент1,8.0,нет продаж 90 дн
oz_acc1,4504655810,Эксперимент1,8.0,нет продаж 90 дн
oz_acc1,4504655932,от 2000 до 5000,12.0,нет продаж 90 дн
oz_acc1,4504655932,Эксперимент1,8.0,нет продаж 90 дн
oz_acc1,4504656083,Эксперимент1,8.0,нет продаж 90 дн
oz_acc1,4504656405,от 2000 до 5000,12.0,нет продаж 90 дн
oz_acc1,4504656405,Эксперимент1,8.0,нет продаж 90 дн
oz_acc1,4504656442,от 2000 до 5000,12.0,нет продаж 90 дн
oz_acc1,4504656442,Эксперимент1,8.0,нет продаж 90 дн
oz_acc1,4504656663,Эксперимент1,8.0,нет продаж 90 дн
oz_acc1,4504656787,Эксперимент1,8.0,нет продаж 90 дн
oz_acc1,4504656788,Эксперимент1,8.0,нет продаж 90 дн
oz_acc1,4504656981,Эксперимент1,8.0,нет продаж 90 дн
oz_acc1,4504657590,Эксперимент1,8.0,нет продаж 90 дн
oz_acc1,4504657749,от 2000 до 5000,12.0,нет продаж 90 дн
oz_acc1,4504657749,Эксперимент1,8.0,нет продаж 90 дн
oz_acc1,4504657952,от 10000 до 500 тыс,12.0,нет продаж 90 дн
oz_acc1,4504657952,Эксперимент1,8.0,нет продаж 90 дн
oz_acc1,4504658109,от 2000 до 5000,12.0,нет продаж 90 дн
oz_acc1,4504658109,Эксперимент1,8.0,нет продаж 90 дн
oz_acc1,4504658145,от 2000 до 5000,12.0,нет продаж 90 дн
oz_acc1,4504658145,Эксперимент1,8.0,нет продаж 90 дн
oz_acc1,4504658306,от 2000 до 5000,12.0,нет продаж 90 дн
oz_acc1,4504658306,Эксперимент1,8.0,нет продаж 90 дн
oz_acc1,4504658331,Эксперимент1,8.0,нет продаж 90 дн
oz_acc1,4504658419,от 2000 до 5000,12.0,нет продаж 90 дн
oz_acc1,4504658419,Эксперимент1,8.0,нет продаж 90 дн
oz_acc1,4504658502,Эксперимент1,8.0,нет продаж 90 дн
oz_acc1,4504658957,от 2000 до 5000,12.0,нет продаж 90 дн
oz_acc1,4504658957,Эксперимент1,8.0,нет продаж 90 дн
oz_acc1,4504658971,Эксперимент1,8.0,нет продаж 90 дн
oz_acc1,4504659030,Эксперимент1,8.0,нет продаж 90 дн
oz_acc1,4504659048,Эксперимент1,8.0,нет продаж 90 дн
oz_acc1,4504659364,от 2000 до 5000,12.0,нет продаж 90 дн
oz_acc1,4504659364,Эксперимент1,8.0,нет продаж 90 дн
oz_acc1,4504659387,от 2000 до 5000,12.0,нет продаж 90 дн
oz_acc1,4504659387,Эксперимент1,8.0,нет продаж 90 дн
oz_acc1,4504659535,от 2000 до 5000,12.0,нет продаж 90 дн
oz_acc1,4504659535,Эксперимент1,8.0,нет продаж 90 дн
oz_acc1,4504659773,Эксперимент1,8.0,нет продаж 90 дн
oz_acc1,4504659949,Эксперимент1,8.0,нет продаж 90 дн
oz_acc1,4504660401,от 2000 до 5000,12.0,нет продаж 90 дн
oz_acc1,4504660401,Эксперимент1,8.0,нет продаж 90 дн
oz_acc1,4504660640,от 2000 до 5000,12.0,нет продаж 90 дн
oz_acc1,4504660640,Эксперимент1,8.0,нет продаж 90 дн
oz_acc1,4504660763,от 2000 до 5000,12.0,нет продаж 90 дн
oz_acc1,4504660763,Эксперимент1,8.0,нет продаж 90 дн
oz_acc1,4504660803,от 2000 до 5000,12.0,нет продаж 90 дн
oz_acc1,4504660803,Эксперимент1,8.0,нет продаж 90 дн
oz_acc1,4504660830,от 2000 до 5000,12.0,нет продаж 90 дн
oz_acc1,4504660830,Эксперимент1,8.0,нет продаж 90 дн
oz_acc1,4504660880,от 2000 до 5000,12.0,нет продаж 90 дн
oz_acc1,4504660880,Эксперимент1,8.0,нет продаж 90 дн
oz_acc1,4504660883,Эксперимент1,8.0,нет продаж 90 дн
oz_acc1,4504661149,от 2000 до 5000,12.0,нет продаж 90 дн
oz_acc1,4504661149,Эксперимент1,8.0,нет продаж 90 дн
oz_acc1,4504661170,Эксперимент1,8.0,нет продаж 90 дн
oz_acc1,4504661283,от 2000 до 5000,12.0,нет продаж 90 дн
oz_acc1,4504661283,Эксперимент1,8.0,нет продаж 90 дн
oz_acc1,4504661330,от 2000 до 5000,12.0,нет продаж 90 дн
oz_acc1,4504661330,Эксперимент1,8.0,нет продаж 90 дн
oz_acc1,4504661398,от 2000 до 5000,12.0,нет продаж 90 дн
oz_acc1,4504661398,Эксперимент1,8.0,нет продаж 90 дн
oz_acc1,4504661537,от 1000-2000,12.0,нет продаж 90 дн
oz_acc1,4504661537,Эксперимент1,8.0,нет продаж 90 дн
oz_acc1,4504661541,Эксперимент1,8.0,нет продаж 90 дн
oz_acc1,4504661597,от 2000 до 5000,12.0,нет продаж 90 дн
oz_acc1,4504661597,Эксперимент1,8.0,нет продаж 90 дн
oz_acc1,4504661665,от 1000-2000,12.0,нет продаж 90 дн
oz_acc1,4504661665,Эксперимент1,8.0,нет продаж 90 дн
oz_acc1,4504661693,от 2000 до 5000,12.0,нет продаж 90 дн
oz_acc1,4504661693,Эксперимент1,8.0,нет продаж 90 дн
oz_acc1,4504661891,от 1000-2000,12.0,нет продаж 90 дн
oz_acc1,4504661891,Эксперимент1,8.0,нет продаж 90 дн
oz_acc1,4504661911,от 2000 до 5000,12.0,нет продаж 90 дн
oz_acc1,4504661911,Эксперимент1,8.0,нет продаж 90 дн
oz_acc1,4504662071,Эксперимент1,8.0,нет продаж 90 дн
oz_acc1,4504662079,от 2000 до 5000,12.0,нет продаж 90 дн
oz_acc1,4504662079,Эксперимент1,8.0,нет продаж 90 дн
oz_acc1,4504662128,от 2000 до 5000,12.0,нет продаж 90 дн
oz_acc1,4504662128,Эксперимент1,8.0,нет продаж 90 дн
oz_acc1,4504662240,от 1000-2000,12.0,нет продаж 90 дн
oz_acc1,4504662240,Эксперимент1,8.0,нет продаж 90 дн
oz_acc1,4504662274,Эксперимент1,8.0,нет продаж 90 дн
oz_acc1,4504662313,от 1000-2000,12.0,нет продаж 90 дн
oz_acc1,4504662313,Эксперимент1,8.0,нет продаж 90 дн
oz_acc1,4504662330,от 1000-2000,12.0,нет продаж 90 дн
oz_acc1,4504662330,Эксперимент1,8.0,нет продаж 90 дн
oz_acc1,4504662376,от 2000 до 5000,12.0,нет продаж 90 дн
oz_acc1,4504662376,Эксперимент1,8.0,нет продаж 90 дн
oz_acc1,4504662436,от 2000 до 5000,12.0,нет продаж 90 дн
oz_acc1,4504662436,Эксперимент1,8.0,нет продаж 90 дн
oz_acc1,4504662440,Эксперимент1,8.0,нет продаж 90 дн
oz_acc1,4504662574,от 1000-2000,12.0,нет продаж 90 дн
oz_acc1,4504662574,Эксперимент1,8.0,нет продаж 90 дн
oz_acc1,4504662656,Эксперимент1,8.0,нет продаж 90 дн
oz_acc1,4504662687,от 2000 до 5000,12.0,нет продаж 90 дн
oz_acc1,4504662687,Эксперимент1,8.0,нет продаж 90 дн
oz_acc1,4504662892,от 1000-2000,12.0,нет продаж 90 дн
oz_acc1,4504662892,Эксперимент1,8.0,нет продаж 90 дн
oz_acc1,4504663107,от 1000-2000,12.0,нет продаж 90 дн
oz_acc1,4504663107,Эксперимент1,8.0,нет продаж 90 дн
oz_acc1,4504663134,от 1000-2000,12.0,нет продаж 90 дн
oz_acc1,4504663134,Эксперимент1,8.0,нет продаж 90 дн
oz_acc1,4504663141,от 2000 до 5000,12.0,нет продаж 90 дн
oz_acc1,4504663141,Эксперимент1,8.0,нет продаж 90 дн
oz_acc1,4504663300,от 1000-2000,12.0,нет продаж 90 дн
oz_acc1,4504663300,Эксперимент1,8.0,нет продаж 90 дн
oz_acc1,4504663323,от 1000-2000,12.0,нет продаж 90 дн
oz_acc1,4504663323,Эксперимент1,8.0,нет продаж 90 дн
oz_acc1,4504663569,Эксперимент1,8.0,нет продаж 90 дн
oz_acc1,4504663586,от 1000-2000,12.0,нет продаж 90 дн
oz_acc1,4504663586,Эксперимент1,8.0,нет продаж 90 дн
oz_acc1,4504663689,от 1000-2000,12.0,нет продаж 90 дн
oz_acc1,4504663689,Эксперимент1,8.0,нет продаж 90 дн
oz_acc1,4504663756,от 1000-2000,12.0,нет продаж 90 дн
oz_acc1,4504663756,Эксперимент1,8.0,нет продаж 90 дн
oz_acc1,4504663780,Эксперимент1,8.0,нет продаж 90 дн
oz_acc1,4504664036,от 1000-2000,12.0,нет продаж 90 дн
oz_acc1,4504664036,Эксперимент1,8.0,нет продаж 90 дн
oz_acc1,4504664087,Эксперимент1,8.0,нет продаж 90 дн
oz_acc1,4504664114,Эксперимент1,8.0,нет продаж 90 дн
oz_acc1,4504664199,от 1000-2000,12.0,нет продаж 90 дн
oz_acc1,4504664199,Эксперимент1,8.0,нет продаж 90 дн
oz_acc1,4504664214,от 1000-2000,12.0,нет продаж 90 дн
oz_acc1,4504664214,Эксперимент1,8.0,нет продаж 90 дн
oz_acc1,4504664306,от 1000-2000,12.0,нет продаж 90 дн
oz_acc1,4504664306,Эксперимент1,8.0,нет продаж 90 дн
oz_acc1,4504664308,от 1000-2000,12.0,нет продаж 90 дн
oz_acc1,4504664308,Эксперимент1,8.0,нет продаж 90 дн
oz_acc1,4504664359,от 1000-2000,12.0,нет продаж 90 дн
oz_acc1,4504664359,Эксперимент1,8.0,нет продаж 90 дн
oz_acc1,4504664391,от 2000 до 5000,12.0,нет продаж 90 дн
oz_acc1,4504664391,Эксперимент1,8.0,нет продаж 90 дн
oz_acc1,4504664605,от 2000 до 5000,12.0,нет продаж 90 дн
oz_acc1,4504664605,Эксперимент1,8.0,нет продаж 90 дн
oz_acc1,4504664661,от 1000-2000,12.0,нет продаж 90 дн
oz_acc1,4504664661,Эксперимент1,8.0,нет продаж 90 дн
oz_acc1,4504664673,от 0 до 1000,12.0,нет продаж 90 дн
oz_acc1,4504664673,Эксперимент1,8.0,нет продаж 90 дн
oz_acc1,4504664839,от 1000-2000,12.0,нет продаж 90 дн
oz_acc1,4504664839,Эксперимент1,8.0,нет продаж 90 дн
oz_acc1,4504664859,Эксперимент1,8.0,нет продаж 90 дн
oz_acc1,4504664867,от 1000-2000,12.0,нет продаж 90 дн
oz_acc1,4504664867,Эксперимент1,8.0,нет продаж 90 дн
oz_acc1,4504664870,от 1000-2000,12.0,нет продаж 90 дн
oz_acc1,4504664870,Эксперимент1,8.0,нет продаж 90 дн
oz_acc1,4504664874,от 1000-2000,12.0,нет продаж 90 дн
oz_acc1,4504664874,Эксперимент1,8.0,нет продаж 90 дн
oz_acc1,4504664918,Эксперимент1,8.0,нет продаж 90 дн
oz_acc1,4504664943,от 2000 до 5000,12.0,нет продаж 90 дн
oz_acc1,4504664943,Эксперимент1,8.0,нет продаж 90 дн
oz_acc1,4504664972,от 1000-2000,12.0,нет продаж 90 дн
oz_acc1,4504664972,Эксперимент1,8.0,нет продаж 90 дн
oz_acc1,4504664997,от 1000-2000,12.0,нет продаж 90 дн
oz_acc1,4504664997,Эксперимент1,8.0,нет продаж 90 дн
oz_acc1,4504665003,от 1000-2000,12.0,нет продаж 90 дн
oz_acc1,4504665003,Эксперимент1,8.0,нет продаж 90 дн
oz_acc1,4504665041,от 1000-2000,12.0,нет продаж 90 дн
oz_acc1,4504665041,Эксперимент1,8.0,нет продаж 90 дн
oz_acc1,4504665138,от 1000-2000,12.0,нет продаж 90 дн
oz_acc1,4504665138,Эксперимент1,8.0,нет продаж 90 дн
oz_acc1,4504665178,от 1000-2000,12.0,нет продаж 90 дн
oz_acc1,4504665178,Эксперимент1,8.0,нет продаж 90 дн
oz_acc1,4504665212,Эксперимент1,8.0,нет продаж 90 дн
oz_acc1,4504665262,Эксперимент1,8.0,нет продаж 90 дн
oz_acc1,4504665306,от 1000-2000,12.0,нет продаж 90 дн
oz_acc1,4504665306,Эксперимент1,8.0,нет продаж 90 дн
oz_acc1,4504665385,от 1000-2000,12.0,нет продаж 90 дн
oz_acc1,4504665385,Эксперимент1,8.0,нет продаж 90 дн
oz_acc1,4504665496,от 1000-2000,12.0,нет продаж 90 дн
oz_acc1,4504665496,Эксперимент1,8.0,нет продаж 90 дн
oz_acc1,4504665558,Эксперимент1,8.0,нет продаж 90 дн
oz_acc1,4504665559,Эксперимент1,8.0,нет продаж 90 дн
oz_acc1,4504665603,Эксперимент1,8.0,нет продаж 90 дн
oz_acc1,4504665619,от 1000-2000,12.0,нет продаж 90 дн
oz_acc1,4504665619,Эксперимент1,8.0,нет продаж 90 дн
oz_acc1,4504665700,Эксперимент1,8.0,нет продаж 90 дн
oz_acc1,4504665728,Эксперимент1,8.0,нет продаж 90 дн
oz_acc1,4504665840,Эксперимент1,8.0,нет продаж 90 дн
oz_acc1,4504666055,Эксперимент1,8.0,нет продаж 90 дн
oz_acc1,4504666076,от 1000-2000,12.0,нет продаж 90 дн
oz_acc1,4504666076,Эксперимент1,8.0,нет продаж 90 дн
oz_acc1,4504666195,от 1000-2000,12.0,нет продаж 90 дн
oz_acc1,4504666195,Эксперимент1,8.0,нет продаж 90 дн
oz_acc1,4504666219,от 1000-2000,12.0,нет продаж 90 дн
oz_acc1,4504666219,Эксперимент1,8.0,нет продаж 90 дн
oz_acc1,4504666274,Эксперимент1,8.0,нет продаж 90 дн
oz_acc1,4504666286,Эксперимент1,8.0,нет продаж 90 дн
oz_acc1,4504666327,от 1000-2000,12.0,нет продаж 90 дн
oz_acc1,4504666327,Эксперимент1,8.0,нет продаж 90 дн
oz_acc1,4504666360,от 1000-2000,12.0,нет продаж 90 дн
oz_acc1,4504666360,Эксперимент1,8.0,нет продаж 90 дн
oz_acc1,4504666456,от 1000-2000,12.0,нет продаж 90 дн
oz_acc1,4504666456,Эксперимент1,8.0,нет продаж 90 дн
oz_acc1,4504666474,от 1000-2000,12.0,нет продаж 90 дн
oz_acc1,4504666474,Эксперимент1,8.0,нет продаж 90 дн
oz_acc1,4504666560,от 1000-2000,12.0,нет продаж 90 дн
oz_acc1,4504666560,Эксперимент1,8.0,нет продаж 90 дн
oz_acc1,4504666571,Эксперимент1,8.0,нет продаж 90 дн
oz_acc1,4504666598,Эксперимент1,8.0,нет продаж 90 дн
oz_acc1,4504666606,от 1000-2000,12.0,нет продаж 90 дн
oz_acc1,4504666606,Эксперимент1,8.0,нет продаж 90 дн
oz_acc1,4504666655,от 1000-2000,12.0,нет продаж 90 дн
oz_acc1,4504666655,Эксперимент1,8.0,нет продаж 90 дн
oz_acc1,4504666730,Эксперимент1,8.0,нет продаж 90 дн
oz_acc1,4504666759,от 1000-2000,12.0,нет продаж 90 дн
oz_acc1,4504666759,Эксперимент1,8.0,нет продаж 90 дн
oz_acc1,4504666911,от 1000-2000,12.0,нет продаж 90 дн
oz_acc1,4504666911,Эксперимент1,8.0,нет продаж 90 дн
oz_acc1,4504666918,Эксперимент1,8.0,нет продаж 90 дн
oz_acc1,4504666959,Эксперимент1,8.0,нет продаж 90 дн
oz_acc1,4504667003,от 1000-2000,12.0,нет продаж 90 дн
oz_acc1,4504667003,Эксперимент1,8.0,нет продаж 90 дн
oz_acc1,4504667078,от 1000-2000,12.0,нет продаж 90 дн
oz_acc1,4504667078,Эксперимент1,8.0,нет продаж 90 дн
oz_acc1,4504667255,от 2000 до 5000,12.0,нет продаж 90 дн
oz_acc1,4504667255,Эксперимент1,8.0,нет продаж 90 дн
oz_acc1,4504667293,от 1000-2000,12.0,нет продаж 90 дн
oz_acc1,4504667293,Эксперимент1,8.0,нет продаж 90 дн
oz_acc1,4504667303,Эксперимент1,8.0,нет продаж 90 дн
oz_acc1,4504667414,Эксперимент1,8.0,нет продаж 90 дн
oz_acc1,4504667417,Эксперимент1,8.0,нет продаж 90 дн
oz_acc1,4504667488,от 1000-2000,12.0,нет продаж 90 дн
oz_acc1,4504667488,Эксперимент1,8.0,нет продаж 90 дн
oz_acc1,4504667490,Эксперимент1,8.0,нет продаж 90 дн
oz_acc1,4504667491,Эксперимент1,8.0,нет продаж 90 дн
oz_acc1,4504667502,Эксперимент1,8.0,нет продаж 90 дн
oz_acc1,4504667528,от 1000-2000,12.0,нет продаж 90 дн
oz_acc1,4504667528,Эксперимент1,8.0,нет продаж 90 дн
oz_acc1,4504667552,от 1000-2000,12.0,нет продаж 90 дн
oz_acc1,4504667552,Эксперимент1,8.0,нет продаж 90 дн
oz_acc1,4504667580,Эксперимент1,8.0,нет продаж 90 дн
oz_acc1,4504667723,от 1000-2000,12.0,нет продаж 90 дн
oz_acc1,4504667723,Эксперимент1,8.0,нет продаж 90 дн
oz_acc1,4504667736,Эксперимент1,8.0,нет продаж 90 дн
oz_acc1,4504667738,Эксперимент1,8.0,нет продаж 90 дн
oz_acc1,4504667747,Эксперимент1,8.0,нет продаж 90 дн
oz_acc1,4504667776,от 5000 до 10000,12.0,нет продаж 90 дн
oz_acc1,4504667776,Эксперимент1,8.0,нет продаж 90 дн
oz_acc1,4504667805,Эксперимент1,8.0,нет продаж 90 дн
oz_acc1,4504667828,от 2000 до 5000,12.0,нет продаж 90 дн
oz_acc1,4504667828,Эксперимент1,8.0,нет продаж 90 дн
oz_acc1,4504667834,от 1000-2000,12.0,нет продаж 90 дн
oz_acc1,4504667834,Эксперимент1,8.0,нет продаж 90 дн
oz_acc1,4504667846,Эксперимент1,8.0,нет продаж 90 дн
oz_acc1,4504667935,от 10000 до 500 тыс,12.0,нет продаж 90 дн
oz_acc1,4504668007,Эксперимент1,8.0,нет продаж 90 дн
oz_acc1,4504668076,Эксперимент1,8.0,нет продаж 90 дн
oz_acc1,4504668148,от 1000-2000,12.0,нет продаж 90 дн
oz_acc1,4504668148,Эксперимент1,8.0,нет продаж 90 дн
oz_acc1,4504668420,Эксперимент1,8.0,нет продаж 90 дн
oz_acc1,4504669033,Эксперимент1,8.0,нет продаж 90 дн
oz_acc1,4504669071,Эксперимент1,8.0,нет продаж 90 дн
oz_acc1,4504669084,от 10000 до 500 тыс,12.0,нет продаж 90 дн
oz_acc1,4504669088,Эксперимент1,8.0,нет продаж 90 дн
oz_acc1,4504669096,Эксперимент1,8.0,нет продаж 90 дн
oz_acc1,4504669120,от 10000 до 500 тыс,12.0,нет продаж 90 дн
oz_acc1,4504669156,от 5000 до 10000,12.0,нет продаж 90 дн
oz_acc1,4504669156,Эксперимент1,8.0,нет продаж 90 дн
oz_acc1,4504669181,от 1000-2000,12.0,нет продаж 90 дн
oz_acc1,4504669181,Эксперимент1,8.0,нет продаж 90 дн
oz_acc1,4504669279,от 1000-2000,12.0,нет продаж 90 дн
oz_acc1,4504669279,Эксперимент1,8.0,нет продаж 90 дн
oz_acc1,4504669283,от 1000-2000,12.0,нет продаж 90 дн
oz_acc1,4504669283,Эксперимент1,8.0,нет продаж 90 дн
oz_acc1,4504669390,Эксперимент1,8.0,нет продаж 90 дн
oz_acc1,4504669404,от 1000-2000,12.0,нет продаж 90 дн
oz_acc1,4504669404,Эксперимент1,8.0,нет продаж 90 дн
oz_acc1,4504669409,Эксперимент1,8.0,нет продаж 90 дн
oz_acc1,4504669410,от 10000 до 500 тыс,12.0,нет продаж 90 дн
oz_acc1,4504669422,Эксперимент1,8.0,нет продаж 90 дн
oz_acc1,4504669433,Эксперимент1,8.0,нет продаж 90 дн
oz_acc1,4504669620,от 2000 до 5000,12.0,нет продаж 90 дн
oz_acc1,4504669620,Эксперимент1,8.0,нет продаж 90 дн
oz_acc1,4504669720,от 1000-2000,12.0,нет продаж 90 дн
oz_acc1,4504669720,Эксперимент1,8.0,нет продаж 90 дн
oz_acc1,4504669731,от 1000-2000,12.0,нет продаж 90 дн
oz_acc1,4504669731,Эксперимент1,8.0,нет продаж 90 дн
oz_acc1,4504669736,Эксперимент1,8.0,нет продаж 90 дн
oz_acc1,4504669894,Эксперимент1,8.0,нет продаж 90 дн
oz_acc1,4504669952,от 1000-2000,12.0,нет продаж 90 дн
oz_acc1,4504669952,Эксперимент1,8.0,нет продаж 90 дн
oz_acc1,4504670021,Эксперимент1,8.0,нет продаж 90 дн
oz_acc1,4504670049,Эксперимент1,8.0,нет продаж 90 дн
oz_acc1,4504670118,Эксперимент1,8.0,нет продаж 90 дн
oz_acc1,4504670288,от 2000 до 5000,12.0,нет продаж 90 дн
oz_acc1,4504670288,Эксперимент1,8.0,нет продаж 90 дн
oz_acc1,4504670297,Эксперимент1,8.0,нет продаж 90 дн
oz_acc1,4504670383,Эксперимент1,8.0,нет продаж 90 дн
oz_acc1,4504670567,Эксперимент1,8.0,нет продаж 90 дн
oz_acc1,4504670568,Эксперимент1,8.0,нет продаж 90 дн
oz_acc1,4504670569,от 1000-2000,12.0,нет продаж 90 дн
oz_acc1,4504670569,Эксперимент1,8.0,нет продаж 90 дн
oz_acc1,4504670607,Эксперимент1,8.0,нет продаж 90 дн
oz_acc1,4504670671,Эксперимент1,8.0,нет продаж 90 дн
oz_acc1,4504670935,от 2000 до 5000,12.0,нет продаж 90 дн
oz_acc1,4504670935,Эксперимент1,8.0,нет продаж 90 дн
oz_acc1,4504671071,Эксперимент1,8.0,нет продаж 90 дн
oz_acc1,4504671117,от 10000 до 500 тыс,12.0,нет продаж 90 дн
oz_acc1,4504671360,Эксперимент1,8.0,нет продаж 90 дн
oz_acc1,4504671441,Эксперимент1,8.0,нет продаж 90 дн
oz_acc1,4504671924,Эксперимент1,8.0,нет продаж 90 дн
oz_acc1,4504672132,Эксперимент1,8.0,нет продаж 90 дн
oz_acc1,4504672161,от 2000 до 5000,12.0,нет продаж 90 дн
oz_acc1,4504672347,Эксперимент1,8.0,нет продаж 90 дн
oz_acc1,4504673211,Эксперимент1,8.0,нет продаж 90 дн
oz_acc1,4504674568,Эксперимент1,8.0,нет продаж 90 дн
oz_acc1,4504676313,от 10000 до 500 тыс,12.0,нет продаж 90 дн
oz_acc1,4504676313,Эксперимент1,8.0,нет продаж 90 дн
oz_acc1,4504677540,от 10000 до 500 тыс,12.0,нет продаж 90 дн
oz_acc1,4506600779,Эксперимент1,8.0,нет продаж 90 дн
oz_acc1,4506600974,Эксперимент1,8.0,нет продаж 90 дн
oz_acc1,4506605210,Эксперимент1,8.0,нет продаж 90 дн
oz_acc1,4506609313,Эксперимент1,8.0,нет продаж 90 дн
oz_acc1,4506610657,Эксперимент1,8.0,нет продаж 90 дн
oz_acc1,4506610961,Эксперимент1,8.0,нет продаж 90 дн
oz_acc1,4507026826,от 2000 до 5000,12.0,нет продаж 90 дн
oz_acc1,4507026955,Эксперимент1,8.0,нет продаж 90 дн
oz_acc1,4507026974,от 2000 до 5000,12.0,нет продаж 90 дн
oz_acc1,4507026974,Эксперимент1,8.0,нет продаж 90 дн
oz_acc1,4507038111,от 2000 до 5000,12.0,нет продаж 90 дн
oz_acc1,4507038111,Эксперимент1,8.0,нет продаж 90 дн
oz_acc1,4507500942,от 2000 до 5000,12.0,нет продаж 90 дн
oz_acc1,4507500942,Эксперимент1,8.0,нет продаж 90 дн
oz_acc1,4507502418,от 10000 до 500 тыс,12.0,нет продаж 90 дн
oz_acc1,4507502423,Эксперимент1,8.0,нет продаж 90 дн
oz_acc1,4507502673,от 10000 до 500 тыс,12.0,нет продаж 90 дн
oz_acc1,4507502703,от 2000 до 5000,12.0,нет продаж 90 дн
oz_acc1,4507502703,Эксперимент1,8.0,нет продаж 90 дн
oz_acc1,4507502735,от 2000 до 5000,12.0,нет продаж 90 дн
oz_acc1,4507502735,Эксперимент1,8.0,нет продаж 90 дн
oz_acc1,4507502750,Эксперимент1,8.0,нет продаж 90 дн
oz_acc1,4507502755,от 5000 до 10000,12.0,нет продаж 90 дн
oz_acc1,4507502755,Эксперимент1,8.0,нет продаж 90 дн
oz_acc1,4507502782,от 5000 до 10000,12.0,нет продаж 90 дн
oz_acc1,4507502788,Эксперимент1,8.0,нет продаж 90 дн
oz_acc1,4507503008,от 2000 до 5000,12.0,нет продаж 90 дн
oz_acc1,4507503008,Эксперимент1,8.0,нет продаж 90 дн
oz_acc1,4507503038,от 10000 до 500 тыс,12.0,нет продаж 90 дн
oz_acc1,4507503131,от 10000 до 500 тыс,12.0,нет продаж 90 дн
oz_acc1,4507503362,Эксперимент1,8.0,нет продаж 90 дн
oz_acc1,4507503418,от 10000 до 500 тыс,12.0,нет продаж 90 дн
oz_acc1,4507503436,Эксперимент1,8.0,нет продаж 90 дн
oz_acc1,4507503593,Эксперимент1,8.0,нет продаж 90 дн
oz_acc1,4507503602,Эксперимент1,8.0,нет продаж 90 дн
oz_acc1,4507503753,от 5000 до 10000,12.0,нет продаж 90 дн
oz_acc1,4507503753,Эксперимент1,8.0,нет продаж 90 дн
oz_acc1,4507503767,Эксперимент1,8.0,нет продаж 90 дн
oz_acc1,4507503841,от 10000 до 500 тыс,12.0,нет продаж 90 дн
oz_acc1,4507504093,от 5000 до 10000,12.0,нет продаж 90 дн
oz_acc1,4507504093,Эксперимент1,8.0,нет продаж 90 дн
oz_acc1,4507504101,от 10000 до 500 тыс,12.0,нет продаж 90 дн
oz_acc1,4507504108,от 10000 до 500 тыс,12.0,нет продаж 90 дн
oz_acc1,4507504201,Эксперимент1,8.0,нет продаж 90 дн
oz_acc1,4507504345,Эксперимент1,8.0,нет продаж 90 дн
oz_acc1,4507504386,Эксперимент1,8.0,нет продаж 90 дн
oz_acc1,4507504516,от 2000 до 5000,12.0,нет продаж 90 дн
oz_acc1,4507504516,Эксперимент1,8.0,нет продаж 90 дн
oz_acc1,4507504610,от 10000 до 500 тыс,12.0,нет продаж 90 дн
oz_acc1,4507504622,Эксперимент1,8.0,нет продаж 90 дн
oz_acc1,4507504759,от 10000 до 500 тыс,12.0,нет продаж 90 дн
oz_acc1,4507504759,Эксперимент1,8.0,нет продаж 90 дн
oz_acc1,4507504805,от 2000 до 5000,12.0,нет продаж 90 дн
oz_acc1,4507504805,Эксперимент1,8.0,нет продаж 90 дн
oz_acc1,4507504831,от 2000 до 5000,12.0,нет продаж 90 дн
oz_acc1,4507504901,Эксперимент1,8.0,нет продаж 90 дн
oz_acc1,4507504947,Эксперимент1,8.0,нет продаж 90 дн
oz_acc1,4507504951,от 5000 до 10000,12.0,нет продаж 90 дн
oz_acc1,4507504985,Эксперимент1,8.0,нет продаж 90 дн
oz_acc1,4507505009,Эксперимент1,8.0,нет продаж 90 дн
oz_acc1,4507505063,от 10000 до 500 тыс,12.0,нет продаж 90 дн
oz_acc1,4507505077,Эксперимент1,8.0,нет продаж 90 дн
oz_acc1,4507505241,Эксперимент1,8.0,нет продаж 90 дн
oz_acc1,4507505314,Эксперимент1,8.0,нет продаж 90 дн
oz_acc1,4507505339,от 10000 до 500 тыс,12.0,нет продаж 90 дн
oz_acc1,4507505518,Эксперимент1,8.0,нет продаж 90 дн
oz_acc1,4507505714,от 10000 до 500 тыс,12.0,нет продаж 90 дн
oz_acc1,4507505729,Эксперимент1,8.0,нет продаж 90 дн
oz_acc1,4507505736,Эксперимент1,8.0,нет продаж 90 дн
oz_acc1,4507505751,Эксперимент1,8.0,нет продаж 90 дн
oz_acc1,4507505786,от 10000 до 500 тыс,12.0,нет продаж 90 дн
oz_acc1,4507505834,от 10000 до 500 тыс,12.0,нет продаж 90 дн
oz_acc1,4507505834,Эксперимент1,8.0,нет продаж 90 дн
oz_acc1,4507505865,Эксперимент1,8.0,нет продаж 90 дн
oz_acc1,4507505900,Эксперимент1,8.0,нет продаж 90 дн
oz_acc1,4507505933,Эксперимент1,8.0,нет продаж 90 дн
oz_acc1,4507506015,от 10000 до 500 тыс,12.0,нет продаж 90 дн
oz_acc1,4507506015,Эксперимент1,8.0,нет продаж 90 дн
oz_acc1,4507506046,от 10000 до 500 тыс,12.0,нет продаж 90 дн
oz_acc1,4507506108,Эксперимент1,8.0,нет продаж 90 дн
oz_acc1,4507506158,Эксперимент1,8.0,нет продаж 90 дн
oz_acc1,4507506164,от 2000 до 5000,12.0,нет продаж 90 дн
oz_acc1,4507506164,Эксперимент1,8.0,нет продаж 90 дн
oz_acc1,4507506300,Эксперимент1,8.0,нет продаж 90 дн
oz_acc1,4507506319,Эксперимент1,8.0,нет продаж 90 дн
oz_acc1,4507506388,от 1000-2000,12.0,нет продаж 90 дн
oz_acc1,4507506388,Эксперимент1,8.0,нет продаж 90 дн
oz_acc1,4507506450,Эксперимент1,8.0,нет продаж 90 дн
oz_acc1,4507506494,Эксперимент1,8.0,нет продаж 90 дн
oz_acc1,4507506592,от 10000 до 500 тыс,12.0,нет продаж 90 дн
oz_acc1,4507506640,от 10000 до 500 тыс,12.0,нет продаж 90 дн
oz_acc1,4507506640,Эксперимент1,8.0,нет продаж 90 дн
oz_acc1,4507506641,Эксперимент1,8.0,нет продаж 90 дн
oz_acc1,4507506649,Эксперимент1,8.0,нет продаж 90 дн
oz_acc1,4507506684,от 10000 до 500 тыс,12.0,нет продаж 90 дн
oz_acc1,4507506684,Эксперимент1,8.0,нет продаж 90 дн
oz_acc1,4507506860,от 2000 до 5000,12.0,нет продаж 90 дн
oz_acc1,4507506860,Эксперимент1,8.0,нет продаж 90 дн
oz_acc1,4507506924,от 10000 до 500 тыс,12.0,нет продаж 90 дн
oz_acc1,4507506991,от 2000 до 5000,12.0,нет продаж 90 дн
oz_acc1,4507506991,Эксперимент1,8.0,нет продаж 90 дн
oz_acc1,4507507225,Эксперимент1,8.0,нет продаж 90 дн
oz_acc1,4507507376,от 2000 до 5000,12.0,нет продаж 90 дн
oz_acc1,4507507376,Эксперимент1,8.0,нет продаж 90 дн
oz_acc1,4507507422,от 5000 до 10000,12.0,нет продаж 90 дн
oz_acc1,4507507445,Эксперимент1,8.0,нет продаж 90 дн
oz_acc1,4507507481,от 1000-2000,12.0,нет продаж 90 дн
oz_acc1,4507507481,Эксперимент1,8.0,нет продаж 90 дн
oz_acc1,4507507534,от 5000 до 10000,12.0,нет продаж 90 дн
oz_acc1,4507507585,от 10000 до 500 тыс,12.0,нет продаж 90 дн
oz_acc1,4507507912,от 5000 до 10000,12.0,нет продаж 90 дн
oz_acc1,4507507912,Эксперимент1,8.0,нет продаж 90 дн
oz_acc1,4507508170,Эксперимент1,8.0,нет продаж 90 дн
oz_acc1,4507508244,от 1000-2000,12.0,нет продаж 90 дн
oz_acc1,4507508244,Эксперимент1,8.0,нет продаж 90 дн
oz_acc1,4507508317,Эксперимент1,8.0,нет продаж 90 дн
oz_acc1,4507508346,от 5000 до 10000,12.0,нет продаж 90 дн
oz_acc1,4507508346,Эксперимент1,8.0,нет продаж 90 дн
oz_acc1,4507508363,от 2000 до 5000,12.0,нет продаж 90 дн
oz_acc1,4507508363,Эксперимент1,8.0,нет продаж 90 дн
oz_acc1,4507508414,от 2000 до 5000,12.0,нет продаж 90 дн
oz_acc1,4507508414,Эксперимент1,8.0,нет продаж 90 дн
oz_acc1,4507508585,от 5000 до 10000,12.0,нет продаж 90 дн
oz_acc1,4507508585,Эксперимент1,8.0,нет продаж 90 дн
oz_acc1,4507508741,от 2000 до 5000,12.0,нет продаж 90 дн
oz_acc1,4507508741,Эксперимент1,8.0,нет продаж 90 дн
oz_acc1,4507508905,от 2000 до 5000,12.0,нет продаж 90 дн
oz_acc1,4507508905,Эксперимент1,8.0,нет продаж 90 дн
oz_acc1,4507509009,от 1000-2000,12.0,нет продаж 90 дн
oz_acc1,4507509009,Эксперимент1,8.0,нет продаж 90 дн
oz_acc1,4507509047,Эксперимент1,8.0,нет продаж 90 дн
oz_acc1,4507509365,от 10000 до 500 тыс,12.0,нет продаж 90 дн
oz_acc1,4507509365,Эксперимент1,8.0,нет продаж 90 дн
oz_acc1,4507509389,Эксперимент1,8.0,нет продаж 90 дн
oz_acc1,4507509483,Эксперимент1,8.0,нет продаж 90 дн
oz_acc1,4507509727,от 1000-2000,12.0,нет продаж 90 дн
oz_acc1,4507509727,Эксперимент1,8.0,нет продаж 90 дн
oz_acc1,4507509775,от 5000 до 10000,12.0,нет продаж 90 дн
oz_acc1,4507509775,Эксперимент1,8.0,нет продаж 90 дн
oz_acc1,4507509979,от 10000 до 500 тыс,12.0,нет продаж 90 дн
oz_acc1,4507509983,Эксперимент1,8.0,нет продаж 90 дн
oz_acc1,4507510012,Эксперимент1,8.0,нет продаж 90 дн
oz_acc1,4507510077,от 10000 до 500 тыс,12.0,нет продаж 90 дн
oz_acc1,4507510077,Эксперимент1,8.0,нет продаж 90 дн
oz_acc1,4507510281,от 1000-2000,12.0,нет продаж 90 дн
oz_acc1,4507510281,Эксперимент1,8.0,нет продаж 90 дн
oz_acc1,4507510309,Эксперимент1,8.0,нет продаж 90 дн
oz_acc1,4507510318,от 1000-2000,12.0,нет продаж 90 дн
oz_acc1,4507510318,Эксперимент1,8.0,нет продаж 90 дн
oz_acc1,4507510466,Эксперимент1,8.0,нет продаж 90 дн
oz_acc1,4507511235,от 0 до 1000,10.0,нет продаж 90 дн
oz_acc1,4507511235,Эксперимент1,8.0,нет продаж 90 дн
oz_acc1,4507511294,Эксперимент1,8.0,нет продаж 90 дн
oz_acc1,4507511307,от 10000 до 500 тыс,12.0,нет продаж 90 дн
oz_acc1,4507511348,от 10000 до 500 тыс,12.0,нет продаж 90 дн
oz_acc1,4507511474,Эксперимент1,8.0,нет продаж 90 дн
oz_acc1,4507511723,от 2000 до 5000,12.0,нет продаж 90 дн
oz_acc1,4507511723,Эксперимент1,8.0,нет продаж 90 дн
oz_acc1,4507511777,Эксперимент1,8.0,нет продаж 90 дн
oz_acc1,4507511851,от 10000 до 500 тыс,12.0,нет продаж 90 дн
oz_acc1,4507511853,от 5000 до 10000,12.0,нет продаж 90 дн
oz_acc1,4507511853,Эксперимент1,8.0,нет продаж 90 дн
oz_acc1,4507511933,от 10000 до 500 тыс,12.0,нет продаж 90 дн
oz_acc1,4507511939,от 10000 до 500 тыс,12.0,нет продаж 90 дн
oz_acc1,4507512513,от 2000 до 5000,12.0,нет продаж 90 дн
oz_acc1,4507512513,Эксперимент1,8.0,нет продаж 90 дн
oz_acc1,4507512616,от 5000 до 10000,12.0,нет продаж 90 дн
oz_acc1,4507512790,Эксперимент1,8.0,нет продаж 90 дн
oz_acc1,4507512939,от 0 до 1000,10.0,нет продаж 90 дн
oz_acc1,4507512939,Эксперимент1,8.0,нет продаж 90 дн
oz_acc1,4507512955,от 0 до 1000,10.0,нет продаж 90 дн
oz_acc1,4507512955,Эксперимент1,8.0,нет продаж 90 дн
oz_acc1,4507512973,Эксперимент1,8.0,нет продаж 90 дн
oz_acc1,4507513448,Эксперимент1,8.0,нет продаж 90 дн
oz_acc1,4507513880,Эксперимент1,8.0,нет продаж 90 дн
oz_acc1,4507514045,Эксперимент1,8.0,нет продаж 90 дн
oz_acc1,4507514053,от 10000 до 500 тыс,12.0,нет продаж 90 дн
oz_acc1,4507514162,от 0 до 1000,10.0,нет продаж 90 дн
oz_acc1,4507514162,Эксперимент1,8.0,нет продаж 90 дн
oz_acc1,4507514256,от 5000 до 10000,12.0,нет продаж 90 дн
oz_acc1,4507514256,Эксперимент1,8.0,нет продаж 90 дн
oz_acc1,4507514423,Эксперимент1,8.0,нет продаж 90 дн
oz_acc1,4507514502,Эксперимент1,8.0,нет продаж 90 дн
oz_acc1,4507514529,Эксперимент1,8.0,нет продаж 90 дн
oz_acc1,4507514954,Эксперимент1,8.0,нет продаж 90 дн
oz_acc1,4507515428,от 0 до 1000,10.0,нет продаж 90 дн
oz_acc1,4507515428,Эксперимент1,8.0,нет продаж 90 дн
oz_acc1,4507515451,от 2000 до 5000,12.0,нет продаж 90 дн
oz_acc1,4507515451,Эксперимент1,8.0,нет продаж 90 дн
oz_acc1,4507515872,Эксперимент1,8.0,нет продаж 90 дн
oz_acc1,4507516037,Эксперимент1,8.0,нет продаж 90 дн
oz_acc1,4507516068,Эксперимент1,8.0,нет продаж 90 дн
oz_acc1,4507516688,Эксперимент1,8.0,нет продаж 90 дн
oz_acc1,4507516831,Эксперимент1,8.0,нет продаж 90 дн
oz_acc1,4507516899,от 5000 до 10000,12.0,нет продаж 90 дн
oz_acc1,4507516994,Эксперимент1,8.0,нет продаж 90 дн
oz_acc1,4507517069,Эксперимент1,8.0,нет продаж 90 дн
oz_acc1,4507517092,от 1000-2000,12.0,нет продаж 90 дн
oz_acc1,4507517092,Эксперимент1,8.0,нет продаж 90 дн
oz_acc1,4507517154,Эксперимент1,8.0,нет продаж 90 дн
oz_acc1,4507517442,от 0 до 1000,10.0,нет продаж 90 дн
oz_acc1,4507517442,Эксперимент1,8.0,нет продаж 90 дн
oz_acc1,4507517479,от 2000 до 5000,12.0,нет продаж 90 дн
oz_acc1,4507517479,Эксперимент1,8.0,нет продаж 90 дн
oz_acc1,4507517830,Эксперимент1,8.0,нет продаж 90 дн
oz_acc1,4507517858,Эксперимент1,8.0,нет продаж 90 дн
oz_acc1,4507517888,от 0 до 1000,10.0,нет продаж 90 дн
oz_acc1,4507517888,Эксперимент1,8.0,нет продаж 90 дн
oz_acc1,4507517923,Эксперимент1,8.0,нет продаж 90 дн
oz_acc1,4507518466,Эксперимент1,8.0,нет продаж 90 дн
oz_acc1,4507518490,Эксперимент1,8.0,нет продаж 90 дн
oz_acc1,4507518541,Эксперимент1,8.0,нет продаж 90 дн
oz_acc1,4507518611,от 1000-2000,12.0,нет продаж 90 дн
oz_acc1,4507518611,Эксперимент1,8.0,нет продаж 90 дн
oz_acc1,4507518900,Эксперимент1,8.0,нет продаж 90 дн
oz_acc1,4507519055,от 5000 до 10000,12.0,нет продаж 90 дн
oz_acc1,4507519055,Эксперимент1,8.0,нет продаж 90 дн
oz_acc1,4507519091,Эксперимент1,8.0,нет продаж 90 дн
oz_acc1,4507519119,от 2000 до 5000,12.0,нет продаж 90 дн
oz_acc1,4507519119,Эксперимент1,8.0,нет продаж 90 дн
oz_acc1,4507519196,Эксперимент1,8.0,нет продаж 90 дн
oz_acc1,4507519469,Эксперимент1,8.0,нет продаж 90 дн
oz_acc1,4507519626,Эксперимент1,8.0,нет продаж 90 дн
oz_acc1,4507519672,от 5000 до 10000,12.0,нет продаж 90 дн
oz_acc1,4507519683,Эксперимент1,8.0,нет продаж 90 дн
oz_acc1,4507520119,от 2000 до 5000,12.0,нет продаж 90 дн
oz_acc1,4507520119,Эксперимент1,8.0,нет продаж 90 дн
oz_acc1,4507520238,от 2000 до 5000,12.0,нет продаж 90 дн
oz_acc1,4507520238,Эксперимент1,8.0,нет продаж 90 дн
oz_acc1,4507520360,Эксперимент1,8.0,нет продаж 90 дн
oz_acc1,4507520419,от 10000 до 500 тыс,12.0,нет продаж 90 дн
oz_acc1,4507520633,от 10000 до 500 тыс,12.0,нет продаж 90 дн
oz_acc1,4507520633,Эксперимент1,8.0,нет продаж 90 дн
oz_acc1,4507520767,от 2000 до 5000,12.0,нет продаж 90 дн
oz_acc1,4507520767,Эксперимент1,8.0,нет продаж 90 дн
oz_acc1,4507520797,от 10000 до 500 тыс,12.0,нет продаж 90 дн
oz_acc1,4507520797,Эксперимент1,8.0,нет продаж 90 дн
oz_acc1,4507520810,от 2000 до 5000,12.0,нет продаж 90 дн
oz_acc1,4507520889,Эксперимент1,8.0,нет продаж 90 дн
oz_acc1,4507520980,от 5000 до 10000,12.0,нет продаж 90 дн
oz_acc1,4507520980,Эксперимент1,8.0,нет продаж 90 дн
oz_acc1,4507521094,от 2000 до 5000,12.0,нет продаж 90 дн
oz_acc1,4507521094,Эксперимент1,8.0,нет продаж 90 дн
oz_acc1,4507521279,от 2000 до 5000,12.0,нет продаж 90 дн
oz_acc1,4507521279,Эксперимент1,8.0,нет продаж 90 дн
oz_acc1,4507521280,Эксперимент1,8.0,нет продаж 90 дн
oz_acc1,4507521364,Эксперимент1,8.0,нет продаж 90 дн
oz_acc1,4507521385,от 2000 до 5000,12.0,нет продаж 90 дн
oz_acc1,4507521385,Эксперимент1,8.0,нет продаж 90 дн
oz_acc1,4507521634,Эксперимент1,8.0,нет продаж 90 дн
oz_acc1,4507521673,Эксперимент1,8.0,нет продаж 90 дн
oz_acc1,4507521685,от 2000 до 5000,12.0,нет продаж 90 дн
oz_acc1,4507521685,Эксперимент1,8.0,нет продаж 90 дн
oz_acc1,4507521708,Эксперимент1,8.0,нет продаж 90 дн
oz_acc1,4507521721,от 2000 до 5000,12.0,нет продаж 90 дн
oz_acc1,4507521721,Эксперимент1,8.0,нет продаж 90 дн
oz_acc1,4507521782,от 2000 до 5000,12.0,нет продаж 90 дн
oz_acc1,4507521782,Эксперимент1,8.0,нет продаж 90 дн
oz_acc1,4507521805,Эксперимент1,8.0,нет продаж 90 дн
oz_acc1,4507521923,Эксперимент1,8.0,нет продаж 90 дн
oz_acc1,4507521939,Эксперимент1,8.0,нет продаж 90 дн
oz_acc1,4507521964,от 2000 до 5000,12.0,нет продаж 90 дн
oz_acc1,4507521964,Эксперимент1,8.0,нет продаж 90 дн
oz_acc1,4507522026,от 2000 до 5000,12.0,нет продаж 90 дн
oz_acc1,4507522026,Эксперимент1,8.0,нет продаж 90 дн
oz_acc1,4507522196,от 2000 до 5000,12.0,нет продаж 90 дн
oz_acc1,4507522196,Эксперимент1,8.0,нет продаж 90 дн
oz_acc1,4507522210,от 2000 до 5000,12.0,нет продаж 90 дн
oz_acc1,4507522210,Эксперимент1,8.0,нет продаж 90 дн
oz_acc1,4507522252,от 2000 до 5000,12.0,нет продаж 90 дн
oz_acc1,4507522252,Эксперимент1,8.0,нет продаж 90 дн
oz_acc1,4507522271,Эксперимент1,8.0,нет продаж 90 дн
oz_acc1,4507522525,от 2000 до 5000,12.0,нет продаж 90 дн
oz_acc1,4507522572,Эксперимент1,8.0,нет продаж 90 дн
oz_acc1,4507522753,Эксперимент1,8.0,нет продаж 90 дн
oz_acc1,4507523134,от 2000 до 5000,12.0,нет продаж 90 дн
oz_acc1,4507523134,Эксперимент1,8.0,нет продаж 90 дн
oz_acc1,4507523514,Эксперимент1,8.0,нет продаж 90 дн
oz_acc1,4507523624,от 2000 до 5000,12.0,нет продаж 90 дн
oz_acc1,4507523624,Эксперимент1,8.0,нет продаж 90 дн
oz_acc1,4507524022,Эксперимент1,8.0,нет продаж 90 дн
oz_acc1,4507524121,Эксперимент1,8.0,нет продаж 90 дн
oz_acc1,4507524190,Эксперимент1,8.0,нет продаж 90 дн
oz_acc1,4507524460,от 2000 до 5000,12.0,нет продаж 90 дн
oz_acc1,4507524460,Эксперимент1,8.0,нет продаж 90 дн
oz_acc1,4507524654,Эксперимент1,8.0,нет продаж 90 дн
oz_acc1,4507524840,от 2000 до 5000,12.0,нет продаж 90 дн
oz_acc1,4507524840,Эксперимент1,8.0,нет продаж 90 дн
oz_acc1,4507524856,от 2000 до 5000,12.0,нет продаж 90 дн
oz_acc1,4507524894,от 2000 до 5000,12.0,нет продаж 90 дн
oz_acc1,4507524894,Эксперимент1,8.0,нет продаж 90 дн
oz_acc1,4507525073,от 2000 до 5000,12.0,нет продаж 90 дн
oz_acc1,4507525392,Эксперимент1,8.0,нет продаж 90 дн
oz_acc1,4507526843,от 2000 до 5000,12.0,нет продаж 90 дн
oz_acc1,4507526843,Эксперимент1,8.0,нет продаж 90 дн
oz_acc1,4507527038,от 2000 до 5000,12.0,нет продаж 90 дн
oz_acc1,4507527038,Эксперимент1,8.0,нет продаж 90 дн
oz_acc1,4507530270,Эксперимент1,8.0,нет продаж 90 дн
oz_acc1,4507530630,от 2000 до 5000,12.0,нет продаж 90 дн
oz_acc1,4507532637,Эксперимент1,8.0,нет продаж 90 дн
oz_acc1,4507532667,от 2000 до 5000,12.0,нет продаж 90 дн
oz_acc1,4507532667,Эксперимент1,8.0,нет продаж 90 дн
oz_acc1,4507533031,Эксперимент1,8.0,нет продаж 90 дн
oz_acc1,4507533063,от 2000 до 5000,12.0,нет продаж 90 дн
oz_acc1,4507533063,Эксперимент1,8.0,нет продаж 90 дн
oz_acc1,4507538544,Эксперимент1,8.0,нет продаж 90 дн
oz_acc1,4507548320,Эксперимент1,8.0,нет продаж 90 дн
oz_acc1,4507936997,от 2000 до 5000,12.0,нет продаж 90 дн
oz_acc1,4507936997,Эксперимент1,8.0,нет продаж 90 дн
oz_acc1,4507941209,от 2000 до 5000,12.0,нет продаж 90 дн
oz_acc1,4507941209,Эксперимент1,8.0,нет продаж 90 дн
oz_acc1,4507943573,от 2000 до 5000,12.0,нет продаж 90 дн
oz_acc1,4507943573,Эксперимент1,8.0,нет продаж 90 дн
oz_acc1,4508161128,Эксперимент1,8.0,нет продаж 90 дн
oz_acc1,4508164377,от 1000-2000,12.0,нет продаж 90 дн
oz_acc1,4508164377,Эксперимент1,8.0,нет продаж 90 дн
oz_acc1,4508165852,Эксперимент1,8.0,нет продаж 90 дн
oz_acc1,4508483885,Эксперимент1,8.0,нет продаж 90 дн
oz_acc1,4508488854,Эксперимент1,8.0,нет продаж 90 дн
oz_acc1,4508663280,Эксперимент1,8.0,нет продаж 90 дн
oz_acc1,4508917270,от 5000 до 10000,12.0,нет продаж 90 дн
oz_acc1,4508917270,Эксперимент1,8.0,нет продаж 90 дн
oz_acc1,4508917369,от 5000 до 10000,12.0,нет продаж 90 дн
oz_acc1,4508917369,Эксперимент1,8.0,нет продаж 90 дн
oz_acc1,4508918353,от 5000 до 10000,12.0,нет продаж 90 дн
oz_acc1,4508918353,Эксперимент1,8.0,нет продаж 90 дн
oz_acc1,4508919049,от 5000 до 10000,12.0,нет продаж 90 дн
oz_acc1,4508919049,Эксперимент1,8.0,нет продаж 90 дн
oz_acc1,4508919227,от 5000 до 10000,12.0,нет продаж 90 дн
oz_acc1,4508919227,Эксперимент1,8.0,нет продаж 90 дн
oz_acc1,4508921137,от 5000 до 10000,12.0,нет продаж 90 дн
oz_acc1,4508921137,Эксперимент1,8.0,нет продаж 90 дн
oz_acc1,4509112387,от 5000 до 10000,12.0,нет продаж 90 дн
oz_acc1,4509112387,Эксперимент1,8.0,нет продаж 90 дн
oz_acc1,4509113971,от 5000 до 10000,12.0,нет продаж 90 дн
oz_acc1,4509113971,Эксперимент1,8.0,нет продаж 90 дн
oz_acc1,4509154604,от 2000 до 5000,12.0,нет продаж 90 дн
oz_acc1,4509154604,Эксперимент1,8.0,нет продаж 90 дн
oz_acc1,4509154907,от 2000 до 5000,12.0,нет продаж 90 дн
oz_acc1,4509154907,Эксперимент1,8.0,нет продаж 90 дн
oz_acc1,4509201730,от 5000 до 10000,12.0,нет продаж 90 дн
oz_acc1,4509201730,Эксперимент1,8.0,нет продаж 90 дн
oz_acc1,4509202072,от 5000 до 10000,12.0,нет продаж 90 дн
oz_acc1,4509202072,Эксперимент1,8.0,нет продаж 90 дн
oz_acc1,4509202628,от 5000 до 10000,12.0,нет продаж 90 дн
oz_acc1,4509202628,Эксперимент1,8.0,нет продаж 90 дн
oz_acc1,4509202680,от 5000 до 10000,12.0,нет продаж 90 дн
oz_acc1,4509202680,Эксперимент1,8.0,нет продаж 90 дн
oz_acc1,4509203103,от 5000 до 10000,12.0,нет продаж 90 дн
oz_acc1,4509203198,от 5000 до 10000,12.0,нет продаж 90 дн
oz_acc1,4509203198,Эксперимент1,8.0,нет продаж 90 дн
oz_acc1,4509203559,от 5000 до 10000,12.0,нет продаж 90 дн
oz_acc1,4509203559,Эксперимент1,8.0,нет продаж 90 дн
oz_acc1,4509203755,от 5000 до 10000,12.0,нет продаж 90 дн
oz_acc1,4509203755,Эксперимент1,8.0,нет продаж 90 дн
oz_acc1,4515702290,Эксперимент1,8.0,нет продаж 90 дн
oz_acc1,4515702323,Эксперимент1,8.0,нет продаж 90 дн
oz_acc1,4515702397,Эксперимент1,8.0,нет продаж 90 дн
oz_acc1,4515702398,Эксперимент1,8.0,нет продаж 90 дн
oz_acc1,4515702407,Эксперимент1,8.0,нет продаж 90 дн
oz_acc1,4515702418,Эксперимент1,8.0,нет продаж 90 дн
oz_acc1,4515702464,Эксперимент1,8.0,нет продаж 90 дн
oz_acc1,4515702552,Эксперимент1,8.0,нет продаж 90 дн
oz_acc1,4515702559,Эксперимент1,8.0,нет продаж 90 дн
oz_acc1,4515702561,Эксперимент1,8.0,нет продаж 90 дн
oz_acc1,4515702577,Эксперимент1,8.0,нет продаж 90 дн
oz_acc1,4515702583,Эксперимент1,8.0,нет продаж 90 дн
oz_acc1,4515702618,от 2000 до 5000,12.0,нет продаж 90 дн
oz_acc1,4515702618,Эксперимент1,8.0,нет продаж 90 дн
oz_acc1,4515702809,Эксперимент1,8.0,нет продаж 90 дн
oz_acc1,4515702828,от 1000-2000,12.0,нет продаж 90 дн
oz_acc1,4515702828,Эксперимент1,8.0,нет продаж 90 дн
oz_acc1,4515702879,Эксперимент1,8.0,нет продаж 90 дн
oz_acc1,4515702908,Эксперимент1,8.0,нет продаж 90 дн
oz_acc1,4515702919,Эксперимент1,8.0,нет продаж 90 дн
oz_acc1,4515702922,от 1000-2000,12.0,нет продаж 90 дн
oz_acc1,4515702922,Эксперимент1,8.0,нет продаж 90 дн
oz_acc1,4515702924,Эксперимент1,8.0,нет продаж 90 дн
oz_acc1,4515702938,от 2000 до 5000,12.0,нет продаж 90 дн
oz_acc1,4515702938,Эксперимент1,8.0,нет продаж 90 дн
oz_acc1,4515702942,Эксперимент1,8.0,нет продаж 90 дн
oz_acc1,4515703002,Эксперимент1,8.0,нет продаж 90 дн
oz_acc1,4515703012,от 10000 до 500 тыс,12.0,нет продаж 90 дн
oz_acc1,4515703045,от 0 до 1000,10.0,нет продаж 90 дн
oz_acc1,4515703045,Эксперимент1,8.0,нет продаж 90 дн
oz_acc1,4515703054,от 2000 до 5000,12.0,нет продаж 90 дн
oz_acc1,4515703054,Эксперимент1,8.0,нет продаж 90 дн
oz_acc1,4515703060,Эксперимент1,8.0,нет продаж 90 дн
oz_acc1,4515703089,от 2000 до 5000,12.0,нет продаж 90 дн
oz_acc1,4515703089,Эксперимент1,8.0,нет продаж 90 дн
oz_acc1,4515703112,Эксперимент1,8.0,нет продаж 90 дн
oz_acc1,4515703124,Эксперимент1,8.0,нет продаж 90 дн
oz_acc1,4515703125,Эксперимент1,8.0,нет продаж 90 дн
oz_acc1,4515703152,Эксперимент1,8.0,нет продаж 90 дн
oz_acc1,4515703153,от 1000-2000,12.0,нет продаж 90 дн
oz_acc1,4515703153,Эксперимент1,8.0,нет продаж 90 дн
oz_acc1,4515703171,от 2000 до 5000,12.0,нет продаж 90 дн
oz_acc1,4515703171,Эксперимент1,8.0,нет продаж 90 дн
oz_acc1,4515703183,Эксперимент1,8.0,нет продаж 90 дн
oz_acc1,4515703212,Эксперимент1,8.0,нет продаж 90 дн
oz_acc1,4515703223,Эксперимент1,8.0,нет продаж 90 дн
oz_acc1,4515703277,от 2000 до 5000,12.0,нет продаж 90 дн
oz_acc1,4515703280,Эксперимент1,8.0,нет продаж 90 дн
oz_acc1,4515703284,Эксперимент1,8.0,нет продаж 90 дн
oz_acc1,4515703289,Эксперимент1,8.0,нет продаж 90 дн
oz_acc1,4515703313,Эксперимент1,8.0,нет продаж 90 дн
oz_acc1,4515703342,Эксперимент1,8.0,нет продаж 90 дн
oz_acc1,4515703365,от 1000-2000,12.0,нет продаж 90 дн
oz_acc1,4515703365,Эксперимент1,8.0,нет продаж 90 дн
oz_acc1,4515703369,Эксперимент1,8.0,нет продаж 90 дн
oz_acc1,4515703390,от 2000 до 5000,12.0,нет продаж 90 дн
oz_acc1,4515703390,Эксперимент1,8.0,нет продаж 90 дн
oz_acc1,4515703442,Эксперимент1,8.0,нет продаж 90 дн
oz_acc1,4515703445,Эксперимент1,8.0,нет продаж 90 дн
oz_acc1,4515703468,Эксперимент1,8.0,нет продаж 90 дн
oz_acc1,4515703475,от 2000 до 5000,12.0,нет продаж 90 дн
oz_acc1,4515703475,Эксперимент1,8.0,нет продаж 90 дн
oz_acc1,4515703502,от 2000 до 5000,12.0,нет продаж 90 дн
oz_acc1,4515703502,Эксперимент1,8.0,нет продаж 90 дн
oz_acc1,4515703505,от 0 до 1000,10.0,нет продаж 90 дн
oz_acc1,4515703505,Эксперимент1,8.0,нет продаж 90 дн
oz_acc1,4515703510,Эксперимент1,8.0,нет продаж 90 дн
oz_acc1,4515703512,Эксперимент1,8.0,нет продаж 90 дн
oz_acc1,4515703523,Эксперимент1,8.0,нет продаж 90 дн
oz_acc1,4515703540,Эксперимент1,8.0,нет продаж 90 дн
oz_acc1,4515703548,от 2000 до 5000,12.0,нет продаж 90 дн
oz_acc1,4515703548,Эксперимент1,8.0,нет продаж 90 дн
oz_acc1,4515703556,от 2000 до 5000,12.0,нет продаж 90 дн
oz_acc1,4515703556,Эксперимент1,8.0,нет продаж 90 дн
oz_acc1,4515703577,Эксперимент1,8.0,нет продаж 90 дн
oz_acc1,4515703580,Эксперимент1,8.0,нет продаж 90 дн
oz_acc1,4515703596,от 1000-2000,12.0,нет продаж 90 дн
oz_acc1,4515703596,Эксперимент1,8.0,нет продаж 90 дн
oz_acc1,4515703620,Эксперимент1,8.0,нет продаж 90 дн
oz_acc1,4515703627,Эксперимент1,8.0,нет продаж 90 дн
oz_acc1,4515703646,Эксперимент1,8.0,нет продаж 90 дн
oz_acc1,4515703668,от 10000 до 500 тыс,12.0,нет продаж 90 дн
oz_acc1,4515703668,Эксперимент1,8.0,нет продаж 90 дн
oz_acc1,4515703674,Эксперимент1,8.0,нет продаж 90 дн
oz_acc1,4515703680,от 2000 до 5000,12.0,нет продаж 90 дн
oz_acc1,4515703680,Эксперимент1,8.0,нет продаж 90 дн
oz_acc1,4515703714,от 2000 до 5000,12.0,нет продаж 90 дн
oz_acc1,4515703714,Эксперимент1,8.0,нет продаж 90 дн
oz_acc1,4515703747,от 2000 до 5000,12.0,нет продаж 90 дн
oz_acc1,4515703747,Эксперимент1,8.0,нет продаж 90 дн
oz_acc1,4515703782,Эксперимент1,8.0,нет продаж 90 дн
oz_acc1,4515703821,Эксперимент1,8.0,нет продаж 90 дн
oz_acc1,4515703848,от 2000 до 5000,12.0,нет продаж 90 дн
oz_acc1,4515703848,Эксперимент1,8.0,нет продаж 90 дн
oz_acc1,4515703852,от 10000 до 500 тыс,12.0,нет маржи и нет продаж 90 дн
oz_acc1,4515703854,Эксперимент1,8.0,нет продаж 90 дн
oz_acc1,4515703856,Эксперимент1,8.0,нет продаж 90 дн
oz_acc1,4515703862,Эксперимент1,8.0,нет продаж 90 дн
oz_acc1,4515703870,Эксперимент1,8.0,нет продаж 90 дн
oz_acc1,4515703871,Эксперимент1,8.0,нет продаж 90 дн
oz_acc1,4515703878,Эксперимент1,8.0,нет продаж 90 дн
oz_acc1,4515703917,Эксперимент1,8.0,нет продаж 90 дн
oz_acc1,4515703929,от 2000 до 5000,12.0,нет продаж 90 дн
oz_acc1,4515703929,Эксперимент1,8.0,нет продаж 90 дн
oz_acc1,4515703931,от 2000 до 5000,12.0,нет продаж 90 дн
oz_acc1,4515703931,Эксперимент1,8.0,нет продаж 90 дн
oz_acc1,4515703967,Эксперимент1,8.0,нет продаж 90 дн
oz_acc1,4515703971,от 2000 до 5000,12.0,нет продаж 90 дн
oz_acc1,4515703971,Эксперимент1,8.0,нет продаж 90 дн
oz_acc1,4515704000,Эксперимент1,8.0,нет продаж 90 дн
oz_acc1,4515704023,от 5000 до 10000,12.0,нет продаж 90 дн
oz_acc1,4515704038,от 2000 до 5000,12.0,нет продаж 90 дн
oz_acc1,4515704038,Эксперимент1,8.0,нет продаж 90 дн
oz_acc1,4515704048,Эксперимент1,8.0,нет продаж 90 дн
oz_acc1,4515704050,от 2000 до 5000,12.0,нет продаж 90 дн
oz_acc1,4515704050,Эксперимент1,8.0,нет продаж 90 дн
oz_acc1,4515704066,от 10000 до 500 тыс,12.0,нет продаж 90 дн
oz_acc1,4515704087,от 2000 до 5000,12.0,нет продаж 90 дн
oz_acc1,4515704087,Эксперимент1,8.0,нет продаж 90 дн
oz_acc1,4515704090,от 5000 до 10000,12.0,нет продаж 90 дн
oz_acc1,4515704110,от 5000 до 10000,12.0,нет продаж 90 дн
oz_acc1,4515704110,Эксперимент1,8.0,нет продаж 90 дн
oz_acc1,4515704146,от 2000 до 5000,12.0,нет продаж 90 дн
oz_acc1,4515704146,Эксперимент1,8.0,нет продаж 90 дн
oz_acc1,4515704155,Эксперимент1,8.0,нет продаж 90 дн
oz_acc1,4515704172,Эксперимент1,8.0,нет продаж 90 дн
oz_acc1,4515704183,Эксперимент1,8.0,нет продаж 90 дн
oz_acc1,4515704205,Эксперимент1,8.0,нет продаж 90 дн
oz_acc1,4515704208,от 2000 до 5000,12.0,нет продаж 90 дн
oz_acc1,4515704208,Эксперимент1,8.0,нет продаж 90 дн
oz_acc1,4515704258,Эксперимент1,8.0,нет продаж 90 дн
oz_acc1,4515704262,от 2000 до 5000,12.0,нет продаж 90 дн
oz_acc1,4515704262,Эксперимент1,8.0,нет продаж 90 дн
oz_acc1,4515704263,Эксперимент1,8.0,нет продаж 90 дн
oz_acc1,4515704269,от 2000 до 5000,12.0,нет продаж 90 дн
oz_acc1,4515704269,Эксперимент1,8.0,нет продаж 90 дн
oz_acc1,4515704290,от 10000 до 500 тыс,12.0,нет продаж 90 дн
oz_acc1,4515704302,Эксперимент1,8.0,нет продаж 90 дн
oz_acc1,4515704306,Эксперимент1,8.0,нет продаж 90 дн
oz_acc1,4515704326,от 2000 до 5000,12.0,нет продаж 90 дн
oz_acc1,4515704326,Эксперимент1,8.0,нет продаж 90 дн
oz_acc1,4515704349,Эксперимент1,8.0,нет продаж 90 дн
oz_acc1,4515704367,от 2000 до 5000,12.0,нет продаж 90 дн
oz_acc1,4515704393,Эксперимент1,8.0,нет продаж 90 дн
oz_acc1,4515704410,Эксперимент1,8.0,нет продаж 90 дн
oz_acc1,4515704411,Эксперимент1,8.0,нет продаж 90 дн
oz_acc1,4515704418,от 2000 до 5000,12.0,нет продаж 90 дн
oz_acc1,4515704418,Эксперимент1,8.0,нет продаж 90 дн
oz_acc1,4515704431,от 10000 до 500 тыс,12.0,нет маржи и нет продаж 90 дн
oz_acc1,4515704438,Эксперимент1,8.0,нет продаж 90 дн
oz_acc1,4515704473,Эксперимент1,8.0,нет продаж 90 дн
oz_acc1,4515704486,Эксперимент1,8.0,нет продаж 90 дн
oz_acc1,4515704498,Эксперимент1,8.0,нет продаж 90 дн
oz_acc1,4515704557,от 2000 до 5000,12.0,нет продаж 90 дн
oz_acc1,4515704557,Эксперимент1,8.0,нет продаж 90 дн
oz_acc1,4515704582,от 2000 до 5000,12.0,нет продаж 90 дн
oz_acc1,4515704582,Эксперимент1,8.0,нет продаж 90 дн
oz_acc1,4515704584,от 2000 до 5000,12.0,нет продаж 90 дн
oz_acc1,4515704600,от 2000 до 5000,12.0,нет продаж 90 дн
oz_acc1,4515704600,Эксперимент1,8.0,нет продаж 90 дн
oz_acc1,4515704700,Эксперимент1,8.0,нет продаж 90 дн
oz_acc1,4515704767,Эксперимент1,8.0,нет продаж 90 дн
oz_acc1,4515704774,от 2000 до 5000,12.0,нет продаж 90 дн
oz_acc1,4515704774,Эксперимент1,8.0,нет продаж 90 дн
oz_acc1,4515704805,Эксперимент1,8.0,нет продаж 90 дн
oz_acc1,4515704928,Эксперимент1,8.0,нет продаж 90 дн
oz_acc1,4515704931,от 2000 до 5000,12.0,нет продаж 90 дн
oz_acc1,4515704931,Эксперимент1,8.0,нет продаж 90 дн
oz_acc1,4515704948,от 2000 до 5000,12.0,нет продаж 90 дн
oz_acc1,4515704948,Эксперимент1,8.0,нет продаж 90 дн
oz_acc1,4515704955,Эксперимент1,8.0,нет продаж 90 дн
oz_acc1,4515705214,Эксперимент1,8.0,нет продаж 90 дн
oz_acc1,4515705831,Эксперимент1,8.0,нет продаж 90 дн
oz_acc1,4515705967,Эксперимент1,8.0,нет продаж 90 дн
oz_acc1,4515706035,от 2000 до 5000,12.0,нет продаж 90 дн
oz_acc1,4515706035,Эксперимент1,8.0,нет продаж 90 дн
oz_acc1,4515706150,от 2000 до 5000,12.0,нет продаж 90 дн
oz_acc1,4515706150,Эксперимент1,8.0,нет продаж 90 дн
oz_acc1,4515706272,Эксперимент1,8.0,нет продаж 90 дн
oz_acc1,4515706287,Эксперимент1,8.0,нет продаж 90 дн
oz_acc1,4515706438,Эксперимент1,8.0,нет продаж 90 дн
oz_acc1,4515706513,Эксперимент1,8.0,нет продаж 90 дн
oz_acc1,4515706517,от 10000 до 500 тыс,12.0,нет маржи и нет продаж 90 дн
oz_acc1,4515706529,от 10000 до 500 тыс,12.0,нет продаж 90 дн
oz_acc1,4515706553,Эксперимент1,8.0,нет продаж 90 дн
oz_acc1,4515706570,Эксперимент1,8.0,нет продаж 90 дн
oz_acc1,4515706591,Эксперимент1,8.0,нет продаж 90 дн
oz_acc1,4515706642,Эксперимент1,8.0,нет продаж 90 дн
oz_acc1,4515706657,от 2000 до 5000,12.0,нет продаж 90 дн
oz_acc1,4515706657,Эксперимент1,8.0,нет продаж 90 дн
oz_acc1,4515706691,Эксперимент1,8.0,нет продаж 90 дн
oz_acc1,4515706739,от 10000 до 500 тыс,12.0,нет продаж 90 дн
oz_acc1,4515706739,Эксперимент1,8.0,нет продаж 90 дн
oz_acc1,4515706888,Эксперимент1,8.0,нет продаж 90 дн
oz_acc1,4515706926,от 2000 до 5000,12.0,нет продаж 90 дн
oz_acc1,4515706926,Эксперимент1,8.0,нет продаж 90 дн
oz_acc1,4515706978,Эксперимент1,8.0,нет продаж 90 дн
oz_acc1,4515707005,от 1000-2000,12.0,нет продаж 90 дн
oz_acc1,4515707005,Эксперимент1,8.0,нет продаж 90 дн
oz_acc1,4515707152,Эксперимент1,8.0,нет продаж 90 дн
oz_acc1,4515707184,от 2000 до 5000,12.0,нет продаж 90 дн
oz_acc1,4515707184,Эксперимент1,8.0,нет продаж 90 дн
oz_acc1,4515707304,Эксперимент1,8.0,нет продаж 90 дн
oz_acc1,4515707642,от 2000 до 5000,12.0,нет продаж 90 дн
oz_acc1,4515707642,Эксперимент1,8.0,нет продаж 90 дн
oz_acc1,4515707746,от 2000 до 5000,12.0,нет продаж 90 дн
oz_acc1,4515707746,Эксперимент1,8.0,нет продаж 90 дн
oz_acc1,4515722458,от 2000 до 5000,12.0,нет продаж 90 дн
oz_acc1,4515722458,Эксперимент1,8.0,нет продаж 90 дн
oz_acc1,4515722917,Эксперимент1,8.0,нет продаж 90 дн
oz_acc1,4515723196,Эксперимент1,8.0,нет продаж 90 дн
oz_acc1,4515723381,от 2000 до 5000,12.0,нет продаж 90 дн
oz_acc1,4515723381,Эксперимент1,8.0,нет продаж 90 дн
oz_acc1,4515723448,Эксперимент1,8.0,нет продаж 90 дн
oz_acc1,4515723467,от 2000 до 5000,12.0,нет продаж 90 дн
oz_acc1,4515723467,Эксперимент1,8.0,нет продаж 90 дн
oz_acc1,4515723480,Эксперимент1,8.0,нет продаж 90 дн
oz_acc1,4515723505,Эксперимент1,8.0,нет продаж 90 дн
oz_acc1,4515723523,Эксперимент1,8.0,нет продаж 90 дн
oz_acc1,4515723539,от 5000 до 10000,12.0,нет продаж 90 дн
oz_acc1,4515723539,Эксперимент1,8.0,нет продаж 90 дн
oz_acc1,4515723549,Эксперимент1,8.0,нет продаж 90 дн
oz_acc1,4515723586,от 2000 до 5000,12.0,нет продаж 90 дн
oz_acc1,4515723586,Эксперимент1,8.0,нет продаж 90 дн
oz_acc1,4515723594,от 10000 до 500 тыс,12.0,нет маржи и нет продаж 90 дн
oz_acc1,4515723617,Эксперимент1,8.0,нет продаж 90 дн
oz_acc1,4515723686,Эксперимент1,8.0,нет продаж 90 дн
oz_acc1,4515723698,Эксперимент1,8.0,нет продаж 90 дн
oz_acc1,4515723707,от 2000 до 5000,12.0,нет продаж 90 дн
oz_acc1,4515723707,Эксперимент1,8.0,нет продаж 90 дн
oz_acc1,4515723750,Эксперимент1,8.0,нет продаж 90 дн
oz_acc1,4515723773,от 2000 до 5000,12.0,нет продаж 90 дн
oz_acc1,4515723773,Эксперимент1,8.0,нет продаж 90 дн
oz_acc1,4515723841,от 2000 до 5000,12.0,нет продаж 90 дн
oz_acc1,4515723841,Эксперимент1,8.0,нет продаж 90 дн
oz_acc1,4515723859,Эксперимент1,8.0,нет продаж 90 дн
oz_acc1,4515723897,Эксперимент1,8.0,нет продаж 90 дн
oz_acc1,4515723909,Эксперимент1,8.0,нет продаж 90 дн
oz_acc1,4515723921,Эксперимент1,8.0,нет продаж 90 дн
oz_acc1,4515723936,от 5000 до 10000,12.0,нет продаж 90 дн
oz_acc1,4515723936,Эксперимент1,8.0,нет продаж 90 дн
oz_acc1,4515723946,Эксперимент1,8.0,нет продаж 90 дн
oz_acc1,4515723966,Эксперимент1,8.0,нет продаж 90 дн
oz_acc1,4515723976,от 2000 до 5000,12.0,нет продаж 90 дн
oz_acc1,4515723976,Эксперимент1,8.0,нет продаж 90 дн
oz_acc1,4515723977,от 10000 до 500 тыс,12.0,нет маржи и нет продаж 90 дн
oz_acc1,4515723996,Эксперимент1,8.0,нет продаж 90 дн
oz_acc1,4515724025,от 5000 до 10000,12.0,нет продаж 90 дн
oz_acc1,4515724025,Эксперимент1,8.0,нет продаж 90 дн
oz_acc1,4515724077,Эксперимент1,8.0,нет продаж 90 дн
oz_acc1,4515724141,от 5000 до 10000,12.0,нет продаж 90 дн
oz_acc1,4515724141,Эксперимент1,8.0,нет продаж 90 дн
oz_acc1,4515724147,от 2000 до 5000,12.0,нет продаж 90 дн
oz_acc1,4515724147,Эксперимент1,8.0,нет продаж 90 дн
oz_acc1,4515724169,от 5000 до 10000,12.0,нет продаж 90 дн
oz_acc1,4515724169,Эксперимент1,8.0,нет продаж 90 дн
oz_acc1,4515724189,от 2000 до 5000,12.0,нет продаж 90 дн
oz_acc1,4515724189,Эксперимент1,8.0,нет продаж 90 дн
oz_acc1,4515724240,Эксперимент1,8.0,нет продаж 90 дн
oz_acc1,4515724244,Эксперимент1,8.0,нет продаж 90 дн
oz_acc1,4515724245,от 2000 до 5000,12.0,нет продаж 90 дн
oz_acc1,4515724245,Эксперимент1,8.0,нет продаж 90 дн
oz_acc1,4515724296,Эксперимент1,8.0,нет продаж 90 дн
oz_acc1,4515724327,от 2000 до 5000,12.0,нет продаж 90 дн
oz_acc1,4515724327,Эксперимент1,8.0,нет продаж 90 дн
oz_acc1,4515724348,Эксперимент1,8.0,нет продаж 90 дн
oz_acc1,4515724376,от 2000 до 5000,12.0,нет продаж 90 дн
oz_acc1,4515724376,Эксперимент1,8.0,нет продаж 90 дн
oz_acc1,4515724508,Эксперимент1,8.0,нет продаж 90 дн
oz_acc1,4515724510,от 2000 до 5000,12.0,нет продаж 90 дн
oz_acc1,4515724510,Эксперимент1,8.0,нет продаж 90 дн
oz_acc1,4515724515,Эксперимент1,8.0,нет продаж 90 дн
oz_acc1,4515724727,Эксперимент1,8.0,нет продаж 90 дн
oz_acc1,4515724876,Эксперимент1,8.0,нет продаж 90 дн
oz_acc1,4515725869,Эксперимент1,8.0,нет продаж 90 дн
oz_acc1,4515725953,от 2000 до 5000,12.0,нет продаж 90 дн
oz_acc1,4515725953,Эксперимент1,8.0,нет продаж 90 дн
oz_acc1,4515726446,от 5000 до 10000,12.0,нет продаж 90 дн
oz_acc1,4515726446,Эксперимент1,8.0,нет продаж 90 дн
oz_acc1,4515726514,от 5000 до 10000,12.0,нет продаж 90 дн
oz_acc1,4515726514,Эксперимент1,8.0,нет продаж 90 дн
oz_acc1,4515726612,Эксперимент1,8.0,нет продаж 90 дн
oz_acc1,4515726697,от 5000 до 10000,12.0,нет продаж 90 дн
oz_acc1,4515726697,Эксперимент1,8.0,нет продаж 90 дн
oz_acc1,4515726706,Эксперимент1,8.0,нет продаж 90 дн
oz_acc1,4515726720,Эксперимент1,8.0,нет продаж 90 дн
oz_acc1,4515727071,от 2000 до 5000,12.0,нет продаж 90 дн
oz_acc1,4515727071,Эксперимент1,8.0,нет продаж 90 дн
oz_acc1,4515727446,Эксперимент1,8.0,нет продаж 90 дн
oz_acc1,4515727960,от 5000 до 10000,12.0,нет продаж 90 дн
oz_acc1,4515727960,Эксперимент1,8.0,нет продаж 90 дн
oz_acc1,4515728173,Эксперимент1,8.0,нет продаж 90 дн
oz_acc1,4515728179,от 2000 до 5000,12.0,нет продаж 90 дн
oz_acc1,4515728179,Эксперимент1,8.0,нет продаж 90 дн
oz_acc1,4517738553,Эксперимент1,8.0,нет продаж 90 дн
oz_acc1,4517739255,Эксперимент1,8.0,нет продаж 90 дн
oz_acc1,4517740117,Эксперимент1,8.0,нет продаж 90 дн
oz_acc1,4517744173,Эксперимент1,8.0,нет продаж 90 дн
oz_acc1,4517993241,от 2000 до 5000,12.0,нет продаж 90 дн
oz_acc1,4517993241,Эксперимент1,8.0,нет продаж 90 дн
oz_acc1,4517993995,от 2000 до 5000,12.0,нет продаж 90 дн
oz_acc1,4517993995,Эксперимент1,8.0,нет продаж 90 дн
oz_acc1,4518191315,от 10000 до 500 тыс,12.0,нет продаж 90 дн
oz_acc1,4518191315,Эксперимент1,8.0,нет продаж 90 дн
oz_acc1,4518194930,от 10000 до 500 тыс,12.0,нет продаж 90 дн
oz_acc1,4518194930,Эксперимент1,8.0,нет продаж 90 дн
oz_acc1,4518197111,от 10000 до 500 тыс,12.0,нет продаж 90 дн
oz_acc1,4518197111,Эксперимент1,8.0,нет продаж 90 дн
oz_acc1,4518300060,Эксперимент1,8.0,нет продаж 90 дн
oz_acc1,4518300792,Эксперимент1,8.0,нет продаж 90 дн
oz_acc1,4518301101,Эксперимент1,8.0,нет продаж 90 дн
oz_acc1,4518301257,Эксперимент1,8.0,нет продаж 90 дн
oz_acc1,4518302230,Эксперимент1,8.0,нет продаж 90 дн
oz_acc1,4518302453,Эксперимент1,8.0,нет продаж 90 дн
oz_acc1,4518302478,Эксперимент1,8.0,нет продаж 90 дн
oz_acc1,4518302520,Эксперимент1,8.0,нет продаж 90 дн
oz_acc1,4518302564,Эксперимент1,8.0,нет продаж 90 дн
oz_acc1,4518302796,от 5000 до 10000,12.0,нет продаж 90 дн
oz_acc1,4518302796,Эксперимент1,8.0,нет продаж 90 дн
oz_acc1,4518302984,от 2000 до 5000,12.0,нет продаж 90 дн
oz_acc1,4518302984,Эксперимент1,8.0,нет продаж 90 дн
oz_acc1,4518302986,Эксперимент1,8.0,нет продаж 90 дн
oz_acc1,4518303010,от 0 до 1000,10.0,нет продаж 90 дн
oz_acc1,4518303010,Эксперимент1,8.0,нет продаж 90 дн
oz_acc1,4518303051,Эксперимент1,8.0,нет продаж 90 дн
oz_acc1,4518303055,Эксперимент1,8.0,нет продаж 90 дн
oz_acc1,4518303076,от 0 до 1000,10.0,нет продаж 90 дн
oz_acc1,4518303076,Эксперимент1,8.0,нет продаж 90 дн
oz_acc1,4518303092,от 0 до 1000,10.0,нет продаж 90 дн
oz_acc1,4518303092,Эксперимент1,8.0,нет продаж 90 дн
oz_acc1,4518303259,от 2000 до 5000,12.0,нет продаж 90 дн
oz_acc1,4518303259,Эксперимент1,8.0,нет продаж 90 дн
oz_acc1,4518303357,от 5000 до 10000,12.0,нет продаж 90 дн
oz_acc1,4518303366,Эксперимент1,8.0,нет продаж 90 дн
oz_acc1,4518303419,от 0 до 1000,10.0,нет продаж 90 дн
oz_acc1,4518303419,Эксперимент1,8.0,нет продаж 90 дн
oz_acc1,4518303644,Эксперимент1,8.0,нет продаж 90 дн
oz_acc1,4518303706,от 5000 до 10000,12.0,нет продаж 90 дн
oz_acc1,4518303718,Эксперимент1,8.0,нет продаж 90 дн
oz_acc1,4518303910,Эксперимент1,8.0,нет продаж 90 дн
oz_acc1,4518303970,от 2000 до 5000,12.0,нет продаж 90 дн
oz_acc1,4518303970,Эксперимент1,8.0,нет продаж 90 дн
oz_acc1,4518304926,Эксперимент1,8.0,нет продаж 90 дн
oz_acc1,4518305890,от 2000 до 5000,12.0,нет продаж 90 дн
oz_acc1,4518305890,Эксперимент1,8.0,нет продаж 90 дн
oz_acc1,4518306125,от 0 до 1000,10.0,нет продаж 90 дн
oz_acc1,4518306125,Эксперимент1,8.0,нет продаж 90 дн
oz_acc1,4518306302,от 5000 до 10000,12.0,нет продаж 90 дн
oz_acc1,4518306847,Эксперимент1,8.0,нет продаж 90 дн
oz_acc1,4518307606,от 5000 до 10000,12.0,нет продаж 90 дн
oz_acc1,4518307606,Эксперимент1,8.0,нет продаж 90 дн
oz_acc1,4518308169,от 2000 до 5000,12.0,нет продаж 90 дн
oz_acc1,4518308441,Эксперимент1,8.0,нет продаж 90 дн
oz_acc1,4518308452,Эксперимент1,8.0,нет продаж 90 дн
oz_acc1,4518308804,от 0 до 1000,10.0,нет продаж 90 дн
oz_acc1,4518308804,Эксперимент1,8.0,нет продаж 90 дн
oz_acc1,4518309242,от 0 до 1000,10.0,нет продаж 90 дн
oz_acc1,4518309242,Эксперимент1,8.0,нет продаж 90 дн
oz_acc1,4518309312,Эксперимент1,8.0,нет продаж 90 дн
oz_acc1,4518309755,от 2000 до 5000,12.0,нет продаж 90 дн
oz_acc1,4518309755,Эксперимент1,8.0,нет продаж 90 дн
oz_acc1,4518310941,от 5000 до 10000,12.0,нет продаж 90 дн
oz_acc1,4518312795,Эксперимент1,8.0,нет продаж 90 дн
oz_acc1,4518313321,Эксперимент1,8.0,нет продаж 90 дн
oz_acc1,4518315156,Эксперимент1,8.0,нет продаж 90 дн
oz_acc1,4518315612,Эксперимент1,8.0,нет продаж 90 дн
oz_acc1,4518316680,от 10000 до 500 тыс,12.0,нет продаж 90 дн
oz_acc1,4518316851,от 1000-2000,12.0,нет продаж 90 дн
oz_acc1,4518316851,Эксперимент1,8.0,нет продаж 90 дн
oz_acc1,4518316873,от 0 до 1000,10.0,нет продаж 90 дн
oz_acc1,4518316889,Эксперимент1,8.0,нет продаж 90 дн
oz_acc1,4518316977,Эксперимент1,8.0,нет продаж 90 дн
oz_acc1,4518316994,Эксперимент1,8.0,нет продаж 90 дн
oz_acc1,4518317118,Эксперимент1,8.0,нет продаж 90 дн
oz_acc1,4518317191,от 0 до 1000,10.0,нет продаж 90 дн
oz_acc1,4518317191,Эксперимент1,8.0,нет продаж 90 дн
oz_acc1,4518317201,от 1000-2000,12.0,нет продаж 90 дн
oz_acc1,4518317201,Эксперимент1,8.0,нет продаж 90 дн
oz_acc1,4518317257,Эксперимент1,8.0,нет продаж 90 дн
oz_acc1,4518317283,от 0 до 1000,10.0,нет продаж 90 дн
oz_acc1,4518317283,Эксперимент1,8.0,нет продаж 90 дн
oz_acc1,4518317369,от 0 до 1000,10.0,нет продаж 90 дн
oz_acc1,4518317417,Эксперимент1,8.0,нет продаж 90 дн
oz_acc1,4518317430,от 2000 до 5000,12.0,нет продаж 90 дн
oz_acc1,4518317430,Эксперимент1,8.0,нет продаж 90 дн
oz_acc1,4518317673,от 2000 до 5000,12.0,нет продаж 90 дн
oz_acc1,4518317673,Эксперимент1,8.0,нет продаж 90 дн
oz_acc1,4518317702,Эксперимент1,8.0,нет продаж 90 дн
oz_acc1,4518317728,от 0 до 1000,10.0,нет продаж 90 дн
oz_acc1,4518317728,Эксперимент1,8.0,нет продаж 90 дн
oz_acc1,4518317762,от 10000 до 500 тыс,12.0,нет продаж 90 дн
oz_acc1,4518317762,Эксперимент1,8.0,нет продаж 90 дн
oz_acc1,4518317781,от 0 до 1000,10.0,нет продаж 90 дн
oz_acc1,4518317787,Эксперимент1,8.0,нет продаж 90 дн
oz_acc1,4518317800,Эксперимент1,8.0,нет продаж 90 дн
oz_acc1,4518317895,от 10000 до 500 тыс,12.0,нет продаж 90 дн
oz_acc1,4518317904,Эксперимент1,8.0,нет продаж 90 дн
oz_acc1,4518317958,от 10000 до 500 тыс,12.0,нет продаж 90 дн
oz_acc1,4518317992,от 2000 до 5000,12.0,нет продаж 90 дн
oz_acc1,4518317992,Эксперимент1,8.0,нет продаж 90 дн
oz_acc1,4518318028,Эксперимент1,8.0,нет продаж 90 дн
oz_acc1,4518318148,Эксперимент1,8.0,нет продаж 90 дн
oz_acc1,4518318258,от 0 до 1000,10.0,нет продаж 90 дн
oz_acc1,4518318258,Эксперимент1,8.0,нет продаж 90 дн
oz_acc1,4518318283,Эксперимент1,8.0,нет продаж 90 дн
oz_acc1,4518318297,от 5000 до 10000,12.0,нет продаж 90 дн
oz_acc1,4518318370,Эксперимент1,8.0,нет продаж 90 дн
oz_acc1,4518318385,Эксперимент1,8.0,нет продаж 90 дн
oz_acc1,4518318421,от 10000 до 500 тыс,12.0,нет продаж 90 дн
oz_acc1,4518318432,Эксперимент1,8.0,нет продаж 90 дн
oz_acc1,4518318435,от 10000 до 500 тыс,12.0,нет продаж 90 дн
oz_acc1,4518318435,Эксперимент1,8.0,нет продаж 90 дн
oz_acc1,4518318438,от 2000 до 5000,12.0,нет продаж 90 дн
oz_acc1,4518318438,Эксперимент1,8.0,нет продаж 90 дн
oz_acc1,4518318463,от 5000 до 10000,12.0,нет продаж 90 дн
oz_acc1,4518318463,Эксперимент1,8.0,нет продаж 90 дн
oz_acc1,4518318521,от 2000 до 5000,12.0,нет продаж 90 дн
oz_acc1,4518318521,Эксперимент1,8.0,нет продаж 90 дн
oz_acc1,4518318558,от 5000 до 10000,12.0,нет продаж 90 дн
oz_acc1,4518318558,Эксперимент1,8.0,нет продаж 90 дн
oz_acc1,4518318560,Эксперимент1,8.0,нет продаж 90 дн
oz_acc1,4518318670,Эксперимент1,8.0,нет продаж 90 дн
oz_acc1,4518318683,от 0 до 1000,10.0,нет продаж 90 дн
oz_acc1,4518318721,от 2000 до 5000,12.0,нет продаж 90 дн
oz_acc1,4518318721,Эксперимент1,8.0,нет продаж 90 дн
oz_acc1,4518318744,Эксперимент1,8.0,нет продаж 90 дн
oz_acc1,4518318755,Эксперимент1,8.0,нет продаж 90 дн
oz_acc1,4518318775,от 5000 до 10000,12.0,нет продаж 90 дн
oz_acc1,4518318779,от 1000-2000,12.0,нет продаж 90 дн
oz_acc1,4518318779,Эксперимент1,8.0,нет продаж 90 дн
oz_acc1,4518318811,от 1000-2000,12.0,нет продаж 90 дн
oz_acc1,4518318811,Эксперимент1,8.0,нет продаж 90 дн
oz_acc1,4518318848,от 10000 до 500 тыс,12.0,нет продаж 90 дн
oz_acc1,4518318863,от 2000 до 5000,12.0,нет продаж 90 дн
oz_acc1,4518318863,Эксперимент1,8.0,нет продаж 90 дн
oz_acc1,4518318893,Эксперимент1,8.0,нет продаж 90 дн
oz_acc1,4518318976,Эксперимент1,8.0,нет продаж 90 дн
oz_acc1,4518318984,Эксперимент1,8.0,нет продаж 90 дн
oz_acc1,4518319007,от 0 до 1000,10.0,нет продаж 90 дн
oz_acc1,4518319007,Эксперимент1,8.0,нет продаж 90 дн
oz_acc1,4518319008,от 2000 до 5000,12.0,нет продаж 90 дн
oz_acc1,4518319008,Эксперимент1,8.0,нет продаж 90 дн
oz_acc1,4518319022,Эксперимент1,8.0,нет продаж 90 дн
oz_acc1,4518319102,Эксперимент1,8.0,нет маржи и нет продаж 90 дн
oz_acc1,4518319105,от 5000 до 10000,12.0,нет продаж 90 дн
oz_acc1,4518319227,от 2000 до 5000,12.0,нет продаж 90 дн
oz_acc1,4518319227,Эксперимент1,8.0,нет продаж 90 дн
oz_acc1,4518319243,от 1000-2000,12.0,нет продаж 90 дн
oz_acc1,4518319243,Эксперимент1,8.0,нет продаж 90 дн
oz_acc1,4518319272,Эксперимент1,8.0,нет продаж 90 дн
oz_acc1,4518319292,Эксперимент1,8.0,нет продаж 90 дн
oz_acc1,4518319302,Эксперимент1,8.0,нет продаж 90 дн
oz_acc1,4518319395,от 0 до 1000,10.0,нет продаж 90 дн
oz_acc1,4518319434,Эксперимент1,8.0,нет маржи и нет продаж 90 дн
oz_acc1,4518319440,от 10000 до 500 тыс,12.0,нет продаж 90 дн
oz_acc1,4518319473,от 2000 до 5000,12.0,нет продаж 90 дн
oz_acc1,4518319473,Эксперимент1,8.0,нет продаж 90 дн
oz_acc1,4518319482,от 10000 до 500 тыс,12.0,нет продаж 90 дн
oz_acc1,4518319482,Эксперимент1,8.0,нет продаж 90 дн
oz_acc1,4518319606,Эксперимент1,8.0,нет продаж 90 дн
oz_acc1,4518319654,от 2000 до 5000,12.0,нет продаж 90 дн
oz_acc1,4518319654,Эксперимент1,8.0,нет продаж 90 дн
oz_acc1,4518319673,Эксперимент1,8.0,нет продаж 90 дн
oz_acc1,4518319675,Эксперимент1,8.0,нет продаж 90 дн
oz_acc1,4518319740,от 5000 до 10000,12.0,нет продаж 90 дн
oz_acc1,4518319779,Эксперимент1,8.0,нет продаж 90 дн
oz_acc1,4518319794,Эксперимент1,8.0,нет продаж 90 дн
oz_acc1,4518319854,Эксперимент1,8.0,нет продаж 90 дн
oz_acc1,4518319860,Эксперимент1,8.0,нет продаж 90 дн
oz_acc1,4518319933,от 0 до 1000,10.0,нет продаж 90 дн
oz_acc1,4518319933,Эксперимент1,8.0,нет продаж 90 дн
oz_acc1,4518319942,Эксперимент1,8.0,нет маржи и нет продаж 90 дн
oz_acc1,4518320058,Эксперимент1,8.0,нет продаж 90 дн
oz_acc1,4518320075,Эксперимент1,8.0,нет продаж 90 дн
oz_acc1,4518320105,от 2000 до 5000,12.0,нет продаж 90 дн
oz_acc1,4518320105,Эксперимент1,8.0,нет продаж 90 дн
oz_acc1,4518320114,от 1000-2000,12.0,нет продаж 90 дн
oz_acc1,4518320114,Эксперимент1,8.0,нет продаж 90 дн
oz_acc1,4518320152,от 10000 до 500 тыс,12.0,нет продаж 90 дн
oz_acc1,4518320152,Эксперимент1,8.0,нет продаж 90 дн
oz_acc1,4518320247,от 5000 до 10000,12.0,нет продаж 90 дн
oz_acc1,4518320269,Эксперимент1,8.0,нет продаж 90 дн
oz_acc1,4518320282,Эксперимент1,8.0,нет продаж 90 дн
oz_acc1,4518320300,Эксперимент1,8.0,нет продаж 90 дн
oz_acc1,4518320410,от 5000 до 10000,12.0,нет продаж 90 дн
oz_acc1,4518320455,Эксперимент1,8.0,нет продаж 90 дн
oz_acc1,4518320525,от 2000 до 5000,12.0,нет продаж 90 дн
oz_acc1,4518320525,Эксперимент1,8.0,нет продаж 90 дн
oz_acc1,4518320526,Эксперимент1,8.0,нет продаж 90 дн
oz_acc1,4518320543,от 5000 до 10000,12.0,нет продаж 90 дн
oz_acc1,4518320552,Эксперимент1,8.0,нет продаж 90 дн
oz_acc1,4518320572,Эксперимент1,8.0,нет продаж 90 дн
oz_acc1,4518320583,Эксперимент1,8.0,нет продаж 90 дн
oz_acc1,4518320597,Эксперимент1,8.0,нет продаж 90 дн
oz_acc1,4518320614,от 10000 до 500 тыс,12.0,нет продаж 90 дн
oz_acc1,4518320752,от 10000 до 500 тыс,12.0,нет продаж 90 дн
oz_acc1,4518320752,Эксперимент1,8.0,нет продаж 90 дн
oz_acc1,4518320756,от 0 до 1000,10.0,нет продаж 90 дн
oz_acc1,4518320811,Эксперимент1,8.0,нет продаж 90 дн
oz_acc1,4518320931,Эксперимент1,8.0,нет продаж 90 дн
oz_acc1,4518321105,Эксперимент1,8.0,нет продаж 90 дн
oz_acc1,4518321182,Эксперимент1,8.0,нет продаж 90 дн
oz_acc1,4518321267,Эксперимент1,8.0,нет продаж 90 дн
oz_acc1,4518321273,от 5000 до 10000,12.0,нет продаж 90 дн
oz_acc1,4518321323,от 5000 до 10000,12.0,нет продаж 90 дн
oz_acc1,4518321437,от 2000 до 5000,12.0,нет продаж 90 дн
oz_acc1,4518321544,Эксперимент1,8.0,нет продаж 90 дн
oz_acc1,4518321552,Эксперимент1,8.0,нет продаж 90 дн
oz_acc1,4518321600,от 10000 до 500 тыс,12.0,нет продаж 90 дн
oz_acc1,4518321642,Эксперимент1,8.0,нет продаж 90 дн
oz_acc1,4518321669,от 2000 до 5000,12.0,нет продаж 90 дн
oz_acc1,4518321669,Эксперимент1,8.0,нет продаж 90 дн
oz_acc1,4518321671,от 10000 до 500 тыс,12.0,нет продаж 90 дн
oz_acc1,4518321671,Эксперимент1,8.0,нет продаж 90 дн
oz_acc1,4518321696,Эксперимент1,8.0,нет продаж 90 дн
oz_acc1,4518321709,Эксперимент1,8.0,нет продаж 90 дн
oz_acc1,4518321727,Эксперимент1,8.0,нет продаж 90 дн
oz_acc1,4518321791,от 10000 до 500 тыс,12.0,нет продаж 90 дн
oz_acc1,4518321834,Эксперимент1,8.0,нет продаж 90 дн
oz_acc1,4518321852,от 5000 до 10000,12.0,нет продаж 90 дн
oz_acc1,4518321852,Эксперимент1,8.0,нет продаж 90 дн
oz_acc1,4518321869,Эксперимент1,8.0,нет продаж 90 дн
oz_acc1,4518322020,от 5000 до 10000,12.0,нет продаж 90 дн
oz_acc1,4518322020,Эксперимент1,8.0,нет продаж 90 дн
oz_acc1,4518322062,Эксперимент1,8.0,нет продаж 90 дн
oz_acc1,4518322093,от 10000 до 500 тыс,12.0,нет продаж 90 дн
oz_acc1,4518322249,Эксперимент1,8.0,нет продаж 90 дн
oz_acc1,4518322480,от 10000 до 500 тыс,12.0,нет продаж 90 дн
oz_acc1,4518322522,от 5000 до 10000,12.0,нет продаж 90 дн
oz_acc1,4518322522,Эксперимент1,8.0,нет продаж 90 дн
oz_acc1,4518322661,Эксперимент1,8.0,нет продаж 90 дн
oz_acc1,4518322931,Эксперимент1,8.0,нет продаж 90 дн
oz_acc1,4518323083,от 5000 до 10000,12.0,нет продаж 90 дн
oz_acc1,4518323083,Эксперимент1,8.0,нет продаж 90 дн
oz_acc1,4518323123,Эксперимент1,8.0,нет продаж 90 дн
oz_acc1,4518323667,Эксперимент1,8.0,нет продаж 90 дн
oz_acc1,4518323843,от 2000 до 5000,12.0,нет продаж 90 дн
oz_acc1,4518323843,Эксперимент1,8.0,нет продаж 90 дн
oz_acc1,4518324718,от 1000-2000,12.0,нет продаж 90 дн
oz_acc1,4518324718,Эксперимент1,8.0,нет продаж 90 дн
oz_acc1,4518324765,Эксперимент1,8.0,нет продаж 90 дн
oz_acc1,4518324889,от 5000 до 10000,12.0,нет продаж 90 дн
oz_acc1,4518324889,Эксперимент1,8.0,нет продаж 90 дн
oz_acc1,4518325210,Эксперимент1,8.0,нет продаж 90 дн
oz_acc1,4518325269,Эксперимент1,8.0,нет продаж 90 дн
oz_acc1,4518326643,от 0 до 1000,10.0,нет продаж 90 дн
oz_acc1,4518328376,Эксперимент1,8.0,нет продаж 90 дн
oz_acc1,4527373946,Эксперимент1,8.0,нет продаж 90 дн
oz_acc1,4527374023,Эксперимент1,8.0,нет продаж 90 дн
oz_acc1,4527374561,от 2000 до 5000,12.0,нет продаж 90 дн
oz_acc1,4527374998,Эксперимент1,8.0,нет продаж 90 дн
oz_acc1,4527375174,Эксперимент1,8.0,нет продаж 90 дн
oz_acc1,4527375199,Эксперимент1,8.0,нет продаж 90 дн
oz_acc1,4527375280,Эксперимент1,8.0,нет продаж 90 дн
oz_acc1,4527375468,Эксперимент1,8.0,нет продаж 90 дн
oz_acc1,4527375486,Эксперимент1,8.0,нет продаж 90 дн
oz_acc1,4527375502,Эксперимент1,8.0,нет продаж 90 дн
oz_acc1,4527375546,Эксперимент1,8.0,нет продаж 90 дн
oz_acc1,4527375699,от 10000 до 500 тыс,12.0,нет продаж 90 дн
oz_acc1,4527375730,Эксперимент1,8.0,нет продаж 90 дн
oz_acc1,4527375804,Эксперимент1,8.0,нет продаж 90 дн
oz_acc1,4527376031,Эксперимент1,8.0,нет продаж 90 дн
oz_acc1,4527376069,Эксперимент1,8.0,нет продаж 90 дн
oz_acc1,4527376108,Эксперимент1,8.0,нет продаж 90 дн
oz_acc1,4527376183,Эксперимент1,8.0,нет продаж 90 дн
oz_acc1,4527376205,Эксперимент1,8.0,нет продаж 90 дн
oz_acc1,4527376324,Эксперимент1,8.0,нет продаж 90 дн
oz_acc1,4527376327,Эксперимент1,8.0,нет продаж 90 дн
oz_acc1,4527376333,Эксперимент1,8.0,нет продаж 90 дн
oz_acc1,4527376336,Эксперимент1,8.0,нет продаж 90 дн
oz_acc1,4527376352,Эксперимент1,8.0,нет продаж 90 дн
oz_acc1,4527376364,Эксперимент1,8.0,нет продаж 90 дн
oz_acc1,4527376420,Эксперимент1,8.0,нет продаж 90 дн
oz_acc1,4527376435,Эксперимент1,8.0,нет продаж 90 дн
oz_acc1,4527376481,Эксперимент1,8.0,нет продаж 90 дн
oz_acc1,4527376542,от 0 до 1000,10.0,нет продаж 90 дн
oz_acc1,4527376542,Эксперимент1,8.0,нет продаж 90 дн
oz_acc1,4527376595,Эксперимент1,8.0,нет продаж 90 дн
oz_acc1,4527376631,Эксперимент1,8.0,нет продаж 90 дн
oz_acc1,4527376647,Эксперимент1,8.0,нет продаж 90 дн
oz_acc1,4527376649,Эксперимент1,8.0,нет продаж 90 дн
oz_acc1,4527376650,Эксперимент1,8.0,нет продаж 90 дн
oz_acc1,4527376778,от 10000 до 500 тыс,12.0,нет продаж 90 дн
oz_acc1,4527376790,Эксперимент1,8.0,нет продаж 90 дн
oz_acc1,4527376846,Эксперимент1,8.0,нет продаж 90 дн
oz_acc1,4527376882,от 0 до 1000,10.0,нет продаж 90 дн
oz_acc1,4527376882,Эксперимент1,8.0,нет продаж 90 дн
oz_acc1,4527376940,Эксперимент1,8.0,нет продаж 90 дн
oz_acc1,4527376942,Эксперимент1,8.0,нет продаж 90 дн
oz_acc1,4527377005,Эксперимент1,8.0,нет продаж 90 дн
oz_acc1,4527377096,Эксперимент1,8.0,нет продаж 90 дн
oz_acc1,4527377114,Эксперимент1,8.0,нет продаж 90 дн
oz_acc1,4527377128,Эксперимент1,8.0,нет продаж 90 дн
oz_acc1,4527377134,Эксперимент1,8.0,нет продаж 90 дн
oz_acc1,4527377182,от 2000 до 5000,12.0,нет продаж 90 дн
oz_acc1,4527377182,Эксперимент1,8.0,нет продаж 90 дн
oz_acc1,4527377196,от 2000 до 5000,12.0,нет продаж 90 дн
oz_acc1,4527377265,от 2000 до 5000,12.0,нет продаж 90 дн
oz_acc1,4527377265,Эксперимент1,8.0,нет продаж 90 дн
oz_acc1,4527377276,от 0 до 1000,10.0,нет продаж 90 дн
oz_acc1,4527377276,Эксперимент1,8.0,нет продаж 90 дн
oz_acc1,4527377283,Эксперимент1,8.0,нет продаж 90 дн
oz_acc1,4527377304,от 0 до 1000,10.0,нет продаж 90 дн
oz_acc1,4527377304,Эксперимент1,8.0,нет продаж 90 дн
oz_acc1,4527377314,от 10000 до 500 тыс,12.0,нет продаж 90 дн
oz_acc1,4527377314,Эксперимент1,8.0,нет продаж 90 дн
oz_acc1,4527377319,Эксперимент1,8.0,нет продаж 90 дн
oz_acc1,4527377339,Эксперимент1,8.0,нет продаж 90 дн
oz_acc1,4527377404,Эксперимент1,8.0,нет продаж 90 дн
oz_acc1,4527377425,от 0 до 1000,10.0,нет продаж 90 дн
oz_acc1,4527377425,Эксперимент1,8.0,нет продаж 90 дн
oz_acc1,4527377459,Эксперимент1,8.0,нет продаж 90 дн
oz_acc1,4527377591,от 10000 до 500 тыс,12.0,нет продаж 90 дн
oz_acc1,4527377591,Эксперимент1,8.0,нет продаж 90 дн
oz_acc1,4527377616,от 10000 до 500 тыс,12.0,нет продаж 90 дн
oz_acc1,4527377633,от 10000 до 500 тыс,12.0,нет продаж 90 дн
oz_acc1,4527377730,Эксперимент1,8.0,нет продаж 90 дн
oz_acc1,4527377774,Эксперимент1,8.0,нет продаж 90 дн
oz_acc1,4527377784,от 0 до 1000,10.0,нет продаж 90 дн
oz_acc1,4527377784,Эксперимент1,8.0,нет продаж 90 дн
oz_acc1,4527377808,Эксперимент1,8.0,нет продаж 90 дн
oz_acc1,4527377855,от 2000 до 5000,12.0,нет продаж 90 дн
oz_acc1,4527377855,Эксперимент1,8.0,нет продаж 90 дн
oz_acc1,4527377899,Эксперимент1,8.0,нет продаж 90 дн
oz_acc1,4527377906,Эксперимент1,8.0,нет продаж 90 дн
oz_acc1,4527378005,от 1000-2000,12.0,нет продаж 90 дн
oz_acc1,4527378005,Эксперимент1,8.0,нет продаж 90 дн
oz_acc1,4527378017,Эксперимент1,8.0,нет продаж 90 дн
oz_acc1,4527378018,Эксперимент1,8.0,нет продаж 90 дн
oz_acc1,4527378080,от 1000-2000,12.0,нет продаж 90 дн
oz_acc1,4527378080,Эксперимент1,8.0,нет продаж 90 дн
oz_acc1,4527378082,Эксперимент1,8.0,нет продаж 90 дн
oz_acc1,4527378122,Эксперимент1,8.0,нет продаж 90 дн
oz_acc1,4527378124,от 2000 до 5000,12.0,нет продаж 90 дн
oz_acc1,4527378167,от 2000 до 5000,12.0,нет продаж 90 дн
oz_acc1,4527378233,Эксперимент1,8.0,нет продаж 90 дн
oz_acc1,4527378299,Эксперимент1,8.0,нет продаж 90 дн
oz_acc1,4527378316,Эксперимент1,8.0,нет продаж 90 дн
oz_acc1,4527378386,от 2000 до 5000,12.0,нет продаж 90 дн
oz_acc1,4527378474,от 1000-2000,12.0,нет продаж 90 дн
oz_acc1,4527378474,Эксперимент1,8.0,нет продаж 90 дн
oz_acc1,4527378489,от 0 до 1000,10.0,нет продаж 90 дн
oz_acc1,4527378489,Эксперимент1,8.0,нет продаж 90 дн
oz_acc1,4527378528,от 2000 до 5000,12.0,нет продаж 90 дн
oz_acc1,4527378575,Эксперимент1,8.0,нет продаж 90 дн
oz_acc1,4527378597,от 1000-2000,12.0,нет продаж 90 дн
oz_acc1,4527378597,Эксперимент1,8.0,нет продаж 90 дн
oz_acc1,4527378602,Эксперимент1,8.0,нет продаж 90 дн
oz_acc1,4527378643,от 0 до 1000,10.0,нет продаж 90 дн
oz_acc1,4527378643,Эксперимент1,8.0,нет продаж 90 дн
oz_acc1,4527378646,Эксперимент1,8.0,нет продаж 90 дн
oz_acc1,4527378712,Эксперимент1,8.0,нет продаж 90 дн
oz_acc1,4527378723,от 10000 до 500 тыс,12.0,нет продаж 90 дн
oz_acc1,4527378736,от 2000 до 5000,12.0,нет продаж 90 дн
oz_acc1,4527378736,Эксперимент1,8.0,нет продаж 90 дн
oz_acc1,4527378809,от 10000 до 500 тыс,12.0,нет продаж 90 дн
oz_acc1,4527378809,Эксперимент1,8.0,нет продаж 90 дн
oz_acc1,4527378826,Эксперимент1,8.0,нет продаж 90 дн
oz_acc1,4527378837,от 10000 до 500 тыс,12.0,нет продаж 90 дн
oz_acc1,4527378849,Эксперимент1,8.0,нет продаж 90 дн
oz_acc1,4527378876,от 2000 до 5000,12.0,нет продаж 90 дн
oz_acc1,4527378876,Эксперимент1,8.0,нет продаж 90 дн
oz_acc1,4527378916,Эксперимент1,8.0,нет продаж 90 дн
oz_acc1,4527378950,от 2000 до 5000,12.0,нет продаж 90 дн
oz_acc1,4527378950,Эксперимент1,8.0,нет продаж 90 дн
oz_acc1,4527378996,Эксперимент1,8.0,нет продаж 90 дн
oz_acc1,4527379025,от 0 до 1000,10.0,нет продаж 90 дн
oz_acc1,4527379025,Эксперимент1,8.0,нет продаж 90 дн
oz_acc1,4527379052,Эксперимент1,8.0,нет продаж 90 дн
oz_acc1,4527379115,Эксперимент1,8.0,нет маржи и нет продаж 90 дн
oz_acc1,4527379135,от 5000 до 10000,12.0,нет продаж 90 дн
oz_acc1,4527379141,от 1000-2000,12.0,нет продаж 90 дн
oz_acc1,4527379141,Эксперимент1,8.0,нет продаж 90 дн
oz_acc1,4527379147,Эксперимент1,8.0,нет продаж 90 дн
oz_acc1,4527379194,Эксперимент1,8.0,нет продаж 90 дн
oz_acc1,4527379199,Эксперимент1,8.0,нет продаж 90 дн
oz_acc1,4527379215,Эксперимент1,8.0,нет продаж 90 дн
oz_acc1,4527379235,Эксперимент1,8.0,нет маржи и нет продаж 90 дн
oz_acc1,4527379255,Эксперимент1,8.0,нет продаж 90 дн
oz_acc1,4527379291,Эксперимент1,8.0,нет продаж 90 дн
oz_acc1,4527379299,от 1000-2000,12.0,нет продаж 90 дн
oz_acc1,4527379299,Эксперимент1,8.0,нет продаж 90 дн
oz_acc1,4527379308,от 1000-2000,12.0,нет продаж 90 дн
oz_acc1,4527379308,Эксперимент1,8.0,нет продаж 90 дн
oz_acc1,4527379369,Эксперимент1,8.0,нет продаж 90 дн
oz_acc1,4527379399,от 5000 до 10000,12.0,нет продаж 90 дн
oz_acc1,4527379399,Эксперимент1,8.0,нет продаж 90 дн
oz_acc1,4527379402,Эксперимент1,8.0,нет продаж 90 дн
oz_acc1,4527379420,от 10000 до 500 тыс,12.0,нет продаж 90 дн
oz_acc1,4527379430,Эксперимент1,8.0,нет продаж 90 дн
oz_acc1,4527379452,Эксперимент1,8.0,нет продаж 90 дн
oz_acc1,4527379467,от 1000-2000,12.0,нет продаж 90 дн
oz_acc1,4527379467,Эксперимент1,8.0,нет продаж 90 дн
oz_acc1,4527379547,Эксперимент1,8.0,нет продаж 90 дн
oz_acc1,4527379548,Эксперимент1,8.0,нет продаж 90 дн
oz_acc1,4527379583,Эксперимент1,8.0,нет продаж 90 дн
oz_acc1,4527379586,Эксперимент1,8.0,нет продаж 90 дн
oz_acc1,4527379600,Эксперимент1,8.0,нет продаж 90 дн
oz_acc1,4527379634,от 0 до 1000,10.0,нет продаж 90 дн
oz_acc1,4527379634,Эксперимент1,8.0,нет продаж 90 дн
oz_acc1,4527379637,Эксперимент1,8.0,нет продаж 90 дн
oz_acc1,4527379726,Эксперимент1,8.0,нет продаж 90 дн
oz_acc1,4527379740,Эксперимент1,8.0,нет продаж 90 дн
oz_acc1,4527379748,Эксперимент1,8.0,нет продаж 90 дн
oz_acc1,4527379760,от 1000-2000,12.0,нет продаж 90 дн
oz_acc1,4527379760,Эксперимент1,8.0,нет продаж 90 дн
oz_acc1,4527379781,Эксперимент1,8.0,нет продаж 90 дн
oz_acc1,4527379816,от 0 до 1000,10.0,нет продаж 90 дн
oz_acc1,4527379816,Эксперимент1,8.0,нет продаж 90 дн
oz_acc1,4527379829,Эксперимент1,8.0,нет продаж 90 дн
oz_acc1,4527379864,от 0 до 1000,10.0,нет продаж 90 дн
oz_acc1,4527379864,Эксперимент1,8.0,нет продаж 90 дн
oz_acc1,4527379865,от 2000 до 5000,12.0,нет продаж 90 дн
oz_acc1,4527379865,Эксперимент1,8.0,нет продаж 90 дн
oz_acc1,4527379897,от 5000 до 10000,12.0,нет продаж 90 дн
oz_acc1,4527379897,Эксперимент1,8.0,нет продаж 90 дн
oz_acc1,4527379929,Эксперимент1,8.0,нет продаж 90 дн
oz_acc1,4527379968,Эксперимент1,8.0,нет продаж 90 дн
oz_acc1,4527380003,Эксперимент1,8.0,нет продаж 90 дн
oz_acc1,4527380041,от 10000 до 500 тыс,12.0,нет продаж 90 дн
oz_acc1,4527380115,Эксперимент1,8.0,нет продаж 90 дн
oz_acc1,4527380201,Эксперимент1,8.0,нет продаж 90 дн
oz_acc1,4527380206,Эксперимент1,8.0,нет продаж 90 дн
oz_acc1,4527380254,от 1000-2000,12.0,нет продаж 90 дн
oz_acc1,4527380254,Эксперимент1,8.0,нет продаж 90 дн
oz_acc1,4527380340,Эксперимент1,8.0,нет продаж 90 дн
oz_acc1,4527380379,Эксперимент1,8.0,нет продаж 90 дн
oz_acc1,4527380489,Эксперимент1,8.0,нет продаж 90 дн
oz_acc1,4527380602,Эксперимент1,8.0,нет продаж 90 дн
oz_acc1,4527380659,от 0 до 1000,10.0,нет продаж 90 дн
oz_acc1,4527380659,Эксперимент1,8.0,нет продаж 90 дн
oz_acc1,4527380668,от 0 до 1000,10.0,нет продаж 90 дн
oz_acc1,4527380668,Эксперимент1,8.0,нет продаж 90 дн
oz_acc1,4527380688,Эксперимент1,8.0,нет продаж 90 дн
oz_acc1,4527380793,от 2000 до 5000,12.0,нет продаж 90 дн
oz_acc1,4527380793,Эксперимент1,8.0,нет продаж 90 дн
oz_acc1,4527380828,Эксперимент1,8.0,нет продаж 90 дн
oz_acc1,4527380856,от 2000 до 5000,12.0,нет продаж 90 дн
oz_acc1,4527380856,Эксперимент1,8.0,нет продаж 90 дн
oz_acc1,4527380871,Эксперимент1,8.0,нет продаж 90 дн
oz_acc1,4527380890,Эксперимент1,8.0,нет продаж 90 дн
oz_acc1,4527380897,от 10000 до 500 тыс,12.0,нет продаж 90 дн
oz_acc1,4527380897,Эксперимент1,8.0,нет продаж 90 дн
oz_acc1,4527380906,Эксперимент1,8.0,нет продаж 90 дн
oz_acc1,4527380909,от 0 до 1000,10.0,нет продаж 90 дн
oz_acc1,4527380909,Эксперимент1,8.0,нет продаж 90 дн
oz_acc1,4527380915,Эксперимент1,8.0,нет продаж 90 дн
oz_acc1,4527381030,Эксперимент1,8.0,нет продаж 90 дн
oz_acc1,4527381034,от 1000-2000,12.0,нет продаж 90 дн
oz_acc1,4527381034,Эксперимент1,8.0,нет продаж 90 дн
oz_acc1,4527381048,Эксперимент1,8.0,нет продаж 90 дн
oz_acc1,4527381065,Эксперимент1,8.0,нет продаж 90 дн
oz_acc1,4527381174,Эксперимент1,8.0,нет продаж 90 дн
oz_acc1,4527381175,от 1000-2000,12.0,нет продаж 90 дн
oz_acc1,4527381175,Эксперимент1,8.0,нет продаж 90 дн
oz_acc1,4527381179,Эксперимент1,8.0,нет продаж 90 дн
oz_acc1,4527381191,от 2000 до 5000,12.0,нет продаж 90 дн
oz_acc1,4527381191,Эксперимент1,8.0,нет продаж 90 дн
oz_acc1,4527381281,от 10000 до 500 тыс,12.0,нет продаж 90 дн
oz_acc1,4527381281,Эксперимент1,8.0,нет продаж 90 дн
oz_acc1,4527381389,от 1000-2000,12.0,нет продаж 90 дн
oz_acc1,4527381389,Эксперимент1,8.0,нет продаж 90 дн
oz_acc1,4527381431,от 1000-2000,12.0,нет продаж 90 дн
oz_acc1,4527381431,Эксперимент1,8.0,нет продаж 90 дн
oz_acc1,4527381510,от 2000 до 5000,12.0,нет продаж 90 дн
oz_acc1,4527381531,Эксперимент1,8.0,нет продаж 90 дн
oz_acc1,4527381538,Эксперимент1,8.0,нет продаж 90 дн
oz_acc1,4527381552,Эксперимент1,8.0,нет продаж 90 дн
oz_acc1,4527381663,от 1000-2000,12.0,нет продаж 90 дн
oz_acc1,4527381663,Эксперимент1,8.0,нет продаж 90 дн
oz_acc1,4527381725,Эксперимент1,8.0,нет продаж 90 дн
oz_acc1,4527381731,от 2000 до 5000,12.0,нет продаж 90 дн
oz_acc1,4527381747,от 1000-2000,12.0,нет продаж 90 дн
oz_acc1,4527381747,Эксперимент1,8.0,нет продаж 90 дн
oz_acc1,4527381798,от 2000 до 5000,12.0,нет продаж 90 дн
oz_acc1,4527381798,Эксперимент1,8.0,нет продаж 90 дн
oz_acc1,4527381972,от 0 до 1000,10.0,нет продаж 90 дн
oz_acc1,4527381972,Эксперимент1,8.0,нет продаж 90 дн
oz_acc1,4527381983,от 1000-2000,12.0,нет продаж 90 дн
oz_acc1,4527381983,Эксперимент1,8.0,нет продаж 90 дн
oz_acc1,4527381985,от 2000 до 5000,12.0,нет продаж 90 дн
oz_acc1,4527381985,Эксперимент1,8.0,нет продаж 90 дн
oz_acc1,4527381986,от 1000-2000,12.0,нет продаж 90 дн
oz_acc1,4527381986,Эксперимент1,8.0,нет продаж 90 дн
oz_acc1,4527382037,Эксперимент1,8.0,нет продаж 90 дн
oz_acc1,4527382056,Эксперимент1,8.0,нет продаж 90 дн
oz_acc1,4527382152,от 1000-2000,12.0,нет продаж 90 дн
oz_acc1,4527382152,Эксперимент1,8.0,нет продаж 90 дн
oz_acc1,4527382167,от 1000-2000,12.0,нет продаж 90 дн
oz_acc1,4527382167,Эксперимент1,8.0,нет продаж 90 дн
oz_acc1,4527382184,от 1000-2000,12.0,нет продаж 90 дн
oz_acc1,4527382184,Эксперимент1,8.0,нет продаж 90 дн
oz_acc1,4527382210,Эксперимент1,8.0,нет продаж 90 дн
oz_acc1,4527382225,Эксперимент1,8.0,нет продаж 90 дн
oz_acc1,4527382308,от 1000-2000,12.0,нет продаж 90 дн
oz_acc1,4527382308,Эксперимент1,8.0,нет продаж 90 дн
oz_acc1,4527382319,Эксперимент1,8.0,нет продаж 90 дн
oz_acc1,4527382347,от 2000 до 5000,12.0,нет продаж 90 дн
oz_acc1,4527382347,Эксперимент1,8.0,нет продаж 90 дн
oz_acc1,4527382455,от 1000-2000,12.0,нет продаж 90 дн
oz_acc1,4527382455,Эксперимент1,8.0,нет продаж 90 дн
oz_acc1,4527382487,от 1000-2000,12.0,нет продаж 90 дн
oz_acc1,4527382487,Эксперимент1,8.0,нет продаж 90 дн
oz_acc1,4527382587,от 10000 до 500 тыс,12.0,нет продаж 90 дн
oz_acc1,4527382591,Эксперимент1,8.0,нет продаж 90 дн
oz_acc1,4527382605,Эксперимент1,8.0,нет продаж 90 дн
oz_acc1,4527382635,Эксперимент1,8.0,нет продаж 90 дн
oz_acc1,4527382863,Эксперимент1,8.0,нет продаж 90 дн
oz_acc1,4527382867,от 10000 до 500 тыс,12.0,нет маржи и нет продаж 90 дн
oz_acc1,4527382867,Эксперимент1,8.0,нет маржи и нет продаж 90 дн
oz_acc1,4527382944,Эксперимент1,8.0,нет продаж 90 дн
oz_acc1,4527382960,от 5000 до 10000,12.0,нет продаж 90 дн
oz_acc1,4527382976,Эксперимент1,8.0,нет продаж 90 дн
oz_acc1,4527382995,от 1000-2000,12.0,нет продаж 90 дн
oz_acc1,4527382995,Эксперимент1,8.0,нет продаж 90 дн
oz_acc1,4527383219,Эксперимент1,8.0,нет продаж 90 дн
oz_acc1,4527383303,от 10000 до 500 тыс,12.0,нет маржи и нет продаж 90 дн
oz_acc1,4527383303,Эксперимент1,8.0,нет маржи и нет продаж 90 дн
oz_acc1,4527383345,Эксперимент1,8.0,нет продаж 90 дн
oz_acc1,4527383441,Эксперимент1,8.0,нет продаж 90 дн
oz_acc1,4527383500,Эксперимент1,8.0,нет продаж 90 дн
oz_acc1,4527383521,от 2000 до 5000,12.0,нет продаж 90 дн
oz_acc1,4527383521,Эксперимент1,8.0,нет продаж 90 дн
oz_acc1,4527383549,Эксперимент1,8.0,нет продаж 90 дн
oz_acc1,4527383664,от 10000 до 500 тыс,12.0,нет продаж 90 дн
oz_acc1,4527383673,Эксперимент1,8.0,нет продаж 90 дн
oz_acc1,4527383682,Эксперимент1,8.0,нет продаж 90 дн
oz_acc1,4527383737,Эксперимент1,8.0,нет продаж 90 дн
oz_acc1,4527383796,от 10000 до 500 тыс,12.0,нет продаж 90 дн
oz_acc1,4527383796,Эксперимент1,8.0,нет продаж 90 дн
oz_acc1,4527383892,от 10000 до 500 тыс,12.0,нет продаж 90 дн
oz_acc1,4527383921,от 1000-2000,12.0,нет продаж 90 дн
oz_acc1,4527383921,Эксперимент1,8.0,нет продаж 90 дн
oz_acc1,4527383934,Эксперимент1,8.0,нет продаж 90 дн
oz_acc1,4527383950,Эксперимент1,8.0,нет продаж 90 дн
oz_acc1,4527383986,Эксперимент1,8.0,нет продаж 90 дн
oz_acc1,4527384004,Эксперимент1,8.0,нет продаж 90 дн
oz_acc1,4527384024,Эксперимент1,8.0,нет продаж 90 дн
oz_acc1,4527384050,от 10000 до 500 тыс,12.0,нет маржи и нет продаж 90 дн
oz_acc1,4527384050,Эксперимент1,8.0,нет маржи и нет продаж 90 дн
oz_acc1,4527384106,Эксперимент1,8.0,нет продаж 90 дн
oz_acc1,4527384170,Эксперимент1,8.0,нет продаж 90 дн
oz_acc1,4527384174,Эксперимент1,8.0,нет продаж 90 дн
oz_acc1,4527384239,Эксперимент1,8.0,нет продаж 90 дн
oz_acc1,4527384350,от 10000 до 500 тыс,12.0,нет продаж 90 дн
oz_acc1,4527384370,от 1000-2000,12.0,нет продаж 90 дн
oz_acc1,4527384370,Эксперимент1,8.0,нет продаж 90 дн
oz_acc1,4527384457,Эксперимент1,8.0,нет продаж 90 дн
oz_acc1,4527384461,Эксперимент1,8.0,нет продаж 90 дн
oz_acc1,4527384507,Эксперимент1,8.0,нет продаж 90 дн
oz_acc1,4527384518,от 2000 до 5000,12.0,нет продаж 90 дн
oz_acc1,4527384518,Эксперимент1,8.0,нет продаж 90 дн
oz_acc1,4527384526,от 10000 до 500 тыс,12.0,нет продаж 90 дн
oz_acc1,4527384531,Эксперимент1,8.0,нет продаж 90 дн
oz_acc1,4527384630,от 2000 до 5000,12.0,нет продаж 90 дн
oz_acc1,4527384630,Эксперимент1,8.0,нет продаж 90 дн
oz_acc1,4527384738,от 10000 до 500 тыс,12.0,нет продаж 90 дн
oz_acc1,4527384783,Эксперимент1,8.0,нет продаж 90 дн
oz_acc1,4527384814,Эксперимент1,8.0,нет продаж 90 дн
oz_acc1,4527384832,от 2000 до 5000,12.0,нет продаж 90 дн
oz_acc1,4527384921,Эксперимент1,8.0,нет продаж 90 дн
oz_acc1,4527385009,от 2000 до 5000,12.0,нет продаж 90 дн
oz_acc1,4527385009,Эксперимент1,8.0,нет продаж 90 дн
oz_acc1,4527385036,Эксперимент1,8.0,нет продаж 90 дн
oz_acc1,4527385043,от 10000 до 500 тыс,12.0,нет продаж 90 дн
oz_acc1,4527385043,Эксперимент1,8.0,нет продаж 90 дн
oz_acc1,4527385085,от 2000 до 5000,12.0,нет продаж 90 дн
oz_acc1,4527385085,Эксперимент1,8.0,нет продаж 90 дн
oz_acc1,4527385146,от 10000 до 500 тыс,12.0,нет продаж 90 дн
oz_acc1,4527385146,Эксперимент1,8.0,нет продаж 90 дн
oz_acc1,4527385209,от 5000 до 10000,12.0,нет продаж 90 дн
oz_acc1,4527385209,Эксперимент1,8.0,нет продаж 90 дн
oz_acc1,4527385212,Эксперимент1,8.0,нет продаж 90 дн
oz_acc1,4527385280,от 2000 до 5000,12.0,нет продаж 90 дн
oz_acc1,4527385280,Эксперимент1,8.0,нет продаж 90 дн
oz_acc1,4527385301,от 5000 до 10000,12.0,нет продаж 90 дн
oz_acc1,4527385301,Эксперимент1,8.0,нет продаж 90 дн
oz_acc1,4527385344,Эксперимент1,8.0,нет продаж 90 дн
oz_acc1,4527385368,от 10000 до 500 тыс,12.0,нет продаж 90 дн
oz_acc1,4527385368,Эксперимент1,8.0,нет продаж 90 дн
oz_acc1,4527385383,Эксперимент1,8.0,нет продаж 90 дн
oz_acc1,4527385512,Эксперимент1,8.0,нет продаж 90 дн
oz_acc1,4527385514,от 2000 до 5000,12.0,нет продаж 90 дн
oz_acc1,4527385514,Эксперимент1,8.0,нет продаж 90 дн
oz_acc1,4527385531,от 5000 до 10000,12.0,нет продаж 90 дн
oz_acc1,4527385531,Эксперимент1,8.0,нет продаж 90 дн
oz_acc1,4527385543,Эксперимент1,8.0,нет продаж 90 дн
oz_acc1,4527385607,от 5000 до 10000,12.0,нет продаж 90 дн
oz_acc1,4527385607,Эксперимент1,8.0,нет продаж 90 дн
oz_acc1,4527385621,Эксперимент1,8.0,нет продаж 90 дн
oz_acc1,4527385692,от 2000 до 5000,12.0,нет продаж 90 дн
oz_acc1,4527385692,Эксперимент1,8.0,нет продаж 90 дн
oz_acc1,4527385801,Эксперимент1,8.0,нет продаж 90 дн
oz_acc1,4527385855,Эксперимент1,8.0,нет продаж 90 дн
oz_acc1,4527385876,от 2000 до 5000,12.0,нет продаж 90 дн
oz_acc1,4527385876,Эксперимент1,8.0,нет продаж 90 дн
oz_acc1,4527385961,Эксперимент1,8.0,нет продаж 90 дн
oz_acc1,4527386001,Эксперимент1,8.0,нет продаж 90 дн
oz_acc1,4527386013,Эксперимент1,8.0,нет продаж 90 дн
oz_acc1,4527386091,от 2000 до 5000,12.0,нет продаж 90 дн
oz_acc1,4527386091,Эксперимент1,8.0,нет продаж 90 дн
oz_acc1,4527386097,Эксперимент1,8.0,нет продаж 90 дн
oz_acc1,4527386103,от 2000 до 5000,12.0,нет продаж 90 дн
oz_acc1,4527386103,Эксперимент1,8.0,нет продаж 90 дн
oz_acc1,4527386106,Эксперимент1,8.0,нет продаж 90 дн
oz_acc1,4527386130,Эксперимент1,8.0,нет продаж 90 дн
oz_acc1,4527386147,Эксперимент1,8.0,нет продаж 90 дн
oz_acc1,4527386155,Эксперимент1,8.0,нет продаж 90 дн
oz_acc1,4527386165,Эксперимент1,8.0,нет продаж 90 дн
oz_acc1,4527386301,Эксперимент1,8.0,нет продаж 90 дн
oz_acc1,4527386320,Эксперимент1,8.0,нет продаж 90 дн
oz_acc1,4527386395,Эксперимент1,8.0,нет продаж 90 дн
oz_acc1,4527386412,Эксперимент1,8.0,нет продаж 90 дн
oz_acc1,4527386436,Эксперимент1,8.0,нет продаж 90 дн
oz_acc1,4527386527,Эксперимент1,8.0,нет продаж 90 дн
oz_acc1,4527386643,от 10000 до 500 тыс,12.0,нет продаж 90 дн
oz_acc1,4527386653,Эксперимент1,8.0,нет продаж 90 дн
oz_acc1,4527386693,от 2000 до 5000,12.0,нет продаж 90 дн
oz_acc1,4527386693,Эксперимент1,8.0,нет продаж 90 дн
oz_acc1,4527386756,от 10000 до 500 тыс,12.0,нет продаж 90 дн
oz_acc1,4527386756,Эксперимент1,8.0,нет продаж 90 дн
oz_acc1,4527386795,от 10000 до 500 тыс,12.0,нет продаж 90 дн
oz_acc1,4527386795,Эксперимент1,8.0,нет продаж 90 дн
oz_acc1,4527386797,Эксперимент1,8.0,нет продаж 90 дн
oz_acc1,4527386840,Эксперимент1,8.0,нет продаж 90 дн
oz_acc1,4527386884,Эксперимент1,8.0,нет продаж 90 дн
oz_acc1,4527386949,от 2000 до 5000,12.0,нет продаж 90 дн
oz_acc1,4527386949,Эксперимент1,8.0,нет продаж 90 дн
oz_acc1,4527386983,Эксперимент1,8.0,нет продаж 90 дн
oz_acc1,4527387024,от 1000-2000,12.0,нет продаж 90 дн
oz_acc1,4527387024,Эксперимент1,8.0,нет продаж 90 дн
oz_acc1,4527387027,от 2000 до 5000,12.0,нет продаж 90 дн
oz_acc1,4527387027,Эксперимент1,8.0,нет продаж 90 дн
oz_acc1,4527387058,Эксперимент1,8.0,нет продаж 90 дн
oz_acc1,4527387066,от 5000 до 10000,12.0,нет продаж 90 дн
oz_acc1,4527387066,Эксперимент1,8.0,нет продаж 90 дн
oz_acc1,4527387101,Эксперимент1,8.0,нет продаж 90 дн
oz_acc1,4527387124,от 5000 до 10000,12.0,нет продаж 90 дн
oz_acc1,4527387124,Эксперимент1,8.0,нет продаж 90 дн
oz_acc1,4527387166,Эксперимент1,8.0,нет продаж 90 дн
oz_acc1,4527387228,от 10000 до 500 тыс,12.0,нет продаж 90 дн
oz_acc1,4527387228,Эксперимент1,8.0,нет продаж 90 дн
oz_acc1,4527387253,Эксперимент1,8.0,нет продаж 90 дн
oz_acc1,4527387254,Эксперимент1,8.0,нет продаж 90 дн
oz_acc1,4527387360,от 1000-2000,12.0,нет продаж 90 дн
oz_acc1,4527387360,Эксперимент1,8.0,нет продаж 90 дн
oz_acc1,4527387365,от 2000 до 5000,12.0,нет продаж 90 дн
oz_acc1,4527387365,Эксперимент1,8.0,нет продаж 90 дн
oz_acc1,4527387399,Эксперимент1,8.0,нет продаж 90 дн
oz_acc1,4527387420,от 2000 до 5000,12.0,нет продаж 90 дн
oz_acc1,4527387420,Эксперимент1,8.0,нет продаж 90 дн
oz_acc1,4527387490,Эксперимент1,8.0,нет продаж 90 дн
oz_acc1,4527387511,Эксперимент1,8.0,нет продаж 90 дн
oz_acc1,4527387624,от 2000 до 5000,12.0,нет продаж 90 дн
oz_acc1,4527387624,Эксперимент1,8.0,нет продаж 90 дн
oz_acc1,4527387637,от 2000 до 5000,12.0,нет продаж 90 дн
oz_acc1,4527387637,Эксперимент1,8.0,нет продаж 90 дн
oz_acc1,4527387662,Эксперимент1,8.0,нет продаж 90 дн
oz_acc1,4527387690,Эксперимент1,8.0,нет продаж 90 дн
oz_acc1,4527387703,Эксперимент1,8.0,нет продаж 90 дн
oz_acc1,4527387852,Эксперимент1,8.0,нет продаж 90 дн
oz_acc1,4527387864,от 10000 до 500 тыс,12.0,нет продаж 90 дн
oz_acc1,4527387901,от 2000 до 5000,12.0,нет продаж 90 дн
oz_acc1,4527387901,Эксперимент1,8.0,нет продаж 90 дн
oz_acc1,4527387902,Эксперимент1,8.0,нет продаж 90 дн
oz_acc1,4527387908,Эксперимент1,8.0,нет продаж 90 дн
oz_acc1,4527387930,Эксперимент1,8.0,нет продаж 90 дн
oz_acc1,4527388014,от 2000 до 5000,12.0,нет продаж 90 дн
oz_acc1,4527388014,Эксперимент1,8.0,нет продаж 90 дн
oz_acc1,4527388033,Эксперимент1,8.0,нет продаж 90 дн
oz_acc1,4527388056,от 2000 до 5000,12.0,нет продаж 90 дн
oz_acc1,4527388056,Эксперимент1,8.0,нет продаж 90 дн
oz_acc1,4527388057,Эксперимент1,8.0,нет продаж 90 дн
oz_acc1,4527388073,Эксперимент1,8.0,нет продаж 90 дн
oz_acc1,4527388076,Эксперимент1,8.0,нет продаж 90 дн
oz_acc1,4527388081,от 2000 до 5000,12.0,нет продаж 90 дн
oz_acc1,4527388081,Эксперимент1,8.0,нет продаж 90 дн
oz_acc1,4527388093,от 2000 до 5000,12.0,нет продаж 90 дн
oz_acc1,4527388093,Эксперимент1,8.0,нет продаж 90 дн
oz_acc1,4527388125,от 1000-2000,12.0,нет продаж 90 дн
oz_acc1,4527388125,Эксперимент1,8.0,нет продаж 90 дн
oz_acc1,4527388153,от 10000 до 500 тыс,12.0,нет продаж 90 дн
oz_acc1,4527388225,от 2000 до 5000,12.0,нет продаж 90 дн
oz_acc1,4527388225,Эксперимент1,8.0,нет продаж 90 дн
oz_acc1,4527388239,Эксперимент1,8.0,нет маржи и нет продаж 90 дн
oz_acc1,4527388296,Эксперимент1,8.0,нет продаж 90 дн
oz_acc1,4527388324,от 2000 до 5000,12.0,нет продаж 90 дн
oz_acc1,4527388324,Эксперимент1,8.0,нет продаж 90 дн
oz_acc1,4527388463,от 10000 до 500 тыс,12.0,нет продаж 90 дн
oz_acc1,4527388500,от 2000 до 5000,12.0,нет продаж 90 дн
oz_acc1,4527388500,Эксперимент1,8.0,нет продаж 90 дн
oz_acc1,4527388611,Эксперимент1,8.0,нет продаж 90 дн
oz_acc1,4527388619,от 5000 до 10000,12.0,нет продаж 90 дн
oz_acc1,4527388628,Эксперимент1,8.0,нет продаж 90 дн
oz_acc1,4527388717,Эксперимент1,8.0,нет продаж 90 дн
oz_acc1,4527388765,Эксперимент1,8.0,нет продаж 90 дн
oz_acc1,4527388770,Эксперимент1,8.0,нет продаж 90 дн
oz_acc1,4527388803,от 1000-2000,12.0,нет продаж 90 дн
oz_acc1,4527388803,Эксперимент1,8.0,нет продаж 90 дн
oz_acc1,4527388831,от 2000 до 5000,12.0,нет продаж 90 дн
oz_acc1,4527388831,Эксперимент1,8.0,нет продаж 90 дн
oz_acc1,4527388833,Эксперимент1,8.0,нет продаж 90 дн
oz_acc1,4527388841,Эксперимент1,8.0,нет продаж 90 дн
oz_acc1,4527388848,Эксперимент1,8.0,нет продаж 90 дн
oz_acc1,4527388886,Эксперимент1,8.0,нет продаж 90 дн
oz_acc1,4527388901,от 1000-2000,12.0,нет продаж 90 дн
oz_acc1,4527388901,Эксперимент1,8.0,нет продаж 90 дн
oz_acc1,4527388936,от 2000 до 5000,12.0,нет продаж 90 дн
oz_acc1,4527389003,от 2000 до 5000,12.0,нет продаж 90 дн
oz_acc1,4527389003,Эксперимент1,8.0,нет продаж 90 дн
oz_acc1,4527389005,от 1000-2000,12.0,нет продаж 90 дн
oz_acc1,4527389005,Эксперимент1,8.0,нет продаж 90 дн
oz_acc1,4527389028,от 10000 до 500 тыс,12.0,нет продаж 90 дн
oz_acc1,4527389155,от 10000 до 500 тыс,12.0,нет продаж 90 дн
oz_acc1,4527389177,Эксперимент1,8.0,нет продаж 90 дн
oz_acc1,4527389216,Эксперимент1,8.0,нет продаж 90 дн
oz_acc1,4527389232,от 10000 до 500 тыс,12.0,нет продаж 90 дн
oz_acc1,4527389271,от 5000 до 10000,12.0,нет продаж 90 дн
oz_acc1,4527389271,Эксперимент1,8.0,нет продаж 90 дн
oz_acc1,4527389290,от 2000 до 5000,12.0,нет продаж 90 дн
oz_acc1,4527389290,Эксперимент1,8.0,нет продаж 90 дн
oz_acc1,4527389312,от 2000 до 5000,12.0,нет продаж 90 дн
oz_acc1,4527389312,Эксперимент1,8.0,нет продаж 90 дн
oz_acc1,4527389352,Эксперимент1,8.0,нет продаж 90 дн
oz_acc1,4527389353,Эксперимент1,8.0,нет продаж 90 дн
oz_acc1,4527389390,Эксперимент1,8.0,нет продаж 90 дн
oz_acc1,4527389479,от 2000 до 5000,12.0,нет продаж 90 дн
oz_acc1,4527389479,Эксперимент1,8.0,нет продаж 90 дн
oz_acc1,4527389487,Эксперимент1,8.0,нет продаж 90 дн
oz_acc1,4527389506,Эксперимент1,8.0,нет продаж 90 дн
oz_acc1,4527389517,от 2000 до 5000,12.0,нет продаж 90 дн
oz_acc1,4527389517,Эксперимент1,8.0,нет продаж 90 дн
oz_acc1,4527389533,Эксперимент1,8.0,нет продаж 90 дн
oz_acc1,4527389553,от 10000 до 500 тыс,12.0,нет продаж 90 дн
oz_acc1,4527389601,Эксперимент1,8.0,нет продаж 90 дн
oz_acc1,4527389677,Эксперимент1,8.0,нет продаж 90 дн
oz_acc1,4527389702,от 2000 до 5000,12.0,нет продаж 90 дн
oz_acc1,4527389702,Эксперимент1,8.0,нет продаж 90 дн
oz_acc1,4527389718,от 10000 до 500 тыс,12.0,нет продаж 90 дн
oz_acc1,4527389718,Эксперимент1,8.0,нет продаж 90 дн
oz_acc1,4527389720,Эксперимент1,8.0,нет продаж 90 дн
oz_acc1,4527389728,Эксперимент1,8.0,нет продаж 90 дн
oz_acc1,4527389800,от 2000 до 5000,12.0,нет продаж 90 дн
oz_acc1,4527389800,Эксперимент1,8.0,нет продаж 90 дн
oz_acc1,4527389810,от 2000 до 5000,12.0,нет продаж 90 дн
oz_acc1,4527389810,Эксперимент1,8.0,нет продаж 90 дн
oz_acc1,4527389818,от 10000 до 500 тыс,12.0,нет продаж 90 дн
oz_acc1,4527389871,Эксперимент1,8.0,нет продаж 90 дн
oz_acc1,4527389929,от 5000 до 10000,12.0,нет продаж 90 дн
oz_acc1,4527390048,Эксперимент1,8.0,нет продаж 90 дн
oz_acc1,4527390060,Эксперимент1,8.0,нет продаж 90 дн
oz_acc1,4527390062,Эксперимент1,8.0,нет продаж 90 дн
oz_acc1,4527390159,от 2000 до 5000,12.0,нет продаж 90 дн
oz_acc1,4527390159,Эксперимент1,8.0,нет продаж 90 дн
oz_acc1,4527390164,от 2000 до 5000,12.0,нет продаж 90 дн
oz_acc1,4527390164,Эксперимент1,8.0,нет продаж 90 дн
oz_acc1,4527390177,Эксперимент1,8.0,нет продаж 90 дн
oz_acc1,4527390240,от 2000 до 5000,12.0,нет продаж 90 дн
oz_acc1,4527390240,Эксперимент1,8.0,нет продаж 90 дн
oz_acc1,4527390315,от 10000 до 500 тыс,12.0,нет продаж 90 дн
oz_acc1,4527390315,Эксперимент1,8.0,нет продаж 90 дн
oz_acc1,4527390323,от 5000 до 10000,12.0,нет продаж 90 дн
oz_acc1,4527390323,Эксперимент1,8.0,нет продаж 90 дн
oz_acc1,4527390339,Эксперимент1,8.0,нет продаж 90 дн
oz_acc1,4527390364,от 2000 до 5000,12.0,нет продаж 90 дн
oz_acc1,4527390364,Эксперимент1,8.0,нет продаж 90 дн
oz_acc1,4527390412,от 2000 до 5000,12.0,нет продаж 90 дн
oz_acc1,4527390412,Эксперимент1,8.0,нет продаж 90 дн
oz_acc1,4527390598,от 2000 до 5000,12.0,нет продаж 90 дн
oz_acc1,4527390598,Эксперимент1,8.0,нет продаж 90 дн
oz_acc1,4527390682,от 2000 до 5000,12.0,нет продаж 90 дн
oz_acc1,4527390682,Эксперимент1,8.0,нет продаж 90 дн
oz_acc1,4527390686,от 2000 до 5000,12.0,нет продаж 90 дн
oz_acc1,4527390686,Эксперимент1,8.0,нет продаж 90 дн
oz_acc1,4527390735,от 1000-2000,12.0,нет продаж 90 дн
oz_acc1,4527390735,Эксперимент1,8.0,нет продаж 90 дн
oz_acc1,4527390775,Эксперимент1,8.0,нет продаж 90 дн
oz_acc1,4527390810,от 2000 до 5000,12.0,нет продаж 90 дн
oz_acc1,4527390810,Эксперимент1,8.0,нет продаж 90 дн
oz_acc1,4527391198,от 1000-2000,12.0,нет продаж 90 дн
oz_acc1,4527391198,Эксперимент1,8.0,нет продаж 90 дн
oz_acc1,4527391350,Эксперимент1,8.0,нет продаж 90 дн
oz_acc1,4527391482,от 2000 до 5000,12.0,нет продаж 90 дн
oz_acc1,4527391482,Эксперимент1,8.0,нет продаж 90 дн
oz_acc1,4527391599,от 2000 до 5000,12.0,нет продаж 90 дн
oz_acc1,4527391599,Эксперимент1,8.0,нет продаж 90 дн
oz_acc1,4527391628,Эксперимент1,8.0,нет продаж 90 дн
oz_acc1,4527391671,Эксперимент1,8.0,нет продаж 90 дн
oz_acc1,4527391683,от 1000-2000,12.0,нет продаж 90 дн
oz_acc1,4527391683,Эксперимент1,8.0,нет продаж 90 дн
oz_acc1,4527391702,от 1000-2000,12.0,нет продаж 90 дн
oz_acc1,4527391702,Эксперимент1,8.0,нет продаж 90 дн
oz_acc1,4527391813,от 1000-2000,12.0,нет продаж 90 дн
oz_acc1,4527391813,Эксперимент1,8.0,нет продаж 90 дн
oz_acc1,4527391816,Эксперимент1,8.0,нет продаж 90 дн
oz_acc1,4527391838,Эксперимент1,8.0,нет продаж 90 дн
oz_acc1,4527391976,от 2000 до 5000,12.0,нет продаж 90 дн
oz_acc1,4527391976,Эксперимент1,8.0,нет продаж 90 дн
oz_acc1,4527392011,Эксперимент1,8.0,нет продаж 90 дн
oz_acc1,4527392124,от 2000 до 5000,12.0,нет маржи и нет продаж 90 дн
oz_acc1,4527392124,Эксперимент1,8.0,нет маржи и нет продаж 90 дн
oz_acc1,4527392182,от 1000-2000,12.0,нет продаж 90 дн
oz_acc1,4527392182,Эксперимент1,8.0,нет продаж 90 дн
oz_acc1,4527392277,от 1000-2000,12.0,нет продаж 90 дн
oz_acc1,4527392277,Эксперимент1,8.0,нет продаж 90 дн
oz_acc1,4527392364,от 1000-2000,12.0,нет продаж 90 дн
oz_acc1,4527392364,Эксперимент1,8.0,нет продаж 90 дн
oz_acc1,4527392376,Эксперимент1,8.0,нет продаж 90 дн
oz_acc1,4527392402,от 2000 до 5000,12.0,нет продаж 90 дн
oz_acc1,4527392402,Эксперимент1,8.0,нет продаж 90 дн
oz_acc1,4527392578,от 2000 до 5000,12.0,нет продаж 90 дн
oz_acc1,4527392578,Эксперимент1,8.0,нет продаж 90 дн
oz_acc1,4527392669,от 2000 до 5000,12.0,нет продаж 90 дн
oz_acc1,4527392669,Эксперимент1,8.0,нет продаж 90 дн
oz_acc1,4527392683,Эксперимент1,8.0,нет продаж 90 дн
oz_acc1,4527392742,от 2000 до 5000,12.0,нет продаж 90 дн
oz_acc1,4527392742,Эксперимент1,8.0,нет продаж 90 дн
oz_acc1,4527392841,от 2000 до 5000,12.0,нет продаж 90 дн
oz_acc1,4527392841,Эксперимент1,8.0,нет продаж 90 дн
oz_acc1,4527392894,Эксперимент1,8.0,нет продаж 90 дн
oz_acc1,4527392924,от 2000 до 5000,12.0,нет продаж 90 дн
oz_acc1,4527392924,Эксперимент1,8.0,нет продаж 90 дн
oz_acc1,4527392929,от 1000-2000,12.0,нет продаж 90 дн
oz_acc1,4527392929,Эксперимент1,8.0,нет продаж 90 дн
oz_acc1,4527392973,от 2000 до 5000,12.0,нет продаж 90 дн
oz_acc1,4527392973,Эксперимент1,8.0,нет продаж 90 дн
oz_acc1,4527393022,от 10000 до 500 тыс,12.0,нет продаж 90 дн
oz_acc1,4527393026,от 1000-2000,12.0,нет продаж 90 дн
oz_acc1,4527393026,Эксперимент1,8.0,нет продаж 90 дн
oz_acc1,4527393099,от 1000-2000,12.0,нет продаж 90 дн
oz_acc1,4527393099,Эксперимент1,8.0,нет продаж 90 дн
oz_acc1,4527393187,Эксперимент1,8.0,нет продаж 90 дн
oz_acc1,4527393192,Эксперимент1,8.0,нет продаж 90 дн
oz_acc1,4527393296,Эксперимент1,8.0,нет продаж 90 дн
oz_acc1,4527393302,от 1000-2000,12.0,нет продаж 90 дн
oz_acc1,4527393302,Эксперимент1,8.0,нет продаж 90 дн
oz_acc1,4527393451,от 2000 до 5000,12.0,нет продаж 90 дн
oz_acc1,4527393451,Эксперимент1,8.0,нет продаж 90 дн
oz_acc1,4527393460,от 2000 до 5000,12.0,нет продаж 90 дн
oz_acc1,4527393460,Эксперимент1,8.0,нет продаж 90 дн
oz_acc1,4527393486,от 2000 до 5000,12.0,нет продаж 90 дн
oz_acc1,4527393486,Эксперимент1,8.0,нет продаж 90 дн
oz_acc1,4527393717,Эксперимент1,8.0,нет продаж 90 дн
oz_acc1,4527393794,Эксперимент1,8.0,нет продаж 90 дн
oz_acc1,4527393799,от 2000 до 5000,12.0,нет продаж 90 дн
oz_acc1,4527393799,Эксперимент1,8.0,нет продаж 90 дн
oz_acc1,4527393801,Эксперимент1,8.0,нет продаж 90 дн
oz_acc1,4527393848,от 2000 до 5000,12.0,нет продаж 90 дн
oz_acc1,4527393848,Эксперимент1,8.0,нет продаж 90 дн
oz_acc1,4527394244,от 2000 до 5000,12.0,нет продаж 90 дн
oz_acc1,4527394244,Эксперимент1,8.0,нет продаж 90 дн
oz_acc1,4527394287,от 1000-2000,12.0,нет продаж 90 дн
oz_acc1,4527394287,Эксперимент1,8.0,нет продаж 90 дн
oz_acc1,4527394341,от 2000 до 5000,12.0,нет продаж 90 дн
oz_acc1,4527394341,Эксперимент1,8.0,нет продаж 90 дн
oz_acc1,4527394342,от 1000-2000,12.0,нет продаж 90 дн
oz_acc1,4527394342,Эксперимент1,8.0,нет продаж 90 дн
oz_acc1,4527394347,от 1000-2000,12.0,нет продаж 90 дн
oz_acc1,4527394347,Эксперимент1,8.0,нет продаж 90 дн
oz_acc1,4527394374,от 2000 до 5000,12.0,нет продаж 90 дн
oz_acc1,4527394374,Эксперимент1,8.0,нет продаж 90 дн
oz_acc1,4527394525,Эксперимент1,8.0,нет продаж 90 дн
oz_acc1,4527394579,от 1000-2000,12.0,нет продаж 90 дн
oz_acc1,4527394579,Эксперимент1,8.0,нет продаж 90 дн
oz_acc1,4527394840,от 5000 до 10000,12.0,нет продаж 90 дн
oz_acc1,4527394896,Эксперимент1,8.0,нет продаж 90 дн
oz_acc1,4527395092,от 2000 до 5000,12.0,нет продаж 90 дн
oz_acc1,4527395092,Эксперимент1,8.0,нет продаж 90 дн
oz_acc1,4527395159,от 2000 до 5000,12.0,нет продаж 90 дн
oz_acc1,4527395159,Эксперимент1,8.0,нет продаж 90 дн
oz_acc1,4527395229,от 0 до 1000,10.0,нет продаж 90 дн
oz_acc1,4527395229,Эксперимент1,8.0,нет продаж 90 дн
oz_acc1,4527395336,от 1000-2000,12.0,нет продаж 90 дн
oz_acc1,4527395336,Эксперимент1,8.0,нет продаж 90 дн
oz_acc1,4527395422,от 2000 до 5000,12.0,нет продаж 90 дн
oz_acc1,4527395422,Эксперимент1,8.0,нет продаж 90 дн
oz_acc1,4527395437,Эксперимент1,8.0,нет продаж 90 дн
oz_acc1,4527395442,от 1000-2000,12.0,нет продаж 90 дн
oz_acc1,4527395442,Эксперимент1,8.0,нет продаж 90 дн
oz_acc1,4527395475,от 1000-2000,12.0,нет продаж 90 дн
oz_acc1,4527395475,Эксперимент1,8.0,нет продаж 90 дн
oz_acc1,4527395675,от 2000 до 5000,12.0,нет продаж 90 дн
oz_acc1,4527395675,Эксперимент1,8.0,нет продаж 90 дн
oz_acc1,4527395761,Эксперимент1,8.0,нет продаж 90 дн
oz_acc1,4527395846,от 2000 до 5000,12.0,нет продаж 90 дн
oz_acc1,4527395846,Эксперимент1,8.0,нет продаж 90 дн
oz_acc1,4527395853,от 2000 до 5000,12.0,нет продаж 90 дн
oz_acc1,4527395853,Эксперимент1,8.0,нет продаж 90 дн
oz_acc1,4527395895,от 2000 до 5000,12.0,нет продаж 90 дн
oz_acc1,4527395895,Эксперимент1,8.0,нет продаж 90 дн
oz_acc1,4527396033,от 2000 до 5000,12.0,нет продаж 90 дн
oz_acc1,4527396033,Эксперимент1,8.0,нет продаж 90 дн
oz_acc1,4527396043,от 1000-2000,12.0,нет продаж 90 дн
oz_acc1,4527396043,Эксперимент1,8.0,нет продаж 90 дн
oz_acc1,4527396119,от 1000-2000,12.0,нет продаж 90 дн
oz_acc1,4527396119,Эксперимент1,8.0,нет продаж 90 дн
oz_acc1,4527396291,от 2000 до 5000,12.0,нет продаж 90 дн
oz_acc1,4527396291,Эксперимент1,8.0,нет продаж 90 дн
oz_acc1,4527396481,от 2000 до 5000,12.0,нет продаж 90 дн
oz_acc1,4527396481,Эксперимент1,8.0,нет продаж 90 дн
oz_acc1,4527396542,от 5000 до 10000,12.0,нет продаж 90 дн
oz_acc1,4527396635,от 2000 до 5000,12.0,нет продаж 90 дн
oz_acc1,4527396635,Эксперимент1,8.0,нет продаж 90 дн
oz_acc1,4527396659,от 0 до 1000,10.0,нет продаж 90 дн
oz_acc1,4527396659,Эксперимент1,8.0,нет продаж 90 дн
oz_acc1,4527396667,от 1000-2000,12.0,нет продаж 90 дн
oz_acc1,4527396667,Эксперимент1,8.0,нет продаж 90 дн
oz_acc1,4527396798,от 5000 до 10000,12.0,нет продаж 90 дн
oz_acc1,4527396798,Эксперимент1,8.0,нет продаж 90 дн
oz_acc1,4527396880,Эксперимент1,8.0,нет продаж 90 дн
oz_acc1,4527396968,от 2000 до 5000,12.0,нет продаж 90 дн
oz_acc1,4527396968,Эксперимент1,8.0,нет продаж 90 дн
oz_acc1,4527397080,Эксперимент1,8.0,нет продаж 90 дн
oz_acc1,4527397226,от 2000 до 5000,12.0,нет продаж 90 дн
oz_acc1,4527397226,Эксперимент1,8.0,нет продаж 90 дн
oz_acc1,4527397231,от 1000-2000,12.0,нет продаж 90 дн
oz_acc1,4527397231,Эксперимент1,8.0,нет продаж 90 дн
oz_acc1,4527397324,от 1000-2000,12.0,нет маржи и нет продаж 90 дн
oz_acc1,4527397324,Эксперимент1,8.0,нет маржи и нет продаж 90 дн
oz_acc1,4527397449,Эксперимент1,8.0,нет продаж 90 дн
oz_acc1,4527397469,от 2000 до 5000,12.0,нет продаж 90 дн
oz_acc1,4527397578,от 2000 до 5000,12.0,нет продаж 90 дн
oz_acc1,4527397578,Эксперимент1,8.0,нет продаж 90 дн
oz_acc1,4527397608,от 2000 до 5000,12.0,нет продаж 90 дн
oz_acc1,4527397608,Эксперимент1,8.0,нет продаж 90 дн
oz_acc1,4527397614,от 2000 до 5000,12.0,нет продаж 90 дн
oz_acc1,4527397614,Эксперимент1,8.0,нет продаж 90 дн
oz_acc1,4527397630,от 2000 до 5000,12.0,нет продаж 90 дн
oz_acc1,4527397630,Эксперимент1,8.0,нет продаж 90 дн
oz_acc1,4527397640,Эксперимент1,8.0,нет продаж 90 дн
oz_acc1,4527397746,от 2000 до 5000,12.0,нет продаж 90 дн
oz_acc1,4527397746,Эксперимент1,8.0,нет продаж 90 дн
oz_acc1,4527397760,от 2000 до 5000,12.0,нет продаж 90 дн
oz_acc1,4527397760,Эксперимент1,8.0,нет продаж 90 дн
oz_acc1,4527397822,от 0 до 1000,10.0,нет продаж 90 дн
oz_acc1,4527397822,Эксперимент1,8.0,нет продаж 90 дн
oz_acc1,4527397869,Эксперимент1,8.0,нет продаж 90 дн
oz_acc1,4527397960,от 2000 до 5000,12.0,нет продаж 90 дн
oz_acc1,4527397960,Эксперимент1,8.0,нет продаж 90 дн
oz_acc1,4527397976,от 1000-2000,12.0,нет продаж 90 дн
oz_acc1,4527397976,Эксперимент1,8.0,нет продаж 90 дн
oz_acc1,4527398012,от 2000 до 5000,12.0,нет продаж 90 дн
oz_acc1,4527398012,Эксперимент1,8.0,нет продаж 90 дн
oz_acc1,4527398052,от 10000 до 500 тыс,12.0,нет продаж 90 дн
oz_acc1,4527398435,от 2000 до 5000,12.0,нет продаж 90 дн
oz_acc1,4527398435,Эксперимент1,8.0,нет продаж 90 дн
oz_acc1,4527398549,от 1000-2000,12.0,нет продаж 90 дн
oz_acc1,4527398549,Эксперимент1,8.0,нет продаж 90 дн
oz_acc1,4527398560,от 1000-2000,12.0,нет продаж 90 дн
oz_acc1,4527398560,Эксперимент1,8.0,нет продаж 90 дн
oz_acc1,4527398706,Эксперимент1,8.0,нет продаж 90 дн
oz_acc1,4527398750,от 2000 до 5000,12.0,нет продаж 90 дн
oz_acc1,4527398750,Эксперимент1,8.0,нет продаж 90 дн
oz_acc1,4527398844,от 1000-2000,12.0,нет продаж 90 дн
oz_acc1,4527398844,Эксперимент1,8.0,нет продаж 90 дн
oz_acc1,4527398964,Эксперимент1,8.0,нет продаж 90 дн
oz_acc1,4527399003,от 1000-2000,12.0,нет продаж 90 дн
oz_acc1,4527399003,Эксперимент1,8.0,нет продаж 90 дн
oz_acc1,4527399018,от 5000 до 10000,12.0,нет продаж 90 дн
oz_acc1,4527399193,от 2000 до 5000,12.0,нет продаж 90 дн
oz_acc1,4527399193,Эксперимент1,8.0,нет продаж 90 дн
oz_acc1,4527399224,от 10000 до 500 тыс,12.0,нет продаж 90 дн
oz_acc1,4527399254,Эксперимент1,8.0,нет продаж 90 дн
oz_acc1,4527399256,от 5000 до 10000,12.0,нет продаж 90 дн
oz_acc1,4527399274,Эксперимент1,8.0,нет продаж 90 дн
oz_acc1,4527399311,от 2000 до 5000,12.0,нет продаж 90 дн
oz_acc1,4527399311,Эксперимент1,8.0,нет продаж 90 дн
oz_acc1,4527399313,от 2000 до 5000,12.0,нет продаж 90 дн
oz_acc1,4527399313,Эксперимент1,8.0,нет продаж 90 дн
oz_acc1,4527399346,от 2000 до 5000,12.0,нет продаж 90 дн
oz_acc1,4527399346,Эксперимент1,8.0,нет продаж 90 дн
oz_acc1,4527399493,от 1000-2000,12.0,нет продаж 90 дн
oz_acc1,4527399493,Эксперимент1,8.0,нет продаж 90 дн
oz_acc1,4527399509,от 1000-2000,12.0,нет продаж 90 дн
oz_acc1,4527399509,Эксперимент1,8.0,нет продаж 90 дн
oz_acc1,4527399585,от 2000 до 5000,12.0,нет продаж 90 дн
oz_acc1,4527399585,Эксперимент1,8.0,нет продаж 90 дн
oz_acc1,4527399743,от 2000 до 5000,12.0,нет продаж 90 дн
oz_acc1,4527399743,Эксперимент1,8.0,нет продаж 90 дн
oz_acc1,4527399810,от 2000 до 5000,12.0,нет продаж 90 дн
oz_acc1,4527399810,Эксперимент1,8.0,нет продаж 90 дн
oz_acc1,4527399857,Эксперимент1,8.0,нет продаж 90 дн
oz_acc1,4527400148,Эксперимент1,8.0,нет продаж 90 дн
oz_acc1,4527400174,от 2000 до 5000,12.0,нет продаж 90 дн
oz_acc1,4527400174,Эксперимент1,8.0,нет продаж 90 дн
oz_acc1,4527400178,от 1000-2000,12.0,нет продаж 90 дн
oz_acc1,4527400178,Эксперимент1,8.0,нет продаж 90 дн
oz_acc1,4527400324,от 2000 до 5000,12.0,нет продаж 90 дн
oz_acc1,4527400324,Эксперимент1,8.0,нет продаж 90 дн
oz_acc1,4527400329,от 1000-2000,12.0,нет продаж 90 дн
oz_acc1,4527400329,Эксперимент1,8.0,нет продаж 90 дн
oz_acc1,4527400413,от 1000-2000,12.0,нет продаж 90 дн
oz_acc1,4527400413,Эксперимент1,8.0,нет продаж 90 дн
oz_acc1,4527400453,от 2000 до 5000,12.0,нет продаж 90 дн
oz_acc1,4527400453,Эксперимент1,8.0,нет продаж 90 дн
oz_acc1,4527400839,от 2000 до 5000,12.0,нет продаж 90 дн
oz_acc1,4527400839,Эксперимент1,8.0,нет продаж 90 дн
oz_acc1,4527400930,от 5000 до 10000,12.0,нет продаж 90 дн
oz_acc1,4527400930,Эксперимент1,8.0,нет продаж 90 дн
oz_acc1,4527400939,от 2000 до 5000,12.0,нет продаж 90 дн
oz_acc1,4527400939,Эксперимент1,8.0,нет продаж 90 дн
oz_acc1,4527400948,от 5000 до 10000,12.0,нет продаж 90 дн
oz_acc1,4527401199,от 1000-2000,12.0,нет продаж 90 дн
oz_acc1,4527401199,Эксперимент1,8.0,нет продаж 90 дн
oz_acc1,4527401326,от 1000-2000,12.0,нет продаж 90 дн
oz_acc1,4527401326,Эксперимент1,8.0,нет продаж 90 дн
oz_acc1,4527401337,от 2000 до 5000,12.0,нет продаж 90 дн
oz_acc1,4527401337,Эксперимент1,8.0,нет продаж 90 дн
oz_acc1,4527401517,от 2000 до 5000,12.0,нет продаж 90 дн
oz_acc1,4527401517,Эксперимент1,8.0,нет продаж 90 дн
oz_acc1,4527401578,Эксперимент1,8.0,нет продаж 90 дн
oz_acc1,4527401659,от 2000 до 5000,12.0,нет продаж 90 дн
oz_acc1,4527401659,Эксперимент1,8.0,нет продаж 90 дн
oz_acc1,4527401667,от 2000 до 5000,12.0,нет продаж 90 дн
oz_acc1,4527401954,Эксперимент1,8.0,нет продаж 90 дн
oz_acc1,4527402132,от 10000 до 500 тыс,12.0,нет маржи и нет продаж 90 дн
oz_acc1,4527402152,от 1000-2000,12.0,нет продаж 90 дн
oz_acc1,4527402152,Эксперимент1,8.0,нет продаж 90 дн
oz_acc1,4527402199,Эксперимент1,8.0,нет продаж 90 дн
oz_acc1,4527402208,от 5000 до 10000,12.0,нет продаж 90 дн
oz_acc1,4527402208,Эксперимент1,8.0,нет продаж 90 дн
oz_acc1,4527402221,Эксперимент1,8.0,нет маржи и нет продаж 90 дн
oz_acc1,4527402281,от 1000-2000,12.0,нет продаж 90 дн
oz_acc1,4527402281,Эксперимент1,8.0,нет продаж 90 дн
oz_acc1,4527402347,от 2000 до 5000,12.0,нет продаж 90 дн
oz_acc1,4527402347,Эксперимент1,8.0,нет продаж 90 дн
oz_acc1,4527402461,от 2000 до 5000,12.0,нет продаж 90 дн
oz_acc1,4527402461,Эксперимент1,8.0,нет продаж 90 дн
oz_acc1,4527402631,от 2000 до 5000,12.0,нет продаж 90 дн
oz_acc1,4527402631,Эксперимент1,8.0,нет продаж 90 дн
oz_acc1,4527402791,от 5000 до 10000,12.0,нет продаж 90 дн
oz_acc1,4527402907,от 2000 до 5000,12.0,нет продаж 90 дн
oz_acc1,4527402907,Эксперимент1,8.0,нет продаж 90 дн
oz_acc1,4527402933,Эксперимент1,8.0,нет продаж 90 дн
oz_acc1,4527402988,от 1000-2000,12.0,нет продаж 90 дн
oz_acc1,4527402988,Эксперимент1,8.0,нет продаж 90 дн
oz_acc1,4527403000,от 2000 до 5000,12.0,нет продаж 90 дн
oz_acc1,4527403000,Эксперимент1,8.0,нет продаж 90 дн
oz_acc1,4527403053,от 1000-2000,12.0,нет продаж 90 дн
oz_acc1,4527403053,Эксперимент1,8.0,нет продаж 90 дн
oz_acc1,4527403060,от 2000 до 5000,12.0,нет продаж 90 дн
oz_acc1,4527403143,Эксперимент1,8.0,нет продаж 90 дн
oz_acc1,4527403233,от 2000 до 5000,12.0,нет продаж 90 дн
oz_acc1,4527403233,Эксперимент1,8.0,нет продаж 90 дн
oz_acc1,4527403359,от 5000 до 10000,12.0,нет продаж 90 дн
oz_acc1,4527403359,Эксперимент1,8.0,нет продаж 90 дн
oz_acc1,4527403450,Эксперимент1,8.0,нет продаж 90 дн
oz_acc1,4527403531,Эксперимент1,8.0,нет продаж 90 дн
oz_acc1,4527403586,от 1000-2000,12.0,нет продаж 90 дн
oz_acc1,4527403586,Эксперимент1,8.0,нет продаж 90 дн
oz_acc1,4527403750,от 1000-2000,12.0,нет продаж 90 дн
oz_acc1,4527403750,Эксперимент1,8.0,нет продаж 90 дн
oz_acc1,4527403813,от 10000 до 500 тыс,12.0,нет продаж 90 дн
oz_acc1,4527403819,от 2000 до 5000,12.0,нет продаж 90 дн
oz_acc1,4527403819,Эксперимент1,8.0,нет продаж 90 дн
oz_acc1,4527403860,Эксперимент1,8.0,нет продаж 90 дн
oz_acc1,4527403868,от 5000 до 10000,12.0,нет продаж 90 дн
oz_acc1,4527403868,Эксперимент1,8.0,нет продаж 90 дн
oz_acc1,4527403874,от 2000 до 5000,12.0,нет продаж 90 дн
oz_acc1,4527403874,Эксперимент1,8.0,нет продаж 90 дн
oz_acc1,4527403879,Эксперимент1,8.0,нет продаж 90 дн
oz_acc1,4527403978,от 2000 до 5000,12.0,нет продаж 90 дн
oz_acc1,4527403978,Эксперимент1,8.0,нет продаж 90 дн
oz_acc1,4527404019,от 2000 до 5000,12.0,нет продаж 90 дн
oz_acc1,4527404019,Эксперимент1,8.0,нет продаж 90 дн
oz_acc1,4527404082,от 5000 до 10000,12.0,нет продаж 90 дн
oz_acc1,4527404082,Эксперимент1,8.0,нет продаж 90 дн
oz_acc1,4527404181,от 2000 до 5000,12.0,нет маржи и нет продаж 90 дн
oz_acc1,4527404181,Эксперимент1,8.0,нет маржи и нет продаж 90 дн
oz_acc1,4527404322,от 5000 до 10000,12.0,нет продаж 90 дн
oz_acc1,4527404322,Эксперимент1,8.0,нет продаж 90 дн
oz_acc1,4527404473,Эксперимент1,8.0,нет продаж 90 дн
oz_acc1,4527404535,Эксперимент1,8.0,нет продаж 90 дн
oz_acc1,4527404577,от 2000 до 5000,12.0,нет продаж 90 дн
oz_acc1,4527404577,Эксперимент1,8.0,нет продаж 90 дн
oz_acc1,4527404666,Эксперимент1,8.0,нет продаж 90 дн
oz_acc1,4527404731,Эксперимент1,8.0,нет продаж 90 дн
oz_acc1,4527404807,от 2000 до 5000,12.0,нет продаж 90 дн
oz_acc1,4527404807,Эксперимент1,8.0,нет продаж 90 дн
oz_acc1,4527404934,от 5000 до 10000,12.0,нет продаж 90 дн
oz_acc1,4527404934,Эксперимент1,8.0,нет продаж 90 дн
oz_acc1,4527405226,Эксперимент1,8.0,нет продаж 90 дн
oz_acc1,4527405868,от 5000 до 10000,12.0,нет продаж 90 дн
oz_acc1,4527405868,Эксперимент1,8.0,нет продаж 90 дн
oz_acc1,4527406035,от 2000 до 5000,12.0,нет продаж 90 дн
oz_acc1,4527406035,Эксперимент1,8.0,нет продаж 90 дн
oz_acc1,4527406227,от 2000 до 5000,12.0,нет продаж 90 дн
oz_acc1,4527406249,от 2000 до 5000,12.0,нет продаж 90 дн
oz_acc1,4527406249,Эксперимент1,8.0,нет продаж 90 дн
oz_acc1,4527406547,от 5000 до 10000,12.0,нет продаж 90 дн
oz_acc1,4527406547,Эксперимент1,8.0,нет продаж 90 дн
oz_acc1,4527406795,Эксперимент1,8.0,нет продаж 90 дн
oz_acc1,4527406829,Эксперимент1,8.0,нет продаж 90 дн
oz_acc1,4527406919,Эксперимент1,8.0,нет маржи и нет продаж 90 дн
oz_acc1,4527407037,от 2000 до 5000,12.0,нет продаж 90 дн
oz_acc1,4527407037,Эксперимент1,8.0,нет продаж 90 дн
oz_acc1,4527407057,Эксперимент1,8.0,нет продаж 90 дн
oz_acc1,4527407163,Эксперимент1,8.0,нет продаж 90 дн
oz_acc1,4527407397,от 2000 до 5000,12.0,нет маржи и нет продаж 90 дн
oz_acc1,4527407397,Эксперимент1,8.0,нет маржи и нет продаж 90 дн
oz_acc1,4527407632,от 2000 до 5000,12.0,нет продаж 90 дн
oz_acc1,4527407632,Эксперимент1,8.0,нет продаж 90 дн
oz_acc1,4527407663,Эксперимент1,8.0,нет продаж 90 дн
oz_acc1,4527407711,от 5000 до 10000,12.0,нет продаж 90 дн
oz_acc1,4527407711,Эксперимент1,8.0,нет продаж 90 дн
oz_acc1,4527407872,от 2000 до 5000,12.0,нет продаж 90 дн
oz_acc1,4527407872,Эксперимент1,8.0,нет продаж 90 дн
oz_acc1,4527407899,от 2000 до 5000,12.0,нет продаж 90 дн
oz_acc1,4527407899,Эксперимент1,8.0,нет продаж 90 дн
oz_acc1,4527407903,Эксперимент1,8.0,нет продаж 90 дн
oz_acc1,4527408036,от 5000 до 10000,12.0,нет продаж 90 дн
oz_acc1,4527408297,Эксперимент1,8.0,нет продаж 90 дн
oz_acc1,4527408370,Эксперимент1,8.0,нет продаж 90 дн
oz_acc1,4527408410,от 2000 до 5000,12.0,нет продаж 90 дн
oz_acc1,4527408410,Эксперимент1,8.0,нет продаж 90 дн
oz_acc1,4527408477,от 10000 до 500 тыс,12.0,нет продаж 90 дн
oz_acc1,4527408477,Эксперимент1,8.0,нет продаж 90 дн
oz_acc1,4527408559,от 2000 до 5000,12.0,нет продаж 90 дн
oz_acc1,4527408559,Эксперимент1,8.0,нет продаж 90 дн
oz_acc1,4527408729,Эксперимент1,8.0,нет продаж 90 дн
oz_acc1,4527408800,Эксперимент1,8.0,нет продаж 90 дн
oz_acc1,4527408865,от 2000 до 5000,12.0,нет продаж 90 дн
oz_acc1,4527408865,Эксперимент1,8.0,нет продаж 90 дн
oz_acc1,4527408981,от 2000 до 5000,12.0,нет продаж 90 дн
oz_acc1,4527408981,Эксперимент1,8.0,нет продаж 90 дн
oz_acc1,4527409030,от 2000 до 5000,12.0,нет продаж 90 дн
oz_acc1,4527409030,Эксперимент1,8.0,нет продаж 90 дн
oz_acc1,4527409288,от 2000 до 5000,12.0,нет продаж 90 дн
oz_acc1,4527409288,Эксперимент1,8.0,нет продаж 90 дн
oz_acc1,4527409304,от 2000 до 5000,12.0,нет продаж 90 дн
oz_acc1,4527409304,Эксперимент1,8.0,нет продаж 90 дн
oz_acc1,4527409640,от 2000 до 5000,12.0,нет продаж 90 дн
oz_acc1,4527409640,Эксперимент1,8.0,нет продаж 90 дн
oz_acc1,4527410109,от 2000 до 5000,12.0,нет продаж 90 дн
oz_acc1,4527410109,Эксперимент1,8.0,нет продаж 90 дн
oz_acc1,4527410309,от 5000 до 10000,12.0,нет продаж 90 дн
oz_acc1,4527410346,Эксперимент1,8.0,нет продаж 90 дн
oz_acc1,4527410431,Эксперимент1,8.0,нет продаж 90 дн
oz_acc1,4527411092,от 2000 до 5000,12.0,нет продаж 90 дн
oz_acc1,4527411092,Эксперимент1,8.0,нет продаж 90 дн
oz_acc1,4527411114,от 2000 до 5000,12.0,нет продаж 90 дн
oz_acc1,4527411114,Эксперимент1,8.0,нет продаж 90 дн
oz_acc1,4527411403,от 2000 до 5000,12.0,нет продаж 90 дн
oz_acc1,4527411403,Эксперимент1,8.0,нет продаж 90 дн
oz_acc1,4527411424,от 2000 до 5000,12.0,нет продаж 90 дн
oz_acc1,4527411424,Эксперимент1,8.0,нет продаж 90 дн
oz_acc1,4527411568,от 2000 до 5000,12.0,нет продаж 90 дн
oz_acc1,4527411568,Эксперимент1,8.0,нет продаж 90 дн
oz_acc1,4527412056,от 2000 до 5000,12.0,нет маржи и нет продаж 90 дн
oz_acc1,4527412056,Эксперимент1,8.0,нет маржи и нет продаж 90 дн
oz_acc1,4527412548,от 2000 до 5000,12.0,нет продаж 90 дн
oz_acc1,4527412548,Эксперимент1,8.0,нет продаж 90 дн
oz_acc1,4527412567,Эксперимент1,8.0,нет продаж 90 дн
oz_acc1,4527412576,от 2000 до 5000,12.0,нет продаж 90 дн
oz_acc1,4527412576,Эксперимент1,8.0,нет продаж 90 дн
oz_acc1,4527412706,от 5000 до 10000,12.0,нет продаж 90 дн
oz_acc1,4527412706,Эксперимент1,8.0,нет продаж 90 дн
oz_acc1,4527412902,от 2000 до 5000,12.0,нет продаж 90 дн
oz_acc1,4527412902,Эксперимент1,8.0,нет продаж 90 дн
oz_acc1,4527412907,Эксперимент1,8.0,нет продаж 90 дн
oz_acc1,4527412918,от 5000 до 10000,12.0,нет продаж 90 дн
oz_acc1,4527413000,от 2000 до 5000,12.0,нет продаж 90 дн
oz_acc1,4527413000,Эксперимент1,8.0,нет продаж 90 дн
oz_acc1,4527413811,Эксперимент1,8.0,нет продаж 90 дн
oz_acc1,4527414189,Эксперимент1,8.0,нет продаж 90 дн
oz_acc1,4527418980,Эксперимент1,8.0,нет продаж 90 дн
oz_acc1,4527422227,Эксперимент1,8.0,нет продаж 90 дн
oz_acc1,4543074360,от 2000 до 5000,12.0,нет продаж 90 дн
oz_acc1,4543074360,Эксперимент1,8.0,нет продаж 90 дн
oz_acc1,4543074522,от 2000 до 5000,12.0,нет продаж 90 дн
oz_acc1,4543074522,Эксперимент1,8.0,нет продаж 90 дн
oz_acc1,4543074534,от 2000 до 5000,12.0,нет маржи и нет продаж 90 дн
oz_acc1,4543074712,Эксперимент1,8.0,нет продаж 90 дн
oz_acc1,4543075288,Эксперимент1,8.0,нет продаж 90 дн
oz_acc1,4543075406,Эксперимент1,8.0,нет продаж 90 дн
oz_acc1,4543075447,от 2000 до 5000,12.0,нет продаж 90 дн
oz_acc1,4543075447,Эксперимент1,8.0,нет продаж 90 дн
oz_acc1,4543075503,Эксперимент1,8.0,нет продаж 90 дн
oz_acc1,4543075638,Эксперимент1,8.0,нет продаж 90 дн
oz_acc1,4543075688,Эксперимент1,8.0,нет продаж 90 дн
oz_acc1,4543075708,Эксперимент1,8.0,нет продаж 90 дн
oz_acc1,4543075859,от 2000 до 5000,12.0,нет продаж 90 дн
oz_acc1,4543075859,Эксперимент1,8.0,нет продаж 90 дн
oz_acc1,4543076054,Эксперимент1,8.0,нет продаж 90 дн
oz_acc1,4543076064,от 5000 до 10000,12.0,нет продаж 90 дн
oz_acc1,4543076064,Эксперимент1,8.0,нет продаж 90 дн
oz_acc1,4543076084,Эксперимент1,8.0,нет продаж 90 дн
oz_acc1,4543076111,Эксперимент1,8.0,нет продаж 90 дн
oz_acc1,4543076169,Эксперимент1,8.0,нет продаж 90 дн
oz_acc1,4543076244,от 2000 до 5000,12.0,нет продаж 90 дн
oz_acc1,4543076302,Эксперимент1,8.0,нет продаж 90 дн
oz_acc1,4543076376,Эксперимент1,8.0,нет продаж 90 дн
oz_acc1,4543076413,Эксперимент1,8.0,нет продаж 90 дн
oz_acc1,4543076433,Эксперимент1,8.0,нет продаж 90 дн
oz_acc1,4543076589,от 10000 до 500 тыс,12.0,нет продаж 90 дн
oz_acc1,4543076589,Эксперимент1,8.0,нет продаж 90 дн
oz_acc1,4543076631,Эксперимент1,8.0,нет продаж 90 дн
oz_acc1,4543076712,Эксперимент1,8.0,нет продаж 90 дн
oz_acc1,4543076826,Эксперимент1,8.0,нет продаж 90 дн
oz_acc1,4543076863,от 2000 до 5000,12.0,нет продаж 90 дн
oz_acc1,4543076863,Эксперимент1,8.0,нет продаж 90 дн
oz_acc1,4543076938,от 10000 до 500 тыс,12.0,нет продаж 90 дн
oz_acc1,4543076938,Эксперимент1,8.0,нет продаж 90 дн
oz_acc1,4543076942,Эксперимент1,8.0,нет продаж 90 дн
oz_acc1,4543077095,Эксперимент1,8.0,нет продаж 90 дн
oz_acc1,4543077120,от 10000 до 500 тыс,12.0,нет продаж 90 дн
oz_acc1,4543077120,Эксперимент1,8.0,нет продаж 90 дн
oz_acc1,4543077242,Эксперимент1,8.0,нет продаж 90 дн
oz_acc1,4543077259,Эксперимент1,8.0,нет продаж 90 дн
oz_acc1,4543077319,Эксперимент1,8.0,нет продаж 90 дн
oz_acc1,4543077330,Эксперимент1,8.0,нет продаж 90 дн
oz_acc1,4543077376,Эксперимент1,8.0,нет продаж 90 дн
oz_acc1,4543077410,от 10000 до 500 тыс,12.0,нет продаж 90 дн
oz_acc1,4543077432,Эксперимент1,8.0,нет продаж 90 дн
oz_acc1,4543077550,от 10000 до 500 тыс,12.0,нет продаж 90 дн
oz_acc1,4543077550,Эксперимент1,8.0,нет продаж 90 дн
oz_acc1,4543077627,от 2000 до 5000,12.0,нет продаж 90 дн
oz_acc1,4543077627,Эксперимент1,8.0,нет продаж 90 дн
oz_acc1,4543077639,Эксперимент1,8.0,нет продаж 90 дн
oz_acc1,4543077792,от 5000 до 10000,12.0,нет продаж 90 дн
oz_acc1,4543077939,от 10000 до 500 тыс,12.0,нет продаж 90 дн
oz_acc1,4543077939,Эксперимент1,8.0,нет продаж 90 дн
oz_acc1,4543077941,от 2000 до 5000,12.0,нет продаж 90 дн
oz_acc1,4543077941,Эксперимент1,8.0,нет продаж 90 дн
oz_acc1,4543078006,Эксперимент1,8.0,нет продаж 90 дн
oz_acc1,4543078007,от 5000 до 10000,12.0,нет продаж 90 дн
oz_acc1,4543078039,от 2000 до 5000,12.0,нет продаж 90 дн
oz_acc1,4543078039,Эксперимент1,8.0,нет продаж 90 дн
oz_acc1,4543078130,Эксперимент1,8.0,нет маржи и нет продаж 90 дн
oz_acc1,4543078190,Эксперимент1,8.0,нет продаж 90 дн
oz_acc1,4543078261,Эксперимент1,8.0,нет продаж 90 дн
oz_acc1,4543078353,от 2000 до 5000,12.0,нет продаж 90 дн
oz_acc1,4543078353,Эксперимент1,8.0,нет продаж 90 дн
oz_acc1,4543078424,Эксперимент1,8.0,нет продаж 90 дн
oz_acc1,4543078436,от 2000 до 5000,12.0,нет маржи и нет продаж 90 дн
oz_acc1,4543078436,Эксперимент1,8.0,нет маржи и нет продаж 90 дн
oz_acc1,4543078440,от 2000 до 5000,12.0,нет продаж 90 дн
oz_acc1,4543078440,Эксперимент1,8.0,нет продаж 90 дн
oz_acc1,4543078539,от 10000 до 500 тыс,12.0,нет продаж 90 дн
oz_acc1,4543078539,Эксперимент1,8.0,нет продаж 90 дн
oz_acc1,4543078545,Эксперимент1,8.0,нет продаж 90 дн
oz_acc1,4543078565,от 5000 до 10000,12.0,нет продаж 90 дн
oz_acc1,4543078565,Эксперимент1,8.0,нет продаж 90 дн
oz_acc1,4543078609,от 2000 до 5000,12.0,нет продаж 90 дн
oz_acc1,4543078609,Эксперимент1,8.0,нет продаж 90 дн
oz_acc1,4543078682,от 5000 до 10000,12.0,нет продаж 90 дн
oz_acc1,4543078702,Эксперимент1,8.0,нет продаж 90 дн
oz_acc1,4543078731,Эксперимент1,8.0,нет продаж 90 дн
oz_acc1,4543078746,от 10000 до 500 тыс,12.0,нет продаж 90 дн
oz_acc1,4543078746,Эксперимент1,8.0,нет продаж 90 дн
oz_acc1,4543078752,Эксперимент1,8.0,нет продаж 90 дн
oz_acc1,4543078766,Эксперимент1,8.0,нет продаж 90 дн
oz_acc1,4543078787,Эксперимент1,8.0,нет продаж 90 дн
oz_acc1,4543078794,от 2000 до 5000,12.0,нет продаж 90 дн
oz_acc1,4543078794,Эксперимент1,8.0,нет продаж 90 дн
oz_acc1,4543078807,от 5000 до 10000,12.0,нет продаж 90 дн
oz_acc1,4543078807,Эксперимент1,8.0,нет продаж 90 дн
oz_acc1,4543078844,Эксперимент1,8.0,нет продаж 90 дн
oz_acc1,4543078919,от 10000 до 500 тыс,12.0,нет продаж 90 дн
oz_acc1,4543078919,Эксперимент1,8.0,нет продаж 90 дн
oz_acc1,4543079026,Эксперимент1,8.0,нет продаж 90 дн
oz_acc1,4543079034,от 10000 до 500 тыс,12.0,нет продаж 90 дн
oz_acc1,4543079034,Эксперимент1,8.0,нет продаж 90 дн
oz_acc1,4543079237,от 5000 до 10000,12.0,нет продаж 90 дн
oz_acc1,4543079237,Эксперимент1,8.0,нет продаж 90 дн
oz_acc1,4543079318,от 10000 до 500 тыс,12.0,нет продаж 90 дн
oz_acc1,4543079349,Эксперимент1,8.0,нет продаж 90 дн
oz_acc1,4543079378,от 2000 до 5000,12.0,нет продаж 90 дн
oz_acc1,4543079378,Эксперимент1,8.0,нет продаж 90 дн
oz_acc1,4543079399,от 2000 до 5000,12.0,нет продаж 90 дн
oz_acc1,4543079399,Эксперимент1,8.0,нет продаж 90 дн
oz_acc1,4543079418,от 0 до 1000,10.0,нет продаж 90 дн
oz_acc1,4543079418,Эксперимент1,8.0,нет продаж 90 дн
oz_acc1,4543079443,от 2000 до 5000,12.0,нет продаж 90 дн
oz_acc1,4543079443,Эксперимент1,8.0,нет продаж 90 дн
oz_acc1,4543079444,Эксперимент1,8.0,нет продаж 90 дн
oz_acc1,4543079501,Эксперимент1,8.0,нет маржи и нет продаж 90 дн
oz_acc1,4543079571,Эксперимент1,8.0,нет продаж 90 дн
oz_acc1,4543079625,от 10000 до 500 тыс,12.0,нет продаж 90 дн
oz_acc1,4543079658,Эксперимент1,8.0,нет продаж 90 дн
oz_acc1,4543079701,Эксперимент1,8.0,нет продаж 90 дн
oz_acc1,4543079704,от 5000 до 10000,12.0,нет продаж 90 дн
oz_acc1,4543079816,от 10000 до 500 тыс,12.0,нет продаж 90 дн
oz_acc1,4543079830,Эксперимент1,8.0,нет продаж 90 дн
oz_acc1,4543079867,от 10000 до 500 тыс,12.0,нет продаж 90 дн
oz_acc1,4543079964,от 10000 до 500 тыс,12.0,нет продаж 90 дн
oz_acc1,4543079977,Эксперимент1,8.0,нет маржи и нет продаж 90 дн
oz_acc1,4543080018,Эксперимент1,8.0,нет продаж 90 дн
oz_acc1,4543080041,Эксперимент1,8.0,нет продаж 90 дн
oz_acc1,4543080161,Эксперимент1,8.0,нет продаж 90 дн
oz_acc1,4543080264,Эксперимент1,8.0,нет продаж 90 дн
oz_acc1,4543080361,Эксперимент1,8.0,нет продаж 90 дн
oz_acc1,4543080400,Эксперимент1,8.0,нет продаж 90 дн
oz_acc1,4543080616,Эксперимент1,8.0,нет продаж 90 дн
oz_acc1,4543080635,от 2000 до 5000,12.0,нет продаж 90 дн
oz_acc1,4543080635,Эксперимент1,8.0,нет продаж 90 дн
oz_acc1,4543080658,Эксперимент1,8.0,нет продаж 90 дн
oz_acc1,4543080857,от 2000 до 5000,12.0,нет продаж 90 дн
oz_acc1,4543080857,Эксперимент1,8.0,нет продаж 90 дн
oz_acc1,4543080876,от 0 до 1000,10.0,нет продаж 90 дн
oz_acc1,4543080876,Эксперимент1,8.0,нет продаж 90 дн
oz_acc1,4543080881,от 2000 до 5000,12.0,нет продаж 90 дн
oz_acc1,4543080881,Эксперимент1,8.0,нет продаж 90 дн
oz_acc1,4543080942,от 2000 до 5000,12.0,нет продаж 90 дн
oz_acc1,4543080942,Эксперимент1,8.0,нет продаж 90 дн
oz_acc1,4543081135,Эксперимент1,8.0,нет продаж 90 дн
oz_acc1,4543081172,от 5000 до 10000,12.0,нет продаж 90 дн
oz_acc1,4543081172,Эксперимент1,8.0,нет продаж 90 дн
oz_acc1,4543081188,Эксперимент1,8.0,нет продаж 90 дн
oz_acc1,4543081220,Эксперимент1,8.0,нет продаж 90 дн
oz_acc1,4543081311,от 10000 до 500 тыс,12.0,нет продаж 90 дн
oz_acc1,4543081468,от 5000 до 10000,12.0,нет продаж 90 дн
oz_acc1,4543081510,от 2000 до 5000,12.0,нет продаж 90 дн
oz_acc1,4543081510,Эксперимент1,8.0,нет продаж 90 дн
oz_acc1,4543081595,Эксперимент1,8.0,нет продаж 90 дн
oz_acc1,4543081605,Эксперимент1,8.0,нет продаж 90 дн
oz_acc1,4543081719,от 2000 до 5000,12.0,нет продаж 90 дн
oz_acc1,4543081719,Эксперимент1,8.0,нет продаж 90 дн
oz_acc1,4543081728,Эксперимент1,8.0,нет продаж 90 дн
oz_acc1,4543081835,от 2000 до 5000,12.0,нет продаж 90 дн
oz_acc1,4543081835,Эксперимент1,8.0,нет продаж 90 дн
oz_acc1,4543081841,от 5000 до 10000,12.0,нет продаж 90 дн
oz_acc1,4543081842,от 2000 до 5000,12.0,нет продаж 90 дн
oz_acc1,4543081842,Эксперимент1,8.0,нет продаж 90 дн
oz_acc1,4543081902,от 10000 до 500 тыс,12.0,нет продаж 90 дн
oz_acc1,4543081902,Эксперимент1,8.0,нет продаж 90 дн
oz_acc1,4543081948,от 2000 до 5000,12.0,нет продаж 90 дн
oz_acc1,4543081948,Эксперимент1,8.0,нет продаж 90 дн
oz_acc1,4543081980,от 10000 до 500 тыс,12.0,нет продаж 90 дн
oz_acc1,4543081980,Эксперимент1,8.0,нет продаж 90 дн
oz_acc1,4543082250,Эксперимент1,8.0,нет продаж 90 дн
oz_acc1,4543082339,Эксперимент1,8.0,нет продаж 90 дн
oz_acc1,4543082653,Эксперимент1,8.0,нет продаж 90 дн
oz_acc1,4543082712,от 10000 до 500 тыс,12.0,нет продаж 90 дн
oz_acc1,4543082712,Эксперимент1,8.0,нет продаж 90 дн
oz_acc1,4543082758,от 10000 до 500 тыс,12.0,нет продаж 90 дн
oz_acc1,4543082758,Эксперимент1,8.0,нет продаж 90 дн
oz_acc1,4543082762,от 10000 до 500 тыс,12.0,нет продаж 90 дн
oz_acc1,4543082762,Эксперимент1,8.0,нет продаж 90 дн
oz_acc1,4543082804,Эксперимент1,8.0,нет продаж 90 дн
oz_acc1,4543082889,Эксперимент1,8.0,нет продаж 90 дн
oz_acc1,4543083004,Эксперимент1,8.0,нет продаж 90 дн
oz_acc1,4543083056,Эксперимент1,8.0,нет продаж 90 дн
oz_acc1,4543083084,от 2000 до 5000,12.0,нет продаж 90 дн
oz_acc1,4543083084,Эксперимент1,8.0,нет продаж 90 дн
oz_acc1,4543083105,от 5000 до 10000,12.0,нет продаж 90 дн
oz_acc1,4543083105,Эксперимент1,8.0,нет продаж 90 дн
oz_acc1,4543083133,Эксперимент1,8.0,нет продаж 90 дн
oz_acc1,4543083193,Эксперимент1,8.0,нет продаж 90 дн
oz_acc1,4543083251,от 2000 до 5000,12.0,нет продаж 90 дн
oz_acc1,4543083251,Эксперимент1,8.0,нет продаж 90 дн
oz_acc1,4543083295,Эксперимент1,8.0,нет продаж 90 дн
oz_acc1,4543083450,от 2000 до 5000,12.0,нет продаж 90 дн
oz_acc1,4543083450,Эксперимент1,8.0,нет продаж 90 дн
oz_acc1,4543083514,от 2000 до 5000,12.0,нет продаж 90 дн
oz_acc1,4543083514,Эксперимент1,8.0,нет продаж 90 дн
oz_acc1,4543083516,от 5000 до 10000,12.0,нет продаж 90 дн
oz_acc1,4543083516,Эксперимент1,8.0,нет продаж 90 дн
oz_acc1,4543083531,от 10000 до 500 тыс,12.0,нет продаж 90 дн
oz_acc1,4543083617,Эксперимент1,8.0,нет продаж 90 дн
oz_acc1,4543083630,от 5000 до 10000,12.0,нет продаж 90 дн
oz_acc1,4543083630,Эксперимент1,8.0,нет продаж 90 дн
oz_acc1,4543083676,от 5000 до 10000,12.0,нет продаж 90 дн
oz_acc1,4543083676,Эксперимент1,8.0,нет продаж 90 дн
oz_acc1,4543083743,от 5000 до 10000,12.0,нет продаж 90 дн
oz_acc1,4543083810,Эксперимент1,8.0,нет продаж 90 дн
oz_acc1,4543083817,Эксперимент1,8.0,нет продаж 90 дн
oz_acc1,4543083834,Эксперимент1,8.0,нет продаж 90 дн
oz_acc1,4543083995,Эксперимент1,8.0,нет продаж 90 дн
oz_acc1,4543084010,Эксперимент1,8.0,нет продаж 90 дн
oz_acc1,4543084078,от 10000 до 500 тыс,12.0,нет продаж 90 дн
oz_acc1,4543084078,Эксперимент1,8.0,нет продаж 90 дн
oz_acc1,4543084139,от 2000 до 5000,12.0,нет маржи и нет продаж 90 дн
oz_acc1,4543084139,Эксперимент1,8.0,нет маржи и нет продаж 90 дн
oz_acc1,4543084164,Эксперимент1,8.0,нет продаж 90 дн
oz_acc1,4543084173,от 1000-2000,12.0,нет продаж 90 дн
oz_acc1,4543084173,Эксперимент1,8.0,нет продаж 90 дн
oz_acc1,4543084201,от 5000 до 10000,12.0,нет продаж 90 дн
oz_acc1,4543084201,Эксперимент1,8.0,нет продаж 90 дн
oz_acc1,4543084233,от 5000 до 10000,12.0,нет продаж 90 дн
oz_acc1,4543084233,Эксперимент1,8.0,нет продаж 90 дн
oz_acc1,4543084287,от 2000 до 5000,12.0,нет продаж 90 дн
oz_acc1,4543084325,от 5000 до 10000,12.0,нет продаж 90 дн
oz_acc1,4543084325,Эксперимент1,8.0,нет продаж 90 дн
oz_acc1,4543084448,от 2000 до 5000,12.0,нет продаж 90 дн
oz_acc1,4543084448,Эксперимент1,8.0,нет продаж 90 дн
oz_acc1,4543084453,от 5000 до 10000,12.0,нет продаж 90 дн
oz_acc1,4543084453,Эксперимент1,8.0,нет продаж 90 дн
oz_acc1,4543084515,Эксперимент1,8.0,нет продаж 90 дн
oz_acc1,4543084626,от 1000-2000,12.0,нет продаж 90 дн
oz_acc1,4543084626,Эксперимент1,8.0,нет продаж 90 дн
oz_acc1,4543084649,от 2000 до 5000,12.0,нет продаж 90 дн
oz_acc1,4543084649,Эксперимент1,8.0,нет продаж 90 дн
oz_acc1,4543084653,от 10000 до 500 тыс,12.0,нет продаж 90 дн
oz_acc1,4543084653,Эксперимент1,8.0,нет продаж 90 дн
oz_acc1,4543084698,Эксперимент1,8.0,нет продаж 90 дн
oz_acc1,4543084941,Эксперимент1,8.0,нет продаж 90 дн
oz_acc1,4543084962,от 10000 до 500 тыс,12.0,нет продаж 90 дн
oz_acc1,4543084993,от 2000 до 5000,12.0,нет продаж 90 дн
oz_acc1,4543084993,Эксперимент1,8.0,нет продаж 90 дн
oz_acc1,4543085146,Эксперимент1,8.0,нет продаж 90 дн
oz_acc1,4543085214,Эксперимент1,8.0,нет продаж 90 дн
oz_acc1,4543085295,Эксперимент1,8.0,нет продаж 90 дн
oz_acc1,4543085315,Эксперимент1,8.0,нет продаж 90 дн
oz_acc1,4543085397,от 10000 до 500 тыс,12.0,нет продаж 90 дн
oz_acc1,4543085534,от 2000 до 5000,12.0,нет продаж 90 дн
oz_acc1,4543085534,Эксперимент1,8.0,нет продаж 90 дн
oz_acc1,4543085728,от 5000 до 10000,12.0,нет продаж 90 дн
oz_acc1,4543085728,Эксперимент1,8.0,нет продаж 90 дн
oz_acc1,4543085751,Эксперимент1,8.0,нет продаж 90 дн
oz_acc1,4543085864,Эксперимент1,8.0,нет продаж 90 дн
oz_acc1,4543085919,от 1000-2000,12.0,нет продаж 90 дн
oz_acc1,4543085919,Эксперимент1,8.0,нет продаж 90 дн
oz_acc1,4543086115,от 2000 до 5000,12.0,нет продаж 90 дн
oz_acc1,4543086115,Эксперимент1,8.0,нет продаж 90 дн
oz_acc1,4543086260,от 5000 до 10000,12.0,нет продаж 90 дн
oz_acc1,4543086260,Эксперимент1,8.0,нет продаж 90 дн
oz_acc1,4543086298,от 5000 до 10000,12.0,нет продаж 90 дн
oz_acc1,4543086299,от 1000-2000,12.0,нет продаж 90 дн
oz_acc1,4543086299,Эксперимент1,8.0,нет продаж 90 дн
oz_acc1,4543086400,от 2000 до 5000,12.0,нет продаж 90 дн
oz_acc1,4543086400,Эксперимент1,8.0,нет продаж 90 дн
oz_acc1,4543086450,Эксперимент1,8.0,нет продаж 90 дн
oz_acc1,4543086492,от 10000 до 500 тыс,12.0,нет продаж 90 дн
oz_acc1,4543086492,Эксперимент1,8.0,нет продаж 90 дн
oz_acc1,4543086541,Эксперимент1,8.0,нет продаж 90 дн
oz_acc1,4543086593,Эксперимент1,8.0,нет продаж 90 дн
oz_acc1,4543086654,Эксперимент1,8.0,нет продаж 90 дн
oz_acc1,4543086699,от 10000 до 500 тыс,12.0,нет продаж 90 дн
oz_acc1,4543086824,от 10000 до 500 тыс,12.0,нет продаж 90 дн
oz_acc1,4543086832,от 2000 до 5000,12.0,нет продаж 90 дн
oz_acc1,4543086832,Эксперимент1,8.0,нет продаж 90 дн
oz_acc1,4543086976,от 5000 до 10000,12.0,нет продаж 90 дн
oz_acc1,4543086976,Эксперимент1,8.0,нет продаж 90 дн
oz_acc1,4543086998,от 5000 до 10000,12.0,нет продаж 90 дн
oz_acc1,4543086998,Эксперимент1,8.0,нет продаж 90 дн
oz_acc1,4543087098,от 5000 до 10000,12.0,нет продаж 90 дн
oz_acc1,4543087098,Эксперимент1,8.0,нет продаж 90 дн
oz_acc1,4543087161,от 5000 до 10000,12.0,нет продаж 90 дн
oz_acc1,4543087161,Эксперимент1,8.0,нет продаж 90 дн
oz_acc1,4543087330,от 5000 до 10000,12.0,нет продаж 90 дн
oz_acc1,4543087330,Эксперимент1,8.0,нет продаж 90 дн
oz_acc1,4543087336,Эксперимент1,8.0,нет продаж 90 дн
oz_acc1,4543087386,от 2000 до 5000,12.0,нет продаж 90 дн
oz_acc1,4543087386,Эксперимент1,8.0,нет продаж 90 дн
oz_acc1,4543087409,от 5000 до 10000,12.0,нет продаж 90 дн
oz_acc1,4543087409,Эксперимент1,8.0,нет продаж 90 дн
oz_acc1,4543087440,от 10000 до 500 тыс,12.0,нет продаж 90 дн
oz_acc1,4543087449,Эксперимент1,8.0,нет продаж 90 дн
oz_acc1,4543087485,от 10000 до 500 тыс,12.0,нет продаж 90 дн
oz_acc1,4543087745,от 5000 до 10000,12.0,нет продаж 90 дн
oz_acc1,4543087754,от 5000 до 10000,12.0,нет продаж 90 дн
oz_acc1,4543087754,Эксперимент1,8.0,нет продаж 90 дн
oz_acc1,4543087784,Эксперимент1,8.0,нет продаж 90 дн
oz_acc1,4543087931,Эксперимент1,8.0,нет продаж 90 дн
oz_acc1,4543087939,от 10000 до 500 тыс,12.0,нет продаж 90 дн
oz_acc1,4543087939,Эксперимент1,8.0,нет продаж 90 дн
oz_acc1,4543088068,от 10000 до 500 тыс,12.0,нет продаж 90 дн
oz_acc1,4543088223,Эксперимент1,8.0,нет продаж 90 дн
oz_acc1,4543088348,от 5000 до 10000,12.0,нет продаж 90 дн
oz_acc1,4543088348,Эксперимент1,8.0,нет продаж 90 дн
oz_acc1,4543088419,от 5000 до 10000,12.0,нет продаж 90 дн
oz_acc1,4543088737,от 1000-2000,12.0,нет продаж 90 дн
oz_acc1,4543088737,Эксперимент1,8.0,нет продаж 90 дн
oz_acc1,4543088784,от 5000 до 10000,12.0,нет продаж 90 дн
oz_acc1,4543088784,Эксперимент1,8.0,нет продаж 90 дн
oz_acc1,4543089167,от 2000 до 5000,12.0,нет продаж 90 дн
oz_acc1,4543089167,Эксперимент1,8.0,нет продаж 90 дн
oz_acc1,4543089305,Эксперимент1,8.0,нет продаж 90 дн
oz_acc1,4543089340,от 2000 до 5000,12.0,нет продаж 90 дн
oz_acc1,4543089340,Эксперимент1,8.0,нет продаж 90 дн
oz_acc1,4543089355,Эксперимент1,8.0,нет продаж 90 дн
oz_acc1,4543089396,от 2000 до 5000,12.0,нет продаж 90 дн
oz_acc1,4543089396,Эксперимент1,8.0,нет продаж 90 дн
oz_acc1,4543089427,от 2000 до 5000,12.0,нет продаж 90 дн
oz_acc1,4543089427,Эксперимент1,8.0,нет продаж 90 дн
oz_acc1,4543089469,Эксперимент1,8.0,нет продаж 90 дн
oz_acc1,4543089471,от 5000 до 10000,12.0,нет продаж 90 дн
oz_acc1,4543089471,Эксперимент1,8.0,нет продаж 90 дн
oz_acc1,4543089528,от 1000-2000,12.0,нет продаж 90 дн
oz_acc1,4543089528,Эксперимент1,8.0,нет продаж 90 дн
oz_acc1,4543089578,от 2000 до 5000,12.0,нет маржи и нет продаж 90 дн
oz_acc1,4543089578,Эксперимент1,8.0,нет маржи и нет продаж 90 дн
oz_acc1,4543089935,от 2000 до 5000,12.0,нет продаж 90 дн
oz_acc1,4543089935,Эксперимент1,8.0,нет продаж 90 дн
oz_acc1,4543090067,от 5000 до 10000,12.0,нет продаж 90 дн
oz_acc1,4543090067,Эксперимент1,8.0,нет продаж 90 дн
oz_acc1,4543090243,Эксперимент1,8.0,нет продаж 90 дн
oz_acc1,4543090261,Эксперимент1,8.0,нет продаж 90 дн
oz_acc1,4543090324,от 2000 до 5000,12.0,нет продаж 90 дн
oz_acc1,4543090324,Эксперимент1,8.0,нет продаж 90 дн
oz_acc1,4543090398,от 10000 до 500 тыс,12.0,нет продаж 90 дн
oz_acc1,4543090949,от 5000 до 10000,12.0,нет продаж 90 дн
oz_acc1,4543090949,Эксперимент1,8.0,нет продаж 90 дн
oz_acc1,4543091163,от 1000-2000,12.0,нет продаж 90 дн
oz_acc1,4543091163,Эксперимент1,8.0,нет продаж 90 дн
oz_acc1,4543091172,от 1000-2000,12.0,нет продаж 90 дн
oz_acc1,4543091172,Эксперимент1,8.0,нет продаж 90 дн
oz_acc1,4543091256,Эксперимент1,8.0,нет продаж 90 дн
oz_acc1,4543091316,Эксперимент1,8.0,нет продаж 90 дн
oz_acc1,4543091334,Эксперимент1,8.0,нет продаж 90 дн
oz_acc1,4543091431,от 10000 до 500 тыс,12.0,нет продаж 90 дн
oz_acc1,4543091431,Эксперимент1,8.0,нет продаж 90 дн
oz_acc1,4543091461,от 5000 до 10000,12.0,нет продаж 90 дн
oz_acc1,4543091461,Эксперимент1,8.0,нет продаж 90 дн
oz_acc1,4543091644,от 1000-2000,12.0,нет продаж 90 дн
oz_acc1,4543091644,Эксперимент1,8.0,нет продаж 90 дн
oz_acc1,4543092138,от 5000 до 10000,12.0,нет продаж 90 дн
oz_acc1,4543092138,Эксперимент1,8.0,нет продаж 90 дн
oz_acc1,4543092323,от 10000 до 500 тыс,12.0,нет продаж 90 дн
oz_acc1,4543092849,Эксперимент1,8.0,нет продаж 90 дн
oz_acc1,4543093172,от 5000 до 10000,12.0,нет продаж 90 дн
oz_acc1,4543093172,Эксперимент1,8.0,нет продаж 90 дн
oz_acc1,4543093369,от 5000 до 10000,12.0,нет продаж 90 дн
oz_acc1,4543093369,Эксперимент1,8.0,нет продаж 90 дн
oz_acc1,4543093398,от 5000 до 10000,12.0,нет продаж 90 дн
oz_acc1,4543093463,Эксперимент1,8.0,нет продаж 90 дн
oz_acc1,4543094597,Эксперимент1,8.0,нет продаж 90 дн
oz_acc1,4543094648,от 10000 до 500 тыс,12.0,нет продаж 90 дн
oz_acc1,4543095030,от 5000 до 10000,12.0,нет продаж 90 дн
oz_acc1,4543095030,Эксперимент1,8.0,нет продаж 90 дн
oz_acc1,4543095058,от 5000 до 10000,12.0,нет продаж 90 дн
oz_acc1,4543095058,Эксперимент1,8.0,нет продаж 90 дн
oz_acc1,4543095090,от 2000 до 5000,12.0,нет продаж 90 дн
oz_acc1,4543095090,Эксперимент1,8.0,нет продаж 90 дн
oz_acc1,4543095119,от 10000 до 500 тыс,12.0,нет продаж 90 дн
oz_acc1,4543095119,Эксперимент1,8.0,нет продаж 90 дн
oz_acc1,4543095357,от 5000 до 10000,12.0,нет продаж 90 дн
oz_acc1,4543095357,Эксперимент1,8.0,нет продаж 90 дн
oz_acc1,4543095438,от 5000 до 10000,12.0,нет продаж 90 дн
oz_acc1,4543095438,Эксперимент1,8.0,нет продаж 90 дн
oz_acc1,4543095750,Эксперимент1,8.0,нет продаж 90 дн
oz_acc1,4543096376,от 5000 до 10000,12.0,нет продаж 90 дн
oz_acc1,4543096376,Эксперимент1,8.0,нет продаж 90 дн
oz_acc1,4543096478,Эксперимент1,8.0,нет продаж 90 дн
oz_acc1,4543096737,от 2000 до 5000,12.0,нет продаж 90 дн
oz_acc1,4543096737,Эксперимент1,8.0,нет продаж 90 дн
oz_acc1,4543097608,от 10000 до 500 тыс,12.0,нет продаж 90 дн
oz_acc1,4543098251,от 1000-2000,12.0,нет продаж 90 дн
oz_acc1,4543098251,Эксперимент1,8.0,нет продаж 90 дн
oz_acc1,4543098262,от 5000 до 10000,12.0,нет продаж 90 дн
oz_acc1,4543098262,Эксперимент1,8.0,нет продаж 90 дн
oz_acc1,4543099068,от 5000 до 10000,12.0,нет продаж 90 дн
oz_acc1,4543099068,Эксперимент1,8.0,нет продаж 90 дн
oz_acc1,4543099197,от 10000 до 500 тыс,12.0,нет продаж 90 дн
oz_acc1,4543099197,Эксперимент1,8.0,нет продаж 90 дн
oz_acc1,4543099211,от 5000 до 10000,12.0,нет продаж 90 дн
oz_acc1,4543099211,Эксперимент1,8.0,нет продаж 90 дн
oz_acc1,4543099530,от 1000-2000,12.0,нет продаж 90 дн
oz_acc1,4543099530,Эксперимент1,8.0,нет продаж 90 дн
oz_acc1,4543101710,Эксперимент1,8.0,нет продаж 90 дн
oz_acc1,4568123666,Эксперимент1,8.0,нет маржи и нет продаж 90 дн
oz_acc1,4576671279,от 2000 до 5000,12.0,нет продаж 90 дн
oz_acc1,4576671279,Эксперимент1,8.0,нет продаж 90 дн
oz_acc1,4576675526,от 5000 до 10000,12.0,нет продаж 90 дн
oz_acc1,4576675526,Эксперимент1,8.0,нет продаж 90 дн
oz_acc1,4576832777,от 10000 до 500 тыс,12.0,нет продаж 90 дн
oz_acc1,4576832777,Эксперимент1,8.0,нет продаж 90 дн
oz_acc1,4576842011,от 10000 до 500 тыс,12.0,нет продаж 90 дн
oz_acc1,4576842011,Эксперимент1,8.0,нет продаж 90 дн
oz_acc1,4576867073,от 10000 до 500 тыс,12.0,нет продаж 90 дн
oz_acc1,4576867073,Эксперимент1,8.0,нет продаж 90 дн
oz_acc1,4663780016,от 10000 до 500 тыс,12.0,нет продаж 90 дн
oz_acc1,4663780016,Эксперимент1,8.0,нет продаж 90 дн
oz_acc1,4736236310,от 10000 до 500 тыс,12.0,нет маржи и нет продаж 90 дн
oz_acc1,4736236310,Эксперимент1,8.0,нет маржи и нет продаж 90 дн
oz_acc1,4736420291,от 2000 до 5000,12.0,нет маржи и нет продаж 90 дн
oz_acc1,4736420291,Эксперимент1,8.0,нет маржи и нет продаж 90 дн
oz_acc1,4736472221,от 2000 до 5000,12.0,нет маржи и нет продаж 90 дн
oz_acc1,4777763294,от 2000 до 5000,12.0,нет продаж 90 дн
oz_acc1,4777763294,Эксперимент1,8.0,нет продаж 90 дн
oz_acc1,4777764703,от 2000 до 5000,12.0,нет продаж 90 дн
oz_acc1,4777764703,Эксперимент1,8.0,нет продаж 90 дн
oz_acc1,4777767784,от 2000 до 5000,12.0,нет продаж 90 дн
oz_acc1,4777767784,Эксперимент1,8.0,нет продаж 90 дн
oz_acc1,4777817169,от 2000 до 5000,12.0,нет продаж 90 дн
oz_acc1,4777817169,Эксперимент1,8.0,нет продаж 90 дн
oz_acc1,4777817288,от 2000 до 5000,12.0,нет продаж 90 дн
oz_acc1,4777817288,Эксперимент1,8.0,нет продаж 90 дн
oz_acc1,4777817790,от 2000 до 5000,12.0,нет продаж 90 дн
oz_acc1,4777817790,Эксперимент1,8.0,нет продаж 90 дн
oz_acc1,4777855017,от 2000 до 5000,12.0,нет продаж 90 дн
oz_acc1,4777855017,Эксперимент1,8.0,нет продаж 90 дн
oz_acc1,4778057189,от 2000 до 5000,12.0,нет продаж 90 дн
oz_acc1,4778057189,Эксперимент1,8.0,нет продаж 90 дн
oz_acc1,4778059685,от 2000 до 5000,12.0,нет продаж 90 дн
oz_acc1,4778059685,Эксперимент1,8.0,нет продаж 90 дн
oz_acc1,4778418152,от 10000 до 500 тыс,12.0,нет маржи и нет продаж 90 дн
oz_acc1,4778418152,Эксперимент1,8.0,нет маржи и нет продаж 90 дн
oz_acc1,4786554613,Эксперимент1,8.0,нет продаж 90 дн
oz_acc1,4807168376,от 0 до 1000,10.0,нет продаж 90 дн
oz_acc1,4807168376,Эксперимент1,8.0,нет продаж 90 дн
oz_acc1,4808002741,от 2000 до 5000,12.0,нет маржи и нет продаж 90 дн
oz_acc1,4808002741,Эксперимент1,8.0,нет маржи и нет продаж 90 дн
oz_acc1,651909706,Эксперимент1,8.0,нет маржи и нет продаж 90 дн
oz_acc1,651909710,Эксперимент1,8.0,нет продаж 90 дн
oz_acc1,651909723,Эксперимент1,8.0,нет маржи и нет продаж 90 дн
oz_acc1,651910830,от 0 до 1000,10.0,нет маржи и нет продаж 90 дн
oz_acc1,651911758,от 2000 до 5000,13.0,нет маржи и нет продаж 90 дн
oz_acc1,651911758,Эксперимент1,9.0,нет маржи и нет продаж 90 дн
oz_acc1,651911766,Эксперимент1,8.0,нет маржи и нет продаж 90 дн
oz_acc1,651911972,Эксперимент1,8.0,нет продаж 90 дн
oz_acc1,651912255,от 10000 до 500 тыс,12.0,нет маржи и нет продаж 90 дн
oz_acc1,651912794,Эксперимент1,8.0,нет продаж 90 дн
oz_acc1,651912809,от 2000 до 5000,12.0,нет продаж 90 дн
oz_acc1,651913913,от 2000 до 5000,12.0,нет маржи и нет продаж 90 дн
oz_acc1,651913913,Эксперимент1,8.0,нет маржи и нет продаж 90 дн
oz_acc1,651918146,Эксперимент1,6.0,нет продаж 90 дн
oz_acc1,651918276,от 2000 до 5000,12.0,нет маржи и нет продаж 90 дн
oz_acc1,651918320,Эксперимент1,9.0,нет маржи и нет продаж 90 дн
oz_acc1,651920096,Эксперимент1,8.0,нет продаж 90 дн
oz_acc1,651920624,Эксперимент1,8.0,нет маржи и нет продаж 90 дн
oz_acc1,651920890,от 10000 до 500 тыс,12.0,нет маржи и нет продаж 90 дн
oz_acc1,651922454,от 2000 до 5000,12.0,нет маржи и нет продаж 90 дн
oz_acc1,651924619,от 2000 до 5000,12.0,нет продаж 90 дн
oz_acc1,651924646,от 2000 до 5000,12.0,нет продаж 90 дн
oz_acc1,651924794,от 0 до 1000,10.0,нет продаж 90 дн
oz_acc1,651925370,Эксперимент1,8.0,нет продаж 90 дн
oz_acc1,651925769,Эксперимент1,8.0,нет маржи и нет продаж 90 дн
oz_acc1,651932253,от 0 до 1000,10.0,нет маржи и нет продаж 90 дн
oz_acc1,651939124,от 0 до 1000,10.0,нет маржи и нет продаж 90 дн
oz_acc1,651943716,от 2000 до 5000,12.0,нет продаж 90 дн
oz_acc1,651944847,от 1000-2000,10.0,нет маржи и нет продаж 90 дн
oz_acc1,651944847,Эксперимент1,7.0,нет маржи и нет продаж 90 дн
oz_acc1,652072311,от 0 до 1000,10.0,нет маржи и нет продаж 90 дн
oz_acc1,652083830,от 2000 до 5000,12.0,нет продаж 90 дн
oz_acc1,652083830,Эксперимент1,8.0,нет продаж 90 дн
oz_acc1,652097052,Эксперимент1,8.0,нет продаж 90 дн
oz_acc1,652328590,Эксперимент1,8.0,нет маржи и нет продаж 90 дн
oz_acc1,652352491,Эксперимент1,8.0,нет маржи и нет продаж 90 дн
oz_acc1,652352526,от 0 до 1000,10.0,нет продаж 90 дн
oz_acc1,652352853,Эксперимент1,8.0,нет продаж 90 дн
oz_acc1,652354703,от 0 до 1000,10.0,нет продаж 90 дн
oz_acc1,652356485,от 2000 до 5000,12.0,нет маржи и нет продаж 90 дн
oz_acc1,652356537,Эксперимент1,8.0,нет продаж 90 дн
oz_acc1,652357181,от 2000 до 5000,12.0,нет маржи и нет продаж 90 дн
oz_acc1,652417339,от 0 до 1000,10.0,нет маржи и нет продаж 90 дн
oz_acc1,652417346,от 2000 до 5000,12.0,нет маржи и нет продаж 90 дн
oz_acc1,652453160,Эксперимент1,8.0,нет продаж 90 дн
oz_acc1,652453171,Эксперимент1,8.0,нет маржи и нет продаж 90 дн
oz_acc1,652453178,от 0 до 1000,10.0,нет маржи и нет продаж 90 дн
oz_acc1,652453593,Эксперимент1,7.0,нет маржи и нет продаж 90 дн
oz_acc1,652453594,Эксперимент1,8.0,нет продаж 90 дн
oz_acc1,652453596,Эксперимент1,8.0,нет продаж 90 дн
oz_acc1,652453605,от 2000 до 5000,12.0,нет продаж 90 дн
oz_acc1,652453605,Эксперимент1,8.0,нет продаж 90 дн
oz_acc1,652453606,от 2000 до 5000,12.0,нет маржи и нет продаж 90 дн
oz_acc1,652453760,Эксперимент1,7.0,нет продаж 90 дн
oz_acc1,652454425,Эксперимент1,8.0,нет продаж 90 дн
oz_acc1,652454432,Эксперимент1,8.0,нет продаж 90 дн
oz_acc1,652454449,от 2000 до 5000,12.0,нет продаж 90 дн
oz_acc1,652454452,Эксперимент1,8.0,нет продаж 90 дн
oz_acc1,652454473,Эксперимент1,10.0,нет маржи и нет продаж 90 дн
oz_acc1,652454479,от 10000 до 500 тыс,12.0,нет маржи и нет продаж 90 дн
oz_acc1,652454489,от 2000 до 5000,12.0,нет маржи и нет продаж 90 дн
oz_acc1,652454490,от 0 до 1000,10.0,нет продаж 90 дн
oz_acc1,652454497,Эксперимент1,8.0,нет продаж 90 дн
oz_acc1,652454513,Эксперимент1,7.0,нет маржи и нет продаж 90 дн
oz_acc1,652454515,Эксперимент1,8.0,нет маржи и нет продаж 90 дн
oz_acc1,652454523,от 0 до 1000,10.0,нет маржи и нет продаж 90 дн
oz_acc1,652454526,Эксперимент1,7.0,нет маржи и нет продаж 90 дн
oz_acc1,652454528,Эксперимент1,7.0,нет маржи и нет продаж 90 дн
oz_acc1,652454538,от 1000-2000,12.0,нет продаж 90 дн
oz_acc1,652454555,от 1000-2000,10.0,нет продаж 90 дн
oz_acc1,652454565,от 1000-2000,12.0,нет маржи и нет продаж 90 дн
oz_acc1,652454565,Эксперимент1,8.0,нет маржи и нет продаж 90 дн
oz_acc1,652454568,Эксперимент1,8.0,нет продаж 90 дн
oz_acc1,652454569,Эксперимент1,8.0,нет продаж 90 дн
oz_acc1,652454577,Эксперимент1,8.0,нет продаж 90 дн
oz_acc1,652454579,от 2000 до 5000,12.0,нет продаж 90 дн
oz_acc1,652454585,Эксперимент1,7.0,нет продаж 90 дн
oz_acc1,652454604,Эксперимент1,8.0,нет маржи и нет продаж 90 дн
oz_acc1,652454629,Эксперимент1,6.0,нет продаж 90 дн
oz_acc1,652454634,Эксперимент1,8.0,нет продаж 90 дн
oz_acc1,652454641,Эксперимент1,8.0,нет продаж 90 дн
oz_acc1,652454646,Эксперимент1,8.0,нет маржи и нет продаж 90 дн
oz_acc1,652454648,Эксперимент1,7.0,нет продаж 90 дн
oz_acc1,652454657,Эксперимент1,8.0,нет маржи и нет продаж 90 дн
oz_acc1,652454661,Эксперимент1,7.0,нет маржи и нет продаж 90 дн
oz_acc1,652454668,Эксперимент1,8.0,нет маржи и нет продаж 90 дн
oz_acc1,652456519,Эксперимент1,8.0,нет маржи и нет продаж 90 дн
oz_acc1,652456529,от 2000 до 5000,12.0,нет продаж 90 дн
oz_acc1,652456534,Эксперимент1,7.0,нет продаж 90 дн
oz_acc1,652456539,от 2000 до 5000,12.0,нет маржи и нет продаж 90 дн
oz_acc1,652456543,Эксперимент1,8.0,нет маржи и нет продаж 90 дн
oz_acc1,652456555,от 2000 до 5000,12.0,нет продаж 90 дн
oz_acc1,652456623,от 0 до 1000,10.0,нет продаж 90 дн
oz_acc1,652456832,Эксперимент1,7.0,нет маржи и нет продаж 90 дн
oz_acc1,652456842,от 0 до 1000,10.0,нет маржи и нет продаж 90 дн
oz_acc1,652456867,от 10000 до 500 тыс,12.0,нет маржи и нет продаж 90 дн
oz_acc1,652457440,Эксперимент1,8.0,нет маржи и нет продаж 90 дн
oz_acc1,652457706,Эксперимент1,8.0,нет продаж 90 дн
oz_acc1,652457980,от 1000-2000,12.0,нет продаж 90 дн
oz_acc1,652457980,Эксперимент1,8.0,нет продаж 90 дн
oz_acc1,652461244,от 2000 до 5000,12.0,нет маржи и нет продаж 90 дн
oz_acc1,652461277,Эксперимент1,8.0,нет продаж 90 дн
oz_acc1,652461345,от 2000 до 5000,12.0,нет маржи и нет продаж 90 дн
oz_acc1,652461550,от 5000 до 10000,12.0,нет продаж 90 дн
oz_acc1,652462813,Эксперимент1,8.0,нет продаж 90 дн
oz_acc1,652462824,Эксперимент1,7.0,нет маржи и нет продаж 90 дн
oz_acc1,652463353,от 0 до 1000,10.0,нет маржи и нет продаж 90 дн
oz_acc1,652463361,Эксперимент1,8.0,нет маржи и нет продаж 90 дн
oz_acc1,652463386,Эксперимент1,8.0,нет маржи и нет продаж 90 дн
oz_acc1,652468571,от 1000-2000,12.0,нет маржи и нет продаж 90 дн
oz_acc1,652468571,Эксперимент1,8.0,нет маржи и нет продаж 90 дн
oz_acc1,652468574,Эксперимент1,8.0,нет продаж 90 дн
oz_acc1,652468917,Эксперимент1,9.0,нет продаж 90 дн
oz_acc1,652468923,Эксперимент1,8.0,нет маржи и нет продаж 90 дн
oz_acc1,652468928,Эксперимент1,8.0,нет продаж 90 дн
oz_acc1,652468930,Эксперимент1,8.0,нет маржи и нет продаж 90 дн
oz_acc1,652469430,Эксперимент1,8.0,нет маржи и нет продаж 90 дн
oz_acc1,652469443,Эксперимент1,8.0,нет маржи и нет продаж 90 дн
oz_acc1,652469449,Эксперимент1,8.0,нет маржи и нет продаж 90 дн
oz_acc1,652469489,от 2000 до 5000,12.0,нет маржи и нет продаж 90 дн
oz_acc1,652469489,Эксперимент1,8.0,нет маржи и нет продаж 90 дн
oz_acc1,652469814,от 0 до 1000,10.0,нет продаж 90 дн
oz_acc1,652470207,Эксперимент1,10.0,нет продаж 90 дн
oz_acc1,652473020,Эксперимент1,8.0,нет маржи и нет продаж 90 дн
oz_acc1,652474600,от 0 до 1000,10.0,нет продаж 90 дн
oz_acc1,652474848,от 1000-2000,10.0,нет продаж 90 дн
oz_acc1,652474937,от 2000 до 5000,12.0,нет продаж 90 дн
oz_acc1,652474954,от 0 до 1000,10.0,нет маржи и нет продаж 90 дн
oz_acc1,652476036,от 2000 до 5000,12.0,нет маржи и нет продаж 90 дн
oz_acc1,652479807,от 2000 до 5000,12.0,нет маржи и нет продаж 90 дн
oz_acc1,652487349,от 2000 до 5000,12.0,нет маржи и нет продаж 90 дн
oz_acc1,652487349,Эксперимент1,9.0,нет маржи и нет продаж 90 дн
oz_acc1,652491160,от 0 до 1000,10.0,нет маржи и нет продаж 90 дн
oz_acc1,652492190,от 0 до 1000,10.0,нет маржи и нет продаж 90 дн
oz_acc1,652492337,Эксперимент1,8.0,нет продаж 90 дн
oz_acc1,652493579,от 0 до 1000,10.0,нет маржи и нет продаж 90 дн
oz_acc1,652493747,Эксперимент1,8.0,нет маржи и нет продаж 90 дн
oz_acc1,652501138,от 0 до 1000,10.0,нет маржи и нет продаж 90 дн
oz_acc1,652522782,Эксперимент1,7.0,нет маржи и нет продаж 90 дн
oz_acc1,652522793,от 0 до 1000,10.0,нет маржи и нет продаж 90 дн
oz_acc1,652524392,Эксперимент1,7.0,нет продаж 90 дн
oz_acc1,652524447,от 0 до 1000,10.0,нет продаж 90 дн
oz_acc1,652524463,от 0 до 1000,10.0,нет продаж 90 дн
oz_acc1,652524467,от 0 до 1000,10.0,нет маржи и нет продаж 90 дн
oz_acc1,652526312,от 0 до 1000,10.0,нет продаж 90 дн
oz_acc1,652526318,от 0 до 1000,10.0,нет маржи и нет продаж 90 дн
oz_acc1,652526318,Эксперимент1,7.0,нет маржи и нет продаж 90 дн
oz_acc1,652530773,Эксперимент1,6.0,нет маржи и нет продаж 90 дн
oz_acc1,652531143,от 0 до 1000,10.0,нет маржи и нет продаж 90 дн
oz_acc1,652535202,Эксперимент1,6.0,нет маржи и нет продаж 90 дн
oz_acc1,652535750,от 0 до 1000,10.0,нет продаж 90 дн
oz_acc1,652535762,от 0 до 1000,11.0,нет продаж 90 дн
oz_acc1,652536921,от 0 до 1000,10.0,нет продаж 90 дн
oz_acc1,652543079,Эксперимент1,7.0,нет продаж 90 дн
oz_acc1,652543084,Эксперимент1,8.0,нет маржи и нет продаж 90 дн
oz_acc1,652543157,Эксперимент1,7.0,нет маржи и нет продаж 90 дн
oz_acc1,652543162,Эксперимент1,7.0,нет маржи и нет продаж 90 дн
oz_acc1,652543170,Пустые РК,12.0,нет маржи и нет продаж 90 дн
oz_acc1,652543177,Эксперимент1,7.0,нет маржи и нет продаж 90 дн
oz_acc1,652543185,Эксперимент1,8.0,нет продаж 90 дн
oz_acc1,652547579,от 2000 до 5000,12.0,нет маржи и нет продаж 90 дн
oz_acc1,652547583,Эксперимент1,8.0,нет маржи и нет продаж 90 дн
oz_acc1,652547587,Эксперимент1,8.0,нет маржи и нет продаж 90 дн
oz_acc1,652548083,от 0 до 1000,10.0,нет маржи и нет продаж 90 дн
oz_acc1,652548530,Эксперимент1,8.0,нет маржи и нет продаж 90 дн
oz_acc1,652549135,от 0 до 1000,10.0,нет маржи и нет продаж 90 дн
oz_acc1,652549145,от 2000 до 5000,12.0,нет маржи и нет продаж 90 дн
oz_acc1,652549165,от 0 до 1000,11.0,нет маржи и нет продаж 90 дн
oz_acc1,652549173,Эксперимент1,7.0,нет продаж 90 дн
oz_acc1,652550333,Эксперимент1,7.0,нет маржи и нет продаж 90 дн
oz_acc1,652550865,от 0 до 1000,10.0,нет продаж 90 дн
oz_acc1,652550900,Эксперимент1,6.0,нет маржи и нет продаж 90 дн
oz_acc1,652551525,Эксперимент1,6.0,нет маржи и нет продаж 90 дн
oz_acc1,652552031,от 0 до 1000,10.0,нет маржи и нет продаж 90 дн
oz_acc1,652552213,от 0 до 1000,10.0,нет продаж 90 дн
oz_acc1,652553069,Эксперимент1,8.0,нет маржи и нет продаж 90 дн
oz_acc1,652553987,Эксперимент1,8.0,нет продаж 90 дн
oz_acc1,652554008,Эксперимент1,7.0,нет продаж 90 дн
oz_acc1,652554769,Эксперимент1,8.0,нет маржи и нет продаж 90 дн
oz_acc1,652554864,Эксперимент1,8.0,нет продаж 90 дн
oz_acc1,652558602,Эксперимент1,8.0,нет маржи и нет продаж 90 дн
oz_acc1,652566190,от 0 до 1000,10.0,нет маржи и нет продаж 90 дн
oz_acc1,652566192,от 0 до 1000,10.0,нет маржи и нет продаж 90 дн
oz_acc1,652576712,от 2000 до 5000,12.0,нет продаж 90 дн
oz_acc1,652576729,Эксперимент1,7.0,нет маржи и нет продаж 90 дн
oz_acc1,652576830,от 1000-2000,12.0,нет продаж 90 дн
oz_acc1,652576830,Эксперимент1,8.0,нет продаж 90 дн
oz_acc1,652576841,Эксперимент1,8.0,нет маржи и нет продаж 90 дн
oz_acc1,652576855,Эксперимент1,8.0,нет маржи и нет продаж 90 дн
oz_acc1,652576882,от 2000 до 5000,12.0,нет маржи и нет продаж 90 дн
oz_acc1,652576892,от 1000-2000,12.0,нет продаж 90 дн
oz_acc1,652576892,Эксперимент1,8.0,нет продаж 90 дн
oz_acc1,652576934,от 2000 до 5000,12.0,нет маржи и нет продаж 90 дн
oz_acc1,652576934,Эксперимент1,8.0,нет маржи и нет продаж 90 дн
oz_acc1,652576947,от 0 до 1000,10.0,нет маржи и нет продаж 90 дн
oz_acc1,652576959,от 1000-2000,12.0,нет маржи и нет продаж 90 дн
oz_acc1,652576959,Эксперимент1,8.0,нет маржи и нет продаж 90 дн
oz_acc1,652576967,от 5000 до 10000,12.0,нет маржи и нет продаж 90 дн
oz_acc1,652576979,от 2000 до 5000,12.0,нет маржи и нет продаж 90 дн
oz_acc1,652576989,от 0 до 1000,10.0,нет продаж 90 дн
oz_acc1,652578902,от 0 до 1000,10.0,нет маржи и нет продаж 90 дн
oz_acc1,652594190,от 0 до 1000,10.0,нет маржи и нет продаж 90 дн
oz_acc1,652597870,от 0 до 1000,10.0,нет маржи и нет продаж 90 дн
oz_acc1,652599832,от 0 до 1000,10.0,нет продаж 90 дн
oz_acc1,652599836,от 0 до 1000,10.0,нет продаж 90 дн
oz_acc1,652600346,от 0 до 1000,10.0,нет продаж 90 дн
oz_acc1,652600618,Эксперимент1,6.0,нет маржи и нет продаж 90 дн
oz_acc1,652607169,Эксперимент1,8.0,нет продаж 90 дн
oz_acc1,652608896,Эксперимент1,8.0,нет маржи и нет продаж 90 дн
oz_acc1,652608968,от 0 до 1000,10.0,нет маржи и нет продаж 90 дн
oz_acc1,652609044,Эксперимент1,8.0,нет маржи и нет продаж 90 дн
oz_acc1,652611739,Эксперимент1,8.0,нет продаж 90 дн
oz_acc1,652611803,от 0 до 1000,12.0,нет маржи и нет продаж 90 дн
oz_acc1,652615919,от 0 до 1000,10.0,нет продаж 90 дн
oz_acc1,652621030,Эксперимент1,7.0,нет маржи и нет продаж 90 дн
oz_acc1,652633156,Эксперимент1,8.0,нет маржи и нет продаж 90 дн
oz_acc1,652638204,от 0 до 1000,11.0,нет маржи и нет продаж 90 дн
oz_acc1,652651944,от 0 до 1000,10.0,нет маржи и нет продаж 90 дн
oz_acc1,652684394,от 0 до 1000,10.0,нет продаж 90 дн
oz_acc1,652687877,Эксперимент1,8.0,нет маржи и нет продаж 90 дн
oz_acc1,652692141,Эксперимент1,9.0,нет маржи и нет продаж 90 дн
oz_acc1,652692199,Эксперимент1,8.0,нет продаж 90 дн
oz_acc1,652692251,Эксперимент1,10.0,нет маржи и нет продаж 90 дн
oz_acc1,652697920,Эксперимент1,7.0,нет маржи и нет продаж 90 дн
oz_acc1,652725051,от 1000-2000,12.0,нет маржи и нет продаж 90 дн
oz_acc1,652725051,Эксперимент1,8.0,нет маржи и нет продаж 90 дн
oz_acc1,652731445,Эксперимент1,8.0,нет продаж 90 дн
oz_acc1,652796456,от 1000-2000,10.0,нет маржи и нет продаж 90 дн
oz_acc1,652796456,Эксперимент1,7.0,нет маржи и нет продаж 90 дн
oz_acc1,652801866,Эксперимент1,8.0,нет продаж 90 дн
oz_acc1,652825036,Эксперимент1,8.0,нет продаж 90 дн
oz_acc1,652837432,от 2000 до 5000,12.0,нет маржи и нет продаж 90 дн
oz_acc1,652996039,Эксперимент1,8.0,нет продаж 90 дн
oz_acc1,652996048,Эксперимент1,8.0,нет маржи и нет продаж 90 дн
oz_acc1,652997550,Эксперимент1,8.0,нет продаж 90 дн
oz_acc1,652998708,от 0 до 1000,11.0,нет маржи и нет продаж 90 дн
oz_acc1,652998780,Эксперимент1,8.0,нет продаж 90 дн
oz_acc1,652999878,от 1000-2000,10.0,нет маржи и нет продаж 90 дн
oz_acc1,653027465,Эксперимент1,8.0,нет продаж 90 дн
oz_acc1,653030416,Эксперимент1,8.0,нет продаж 90 дн
oz_acc1,653041321,от 2000 до 5000,12.0,нет продаж 90 дн
oz_acc1,653041342,Эксперимент1,8.0,нет продаж 90 дн
oz_acc1,653063745,от 0 до 1000,10.0,нет маржи и нет продаж 90 дн
oz_acc1,653063917,Эксперимент1,7.0,нет продаж 90 дн
oz_acc1,653064340,от 1000-2000,10.0,нет продаж 90 дн
oz_acc1,653064682,от 1000-2000,12.0,нет продаж 90 дн
oz_acc1,653065455,от 0 до 1000,10.0,нет маржи и нет продаж 90 дн
oz_acc1,653067936,Эксперимент1,8.0,нет продаж 90 дн
oz_acc1,653071560,Эксперимент1,8.0,нет продаж 90 дн
oz_acc1,653075481,Эксперимент1,8.0,нет продаж 90 дн
oz_acc1,653075524,Эксперимент1,8.0,нет маржи и нет продаж 90 дн
oz_acc1,653076887,Эксперимент1,7.0,нет продаж 90 дн
oz_acc1,653108851,Эксперимент1,8.0,нет продаж 90 дн
oz_acc1,653120826,Эксперимент1,8.0,нет маржи и нет продаж 90 дн
oz_acc1,653123536,от 0 до 1000,10.0,нет маржи и нет продаж 90 дн
oz_acc1,653123869,Эксперимент1,7.0,нет продаж 90 дн
oz_acc1,653125681,от 0 до 1000,10.0,нет продаж 90 дн
oz_acc1,653128299,Эксперимент1,8.0,нет продаж 90 дн
oz_acc1,653138771,Эксперимент1,8.0,нет продаж 90 дн
oz_acc1,653139608,от 0 до 1000,10.0,нет маржи и нет продаж 90 дн
oz_acc1,653144637,Эксперимент1,8.0,нет продаж 90 дн
oz_acc1,653317578,от 2000 до 5000,12.0,нет маржи и нет продаж 90 дн
oz_acc1,653317585,от 2000 до 5000,12.0,нет маржи и нет продаж 90 дн
oz_acc1,653317597,Эксперимент1,8.0,нет маржи и нет продаж 90 дн
oz_acc1,653317601,от 1000-2000,10.0,нет маржи и нет продаж 90 дн
oz_acc1,653317601,Эксперимент1,7.0,нет маржи и нет продаж 90 дн
oz_acc1,653317605,от 2000 до 5000,12.0,нет продаж 90 дн
oz_acc1,653317605,Эксперимент1,8.0,нет продаж 90 дн
oz_acc1,653317610,Эксперимент1,8.0,нет маржи и нет продаж 90 дн
oz_acc1,653317616,Эксперимент1,8.0,нет продаж 90 дн
oz_acc1,653317637,Эксперимент1,8.0,нет продаж 90 дн
oz_acc1,653317641,Эксперимент1,9.0,нет маржи и нет продаж 90 дн
oz_acc1,653317940,от 2000 до 5000,12.0,нет маржи и нет продаж 90 дн
oz_acc1,653317940,Эксперимент1,8.0,нет маржи и нет продаж 90 дн
oz_acc1,653317946,от 2000 до 5000,12.0,нет продаж 90 дн
oz_acc1,653317946,Эксперимент1,8.0,нет продаж 90 дн
oz_acc1,653317975,Эксперимент1,8.0,нет маржи и нет продаж 90 дн
oz_acc1,653317978,от 2000 до 5000,12.0,нет маржи и нет продаж 90 дн
oz_acc1,653317978,Эксперимент1,8.0,нет маржи и нет продаж 90 дн
oz_acc1,653324134,Эксперимент1,8.0,нет продаж 90 дн
oz_acc1,653324146,Эксперимент1,8.0,нет продаж 90 дн
oz_acc1,653324150,от 2000 до 5000,12.0,нет маржи и нет продаж 90 дн
oz_acc1,653324150,Эксперимент1,8.0,нет маржи и нет продаж 90 дн
oz_acc1,653324155,Эксперимент1,8.0,нет маржи и нет продаж 90 дн
oz_acc1,653324815,от 2000 до 5000,12.0,нет продаж 90 дн
oz_acc1,653324828,Эксперимент1,8.0,нет маржи и нет продаж 90 дн
oz_acc1,653324839,от 2000 до 5000,12.0,нет продаж 90 дн
oz_acc1,653324852,от 2000 до 5000,12.0,нет маржи и нет продаж 90 дн
oz_acc1,653325343,Эксперимент1,9.0,нет маржи и нет продаж 90 дн
oz_acc1,653325350,от 2000 до 5000,12.0,нет продаж 90 дн
oz_acc1,653325350,Эксперимент1,8.0,нет продаж 90 дн
oz_acc1,653325357,от 2000 до 5000,12.0,нет маржи и нет продаж 90 дн
oz_acc1,653325357,Эксперимент1,8.0,нет маржи и нет продаж 90 дн
oz_acc1,653327899,Эксперимент1,8.0,нет маржи и нет продаж 90 дн
oz_acc1,653328445,Эксперимент1,9.0,нет маржи и нет продаж 90 дн
oz_acc1,653328792,от 1000-2000,12.0,нет маржи и нет продаж 90 дн
oz_acc1,653328798,от 1000-2000,12.0,нет продаж 90 дн
oz_acc1,653330185,от 2000 до 5000,12.0,нет продаж 90 дн
oz_acc1,653330191,Эксперимент1,9.0,нет маржи и нет продаж 90 дн
oz_acc1,653330504,Эксперимент1,8.0,нет продаж 90 дн
oz_acc1,653330887,Эксперимент1,9.0,нет продаж 90 дн
oz_acc1,653346741,от 1000-2000,10.0,нет маржи и нет продаж 90 дн
oz_acc1,653346982,Эксперимент1,8.0,нет продаж 90 дн
oz_acc1,653346991,Эксперимент1,7.0,нет маржи и нет продаж 90 дн
oz_acc1,653347665,от 2000 до 5000,12.0,нет маржи и нет продаж 90 дн
oz_acc1,653348038,от 2000 до 5000,12.0,нет маржи и нет продаж 90 дн
oz_acc1,653348169,от 5000 до 10000,12.0,нет маржи и нет продаж 90 дн
oz_acc1,653348183,от 2000 до 5000,12.0,нет маржи и нет продаж 90 дн
oz_acc1,653348198,от 2000 до 5000,12.0,нет продаж 90 дн
oz_acc1,653348198,Эксперимент1,8.0,нет продаж 90 дн
oz_acc1,653348217,Эксперимент1,7.0,нет маржи и нет продаж 90 дн
oz_acc1,653348226,Эксперимент1,7.0,нет маржи и нет продаж 90 дн
oz_acc1,653348238,Эксперимент1,8.0,нет маржи и нет продаж 90 дн
oz_acc1,653348251,от 2000 до 5000,12.0,нет продаж 90 дн
oz_acc1,653348668,от 5000 до 10000,12.0,нет маржи и нет продаж 90 дн
oz_acc1,653349752,Эксперимент1,6.0,нет маржи и нет продаж 90 дн
oz_acc1,653352101,от 2000 до 5000,12.0,нет маржи и нет продаж 90 дн
oz_acc1,653377454,от 2000 до 5000,12.0,нет продаж 90 дн
oz_acc1,653377459,от 2000 до 5000,12.0,нет маржи и нет продаж 90 дн
oz_acc1,653379524,от 2000 до 5000,12.0,нет продаж 90 дн
oz_acc1,653380286,Эксперимент1,8.0,нет маржи и нет продаж 90 дн
oz_acc1,653380537,от 2000 до 5000,12.0,нет продаж 90 дн
oz_acc1,653381332,от 2000 до 5000,12.0,нет продаж 90 дн
oz_acc1,653386602,от 1000-2000,10.0,нет продаж 90 дн
oz_acc1,653387889,от 2000 до 5000,12.0,нет продаж 90 дн
oz_acc1,653387906,от 1000-2000,10.0,нет маржи и нет продаж 90 дн
oz_acc1,653388590,Эксперимент1,8.0,нет продаж 90 дн
oz_acc1,653389626,от 5000 до 10000,12.0,нет продаж 90 дн
oz_acc1,653390394,Эксперимент1,8.0,нет продаж 90 дн
oz_acc1,653394593,Эксперимент1,8.0,нет продаж 90 дн
oz_acc1,653395054,Эксперимент1,8.0,нет маржи и нет продаж 90 дн
oz_acc1,653403255,Эксперимент1,7.0,нет продаж 90 дн
oz_acc1,653422852,Эксперимент1,10.0,нет маржи и нет продаж 90 дн
oz_acc1,653422857,Эксперимент1,8.0,нет маржи и нет продаж 90 дн
oz_acc1,653422859,Эксперимент1,8.0,нет продаж 90 дн
oz_acc1,653423353,от 1000-2000,12.0,нет продаж 90 дн
oz_acc1,653423743,Эксперимент1,7.0,нет маржи и нет продаж 90 дн
oz_acc1,653423749,Эксперимент1,8.0,нет продаж 90 дн
oz_acc1,653423847,от 2000 до 5000,12.0,нет продаж 90 дн
oz_acc1,653424171,от 2000 до 5000,12.0,нет продаж 90 дн
oz_acc1,653424171,Эксперимент1,8.0,нет продаж 90 дн
oz_acc1,653428878,от 1000-2000,10.0,нет продаж 90 дн
oz_acc1,653448718,Эксперимент1,8.0,нет продаж 90 дн
oz_acc1,653449226,от 1000-2000,12.0,нет маржи и нет продаж 90 дн
oz_acc1,653449226,Эксперимент1,8.0,нет маржи и нет продаж 90 дн
oz_acc1,653449234,от 5000 до 10000,12.0,нет продаж 90 дн
oz_acc1,653449243,Эксперимент1,8.0,нет маржи и нет продаж 90 дн
oz_acc1,653449260,от 2000 до 5000,12.0,нет маржи и нет продаж 90 дн
oz_acc1,653449260,Эксперимент1,9.0,нет маржи и нет продаж 90 дн
oz_acc1,653449868,Эксперимент1,8.0,нет маржи и нет продаж 90 дн
oz_acc1,653450891,Эксперимент1,8.0,нет маржи и нет продаж 90 дн
oz_acc1,653454725,Эксперимент1,8.0,нет маржи и нет продаж 90 дн
oz_acc1,653455369,Эксперимент1,7.0,нет маржи и нет продаж 90 дн
oz_acc1,653456871,Эксперимент1,8.0,нет продаж 90 дн
oz_acc1,653468181,Эксперимент1,8.0,нет маржи и нет продаж 90 дн
oz_acc1,653504272,Пустые РК,12.0,нет продаж 90 дн
oz_acc1,863383219,от 10000 до 500 тыс,12.0,нет продаж 90 дн
oz_acc1,863383219,Эксперимент1,8.0,нет продаж 90 дн
oz_acc1,863383289,Эксперимент1,8.0,нет продаж 90 дн
oz_acc1,863383325,Эксперимент1,8.0,нет маржи и нет продаж 90 дн
oz_acc1,863384983,Эксперимент1,8.0,нет маржи и нет продаж 90 дн
oz_acc1,863385473,Эксперимент1,10.0,нет маржи и нет продаж 90 дн
oz_acc1,863385488,от 2000 до 5000,12.0,нет маржи и нет продаж 90 дн
oz_acc1,863385523,от 5000 до 10000,12.0,нет продаж 90 дн
oz_acc1,863385523,Эксперимент1,8.0,нет продаж 90 дн
oz_acc1,863385684,Эксперимент1,8.0,нет маржи и нет продаж 90 дн
oz_acc1,863385754,Эксперимент1,8.0,нет продаж 90 дн
oz_acc1,863385764,Эксперимент1,8.0,нет продаж 90 дн
oz_acc1,863385774,Эксперимент1,8.0,нет маржи и нет продаж 90 дн
oz_acc1,863385804,от 0 до 1000,10.0,нет маржи и нет продаж 90 дн
oz_acc1,863385855,Эксперимент1,8.0,нет маржи и нет продаж 90 дн
oz_acc1,863385871,Эксперимент1,8.0,нет продаж 90 дн
oz_acc1,863385903,от 2000 до 5000,12.0,нет маржи и нет продаж 90 дн
oz_acc1,863385951,Эксперимент1,8.0,нет маржи и нет продаж 90 дн
oz_acc1,863385964,Эксперимент1,8.0,нет маржи и нет продаж 90 дн
oz_acc1,863386002,Эксперимент1,8.0,нет маржи и нет продаж 90 дн
oz_acc1,863386062,Эксперимент1,8.0,нет продаж 90 дн
oz_acc1,863386086,от 10000 до 500 тыс,12.0,нет маржи и нет продаж 90 дн
oz_acc1,863386101,от 10000 до 500 тыс,12.0,нет маржи и нет продаж 90 дн
oz_acc1,863386101,Эксперимент1,8.0,нет маржи и нет продаж 90 дн
oz_acc1,863386165,Эксперимент1,8.0,нет продаж 90 дн
oz_acc1,863386168,от 2000 до 5000,12.0,нет продаж 90 дн
oz_acc1,863386236,Эксперимент1,8.0,нет продаж 90 дн
oz_acc1,863386238,Эксперимент1,8.0,нет маржи и нет продаж 90 дн
oz_acc1,863386433,от 2000 до 5000,12.0,нет продаж 90 дн
oz_acc1,863386433,Эксперимент1,8.0,нет продаж 90 дн
oz_acc1,863386499,от 2000 до 5000,12.0,нет продаж 90 дн
oz_acc1,863386507,Эксперимент1,8.0,нет маржи и нет продаж 90 дн
oz_acc1,863386670,от 2000 до 5000,12.0,нет продаж 90 дн
oz_acc1,863386849,Эксперимент1,8.0,нет маржи и нет продаж 90 дн
oz_acc1,863387408,от 1000-2000,12.0,нет маржи и нет продаж 90 дн
oz_acc1,863387493,от 5000 до 10000,12.0,нет продаж 90 дн
oz_acc1,863387737,Эксперимент1,8.0,нет продаж 90 дн
oz_acc1,863388166,от 2000 до 5000,12.0,нет маржи и нет продаж 90 дн
oz_acc1,863388251,Эксперимент1,8.0,нет маржи и нет продаж 90 дн
oz_acc1,863388369,Эксперимент1,8.0,нет маржи и нет продаж 90 дн
oz_acc1,863388421,от 10000 до 500 тыс,12.0,нет маржи и нет продаж 90 дн
oz_acc1,863388790,от 2000 до 5000,12.0,нет маржи и нет продаж 90 дн
oz_acc1,863388790,Эксперимент1,8.0,нет маржи и нет продаж 90 дн
oz_acc1,863388896,Эксперимент1,8.0,нет маржи и нет продаж 90 дн
oz_acc1,863388934,от 10000 до 500 тыс,12.0,нет продаж 90 дн
oz_acc1,863388934,Эксперимент1,9.0,нет продаж 90 дн
oz_acc1,863389058,от 2000 до 5000,12.0,нет продаж 90 дн
oz_acc1,863389220,от 10000 до 500 тыс,12.0,нет продаж 90 дн
oz_acc1,863389220,Эксперимент1,8.0,нет продаж 90 дн
oz_acc1,863389228,Эксперимент1,8.0,нет продаж 90 дн
oz_acc1,863390474,Эксперимент1,8.0,нет продаж 90 дн
oz_acc1,863390749,от 1000-2000,12.0,нет продаж 90 дн
oz_acc1,863392633,от 5000 до 10000,12.0,нет продаж 90 дн
oz_acc1,863392909,от 2000 до 5000,13.0,нет продаж 90 дн
oz_acc1,863392923,Эксперимент1,8.0,нет продаж 90 дн
oz_acc1,863393171,от 2000 до 5000,12.0,нет продаж 90 дн
oz_acc1,863393840,Эксперимент1,8.0,нет маржи и нет продаж 90 дн
oz_acc1,863393871,Эксперимент1,8.0,нет продаж 90 дн
oz_acc1,863394163,Эксперимент1,8.0,нет продаж 90 дн
oz_acc1,863394199,от 1000-2000,12.0,нет маржи и нет продаж 90 дн
oz_acc1,863394199,Эксперимент1,8.0,нет маржи и нет продаж 90 дн
oz_acc1,863394301,от 2000 до 5000,12.0,нет маржи и нет продаж 90 дн
oz_acc1,863394670,Эксперимент1,8.0,нет продаж 90 дн
oz_acc1,863394788,от 1000-2000,12.0,нет маржи и нет продаж 90 дн
oz_acc1,863418562,Эксперимент1,8.0,нет продаж 90 дн
oz_acc1,863418613,Эксперимент1,8.0,нет маржи и нет продаж 90 дн
oz_acc1,863418740,от 2000 до 5000,12.0,нет продаж 90 дн
oz_acc1,863418771,Эксперимент1,8.0,нет маржи и нет продаж 90 дн
oz_acc1,863418824,Эксперимент1,8.0,нет продаж 90 дн
oz_acc1,863422768,от 10000 до 500 тыс,13.0,нет маржи и нет продаж 90 дн
oz_acc1,863431074,от 2000 до 5000,12.0,нет продаж 90 дн
oz_acc1,863431169,от 5000 до 10000,12.0,нет продаж 90 дн
oz_acc1,863431199,от 5000 до 10000,12.0,нет маржи и нет продаж 90 дн
oz_acc1,863431208,Эксперимент1,8.0,нет маржи и нет продаж 90 дн
oz_acc1,863431215,Эксперимент1,8.0,нет маржи и нет продаж 90 дн
oz_acc1,863431238,от 1000-2000,12.0,нет маржи и нет продаж 90 дн
oz_acc1,863431269,от 2000 до 5000,12.0,нет маржи и нет продаж 90 дн
oz_acc1,863431271,Эксперимент1,7.0,нет продаж 90 дн
oz_acc1,863431273,от 2000 до 5000,12.0,нет маржи и нет продаж 90 дн
oz_acc1,863431285,Эксперимент1,8.0,нет продаж 90 дн
oz_acc1,863431352,Эксперимент1,7.0,нет маржи и нет продаж 90 дн
oz_acc1,863431356,от 0 до 1000,10.0,нет маржи и нет продаж 90 дн
oz_acc1,863431381,Эксперимент1,8.0,нет продаж 90 дн
oz_acc1,863431388,Эксперимент1,7.0,нет маржи и нет продаж 90 дн
oz_acc1,863431395,от 0 до 1000,11.0,нет маржи и нет продаж 90 дн
oz_acc1,863432286,от 0 до 1000,10.0,нет маржи и нет продаж 90 дн
oz_acc1,864221133,Эксперимент1,8.0,нет продаж 90 дн
oz_acc1,864221150,от 2000 до 5000,12.0,нет продаж 90 дн
oz_acc1,864221159,Эксперимент1,8.0,нет продаж 90 дн
oz_acc1,864221177,Эксперимент1,8.0,нет продаж 90 дн
oz_acc1,864221185,от 2000 до 5000,12.0,нет продаж 90 дн
oz_acc1,864224808,от 2000 до 5000,12.0,нет маржи и нет продаж 90 дн
oz_acc1,864224822,Эксперимент1,8.0,нет продаж 90 дн
oz_acc1,864224827,Эксперимент1,8.0,нет продаж 90 дн
oz_acc1,864224829,от 5000 до 10000,12.0,нет продаж 90 дн
oz_acc1,864224839,от 2000 до 5000,12.0,нет продаж 90 дн
oz_acc1,864224847,Эксперимент1,8.0,нет маржи и нет продаж 90 дн
oz_acc1,864224953,Эксперимент1,8.0,нет маржи и нет продаж 90 дн
oz_acc1,864224997,от 5000 до 10000,12.0,нет маржи и нет продаж 90 дн
oz_acc1,864225009,Эксперимент1,8.0,нет продаж 90 дн
oz_acc1,864225022,от 2000 до 5000,12.0,нет маржи и нет продаж 90 дн
oz_acc1,864225022,Эксперимент1,8.0,нет маржи и нет продаж 90 дн
oz_acc1,864225039,от 2000 до 5000,12.0,нет маржи и нет продаж 90 дн
oz_acc1,864225041,от 5000 до 10000,12.0,нет продаж 90 дн
oz_acc1,864225053,от 0 до 1000,10.0,нет маржи и нет продаж 90 дн
oz_acc1,864225055,от 2000 до 5000,12.0,нет продаж 90 дн
oz_acc1,864225055,Эксперимент1,8.0,нет продаж 90 дн
oz_acc1,864225085,Эксперимент1,8.0,нет продаж 90 дн
oz_acc1,864225095,от 1000-2000,10.0,нет продаж 90 дн
oz_acc1,864225095,Эксперимент1,7.0,нет продаж 90 дн
oz_acc1,864225137,Эксперимент1,10.0,нет продаж 90 дн
oz_acc1,864225144,Эксперимент1,8.0,нет маржи и нет продаж 90 дн
oz_acc1,864225179,от 2000 до 5000,12.0,нет продаж 90 дн
oz_acc1,864225192,Эксперимент1,8.0,нет маржи и нет продаж 90 дн
oz_acc1,864225199,от 2000 до 5000,12.0,нет продаж 90 дн
oz_acc1,864225207,Эксперимент1,8.0,нет продаж 90 дн
oz_acc1,864225208,Эксперимент1,9.0,нет продаж 90 дн
oz_acc1,864225210,от 2000 до 5000,12.0,нет маржи и нет продаж 90 дн
oz_acc1,864225210,Эксперимент1,8.0,нет маржи и нет продаж 90 дн
oz_acc1,864225216,Эксперимент1,8.0,нет маржи и нет продаж 90 дн
oz_acc1,864225233,Эксперимент1,8.0,нет продаж 90 дн
oz_acc1,864225235,Эксперимент1,8.0,нет маржи и нет продаж 90 дн
oz_acc1,864225257,Эксперимент1,8.0,нет продаж 90 дн
oz_acc1,864225267,от 1000-2000,12.0,нет маржи и нет продаж 90 дн
oz_acc1,864225278,Эксперимент1,8.0,нет маржи и нет продаж 90 дн
oz_acc1,864225281,от 2000 до 5000,13.0,нет маржи и нет продаж 90 дн
oz_acc1,864225281,Эксперимент1,14.0,нет маржи и нет продаж 90 дн
oz_acc1,864225288,Эксперимент1,7.0,нет маржи и нет продаж 90 дн
oz_acc1,864225311,от 10000 до 500 тыс,12.0,нет продаж 90 дн
oz_acc1,864225332,Эксперимент1,8.0,нет маржи и нет продаж 90 дн
oz_acc1,864225343,от 1000-2000,12.0,нет продаж 90 дн
oz_acc1,864225348,от 10000 до 500 тыс,12.0,нет маржи и нет продаж 90 дн
oz_acc1,864225348,Эксперимент1,8.0,нет маржи и нет продаж 90 дн
oz_acc1,864225352,от 1000-2000,12.0,нет продаж 90 дн
oz_acc1,864225352,Эксперимент1,8.0,нет продаж 90 дн
oz_acc1,864225354,Эксперимент1,8.0,нет продаж 90 дн
oz_acc1,864225355,от 2000 до 5000,12.0,нет продаж 90 дн
oz_acc1,864225361,Эксперимент1,8.0,нет маржи и нет продаж 90 дн
oz_acc1,864225396,от 10000 до 500 тыс,12.0,нет маржи и нет продаж 90 дн
oz_acc1,864225411,Эксперимент1,8.0,нет маржи и нет продаж 90 дн
oz_acc1,864225439,от 5000 до 10000,12.0,нет продаж 90 дн
oz_acc1,864225439,Эксперимент1,8.0,нет продаж 90 дн
oz_acc1,864225459,от 10000 до 500 тыс,12.0,нет маржи и нет продаж 90 дн
oz_acc1,864225459,Эксперимент1,8.0,нет маржи и нет продаж 90 дн
oz_acc1,864225471,Эксперимент1,8.0,нет маржи и нет продаж 90 дн
oz_acc1,864225496,от 2000 до 5000,14.0,нет маржи и нет продаж 90 дн
oz_acc1,864225502,Эксперимент1,8.0,нет маржи и нет продаж 90 дн
oz_acc1,864225515,Эксперимент1,8.0,нет продаж 90 дн
oz_acc1,864225528,Эксперимент1,8.0,нет маржи и нет продаж 90 дн
oz_acc1,864225544,от 5000 до 10000,12.0,нет продаж 90 дн
oz_acc1,864225553,Эксперимент1,8.0,нет маржи и нет продаж 90 дн
oz_acc1,864225558,Эксперимент1,8.0,нет маржи и нет продаж 90 дн
oz_acc1,864225561,Эксперимент1,8.0,нет маржи и нет продаж 90 дн
oz_acc1,864225563,от 5000 до 10000,13.0,нет продаж 90 дн
oz_acc1,864225587,Эксперимент1,8.0,нет продаж 90 дн
oz_acc1,864225597,от 2000 до 5000,12.0,нет продаж 90 дн
oz_acc1,864225615,Эксперимент1,8.0,нет маржи и нет продаж 90 дн
oz_acc1,864225628,Эксперимент1,8.0,нет маржи и нет продаж 90 дн
oz_acc1,864225628,Пустые РК,12.0,нет маржи и нет продаж 90 дн
oz_acc1,864225635,Эксперимент1,8.0,нет маржи и нет продаж 90 дн
oz_acc1,864225639,Эксперимент1,8.0,нет продаж 90 дн
oz_acc1,864225643,от 10000 до 500 тыс,14.0,нет маржи и нет продаж 90 дн
oz_acc1,864225643,Эксперимент1,8.0,нет маржи и нет продаж 90 дн
oz_acc1,864225654,Эксперимент1,8.0,нет продаж 90 дн
oz_acc1,864225660,от 10000 до 500 тыс,12.0,нет продаж 90 дн
oz_acc1,864225660,Эксперимент1,8.0,нет продаж 90 дн
oz_acc1,864225662,от 2000 до 5000,12.0,нет маржи и нет продаж 90 дн
oz_acc1,864225668,от 10000 до 500 тыс,12.0,нет маржи и нет продаж 90 дн
oz_acc1,864225678,Эксперимент1,8.0,нет продаж 90 дн
oz_acc1,864225684,Эксперимент1,8.0,нет маржи и нет продаж 90 дн
oz_acc1,864225698,от 10000 до 500 тыс,12.0,нет маржи и нет продаж 90 дн
oz_acc1,864225698,Эксперимент1,8.0,нет маржи и нет продаж 90 дн
oz_acc1,864225713,Эксперимент1,8.0,нет продаж 90 дн
oz_acc1,864225726,Эксперимент1,8.0,нет маржи и нет продаж 90 дн
oz_acc1,864225749,Эксперимент1,8.0,нет маржи и нет продаж 90 дн
oz_acc1,864225749,Пустые РК,12.0,нет маржи и нет продаж 90 дн
oz_acc1,864225767,Эксперимент1,8.0,нет продаж 90 дн
oz_acc1,864225770,от 2000 до 5000,12.0,нет маржи и нет продаж 90 дн
oz_acc1,864225788,от 10000 до 500 тыс,12.0,нет продаж 90 дн
oz_acc1,864225788,Эксперимент1,8.0,нет продаж 90 дн
oz_acc1,864225793,Эксперимент1,8.0,нет маржи и нет продаж 90 дн
oz_acc1,864225805,Эксперимент1,8.0,нет продаж 90 дн
oz_acc1,864225823,от 2000 до 5000,12.0,нет продаж 90 дн
oz_acc1,864225825,Эксперимент1,8.0,нет продаж 90 дн
oz_acc1,864225896,Эксперимент1,9.0,нет продаж 90 дн
oz_acc1,864225903,от 2000 до 5000,12.0,нет продаж 90 дн
oz_acc1,864225922,от 2000 до 5000,12.0,нет маржи и нет продаж 90 дн
oz_acc1,864225954,от 5000 до 10000,12.0,нет продаж 90 дн
oz_acc1,864225963,Эксперимент1,8.0,нет маржи и нет продаж 90 дн
oz_acc1,864225994,Эксперимент1,8.0,нет продаж 90 дн
oz_acc1,864226015,Эксперимент1,8.0,нет продаж 90 дн
oz_acc1,864226028,Эксперимент1,8.0,нет продаж 90 дн
oz_acc1,864226055,от 2000 до 5000,13.0,нет продаж 90 дн
oz_acc1,864226064,Эксперимент1,8.0,нет маржи и нет продаж 90 дн
oz_acc1,864226071,от 2000 до 5000,12.0,нет маржи и нет продаж 90 дн
oz_acc1,864226079,Пустые РК,12.0,нет маржи и нет продаж 90 дн
oz_acc1,864226826,Эксперимент1,8.0,нет маржи и нет продаж 90 дн
oz_acc1,866442705,Эксперимент1,8.0,нет маржи и нет продаж 90 дн
oz_acc1,866442709,Эксперимент1,8.0,нет маржи и нет продаж 90 дн
oz_acc1,866442721,Эксперимент1,8.0,нет продаж 90 дн
oz_acc1,866442728,Эксперимент1,8.0,нет маржи и нет продаж 90 дн
oz_acc1,866442730,Эксперимент1,8.0,нет продаж 90 дн
oz_acc1,866442739,от 2000 до 5000,12.0,нет маржи и нет продаж 90 дн
oz_acc1,866442741,Эксперимент1,8.0,нет маржи и нет продаж 90 дн
oz_acc1,866442746,Эксперимент1,8.0,нет продаж 90 дн
oz_acc1,866442748,от 5000 до 10000,12.0,нет продаж 90 дн
oz_acc1,866442761,от 10000 до 500 тыс,12.0,нет маржи и нет продаж 90 дн
oz_acc1,866442761,Эксперимент1,8.0,нет маржи и нет продаж 90 дн
oz_acc1,866442766,от 2000 до 5000,12.0,нет продаж 90 дн
oz_acc1,866442768,Эксперимент1,8.0,нет маржи и нет продаж 90 дн
oz_acc1,866442782,Эксперимент1,8.0,нет маржи и нет продаж 90 дн
oz_acc1,866442784,от 2000 до 5000,12.0,нет продаж 90 дн
oz_acc1,866442786,Эксперимент1,8.0,нет маржи и нет продаж 90 дн
oz_acc1,866442790,Эксперимент1,8.0,нет продаж 90 дн
oz_acc1,866442814,от 2000 до 5000,12.0,нет продаж 90 дн
oz_acc1,866442817,Эксперимент1,8.0,нет маржи и нет продаж 90 дн
oz_acc1,866442819,Эксперимент1,8.0,нет маржи и нет продаж 90 дн
oz_acc1,866442823,Эксперимент1,8.0,нет маржи и нет продаж 90 дн
oz_acc1,866442841,от 2000 до 5000,12.0,нет маржи и нет продаж 90 дн
oz_acc1,866442841,Эксперимент1,8.0,нет маржи и нет продаж 90 дн
oz_acc1,866442850,Эксперимент1,8.0,нет маржи и нет продаж 90 дн
oz_acc1,866442852,Эксперимент1,8.0,нет продаж 90 дн
oz_acc1,866442852,Пустые РК,12.0,нет продаж 90 дн
oz_acc1,866442853,Эксперимент1,8.0,нет продаж 90 дн
oz_acc1,866442860,от 2000 до 5000,12.0,нет маржи и нет продаж 90 дн
oz_acc1,866442862,от 10000 до 500 тыс,12.0,нет маржи и нет продаж 90 дн
oz_acc1,866442862,Эксперимент1,8.0,нет маржи и нет продаж 90 дн
oz_acc1,866442868,от 5000 до 10000,12.0,нет маржи и нет продаж 90 дн
oz_acc1,866442868,Эксперимент1,8.0,нет маржи и нет продаж 90 дн
oz_acc1,866442878,Эксперимент1,8.0,нет продаж 90 дн
oz_acc1,866442881,Эксперимент1,9.0,нет маржи и нет продаж 90 дн
oz_acc1,866442884,Эксперимент1,8.0,нет маржи и нет продаж 90 дн
oz_acc1,866442886,Эксперимент1,8.0,нет продаж 90 дн
oz_acc1,866442889,Эксперимент1,8.0,нет маржи и нет продаж 90 дн
oz_acc1,866442891,Эксперимент1,8.0,нет маржи и нет продаж 90 дн
oz_acc1,866442893,от 10000 до 500 тыс,12.0,нет маржи и нет продаж 90 дн
oz_acc1,866442901,от 2000 до 5000,12.0,нет продаж 90 дн
oz_acc1,866442905,Эксперимент1,8.0,нет продаж 90 дн
oz_acc1,866442918,Эксперимент1,8.0,нет маржи и нет продаж 90 дн
oz_acc1,866442929,Эксперимент1,8.0,нет маржи и нет продаж 90 дн
oz_acc1,866442932,Эксперимент1,8.0,нет маржи и нет продаж 90 дн
oz_acc1,866442933,Эксперимент1,8.0,нет продаж 90 дн
oz_acc1,866442933,Пустые РК,12.0,нет продаж 90 дн
oz_acc1,866442941,от 2000 до 5000,12.0,нет продаж 90 дн
oz_acc1,866442941,Эксперимент1,8.0,нет продаж 90 дн
oz_acc1,866442943,от 1000-2000,12.0,нет маржи и нет продаж 90 дн
oz_acc1,866442954,Эксперимент1,8.0,нет маржи и нет продаж 90 дн
oz_acc1,866442969,Эксперимент1,8.0,нет маржи и нет продаж 90 дн
oz_acc1,866442987,Эксперимент1,8.0,нет маржи и нет продаж 90 дн
oz_acc1,866442990,Эксперимент1,8.0,нет маржи и нет продаж 90 дн
oz_acc1,866443000,от 2000 до 5000,12.0,нет продаж 90 дн
oz_acc1,866443023,Эксперимент1,8.0,нет продаж 90 дн
oz_acc1,866443033,Эксперимент1,8.0,нет продаж 90 дн
oz_acc1,866443040,Эксперимент1,8.0,нет продаж 90 дн
oz_acc1,866443050,Эксперимент1,8.0,нет продаж 90 дн
oz_acc1,866443071,Эксперимент1,8.0,нет продаж 90 дн
oz_acc1,866443107,Эксперимент1,8.0,нет маржи и нет продаж 90 дн
oz_acc1,866443141,Эксперимент1,8.0,нет продаж 90 дн
oz_acc1,866443159,Эксперимент1,8.0,нет маржи и нет продаж 90 дн
oz_acc1,866443177,от 2000 до 5000,12.0,нет продаж 90 дн
oz_acc1,866443191,Эксперимент1,8.0,нет маржи и нет продаж 90 дн
oz_acc1,866443217,Эксперимент1,8.0,нет маржи и нет продаж 90 дн
oz_acc1,866443237,от 10000 до 500 тыс,12.0,нет маржи и нет продаж 90 дн
oz_acc1,866443254,Эксперимент1,8.0,нет продаж 90 дн
oz_acc1,866443264,Эксперимент1,8.0,нет маржи и нет продаж 90 дн
oz_acc1,866443267,Эксперимент1,8.0,нет продаж 90 дн
oz_acc1,866443278,Эксперимент1,8.0,нет продаж 90 дн
oz_acc1,866443317,Эксперимент1,8.0,нет продаж 90 дн
oz_acc1,866443329,от 5000 до 10000,12.0,нет продаж 90 дн
oz_acc1,866443343,от 2000 до 5000,12.0,нет маржи и нет продаж 90 дн
oz_acc1,866443343,Эксперимент1,8.0,нет маржи и нет продаж 90 дн
oz_acc1,866443359,от 5000 до 10000,12.0,нет маржи и нет продаж 90 дн
oz_acc1,866443378,Эксперимент1,8.0,нет маржи и нет продаж 90 дн
oz_acc1,866443407,Эксперимент1,8.0,нет маржи и нет продаж 90 дн
oz_acc1,866443413,от 2000 до 5000,12.0,нет маржи и нет продаж 90 дн
oz_acc1,866443422,Эксперимент1,8.0,нет продаж 90 дн
oz_acc1,866443426,от 2000 до 5000,12.0,нет продаж 90 дн
oz_acc1,866443440,от 0 до 1000,12.0,нет маржи и нет продаж 90 дн
oz_acc1,866443450,Пустые РК,12.0,нет маржи и нет продаж 90 дн
oz_acc1,866443460,Эксперимент1,8.0,нет маржи и нет продаж 90 дн
oz_acc1,866443497,от 2000 до 5000,12.0,нет маржи и нет продаж 90 дн
oz_acc1,866443501,Эксперимент1,8.0,нет маржи и нет продаж 90 дн
oz_acc1,866443506,от 1000-2000,10.0,нет продаж 90 дн
oz_acc1,866443517,Эксперимент1,8.0,нет продаж 90 дн
oz_acc1,866443528,Эксперимент1,8.0,нет продаж 90 дн
oz_acc1,866443543,Эксперимент1,8.0,нет продаж 90 дн
oz_acc1,866443548,Эксперимент1,8.0,нет маржи и нет продаж 90 дн
oz_acc1,866443557,Эксперимент1,8.0,нет продаж 90 дн
oz_acc1,866443570,Пустые РК,12.0,нет маржи и нет продаж 90 дн
oz_acc1,866443574,Эксперимент1,8.0,нет продаж 90 дн
oz_acc1,866443577,от 2000 до 5000,12.0,нет маржи и нет продаж 90 дн
oz_acc1,866443603,Эксперимент1,8.0,нет маржи и нет продаж 90 дн
oz_acc1,866443604,Эксперимент1,8.0,нет маржи и нет продаж 90 дн
oz_acc1,866443611,от 5000 до 10000,12.0,нет продаж 90 дн
oz_acc1,866443611,Эксперимент1,8.0,нет продаж 90 дн
oz_acc1,866443621,Пустые РК,12.0,нет продаж 90 дн
oz_acc1,866443623,Эксперимент1,8.0,нет маржи и нет продаж 90 дн
oz_acc1,866443629,Пустые РК,10.0,нет маржи и нет продаж 90 дн
oz_acc1,866443637,Эксперимент1,8.0,нет продаж 90 дн
oz_acc1,866443659,от 0 до 1000,12.0,нет маржи и нет продаж 90 дн
oz_acc1,866443661,Эксперимент1,8.0,нет продаж 90 дн
oz_acc1,866443667,от 2000 до 5000,12.0,нет продаж 90 дн
oz_acc1,866443672,от 2000 до 5000,12.0,нет маржи и нет продаж 90 дн
oz_acc1,866443672,Эксперимент1,8.0,нет маржи и нет продаж 90 дн
oz_acc1,866443673,Эксперимент1,8.0,нет продаж 90 дн
oz_acc1,866443676,Эксперимент1,8.0,нет продаж 90 дн
oz_acc1,866443682,от 1000-2000,11.0,нет маржи и нет продаж 90 дн
oz_acc1,866443691,от 2000 до 5000,12.0,нет продаж 90 дн
oz_acc1,866443691,Эксперимент1,8.0,нет продаж 90 дн
oz_acc1,866443692,от 2000 до 5000,12.0,нет маржи и нет продаж 90 дн
oz_acc1,866443692,Эксперимент1,8.0,нет маржи и нет продаж 90 дн
oz_acc1,866443698,от 2000 до 5000,12.0,нет продаж 90 дн
oz_acc1,866443700,Пустые РК,10.0,нет маржи и нет продаж 90 дн
oz_acc1,866443717,от 1000-2000,10.0,нет продаж 90 дн
oz_acc1,866443723,Пустые РК,10.0,нет продаж 90 дн
oz_acc1,866443730,от 2000 до 5000,12.0,нет продаж 90 дн
oz_acc1,866443733,Эксперимент1,8.0,нет маржи и нет продаж 90 дн
oz_acc1,866443746,от 2000 до 5000,12.0,нет продаж 90 дн
oz_acc1,866443748,Эксперимент1,8.0,нет продаж 90 дн
oz_acc1,866443760,Эксперимент1,8.0,нет продаж 90 дн
oz_acc1,866443797,Эксперимент1,8.0,нет продаж 90 дн
oz_acc1,866443805,Эксперимент1,8.0,нет маржи и нет продаж 90 дн
oz_acc1,866443815,Эксперимент1,8.0,нет маржи и нет продаж 90 дн
oz_acc1,866443819,от 5000 до 10000,12.0,нет продаж 90 дн
oz_acc1,866443819,Эксперимент1,8.0,нет продаж 90 дн
oz_acc1,866443841,от 2000 до 5000,12.0,нет маржи и нет продаж 90 дн
oz_acc1,866443841,Эксперимент1,8.0,нет маржи и нет продаж 90 дн
oz_acc1,866443853,Эксперимент1,8.0,нет маржи и нет продаж 90 дн
oz_acc1,866443864,от 2000 до 5000,12.0,нет продаж 90 дн
oz_acc1,866443879,Эксперимент1,8.0,нет маржи и нет продаж 90 дн
oz_acc1,866443895,Эксперимент1,7.0,нет продаж 90 дн
oz_acc1,866443909,Эксперимент1,9.0,нет продаж 90 дн
oz_acc1,866443911,от 2000 до 5000,12.0,нет продаж 90 дн
oz_acc1,866443911,Эксперимент1,8.0,нет продаж 90 дн
oz_acc1,866443914,Эксперимент1,8.0,нет маржи и нет продаж 90 дн
oz_acc1,866443916,от 1000-2000,12.0,нет маржи и нет продаж 90 дн
oz_acc1,870872118,от 10000 до 500 тыс,12.0,нет продаж 90 дн
oz_acc1,870872118,Эксперимент1,8.0,нет продаж 90 дн
oz_acc1,870872143,от 1000-2000,12.0,нет продаж 90 дн
oz_acc1,870872246,Эксперимент1,8.0,нет продаж 90 дн
oz_acc1,870872331,Эксперимент1,8.0,нет маржи и нет продаж 90 дн
oz_acc1,870872409,Эксперимент1,8.0,нет маржи и нет продаж 90 дн
oz_acc1,870872462,от 5000 до 10000,12.0,нет маржи и нет продаж 90 дн
oz_acc1,870872490,от 10000 до 500 тыс,12.0,нет маржи и нет продаж 90 дн
oz_acc1,870872490,Пустые РК,12.0,нет маржи и нет продаж 90 дн
oz_acc1,870872497,от 2000 до 5000,12.0,нет продаж 90 дн
oz_acc1,870872505,от 5000 до 10000,12.0,нет маржи и нет продаж 90 дн
oz_acc1,870872513,от 10000 до 500 тыс,12.0,нет маржи и нет продаж 90 дн
oz_acc1,870872553,от 1000-2000,10.0,нет продаж 90 дн
oz_acc1,870872553,Эксперимент1,7.0,нет продаж 90 дн
oz_acc1,870872559,Эксперимент1,8.0,нет маржи и нет продаж 90 дн
oz_acc1,870872612,от 10000 до 500 тыс,13.0,нет продаж 90 дн
oz_acc1,870872612,Эксперимент1,9.0,нет продаж 90 дн
oz_acc1,870872637,Эксперимент1,8.0,нет маржи и нет продаж 90 дн
oz_acc1,870872646,от 5000 до 10000,12.0,нет маржи и нет продаж 90 дн
oz_acc1,870872733,от 10000 до 500 тыс,12.0,нет продаж 90 дн
oz_acc1,870873013,от 5000 до 10000,12.0,нет продаж 90 дн
oz_acc1,870873055,от 10000 до 500 тыс,12.0,нет продаж 90 дн
oz_acc1,870873067,Эксперимент1,8.0,нет продаж 90 дн
oz_acc1,873312843,Эксперимент1,8.0,нет маржи и нет продаж 90 дн
oz_acc1,873312850,от 2000 до 5000,12.0,нет продаж 90 дн
oz_acc1,873312854,от 5000 до 10000,12.0,нет маржи и нет продаж 90 дн
oz_acc1,873312854,Эксперимент1,8.0,нет маржи и нет продаж 90 дн
oz_acc1,873312863,от 2000 до 5000,12.0,нет продаж 90 дн
oz_acc1,873312863,Эксперимент1,8.0,нет продаж 90 дн
oz_acc1,873312919,от 10000 до 500 тыс,12.0,нет маржи и нет продаж 90 дн
oz_acc1,873312930,Пустые РК,12.0,нет маржи и нет продаж 90 дн
oz_acc1,873312977,Эксперимент1,8.0,нет маржи и нет продаж 90 дн
oz_acc1,873312981,Эксперимент1,8.0,нет маржи и нет продаж 90 дн
oz_acc1,873312984,Эксперимент1,8.0,нет продаж 90 дн
oz_acc1,873312993,от 2000 до 5000,12.0,нет маржи и нет продаж 90 дн
oz_acc1,873312993,Эксперимент1,8.0,нет маржи и нет продаж 90 дн
oz_acc1,873313010,Эксперимент1,8.0,нет маржи и нет продаж 90 дн
oz_acc1,873313025,от 10000 до 500 тыс,13.0,нет маржи и нет продаж 90 дн
oz_acc1,873313027,Эксперимент1,8.0,нет продаж 90 дн
oz_acc1,873313030,Эксперимент1,8.0,нет продаж 90 дн
oz_acc1,873313048,Эксперимент1,8.0,нет маржи и нет продаж 90 дн
oz_acc1,873313052,Эксперимент1,8.0,нет продаж 90 дн
oz_acc1,873313057,Эксперимент1,8.0,нет маржи и нет продаж 90 дн
oz_acc1,873313080,Пустые РК,12.0,нет маржи и нет продаж 90 дн
oz_acc1,873313084,Эксперимент1,8.0,нет маржи и нет продаж 90 дн
oz_acc1,873313088,от 2000 до 5000,12.0,нет продаж 90 дн
oz_acc1,873313095,Эксперимент1,8.0,нет продаж 90 дн
oz_acc1,873313105,от 10000 до 500 тыс,12.0,нет продаж 90 дн
oz_acc1,873313105,Эксперимент1,8.0,нет продаж 90 дн
oz_acc1,873313115,от 2000 до 5000,12.0,нет маржи и нет продаж 90 дн
oz_acc1,873313115,Эксперимент1,8.0,нет маржи и нет продаж 90 дн
oz_acc1,873313131,Эксперимент1,9.0,нет продаж 90 дн
oz_acc1,873313134,Эксперимент1,8.0,нет продаж 90 дн
oz_acc1,873313137,от 10000 до 500 тыс,12.0,нет маржи и нет продаж 90 дн
oz_acc1,873313140,Эксперимент1,8.0,нет маржи и нет продаж 90 дн
oz_acc1,873313142,от 5000 до 10000,12.0,нет маржи и нет продаж 90 дн
oz_acc1,873313143,Пустые РК,12.0,нет маржи и нет продаж 90 дн
oz_acc1,873313146,от 10000 до 500 тыс,12.0,нет продаж 90 дн
oz_acc1,873313162,Эксперимент1,8.0,нет продаж 90 дн
oz_acc1,873313165,от 10000 до 500 тыс,12.0,нет маржи и нет продаж 90 дн
oz_acc1,873313167,Эксперимент1,8.0,нет маржи и нет продаж 90 дн
oz_acc1,873313178,от 5000 до 10000,12.0,нет маржи и нет продаж 90 дн
oz_acc1,873313190,Эксперимент1,8.0,нет продаж 90 дн
oz_acc1,873313192,от 10000 до 500 тыс,13.0,нет маржи и нет продаж 90 дн
oz_acc1,873313200,от 2000 до 5000,12.0,нет маржи и нет продаж 90 дн
oz_acc1,873313204,Эксперимент1,8.0,нет маржи и нет продаж 90 дн
oz_acc1,873313212,Эксперимент1,8.0,нет продаж 90 дн
oz_acc1,873313221,от 2000 до 5000,12.0,нет продаж 90 дн
oz_acc1,873313224,Эксперимент1,8.0,нет продаж 90 дн
oz_acc1,873313235,Эксперимент1,8.0,нет продаж 90 дн
oz_acc1,873313239,Эксперимент1,8.0,нет маржи и нет продаж 90 дн
oz_acc1,873313253,от 5000 до 10000,12.0,нет маржи и нет продаж 90 дн
oz_acc1,873313257,от 10000 до 500 тыс,12.0,нет маржи и нет продаж 90 дн
oz_acc1,873313263,от 2000 до 5000,12.0,нет продаж 90 дн
oz_acc1,873313267,Эксперимент1,10.0,нет продаж 90 дн
oz_acc1,873313285,от 2000 до 5000,12.0,нет маржи и нет продаж 90 дн
oz_acc1,873313291,Эксперимент1,8.0,нет продаж 90 дн
oz_acc1,873313297,от 10000 до 500 тыс,12.0,нет продаж 90 дн
oz_acc1,873313306,от 10000 до 500 тыс,12.0,нет продаж 90 дн
oz_acc1,873313307,Эксперимент1,8.0,нет маржи и нет продаж 90 дн
oz_acc1,873313316,от 2000 до 5000,12.0,нет маржи и нет продаж 90 дн
oz_acc1,873313317,от 2000 до 5000,12.0,нет продаж 90 дн
oz_acc1,873313324,от 5000 до 10000,12.0,нет маржи и нет продаж 90 дн
oz_acc1,873313333,Эксперимент1,8.0,нет продаж 90 дн
oz_acc1,873313341,от 2000 до 5000,12.0,нет продаж 90 дн
oz_acc1,873313345,от 2000 до 5000,12.0,нет продаж 90 дн
oz_acc1,873313351,от 10000 до 500 тыс,12.0,нет продаж 90 дн
oz_acc1,873313351,Эксперимент1,8.0,нет продаж 90 дн
oz_acc1,873313356,от 5000 до 10000,12.0,нет продаж 90 дн
oz_acc1,873313361,от 2000 до 5000,12.0,нет продаж 90 дн
oz_acc1,873313361,Эксперимент1,8.0,нет продаж 90 дн
oz_acc1,873313363,от 2000 до 5000,12.0,нет продаж 90 дн
oz_acc1,873313376,Эксперимент1,8.0,нет продаж 90 дн
oz_acc1,873313395,от 10000 до 500 тыс,12.0,нет продаж 90 дн
oz_acc1,873313399,от 5000 до 10000,12.0,нет продаж 90 дн
oz_acc1,873313406,Эксперимент1,8.0,нет маржи и нет продаж 90 дн
oz_acc1,873313412,от 5000 до 10000,12.0,нет продаж 90 дн
oz_acc1,873313419,от 1000-2000,12.0,нет маржи и нет продаж 90 дн
oz_acc1,873313419,Эксперимент1,8.0,нет маржи и нет продаж 90 дн
oz_acc1,873313429,Эксперимент1,8.0,нет маржи и нет продаж 90 дн
oz_acc1,873313436,Эксперимент1,8.0,нет маржи и нет продаж 90 дн
oz_acc1,873313440,от 2000 до 5000,12.0,нет маржи и нет продаж 90 дн
oz_acc1,873313442,Эксперимент1,8.0,нет маржи и нет продаж 90 дн
oz_acc1,873313446,от 2000 до 5000,12.0,нет продаж 90 дн
oz_acc1,873313461,от 2000 до 5000,13.0,нет продаж 90 дн
oz_acc1,873313475,от 0 до 1000,10.0,нет маржи и нет продаж 90 дн
oz_acc1,873313492,от 0 до 1000,11.0,нет маржи и нет продаж 90 дн
oz_acc1,873313495,от 10000 до 500 тыс,12.0,нет маржи и нет продаж 90 дн
oz_acc1,873313495,Эксперимент1,8.0,нет маржи и нет продаж 90 дн
oz_acc1,873313513,от 2000 до 5000,12.0,нет маржи и нет продаж 90 дн
oz_acc1,873313513,Эксперимент1,9.0,нет маржи и нет продаж 90 дн
oz_acc1,873313521,Эксперимент1,8.0,нет маржи и нет продаж 90 дн
oz_acc1,873313525,Эксперимент1,8.0,нет продаж 90 дн
oz_acc1,873313549,от 10000 до 500 тыс,12.0,нет продаж 90 дн
oz_acc1,873313551,Эксперимент1,8.0,нет продаж 90 дн
oz_acc1,873313553,Эксперимент1,8.0,нет маржи и нет продаж 90 дн
oz_acc1,873313558,от 10000 до 500 тыс,12.0,нет маржи и нет продаж 90 дн
oz_acc1,873313565,Эксперимент1,7.0,нет маржи и нет продаж 90 дн
oz_acc1,873313568,Эксперимент1,8.0,нет маржи и нет продаж 90 дн
oz_acc1,873313597,Эксперимент1,8.0,нет маржи и нет продаж 90 дн
oz_acc1,873313609,Эксперимент1,8.0,нет маржи и нет продаж 90 дн
oz_acc1,873313616,от 10000 до 500 тыс,12.0,нет продаж 90 дн
oz_acc1,873313617,от 10000 до 500 тыс,12.0,нет маржи и нет продаж 90 дн
oz_acc1,873313620,от 2000 до 5000,12.0,нет маржи и нет продаж 90 дн
oz_acc1,873313626,от 10000 до 500 тыс,13.0,нет маржи и нет продаж 90 дн
oz_acc1,873313626,Эксперимент1,9.0,нет маржи и нет продаж 90 дн
oz_acc1,873313631,от 5000 до 10000,12.0,нет продаж 90 дн
oz_acc1,873313639,от 2000 до 5000,12.0,нет маржи и нет продаж 90 дн
oz_acc1,873313650,от 2000 до 5000,17.0,нет продаж 90 дн
oz_acc1,873313686,Эксперимент1,8.0,нет продаж 90 дн
oz_acc1,873313687,от 10000 до 500 тыс,12.0,нет маржи и нет продаж 90 дн
oz_acc1,873313690,от 2000 до 5000,12.0,нет маржи и нет продаж 90 дн
oz_acc1,873313690,Эксперимент1,8.0,нет маржи и нет продаж 90 дн
oz_acc1,873313696,Эксперимент1,8.0,нет продаж 90 дн
oz_acc1,873313715,Эксперимент1,8.0,нет маржи и нет продаж 90 дн
oz_acc1,873313723,от 2000 до 5000,12.0,нет маржи и нет продаж 90 дн
oz_acc1,873313726,от 2000 до 5000,12.0,нет маржи и нет продаж 90 дн
oz_acc1,873313726,Эксперимент1,8.0,нет маржи и нет продаж 90 дн
oz_acc1,873313746,от 2000 до 5000,13.0,нет маржи и нет продаж 90 дн
oz_acc1,873313746,Эксперимент1,8.0,нет маржи и нет продаж 90 дн
oz_acc1,873313756,Эксперимент1,8.0,нет маржи и нет продаж 90 дн
oz_acc1,873313777,от 2000 до 5000,12.0,нет продаж 90 дн
oz_acc1,873313779,от 2000 до 5000,12.0,нет маржи и нет продаж 90 дн
oz_acc1,873313784,Эксперимент1,8.0,нет маржи и нет продаж 90 дн
oz_acc1,873313788,от 2000 до 5000,12.0,нет продаж 90 дн
oz_acc1,873313792,Эксперимент1,8.0,нет маржи и нет продаж 90 дн
oz_acc1,873313817,Эксперимент1,8.0,нет продаж 90 дн
oz_acc1,873313818,Эксперимент1,8.0,нет продаж 90 дн
oz_acc1,873313830,от 10000 до 500 тыс,12.0,нет маржи и нет продаж 90 дн
oz_acc1,873313832,от 5000 до 10000,12.0,нет маржи и нет продаж 90 дн
oz_acc1,873313836,от 10000 до 500 тыс,12.0,нет маржи и нет продаж 90 дн
oz_acc1,873313840,от 2000 до 5000,12.0,нет маржи и нет продаж 90 дн
oz_acc1,873313844,Эксперимент1,8.0,нет маржи и нет продаж 90 дн
oz_acc1,873313847,от 10000 до 500 тыс,12.0,нет маржи и нет продаж 90 дн
oz_acc1,873313853,от 2000 до 5000,12.0,нет маржи и нет продаж 90 дн
oz_acc1,873313859,от 10000 до 500 тыс,12.0,нет маржи и нет продаж 90 дн
oz_acc1,873313860,от 10000 до 500 тыс,12.0,нет маржи и нет продаж 90 дн
oz_acc1,873313868,от 10000 до 500 тыс,12.0,нет продаж 90 дн
oz_acc1,873313881,от 0 до 1000,10.0,нет маржи и нет продаж 90 дн
oz_acc1,873313886,Эксперимент1,8.0,нет маржи и нет продаж 90 дн
oz_acc1,873313893,Эксперимент1,8.0,нет маржи и нет продаж 90 дн
oz_acc1,873313904,Эксперимент1,9.0,нет продаж 90 дн
oz_acc1,873313911,от 2000 до 5000,12.0,нет маржи и нет продаж 90 дн
oz_acc1,873313913,Эксперимент1,8.0,нет продаж 90 дн
oz_acc1,873313915,от 2000 до 5000,12.0,нет маржи и нет продаж 90 дн
oz_acc1,873313923,Эксперимент1,8.0,нет маржи и нет продаж 90 дн
oz_acc1,873313928,Эксперимент1,8.0,нет продаж 90 дн
oz_acc1,873313941,Эксперимент1,8.0,нет маржи и нет продаж 90 дн
oz_acc1,873313959,от 2000 до 5000,12.0,нет маржи и нет продаж 90 дн
oz_acc1,873314039,от 1000-2000,12.0,нет продаж 90 дн
oz_acc1,873314051,Эксперимент1,8.0,нет маржи и нет продаж 90 дн
oz_acc1,873314057,Пустые РК,12.0,нет маржи и нет продаж 90 дн
oz_acc1,873314089,Эксперимент1,8.0,нет маржи и нет продаж 90 дн
oz_acc1,873314134,от 2000 до 5000,13.0,нет продаж 90 дн
oz_acc1,873314134,Эксперимент1,9.0,нет продаж 90 дн
oz_acc1,873314139,от 5000 до 10000,12.0,нет маржи и нет продаж 90 дн
oz_acc1,873314175,от 2000 до 5000,12.0,нет маржи и нет продаж 90 дн
oz_acc1,873314183,от 5000 до 10000,12.0,нет маржи и нет продаж 90 дн
oz_acc1,873314183,Эксперимент1,8.0,нет маржи и нет продаж 90 дн
oz_acc1,873314195,Эксперимент1,8.0,нет маржи и нет продаж 90 дн
oz_acc1,873314211,от 10000 до 500 тыс,12.0,нет маржи и нет продаж 90 дн
oz_acc1,873314222,от 10000 до 500 тыс,12.0,нет продаж 90 дн
oz_acc1,873314242,Эксперимент1,8.0,нет маржи и нет продаж 90 дн
oz_acc1,873314257,Эксперимент1,8.0,нет продаж 90 дн
oz_acc1,873314273,Эксперимент1,8.0,нет маржи и нет продаж 90 дн
oz_acc1,873314282,от 2000 до 5000,12.0,нет продаж 90 дн
oz_acc1,873314319,Эксперимент1,8.0,нет маржи и нет продаж 90 дн
oz_acc1,873314341,от 2000 до 5000,12.0,нет маржи и нет продаж 90 дн
oz_acc1,873314371,Эксперимент1,8.0,нет маржи и нет продаж 90 дн
oz_acc1,873314372,Эксперимент1,8.0,нет продаж 90 дн
oz_acc1,873314389,от 2000 до 5000,12.0,нет маржи и нет продаж 90 дн
oz_acc1,873314392,Эксперимент1,8.0,нет продаж 90 дн
oz_acc1,873314450,Эксперимент1,8.0,нет продаж 90 дн
oz_acc1,873314491,Эксперимент1,8.0,нет маржи и нет продаж 90 дн
oz_acc1,873314534,от 5000 до 10000,12.0,нет продаж 90 дн
oz_acc1,873314552,от 2000 до 5000,12.0,нет продаж 90 дн
oz_acc1,873314592,Эксперимент1,8.0,нет маржи и нет продаж 90 дн
oz_acc1,873314602,от 5000 до 10000,12.0,нет маржи и нет продаж 90 дн
oz_acc1,873315194,Эксперимент1,8.0,нет маржи и нет продаж 90 дн
oz_acc1,873319450,от 10000 до 500 тыс,12.0,нет маржи и нет продаж 90 дн
oz_acc1,873319450,Эксперимент1,8.0,нет маржи и нет продаж 90 дн
oz_acc1,873319520,Эксперимент1,8.0,нет продаж 90 дн
oz_acc1,873319535,Эксперимент1,8.0,нет маржи и нет продаж 90 дн
oz_acc1,873319542,от 2000 до 5000,12.0,нет продаж 90 дн
oz_acc1,873319551,от 10000 до 500 тыс,12.0,нет маржи и нет продаж 90 дн
oz_acc1,873319562,от 1000-2000,10.0,нет продаж 90 дн
oz_acc1,873319585,от 10000 до 500 тыс,12.0,нет маржи и нет продаж 90 дн
oz_acc1,873319585,Эксперимент1,8.0,нет маржи и нет продаж 90 дн
oz_acc1,873319643,от 10000 до 500 тыс,12.0,нет маржи и нет продаж 90 дн
oz_acc1,873319650,от 10000 до 500 тыс,12.0,нет продаж 90 дн
oz_acc1,873319677,Эксперимент1,8.0,нет маржи и нет продаж 90 дн
oz_acc1,873319685,Эксперимент1,8.0,нет продаж 90 дн
oz_acc1,873319708,от 10000 до 500 тыс,12.0,нет маржи и нет продаж 90 дн
oz_acc1,873319717,Эксперимент1,8.0,нет маржи и нет продаж 90 дн
oz_acc1,873319720,Эксперимент1,8.0,нет маржи и нет продаж 90 дн
oz_acc1,873319755,от 5000 до 10000,12.0,нет продаж 90 дн
oz_acc1,873319760,от 10000 до 500 тыс,12.0,нет маржи и нет продаж 90 дн
oz_acc1,873319762,Эксперимент1,8.0,нет продаж 90 дн
oz_acc1,873319775,Эксперимент1,6.0,нет маржи и нет продаж 90 дн
oz_acc1,873319782,от 2000 до 5000,12.0,нет маржи и нет продаж 90 дн
oz_acc1,873319782,Эксперимент1,8.0,нет маржи и нет продаж 90 дн
oz_acc1,873319802,от 1000-2000,12.0,нет маржи и нет продаж 90 дн
oz_acc1,873319802,Эксперимент1,8.0,нет маржи и нет продаж 90 дн
oz_acc1,873319807,от 10000 до 500 тыс,12.0,нет продаж 90 дн
oz_acc1,873319833,от 2000 до 5000,12.0,нет маржи и нет продаж 90 дн
oz_acc1,873319845,от 10000 до 500 тыс,12.0,нет продаж 90 дн
oz_acc1,873319872,Эксперимент1,8.0,нет продаж 90 дн
oz_acc1,873319883,Эксперимент1,8.0,нет маржи и нет продаж 90 дн
oz_acc1,873319885,от 10000 до 500 тыс,12.0,нет продаж 90 дн
oz_acc1,873319889,Эксперимент1,8.0,нет маржи и нет продаж 90 дн
oz_acc1,873319891,от 1000-2000,12.0,нет маржи и нет продаж 90 дн
oz_acc1,873319899,Эксперимент1,8.0,нет продаж 90 дн
oz_acc1,873319906,от 2000 до 5000,12.0,нет продаж 90 дн
oz_acc1,873319911,Эксперимент1,8.0,нет маржи и нет продаж 90 дн
oz_acc1,873319913,от 10000 до 500 тыс,12.0,нет продаж 90 дн
oz_acc1,873319913,Эксперимент1,8.0,нет продаж 90 дн
oz_acc1,873319924,от 2000 до 5000,12.0,нет продаж 90 дн
oz_acc1,873319931,от 2000 до 5000,12.0,нет продаж 90 дн
oz_acc1,873319933,Эксперимент1,8.0,нет продаж 90 дн
oz_acc1,873319935,от 5000 до 10000,12.0,нет продаж 90 дн
oz_acc1,873319942,Эксперимент1,8.0,нет маржи и нет продаж 90 дн
oz_acc1,873319946,от 1000-2000,10.0,нет продаж 90 дн
oz_acc1,873319949,от 10000 до 500 тыс,12.0,нет продаж 90 дн
oz_acc1,873319949,Эксперимент1,9.0,нет продаж 90 дн
oz_acc1,873319958,Эксперимент1,8.0,нет продаж 90 дн
oz_acc1,873319961,от 10000 до 500 тыс,12.0,нет продаж 90 дн
oz_acc1,873319961,Эксперимент1,10.0,нет продаж 90 дн
oz_acc1,873319966,от 10000 до 500 тыс,12.0,нет маржи и нет продаж 90 дн
oz_acc1,873319966,Эксперимент1,8.0,нет маржи и нет продаж 90 дн
oz_acc1,873319969,от 5000 до 10000,12.0,нет продаж 90 дн
oz_acc1,873319980,Эксперимент1,8.0,нет маржи и нет продаж 90 дн
oz_acc1,873319984,Эксперимент1,8.0,нет маржи и нет продаж 90 дн
oz_acc1,873319989,от 2000 до 5000,12.0,нет продаж 90 дн
oz_acc1,873319991,Эксперимент1,8.0,нет продаж 90 дн
oz_acc1,873319997,Эксперимент1,8.0,нет маржи и нет продаж 90 дн
oz_acc1,873320010,Эксперимент1,8.0,нет продаж 90 дн
oz_acc1,873320030,от 5000 до 10000,12.0,нет продаж 90 дн
oz_acc1,873320041,Эксперимент1,8.0,нет маржи и нет продаж 90 дн
oz_acc1,873320050,от 5000 до 10000,12.0,нет маржи и нет продаж 90 дн
oz_acc1,873320062,Эксперимент1,8.0,нет маржи и нет продаж 90 дн
oz_acc1,873320068,от 5000 до 10000,12.0,нет маржи и нет продаж 90 дн
oz_acc1,873320068,Эксперимент1,8.0,нет маржи и нет продаж 90 дн
oz_acc1,873320073,от 5000 до 10000,12.0,нет продаж 90 дн
oz_acc1,873320079,Эксперимент1,8.0,нет продаж 90 дн
oz_acc1,873320080,от 10000 до 500 тыс,12.0,нет маржи и нет продаж 90 дн
oz_acc1,873320091,от 5000 до 10000,12.0,нет продаж 90 дн
oz_acc1,873320094,от 0 до 1000,10.0,нет продаж 90 дн
oz_acc1,873320096,Эксперимент1,8.0,нет маржи и нет продаж 90 дн
oz_acc1,873320112,от 10000 до 500 тыс,12.0,нет маржи и нет продаж 90 дн
oz_acc1,873320126,Эксперимент1,8.0,нет маржи и нет продаж 90 дн
oz_acc1,873320144,от 2000 до 5000,12.0,нет продаж 90 дн
oz_acc1,873320152,от 5000 до 10000,12.0,нет маржи и нет продаж 90 дн
oz_acc1,873320161,Эксперимент1,8.0,нет продаж 90 дн
oz_acc1,873320168,от 2000 до 5000,12.0,нет продаж 90 дн
oz_acc1,873320181,от 2000 до 5000,12.0,нет продаж 90 дн
oz_acc1,873320181,Эксперимент1,9.0,нет продаж 90 дн
oz_acc1,873320185,Эксперимент1,9.0,нет продаж 90 дн
oz_acc1,873320187,Эксперимент1,10.0,нет маржи и нет продаж 90 дн
oz_acc1,873320196,Пустые РК,12.0,нет маржи и нет продаж 90 дн
oz_acc1,873320198,Эксперимент1,8.0,нет продаж 90 дн
oz_acc1,873320201,от 2000 до 5000,12.0,нет маржи и нет продаж 90 дн
oz_acc1,873320213,Эксперимент1,8.0,нет маржи и нет продаж 90 дн
oz_acc1,873320217,Пустые РК,12.0,нет маржи и нет продаж 90 дн
oz_acc1,873320337,Эксперимент1,8.0,нет маржи и нет продаж 90 дн
oz_acc1,873320345,от 10000 до 500 тыс,12.0,нет продаж 90 дн
oz_acc1,873320376,от 10000 до 500 тыс,12.0,нет продаж 90 дн
oz_acc1,873320376,Эксперимент1,8.0,нет продаж 90 дн
oz_acc1,873320387,Эксперимент1,8.0,нет маржи и нет продаж 90 дн
oz_acc1,873320397,Пустые РК,12.0,нет продаж 90 дн
oz_acc1,873320400,от 5000 до 10000,12.0,нет маржи и нет продаж 90 дн
oz_acc1,873320430,от 1000-2000,12.0,нет продаж 90 дн
oz_acc1,873320437,Эксперимент1,9.0,нет маржи и нет продаж 90 дн
oz_acc1,873320485,от 5000 до 10000,12.0,нет маржи и нет продаж 90 дн
oz_acc1,873320490,Эксперимент1,8.0,нет продаж 90 дн
oz_acc1,873320495,от 5000 до 10000,12.0,нет продаж 90 дн
oz_acc1,873320519,от 2000 до 5000,12.0,нет продаж 90 дн
oz_acc1,873320528,от 2000 до 5000,12.0,нет продаж 90 дн
oz_acc1,873320531,от 1000-2000,11.0,нет продаж 90 дн
oz_acc1,873320531,Эксперимент1,8.0,нет продаж 90 дн
oz_acc1,873320532,Эксперимент1,8.0,нет продаж 90 дн
oz_acc1,873320536,от 2000 до 5000,12.0,нет продаж 90 дн
oz_acc1,873320540,от 2000 до 5000,13.0,нет маржи и нет продаж 90 дн
oz_acc1,873320540,Эксперимент1,8.0,нет маржи и нет продаж 90 дн
oz_acc1,873320545,от 2000 до 5000,12.0,нет продаж 90 дн
oz_acc1,873320560,Эксперимент1,8.0,нет маржи и нет продаж 90 дн
oz_acc1,873320563,от 2000 до 5000,12.0,нет продаж 90 дн
oz_acc1,873320564,Эксперимент1,8.0,нет маржи и нет продаж 90 дн
oz_acc1,873320573,от 10000 до 500 тыс,12.0,нет маржи и нет продаж 90 дн
oz_acc1,873320589,от 2000 до 5000,13.0,нет маржи и нет продаж 90 дн
oz_acc1,873320604,Эксперимент1,8.0,нет продаж 90 дн
oz_acc1,873320606,Эксперимент1,8.0,нет продаж 90 дн
oz_acc1,873320613,от 10000 до 500 тыс,12.0,нет маржи и нет продаж 90 дн
oz_acc1,873320621,от 2000 до 5000,12.0,нет маржи и нет продаж 90 дн
oz_acc1,873320644,Пустые РК,12.0,нет маржи и нет продаж 90 дн
oz_acc1,873320649,Эксперимент1,8.0,нет маржи и нет продаж 90 дн
oz_acc1,873320657,от 1000-2000,12.0,нет маржи и нет продаж 90 дн
oz_acc1,873320659,от 5000 до 10000,12.0,нет маржи и нет продаж 90 дн
oz_acc1,873320659,Эксперимент1,8.0,нет маржи и нет продаж 90 дн
oz_acc1,873320667,от 2000 до 5000,12.0,нет продаж 90 дн
oz_acc1,874207382,Эксперимент1,8.0,нет продаж 90 дн
oz_acc1,874207553,от 10000 до 500 тыс,12.0,нет маржи и нет продаж 90 дн
oz_acc1,874373535,Эксперимент1,8.0,нет продаж 90 дн
oz_acc1,874373538,Эксперимент1,8.0,нет маржи и нет продаж 90 дн
oz_acc1,874373575,Эксперимент1,8.0,нет маржи и нет продаж 90 дн
oz_acc1,874373580,Эксперимент1,8.0,нет продаж 90 дн
oz_acc1,874373582,от 1000-2000,10.0,нет маржи и нет продаж 90 дн
oz_acc1,874373586,от 10000 до 500 тыс,12.0,нет маржи и нет продаж 90 дн
oz_acc1,874373586,Эксперимент1,9.0,нет маржи и нет продаж 90 дн
oz_acc1,874373590,от 10000 до 500 тыс,12.0,нет маржи и нет продаж 90 дн
oz_acc1,874373594,от 5000 до 10000,12.0,нет продаж 90 дн
oz_acc1,874373610,Эксперимент1,8.0,нет продаж 90 дн
oz_acc1,874373611,от 10000 до 500 тыс,12.0,нет продаж 90 дн
oz_acc1,874373611,Эксперимент1,8.0,нет продаж 90 дн
oz_acc1,874373614,Эксперимент1,8.0,нет продаж 90 дн
oz_acc1,874373618,от 10000 до 500 тыс,12.0,нет маржи и нет продаж 90 дн
oz_acc1,874373620,от 10000 до 500 тыс,12.0,нет маржи и нет продаж 90 дн
oz_acc1,874373637,от 2000 до 5000,12.0,нет маржи и нет продаж 90 дн
oz_acc1,874373637,Эксперимент1,8.0,нет маржи и нет продаж 90 дн
oz_acc1,874373645,от 2000 до 5000,12.0,нет маржи и нет продаж 90 дн
oz_acc1,874373674,Эксперимент1,8.0,нет маржи и нет продаж 90 дн
oz_acc1,874373689,Эксперимент1,8.0,нет продаж 90 дн
oz_acc1,874373691,Эксперимент1,8.0,нет продаж 90 дн
oz_acc1,874373696,от 1000-2000,12.0,нет маржи и нет продаж 90 дн
oz_acc1,874373702,Эксперимент1,8.0,нет маржи и нет продаж 90 дн
oz_acc1,874373713,от 2000 до 5000,12.0,нет продаж 90 дн
oz_acc1,874373719,от 10000 до 500 тыс,12.0,нет маржи и нет продаж 90 дн
oz_acc1,874373720,от 5000 до 10000,12.0,нет маржи и нет продаж 90 дн
oz_acc1,874373720,Эксперимент1,8.0,нет маржи и нет продаж 90 дн
oz_acc1,874373735,от 2000 до 5000,12.0,нет маржи и нет продаж 90 дн
oz_acc1,874373747,от 2000 до 5000,12.0,нет маржи и нет продаж 90 дн
oz_acc1,874373749,Эксперимент1,8.0,нет продаж 90 дн
oz_acc1,874373753,Пустые РК,12.0,нет маржи и нет продаж 90 дн
oz_acc1,874373779,Эксперимент1,8.0,нет маржи и нет продаж 90 дн
oz_acc1,874373796,от 2000 до 5000,12.0,нет маржи и нет продаж 90 дн
oz_acc1,874373810,Эксперимент1,8.0,нет маржи и нет продаж 90 дн
oz_acc1,874373823,Эксперимент1,8.0,нет маржи и нет продаж 90 дн
oz_acc1,874373850,Эксперимент1,8.0,нет продаж 90 дн
oz_acc1,874373871,от 10000 до 500 тыс,12.0,нет продаж 90 дн
oz_acc1,874373877,от 2000 до 5000,12.0,нет маржи и нет продаж 90 дн
oz_acc1,874373883,от 1000-2000,10.0,нет продаж 90 дн
oz_acc1,874373908,Эксперимент1,8.0,нет продаж 90 дн
oz_acc1,874373917,от 2000 до 5000,12.0,нет маржи и нет продаж 90 дн
oz_acc1,874373950,от 2000 до 5000,12.0,нет маржи и нет продаж 90 дн
oz_acc1,874373958,Эксперимент1,8.0,нет маржи и нет продаж 90 дн
oz_acc1,874373981,от 10000 до 500 тыс,12.0,нет продаж 90 дн
oz_acc1,874373999,Эксперимент1,9.0,нет продаж 90 дн
oz_acc1,874374002,Эксперимент1,8.0,нет маржи и нет продаж 90 дн
oz_acc1,874374006,от 2000 до 5000,12.0,нет маржи и нет продаж 90 дн
oz_acc1,874374006,Эксперимент1,8.0,нет маржи и нет продаж 90 дн
oz_acc1,874374007,от 10000 до 500 тыс,12.0,нет маржи и нет продаж 90 дн
oz_acc1,874374031,Эксперимент1,9.0,нет маржи и нет продаж 90 дн
oz_acc1,874374049,от 5000 до 10000,12.0,нет маржи и нет продаж 90 дн
oz_acc1,874374056,от 0 до 1000,10.0,нет маржи и нет продаж 90 дн
oz_acc1,874374056,Эксперимент1,7.0,нет маржи и нет продаж 90 дн
oz_acc1,874374089,Эксперимент1,8.0,нет продаж 90 дн
oz_acc1,874374108,от 5000 до 10000,12.0,нет продаж 90 дн
oz_acc1,874374120,от 5000 до 10000,12.0,нет продаж 90 дн
oz_acc1,874374124,Эксперимент1,8.0,нет маржи и нет продаж 90 дн
oz_acc1,874374132,Эксперимент1,8.0,нет продаж 90 дн
oz_acc1,874374141,Эксперимент1,8.0,нет продаж 90 дн
oz_acc1,874374160,Эксперимент1,8.0,нет маржи и нет продаж 90 дн
oz_acc1,874374187,Эксперимент1,8.0,нет маржи и нет продаж 90 дн
oz_acc1,874374189,от 2000 до 5000,12.0,нет продаж 90 дн
oz_acc1,874374190,от 5000 до 10000,12.0,нет маржи и нет продаж 90 дн
oz_acc1,874374203,Эксперимент1,8.0,нет маржи и нет продаж 90 дн
oz_acc1,874374217,Эксперимент1,8.0,нет продаж 90 дн
oz_acc1,874374228,Эксперимент1,8.0,нет маржи и нет продаж 90 дн
oz_acc1,874374235,Эксперимент1,8.0,нет маржи и нет продаж 90 дн
oz_acc1,874374237,Эксперимент1,8.0,нет маржи и нет продаж 90 дн
oz_acc1,874374244,Эксперимент1,10.0,нет маржи и нет продаж 90 дн
oz_acc1,874374274,от 2000 до 5000,13.0,нет маржи и нет продаж 90 дн
oz_acc1,874374274,Эксперимент1,8.0,нет маржи и нет продаж 90 дн
oz_acc1,874374294,от 10000 до 500 тыс,12.0,нет продаж 90 дн
oz_acc1,874374294,Эксперимент1,8.0,нет продаж 90 дн
oz_acc1,874374305,от 10000 до 500 тыс,12.0,нет продаж 90 дн
oz_acc1,874374305,Эксперимент1,8.0,нет продаж 90 дн
oz_acc1,874374308,от 10000 до 500 тыс,12.0,нет маржи и нет продаж 90 дн
oz_acc1,874374321,от 10000 до 500 тыс,12.0,нет продаж 90 дн
oz_acc1,874374328,Эксперимент1,8.0,нет маржи и нет продаж 90 дн
oz_acc1,874374376,от 10000 до 500 тыс,12.0,нет маржи и нет продаж 90 дн
oz_acc1,874374378,Эксперимент1,8.0,нет маржи и нет продаж 90 дн
oz_acc1,874374391,от 1000-2000,12.0,нет маржи и нет продаж 90 дн
oz_acc1,874374406,Эксперимент1,8.0,нет продаж 90 дн
oz_acc1,874374447,от 2000 до 5000,12.0,нет маржи и нет продаж 90 дн
oz_acc1,874374457,от 10000 до 500 тыс,12.0,нет продаж 90 дн
oz_acc1,874374477,от 1000-2000,10.0,нет продаж 90 дн
oz_acc1,874374477,Эксперимент1,7.0,нет продаж 90 дн
oz_acc1,874374504,Эксперимент1,8.0,нет маржи и нет продаж 90 дн
oz_acc1,874374511,от 5000 до 10000,12.0,нет продаж 90 дн
oz_acc1,874374528,от 10000 до 500 тыс,12.0,нет маржи и нет продаж 90 дн
oz_acc1,874374533,от 10000 до 500 тыс,12.0,нет маржи и нет продаж 90 дн
oz_acc1,874374545,от 10000 до 500 тыс,12.0,нет маржи и нет продаж 90 дн
oz_acc1,874374752,Эксперимент1,8.0,нет маржи и нет продаж 90 дн
oz_acc1,874374770,Эксперимент1,7.0,нет продаж 90 дн
oz_acc1,874374830,Эксперимент1,9.0,нет продаж 90 дн
oz_acc1,874374853,Эксперимент1,10.0,нет маржи и нет продаж 90 дн
oz_acc1,874374870,от 10000 до 500 тыс,12.0,нет маржи и нет продаж 90 дн
oz_acc1,874374870,Эксперимент1,8.0,нет маржи и нет продаж 90 дн
oz_acc1,874374975,от 10000 до 500 тыс,12.0,нет маржи и нет продаж 90 дн
oz_acc1,874375037,от 2000 до 5000,12.0,нет продаж 90 дн
oz_acc1,874375037,Эксперимент1,8.0,нет продаж 90 дн
oz_acc1,874375062,от 10000 до 500 тыс,12.0,нет маржи и нет продаж 90 дн
oz_acc1,874375221,от 5000 до 10000,12.0,нет продаж 90 дн
oz_acc1,874375293,от 10000 до 500 тыс,12.0,нет маржи и нет продаж 90 дн
oz_acc1,874375293,Эксперимент1,8.0,нет маржи и нет продаж 90 дн
oz_acc1,874375302,от 10000 до 500 тыс,12.0,нет маржи и нет продаж 90 дн
oz_acc1,874375302,Эксперимент1,8.0,нет маржи и нет продаж 90 дн
oz_acc1,874375318,от 10000 до 500 тыс,12.0,нет маржи и нет продаж 90 дн
oz_acc1,874375318,Эксперимент1,8.0,нет маржи и нет продаж 90 дн
oz_acc1,874375344,Эксперимент1,8.0,нет продаж 90 дн
oz_acc1,874375361,от 10000 до 500 тыс,12.0,нет маржи и нет продаж 90 дн
oz_acc1,874375361,Эксперимент1,8.0,нет маржи и нет продаж 90 дн
oz_acc1,874375389,Эксперимент1,8.0,нет маржи и нет продаж 90 дн
oz_acc1,874375391,Эксперимент1,8.0,нет продаж 90 дн
oz_acc1,874375447,Эксперимент1,8.0,нет маржи и нет продаж 90 дн
oz_acc1,874375498,Эксперимент1,8.0,нет маржи и нет продаж 90 дн
oz_acc1,874375512,Эксперимент1,9.0,нет маржи и нет продаж 90 дн
oz_acc1,874375520,от 10000 до 500 тыс,12.0,нет маржи и нет продаж 90 дн
oz_acc1,874375551,от 5000 до 10000,12.0,нет маржи и нет продаж 90 дн
oz_acc1,874375569,от 5000 до 10000,12.0,нет маржи и нет продаж 90 дн
oz_acc1,874375643,от 5000 до 10000,12.0,нет продаж 90 дн
oz_acc1,874375676,Эксперимент1,9.0,нет продаж 90 дн
oz_acc1,874375680,Эксперимент1,8.0,нет маржи и нет продаж 90 дн
oz_acc1,874375809,от 10000 до 500 тыс,12.0,нет продаж 90 дн
oz_acc1,874375809,Эксперимент1,8.0,нет продаж 90 дн
oz_acc1,874375809,Пустые РК,12.0,нет продаж 90 дн
oz_acc1,874375832,Эксперимент1,8.0,нет продаж 90 дн
oz_acc1,874375860,от 5000 до 10000,12.0,нет маржи и нет продаж 90 дн
oz_acc1,874375876,Эксперимент1,8.0,нет маржи и нет продаж 90 дн
oz_acc1,874375881,от 2000 до 5000,12.0,нет маржи и нет продаж 90 дн
oz_acc1,874375881,Эксперимент1,9.0,нет маржи и нет продаж 90 дн
oz_acc1,874375942,от 10000 до 500 тыс,12.0,нет маржи и нет продаж 90 дн
oz_acc1,874375980,Эксперимент1,8.0,нет маржи и нет продаж 90 дн
oz_acc1,874376001,Эксперимент1,8.0,нет продаж 90 дн
oz_acc1,874376016,Эксперимент1,8.0,нет маржи и нет продаж 90 дн
oz_acc1,874376039,от 2000 до 5000,12.0,нет маржи и нет продаж 90 дн
oz_acc1,874376043,от 10000 до 500 тыс,13.0,нет маржи и нет продаж 90 дн
oz_acc1,874376043,Эксперимент1,9.0,нет маржи и нет продаж 90 дн
oz_acc1,874376050,от 0 до 1000,10.0,нет продаж 90 дн
oz_acc1,874376073,Эксперимент1,8.0,нет маржи и нет продаж 90 дн
oz_acc1,874376075,от 5000 до 10000,12.0,нет маржи и нет продаж 90 дн
oz_acc1,874376099,Эксперимент1,10.0,нет маржи и нет продаж 90 дн
oz_acc1,874376169,Эксперимент1,9.0,нет продаж 90 дн
oz_acc1,874376191,Эксперимент1,8.0,нет маржи и нет продаж 90 дн
oz_acc1,874376209,от 1000-2000,12.0,нет продаж 90 дн
oz_acc1,874376219,Эксперимент1,8.0,нет маржи и нет продаж 90 дн
oz_acc1,874376258,Эксперимент1,8.0,нет продаж 90 дн
oz_acc1,874376325,от 1000-2000,10.0,нет маржи и нет продаж 90 дн
oz_acc1,874376333,Эксперимент1,8.0,нет продаж 90 дн
oz_acc1,874376391,от 2000 до 5000,12.0,нет продаж 90 дн
oz_acc1,874376472,от 2000 до 5000,12.0,нет маржи и нет продаж 90 дн
oz_acc1,874376564,от 2000 до 5000,12.0,нет продаж 90 дн
oz_acc1,874376603,от 10000 до 500 тыс,12.0,нет маржи и нет продаж 90 дн
oz_acc1,874376603,Эксперимент1,8.0,нет маржи и нет продаж 90 дн
oz_acc1,874376655,Эксперимент1,8.0,нет продаж 90 дн
oz_acc1,874376670,от 2000 до 5000,12.0,нет продаж 90 дн
oz_acc1,874376702,от 2000 до 5000,12.0,нет продаж 90 дн
oz_acc1,874376739,Эксперимент1,8.0,нет продаж 90 дн
oz_acc1,874376774,от 10000 до 500 тыс,12.0,нет маржи и нет продаж 90 дн
oz_acc1,874376818,от 2000 до 5000,12.0,нет маржи и нет продаж 90 дн
oz_acc1,874376823,от 10000 до 500 тыс,12.0,нет продаж 90 дн
oz_acc1,874376823,Эксперимент1,8.0,нет продаж 90 дн
oz_acc1,874376842,Эксперимент1,8.0,нет маржи и нет продаж 90 дн
oz_acc1,874376849,от 2000 до 5000,12.0,нет продаж 90 дн
oz_acc1,874376853,от 1000-2000,12.0,нет маржи и нет продаж 90 дн
oz_acc1,874376898,от 2000 до 5000,12.0,нет маржи и нет продаж 90 дн
oz_acc1,874376898,Эксперимент1,8.0,нет маржи и нет продаж 90 дн
oz_acc1,874377129,Эксперимент1,8.0,нет продаж 90 дн
oz_acc1,874377148,от 10000 до 500 тыс,12.0,нет маржи и нет продаж 90 дн
oz_acc1,874377148,Пустые РК,12.0,нет маржи и нет продаж 90 дн
oz_acc1,874377187,от 10000 до 500 тыс,12.0,нет маржи и нет продаж 90 дн
oz_acc1,874377189,Эксперимент1,8.0,нет продаж 90 дн
oz_acc1,874377209,Эксперимент1,8.0,нет продаж 90 дн
oz_acc1,874377225,от 10000 до 500 тыс,12.0,нет маржи и нет продаж 90 дн
oz_acc1,874377227,Эксперимент1,8.0,нет маржи и нет продаж 90 дн
oz_acc1,874377241,от 10000 до 500 тыс,13.0,нет маржи и нет продаж 90 дн
oz_acc1,874377241,Эксперимент1,9.0,нет маржи и нет продаж 90 дн
oz_acc1,874377277,Эксперимент1,8.0,нет маржи и нет продаж 90 дн
oz_acc1,874377281,от 10000 до 500 тыс,12.0,нет продаж 90 дн
oz_acc1,874377290,Эксперимент1,8.0,нет продаж 90 дн
oz_acc1,874377298,Эксперимент1,8.0,нет маржи и нет продаж 90 дн
oz_acc1,874377304,Эксперимент1,8.0,нет продаж 90 дн
oz_acc1,874377307,от 5000 до 10000,13.0,нет маржи и нет продаж 90 дн
oz_acc1,874377353,от 10000 до 500 тыс,12.0,нет продаж 90 дн
oz_acc1,874377353,Эксперимент1,8.0,нет продаж 90 дн
oz_acc1,874377365,от 2000 до 5000,12.0,нет маржи и нет продаж 90 дн
oz_acc1,874377434,от 2000 до 5000,12.0,нет маржи и нет продаж 90 дн
oz_acc1,874377491,Эксперимент1,8.0,нет маржи и нет продаж 90 дн
oz_acc1,874377626,от 5000 до 10000,12.0,нет продаж 90 дн
oz_acc1,874377687,Эксперимент1,8.0,нет продаж 90 дн
oz_acc1,874377727,Эксперимент1,8.0,нет маржи и нет продаж 90 дн
oz_acc1,874377845,Пустые РК,12.0,нет маржи и нет продаж 90 дн
oz_acc1,874378208,Эксперимент1,8.0,нет маржи и нет продаж 90 дн
oz_acc1,874378222,Эксперимент1,8.0,нет продаж 90 дн
oz_acc1,874378274,Эксперимент1,8.0,нет маржи и нет продаж 90 дн
oz_acc1,874378310,Эксперимент1,8.0,нет продаж 90 дн
oz_acc1,874378448,Эксперимент1,8.0,нет продаж 90 дн
oz_acc1,874378499,от 2000 до 5000,12.0,нет маржи и нет продаж 90 дн
oz_acc1,874378499,Эксперимент1,8.0,нет маржи и нет продаж 90 дн
oz_acc1,874378516,от 10000 до 500 тыс,12.0,нет маржи и нет продаж 90 дн
oz_acc1,874380006,от 2000 до 5000,12.0,нет маржи и нет продаж 90 дн
oz_acc1,874380015,от 2000 до 5000,12.0,нет маржи и нет продаж 90 дн
oz_acc1,874380072,Эксперимент1,8.0,нет маржи и нет продаж 90 дн
oz_acc1,874380090,от 2000 до 5000,12.0,нет маржи и нет продаж 90 дн
oz_acc1,874385489,от 2000 до 5000,12.0,нет продаж 90 дн
oz_acc1,900833483,Эксперимент1,8.0,нет маржи и нет продаж 90 дн
oz_acc1,900991020,от 2000 до 5000,12.0,нет маржи и нет продаж 90 дн
oz_acc1,901096923,Эксперимент1,8.0,нет маржи и нет продаж 90 дн
oz_acc1,901114128,Эксперимент1,8.0,нет маржи и нет продаж 90 дн
oz_acc1,901119571,Эксперимент1,8.0,нет маржи и нет продаж 90 дн
oz_acc1,901199855,Эксперимент1,8.0,нет маржи и нет продаж 90 дн
oz_acc1,901199959,Эксперимент1,8.0,нет маржи и нет продаж 90 дн
oz_acc1,901199976,Эксперимент1,8.0,нет продаж 90 дн
oz_acc1,901231896,от 1000-2000,10.0,нет продаж 90 дн
oz_acc1,901231896,Эксперимент1,7.0,нет продаж 90 дн
oz_acc1,901543961,от 0 до 1000,11.0,нет продаж 90 дн
oz_acc1,901543961,Эксперимент1,9.0,нет продаж 90 дн
oz_acc1,901543962,Эксперимент1,6.0,нет продаж 90 дн
oz_acc1,901543971,Эксперимент1,7.0,нет продаж 90 дн
oz_acc1,901543987,от 1000-2000,10.0,нет продаж 90 дн
oz_acc1,901543989,от 1000-2000,10.0,нет маржи и нет продаж 90 дн
oz_acc1,901559421,от 2000 до 5000,14.0,нет продаж 90 дн
oz_acc1,904472780,Эксперимент1,8.0,нет продаж 90 дн
oz_acc1,904473036,Эксперимент1,7.0,нет продаж 90 дн
oz_acc1,904473241,от 2000 до 5000,12.0,нет продаж 90 дн
oz_acc1,904473371,Эксперимент1,7.0,нет маржи и нет продаж 90 дн
oz_acc1,904483024,Эксперимент1,8.0,нет маржи и нет продаж 90 дн
oz_acc1,904483201,Эксперимент1,8.0,нет маржи и нет продаж 90 дн
oz_acc1,904483320,Эксперимент1,8.0,нет маржи и нет продаж 90 дн
oz_acc1,904483356,от 2000 до 5000,12.0,нет маржи и нет продаж 90 дн
oz_acc1,904483364,Эксперимент1,10.0,нет маржи и нет продаж 90 дн
oz_acc1,904483404,Эксперимент1,8.0,нет маржи и нет продаж 90 дн
oz_acc1,904483457,от 2000 до 5000,12.0,нет продаж 90 дн
oz_acc1,904483489,от 5000 до 10000,12.0,нет маржи и нет продаж 90 дн
oz_acc1,904483498,Эксперимент1,8.0,нет продаж 90 дн
oz_acc1,904483504,Эксперимент1,8.0,нет маржи и нет продаж 90 дн
oz_acc1,904483507,от 2000 до 5000,12.0,нет маржи и нет продаж 90 дн
oz_acc1,904483548,Эксперимент1,8.0,нет продаж 90 дн
oz_acc1,904483559,от 5000 до 10000,12.0,нет маржи и нет продаж 90 дн
oz_acc1,904483588,Эксперимент1,8.0,нет продаж 90 дн
oz_acc1,904483596,Эксперимент1,9.0,нет продаж 90 дн
oz_acc1,904483605,Эксперимент1,8.0,нет маржи и нет продаж 90 дн
oz_acc1,904483616,от 2000 до 5000,12.0,нет маржи и нет продаж 90 дн
oz_acc1,904483627,Эксперимент1,8.0,нет маржи и нет продаж 90 дн
oz_acc1,904483648,Эксперимент1,8.0,нет маржи и нет продаж 90 дн
oz_acc1,904483656,от 2000 до 5000,12.0,нет продаж 90 дн
oz_acc1,904483666,Эксперимент1,8.0,нет маржи и нет продаж 90 дн
oz_acc1,904483683,Эксперимент1,8.0,нет маржи и нет продаж 90 дн
oz_acc1,904483710,от 10000 до 500 тыс,12.0,нет продаж 90 дн
oz_acc1,904483716,от 2000 до 5000,12.0,нет маржи и нет продаж 90 дн
oz_acc1,904483750,Эксперимент1,8.0,нет продаж 90 дн
oz_acc1,904483755,Эксперимент1,8.0,нет продаж 90 дн
oz_acc1,904483765,Эксперимент1,8.0,нет маржи и нет продаж 90 дн
oz_acc1,904483775,Эксперимент1,8.0,нет маржи и нет продаж 90 дн
oz_acc1,904483784,от 5000 до 10000,12.0,нет продаж 90 дн
oz_acc1,904483789,от 2000 до 5000,12.0,нет продаж 90 дн
oz_acc1,904483796,Эксперимент1,9.0,нет маржи и нет продаж 90 дн
oz_acc1,904483806,от 2000 до 5000,12.0,нет продаж 90 дн
oz_acc1,904483822,от 5000 до 10000,12.0,нет продаж 90 дн
oz_acc1,904483835,от 5000 до 10000,12.0,нет продаж 90 дн
oz_acc1,904483837,Эксперимент1,8.0,нет маржи и нет продаж 90 дн
oz_acc1,904483844,от 1000-2000,10.0,нет продаж 90 дн
oz_acc1,904483845,от 10000 до 500 тыс,12.0,нет маржи и нет продаж 90 дн
oz_acc1,904484030,Эксперимент1,8.0,нет продаж 90 дн
oz_acc1,904484090,от 10000 до 500 тыс,12.0,нет продаж 90 дн
oz_acc1,904484090,Эксперимент1,8.0,нет продаж 90 дн
oz_acc1,904484095,Эксперимент1,7.0,нет продаж 90 дн
oz_acc1,904484108,от 2000 до 5000,12.0,нет маржи и нет продаж 90 дн
oz_acc1,904484114,от 5000 до 10000,12.0,нет маржи и нет продаж 90 дн
oz_acc1,904484128,Эксперимент1,7.0,нет маржи и нет продаж 90 дн
oz_acc1,904484131,Эксперимент1,8.0,нет маржи и нет продаж 90 дн
oz_acc1,904484133,от 10000 до 500 тыс,12.0,нет маржи и нет продаж 90 дн
oz_acc1,904484140,Эксперимент1,8.0,нет продаж 90 дн
oz_acc1,904484170,Эксперимент1,8.0,нет маржи и нет продаж 90 дн
oz_acc1,904484173,Эксперимент1,9.0,нет продаж 90 дн
oz_acc1,904484200,Эксперимент1,8.0,нет продаж 90 дн
oz_acc1,904484211,от 2000 до 5000,12.0,нет продаж 90 дн
oz_acc1,904484229,Эксперимент1,8.0,нет продаж 90 дн
oz_acc1,904484407,от 5000 до 10000,12.0,нет маржи и нет продаж 90 дн
oz_acc1,904484630,от 2000 до 5000,12.0,нет маржи и нет продаж 90 дн
oz_acc1,904484638,Эксперимент1,8.0,нет продаж 90 дн
oz_acc1,904485624,Эксперимент1,8.0,нет продаж 90 дн
oz_acc1,904485648,Пустые РК,12.0,нет продаж 90 дн
oz_acc1,904485672,Эксперимент1,8.0,нет маржи и нет продаж 90 дн
oz_acc1,904485718,от 2000 до 5000,12.0,нет маржи и нет продаж 90 дн
oz_acc1,904485723,Эксперимент1,8.0,нет продаж 90 дн
oz_acc1,904485738,Эксперимент1,8.0,нет маржи и нет продаж 90 дн
oz_acc1,904485741,от 0 до 1000,11.0,нет маржи и нет продаж 90 дн
oz_acc1,904485741,Эксперимент1,7.0,нет маржи и нет продаж 90 дн
oz_acc1,904485747,от 10000 до 500 тыс,12.0,нет продаж 90 дн
oz_acc1,904485760,Эксперимент1,8.0,нет маржи и нет продаж 90 дн
oz_acc1,904485766,от 5000 до 10000,12.0,нет продаж 90 дн
oz_acc1,904485771,Эксперимент1,8.0,нет продаж 90 дн
oz_acc1,904485785,Эксперимент1,8.0,нет маржи и нет продаж 90 дн
oz_acc1,904485789,от 10000 до 500 тыс,12.0,нет маржи и нет продаж 90 дн
oz_acc1,904533970,Эксперимент1,7.0,нет маржи и нет продаж 90 дн
oz_acc1,904543026,от 0 до 1000,10.0,нет маржи и нет продаж 90 дн
oz_acc1,906874353,от 2000 до 5000,12.0,нет маржи и нет продаж 90 дн
oz_acc1,906874353,Эксперимент1,8.0,нет маржи и нет продаж 90 дн
oz_acc1,906874483,от 0 до 1000,10.0,нет маржи и нет продаж 90 дн
oz_acc1,906874486,от 2000 до 5000,12.0,нет маржи и нет продаж 90 дн
oz_acc1,906874489,от 0 до 1000,10.0,нет маржи и нет продаж 90 дн
oz_acc1,906874641,от 0 до 1000,10.0,нет маржи и нет продаж 90 дн
oz_acc1,906874648,от 0 до 1000,10.0,нет маржи и нет продаж 90 дн
oz_acc1,906874651,Эксперимент1,8.0,нет маржи и нет продаж 90 дн
oz_acc1,906874668,от 1000-2000,12.0,нет маржи и нет продаж 90 дн
oz_acc1,906874681,Эксперимент1,8.0,нет маржи и нет продаж 90 дн
oz_acc1,906874696,от 0 до 1000,10.0,нет продаж 90 дн
oz_acc1,906874741,Эксперимент1,8.0,нет маржи и нет продаж 90 дн
oz_acc1,906874743,Эксперимент1,8.0,нет маржи и нет продаж 90 дн
oz_acc1,906874784,Эксперимент1,8.0,нет маржи и нет продаж 90 дн
oz_acc1,906874793,Эксперимент1,8.0,нет маржи и нет продаж 90 дн
oz_acc1,906874849,от 2000 до 5000,12.0,нет маржи и нет продаж 90 дн
oz_acc1,906874999,Эксперимент1,8.0,нет маржи и нет продаж 90 дн
oz_acc1,906875014,Эксперимент1,8.0,нет маржи и нет продаж 90 дн
oz_acc1,906875028,от 10000 до 500 тыс,12.0,нет продаж 90 дн
oz_acc1,906875028,Эксперимент1,8.0,нет продаж 90 дн
oz_acc1,906875060,от 1000-2000,10.0,нет маржи и нет продаж 90 дн
oz_acc1,906875071,от 2000 до 5000,13.0,нет маржи и нет продаж 90 дн
oz_acc1,906875133,Эксперимент1,9.0,нет продаж 90 дн
oz_acc1,906875213,Эксперимент1,8.0,нет продаж 90 дн
oz_acc1,906875261,Пустые РК,12.0,нет маржи и нет продаж 90 дн
oz_acc1,906875265,от 5000 до 10000,12.0,нет маржи и нет продаж 90 дн
oz_acc1,906875265,Пустые РК,12.0,нет маржи и нет продаж 90 дн
oz_acc1,906875299,Эксперимент1,8.0,нет маржи и нет продаж 90 дн
oz_acc1,906875325,от 0 до 1000,10.0,нет продаж 90 дн
oz_acc1,906875340,от 0 до 1000,10.0,нет маржи и нет продаж 90 дн
oz_acc1,906875340,Эксперимент1,7.0,нет маржи и нет продаж 90 дн
oz_acc1,906875342,Эксперимент1,8.0,нет маржи и нет продаж 90 дн
oz_acc1,906875344,Эксперимент1,8.0,нет продаж 90 дн
oz_acc1,906875353,от 10000 до 500 тыс,12.0,нет продаж 90 дн
oz_acc1,906875447,от 2000 до 5000,12.0,нет маржи и нет продаж 90 дн
oz_acc1,906875645,Эксперимент1,8.0,нет маржи и нет продаж 90 дн
oz_acc1,906875845,Эксперимент1,8.0,нет маржи и нет продаж 90 дн
oz_acc1,906876510,Эксперимент1,8.0,нет продаж 90 дн
oz_acc1,906876576,Эксперимент1,8.0,нет маржи и нет продаж 90 дн
oz_acc1,906876633,от 1000-2000,10.0,нет продаж 90 дн
oz_acc1,906876688,Эксперимент1,8.0,нет продаж 90 дн
oz_acc1,906876836,Эксперимент1,8.0,нет продаж 90 дн
oz_acc1,906876928,от 0 до 1000,10.0,нет маржи и нет продаж 90 дн
oz_acc1,906876973,Эксперимент1,8.0,нет маржи и нет продаж 90 дн
oz_acc1,906877298,Эксперимент1,9.0,нет продаж 90 дн
oz_acc1,906877354,Эксперимент1,8.0,нет продаж 90 дн
oz_acc1,906877367,от 2000 до 5000,12.0,нет маржи и нет продаж 90 дн
oz_acc1,906877371,Эксперимент1,8.0,нет маржи и нет продаж 90 дн
oz_acc1,906877377,Эксперимент1,8.0,нет продаж 90 дн
oz_acc1,906877470,Эксперимент1,8.0,нет продаж 90 дн
oz_acc1,906877505,от 2000 до 5000,12.0,нет маржи и нет продаж 90 дн
oz_acc1,906877559,от 1000-2000,12.0,нет маржи и нет продаж 90 дн
oz_acc1,906877596,Эксперимент1,8.0,нет продаж 90 дн
oz_acc1,906877600,Эксперимент1,8.0,нет маржи и нет продаж 90 дн
oz_acc1,906877622,Эксперимент1,8.0,нет продаж 90 дн
oz_acc1,906877934,от 5000 до 10000,12.0,нет маржи и нет продаж 90 дн
oz_acc1,906877959,от 2000 до 5000,12.0,нет продаж 90 дн
oz_acc1,906877959,Эксперимент1,8.0,нет продаж 90 дн
oz_acc1,906877984,от 2000 до 5000,12.0,нет продаж 90 дн
oz_acc1,906877995,от 2000 до 5000,12.0,нет маржи и нет продаж 90 дн
oz_acc1,906877995,Эксперимент1,8.0,нет маржи и нет продаж 90 дн
oz_acc1,907235733,от 0 до 1000,10.0,нет продаж 90 дн
oz_acc1,907460129,от 0 до 1000,10.0,нет маржи и нет продаж 90 дн
oz_acc1,907460583,от 0 до 1000,10.0,нет маржи и нет продаж 90 дн
oz_acc1,907607937,от 0 до 1000,10.0,нет маржи и нет продаж 90 дн
oz_acc1,907614916,от 2000 до 5000,12.0,нет продаж 90 дн
oz_acc1,907616195,от 10000 до 500 тыс,12.0,нет маржи и нет продаж 90 дн
oz_acc1,907630888,Эксперимент1,6.0,нет маржи и нет продаж 90 дн
oz_acc1,907648871,Эксперимент1,6.0,нет маржи и нет продаж 90 дн
oz_acc1,930606209,от 1000-2000,12.0,нет продаж 90 дн
oz_acc1,930606209,Эксперимент1,8.0,нет продаж 90 дн
oz_acc1,930606850,Эксперимент1,8.0,нет маржи и нет продаж 90 дн
oz_acc1,930606927,Эксперимент1,8.0,нет маржи и нет продаж 90 дн
oz_acc1,930606950,от 2000 до 5000,12.0,нет маржи и нет продаж 90 дн
oz_acc1,930606979,Эксперимент1,8.0,нет маржи и нет продаж 90 дн
oz_acc1,930606997,от 2000 до 5000,12.0,нет маржи и нет продаж 90 дн
oz_acc1,930607125,Эксперимент1,8.0,нет маржи и нет продаж 90 дн
oz_acc1,930607134,Эксперимент1,8.0,нет маржи и нет продаж 90 дн
oz_acc1,930607162,Эксперимент1,8.0,нет продаж 90 дн
oz_acc1,930607190,Эксперимент1,8.0,нет продаж 90 дн
oz_acc1,930607229,Эксперимент1,8.0,нет маржи и нет продаж 90 дн
oz_acc1,930607279,Эксперимент1,8.0,нет маржи и нет продаж 90 дн
oz_acc1,930607282,Эксперимент1,8.0,нет маржи и нет продаж 90 дн
oz_acc1,930607300,от 2000 до 5000,12.0,нет продаж 90 дн
oz_acc1,930607327,от 10000 до 500 тыс,12.0,нет маржи и нет продаж 90 дн
oz_acc1,930607327,Эксперимент1,8.0,нет маржи и нет продаж 90 дн
oz_acc1,930607345,от 1000-2000,10.0,нет маржи и нет продаж 90 дн
oz_acc1,930607642,от 0 до 1000,10.0,нет продаж 90 дн
oz_acc1,930607798,Эксперимент1,8.0,нет продаж 90 дн
oz_acc1,930607801,Эксперимент1,8.0,нет продаж 90 дн
oz_acc1,930607834,от 1000-2000,12.0,нет маржи и нет продаж 90 дн
oz_acc1,930607878,от 5000 до 10000,12.0,нет продаж 90 дн
oz_acc1,930607882,Эксперимент1,9.0,нет продаж 90 дн
oz_acc1,930607931,Эксперимент1,8.0,нет продаж 90 дн
oz_acc1,930607954,от 10000 до 500 тыс,12.0,нет маржи и нет продаж 90 дн
oz_acc1,930608018,от 2000 до 5000,12.0,нет продаж 90 дн
oz_acc1,930608030,Эксперимент1,8.0,нет маржи и нет продаж 90 дн
oz_acc1,930608131,от 2000 до 5000,12.0,нет маржи и нет продаж 90 дн
oz_acc1,930608169,Эксперимент1,8.0,нет продаж 90 дн
oz_acc1,930608197,от 0 до 1000,12.0,нет маржи и нет продаж 90 дн
oz_acc1,930608300,от 2000 до 5000,12.0,нет маржи и нет продаж 90 дн
oz_acc1,930608374,Эксперимент1,8.0,нет продаж 90 дн
oz_acc1,930608577,Эксперимент1,8.0,нет продаж 90 дн
oz_acc1,930608599,от 2000 до 5000,12.0,нет продаж 90 дн
oz_acc1,930608637,Эксперимент1,8.0,нет продаж 90 дн
oz_acc1,930608689,от 2000 до 5000,12.0,нет маржи и нет продаж 90 дн
oz_acc1,930608689,Эксперимент1,8.0,нет маржи и нет продаж 90 дн
oz_acc1,930608713,от 2000 до 5000,12.0,нет продаж 90 дн
oz_acc1,930608745,от 5000 до 10000,12.0,нет маржи и нет продаж 90 дн
oz_acc1,930608745,Эксперимент1,8.0,нет маржи и нет продаж 90 дн
oz_acc1,930608803,от 2000 до 5000,12.0,нет маржи и нет продаж 90 дн
oz_acc1,930608809,от 1000-2000,12.0,нет маржи и нет продаж 90 дн
oz_acc1,930608828,Эксперимент1,8.0,нет продаж 90 дн
oz_acc1,930608896,от 10000 до 500 тыс,12.0,нет маржи и нет продаж 90 дн
oz_acc1,930609013,от 2000 до 5000,12.0,нет маржи и нет продаж 90 дн
oz_acc1,930609123,Эксперимент1,8.0,нет маржи и нет продаж 90 дн
oz_acc1,930609141,Эксперимент1,8.0,нет продаж 90 дн
oz_acc1,930609186,Эксперимент1,8.0,нет маржи и нет продаж 90 дн
oz_acc1,930609193,от 10000 до 500 тыс,12.0,нет маржи и нет продаж 90 дн
oz_acc1,930609193,Эксперимент1,8.0,нет маржи и нет продаж 90 дн
oz_acc1,930609215,от 10000 до 500 тыс,12.0,нет продаж 90 дн
oz_acc1,930609292,от 5000 до 10000,12.0,нет продаж 90 дн
oz_acc1,930609319,от 0 до 1000,10.0,нет маржи и нет продаж 90 дн
oz_acc1,930609328,Эксперимент1,8.0,нет продаж 90 дн
oz_acc1,930609339,от 10000 до 500 тыс,12.0,нет продаж 90 дн
oz_acc1,930609724,Эксперимент1,8.0,нет маржи и нет продаж 90 дн
oz_acc1,930609746,Эксперимент1,8.0,нет продаж 90 дн
oz_acc1,930609764,Эксперимент1,8.0,нет продаж 90 дн
oz_acc1,930609786,от 10000 до 500 тыс,12.0,нет маржи и нет продаж 90 дн
oz_acc1,930609879,Эксперимент1,8.0,нет продаж 90 дн
oz_acc1,930611906,от 2000 до 5000,12.0,нет маржи и нет продаж 90 дн
oz_acc1,930611956,Эксперимент1,8.0,нет маржи и нет продаж 90 дн
oz_acc1,930612007,от 2000 до 5000,12.0,нет маржи и нет продаж 90 дн
oz_acc1,930612486,от 2000 до 5000,12.0,нет маржи и нет продаж 90 дн
oz_acc1,930612486,Эксперимент1,8.0,нет маржи и нет продаж 90 дн
oz_acc1,930612527,Эксперимент1,8.0,нет маржи и нет продаж 90 дн
oz_acc1,930612567,от 2000 до 5000,12.0,нет маржи и нет продаж 90 дн
oz_acc1,930612587,Эксперимент1,8.0,нет продаж 90 дн
oz_acc1,930612656,Эксперимент1,8.0,нет маржи и нет продаж 90 дн
oz_acc1,930612687,от 2000 до 5000,12.0,нет продаж 90 дн
oz_acc1,930612696,от 2000 до 5000,12.0,нет продаж 90 дн
oz_acc1,930612723,от 2000 до 5000,12.0,нет продаж 90 дн
oz_acc1,930612723,Эксперимент1,8.0,нет продаж 90 дн
oz_acc1,930612729,Эксперимент1,8.0,нет маржи и нет продаж 90 дн
oz_acc1,930612784,от 0 до 1000,10.0,нет продаж 90 дн
oz_acc1,930612837,Пустые РК,12.0,нет маржи и нет продаж 90 дн
oz_acc1,930612904,от 5000 до 10000,12.0,нет маржи и нет продаж 90 дн
oz_acc1,930612904,Эксперимент1,8.0,нет маржи и нет продаж 90 дн
oz_acc1,930612989,от 0 до 1000,10.0,нет продаж 90 дн
oz_acc1,930612994,от 2000 до 5000,12.0,нет маржи и нет продаж 90 дн
oz_acc1,930612994,Эксперимент1,8.0,нет маржи и нет продаж 90 дн
oz_acc1,930613006,Эксперимент1,9.0,нет маржи и нет продаж 90 дн
oz_acc1,930613122,Эксперимент1,8.0,нет продаж 90 дн
oz_acc1,930613152,Эксперимент1,8.0,нет маржи и нет продаж 90 дн
oz_acc1,930613153,Эксперимент1,8.0,нет маржи и нет продаж 90 дн
oz_acc1,930613195,Эксперимент1,8.0,нет маржи и нет продаж 90 дн
oz_acc1,930613257,Эксперимент1,8.0,нет продаж 90 дн
oz_acc1,930613439,от 1000-2000,10.0,нет маржи и нет продаж 90 дн
oz_acc1,930613497,Эксперимент1,8.0,нет продаж 90 дн
oz_acc1,930613499,от 2000 до 5000,12.0,нет продаж 90 дн
oz_acc1,930613500,от 5000 до 10000,12.0,нет маржи и нет продаж 90 дн
oz_acc1,930613500,Эксперимент1,8.0,нет маржи и нет продаж 90 дн
oz_acc1,930613539,от 1000-2000,12.0,нет маржи и нет продаж 90 дн
oz_acc1,930613539,Эксперимент1,8.0,нет маржи и нет продаж 90 дн
oz_acc1,930613547,Эксперимент1,8.0,нет маржи и нет продаж 90 дн
oz_acc1,930613572,от 2000 до 5000,12.0,нет маржи и нет продаж 90 дн
oz_acc1,930613572,Эксперимент1,8.0,нет маржи и нет продаж 90 дн
oz_acc1,930613633,Эксперимент1,8.0,нет маржи и нет продаж 90 дн
oz_acc1,930613651,Эксперимент1,8.0,нет продаж 90 дн
oz_acc1,930613669,от 2000 до 5000,12.0,нет маржи и нет продаж 90 дн
oz_acc1,930613700,от 10000 до 500 тыс,12.0,нет маржи и нет продаж 90 дн
oz_acc1,930613738,от 2000 до 5000,12.0,нет маржи и нет продаж 90 дн
oz_acc1,930613780,Эксперимент1,8.0,нет продаж 90 дн
oz_acc1,930613804,Эксперимент1,8.0,нет маржи и нет продаж 90 дн
oz_acc1,930613837,от 5000 до 10000,12.0,нет продаж 90 дн
oz_acc1,930613837,Эксперимент1,8.0,нет продаж 90 дн
oz_acc1,930613934,Эксперимент1,8.0,нет маржи и нет продаж 90 дн
oz_acc1,930613995,Эксперимент1,8.0,нет маржи и нет продаж 90 дн
oz_acc1,930614035,от 2000 до 5000,12.0,нет продаж 90 дн
oz_acc1,930614051,от 1000-2000,13.0,нет продаж 90 дн
oz_acc1,930614051,Эксперимент1,8.0,нет продаж 90 дн
oz_acc1,930614162,Эксперимент1,8.0,нет маржи и нет продаж 90 дн
oz_acc1,930614195,от 2000 до 5000,13.0,нет продаж 90 дн
oz_acc1,930614195,Эксперимент1,8.0,нет продаж 90 дн
oz_acc1,930614199,Эксперимент1,8.0,нет маржи и нет продаж 90 дн
oz_acc1,930614216,Эксперимент1,8.0,нет маржи и нет продаж 90 дн
oz_acc1,930614376,Эксперимент1,8.0,нет продаж 90 дн
oz_acc1,930614443,Эксперимент1,8.0,нет продаж 90 дн
oz_acc1,930614448,от 2000 до 5000,12.0,нет продаж 90 дн
oz_acc1,930614459,Эксперимент1,8.0,нет маржи и нет продаж 90 дн
oz_acc1,930614505,от 2000 до 5000,12.0,нет маржи и нет продаж 90 дн
oz_acc1,930614580,Эксперимент1,8.0,нет маржи и нет продаж 90 дн
oz_acc1,930614627,от 10000 до 500 тыс,12.0,нет продаж 90 дн
oz_acc1,930614630,Эксперимент1,8.0,нет продаж 90 дн
oz_acc1,930614652,от 2000 до 5000,12.0,нет маржи и нет продаж 90 дн
oz_acc1,930614694,от 1000-2000,12.0,нет маржи и нет продаж 90 дн
oz_acc1,930614746,от 2000 до 5000,13.0,нет маржи и нет продаж 90 дн
oz_acc1,930614797,Эксперимент1,8.0,нет маржи и нет продаж 90 дн
oz_acc1,930614835,Эксперимент1,8.0,нет продаж 90 дн
oz_acc1,930614856,от 2000 до 5000,12.0,нет маржи и нет продаж 90 дн
oz_acc1,930614891,Эксперимент1,8.0,нет продаж 90 дн
oz_acc1,930614936,Эксперимент1,8.0,нет маржи и нет продаж 90 дн
oz_acc1,930615031,Эксперимент1,8.0,нет продаж 90 дн
oz_acc1,930615069,от 2000 до 5000,12.0,нет маржи и нет продаж 90 дн
oz_acc1,930615138,Эксперимент1,8.0,нет маржи и нет продаж 90 дн
oz_acc1,930615168,Эксперимент1,8.0,нет продаж 90 дн
oz_acc1,930615195,Эксперимент1,9.0,нет маржи и нет продаж 90 дн
oz_acc1,930615238,от 2000 до 5000,12.0,нет продаж 90 дн
oz_acc1,930615296,Эксперимент1,9.0,нет продаж 90 дн
oz_acc1,930615345,Эксперимент1,8.0,нет продаж 90 дн
oz_acc1,930615441,Эксперимент1,8.0,нет продаж 90 дн
oz_acc1,930615457,Эксперимент1,8.0,нет маржи и нет продаж 90 дн
oz_acc1,930615470,от 2000 до 5000,12.0,нет маржи и нет продаж 90 дн
oz_acc1,930615510,от 0 до 1000,10.0,нет маржи и нет продаж 90 дн
oz_acc1,930615526,от 0 до 1000,10.0,нет маржи и нет продаж 90 дн
oz_acc1,930615543,от 2000 до 5000,12.0,нет маржи и нет продаж 90 дн
oz_acc1,930615586,Эксперимент1,8.0,нет маржи и нет продаж 90 дн
oz_acc1,930615614,от 2000 до 5000,12.0,нет маржи и нет продаж 90 дн
oz_acc1,930615615,от 2000 до 5000,12.0,нет маржи и нет продаж 90 дн
oz_acc1,930615655,от 2000 до 5000,12.0,нет продаж 90 дн
oz_acc1,930615679,от 2000 до 5000,12.0,нет маржи и нет продаж 90 дн
oz_acc1,930615714,от 0 до 1000,10.0,нет маржи и нет продаж 90 дн
oz_acc1,930615720,Эксперимент1,8.0,нет маржи и нет продаж 90 дн
oz_acc1,930615923,от 1000-2000,10.0,нет маржи и нет продаж 90 дн
oz_acc1,930615930,Эксперимент1,8.0,нет продаж 90 дн
oz_acc1,930615984,от 10000 до 500 тыс,12.0,нет маржи и нет продаж 90 дн
oz_acc1,930616010,от 2000 до 5000,12.0,нет продаж 90 дн
oz_acc1,930616064,Эксперимент1,8.0,нет маржи и нет продаж 90 дн
oz_acc1,930616090,Эксперимент1,8.0,нет продаж 90 дн
oz_acc1,930616116,Эксперимент1,8.0,нет маржи и нет продаж 90 дн
oz_acc1,930616136,от 2000 до 5000,12.0,нет продаж 90 дн
oz_acc1,930616164,от 5000 до 10000,12.0,нет продаж 90 дн
oz_acc1,930616218,от 5000 до 10000,12.0,нет маржи и нет продаж 90 дн
oz_acc1,930616218,Эксперимент1,8.0,нет маржи и нет продаж 90 дн
oz_acc1,930616283,Эксперимент1,8.0,нет маржи и нет продаж 90 дн
oz_acc1,930616317,Эксперимент1,8.0,нет маржи и нет продаж 90 дн
oz_acc1,930616325,Эксперимент1,8.0,нет маржи и нет продаж 90 дн
oz_acc1,930616334,от 2000 до 5000,12.0,нет продаж 90 дн
oz_acc1,930616357,Эксперимент1,8.0,нет продаж 90 дн
oz_acc1,930616369,Эксперимент1,8.0,нет продаж 90 дн
oz_acc1,930616456,от 2000 до 5000,12.0,нет маржи и нет продаж 90 дн
oz_acc1,930616471,от 10000 до 500 тыс,12.0,нет продаж 90 дн
oz_acc1,930616488,Эксперимент1,8.0,нет маржи и нет продаж 90 дн
oz_acc1,930616489,от 5000 до 10000,12.0,нет маржи и нет продаж 90 дн
oz_acc1,930616528,Эксперимент1,8.0,нет продаж 90 дн
oz_acc1,930616614,Эксперимент1,8.0,нет маржи и нет продаж 90 дн
oz_acc1,930616684,Эксперимент1,8.0,нет продаж 90 дн
oz_acc1,930616774,от 10000 до 500 тыс,12.0,нет маржи и нет продаж 90 дн
oz_acc1,930616817,Эксперимент1,8.0,нет продаж 90 дн
oz_acc1,930616895,Эксперимент1,8.0,нет продаж 90 дн
oz_acc1,930616919,от 10000 до 500 тыс,12.0,нет маржи и нет продаж 90 дн
oz_acc1,930616946,от 10000 до 500 тыс,12.0,нет маржи и нет продаж 90 дн
oz_acc1,930617142,от 10000 до 500 тыс,12.0,нет маржи и нет продаж 90 дн
oz_acc1,930617224,от 2000 до 5000,12.0,нет продаж 90 дн
oz_acc1,930617259,от 2000 до 5000,12.0,нет маржи и нет продаж 90 дн
oz_acc1,930617259,Эксперимент1,8.0,нет маржи и нет продаж 90 дн
oz_acc1,930617352,Эксперимент1,8.0,нет маржи и нет продаж 90 дн
oz_acc1,930617496,от 2000 до 5000,12.0,нет продаж 90 дн
oz_acc1,930617496,Эксперимент1,8.0,нет продаж 90 дн
oz_acc1,930617507,Эксперимент1,8.0,нет продаж 90 дн
oz_acc1,930617528,от 2000 до 5000,12.0,нет продаж 90 дн
oz_acc1,930617625,Эксперимент1,8.0,нет продаж 90 дн
oz_acc1,930617627,Эксперимент1,8.0,нет продаж 90 дн
oz_acc1,930617642,от 10000 до 500 тыс,12.0,нет маржи и нет продаж 90 дн
oz_acc1,930617652,Эксперимент1,9.0,нет маржи и нет продаж 90 дн
oz_acc1,930617669,от 1000-2000,10.0,нет маржи и нет продаж 90 дн
oz_acc1,930617679,от 2000 до 5000,12.0,нет продаж 90 дн
oz_acc1,930617679,Эксперимент1,8.0,нет продаж 90 дн
oz_acc1,930617778,от 1000-2000,12.0,нет маржи и нет продаж 90 дн
oz_acc1,930617781,от 1000-2000,10.0,нет продаж 90 дн
oz_acc1,930617863,Эксперимент1,8.0,нет маржи и нет продаж 90 дн
oz_acc1,930617876,от 2000 до 5000,12.0,нет продаж 90 дн
oz_acc1,930617876,Эксперимент1,9.0,нет продаж 90 дн
oz_acc1,930617963,Эксперимент1,8.0,нет продаж 90 дн
oz_acc1,930617995,от 2000 до 5000,12.0,нет маржи и нет продаж 90 дн
oz_acc1,930617998,от 2000 до 5000,12.0,нет маржи и нет продаж 90 дн
oz_acc1,930618003,Эксперимент1,8.0,нет продаж 90 дн
oz_acc1,930618020,от 5000 до 10000,12.0,нет маржи и нет продаж 90 дн
oz_acc1,930618020,Эксперимент1,8.0,нет маржи и нет продаж 90 дн
oz_acc1,930618177,от 1000-2000,12.0,нет продаж 90 дн
oz_acc1,930618230,Эксперимент1,8.0,нет продаж 90 дн
oz_acc1,930618255,Эксперимент1,8.0,нет маржи и нет продаж 90 дн
oz_acc1,930618289,от 5000 до 10000,12.0,нет продаж 90 дн
oz_acc1,930618289,Эксперимент1,8.0,нет продаж 90 дн
oz_acc1,930618517,от 2000 до 5000,13.0,нет продаж 90 дн
oz_acc1,930618586,Эксперимент1,8.0,нет продаж 90 дн
oz_acc1,930618777,Эксперимент1,8.0,нет продаж 90 дн
oz_acc1,930619042,Эксперимент1,8.0,нет продаж 90 дн
oz_acc1,930619083,Эксперимент1,8.0,нет продаж 90 дн
oz_acc1,930619167,Эксперимент1,8.0,нет маржи и нет продаж 90 дн
oz_acc1,930619267,Эксперимент1,8.0,нет маржи и нет продаж 90 дн
oz_acc1,930619327,от 1000-2000,12.0,нет маржи и нет продаж 90 дн
oz_acc1,930619327,Эксперимент1,8.0,нет маржи и нет продаж 90 дн
oz_acc1,930619468,Эксперимент1,8.0,нет маржи и нет продаж 90 дн
oz_acc1,930619552,Эксперимент1,8.0,нет продаж 90 дн
oz_acc1,930619573,Эксперимент1,8.0,нет продаж 90 дн
oz_acc1,930619621,Эксперимент1,8.0,нет продаж 90 дн
oz_acc1,930619680,от 2000 до 5000,12.0,нет продаж 90 дн
oz_acc1,930619752,Эксперимент1,8.0,нет продаж 90 дн
oz_acc1,930619791,Эксперимент1,9.0,нет маржи и нет продаж 90 дн
oz_acc1,930619800,от 5000 до 10000,12.0,нет продаж 90 дн
oz_acc1,930619837,Эксперимент1,9.0,нет маржи и нет продаж 90 дн
oz_acc1,930620010,Эксперимент1,8.0,нет продаж 90 дн
oz_acc1,930620011,Эксперимент1,8.0,нет продаж 90 дн
oz_acc1,930620092,Эксперимент1,8.0,нет маржи и нет продаж 90 дн
oz_acc1,930620208,Эксперимент1,8.0,нет маржи и нет продаж 90 дн
oz_acc1,930620259,Эксперимент1,8.0,нет продаж 90 дн
oz_acc1,930620380,Эксперимент1,8.0,нет продаж 90 дн
oz_acc1,930620396,от 2000 до 5000,12.0,нет маржи и нет продаж 90 дн
oz_acc1,930620474,от 1000-2000,12.0,нет продаж 90 дн
oz_acc1,930620474,Эксперимент1,8.0,нет продаж 90 дн
oz_acc1,930620484,от 5000 до 10000,12.0,нет маржи и нет продаж 90 дн
oz_acc1,930620484,Эксперимент1,8.0,нет маржи и нет продаж 90 дн
oz_acc1,930620560,Эксперимент1,8.0,нет продаж 90 дн
oz_acc1,930620635,Эксперимент1,8.0,нет маржи и нет продаж 90 дн
oz_acc1,930620643,от 10000 до 500 тыс,12.0,нет маржи и нет продаж 90 дн
oz_acc1,930620738,Эксперимент1,8.0,нет маржи и нет продаж 90 дн
oz_acc1,930620876,от 2000 до 5000,12.0,нет продаж 90 дн
oz_acc1,930620977,от 2000 до 5000,12.0,нет продаж 90 дн
oz_acc1,930621027,Эксперимент1,8.0,нет маржи и нет продаж 90 дн
oz_acc1,930621119,Эксперимент1,8.0,нет маржи и нет продаж 90 дн
oz_acc1,930621212,от 2000 до 5000,12.0,нет маржи и нет продаж 90 дн
oz_acc1,930621286,Эксперимент1,8.0,нет продаж 90 дн
oz_acc1,930621360,Эксперимент1,8.0,нет продаж 90 дн
oz_acc1,930621394,Эксперимент1,8.0,нет маржи и нет продаж 90 дн
oz_acc1,930621420,Эксперимент1,8.0,нет продаж 90 дн
oz_acc1,930621491,от 2000 до 5000,12.0,нет продаж 90 дн
oz_acc1,930621563,от 0 до 1000,10.0,нет маржи и нет продаж 90 дн
oz_acc1,930621621,от 5000 до 10000,12.0,нет продаж 90 дн
oz_acc1,930621621,Эксперимент1,8.0,нет продаж 90 дн
oz_acc1,930621697,от 0 до 1000,10.0,нет маржи и нет продаж 90 дн
oz_acc1,930621701,от 2000 до 5000,12.0,нет маржи и нет продаж 90 дн
oz_acc1,930621790,Эксперимент1,8.0,нет продаж 90 дн
oz_acc1,930621855,от 10000 до 500 тыс,12.0,нет продаж 90 дн
oz_acc1,930621908,Эксперимент1,8.0,нет маржи и нет продаж 90 дн
oz_acc1,930622061,Эксперимент1,8.0,нет продаж 90 дн
oz_acc1,930622094,от 5000 до 10000,12.0,нет продаж 90 дн
oz_acc1,930622136,от 2000 до 5000,12.0,нет продаж 90 дн
oz_acc1,930622177,от 0 до 1000,10.0,нет маржи и нет продаж 90 дн
oz_acc1,930622451,от 5000 до 10000,12.0,нет маржи и нет продаж 90 дн
oz_acc1,930622463,от 2000 до 5000,12.0,нет продаж 90 дн
oz_acc1,930622519,Эксперимент1,8.0,нет маржи и нет продаж 90 дн
oz_acc1,930622568,Эксперимент1,8.0,нет маржи и нет продаж 90 дн
oz_acc1,930622577,Эксперимент1,8.0,нет маржи и нет продаж 90 дн
oz_acc1,930622634,от 2000 до 5000,12.0,нет продаж 90 дн
oz_acc1,930622648,от 0 до 1000,10.0,нет маржи и нет продаж 90 дн
oz_acc1,930622765,Эксперимент1,8.0,нет маржи и нет продаж 90 дн
oz_acc1,930622851,Эксперимент1,8.0,нет маржи и нет продаж 90 дн
oz_acc1,930622887,Эксперимент1,8.0,нет продаж 90 дн
oz_acc1,930622903,Эксперимент1,8.0,нет продаж 90 дн
oz_acc1,930623066,от 1000-2000,12.0,нет маржи и нет продаж 90 дн
oz_acc1,930623066,Эксперимент1,7.0,нет маржи и нет продаж 90 дн
oz_acc1,930623148,от 10000 до 500 тыс,12.0,нет продаж 90 дн
oz_acc1,930623148,Эксперимент1,8.0,нет продаж 90 дн
oz_acc1,930623151,от 2000 до 5000,12.0,нет маржи и нет продаж 90 дн
oz_acc1,930623198,Эксперимент1,8.0,нет продаж 90 дн
oz_acc1,930623206,от 10000 до 500 тыс,12.0,нет маржи и нет продаж 90 дн
oz_acc1,930623236,Эксперимент1,8.0,нет маржи и нет продаж 90 дн
oz_acc1,930623283,Эксперимент1,8.0,нет продаж 90 дн
oz_acc1,930623330,Эксперимент1,8.0,нет маржи и нет продаж 90 дн
oz_acc1,930623391,от 2000 до 5000,12.0,нет маржи и нет продаж 90 дн
oz_acc1,930623493,от 2000 до 5000,12.0,нет продаж 90 дн
oz_acc1,930623500,от 5000 до 10000,12.0,нет маржи и нет продаж 90 дн
oz_acc1,930623639,Эксперимент1,8.0,нет маржи и нет продаж 90 дн
oz_acc1,930623713,от 0 до 1000,10.0,нет маржи и нет продаж 90 дн
oz_acc1,930623814,Эксперимент1,8.0,нет продаж 90 дн
oz_acc1,930623990,Эксперимент1,8.0,нет маржи и нет продаж 90 дн
oz_acc1,930624154,от 5000 до 10000,12.0,нет маржи и нет продаж 90 дн
oz_acc1,930624181,от 1000-2000,12.0,нет продаж 90 дн
oz_acc1,930624327,от 2000 до 5000,12.0,нет маржи и нет продаж 90 дн
oz_acc1,930624340,от 2000 до 5000,12.0,нет продаж 90 дн
oz_acc1,930624553,Эксперимент1,8.0,нет продаж 90 дн
oz_acc1,930624561,Эксперимент1,8.0,нет продаж 90 дн
oz_acc1,930624618,Эксперимент1,8.0,нет маржи и нет продаж 90 дн
oz_acc1,930624702,Эксперимент1,8.0,нет маржи и нет продаж 90 дн
oz_acc1,930624769,Эксперимент1,9.0,нет маржи и нет продаж 90 дн
oz_acc1,930624797,от 2000 до 5000,12.0,нет продаж 90 дн
oz_acc1,930624916,Эксперимент1,8.0,нет маржи и нет продаж 90 дн
oz_acc1,930624996,Эксперимент1,8.0,нет продаж 90 дн
oz_acc1,930624998,Эксперимент1,8.0,нет продаж 90 дн
oz_acc1,930625072,от 1000-2000,10.0,нет продаж 90 дн
oz_acc1,930625072,Эксперимент1,7.0,нет продаж 90 дн
oz_acc1,930625112,Эксперимент1,8.0,нет маржи и нет продаж 90 дн
oz_acc1,930625127,от 2000 до 5000,12.0,нет продаж 90 дн
oz_acc1,930625233,от 2000 до 5000,12.0,нет продаж 90 дн
oz_acc1,930625237,от 2000 до 5000,12.0,нет маржи и нет продаж 90 дн
oz_acc1,930625377,Эксперимент1,8.0,нет продаж 90 дн
oz_acc1,930625435,Эксперимент1,8.0,нет маржи и нет продаж 90 дн
oz_acc1,930625530,от 10000 до 500 тыс,12.0,нет маржи и нет продаж 90 дн
oz_acc1,930625530,Пустые РК,12.0,нет маржи и нет продаж 90 дн
oz_acc1,930625666,Эксперимент1,8.0,нет продаж 90 дн
oz_acc1,930625729,Эксперимент1,8.0,нет маржи и нет продаж 90 дн
oz_acc1,930625734,Эксперимент1,8.0,нет маржи и нет продаж 90 дн
oz_acc1,930625739,от 10000 до 500 тыс,12.0,нет продаж 90 дн
oz_acc1,930625783,Эксперимент1,8.0,нет продаж 90 дн
oz_acc1,930625824,Эксперимент1,8.0,нет маржи и нет продаж 90 дн
oz_acc1,930625845,Эксперимент1,8.0,нет маржи и нет продаж 90 дн
oz_acc1,930625862,от 1000-2000,10.0,нет маржи и нет продаж 90 дн
oz_acc1,930625888,Эксперимент1,10.0,нет продаж 90 дн
oz_acc1,930625970,от 2000 до 5000,12.0,нет маржи и нет продаж 90 дн
oz_acc1,930626000,от 5000 до 10000,12.0,нет маржи и нет продаж 90 дн
oz_acc1,930626003,от 1000-2000,12.0,нет маржи и нет продаж 90 дн
oz_acc1,930626048,Эксперимент1,8.0,нет маржи и нет продаж 90 дн
oz_acc1,930626053,Эксперимент1,8.0,нет маржи и нет продаж 90 дн
oz_acc1,930626065,Эксперимент1,8.0,нет маржи и нет продаж 90 дн
oz_acc1,930626206,Эксперимент1,9.0,нет продаж 90 дн
oz_acc1,930626297,Эксперимент1,8.0,нет продаж 90 дн
oz_acc1,930626309,от 2000 до 5000,12.0,нет продаж 90 дн
oz_acc1,930626420,от 1000-2000,12.0,нет маржи и нет продаж 90 дн
oz_acc1,930626455,Эксперимент1,8.0,нет продаж 90 дн
oz_acc1,930626557,Эксперимент1,8.0,нет маржи и нет продаж 90 дн
oz_acc1,930626674,от 10000 до 500 тыс,12.0,нет маржи и нет продаж 90 дн
oz_acc1,930626674,Эксперимент1,8.0,нет маржи и нет продаж 90 дн
oz_acc1,930626677,Эксперимент1,8.0,нет продаж 90 дн
oz_acc1,930626690,от 2000 до 5000,12.0,нет продаж 90 дн
oz_acc1,930626695,Эксперимент1,8.0,нет маржи и нет продаж 90 дн
oz_acc1,930626792,Эксперимент1,8.0,нет продаж 90 дн
oz_acc1,930626804,от 2000 до 5000,12.0,нет маржи и нет продаж 90 дн
oz_acc1,930626830,от 10000 до 500 тыс,12.0,нет продаж 90 дн
oz_acc1,930626861,от 2000 до 5000,12.0,нет продаж 90 дн
oz_acc1,930626891,Эксперимент1,8.0,нет продаж 90 дн
oz_acc1,930626913,от 5000 до 10000,12.0,нет маржи и нет продаж 90 дн
oz_acc1,930626916,от 10000 до 500 тыс,12.0,нет маржи и нет продаж 90 дн
oz_acc1,930626943,Эксперимент1,11.0,нет маржи и нет продаж 90 дн
oz_acc1,930626961,от 2000 до 5000,12.0,нет продаж 90 дн
oz_acc1,930626976,Эксперимент1,8.0,нет продаж 90 дн
oz_acc1,930627027,от 2000 до 5000,12.0,нет продаж 90 дн
oz_acc1,930627101,Эксперимент1,8.0,нет маржи и нет продаж 90 дн
oz_acc1,930627108,Эксперимент1,8.0,нет продаж 90 дн
oz_acc1,930627250,Эксперимент1,8.0,нет маржи и нет продаж 90 дн
oz_acc1,930627274,Эксперимент1,8.0,нет продаж 90 дн
oz_acc1,930627282,Эксперимент1,8.0,нет продаж 90 дн
oz_acc1,930627310,от 2000 до 5000,12.0,нет продаж 90 дн
oz_acc1,930627427,Эксперимент1,8.0,нет маржи и нет продаж 90 дн
oz_acc1,930627500,Эксперимент1,8.0,нет продаж 90 дн
oz_acc1,930627807,Эксперимент1,8.0,нет продаж 90 дн
oz_acc1,930627839,от 0 до 1000,10.0,нет маржи и нет продаж 90 дн
oz_acc1,930627922,Эксперимент1,8.0,нет продаж 90 дн
oz_acc1,930627928,от 2000 до 5000,12.0,нет маржи и нет продаж 90 дн
oz_acc1,930627928,Эксперимент1,8.0,нет маржи и нет продаж 90 дн
oz_acc1,930627967,от 0 до 1000,10.0,нет маржи и нет продаж 90 дн
oz_acc1,930628037,от 10000 до 500 тыс,12.0,нет продаж 90 дн
oz_acc1,930628093,Эксперимент1,8.0,нет маржи и нет продаж 90 дн
oz_acc1,930628137,Эксперимент1,8.0,нет продаж 90 дн
oz_acc1,930628628,Эксперимент1,8.0,нет маржи и нет продаж 90 дн
oz_acc1,930628629,Эксперимент1,8.0,нет маржи и нет продаж 90 дн
oz_acc1,930628721,Эксперимент1,9.0,нет маржи и нет продаж 90 дн
oz_acc1,930628953,Эксперимент1,8.0,нет продаж 90 дн
oz_acc1,930629092,от 2000 до 5000,12.0,нет продаж 90 дн
oz_acc1,930629178,Эксперимент1,8.0,нет маржи и нет продаж 90 дн
oz_acc1,930629235,Эксперимент1,8.0,нет маржи и нет продаж 90 дн
oz_acc1,930629266,Эксперимент1,8.0,нет продаж 90 дн
oz_acc1,930629339,от 2000 до 5000,12.0,нет продаж 90 дн
oz_acc1,930629425,Эксперимент1,8.0,нет маржи и нет продаж 90 дн
oz_acc1,930629627,Эксперимент1,8.0,нет маржи и нет продаж 90 дн
oz_acc1,930629965,от 2000 до 5000,12.0,нет маржи и нет продаж 90 дн
oz_acc1,930629965,Эксперимент1,9.0,нет маржи и нет продаж 90 дн
oz_acc1,930630112,Эксперимент1,8.0,нет продаж 90 дн
oz_acc1,930630465,от 2000 до 5000,12.0,нет продаж 90 дн
oz_acc1,930630519,от 2000 до 5000,12.0,нет продаж 90 дн
oz_acc1,930630542,Эксперимент1,9.0,нет маржи и нет продаж 90 дн
oz_acc1,930630544,Эксперимент1,8.0,нет маржи и нет продаж 90 дн
oz_acc1,930630599,от 5000 до 10000,12.0,нет продаж 90 дн
oz_acc1,930630616,Эксперимент1,8.0,нет продаж 90 дн
oz_acc1,930630663,Эксперимент1,8.0,нет продаж 90 дн
oz_acc1,930630722,от 2000 до 5000,12.0,нет продаж 90 дн
oz_acc1,930630754,от 2000 до 5000,12.0,нет маржи и нет продаж 90 дн
oz_acc1,930630765,от 1000-2000,10.0,нет продаж 90 дн
oz_acc1,930630861,от 5000 до 10000,12.0,нет маржи и нет продаж 90 дн
oz_acc1,930630903,Эксперимент1,10.0,нет продаж 90 дн
oz_acc1,930630956,Эксперимент1,8.0,нет маржи и нет продаж 90 дн
oz_acc1,930631025,Эксперимент1,8.0,нет маржи и нет продаж 90 дн
oz_acc1,930631055,от 5000 до 10000,12.0,нет маржи и нет продаж 90 дн
oz_acc1,930631124,Эксперимент1,8.0,нет продаж 90 дн
oz_acc1,930631308,Пустые РК,12.0,нет продаж 90 дн
oz_acc1,930631482,от 1000-2000,10.0,нет маржи и нет продаж 90 дн
oz_acc1,930631541,Эксперимент1,8.0,нет маржи и нет продаж 90 дн
oz_acc1,930631571,Эксперимент1,9.0,нет продаж 90 дн
oz_acc1,930631600,Эксперимент1,8.0,нет маржи и нет продаж 90 дн
oz_acc1,930631615,Эксперимент1,8.0,нет продаж 90 дн
oz_acc1,930631637,Эксперимент1,8.0,нет продаж 90 дн
oz_acc1,930631766,Эксперимент1,8.0,нет маржи и нет продаж 90 дн
oz_acc1,930631834,Эксперимент1,8.0,нет маржи и нет продаж 90 дн
oz_acc1,930631898,от 5000 до 10000,12.0,нет продаж 90 дн
oz_acc1,930631898,Эксперимент1,8.0,нет продаж 90 дн
oz_acc1,930631903,от 2000 до 5000,12.0,нет продаж 90 дн
oz_acc1,930632011,от 10000 до 500 тыс,12.0,нет продаж 90 дн
oz_acc1,930632063,Эксперимент1,8.0,нет продаж 90 дн
oz_acc1,930632286,от 2000 до 5000,13.0,нет маржи и нет продаж 90 дн
oz_acc1,930632286,Эксперимент1,9.0,нет маржи и нет продаж 90 дн
oz_acc1,930632324,от 2000 до 5000,12.0,нет продаж 90 дн
oz_acc1,930632423,от 2000 до 5000,12.0,нет продаж 90 дн
oz_acc1,930632463,Эксперимент1,8.0,нет маржи и нет продаж 90 дн
oz_acc1,930633212,Эксперимент1,8.0,нет маржи и нет продаж 90 дн
oz_acc1,930633614,Эксперимент1,8.0,нет маржи и нет продаж 90 дн
oz_acc1,930633662,Эксперимент1,8.0,нет продаж 90 дн
oz_acc1,930633844,Эксперимент1,8.0,нет маржи и нет продаж 90 дн
oz_acc1,930634105,Эксперимент1,8.0,нет продаж 90 дн
oz_acc1,930634713,от 2000 до 5000,12.0,нет продаж 90 дн
oz_acc1,930635010,Эксперимент1,8.0,нет маржи и нет продаж 90 дн
oz_acc1,930635465,Эксперимент1,8.0,нет маржи и нет продаж 90 дн
oz_acc1,930636720,Эксперимент1,8.0,нет маржи и нет продаж 90 дн
oz_acc1,930636884,Эксперимент1,8.0,нет маржи и нет продаж 90 дн
oz_acc1,930636983,от 5000 до 10000,12.0,нет продаж 90 дн
oz_acc1,930637150,от 2000 до 5000,12.0,нет продаж 90 дн
oz_acc1,930637306,от 2000 до 5000,12.0,нет маржи и нет продаж 90 дн
oz_acc1,930637503,от 2000 до 5000,12.0,нет продаж 90 дн
oz_acc1,930637552,Эксперимент1,8.0,нет продаж 90 дн
oz_acc1,930637673,Эксперимент1,8.0,нет продаж 90 дн
oz_acc1,930637795,от 10000 до 500 тыс,12.0,нет продаж 90 дн
oz_acc1,930637795,Эксперимент1,8.0,нет продаж 90 дн
oz_acc1,930637839,от 5000 до 10000,15.0,нет маржи и нет продаж 90 дн
oz_acc1,930637839,Эксперимент1,11.0,нет маржи и нет продаж 90 дн
oz_acc1,930638083,Эксперимент1,8.0,нет маржи и нет продаж 90 дн
oz_acc1,930638098,от 2000 до 5000,12.0,нет маржи и нет продаж 90 дн
oz_acc1,930638268,от 0 до 1000,10.0,нет маржи и нет продаж 90 дн
oz_acc1,930638268,Эксперимент1,6.0,нет маржи и нет продаж 90 дн
oz_acc1,930638331,Эксперимент1,8.0,нет продаж 90 дн
oz_acc1,930638403,от 10000 до 500 тыс,12.0,нет маржи и нет продаж 90 дн
oz_acc1,930638403,Эксперимент1,8.0,нет маржи и нет продаж 90 дн
oz_acc1,930638969,Эксперимент1,8.0,нет маржи и нет продаж 90 дн
oz_acc1,930639103,Эксперимент1,8.0,нет продаж 90 дн
oz_acc1,930639137,от 2000 до 5000,13.0,нет продаж 90 дн
oz_acc1,930639387,Эксперимент1,8.0,нет продаж 90 дн
oz_acc1,930639432,Эксперимент1,8.0,нет маржи и нет продаж 90 дн
oz_acc1,930639448,Эксперимент1,8.0,нет продаж 90 дн
oz_acc1,930639462,Эксперимент1,8.0,нет продаж 90 дн
oz_acc1,930639517,Эксперимент1,8.0,нет маржи и нет продаж 90 дн
oz_acc1,930639737,от 10000 до 500 тыс,12.0,нет маржи и нет продаж 90 дн
oz_acc1,930639840,от 5000 до 10000,12.0,нет маржи и нет продаж 90 дн
oz_acc1,930639962,от 10000 до 500 тыс,12.0,нет продаж 90 дн
oz_acc1,930640123,Эксперимент1,8.0,нет маржи и нет продаж 90 дн
oz_acc1,930640218,от 5000 до 10000,12.0,нет продаж 90 дн
oz_acc1,930640268,Эксперимент1,8.0,нет продаж 90 дн
oz_acc1,930640401,Эксперимент1,8.0,нет продаж 90 дн
oz_acc1,930640465,Эксперимент1,8.0,нет маржи и нет продаж 90 дн
oz_acc1,930640472,Эксперимент1,8.0,нет продаж 90 дн
oz_acc1,930640533,Эксперимент1,8.0,нет маржи и нет продаж 90 дн
oz_acc1,930640621,Эксперимент1,8.0,нет продаж 90 дн
oz_acc1,930640667,Эксперимент1,8.0,нет продаж 90 дн
oz_acc1,930640698,Эксперимент1,8.0,нет маржи и нет продаж 90 дн
oz_acc1,930640829,от 2000 до 5000,12.0,нет продаж 90 дн
oz_acc1,930640862,от 2000 до 5000,12.0,нет маржи и нет продаж 90 дн
oz_acc1,930640875,Эксперимент1,10.0,нет маржи и нет продаж 90 дн
oz_acc1,930640986,Эксперимент1,8.0,нет маржи и нет продаж 90 дн
oz_acc1,930641100,от 5000 до 10000,12.0,нет маржи и нет продаж 90 дн
oz_acc1,930641100,Эксперимент1,8.0,нет маржи и нет продаж 90 дн
oz_acc1,930641118,Эксперимент1,8.0,нет маржи и нет продаж 90 дн
oz_acc1,930641142,Эксперимент1,8.0,нет продаж 90 дн
oz_acc1,930641156,Эксперимент1,8.0,нет маржи и нет продаж 90 дн
oz_acc1,930641159,от 5000 до 10000,12.0,нет продаж 90 дн
oz_acc1,930641176,от 2000 до 5000,12.0,нет продаж 90 дн
oz_acc1,930641192,от 2000 до 5000,12.0,нет маржи и нет продаж 90 дн
oz_acc1,930641210,Эксперимент1,8.0,нет маржи и нет продаж 90 дн
oz_acc1,930641213,Эксперимент1,8.0,нет продаж 90 дн
oz_acc1,930641228,Эксперимент1,8.0,нет маржи и нет продаж 90 дн
oz_acc1,930641252,от 2000 до 5000,12.0,нет маржи и нет продаж 90 дн
oz_acc1,930641253,от 1000-2000,10.0,нет продаж 90 дн
oz_acc1,930641256,Эксперимент1,8.0,нет продаж 90 дн
oz_acc1,930641288,Эксперимент1,8.0,нет продаж 90 дн
oz_acc1,930641305,от 5000 до 10000,12.0,нет маржи и нет продаж 90 дн
oz_acc1,930641305,Эксперимент1,8.0,нет маржи и нет продаж 90 дн
oz_acc1,930641368,Эксперимент1,8.0,нет маржи и нет продаж 90 дн
oz_acc1,930641393,Эксперимент1,8.0,нет продаж 90 дн
oz_acc1,930641468,Эксперимент1,8.0,нет продаж 90 дн
oz_acc1,930641497,Эксперимент1,8.0,нет продаж 90 дн
oz_acc1,930641530,от 2000 до 5000,12.0,нет маржи и нет продаж 90 дн
oz_acc1,930641540,от 5000 до 10000,12.0,нет продаж 90 дн
oz_acc1,930641578,Эксперимент1,8.0,нет маржи и нет продаж 90 дн
oz_acc1,930641594,от 2000 до 5000,12.0,нет продаж 90 дн
oz_acc1,930641594,Эксперимент1,8.0,нет продаж 90 дн
oz_acc1,930641604,Эксперимент1,8.0,нет маржи и нет продаж 90 дн
oz_acc1,930641607,Эксперимент1,7.0,нет продаж 90 дн
oz_acc1,930641614,Эксперимент1,8.0,нет продаж 90 дн
oz_acc1,930641616,от 5000 до 10000,12.0,нет маржи и нет продаж 90 дн
oz_acc1,930641631,от 2000 до 5000,12.0,нет продаж 90 дн
oz_acc1,930641648,Эксперимент1,8.0,нет маржи и нет продаж 90 дн
oz_acc1,930641668,Эксперимент1,8.0,нет маржи и нет продаж 90 дн
oz_acc1,930641766,Эксперимент1,8.0,нет маржи и нет продаж 90 дн
oz_acc1,930641782,Эксперимент1,8.0,нет продаж 90 дн
oz_acc1,930641869,от 5000 до 10000,12.0,нет маржи и нет продаж 90 дн
oz_acc1,930641883,Эксперимент1,8.0,нет маржи и нет продаж 90 дн
oz_acc1,930641901,от 2000 до 5000,12.0,нет маржи и нет продаж 90 дн
oz_acc1,930641902,от 2000 до 5000,12.0,нет продаж 90 дн
oz_acc1,930641902,Эксперимент1,8.0,нет продаж 90 дн
oz_acc1,930641909,от 2000 до 5000,12.0,нет маржи и нет продаж 90 дн
oz_acc1,930641924,Эксперимент1,8.0,нет продаж 90 дн
oz_acc1,930641945,Эксперимент1,8.0,нет маржи и нет продаж 90 дн
oz_acc1,930641958,Эксперимент1,8.0,нет продаж 90 дн
oz_acc1,930642074,от 2000 до 5000,12.0,нет продаж 90 дн
oz_acc1,930642074,Эксперимент1,8.0,нет продаж 90 дн
oz_acc1,930642098,Эксперимент1,8.0,нет маржи и нет продаж 90 дн
oz_acc1,930642148,от 2000 до 5000,12.0,нет продаж 90 дн
oz_acc1,930642183,Эксперимент1,8.0,нет продаж 90 дн
oz_acc1,930642448,Эксперимент1,9.0,нет маржи и нет продаж 90 дн
oz_acc1,930642728,Эксперимент1,8.0,нет маржи и нет продаж 90 дн
oz_acc1,930642749,от 1000-2000,10.0,нет продаж 90 дн
oz_acc1,935305856,от 5000 до 10000,12.0,нет продаж 90 дн
oz_acc1,983772325,от 2000 до 5000,12.0,нет продаж 90 дн
oz_acc1,983880686,Эксперимент1,8.0,нет маржи и нет продаж 90 дн
oz_acc1,983886316,от 2000 до 5000,12.0,нет продаж 90 дн
oz_acc1,983886316,Эксперимент1,8.0,нет продаж 90 дн
oz_acc1,984582603,Эксперимент1,8.0,нет продаж 90 дн
oz_acc1,984582612,от 1000-2000,12.0,нет маржи и нет продаж 90 дн
oz_acc1,984583278,Эксперимент1,8.0,нет продаж 90 дн
oz_acc1,984583314,от 10000 до 500 тыс,13.0,нет маржи и нет продаж 90 дн
oz_acc1,984583392,от 5000 до 10000,12.0,нет маржи и нет продаж 90 дн
oz_acc1,984583506,от 2000 до 5000,12.0,нет продаж 90 дн
oz_acc1,984583599,от 10000 до 500 тыс,12.0,нет маржи и нет продаж 90 дн
oz_acc1,984583599,Эксперимент1,8.0,нет маржи и нет продаж 90 дн
oz_acc1,984583787,Пустые РК,12.0,нет продаж 90 дн
oz_acc1,984583828,Эксперимент1,8.0,нет маржи и нет продаж 90 дн
oz_acc1,984583862,Эксперимент1,8.0,нет маржи и нет продаж 90 дн
oz_acc1,984583951,Эксперимент1,8.0,нет продаж 90 дн
oz_acc1,984584085,Эксперимент1,8.0,нет продаж 90 дн
oz_acc1,984584149,Эксперимент1,8.0,нет маржи и нет продаж 90 дн
oz_acc1,984584240,Эксперимент1,8.0,нет продаж 90 дн
oz_acc1,984584443,Эксперимент1,8.0,нет продаж 90 дн
oz_acc1,984585154,от 1000-2000,12.0,нет продаж 90 дн
oz_acc2,1805307166,Все,8.0,нет продаж 90 дн
oz_acc2,1805307166,3000-5000,12.0,нет продаж 90 дн
oz_acc2,1805370903,Все,8.0,нет продаж 90 дн
oz_acc2,1805370903,от 0 до 3000,12.0,нет продаж 90 дн
oz_acc2,1822591480,Все,8.0,нет продаж 90 дн
oz_acc2,1822591480,от 0 до 3000,12.0,нет продаж 90 дн
oz_acc2,1822591603,Все,8.0,нет продаж 90 дн
oz_acc2,1822591603,от 0 до 3000,12.0,нет продаж 90 дн
oz_acc2,1822597033,Все,8.0,нет продаж 90 дн
oz_acc2,1822597033,от 0 до 3000,12.0,нет продаж 90 дн
oz_acc2,1822597085,Все,8.0,нет продаж 90 дн
oz_acc2,1822597130,Все,8.0,нет продаж 90 дн
oz_acc2,1822597130,от 0 до 3000,12.0,нет продаж 90 дн
oz_acc2,1822597163,Все,8.0,нет продаж 90 дн
oz_acc2,1822597183,Все,8.0,нет продаж 90 дн
oz_acc2,1822597196,Все,8.0,нет продаж 90 дн
oz_acc2,1822597302,Все,8.0,нет продаж 90 дн
oz_acc2,1822597302,от 0 до 3000,12.0,нет продаж 90 дн
oz_acc2,1822597338,Все,8.0,нет продаж 90 дн
oz_acc2,1822597338,3000-5000,12.0,нет продаж 90 дн
oz_acc2,1822597375,Все,8.0,нет продаж 90 дн
oz_acc2,1822597384,Все,8.0,нет продаж 90 дн
oz_acc2,1822597464,Все,8.0,нет продаж 90 дн
oz_acc2,1822597464,от 0 до 3000,12.0,нет продаж 90 дн
oz_acc2,1822597481,Все,8.0,нет продаж 90 дн
oz_acc2,1822597496,Все,8.0,нет продаж 90 дн
oz_acc2,1822597500,Все,8.0,нет продаж 90 дн
oz_acc2,1822597501,Все,8.0,нет продаж 90 дн
oz_acc2,1822597517,Все,8.0,нет продаж 90 дн
oz_acc2,1822597519,Все,8.0,нет продаж 90 дн
oz_acc2,1822597519,от 0 до 3000,12.0,нет продаж 90 дн
oz_acc2,1822597548,Все,8.0,нет продаж 90 дн
oz_acc2,1822597581,Все,8.0,нет продаж 90 дн
oz_acc2,1822597589,Все,8.0,нет продаж 90 дн
oz_acc2,1822597592,Все,8.0,нет продаж 90 дн
oz_acc2,1822597612,Все,8.0,нет продаж 90 дн
oz_acc2,1822597612,от 0 до 3000,12.0,нет продаж 90 дн
oz_acc2,1822597624,Все,8.0,нет продаж 90 дн
oz_acc2,1822597632,Все,8.0,нет продаж 90 дн
oz_acc2,1822597635,Все,8.0,нет продаж 90 дн
oz_acc2,1822597646,Все,8.0,нет продаж 90 дн
oz_acc2,1822597664,Все,8.0,нет продаж 90 дн
oz_acc2,1822597681,Все,8.0,нет продаж 90 дн
oz_acc2,1822597681,от 0 до 3000,12.0,нет продаж 90 дн
oz_acc2,1822597707,Все,8.0,нет продаж 90 дн
oz_acc2,1822597707,от 0 до 3000,12.0,нет продаж 90 дн
oz_acc2,1822597711,Все,8.0,нет продаж 90 дн
oz_acc2,1822597713,Все,8.0,нет продаж 90 дн
oz_acc2,1822597713,от 0 до 3000,12.0,нет продаж 90 дн
oz_acc2,1822597727,Все,8.0,нет продаж 90 дн
oz_acc2,1822885984,Все,8.0,нет продаж 90 дн
oz_acc2,1822887299,Все,8.0,нет маржи и нет продаж 90 дн
oz_acc2,1822887299,3000-5000,12.0,нет маржи и нет продаж 90 дн
oz_acc2,1822887947,Все,8.0,нет продаж 90 дн
oz_acc2,1822887974,Все,8.0,нет продаж 90 дн
oz_acc2,1822888662,Все,8.0,нет продаж 90 дн
oz_acc2,1822888888,Все,8.0,нет продаж 90 дн
oz_acc2,1822888911,Все,8.0,нет продаж 90 дн
oz_acc2,1822888911,от 0 до 3000,12.0,нет продаж 90 дн
oz_acc2,1822888933,Все,8.0,нет продаж 90 дн
oz_acc2,1822888933,от 0 до 3000,12.0,нет продаж 90 дн
oz_acc2,1822889301,Все,8.0,нет продаж 90 дн
oz_acc2,1822889473,Все,8.0,нет продаж 90 дн
oz_acc2,1822889473,от 0 до 3000,12.0,нет продаж 90 дн
oz_acc2,1822890007,Все,9.0,нет маржи и нет продаж 90 дн
oz_acc2,1822890007,от 0 до 3000,13.0,нет маржи и нет продаж 90 дн
oz_acc2,1822890023,Все,8.0,нет маржи и нет продаж 90 дн
oz_acc2,1822890234,Все,8.0,нет продаж 90 дн
oz_acc2,1822890242,Все,8.0,нет маржи и нет продаж 90 дн
oz_acc2,1822890242,10000-500000,12.0,нет маржи и нет продаж 90 дн
oz_acc2,1822890547,Все,8.0,нет продаж 90 дн
oz_acc2,1822890687,Все,8.0,нет продаж 90 дн
oz_acc2,1822890744,Все,8.0,нет продаж 90 дн
oz_acc2,1822890924,Все,8.0,нет продаж 90 дн
oz_acc2,1822890998,Все,8.0,нет маржи и нет продаж 90 дн
oz_acc2,1822891104,Все,8.0,нет продаж 90 дн
oz_acc2,1822891104,от 0 до 3000,12.0,нет продаж 90 дн
oz_acc2,1822891341,Все,8.0,нет маржи и нет продаж 90 дн
oz_acc2,1822891392,Все,8.0,нет продаж 90 дн
oz_acc2,1822891400,Все,8.0,нет продаж 90 дн
oz_acc2,1822891400,от 0 до 3000,12.0,нет продаж 90 дн
oz_acc2,1822891568,Все,8.0,нет продаж 90 дн
oz_acc2,1822891847,Все,8.0,нет продаж 90 дн
oz_acc2,1822891883,Все,8.0,нет продаж 90 дн
oz_acc2,1822891927,Все,8.0,нет продаж 90 дн
oz_acc2,1822892063,Все,8.0,нет продаж 90 дн
oz_acc2,1822892063,от 0 до 3000,12.0,нет продаж 90 дн
oz_acc2,1822892139,Все,8.0,нет продаж 90 дн
oz_acc2,1822892139,от 0 до 3000,12.0,нет продаж 90 дн
oz_acc2,1822892194,Все,8.0,нет продаж 90 дн
oz_acc2,1822892362,Все,7.0,нет продаж 90 дн
oz_acc2,1822892596,Все,7.0,нет продаж 90 дн
oz_acc2,1822892596,от 0 до 3000,12.0,нет продаж 90 дн
oz_acc2,1822892601,Все,8.0,нет продаж 90 дн
oz_acc2,1822892601,от 0 до 3000,10.0,нет продаж 90 дн
oz_acc2,1822892743,Все,8.0,нет продаж 90 дн
oz_acc2,1822892780,Все,8.0,нет продаж 90 дн
oz_acc2,1822892780,от 0 до 3000,12.0,нет продаж 90 дн
oz_acc2,1822892812,Все,8.0,нет продаж 90 дн
oz_acc2,1822892919,Все,8.0,нет продаж 90 дн
oz_acc2,1822893210,Все,8.0,нет продаж 90 дн
oz_acc2,1822893783,Все,8.0,нет продаж 90 дн
oz_acc2,1822893932,Все,8.0,нет продаж 90 дн
oz_acc2,1822893932,от 0 до 3000,10.0,нет продаж 90 дн
oz_acc2,1822894255,Все,8.0,нет продаж 90 дн
oz_acc2,1822894511,Все,8.0,нет продаж 90 дн
oz_acc2,1822894777,Все,8.0,нет продаж 90 дн
oz_acc2,1822894984,Все,8.0,нет маржи и нет продаж 90 дн
oz_acc2,1822894984,от 0 до 3000,10.0,нет маржи и нет продаж 90 дн
oz_acc2,1822895039,Все,8.0,нет маржи и нет продаж 90 дн
oz_acc2,1822895337,Все,8.0,нет продаж 90 дн
oz_acc2,1822895337,от 0 до 3000,12.0,нет продаж 90 дн
oz_acc2,1822895498,Все,8.0,нет продаж 90 дн
oz_acc2,1822895504,Все,8.0,нет продаж 90 дн
oz_acc2,1822895504,от 0 до 3000,10.0,нет продаж 90 дн
oz_acc2,1822903622,Все,8.0,нет продаж 90 дн
oz_acc2,1822903735,Все,8.0,нет продаж 90 дн
oz_acc2,1822904328,Все,8.0,нет продаж 90 дн
oz_acc2,1822904328,от 0 до 3000,12.0,нет продаж 90 дн
oz_acc2,1822904351,Все,8.0,нет продаж 90 дн
oz_acc2,1822904362,Все,8.0,нет продаж 90 дн
oz_acc2,1822904362,от 0 до 3000,12.0,нет продаж 90 дн
oz_acc2,1822905155,Все,8.0,нет продаж 90 дн
oz_acc2,1822905335,Все,8.0,нет продаж 90 дн
oz_acc2,1822905335,от 0 до 3000,12.0,нет продаж 90 дн
oz_acc2,1822905662,Все,8.0,нет продаж 90 дн
oz_acc2,1822905756,Все,8.0,нет продаж 90 дн
oz_acc2,1822905894,Все,8.0,нет продаж 90 дн
oz_acc2,1822906408,Все,8.0,нет продаж 90 дн
oz_acc2,1822906883,Все,8.0,нет продаж 90 дн
oz_acc2,1822906883,3000-5000,17.0,нет продаж 90 дн
oz_acc2,1822906920,Все,7.0,нет продаж 90 дн
oz_acc2,1822906920,от 0 до 3000,10.0,нет продаж 90 дн
oz_acc2,1822907015,Все,7.0,нет продаж 90 дн
oz_acc2,1822907015,от 0 до 3000,12.0,нет продаж 90 дн
oz_acc2,1822907250,Все,7.0,нет продаж 90 дн
oz_acc2,1822907250,от 0 до 3000,10.0,нет продаж 90 дн
oz_acc2,1822907257,Все,8.0,нет продаж 90 дн
oz_acc2,1822907260,Все,8.0,нет продаж 90 дн
oz_acc2,1822907354,Все,8.0,нет продаж 90 дн
oz_acc2,1822907429,Все,8.0,нет продаж 90 дн
oz_acc2,1822907429,от 0 до 3000,10.0,нет продаж 90 дн
oz_acc2,1822907557,Все,8.0,нет продаж 90 дн
oz_acc2,1822907557,от 0 до 3000,12.0,нет продаж 90 дн
oz_acc2,1822907608,Все,8.0,нет продаж 90 дн
oz_acc2,1822907770,Все,8.0,нет продаж 90 дн
oz_acc2,1822907860,Все,8.0,нет продаж 90 дн
oz_acc2,1822907860,от 0 до 3000,12.0,нет продаж 90 дн
oz_acc2,1822908002,Все,8.0,нет продаж 90 дн
oz_acc2,1822908137,Все,8.0,нет продаж 90 дн
oz_acc2,1822908138,Все,8.0,нет продаж 90 дн
oz_acc2,1822908181,Все,8.0,нет продаж 90 дн
oz_acc2,1822908281,Все,8.0,нет продаж 90 дн
oz_acc2,1822908281,от 0 до 3000,12.0,нет продаж 90 дн
oz_acc2,1822908324,Все,8.0,нет продаж 90 дн
oz_acc2,1822908324,от 0 до 3000,12.0,нет продаж 90 дн
oz_acc2,1822908396,Все,8.0,нет продаж 90 дн
oz_acc2,1822908396,от 0 до 3000,10.0,нет продаж 90 дн
oz_acc2,1822908476,Все,8.0,нет продаж 90 дн
oz_acc2,1822908476,от 0 до 3000,12.0,нет продаж 90 дн
oz_acc2,1822908581,Все,8.0,нет продаж 90 дн
oz_acc2,1822908581,от 0 до 3000,12.0,нет продаж 90 дн
oz_acc2,1822908646,Все,8.0,нет продаж 90 дн
oz_acc2,1822908687,Все,8.0,нет продаж 90 дн
oz_acc2,1822908687,от 0 до 3000,10.0,нет продаж 90 дн
oz_acc2,1822908895,Все,9.0,нет продаж 90 дн
oz_acc2,1822908895,от 0 до 3000,11.0,нет продаж 90 дн
oz_acc2,1822908949,Все,8.0,нет продаж 90 дн
oz_acc2,1822908949,от 0 до 3000,12.0,нет продаж 90 дн
oz_acc2,1822909035,Все,8.0,нет продаж 90 дн
oz_acc2,1822909035,от 0 до 3000,10.0,нет продаж 90 дн
oz_acc2,1822909062,Все,8.0,нет продаж 90 дн
oz_acc2,1822909163,Все,8.0,нет продаж 90 дн
oz_acc2,1822909164,Все,8.0,нет продаж 90 дн
oz_acc2,1822909285,Все,8.0,нет продаж 90 дн
oz_acc2,1822909353,Все,8.0,нет продаж 90 дн
oz_acc2,1822909486,Все,8.0,нет продаж 90 дн
oz_acc2,1822909486,от 0 до 3000,10.0,нет продаж 90 дн
oz_acc2,1822909599,Все,8.0,нет продаж 90 дн
oz_acc2,1822909665,Все,8.0,нет продаж 90 дн
oz_acc2,1822910053,Все,8.0,нет продаж 90 дн
oz_acc2,1822910062,Все,8.0,нет продаж 90 дн
oz_acc2,1822910062,от 0 до 3000,12.0,нет продаж 90 дн
oz_acc2,1822910156,Все,8.0,нет продаж 90 дн
oz_acc2,1822910269,Все,8.0,нет продаж 90 дн
oz_acc2,1822910280,Все,8.0,нет продаж 90 дн
oz_acc2,1822910280,от 0 до 3000,12.0,нет продаж 90 дн
oz_acc2,1822910311,Все,8.0,нет продаж 90 дн
oz_acc2,1822910311,от 0 до 3000,14.0,нет продаж 90 дн
oz_acc2,1822910321,Все,8.0,нет продаж 90 дн
oz_acc2,1822910617,Все,8.0,нет продаж 90 дн
oz_acc2,1822910617,от 0 до 3000,10.0,нет продаж 90 дн
oz_acc2,1822910646,Все,8.0,нет продаж 90 дн
oz_acc2,1822910646,от 0 до 3000,12.0,нет продаж 90 дн
oz_acc2,1822910686,Все,8.0,нет продаж 90 дн
oz_acc2,1822910913,Все,8.0,нет продаж 90 дн
oz_acc2,1822910913,от 0 до 3000,12.0,нет продаж 90 дн
oz_acc2,1822910935,Все,8.0,нет продаж 90 дн
oz_acc2,1822910935,от 0 до 3000,12.0,нет продаж 90 дн
oz_acc2,1822911077,Все,8.0,нет продаж 90 дн
oz_acc2,1822911218,Все,8.0,нет продаж 90 дн
oz_acc2,1822911221,Все,8.0,нет продаж 90 дн
oz_acc2,1822911236,Все,8.0,нет продаж 90 дн
oz_acc2,1822911685,Все,8.0,нет продаж 90 дн
oz_acc2,1822911719,Все,8.0,нет продаж 90 дн
oz_acc2,1822911794,Все,8.0,нет продаж 90 дн
oz_acc2,1822911832,Все,8.0,нет продаж 90 дн
oz_acc2,1822911854,Все,8.0,нет продаж 90 дн
oz_acc2,1822911889,Все,8.0,нет продаж 90 дн
oz_acc2,1822911893,Все,8.0,нет продаж 90 дн
oz_acc2,1822911893,от 0 до 3000,12.0,нет продаж 90 дн
oz_acc2,1822911900,Все,8.0,нет продаж 90 дн
oz_acc2,1822911987,Все,8.0,нет продаж 90 дн
oz_acc2,1822912175,Все,8.0,нет продаж 90 дн
oz_acc2,1822912196,Все,8.0,нет продаж 90 дн
oz_acc2,1822912274,Все,8.0,нет продаж 90 дн
oz_acc2,1822912297,Все,8.0,нет продаж 90 дн
oz_acc2,1822912325,Все,8.0,нет продаж 90 дн
oz_acc2,1822912325,от 0 до 3000,12.0,нет продаж 90 дн
oz_acc2,1822912480,Все,8.0,нет продаж 90 дн
oz_acc2,1822912607,Все,8.0,нет продаж 90 дн
oz_acc2,1822912613,Все,8.0,нет продаж 90 дн
oz_acc2,1822912613,от 0 до 3000,10.0,нет продаж 90 дн
oz_acc2,1822912652,Все,8.0,нет продаж 90 дн
oz_acc2,1822912652,от 0 до 3000,12.0,нет продаж 90 дн
oz_acc2,1822912748,Все,8.0,нет продаж 90 дн
oz_acc2,1822912748,от 0 до 3000,12.0,нет продаж 90 дн
oz_acc2,1822912796,Все,8.0,нет продаж 90 дн
oz_acc2,1822912796,от 0 до 3000,12.0,нет продаж 90 дн
oz_acc2,1822912847,Все,8.0,нет продаж 90 дн
oz_acc2,1822912847,от 0 до 3000,12.0,нет продаж 90 дн
oz_acc2,1822913046,Все,8.0,нет продаж 90 дн
oz_acc2,1822913081,Все,8.0,нет продаж 90 дн
oz_acc2,1822913098,Все,8.0,нет продаж 90 дн
oz_acc2,1822913098,от 0 до 3000,12.0,нет продаж 90 дн
oz_acc2,1822913281,Все,8.0,нет продаж 90 дн
oz_acc2,1822913285,Все,8.0,нет продаж 90 дн
oz_acc2,1822913316,от 0 до 3000,10.0,нет маржи и нет продаж 90 дн
oz_acc2,1822913381,Все,7.0,нет продаж 90 дн
oz_acc2,1822913381,от 0 до 3000,10.0,нет продаж 90 дн
oz_acc2,1822913447,Все,8.0,нет продаж 90 дн
oz_acc2,1822913447,от 0 до 3000,12.0,нет продаж 90 дн
oz_acc2,1822913603,Все,8.0,нет продаж 90 дн
oz_acc2,1822913608,Все,8.0,нет продаж 90 дн
oz_acc2,1822913660,Все,8.0,нет продаж 90 дн
oz_acc2,1822913660,от 0 до 3000,10.0,нет продаж 90 дн
oz_acc2,1822913768,Все,8.0,нет продаж 90 дн
oz_acc2,1822913810,Все,8.0,нет продаж 90 дн
oz_acc2,1822913812,Все,8.0,нет продаж 90 дн
oz_acc2,1822913812,от 0 до 3000,12.0,нет продаж 90 дн
oz_acc2,1822913939,Все,8.0,нет продаж 90 дн
oz_acc2,1822913939,от 0 до 3000,10.0,нет продаж 90 дн
oz_acc2,1822914351,Все,8.0,нет продаж 90 дн
oz_acc2,1822914706,Все,8.0,нет продаж 90 дн
oz_acc2,1822914825,Все,8.0,нет продаж 90 дн
oz_acc2,1822914906,Все,8.0,нет продаж 90 дн
oz_acc2,1822914906,от 0 до 3000,12.0,нет продаж 90 дн
oz_acc2,1822915329,Все,8.0,нет маржи и нет продаж 90 дн
oz_acc2,1822915329,от 0 до 3000,10.0,нет маржи и нет продаж 90 дн
oz_acc2,1822915439,Все,8.0,нет продаж 90 дн
oz_acc2,1822915777,Все,8.0,нет продаж 90 дн
oz_acc2,1822915998,Все,8.0,нет продаж 90 дн
oz_acc2,1822916319,Все,8.0,нет продаж 90 дн
oz_acc2,1822916354,Все,8.0,нет продаж 90 дн
oz_acc2,1822916425,Все,8.0,нет продаж 90 дн
oz_acc2,1822916466,Все,8.0,нет маржи и нет продаж 90 дн
oz_acc2,1822916466,10000-500000,12.0,нет маржи и нет продаж 90 дн
oz_acc2,1822916623,Все,8.0,нет продаж 90 дн
oz_acc2,1822916750,Все,8.0,нет продаж 90 дн
oz_acc2,1822916872,от 0 до 3000,12.0,нет продаж 90 дн
oz_acc2,1822917106,Все,8.0,нет продаж 90 дн
oz_acc2,1822917174,Все,7.0,нет продаж 90 дн
oz_acc2,1822917276,Все,8.0,нет продаж 90 дн
oz_acc2,1822917298,Все,8.0,нет продаж 90 дн
oz_acc2,1822917418,Все,8.0,нет продаж 90 дн
oz_acc2,1822917575,Все,8.0,нет продаж 90 дн
oz_acc2,1822917832,Все,8.0,нет продаж 90 дн
oz_acc2,1822917853,Все,8.0,нет продаж 90 дн
oz_acc2,1822917876,Все,8.0,нет продаж 90 дн
oz_acc2,1822917920,Все,8.0,нет продаж 90 дн
oz_acc2,1822918219,Все,8.0,нет продаж 90 дн
oz_acc2,1822918248,Все,8.0,нет продаж 90 дн
oz_acc2,1822918262,Все,8.0,нет продаж 90 дн
oz_acc2,1822919089,Все,8.0,нет продаж 90 дн
oz_acc2,1822919482,Все,8.0,нет продаж 90 дн
oz_acc2,1822919635,Все,8.0,нет продаж 90 дн
oz_acc2,1822919635,3000-5000,12.0,нет продаж 90 дн
oz_acc2,1822919663,Все,8.0,нет продаж 90 дн
oz_acc2,1822919730,Все,8.0,нет продаж 90 дн
oz_acc2,1822919896,Все,8.0,нет продаж 90 дн
oz_acc2,1822920146,Все,8.0,нет продаж 90 дн
oz_acc2,1822920146,3000-5000,12.0,нет продаж 90 дн
oz_acc2,1822920156,Все,8.0,нет продаж 90 дн
oz_acc2,1822920237,Все,8.0,нет продаж 90 дн
oz_acc2,1822920468,Все,8.0,нет продаж 90 дн
oz_acc2,1822920629,Все,8.0,нет продаж 90 дн
oz_acc2,1822920771,Все,8.0,нет продаж 90 дн
oz_acc2,1822920843,Все,8.0,нет продаж 90 дн
oz_acc2,1822920966,Все,8.0,нет продаж 90 дн
oz_acc2,1822921035,Все,8.0,нет продаж 90 дн
oz_acc2,1822921192,Все,8.0,нет продаж 90 дн
oz_acc2,1822921192,от 0 до 3000,12.0,нет продаж 90 дн
oz_acc2,1822921200,Все,8.0,нет продаж 90 дн
oz_acc2,1822921211,Все,8.0,нет продаж 90 дн
oz_acc2,1822922583,Все,8.0,нет продаж 90 дн
oz_acc2,1822922583,5000-10000,12.0,нет продаж 90 дн
oz_acc2,1822923246,Все,8.0,нет продаж 90 дн
oz_acc2,1822923246,3000-5000,12.0,нет продаж 90 дн
oz_acc2,1822923799,Все,7.0,нет продаж 90 дн
oz_acc2,1822934656,Все,8.0,нет продаж 90 дн
oz_acc2,1822934656,5000-10000,12.0,нет продаж 90 дн
oz_acc2,1822935528,Все,8.0,нет продаж 90 дн
oz_acc2,1822935528,от 0 до 3000,12.0,нет продаж 90 дн
oz_acc2,1822935689,Все,8.0,нет продаж 90 дн
oz_acc2,1822935689,от 0 до 3000,12.0,нет продаж 90 дн
oz_acc2,1822935866,Все,8.0,нет продаж 90 дн
oz_acc2,1822935866,от 0 до 3000,12.0,нет продаж 90 дн
oz_acc2,1822936291,Все,8.0,нет продаж 90 дн
oz_acc2,1822936416,Все,8.0,нет продаж 90 дн
oz_acc2,1822936713,Все,8.0,нет продаж 90 дн
oz_acc2,1822936966,Все,8.0,нет продаж 90 дн
oz_acc2,1822937165,Все,8.0,нет продаж 90 дн
oz_acc2,1822937305,Все,8.0,нет продаж 90 дн
oz_acc2,1822937395,Все,8.0,нет продаж 90 дн
oz_acc2,1822938483,Все,8.0,нет продаж 90 дн
oz_acc2,1822938483,от 0 до 3000,12.0,нет продаж 90 дн
oz_acc2,1822938918,Все,8.0,нет продаж 90 дн
oz_acc2,1822938957,Все,8.0,нет продаж 90 дн
oz_acc2,1822939040,Все,8.0,нет продаж 90 дн
oz_acc2,1822939058,Все,8.0,нет продаж 90 дн
oz_acc2,1822939101,Все,8.0,нет продаж 90 дн
oz_acc2,1822939101,3000-5000,12.0,нет продаж 90 дн
oz_acc2,1822939105,Все,8.0,нет продаж 90 дн
oz_acc2,1822939108,Все,8.0,нет продаж 90 дн
oz_acc2,1822939212,Все,8.0,нет продаж 90 дн
oz_acc2,1822939223,Все,8.0,нет продаж 90 дн
oz_acc2,1822939280,Все,8.0,нет продаж 90 дн
oz_acc2,1822939280,от 0 до 3000,12.0,нет продаж 90 дн
oz_acc2,1822939334,Все,8.0,нет продаж 90 дн
oz_acc2,1822939342,Все,8.0,нет продаж 90 дн
oz_acc2,1822939380,Все,8.0,нет продаж 90 дн
oz_acc2,1822939380,от 0 до 3000,12.0,нет продаж 90 дн
oz_acc2,1822939432,Все,8.0,нет продаж 90 дн
oz_acc2,1822939695,от 0 до 3000,12.0,нет маржи и нет продаж 90 дн
oz_acc2,1822939758,Все,8.0,нет продаж 90 дн
oz_acc2,1822940086,Все,8.0,нет продаж 90 дн
oz_acc2,1822940157,Все,8.0,нет продаж 90 дн
oz_acc2,1822940166,Все,8.0,нет продаж 90 дн
oz_acc2,1822940210,Все,8.0,нет продаж 90 дн
oz_acc2,1822940220,Все,8.0,нет продаж 90 дн
oz_acc2,1822940313,Все,8.0,нет продаж 90 дн
oz_acc2,1822940323,Все,8.0,нет продаж 90 дн
oz_acc2,1822940618,Все,8.0,нет продаж 90 дн
oz_acc2,1822940622,Все,8.0,нет продаж 90 дн
oz_acc2,1822940815,Все,8.0,нет продаж 90 дн
oz_acc2,1822940815,от 0 до 3000,12.0,нет продаж 90 дн
oz_acc2,1822940990,Все,8.0,нет продаж 90 дн
oz_acc2,1822941182,Все,8.0,нет маржи и нет продаж 90 дн
oz_acc2,1822941182,от 0 до 3000,12.0,нет маржи и нет продаж 90 дн
oz_acc2,1822941255,Все,8.0,нет продаж 90 дн
oz_acc2,1822941544,от 0 до 3000,10.0,нет маржи и нет продаж 90 дн
oz_acc2,1822941771,Все,7.0,нет маржи и нет продаж 90 дн
oz_acc2,1822941771,от 0 до 3000,13.0,нет маржи и нет продаж 90 дн
oz_acc2,1822941960,Все,7.0,нет маржи и нет продаж 90 дн
oz_acc2,1822941985,от 0 до 3000,10.0,нет маржи и нет продаж 90 дн
oz_acc2,1822942271,Все,7.0,нет маржи и нет продаж 90 дн
oz_acc2,1822942353,Все,8.0,нет продаж 90 дн
oz_acc2,1822942390,Все,8.0,нет продаж 90 дн
oz_acc2,1822942610,Все,8.0,нет продаж 90 дн
oz_acc2,1822942611,Все,8.0,нет продаж 90 дн
oz_acc2,1822942613,Все,8.0,нет продаж 90 дн
oz_acc2,1822942623,Все,8.0,нет продаж 90 дн
oz_acc2,1823123363,Все,8.0,нет продаж 90 дн
oz_acc2,1823177793,Все,8.0,нет продаж 90 дн
oz_acc2,1823180583,Все,7.0,нет продаж 90 дн
oz_acc2,1823221129,Все,8.0,нет продаж 90 дн
oz_acc2,1872787137,Все,8.0,нет продаж 90 дн
oz_acc2,1872787137,от 0 до 3000,12.0,нет продаж 90 дн
oz_acc2,1873054770,Все,8.0,нет продаж 90 дн
oz_acc2,1873054770,от 0 до 3000,12.0,нет продаж 90 дн
oz_acc2,1873055093,Все,8.0,нет продаж 90 дн
oz_acc2,1873055093,от 0 до 3000,12.0,нет продаж 90 дн
oz_acc2,1873055439,Все,8.0,нет продаж 90 дн
oz_acc2,1873055439,от 0 до 3000,12.0,нет продаж 90 дн
oz_acc2,1873060798,Все,8.0,нет продаж 90 дн
oz_acc2,1873072870,от 0 до 3000,10.0,нет продаж 90 дн
oz_acc2,1873073064,Все,8.0,нет маржи и нет продаж 90 дн
oz_acc2,1873073064,5000-10000,12.0,нет маржи и нет продаж 90 дн
oz_acc2,1873140285,Все,9.0,нет продаж 90 дн
oz_acc2,1873140412,Все,8.0,нет продаж 90 дн
oz_acc2,1873140412,от 0 до 3000,12.0,нет продаж 90 дн
oz_acc2,1873140561,Все,9.0,нет продаж 90 дн
oz_acc2,1873140561,3000-5000,12.0,нет продаж 90 дн
oz_acc2,1873140761,Все,8.0,нет продаж 90 дн
oz_acc2,1873140761,от 0 до 3000,12.0,нет продаж 90 дн
oz_acc2,1873140803,Все,8.0,нет продаж 90 дн
oz_acc2,1873141030,Все,8.0,нет продаж 90 дн
oz_acc2,1873141391,Все,8.0,нет продаж 90 дн
oz_acc2,1873141391,3000-5000,12.0,нет продаж 90 дн
oz_acc2,1873141610,Все,8.0,нет продаж 90 дн
oz_acc2,1873141622,Все,7.0,нет продаж 90 дн
oz_acc2,1873141622,от 0 до 3000,12.0,нет продаж 90 дн
oz_acc2,1873141731,Все,8.0,нет продаж 90 дн
oz_acc2,1873141731,от 0 до 3000,12.0,нет продаж 90 дн
oz_acc2,1873141850,Все,9.0,нет продаж 90 дн
oz_acc2,1873141973,Все,9.0,нет продаж 90 дн
oz_acc2,1873141973,от 0 до 3000,12.0,нет продаж 90 дн
oz_acc2,1873142030,Все,8.0,нет продаж 90 дн
oz_acc2,1873142248,Все,8.0,нет продаж 90 дн
oz_acc2,1873142248,5000-10000,12.0,нет продаж 90 дн
oz_acc2,1873142357,Все,8.0,нет продаж 90 дн
oz_acc2,1873142357,от 0 до 3000,12.0,нет продаж 90 дн
oz_acc2,1873142402,Все,8.0,нет продаж 90 дн
oz_acc2,1873142784,Все,8.0,нет продаж 90 дн
oz_acc2,1873142784,от 0 до 3000,12.0,нет продаж 90 дн
oz_acc2,1873142929,Все,8.0,нет продаж 90 дн
oz_acc2,1873143323,Все,8.0,нет продаж 90 дн
oz_acc2,1873144181,Все,8.0,нет продаж 90 дн
oz_acc2,1873145027,Все,8.0,нет продаж 90 дн
oz_acc2,1873145027,от 0 до 3000,12.0,нет продаж 90 дн
oz_acc2,1873145207,Все,8.0,нет продаж 90 дн
oz_acc2,1873145207,от 0 до 3000,12.0,нет продаж 90 дн
oz_acc2,1873145324,Все,8.0,нет продаж 90 дн
oz_acc2,1873145420,Все,8.0,нет продаж 90 дн
oz_acc2,1873145431,Все,8.0,нет продаж 90 дн
oz_acc2,1873145510,Все,8.0,нет продаж 90 дн
oz_acc2,1873146132,Все,8.0,нет продаж 90 дн
oz_acc2,1873147094,Все,7.0,нет продаж 90 дн
oz_acc2,1873147094,от 0 до 3000,10.0,нет продаж 90 дн
oz_acc2,1873147311,Все,9.0,нет продаж 90 дн
oz_acc2,1873147311,от 0 до 3000,11.0,нет продаж 90 дн
oz_acc2,1873147544,Все,8.0,нет продаж 90 дн
oz_acc2,1873147544,от 0 до 3000,12.0,нет продаж 90 дн
oz_acc2,1873147594,Все,8.0,нет продаж 90 дн
oz_acc2,1873147594,от 0 до 3000,12.0,нет продаж 90 дн
oz_acc2,1873149091,Все,8.0,нет маржи и нет продаж 90 дн
oz_acc2,1873149091,3000-5000,12.0,нет маржи и нет продаж 90 дн
oz_acc2,1873149869,Все,8.0,нет продаж 90 дн
oz_acc2,1873150258,Все,8.0,нет продаж 90 дн
oz_acc2,1873150258,от 0 до 3000,12.0,нет продаж 90 дн
oz_acc2,1873151023,Все,9.0,нет продаж 90 дн
oz_acc2,1873151358,Все,8.0,нет продаж 90 дн
oz_acc2,1873151358,от 0 до 3000,13.0,нет продаж 90 дн
oz_acc2,1873153027,Все,8.0,нет продаж 90 дн
oz_acc2,1873153027,от 0 до 3000,12.0,нет продаж 90 дн
oz_acc2,1873153039,Все,8.0,нет продаж 90 дн
oz_acc2,1873153039,от 0 до 3000,12.0,нет продаж 90 дн
oz_acc2,1873155094,Все,8.0,нет продаж 90 дн
oz_acc2,1873155094,от 0 до 3000,12.0,нет продаж 90 дн
oz_acc2,1873177777,Все,8.0,нет продаж 90 дн
oz_acc2,1873177777,от 0 до 3000,12.0,нет продаж 90 дн
oz_acc2,1873177904,Все,10.0,нет маржи и нет продаж 90 дн
oz_acc2,1873177904,5000-10000,14.0,нет маржи и нет продаж 90 дн
oz_acc2,1873177925,Все,8.0,нет продаж 90 дн
oz_acc2,1873177925,от 0 до 3000,12.0,нет продаж 90 дн
oz_acc2,1873178262,Все,8.0,нет продаж 90 дн
oz_acc2,1873178262,от 0 до 3000,12.0,нет продаж 90 дн
oz_acc2,1873178267,Все,8.0,нет продаж 90 дн
oz_acc2,1873178267,от 0 до 3000,12.0,нет продаж 90 дн
oz_acc2,1873178480,Все,8.0,нет продаж 90 дн
oz_acc2,1873178575,Все,8.0,нет маржи и нет продаж 90 дн
oz_acc2,1873178635,Все,8.0,нет продаж 90 дн
oz_acc2,1873178746,Все,8.0,нет продаж 90 дн
oz_acc2,1873178746,от 0 до 3000,12.0,нет продаж 90 дн
oz_acc2,1873178762,Все,8.0,нет продаж 90 дн
oz_acc2,1873178762,от 0 до 3000,12.0,нет продаж 90 дн
oz_acc2,1873178764,Все,8.0,нет маржи и нет продаж 90 дн
oz_acc2,1873178820,Все,8.0,нет продаж 90 дн
oz_acc2,1873178870,Все,8.0,нет продаж 90 дн
oz_acc2,1873178923,Все,8.0,нет продаж 90 дн
oz_acc2,1873179063,Все,8.0,нет продаж 90 дн
oz_acc2,1873179063,3000-5000,12.0,нет продаж 90 дн
oz_acc2,1873179119,Все,8.0,нет продаж 90 дн
oz_acc2,1873179119,от 0 до 3000,12.0,нет продаж 90 дн
oz_acc2,1873179165,Все,8.0,нет продаж 90 дн
oz_acc2,1873179171,Все,8.0,нет продаж 90 дн
oz_acc2,1873179189,Все,8.0,нет продаж 90 дн
oz_acc2,1873179323,Все,8.0,нет продаж 90 дн
oz_acc2,1873179417,Все,8.0,нет продаж 90 дн
oz_acc2,1873179456,Все,8.0,нет маржи и нет продаж 90 дн
oz_acc2,1873179459,Все,8.0,нет продаж 90 дн
oz_acc2,1873179459,от 0 до 3000,12.0,нет продаж 90 дн
oz_acc2,1873179489,Все,8.0,нет продаж 90 дн
oz_acc2,1873179503,от 0 до 3000,13.0,нет продаж 90 дн
oz_acc2,1873179541,Все,8.0,нет продаж 90 дн
oz_acc2,1873179576,Все,8.0,нет продаж 90 дн
oz_acc2,1873179576,от 0 до 3000,12.0,нет продаж 90 дн
oz_acc2,1873179638,Все,8.0,нет продаж 90 дн
oz_acc2,1873179653,Все,8.0,нет продаж 90 дн
oz_acc2,1873179653,от 0 до 3000,13.0,нет продаж 90 дн
oz_acc2,1873179787,Все,8.0,нет продаж 90 дн
oz_acc2,1873179787,от 0 до 3000,12.0,нет продаж 90 дн
oz_acc2,1873179821,Все,9.0,нет продаж 90 дн
oz_acc2,1873179846,Все,8.0,нет продаж 90 дн
oz_acc2,1873179855,Все,8.0,нет продаж 90 дн
oz_acc2,1873179857,Все,8.0,нет продаж 90 дн
oz_acc2,1873179872,Все,8.0,нет продаж 90 дн
oz_acc2,1873179872,от 0 до 3000,13.0,нет продаж 90 дн
oz_acc2,1873179982,Все,8.0,нет продаж 90 дн
oz_acc2,1873179982,от 0 до 3000,12.0,нет продаж 90 дн
oz_acc2,1873180030,Все,8.0,нет продаж 90 дн
oz_acc2,1873180127,Все,8.0,нет продаж 90 дн
oz_acc2,1873180127,от 0 до 3000,12.0,нет продаж 90 дн
oz_acc2,1873180174,Все,8.0,нет продаж 90 дн
oz_acc2,1873180244,Все,8.0,нет продаж 90 дн
oz_acc2,1873180346,Все,8.0,нет продаж 90 дн
oz_acc2,1873180353,Все,8.0,нет продаж 90 дн
oz_acc2,1873180353,от 0 до 3000,12.0,нет продаж 90 дн
oz_acc2,1873180356,Все,8.0,нет продаж 90 дн
oz_acc2,1873180356,от 0 до 3000,12.0,нет продаж 90 дн
oz_acc2,1873180592,Все,8.0,нет продаж 90 дн
oz_acc2,1873180596,Все,8.0,нет продаж 90 дн
oz_acc2,1873180630,Все,8.0,нет продаж 90 дн
oz_acc2,1873180630,от 0 до 3000,12.0,нет продаж 90 дн
oz_acc2,1873180698,от 0 до 3000,12.0,нет продаж 90 дн
oz_acc2,1873180872,Все,8.0,нет продаж 90 дн
oz_acc2,1873180872,от 0 до 3000,12.0,нет продаж 90 дн
oz_acc2,1873180876,Все,8.0,нет продаж 90 дн
oz_acc2,1873180966,Все,8.0,нет продаж 90 дн
oz_acc2,1873180966,от 0 до 3000,12.0,нет продаж 90 дн
oz_acc2,1873180982,Все,8.0,нет продаж 90 дн
oz_acc2,1873181002,Все,8.0,нет продаж 90 дн
oz_acc2,1873181009,Все,8.0,нет продаж 90 дн
oz_acc2,1873181009,от 0 до 3000,12.0,нет продаж 90 дн
oz_acc2,1873181072,Все,8.0,нет продаж 90 дн
oz_acc2,1873181176,Все,8.0,нет продаж 90 дн
oz_acc2,1873181176,от 0 до 3000,12.0,нет продаж 90 дн
oz_acc2,1873181379,Все,8.0,нет продаж 90 дн
oz_acc2,1873181379,3000-5000,12.0,нет продаж 90 дн
oz_acc2,1873181405,Все,8.0,нет продаж 90 дн
oz_acc2,1873181415,Все,8.0,нет продаж 90 дн
oz_acc2,1873181463,Все,8.0,нет продаж 90 дн
oz_acc2,1873181463,от 0 до 3000,12.0,нет продаж 90 дн
oz_acc2,1873181616,Все,8.0,нет продаж 90 дн
oz_acc2,1873181792,от 0 до 3000,12.0,нет продаж 90 дн
oz_acc2,1873181885,Все,8.0,нет продаж 90 дн
oz_acc2,1873181885,от 0 до 3000,12.0,нет продаж 90 дн
oz_acc2,1873181905,Все,8.0,нет маржи и нет продаж 90 дн
oz_acc2,1873181905,от 0 до 3000,12.0,нет маржи и нет продаж 90 дн
oz_acc2,1873181936,Все,8.0,нет продаж 90 дн
oz_acc2,1873181936,от 0 до 3000,12.0,нет продаж 90 дн
oz_acc2,1873181948,Все,9.0,нет продаж 90 дн
oz_acc2,1873181948,от 0 до 3000,13.0,нет продаж 90 дн
oz_acc2,1873182018,Все,8.0,нет продаж 90 дн
oz_acc2,1873182018,от 0 до 3000,12.0,нет продаж 90 дн
oz_acc2,1873182030,Все,8.0,нет продаж 90 дн
oz_acc2,1873182032,Все,8.0,нет продаж 90 дн
oz_acc2,1873182037,Все,8.0,нет продаж 90 дн
oz_acc2,1873182050,Все,8.0,нет продаж 90 дн
oz_acc2,1873182072,Все,8.0,нет продаж 90 дн
oz_acc2,1873182101,Все,8.0,нет продаж 90 дн
oz_acc2,1873182110,Все,8.0,нет продаж 90 дн
oz_acc2,1873182213,Все,8.0,нет продаж 90 дн
oz_acc2,1873182225,Все,8.0,нет продаж 90 дн
oz_acc2,1873182225,от 0 до 3000,12.0,нет продаж 90 дн
oz_acc2,1873182240,Все,8.0,нет продаж 90 дн
oz_acc2,1873182250,от 0 до 3000,12.0,нет продаж 90 дн
oz_acc2,1873182252,Все,8.0,нет продаж 90 дн
oz_acc2,1873182252,от 0 до 3000,10.0,нет продаж 90 дн
oz_acc2,1873182253,Все,8.0,нет продаж 90 дн
oz_acc2,1873182253,от 0 до 3000,12.0,нет продаж 90 дн
oz_acc2,1873182257,Все,8.0,нет продаж 90 дн
oz_acc2,1873182258,Все,8.0,нет продаж 90 дн
oz_acc2,1873182263,5000-10000,12.0,нет маржи и нет продаж 90 дн
oz_acc2,1873182264,Все,7.0,нет продаж 90 дн
oz_acc2,1873182264,от 0 до 3000,10.0,нет продаж 90 дн
oz_acc2,1873182285,10000-500000,12.0,нет продаж 90 дн
oz_acc2,1873182286,Все,8.0,нет продаж 90 дн
oz_acc2,1873182286,от 0 до 3000,12.0,нет продаж 90 дн
oz_acc2,1873182309,Все,9.0,нет продаж 90 дн
oz_acc2,1873182513,Все,8.0,нет продаж 90 дн
oz_acc2,1873182547,Все,8.0,нет продаж 90 дн
oz_acc2,1873182566,Все,8.0,нет продаж 90 дн
oz_acc2,1873182592,Все,8.0,нет продаж 90 дн
oz_acc2,1873182592,5000-10000,12.0,нет продаж 90 дн
oz_acc2,1873182592,10000-500000,12.0,нет продаж 90 дн
oz_acc2,1873182607,Все,8.0,нет продаж 90 дн
oz_acc2,1873182645,Все,8.0,нет продаж 90 дн
oz_acc2,1873182645,от 0 до 3000,12.0,нет продаж 90 дн
oz_acc2,1873182790,Все,8.0,нет продаж 90 дн
oz_acc2,1873182855,Все,8.0,нет маржи и нет продаж 90 дн
oz_acc2,1873182855,от 0 до 3000,12.0,нет маржи и нет продаж 90 дн
oz_acc2,1873182857,Все,8.0,нет продаж 90 дн
oz_acc2,1873182884,Все,6.0,нет продаж 90 дн
oz_acc2,1873183002,Все,8.0,нет продаж 90 дн
oz_acc2,1873183002,от 0 до 3000,12.0,нет продаж 90 дн
oz_acc2,1873183076,Все,8.0,нет продаж 90 дн
oz_acc2,1873183085,Все,8.0,нет продаж 90 дн
oz_acc2,1873183117,Все,8.0,нет продаж 90 дн
oz_acc2,1873183117,от 0 до 3000,12.0,нет продаж 90 дн
oz_acc2,1873183161,Все,8.0,нет продаж 90 дн
oz_acc2,1873183161,3000-5000,12.0,нет продаж 90 дн
oz_acc2,1873183192,Все,8.0,нет продаж 90 дн
oz_acc2,1873183192,5000-10000,12.0,нет продаж 90 дн
oz_acc2,1873183219,Все,8.0,нет продаж 90 дн
oz_acc2,1873183219,от 0 до 3000,12.0,нет продаж 90 дн
oz_acc2,1873183308,Все,8.0,нет продаж 90 дн
oz_acc2,1873183308,5000-10000,12.0,нет продаж 90 дн
oz_acc2,1873183387,Все,8.0,нет продаж 90 дн
oz_acc2,1873183462,Все,8.0,нет продаж 90 дн
oz_acc2,1873183495,3000-5000,12.0,нет продаж 90 дн
oz_acc2,1873183503,Все,8.0,нет продаж 90 дн
oz_acc2,1873183514,Все,8.0,нет продаж 90 дн
oz_acc2,1873183540,Все,8.0,нет продаж 90 дн
oz_acc2,1873183710,Все,8.0,нет продаж 90 дн
oz_acc2,1873183772,от 0 до 3000,12.0,нет продаж 90 дн
oz_acc2,1873183776,от 0 до 3000,12.0,нет продаж 90 дн
oz_acc2,1873183783,Все,8.0,нет продаж 90 дн
oz_acc2,1873183783,от 0 до 3000,12.0,нет продаж 90 дн
oz_acc2,1873183840,Все,8.0,нет продаж 90 дн
oz_acc2,1873183926,Все,8.0,нет продаж 90 дн
oz_acc2,1873183936,Все,8.0,нет продаж 90 дн
oz_acc2,1873183966,Все,8.0,нет продаж 90 дн
oz_acc2,1873184003,Все,8.0,нет продаж 90 дн
oz_acc2,1873184025,Все,8.0,нет продаж 90 дн
oz_acc2,1873184025,от 0 до 3000,12.0,нет продаж 90 дн
oz_acc2,1873184031,от 0 до 3000,12.0,нет продаж 90 дн
oz_acc2,1873184111,Все,8.0,нет продаж 90 дн
oz_acc2,1873184125,Все,8.0,нет продаж 90 дн
oz_acc2,1873184127,от 0 до 3000,12.0,нет маржи и нет продаж 90 дн
oz_acc2,1873184232,Все,8.0,нет продаж 90 дн
oz_acc2,1873184262,Все,9.0,нет продаж 90 дн
oz_acc2,1873184262,3000-5000,13.0,нет продаж 90 дн
oz_acc2,1873184308,Все,8.0,нет продаж 90 дн
oz_acc2,1873184312,Все,8.0,нет продаж 90 дн
oz_acc2,1873184312,5000-10000,12.0,нет продаж 90 дн
oz_acc2,1873184342,Все,8.0,нет маржи и нет продаж 90 дн
oz_acc2,1873184342,5000-10000,12.0,нет маржи и нет продаж 90 дн
oz_acc2,1873184347,Все,8.0,нет продаж 90 дн
oz_acc2,1873184486,Все,8.0,нет продаж 90 дн
oz_acc2,1873184639,Все,8.0,нет продаж 90 дн
oz_acc2,1873184697,Все,8.0,нет продаж 90 дн
oz_acc2,1873184728,Все,8.0,нет продаж 90 дн
oz_acc2,1873184728,10000-500000,12.0,нет продаж 90 дн
oz_acc2,1873184786,Все,8.0,нет продаж 90 дн
oz_acc2,1873184798,Все,8.0,нет продаж 90 дн
oz_acc2,1873184798,от 0 до 3000,12.0,нет продаж 90 дн
oz_acc2,1873184874,Все,9.0,нет продаж 90 дн
oz_acc2,1873184879,Все,8.0,нет продаж 90 дн
oz_acc2,1873184879,от 0 до 3000,12.0,нет продаж 90 дн
oz_acc2,1873184987,Все,8.0,нет продаж 90 дн
oz_acc2,1873185036,Все,8.0,нет продаж 90 дн
oz_acc2,1873185036,5000-10000,12.0,нет продаж 90 дн
oz_acc2,1873185107,Все,8.0,нет продаж 90 дн
oz_acc2,1873185231,Все,8.0,нет маржи и нет продаж 90 дн
oz_acc2,1873185286,Все,8.0,нет продаж 90 дн
oz_acc2,1873185418,Все,8.0,нет продаж 90 дн
oz_acc2,1873185443,Все,8.0,нет продаж 90 дн
oz_acc2,1873185588,Все,8.0,нет продаж 90 дн
oz_acc2,1873185654,Все,8.0,нет продаж 90 дн
oz_acc2,1873185830,Все,8.0,нет продаж 90 дн
oz_acc2,1873185892,Все,8.0,нет продаж 90 дн
oz_acc2,1873185892,3000-5000,12.0,нет продаж 90 дн
oz_acc2,1873185977,Все,8.0,нет продаж 90 дн
oz_acc2,1873186327,3000-5000,12.0,нет маржи и нет продаж 90 дн
oz_acc2,1873186584,Все,8.0,нет продаж 90 дн
oz_acc2,1873186584,3000-5000,12.0,нет продаж 90 дн
oz_acc2,1873186613,Все,8.0,нет продаж 90 дн
oz_acc2,1873186705,Все,8.0,нет продаж 90 дн
oz_acc2,1873186750,Все,8.0,нет продаж 90 дн
oz_acc2,1873186750,3000-5000,12.0,нет продаж 90 дн
oz_acc2,1873186769,Все,8.0,нет продаж 90 дн
oz_acc2,1873186793,Все,8.0,нет продаж 90 дн
oz_acc2,1873186802,Все,8.0,нет продаж 90 дн
oz_acc2,1873186826,Все,8.0,нет продаж 90 дн
oz_acc2,1873186842,Все,8.0,нет продаж 90 дн
oz_acc2,1873186896,Все,8.0,нет продаж 90 дн
oz_acc2,1873186940,Все,8.0,нет продаж 90 дн
oz_acc2,1873187024,Все,8.0,нет продаж 90 дн
oz_acc2,1873187036,Все,8.0,нет продаж 90 дн
oz_acc2,1873187060,Все,8.0,нет продаж 90 дн
oz_acc2,1873187069,Все,8.0,нет продаж 90 дн
oz_acc2,1873187069,от 0 до 3000,12.0,нет продаж 90 дн
oz_acc2,1873187121,Все,8.0,нет продаж 90 дн
oz_acc2,1873187145,Все,8.0,нет продаж 90 дн
oz_acc2,1873187145,от 0 до 3000,12.0,нет продаж 90 дн
oz_acc2,1873187185,Все,8.0,нет продаж 90 дн
oz_acc2,1873187214,Все,7.0,нет продаж 90 дн
oz_acc2,1873187214,от 0 до 3000,12.0,нет продаж 90 дн
oz_acc2,1873187268,Все,8.0,нет продаж 90 дн
oz_acc2,1873187283,Все,8.0,нет продаж 90 дн
oz_acc2,1873187290,Все,8.0,нет продаж 90 дн
oz_acc2,1873187319,Все,8.0,нет продаж 90 дн
oz_acc2,1873187616,Все,8.0,нет продаж 90 дн
oz_acc2,1873187713,Все,8.0,нет продаж 90 дн
oz_acc2,1873187920,Все,8.0,нет продаж 90 дн
oz_acc2,1873187987,Все,8.0,нет продаж 90 дн
oz_acc2,1873188146,Все,8.0,нет продаж 90 дн
oz_acc2,1873188269,Все,8.0,нет продаж 90 дн
oz_acc2,1873188269,от 0 до 3000,10.0,нет продаж 90 дн
oz_acc2,1873188419,Все,8.0,нет продаж 90 дн
oz_acc2,1873188419,от 0 до 3000,12.0,нет продаж 90 дн
oz_acc2,1873188446,Все,8.0,нет продаж 90 дн
oz_acc2,1873188885,Все,8.0,нет продаж 90 дн
oz_acc2,1873189121,Все,8.0,нет продаж 90 дн
oz_acc2,1873189182,Все,8.0,нет продаж 90 дн
oz_acc2,1873189192,Все,8.0,нет продаж 90 дн
oz_acc2,1873189213,Все,8.0,нет продаж 90 дн
oz_acc2,1873189213,от 0 до 3000,12.0,нет продаж 90 дн
oz_acc2,1873189225,Все,8.0,нет продаж 90 дн
oz_acc2,1873189225,от 0 до 3000,12.0,нет продаж 90 дн
oz_acc2,1873189236,Все,8.0,нет продаж 90 дн
oz_acc2,1873189236,от 0 до 3000,12.0,нет продаж 90 дн
oz_acc2,1873189514,Все,8.0,нет продаж 90 дн
oz_acc2,1873189607,Все,8.0,нет продаж 90 дн
oz_acc2,1873189660,Все,8.0,нет продаж 90 дн
oz_acc2,1873189698,Все,8.0,нет продаж 90 дн
oz_acc2,1873189721,Все,8.0,нет продаж 90 дн
oz_acc2,1873189721,от 0 до 3000,12.0,нет продаж 90 дн
oz_acc2,1873189731,Все,8.0,нет продаж 90 дн
oz_acc2,1873189939,Все,8.0,нет продаж 90 дн
oz_acc2,1873189939,от 0 до 3000,12.0,нет продаж 90 дн
oz_acc2,1873189945,Все,8.0,нет продаж 90 дн
oz_acc2,1873189952,Все,8.0,нет продаж 90 дн
oz_acc2,1873189952,от 0 до 3000,12.0,нет продаж 90 дн
oz_acc2,1873189975,Все,8.0,нет продаж 90 дн
oz_acc2,1873190022,Все,8.0,нет продаж 90 дн
oz_acc2,1873190022,от 0 до 3000,12.0,нет продаж 90 дн
oz_acc2,1873190070,Все,8.0,нет продаж 90 дн
oz_acc2,1873190081,Все,8.0,нет продаж 90 дн
oz_acc2,1873190155,Все,7.0,нет продаж 90 дн
oz_acc2,1873190194,Все,8.0,нет продаж 90 дн
oz_acc2,1873190352,Все,8.0,нет продаж 90 дн
oz_acc2,1873190375,Все,8.0,нет продаж 90 дн
oz_acc2,1873190441,Все,8.0,нет продаж 90 дн
oz_acc2,1873190441,3000-5000,12.0,нет продаж 90 дн
oz_acc2,1873190451,Все,8.0,нет продаж 90 дн
oz_acc2,1873190457,Все,8.0,нет продаж 90 дн
oz_acc2,1873190556,Все,8.0,нет продаж 90 дн
oz_acc2,1873190556,от 0 до 3000,12.0,нет продаж 90 дн
oz_acc2,1873190583,Все,8.0,нет продаж 90 дн
oz_acc2,1873190636,Все,8.0,нет продаж 90 дн
oz_acc2,1873190636,от 0 до 3000,12.0,нет продаж 90 дн
oz_acc2,1873190894,Все,8.0,нет продаж 90 дн
oz_acc2,1873190894,от 0 до 3000,12.0,нет продаж 90 дн
oz_acc2,1873190925,Все,8.0,нет маржи и нет продаж 90 дн
oz_acc2,1873190995,Все,9.0,нет продаж 90 дн
oz_acc2,1873191009,Все,8.0,нет продаж 90 дн
oz_acc2,1873191046,Все,8.0,нет продаж 90 дн
oz_acc2,1873191046,10000-500000,12.0,нет продаж 90 дн
oz_acc2,1873191093,Все,8.0,нет продаж 90 дн
oz_acc2,1873191101,Все,8.0,нет продаж 90 дн
oz_acc2,1873191133,Все,8.0,нет продаж 90 дн
oz_acc2,1873191141,Все,8.0,нет продаж 90 дн
oz_acc2,1873191168,Все,8.0,нет продаж 90 дн
oz_acc2,1873191168,от 0 до 3000,12.0,нет продаж 90 дн
oz_acc2,1873191465,Все,8.0,нет продаж 90 дн
oz_acc2,1873191500,Все,8.0,нет продаж 90 дн
oz_acc2,1873191657,Все,8.0,нет продаж 90 дн
oz_acc2,1873191737,Все,8.0,нет продаж 90 дн
oz_acc2,1873191752,Все,8.0,нет продаж 90 дн
oz_acc2,1873192297,Все,8.0,нет продаж 90 дн
oz_acc2,1873192661,Все,8.0,нет продаж 90 дн
oz_acc2,1873192661,от 0 до 3000,12.0,нет продаж 90 дн
oz_acc2,1873193691,Все,8.0,нет продаж 90 дн
oz_acc2,1873194172,Все,8.0,нет продаж 90 дн
oz_acc2,1873196611,Все,8.0,нет продаж 90 дн
oz_acc2,1873196876,Все,8.0,нет продаж 90 дн
oz_acc2,1873197009,Все,8.0,нет продаж 90 дн
oz_acc2,1873197264,Все,8.0,нет продаж 90 дн
oz_acc2,1873197264,от 0 до 3000,12.0,нет продаж 90 дн
oz_acc2,1873197825,Все,8.0,нет продаж 90 дн
oz_acc2,1873225017,Все,8.0,нет продаж 90 дн
oz_acc2,1873225831,Все,8.0,нет продаж 90 дн
oz_acc2,1873225939,Все,8.0,нет продаж 90 дн
oz_acc2,1873225939,5000-10000,12.0,нет продаж 90 дн
oz_acc2,1873226067,Все,8.0,нет продаж 90 дн
oz_acc2,1873226308,Все,8.0,нет продаж 90 дн
oz_acc2,1873228242,Все,8.0,нет продаж 90 дн
oz_acc2,1873228645,Все,8.0,нет продаж 90 дн
oz_acc2,1873228835,Все,8.0,нет продаж 90 дн
oz_acc2,1873228835,от 0 до 3000,12.0,нет продаж 90 дн
oz_acc2,1873229237,Все,8.0,нет маржи и нет продаж 90 дн
oz_acc2,1873229751,Все,8.0,нет продаж 90 дн
oz_acc2,1873229751,от 0 до 3000,12.0,нет продаж 90 дн
oz_acc2,1873230253,Все,8.0,нет продаж 90 дн
oz_acc2,1873235480,Все,8.0,нет продаж 90 дн
oz_acc2,1873235640,Все,8.0,нет продаж 90 дн
oz_acc2,1873235978,Все,8.0,нет продаж 90 дн
oz_acc2,1873236350,Все,8.0,нет маржи и нет продаж 90 дн
oz_acc2,1873256898,Все,8.0,нет маржи и нет продаж 90 дн
oz_acc2,1873256898,10000-500000,12.0,нет маржи и нет продаж 90 дн
oz_acc2,1875261536,Все,9.0,нет продаж 90 дн
oz_acc2,1875262256,Все,9.0,нет продаж 90 дн
oz_acc2,1875263305,Все,8.0,нет продаж 90 дн
oz_acc2,1875267753,Все,8.0,нет маржи и нет продаж 90 дн
oz_acc2,1875267753,от 0 до 3000,13.0,нет маржи и нет продаж 90 дн
oz_acc2,1882821080,Все,8.0,нет продаж 90 дн
oz_acc2,1882821571,Все,8.0,нет маржи и нет продаж 90 дн
oz_acc2,1882822163,Все,7.0,нет продаж 90 дн
oz_acc2,1882822163,от 0 до 3000,12.0,нет продаж 90 дн
oz_acc2,1882823270,Все,8.0,нет продаж 90 дн
oz_acc2,1882825168,Все,8.0,нет продаж 90 дн
oz_acc2,1882825168,3000-5000,12.0,нет продаж 90 дн
oz_acc2,1882826407,Все,8.0,нет продаж 90 дн
oz_acc2,1882826407,от 0 до 3000,12.0,нет продаж 90 дн
oz_acc2,1882826410,Все,8.0,нет продаж 90 дн
oz_acc2,1882827157,Все,7.0,нет продаж 90 дн
oz_acc2,1882827157,от 0 до 3000,10.0,нет продаж 90 дн
oz_acc2,1882829957,5000-10000,12.0,нет продаж 90 дн
oz_acc2,1882832026,Все,8.0,нет маржи и нет продаж 90 дн
oz_acc2,1882832562,Все,8.0,нет продаж 90 дн
oz_acc2,1882836949,Все,8.0,нет продаж 90 дн
oz_acc2,1882837230,Все,7.0,нет продаж 90 дн
oz_acc2,1882837230,от 0 до 3000,10.0,нет продаж 90 дн
oz_acc2,1882851411,Все,8.0,нет продаж 90 дн
oz_acc2,1882853250,Все,8.0,нет продаж 90 дн
oz_acc2,1882854617,Все,8.0,нет продаж 90 дн
oz_acc2,1882854617,от 0 до 3000,12.0,нет продаж 90 дн
oz_acc2,1882881607,Все,8.0,нет продаж 90 дн
oz_acc2,1883097390,Все,8.0,нет продаж 90 дн
oz_acc2,1883104562,Все,8.0,нет продаж 90 дн
oz_acc2,1883110124,Все,8.0,нет продаж 90 дн
oz_acc2,1883112911,Все,8.0,нет продаж 90 дн
oz_acc2,1883113551,Все,8.0,нет продаж 90 дн
oz_acc2,1883114460,Все,8.0,нет продаж 90 дн
oz_acc2,1883116041,Все,8.0,нет продаж 90 дн
oz_acc2,1883116041,от 0 до 3000,12.0,нет продаж 90 дн
oz_acc2,1883117274,Все,8.0,нет маржи и нет продаж 90 дн
oz_acc2,1883118070,Все,8.0,нет продаж 90 дн
oz_acc2,1883118070,10000-500000,12.0,нет продаж 90 дн
oz_acc2,1883118695,Все,8.0,нет продаж 90 дн
oz_acc2,1883119629,Все,9.0,нет продаж 90 дн
oz_acc2,1883119629,5000-10000,13.0,нет продаж 90 дн
oz_acc2,1883119859,Все,8.0,нет продаж 90 дн
oz_acc2,1883119960,Все,8.0,нет продаж 90 дн
oz_acc2,1883120549,от 0 до 3000,12.0,нет продаж 90 дн
oz_acc2,1883121120,Все,8.0,нет маржи и нет продаж 90 дн
oz_acc2,1883121120,3000-5000,12.0,нет маржи и нет продаж 90 дн
oz_acc2,1883121199,Все,8.0,нет продаж 90 дн
oz_acc2,1883121199,от 0 до 3000,12.0,нет продаж 90 дн
oz_acc2,1883122386,Все,8.0,нет продаж 90 дн
oz_acc2,1883122694,Все,8.0,нет продаж 90 дн
oz_acc2,1883122694,от 0 до 3000,12.0,нет продаж 90 дн
oz_acc2,1883122995,Все,8.0,нет продаж 90 дн
oz_acc2,1883123446,Все,8.0,нет продаж 90 дн
oz_acc2,1883123689,Все,8.0,нет продаж 90 дн
oz_acc2,1883124098,Все,8.0,нет продаж 90 дн
oz_acc2,1883124098,от 0 до 3000,12.0,нет продаж 90 дн
oz_acc2,1883124199,Все,8.0,нет продаж 90 дн
oz_acc2,1883124344,Все,8.0,нет продаж 90 дн
oz_acc2,1883125148,Все,8.0,нет продаж 90 дн
oz_acc2,1883125148,от 0 до 3000,12.0,нет продаж 90 дн
oz_acc2,1883125512,Все,8.0,нет продаж 90 дн
oz_acc2,1883126798,Все,8.0,нет продаж 90 дн
oz_acc2,1883126798,от 0 до 3000,12.0,нет продаж 90 дн
oz_acc2,1883127769,Все,8.0,нет продаж 90 дн
oz_acc2,1883127851,Все,8.0,нет продаж 90 дн
oz_acc2,1883127866,Все,8.0,нет продаж 90 дн
oz_acc2,1883128057,Все,8.0,нет продаж 90 дн
oz_acc2,1883128284,Все,7.0,нет продаж 90 дн
oz_acc2,1883128548,Все,8.0,нет продаж 90 дн
oz_acc2,1883129396,Все,8.0,нет продаж 90 дн
oz_acc2,1883129690,Все,8.0,нет продаж 90 дн
oz_acc2,1883129829,Все,8.0,нет продаж 90 дн
oz_acc2,1883130138,Все,8.0,нет продаж 90 дн
oz_acc2,1883130225,Все,8.0,нет продаж 90 дн
oz_acc2,1883130507,Все,8.0,нет продаж 90 дн
oz_acc2,1883130950,Все,8.0,нет продаж 90 дн
oz_acc2,1883131128,Все,8.0,нет продаж 90 дн
oz_acc2,1883131173,Все,8.0,нет продаж 90 дн
oz_acc2,1883131173,от 0 до 3000,12.0,нет продаж 90 дн
oz_acc2,1883131212,Все,8.0,нет продаж 90 дн
oz_acc2,1883131302,Все,8.0,нет продаж 90 дн
oz_acc2,1883131302,от 0 до 3000,12.0,нет продаж 90 дн
oz_acc2,1883131363,Все,8.0,нет продаж 90 дн
oz_acc2,1883131368,Все,8.0,нет продаж 90 дн
oz_acc2,1883131368,от 0 до 3000,12.0,нет продаж 90 дн
oz_acc2,1883131400,Все,8.0,нет продаж 90 дн
oz_acc2,1883131400,от 0 до 3000,12.0,нет продаж 90 дн
oz_acc2,1883131541,Все,9.0,нет продаж 90 дн
oz_acc2,1883131592,Все,8.0,нет продаж 90 дн
oz_acc2,1883131604,Все,8.0,нет продаж 90 дн
oz_acc2,1883131604,10000-500000,12.0,нет продаж 90 дн
oz_acc2,1883131764,Все,8.0,нет продаж 90 дн
oz_acc2,1883131764,10000-500000,12.0,нет продаж 90 дн
oz_acc2,1883132148,Все,8.0,нет продаж 90 дн
oz_acc2,1883132329,Все,8.0,нет продаж 90 дн
oz_acc2,1883132391,Все,8.0,нет маржи и нет продаж 90 дн
oz_acc2,1883132556,Все,8.0,нет продаж 90 дн
oz_acc2,1883132731,Все,8.0,нет продаж 90 дн
oz_acc2,1883132738,Все,8.0,нет продаж 90 дн
oz_acc2,1883133086,Все,8.0,нет продаж 90 дн
oz_acc2,1883133119,Все,8.0,нет продаж 90 дн
oz_acc2,1883133161,Все,8.0,нет маржи и нет продаж 90 дн
oz_acc2,1883133161,10000-500000,12.0,нет маржи и нет продаж 90 дн
oz_acc2,1883133225,Все,8.0,нет продаж 90 дн
oz_acc2,1883133318,Все,8.0,нет маржи и нет продаж 90 дн
oz_acc2,1883133369,Все,8.0,нет продаж 90 дн
oz_acc2,1883133699,Все,8.0,нет продаж 90 дн
oz_acc2,1883133700,Все,8.0,нет продаж 90 дн
oz_acc2,1883133861,Все,8.0,нет маржи и нет продаж 90 дн
oz_acc2,1883133985,Все,8.0,нет продаж 90 дн
oz_acc2,1883134043,Все,8.0,нет продаж 90 дн
oz_acc2,1883134252,Все,8.0,нет маржи и нет продаж 90 дн
oz_acc2,1883134342,Все,8.0,нет продаж 90 дн
oz_acc2,1883134379,Все,7.0,нет продаж 90 дн
oz_acc2,1883134434,Все,8.0,нет продаж 90 дн
oz_acc2,1883134571,Все,8.0,нет продаж 90 дн
oz_acc2,1883134750,Все,9.0,нет продаж 90 дн
oz_acc2,1883134784,Все,8.0,нет продаж 90 дн
oz_acc2,1883134893,Все,8.0,нет продаж 90 дн
oz_acc2,1883134980,Все,8.0,нет продаж 90 дн
oz_acc2,1883134980,от 0 до 3000,12.0,нет продаж 90 дн
oz_acc2,1883135040,Все,8.0,нет продаж 90 дн
oz_acc2,1883135433,Все,8.0,нет продаж 90 дн
oz_acc2,1883135599,Все,8.0,нет продаж 90 дн
oz_acc2,1883135599,от 0 до 3000,12.0,нет продаж 90 дн
oz_acc2,1883135828,Все,8.0,нет продаж 90 дн
oz_acc2,1883135858,Все,8.0,нет продаж 90 дн
oz_acc2,1883135858,10000-500000,12.0,нет продаж 90 дн
oz_acc2,1883135917,Все,8.0,нет продаж 90 дн
oz_acc2,1883136189,Все,8.0,нет продаж 90 дн
oz_acc2,1883136378,Все,8.0,нет продаж 90 дн
oz_acc2,1883136496,Все,8.0,нет продаж 90 дн
oz_acc2,1883136668,Все,8.0,нет продаж 90 дн
oz_acc2,1883136923,Все,8.0,нет продаж 90 дн
oz_acc2,1883136923,5000-10000,12.0,нет продаж 90 дн
oz_acc2,1883137014,Все,8.0,нет маржи и нет продаж 90 дн
oz_acc2,1883137014,от 0 до 3000,12.0,нет маржи и нет продаж 90 дн
oz_acc2,1883137019,Все,8.0,нет продаж 90 дн
oz_acc2,1883137021,Все,9.0,нет продаж 90 дн
oz_acc2,1883137146,Все,8.0,нет продаж 90 дн
oz_acc2,1883137344,Все,8.0,нет маржи и нет продаж 90 дн
oz_acc2,1883137344,5000-10000,12.0,нет маржи и нет продаж 90 дн
oz_acc2,1883137652,Все,8.0,нет продаж 90 дн
oz_acc2,1883137722,Все,8.0,нет продаж 90 дн
oz_acc2,1883137804,Все,8.0,нет продаж 90 дн
oz_acc2,1883137804,от 0 до 3000,12.0,нет продаж 90 дн
oz_acc2,1883137925,Все,8.0,нет продаж 90 дн
oz_acc2,1883137952,Все,8.0,нет продаж 90 дн
oz_acc2,1883137952,от 0 до 3000,12.0,нет продаж 90 дн
oz_acc2,1883138074,Все,8.0,нет продаж 90 дн
oz_acc2,1883138159,Все,8.0,нет продаж 90 дн
oz_acc2,1883138159,от 0 до 3000,12.0,нет продаж 90 дн
oz_acc2,1883138283,Все,8.0,нет продаж 90 дн
oz_acc2,1883138547,Все,8.0,нет продаж 90 дн
oz_acc2,1883138547,от 0 до 3000,12.0,нет продаж 90 дн
oz_acc2,1883138632,Все,8.0,нет продаж 90 дн
oz_acc2,1883138960,Все,8.0,нет продаж 90 дн
oz_acc2,1883139037,от 0 до 3000,12.0,нет продаж 90 дн
oz_acc2,1883139053,Все,8.0,нет продаж 90 дн
oz_acc2,1883139139,Все,8.0,нет продаж 90 дн
oz_acc2,1883139248,Все,8.0,нет продаж 90 дн
oz_acc2,1883139365,Все,8.0,нет маржи и нет продаж 90 дн
oz_acc2,1883139365,5000-10000,12.0,нет маржи и нет продаж 90 дн
oz_acc2,1883139367,Все,8.0,нет продаж 90 дн
oz_acc2,1883139367,3000-5000,12.0,нет продаж 90 дн
oz_acc2,1883139438,Все,8.0,нет продаж 90 дн
oz_acc2,1883139469,Все,8.0,нет продаж 90 дн
oz_acc2,1883139478,Все,8.0,нет продаж 90 дн
oz_acc2,1883139702,Все,8.0,нет продаж 90 дн
oz_acc2,1883139702,от 0 до 3000,12.0,нет продаж 90 дн
oz_acc2,1883139857,Все,8.0,нет продаж 90 дн
oz_acc2,1883139857,3000-5000,12.0,нет продаж 90 дн
oz_acc2,1883139914,Все,8.0,нет продаж 90 дн
oz_acc2,1883140098,Все,8.0,нет продаж 90 дн
oz_acc2,1883140098,3000-5000,12.0,нет продаж 90 дн
oz_acc2,1883140141,Все,8.0,нет продаж 90 дн
oz_acc2,1883140141,5000-10000,12.0,нет продаж 90 дн
oz_acc2,1883140218,Все,8.0,нет продаж 90 дн
oz_acc2,1883140232,Все,8.0,нет продаж 90 дн
oz_acc2,1883140299,Все,8.0,нет продаж 90 дн
oz_acc2,1883140365,Все,8.0,нет продаж 90 дн
oz_acc2,1883140406,Все,8.0,нет продаж 90 дн
oz_acc2,1883140654,Все,8.0,нет продаж 90 дн
oz_acc2,1883140794,Все,8.0,нет продаж 90 дн
oz_acc2,1883140869,Все,8.0,нет продаж 90 дн
oz_acc2,1883141206,Все,8.0,нет продаж 90 дн
oz_acc2,1883141284,Все,8.0,нет продаж 90 дн
oz_acc2,1883141386,Все,8.0,нет продаж 90 дн
oz_acc2,1883141426,Все,8.0,нет продаж 90 дн
oz_acc2,1883141602,Все,8.0,нет продаж 90 дн
oz_acc2,1883141716,Все,8.0,нет продаж 90 дн
oz_acc2,1883141859,Все,8.0,нет продаж 90 дн
oz_acc2,1883141935,Все,8.0,нет продаж 90 дн
oz_acc2,1883141946,Все,8.0,нет продаж 90 дн
oz_acc2,1883141946,от 0 до 3000,10.0,нет продаж 90 дн
oz_acc2,1883142276,Все,8.0,нет продаж 90 дн
oz_acc2,1883142301,Все,8.0,нет продаж 90 дн
oz_acc2,1883142319,Все,8.0,нет продаж 90 дн
oz_acc2,1883142438,Все,8.0,нет продаж 90 дн
oz_acc2,1883142445,Все,8.0,нет продаж 90 дн
oz_acc2,1883142474,Все,8.0,нет продаж 90 дн
oz_acc2,1883142519,Все,9.0,нет маржи и нет продаж 90 дн
oz_acc2,1883142544,Все,8.0,нет продаж 90 дн
oz_acc2,1883142612,Все,8.0,нет продаж 90 дн
oz_acc2,1883142646,Все,8.0,нет продаж 90 дн
oz_acc2,1883142674,Все,8.0,нет продаж 90 дн
oz_acc2,1883142758,Все,8.0,нет продаж 90 дн
oz_acc2,1883142861,Все,8.0,нет продаж 90 дн
oz_acc2,1883142936,Все,8.0,нет продаж 90 дн
oz_acc2,1883142965,Все,8.0,нет продаж 90 дн
oz_acc2,1883142965,от 0 до 3000,12.0,нет продаж 90 дн
oz_acc2,1883143170,Все,8.0,нет продаж 90 дн
oz_acc2,1883143316,Все,8.0,нет продаж 90 дн
oz_acc2,1883143430,Все,8.0,нет продаж 90 дн
oz_acc2,1883143491,Все,8.0,нет продаж 90 дн
oz_acc2,1883143562,Все,8.0,нет продаж 90 дн
oz_acc2,1883143571,Все,8.0,нет продаж 90 дн
oz_acc2,1883143669,Все,8.0,нет продаж 90 дн
oz_acc2,1883143709,Все,8.0,нет продаж 90 дн
oz_acc2,1883143992,Все,8.0,нет продаж 90 дн
oz_acc2,1883143992,от 0 до 3000,12.0,нет продаж 90 дн
oz_acc2,1883144031,Все,8.0,нет продаж 90 дн
oz_acc2,1883144037,Все,8.0,нет продаж 90 дн
oz_acc2,1883144065,Все,8.0,нет продаж 90 дн
oz_acc2,1883144098,Все,8.0,нет маржи и нет продаж 90 дн
oz_acc2,1883144098,10000-500000,12.0,нет маржи и нет продаж 90 дн
oz_acc2,1883144170,Все,8.0,нет продаж 90 дн
oz_acc2,1883144283,Все,7.0,нет продаж 90 дн
oz_acc2,1883144340,Все,8.0,нет продаж 90 дн
oz_acc2,1883144455,Все,8.0,нет продаж 90 дн
oz_acc2,1883144586,Все,8.0,нет продаж 90 дн
oz_acc2,1883144757,Все,8.0,нет продаж 90 дн
oz_acc2,1883144764,Все,8.0,нет продаж 90 дн
oz_acc2,1883144811,Все,8.0,нет продаж 90 дн
oz_acc2,1883144829,Все,8.0,нет маржи и нет продаж 90 дн
oz_acc2,1883144852,Все,8.0,нет продаж 90 дн
oz_acc2,1883144917,Все,8.0,нет продаж 90 дн
oz_acc2,1883144937,Все,8.0,нет продаж 90 дн
oz_acc2,1883144947,Все,8.0,нет продаж 90 дн
oz_acc2,1883145006,Все,8.0,нет продаж 90 дн
oz_acc2,1883145027,Все,8.0,нет продаж 90 дн
oz_acc2,1883145287,Все,8.0,нет продаж 90 дн
oz_acc2,1883145551,Все,8.0,нет продаж 90 дн
oz_acc2,1883145683,Все,8.0,нет продаж 90 дн
oz_acc2,1883145884,Все,8.0,нет продаж 90 дн
oz_acc2,1883146089,от 0 до 3000,10.0,нет продаж 90 дн
oz_acc2,1883146190,Все,8.0,нет продаж 90 дн
oz_acc2,1883146280,Все,8.0,нет продаж 90 дн
oz_acc2,1883146280,от 0 до 3000,12.0,нет продаж 90 дн
oz_acc2,1883146326,Все,8.0,нет продаж 90 дн
oz_acc2,1883146346,Все,8.0,нет маржи и нет продаж 90 дн
oz_acc2,1883146393,Все,8.0,нет продаж 90 дн
oz_acc2,1883146404,Все,8.0,нет продаж 90 дн
oz_acc2,1883146426,Все,8.0,нет продаж 90 дн
oz_acc2,1883146496,Все,8.0,нет продаж 90 дн
oz_acc2,1883146508,Все,8.0,нет маржи и нет продаж 90 дн
oz_acc2,1883146569,Все,8.0,нет продаж 90 дн
oz_acc2,1883146652,Все,8.0,нет продаж 90 дн
oz_acc2,1883146652,от 0 до 3000,12.0,нет продаж 90 дн
oz_acc2,1883146655,Все,8.0,нет продаж 90 дн
oz_acc2,1883146688,Все,8.0,нет продаж 90 дн
oz_acc2,1883146709,Все,8.0,нет продаж 90 дн
oz_acc2,1883146839,Все,8.0,нет продаж 90 дн
oz_acc2,1883146839,10000-500000,12.0,нет продаж 90 дн
oz_acc2,1883146855,Все,8.0,нет продаж 90 дн
oz_acc2,1883146975,Все,8.0,нет продаж 90 дн
oz_acc2,1883146985,Все,8.0,нет продаж 90 дн
oz_acc2,1883147113,Все,8.0,нет продаж 90 дн
oz_acc2,1883147153,Все,8.0,нет продаж 90 дн
oz_acc2,1883147160,Все,8.0,нет продаж 90 дн
oz_acc2,1883147160,5000-10000,12.0,нет продаж 90 дн
oz_acc2,1883147163,Все,8.0,нет продаж 90 дн
oz_acc2,1883147243,Все,8.0,нет продаж 90 дн
oz_acc2,1883147426,Все,8.0,нет продаж 90 дн
oz_acc2,1883147426,от 0 до 3000,12.0,нет продаж 90 дн
oz_acc2,1883147470,Все,8.0,нет продаж 90 дн
oz_acc2,1883147470,от 0 до 3000,12.0,нет продаж 90 дн
oz_acc2,1883147554,Все,8.0,нет продаж 90 дн
oz_acc2,1883147583,Все,8.0,нет продаж 90 дн
oz_acc2,1883147583,от 0 до 3000,12.0,нет продаж 90 дн
oz_acc2,1883147602,Все,8.0,нет продаж 90 дн
oz_acc2,1883147662,Все,8.0,нет продаж 90 дн
oz_acc2,1883147839,Все,8.0,нет продаж 90 дн
oz_acc2,1883147920,Все,8.0,нет маржи и нет продаж 90 дн
oz_acc2,1883147942,Все,8.0,нет продаж 90 дн
oz_acc2,1883147942,от 0 до 3000,12.0,нет продаж 90 дн
oz_acc2,1883147948,Все,8.0,нет маржи и нет продаж 90 дн
oz_acc2,1883148078,Все,8.0,нет продаж 90 дн
oz_acc2,1883148098,Все,8.0,нет продаж 90 дн
oz_acc2,1883148242,Все,8.0,нет продаж 90 дн
oz_acc2,1883148245,Все,8.0,нет продаж 90 дн
oz_acc2,1883148251,Все,8.0,нет продаж 90 дн
oz_acc2,1883148277,Все,8.0,нет продаж 90 дн
oz_acc2,1883148372,Все,8.0,нет продаж 90 дн
oz_acc2,1883148735,Все,8.0,нет продаж 90 дн
oz_acc2,1883148735,3000-5000,12.0,нет продаж 90 дн
oz_acc2,1883148787,от 0 до 3000,12.0,нет маржи и нет продаж 90 дн
oz_acc2,1883148872,Все,8.0,нет продаж 90 дн
oz_acc2,1883148872,3000-5000,12.0,нет продаж 90 дн
oz_acc2,1883148881,Все,8.0,нет продаж 90 дн
oz_acc2,1883148944,Все,8.0,нет продаж 90 дн
oz_acc2,1883149125,Все,8.0,нет продаж 90 дн
oz_acc2,1883149144,Все,8.0,нет продаж 90 дн
oz_acc2,1883149201,Все,8.0,нет продаж 90 дн
oz_acc2,1883149223,Все,8.0,нет продаж 90 дн
oz_acc2,1883149375,Все,8.0,нет продаж 90 дн
oz_acc2,1883149447,Все,8.0,нет продаж 90 дн
oz_acc2,1883149464,Все,8.0,нет продаж 90 дн
oz_acc2,1883149501,Все,8.0,нет маржи и нет продаж 90 дн
oz_acc2,1883149547,3000-5000,12.0,нет продаж 90 дн
oz_acc2,1883149614,Все,8.0,нет продаж 90 дн
oz_acc2,1883149614,от 0 до 3000,12.0,нет продаж 90 дн
oz_acc2,1883149679,Все,8.0,нет продаж 90 дн
oz_acc2,1883149888,Все,8.0,нет продаж 90 дн
oz_acc2,1883149897,Все,8.0,нет продаж 90 дн
oz_acc2,1883150166,Все,8.0,нет продаж 90 дн
oz_acc2,1883150175,Все,8.0,нет продаж 90 дн
oz_acc2,1883150180,Все,8.0,нет продаж 90 дн
oz_acc2,1883150180,от 0 до 3000,12.0,нет продаж 90 дн
oz_acc2,1883150225,Все,8.0,нет продаж 90 дн
oz_acc2,1883150227,от 0 до 3000,12.0,нет маржи и нет продаж 90 дн
oz_acc2,1883150470,Все,8.0,нет продаж 90 дн
oz_acc2,1883150614,Все,8.0,нет продаж 90 дн
oz_acc2,1883150636,Все,8.0,нет продаж 90 дн
oz_acc2,1883150872,Все,8.0,нет продаж 90 дн
oz_acc2,1883150903,Все,8.0,нет продаж 90 дн
oz_acc2,1883151045,Все,8.0,нет продаж 90 дн
oz_acc2,1883151227,Все,8.0,нет продаж 90 дн
oz_acc2,1883151250,Все,8.0,нет продаж 90 дн
oz_acc2,1883151270,Все,8.0,нет продаж 90 дн
oz_acc2,1883151270,от 0 до 3000,12.0,нет продаж 90 дн
oz_acc2,1883151323,Все,8.0,нет продаж 90 дн
oz_acc2,1883151337,Все,8.0,нет продаж 90 дн
oz_acc2,1883151389,Все,8.0,нет продаж 90 дн
oz_acc2,1883151389,от 0 до 3000,12.0,нет продаж 90 дн
oz_acc2,1883151595,Все,8.0,нет продаж 90 дн
oz_acc2,1883151595,от 0 до 3000,12.0,нет продаж 90 дн
oz_acc2,1883151729,Все,8.0,нет продаж 90 дн
oz_acc2,1883151755,Все,8.0,нет продаж 90 дн
oz_acc2,1883151774,Все,8.0,нет продаж 90 дн
oz_acc2,1883152157,Все,8.0,нет продаж 90 дн
oz_acc2,1883152157,3000-5000,12.0,нет продаж 90 дн
oz_acc2,1883152271,Все,8.0,нет продаж 90 дн
oz_acc2,1883152363,Все,8.0,нет продаж 90 дн
oz_acc2,1883152363,от 0 до 3000,12.0,нет продаж 90 дн
oz_acc2,1883152364,Все,9.0,нет продаж 90 дн
oz_acc2,1883152364,3000-5000,13.0,нет продаж 90 дн
oz_acc2,1883152492,Все,8.0,нет продаж 90 дн
oz_acc2,1883152492,от 0 до 3000,12.0,нет продаж 90 дн
oz_acc2,1883152510,Все,8.0,нет продаж 90 дн
oz_acc2,1883152533,Все,8.0,нет продаж 90 дн
oz_acc2,1883152543,Все,8.0,нет продаж 90 дн
oz_acc2,1883152581,Все,8.0,нет продаж 90 дн
oz_acc2,1883152628,Все,8.0,нет продаж 90 дн
oz_acc2,1883152628,5000-10000,12.0,нет продаж 90 дн
oz_acc2,1883152817,Все,8.0,нет продаж 90 дн
oz_acc2,1883152929,Все,8.0,нет продаж 90 дн
oz_acc2,1883152929,от 0 до 3000,12.0,нет продаж 90 дн
oz_acc2,1883153091,Все,8.0,нет продаж 90 дн
oz_acc2,1883153220,Все,9.0,нет продаж 90 дн
oz_acc2,1883153220,3000-5000,12.0,нет продаж 90 дн
oz_acc2,1883153267,Все,8.0,нет продаж 90 дн
oz_acc2,1883153307,Все,8.0,нет продаж 90 дн
oz_acc2,1883153350,Все,8.0,нет продаж 90 дн
oz_acc2,1883153384,Все,8.0,нет продаж 90 дн
oz_acc2,1883153406,Все,8.0,нет продаж 90 дн
oz_acc2,1883153562,Все,8.0,нет продаж 90 дн
oz_acc2,1883153580,Все,8.0,нет продаж 90 дн
oz_acc2,1883153653,Все,8.0,нет продаж 90 дн
oz_acc2,1883153797,Все,8.0,нет продаж 90 дн
oz_acc2,1883153805,Все,8.0,нет маржи и нет продаж 90 дн
oz_acc2,1883153805,10000-500000,12.0,нет маржи и нет продаж 90 дн
oz_acc2,1883153863,Все,8.0,нет продаж 90 дн
oz_acc2,1883154222,Все,8.0,нет продаж 90 дн
oz_acc2,1883154390,Все,8.0,нет продаж 90 дн
oz_acc2,1883154397,Все,8.0,нет продаж 90 дн
oz_acc2,1883154492,Все,8.0,нет продаж 90 дн
oz_acc2,1883154715,Все,8.0,нет продаж 90 дн
oz_acc2,1883154790,Все,8.0,нет продаж 90 дн
oz_acc2,1883155111,Все,8.0,нет продаж 90 дн
oz_acc2,1883155175,Все,8.0,нет продаж 90 дн
oz_acc2,1883155249,Все,8.0,нет маржи и нет продаж 90 дн
oz_acc2,1883155354,Все,8.0,нет маржи и нет продаж 90 дн
oz_acc2,1883155401,Все,8.0,нет продаж 90 дн
oz_acc2,1883155545,Все,7.0,нет продаж 90 дн
oz_acc2,1883155545,от 0 до 3000,12.0,нет продаж 90 дн
oz_acc2,1883155699,Все,8.0,нет продаж 90 дн
oz_acc2,1883155747,Все,8.0,нет продаж 90 дн
oz_acc2,1883155767,Все,8.0,нет продаж 90 дн
oz_acc2,1883155767,3000-5000,12.0,нет продаж 90 дн
oz_acc2,1883155885,Все,8.0,нет маржи и нет продаж 90 дн
oz_acc2,1883155900,Все,8.0,нет продаж 90 дн
oz_acc2,1883156018,Все,8.0,нет продаж 90 дн
oz_acc2,1883156204,Все,8.0,нет продаж 90 дн
oz_acc2,1883156230,Все,8.0,нет продаж 90 дн
oz_acc2,1883156551,3000-5000,12.0,нет маржи и нет продаж 90 дн
oz_acc2,1883156575,Все,8.0,нет продаж 90 дн
oz_acc2,1883156606,Все,8.0,нет продаж 90 дн
oz_acc2,1883156811,Все,8.0,нет маржи и нет продаж 90 дн
oz_acc2,1883157025,Все,8.0,нет продаж 90 дн
oz_acc2,1883157059,Все,8.0,нет продаж 90 дн
oz_acc2,1883157059,от 0 до 3000,12.0,нет продаж 90 дн
oz_acc2,1883157093,Все,8.0,нет продаж 90 дн
oz_acc2,1883157196,Все,8.0,нет продаж 90 дн
oz_acc2,1883157352,Все,8.0,нет продаж 90 дн
oz_acc2,1883157412,Все,9.0,нет продаж 90 дн
oz_acc2,1883157502,Все,8.0,нет продаж 90 дн
oz_acc2,1883157578,Все,8.0,нет продаж 90 дн
oz_acc2,1883157578,от 0 до 3000,12.0,нет продаж 90 дн
oz_acc2,1883157591,Все,8.0,нет маржи и нет продаж 90 дн
oz_acc2,1883157599,Все,8.0,нет продаж 90 дн
oz_acc2,1883157599,от 0 до 3000,13.0,нет продаж 90 дн
oz_acc2,1883157811,Все,8.0,нет продаж 90 дн
oz_acc2,1883157811,от 0 до 3000,12.0,нет продаж 90 дн
oz_acc2,1883157896,Все,8.0,нет продаж 90 дн
oz_acc2,1883157896,от 0 до 3000,12.0,нет продаж 90 дн
oz_acc2,1883158089,Все,8.0,нет продаж 90 дн
oz_acc2,1883158180,Все,8.0,нет продаж 90 дн
oz_acc2,1883158216,Все,9.0,нет продаж 90 дн
oz_acc2,1883158242,Все,8.0,нет продаж 90 дн
oz_acc2,1883158467,Все,8.0,нет маржи и нет продаж 90 дн
oz_acc2,1883158678,Все,8.0,нет продаж 90 дн
oz_acc2,1883158715,Все,8.0,нет продаж 90 дн
oz_acc2,1883158783,Все,9.0,нет продаж 90 дн
oz_acc2,1883158822,Все,8.0,нет продаж 90 дн
oz_acc2,1883158891,Все,8.0,нет продаж 90 дн
oz_acc2,1883158978,Все,8.0,нет продаж 90 дн
oz_acc2,1883158978,от 0 до 3000,12.0,нет продаж 90 дн
oz_acc2,1883159083,Все,8.0,нет продаж 90 дн
oz_acc2,1883159306,Все,8.0,нет продаж 90 дн
oz_acc2,1883159374,Все,8.0,нет продаж 90 дн
oz_acc2,1883159584,Все,8.0,нет продаж 90 дн
oz_acc2,1883159887,Все,8.0,нет продаж 90 дн
oz_acc2,1883160181,Все,8.0,нет продаж 90 дн
oz_acc2,1883160267,Все,8.0,нет продаж 90 дн
oz_acc2,1883160281,Все,8.0,нет продаж 90 дн
oz_acc2,1883160365,Все,8.0,нет маржи и нет продаж 90 дн
oz_acc2,1883160470,Все,8.0,нет продаж 90 дн
oz_acc2,1883160856,Все,8.0,нет продаж 90 дн
oz_acc2,1883160973,Все,7.0,нет продаж 90 дн
oz_acc2,1883161153,Все,8.0,нет маржи и нет продаж 90 дн
oz_acc2,1883161174,Все,9.0,нет продаж 90 дн
oz_acc2,1883161255,Все,8.0,нет продаж 90 дн
oz_acc2,1883161371,Все,8.0,нет продаж 90 дн
oz_acc2,1883161371,от 0 до 3000,12.0,нет продаж 90 дн
oz_acc2,1883161402,Все,8.0,нет продаж 90 дн
oz_acc2,1883161402,от 0 до 3000,12.0,нет продаж 90 дн
oz_acc2,1883161463,Все,8.0,нет продаж 90 дн
oz_acc2,1883161467,Все,8.0,нет продаж 90 дн
oz_acc2,1883161532,Все,8.0,нет продаж 90 дн
oz_acc2,1883161532,от 0 до 3000,12.0,нет продаж 90 дн
oz_acc2,1883161540,Все,8.0,нет продаж 90 дн
oz_acc2,1883161637,Все,8.0,нет продаж 90 дн
oz_acc2,1883161843,Все,8.0,нет продаж 90 дн
oz_acc2,1883161843,от 0 до 3000,12.0,нет продаж 90 дн
oz_acc2,1883161929,Все,8.0,нет продаж 90 дн
oz_acc2,1883161955,Все,8.0,нет продаж 90 дн
oz_acc2,1883161955,5000-10000,12.0,нет продаж 90 дн
oz_acc2,1883162509,от 0 до 3000,12.0,нет продаж 90 дн
oz_acc2,1883162547,Все,8.0,нет продаж 90 дн
oz_acc2,1883162752,Все,8.0,нет маржи и нет продаж 90 дн
oz_acc2,1883162982,Все,8.0,нет продаж 90 дн
oz_acc2,1883163263,Все,8.0,нет продаж 90 дн
oz_acc2,1883163263,от 0 до 3000,12.0,нет продаж 90 дн
oz_acc2,1883163576,Все,8.0,нет продаж 90 дн
oz_acc2,1883163838,Все,8.0,нет продаж 90 дн
oz_acc2,1883163838,от 0 до 3000,12.0,нет продаж 90 дн
oz_acc2,1883163969,Все,8.0,нет продаж 90 дн
oz_acc2,1883164040,Все,8.0,нет продаж 90 дн
oz_acc2,1883164040,от 0 до 3000,12.0,нет продаж 90 дн
oz_acc2,1883164170,от 0 до 3000,12.0,нет маржи и нет продаж 90 дн
oz_acc2,1883164279,Все,8.0,нет продаж 90 дн
oz_acc2,1883164477,Все,8.0,нет продаж 90 дн
oz_acc2,1883164922,Все,8.0,нет продаж 90 дн
oz_acc2,1883165117,Все,8.0,нет продаж 90 дн
oz_acc2,1883165666,Все,8.0,нет продаж 90 дн
oz_acc2,1883166269,Все,8.0,нет продаж 90 дн
oz_acc2,1883166308,Все,7.0,нет маржи и нет продаж 90 дн
oz_acc2,1883166308,от 0 до 3000,10.0,нет маржи и нет продаж 90 дн
oz_acc2,1883166445,Все,8.0,нет продаж 90 дн
oz_acc2,1883166445,от 0 до 3000,12.0,нет продаж 90 дн
oz_acc2,1883166451,Все,8.0,нет продаж 90 дн
oz_acc2,1883166786,Все,8.0,нет продаж 90 дн
oz_acc2,1883166786,от 0 до 3000,12.0,нет продаж 90 дн
oz_acc2,1883168397,Все,8.0,нет продаж 90 дн
oz_acc2,1883168518,Все,8.0,нет продаж 90 дн
oz_acc2,1883168574,Все,8.0,нет продаж 90 дн
oz_acc2,1883168940,Все,8.0,нет продаж 90 дн
oz_acc2,1883169131,Все,8.0,нет продаж 90 дн
oz_acc2,1883169131,от 0 до 3000,12.0,нет продаж 90 дн
oz_acc2,1883169200,Все,8.0,нет продаж 90 дн
oz_acc2,1883169377,Все,8.0,нет продаж 90 дн
oz_acc2,1883169382,Все,8.0,нет продаж 90 дн
oz_acc2,1883169592,Все,9.0,нет продаж 90 дн
oz_acc2,1883170131,Все,8.0,нет продаж 90 дн
oz_acc2,1883170175,Все,8.0,нет продаж 90 дн
oz_acc2,1883170324,Все,8.0,нет продаж 90 дн
oz_acc2,1883170729,Все,8.0,нет продаж 90 дн
oz_acc2,1883170989,Все,8.0,нет продаж 90 дн
oz_acc2,1883171171,Все,8.0,нет продаж 90 дн
oz_acc2,1883171201,Все,8.0,нет продаж 90 дн
oz_acc2,1883171273,Все,8.0,нет продаж 90 дн
oz_acc2,1883171334,Все,8.0,нет продаж 90 дн
oz_acc2,1883171736,Все,8.0,нет продаж 90 дн
oz_acc2,1883171810,Все,8.0,нет продаж 90 дн
oz_acc2,1883172202,Все,8.0,нет маржи и нет продаж 90 дн
oz_acc2,1883172489,Все,8.0,нет продаж 90 дн
oz_acc2,1883173512,Все,8.0,нет продаж 90 дн
oz_acc2,1883174021,Все,8.0,нет продаж 90 дн
oz_acc2,1883174136,Все,8.0,нет продаж 90 дн
oz_acc2,1883175313,Все,8.0,нет продаж 90 дн
oz_acc2,1883175402,Все,8.0,нет продаж 90 дн
oz_acc2,1883175429,Все,8.0,нет продаж 90 дн
oz_acc2,1883175747,Все,8.0,нет продаж 90 дн
oz_acc2,1883175747,от 0 до 3000,12.0,нет продаж 90 дн
oz_acc2,1883175812,от 0 до 3000,12.0,нет маржи и нет продаж 90 дн
oz_acc2,1883176071,Все,8.0,нет продаж 90 дн
oz_acc2,1883176101,Все,8.0,нет продаж 90 дн
oz_acc2,1883176133,Все,8.0,нет продаж 90 дн
oz_acc2,1883176133,от 0 до 3000,12.0,нет продаж 90 дн
oz_acc2,1883176182,Все,8.0,нет продаж 90 дн
oz_acc2,1883176395,Все,8.0,нет продаж 90 дн
oz_acc2,1883177383,Все,8.0,нет продаж 90 дн
oz_acc2,1883177383,от 0 до 3000,12.0,нет продаж 90 дн
oz_acc2,1883177403,Все,9.0,нет продаж 90 дн
oz_acc2,1883177589,Все,8.0,нет продаж 90 дн
oz_acc2,1883177597,Все,8.0,нет продаж 90 дн
oz_acc2,1883178234,Все,8.0,нет продаж 90 дн
oz_acc2,1883178752,Все,6.0,нет продаж 90 дн
oz_acc2,1883178897,Все,8.0,нет продаж 90 дн
oz_acc2,1883180089,Все,8.0,нет продаж 90 дн
oz_acc2,1883181181,Все,8.0,нет маржи и нет продаж 90 дн
oz_acc2,1883184018,Все,8.0,нет продаж 90 дн
oz_acc2,1883184024,Все,8.0,нет продаж 90 дн
oz_acc2,1883184250,Все,8.0,нет продаж 90 дн
oz_acc2,1883185325,Все,8.0,нет продаж 90 дн
oz_acc2,1883185355,Все,8.0,нет продаж 90 дн
oz_acc2,1883185588,Все,8.0,нет продаж 90 дн
oz_acc2,1883185712,Все,8.0,нет продаж 90 дн
oz_acc2,1883185853,Все,8.0,нет маржи и нет продаж 90 дн
oz_acc2,1883185853,10000-500000,12.0,нет маржи и нет продаж 90 дн
oz_acc2,1883187427,Все,8.0,нет продаж 90 дн
oz_acc2,1883187958,Все,8.0,нет продаж 90 дн
oz_acc2,1883188381,Все,8.0,нет продаж 90 дн
oz_acc2,1883188381,3000-5000,12.0,нет продаж 90 дн
oz_acc2,1883188557,Все,8.0,нет продаж 90 дн
oz_acc2,1883188782,Все,8.0,нет продаж 90 дн
oz_acc2,1883188787,Все,8.0,нет продаж 90 дн
oz_acc2,1883204471,Все,8.0,нет продаж 90 дн
oz_acc2,1883205434,Все,8.0,нет продаж 90 дн
oz_acc2,1883207526,Все,8.0,нет продаж 90 дн
oz_acc2,1883208103,Все,8.0,нет продаж 90 дн
oz_acc2,1883208165,Все,8.0,нет продаж 90 дн
oz_acc2,1883209219,Все,8.0,нет продаж 90 дн
oz_acc2,1883210807,Все,8.0,нет продаж 90 дн
oz_acc2,1883211056,Все,8.0,нет продаж 90 дн
oz_acc2,1883211075,Все,8.0,нет продаж 90 дн
oz_acc2,1883211075,от 0 до 3000,12.0,нет продаж 90 дн
oz_acc2,1883211827,Все,8.0,нет продаж 90 дн
oz_acc2,1883212285,Все,8.0,нет продаж 90 дн
oz_acc2,1883212346,Все,8.0,нет продаж 90 дн
oz_acc2,1883212346,3000-5000,12.0,нет продаж 90 дн
oz_acc2,1883212658,Все,8.0,нет продаж 90 дн
oz_acc2,1883212658,от 0 до 3000,12.0,нет продаж 90 дн
oz_acc2,1883212782,Все,8.0,нет продаж 90 дн
oz_acc2,1883213463,Все,8.0,нет продаж 90 дн
oz_acc2,1883213463,от 0 до 3000,12.0,нет продаж 90 дн
oz_acc2,1883213494,Все,8.0,нет продаж 90 дн
oz_acc2,1883213708,Все,8.0,нет продаж 90 дн
oz_acc2,1883213708,от 0 до 3000,12.0,нет продаж 90 дн
oz_acc2,1883213940,Все,8.0,нет продаж 90 дн
oz_acc2,1883213956,Все,8.0,нет продаж 90 дн
oz_acc2,1883214054,Все,8.0,нет продаж 90 дн
oz_acc2,1883214054,от 0 до 3000,12.0,нет продаж 90 дн
oz_acc2,1883214110,Все,8.0,нет продаж 90 дн
oz_acc2,1883214181,Все,8.0,нет продаж 90 дн
oz_acc2,1883214191,Все,8.0,нет продаж 90 дн
oz_acc2,1883214322,Все,8.0,нет продаж 90 дн
oz_acc2,1883214361,Все,8.0,нет продаж 90 дн
oz_acc2,1883214361,от 0 до 3000,12.0,нет продаж 90 дн
oz_acc2,1883214401,Все,8.0,нет маржи и нет продаж 90 дн
oz_acc2,1883214790,Все,8.0,нет продаж 90 дн
oz_acc2,1883215072,Все,8.0,нет продаж 90 дн
oz_acc2,1883215261,Все,8.0,нет продаж 90 дн
oz_acc2,1883215279,Все,8.0,нет продаж 90 дн
oz_acc2,1883215318,Все,8.0,нет продаж 90 дн
oz_acc2,1883215523,Все,8.0,нет продаж 90 дн
oz_acc2,1883215836,Все,8.0,нет продаж 90 дн
oz_acc2,1883215848,Все,8.0,нет продаж 90 дн
oz_acc2,1883215898,Все,8.0,нет продаж 90 дн
oz_acc2,1883215945,Все,8.0,нет продаж 90 дн
oz_acc2,1883215963,Все,8.0,нет продаж 90 дн
oz_acc2,1883216042,Все,8.0,нет маржи и нет продаж 90 дн
oz_acc2,1883216577,Все,8.0,нет продаж 90 дн
oz_acc2,1883216891,Все,8.0,нет продаж 90 дн
oz_acc2,1883216928,Все,8.0,нет продаж 90 дн
oz_acc2,1883217031,Все,8.0,нет продаж 90 дн
oz_acc2,1883217035,Все,8.0,нет продаж 90 дн
oz_acc2,1883217064,Все,8.0,нет продаж 90 дн
oz_acc2,1883217432,Все,8.0,нет продаж 90 дн
oz_acc2,1883217876,Все,8.0,нет продаж 90 дн
oz_acc2,1883217940,Все,8.0,нет продаж 90 дн
oz_acc2,1883218074,Все,8.0,нет продаж 90 дн
oz_acc2,1883218199,Все,8.0,нет продаж 90 дн
oz_acc2,1883218199,от 0 до 3000,12.0,нет продаж 90 дн
oz_acc2,1883218239,Все,8.0,нет маржи и нет продаж 90 дн
oz_acc2,1883218390,Все,8.0,нет продаж 90 дн
oz_acc2,1883218390,от 0 до 3000,12.0,нет продаж 90 дн
oz_acc2,1883218498,Все,8.0,нет продаж 90 дн
oz_acc2,1883218498,от 0 до 3000,12.0,нет продаж 90 дн
oz_acc2,1883218575,Все,8.0,нет продаж 90 дн
oz_acc2,1883218575,от 0 до 3000,12.0,нет продаж 90 дн
oz_acc2,1883218647,Все,8.0,нет продаж 90 дн
oz_acc2,1883218727,Все,8.0,нет продаж 90 дн
oz_acc2,1883218752,Все,8.0,нет продаж 90 дн
oz_acc2,1883219131,Все,8.0,нет продаж 90 дн
oz_acc2,1883219505,Все,9.0,нет продаж 90 дн
oz_acc2,1883219529,Все,8.0,нет продаж 90 дн
oz_acc2,1883219538,Все,8.0,нет продаж 90 дн
oz_acc2,1883219957,Все,8.0,нет продаж 90 дн
oz_acc2,1883219957,от 0 до 3000,12.0,нет продаж 90 дн
oz_acc2,1883220151,Все,8.0,нет продаж 90 дн
oz_acc2,1883220185,Все,8.0,нет продаж 90 дн
oz_acc2,1883220334,Все,8.0,нет продаж 90 дн
oz_acc2,1883220494,Все,8.0,нет продаж 90 дн
oz_acc2,1883220494,от 0 до 3000,12.0,нет продаж 90 дн
oz_acc2,1883220499,Все,8.0,нет продаж 90 дн
oz_acc2,1883220577,Все,8.0,нет продаж 90 дн
oz_acc2,1883220923,Все,8.0,нет продаж 90 дн
oz_acc2,1883220923,от 0 до 3000,12.0,нет продаж 90 дн
oz_acc2,1883220926,Все,8.0,нет продаж 90 дн
oz_acc2,1883221119,Все,8.0,нет продаж 90 дн
oz_acc2,1883221523,Все,7.0,нет продаж 90 дн
oz_acc2,1883222100,Все,8.0,нет продаж 90 дн
oz_acc2,1883222168,Все,8.0,нет продаж 90 дн
oz_acc2,1883222205,Все,8.0,нет маржи и нет продаж 90 дн
oz_acc2,1883222310,Все,8.0,нет продаж 90 дн
oz_acc2,1883222317,Все,8.0,нет продаж 90 дн
oz_acc2,1883222327,Все,8.0,нет продаж 90 дн
oz_acc2,1883222374,Все,8.0,нет продаж 90 дн
oz_acc2,1883222375,Все,8.0,нет продаж 90 дн
oz_acc2,1883222420,Все,8.0,нет продаж 90 дн
oz_acc2,1883222420,от 0 до 3000,12.0,нет продаж 90 дн
oz_acc2,1883222584,Все,8.0,нет продаж 90 дн
oz_acc2,1883222690,Все,8.0,нет продаж 90 дн
oz_acc2,1883222729,Все,8.0,нет продаж 90 дн
oz_acc2,1883222846,Все,8.0,нет продаж 90 дн
oz_acc2,1883223020,Все,8.0,нет продаж 90 дн
oz_acc2,1883223108,Все,8.0,нет продаж 90 дн
oz_acc2,1883223187,Все,8.0,нет продаж 90 дн
oz_acc2,1883223187,от 0 до 3000,12.0,нет продаж 90 дн
oz_acc2,1883223300,Все,8.0,нет маржи и нет продаж 90 дн
oz_acc2,1883223355,Все,8.0,нет продаж 90 дн
oz_acc2,1883223390,Все,8.0,нет продаж 90 дн
oz_acc2,1883223390,от 0 до 3000,12.0,нет продаж 90 дн
oz_acc2,1883223408,Все,8.0,нет продаж 90 дн
oz_acc2,1883223419,Все,8.0,нет продаж 90 дн
oz_acc2,1883223441,Все,8.0,нет продаж 90 дн
oz_acc2,1883223494,Все,8.0,нет продаж 90 дн
oz_acc2,1883223601,Все,7.0,нет продаж 90 дн
oz_acc2,1883223601,от 0 до 3000,12.0,нет продаж 90 дн
oz_acc2,1883223894,Все,8.0,нет продаж 90 дн
oz_acc2,1883223894,от 0 до 3000,12.0,нет продаж 90 дн
oz_acc2,1883223912,Все,8.0,нет продаж 90 дн
oz_acc2,1883223971,Все,8.0,нет продаж 90 дн
oz_acc2,1883224081,Все,8.0,нет продаж 90 дн
oz_acc2,1883224100,Все,8.0,нет продаж 90 дн
oz_acc2,1883224213,Все,8.0,нет продаж 90 дн
oz_acc2,1883224213,3000-5000,12.0,нет продаж 90 дн
oz_acc2,1883224393,Все,8.0,нет продаж 90 дн
oz_acc2,1883224654,Все,8.0,нет продаж 90 дн
oz_acc2,1883224804,Все,8.0,нет продаж 90 дн
oz_acc2,1883224825,Все,8.0,нет продаж 90 дн
oz_acc2,1883225012,Все,8.0,нет продаж 90 дн
oz_acc2,1883225345,Все,8.0,нет продаж 90 дн
oz_acc2,1883225452,Все,8.0,нет продаж 90 дн
oz_acc2,1883225608,Все,8.0,нет продаж 90 дн
oz_acc2,1883225675,Все,8.0,нет продаж 90 дн
oz_acc2,1883225716,Все,8.0,нет продаж 90 дн
oz_acc2,1883225724,Все,8.0,нет продаж 90 дн
oz_acc2,1883225787,Все,9.0,нет продаж 90 дн
oz_acc2,1883225957,Все,8.0,нет продаж 90 дн
oz_acc2,1883225986,Все,8.0,нет продаж 90 дн
oz_acc2,1883226059,Все,8.0,нет продаж 90 дн
oz_acc2,1883226059,от 0 до 3000,12.0,нет продаж 90 дн
oz_acc2,1883226234,Все,8.0,нет продаж 90 дн
oz_acc2,1883226381,Все,8.0,нет продаж 90 дн
oz_acc2,1883226532,Все,8.0,нет продаж 90 дн
oz_acc2,1883226899,Все,8.0,нет продаж 90 дн
oz_acc2,1883226940,Все,8.0,нет продаж 90 дн
oz_acc2,1883226940,от 0 до 3000,12.0,нет продаж 90 дн
oz_acc2,1883226976,Все,8.0,нет продаж 90 дн
oz_acc2,1883227114,Все,8.0,нет продаж 90 дн
oz_acc2,1883227223,Все,8.0,нет продаж 90 дн
oz_acc2,1883227569,Все,8.0,нет продаж 90 дн
oz_acc2,1883227637,Все,8.0,нет продаж 90 дн
oz_acc2,1883227897,Все,8.0,нет продаж 90 дн
oz_acc2,1883227897,от 0 до 3000,12.0,нет продаж 90 дн
oz_acc2,1883228073,Все,8.0,нет продаж 90 дн
oz_acc2,1883228073,от 0 до 3000,12.0,нет продаж 90 дн
oz_acc2,1883228270,Все,11.0,нет продаж 90 дн
oz_acc2,1883228286,Все,8.0,нет продаж 90 дн
oz_acc2,1883228610,Все,8.0,нет продаж 90 дн
oz_acc2,1883228965,Все,8.0,нет продаж 90 дн
oz_acc2,1883229026,Все,8.0,нет продаж 90 дн
oz_acc2,1883229457,Все,8.0,нет продаж 90 дн
oz_acc2,1883229530,Все,8.0,нет продаж 90 дн
oz_acc2,1883229572,Все,8.0,нет продаж 90 дн
oz_acc2,1883229667,Все,8.0,нет продаж 90 дн
oz_acc2,1883229667,от 0 до 3000,12.0,нет продаж 90 дн
oz_acc2,1883229680,Все,8.0,нет продаж 90 дн
oz_acc2,1883229680,от 0 до 3000,12.0,нет продаж 90 дн
oz_acc2,1883229952,Все,8.0,нет маржи и нет продаж 90 дн
oz_acc2,1883230060,Все,8.0,нет продаж 90 дн
oz_acc2,1883230202,Все,8.0,нет продаж 90 дн
oz_acc2,1883230264,Все,8.0,нет маржи и нет продаж 90 дн
oz_acc2,1883230271,Все,8.0,нет продаж 90 дн
oz_acc2,1883230293,Все,8.0,нет продаж 90 дн
oz_acc2,1883230352,Все,8.0,нет продаж 90 дн
oz_acc2,1883230443,Все,8.0,нет продаж 90 дн
oz_acc2,1883230483,Все,8.0,нет продаж 90 дн
oz_acc2,1883230703,Все,8.0,нет продаж 90 дн
oz_acc2,1883230820,Все,8.0,нет продаж 90 дн
oz_acc2,1883230825,Все,8.0,нет продаж 90 дн
oz_acc2,1883231032,Все,8.0,нет маржи и нет продаж 90 дн
oz_acc2,1883231065,Все,8.0,нет продаж 90 дн
oz_acc2,1883231101,Все,8.0,нет продаж 90 дн
oz_acc2,1883231198,Все,8.0,нет продаж 90 дн
oz_acc2,1883231302,Все,9.0,нет продаж 90 дн
oz_acc2,1883231444,Все,8.0,нет продаж 90 дн
oz_acc2,1883231501,Все,8.0,нет продаж 90 дн
oz_acc2,1883231684,Все,8.0,нет продаж 90 дн
oz_acc2,1883231684,5000-10000,12.0,нет продаж 90 дн
oz_acc2,1883232025,Все,8.0,нет продаж 90 дн
oz_acc2,1883232027,Все,8.0,нет продаж 90 дн
oz_acc2,1883232135,5000-10000,12.0,нет продаж 90 дн
oz_acc2,1883232188,Все,8.0,нет продаж 90 дн
oz_acc2,1883232235,Все,8.0,нет продаж 90 дн
oz_acc2,1883232490,Все,8.0,нет продаж 90 дн
oz_acc2,1883232526,Все,9.0,нет продаж 90 дн
oz_acc2,1883232679,Все,8.0,нет продаж 90 дн
oz_acc2,1883232956,Все,8.0,нет маржи и нет продаж 90 дн
oz_acc2,1883232956,от 0 до 3000,12.0,нет маржи и нет продаж 90 дн
oz_acc2,1883233316,Все,8.0,нет продаж 90 дн
oz_acc2,1883233318,Все,8.0,нет продаж 90 дн
oz_acc2,1883233348,Все,8.0,нет продаж 90 дн
oz_acc2,1883233352,Все,8.0,нет продаж 90 дн
oz_acc2,1883233352,3000-5000,12.0,нет продаж 90 дн
oz_acc2,1883233542,Все,8.0,нет продаж 90 дн
oz_acc2,1883233672,Все,8.0,нет продаж 90 дн
oz_acc2,1883233691,Все,6.0,нет продаж 90 дн
oz_acc2,1883233812,Все,8.0,нет продаж 90 дн
oz_acc2,1883234088,Все,8.0,нет продаж 90 дн
oz_acc2,1883234088,от 0 до 3000,12.0,нет продаж 90 дн
oz_acc2,1883234163,Все,8.0,нет продаж 90 дн
oz_acc2,1883234237,Все,8.0,нет продаж 90 дн
oz_acc2,1883234431,Все,8.0,нет продаж 90 дн
oz_acc2,1883234614,Все,8.0,нет продаж 90 дн
oz_acc2,1883234741,Все,8.0,нет продаж 90 дн
oz_acc2,1883234775,Все,9.0,нет продаж 90 дн
oz_acc2,1883234816,Все,8.0,нет продаж 90 дн
oz_acc2,1883235127,Все,8.0,нет продаж 90 дн
oz_acc2,1883235259,Все,8.0,нет маржи и нет продаж 90 дн
oz_acc2,1883235371,Все,8.0,нет продаж 90 дн
oz_acc2,1883235543,Все,8.0,нет продаж 90 дн
oz_acc2,1883235549,Все,8.0,нет продаж 90 дн
oz_acc2,1883235584,Все,8.0,нет продаж 90 дн
oz_acc2,1883235686,Все,8.0,нет продаж 90 дн
oz_acc2,1883236209,Все,8.0,нет продаж 90 дн
oz_acc2,1883236346,Все,8.0,нет продаж 90 дн
oz_acc2,1883236482,Все,8.0,нет продаж 90 дн
oz_acc2,1883236519,Все,8.0,нет продаж 90 дн
oz_acc2,1883236945,Все,8.0,нет продаж 90 дн
oz_acc2,1883236945,от 0 до 3000,12.0,нет продаж 90 дн
oz_acc2,1883237026,Все,8.0,нет продаж 90 дн
oz_acc2,1883237299,Все,8.0,нет продаж 90 дн
oz_acc2,1883237337,Все,8.0,нет продаж 90 дн
oz_acc2,1883237407,Все,8.0,нет продаж 90 дн
oz_acc2,1883237442,Все,8.0,нет продаж 90 дн
oz_acc2,1883237463,Все,8.0,нет продаж 90 дн
oz_acc2,1883237475,Все,8.0,нет продаж 90 дн
oz_acc2,1883237752,Все,8.0,нет продаж 90 дн
oz_acc2,1883237844,Все,8.0,нет продаж 90 дн
oz_acc2,1883237844,от 0 до 3000,10.0,нет продаж 90 дн
oz_acc2,1883237889,Все,8.0,нет продаж 90 дн
oz_acc2,1883237973,Все,8.0,нет продаж 90 дн
oz_acc2,1883238291,от 0 до 3000,10.0,нет продаж 90 дн
oz_acc2,1883238805,от 0 до 3000,12.0,нет продаж 90 дн
oz_acc2,1883238820,Все,8.0,нет продаж 90 дн
oz_acc2,1883238931,Все,8.0,нет продаж 90 дн
oz_acc2,1883239354,Все,8.0,нет маржи и нет продаж 90 дн
oz_acc2,1883239528,Все,8.0,нет продаж 90 дн
oz_acc2,1883239557,Все,7.0,нет продаж 90 дн
oz_acc2,1883239848,Все,8.0,нет продаж 90 дн
oz_acc2,1883240094,Все,8.0,нет продаж 90 дн
oz_acc2,1883240165,Все,8.0,нет продаж 90 дн
oz_acc2,1883240173,Все,8.0,нет продаж 90 дн
oz_acc2,1883240201,Все,8.0,нет продаж 90 дн
oz_acc2,1883240228,Все,8.0,нет маржи и нет продаж 90 дн
oz_acc2,1883240417,Все,8.0,нет продаж 90 дн
oz_acc2,1883240675,Все,8.0,нет продаж 90 дн
oz_acc2,1883240685,Все,8.0,нет продаж 90 дн
oz_acc2,1883240703,Все,8.0,нет продаж 90 дн
oz_acc2,1883240853,Все,8.0,нет продаж 90 дн
oz_acc2,1883241097,Все,8.0,нет продаж 90 дн
oz_acc2,1883241604,Все,9.0,нет продаж 90 дн
oz_acc2,1883241702,Все,8.0,нет продаж 90 дн
oz_acc2,1883242791,Все,8.0,нет продаж 90 дн
oz_acc2,1883243302,Все,8.0,нет продаж 90 дн
oz_acc2,1883243836,Все,8.0,нет продаж 90 дн
oz_acc2,1883243889,Все,8.0,нет продаж 90 дн
oz_acc2,1883243990,Все,8.0,нет продаж 90 дн
oz_acc2,1883244819,Все,8.0,нет продаж 90 дн
oz_acc2,1883244819,от 0 до 3000,12.0,нет продаж 90 дн
oz_acc2,1883245614,Все,8.0,нет продаж 90 дн
oz_acc2,1883245614,от 0 до 3000,12.0,нет продаж 90 дн
oz_acc2,1883248153,Все,8.0,нет продаж 90 дн
oz_acc2,1883249307,Все,8.0,нет продаж 90 дн
oz_acc2,1883249395,Все,8.0,нет продаж 90 дн
oz_acc2,1883250960,Все,8.0,нет продаж 90 дн
oz_acc2,1883250960,от 0 до 3000,12.0,нет продаж 90 дн
oz_acc2,1883253798,Все,8.0,нет продаж 90 дн
oz_acc2,1883255986,Все,8.0,нет продаж 90 дн
oz_acc2,1883257507,Все,8.0,нет продаж 90 дн
oz_acc2,1883257721,Все,8.0,нет продаж 90 дн
oz_acc2,1883258196,Все,8.0,нет продаж 90 дн
oz_acc2,1883259211,Все,8.0,нет продаж 90 дн
oz_acc2,1883259949,Все,8.0,нет продаж 90 дн
oz_acc2,1883262295,Все,8.0,нет продаж 90 дн
oz_acc2,1883262295,от 0 до 3000,12.0,нет продаж 90 дн
oz_acc2,1883262296,Все,8.0,нет продаж 90 дн
oz_acc2,1883263029,Все,8.0,нет продаж 90 дн
oz_acc2,1883263360,Все,8.0,нет продаж 90 дн
oz_acc2,1883263736,Все,8.0,нет маржи и нет продаж 90 дн
oz_acc2,1883264549,Все,8.0,нет продаж 90 дн
oz_acc2,1883264549,от 0 до 3000,12.0,нет продаж 90 дн
oz_acc2,1883265648,Все,8.0,нет продаж 90 дн
oz_acc2,1883266230,Все,8.0,нет продаж 90 дн
oz_acc2,1883266636,Все,8.0,нет продаж 90 дн
oz_acc2,1883266636,от 0 до 3000,12.0,нет продаж 90 дн
oz_acc2,1883266941,Все,8.0,нет продаж 90 дн
oz_acc2,1883267509,Все,8.0,нет продаж 90 дн
oz_acc2,1883267509,от 0 до 3000,10.0,нет продаж 90 дн
oz_acc2,1883267731,Все,8.0,нет продаж 90 дн
oz_acc2,1883269116,Все,8.0,нет продаж 90 дн
oz_acc2,1883269116,от 0 до 3000,12.0,нет продаж 90 дн
oz_acc2,1883269472,Все,8.0,нет продаж 90 дн
oz_acc2,1883269703,Все,8.0,нет продаж 90 дн
oz_acc2,1883269789,Все,8.0,нет продаж 90 дн
oz_acc2,1883269896,Все,8.0,нет продаж 90 дн
oz_acc2,1883270227,Все,8.0,нет продаж 90 дн
oz_acc2,1883273248,Все,8.0,нет маржи и нет продаж 90 дн
oz_acc2,1883273248,от 0 до 3000,12.0,нет маржи и нет продаж 90 дн
oz_acc2,1883345984,Все,8.0,нет продаж 90 дн
oz_acc2,1883346313,Все,8.0,нет продаж 90 дн
oz_acc2,1883346569,от 0 до 3000,12.0,нет продаж 90 дн
oz_acc2,1883346702,Все,9.0,нет маржи и нет продаж 90 дн
oz_acc2,1883346719,Все,8.0,нет продаж 90 дн
oz_acc2,1883347011,Все,8.0,нет продаж 90 дн
oz_acc2,1883347070,Все,8.0,нет продаж 90 дн
oz_acc2,1883347337,Все,8.0,нет продаж 90 дн
oz_acc2,1883347602,Все,8.0,нет маржи и нет продаж 90 дн
oz_acc2,1883347629,Все,8.0,нет продаж 90 дн
oz_acc2,1883348231,Все,8.0,нет продаж 90 дн
oz_acc2,1883348695,Все,8.0,нет продаж 90 дн
oz_acc2,1883348943,Все,8.0,нет продаж 90 дн
oz_acc2,1883349643,Все,8.0,нет продаж 90 дн
oz_acc2,1883349917,Все,8.0,нет продаж 90 дн
oz_acc2,1883349937,Все,8.0,нет маржи и нет продаж 90 дн
oz_acc2,1883349949,Все,8.0,нет маржи и нет продаж 90 дн
oz_acc2,1883350197,Все,8.0,нет продаж 90 дн
oz_acc2,1883350197,3000-5000,12.0,нет продаж 90 дн
oz_acc2,1883350310,Все,7.0,нет продаж 90 дн
oz_acc2,1883350431,Все,8.0,нет продаж 90 дн
oz_acc2,1883350483,Все,8.0,нет продаж 90 дн
oz_acc2,1883350530,Все,8.0,нет продаж 90 дн
oz_acc2,1883350669,Все,8.0,нет маржи и нет продаж 90 дн
oz_acc2,1883350960,Все,8.0,нет продаж 90 дн
oz_acc2,1883350960,10000-500000,12.0,нет продаж 90 дн
oz_acc2,1883351078,Все,8.0,нет продаж 90 дн
oz_acc2,1883351435,Все,8.0,нет маржи и нет продаж 90 дн
oz_acc2,1883351533,Все,8.0,нет продаж 90 дн
oz_acc2,1883351567,Все,8.0,нет продаж 90 дн
oz_acc2,1883351607,Все,8.0,нет продаж 90 дн
oz_acc2,1883351735,Все,8.0,нет продаж 90 дн
oz_acc2,1883351742,Все,8.0,нет продаж 90 дн
oz_acc2,1883351873,Все,8.0,нет продаж 90 дн
oz_acc2,1883352008,Все,8.0,нет маржи и нет продаж 90 дн
oz_acc2,1883352108,Все,8.0,нет продаж 90 дн
oz_acc2,1883352108,от 0 до 3000,12.0,нет продаж 90 дн
oz_acc2,1883352125,Все,8.0,нет продаж 90 дн
oz_acc2,1883352263,Все,8.0,нет продаж 90 дн
oz_acc2,1883352269,Все,7.0,нет продаж 90 дн
oz_acc2,1883352269,от 0 до 3000,10.0,нет продаж 90 дн
oz_acc2,1883352563,Все,8.0,нет продаж 90 дн
oz_acc2,1883352822,Все,8.0,нет продаж 90 дн
oz_acc2,1883352865,Все,8.0,нет продаж 90 дн
oz_acc2,1883352932,Все,8.0,нет продаж 90 дн
oz_acc2,1883353182,Все,8.0,нет продаж 90 дн
oz_acc2,1883353400,Все,8.0,нет маржи и нет продаж 90 дн
oz_acc2,1883353448,3000-5000,12.0,нет продаж 90 дн
oz_acc2,1883353556,Все,8.0,нет продаж 90 дн
oz_acc2,1883353671,Все,8.0,нет продаж 90 дн
oz_acc2,1883353985,Все,8.0,нет продаж 90 дн
oz_acc2,1883354029,Все,8.0,нет продаж 90 дн
oz_acc2,1883354048,Все,8.0,нет продаж 90 дн
oz_acc2,1883354100,Все,8.0,нет продаж 90 дн
oz_acc2,1883354104,Все,8.0,нет продаж 90 дн
oz_acc2,1883354329,Все,9.0,нет продаж 90 дн
oz_acc2,1883354435,Все,8.0,нет продаж 90 дн
oz_acc2,1883354435,от 0 до 3000,12.0,нет продаж 90 дн
oz_acc2,1883354661,Все,9.0,нет маржи и нет продаж 90 дн
oz_acc2,1883354712,Все,8.0,нет продаж 90 дн
oz_acc2,1883354731,Все,8.0,нет продаж 90 дн
oz_acc2,1883355363,Все,7.0,нет продаж 90 дн
oz_acc2,1883355732,Все,8.0,нет продаж 90 дн
oz_acc2,1883355814,Все,8.0,нет продаж 90 дн
oz_acc2,1883355860,Все,8.0,нет продаж 90 дн
oz_acc2,1883355860,от 0 до 3000,12.0,нет продаж 90 дн
oz_acc2,1883355927,Все,8.0,нет продаж 90 дн
oz_acc2,1883356304,Все,8.0,нет продаж 90 дн
oz_acc2,1883356304,от 0 до 3000,12.0,нет продаж 90 дн
oz_acc2,1883356335,Все,8.0,нет продаж 90 дн
oz_acc2,1883356337,Все,8.0,нет продаж 90 дн
oz_acc2,1883356629,Все,8.0,нет продаж 90 дн
oz_acc2,1883356796,Все,8.0,нет продаж 90 дн
oz_acc2,1883357064,Все,8.0,нет продаж 90 дн
oz_acc2,1883357310,Все,8.0,нет маржи и нет продаж 90 дн
oz_acc2,1883357369,Все,8.0,нет продаж 90 дн
oz_acc2,1883357600,Все,8.0,нет продаж 90 дн
oz_acc2,1883357732,Все,8.0,нет продаж 90 дн
oz_acc2,1883357785,Все,8.0,нет продаж 90 дн
oz_acc2,1883357860,Все,8.0,нет продаж 90 дн
oz_acc2,1883357911,Все,8.0,нет продаж 90 дн
oz_acc2,1883358019,Все,8.0,нет продаж 90 дн
oz_acc2,1883358197,Все,8.0,нет продаж 90 дн
oz_acc2,1883358373,Все,8.0,нет продаж 90 дн
oz_acc2,1883358381,Все,8.0,нет продаж 90 дн
oz_acc2,1883358391,Все,8.0,нет продаж 90 дн
oz_acc2,1883358493,Все,8.0,нет продаж 90 дн
oz_acc2,1883358516,Все,8.0,нет продаж 90 дн
oz_acc2,1883358656,Все,8.0,нет продаж 90 дн
oz_acc2,1883358839,Все,8.0,нет продаж 90 дн
oz_acc2,1883358855,Все,8.0,нет продаж 90 дн
oz_acc2,1883358902,Все,8.0,нет продаж 90 дн
oz_acc2,1883358958,Все,8.0,нет продаж 90 дн
oz_acc2,1883359227,Все,8.0,нет продаж 90 дн
oz_acc2,1883359248,Все,8.0,нет продаж 90 дн
oz_acc2,1883359358,Все,8.0,нет продаж 90 дн
oz_acc2,1883359455,Все,8.0,нет продаж 90 дн
oz_acc2,1883359760,Все,8.0,нет продаж 90 дн
oz_acc2,1883359799,Все,8.0,нет продаж 90 дн
oz_acc2,1883359885,Все,8.0,нет продаж 90 дн
oz_acc2,1883359888,Все,8.0,нет продаж 90 дн
oz_acc2,1883359932,Все,9.0,нет продаж 90 дн
oz_acc2,1883360376,Все,8.0,нет продаж 90 дн
oz_acc2,1883360384,Все,8.0,нет продаж 90 дн
oz_acc2,1883360785,Все,8.0,нет продаж 90 дн
oz_acc2,1883360834,Все,8.0,нет продаж 90 дн
oz_acc2,1883360851,Все,8.0,нет продаж 90 дн
oz_acc2,1883360938,Все,8.0,нет продаж 90 дн
oz_acc2,1883361007,Все,8.0,нет продаж 90 дн
oz_acc2,1883361172,Все,8.0,нет маржи и нет продаж 90 дн
oz_acc2,1883361285,Все,8.0,нет продаж 90 дн
oz_acc2,1883361352,Все,8.0,нет продаж 90 дн
oz_acc2,1883361387,Все,8.0,нет продаж 90 дн
oz_acc2,1883361392,Все,8.0,нет продаж 90 дн
oz_acc2,1883361409,Все,8.0,нет продаж 90 дн
oz_acc2,1883361409,от 0 до 3000,12.0,нет продаж 90 дн
oz_acc2,1883361525,Все,6.0,нет продаж 90 дн
oz_acc2,1883361537,Все,7.0,нет продаж 90 дн
oz_acc2,1883361614,Все,8.0,нет продаж 90 дн
oz_acc2,1883361783,Все,8.0,нет маржи и нет продаж 90 дн
oz_acc2,1883361783,5000-10000,12.0,нет маржи и нет продаж 90 дн
oz_acc2,1883361845,Все,8.0,нет продаж 90 дн
oz_acc2,1883361891,Все,8.0,нет продаж 90 дн
oz_acc2,1883361891,от 0 до 3000,12.0,нет продаж 90 дн
oz_acc2,1883361999,Все,8.0,нет маржи и нет продаж 90 дн
oz_acc2,1883362263,Все,8.0,нет продаж 90 дн
oz_acc2,1883362328,Все,8.0,нет продаж 90 дн
oz_acc2,1883362499,Все,8.0,нет маржи и нет продаж 90 дн
oz_acc2,1883362566,Все,8.0,нет продаж 90 дн
oz_acc2,1883362578,Все,8.0,нет продаж 90 дн
oz_acc2,1883362578,5000-10000,12.0,нет продаж 90 дн
oz_acc2,1883362935,Все,8.0,нет продаж 90 дн
oz_acc2,1883362945,Все,8.0,нет продаж 90 дн
oz_acc2,1883363490,Все,8.0,нет продаж 90 дн
oz_acc2,1883363506,Все,8.0,нет продаж 90 дн
oz_acc2,1883363601,Все,8.0,нет продаж 90 дн
oz_acc2,1883363721,Все,8.0,нет продаж 90 дн
oz_acc2,1883363883,Все,8.0,нет продаж 90 дн
oz_acc2,1883363927,Все,8.0,нет маржи и нет продаж 90 дн
oz_acc2,1883364247,Все,8.0,нет продаж 90 дн
oz_acc2,1883364637,Все,8.0,нет продаж 90 дн
oz_acc2,1883364700,Все,8.0,нет продаж 90 дн
oz_acc2,1883364809,Все,8.0,нет продаж 90 дн
oz_acc2,1883365013,Все,8.0,нет продаж 90 дн
oz_acc2,1883365035,Все,8.0,нет продаж 90 дн
oz_acc2,1883365081,Все,8.0,нет продаж 90 дн
oz_acc2,1883365199,Все,8.0,нет продаж 90 дн
oz_acc2,1883367793,Все,8.0,нет продаж 90 дн
oz_acc2,1883369197,Все,8.0,нет продаж 90 дн
oz_acc2,1883370183,Все,8.0,нет продаж 90 дн
oz_acc2,1883370612,Все,8.0,нет маржи и нет продаж 90 дн
oz_acc2,1883400248,Все,8.0,нет маржи и нет продаж 90 дн
oz_acc2,1883400320,Все,8.0,нет маржи и нет продаж 90 дн
oz_acc2,1883403276,Все,8.0,нет маржи и нет продаж 90 дн
oz_acc2,1885381133,Все,8.0,нет продаж 90 дн
oz_acc2,1885381420,Все,8.0,нет маржи и нет продаж 90 дн
oz_acc2,1885381420,от 0 до 3000,12.0,нет маржи и нет продаж 90 дн
oz_acc2,1885381496,Все,8.0,нет продаж 90 дн
oz_acc2,1885381500,Все,8.0,нет продаж 90 дн
oz_acc2,1885381549,Все,8.0,нет продаж 90 дн
oz_acc2,1885381581,Все,8.0,нет продаж 90 дн
oz_acc2,1885381626,Все,8.0,нет продаж 90 дн
oz_acc2,1885381675,Все,8.0,нет продаж 90 дн
oz_acc2,1885381736,Все,8.0,нет продаж 90 дн
oz_acc2,1885381762,Все,8.0,нет продаж 90 дн
oz_acc2,1885381855,Все,8.0,нет продаж 90 дн
oz_acc2,1885381908,Все,8.0,нет продаж 90 дн
oz_acc2,1885381942,Все,8.0,нет продаж 90 дн
oz_acc2,1885381984,Все,8.0,нет продаж 90 дн
oz_acc2,1885382055,Все,8.0,нет маржи и нет продаж 90 дн
oz_acc2,1885382102,Все,8.0,нет продаж 90 дн
oz_acc2,1885382109,Все,8.0,нет продаж 90 дн
oz_acc2,1885382205,Все,8.0,нет продаж 90 дн
oz_acc2,1885382256,Все,6.0,нет продаж 90 дн
oz_acc2,1885382891,Все,8.0,нет продаж 90 дн
oz_acc2,1885382932,Все,8.0,нет продаж 90 дн
oz_acc2,1885383165,Все,8.0,нет продаж 90 дн
oz_acc2,1885383224,Все,8.0,нет маржи и нет продаж 90 дн
oz_acc2,1885383315,10000-500000,12.0,нет маржи и нет продаж 90 дн
oz_acc2,1885383399,Все,8.0,нет маржи и нет продаж 90 дн
oz_acc2,1885383413,Все,8.0,нет продаж 90 дн
oz_acc2,1885383491,Все,8.0,нет продаж 90 дн
oz_acc2,1885383624,Все,8.0,нет маржи и нет продаж 90 дн
oz_acc2,1885383722,Все,8.0,нет продаж 90 дн
oz_acc2,1885383722,от 0 до 3000,12.0,нет продаж 90 дн
oz_acc2,1885383753,Все,8.0,нет продаж 90 дн
oz_acc2,1885383786,Все,8.0,нет продаж 90 дн
oz_acc2,1885383813,Все,8.0,нет продаж 90 дн
oz_acc2,1885383823,Все,8.0,нет продаж 90 дн
oz_acc2,1885383823,от 0 до 3000,12.0,нет продаж 90 дн
oz_acc2,1885383829,Все,8.0,нет продаж 90 дн
oz_acc2,1885383958,Все,9.0,нет продаж 90 дн
oz_acc2,1885384000,Все,8.0,нет продаж 90 дн
oz_acc2,1885384000,от 0 до 3000,12.0,нет продаж 90 дн
oz_acc2,1885384021,Все,8.0,нет продаж 90 дн
oz_acc2,1885384024,Все,8.0,нет продаж 90 дн
oz_acc2,1885384051,Все,8.0,нет продаж 90 дн
oz_acc2,1885384051,от 0 до 3000,12.0,нет продаж 90 дн
oz_acc2,1885384069,Все,8.0,нет продаж 90 дн
oz_acc2,1885384099,Все,8.0,нет продаж 90 дн
oz_acc2,1885384131,Все,8.0,нет продаж 90 дн
oz_acc2,1885384167,Все,8.0,нет продаж 90 дн
oz_acc2,1885384172,Все,8.0,нет продаж 90 дн
oz_acc2,1885384217,Все,8.0,нет продаж 90 дн
oz_acc2,1885384287,Все,8.0,нет продаж 90 дн
oz_acc2,1885384299,Все,8.0,нет продаж 90 дн
oz_acc2,1885384303,Все,8.0,нет продаж 90 дн
oz_acc2,1885384346,Все,8.0,нет продаж 90 дн
oz_acc2,1885384350,Все,8.0,нет продаж 90 дн
oz_acc2,1885384352,Все,8.0,нет продаж 90 дн
oz_acc2,1885384364,Все,8.0,нет продаж 90 дн
oz_acc2,1885384364,от 0 до 3000,12.0,нет продаж 90 дн
oz_acc2,1885384373,Все,8.0,нет маржи и нет продаж 90 дн
oz_acc2,1885384373,от 0 до 3000,12.0,нет маржи и нет продаж 90 дн
oz_acc2,1885384395,Все,8.0,нет продаж 90 дн
oz_acc2,1885384397,Все,8.0,нет продаж 90 дн
oz_acc2,1885384397,от 0 до 3000,12.0,нет продаж 90 дн
oz_acc2,1885384398,Все,8.0,нет продаж 90 дн
oz_acc2,1885384398,от 0 до 3000,12.0,нет продаж 90 дн
oz_acc2,1885384442,Все,8.0,нет продаж 90 дн
oz_acc2,1885384443,Все,8.0,нет продаж 90 дн
oz_acc2,1885384453,Все,8.0,нет продаж 90 дн
oz_acc2,1885384525,Все,8.0,нет продаж 90 дн
oz_acc2,1885384533,Все,9.0,нет продаж 90 дн
oz_acc2,1885384533,от 0 до 3000,13.0,нет продаж 90 дн
oz_acc2,1885384645,Все,9.0,нет продаж 90 дн
oz_acc2,1885384645,от 0 до 3000,13.0,нет продаж 90 дн
oz_acc2,1885384659,Все,8.0,нет продаж 90 дн
oz_acc2,1885384683,Все,8.0,нет продаж 90 дн
oz_acc2,1885384695,Все,8.0,нет продаж 90 дн
oz_acc2,1885384749,Все,8.0,нет продаж 90 дн
oz_acc2,1885384749,от 0 до 3000,12.0,нет продаж 90 дн
oz_acc2,1885384759,Все,8.0,нет продаж 90 дн
oz_acc2,1885384808,Все,8.0,нет продаж 90 дн
oz_acc2,1885384860,Все,8.0,нет продаж 90 дн
oz_acc2,1885384877,Все,8.0,нет продаж 90 дн
oz_acc2,1885384906,Все,8.0,нет продаж 90 дн
oz_acc2,1885384912,Все,8.0,нет продаж 90 дн
oz_acc2,1885384922,Все,8.0,нет продаж 90 дн
oz_acc2,1885384974,Все,8.0,нет продаж 90 дн
oz_acc2,1885384978,Все,8.0,нет продаж 90 дн
oz_acc2,1885384990,Все,8.0,нет продаж 90 дн
oz_acc2,1885385009,Все,8.0,нет продаж 90 дн
oz_acc2,1885385009,от 0 до 3000,12.0,нет продаж 90 дн
oz_acc2,1885385048,Все,8.0,нет продаж 90 дн
oz_acc2,1885385113,Все,8.0,нет продаж 90 дн
oz_acc2,1885385120,Все,8.0,нет продаж 90 дн
oz_acc2,1885385120,от 0 до 3000,12.0,нет продаж 90 дн
oz_acc2,1885385157,Все,8.0,нет продаж 90 дн
oz_acc2,1885385172,Все,8.0,нет продаж 90 дн
oz_acc2,1885385206,Все,8.0,нет продаж 90 дн
oz_acc2,1885385206,5000-10000,12.0,нет продаж 90 дн
oz_acc2,1885385224,Все,8.0,нет продаж 90 дн
oz_acc2,1885385226,Все,8.0,нет продаж 90 дн
oz_acc2,1885385286,Все,8.0,нет продаж 90 дн
oz_acc2,1885385287,от 0 до 3000,12.0,нет маржи и нет продаж 90 дн
oz_acc2,1885385304,Все,8.0,нет продаж 90 дн
oz_acc2,1885385467,Все,8.0,нет продаж 90 дн
oz_acc2,1885385539,Все,8.0,нет продаж 90 дн
oz_acc2,1885385539,от 0 до 3000,12.0,нет продаж 90 дн
oz_acc2,1885385554,Все,8.0,нет продаж 90 дн
oz_acc2,1885385572,Все,8.0,нет продаж 90 дн
oz_acc2,1885385579,Все,8.0,нет продаж 90 дн
oz_acc2,1885385625,Все,8.0,нет продаж 90 дн
oz_acc2,1885385686,Все,8.0,нет продаж 90 дн
oz_acc2,1885385686,от 0 до 3000,12.0,нет продаж 90 дн
oz_acc2,1885385767,Все,8.0,нет продаж 90 дн
oz_acc2,1885385778,Все,8.0,нет продаж 90 дн
oz_acc2,1885385788,Все,8.0,нет продаж 90 дн
oz_acc2,1885385792,Все,8.0,нет продаж 90 дн
oz_acc2,1885385792,от 0 до 3000,12.0,нет продаж 90 дн
oz_acc2,1885385825,Все,8.0,нет продаж 90 дн
oz_acc2,1885385844,Все,8.0,нет продаж 90 дн
oz_acc2,1885385844,от 0 до 3000,12.0,нет продаж 90 дн
oz_acc2,1885385872,Все,8.0,нет продаж 90 дн
oz_acc2,1885385888,Все,8.0,нет продаж 90 дн
oz_acc2,1885385916,Все,8.0,нет продаж 90 дн
oz_acc2,1885385982,Все,8.0,нет продаж 90 дн
oz_acc2,1885385984,Все,8.0,нет продаж 90 дн
oz_acc2,1885386018,Все,8.0,нет продаж 90 дн
oz_acc2,1885386033,Все,8.0,нет продаж 90 дн
oz_acc2,1885386080,Все,8.0,нет продаж 90 дн
oz_acc2,1885386165,Все,8.0,нет продаж 90 дн
oz_acc2,1885386168,Все,8.0,нет продаж 90 дн
oz_acc2,1885386193,Все,8.0,нет продаж 90 дн
oz_acc2,1885386202,Все,8.0,нет продаж 90 дн
oz_acc2,1885386249,Все,8.0,нет продаж 90 дн
oz_acc2,1885386273,Все,8.0,нет продаж 90 дн
oz_acc2,1885386273,от 0 до 3000,12.0,нет продаж 90 дн
oz_acc2,1885386276,Все,8.0,нет продаж 90 дн
oz_acc2,1885386418,Все,8.0,нет продаж 90 дн
oz_acc2,1885386422,Все,8.0,нет продаж 90 дн
oz_acc2,1885386583,Все,8.0,нет продаж 90 дн
oz_acc2,1885386774,Все,8.0,нет продаж 90 дн
oz_acc2,1885386774,3000-5000,12.0,нет продаж 90 дн
oz_acc2,1885386840,Все,8.0,нет продаж 90 дн
oz_acc2,1885386850,Все,8.0,нет продаж 90 дн
oz_acc2,1885386872,Все,8.0,нет продаж 90 дн
oz_acc2,1885386892,Все,8.0,нет продаж 90 дн
oz_acc2,1885386945,Все,8.0,нет продаж 90 дн
oz_acc2,1885386985,Все,8.0,нет продаж 90 дн
oz_acc2,1885387014,Все,8.0,нет продаж 90 дн
oz_acc2,1885387050,Все,8.0,нет продаж 90 дн
oz_acc2,1885387052,Все,8.0,нет продаж 90 дн
oz_acc2,1885387083,Все,8.0,нет продаж 90 дн
oz_acc2,1885387086,Все,8.0,нет продаж 90 дн
oz_acc2,1885387260,Все,8.0,нет продаж 90 дн
oz_acc2,1885387352,Все,8.0,нет продаж 90 дн
oz_acc2,1885387370,Все,8.0,нет продаж 90 дн
oz_acc2,1885387544,Все,8.0,нет продаж 90 дн
oz_acc2,1885387550,Все,8.0,нет продаж 90 дн
oz_acc2,1885387694,Все,8.0,нет продаж 90 дн
oz_acc2,1885387705,Все,8.0,нет продаж 90 дн
oz_acc2,1885387708,Все,8.0,нет продаж 90 дн
oz_acc2,1885387724,Все,8.0,нет продаж 90 дн
oz_acc2,1885387841,Все,8.0,нет продаж 90 дн
oz_acc2,1885387879,Все,8.0,нет продаж 90 дн
oz_acc2,1885387952,Все,8.0,нет продаж 90 дн
oz_acc2,1885387975,Все,8.0,нет продаж 90 дн
oz_acc2,1885387976,Все,8.0,нет продаж 90 дн
oz_acc2,1885387983,Все,8.0,нет продаж 90 дн
oz_acc2,1885388062,Все,8.0,нет продаж 90 дн
oz_acc2,1885388085,Все,8.0,нет продаж 90 дн
oz_acc2,1885388230,Все,8.0,нет продаж 90 дн
oz_acc2,1885388259,Все,8.0,нет продаж 90 дн
oz_acc2,1885388383,Все,8.0,нет продаж 90 дн
oz_acc2,1885388678,Все,8.0,нет продаж 90 дн
oz_acc2,1885388798,Все,8.0,нет продаж 90 дн
oz_acc2,1885388801,Все,8.0,нет продаж 90 дн
oz_acc2,1885388867,Все,8.0,нет продаж 90 дн
oz_acc2,1885388887,Все,8.0,нет продаж 90 дн
oz_acc2,1885388901,Все,8.0,нет продаж 90 дн
oz_acc2,1885388935,Все,8.0,нет продаж 90 дн
oz_acc2,1885388973,Все,8.0,нет продаж 90 дн
oz_acc2,1885388973,от 0 до 3000,12.0,нет продаж 90 дн
oz_acc2,1885388989,Все,9.0,нет продаж 90 дн
oz_acc2,1885388989,от 0 до 3000,13.0,нет продаж 90 дн
oz_acc2,1885388997,Все,8.0,нет продаж 90 дн
oz_acc2,1885389029,Все,8.0,нет продаж 90 дн
oz_acc2,1885389139,Все,8.0,нет продаж 90 дн
oz_acc2,1885389141,Все,8.0,нет продаж 90 дн
oz_acc2,1885389167,Все,8.0,нет продаж 90 дн
oz_acc2,1885389214,Все,8.0,нет продаж 90 дн
oz_acc2,1885389257,Все,8.0,нет продаж 90 дн
oz_acc2,1885389257,от 0 до 3000,12.0,нет продаж 90 дн
oz_acc2,1885389342,Все,8.0,нет продаж 90 дн
oz_acc2,1885389356,Все,8.0,нет продаж 90 дн
oz_acc2,1885389431,Все,8.0,нет продаж 90 дн
oz_acc2,1885389434,Все,8.0,нет продаж 90 дн
oz_acc2,1885389520,Все,8.0,нет продаж 90 дн
oz_acc2,1885389534,Все,8.0,нет продаж 90 дн
oz_acc2,1885389542,Все,8.0,нет продаж 90 дн
oz_acc2,1885389547,Все,8.0,нет продаж 90 дн
oz_acc2,1885389675,Все,8.0,нет продаж 90 дн
oz_acc2,1885389727,Все,8.0,нет продаж 90 дн
oz_acc2,1885389744,Все,8.0,нет продаж 90 дн
oz_acc2,1885389745,Все,8.0,нет продаж 90 дн
oz_acc2,1885389842,Все,8.0,нет продаж 90 дн
oz_acc2,1885389896,Все,8.0,нет продаж 90 дн
oz_acc2,1885389907,Все,8.0,нет продаж 90 дн
oz_acc2,1885389925,Все,8.0,нет продаж 90 дн
oz_acc2,1885390025,Все,8.0,нет продаж 90 дн
oz_acc2,1885390101,Все,8.0,нет маржи и нет продаж 90 дн
oz_acc2,1885390111,Все,8.0,нет продаж 90 дн
oz_acc2,1885390173,Все,8.0,нет продаж 90 дн
oz_acc2,1885390173,от 0 до 3000,12.0,нет продаж 90 дн
oz_acc2,1885390236,Все,8.0,нет продаж 90 дн
oz_acc2,1885390265,Все,8.0,нет продаж 90 дн
oz_acc2,1885390366,Все,8.0,нет продаж 90 дн
oz_acc2,1885390371,Все,8.0,нет продаж 90 дн
oz_acc2,1885390477,Все,8.0,нет продаж 90 дн
oz_acc2,1885390477,5000-10000,12.0,нет продаж 90 дн
oz_acc2,1885390596,Все,8.0,нет продаж 90 дн
oz_acc2,1885390654,Все,8.0,нет продаж 90 дн
oz_acc2,1885390665,Все,8.0,нет продаж 90 дн
oz_acc2,1885390678,Все,8.0,нет продаж 90 дн
oz_acc2,1885390686,Все,8.0,нет продаж 90 дн
oz_acc2,1885390701,Все,8.0,нет продаж 90 дн
oz_acc2,1885390711,Все,8.0,нет продаж 90 дн
oz_acc2,1885390749,Все,8.0,нет продаж 90 дн
oz_acc2,1885390753,Все,8.0,нет продаж 90 дн
oz_acc2,1885390780,Все,8.0,нет продаж 90 дн
oz_acc2,1885390838,Все,8.0,нет продаж 90 дн
oz_acc2,1885390880,Все,8.0,нет продаж 90 дн
oz_acc2,1885390880,3000-5000,17.0,нет продаж 90 дн
oz_acc2,1885390913,Все,8.0,нет продаж 90 дн
oz_acc2,1885390984,Все,8.0,нет продаж 90 дн
oz_acc2,1885391010,Все,8.0,нет продаж 90 дн
oz_acc2,1885391029,Все,8.0,нет продаж 90 дн
oz_acc2,1885391065,Все,8.0,нет продаж 90 дн
oz_acc2,1885391082,Все,8.0,нет продаж 90 дн
oz_acc2,1885391121,Все,8.0,нет продаж 90 дн
oz_acc2,1885391146,Все,8.0,нет продаж 90 дн
oz_acc2,1885391161,Все,8.0,нет продаж 90 дн
oz_acc2,1885391161,3000-5000,12.0,нет продаж 90 дн
oz_acc2,1885391185,Все,8.0,нет продаж 90 дн
oz_acc2,1885391246,Все,8.0,нет продаж 90 дн
oz_acc2,1885391283,Все,6.0,нет продаж 90 дн
oz_acc2,1885391345,Все,8.0,нет продаж 90 дн
oz_acc2,1885391361,Все,8.0,нет продаж 90 дн
oz_acc2,1885391377,Все,8.0,нет продаж 90 дн
oz_acc2,1885391555,Все,8.0,нет продаж 90 дн
oz_acc2,1885391606,Все,8.0,нет продаж 90 дн
oz_acc2,1885391656,Все,8.0,нет продаж 90 дн
oz_acc2,1885391788,Все,8.0,нет продаж 90 дн
oz_acc2,1885391847,Все,8.0,нет продаж 90 дн
oz_acc2,1885391940,Все,8.0,нет продаж 90 дн
oz_acc2,1885392006,Все,8.0,нет продаж 90 дн
oz_acc2,1885392009,Все,8.0,нет продаж 90 дн
oz_acc2,1885392041,Все,8.0,нет продаж 90 дн
oz_acc2,1885392119,Все,8.0,нет продаж 90 дн
oz_acc2,1885392146,Все,8.0,нет продаж 90 дн
oz_acc2,1885392224,Все,8.0,нет продаж 90 дн
oz_acc2,1885392234,Все,8.0,нет маржи и нет продаж 90 дн
oz_acc2,1885392235,Все,8.0,нет продаж 90 дн
oz_acc2,1885392280,Все,8.0,нет продаж 90 дн
oz_acc2,1885392323,Все,8.0,нет продаж 90 дн
oz_acc2,1885392392,Все,8.0,нет продаж 90 дн
oz_acc2,1885392410,Все,8.0,нет продаж 90 дн
oz_acc2,1885392410,5000-10000,13.0,нет продаж 90 дн
oz_acc2,1885392437,Все,8.0,нет продаж 90 дн
oz_acc2,1885392437,от 0 до 3000,10.0,нет продаж 90 дн
oz_acc2,1885392442,Все,8.0,нет продаж 90 дн
oz_acc2,1885392444,Все,8.0,нет продаж 90 дн
oz_acc2,1885392492,Все,9.0,нет продаж 90 дн
oz_acc2,1885392536,Все,8.0,нет продаж 90 дн
oz_acc2,1885392554,Все,8.0,нет продаж 90 дн
oz_acc2,1885392582,Все,8.0,нет продаж 90 дн
oz_acc2,1885392617,Все,8.0,нет продаж 90 дн
oz_acc2,1885392651,Все,8.0,нет продаж 90 дн
oz_acc2,1885392708,Все,7.0,нет продаж 90 дн
oz_acc2,1885392715,Все,8.0,нет продаж 90 дн
oz_acc2,1885392733,Все,8.0,нет продаж 90 дн
oz_acc2,1885392822,Все,8.0,нет продаж 90 дн
oz_acc2,1885392828,Все,8.0,нет продаж 90 дн
oz_acc2,1885392932,Все,8.0,нет продаж 90 дн
oz_acc2,1885393003,Все,8.0,нет маржи и нет продаж 90 дн
oz_acc2,1885393007,Все,8.0,нет продаж 90 дн
oz_acc2,1885393017,Все,8.0,нет продаж 90 дн
oz_acc2,1885393018,Все,8.0,нет продаж 90 дн
oz_acc2,1885393030,Все,8.0,нет продаж 90 дн
oz_acc2,1885393139,Все,8.0,нет маржи и нет продаж 90 дн
oz_acc2,1885393281,Все,8.0,нет продаж 90 дн
oz_acc2,1885393336,Все,7.0,нет продаж 90 дн
oz_acc2,1885393336,от 0 до 3000,12.0,нет продаж 90 дн
oz_acc2,1885393457,Все,8.0,нет продаж 90 дн
oz_acc2,1885393500,Все,8.0,нет продаж 90 дн
oz_acc2,1885393661,Все,8.0,нет продаж 90 дн
oz_acc2,1885393777,Все,8.0,нет маржи и нет продаж 90 дн
oz_acc2,1885393903,Все,8.0,нет маржи и нет продаж 90 дн
oz_acc2,1885394060,Все,8.0,нет маржи и нет продаж 90 дн
oz_acc2,1885394092,Все,8.0,нет продаж 90 дн
oz_acc2,1885394094,Все,8.0,нет маржи и нет продаж 90 дн
oz_acc2,1885394094,5000-10000,12.0,нет маржи и нет продаж 90 дн
oz_acc2,1885394191,Все,8.0,нет продаж 90 дн
oz_acc2,1885394222,Все,8.0,нет продаж 90 дн
oz_acc2,1885394284,Все,8.0,нет продаж 90 дн
oz_acc2,1885394288,Все,8.0,нет продаж 90 дн
oz_acc2,1885394328,Все,8.0,нет продаж 90 дн
oz_acc2,1885394339,Все,8.0,нет продаж 90 дн
oz_acc2,1885394350,Все,8.0,нет продаж 90 дн
oz_acc2,1885394377,Все,8.0,нет продаж 90 дн
oz_acc2,1885394390,Все,8.0,нет продаж 90 дн
oz_acc2,1885394392,Все,8.0,нет продаж 90 дн
oz_acc2,1885394392,от 0 до 3000,12.0,нет продаж 90 дн
oz_acc2,1885394413,Все,8.0,нет продаж 90 дн
oz_acc2,1885394538,Все,8.0,нет продаж 90 дн
oz_acc2,1885394539,Все,8.0,нет маржи и нет продаж 90 дн
oz_acc2,1885394558,Все,8.0,нет продаж 90 дн
oz_acc2,1885394649,10000-500000,12.0,нет маржи и нет продаж 90 дн
oz_acc2,1885394677,Все,8.0,нет продаж 90 дн
oz_acc2,1885394697,Все,8.0,нет продаж 90 дн
oz_acc2,1885394704,Все,8.0,нет продаж 90 дн
oz_acc2,1885394751,Все,8.0,нет продаж 90 дн
oz_acc2,1885394803,Все,8.0,нет продаж 90 дн
oz_acc2,1885394848,Все,8.0,нет продаж 90 дн
oz_acc2,1885394865,Все,8.0,нет маржи и нет продаж 90 дн
oz_acc2,1885394928,Все,8.0,нет продаж 90 дн
oz_acc2,1885394992,от 0 до 3000,12.0,нет продаж 90 дн
oz_acc2,1885394998,Все,8.0,нет продаж 90 дн
oz_acc2,1885395046,Все,8.0,нет продаж 90 дн
oz_acc2,1885395267,Все,8.0,нет продаж 90 дн
oz_acc2,1885395276,Все,8.0,нет продаж 90 дн
oz_acc2,1885395294,Все,8.0,нет продаж 90 дн
oz_acc2,1885395324,Все,8.0,нет продаж 90 дн
oz_acc2,1885395584,Все,8.0,нет продаж 90 дн
oz_acc2,1885395607,Все,8.0,нет продаж 90 дн
oz_acc2,1885395623,Все,8.0,нет продаж 90 дн
oz_acc2,1885395642,Все,8.0,нет продаж 90 дн
oz_acc2,1885395676,Все,8.0,нет продаж 90 дн
oz_acc2,1885395707,Все,8.0,нет продаж 90 дн
oz_acc2,1885395707,от 0 до 3000,12.0,нет продаж 90 дн
oz_acc2,1885395743,Все,8.0,нет продаж 90 дн
oz_acc2,1885395776,Все,8.0,нет продаж 90 дн
oz_acc2,1885395778,Все,8.0,нет маржи и нет продаж 90 дн
oz_acc2,1885395786,Все,8.0,нет продаж 90 дн
oz_acc2,1885395786,от 0 до 3000,12.0,нет продаж 90 дн
oz_acc2,1885395858,Все,8.0,нет продаж 90 дн
oz_acc2,1885395882,Все,8.0,нет продаж 90 дн
oz_acc2,1885395886,Все,8.0,нет продаж 90 дн
oz_acc2,1885395890,Все,8.0,нет продаж 90 дн
oz_acc2,1885395927,Все,8.0,нет продаж 90 дн
oz_acc2,1885395957,Все,8.0,нет продаж 90 дн
oz_acc2,1885395999,Все,8.0,нет продаж 90 дн
oz_acc2,1885396021,Все,8.0,нет продаж 90 дн
oz_acc2,1885396023,Все,8.0,нет продаж 90 дн
oz_acc2,1885396063,Все,8.0,нет продаж 90 дн
oz_acc2,1885396067,Все,8.0,нет продаж 90 дн
oz_acc2,1885396105,Все,8.0,нет продаж 90 дн
oz_acc2,1885396105,5000-10000,12.0,нет продаж 90 дн
oz_acc2,1885396106,Все,8.0,нет продаж 90 дн
oz_acc2,1885396130,Все,8.0,нет продаж 90 дн
oz_acc2,1885396132,Все,8.0,нет продаж 90 дн
oz_acc2,1885396138,Все,8.0,нет продаж 90 дн
oz_acc2,1885396155,Все,8.0,нет маржи и нет продаж 90 дн
oz_acc2,1885396224,Все,8.0,нет продаж 90 дн
oz_acc2,1885396278,Все,8.0,нет продаж 90 дн
oz_acc2,1885396315,Все,8.0,нет маржи и нет продаж 90 дн
oz_acc2,1885396363,Все,8.0,нет продаж 90 дн
oz_acc2,1885396366,Все,8.0,нет продаж 90 дн
oz_acc2,1885396369,Все,8.0,нет продаж 90 дн
oz_acc2,1885396369,3000-5000,12.0,нет продаж 90 дн
oz_acc2,1885396457,Все,8.0,нет продаж 90 дн
oz_acc2,1885396459,Все,8.0,нет продаж 90 дн
oz_acc2,1885396592,Все,8.0,нет продаж 90 дн
oz_acc2,1885396599,Все,8.0,нет продаж 90 дн
oz_acc2,1885396658,Все,8.0,нет продаж 90 дн
oz_acc2,1885396703,Все,8.0,нет маржи и нет продаж 90 дн
oz_acc2,1885396756,Все,8.0,нет продаж 90 дн
oz_acc2,1885396786,Все,8.0,нет продаж 90 дн
oz_acc2,1885396857,Все,8.0,нет продаж 90 дн
oz_acc2,1885396970,Все,8.0,нет продаж 90 дн
oz_acc2,1885396998,Все,8.0,нет продаж 90 дн
oz_acc2,1885397055,Все,8.0,нет продаж 90 дн
oz_acc2,1885397116,Все,8.0,нет продаж 90 дн
oz_acc2,1885397119,Все,8.0,нет продаж 90 дн
oz_acc2,1885397200,Все,8.0,нет продаж 90 дн
oz_acc2,1885397207,Все,8.0,нет маржи и нет продаж 90 дн
oz_acc2,1885397207,3000-5000,17.0,нет маржи и нет продаж 90 дн
oz_acc2,1885397304,Все,8.0,нет продаж 90 дн
oz_acc2,1885397317,Все,8.0,нет продаж 90 дн
oz_acc2,1885397329,Все,8.0,нет продаж 90 дн
oz_acc2,1885397339,Все,8.0,нет продаж 90 дн
oz_acc2,1885397361,Все,8.0,нет продаж 90 дн
oz_acc2,1885397363,Все,8.0,нет продаж 90 дн
oz_acc2,1885397776,Все,8.0,нет продаж 90 дн
oz_acc2,1885397780,Все,8.0,нет продаж 90 дн
oz_acc2,1885397784,Все,8.0,нет продаж 90 дн
oz_acc2,1885397806,Все,8.0,нет продаж 90 дн
oz_acc2,1885397817,Все,8.0,нет продаж 90 дн
oz_acc2,1885397822,Все,8.0,нет продаж 90 дн
oz_acc2,1885397834,Все,8.0,нет продаж 90 дн
oz_acc2,1885397837,Все,8.0,нет продаж 90 дн
oz_acc2,1885397860,Все,8.0,нет маржи и нет продаж 90 дн
oz_acc2,1885397902,Все,8.0,нет продаж 90 дн
oz_acc2,1885397984,Все,8.0,нет продаж 90 дн
oz_acc2,1885398034,Все,8.0,нет продаж 90 дн
oz_acc2,1885398083,Все,8.0,нет продаж 90 дн
oz_acc2,1885398131,Все,8.0,нет продаж 90 дн
oz_acc2,1885398224,Все,8.0,нет продаж 90 дн
oz_acc2,1885398228,Все,8.0,нет продаж 90 дн
oz_acc2,1885398242,Все,8.0,нет продаж 90 дн
oz_acc2,1885398319,Все,8.0,нет продаж 90 дн
oz_acc2,1885398367,Все,8.0,нет продаж 90 дн
oz_acc2,1885398389,Все,8.0,нет продаж 90 дн
oz_acc2,1885398531,Все,8.0,нет продаж 90 дн
oz_acc2,1885398583,Все,8.0,нет продаж 90 дн
oz_acc2,1885398595,Все,8.0,нет продаж 90 дн
oz_acc2,1885398618,Все,8.0,нет продаж 90 дн
oz_acc2,1885398633,Все,8.0,нет продаж 90 дн
oz_acc2,1885398665,Все,8.0,нет продаж 90 дн
oz_acc2,1885398763,Все,8.0,нет продаж 90 дн
oz_acc2,1885398763,5000-10000,12.0,нет продаж 90 дн
oz_acc2,1885398771,Все,8.0,нет продаж 90 дн
oz_acc2,1885398774,Все,8.0,нет продаж 90 дн
oz_acc2,1885398774,от 0 до 3000,12.0,нет продаж 90 дн
oz_acc2,1885398794,Все,8.0,нет продаж 90 дн
oz_acc2,1885398916,Все,8.0,нет продаж 90 дн
oz_acc2,1885398958,Все,8.0,нет продаж 90 дн
oz_acc2,1885398977,Все,8.0,нет продаж 90 дн
oz_acc2,1885398998,Все,8.0,нет продаж 90 дн
oz_acc2,1885399002,Все,8.0,нет продаж 90 дн
oz_acc2,1885399057,Все,8.0,нет продаж 90 дн
oz_acc2,1885399067,Все,8.0,нет продаж 90 дн
oz_acc2,1885399093,Все,8.0,нет продаж 90 дн
oz_acc2,1885399125,Все,8.0,нет продаж 90 дн
oz_acc2,1885399168,Все,8.0,нет продаж 90 дн
oz_acc2,1885399173,Все,8.0,нет продаж 90 дн
oz_acc2,1885399173,от 0 до 3000,12.0,нет продаж 90 дн
oz_acc2,1885399175,Все,8.0,нет продаж 90 дн
oz_acc2,1885399197,Все,8.0,нет продаж 90 дн
oz_acc2,1885399249,Все,8.0,нет продаж 90 дн
oz_acc2,1885399249,от 0 до 3000,12.0,нет продаж 90 дн
oz_acc2,1885399390,Все,8.0,нет продаж 90 дн
oz_acc2,1885399416,Все,8.0,нет продаж 90 дн
oz_acc2,1885399416,от 0 до 3000,12.0,нет продаж 90 дн
oz_acc2,1885399463,Все,8.0,нет продаж 90 дн
oz_acc2,1885399499,Все,8.0,нет продаж 90 дн
oz_acc2,1885399499,3000-5000,12.0,нет продаж 90 дн
oz_acc2,1885399505,Все,8.0,нет продаж 90 дн
oz_acc2,1885399505,от 0 до 3000,12.0,нет продаж 90 дн
oz_acc2,1885399543,Все,8.0,нет продаж 90 дн
oz_acc2,1885399556,Все,8.0,нет продаж 90 дн
oz_acc2,1885399557,Все,8.0,нет продаж 90 дн
oz_acc2,1885399557,от 0 до 3000,12.0,нет продаж 90 дн
oz_acc2,1885399645,Все,8.0,нет продаж 90 дн
oz_acc2,1885399660,Все,8.0,нет продаж 90 дн
oz_acc2,1885399660,от 0 до 3000,12.0,нет продаж 90 дн
oz_acc2,1885399676,Все,8.0,нет продаж 90 дн
oz_acc2,1885399735,Все,8.0,нет продаж 90 дн
oz_acc2,1885399736,Все,8.0,нет продаж 90 дн
oz_acc2,1885399742,Все,9.0,нет продаж 90 дн
oz_acc2,1885399760,Все,8.0,нет продаж 90 дн
oz_acc2,1885399761,Все,8.0,нет продаж 90 дн
oz_acc2,1885399761,от 0 до 3000,10.0,нет продаж 90 дн
oz_acc2,1885399766,Все,8.0,нет продаж 90 дн
oz_acc2,1885399771,Все,8.0,нет продаж 90 дн
oz_acc2,1885399798,Все,8.0,нет продаж 90 дн
oz_acc2,1885399864,Все,8.0,нет продаж 90 дн
oz_acc2,1885399864,3000-5000,12.0,нет продаж 90 дн
oz_acc2,1885399866,Все,8.0,нет продаж 90 дн
oz_acc2,1885399871,Все,8.0,нет продаж 90 дн
oz_acc2,1885399918,Все,8.0,нет продаж 90 дн
oz_acc2,1885399948,Все,8.0,нет продаж 90 дн
oz_acc2,1885399959,Все,8.0,нет продаж 90 дн
oz_acc2,1885399991,Все,8.0,нет продаж 90 дн
oz_acc2,1885400006,Все,8.0,нет продаж 90 дн
oz_acc2,1885400006,от 0 до 3000,12.0,нет продаж 90 дн
oz_acc2,1885400058,Все,8.0,нет продаж 90 дн
oz_acc2,1885400102,Все,8.0,нет продаж 90 дн
oz_acc2,1885400115,Все,8.0,нет продаж 90 дн
oz_acc2,1885400139,Все,8.0,нет продаж 90 дн
oz_acc2,1885400141,Все,8.0,нет продаж 90 дн
oz_acc2,1885400146,Все,8.0,нет продаж 90 дн
oz_acc2,1885400166,Все,8.0,нет продаж 90 дн
oz_acc2,1885400229,Все,8.0,нет продаж 90 дн
oz_acc2,1885400247,Все,8.0,нет продаж 90 дн
oz_acc2,1885400332,Все,8.0,нет продаж 90 дн
oz_acc2,1885400340,Все,8.0,нет продаж 90 дн
oz_acc2,1885400344,Все,8.0,нет продаж 90 дн
oz_acc2,1885400357,Все,8.0,нет продаж 90 дн
oz_acc2,1885400367,Все,8.0,нет продаж 90 дн
oz_acc2,1885400395,Все,8.0,нет продаж 90 дн
oz_acc2,1885400399,Все,8.0,нет продаж 90 дн
oz_acc2,1885400406,Все,8.0,нет продаж 90 дн
oz_acc2,1885400449,Все,8.0,нет продаж 90 дн
oz_acc2,1885400455,Все,8.0,нет продаж 90 дн
oz_acc2,1885400463,Все,8.0,нет продаж 90 дн
oz_acc2,1885400475,Все,8.0,нет продаж 90 дн
oz_acc2,1885400475,от 0 до 3000,12.0,нет продаж 90 дн
oz_acc2,1885400504,Все,8.0,нет продаж 90 дн
oz_acc2,1885400504,3000-5000,12.0,нет продаж 90 дн
oz_acc2,1885400572,Все,8.0,нет продаж 90 дн
oz_acc2,1885400606,Все,8.0,нет продаж 90 дн
oz_acc2,1885400640,Все,8.0,нет продаж 90 дн
oz_acc2,1885400640,10000-500000,12.0,нет продаж 90 дн
oz_acc2,1885400648,Все,8.0,нет продаж 90 дн
oz_acc2,1885400686,Все,8.0,нет продаж 90 дн
oz_acc2,1885400686,от 0 до 3000,12.0,нет продаж 90 дн
oz_acc2,1885400721,Все,8.0,нет продаж 90 дн
oz_acc2,1885400726,Все,8.0,нет маржи и нет продаж 90 дн
oz_acc2,1885400806,Все,8.0,нет продаж 90 дн
oz_acc2,1885400840,Все,8.0,нет продаж 90 дн
oz_acc2,1885400859,Все,8.0,нет продаж 90 дн
oz_acc2,1885400859,10000-500000,12.0,нет продаж 90 дн
oz_acc2,1885400864,Все,8.0,нет продаж 90 дн
oz_acc2,1885400913,Все,8.0,нет продаж 90 дн
oz_acc2,1885400956,Все,8.0,нет продаж 90 дн
oz_acc2,1885400994,Все,8.0,нет продаж 90 дн
oz_acc2,1885401015,Все,8.0,нет маржи и нет продаж 90 дн
oz_acc2,1885401201,Все,8.0,нет продаж 90 дн
oz_acc2,1885401242,Все,8.0,нет продаж 90 дн
oz_acc2,1885401246,Все,8.0,нет продаж 90 дн
oz_acc2,1885401327,Все,8.0,нет продаж 90 дн
oz_acc2,1885401350,Все,8.0,нет продаж 90 дн
oz_acc2,1885401365,Все,8.0,нет продаж 90 дн
oz_acc2,1885401438,Все,8.0,нет продаж 90 дн
oz_acc2,1885401453,Все,8.0,нет продаж 90 дн
oz_acc2,1885401453,3000-5000,12.0,нет продаж 90 дн
oz_acc2,1885401456,Все,8.0,нет продаж 90 дн
oz_acc2,1885401465,Все,8.0,нет продаж 90 дн
oz_acc2,1885401498,Все,8.0,нет продаж 90 дн
oz_acc2,1885401498,5000-10000,12.0,нет продаж 90 дн
oz_acc2,1885401500,Все,8.0,нет продаж 90 дн
oz_acc2,1885401527,Все,8.0,нет продаж 90 дн
oz_acc2,1885401534,Все,8.0,нет продаж 90 дн
oz_acc2,1885401546,Все,8.0,нет продаж 90 дн
oz_acc2,1885401563,Все,8.0,нет продаж 90 дн
oz_acc2,1885401632,Все,8.0,нет продаж 90 дн
oz_acc2,1885401658,Все,8.0,нет продаж 90 дн
oz_acc2,1885401691,Все,8.0,нет продаж 90 дн
oz_acc2,1885401693,Все,8.0,нет продаж 90 дн
oz_acc2,1885401699,Все,8.0,нет продаж 90 дн
oz_acc2,1885401710,Все,8.0,нет продаж 90 дн
oz_acc2,1885401723,Все,8.0,нет продаж 90 дн
oz_acc2,1885401784,Все,8.0,нет продаж 90 дн
oz_acc2,1885401795,Все,8.0,нет продаж 90 дн
oz_acc2,1885401894,Все,8.0,нет продаж 90 дн
oz_acc2,1885401943,Все,8.0,нет продаж 90 дн
oz_acc2,1885401972,Все,8.0,нет продаж 90 дн
oz_acc2,1885402127,Все,8.0,нет продаж 90 дн
oz_acc2,1885402148,Все,8.0,нет продаж 90 дн
oz_acc2,1885402148,5000-10000,13.0,нет продаж 90 дн
oz_acc2,1885402158,Все,8.0,нет продаж 90 дн
oz_acc2,1885402184,Все,8.0,нет продаж 90 дн
oz_acc2,1885402184,10000-500000,12.0,нет продаж 90 дн
oz_acc2,1885402248,Все,8.0,нет продаж 90 дн
oz_acc2,1885402261,Все,8.0,нет продаж 90 дн
oz_acc2,1885402295,Все,8.0,нет продаж 90 дн
oz_acc2,1885402306,Все,8.0,нет продаж 90 дн
oz_acc2,1885402328,Все,8.0,нет продаж 90 дн
oz_acc2,1885402356,Все,8.0,нет продаж 90 дн
oz_acc2,1885402383,Все,8.0,нет продаж 90 дн
oz_acc2,1885402383,10000-500000,12.0,нет продаж 90 дн
oz_acc2,1885402426,Все,8.0,нет продаж 90 дн
oz_acc2,1885402463,Все,8.0,нет продаж 90 дн
oz_acc2,1885402518,Все,8.0,нет продаж 90 дн
oz_acc2,1885402531,Все,8.0,нет продаж 90 дн
oz_acc2,1885402666,Все,8.0,нет продаж 90 дн
oz_acc2,1885402710,Все,8.0,нет маржи и нет продаж 90 дн
oz_acc2,1885402771,Все,8.0,нет продаж 90 дн
oz_acc2,1885402777,Все,8.0,нет продаж 90 дн
oz_acc2,1885402827,Все,8.0,нет продаж 90 дн
oz_acc2,1885402916,Все,8.0,нет продаж 90 дн
oz_acc2,1885402923,Все,8.0,нет продаж 90 дн
oz_acc2,1885402998,Все,8.0,нет маржи и нет продаж 90 дн
oz_acc2,1885403065,Все,8.0,нет продаж 90 дн
oz_acc2,1885403083,Все,8.0,нет продаж 90 дн
oz_acc2,1885403187,Все,8.0,нет продаж 90 дн
oz_acc2,1885403205,Все,8.0,нет продаж 90 дн
oz_acc2,1885403226,Все,8.0,нет продаж 90 дн
oz_acc2,1885403247,Все,8.0,нет продаж 90 дн
oz_acc2,1885403280,Все,8.0,нет продаж 90 дн
oz_acc2,1885403288,Все,8.0,нет продаж 90 дн
oz_acc2,1885403292,Все,8.0,нет продаж 90 дн
oz_acc2,1885403294,Все,8.0,нет продаж 90 дн
oz_acc2,1885403312,Все,8.0,нет продаж 90 дн
oz_acc2,1885403327,Все,8.0,нет продаж 90 дн
oz_acc2,1885403330,Все,8.0,нет продаж 90 дн
oz_acc2,1885403335,Все,8.0,нет продаж 90 дн
oz_acc2,1885403360,Все,8.0,нет продаж 90 дн
oz_acc2,1885403425,Все,8.0,нет продаж 90 дн
oz_acc2,1885403426,Все,8.0,нет продаж 90 дн
oz_acc2,1885403457,Все,8.0,нет продаж 90 дн
oz_acc2,1885403601,5000-10000,12.0,нет маржи и нет продаж 90 дн
oz_acc2,1885403773,Все,8.0,нет продаж 90 дн
oz_acc2,1885403784,Все,8.0,нет маржи и нет продаж 90 дн
oz_acc2,1885403784,от 0 до 3000,12.0,нет маржи и нет продаж 90 дн
oz_acc2,1885403853,Все,8.0,нет маржи и нет продаж 90 дн
oz_acc2,1885403902,Все,8.0,нет продаж 90 дн
oz_acc2,1885404029,Все,8.0,нет маржи и нет продаж 90 дн
oz_acc2,1885404044,Все,8.0,нет продаж 90 дн
oz_acc2,1885404096,Все,8.0,нет продаж 90 дн
oz_acc2,1885404183,Все,8.0,нет продаж 90 дн
oz_acc2,1885404267,Все,8.0,нет продаж 90 дн
oz_acc2,1885404389,Все,8.0,нет продаж 90 дн
oz_acc2,1885404454,Все,8.0,нет продаж 90 дн
oz_acc2,1885404474,Все,8.0,нет продаж 90 дн
oz_acc2,1885404476,Все,8.0,нет маржи и нет продаж 90 дн
oz_acc2,1885404499,Все,8.0,нет продаж 90 дн
oz_acc2,1885404584,Все,8.0,нет продаж 90 дн
oz_acc2,1885404599,Все,8.0,нет продаж 90 дн
oz_acc2,1885404606,Все,8.0,нет маржи и нет продаж 90 дн
oz_acc2,1885404620,Все,8.0,нет продаж 90 дн
oz_acc2,1885404628,Все,8.0,нет продаж 90 дн
oz_acc2,1885404629,Все,8.0,нет продаж 90 дн
oz_acc2,1885404704,Все,8.0,нет продаж 90 дн
oz_acc2,1885404747,Все,8.0,нет продаж 90 дн
oz_acc2,1885404747,5000-10000,12.0,нет продаж 90 дн
oz_acc2,1885404749,Все,8.0,нет продаж 90 дн
oz_acc2,1885404756,Все,8.0,нет маржи и нет продаж 90 дн
oz_acc2,1885404774,Все,8.0,нет маржи и нет продаж 90 дн
oz_acc2,1885404826,Все,8.0,нет продаж 90 дн
oz_acc2,1885404826,от 0 до 3000,12.0,нет продаж 90 дн
oz_acc2,1885404880,Все,8.0,нет продаж 90 дн
oz_acc2,1885404884,Все,8.0,нет маржи и нет продаж 90 дн
oz_acc2,1885404889,Все,8.0,нет продаж 90 дн
oz_acc2,1885404955,Все,8.0,нет продаж 90 дн
oz_acc2,1885404976,Все,8.0,нет продаж 90 дн
oz_acc2,1885405013,Все,8.0,нет продаж 90 дн
oz_acc2,1885405013,от 0 до 3000,12.0,нет продаж 90 дн
oz_acc2,1885405023,Все,8.0,нет продаж 90 дн
oz_acc2,1885405023,от 0 до 3000,12.0,нет продаж 90 дн
oz_acc2,1885405033,Все,8.0,нет продаж 90 дн
oz_acc2,1885405069,Все,8.0,нет продаж 90 дн
oz_acc2,1885405076,Все,8.0,нет продаж 90 дн
oz_acc2,1885405094,Все,8.0,нет продаж 90 дн
oz_acc2,1885405097,Все,8.0,нет продаж 90 дн
oz_acc2,1885405097,от 0 до 3000,10.0,нет продаж 90 дн
oz_acc2,1885405111,Все,8.0,нет продаж 90 дн
oz_acc2,1885405137,Все,8.0,нет продаж 90 дн
oz_acc2,1885405190,Все,8.0,нет маржи и нет продаж 90 дн
oz_acc2,1885405197,Все,8.0,нет продаж 90 дн
oz_acc2,1885405220,Все,8.0,нет продаж 90 дн
oz_acc2,1885405228,Все,8.0,нет продаж 90 дн
oz_acc2,1885405228,3000-5000,12.0,нет продаж 90 дн
oz_acc2,1885405268,Все,8.0,нет продаж 90 дн
oz_acc2,1885405277,Все,8.0,нет продаж 90 дн
oz_acc2,1885405340,Все,8.0,нет продаж 90 дн
oz_acc2,1885405353,Все,8.0,нет продаж 90 дн
oz_acc2,1885405428,Все,8.0,нет продаж 90 дн
oz_acc2,1885405464,Все,8.0,нет продаж 90 дн
oz_acc2,1885405481,Все,8.0,нет продаж 90 дн
oz_acc2,1885405569,Все,8.0,нет продаж 90 дн
oz_acc2,1885405573,Все,8.0,нет продаж 90 дн
oz_acc2,1885405575,Все,8.0,нет продаж 90 дн
oz_acc2,1885405592,Все,8.0,нет продаж 90 дн
oz_acc2,1885405603,Все,8.0,нет продаж 90 дн
oz_acc2,1885405604,Все,8.0,нет продаж 90 дн
oz_acc2,1885405632,Все,8.0,нет продаж 90 дн
oz_acc2,1885405672,Все,8.0,нет продаж 90 дн
oz_acc2,1885405672,от 0 до 3000,12.0,нет продаж 90 дн
oz_acc2,1885405678,Все,8.0,нет продаж 90 дн
oz_acc2,1885405702,Все,8.0,нет продаж 90 дн
oz_acc2,1885405707,Все,8.0,нет маржи и нет продаж 90 дн
oz_acc2,1885405791,Все,8.0,нет продаж 90 дн
oz_acc2,1885405857,Все,8.0,нет продаж 90 дн
oz_acc2,1885405969,Все,8.0,нет маржи и нет продаж 90 дн
oz_acc2,1885406087,Все,8.0,нет продаж 90 дн
oz_acc2,1885406144,Все,8.0,нет продаж 90 дн
oz_acc2,1885406169,Все,8.0,нет продаж 90 дн
oz_acc2,1885406208,Все,8.0,нет продаж 90 дн
oz_acc2,1885406382,Все,8.0,нет продаж 90 дн
oz_acc2,1885406382,3000-5000,12.0,нет продаж 90 дн
oz_acc2,1885406396,Все,8.0,нет продаж 90 дн
oz_acc2,1885406430,Все,8.0,нет продаж 90 дн
oz_acc2,1885406443,Все,8.0,нет продаж 90 дн
oz_acc2,1885406443,от 0 до 3000,12.0,нет продаж 90 дн
oz_acc2,1885406454,Все,8.0,нет продаж 90 дн
oz_acc2,1885406675,Все,8.0,нет продаж 90 дн
oz_acc2,1885406689,Все,8.0,нет маржи и нет продаж 90 дн
oz_acc2,1885407131,Все,8.0,нет продаж 90 дн
oz_acc2,1885407396,Все,8.0,нет продаж 90 дн
oz_acc2,1885407420,Все,8.0,нет продаж 90 дн
oz_acc2,1885407484,Все,8.0,нет продаж 90 дн
oz_acc2,1885407690,Все,8.0,нет продаж 90 дн
oz_acc2,1885407891,Все,8.0,нет продаж 90 дн
oz_acc2,1885407948,Все,8.0,нет продаж 90 дн
oz_acc2,1885408355,Все,8.0,нет продаж 90 дн
oz_acc2,1885408406,Все,8.0,нет продаж 90 дн
oz_acc2,1885408782,Все,8.0,нет продаж 90 дн
oz_acc2,1885408830,Все,8.0,нет продаж 90 дн
oz_acc2,1885408953,Все,8.0,нет продаж 90 дн
oz_acc2,1885409337,Все,8.0,нет продаж 90 дн
oz_acc2,1885409337,3000-5000,12.0,нет продаж 90 дн
oz_acc2,1885409555,Все,8.0,нет продаж 90 дн
oz_acc2,1885409734,Все,8.0,нет продаж 90 дн
oz_acc2,1885409734,от 0 до 3000,12.0,нет продаж 90 дн
oz_acc2,1885409921,Все,8.0,нет продаж 90 дн
oz_acc2,1885409987,Все,8.0,нет продаж 90 дн
oz_acc2,1885409987,от 0 до 3000,12.0,нет продаж 90 дн
oz_acc2,1885410021,Все,8.0,нет продаж 90 дн
oz_acc2,1885410060,Все,8.0,нет продаж 90 дн
oz_acc2,1885410153,Все,8.0,нет продаж 90 дн
oz_acc2,1885410207,5000-10000,12.0,нет продаж 90 дн
oz_acc2,1885410252,Все,8.0,нет продаж 90 дн
oz_acc2,1885410287,Все,8.0,нет продаж 90 дн
oz_acc2,1885410287,от 0 до 3000,12.0,нет продаж 90 дн
oz_acc2,1885410308,Все,8.0,нет продаж 90 дн
oz_acc2,1885410308,3000-5000,12.0,нет продаж 90 дн
oz_acc2,1885410371,Все,8.0,нет продаж 90 дн
oz_acc2,1885410380,Все,8.0,нет продаж 90 дн
oz_acc2,1885410386,Все,8.0,нет продаж 90 дн
oz_acc2,1885410395,Все,8.0,нет продаж 90 дн
oz_acc2,1885410395,от 0 до 3000,12.0,нет продаж 90 дн
oz_acc2,1885410405,Все,9.0,нет продаж 90 дн
oz_acc2,1885410405,от 0 до 3000,12.0,нет продаж 90 дн
oz_acc2,1885410419,Все,8.0,нет продаж 90 дн
oz_acc2,1885410419,от 0 до 3000,12.0,нет продаж 90 дн
oz_acc2,1885410427,Все,8.0,нет продаж 90 дн
oz_acc2,1885410525,Все,8.0,нет продаж 90 дн
oz_acc2,1885410525,от 0 до 3000,12.0,нет продаж 90 дн
oz_acc2,1885410551,Все,8.0,нет продаж 90 дн
oz_acc2,1885410626,Все,8.0,нет продаж 90 дн
oz_acc2,1885410701,Все,8.0,нет продаж 90 дн
oz_acc2,1885410733,Все,8.0,нет продаж 90 дн
oz_acc2,1885410800,Все,8.0,нет продаж 90 дн
oz_acc2,1885410912,Все,8.0,нет продаж 90 дн
oz_acc2,1885410912,5000-10000,12.0,нет продаж 90 дн
oz_acc2,1885410942,Все,8.0,нет продаж 90 дн
oz_acc2,1885410988,Все,8.0,нет продаж 90 дн
oz_acc2,1885410994,Все,8.0,нет продаж 90 дн
oz_acc2,1885410996,Все,8.0,нет продаж 90 дн
oz_acc2,1885410996,от 0 до 3000,12.0,нет продаж 90 дн
oz_acc2,1885411002,Все,8.0,нет продаж 90 дн
oz_acc2,1886462245,Все,8.0,нет продаж 90 дн
oz_acc2,1886463190,Все,8.0,нет продаж 90 дн
oz_acc2,1886463390,Все,8.0,нет продаж 90 дн
oz_acc2,1886463513,Все,9.0,нет продаж 90 дн
oz_acc2,1886464420,Все,8.0,нет продаж 90 дн
oz_acc2,1886464566,Все,8.0,нет продаж 90 дн
oz_acc2,1886464934,Все,8.0,нет продаж 90 дн
oz_acc2,1886465138,Все,8.0,нет продаж 90 дн
oz_acc2,1886465138,от 0 до 3000,12.0,нет продаж 90 дн
oz_acc2,1886465263,Все,8.0,нет продаж 90 дн
oz_acc2,1886465572,Все,8.0,нет продаж 90 дн
oz_acc2,1886465727,Все,8.0,нет продаж 90 дн
oz_acc2,1886465911,Все,8.0,нет продаж 90 дн
oz_acc2,1886465971,Все,8.0,нет продаж 90 дн
oz_acc2,1886465997,Все,8.0,нет продаж 90 дн
oz_acc2,1886466166,Все,8.0,нет продаж 90 дн
oz_acc2,1886466425,Все,8.0,нет продаж 90 дн
oz_acc2,1886466711,Все,8.0,нет продаж 90 дн
oz_acc2,1886467125,Все,8.0,нет продаж 90 дн
oz_acc2,1886467152,Все,8.0,нет продаж 90 дн
oz_acc2,1886467379,Все,8.0,нет продаж 90 дн
oz_acc2,1886467457,Все,8.0,нет продаж 90 дн
oz_acc2,1886467814,Все,8.0,нет продаж 90 дн
oz_acc2,1886467814,3000-5000,17.0,нет продаж 90 дн
oz_acc2,1886467891,Все,8.0,нет продаж 90 дн
oz_acc2,1886467891,от 0 до 3000,12.0,нет продаж 90 дн
oz_acc2,1886468401,Все,8.0,нет продаж 90 дн
oz_acc2,1886468555,Все,8.0,нет продаж 90 дн
oz_acc2,1886468741,Все,8.0,нет продаж 90 дн
oz_acc2,1886468797,Все,8.0,нет продаж 90 дн
oz_acc2,1886469204,Все,8.0,нет продаж 90 дн
oz_acc2,1886469940,Все,8.0,нет продаж 90 дн
oz_acc2,1886470281,Все,8.0,нет продаж 90 дн
oz_acc2,1886470281,от 0 до 3000,12.0,нет продаж 90 дн
oz_acc2,1886470552,Все,8.0,нет продаж 90 дн
oz_acc2,1886470733,Все,8.0,нет продаж 90 дн
oz_acc2,1886470733,от 0 до 3000,12.0,нет продаж 90 дн
oz_acc2,1886471058,Все,8.0,нет продаж 90 дн
oz_acc2,1886471184,Все,8.0,нет продаж 90 дн
oz_acc2,1886471898,Все,8.0,нет продаж 90 дн
oz_acc2,1886472023,Все,8.0,нет продаж 90 дн
oz_acc2,1886472153,Все,8.0,нет продаж 90 дн
oz_acc2,1886472609,Все,8.0,нет продаж 90 дн
oz_acc2,1886472657,Все,8.0,нет продаж 90 дн
oz_acc2,1886472790,Все,8.0,нет продаж 90 дн
oz_acc2,1886472795,Все,8.0,нет продаж 90 дн
oz_acc2,1886472879,Все,8.0,нет продаж 90 дн
oz_acc2,1886472987,Все,8.0,нет продаж 90 дн
oz_acc2,1886473006,Все,8.0,нет продаж 90 дн
oz_acc2,1886473049,Все,8.0,нет продаж 90 дн
oz_acc2,1886473081,Все,8.0,нет продаж 90 дн
oz_acc2,1886473100,Все,8.0,нет продаж 90 дн
oz_acc2,1886473332,Все,8.0,нет продаж 90 дн
oz_acc2,1886473334,Все,8.0,нет продаж 90 дн
oz_acc2,1886473370,Все,8.0,нет продаж 90 дн
oz_acc2,1886473658,Все,8.0,нет продаж 90 дн
oz_acc2,1886473888,Все,8.0,нет продаж 90 дн
oz_acc2,1886473908,Все,8.0,нет продаж 90 дн
oz_acc2,1886474004,Все,8.0,нет продаж 90 дн
oz_acc2,1886474988,Все,8.0,нет продаж 90 дн
oz_acc2,1886474988,5000-10000,12.0,нет продаж 90 дн
oz_acc2,1886475053,Все,8.0,нет продаж 90 дн
oz_acc2,1886475053,от 0 до 3000,12.0,нет продаж 90 дн
oz_acc2,1886475122,Все,8.0,нет продаж 90 дн
oz_acc2,1886475235,Все,8.0,нет продаж 90 дн
oz_acc2,1886475275,Все,8.0,нет продаж 90 дн
oz_acc2,1886475432,Все,8.0,нет продаж 90 дн
oz_acc2,1886475624,Все,8.0,нет продаж 90 дн
oz_acc2,1886475856,Все,8.0,нет продаж 90 дн
oz_acc2,1886476161,Все,8.0,нет продаж 90 дн
oz_acc2,1886476167,Все,8.0,нет продаж 90 дн
oz_acc2,1886476444,Все,8.0,нет продаж 90 дн
oz_acc2,1886476523,Все,8.0,нет продаж 90 дн
oz_acc2,1886476639,Все,8.0,нет продаж 90 дн
oz_acc2,1886476685,Все,8.0,нет продаж 90 дн
oz_acc2,1886476685,от 0 до 3000,12.0,нет продаж 90 дн
oz_acc2,1886476692,Все,8.0,нет продаж 90 дн
oz_acc2,1886476839,Все,8.0,нет продаж 90 дн
oz_acc2,1886476864,Все,8.0,нет продаж 90 дн
oz_acc2,1886476876,Все,8.0,нет продаж 90 дн
oz_acc2,1886477226,Все,8.0,нет продаж 90 дн
oz_acc2,1886477237,Все,8.0,нет продаж 90 дн
oz_acc2,1886477284,Все,8.0,нет маржи и нет продаж 90 дн
oz_acc2,1886477536,Все,8.0,нет продаж 90 дн
oz_acc2,1886477743,Все,8.0,нет продаж 90 дн
oz_acc2,1886478006,Все,8.0,нет продаж 90 дн
oz_acc2,1886478149,Все,8.0,нет продаж 90 дн
oz_acc2,1886478159,Все,8.0,нет продаж 90 дн
oz_acc2,1886478239,Все,8.0,нет продаж 90 дн
oz_acc2,1886478362,Все,8.0,нет продаж 90 дн
oz_acc2,1886478638,Все,8.0,нет продаж 90 дн
oz_acc2,1886478667,Все,8.0,нет продаж 90 дн
oz_acc2,1886478672,Все,8.0,нет продаж 90 дн
oz_acc2,1886478773,Все,8.0,нет продаж 90 дн
oz_acc2,1886478857,Все,8.0,нет продаж 90 дн
oz_acc2,1886479041,Все,8.0,нет продаж 90 дн
oz_acc2,1886479091,Все,8.0,нет продаж 90 дн
oz_acc2,1886479175,Все,8.0,нет продаж 90 дн
oz_acc2,1886479199,Все,8.0,нет продаж 90 дн
oz_acc2,1886479230,Все,8.0,нет продаж 90 дн
oz_acc2,1886479362,Все,8.0,нет продаж 90 дн
oz_acc2,1886479382,Все,8.0,нет маржи и нет продаж 90 дн
oz_acc2,1886479488,Все,8.0,нет маржи и нет продаж 90 дн
oz_acc2,1886479508,Все,8.0,нет продаж 90 дн
oz_acc2,1886479508,3000-5000,17.0,нет продаж 90 дн
oz_acc2,1886479558,Все,8.0,нет продаж 90 дн
oz_acc2,1886479625,Все,8.0,нет продаж 90 дн
oz_acc2,1886479646,Все,8.0,нет продаж 90 дн
oz_acc2,1886479707,Все,8.0,нет продаж 90 дн
oz_acc2,1886479738,Все,8.0,нет продаж 90 дн
oz_acc2,1886479876,Все,8.0,нет продаж 90 дн
oz_acc2,1886479991,Все,8.0,нет продаж 90 дн
oz_acc2,1886480204,Все,8.0,нет продаж 90 дн
oz_acc2,1886480243,Все,8.0,нет продаж 90 дн
oz_acc2,1886480486,Все,8.0,нет продаж 90 дн
oz_acc2,1886480488,Все,8.0,нет продаж 90 дн
oz_acc2,1886480642,Все,8.0,нет продаж 90 дн
oz_acc2,1886480760,Все,8.0,нет продаж 90 дн
oz_acc2,1886480878,Все,8.0,нет продаж 90 дн
oz_acc2,1886480999,Все,8.0,нет продаж 90 дн
oz_acc2,1886481046,Все,8.0,нет продаж 90 дн
oz_acc2,1886481416,Все,8.0,нет продаж 90 дн
oz_acc2,1886481447,Все,8.0,нет продаж 90 дн
oz_acc2,1886481473,Все,8.0,нет продаж 90 дн
oz_acc2,1886482200,Все,8.0,нет продаж 90 дн
oz_acc2,1886482445,Все,8.0,нет продаж 90 дн
oz_acc2,1886482505,Все,8.0,нет продаж 90 дн
oz_acc2,1886482707,Все,8.0,нет продаж 90 дн
oz_acc2,1886482726,Все,8.0,нет продаж 90 дн
oz_acc2,1886482776,Все,8.0,нет продаж 90 дн
oz_acc2,1886482859,Все,8.0,нет продаж 90 дн
oz_acc2,1886483439,Все,8.0,нет продаж 90 дн
oz_acc2,1886483594,Все,8.0,нет маржи и нет продаж 90 дн
oz_acc2,1886483650,Все,8.0,нет продаж 90 дн
oz_acc2,1886483669,Все,8.0,нет продаж 90 дн
oz_acc2,1886483672,Все,8.0,нет продаж 90 дн
oz_acc2,1886483862,Все,8.0,нет продаж 90 дн
oz_acc2,1886483865,Все,8.0,нет продаж 90 дн
oz_acc2,1886484125,Все,9.0,нет продаж 90 дн
oz_acc2,1886484125,от 0 до 3000,13.0,нет продаж 90 дн
oz_acc2,1886484130,Все,8.0,нет продаж 90 дн
oz_acc2,1886484513,Все,9.0,нет продаж 90 дн
oz_acc2,1886484557,Все,8.0,нет продаж 90 дн
oz_acc2,1886485118,Все,8.0,нет продаж 90 дн
oz_acc2,1886485163,Все,8.0,нет продаж 90 дн
oz_acc2,1886485279,Все,8.0,нет продаж 90 дн
oz_acc2,1886485333,Все,8.0,нет продаж 90 дн
oz_acc2,1886486407,Все,8.0,нет продаж 90 дн
oz_acc2,1886487213,Все,8.0,нет продаж 90 дн
oz_acc2,1886487254,Все,8.0,нет продаж 90 дн
oz_acc2,1886487259,Все,8.0,нет продаж 90 дн
oz_acc2,1886487553,Все,8.0,нет продаж 90 дн
oz_acc2,1886487588,Все,8.0,нет продаж 90 дн
oz_acc2,1886487969,Все,8.0,нет продаж 90 дн
oz_acc2,1886487969,3000-5000,12.0,нет продаж 90 дн
oz_acc2,1886488513,Все,8.0,нет продаж 90 дн
oz_acc2,1886488588,Все,7.0,нет продаж 90 дн
oz_acc2,1886488770,Все,8.0,нет продаж 90 дн
oz_acc2,1886488852,Все,8.0,нет маржи и нет продаж 90 дн
oz_acc2,1886489164,Все,8.0,нет продаж 90 дн
oz_acc2,1886490257,Все,8.0,нет продаж 90 дн
oz_acc2,1886490257,от 0 до 3000,12.0,нет продаж 90 дн
oz_acc2,1886492763,Все,8.0,нет продаж 90 дн
oz_acc2,1886501512,Все,8.0,нет продаж 90 дн
oz_acc2,1886504065,Все,8.0,нет продаж 90 дн
oz_acc2,1886505186,Все,8.0,нет продаж 90 дн
oz_acc2,1886535061,Все,8.0,нет продаж 90 дн
oz_acc2,1888904461,Все,8.0,нет продаж 90 дн
oz_acc2,1888905056,Все,8.0,нет продаж 90 дн
oz_acc2,1888905121,Все,8.0,нет продаж 90 дн
oz_acc2,1888905159,Все,8.0,нет продаж 90 дн
oz_acc2,1888905398,Все,8.0,нет продаж 90 дн
oz_acc2,1888905665,Все,8.0,нет продаж 90 дн
oz_acc2,1888907012,Все,8.0,нет продаж 90 дн
oz_acc2,1888907016,Все,8.0,нет продаж 90 дн
oz_acc2,1888907018,Все,8.0,нет продаж 90 дн
oz_acc2,1888907082,Все,8.0,нет продаж 90 дн
oz_acc2,1888907192,Все,8.0,нет продаж 90 дн
oz_acc2,1888907200,Все,8.0,нет продаж 90 дн
oz_acc2,1888907276,Все,8.0,нет продаж 90 дн
oz_acc2,1888907544,Все,8.0,нет продаж 90 дн
oz_acc2,1888907551,Все,8.0,нет продаж 90 дн
oz_acc2,1888907554,Все,8.0,нет продаж 90 дн
oz_acc2,1888907576,Все,8.0,нет продаж 90 дн
oz_acc2,1888907657,Все,8.0,нет продаж 90 дн
oz_acc2,1888907831,Все,8.0,нет продаж 90 дн
oz_acc2,1888907886,Все,8.0,нет продаж 90 дн
oz_acc2,1888907900,Все,8.0,нет продаж 90 дн
oz_acc2,1888907900,от 0 до 3000,12.0,нет продаж 90 дн
oz_acc2,1888907902,Все,8.0,нет маржи и нет продаж 90 дн
oz_acc2,1888907939,Все,8.0,нет продаж 90 дн
oz_acc2,1888908076,Все,8.0,нет продаж 90 дн
oz_acc2,1888908104,Все,8.0,нет продаж 90 дн
oz_acc2,1888908230,Все,8.0,нет продаж 90 дн
oz_acc2,1888909064,Все,8.0,нет продаж 90 дн
oz_acc2,1888909256,Все,8.0,нет продаж 90 дн
oz_acc2,1888909299,Все,8.0,нет продаж 90 дн
oz_acc2,1888909568,Все,8.0,нет продаж 90 дн
oz_acc2,1888909784,Все,8.0,нет маржи и нет продаж 90 дн
oz_acc2,1888909890,Все,8.0,нет маржи и нет продаж 90 дн
oz_acc2,1888910184,Все,8.0,нет продаж 90 дн
oz_acc2,1888910668,Все,8.0,нет маржи и нет продаж 90 дн
oz_acc2,1888911408,Все,8.0,нет продаж 90 дн
oz_acc2,1888912357,Все,8.0,нет продаж 90 дн
oz_acc2,1888912388,Все,8.0,нет продаж 90 дн
oz_acc2,1888912917,Все,8.0,нет маржи и нет продаж 90 дн
oz_acc2,1888912951,Все,8.0,нет продаж 90 дн
oz_acc2,1888912951,от 0 до 3000,12.0,нет продаж 90 дн
oz_acc2,1888913131,Все,8.0,нет продаж 90 дн
oz_acc2,1888913151,Все,8.0,нет продаж 90 дн
oz_acc2,1888913160,Все,8.0,нет продаж 90 дн
oz_acc2,1888913474,Все,8.0,нет продаж 90 дн
oz_acc2,1888913698,Все,8.0,нет маржи и нет продаж 90 дн
oz_acc2,1888913800,Все,8.0,нет продаж 90 дн
oz_acc2,1888913960,Все,8.0,нет продаж 90 дн
oz_acc2,1888914034,Все,8.0,нет продаж 90 дн
oz_acc2,1888914162,Все,8.0,нет продаж 90 дн
oz_acc2,1888914210,Все,8.0,нет маржи и нет продаж 90 дн
oz_acc2,1888914778,Все,8.0,нет продаж 90 дн
oz_acc2,1888914997,Все,8.0,нет продаж 90 дн
oz_acc2,1888914997,от 0 до 3000,12.0,нет продаж 90 дн
oz_acc2,1888915327,Все,8.0,нет продаж 90 дн
oz_acc2,1888915327,от 0 до 3000,12.0,нет продаж 90 дн
oz_acc2,1888915503,Все,8.0,нет продаж 90 дн
oz_acc2,1888915515,Все,8.0,нет продаж 90 дн
oz_acc2,1888915527,Все,8.0,нет продаж 90 дн
oz_acc2,1888915810,Все,8.0,нет продаж 90 дн
oz_acc2,1888915810,5000-10000,12.0,нет продаж 90 дн
oz_acc2,1888915935,Все,8.0,нет продаж 90 дн
oz_acc2,1888915971,Все,8.0,нет продаж 90 дн
oz_acc2,1888916059,Все,8.0,нет продаж 90 дн
oz_acc2,1888916161,Все,8.0,нет продаж 90 дн
oz_acc2,1888916325,Все,8.0,нет продаж 90 дн
oz_acc2,1888916378,Все,8.0,нет продаж 90 дн
oz_acc2,1888916512,Все,8.0,нет продаж 90 дн
oz_acc2,1888916581,Все,8.0,нет продаж 90 дн
oz_acc2,1888916794,Все,8.0,нет продаж 90 дн
oz_acc2,1888916847,Все,8.0,нет продаж 90 дн
oz_acc2,1888916957,Все,8.0,нет продаж 90 дн
oz_acc2,1888916962,Все,8.0,нет продаж 90 дн
oz_acc2,1888917310,Все,8.0,нет маржи и нет продаж 90 дн
oz_acc2,1888918054,Все,8.0,нет продаж 90 дн
oz_acc2,1888918155,Все,8.0,нет продаж 90 дн
oz_acc2,1888918459,Все,8.0,нет продаж 90 дн
oz_acc2,1888918476,Все,8.0,нет продаж 90 дн
oz_acc2,1888918657,Все,8.0,нет продаж 90 дн
oz_acc2,1888918907,Все,8.0,нет продаж 90 дн
oz_acc2,1888918966,Все,8.0,нет продаж 90 дн
oz_acc2,1888919012,Все,8.0,нет маржи и нет продаж 90 дн
oz_acc2,1888919920,Все,8.0,нет маржи и нет продаж 90 дн
oz_acc2,1888919957,Все,8.0,нет продаж 90 дн
oz_acc2,1888920161,Все,8.0,нет маржи и нет продаж 90 дн
oz_acc2,1888920513,Все,8.0,нет продаж 90 дн
oz_acc2,1888920692,Все,8.0,нет продаж 90 дн
oz_acc2,1888920755,Все,8.0,нет продаж 90 дн
oz_acc2,1888920845,Все,8.0,нет продаж 90 дн
oz_acc2,1888920884,Все,8.0,нет продаж 90 дн
oz_acc2,1888921315,Все,8.0,нет продаж 90 дн
oz_acc2,1888921609,Все,8.0,нет продаж 90 дн
oz_acc2,1888921946,Все,8.0,нет маржи и нет продаж 90 дн
oz_acc2,1888922336,Все,8.0,нет продаж 90 дн
oz_acc2,1888922654,Все,8.0,нет продаж 90 дн
oz_acc2,1888922777,Все,8.0,нет продаж 90 дн
oz_acc2,1888923020,Все,8.0,нет продаж 90 дн
oz_acc2,1888923020,3000-5000,17.0,нет продаж 90 дн
oz_acc2,1888923225,Все,8.0,нет продаж 90 дн
oz_acc2,1888923372,Все,8.0,нет продаж 90 дн
oz_acc2,1888923451,Все,8.0,нет продаж 90 дн
oz_acc2,1888923484,Все,8.0,нет продаж 90 дн
oz_acc2,1888923484,3000-5000,12.0,нет продаж 90 дн
oz_acc2,1888923865,Все,8.0,нет продаж 90 дн
oz_acc2,1888923993,Все,8.0,нет продаж 90 дн
oz_acc2,1888924073,Все,8.0,нет продаж 90 дн
oz_acc2,1888924132,Все,8.0,нет продаж 90 дн
oz_acc2,1888924265,Все,8.0,нет продаж 90 дн
oz_acc2,1888924378,Все,8.0,нет маржи и нет продаж 90 дн
oz_acc2,1888924378,от 0 до 3000,12.0,нет маржи и нет продаж 90 дн
oz_acc2,1888924459,Все,8.0,нет продаж 90 дн
oz_acc2,1888924640,Все,8.0,нет продаж 90 дн
oz_acc2,1888924655,Все,8.0,нет маржи и нет продаж 90 дн
oz_acc2,1888924659,Все,7.0,нет продаж 90 дн
oz_acc2,1888924659,от 0 до 3000,12.0,нет продаж 90 дн
oz_acc2,1888924705,Все,8.0,нет продаж 90 дн
oz_acc2,1888925040,Все,8.0,нет продаж 90 дн
oz_acc2,1888925245,Все,8.0,нет продаж 90 дн
oz_acc2,1888925290,Все,8.0,нет продаж 90 дн
oz_acc2,1888925308,Все,8.0,нет маржи и нет продаж 90 дн
oz_acc2,1888925316,Все,8.0,нет продаж 90 дн
oz_acc2,1888925316,от 0 до 3000,12.0,нет продаж 90 дн
oz_acc2,1888925561,Все,8.0,нет продаж 90 дн
oz_acc2,1888925643,Все,8.0,нет продаж 90 дн
oz_acc2,1888926243,Все,8.0,нет продаж 90 дн
oz_acc2,1888927953,Все,8.0,нет продаж 90 дн
oz_acc2,1888927971,Все,8.0,нет продаж 90 дн
oz_acc2,1888928183,Все,8.0,нет продаж 90 дн
oz_acc2,1888928244,Все,8.0,нет продаж 90 дн
oz_acc2,1888928736,от 0 до 3000,12.0,нет маржи и нет продаж 90 дн
oz_acc2,1888929019,Все,8.0,нет маржи и нет продаж 90 дн
oz_acc2,1888929019,от 0 до 3000,12.0,нет маржи и нет продаж 90 дн
oz_acc2,1888929689,от 0 до 3000,12.0,нет продаж 90 дн
oz_acc2,1888930572,Все,8.0,нет продаж 90 дн
oz_acc2,1888930592,Все,8.0,нет продаж 90 дн
oz_acc2,1888930686,Все,9.0,нет продаж 90 дн
oz_acc2,1888930966,Все,8.0,нет продаж 90 дн
oz_acc2,1888932059,Все,9.0,нет продаж 90 дн
oz_acc2,1888932163,Все,8.0,нет продаж 90 дн
oz_acc2,1888932228,Все,8.0,нет продаж 90 дн
oz_acc2,1888932248,Все,8.0,нет продаж 90 дн
oz_acc2,1888932824,Все,7.0,нет продаж 90 дн
oz_acc2,1888932824,от 0 до 3000,12.0,нет продаж 90 дн
oz_acc2,1888932894,Все,8.0,нет продаж 90 дн
oz_acc2,1888933050,Все,8.0,нет продаж 90 дн
oz_acc2,1888933158,Все,8.0,нет продаж 90 дн
oz_acc2,1888933370,Все,8.0,нет продаж 90 дн
oz_acc2,1888933382,Все,8.0,нет продаж 90 дн
oz_acc2,1888933398,от 0 до 3000,12.0,нет продаж 90 дн
oz_acc2,1888934386,от 0 до 3000,12.0,нет продаж 90 дн
oz_acc2,1888934586,Все,8.0,нет маржи и нет продаж 90 дн
oz_acc2,1888934713,Все,8.0,нет маржи и нет продаж 90 дн
oz_acc2,1888934945,Все,8.0,нет продаж 90 дн
oz_acc2,1888935481,Все,8.0,нет продаж 90 дн
oz_acc2,1888935755,Все,8.0,нет маржи и нет продаж 90 дн
oz_acc2,1888937349,Все,8.0,нет продаж 90 дн
oz_acc2,1888937349,от 0 до 3000,12.0,нет продаж 90 дн
oz_acc2,1888937457,Все,8.0,нет продаж 90 дн
oz_acc2,1888937466,Все,8.0,нет продаж 90 дн
oz_acc2,1888937896,Все,8.0,нет продаж 90 дн
oz_acc2,1888938027,Все,8.0,нет продаж 90 дн
oz_acc2,1888938283,Все,8.0,нет продаж 90 дн
oz_acc2,1888938283,от 0 до 3000,12.0,нет продаж 90 дн
oz_acc2,1888938587,Все,8.0,нет продаж 90 дн
oz_acc2,1888938587,от 0 до 3000,12.0,нет продаж 90 дн
oz_acc2,1888938817,Все,8.0,нет продаж 90 дн
oz_acc2,1888939173,Все,8.0,нет продаж 90 дн
oz_acc2,1888939449,Все,8.0,нет продаж 90 дн
oz_acc2,1888939467,Все,8.0,нет продаж 90 дн
oz_acc2,1888939660,Все,8.0,нет продаж 90 дн
oz_acc2,1888939763,Все,8.0,нет продаж 90 дн
oz_acc2,1888939974,Все,8.0,нет продаж 90 дн
oz_acc2,1888940618,Все,8.0,нет маржи и нет продаж 90 дн
oz_acc2,1888941162,10000-500000,12.0,нет маржи и нет продаж 90 дн
oz_acc2,1888943142,Все,8.0,нет продаж 90 дн
oz_acc2,1888943732,Все,8.0,нет маржи и нет продаж 90 дн
oz_acc2,1888943856,Все,8.0,нет маржи и нет продаж 90 дн
oz_acc2,1888944304,Все,8.0,нет продаж 90 дн
oz_acc2,1888944904,Все,8.0,нет продаж 90 дн
oz_acc2,1888945257,Все,8.0,нет маржи и нет продаж 90 дн
oz_acc2,1888945828,Все,8.0,нет продаж 90 дн
oz_acc2,1888946009,Все,8.0,нет продаж 90 дн
oz_acc2,1888946590,Все,8.0,нет продаж 90 дн
oz_acc2,1888948232,Все,8.0,нет маржи и нет продаж 90 дн
oz_acc2,1888948623,Все,8.0,нет продаж 90 дн
oz_acc2,1888950306,Все,8.0,нет продаж 90 дн
oz_acc2,1888951115,Все,8.0,нет продаж 90 дн
oz_acc2,1888951225,Все,8.0,нет маржи и нет продаж 90 дн
oz_acc2,1888951475,Все,8.0,нет маржи и нет продаж 90 дн
oz_acc2,1888951533,Все,8.0,нет маржи и нет продаж 90 дн
oz_acc2,1888951929,Все,8.0,нет продаж 90 дн
oz_acc2,1888952212,Все,8.0,нет маржи и нет продаж 90 дн
oz_acc2,1888952358,Все,8.0,нет продаж 90 дн
oz_acc2,1888952358,10000-500000,12.0,нет продаж 90 дн
oz_acc2,1888955481,Все,8.0,нет продаж 90 дн
oz_acc2,1888962443,Все,8.0,нет продаж 90 дн
oz_acc2,1888962550,Все,8.0,нет продаж 90 дн
oz_acc2,1888963111,Все,8.0,нет продаж 90 дн
oz_acc2,1888965614,Все,8.0,нет продаж 90 дн
oz_acc2,1888968096,Все,8.0,нет продаж 90 дн
oz_acc2,1888971290,Все,8.0,нет продаж 90 дн
oz_acc2,1888972280,Все,8.0,нет продаж 90 дн
oz_acc2,1888972800,Все,8.0,нет продаж 90 дн
oz_acc2,1888973433,Все,8.0,нет продаж 90 дн
oz_acc2,1888974432,Все,8.0,нет продаж 90 дн
oz_acc2,1888974710,Все,8.0,нет продаж 90 дн
oz_acc2,1888975641,Все,8.0,нет продаж 90 дн
oz_acc2,1888976833,Все,8.0,нет продаж 90 дн
oz_acc2,1888977122,Все,8.0,нет продаж 90 дн
oz_acc2,1888979394,Все,8.0,нет продаж 90 дн
oz_acc2,1888981539,Все,8.0,нет продаж 90 дн
oz_acc2,1888988820,Все,8.0,нет продаж 90 дн
oz_acc2,1888990356,Все,8.0,нет продаж 90 дн
oz_acc2,1888991191,Все,8.0,нет продаж 90 дн
oz_acc2,1889015787,Все,8.0,нет продаж 90 дн
oz_acc2,1889016933,Все,8.0,нет продаж 90 дн
oz_acc2,1903542499,Все,8.0,нет маржи и нет продаж 90 дн
oz_acc2,1903650800,Все,8.0,нет продаж 90 дн
oz_acc2,1903651033,Все,8.0,нет маржи и нет продаж 90 дн
oz_acc2,1903651389,Все,9.0,нет продаж 90 дн
oz_acc2,1903651482,Все,8.0,нет продаж 90 дн
oz_acc2,1903651539,Все,8.0,нет продаж 90 дн
oz_acc2,1903651543,Все,8.0,нет продаж 90 дн
oz_acc2,1903651552,Все,8.0,нет продаж 90 дн
oz_acc2,1903651638,Все,8.0,нет продаж 90 дн
oz_acc2,1903651687,Все,8.0,нет продаж 90 дн
oz_acc2,1903651722,Все,8.0,нет продаж 90 дн
oz_acc2,1903651899,Все,8.0,нет маржи и нет продаж 90 дн
oz_acc2,1903651902,Все,8.0,нет продаж 90 дн
oz_acc2,1903651917,Все,8.0,нет продаж 90 дн
oz_acc2,1903651917,10000-500000,12.0,нет продаж 90 дн
oz_acc2,1903651984,Все,8.0,нет продаж 90 дн
oz_acc2,1903652010,Все,8.0,нет продаж 90 дн
oz_acc2,1903652027,Все,8.0,нет продаж 90 дн
oz_acc2,1903652070,Все,8.0,нет продаж 90 дн
oz_acc2,1903652083,Все,8.0,нет продаж 90 дн
oz_acc2,1903652100,Все,8.0,нет продаж 90 дн
oz_acc2,1903652112,Все,8.0,нет продаж 90 дн
oz_acc2,1903652163,Все,9.0,нет продаж 90 дн
oz_acc2,1903652165,Все,8.0,нет продаж 90 дн
oz_acc2,1903652172,3000-5000,12.0,нет маржи и нет продаж 90 дн
oz_acc2,1903652183,Все,8.0,нет маржи и нет продаж 90 дн
oz_acc2,1903652279,Все,8.0,нет продаж 90 дн
oz_acc2,1903652310,Все,8.0,нет продаж 90 дн
oz_acc2,1903652384,Все,8.0,нет продаж 90 дн
oz_acc2,1903652396,Все,8.0,нет продаж 90 дн
oz_acc2,1903652419,Все,8.0,нет продаж 90 дн
oz_acc2,1903652484,Все,8.0,нет продаж 90 дн
oz_acc2,1903652508,Все,8.0,нет продаж 90 дн
oz_acc2,1903652508,5000-10000,12.0,нет продаж 90 дн
oz_acc2,1903654716,Все,8.0,нет продаж 90 дн
oz_acc2,1903666794,Все,8.0,нет маржи и нет продаж 90 дн
oz_acc2,1903668321,Все,9.0,нет продаж 90 дн
oz_acc2,1904442287,Все,8.0,нет продаж 90 дн
oz_acc2,1904442287,5000-10000,12.0,нет продаж 90 дн
oz_acc2,1916256905,Все,8.0,нет продаж 90 дн
oz_acc2,1916257774,Все,8.0,нет продаж 90 дн
oz_acc2,1916257793,Все,8.0,нет продаж 90 дн
oz_acc2,1916257960,Все,8.0,нет продаж 90 дн
oz_acc2,1916257999,Все,8.0,нет продаж 90 дн
oz_acc2,1916258095,Все,8.0,нет продаж 90 дн
oz_acc2,1916258127,Все,8.0,нет продаж 90 дн
oz_acc2,1916258184,Все,8.0,нет продаж 90 дн
oz_acc2,1916258399,Все,8.0,нет продаж 90 дн
oz_acc2,1916258464,Все,8.0,нет маржи и нет продаж 90 дн
oz_acc2,1916258533,Все,8.0,нет продаж 90 дн
oz_acc2,1916258661,Все,7.0,нет продаж 90 дн
oz_acc2,1916258661,от 0 до 3000,12.0,нет продаж 90 дн
oz_acc2,1916258827,Все,8.0,нет продаж 90 дн
oz_acc2,1916258944,Все,8.0,нет продаж 90 дн
oz_acc2,1916258944,3000-5000,12.0,нет продаж 90 дн
oz_acc2,1916258974,Все,8.0,нет продаж 90 дн
oz_acc2,1916258991,Все,8.0,нет продаж 90 дн
oz_acc2,1916259043,Все,8.0,нет продаж 90 дн
oz_acc2,1916259043,от 0 до 3000,12.0,нет продаж 90 дн
oz_acc2,1916259188,Все,8.0,нет продаж 90 дн
oz_acc2,1916259258,Все,8.0,нет продаж 90 дн
oz_acc2,1916259258,от 0 до 3000,12.0,нет продаж 90 дн
oz_acc2,1916259406,Все,8.0,нет продаж 90 дн
oz_acc2,1916259436,Все,8.0,нет продаж 90 дн
oz_acc2,1916259589,Все,8.0,нет продаж 90 дн
oz_acc2,1916259676,Все,8.0,нет продаж 90 дн
oz_acc2,1916259676,от 0 до 3000,12.0,нет продаж 90 дн
oz_acc2,1916259769,Все,8.0,нет продаж 90 дн
oz_acc2,1916259774,Все,8.0,нет продаж 90 дн
oz_acc2,1916259782,Все,8.0,нет маржи и нет продаж 90 дн
oz_acc2,1916259798,Все,8.0,нет продаж 90 дн
oz_acc2,1916259802,Все,8.0,нет продаж 90 дн
oz_acc2,1916259816,Все,8.0,нет продаж 90 дн
oz_acc2,1916260038,Все,8.0,нет продаж 90 дн
oz_acc2,1916260047,Все,8.0,нет продаж 90 дн
oz_acc2,1916260049,Все,8.0,нет продаж 90 дн
oz_acc2,1916260152,Все,8.0,нет продаж 90 дн
oz_acc2,1916260229,Все,8.0,нет продаж 90 дн
oz_acc2,1916260237,Все,8.0,нет продаж 90 дн
oz_acc2,1916260292,Все,9.0,нет продаж 90 дн
oz_acc2,1916260293,Все,8.0,нет продаж 90 дн
oz_acc2,1916260529,Все,8.0,нет продаж 90 дн
oz_acc2,1916260537,Все,8.0,нет продаж 90 дн
oz_acc2,1916260626,Все,8.0,нет продаж 90 дн
oz_acc2,1916260689,Все,8.0,нет маржи и нет продаж 90 дн
oz_acc2,1916260774,Все,8.0,нет продаж 90 дн
oz_acc2,1916260790,Все,8.0,нет продаж 90 дн
oz_acc2,1916260853,Все,8.0,нет продаж 90 дн
oz_acc2,1916260938,Все,8.0,нет продаж 90 дн
oz_acc2,1916261014,Все,8.0,нет продаж 90 дн
oz_acc2,1916261316,Все,8.0,нет продаж 90 дн
oz_acc2,1916261483,Все,8.0,нет продаж 90 дн
oz_acc2,1916261648,Все,8.0,нет продаж 90 дн
oz_acc2,1916261670,Все,8.0,нет продаж 90 дн
oz_acc2,1916261721,Все,8.0,нет продаж 90 дн
oz_acc2,1916261831,Все,8.0,нет продаж 90 дн
oz_acc2,1916261943,Все,8.0,нет продаж 90 дн
oz_acc2,1916261943,3000-5000,12.0,нет продаж 90 дн
oz_acc2,1916261949,Все,8.0,нет продаж 90 дн
oz_acc2,1916262153,Все,8.0,нет продаж 90 дн
oz_acc2,1916262212,Все,7.0,нет продаж 90 дн
oz_acc2,1916262212,от 0 до 3000,10.0,нет продаж 90 дн
oz_acc2,1916262223,Все,8.0,нет продаж 90 дн
oz_acc2,1916262295,Все,8.0,нет продаж 90 дн
oz_acc2,1916262379,Все,8.0,нет продаж 90 дн
oz_acc2,1916262385,Все,8.0,нет продаж 90 дн
oz_acc2,1916262490,Все,8.0,нет продаж 90 дн
oz_acc2,1916262490,от 0 до 3000,12.0,нет продаж 90 дн
oz_acc2,1916262608,Все,8.0,нет продаж 90 дн
oz_acc2,1916262834,Все,8.0,нет продаж 90 дн
oz_acc2,1916262834,от 0 до 3000,12.0,нет продаж 90 дн
oz_acc2,1916262880,Все,8.0,нет продаж 90 дн
oz_acc2,1916262958,Все,8.0,нет продаж 90 дн
oz_acc2,1916263125,Все,8.0,нет продаж 90 дн
oz_acc2,1916263351,Все,8.0,нет продаж 90 дн
oz_acc2,1916263357,Все,8.0,нет продаж 90 дн
oz_acc2,1916263475,Все,8.0,нет продаж 90 дн
oz_acc2,1916263526,Все,8.0,нет продаж 90 дн
oz_acc2,1916263536,Все,8.0,нет продаж 90 дн
oz_acc2,1916263928,Все,8.0,нет продаж 90 дн
oz_acc2,1916264037,Все,8.0,нет продаж 90 дн
oz_acc2,1916264037,от 0 до 3000,12.0,нет продаж 90 дн
oz_acc2,1916264344,Все,8.0,нет продаж 90 дн
oz_acc2,1916264413,Все,8.0,нет продаж 90 дн
oz_acc2,1916264617,Все,8.0,нет продаж 90 дн
oz_acc2,1916264891,3000-5000,17.0,нет маржи и нет продаж 90 дн
oz_acc2,1916264959,Все,8.0,нет продаж 90 дн
oz_acc2,1916264990,Все,8.0,нет продаж 90 дн
oz_acc2,1916264990,от 0 до 3000,12.0,нет продаж 90 дн
oz_acc2,1916265026,Все,8.0,нет продаж 90 дн
oz_acc2,1916265147,Все,8.0,нет продаж 90 дн
oz_acc2,1916265147,3000-5000,12.0,нет продаж 90 дн
oz_acc2,1916265382,Все,8.0,нет продаж 90 дн
oz_acc2,1916265414,Все,8.0,нет продаж 90 дн
oz_acc2,1916265827,Все,8.0,нет продаж 90 дн
oz_acc2,1916265874,Все,8.0,нет продаж 90 дн
oz_acc2,1916266722,Все,8.0,нет продаж 90 дн
oz_acc2,1916266783,Все,8.0,нет продаж 90 дн
oz_acc2,1916267070,Все,8.0,нет продаж 90 дн
oz_acc2,1916267148,Все,8.0,нет продаж 90 дн
oz_acc2,1916267148,5000-10000,12.0,нет продаж 90 дн
oz_acc2,1916267242,Все,8.0,нет продаж 90 дн
oz_acc2,1916267287,Все,8.0,нет продаж 90 дн
oz_acc2,1916267307,Все,8.0,нет продаж 90 дн
oz_acc2,1916267459,Все,8.0,нет маржи и нет продаж 90 дн
oz_acc2,1916268158,Все,8.0,нет продаж 90 дн
oz_acc2,1916268668,Все,8.0,нет продаж 90 дн
oz_acc2,1916269018,Все,8.0,нет продаж 90 дн
oz_acc2,1916269089,от 0 до 3000,12.0,нет продаж 90 дн
oz_acc2,1916269446,Все,8.0,нет продаж 90 дн
oz_acc2,1916269486,Все,8.0,нет продаж 90 дн
oz_acc2,1916269493,от 0 до 3000,10.0,нет продаж 90 дн
oz_acc2,1916269900,Все,8.0,нет продаж 90 дн
oz_acc2,1916270155,Все,8.0,нет продаж 90 дн
oz_acc2,1916270155,от 0 до 3000,12.0,нет продаж 90 дн
oz_acc2,1916270248,Все,8.0,нет продаж 90 дн
oz_acc2,1916270248,от 0 до 3000,12.0,нет продаж 90 дн
oz_acc2,1916270400,от 0 до 3000,12.0,нет продаж 90 дн
oz_acc2,1916270525,Все,8.0,нет маржи и нет продаж 90 дн
oz_acc2,1916270525,от 0 до 3000,12.0,нет маржи и нет продаж 90 дн
oz_acc2,1916270596,от 0 до 3000,12.0,нет продаж 90 дн
oz_acc2,1916270666,от 0 до 3000,12.0,нет продаж 90 дн
oz_acc2,1916270752,Все,8.0,нет продаж 90 дн
oz_acc2,1916270752,от 0 до 3000,12.0,нет продаж 90 дн
oz_acc2,1916270755,от 0 до 3000,10.0,нет продаж 90 дн
oz_acc2,1916270829,Все,8.0,нет продаж 90 дн
oz_acc2,1916270829,от 0 до 3000,12.0,нет продаж 90 дн
oz_acc2,1916270857,Все,8.0,нет продаж 90 дн
oz_acc2,1916270877,Все,8.0,нет маржи и нет продаж 90 дн
oz_acc2,1916271048,Все,8.0,нет продаж 90 дн
oz_acc2,1916271241,Все,8.0,нет продаж 90 дн
oz_acc2,1916271241,от 0 до 3000,12.0,нет продаж 90 дн
oz_acc2,1916271427,Все,8.0,нет продаж 90 дн
oz_acc2,1916271459,Все,8.0,нет продаж 90 дн
oz_acc2,1916271459,от 0 до 3000,12.0,нет продаж 90 дн
oz_acc2,1916271527,от 0 до 3000,12.0,нет продаж 90 дн
oz_acc2,1916272227,Все,8.0,нет продаж 90 дн
oz_acc2,1916272227,от 0 до 3000,12.0,нет продаж 90 дн
oz_acc2,1916272244,от 0 до 3000,12.0,нет продаж 90 дн
oz_acc2,1916272329,Все,8.0,нет продаж 90 дн
oz_acc2,1916272329,от 0 до 3000,12.0,нет продаж 90 дн
oz_acc2,1916272782,Все,8.0,нет маржи и нет продаж 90 дн
oz_acc2,1916272782,от 0 до 3000,12.0,нет маржи и нет продаж 90 дн
oz_acc2,1916272794,Все,8.0,нет продаж 90 дн
oz_acc2,1916272850,от 0 до 3000,12.0,нет маржи и нет продаж 90 дн
oz_acc2,1916272977,Все,8.0,нет продаж 90 дн
oz_acc2,1916272977,от 0 до 3000,12.0,нет продаж 90 дн
oz_acc2,1916273047,Все,8.0,нет продаж 90 дн
oz_acc2,1916273047,от 0 до 3000,12.0,нет продаж 90 дн
oz_acc2,1916273087,Все,7.0,нет продаж 90 дн
oz_acc2,1916273374,Все,9.0,нет продаж 90 дн
oz_acc2,1916273374,от 0 до 3000,13.0,нет продаж 90 дн
oz_acc2,1916273605,от 0 до 3000,12.0,нет продаж 90 дн
oz_acc2,1916274034,от 0 до 3000,12.0,нет продаж 90 дн
oz_acc2,1916274060,от 0 до 3000,12.0,нет продаж 90 дн
oz_acc2,1916274351,Все,8.0,нет продаж 90 дн
oz_acc2,1916274569,от 0 до 3000,12.0,нет продаж 90 дн
oz_acc2,1916274883,от 0 до 3000,12.0,нет маржи и нет продаж 90 дн
oz_acc2,1916274944,от 0 до 3000,12.0,нет продаж 90 дн
oz_acc2,1916274966,от 0 до 3000,12.0,нет маржи и нет продаж 90 дн
oz_acc2,1916275414,от 0 до 3000,12.0,нет продаж 90 дн
oz_acc2,1916275423,Все,8.0,нет маржи и нет продаж 90 дн
oz_acc2,1916275423,от 0 до 3000,12.0,нет маржи и нет продаж 90 дн
oz_acc2,1916275455,от 0 до 3000,12.0,нет маржи и нет продаж 90 дн
oz_acc2,1916275546,Все,8.0,нет продаж 90 дн
oz_acc2,1916275546,от 0 до 3000,13.0,нет продаж 90 дн
oz_acc2,1916275555,Все,8.0,нет маржи и нет продаж 90 дн
oz_acc2,1916275555,от 0 до 3000,12.0,нет маржи и нет продаж 90 дн
oz_acc2,1916276108,Все,7.0,нет продаж 90 дн
oz_acc2,1916276108,от 0 до 3000,10.0,нет продаж 90 дн
oz_acc2,1916276114,Все,8.0,нет продаж 90 дн
oz_acc2,1916276139,от 0 до 3000,12.0,нет продаж 90 дн
oz_acc2,1916276212,от 0 до 3000,12.0,нет продаж 90 дн
oz_acc2,1916276687,Все,8.0,нет продаж 90 дн
oz_acc2,1916276687,от 0 до 3000,10.0,нет продаж 90 дн
oz_acc2,1916276702,Все,8.0,нет продаж 90 дн
oz_acc2,1916276702,от 0 до 3000,12.0,нет продаж 90 дн
oz_acc2,1916276726,Все,8.0,нет продаж 90 дн
oz_acc2,1916277486,Все,8.0,нет маржи и нет продаж 90 дн
oz_acc2,1916277486,от 0 до 3000,12.0,нет маржи и нет продаж 90 дн
oz_acc2,1916278043,Все,8.0,нет продаж 90 дн
oz_acc2,1916278043,от 0 до 3000,12.0,нет продаж 90 дн
oz_acc2,1916278541,Все,8.0,нет продаж 90 дн
oz_acc2,1916278541,от 0 до 3000,12.0,нет продаж 90 дн
oz_acc2,1916279157,Все,8.0,нет продаж 90 дн
oz_acc2,1916279163,от 0 до 3000,12.0,нет продаж 90 дн
oz_acc2,1916279333,Все,8.0,нет продаж 90 дн
oz_acc2,1916279388,Все,8.0,нет продаж 90 дн
oz_acc2,1916279388,от 0 до 3000,12.0,нет продаж 90 дн
oz_acc2,1916279495,Все,8.0,нет продаж 90 дн
oz_acc2,1916279495,от 0 до 3000,12.0,нет продаж 90 дн
oz_acc2,1916279581,Все,8.0,нет продаж 90 дн
oz_acc2,1916279581,от 0 до 3000,12.0,нет продаж 90 дн
oz_acc2,1916279611,Все,8.0,нет маржи и нет продаж 90 дн
oz_acc2,1916279983,Все,8.0,нет продаж 90 дн
oz_acc2,1916280140,Все,8.0,нет продаж 90 дн
oz_acc2,1916280384,Все,8.0,нет маржи и нет продаж 90 дн
oz_acc2,1916280513,Все,8.0,нет маржи и нет продаж 90 дн
oz_acc2,1916280844,Все,8.0,нет продаж 90 дн
oz_acc2,1916280844,от 0 до 3000,12.0,нет продаж 90 дн
oz_acc2,1916281394,Все,8.0,нет маржи и нет продаж 90 дн
oz_acc2,1916281844,Все,8.0,нет продаж 90 дн
oz_acc2,1916282547,Все,8.0,нет маржи и нет продаж 90 дн
oz_acc2,1916283103,Все,8.0,нет продаж 90 дн
oz_acc2,1916283173,Все,8.0,нет маржи и нет продаж 90 дн
oz_acc2,1916283233,Все,8.0,нет продаж 90 дн
oz_acc2,1916283233,3000-5000,12.0,нет продаж 90 дн
oz_acc2,1916283233,от 0 до 3000,12.0,нет продаж 90 дн
oz_acc2,1916283328,Все,8.0,нет продаж 90 дн
oz_acc2,1916283328,от 0 до 3000,12.0,нет продаж 90 дн
oz_acc2,1916283606,Все,8.0,нет продаж 90 дн
oz_acc2,1916283808,Все,8.0,нет маржи и нет продаж 90 дн
oz_acc2,1916284169,Все,8.0,нет маржи и нет продаж 90 дн
oz_acc2,1916284169,10000-500000,12.0,нет маржи и нет продаж 90 дн
oz_acc2,1916284895,Все,8.0,нет маржи и нет продаж 90 дн
oz_acc2,1916286796,Все,8.0,нет продаж 90 дн
oz_acc2,1916287709,Все,8.0,нет продаж 90 дн
oz_acc2,1916290786,Все,8.0,нет маржи и нет продаж 90 дн
oz_acc2,1916290786,от 0 до 3000,12.0,нет маржи и нет продаж 90 дн
oz_acc2,1916291084,Все,8.0,нет продаж 90 дн
oz_acc2,1916291191,Все,8.0,нет маржи и нет продаж 90 дн
oz_acc2,1916291209,Все,8.0,нет продаж 90 дн
oz_acc2,1916291618,Все,6.0,нет продаж 90 дн
oz_acc2,1916291697,Все,9.0,нет продаж 90 дн
oz_acc2,1916291697,от 0 до 3000,13.0,нет продаж 90 дн
oz_acc2,1916291790,Все,9.0,нет продаж 90 дн
oz_acc2,1916291931,Все,8.0,нет продаж 90 дн
oz_acc2,1916292173,Все,8.0,нет продаж 90 дн
oz_acc2,1916292352,Все,8.0,нет продаж 90 дн
oz_acc2,1916292399,Все,8.0,нет продаж 90 дн
oz_acc2,1916292399,5000-10000,12.0,нет продаж 90 дн
oz_acc2,1916292648,Все,8.0,нет продаж 90 дн
oz_acc2,1916292721,Все,8.0,нет продаж 90 дн
oz_acc2,1916292943,Все,8.0,нет продаж 90 дн
oz_acc2,1916293044,Все,8.0,нет продаж 90 дн
oz_acc2,1916293113,Все,8.0,нет продаж 90 дн
oz_acc2,1916293259,Все,8.0,нет продаж 90 дн
oz_acc2,1916293304,Все,8.0,нет продаж 90 дн
oz_acc2,1916293304,от 0 до 3000,12.0,нет продаж 90 дн
oz_acc2,1916293483,Все,8.0,нет продаж 90 дн
oz_acc2,1916293546,Все,8.0,нет продаж 90 дн
oz_acc2,1916293679,Все,8.0,нет продаж 90 дн
oz_acc2,1916293829,Все,9.0,нет продаж 90 дн
oz_acc2,1916293829,5000-10000,13.0,нет продаж 90 дн
oz_acc2,1916294050,Все,7.0,нет продаж 90 дн
oz_acc2,1916294057,Все,8.0,нет продаж 90 дн
oz_acc2,1916294066,Все,8.0,нет продаж 90 дн
oz_acc2,1916294066,3000-5000,12.0,нет продаж 90 дн
oz_acc2,1916294113,Все,8.0,нет продаж 90 дн
oz_acc2,1916294252,Все,8.0,нет продаж 90 дн
oz_acc2,1916294291,Все,8.0,нет продаж 90 дн
oz_acc2,1916294432,Все,8.0,нет продаж 90 дн
oz_acc2,1916294432,от 0 до 3000,12.0,нет продаж 90 дн
oz_acc2,1916294466,Все,8.0,нет маржи и нет продаж 90 дн
oz_acc2,1916294466,от 0 до 3000,12.0,нет маржи и нет продаж 90 дн
oz_acc2,1916294584,10000-500000,12.0,нет маржи и нет продаж 90 дн
oz_acc2,1916299586,Все,8.0,нет продаж 90 дн
oz_acc2,1921721204,Все,8.0,нет продаж 90 дн
oz_acc2,1928679063,Все,8.0,нет продаж 90 дн
oz_acc2,1970504688,Все,8.0,нет продаж 90 дн
oz_acc2,1970505746,Все,8.0,нет продаж 90 дн
oz_acc2,1999025405,Все,8.0,нет продаж 90 дн
oz_acc2,1999025405,5000-10000,12.0,нет продаж 90 дн
oz_acc2,1999110701,3000-5000,12.0,нет продаж 90 дн
oz_acc2,1999273565,Все,8.0,нет маржи и нет продаж 90 дн
oz_acc2,1999281808,Все,8.0,нет маржи и нет продаж 90 дн
oz_acc2,1999286618,Все,8.0,нет маржи и нет продаж 90 дн
oz_acc2,1999286618,от 0 до 3000,12.0,нет маржи и нет продаж 90 дн
oz_acc2,1999293932,Все,8.0,нет маржи и нет продаж 90 дн
oz_acc2,1999293932,от 0 до 3000,12.0,нет маржи и нет продаж 90 дн
oz_acc2,1999307032,от 0 до 3000,12.0,нет маржи и нет продаж 90 дн
oz_acc2,1999321231,Все,8.0,нет продаж 90 дн
oz_acc2,1999321231,от 0 до 3000,12.0,нет продаж 90 дн
oz_acc2,1999325936,Все,8.0,нет маржи и нет продаж 90 дн
oz_acc2,1999339627,Все,8.0,нет маржи и нет продаж 90 дн
oz_acc2,1999351045,Все,8.0,нет продаж 90 дн
oz_acc2,1999356118,Все,8.0,нет продаж 90 дн
oz_acc2,1999361147,Все,8.0,нет продаж 90 дн
oz_acc2,1999366070,Все,8.0,нет продаж 90 дн
oz_acc2,1999371140,Все,8.0,нет продаж 90 дн
oz_acc2,1999422025,Все,8.0,нет маржи и нет продаж 90 дн
oz_acc2,1999441627,Все,8.0,нет продаж 90 дн
oz_acc2,1999468106,Все,8.0,нет маржи и нет продаж 90 дн
oz_acc2,1999479872,Все,7.0,нет продаж 90 дн
oz_acc2,1999479872,от 0 до 3000,12.0,нет продаж 90 дн
oz_acc2,1999482547,Все,8.0,нет продаж 90 дн
oz_acc2,1999484067,Все,8.0,нет маржи и нет продаж 90 дн
oz_acc2,1999495050,Все,8.0,нет продаж 90 дн
oz_acc2,1999504764,10000-500000,12.0,нет продаж 90 дн
oz_acc2,1999525171,Все,8.0,нет продаж 90 дн
oz_acc2,1999525171,от 0 до 3000,12.0,нет продаж 90 дн
oz_acc2,1999560340,Все,8.0,нет продаж 90 дн
oz_acc2,1999565004,Все,8.0,нет продаж 90 дн
oz_acc2,1999594027,Все,8.0,нет продаж 90 дн
oz_acc2,1999612079,Все,8.0,нет продаж 90 дн
oz_acc2,1999612079,от 0 до 3000,12.0,нет продаж 90 дн
oz_acc2,1999625582,Все,8.0,нет продаж 90 дн
oz_acc2,1999651308,от 0 до 3000,10.0,нет маржи и нет продаж 90 дн
oz_acc2,1999654153,Все,8.0,нет продаж 90 дн
oz_acc2,1999654153,от 0 до 3000,12.0,нет продаж 90 дн
oz_acc2,1999658187,Все,8.0,нет продаж 90 дн
oz_acc2,1999658187,от 0 до 3000,12.0,нет продаж 90 дн
oz_acc2,1999662768,Все,8.0,нет продаж 90 дн
oz_acc2,1999662768,от 0 до 3000,12.0,нет продаж 90 дн
oz_acc2,1999669878,Все,7.0,нет продаж 90 дн
oz_acc2,1999669878,от 0 до 3000,12.0,нет продаж 90 дн
oz_acc2,1999683332,Все,8.0,нет маржи и нет продаж 90 дн
oz_acc2,1999683332,от 0 до 3000,12.0,нет маржи и нет продаж 90 дн
oz_acc2,1999705054,от 0 до 3000,12.0,нет продаж 90 дн
oz_acc2,1999724047,Все,8.0,нет продаж 90 дн
oz_acc2,1999724047,от 0 до 3000,12.0,нет продаж 90 дн
oz_acc2,1999734619,от 0 до 3000,12.0,нет продаж 90 дн
oz_acc2,1999746836,от 0 до 3000,12.0,нет маржи и нет продаж 90 дн
oz_acc2,1999753681,Все,7.0,нет продаж 90 дн
oz_acc2,1999753681,от 0 до 3000,12.0,нет продаж 90 дн
oz_acc2,1999768944,Все,8.0,нет продаж 90 дн
oz_acc2,1999768944,от 0 до 3000,12.0,нет продаж 90 дн
oz_acc2,1999777312,Все,8.0,нет продаж 90 дн
oz_acc2,1999777312,от 0 до 3000,12.0,нет продаж 90 дн
oz_acc2,1999805502,Все,8.0,нет продаж 90 дн
oz_acc2,1999805502,от 0 до 3000,12.0,нет продаж 90 дн
oz_acc2,2031645693,3000-5000,12.0,нет продаж 90 дн
oz_acc2,2031645693,от 0 до 3000,12.0,нет продаж 90 дн
oz_acc2,2041892330,Все,8.0,нет продаж 90 дн
oz_acc2,2046455535,от 0 до 3000,12.0,нет маржи и нет продаж 90 дн
oz_acc2,2054280719,Все,7.0,нет продаж 90 дн
oz_acc2,2054280719,от 0 до 3000,10.0,нет продаж 90 дн
oz_acc2,2054281135,Все,8.0,нет маржи и нет продаж 90 дн
oz_acc2,2054281135,от 0 до 3000,12.0,нет маржи и нет продаж 90 дн
oz_acc2,2054282093,от 0 до 3000,12.0,нет маржи и нет продаж 90 дн
oz_acc2,2054315689,Все,8.0,нет продаж 90 дн
oz_acc2,2054315689,от 0 до 3000,12.0,нет продаж 90 дн
oz_acc2,2061325711,Все,8.0,нет продаж 90 дн
oz_acc2,2061325711,3000-5000,12.0,нет продаж 90 дн
oz_acc2,2073217302,от 0 до 3000,12.0,нет продаж 90 дн
oz_acc2,2073225564,Все,8.0,нет продаж 90 дн
oz_acc2,2073229504,5000-10000,12.0,нет маржи и нет продаж 90 дн
oz_acc2,2073239463,Все,8.0,нет продаж 90 дн
oz_acc2,2073239463,от 0 до 3000,12.0,нет продаж 90 дн
oz_acc2,2073240075,Все,8.0,нет продаж 90 дн
oz_acc2,2073240075,от 0 до 3000,12.0,нет продаж 90 дн
oz_acc2,2073248043,Все,8.0,нет продаж 90 дн
oz_acc2,2073248043,от 0 до 3000,12.0,нет продаж 90 дн
oz_acc2,2073298390,Все,8.0,нет продаж 90 дн
oz_acc2,2129682445,Все,8.0,нет продаж 90 дн
oz_acc2,2129686151,Все,8.0,нет маржи и нет продаж 90 дн
oz_acc2,2129687285,Все,8.0,нет маржи и нет продаж 90 дн
oz_acc2,2129687285,от 0 до 3000,12.0,нет маржи и нет продаж 90 дн
oz_acc2,2129690288,3000-5000,12.0,нет продаж 90 дн
oz_acc2,2129695470,Все,8.0,нет продаж 90 дн
oz_acc2,2129697330,Все,8.0,нет продаж 90 дн
oz_acc2,2129697330,от 0 до 3000,12.0,нет продаж 90 дн
oz_acc2,2129701027,Все,8.0,нет продаж 90 дн
oz_acc2,2129702078,Все,8.0,нет продаж 90 дн
oz_acc2,2129709010,Все,8.0,нет продаж 90 дн
oz_acc2,2129710184,Все,8.0,нет продаж 90 дн
oz_acc2,2129710721,Все,8.0,нет продаж 90 дн
oz_acc2,2129711142,Все,8.0,нет продаж 90 дн
oz_acc2,2129713289,Все,8.0,нет продаж 90 дн
oz_acc2,2129714956,Все,8.0,нет продаж 90 дн
oz_acc2,2130074125,Все,8.0,нет продаж 90 дн
oz_acc2,2130074125,10000-500000,12.0,нет продаж 90 дн
oz_acc2,2130090902,Все,8.0,нет продаж 90 дн
oz_acc2,2133668086,Все,8.0,нет продаж 90 дн
oz_acc2,2133668086,5000-10000,12.0,нет продаж 90 дн
oz_acc2,2133702625,от 0 до 3000,12.0,нет маржи и нет продаж 90 дн
oz_acc2,2138961068,Все,8.0,нет продаж 90 дн
oz_acc2,2138962428,Все,8.0,нет маржи и нет продаж 90 дн
oz_acc2,2166499683,Все,8.0,нет продаж 90 дн
oz_acc2,2166521415,Все,8.0,нет продаж 90 дн
oz_acc2,2166566144,Все,8.0,нет продаж 90 дн
oz_acc2,2166594372,Все,8.0,нет продаж 90 дн
oz_acc2,2166617309,Все,8.0,нет продаж 90 дн
oz_acc2,2213945049,Все,8.0,нет продаж 90 дн
oz_acc2,2214016675,Все,8.0,нет продаж 90 дн
oz_acc2,2214026792,Все,8.0,нет продаж 90 дн
oz_acc2,2214039231,Все,8.0,нет продаж 90 дн
oz_acc2,2214055532,Все,8.0,нет продаж 90 дн
oz_acc2,2214064524,Все,8.0,нет продаж 90 дн
oz_acc2,2214079896,Все,8.0,нет продаж 90 дн
oz_acc2,2214089731,Все,8.0,нет продаж 90 дн
oz_acc2,2214099496,Все,8.0,нет продаж 90 дн
oz_acc2,2214110784,Все,8.0,нет продаж 90 дн
oz_acc2,2214246110,Все,8.0,нет продаж 90 дн
oz_acc2,2214341390,Все,8.0,нет маржи и нет продаж 90 дн
oz_acc2,2214375177,Все,8.0,нет продаж 90 дн
oz_acc2,2240610497,Все,8.0,нет продаж 90 дн
oz_acc2,2240614636,Все,8.0,нет продаж 90 дн
oz_acc2,2241666561,Все,8.0,нет продаж 90 дн
oz_acc2,2241666589,Все,8.0,нет продаж 90 дн
oz_acc2,2241666589,5000-10000,12.0,нет продаж 90 дн
oz_acc2,2241666610,Все,8.0,нет продаж 90 дн
oz_acc2,2241666644,Все,8.0,нет продаж 90 дн
oz_acc2,2241666712,10000-500000,12.0,нет маржи и нет продаж 90 дн
oz_acc2,2241666781,Все,8.0,нет продаж 90 дн
oz_acc2,2241666794,Все,8.0,нет продаж 90 дн
oz_acc2,2241667031,Все,8.0,нет продаж 90 дн
oz_acc2,2241667093,Все,8.0,нет продаж 90 дн
oz_acc2,2241667105,Все,8.0,нет продаж 90 дн
oz_acc2,2241667105,5000-10000,12.0,нет продаж 90 дн
oz_acc2,2241667128,Все,8.0,нет продаж 90 дн
oz_acc2,2241667129,Все,8.0,нет продаж 90 дн
oz_acc2,2241667153,Все,8.0,нет продаж 90 дн
oz_acc2,2241667156,Все,8.0,нет продаж 90 дн
oz_acc2,2241667158,Все,8.0,нет продаж 90 дн
oz_acc2,2241667158,5000-10000,12.0,нет продаж 90 дн
oz_acc2,2241667171,Все,8.0,нет маржи и нет продаж 90 дн
oz_acc2,2241667177,Все,8.0,нет продаж 90 дн
oz_acc2,2241667177,5000-10000,12.0,нет продаж 90 дн
oz_acc2,2241667327,Все,8.0,нет продаж 90 дн
oz_acc2,2241667414,Все,8.0,нет продаж 90 дн
oz_acc2,2241667429,Все,8.0,нет продаж 90 дн
oz_acc2,2241667437,Все,8.0,нет продаж 90 дн
oz_acc2,2241667447,Все,8.0,нет продаж 90 дн
oz_acc2,2241667669,Все,8.0,нет продаж 90 дн
oz_acc2,2241667669,5000-10000,12.0,нет продаж 90 дн
oz_acc2,2241667750,Все,8.0,нет продаж 90 дн
oz_acc2,2241667750,5000-10000,12.0,нет продаж 90 дн
oz_acc2,2241667783,Все,8.0,нет маржи и нет продаж 90 дн
oz_acc2,2241667902,Все,8.0,нет маржи и нет продаж 90 дн
oz_acc2,2241668173,Все,8.0,нет продаж 90 дн
oz_acc2,2241696211,от 0 до 3000,12.0,нет продаж 90 дн
oz_acc2,2241696375,от 0 до 3000,12.0,нет продаж 90 дн
oz_acc2,2241696445,Все,8.0,нет продаж 90 дн
oz_acc2,2241696702,Все,8.0,нет продаж 90 дн
oz_acc2,2241696723,Все,8.0,нет продаж 90 дн
oz_acc2,2241696733,от 0 до 3000,12.0,нет маржи и нет продаж 90 дн
oz_acc2,2241696888,Все,8.0,нет продаж 90 дн
oz_acc2,2241697143,от 0 до 3000,10.0,нет продаж 90 дн
oz_acc2,2241697277,от 0 до 3000,10.0,нет продаж 90 дн
oz_acc2,2241698547,Все,8.0,нет продаж 90 дн
oz_acc2,2241698639,от 0 до 3000,12.0,нет продаж 90 дн
oz_acc2,2241736293,Все,8.0,нет продаж 90 дн
oz_acc2,2241736297,Все,8.0,нет продаж 90 дн
oz_acc2,2241736382,Все,8.0,нет продаж 90 дн
oz_acc2,2241736383,от 0 до 3000,10.0,нет маржи и нет продаж 90 дн
oz_acc2,2241736389,Все,8.0,нет продаж 90 дн
oz_acc2,2241736389,3000-5000,17.0,нет продаж 90 дн
oz_acc2,2241736408,Все,8.0,нет маржи и нет продаж 90 дн
oz_acc2,2241736425,Все,8.0,нет продаж 90 дн
oz_acc2,2241736438,Все,8.0,нет маржи и нет продаж 90 дн
oz_acc2,2241736444,Все,8.0,нет продаж 90 дн
oz_acc2,2241736444,3000-5000,12.0,нет продаж 90 дн
oz_acc2,2241736481,Все,8.0,нет продаж 90 дн
oz_acc2,2241736484,Все,8.0,нет маржи и нет продаж 90 дн
oz_acc2,2241736484,3000-5000,12.0,нет маржи и нет продаж 90 дн
oz_acc2,2241736503,Все,8.0,нет продаж 90 дн
oz_acc2,2241736503,от 0 до 3000,12.0,нет продаж 90 дн
oz_acc2,2241736533,Все,9.0,нет продаж 90 дн
oz_acc2,2241736542,Все,8.0,нет продаж 90 дн
oz_acc2,2241736573,Все,8.0,нет продаж 90 дн
oz_acc2,2241736690,Все,8.0,нет продаж 90 дн
oz_acc2,2241736699,Все,8.0,нет продаж 90 дн
oz_acc2,2241790425,Все,8.0,нет продаж 90 дн
oz_acc2,2241790435,от 0 до 3000,12.0,нет маржи и нет продаж 90 дн
oz_acc2,2241816573,Все,7.0,нет продаж 90 дн
oz_acc2,2241816592,Все,8.0,нет продаж 90 дн
oz_acc2,2241816606,Все,8.0,нет продаж 90 дн
oz_acc2,2241816664,Все,8.0,нет продаж 90 дн
oz_acc2,2241816664,5000-10000,12.0,нет продаж 90 дн
oz_acc2,2241816733,Все,8.0,нет продаж 90 дн
oz_acc2,2241816827,Все,9.0,нет продаж 90 дн
oz_acc2,2241816974,Все,8.0,нет продаж 90 дн
oz_acc2,2241816974,5000-10000,12.0,нет продаж 90 дн
oz_acc2,2241817035,Все,8.0,нет продаж 90 дн
oz_acc2,2241817066,Все,8.0,нет продаж 90 дн
oz_acc2,2241817066,3000-5000,17.0,нет продаж 90 дн
oz_acc2,2241817158,Все,8.0,нет продаж 90 дн
oz_acc2,2241827929,Все,8.0,нет продаж 90 дн
oz_acc2,2241827952,Все,8.0,нет продаж 90 дн
oz_acc2,2241827995,Все,8.0,нет продаж 90 дн
oz_acc2,2241827995,от 0 до 3000,10.0,нет продаж 90 дн
oz_acc2,2241828180,Все,7.0,нет продаж 90 дн
oz_acc2,2241828180,от 0 до 3000,12.0,нет продаж 90 дн
oz_acc2,2241828195,Все,8.0,нет продаж 90 дн
oz_acc2,2241828195,от 0 до 3000,12.0,нет продаж 90 дн
oz_acc2,2241828223,Все,7.0,нет продаж 90 дн
oz_acc2,2241828223,от 0 до 3000,10.0,нет продаж 90 дн
oz_acc2,2241828243,Все,8.0,нет продаж 90 дн
oz_acc2,2241828243,от 0 до 3000,12.0,нет продаж 90 дн
oz_acc2,2241876543,Все,8.0,нет продаж 90 дн
oz_acc2,2241950632,Все,8.0,нет продаж 90 дн
oz_acc2,2241950799,10000-500000,12.0,нет продаж 90 дн
oz_acc2,2241950828,Все,8.0,нет продаж 90 дн
oz_acc2,2241950904,Все,8.0,нет продаж 90 дн
oz_acc2,2241950931,от 0 до 3000,12.0,нет маржи и нет продаж 90 дн
oz_acc2,2241950955,от 0 до 3000,12.0,нет продаж 90 дн
oz_acc2,2262637199,Все,8.0,нет продаж 90 дн
oz_acc2,2262637199,5000-10000,12.0,нет продаж 90 дн
oz_acc2,2262639221,Все,8.0,нет продаж 90 дн
oz_acc2,2262640403,Все,8.0,нет продаж 90 дн
oz_acc2,2262640913,Все,8.0,нет продаж 90 дн
oz_acc2,2262643221,Все,8.0,нет продаж 90 дн
oz_acc2,2334988665,Все,8.0,нет продаж 90 дн
oz_acc2,2374564378,Все,8.0,нет маржи и нет продаж 90 дн
oz_acc2,2374670636,Все,8.0,нет продаж 90 дн
oz_acc2,2375191724,Все,8.0,нет продаж 90 дн
oz_acc2,2375194693,Все,8.0,нет продаж 90 дн
oz_acc2,2431237577,Все,8.0,нет продаж 90 дн
oz_acc2,2431237577,10000-500000,12.0,нет продаж 90 дн
oz_acc2,2463098122,Все,8.0,нет продаж 90 дн
oz_acc2,2463098122,5000-10000,12.0,нет продаж 90 дн
oz_acc2,2463098122,10000-500000,12.0,нет продаж 90 дн
oz_acc2,2477586929,Все,8.0,нет продаж 90 дн
oz_acc2,2477602363,Все,8.0,нет продаж 90 дн
oz_acc2,2491456586,Все,8.0,нет продаж 90 дн
oz_acc2,2491456586,от 0 до 3000,12.0,нет продаж 90 дн
oz_acc2,2497456503,Все,8.0,нет продаж 90 дн
oz_acc2,2497456503,5000-10000,12.0,нет продаж 90 дн
oz_acc2,2497488197,Все,8.0,нет продаж 90 дн
oz_acc2,2497488197,5000-10000,12.0,нет продаж 90 дн
oz_acc2,2528021774,Все,8.0,нет продаж 90 дн
oz_acc2,2536571360,Все,8.0,нет продаж 90 дн
oz_acc2,2536571360,10000-500000,12.0,нет продаж 90 дн
oz_acc2,2544719528,Все,8.0,нет продаж 90 дн
oz_acc2,2545180428,Все,8.0,нет продаж 90 дн
oz_acc2,2545187100,Все,8.0,нет продаж 90 дн
oz_acc2,2545228941,Все,8.0,нет продаж 90 дн
oz_acc2,2557829675,10000-500000,12.0,нет маржи и нет продаж 90 дн
oz_acc2,2558268985,Все,8.0,нет продаж 90 дн
oz_acc2,2583051301,Все,8.0,нет продаж 90 дн
oz_acc2,2589261086,Все,8.0,нет продаж 90 дн
oz_acc2,2589261086,5000-10000,12.0,нет продаж 90 дн
oz_acc2,2595212883,Все,8.0,нет продаж 90 дн
oz_acc2,2595212883,от 0 до 3000,12.0,нет продаж 90 дн
oz_acc2,2601679633,Все,8.0,нет продаж 90 дн
oz_acc2,2601679633,5000-10000,12.0,нет продаж 90 дн
oz_acc2,2604582704,Все,8.0,нет маржи и нет продаж 90 дн
oz_acc2,2604839626,Все,8.0,нет продаж 90 дн
oz_acc2,2604841966,Все,8.0,нет продаж 90 дн
oz_acc2,2604912397,Все,8.0,нет продаж 90 дн
oz_acc2,2604912397,3000-5000,12.0,нет продаж 90 дн
oz_acc2,2605052526,Все,8.0,нет продаж 90 дн
oz_acc2,2605052526,3000-5000,12.0,нет продаж 90 дн
oz_acc2,2605145122,Все,8.0,нет продаж 90 дн
oz_acc2,2605145122,3000-5000,12.0,нет продаж 90 дн
oz_acc2,2605145122,от 0 до 3000,12.0,нет продаж 90 дн
oz_acc2,2605313131,Все,8.0,нет продаж 90 дн
oz_acc2,2609129263,Все,8.0,нет маржи и нет продаж 90 дн
oz_acc2,2609176553,Все,8.0,нет продаж 90 дн
oz_acc2,2609207064,Все,8.0,нет продаж 90 дн
oz_acc2,2609247804,Все,8.0,нет продаж 90 дн
oz_acc2,2611802788,Все,8.0,нет продаж 90 дн
oz_acc2,2611844475,Все,8.0,нет продаж 90 дн
oz_acc2,2615636179,Все,8.0,нет маржи и нет продаж 90 дн
oz_acc2,2615636179,от 0 до 3000,12.0,нет маржи и нет продаж 90 дн
oz_acc2,2615723678,Все,8.0,нет продаж 90 дн
oz_acc2,2615723678,5000-10000,12.0,нет продаж 90 дн
oz_acc2,2615833392,Все,8.0,нет продаж 90 дн
oz_acc2,2615833392,5000-10000,12.0,нет продаж 90 дн
oz_acc2,2616329327,Все,8.0,нет продаж 90 дн
oz_acc2,2616329327,3000-5000,12.0,нет продаж 90 дн
oz_acc2,2616389763,Все,8.0,нет продаж 90 дн
oz_acc2,2623808766,Все,8.0,нет продаж 90 дн
oz_acc2,2623912120,Все,8.0,нет продаж 90 дн
oz_acc2,2623914553,Все,8.0,нет продаж 90 дн
oz_acc2,2623939414,Все,8.0,нет продаж 90 дн
oz_acc2,2623972262,Все,8.0,нет продаж 90 дн
oz_acc2,2623997385,Все,8.0,нет продаж 90 дн
oz_acc2,2624472921,Все,8.0,нет продаж 90 дн
oz_acc2,2624474533,Все,8.0,нет продаж 90 дн
oz_acc2,2624478387,Все,8.0,нет продаж 90 дн
oz_acc2,2624485670,Все,8.0,нет продаж 90 дн
oz_acc2,2629934189,Все,8.0,нет продаж 90 дн
oz_acc2,2630878660,Все,8.0,нет продаж 90 дн
oz_acc2,2632490713,Все,8.0,нет продаж 90 дн
oz_acc2,2632728118,Все,8.0,нет продаж 90 дн
oz_acc2,2632788371,5000-10000,12.0,нет продаж 90 дн
oz_acc2,2633578230,Все,7.0,нет продаж 90 дн
oz_acc2,2633578230,от 0 до 3000,12.0,нет продаж 90 дн
oz_acc2,2633710653,Все,8.0,нет маржи и нет продаж 90 дн
oz_acc2,2633710653,от 0 до 3000,12.0,нет маржи и нет продаж 90 дн
oz_acc2,2636514809,Все,8.0,нет продаж 90 дн
oz_acc2,2675920044,Все,8.0,нет маржи и нет продаж 90 дн
oz_acc2,2677618567,Все,8.0,нет маржи и нет продаж 90 дн
oz_acc2,2695311840,Все,8.0,нет продаж 90 дн
oz_acc2,2695311840,10000-500000,12.0,нет продаж 90 дн
oz_acc2,2695535717,10000-500000,12.0,нет маржи и нет продаж 90 дн
oz_acc2,2695698774,Все,8.0,нет продаж 90 дн
oz_acc2,2695710241,Все,8.0,нет продаж 90 дн
oz_acc2,2695710241,3000-5000,12.0,нет продаж 90 дн
oz_acc2,2695740361,Все,8.0,нет продаж 90 дн
oz_acc2,2696372734,Все,8.0,нет продаж 90 дн
oz_acc2,2696372734,от 0 до 3000,12.0,нет продаж 90 дн
oz_acc2,2698069873,Все,8.0,нет продаж 90 дн
oz_acc2,2698232641,Все,8.0,нет продаж 90 дн
oz_acc2,2698232641,от 0 до 3000,12.0,нет продаж 90 дн
oz_acc2,2698246654,10000-500000,12.0,нет маржи и нет продаж 90 дн
oz_acc2,2698631674,Все,8.0,нет продаж 90 дн
oz_acc2,2698674405,10000-500000,12.0,нет маржи и нет продаж 90 дн
oz_acc2,2698872209,Все,8.0,нет продаж 90 дн
oz_acc2,2698880562,Все,8.0,нет продаж 90 дн
oz_acc2,2698887471,Все,8.0,нет продаж 90 дн
oz_acc2,2701299193,Все,8.0,нет продаж 90 дн
oz_acc2,2701299193,10000-500000,12.0,нет продаж 90 дн
oz_acc2,2708222856,Все,8.0,нет продаж 90 дн
oz_acc2,2708237966,Все,8.0,нет продаж 90 дн
oz_acc2,2712900840,Все,8.0,нет продаж 90 дн
oz_acc2,2716461069,Все,8.0,нет маржи и нет продаж 90 дн
oz_acc2,2716726645,Все,8.0,нет продаж 90 дн
oz_acc2,2718782695,Все,8.0,нет продаж 90 дн
oz_acc2,2735307180,Все,8.0,нет маржи и нет продаж 90 дн
oz_acc2,2736227245,Все,8.0,нет продаж 90 дн
oz_acc2,2736289784,Все,8.0,нет продаж 90 дн
oz_acc2,2736313065,Все,8.0,нет продаж 90 дн
oz_acc2,2736523588,Все,8.0,нет продаж 90 дн
oz_acc2,2736719020,Все,9.0,нет продаж 90 дн
oz_acc2,2736719020,от 0 до 3000,12.0,нет продаж 90 дн
oz_acc2,2736894506,Все,8.0,нет продаж 90 дн
oz_acc2,2736912382,Все,8.0,нет продаж 90 дн
oz_acc2,2736913587,Все,8.0,нет продаж 90 дн
oz_acc2,2736924638,Все,8.0,нет продаж 90 дн
oz_acc2,2737032100,Все,8.0,нет продаж 90 дн
oz_acc2,2737176265,Все,8.0,нет продаж 90 дн
oz_acc2,2737225549,Все,8.0,нет продаж 90 дн
oz_acc2,2737226171,Все,8.0,нет продаж 90 дн
oz_acc2,2737228860,Все,8.0,нет продаж 90 дн
oz_acc2,2737229682,Все,8.0,нет маржи и нет продаж 90 дн
oz_acc2,2737398756,Все,8.0,нет продаж 90 дн
oz_acc2,2737494902,3000-5000,12.0,нет продаж 90 дн
oz_acc2,2737495227,Все,8.0,нет продаж 90 дн
oz_acc2,2737495488,Все,8.0,нет продаж 90 дн
oz_acc2,2737498109,Все,8.0,нет продаж 90 дн
oz_acc2,2737583798,Все,8.0,нет продаж 90 дн
oz_acc2,2737699940,Все,8.0,нет продаж 90 дн
oz_acc2,2737701630,Все,8.0,нет маржи и нет продаж 90 дн
oz_acc2,2737702030,Все,8.0,нет продаж 90 дн
oz_acc2,2740528683,Все,8.0,нет маржи и нет продаж 90 дн
oz_acc2,2755725851,Все,8.0,нет продаж 90 дн
oz_acc2,2755725851,3000-5000,12.0,нет продаж 90 дн
oz_acc2,2755768390,Все,9.0,нет продаж 90 дн
oz_acc2,2755768390,5000-10000,13.0,нет продаж 90 дн
oz_acc2,2755770586,Все,8.0,нет продаж 90 дн
oz_acc2,2755781282,Все,8.0,нет продаж 90 дн
oz_acc2,2755825192,Все,8.0,нет продаж 90 дн
oz_acc2,2755925583,Все,8.0,нет маржи и нет продаж 90 дн
oz_acc2,2777048992,3000-5000,10.0,нет продаж 90 дн
oz_acc2,2777049951,Все,8.0,нет маржи и нет продаж 90 дн
oz_acc2,2777051597,Все,8.0,нет маржи и нет продаж 90 дн
oz_acc2,2780167557,Все,8.0,нет маржи и нет продаж 90 дн
oz_acc2,2780169731,Все,8.0,нет маржи и нет продаж 90 дн
oz_acc2,2780173484,Все,8.0,нет маржи и нет продаж 90 дн
oz_acc2,2780486747,Все,8.0,нет продаж 90 дн
oz_acc2,2781097048,Все,8.0,нет маржи и нет продаж 90 дн
oz_acc2,2781180407,Все,8.0,нет маржи и нет продаж 90 дн
oz_acc2,2781188513,Все,8.0,нет маржи и нет продаж 90 дн
oz_acc2,2781196840,10000-500000,12.0,нет маржи и нет продаж 90 дн
oz_acc2,2781379344,Все,8.0,нет продаж 90 дн
oz_acc2,2781382856,Все,8.0,нет маржи и нет продаж 90 дн
oz_acc2,2781382856,3000-5000,12.0,нет маржи и нет продаж 90 дн
oz_acc2,2781409723,10000-500000,12.0,нет маржи и нет продаж 90 дн
oz_acc2,2791127953,Все,8.0,нет продаж 90 дн
oz_acc2,2791127953,от 0 до 3000,12.0,нет продаж 90 дн
oz_acc2,2791143816,от 0 до 3000,12.0,нет продаж 90 дн
oz_acc2,2791145862,Все,8.0,нет продаж 90 дн
oz_acc2,2791145862,от 0 до 3000,12.0,нет продаж 90 дн
oz_acc2,2792815229,Все,8.0,нет продаж 90 дн
oz_acc2,2795275661,Все,8.0,нет продаж 90 дн
oz_acc2,2796523301,5000-10000,12.0,нет маржи и нет продаж 90 дн
oz_acc2,2797018055,от 0 до 3000,12.0,нет маржи и нет продаж 90 дн
oz_acc2,2803183780,Все,8.0,нет продаж 90 дн
oz_acc2,2804067744,Все,8.0,нет продаж 90 дн
oz_acc2,2804069448,Все,8.0,нет продаж 90 дн
oz_acc2,2804070972,Все,8.0,нет продаж 90 дн
oz_acc2,2804072206,Все,8.0,нет продаж 90 дн
oz_acc2,2804073527,Все,8.0,нет продаж 90 дн
oz_acc2,2806891169,Все,8.0,нет маржи и нет продаж 90 дн
oz_acc2,2833375172,Все,8.0,нет продаж 90 дн
oz_acc2,2833405707,Все,8.0,нет продаж 90 дн
oz_acc2,2833487268,Все,8.0,нет продаж 90 дн
oz_acc2,2833491167,Все,8.0,нет продаж 90 дн
oz_acc2,2837131426,Все,8.0,нет маржи и нет продаж 90 дн
oz_acc2,2837131426,3000-5000,12.0,нет маржи и нет продаж 90 дн
oz_acc2,2837131426,от 0 до 3000,12.0,нет маржи и нет продаж 90 дн
oz_acc2,2837791366,от 0 до 3000,12.0,нет продаж 90 дн
oz_acc2,2869458797,Все,8.0,нет маржи и нет продаж 90 дн
oz_acc2,2871094587,Все,7.0,нет продаж 90 дн
oz_acc2,2904518942,Все,8.0,нет маржи и нет продаж 90 дн
oz_acc2,2904545260,Все,8.0,нет продаж 90 дн
oz_acc2,2904570657,Все,8.0,нет продаж 90 дн
oz_acc2,2904571852,Все,8.0,нет продаж 90 дн
oz_acc2,2904579410,Все,8.0,нет продаж 90 дн
oz_acc2,2904650090,Все,8.0,нет продаж 90 дн
oz_acc2,2904650090,3000-5000,12.0,нет продаж 90 дн
oz_acc2,2904723897,Все,8.0,нет продаж 90 дн
oz_acc2,2923909892,Все,8.0,нет продаж 90 дн
oz_acc2,2923966591,Все,8.0,нет продаж 90 дн
oz_acc2,2923978418,Все,8.0,нет продаж 90 дн
oz_acc2,2929101292,от 0 до 3000,10.0,нет маржи и нет продаж 90 дн
oz_acc2,2936939095,Все,8.0,нет продаж 90 дн
oz_acc2,2936944675,Все,8.0,нет продаж 90 дн
oz_acc2,2936950968,Все,8.0,нет продаж 90 дн
oz_acc2,2937167829,Все,8.0,нет маржи и нет продаж 90 дн
oz_acc2,2942385937,Все,8.0,нет маржи и нет продаж 90 дн
oz_acc2,2942385937,от 0 до 3000,12.0,нет маржи и нет продаж 90 дн
oz_acc2,2947759362,Все,8.0,нет продаж 90 дн
oz_acc2,2947759362,от 0 до 3000,12.0,нет продаж 90 дн
oz_acc2,2952911663,Все,9.0,нет продаж 90 дн
oz_acc2,3001771914,Все,8.0,нет маржи и нет продаж 90 дн
oz_acc2,3001797891,Все,8.0,нет маржи и нет продаж 90 дн
oz_acc2,3001845054,Все,8.0,нет маржи и нет продаж 90 дн
oz_acc2,3006747298,Все,8.0,нет продаж 90 дн
oz_acc2,3067764834,Все,10.0,нет маржи и нет продаж 90 дн
oz_acc2,3067769855,Все,8.0,нет продаж 90 дн
oz_acc2,3067973847,Все,8.0,нет продаж 90 дн
oz_acc2,3067976206,Все,8.0,нет продаж 90 дн
oz_acc2,3067977261,Все,8.0,нет продаж 90 дн
oz_acc2,3068065891,Все,8.0,нет продаж 90 дн
oz_acc2,3068118553,от 0 до 3000,12.0,нет маржи и нет продаж 90 дн
oz_acc2,3087382711,Все,8.0,нет маржи и нет продаж 90 дн
oz_acc2,3087430391,Все,8.0,нет маржи и нет продаж 90 дн
oz_acc2,3087433218,Все,8.0,нет маржи и нет продаж 90 дн
oz_acc2,3087436033,Все,8.0,нет маржи и нет продаж 90 дн
oz_acc2,3087520507,Все,8.0,нет продаж 90 дн
oz_acc2,3087520507,от 0 до 3000,12.0,нет продаж 90 дн
oz_acc2,3118120595,от 0 до 3000,12.0,нет маржи и нет продаж 90 дн
oz_acc2,3118147432,от 0 до 3000,12.0,нет маржи и нет продаж 90 дн
oz_acc2,3158833224,Все,8.0,нет продаж 90 дн
oz_acc2,3200085243,Все,8.0,нет продаж 90 дн
oz_acc2,3209875268,Все,8.0,нет продаж 90 дн
oz_acc2,3223091279,Все,9.0,нет продаж 90 дн
oz_acc2,3223152395,Все,8.0,нет продаж 90 дн
oz_acc2,3223171128,Все,8.0,нет продаж 90 дн
oz_acc2,3245947301,Все,8.0,нет продаж 90 дн
oz_acc2,3245947552,Все,8.0,нет продаж 90 дн
oz_acc2,3245949601,Все,8.0,нет продаж 90 дн
oz_acc2,3245956471,Все,8.0,нет продаж 90 дн
oz_acc2,3245992531,Все,8.0,нет маржи и нет продаж 90 дн
oz_acc2,3248592885,Все,8.0,нет продаж 90 дн
oz_acc2,3248597182,Все,8.0,нет продаж 90 дн
oz_acc2,3248619681,Все,8.0,нет продаж 90 дн
oz_acc2,3260646487,Все,8.0,нет продаж 90 дн
oz_acc2,3260657421,Все,8.0,нет продаж 90 дн
oz_acc2,3260694869,Все,8.0,нет продаж 90 дн
oz_acc2,3260708414,Все,8.0,нет продаж 90 дн
oz_acc2,3260725511,Все,8.0,нет продаж 90 дн
oz_acc2,3271524299,Все,8.0,нет продаж 90 дн
oz_acc2,3279595123,Все,8.0,нет продаж 90 дн
oz_acc2,3279640971,Все,8.0,нет продаж 90 дн
oz_acc2,3279653055,Все,8.0,нет продаж 90 дн
oz_acc2,3333023172,Все,8.0,нет маржи и нет продаж 90 дн
oz_acc2,3385276636,Все,8.0,нет продаж 90 дн
oz_acc2,3452032215,Все,8.0,нет продаж 90 дн
oz_acc2,3452041892,Все,8.0,нет продаж 90 дн
oz_acc2,3452048027,Все,8.0,нет продаж 90 дн
oz_acc2,3487080068,Все,8.0,нет продаж 90 дн
oz_acc2,3490291041,Все,8.0,нет продаж 90 дн
oz_acc2,3492608224,Все,8.0,нет маржи и нет продаж 90 дн
oz_acc2,3492609447,Все,8.0,нет маржи и нет продаж 90 дн
oz_acc2,3492611713,Все,8.0,нет маржи и нет продаж 90 дн
oz_acc2,3492613584,Все,8.0,нет маржи и нет продаж 90 дн
oz_acc2,3492614427,Все,8.0,нет маржи и нет продаж 90 дн
oz_acc2,3495265713,Все,8.0,нет продаж 90 дн
oz_acc2,3495267689,Все,8.0,нет продаж 90 дн
oz_acc2,3495303562,Все,8.0,нет продаж 90 дн
oz_acc2,3497217406,Все,8.0,нет продаж 90 дн
oz_acc2,3521504003,Все,8.0,нет продаж 90 дн
oz_acc2,3521533289,Все,8.0,нет маржи и нет продаж 90 дн
oz_acc2,3521680318,Все,8.0,нет продаж 90 дн
oz_acc2,3574049272,Все,8.0,нет продаж 90 дн
oz_acc2,3574066629,Все,8.0,нет продаж 90 дн
oz_acc2,3574067563,Все,8.0,нет продаж 90 дн
oz_acc2,3574069124,Все,9.0,нет продаж 90 дн
oz_acc2,3574072363,Все,8.0,нет продаж 90 дн
oz_acc2,3574089023,Все,8.0,нет продаж 90 дн
oz_acc2,3574091876,Все,8.0,нет продаж 90 дн
oz_acc2,3574093456,Все,8.0,нет продаж 90 дн
oz_acc2,3574098607,Все,8.0,нет продаж 90 дн
oz_acc2,3574099658,Все,8.0,нет продаж 90 дн
oz_acc2,3577552030,Все,8.0,нет продаж 90 дн
oz_acc2,3577558485,Все,8.0,нет продаж 90 дн
oz_acc2,3577570772,Все,8.0,нет продаж 90 дн
oz_acc2,3579576148,Все,8.0,нет продаж 90 дн
oz_acc2,3579593709,Все,8.0,нет продаж 90 дн
oz_acc2,3580281903,Все,8.0,нет продаж 90 дн
oz_acc2,3584279620,Все,8.0,нет продаж 90 дн
oz_acc2,3584689879,Все,8.0,нет продаж 90 дн
oz_acc2,3584691274,Все,8.0,нет продаж 90 дн
oz_acc2,3584692124,Все,8.0,нет продаж 90 дн
oz_acc2,3584697064,Все,8.0,нет продаж 90 дн
oz_acc2,3590242233,Все,8.0,нет маржи и нет продаж 90 дн
oz_acc2,3590242769,Все,8.0,нет маржи и нет продаж 90 дн
oz_acc2,3590246044,Все,8.0,нет маржи и нет продаж 90 дн
oz_acc2,3590246852,Все,8.0,нет продаж 90 дн
oz_acc2,3590247416,Все,8.0,нет продаж 90 дн
oz_acc2,3590355707,Все,8.0,нет маржи и нет продаж 90 дн
oz_acc2,3590358566,Все,8.0,нет продаж 90 дн
oz_acc2,3593833768,Все,8.0,нет продаж 90 дн
oz_acc2,3618230819,Все,8.0,нет продаж 90 дн
oz_acc2,3618230910,Все,8.0,нет продаж 90 дн
oz_acc2,3618231180,Все,8.0,нет продаж 90 дн
oz_acc2,3618234684,Все,8.0,нет продаж 90 дн
oz_acc2,3618243705,Все,8.0,нет продаж 90 дн
oz_acc2,3618249936,Все,8.0,нет продаж 90 дн
oz_acc2,3618250870,Все,8.0,нет продаж 90 дн
oz_acc2,3618258059,Все,8.0,нет продаж 90 дн
oz_acc2,3618258632,Все,8.0,нет продаж 90 дн
oz_acc2,3618270638,Все,8.0,нет продаж 90 дн
oz_acc2,3627910667,Все,8.0,нет маржи и нет продаж 90 дн
oz_acc2,3632071162,Все,8.0,нет продаж 90 дн
oz_acc2,3642912336,Все,8.0,нет маржи и нет продаж 90 дн
oz_acc2,3651672069,Все,8.0,нет продаж 90 дн
oz_acc2,3651689821,Все,8.0,нет продаж 90 дн
oz_acc2,3652017001,Все,8.0,нет продаж 90 дн
oz_acc2,3652104438,Все,8.0,нет продаж 90 дн
oz_acc2,3652189474,Все,8.0,нет продаж 90 дн
oz_acc2,3655051058,Все,8.0,нет продаж 90 дн
oz_acc2,3655927044,Все,8.0,нет маржи и нет продаж 90 дн
oz_acc2,3656239778,Все,8.0,нет продаж 90 дн
oz_acc2,3665094577,Все,8.0,нет маржи и нет продаж 90 дн
oz_acc2,3665095643,Все,8.0,нет маржи и нет продаж 90 дн
oz_acc2,3665096721,Все,8.0,нет продаж 90 дн
oz_acc2,3665097096,Все,8.0,нет маржи и нет продаж 90 дн
oz_acc2,3665124593,Все,8.0,нет маржи и нет продаж 90 дн
oz_acc2,3665125026,Все,8.0,нет маржи и нет продаж 90 дн
oz_acc2,3665126462,Все,8.0,нет маржи и нет продаж 90 дн
oz_acc2,3665127838,Все,8.0,нет маржи и нет продаж 90 дн
oz_acc2,3665127848,Все,8.0,нет маржи и нет продаж 90 дн
oz_acc2,3665128365,Все,8.0,нет маржи и нет продаж 90 дн
oz_acc2,3673777338,Все,8.0,нет маржи и нет продаж 90 дн
oz_acc2,3709307701,Все,8.0,нет продаж 90 дн
oz_acc2,3709872306,Все,8.0,нет продаж 90 дн
oz_acc2,3715036970,Все,8.0,нет продаж 90 дн
oz_acc2,3715104654,Все,8.0,нет продаж 90 дн
oz_acc2,3715457582,Все,8.0,нет продаж 90 дн
oz_acc2,3715692170,Все,9.0,нет продаж 90 дн
oz_acc2,3715715101,Все,8.0,нет продаж 90 дн
oz_acc2,3715985855,Все,8.0,нет продаж 90 дн
oz_acc2,3715988387,Все,8.0,нет продаж 90 дн
oz_acc2,3730117632,Все,8.0,нет продаж 90 дн
oz_acc2,3730123382,Все,8.0,нет продаж 90 дн
oz_acc2,3730124075,Все,8.0,нет продаж 90 дн
oz_acc2,3730126186,Все,8.0,нет продаж 90 дн
oz_acc2,3730128269,Все,8.0,нет продаж 90 дн
oz_acc2,3730130488,Все,8.0,нет продаж 90 дн
oz_acc2,3730132508,Все,8.0,нет продаж 90 дн
oz_acc2,3730135245,Все,8.0,нет продаж 90 дн
oz_acc2,3759382577,Все,8.0,нет продаж 90 дн
oz_acc2,3772104182,Все,8.0,нет продаж 90 дн
oz_acc2,3772558331,Все,8.0,нет продаж 90 дн
oz_acc2,3772722408,Все,8.0,нет продаж 90 дн
oz_acc2,3778669428,Все,8.0,нет продаж 90 дн
oz_acc2,3780076650,Все,7.0,нет продаж 90 дн
oz_acc2,3783054142,Все,8.0,нет продаж 90 дн
oz_acc2,3784602253,Все,8.0,нет продаж 90 дн
