sku,offer_id,name,campaign,bid_now,qty_180d,revenue_180d,qty_90d,ad_spend_july,ad_revenue_july,organic_pct,ceiling,margin_pct,bid_new,group
1510947813,5378,"Картриджи 069H для принтеров Canon i-SENSYS LBP-673Cdw, MF75",от 10000 до 500 тыс,27.83,207,3031616,108,1701,195352,43.0,316.4,27.9,60,A. реклама тянет
1510947813,5378,"Картриджи 069H для принтеров Canon i-SENSYS LBP-673Cdw, MF75",Эксперимент1,23.1,207,3031616,108,3891,135662,43.0,316.4,27.9,60,A. реклама тянет
2509753251,6282,"Картриджи C-EXV65 для принтеров Canon imageRUNNER C3326, iR ",от 10000 до 500 тыс,24.2,92,1817122,57,478,186939,42.0,495.1,28.8,60,A. реклама тянет
2509753251,6282,"Картриджи C-EXV65 для принтеров Canon imageRUNNER C3326, iR ",Эксперимент1,13.2,92,1817122,57,284,21969,42.0,495.1,28.8,40,A. реклама тянет
2509753251,6282,"Картриджи C-EXV65 для принтеров Canon imageRUNNER C3326, iR ",Пустые РК,16.5,92,1817122,57,0,0,42.0,495.1,28.8,50,A. реклама тянет
1547263981,5422,"Картриджи 067H с чипом для принтеров Canon LBP631CW, LBP633C",от 10000 до 500 тыс,24.2,121,1273042,60,2606,119963,46.0,241.2,29.9,60,A. реклама тянет
1547263981,5422,"Картриджи 067H с чипом для принтеров Canon LBP631CW, LBP633C",Эксперимент1,23.1,121,1273042,60,3179,33621,46.0,241.2,29.9,60,A. реклама тянет
1719404303,5624,Картриджи TK-5370 для принтеров Kyocera ECOSYS MA3500cifx,от 10000 до 500 тыс,22.0,99,1200830,63,6,0,61.0,249.6,26.7,60,B. продаёт сама
1719404303,5624,Картриджи TK-5370 для принтеров Kyocera ECOSYS MA3500cifx,Эксперимент1,49.5,99,1200830,63,6855,120188,61.0,249.6,26.7,60,B. продаёт сама
1760686645,5771,Картриджи W2300X-W2303X для принтеров HP Color LaserJet Pro ,Вне РК — спрос без рекламы (08.08),15.0,71,1070878,51,0,0,100.0,448.9,28.6,45,B. продаёт сама
870872516,2415,"Картриджи TK-8115 для принтеров Kyocera Ecosys M8124cidn, M8",Эксперимент1,27.5,107,1035114,60,2747,142081,37.0,210.6,26.0,60,A. реклама тянет
870872516,2415,"Картриджи TK-8115 для принтеров Kyocera Ecosys M8124cidn, M8",от 5000 до 10000,25.3,107,1035114,60,144,0,37.0,210.6,26.0,60,A. реклама тянет
1716070006,5443,Картриджи LC-472XLBK - LC-472XLY для принтеров Brother MFC-J,Вне РК — спрос без рекламы (08.08),15.0,97,1017572,58,0,0,100.0,115.6,30.8,40,B. продаёт сама
2414969106,5629,Картриджи TK-5380 для принтеров Kyocera ECOSYS MA4000cifx,Пустые РК,17.6,57,848218,47,1076,228686,28.0,536.9,20.5,53,A. реклама тянет
863431676,0368,"Картриджи CE740A-CE743A для принтеров HP LaserJet CP5220, LJ",от 10000 до 500 тыс,16.5,30,834702,14,516,35706,49.0,993.2,33.4,50,A. реклама тянет
907612978,3913,Картриджи W2030A-W2033A (№415A) для принтеров HP Color Laser,Эксперимент1,15.4,77,712173,41,788,9136,76.0,197.8,27.3,46,B. продаёт сама
863386567,2306,"Картриджи 045H для принтеров Canon i-SENSYS LBP-611, LBP613,",Эксперимент1,15.4,81,695714,32,416,0,33.0,106.2,30.9,37,A. реклама тянет
863386567,2306,"Картриджи 045H для принтеров Canon i-SENSYS LBP-611, LBP613,",от 5000 до 10000,24.2,81,695714,32,1123,38859,33.0,106.2,30.9,37,A. реклама тянет
1261464375,4838,"Картриджи 712 для принтеров HP DesignJet Studio, DJ Studio S",от 10000 до 500 тыс,24.2,38,666317,29,2174,176711,19.0,689.6,36.6,60,A. реклама тянет
653303752,10325,"Картридж для Panasonic KX-MB1500, KX-MB1501, KX MB1507, KXMB",Эксперимент1,15.4,136,551578,12,2355,45572,0.0,132.9,30.3,46,A. реклама тянет
930613826,0756,Картриджи CE410A-CE413A для принтеров HP Color LaserJet Pro ,от 5000 до 10000,13.2,93,529331,48,387,34966,29.0,265.7,31.7,40,A. реклама тянет
930613826,0756,Картриджи CE410A-CE413A для принтеров HP Color LaserJet Pro ,Эксперимент1,8.8,93,529331,48,441,14920,29.0,265.7,31.7,26,A. реклама тянет
863386191,3435,"Картриджи TN-217 для принтеров Brother DCP-L3550CDW, HL-L323",Эксперимент1,45.0,89,494306,31,7215,74812,23.0,173.6,29.5,60,A. реклама тянет
863388173,0005,Картриджи CLT-404S для принтеров samsung xpress sl-c430/c480,от 5000 до 10000,15.4,69,485943,26,652,59390,22.0,91.9,31.5,32,A. реклама тянет
863388173,0005,Картриджи CLT-404S для принтеров samsung xpress sl-c430/c480,Эксперимент1,11.0,69,485943,26,277,0,22.0,91.9,31.5,32,A. реклама тянет
864225717,1283,Картриджи CF410A-CF413A для принтеров HP LJ Color Pro M377dw,от 5000 до 10000,24.2,55,479894,40,1293,81149,13.0,208.2,28.8,60,A. реклама тянет
864225717,1283,Картриджи CF410A-CF413A для принтеров HP LJ Color Pro M377dw,Эксперимент1,16.5,55,479894,40,799,49542,13.0,208.2,28.8,50,A. реклама тянет
866443793,2156,Картриджи CF540A-CF543A для принтеров HP LaserJet Pro Color ,Эксперимент1,13.2,63,462134,37,1280,123866,15.0,184.9,29.6,40,A. реклама тянет
874375708,4278,Картриджи W2410A-W2413A для принтеров HP Color LaserJet Pro ,от 5000 до 10000,15.4,43,417576,23,950,46357,62.0,86.7,27.3,30,B. продаёт сама
1719319666,5634,Картриджи TK-5440 для принтеров Kyocera ECOSYS MA2100cfx,от 5000 до 10000,25.3,82,399081,56,1759,45900,52.0,80.3,35.5,28,A. реклама тянет
3557210726,6851,"Картридж 40STB15 для принтеров F+ Imaging M40adn, M40adn20, ",Эксперимент1,9.9,22,386489,8,106,0,,433.5,26.4,30,C. в июле не продавалась
863390858,3621,"Картриджи 731 для принтеров Canon i-SENSYS LBP-7100Cn, LBP 7",Эксперимент1,8.8,48,384496,8,21,0,66.0,118.5,33.6,26,B. продаёт сама
863390858,3621,"Картриджи 731 для принтеров Canon i-SENSYS LBP-7100Cn, LBP 7",от 5000 до 10000,13.2,48,384496,8,121,9552,66.0,118.5,33.6,40,B. продаёт сама
870872512,2240,"Картриджи TN-241-TN-245 для принтеров Brother DCP-9020cdw, H",от 5000 до 10000,22.0,65,373515,36,187,13148,30.0,175.3,30.5,60,A. реклама тянет
870872512,2240,"Картриджи TN-241-TN-245 для принтеров Brother DCP-9020cdw, H",Эксперимент1,15.4,65,373515,36,408,24710,30.0,175.3,30.5,46,A. реклама тянет
863418800,4214,Картриджи W2210X-W2213X (HP 207X) с чипом для принтеров HP P,от 10000 до 500 тыс,13.2,32,335995,16,376,42975,50.0,227.6,27.6,40,A. реклама тянет
1665073081,5544,"Фотобарабан DR-421CL для принтеров Brother DCP-L8410CDW, HL-",от 10000 до 500 тыс,16.5,20,323716,6,46,21497,0.0,449.0,26.1,50,A. реклама тянет
1665073081,5544,"Фотобарабан DR-421CL для принтеров Brother DCP-L8410CDW, HL-",Эксперимент1,9.9,20,323716,6,18,0,0.0,449.0,26.1,30,A. реклама тянет
930617217,2392,"Картриджи TN-423 для принтеров brother dcp-l8410cdw, brother",Эксперимент1,9.9,48,315582,14,83,0,49.0,188.8,28.5,30,A. реклама тянет
930617217,2392,"Картриджи TN-423 для принтеров brother dcp-l8410cdw, brother",от 5000 до 10000,23.1,48,315582,14,187,8267,49.0,188.8,28.5,60,A. реклама тянет
1339739383,5364,"Картриджи 729 для принтеров Canon i-SENSYS LBP7010C, LBP7018",от 2000 до 5000,16.5,72,296323,15,199,5870,46.0,54.8,26.1,19,A. реклама тянет
1339739383,5364,"Картриджи 729 для принтеров Canon i-SENSYS LBP7010C, LBP7018",Эксперимент1,9.9,72,296323,15,165,4383,46.0,54.8,26.1,19,A. реклама тянет
870872440,2404,"Картриджи TK-5270 для принтеров Kyocera EcoSys M6230cidn, M6",от 5000 до 10000,19.8,33,294968,24,340,28924,62.0,233.1,29.3,59,B. продаёт сама
870872440,2404,"Картриджи TK-5270 для принтеров Kyocera EcoSys M6230cidn, M6",Эксперимент1,14.3,33,294968,24,105,9334,62.0,233.1,29.3,43,B. продаёт сама
2510033633,6283,"Картриджи 006R04395-006R04398 для принтеров Xerox C230, C235",от 10000 до 500 тыс,13.2,4,273714,2,346,0,,1047.7,23.6,40,C. в июле не продавалась
1261629356,5148,Фотобарабаны 44844469 - 44844472 для принтеров OKI Data MC85,от 10000 до 500 тыс,13.2,6,272363,4,7,0,,1511.8,23.3,40,C. в июле не продавалась
1771578083,5723,"Картриджи 006R04368-006R04371 для принтеров Xerox C310, C315",от 10000 до 500 тыс,17.6,23,271861,13,299,57190,0.0,317.2,28.3,53,A. реклама тянет
1771578083,5723,"Картриджи 006R04368-006R04371 для принтеров Xerox C310, C315",Эксперимент1,8.8,23,271861,13,50,0,0.0,317.2,28.3,26,A. реклама тянет
874374114,4312,Картриджи TN-328K-TN-328C для принтеров Konica Minolta Bizhu,от 10000 до 500 тыс,17.6,13,265274,8,717,77011,0.0,441.0,26.2,53,A. реклама тянет
874374114,4312,Картриджи TN-328K-TN-328C для принтеров Konica Minolta Bizhu,Эксперимент1,8.8,13,265274,8,27,0,0.0,441.0,26.2,26,A. реклама тянет
870872764,2887,"Картриджи C-EXV49 для принтеров Canon iR Advance C3320, iR A",от 10000 до 500 тыс,15.4,18,261646,17,136,52371,26.0,357.2,26.4,46,A. реклама тянет
863385336,1214,"Картриджи TK-895 для принтеров Kyocera FS-C8020MFP, FS C8025",Эксперимент1,12.1,28,260346,18,273,66656,38.0,278.1,27.1,36,A. реклама тянет
1716763459,4650,Картриджи TK-8545 для принтеров Kyocera TASKalfa 4054ci,от 10000 до 500 тыс,13.2,9,255845,2,27,0,,695.2,26.4,40,C. в июле не продавалась
1469084054,5418,"Картридж 067H Bk для принтеров Canon i-SENSYS LBP633Cdw, LBP",от 2000 до 5000,24.2,73,253549,40,149,0,100.0,119.6,35.3,42,B. продаёт сама
1469084054,5418,"Картридж 067H Bk для принтеров Canon i-SENSYS LBP633Cdw, LBP",Эксперимент1,16.5,73,253549,40,174,0,100.0,119.6,35.3,42,B. продаёт сама
1432017435,4751,Картриджи PG-460XL-CL-461XL для принтеров canon pixma mg5740,Вне РК — спрос без рекламы (08.08),15.0,21,253196,9,0,0,100.0,289.6,29.5,45,B. продаёт сама
930625989,2642,"Картриджи TN-324 для принтеров Konica Minolta Bizhub C258, B",Эксперимент1,8.8,18,250244,14,84,0,43.0,326.3,22.6,26,A. реклама тянет
930625989,2642,"Картриджи TN-324 для принтеров Konica Minolta Bizhub C258, B",от 10000 до 500 тыс,16.5,18,250244,14,323,70277,43.0,326.3,22.6,50,A. реклама тянет
870872394,2287,"Картриджи CLT-406S для принтеров samsung clp-360, samsung cl",Эксперимент1,8.8,34,249985,4,234,10680,58.0,178.7,29.2,26,A. реклама тянет
930616806,2409,"Картриджи TK-5280 для принтеров Kyocera Ecosys M6235cidn, M6",Вне РК — спрос без рекламы (08.08),15.0,22,236857,7,0,0,100.0,171.3,28.0,45,B. продаёт сама
2994100339,5374,"Картридж 069H для принтеров Canon i-SENSYS LBP673Cdw, MF752C",Вне РК — спрос без рекламы (08.08),15.0,43,233606,26,0,0,100.0,61.5,31.1,22,B. продаёт сама
1759807965,5767,"Картридж для HP Color LaserJet Pro MFP 4303fdw, 4303dw, 4203",Эксперимент1,16.5,45,229280,18,121,0,42.0,80.4,32.4,28,A. реклама тянет
1759807965,5767,"Картридж для HP Color LaserJet Pro MFP 4303fdw, 4303dw, 4203",от 2000 до 5000,24.2,45,229280,18,555,19289,42.0,80.4,32.4,28,A. реклама тянет
1852062768,5807,Картридж C-EXV65K для принтеров Canon iR-C3226i черный,от 5000 до 10000,22.0,29,223533,23,135,48538,31.0,91.8,33.6,32,A. реклама тянет
870872605,2637,"Картриджи TN-221 для принтеров Konica Minolta Bizhub C227, B",от 10000 до 500 тыс,13.2,15,220534,10,201,191885,0.0,357.3,25.1,40,A. реклама тянет
930609259,0718,"Картриджи 718 для принтеров Canon i-SENSYS LBP7200Cdn, LBP72",Эксперимент1,8.8,23,218502,13,175,21757,61.0,278.0,32.7,26,B. продаёт сама
1510950358,5388,"Картриджи 055H для принтеров Canon i-SENSYS LBP-662, LBP 663",Эксперимент1,8.8,18,213301,12,92,27288,32.0,366.0,35.1,26,A. реклама тянет
873314216,3673,Картриджи 106R03765-106R03768 для принтеров Xerox VersaLink ,от 10000 до 500 тыс,13.2,17,212288,4,0,0,,300.1,27.5,40,C. в июле не продавалась
873314216,3673,Картриджи 106R03765-106R03768 для принтеров Xerox VersaLink ,Эксперимент1,8.8,17,212288,4,19,0,,300.1,27.5,26,C. в июле не продавалась
863384426,0006,"Картриджи 731 для принтеров Canon i-SENSYS LBP-7100Cn, LBP 7",от 5000 до 10000,13.2,25,203766,9,224,19487,52.0,68.1,21.4,24,A. реклама тянет
1548617449,5439,"Картридж LC-472XL BK для принтеров Brother MFC-J2340DW, MFC ",от 2000 до 5000,25.3,48,199601,28,654,4557,51.0,156.3,36.7,55,A. реклама тянет
870872492,2187,"Картриджи №953XL для принтеров HP OfficeJet Pro 7720, Office",Вне РК — спрос без рекламы (08.08),15.0,38,193611,7,0,0,100.0,62.7,29.9,22,B. продаёт сама
3681638376,4147,"Картриджи №963XL для принтеров HP OfficeJet Pro 9010, Office",Эксперимент1,8.8,16,182873,8,117,45140,36.0,275.6,24.9,26,A. реклама тянет
873319626,4124,"Картриджи PFI-320 для принтеров Canon iPF TM-200, iPF TM 205",Эксперимент1,9.9,4,182792,3,45,0,100.0,977.2,23.6,30,B. продаёт сама
873319626,4124,"Картриджи PFI-320 для принтеров Canon iPF TM-200, iPF TM 205",от 10000 до 500 тыс,14.3,4,182792,3,147,0,100.0,977.2,23.6,43,B. продаёт сама
930623091,2246,"Картриджи CE340A-CE343A для принтеров HP LJ 700 M775dn, M775",от 10000 до 500 тыс,14.3,5,182143,4,5,45066,49.0,779.8,22.6,43,A. реклама тянет
930623091,2246,"Картриджи CE340A-CE343A для принтеров HP LJ 700 M775dn, M775",Эксперимент1,9.9,5,182143,4,40,0,49.0,779.8,22.6,30,A. реклама тянет
873313644,3584,"Картриджи PFI-107 для принтеров Canon iPF-670, iPF680",Эксперимент1,11.0,10,181058,3,74,0,,481.5,26.3,33,C. в июле не продавалась
873313644,3584,"Картриджи PFI-107 для принтеров Canon iPF-670, iPF680",от 10000 до 500 тыс,16.5,10,181058,3,21,0,,481.5,26.3,50,C. в июле не продавалась
863431671,0358,Картриджи Q6000A-Q6003A для принтеров HP Color LaserJet 1600,от 10000 до 500 тыс,13.2,9,179941,7,765,65172,0.0,415.9,25.2,40,A. реклама тянет
930631319,2983,Картриджи 106R03745-106R03748 для принтеров Xerox VersaLink ,Эксперимент1,8.8,11,179590,4,50,45644,0.0,456.2,25.2,26,A. реклама тянет
930621173,2769,"Картриджи TK-8345 для принтеров Kyocera TASKalfa 2552ci, TAS",Эксперимент1,12.1,13,178320,6,175,0,100.0,420.4,26.3,36,B. продаёт сама
873319928,3807,"Картриджи W2120X-W2123X для принтеров HP Color LJ M554 dn, L",Эксперимент1,9.9,13,175755,5,14,0,100.0,307.9,26.2,30,B. продаёт сама
873319928,3807,"Картриджи W2120X-W2123X для принтеров HP Color LJ M554 dn, L",от 10000 до 500 тыс,16.5,13,175755,5,54,0,100.0,307.9,26.2,50,B. продаёт сама
2536598937,6297,"Картриджи BPGT20BA-BPGT20YA для принтеров Sharp BP-10C20EU, ",Эксперимент1,11.0,9,173082,7,0,0,100.0,617.0,26.2,33,B. продаёт сама
2536598937,6297,"Картриджи BPGT20BA-BPGT20YA для принтеров Sharp BP-10C20EU, ",от 10000 до 500 тыс,14.3,9,173082,7,48,0,100.0,617.0,26.2,43,B. продаёт сама
874377496,4226,"Фотобарабан DR-241CL DU для принтеров Brother DCP-9020cdw, H",Эксперимент1,11.0,64,169954,14,56,0,,88.9,32.6,31,C. в июле не продавалась
1658970308,5521,"Картридж для Canon i-SENSYS MF275dw, LBP120, LBP122dw, MF270",от 2000 до 5000,19.8,73,166839,24,0,0,82.0,68.1,24.0,24,B. продаёт сама
863431665,0371,"Картриджи CE320A-CE323A для принтеров cm1415fn, cp1525n",Эксперимент1,8.8,19,161973,6,98,0,100.0,207.5,27.4,26,B. продаёт сама
863431665,0371,"Картриджи CE320A-CE323A для принтеров cm1415fn, cp1525n",от 5000 до 10000,13.2,19,161973,6,26,0,100.0,207.5,27.4,40,B. продаёт сама
1611110080,5500,"Картриджи 842451 - 842454 для принтеров Ricoh IM C2500, IM-C",от 10000 до 500 тыс,14.3,13,156452,12,293,39073,41.0,504.1,26.8,43,A. реклама тянет
1611110080,5500,"Картриджи 842451 - 842454 для принтеров Ricoh IM C2500, IM-C",Эксперимент1,9.9,13,156452,12,164,0,41.0,504.1,26.8,30,A. реклама тянет
930623001,3208,Картриджи CF360A-CF363A для принтеров HP Color LaserJet Ente,Вне РК — спрос без рекламы (08.08),15.0,9,154696,3,0,0,100.0,210.3,26.3,45,B. продаёт сама
1851963195,5824,"Фотобарабан W2004A для принтеров HP Color LJ M751, LJ M776 ч",Эксперимент1,11.0,14,153046,5,72,12405,0.0,266.4,27.0,33,A. реклама тянет
1851963195,5824,"Фотобарабан W2004A для принтеров HP Color LJ M751, LJ M776 ч",от 10000 до 500 тыс,15.4,14,153046,5,14,0,0.0,266.4,27.0,46,A. реклама тянет
2909396923,6612,Фотобарабан + картридж DR-421CL+TN-423 для принтеров Brother,от 10000 до 500 тыс,15.4,6,152610,4,6,0,100.0,576.3,25.3,46,B. продаёт сама
1659417880,5530,"Картридж W1510X для принтеров HP LaserJet Pro 4003dn, LJ Pro",от 2000 до 5000,15.4,48,151060,43,0,0,,118.0,30.7,41,C. в июле не продавалась
1659417880,5530,"Картридж W1510X для принтеров HP LaserJet Pro 4003dn, LJ Pro",Эксперимент1,9.9,48,151060,43,8,0,,118.0,30.7,30,C. в июле не продавалась
930623630,3216,"Картриджи TN-421 для принтеров Brother DCP-L8410CDW, HL-L826",Эксперимент1,8.8,22,150497,14,130,32615,21.0,191.6,29.7,26,A. реклама тянет
874374172,4289,Фотобарабан 108R01148 DU для принтеров Xerox Phaser 7100 цве,Эксперимент1,8.8,10,149248,3,28,0,100.0,393.2,26.5,26,B. продаёт сама
870872374,2280,Картриджи CF530A-CF533A для принтеров hp color laserjet pro ,Вне РК — спрос без рекламы (08.08),15.0,19,148886,10,0,0,100.0,104.9,28.6,37,B. продаёт сама
873313112,3641,"Фотобарабан CF257A для принтеров HP LaserJet M433, LJ M436 ч",от 10000 до 500 тыс,14.3,9,147313,5,113,19150,45.0,606.9,39.2,43,A. реклама тянет
864225280,0898,"Картриджи 655 для принтеров HP DeskJet Ink Advantage 4625, D",Эксперимент1,8.8,69,144136,23,572,5334,43.0,83.0,35.2,26,A. реклама тянет
930623521,2286,Картриджи 106R01634-106r01631 для принтеров Xerox Phaser 600,Вне РК — спрос без рекламы (08.08),15.0,39,143816,3,0,0,,66.5,31.8,23,C. в июле не продавалась
930608530,2305,"Картриджи 046H для принтеров Canon i-SENSYS LBP MF730, LBPMF",Вне РК — спрос без рекламы (08.08),15.0,12,138171,4,0,0,100.0,152.8,27.8,45,B. продаёт сама
873319974,3877,"Картриджи C250 для принтеров Ricoh M-C250FWB, P-C300W",от 10000 до 500 тыс,14.3,5,136623,4,119,0,100.0,505.8,24.8,43,B. продаёт сама
1692504266,5621,Картридж TK-5370K для принтеров Kyocera ECOSYS MA3500cifx че,Эксперимент1,11.0,38,136171,13,32,0,73.0,121.3,32.7,33,B. продаёт сама
1692504266,5621,Картридж TK-5370K для принтеров Kyocera ECOSYS MA3500cifx че,от 2000 до 5000,13.2,38,136171,13,10,4365,73.0,121.3,32.7,40,B. продаёт сама
874373881,4485,Картриджи CTL-1100XK - CTL-1100XY,Эксперимент1,8.8,11,134244,4,39,0,100.0,280.1,27.8,26,B. продаёт сама
1153912581,3909,"Картридж W2030A для принтеров HP Color LaserJet M454dn, LJ P",Эксперимент1,14.3,34,133793,18,21,0,100.0,112.8,34.7,39,B. продаёт сама
1153912581,3909,"Картридж W2030A для принтеров HP Color LaserJet M454dn, LJ P",от 2000 до 5000,22.0,34,133793,18,44,0,100.0,112.8,34.7,39,B. продаёт сама
1794242726,5725,"Картридж THM130 для принтеров Катюша M130, P130 черный",от 2000 до 5000,13.2,33,130712,32,48,127438,0.0,112.3,30.7,39,A. реклама тянет
930641678,2638,Картридж TN-324BK для принтеров Konica Minolta и Bizhub C258,от 2000 до 5000,17.6,31,127258,19,19,0,100.0,67.8,34.5,24,B. продаёт сама
930641678,2638,Картридж TN-324BK для принтеров Konica Minolta и Bizhub C258,Эксперимент1,14.3,31,127258,19,96,0,100.0,67.8,34.5,24,B. продаёт сама
2538825013,4858,Фотобарабаны 108R01481-108R01484 для принтеров Xerox VersaLi,от 10000 до 500 тыс,16.5,3,125615,1,22,0,,845.5,23.6,50,C. в июле не продавалась
1769170436,5731,"Фотобарабан DK-3180 для принтеров Kyocera EcoSys M3145idn, M",Эксперимент1,9.9,4,123919,1,9,0,,638.2,23.2,30,C. в июле не продавалась
1769170436,5731,"Фотобарабан DK-3180 для принтеров Kyocera EcoSys M3145idn, M",от 10000 до 500 тыс,14.3,4,123919,1,0,0,,638.2,23.2,43,C. в июле не продавалась
874373546,4480,"Картридж W9025MC для принтеров HP LaserJet E72425, LJ E72430",Эксперимент1,13.2,10,119309,3,8,27414,34.0,311.9,28.0,40,A. реклама тянет
863431732,0375,"Картриджи 716 для принтеров Canon i-SENSYS LBP-5050, MF-8030",Эксперимент1,8.8,16,119012,2,111,5071,0.0,52.5,29.9,18,A. реклама тянет
870872414,2266,"Картриджи TK-590 для принтеров m6026cdn, kyocera m6526cdn",Эксперимент1,8.8,12,118830,9,17,27518,0.0,431.4,37.2,26,A. реклама тянет
870872414,2266,"Картриджи TK-590 для принтеров m6026cdn, kyocera m6526cdn",от 5000 до 10000,13.2,12,118830,9,29,9138,0.0,431.4,37.2,40,A. реклама тянет
1153791300,2960,"Фотобарабан C-EXV33 DU для принтеров Canon ImageRunner 2520,",от 10000 до 500 тыс,13.2,11,115682,3,11,0,,261.0,27.8,40,C. в июле не продавалась
930626149,3118,"Картриджи LC-665XL-669XL для принтеров Brother MFC-J2320, MF",Вне РК — спрос без рекламы (08.08),15.0,33,115351,10,0,0,,82.2,32.9,29,C. в июле не продавалась
1691955831,55442,"Картридж для Brother MFC-L9570CDW (DR-421CL), DCP-L8410CDW, ",Вне РК — спрос без рекламы (08.08),15.0,7,109482,1,0,0,100.0,439.2,25.6,45,B. продаёт сама
1987412088,5626,"Картридж TK-5380K для принтеров Kyocera ECOSYS PA4000cx, MA4",Пустые РК,16.5,25,108243,18,408,27247,23.0,347.7,41.8,50,A. реклама тянет
873313014,3538,"Картриджи TN-910 для принтеров Brother HL-L9310, MFC-L9570",Эксперимент1,8.8,11,107417,2,0,0,100.0,81.7,25.2,26,B. продаёт сама
1261465655,4767,Картриджи W2120X-W2123X для принтеров HP Color LaserJet M554,от 10000 до 500 тыс,13.2,4,107229,3,28,51809,35.0,649.5,26.1,40,A. реклама тянет
1261465655,4767,Картриджи W2120X-W2123X для принтеров HP Color LaserJet M554,Эксперимент1,8.8,4,107229,3,6,0,35.0,649.5,26.1,26,A. реклама тянет
874373606,4479,Картриджи TK-8365 для принтеров Kyocera TASKalfa 2554,от 10000 до 500 тыс,15.4,9,107134,3,99,15223,0.0,295.7,24.9,46,A. реклама тянет
930629640,2364,Картриджи CF410X-CF413X для принтеров HP LJ Color Pro M377dw,Вне РК — спрос без рекламы (08.08),15.0,9,105733,5,0,0,100.0,148.1,27.8,45,B. продаёт сама
1719404446,5631,Картридж TK-5440K для принтеров Kyocera ECOSYS MA2100cfx чер,Эксперимент1,22.0,51,104770,30,527,11047,16.0,69.8,35.9,24,A. реклама тянет
1719404446,5631,Картридж TK-5440K для принтеров Kyocera ECOSYS MA2100cfx чер,от 2000 до 5000,17.6,51,104770,30,157,13679,16.0,69.8,35.9,24,A. реклама тянет
873312718,3075,"Картриджи 728XL для принтеров HP DesignJet T730, DJ T830",от 10000 до 500 тыс,13.2,3,104388,2,324,0,,636.7,26.6,40,C. в июле не продавалась
1220706685,5243,"Картриджи 069H для принтеров Canon i-SENSYS LBP-673Cdw, MF75",Эксперимент1,8.8,8,103297,5,188,0,100.0,304.6,27.9,26,B. продаёт сама
870872469,2279,Картриджи 006R01461-006R01464 для принтеров Xerox WorkCentre,от 10000 до 500 тыс,15.4,6,102830,5,124,37803,0.0,380.6,26.3,46,A. реклама тянет
870872469,2279,Картриджи 006R01461-006R01464 для принтеров Xerox WorkCentre,Эксперимент1,12.1,6,102830,5,38,16482,0.0,380.6,26.3,36,A. реклама тянет
3550138162,6547,"Картриджи 064H для принтеров Canon i-SENSYS LBP-722Cdw, MF83",Эксперимент1,8.8,5,101467,6,48,0,67.0,406.4,24.3,26,B. продаёт сама
3550138162,6547,"Картриджи 064H для принтеров Canon i-SENSYS LBP-722Cdw, MF83",от 10000 до 500 тыс,13.2,5,101467,6,178,21251,67.0,406.4,24.3,40,B. продаёт сама
930641138,0720,"Картриджи CLT-409 для принтеров Samsung CLP-310, CLP 315, CL",от 5000 до 10000,13.2,12,99934,3,360,28362,0.0,88.4,27.1,31,A. реклама тянет
930641138,0720,"Картриджи CLT-409 для принтеров Samsung CLP-310, CLP 315, CL",Эксперимент1,8.8,12,99934,3,76,0,0.0,88.4,27.1,26,A. реклама тянет
930627436,1275,"Картриджи LC569XL-LC565XL для принтеров Brother MFC-J3520, M",Эксперимент1,15.4,39,99915,17,616,10380,50.0,112.6,38.2,39,A. реклама тянет
930620073,1167,Картриджи CF400X-CF403X для принтеров HP Color LJ Pro M252dw,Эксперимент1,9.9,12,98359,2,0,0,,205.0,27.4,30,C. в июле не продавалась
874374369,4268,Картриджи 006R01701-006R01704 для принтеров Xerox AltaLink C,Вне РК — спрос без рекламы (08.08),15.0,5,96511,4,0,0,100.0,232.3,26.4,45,B. продаёт сама
930609853,0369,Картриджи CE270A-CE273A для принтеров HP Color LaserJet CP55,от 10000 до 500 тыс,13.2,3,95020,1,2,0,,764.3,23.9,40,C. в июле не продавалась
2226467736,2789,"Картриджи 45862849-45862852 для принтеров OKI MC 873, MC853",от 10000 до 500 тыс,15.4,5,92870,4,22,0,,721.7,23.4,46,C. в июле не продавалась
1719205601,3258,"Тонер TN-420X для принтеров M6700D, M6800FDW, M7100DN, M7200",от 2000 до 5000,19.8,47,92082,19,65,2159,0.0,206.1,35.6,59,A. реклама тянет
1719205601,3258,"Тонер TN-420X для принтеров M6700D, M6800FDW, M7100DN, M7200",Эксперимент1,13.2,47,92082,19,13,0,0.0,72.4,35.6,25,A. реклама тянет
3557209686,6418,Картриджи TK-5490 для принтеров Kyocera ECOSYS MA2101cfx,Эксперимент1,8.8,5,91970,3,290,0,100.0,477.4,63.5,26,B. продаёт сама
1719304223,5698,"Картридж 070H для принтеров LBP243dw, LBP246dw, MF461dw, MF4",Эксперимент1,12.1,21,91943,9,10,0,,124.8,30.4,36,C. в июле не продавалась
3855388119,6413,Картриджи TK-5450 для принтеров Kyocera ECOSYS MA2600cfx,Вне РК — спрос без рекламы (08.08),15.0,5,91890,5,0,0,100.0,237.5,28.7,45,B. продаёт сама
3557210909,6813,"Картриджи 055H для принтеров HP Color LaserJet M454dn, LJ Pr",Эксперимент1,8.8,8,91619,10,279,34788,0.0,230.0,24.2,26,A. реклама тянет
930627464,2265,"Картриджи TK-580 для принтеров Kyocera FS-C5150DN, ECOSYS P6",Эксперимент1,9.9,9,91276,3,56,35045,0.0,199.9,23.8,30,A. реклама тянет
1548617438,5441,"Картридж LC-472XL M для принтеров Brother MFC-J2340DW, MFC J",Вне РК — спрос без рекламы (08.08),15.0,25,90573,14,0,0,100.0,136.9,34.0,45,B. продаёт сама
1548617300,5440,"Картридж LC-472XL C для принтеров Brother MFC-J2340DW, MFC J",от 2000 до 5000,25.3,27,89916,13,121,0,,135.0,32.5,47,C. в июле не продавалась
653317633,3669,Картридж 106R03765 для принтеров Xerox VersaLink C7000 черны,от 2000 до 5000,19.8,24,89262,15,35,0,100.0,104.8,29.8,37,B. продаёт сама
653317633,3669,Картридж 106R03765 для принтеров Xerox VersaLink C7000 черны,Эксперимент1,12.1,24,89262,15,0,0,100.0,104.8,29.8,36,B. продаёт сама
863383263,03066,"Картридж для HP DeskJet 1280, Copier 180, Copier 190, DeskJe",от 2000 до 5000,13.2,20,85846,3,146,0,,78.0,33.2,27,C. в июле не продавалась
2723036342,6483,"Картриджи MX-23GT для принтеров Sharp MX-1810U, MX 2010U, MX",от 10000 до 500 тыс,15.4,4,85287,1,15,0,,605.0,27.6,46,C. в июле не продавалась
2723036342,6483,"Картриджи MX-23GT для принтеров Sharp MX-1810U, MX 2010U, MX",Эксперимент1,8.8,4,85287,1,0,0,,605.0,27.6,26,C. в июле не продавалась
1261467557,4832,"Картридж CF289X для принтеров HP LaserJet M507, LJ M528 черн",от 2000 до 5000,13.2,20,85134,8,14,0,100.0,166.3,38.5,40,B. продаёт сама
1261467557,4832,"Картридж CF289X для принтеров HP LaserJet M507, LJ M528 черн",Эксперимент1,9.9,20,85134,8,0,0,100.0,166.3,38.5,30,B. продаёт сама
930639253,2352,Картриджи 106R03532-106R03535 для принтеров Xerox VersaLink ,от 5000 до 10000,15.4,9,83653,4,152,0,,213.9,25.9,46,C. в июле не продавалась
930632176,1156,"Картриджи CF360X-CF363X для принтеров HP Color LJ M552dn, LJ",от 10000 до 500 тыс,13.2,4,83497,1,13,0,100.0,577.8,25.9,40,B. продаёт сама
930632176,1156,"Картриджи CF360X-CF363X для принтеров HP Color LJ M552dn, LJ",Эксперимент1,8.8,4,83497,1,5,0,100.0,577.8,25.9,26,B. продаёт сама
2708399965,6471,"Картриджи 006R01379 - 006R01382 для принтеров Xerox DCP-700,",от 10000 до 500 тыс,13.2,2,83461,1,42,52594,0.0,1181.8,21.7,40,A. реклама тянет
874373710,4481,"Картридж CTL-1100XK для Pantum CM1100DW, CM1100DN",от 2000 до 5000,14.3,21,82366,13,97,23786,15.0,114.4,31.3,40,A. реклама тянет
874373710,4481,"Картридж CTL-1100XK для Pantum CM1100DW, CM1100DN",Эксперимент1,9.9,21,82366,13,34,0,15.0,114.4,31.3,30,A. реклама тянет
863418468,4296,Картриджи W2030X-W2033X для принтеров HP Color LaserJet M454,Эксперимент1,8.8,7,82065,3,129,14104,0.0,299.9,27.9,26,A. реклама тянет
1261577185,5147,"Фотобарабан 44844472 для принтеров OKI Data MC853, MC873 чер",от 10000 до 500 тыс,13.2,4,81937,4,11,47290,32.0,511.8,26.2,40,A. реклама тянет
1432017772,4894,Картридж 54G0H00 для принтеров Lexmark LaserPrinter MS911 че,Эксперимент1,9.9,2,80608,2,7,0,,827.0,24.0,30,C. в июле не продавалась
1153725679,1936,"Картридж T6944 для принтеров Epson SureColor SC-SC-T7200, SC",Эксперимент1,8.8,5,80497,1,44,18363,0.0,353.6,26.5,26,A. реклама тянет
874377167,4247,"Картриджи 006R01529-006R01532 для принтеров Xerox Color 550,",Эксперимент1,9.9,2,80485,2,40,0,100.0,985.1,23.2,30,B. продаёт сама
874377167,4247,"Картриджи 006R01529-006R01532 для принтеров Xerox Color 550,",от 10000 до 500 тыс,14.3,2,80485,2,0,0,100.0,985.1,23.2,43,B. продаёт сама
930614726,0893,"Картридж CF325X для принтеров HP и LaserJet M806DN M806DN, M",от 10000 до 500 тыс,13.2,6,79020,2,0,0,,321.5,27.8,40,C. в июле не продавалась
930614726,0893,"Картридж CF325X для принтеров HP и LaserJet M806DN M806DN, M",Эксперимент1,8.8,6,79020,2,5,0,,321.5,27.8,26,C. в июле не продавалась
1611110057,5484,"Картриджи 069 для принтеров Canon i-SENSYS LBP673Cdw, MF752C",от 10000 до 500 тыс,13.2,6,79014,5,35,14896,47.0,303.6,28.5,40,A. реклама тянет
930634320,3152,"Картриджи TN-241 для принтеров Brother DCP-9020cdw, HL-3140c",от 5000 до 10000,17.6,14,78470,5,82,5453,0.0,183.2,28.5,53,A. реклама тянет
900987382,2312,"Картридж 650 для принтеров HP Ink Advantage 2545 All-in-One,",от 2000 до 5000,15.4,20,77967,8,152,9985,50.0,57.0,32.3,20,A. реклама тянет
863387502,2181,"Картриджи 040H для принтеров Canon i-SENSYS LBP-710CX, LBP71",Эксперимент1,8.8,4,77886,2,29,0,,496.3,26.5,26,C. в июле не продавалась
1548617637,5442,"Картридж LC-472XL Y для принтеров Brother MFC-J2340DW, MFC J",от 2000 до 5000,24.2,25,77762,10,0,0,,141.0,33.6,49,C. в июле не продавалась
652564576,3442,"Картридж T9661 для принтеров Epson WorkForce Pro M5298, WF P",от 5000 до 10000,15.4,14,76506,2,33,0,,75.7,32.3,26,C. в июле не продавалась
1220701798,5238,"Картриджи 069 для принтеров Canon i-SENSYS LBP673Cdw, MF752C",Вне РК — спрос без рекламы (08.08),15.0,10,75526,4,0,0,,90.9,25.4,32,C. в июле не продавалась
874373805,4472,"Картридж 730Y для принтеров HP DesignJet T1700, DJ T1700dr ж",Вне РК — спрос без рекламы (08.08),15.0,5,75156,3,0,0,,201.7,26.6,45,C. в июле не продавалась
930632576,2729,"Картриджи 46508733-46508736 для принтеров OKI C332dn, MC363d",Эксперимент1,8.8,6,74569,3,42,0,,233.1,27.6,26,C. в июле не продавалась
1085507562,4734,Картриджи TN-227 для принтеров Konica Minolta Bizhub C257i,от 10000 до 500 тыс,13.2,5,74119,3,33,0,,453.0,26.3,40,C. в июле не продавалась
874375208,4368,Картриджи №46 для принтеров HP DeskJet Ink Advantage Ultra 4,от 5000 до 10000,13.2,10,73413,6,19,0,,96.8,30.7,34,C. в июле не продавалась
1339737079,5344,Картридж SCX-4100 для принтеров Samsung и SCX-4100 черный,Эксперимент1,9.9,25,72912,5,182,0,100.0,172.2,50.4,30,B. продаёт сама
866442961,1444,"Картриджи CLI-471XL для принтеров Canon Pixma MG5740, Pixma ",Эксперимент1,8.8,37,70740,6,198,2445,63.0,68.0,32.0,24,B. продаёт сама
864224801,0728,Картриджи CF210X-CF213A для принтера hp laserjet pro 200 m25,Вне РК — спрос без рекламы (08.08),15.0,9,70403,4,0,0,,114.9,28.0,40,C. в июле не продавалась
873313801,3693,"Картриджи 728XXL для принтеров HP DesignJet T730, DJ T830",от 10000 до 500 тыс,13.2,2,70103,1,7,0,100.0,734.3,25.7,40,B. продаёт сама
873313801,3693,"Картриджи 728XXL для принтеров HP DesignJet T730, DJ T830",Эксперимент1,8.8,2,70103,1,41,0,100.0,734.3,25.7,26,B. продаёт сама
863385935,3709,"Картриджи TN-321 для принтеров Konica Minolta Bizhub C224, B",Эксперимент1,9.9,4,69706,4,27,0,0.0,396.3,26.3,30,A. реклама тянет
863385935,3709,"Картриджи TN-321 для принтеров Konica Minolta Bizhub C224, B",от 10000 до 500 тыс,14.3,4,69706,4,264,52054,0.0,396.3,26.3,43,A. реклама тянет
3460980391,6068,"Картридж 006R04395 для принтеров Xerox C230, C235 черный",от 10000 до 500 тыс,13.2,3,68731,1,40,0,100.0,350.8,27.1,40,B. продаёт сама
866443823,2128,"Сервисный комплект MK-410 для принтеров Kyocera KM-1620, KM ",Эксперимент1,11.0,2,68682,2,184,0,,736.1,26.6,33,C. в июле не продавалась
866443900,2139,"Картриджи TK-5240 для принтеров Kyocera Ecosys M5526cdn, P50",Эксперимент1,9.9,13,68491,6,31,0,100.0,167.6,30.1,30,B. продаёт сама
870872518,2399,Фотобарабаны CF358A-359-364-CF365A DU для принтеров HP Color,от 10000 до 500 тыс,13.2,1,66659,1,23,0,,1620.4,23.0,40,C. в июле не продавалась
1282821536,4837,"Картридж 3ED71A для принтеров HP DesignJet T630, DJ Studio, ",Эксперимент1,10.0,11,63627,10,55,0,100.0,137.7,44.5,30,B. продаёт сама
873320571,3749,"Картриджи 408184-408187 для принтеров Ricoh Aficio SPC360, S",Эксперимент1,8.8,4,63472,1,18,0,,284.6,26.1,26,C. в июле не продавалась
906876718,22262,"Картридж для Lexmark MS312dn, MS312, MS415, MS415dn",Эксперимент1,8.8,21,63238,4,24,0,,93.2,31.8,26,C. в июле не продавалась
2226424621,0305,"Картридж 45 для принтеров HP DesignJet 750, Copier 110/120, ",Эксперимент1,9.9,13,62676,3,116,6212,0.0,70.5,31.9,25,A. реклама тянет
930623456,1269,"Картриджи T0791-T0796 для принтеров Epson Stylus Photo 1400,",Эксперимент1,12.1,22,62048,12,119,0,0.0,85.7,32.4,30,A. реклама тянет
930623456,1269,"Картриджи T0791-T0796 для принтеров Epson Stylus Photo 1400,",от 2000 до 5000,19.8,22,62048,12,136,2548,0.0,85.7,32.4,30,A. реклама тянет
2463013586,6266,Картридж W2220A-W2223A для принтеров HP Color LaserJet Pro 3,от 10000 до 500 тыс,13.2,2,61678,2,163,30118,51.0,623.7,25.4,40,A. реклама тянет
863431431,0335,"Картриджи 45-78 для принтеров HP Color Copier 110, Copier 12",Вне РК — спрос без рекламы (08.08),15.0,6,61130,4,0,0,100.0,125.0,27.6,44,B. продаёт сама
1769492915,57733,"Картридж для Canon i-SENSYS MF461dw, MF463dw",от 2000 до 5000,12.0,18,61096,4,38,0,100.0,90.2,28.1,32,B. продаёт сама
653125611,13672,"Картридж для Xerox WorkCentre 3025, Phaser 3020BI",Эксперимент1,11.0,29,60123,4,124,0,,75.5,31.9,26,C. в июле не продавалась
863394277,0038,"Картриджи PGI-2400XL для принтеров Canon MAXIFY iB4040, iB41",от 2000 до 5000,15.4,22,58874,10,90,0,,103.0,31.6,36,C. в июле не продавалась
3656343228,6887,"Картридж B225H00 для принтеров Lexmark B2236, MB2236 черный",Эксперимент1,8.8,4,58869,3,35,44694,0.0,307.5,25.4,26,A. реклама тянет
863383151,0991,"Картриджи 44973541-44973544 для принтеров OKI C301dn, C321dn",от 5000 до 10000,16.5,8,58760,4,144,7521,0.0,84.0,31.7,29,A. реклама тянет
1153758352,2439,"Картридж C-EXV49Bk для принтеров Canon iR Advance C3320, iR ",от 2000 до 5000,14.0,13,58662,11,0,0,100.0,145.1,30.5,42,B. продаёт сама
874373592,4531,"Фотобарабан 013R00681 DU для принтеров Xerox AltaLink C8130,",Эксперимент1,8.8,7,58506,7,1,0,,598.1,26.6,26,C. в июле не продавалась
874374488,4290,Фотобарабан 108R01151 DU для принтеров Xerox Phaser 7100 чер,Эксперимент1,9.0,4,57350,1,17,0,100.0,479.6,25.2,27,B. продаёт сама
874374488,4290,Фотобарабан 108R01151 DU для принтеров Xerox Phaser 7100 чер,от 10000 до 500 тыс,12.0,4,57350,1,12,0,100.0,479.6,25.2,36,B. продаёт сама
3557210978,6820,"Фотобарабан 0IU40R4 для принтеров F+ Imaging M40adn, P40dn ч",от 5000 до 10000,12.0,8,57190,4,67,0,100.0,92.0,32.2,32,B. продаёт сама
3557210978,6820,"Фотобарабан 0IU40R4 для принтеров F+ Imaging M40adn, P40dn ч",Эксперимент1,8.0,8,57190,4,0,0,100.0,92.0,32.2,24,B. продаёт сама
1003270627,4821,"Картридж TL-420Е для принтеров M6700D, M6800FDW, M7100DN, M7",Эксперимент1,9.9,28,56979,17,47,0,0.0,70.3,32.2,25,A. реклама тянет
1003270627,4821,"Картридж TL-420Е для принтеров M6700D, M6800FDW, M7100DN, M7",от 2000 до 5000,20.9,28,56979,17,706,22646,0.0,70.3,32.2,25,A. реклама тянет
3656444264,6885,Фотобарабан 60IU60S для принтеров F+ Imaging M60ade черный,от 5000 до 10000,14.3,6,56774,2,34,20038,0.0,201.9,25.7,43,A. реклама тянет
3656444264,6885,Фотобарабан 60IU60S для принтеров F+ Imaging M60ade черный,Эксперимент1,8.8,6,56774,2,0,0,0.0,201.9,25.7,26,A. реклама тянет
866443897,2171,"Картриджи TK-5220 для принтеров Kyocera Ecosys M5521cdn, P50",от 2000 до 5000,13.2,13,56488,2,67,0,,136.2,30.3,40,C. в июле не продавалась
904483428,3826,"Картриджи SJIC22P для принтеров Epson ColorWorks C3500, TM-C",Эксперимент1,8.8,4,56469,2,70,14236,0.0,254.5,28.1,26,A. реклама тянет
930608914,2979,"Картридж 106R03745BK для принтеров Xerox VersaLink C7025, Ve",от 2000 до 5000,16.5,13,55950,1,0,0,,143.8,30.2,50,C. в июле не продавалась
930608914,2979,"Картридж 106R03745BK для принтеров Xerox VersaLink C7025, Ve",Эксперимент1,11.0,13,55950,1,10,0,,143.8,30.2,33,C. в июле не продавалась
864225535,1082,Картриджи 006R01517-006R01520 для принтеров Xerox WorkCentre,от 10000 до 500 тыс,12.0,4,55875,3,83,0,100.0,320.0,25.9,36,B. продаёт сама
864225535,1082,Картриджи 006R01517-006R01520 для принтеров Xerox WorkCentre,Эксперимент1,8.0,4,55875,3,23,0,100.0,320.0,25.9,24,B. продаёт сама
930629486,3113,"Картриджи LC-3619XL для принтеров Brother MFC-J2330, MFC J27",Эксперимент1,8.0,15,55245,13,66,0,100.0,133.1,33.4,24,B. продаёт сама
930629486,3113,"Картриджи LC-3619XL для принтеров Brother MFC-J2330, MFC J27",от 2000 до 5000,13.0,15,55245,13,167,0,100.0,133.1,33.4,39,B. продаёт сама
873313671,3430,"Картриджи TN-213 для принтеров Brother DCP-L3550CDW, HL-L323",от 5000 до 10000,13.2,7,55024,4,91,0,,218.8,27.5,40,C. в июле не продавалась
1692352035,5288,"Картридж T2 для принтеров Deli M2000DW, P2000DW черный",Эксперимент1,9.9,15,53969,2,0,0,,121.8,31.4,30,C. в июле не продавалась
1692352035,5288,"Картридж T2 для принтеров Deli M2000DW, P2000DW черный",от 2000 до 5000,14.3,15,53969,2,63,0,,121.8,31.4,43,C. в июле не продавалась
651913959,0024,"Картридж Q6511A для принтеров HP LaserJet 2410, LJ 2420, LJ ",Эксперимент1,8.8,15,53406,4,67,4202,50.0,116.8,29.9,26,A. реклама тянет
1510954439,5419,"Картридж 067H C для принтеров Canon i-SENSYS LBP631CW, LBP63",Эксперимент1,8.0,16,52739,9,11,0,100.0,122.5,35.2,24,B. продаёт сама
874375887,4274,"Картридж W2410A для принтеров HP Color LaserJet Pro M155a, C",от 2000 до 5000,14.0,17,52166,11,0,0,100.0,108.6,35.1,38,B. продаёт сама
1519359173,5403,"Картридж 056H для принтеров Canon i-SENSYS MF542x, MF543x, L",Эксперимент1,12.1,11,52056,5,29,0,,87.8,28.9,31,C. в июле не продавалась
1759504556,5751,"Картридж BPGT20BA для принтеров Sharp и BP-10C20EU, BP 20C20",Эксперимент1,8.8,9,51590,4,0,0,45.0,82.8,32.1,26,A. реклама тянет
1759504556,5751,"Картридж BPGT20BA для принтеров Sharp и BP-10C20EU, BP 20C20",от 5000 до 10000,14.3,9,51590,4,31,11686,45.0,82.8,32.1,29,A. реклама тянет
870872501,2289,Картриджи 006R01175-006R01178 для принтеров Xerox и WorkCent,от 10000 до 500 тыс,12.0,1,51380,1,8,0,100.0,814.7,23.9,36,B. продаёт сама
1869841159,5706,Лента M210-750-488 для принтеров Brady M210 черный,от 2000 до 5000,13.2,13,51097,1,48,4989,0.0,123.0,30.0,40,A. реклама тянет
874375639,4283,Картриджи W2210A-W2213A для принтеров HP LJ Pro Color M255 d,от 10000 до 500 тыс,13.0,5,51049,3,63,0,100.0,89.9,29.7,31,B. продаёт сама
900989003,0429,"Картридж C4129X для принтеров HP LaserJet 5000, LJ 5100 черн",от 5000 до 10000,13.2,9,50948,1,52,0,,74.3,29.7,26,C. в июле не продавалась
1897483849,5845,"Картридж 006R01819 для принтеров Xerox VersaLink B7125, Vers",от 2000 до 5000,12.0,11,50541,6,8,0,100.0,202.5,29.9,36,B. продаёт сама
653317971,3670,Картридж 106R03768 для принтеров Xerox VersaLink C7000 голуб,от 2000 до 5000,18.0,12,50539,8,5,0,100.0,117.6,30.5,41,B. продаёт сама
653450900,2414,"Картридж TK-8115Y для принтеров Kyocera и Ecosys M8124cidn, ",Эксперимент1,11.0,16,50378,9,0,0,,107.5,32.2,33,C. в июле не продавалась
873314311,3660,"Картриджи C2500H для принтеров Ricoh IM C2500, IM-C2000",Эксперимент1,9.9,4,50064,2,32,0,,300.2,27.8,30,C. в июле не продавалась
873314311,3660,"Картриджи C2500H для принтеров Ricoh IM C2500, IM-C2000",от 10000 до 500 тыс,14.3,4,50064,2,71,0,,300.2,27.8,43,C. в июле не продавалась
1153807024,3083,"Картридж 903XL для принтеров HP OfficeJet 6950, OfficeJet Pr",от 1000-2000,11.0,31,49966,16,134,2495,0.0,38.9,29.1,14,A. реклама тянет
1153791237,2787,"Картридж 45862850 для принтеров OKI и MC 873, MC853 пурпурны",Эксперимент1,9.0,5,49611,1,37,0,100.0,221.9,26.6,27,B. продаёт сама
866443015,1435,"Картриджи LC-1280XL для принтеров Brother MFC-J5910DW, MFC J",от 1000-2000,13.0,25,49195,8,12,0,100.0,70.8,31.6,25,B. продаёт сама
652550539,2183,"Картридж 953XLBK для принтеров HP OfficeJet Pro 7720, Office",Эксперимент1,8.8,27,49009,7,24,0,,61.1,34.3,21,C. в июле не продавалась
652550539,2183,"Картридж 953XLBK для принтеров HP OfficeJet Pro 7720, Office",от 1000-2000,13.2,27,49009,7,15,0,,61.1,34.3,21,C. в июле не продавалась
1153395894,0832,"Фотобарабан C-EXV14 DU для принтеров Canon iR 2318L, iR 2320",Эксперимент1,8.0,6,48903,1,134,0,100.0,79.9,27.7,24,B. продаёт сама
1510949677,5384,"Картридж 055H BK для принтеров Canon i-SENSYS MF 741, MF 743",от 2000 до 5000,15.0,13,48596,3,0,0,100.0,120.0,31.2,42,B. продаёт сама
1510949677,5384,"Картридж 055H BK для принтеров Canon i-SENSYS MF 741, MF 743",Эксперимент1,11.0,13,48596,3,19,0,100.0,120.0,31.2,33,B. продаёт сама
1153416743,1451,Картридж PFI-703Bk для принтеров Canon и iPF iPF810 черный,Пустые РК,13.2,3,47712,1,0,0,0.0,629.8,25.5,40,A. реклама тянет
1153416743,1451,Картридж PFI-703Bk для принтеров Canon и iPF iPF810 черный,от 10000 до 500 тыс,14.3,3,47712,1,21,21490,0.0,374.8,25.5,43,A. реклама тянет
866442897,1441,"Картриджи TK-8305 для принтеров Kyocera TASKalfa 3050i, TASK",от 10000 до 500 тыс,12.0,1,47097,1,48,0,100.0,693.4,26.6,36,B. продаёт сама
2708833398,6472,Фотобарабаны DR-512 для принтеров Konica Minolta Bizhub C224,от 10000 до 500 тыс,14.3,3,46786,1,49,0,,352.8,25.8,43,C. в июле не продавалась
930621328,0871,"Картридж TK-590K для принтеров Kyocera EcoSys M6026cdn, M652",Эксперимент1,9.0,15,46636,5,41,0,100.0,89.8,24.4,27,B. продаёт сама
653504318,2633,"Картридж TN-221K для принтеров Konica Minolta Bizhub C227, B",Эксперимент1,15.4,10,46258,4,10,0,,128.5,30.2,45,C. в июле не продавалась
1510953436,5421,"Картридж 067H Y для принтеров Canon i-SENSYS LBP631CW, LBP63",Эксперимент1,10.0,13,46098,6,27,0,100.0,115.5,34.2,30,B. продаёт сама
3350326076,2411,"Картридж TK-8115BK для принтеров Kyocera Ecosys M8124cidn, M",Эксперимент1,8.0,12,45902,7,14,0,100.0,111.5,31.3,24,B. продаёт сама
873320635,3777,"Фотобарабан 013R00679 DU для принтеров Xerox B 1025, B-1022 ",Вне РК — спрос без рекламы (08.08),15.0,3,45846,2,0,0,100.0,225.6,25.5,45,B. продаёт сама
864225065,0905,"Картриджи LC-1240 для принтеров Brother DCP-J525W, DCP J725D",Эксперимент1,9.9,24,45257,6,42,2518,0.0,105.2,32.2,30,A. реклама тянет
863431275,02471,Картридж для Brother HL-2035R,Эксперимент1,8.8,23,44867,1,16,0,,83.3,34.5,26,C. в июле не продавалась
3953684966,6962,Картриджи W2220X-W2223X для принтеров HP Color LaserJet Pro ,от 10000 до 500 тыс,13.2,1,44810,1,117,44810,0.0,759.4,24.2,40,A. реклама тянет
3953684966,6962,Картриджи W2220X-W2223X для принтеров HP Color LaserJet Pro ,Эксперимент1,8.8,1,44810,1,109,0,0.0,325.5,24.2,26,A. реклама тянет
1716069692,5287,Картридж T1A для принтеров Deli и M2500AD черный,Эксперимент1,9.9,12,44807,1,39,0,,111.2,29.9,30,C. в июле не продавалась
1716069692,5287,Картридж T1A для принтеров Deli и M2500AD черный,от 2000 до 5000,13.2,12,44807,1,39,0,,111.2,29.9,39,C. в июле не продавалась
984583619,4757,Картриджи W2010A-W2013A для принтеров HP Color LaserJet M776,от 10000 до 500 тыс,13.2,1,44349,1,51,44349,0.0,1156.3,27.6,40,A. реклама тянет
984583619,4757,Картриджи W2010A-W2013A для принтеров HP Color LaserJet M776,Эксперимент1,8.8,1,44349,1,21,0,0.0,1156.3,27.6,26,A. реклама тянет
3421671421,5146,"Фотобарабан 44844470 для принтеров OKI Data MC853, MC873 пур",Эксперимент1,8.8,2,44015,2,0,0,,494.5,28.4,26,C. в июле не продавалась
3421671421,5146,"Фотобарабан 44844470 для принтеров OKI Data MC853, MC873 пур",от 10000 до 500 тыс,14.3,2,44015,2,0,0,,494.5,28.4,43,C. в июле не продавалась
1153722890,1933,"Картридж T6941 для принтеров Epson SureColor SC-SC-T7200, SC",от 10000 до 500 тыс,14.3,3,43679,1,56,0,,380.4,26.7,43,C. в июле не продавалась
1153722890,1933,"Картридж T6941 для принтеров Epson SureColor SC-SC-T7200, SC",Эксперимент1,8.8,3,43679,1,0,0,,380.4,26.7,26,C. в июле не продавалась
1692503307,5623,Картридж TK-5370Y для принтеров Kyocera ECOSYS MA3500cifx же,Эксперимент1,9.9,12,43522,3,9,0,,103.0,35.4,30,C. в июле не продавалась
906875503,1766,"Картридж 45488802 для принтеров OKI и B 731, B721, MB 770, M",Пустые РК,12.0,1,43343,1,52,0,100.0,830.5,22.8,36,B. продаёт сама
906875503,1766,"Картридж 45488802 для принтеров OKI и B 731, B721, MB 770, M",от 10000 до 500 тыс,12.0,1,43343,1,0,0,100.0,830.5,22.8,36,B. продаёт сама
906875503,1766,"Картридж 45488802 для принтеров OKI и B 731, B721, MB 770, M",Эксперимент1,8.0,1,43343,1,0,0,100.0,830.5,22.8,24,B. продаёт сама
930622151,1835,"Картридж SP3500XE для Ricoh Aficio SP3500SF, SP3510DN, SP351",от 2000 до 5000,14.3,18,43277,4,45,2836,0.0,106.7,31.7,37,A. реклама тянет
930622151,1835,"Картридж SP3500XE для Ricoh Aficio SP3500SF, SP3510DN, SP351",Эксперимент1,9.9,18,43277,4,27,0,0.0,106.7,31.7,30,A. реклама тянет
3861471548,6389,Картриджи 006R01738-006R01741 для принтеров Xerox PrimeLink ,Эксперимент1,8.8,1,43110,1,17,0,,1020.9,23.8,26,C. в июле не продавалась
1261564116,5280,Картриджи 378XL-478XL для принтеров Epson Expression XP 1500,Эксперимент1,8.0,10,43103,1,60,0,100.0,78.1,29.1,24,B. продаёт сама
1155651351,2984,"Фотобарабан CLT-R407 DU для принтеров Samsung CLP-320, CLP 3",от 10000 до 500 тыс,13.2,5,43059,2,0,0,,243.2,27.6,40,C. в июле не продавалась
2606371992,6378,Картриджи C-EXV29 для принтеров Canon ImageRunner Advance C5,Эксперимент1,8.8,3,42128,1,8,0,,748.1,23.3,26,C. в июле не продавалась
2606371992,6378,Картриджи C-EXV29 для принтеров Canon ImageRunner Advance C5,от 10000 до 500 тыс,13.2,3,42128,1,0,0,,748.1,23.3,40,C. в июле не продавалась
906875601,1320,"Картридж 45807111/45807121 для принтеров OKI B412, B412dn, D",Вне РК — спрос без рекламы (08.08),15.0,12,42060,5,0,0,100.0,57.1,31.6,20,B. продаёт сама
906875590,1425,"Картридж 45807120 для принтеров OKI B412, Data B432, B432dn,",Вне РК — спрос без рекламы (08.08),15.0,17,41899,1,0,0,,54.3,30.8,19,C. в июле не продавалась
651929068,53354,Картридж для Canon i-SENSYS MF4018,Эксперимент1,11.0,27,41480,7,145,2318,0.0,60.4,31.4,21,A. реклама тянет
651929068,53354,Картридж для Canon i-SENSYS MF4018,от 1000-2000,13.2,27,41480,7,12,0,0.0,60.4,31.4,21,A. реклама тянет
1999501750,6058,"Картридж C-EXV65 C для принтеров Canon imageRUNNER C3326, iR",Эксперимент1,11.0,7,41306,6,30,19854,0.0,76.4,31.9,27,A. реклама тянет
983886007,4542,"Картридж W1106XL для принтеров HP Laser 135WR MFP, HP Laser ",от 2000 до 5000,14.3,16,41014,8,124,6972,0.0,107.2,36.7,38,A. реклама тянет
653452954,2413,"Картридж TK-8115M для принтеров Kyocera и Ecosys M8124cidn, ",Эксперимент1,10.0,13,40118,5,76,0,100.0,107.7,32.2,30,B. продаёт сама
870872528,2430,Картриджи MPC2503 для принтеров Ricoh Aficio MPC2003,Эксперимент1,11.0,4,40108,3,44,11846,0.0,260.0,27.6,33,A. реклама тянет
870872528,2430,Картриджи MPC2503 для принтеров Ricoh Aficio MPC2003,от 10000 до 500 тыс,16.5,4,40108,3,39,12627,0.0,260.0,27.6,50,A. реклама тянет
2921448193,6664,Фотобарабан + картридж CF257A+CF256X для принтеров HP LaserJ,от 10000 до 500 тыс,12.0,2,40060,2,15,0,100.0,527.6,24.3,36,B. продаёт сама
1220707028,5237,"Картридж 069 для принтеров Canon i-SENSYS LBP673Cdw, MF752Cd",Эксперимент1,11.0,13,39974,7,10,0,,84.1,31.8,29,C. в июле не продавалась
930626500,3176,Картриджи C-EXV54 для принтеров Canon ImageRunner C3025,Эксперимент1,8.8,5,39891,2,28,11675,0.0,248.0,26.8,26,A. реклама тянет
2138400247,0353,Картриджи CB400A-CB403A для принтеров HP Color LaserJet CP40,Эксперимент1,8.8,1,39484,1,21,0,,838.7,23.5,26,C. в июле не продавалась
1692504857,5620,Картридж TK-5370C для принтеров Kyocera ECOSYS MA3500cifx го,Эксперимент1,9.9,11,38646,3,12,0,,129.9,34.7,30,C. в июле не продавалась
930609637,0366,Картриджи CE250X-CE253A для принтеров HP Color LaserJet CM35,от 10000 до 500 тыс,12.0,2,38485,2,36,0,100.0,414.6,26.2,36,B. продаёт сама
930609637,0366,Картриджи CE250X-CE253A для принтеров HP Color LaserJet CM35,Эксперимент1,8.0,2,38485,2,8,0,100.0,414.6,26.2,24,B. продаёт сама
2704386883,6467,"Картриджи C-EXV34 для принтеров Canon iR Advance C2000, iR A",от 10000 до 500 тыс,13.2,2,38449,1,42,19491,0.0,418.7,25.9,40,A. реклама тянет
1510953548,5420,"Картридж 067H M для принтеров Canon i-SENSYS LBP631CW, LBP63",Эксперимент1,13.0,12,38280,10,116,0,100.0,116.5,34.5,39,B. продаёт сама
1999321262,5940,"Картридж W1107XL для принтеров HP Laser 107A, Laser107R черн",Эксперимент1,23.1,16,38132,6,292,0,,96.8,33.1,34,C. в июле не продавалась
863385787,2965,"Фотобарабан DK-1150 DU для принтеров Kyocera EcoSys M2040dn,",Эксперимент1,8.8,7,37530,1,117,5131,0.0,150.7,29.8,26,A. реклама тянет
930642100,0173,Картриджи 106R01335-106R01338 для принтеров Xerox Phaser 612,от 2000 до 5000,13.2,6,37411,3,71,11932,30.0,49.3,25.6,17,A. реклама тянет
2497455824,5946,"Картридж C-EXV65 Y для принтеров Canon imageRUNNER C3326, iR",Эксперимент1,11.0,6,37397,3,8,0,,166.8,63.3,33,C. в июле не продавалась
2912708427,6630,Фотобарабан + картридж CLT-R409 DU+CLT-409 для принтеров Sam,Эксперимент1,8.8,2,37224,2,156,18913,49.0,364.3,24.8,26,A. реклама тянет
3071403992,3623,"Картриджи 177 для принтеров HP PhotoSmart 3110, PhotoSmart 3",Эксперимент1,8.0,16,37094,12,173,0,100.0,91.6,31.3,24,B. продаёт сама
2741077079,6526,"Фотобарабаны 44844405-44844408 DU для принтеров OKI C 822, C",Эксперимент1,8.0,1,36988,1,75,0,100.0,318.2,23.4,24,B. продаёт сама
2741077079,6526,"Фотобарабаны 44844405-44844408 DU для принтеров OKI C 822, C",от 10000 до 500 тыс,12.0,1,36988,1,0,0,100.0,742.4,23.4,36,B. продаёт сама
863388244,0169,Картриджи CB540A-CB543A для принтеров HP Color LaserJet CM13,от 5000 до 10000,13.2,4,36644,2,63,0,,213.7,28.1,40,C. в июле не продавалась
873313130,3715,Картриджи 106R03887-106R03884 для принтеров Xerox VersaLink ,Эксперимент1,9.9,3,36634,2,16,0,,330.6,28.0,30,C. в июле не продавалась
874376004,4442,Картриджи T2661 - T2670 для принтеров Epson WorkForce WF-100,от 2000 до 5000,15.4,14,36262,7,116,12760,20.0,85.9,32.4,30,A. реклама тянет
874376004,4442,Картриджи T2661 - T2670 для принтеров Epson WorkForce WF-100,Эксперимент1,8.8,14,36262,7,22,0,20.0,85.9,32.4,26,A. реклама тянет
653139621,0856,"Картридж TN-241BK для принтеров Brother и DCP-9020cdw, HL-31",Эксперимент1,15.4,16,36127,9,69,2583,0.0,94.3,42.8,33,A. реклама тянет
906874091,3024,Фотобарабан C-EXV49 DU для принтеров Canon ImageRunner C3025,от 5000 до 10000,13.0,4,35996,2,73,0,100.0,211.1,27.3,39,B. продаёт сама
930621856,1198,Картриджи CF300A-CF303A для принтеров HP Color LJ Flow M880z,от 10000 до 500 тыс,13.2,1,35976,1,12,0,,809.7,26.7,40,C. в июле не продавалась
1011524372,4825,Фотобарабаны A7U40RD-A7U40TD для принтеров Konica Minolta Bi,от 10000 до 500 тыс,13.2,2,35717,1,15,0,,636.7,26.5,40,C. в июле не продавалась
864225254,0996,"Картриджи 44469809-44469714 для принтеров OKI C310dn, c310n,",от 5000 до 10000,13.2,5,35526,3,0,0,,77.1,28.8,27,C. в июле не продавалась
984584508,4730,Картридж TN-227K для принтеров Konica Minolta Bizhub C257i ч,Вне РК — спрос без рекламы (08.08),15.0,8,35281,8,0,0,,116.0,29.3,41,C. в июле не продавалась
653324142,0035,Картридж SCX-4200 для принтеров Samsung SCX-4200 черный,от 2000 до 5000,15.4,13,35199,8,272,0,,103.1,35.0,36,C. в июле не продавалась
863387594,0060,"Картридж для Canon i-SENSYS MF-411dw, MF-416dw, MF 418x, MF4",от 2000 до 5000,12.0,13,34968,4,11,0,100.0,161.5,51.5,36,B. продаёт сама
864225830,1279,"Картридж CF410A для принтеров HP LJ Color Pro M377dw, M452dn",от 2000 до 5000,17.6,12,34320,5,68,7348,31.0,101.7,34.4,36,A. реклама тянет
864225830,1279,"Картридж CF410A для принтеров HP LJ Color Pro M377dw, M452dn",Эксперимент1,9.9,12,34320,5,0,0,31.0,101.7,34.4,30,A. реклама тянет
653317629,3671,Картридж 106R03767 для принтеров Xerox VersaLink C7000 пурпу,от 2000 до 5000,13.0,8,34129,8,2,0,100.0,104.8,29.8,37,B. продаёт сама
930641556,2161,"Картриджи CF540X-CF543X для принтеров HP LaserJet M254dw, LJ",Вне РК — спрос без рекламы (08.08),15.0,4,34046,1,0,0,,110.6,27.4,39,C. в июле не продавалась
866443743,1876,"Картридж PFI-107MBK для принтеров Canon iPF-670, iPF680 черн",Вне РК — спрос без рекламы (08.08),15.0,5,33954,4,0,0,,89.3,30.0,31,C. в июле не продавалась
653076890,3431,"Картридж TN-217BK для принтеров Brother DCP-L3550CDW, HL-L32",Эксперимент1,12.1,16,33807,9,8,0,0.0,42.1,20.0,15,A. реклама тянет
2214347970,6231,"Картридж PC-212EV XL для принтеров M6502, M6552NW, P2502 чер",Эксперимент1,12.1,10,33514,9,0,0,,74.9,39.0,26,C. в июле не продавалась
2214347970,6231,"Картридж PC-212EV XL для принтеров M6502, M6552NW, P2502 чер",от 2000 до 5000,16.5,10,33514,9,11,0,,74.9,39.0,26,C. в июле не продавалась
1155648826,0068,"Картриджи 934XL-935XL для принтеров HP OfficeJet Pro 6230, O",Эксперимент1,8.0,15,33469,1,0,0,100.0,108.5,30.5,24,B. продаёт сама
1232572987,1999,Фотобарабан DR-512K DU для принтеров Konica Minolta Bizhub C,Эксперимент1,8.0,3,33462,1,34,0,100.0,231.8,27.6,24,B. продаёт сама
2695197286,6428,"Картриджи TN-512 для принтеров Konica Minolta Bizhub C454, B",от 10000 до 500 тыс,13.2,2,33350,1,0,0,,356.9,25.1,40,C. в июле не продавалась
2695197286,6428,"Картриджи TN-512 для принтеров Konica Minolta Bizhub C454, B",Эксперимент1,8.8,2,33350,1,48,0,,356.9,25.1,26,C. в июле не продавалась
930609708,0351,"Картриджи CE400X-CE403A для принтеров HP LJ M551dn, LJ-M551n",от 10000 до 500 тыс,13.2,2,33205,1,44,0,,459.2,26.4,40,C. в июле не продавалась
1692504126,5622,Картридж TK-5370M для принтеров Kyocera ECOSYS MA3500cifx пу,Эксперимент1,11.0,9,33204,3,0,0,,103.3,35.5,33,C. в июле не продавалась
874374035,4264,"Картридж 006R01701 для принтеров Xerox AltaLink C8045, C8030",Вне РК — спрос без рекламы (08.08),15.0,6,32969,6,0,0,,101.2,29.7,35,C. в июле не продавалась
1261466769,4749,"Картридж W1470X для принтеров HP LaserJet M610dn, M611dn, M6",Эксперимент1,9.9,4,32954,1,9,0,,90.8,28.4,30,C. в июле не продавалась
1261466769,4749,"Картридж W1470X для принтеров HP LaserJet M610dn, M611dn, M6",от 5000 до 10000,14.3,4,32954,1,0,0,,90.8,28.4,32,C. в июле не продавалась
4560667390,6517,"Картридж 006R04387 для принтеров Xerox C230, C235 черный",Вне РК — спрос без рекламы (08.08),15.0,2,32823,2,0,0,100.0,301.2,25.2,45,B. продаёт сама
652456524,0306,"Картридж 78 для принтеров HP DeskJet 1280 DeskJet 1220, Copi",Вне РК — спрос без рекламы (08.08),15.0,6,32738,4,0,0,100.0,82.9,29.9,29,B. продаёт сама
870872471,2283,Картриджи 106R02763-106R02760 для принтеров Xerox Phaser 602,от 2000 до 5000,13.2,6,32611,1,14,4070,0.0,123.8,30.1,40,A. реклама тянет
864225294,0966,"Картридж 72Y для принтеров HP и Designjet T1100, DJ T1200, D",Эксперимент1,10.0,11,32351,4,76,0,100.0,111.1,31.2,30,B. продаёт сама
652805228,02373,Картридж для Kyocera EcoSys M2035DN,Эксперимент1,15.4,20,32129,2,143,1117,,50.9,30.8,18,C. в июле не продавалась
653317967,3672,Картридж 106R03766 для принтеров Xerox VersaLink C7000 желты,Эксперимент1,10.0,8,32047,7,0,0,100.0,99.0,26.7,30,B. продаёт сама
1153807642,3108,"Картриджи CLT-506L для принтеров Samsung CLP-680ND, CLX-6260",Эксперимент1,8.0,2,31940,1,0,0,100.0,344.9,24.7,24,B. продаёт сама
1153807642,3108,"Картриджи CLT-506L для принтеров Samsung CLP-680ND, CLX-6260",от 10000 до 500 тыс,12.0,2,31940,1,0,0,100.0,344.9,24.7,36,B. продаёт сама
3582284204,4054,"Картридж PFI-320MBk для принтеров Canon iPF TM-200, iPF TM 2",Эксперимент1,8.8,5,31765,3,13,0,,294.3,28.0,26,C. в июле не продавалась
1692378464,5510,Блок проявки DV-512Y для принтеров Konica Minolta Bizhub 224,от 10000 до 500 тыс,14.3,2,31537,1,0,0,,364.0,26.1,43,C. в июле не продавалась
1716069464,4647,Картридж TK-8545C для принтеров Kyocera TASKalfa 4054ci голу,Пустые РК,13.2,4,31392,2,25,0,,98.1,31.0,34,C. в июле не продавалась
1775320318,5781,"Фотобарабан 013R00691 для принтеров Xerox B225, B230, B235 ч",от 2000 до 5000,14.3,7,31329,4,155,6972,0.0,57.2,28.8,20,A. реклама тянет
873319893,3914,Картридж 106R04054 для принтеров Xerox Versalink C8000 голуб,Эксперимент1,8.0,2,31307,1,26,0,100.0,462.4,26.4,24,B. продаёт сама
2752827910,6541,"Картриджи CF330X-CF333A для принтеров HP Color LJ M651, LJ-M",от 10000 до 500 тыс,12.0,1,31279,1,40,0,100.0,693.5,22.5,36,B. продаёт сама
1268514030,4746,"Картридж PG-460XL для принтеров Canon Pixma MG5740, Pixma MG",Эксперимент1,8.0,5,31170,1,43,0,100.0,76.7,30.8,24,B. продаёт сама
1760605509,5770,"Картридж W2303X для принтеров HP Color LaserJet Pro 4203cdn,",Вне РК — спрос без рекламы (08.08),15.0,5,30688,3,0,0,100.0,73.4,33.1,26,B. продаёт сама
1261464561,4830,"Фотобарабан W1104A для принтеров HP Neverstop 1200 a, 1000a ",от 5000 до 10000,13.2,5,30611,1,120,0,,82.2,26.2,29,C. в июле не продавалась
3557210660,6850,"Картридж 40STB06 для принтеров F+ Imaging M40adn, M40adn20, ",Эксперимент1,8.8,2,30572,1,78,16089,0.0,324.6,26.0,26,A. реклама тянет
930621124,2405,"Картридж TK-5280BK для принтеров Kyocera Ecosys M6235cidn, M",от 2000 до 5000,14.0,8,29797,3,5,0,100.0,110.7,30.3,39,B. продаёт сама
930621124,2405,"Картридж TK-5280BK для принтеров Kyocera Ecosys M6235cidn, M",Эксперимент1,10.0,8,29797,3,0,0,100.0,110.7,30.3,30,B. продаёт сама
1744145428,5724,"Фотобарабан PCM247 для принтеров Катюша M247, Р247 черный",от 5000 до 10000,14.3,4,29693,2,9,0,,83.2,29.6,29,C. в июле не продавалась
1744145428,5724,"Фотобарабан PCM247 для принтеров Катюша M247, Р247 черный",Эксперимент1,11.0,4,29693,2,15,0,,83.2,29.6,29,C. в июле не продавалась
874377484,4309,"Картридж TN-328K для принтеров Konica Minolta Bizhub C250i, ",Эксперимент1,9.9,5,29632,3,74,5898,0.0,196.4,32.9,30,A. реклама тянет
863390563,0034,"Картриджи PGI-1400XL для принтеров Canon MAXIFY MB2040, MB20",от 2000 до 5000,13.2,10,29390,5,147,2874,0.0,88.3,32.0,31,A. реклама тянет
1153803205,2986,"Фотобарабан CLT-R406 DU для принтеров Samsung CLP-360, CLP 3",Вне РК — спрос без рекламы (08.08),15.0,5,29381,2,0,0,,97.2,32.2,34,C. в июле не продавалась
1153755481,2388,"Картридж TN-423BK для принтеров Brother DCP-L8410CDW, HL-L82",Эксперимент1,9.9,13,29219,3,45,2634,0.0,84.4,32.4,30,A. реклама тянет
3681617451,3902,"Картриджи №912XL для принтеров HP OfficeJet 8012, OfficeJet8",Эксперимент1,8.8,6,29116,6,29,0,0.0,72.5,31.3,25,A. реклама тянет
3681617451,3902,"Картриджи №912XL для принтеров HP OfficeJet 8012, OfficeJet8",от 5000 до 10000,13.2,6,29116,6,54,5115,0.0,72.5,31.3,25,A. реклама тянет
873319973,3906,Картридж TK-7125 для принтеров Kyocera TASKalfa 3212i черный,от 2000 до 5000,14.3,8,29011,1,31,0,,123.2,29.9,43,C. в июле не продавалась
874373782,4475,"Картридж 730PBK для принтеров HP DesignJet T1700, DJ T1700dr",Эксперимент1,8.8,2,28860,1,0,0,,373.9,26.6,26,C. в июле не продавалась
1155651311,3911,"Картридж W2032A для принтеров HP Color LaserJet M454dn, LJ P",Эксперимент1,8.0,9,28857,5,0,0,100.0,95.2,32.7,24,B. продаёт сама
874373801,4474,"Картридж 730GY для принтеров HP DesignJet T1700, DJ T1700dr ",Эксперимент1,8.8,2,28822,1,0,0,,369.9,26.4,26,C. в июле не продавалась
2919802361,6652,Фотобарабан + картридж PCM247+THM247 черный,Эксперимент1,8.8,2,28588,1,0,0,,263.6,25.6,26,C. в июле не продавалась
3874205937,6532,Картриджи TK-8325 для принтеров Kyocera TASKalfa 2551ci,Эксперимент1,8.8,2,28582,2,187,0,,269.2,24.4,26,C. в июле не продавалась
873314423,3069,Картриджи T9451-T9454 для принтеров Epson WorkForce Pro C521,Вне РК — спрос без рекламы (08.08),15.0,3,28380,2,0,0,,128.7,27.5,45,C. в июле не продавалась
653450896,2412,"Картридж TK-8115C для принтеров Kyocera и Ecosys M8124cidn, ",от 2000 до 5000,13.2,10,28047,3,0,0,,105.8,31.8,37,C. в июле не продавалась
873313593,3615,"Картридж KX-FAT421A7 для принтеров Panasonic KX-MB2230, KX M",Эксперимент1,9.9,4,27728,2,39,0,,179.0,28.5,30,C. в июле не продавалась
930620562,2227,"Фотобарабан CF234A для принтеров HP LaserJet Ultra M106, LJ ",от 2000 до 5000,16.5,8,27626,5,68,3168,0.0,138.6,30.8,49,A. реклама тянет
930620562,2227,"Фотобарабан CF234A для принтеров HP LaserJet Ultra M106, LJ ",Эксперимент1,11.0,8,27626,5,31,4106,0.0,138.6,30.8,33,A. реклама тянет
864225664,1080,"Картридж 006R01519 для принтеров Xerox и WorkCentre 7525, WC",от 2000 до 5000,15.4,7,27569,4,0,0,,55.8,29.9,20,C. в июле не продавалась
1999169975,5892,"Картридж PFI-030MBK для принтеров Canon imagePROGRAF TM-240,",от 5000 до 10000,14.3,4,27567,2,61,0,,82.9,29.1,29,C. в июле не продавалась
930617023,2764,Картриджи TK-8335 для принтеров Kyocera TASKalfa 3252ci,от 10000 до 500 тыс,13.2,2,27486,2,0,0,,570.4,26.5,40,C. в июле не продавалась
1155651379,3912,"Картридж W2033A для принтеров HP Color LaserJet M454dn, LJ P",Эксперимент1,10.0,9,27326,5,9,0,100.0,95.4,32.3,30,B. продаёт сама
864225246,0968,"Картридж 72 MBK для принтеров HP Designjet T1100, DJ T1200, ",Эксперимент1,11.0,12,27067,4,29,0,,111.1,31.2,33,C. в июле не продавалась
1221421165,2398,Фотобарабан CF365M DU для принтеров HP Color LaserJet Enterp,Эксперимент1,8.0,1,26918,1,0,0,100.0,554.4,26.5,24,B. продаёт сама
864225529,1001,"Картриджи 44469810-44469752 для принтеров OKI C510, C511, C5",от 10000 до 500 тыс,14.3,2,26817,1,15,0,,558.9,26.0,43,C. в июле не продавалась
2999103654,3087,"Картриджи 903XL для принтеров HP OfficeJet 6950, OfficeJet P",Пустые РК,13.2,6,26781,1,39,0,,72.7,33.1,25,C. в июле не продавалась
1574458195,5488,"Картридж 069 BK для принтеров Canon и i-SENSYS LBP673Cdw, MF",Эксперимент1,12.1,7,26640,1,0,0,,126.2,31.8,36,C. в июле не продавалась
1574458195,5488,"Картридж 069 BK для принтеров Canon и i-SENSYS LBP673Cdw, MF",от 2000 до 5000,16.5,7,26640,1,0,0,,126.2,31.8,44,C. в июле не продавалась
864225186,1042,"Картридж MLT-D111S для принтеров Samsung Xpress SL-M2070W, X",Эксперимент1,9.9,12,26600,5,13,0,,62.4,31.6,22,C. в июле не продавалась
866443839,2152,"Картридж CF540A для принтеров HP LaserJet Pro Color M254dw, ",Эксперимент1,9.0,9,26497,7,21,0,100.0,72.5,31.7,25,B. продаёт сама
2923195813,6676,Фотобарабан + картридж DR-2175 DU+TN-2175 для принтеров Brot,Эксперимент1,9.9,7,26168,1,27,0,,100.9,27.0,30,C. в июле не продавалась
930615411,0830,"Картридж C-EXV33 для принтеров Canon IR2520, IR2525 черный",Эксперимент1,11.0,12,26134,1,4,0,,81.9,32.1,29,C. в июле не продавалась
874376143,4470,"Картридж 730C для принтеров HP DesignJet T1700, DJ T1700dr г",Эксперимент1,8.8,2,26112,1,17,0,,369.9,26.4,26,C. в июле не продавалась
873313750,3617,"Фотобарабан 101R00664 DU для принтеров Xerox B-205, B 210, B",от 2000 до 5000,19.8,13,26104,4,1,0,,85.0,33.1,30,C. в июле не продавалась
873313750,3617,"Фотобарабан 101R00664 DU для принтеров Xerox B-205, B 210, B",Эксперимент1,8.8,13,26104,4,0,0,,85.0,33.1,26,C. в июле не продавалась
1692502756,5625,Картридж TK-5380C для принтеров Kyocera ECOSYS MA4000cifx го,Эксперимент1,8.0,6,26066,4,52,0,100.0,48.1,27.9,17,B. продаёт сама
2790290326,6575,"Картриджи PGI-35Bk-CLI-36 для принтеров Canon Pixma iP100, P",Эксперимент1,8.8,17,25984,5,130,0,,93.8,36.4,26,C. в июле не продавалась
651935900,38981,Картридж для HP OfficeJet 8013,от 1000-2000,12.0,13,25823,1,86,0,100.0,80.8,34.1,28,B. продаёт сама
3557211128,6809,"Картридж 055H BK для принтеров HP Color LaserJet M454dn, LJ ",от 2000 до 5000,13.2,6,25752,5,103,12477,0.0,136.7,34.4,40,A. реклама тянет
1692505542,5618,"Картридж TK-3300 для принтеров Kyocera и ECOSYS MA4500ifx, M",от 2000 до 5000,13.2,9,25733,2,11,0,,103.2,32.4,36,C. в июле не продавалась
1129396118,4645,Картриджи TNP-51 для принтеров Konica Minolta Bizhub C3110,от 10000 до 500 тыс,13.2,1,25600,1,2,0,,469.6,26.5,40,C. в июле не продавалась
1261562784,5247,"Фотобарабан DR-321CL для принтеров Brother HL-L8250, HL L920",от 10000 до 500 тыс,13.2,1,25381,1,61,0,,495.8,25.6,40,C. в июле не продавалась
873319970,3895,"Картриджи LC-3239XL для принтеров Brother HL-J6000DW, MFC-J5",Эксперимент1,8.8,3,25269,4,8,0,0.0,290.4,27.9,26,A. реклама тянет
873319970,3895,"Картриджи LC-3239XL для принтеров Brother HL-J6000DW, MFC-J5",от 10000 до 500 тыс,14.3,3,25269,4,45,9663,0.0,290.4,27.9,43,A. реклама тянет
3152787996,5376,"Картридж 069H для принтеров Canon i-SENSYS LBP-673Cdw, MF752",от 2000 до 5000,16.5,5,25235,2,36,0,,124.0,30.8,43,C. в июле не продавалась
2334951385,6250,"Картридж W2220A для принтеров HP Color LaserJet Pro 3203, LJ",Эксперимент1,8.8,2,24959,2,46,24959,0.0,90.7,28.6,26,A. реклама тянет
2512878869,6285,"Картриджи TK-8505 для принтеров Kyocera TASKalfa 4550ci, TAS",от 10000 до 500 тыс,12.0,1,24863,1,0,0,100.0,449.8,24.8,36,B. продаёт сама
2512878869,6285,"Картриджи TK-8505 для принтеров Kyocera TASKalfa 4550ci, TAS",Эксперимент1,8.0,1,24863,1,0,0,100.0,449.8,24.8,24,B. продаёт сама
874374362,4468,"Картридж T41F540 для принтеров Epson SureColor SC-T3400, Sur",от 10000 до 500 тыс,13.2,1,24757,1,0,0,,566.3,26.7,40,C. в июле не продавалась
653122493,3534,"Картридж TN-910BK для принтеров Brother и HL-L9310, MFC-L957",от 2000 до 5000,17.6,10,24396,1,21,0,,88.7,34.7,31,C. в июле не продавалась
653122493,3534,"Картридж TN-910BK для принтеров Brother и HL-L9310, MFC-L957",Эксперимент1,15.4,10,24396,1,0,0,,88.7,34.7,31,C. в июле не продавалась
1143063200,5154,"Фотобарабан DO-428 для принтеров M7108DN, P3308DN черный",Эксперимент1,8.8,10,24361,3,19,0,,71.9,31.6,25,C. в июле не продавалась
1143063200,5154,"Фотобарабан DO-428 для принтеров M7108DN, P3308DN черный",от 2000 до 5000,13.2,10,24361,3,0,0,,71.9,31.6,25,C. в июле не продавалась
873319526,4053,"Картридж PFI-320Bk для принтеров Canon и iPF TM-200, iPF TM ",от 10000 до 500 тыс,14.3,2,24324,2,0,0,,294.8,28.1,43,C. в июле не продавалась
2138962068,6205,"Картридж №62XL для принтеров HP Envy 5540, Envy5541, Officej",Пустые РК,13.2,4,24204,2,57,0,,84.8,30.1,30,C. в июле не продавалась
904484400,4355,"Картридж 653 для принтеров HP DJ Ink Advantage 6000, DJ 6075",от 2000 до 5000,14.3,5,24152,2,76,0,,71.2,31.3,25,C. в июле не продавалась
904484400,4355,"Картридж 653 для принтеров HP DJ Ink Advantage 6000, DJ 6075",Эксперимент1,9.9,5,24152,2,7,0,,71.2,31.3,25,C. в июле не продавалась
1155651345,3910,"Картридж W2031A для принтеров HP Color LaserJet M454dn, LJ P",от 2000 до 5000,13.0,8,24088,5,0,0,100.0,85.2,31.8,30,B. продаёт сама
864225349,0962,"Картриджи 711 для принтеров HP DesignJet T120, DJ-T125, DJ T",от 2000 до 5000,13.2,7,24014,5,201,3838,47.0,96.4,31.3,34,A. реклама тянет
1153669013,1797,"Фотобарабан 44064011 DU для принтеров OKI C 810, C 821, C 83",Эксперимент1,8.8,2,23864,1,31,0,,157.5,26.3,26,C. в июле не продавалась
930612458,0516,"Картридж 44574906 для принтеров OKI B431, MB461dn, MB471dnw ",Эксперимент1,8.0,11,23843,5,7,0,70.0,72.3,32.8,24,B. продаёт сама
930612458,0516,"Картридж 44574906 для принтеров OKI B431, MB461dn, MB471dnw ",от 2000 до 5000,12.0,11,23843,5,21,2495,70.0,72.3,32.8,25,B. продаёт сама
984584467,4732,Картридж TN-227M для принтеров Konica Minolta Bizhub C257i п,Вне РК — спрос без рекламы (08.08),15.0,4,23825,3,0,0,,76.8,30.7,27,C. в июле не продавалась
873320626,3770,"Картриджи W2070X-W2073X для принтеров HP Color Laser 150a, H",от 5000 до 10000,15.4,3,23762,1,14,0,,177.2,28.5,46,C. в июле не продавалась
873320626,3770,"Картриджи W2070X-W2073X для принтеров HP Color Laser 150a, H",Эксперимент1,11.0,3,23762,1,53,0,,177.2,28.5,33,C. в июле не продавалась
1769491634,5773,"Картридж 070 для принтеров Canon i-SENSYS MF461dw, LBP243dw,",от 2000 до 5000,13.2,7,23669,4,111,3320,0.0,109.4,33.0,38,A. реклама тянет
2915894538,6638,Фотобарабан + картридж 101R00432 +106R01277 (2 ) для принтер,от 10000 до 500 тыс,13.2,1,23633,1,46,47266,0.0,379.3,20.9,40,A. реклама тянет
652353545,085111,"Картридж для Brother MFC-L2720DWR, MFC-L2740DWR, DCP-L2500DR",Эксперимент1,12.0,18,23456,3,134,0,100.0,48.6,30.7,17,B. продаёт сама
863431331,0343,"Картриджи 178XL для принтеров HP DeskJet 3070A, DESKJET 3522",Эксперимент1,8.0,11,23449,1,118,0,100.0,73.6,31.8,24,B. продаёт сама
930640232,2641,"Картридж TN-324Y для принтеров Konica Minolta и Bizhub C258,",Эксперимент1,9.0,5,23376,4,8,0,100.0,141.5,30.4,27,B. продаёт сама
866443442,1602,"Картридж CLT-C609S для принтеров Samsung и CLP-770, CLP 770N",Эксперимент1,11.0,2,23267,1,10,0,,187.3,27.2,33,C. в июле не продавалась
1143060743,5216,"Картридж S015339 для принтеров Epson PLQ-20, PLQ-20M",Вне РК — спрос без рекламы (08.08),15.0,11,23249,1,0,0,,98.0,33.6,34,C. в июле не продавалась
864225625,1081,"Картридж 006R01520 для принтеров Xerox и WorkCentre 7525, WC",Вне РК — спрос без рекламы (08.08),15.0,6,23221,4,0,0,,68.6,30.4,24,C. в июле не продавалась
1659435372,5527,"Картридж W1450X для принтеров HP LaserJet Pro 3001dw, LJ Pro",Вне РК — спрос без рекламы (08.08),15.0,9,23126,1,0,0,,88.3,30.3,31,C. в июле не продавалась
930613370,0808,Картридж CE410A для принтеров HP Color LaserJet Pro 300 M351,от 1000-2000,12.0,16,23090,8,113,1240,75.0,97.8,32.4,34,B. продаёт сама
4287210924,3754,"Картриджи 46861324-46861321 для принтеров OKI C834, C844",Эксперимент1,8.8,1,22872,1,59,0,,597.1,26.3,26,C. в июле не продавалась
873319623,3958,"Картридж для HP LaserJet Pro M430f, LJ M406, LJ Pro M304, LJ",от 2000 до 5000,17.6,6,22834,2,0,0,,113.7,31.2,40,C. в июле не продавалась
904485729,4266,"Картридж 006R01703 для принтеров Xerox и AltaLink C8030, C80",Эксперимент1,8.8,4,22776,2,30,0,,148.0,29.8,26,C. в июле не продавалась
1153740852,2041,"Картридж TN-611C для принтеров Konica Minolta Bizhub C451, B",Пустые РК,12.0,1,22742,1,0,0,100.0,681.6,26.3,36,B. продаёт сама
1153736550,2043,"Картридж TN-611Y для принтеров Konica Minolta Bizhub C451, B",Пустые РК,12.0,1,22742,1,0,0,100.0,681.6,26.3,36,B. продаёт сама
1163041118,2042,"Картридж TN-611M для принтеров Konica Minolta Bizhub C451, B",Пустые РК,12.0,1,22742,1,0,0,100.0,681.6,26.3,36,B. продаёт сама
874373938,4466,"Картридж T41F340 для принтеров Epson SureColor SC-T3400, Sur",от 10000 до 500 тыс,13.2,1,22638,1,0,0,,577.6,26.5,40,C. в июле не продавалась
906876626,2226,"Картридж 51F5H00 для принтеров Lexmark MS312, MS415dn, MS312",Эксперимент1,8.8,8,22548,2,9,0,,93.2,31.8,26,C. в июле не продавалась
652547575,0018,"Картридж E30 для принтеров Canon FC-100, FC 108, FC120, FC-1",от 2000 до 5000,13.2,5,22356,1,13,0,,142.2,30.4,40,C. в июле не продавалась
930640391,0714,"Картридж 718 BK для принтеров Canon i-SENSYS MF8580Cdw, LBP7",Эксперимент1,11.0,6,22331,2,17,0,,103.0,31.6,33,C. в июле не продавалась
873319780,3890,"Картриджи LC-3237 для принтеров Brother HL-J6000DW, MFC-J594",от 5000 до 10000,14.3,3,22315,3,0,0,,178.2,29.0,43,C. в июле не продавалась
873319780,3890,"Картриджи LC-3237 для принтеров Brother HL-J6000DW, MFC-J594",Эксперимент1,11.0,3,22315,3,34,0,,74.9,29.0,26,C. в июле не продавалась
1692497601,5628,Картридж TK-5380Y для принтеров Kyocera ECOSYS MA4000cifx же,Эксперимент1,9.0,5,22143,3,16,0,100.0,69.9,28.4,24,B. продаёт сама
1692502062,5627,Картридж TK-5380M для принтеров Kyocera ECOSYS MA4000cifx пу,Эксперимент1,8.0,5,22001,3,0,0,100.0,69.9,28.4,24,B. продаёт сама
874375957,4471,"Картридж 730M для принтеров HP DesignJet T1700, DJ T1700dr п",Вне РК — спрос без рекламы (08.08),15.0,2,21966,1,0,0,,178.0,28.2,45,C. в июле не продавалась
1771581290,5719,"Картридж 006R04368 для принтеров Xerox C315, C310",от 2000 до 5000,12.0,4,21928,3,14,0,100.0,60.1,34.0,21,B. продаёт сама
1771581290,5719,"Картридж 006R04368 для принтеров Xerox C315, C310",Эксперимент1,9.0,4,21928,3,21,0,100.0,60.1,34.0,21,B. продаёт сама
653348091,3264,"Картридж TL-420X для Pantum M6700DW, M6800FDW, M7100DN, M720",Эксперимент1,13.0,10,21881,5,10,0,100.0,67.6,30.7,24,B. продаёт сама
652453599,0308,"Картридж 135 для принтеров HP DeskJet 460c, DeskJet460cb, Of",от 2000 до 5000,12.0,7,21858,5,100,0,100.0,101.6,32.5,36,B. продаёт сама
906877529,3212,"Картридж TN-421BK для принтеров Brother DCP-L8410CDW, HL-L82",Эксперимент1,8.0,4,21798,1,27,0,100.0,77.3,31.1,24,B. продаёт сама
652558295,2293,"Картридж CF530A для принтеров HP Color LJ Pro M154 a, LJ Pro",Эксперимент1,10.0,8,21748,6,18,0,100.0,107.6,36.4,30,B. продаёт сама
3953676250,6409,Картридж TK-5450B для принтеров Kyocera ECOSYS MA2600cfx чер,Эксперимент1,8.8,4,21727,1,69,0,,102.9,32.0,26,C. в июле не продавалась
3199419252,5043,"Печатающая головка C9384A для принтеров HP Designjet T1100, ",от 10000 до 500 тыс,13.2,1,21657,1,74,0,,411.9,26.6,40,C. в июле не продавалась
1261466566,4702,"Картридж №761 для принтеров HP DesignJet T7100, DJ T7200 сер",Эксперимент1,8.8,1,21583,1,7,0,,442.1,26.5,26,C. в июле не продавалась
1155649322,0777,"Картридж CE740A для принтеров HP и LaserJet CP5220, LJ-CP522",от 5000 до 10000,13.2,2,21548,2,13,0,,230.3,29.5,40,C. в июле не продавалась
1153793912,2776,"Картридж X746A1CG для принтеров Lexmark и X740s, X746 голубо",Эксперимент1,8.8,1,21547,1,0,0,,200.2,26.4,26,C. в июле не продавалась
873314380,3821,"Картриджи SPC250H для принтеров Ricoh MC250FW, PC301W",от 10000 до 500 тыс,13.2,1,21433,1,7,0,,560.2,25.9,40,C. в июле не продавалась
2926854950,6716,Фотобарабан + картридж DR-312K+TN-323 для принтеров Konica M,от 10000 до 500 тыс,14.3,1,21392,1,0,0,,390.3,25.6,43,C. в июле не продавалась
904485783,4213,"Картридж W2210X для принтеров HP LaserJet Pro Color M282 nw,",от 2000 до 5000,14.3,4,21388,2,0,0,,109.3,32.5,38,C. в июле не продавалась
904485783,4213,"Картридж W2210X для принтеров HP LaserJet Pro Color M282 nw,",Эксперимент1,11.0,4,21388,2,0,0,,109.3,32.5,33,C. в июле не продавалась
1911203514,5879,"Фотобарабан 55B0ZA0 для принтеров Lexmark MS331, MS431, MX33",Эксперимент1,8.8,4,21266,1,14,0,,67.1,31.5,23,C. в июле не продавалась
2999115112,5377,"Картридж 069H для принтеров Canon i-SENSYS LBP-673Cdw, MF752",Пустые РК,13.0,5,21128,5,0,0,100.0,127.0,31.9,39,B. продаёт сама
1999437759,5969,"Картридж TN-2510XL для принтеров Brother DCP-L2620DWR, DCP L",от 2000 до 5000,12.0,10,21068,3,32,0,100.0,84.4,33.4,30,B. продаёт сама
1556486995,5446,"Картридж TK-3430 для принтеров Kyocera ECOSYS MA5500ifx, PA5",Эксперимент1,11.0,6,21065,6,35,0,,122.1,32.2,33,C. в июле не продавалась
1556486995,5446,"Картридж TK-3430 для принтеров Kyocera ECOSYS MA5500ifx, PA5",от 2000 до 5000,14.3,6,21065,6,12,0,,122.1,32.2,43,C. в июле не продавалась
1165086595,2627,Фотобарабан CF358A для принтеров HP Color LaserJet Enterpris,Эксперимент1,8.0,1,21052,1,7,0,100.0,537.9,25.0,24,B. продаёт сама
1165086595,2627,Фотобарабан CF358A для принтеров HP Color LaserJet Enterpris,от 10000 до 500 тыс,12.0,1,21052,1,1,0,100.0,537.9,25.0,36,B. продаёт сама
1165086382,2396,Фотобарабан CF359A для принтеров HP Color LaserJet Enterpris,от 10000 до 500 тыс,12.0,1,21052,1,0,0,100.0,315.8,24.4,36,B. продаёт сама
930622287,2357,"Картридж CF256A для принтеров HP LaserJet M433, LJ M436n, LJ",от 2000 до 5000,13.2,8,20916,2,2,3157,58.0,95.9,31.3,34,A. реклама тянет
930622287,2357,"Картридж CF256A для принтеров HP LaserJet M433, LJ M436n, LJ",Эксперимент1,8.8,8,20916,2,29,0,58.0,95.9,31.3,26,A. реклама тянет
2912312752,6625,Фотобарабан + картридж DR-12 DU+TN-14 для принтеров Brother ,от 2000 до 5000,13.2,6,20837,2,0,0,,101.0,27.6,35,C. в июле не продавалась
1510949009,5387,"Картридж 055H Y для принтеров Canon и i-SENSYS MF 741, MF 74",Эксперимент1,9.9,5,20797,3,6,0,,121.9,32.8,30,C. в июле не продавалась
1163041075,1983,"Картридж 006R01224 для принтеров Xerox DC240, DC250, WC7655,",Пустые РК,12.0,2,20774,1,0,0,100.0,239.4,27.6,36,B. продаёт сама
651909718,23554,"Картридж для Canon i-SENSYS MF-421dw, MF-426dw, MF 428x, MF4",Вне РК — спрос без рекламы (08.08),15.0,7,20734,5,0,0,,97.6,31.4,34,C. в июле не продавалась
866443918,2146,"Картридж SP4500HE для принтеров Ricoh SP 4510DN, SP 4510SF ч",от 2000 до 5000,14.3,8,20727,6,0,0,,76.9,31.9,27,C. в июле не продавалась
2912097101,6622,Фотобарабан + картридж DR-2085 DU+TN-2085 для принтеров Brot,от 2000 до 5000,15.4,5,20465,5,29,13584,0.0,97.1,25.1,34,A. реклама тянет
930608781,0262,"Картридж 106R01277 для принтеров Xerox WorkCentre 5016, WC 5",Эксперимент1,9.0,12,20422,6,51,0,,37.2,28.8,13,C. в июле не продавалась
930617286,2371,"Картридж MP-2014H для принтеров Ricoh Aficio MP-2014D, IM 27",Эксперимент1,8.8,10,20374,4,0,0,,82.3,32.2,26,C. в июле не продавалась
874373960,4530,"Картриджи MX-61GTBA - MX-61GTYA для принтеров Sharp MX-3050,",от 10000 до 500 тыс,12.0,1,20357,1,0,0,100.0,457.5,24.4,36,B. продаёт сама
930607254,0352,Картриджи CC530A-CC533A для принтеров HP Color LaserJet CM23,от 5000 до 10000,12.0,2,20296,1,92,0,100.0,213.5,27.5,36,B. продаёт сама
874373539,4536,"Картридж №981 для принтеров HP PageWide Color 556, PW Color ",от 5000 до 10000,13.0,2,20293,2,0,0,100.0,249.7,27.7,39,B. продаёт сама
930617488,2278,Картриджи 106R01446-106R01443 для принтеров Xerox Phaser 750,от 10000 до 500 тыс,13.2,1,20251,1,0,0,,417.2,26.3,40,C. в июле не продавалась
930617488,2278,Картриджи 106R01446-106R01443 для принтеров Xerox Phaser 750,Эксперимент1,8.8,1,20251,1,28,0,,417.2,26.3,26,C. в июле не продавалась
874374199,4272,"Фотобарабан 108R01420 DU для принтеров Xerox Phaser 6510, WC",от 10000 до 500 тыс,14.3,2,20034,1,42,0,,302.4,27.6,43,C. в июле не продавалась
3557209843,6452,"Чернила GI-46PGBK для принтеров Canon MAXIFY GX5040, GX6040,",от 1000-2000,13.2,9,19990,6,90,5775,0.0,77.9,31.3,27,A. реклама тянет
3557209843,6452,"Чернила GI-46PGBK для принтеров Canon MAXIFY GX5040, GX6040,",Эксперимент1,8.8,9,19990,6,31,0,0.0,77.9,31.3,26,A. реклама тянет
1744145207,5734,"Картридж BPGT20CA для принтеров Sharp и C-CUBE-BP10Р 20EU, B",от 2000 до 5000,12.0,3,19978,1,0,0,100.0,241.2,29.9,36,B. продаёт сама
2129682591,6102,Фотобарабан + картридж TN-1075+DR-1075 для принтеров Brother,от 2000 до 5000,14.3,8,19797,1,58,0,,98.7,32.7,35,C. в июле не продавалась
1143061121,5191,"Картридж T-2802E для принтеров Toshiba e-Studio 2802AF, e-St",Эксперимент1,11.0,5,19744,3,16,0,0.0,55.8,29.8,20,A. реклама тянет
1143061121,5191,"Картридж T-2802E для принтеров Toshiba e-Studio 2802AF, e-St",Пустые РК,15.4,5,19744,3,4,5255,0.0,55.8,29.8,20,A. реклама тянет
1143061121,5191,"Картридж T-2802E для принтеров Toshiba e-Studio 2802AF, e-St",от 2000 до 5000,14.3,5,19744,3,0,0,0.0,55.8,29.8,20,A. реклама тянет
870872628,2426,Картридж MPC2503K для принтеров Ricoh Aficio MPC2003 черный,от 2000 до 5000,14.0,5,19738,2,0,0,100.0,99.7,28.7,35,B. продаёт сама
906877301,2760,"Картридж TK-8335K для принтеров Kyocera TASKalfa 3252ci, TAS",Эксперимент1,9.9,4,19656,4,13,0,,149.1,30.5,30,C. в июле не продавалась
906877301,2760,"Картридж TK-8335K для принтеров Kyocera TASKalfa 3252ci, TAS",от 2000 до 5000,13.2,4,19656,4,11,0,,149.1,30.5,40,C. в июле не продавалась
2129710726,6082,"Картридж CTL-2200HBK для принтеров CM2200FDW, CP2200DW черны",Пустые РК,12.0,1,19620,1,8,0,100.0,580.8,25.2,36,B. продаёт сама
906874407,5360,"Картридж 729 для принтеров Canon i-SENSYS LBP7010C, LBP7018C",от 1000-2000,16.5,11,19401,5,0,0,,66.5,34.9,23,C. в июле не продавалась
906874407,5360,"Картридж 729 для принтеров Canon i-SENSYS LBP7010C, LBP7018C",Эксперимент1,17.6,11,19401,5,66,0,,66.5,34.9,23,C. в июле не продавалась
2031645654,6077,"Картридж TK-410 для принтеров Kyocera KM-1620, KM 1635, KM16",от 2000 до 5000,15.4,6,19377,4,70,4149,0.0,109.4,31.9,38,A. реклама тянет
904484164,4220,"Картриджи 842255-842258 для принтеров Ricoh IM-C3000, IM-C35",от 10000 до 500 тыс,13.2,1,19188,1,27,0,,381.5,26.1,40,C. в июле не продавалась
5280121327,5631X10,Комплект тонер-картриджей TK-5440K (10 шт.) на 26000 страниц,Вне РК — спрос без рекламы (08.08),15.0,1,19134,1,0,0,,801.4,49.2,45,C. в июле не продавалась
1153752721,2233,"Картридж TN-322 для принтеров Konica Minolta и Bizhub 224, B",Эксперимент1,11.0,4,19038,4,29,0,0.0,104.6,29.7,33,A. реклама тянет
1153752721,2233,"Картридж TN-322 для принтеров Konica Minolta и Bizhub 224, B",от 2000 до 5000,13.2,4,19038,4,32,6100,0.0,104.6,29.7,37,A. реклама тянет
2262638561,6249,"Картридж TK240XL для принтеров Катюша M140, M240, P140 черны",Вне РК — спрос без рекламы (08.08),15.0,4,19004,1,0,0,,50.8,29.4,18,C. в июле не продавалась
1760597241,5769,"Картридж W2302X для принтеров HP Color LaserJet Pro 4203cdn,",Вне РК — спрос без рекламы (08.08),15.0,4,18988,2,0,0,100.0,71.1,32.2,25,B. продаёт сама
1153736828,1982,"Картридж 006R01223 для принтеров Xerox DC240, DC250, WC7655,",Эксперимент1,8.0,2,18962,1,1,0,100.0,204.6,26.2,24,B. продаёт сама
906877563,3972,"Картридж 47095706 для принтеров OKI Data C824, Data C834 пур",Эксперимент1,8.8,3,18948,3,0,0,,65.2,30.1,23,C. в июле не продавалась
873313907,3516,"Картриджи CLT-503L для принтеров Samsung SL-C3010, SL-C3060",от 10000 до 500 тыс,13.2,1,18890,1,0,0,,468.8,26.4,40,C. в июле не продавалась
873313907,3516,"Картриджи CLT-503L для принтеров Samsung SL-C3010, SL-C3060",Эксперимент1,8.8,1,18890,1,5,0,,468.8,26.4,26,C. в июле не продавалась
653145679,0857,"Картридж TN-245C для принтеров Brother DCP-9020cdw, HL-3140c",Эксперимент1,11.0,8,18733,6,49,8684,0.0,75.9,33.0,27,A. реклама тянет
864225048,0980,"Картридж 44992404 для принтеров OKI MB451w, B401, MB441",от 1000-2000,13.2,11,18714,1,0,0,,45.3,31.7,16,C. в июле не продавалась
904473501,1318,"Картридж 45807102 для принтеров OKI B412, Data B432, B512, M",Эксперимент1,8.0,8,18707,5,117,0,100.0,74.2,32.2,24,B. продаёт сама
653454403,2400,"Картридж TK-5270BK для принтеров Kyocera и EcoSys M6230cidn,",Эксперимент1,8.8,4,18612,4,0,0,44.0,99.5,32.2,26,A. реклама тянет
653454403,2400,"Картридж TK-5270BK для принтеров Kyocera и EcoSys M6230cidn,",от 2000 до 5000,13.2,4,18612,4,30,4297,44.0,99.5,32.2,35,A. реклама тянет
864225326,0997,"Картридж 44469810 для принтеров OKI C510, C510dn, C511, C530",Эксперимент1,9.0,5,18237,2,0,0,100.0,113.6,29.8,27,B. продаёт сама
864225326,0997,"Картридж 44469810 для принтеров OKI C510, C510dn, C511, C530",от 2000 до 5000,12.0,5,18237,2,0,0,100.0,113.6,29.8,36,B. продаёт сама
873313150,3557,"Картриджи TK-865 для принтеров Kyocera TASKalfa 250ci, TASKa",от 10000 до 500 тыс,14.3,1,18199,1,0,0,,969.9,23.7,43,C. в июле не продавалась
873313150,3557,"Картриджи TK-865 для принтеров Kyocera TASKalfa 250ci, TASKa",Эксперимент1,9.9,1,18199,1,4,0,,415.7,23.7,30,C. в июле не продавалась
2129688773,6116,"Картриджи 44844613-44844616 для принтеров OKI C 822, C-822DN",от 10000 до 500 тыс,12.0,1,18128,2,12,0,100.0,413.0,25.3,36,B. продаёт сама
2209356933,0370,Картриджи CE310A-CE313A,Эксперимент1,8.8,4,18102,3,30,0,49.0,65.5,30.2,23,A. реклама тянет
2209356933,0370,Картриджи CE310A-CE313A,от 2000 до 5000,13.2,4,18102,3,59,4555,49.0,65.5,30.2,23,A. реклама тянет
874373550,4517,Картриджи 841853 - 841856 для принтеров Ricoh Aficio MP C450,от 10000 до 500 тыс,13.2,1,18054,1,0,0,,364.6,26.5,40,C. в июле не продавалась
1153726407,1996,Фотобарабан DR-311K DU для принтеров Konica Minolta Bizhub C,от 5000 до 10000,13.2,3,18002,2,136,0,,219.9,27.3,40,C. в июле не продавалась
1261506552,4719,"Фотобарабан 108R01121 M DU для принтеров Xerox Phaser 6600, ",Эксперимент1,8.0,1,18002,1,0,0,100.0,137.0,25.3,24,B. продаёт сама
4493612496,21462,Картридж для Ricoh SP 4510SF,Эксперимент1,8.8,6,17732,6,65,11592,35.0,76.7,29.8,26,A. реклама тянет
1155649450,0778,"Картридж CE741A для принтеров HP и LaserJet CP5220, LJ-CP522",Вне РК — спрос без рекламы (08.08),15.0,2,17648,3,0,0,100.0,115.6,27.5,40,B. продаёт сама
2497486788,5945,"Картридж C-EXV65 M для принтеров Canon imageRUNNER C3326, iR",Вне РК — спрос без рекламы (08.08),15.0,3,17634,3,0,0,,76.0,31.8,27,C. в июле не продавалась
904484047,3971,"Картридж 47095707 для принтеров OKI Data C824, Data C834 гол",Эксперимент1,8.8,3,17628,3,24,0,,161.2,30.0,26,C. в июле не продавалась
866443913,2176,"Картриджи TK-5230 для принтеров Kyocera Ecosys M5521cdn, P50",Эксперимент1,8.8,4,17575,1,55,3766,0.0,135.2,29.7,26,A. реклама тянет
874377206,4323,"Картридж T6935 для принтеров Epson SureColor SC-SC-T7200, SC",Эксперимент1,8.8,1,17370,1,28,0,,311.7,26.5,26,C. в июле не продавалась
930626294,1717,"Картридж TK-865Y для принтеров Kyocera TASKalfa 250ci, TASKa",Эксперимент1,8.0,1,17346,1,0,0,100.0,134.5,26.2,24,B. продаёт сама
930626347,1716,"Картридж TK-865M для принтеров Kyocera TASKalfa 250ci, TASKa",от 2000 до 5000,12.0,1,17346,1,0,0,100.0,382.8,26.2,36,B. продаёт сама
1153664972,1714,"Картридж TK-865C для принтеров Kyocera TASKalfa 250ci, TASKa",Эксперимент1,8.8,1,17346,1,18,17346,0.0,135.5,26.3,26,A. реклама тянет
653348663,0619,"Фотобарабан 113R00670 DU для принтеров Xerox Phaser 5500, Ph",от 10000 до 500 тыс,13.2,1,17329,1,0,0,,348.1,26.2,40,C. в июле не продавалась
1134976622,4971,Картриджи CLI-42 для принтеров Canon Pixma PRO-100 набор cmy,от 5000 до 10000,14.3,3,17294,3,182,0,,77.9,30.7,27,C. в июле не продавалась
873314096,3370,"Картридж T8651 для принтеров Epson WorkForce Pro M5190, WF P",от 2000 до 5000,13.2,7,17124,2,0,0,,88.9,32.0,31,C. в июле не продавалась
2909352668,6611,Фотобарабан + картридж DR-2335 DU+TN-2375X для принтеров Bro,Эксперимент1,8.8,4,16995,1,10,3811,0.0,131.8,31.4,26,A. реклама тянет
866443531,1604,"Картридж CLT-K609S для принтеров Samsung и CLP-770, CLP 770N",Эксперимент1,11.0,2,16697,2,0,0,,86.6,27.9,30,C. в июле не продавалась
1744145180,5736,"Картридж BPGT20YA для принтеров Sharp и C-CUBE-BP10Р 20EU, B",Эксперимент1,9.0,3,16533,2,0,0,100.0,241.1,29.8,27,B. продаёт сама
4527402621,54392,Картридж для Brother MFC-J2340DW,от 2000 до 5000,13.2,4,16524,4,45,16524,0.0,145.8,34.6,40,A. реклама тянет
4527402621,54392,Картридж для Brother MFC-J2340DW,Эксперимент1,8.8,4,16524,4,0,0,0.0,51.2,34.6,18,A. реклама тянет
4796967228,48372,Картридж для HP DesignJet Studio Steel,Вне РК — спрос без рекламы (08.08),15.0,2,16474,2,0,0,100.0,84.0,29.1,29,B. продаёт сама
3735041269,6882,"Картридж 006R04390 для принтеров Xerox C230, C235 желтый",Вне РК — спрос без рекламы (08.08),15.0,1,16419,1,0,0,100.0,160.9,25.0,45,B. продаёт сама
3735031554,6881,"Картридж 006R04389 для принтеров Xerox C230, C235 пурпурный",Вне РК — спрос без рекламы (08.08),15.0,1,16419,1,0,0,100.0,298.4,25.0,45,B. продаёт сама
1220113334,2397,Фотобарабан CF364Y DU для принтеров HP Color LaserJet Enterp,Эксперимент1,8.0,1,16351,1,7,0,100.0,461.7,26.3,24,B. продаёт сама
873312859,3199,"Картридж SP-3710X для принтеров Ricoh Aficio SP-3710SF, 3710",от 2000 до 5000,15.4,5,16349,1,0,0,,109.5,31.1,38,C. в июле не продавалась
873312859,3199,"Картридж SP-3710X для принтеров Ricoh Aficio SP-3710SF, 3710",Эксперимент1,11.0,5,16349,1,0,0,,109.5,31.1,33,C. в июле не продавалась
930641567,0833,"Фотобарабан C-EXV18 DU для принтеров Canon IR-1018, iR 1020,",от 5000 до 10000,13.2,2,16346,2,58,8596,0.0,88.3,28.8,31,A. реклама тянет
3735014796,6454,"Чернила GI-46 для принтеров Canon MAXIFY GX5040, GX6040, GX7",Эксперимент1,8.8,5,16343,5,212,0,,83.9,29.9,26,C. в июле не продавалась
873320128,3751,"Картридж 46861323 для принтеров OKI C834, C844 голубой",Эксперимент1,9.9,2,16264,2,33,0,,93.7,30.6,30,C. в июле не продавалась
1220205990,5230,"Картридж 067H для принтеров Canon i-SENSYS LBP631CW, LBP633,",Эксперимент1,9.9,7,16257,2,29,0,,75.9,32.6,27,C. в июле не продавалась
863385712,5313,"Картридж C7115A для принтеров HP HP LaserJet 1200, LJ 1220, ",от 2000 до 5000,13.2,6,16170,5,75,0,,83.9,31.7,29,C. в июле не продавалась
652456884,2184,"Картридж 953XLC для принтеров HP OfficeJet Pro 7720, OfficeJ",Эксперимент1,8.0,10,16122,5,28,0,,36.9,28.8,13,C. в июле не продавалась
1716069449,4646,Картридж TK-8545K для принтеров Kyocera TASKalfa 4054ci черн,от 10000 до 500 тыс,14.3,2,15922,1,10,0,,259.0,27.9,43,C. в июле не продавалась
2916222439,6640,Фотобарабан + картридж KX-FAD93A DU+KX-FAT92A для принтеров ,Эксперимент1,8.8,2,15832,1,38,0,,78.7,25.9,26,C. в июле не продавалась
652468921,2185,"Картридж 953XLM для принтеров HP OfficeJet Pro 7720, OfficeJ",Эксперимент1,7.0,10,15813,6,36,0,100.0,36.9,28.8,13,B. продаёт сама
866442794,1341,"Картридж 006R01461 для принтеров Xerox WorkCentre 7120, WC-7",Эксперимент1,8.0,3,15788,1,12,0,100.0,61.4,29.8,21,B. продаёт сама
653327159,0279,"Картридж MLT-D205L для Samsung SCX-4833FR, SCX-4835, SCX 563",Эксперимент1,9.9,5,15549,1,8,0,,114.4,31.1,30,C. в июле не продавалась
653327159,0279,"Картридж MLT-D205L для Samsung SCX-4833FR, SCX-4835, SCX 563",от 2000 до 5000,16.5,5,15549,1,35,0,,114.4,31.1,40,C. в июле не продавалась
2926045785,6709,Фотобарабан + картридж 101R00435 DU+106R01305 для принтеров ,Вне РК — спрос без рекламы (08.08),15.0,1,15506,2,0,0,,360.6,25.1,45,C. в июле не продавалась
653324138,0792,"Картридж CLT-K406S для принтеров Samsung CLX-3305FW, CLP-360",Эксперимент1,9.0,8,15484,6,85,0,100.0,78.2,31.1,27,B. продаёт сама
863386218,3263,"Фотобарабан DL-420 XL DU для принтеров M6700D, M6800FDW, M71",Эксперимент1,11.0,6,15463,3,6,0,,73.1,31.7,26,C. в июле не продавалась
1659447088,5529,"Картридж W1490A для принтеров HP LaserJet Pro 4002, LJ Pro 4",от 2000 до 5000,13.2,4,15417,3,1,7992,34.0,103.3,29.5,36,A. реклама тянет
930614120,0122,"Картридж TK-435 для принтеров Kyocera TASKalfa 180, TASKalfa",от 2000 до 5000,13.2,5,15417,2,33,0,,96.3,31.2,34,C. в июле не продавалась
653325369,1328,"Картридж CLT-K404S для принтеров Samsung SL-C480W, SL-C430, ",Эксперимент1,9.9,6,15413,3,14,0,,92.1,35.4,30,C. в июле не продавалась
930607321,1212,"Картридж TK-895Y для принтеров Kyocera FS-C8020MFP, FS C8025",Эксперимент1,9.9,4,15400,3,1,0,,107.6,31.6,30,C. в июле не продавалась
863431258,0249,"Картридж TN-2275 для принтеров Brother DCP-7070DWR, FAX-2845",Эксперимент1,8.0,8,15371,2,0,0,100.0,56.2,31.5,20,B. продаёт сама
863431258,0249,"Картридж TN-2275 для принтеров Brother DCP-7070DWR, FAX-2845",от 1000-2000,12.0,8,15371,2,0,0,100.0,56.2,31.5,20,B. продаёт сама
873313582,3386,"Блок проявки DV-170 для принтеров Kyocera EcoSys P2135, FS-1",Эксперимент1,8.0,1,15367,1,144,0,100.0,319.8,26.3,24,B. продаёт сама
1586847014,5499,"Картридж 842454 для принтеров Ricoh IM C2500, IM-C2000 черны",от 2000 до 5000,12.0,3,15212,2,20,0,100.0,62.4,33.4,22,B. продаёт сама
1586847014,5499,"Картридж 842454 для принтеров Ricoh IM C2500, IM-C2000 черны",Эксперимент1,8.0,3,15212,2,0,0,100.0,62.4,33.4,22,B. продаёт сама
1153214505,0397,Картридж Q5951A для принтеров HP и Color LaserJet 4700 голуб,Эксперимент1,8.8,1,15119,1,0,0,,339.5,26.3,26,C. в июле не продавалась
1153214617,0398,Картридж Q5952A для принтеров HP и Color LaserJet 4700 желты,Вне РК — спрос без рекламы (08.08),15.0,1,15119,1,0,0,,183.1,26.3,45,C. в июле не продавалась
4160033171,7002,Фотобарабан + картридж DK-1270+TK-1270 для принтеров Kyocera,Вне РК — спрос без рекламы (08.08),15.0,1,15086,1,0,0,100.0,244.3,22.9,45,B. продаёт сама
873319577,4145,"Картридж №963XL для принтеров HP OfficeJet Pro 9010, OfficeJ",от 2000 до 5000,14.3,5,15046,1,25,0,,122.1,30.0,43,C. в июле не продавалась
1897483846,5878,"Картридж B240HA0 для принтеров Lexmark LaserPrinter B2442, L",от 10000 до 500 тыс,14.3,1,14743,1,64,0,,348.3,26.4,43,C. в июле не продавалась
1897483846,5878,"Картридж B240HA0 для принтеров Lexmark LaserPrinter B2442, L",Эксперимент1,8.8,1,14743,1,0,0,,348.3,26.4,26,C. в июле не продавалась
864225125,0921,"Картриджи T1291-T1294 для принтеров Epson Stylus Office B42,",Эксперимент1,8.8,8,14698,1,149,0,,65.9,31.9,23,C. в июле не продавалась
1760574650,5768,"Картридж W2301X для принтеров HP Color LaserJet Pro 4203cdn,",Вне РК — спрос без рекламы (08.08),15.0,3,14693,2,0,0,100.0,71.7,32.4,25,B. продаёт сама
1851950392,5832,Картридж W2003X для принтеров HP Color LJ M751 пурпурный,Эксперимент1,8.0,1,14664,1,13,0,100.0,294.6,25.9,24,B. продаёт сама
930631083,1151,"Картридж CF360A для принтеров HP Color LJ M552dn, LJ-M553dn,",Эксперимент1,8.8,3,14574,3,1,9650,0.0,70.1,31.0,25,A. реклама тянет
1261463336,4836,"Картридж 3ED69A для принтеров HP и DesignJet Studio, DJ Stud",от 2000 до 5000,14.3,3,14479,3,14,0,,79.6,32.7,28,C. в июле не продавалась
866442758,1384,"Картридж 731H для принтеров Canon i-SENSYS LBP-7100Cn, LBP 7",Эксперимент1,11.0,4,14306,2,27,0,,43.4,34.9,15,C. в июле не продавалась
866442758,1384,"Картридж 731H для принтеров Canon i-SENSYS LBP-7100Cn, LBP 7",от 2000 до 5000,15.4,4,14306,2,0,0,,123.7,34.9,43,C. в июле не продавалась
651927614,16661,"Картридж для HP LaserJet Pro M203dn, i-SENSYS LBP162dw, i SE",от 0 до 1000,12.0,7,14271,2,41,0,100.0,64.5,29.1,23,B. продаёт сама
2909441637,6613,Фотобарабан + картридж SP-4500 DU+SP-4500HE для принтеров Ri,Эксперимент1,8.0,1,14249,1,53,0,100.0,305.5,27.7,24,B. продаёт сама
873320322,3993,"Картридж CE038A для принтеров HP Designjet Z6200, DJ Z6800 к",Эксперимент1,8.8,2,13978,2,28,13978,0.0,376.0,23.0,26,A. реклама тянет
906877954,3114,"Картридж LC-669XLBK для принтеров Brother и MFC-J2320, MFC-J",Эксперимент1,9.0,7,13895,8,21,0,100.0,51.3,30.9,18,B. продаёт сама
984584660,4731,Картридж TN-227Y для принтеров Konica Minolta Bizhub C257i ж,Эксперимент1,9.9,3,13790,2,26,0,,120.1,30.5,30,C. в июле не продавалась
1129396152,4642,Картридж TNP-51Y для принтеров Konica Minolta Bizhub C3110 ж,Эксперимент1,8.8,2,13770,2,0,0,,73.2,30.9,26,C. в июле не продавалась
1129396112,4643,Картридж TNP-51M для принтеров Konica Minolta Bizhub C3110 п,Эксперимент1,8.8,2,13770,2,0,0,,71.4,30.2,25,C. в июле не продавалась
906495720,1262,"Картридж T0791 для принтеров Epson Stylus Photo PX830FWD, St",Эксперимент1,8.8,17,13724,8,36,783,0.0,33.9,44.2,12,A. реклама тянет
930621760,2390,"Картридж TN-423M для принтеров Brother и DCP-L8410CDW, HL-L8",Эксперимент1,11.0,6,13689,1,9,0,,84.4,32.4,30,C. в июле не продавалась
863431234,0263,Фотобарабан 101R00434 DU для принтеров Xerox WorkCentre 5222,от 10000 до 500 тыс,14.3,1,13652,1,0,0,,307.1,26.2,43,C. в июле не продавалась
863431234,0263,Фотобарабан 101R00434 DU для принтеров Xerox WorkCentre 5222,Эксперимент1,9.9,1,13652,1,23,0,,307.1,26.2,30,C. в июле не продавалась
1261574043,5249,"Картридж TK-1200XL для принтеров Kyocera EcoSys M2235, M2735",от 2000 до 5000,12.0,4,13624,4,0,0,100.0,86.1,28.5,30,B. продаёт сама
930614232,1313,"Картриджи TK-5150 для принтеров Kyocera ECOSYS M6035cdn, M65",от 10000 до 500 тыс,13.2,1,13609,1,18,13609,0.0,294.6,27.9,40,A. реклама тянет
864225871,1281,"Картридж CF412A для принтеров HP LJ Color Pro M377dw, M452dn",Эксперимент1,10.0,5,13570,2,6,0,100.0,105.2,35.0,30,B. продаёт сама
1719237131,5404,"Картридж 057H для принтеров Canon i-SENSYS LBP 223, LBP 225,",Вне РК — спрос без рекламы (08.08),15.0,4,13554,3,0,0,,110.5,31.7,39,C. в июле не продавалась
864225358,1084,Фотобарабан 013R00591 DU для принтеров Xerox WorkCentre 5325,Эксперимент1,9.9,1,13449,1,0,0,,465.5,26.4,30,C. в июле не продавалась
864225358,1084,Фотобарабан 013R00591 DU для принтеров Xerox WorkCentre 5325,от 10000 до 500 тыс,14.3,1,13449,1,0,0,,465.5,26.4,43,C. в июле не продавалась
653125968,13671,"Картридж для Xerox Phaser 3020, WC-3025",Эксперимент1,8.8,6,13361,2,24,0,,75.5,31.9,26,C. в июле не продавалась
930608849,0261,"Фотобарабан 013R00589 DU для принтеров Xerox CopyCentre 133,",от 10000 до 500 тыс,13.2,1,13327,1,0,0,,321.6,26.1,40,C. в июле не продавалась
1155648923,0264,Картридж 106R01413 для принтеров Xerox WorkCentre 5222 черны,от 2000 до 5000,14.3,4,13324,3,0,0,,113.8,31.4,40,C. в июле не продавалась
870872126,2247,Картриджи CF380A-CF383A для принтеров HP Color LaserJet Pro ,от 5000 до 10000,12.0,1,13245,1,18,0,100.0,273.5,26.0,36,B. продаёт сама
2463097845,6265,"Картриджи 067 для принтеров Canon i-SENSYS LBP-631CW, LBP633",от 10000 до 500 тыс,12.0,1,13156,1,56,0,100.0,220.3,26.6,36,B. продаёт сама
863392948,0086,"Картридж 725X для принтеров Canon i-SENSYS F-158200, LBP6000",Эксперимент1,11.0,6,13132,4,15,0,,64.9,31.8,23,C. в июле не продавалась
863385473,0986,"Картридж 44973544 для принтеров OKI C301dn, C321dn, MC332, M",Эксперимент1,10.0,6,13130,1,0,0,,83.2,32.3,29,C. в июле не продавалась
1153671602,1796,"Фотобарабан 44064012 DU для принтеров OKI C 810, C 821, C 83",от 10000 до 500 тыс,12.0,1,13078,1,13,0,100.0,283.8,26.8,36,B. продаёт сама
904483574,3536,"Картридж TN-910M для принтеров Brother и HL-L9310, MFC-L9570",Эксперимент1,9.9,4,12928,1,10,0,,97.1,31.3,30,C. в июле не продавалась
4480267466,07135,Картридж для HP LaserJet 9050,Эксперимент1,8.8,1,12825,1,14,0,,291.5,27.7,26,C. в июле не продавалась
906877550,3192,"Картридж 054HBK для принтеров Canon i-SENSYS LBP-620, LBP 62",Эксперимент1,11.0,4,12821,1,0,0,,39.3,33.2,14,C. в июле не продавалась
906877550,3192,"Картридж 054HBK для принтеров Canon i-SENSYS LBP-620, LBP 62",от 2000 до 5000,14.3,4,12821,1,0,0,,111.9,33.2,39,C. в июле не продавалась
1167177870,3147,Картриджи 106R02606-106R02612 для принтеров Xerox Phaser 710,Эксперимент1,8.8,1,12779,1,7,0,,186.2,26.4,26,C. в июле не продавалась
873314291,3690,"Картридж 728XXL для принтеров HP DesignJet T730, DJ T830 гол",Эксперимент1,8.0,1,12664,1,10,0,100.0,210.6,27.4,24,B. продаёт сама
1153669053,1798,"Фотобарабан 44064009 DU для принтеров OKI C 810, C 821, C 83",Эксперимент1,8.8,1,12601,1,3,12601,0.0,401.4,26.5,26,A. реклама тянет
904483591,3116,"Картридж LC-665XLM для принтеров Brother MFC-J2320, MFC-J272",Эксперимент1,7.7,7,12558,3,67,2050,0.0,63.9,34.9,22,A. реклама тянет
864225821,1306,"Картридж 50F5H00 для принтеров Lexmark MS310d, MS310dn, MS41",от 2000 до 5000,13.2,5,12522,1,36,0,,106.1,30.2,37,C. в июле не продавалась
3006517349,5375,"Картридж 069H для принтеров Canon i-SENSYS LBP673Cdw, MF752C",Вне РК — спрос без рекламы (08.08),15.0,3,12505,3,0,0,,133.2,31.8,45,C. в июле не продавалась
1855059066,5704,"Картридж TN-1070 для принтеров Avision AM30A MFP, AP30A черн",от 2000 до 5000,13.0,4,12484,1,15,0,100.0,105.2,29.7,37,B. продаёт сама
1855059066,5704,"Картридж TN-1070 для принтеров Avision AM30A MFP, AP30A черн",Эксперимент1,8.0,4,12484,1,0,0,100.0,105.2,29.7,24,B. продаёт сама
874377346,4366,"Картридж №46 для принтеров HP DJ Ink Advantage 2020hc, DJ 25",Эксперимент1,8.8,3,12478,1,20,0,,115.3,29.8,26,C. в июле не продавалась
2920257674,6655,Фотобарабан + картридж DR-512K DU+TN-512K для принтеров Koni,Эксперимент1,8.8,1,12441,1,30,0,,258.5,24.3,26,C. в июле не продавалась
3557209872,6419,"Фотобарабан DR-1071H для принтеров Avision AM40, AP40 черный",от 2000 до 5000,13.2,3,12259,3,1,0,,125.5,31.2,40,C. в июле не продавалась
3557209872,6419,"Фотобарабан DR-1071H для принтеров Avision AM40, AP40 черный",Эксперимент1,8.8,3,12259,3,0,0,,125.5,31.2,26,C. в июле не продавалась
3953680419,6762,"Картридж PG-745XL для принтеров Canon iP2870, iP2872, MG2470",от 5000 до 10000,13.2,2,12152,2,0,0,,157.3,30.7,40,C. в июле не продавалась
904484060,3970,"Картридж 47095708 для принтеров OKI Data C824, Data C834 чер",Эксперимент1,8.8,2,12104,1,0,0,,81.0,29.6,26,C. в июле не продавалась
864225062,0974,"Картриджи 88XL для принтеров HP OfficeJet Pro K5400, OfficeJ",от 2000 до 5000,14.3,4,12086,3,34,0,,107.4,32.3,38,C. в июле не продавалась
4493556240,23127,Картридж для HP DeskJet Ink Advantage 2645,от 2000 до 5000,13.2,3,12079,3,78,4022,50.0,54.5,31.1,19,A. реклама тянет
1153216251,0460,Фотобарабан S051099 DU для принтеров Epson AcuLaser EPL-6200,от 5000 до 10000,13.2,2,12046,1,4,4683,0.0,197.7,28.7,40,A. реклама тянет
930607253,1304,"Картриджи TK-5140 для принтеров Kyocera ECOSYS M6030cdn, M65",Эксперимент1,8.8,2,12040,1,35,4171,0.0,197.6,27.2,26,A. реклама тянет
930607919,2894,"Картридж 842125 для принтеров Ricoh Aficio MP 3055, 2555, 30",от 2000 до 5000,15.0,3,12028,2,23,0,100.0,107.5,29.9,38,B. продаёт сама
874377460,4292,Картридж W2030X для принтеров HP Color LaserJet Enterprise M,от 2000 до 5000,13.2,3,11987,2,0,0,,120.1,29.9,40,C. в июле не продавалась
874377460,4292,Картридж W2030X для принтеров HP Color LaserJet Enterprise M,Эксперимент1,8.8,3,11987,2,5,0,,120.1,29.9,26,C. в июле не продавалась
3735034601,6880,"Картридж 006R04388 для принтеров Xerox C230, C235 голубой",Вне РК — спрос без рекламы (08.08),15.0,1,11975,1,0,0,100.0,348.3,28.3,45,B. продаёт сама
1650449623,5520,"Картридж 071 для принтеров Canon i-SENSYS LBP120, LBP122dw, ",от 2000 до 5000,14.3,5,11849,3,24,6831,0.0,93.4,32.6,33,A. реклама тянет
1650449623,5520,"Картридж 071 для принтеров Canon i-SENSYS LBP120, LBP122dw, ",Эксперимент1,8.8,5,11849,3,4,0,0.0,93.4,32.6,26,A. реклама тянет
653501877,0710,"Картридж AR016LT для принтеров Sharp и AR-5015, AR 5020, AR5",Вне РК — спрос без рекламы (08.08),15.0,3,11796,1,0,0,,86.8,29.9,30,C. в июле не продавалась
3557210030,6318,Картридж W9220MC для принтеров HP Color LJ E78223 черный,Вне РК — спрос без рекламы (08.08),15.0,1,11700,1,0,0,,185.2,26.5,45,C. в июле не продавалась
930616580,0755,"Картридж CE273A для принтеров HP Color LaserJet CP5520, LJ-C",Эксперимент1,8.8,1,11676,1,11,11676,0.0,266.7,26.5,26,A. реклама тянет
653325375,1327,"Картридж CLT-C404S для принтеров Samsung SL-C430, SL C430W, ",Эксперимент1,8.8,5,11661,1,0,0,,32.3,33.2,11,C. в июле не продавалась
904484238,3965,"Картридж 46471108 для принтеров OKI Data C823, Data C833 чер",Эксперимент1,9.9,2,11568,1,0,0,,301.4,27.9,30,C. в июле не продавалась
873313903,3535,"Картридж TN-910C для принтеров Brother и HL-L9310, MFC-L9570",Эксперимент1,13.2,4,11562,1,0,0,,97.1,31.3,34,C. в июле не продавалась
930625417,2223,Картридж MLT-D704S для принтеров Samsung MultiXpress K3250NR,Эксперимент1,9.0,2,11476,2,46,0,100.0,65.8,29.4,23,B. продаёт сама
930625417,2223,Картридж MLT-D704S для принтеров Samsung MultiXpress K3250NR,от 5000 до 10000,12.0,2,11476,2,0,0,100.0,65.8,29.4,23,B. продаёт сама
1064611902,4752,"Фотобарабан C-EXV59 для принтеров Canon imageRUNNER 2625i, i",от 10000 до 500 тыс,14.3,1,11437,1,0,0,,293.7,27.9,43,C. в июле не продавалась
3557209971,6339,"Картридж 78C50K0 для принтеров Lexmark CS421, CX421, CX522, ",Вне РК — спрос без рекламы (08.08),15.0,2,11418,1,0,0,100.0,78.3,33.8,27,B. продаёт сама
4493619395,22335,Картридж для Konica Minolta Bizhub 368,Эксперимент1,8.8,3,11406,3,70,0,0.0,112.2,31.5,26,A. реклама тянет
4493619395,22335,Картридж для Konica Minolta Bizhub 368,от 2000 до 5000,13.2,3,11406,3,89,11406,0.0,112.2,31.5,39,A. реклама тянет
653230824,3115,"Картридж LC-665XLC для принтеров Brother MFC-J2320, MFC-J272",Эксперимент1,7.0,7,11348,2,0,0,100.0,51.3,30.9,18,B. продаёт сама
652474821,0104,"Картридж CC530A для принтеров HP Color LaserJet CM2320fx, LJ",Эксперимент1,8.0,3,11240,1,0,0,100.0,32.8,28.3,11,B. продаёт сама
653301822,3117,"Картридж LC-665XLY для принтеров Brother MFC-J2320, MFC-J272",Эксперимент1,8.0,7,11186,3,70,0,100.0,87.3,31.9,24,B. продаёт сама
864225369,0979,Картриджи №970XL-971XL для принтеров HP Officejet Pro X451dw,Вне РК — спрос без рекламы (08.08),15.0,1,11168,1,0,0,,145.9,27.8,45,C. в июле не продавалась
3497826346,0424,"Картридж C6625A (17) для принтеров HP DeskJet 845c, DeskJet ",от 2000 до 5000,14.3,3,11124,1,20,0,,74.7,36.0,26,C. в июле не продавалась
3497826346,0424,"Картридж C6625A (17) для принтеров HP DeskJet 845c, DeskJet ",Эксперимент1,8.8,3,11124,1,0,0,,74.7,36.0,26,C. в июле не продавалась
930609266,0715,"Картридж 718C для принтеров Canon и i-SENSYS LBP7200Cdn, LBP",Эксперимент1,8.8,4,11118,1,10,0,,91.1,31.1,26,C. в июле не продавалась
863393898,0048,Картридж 106R01374 для принтеров Xerox Phaser 3250 черный,Эксперимент1,8.0,3,11078,4,32,0,80.0,102.4,31.5,24,B. продаёт сама
863393898,0048,Картридж 106R01374 для принтеров Xerox Phaser 3250 черный,от 2000 до 5000,12.0,3,11078,4,36,2950,80.0,102.4,31.5,36,B. продаёт сама
653209768,0858,"Картридж TN-245M для принтеров Brother DCP-9020cdw, HL-3140c",Эксперимент1,8.8,5,11073,2,44,2794,0.0,113.4,36.8,26,A. реклама тянет
864225908,1312,"Картридж 60F5H00 для принтеров Lexmark MX310dn, MX410de, MX5",Эксперимент1,11.0,4,11038,2,15,0,,97.7,30.2,33,C. в июле не продавалась
864225908,1312,"Картридж 60F5H00 для принтеров Lexmark MX310dn, MX410de, MX5",от 2000 до 5000,15.4,4,11038,2,14,0,,97.7,30.2,34,C. в июле не продавалась
874374090,4441,Картридж T2670 для принтеров Epson WorkForce WF-100W цветной,от 1000-2000,11.0,8,11011,1,0,1818,0.0,46.1,30.3,16,A. реклама тянет
874374090,4441,Картридж T2670 для принтеров Epson WorkForce WF-100W цветной,Эксперимент1,7.0,8,11011,1,12,0,0.0,46.1,30.3,16,A. реклама тянет
874374183,4267,"Картридж 006R01704 для принтеров Xerox и AltaLink C8030, C80",Эксперимент1,8.8,2,11000,2,0,0,,169.2,30.1,26,C. в июле не продавалась
874375778,4265,"Картридж 006R01702 для принтеров Xerox и AltaLink C8030, C80",Эксперимент1,9.9,2,11000,2,12,0,,169.2,30.1,30,C. в июле не продавалась
930631215,1194,Картридж CF300A для принтеров HP Color LJ Flow M880z черный,Эксперимент1,8.8,1,10939,1,0,0,,277.2,27.5,26,C. в июле не продавалась
1719285984,5720,"Картридж 006R04370 для принтеров Xerox C310, C315 пурпурный",от 2000 до 5000,13.0,3,10844,2,0,0,100.0,129.0,33.4,39,B. продаёт сама
873319490,4052,"Картридж PFI-320Y для принтеров Canon и iPF TM-200, iPF TM 2",Эксперимент1,8.8,1,10616,1,5,0,,290.7,27.8,26,C. в июле не продавалась
873319633,4050,"Картридж PFI-320C для принтеров Canon и iPF TM-200, iPF TM 2",Эксперимент1,8.8,1,10616,1,0,0,,290.7,27.8,26,C. в июле не продавалась
3557211110,6786,"Картридж 070H для принтеров Canon i-SENSYS LBP243dw, LBP246d",от 2000 до 5000,13.2,3,10574,3,22,7016,34.0,126.7,34.8,40,A. реклама тянет
3557211110,6786,"Картридж 070H для принтеров Canon i-SENSYS LBP243dw, LBP246d",Эксперимент1,8.8,3,10574,3,8,0,34.0,126.7,34.8,26,A. реклама тянет
1153738147,1984,"Картридж 006R01225 для принтеров Xerox DC240, DC250, WC7655,",Пустые РК,12.0,1,10564,1,7,0,100.0,225.6,26.3,36,B. продаёт сама
1163045998,1985,"Картридж 006R01226 для принтеров Xerox DC240, DC250, WC7655,",Пустые РК,12.0,1,10564,1,25,0,100.0,239.4,27.6,36,B. продаёт сама
5322433640,2638X2,Комплект картриджей TN-324BK (2 шт.) на 56000 страниц для пр,Бандлы x2/x6 — старт (08.08),15.0,1,10522,1,0,0,,185.3,40.3,45,C. в июле не продавалась
3656357998,6886,"Картридж TK-1245 Азия для принтеров Kyocera MA2000, MA2001 ч",Эксперимент1,8.8,5,10459,3,14,0,,66.3,32.0,23,C. в июле не продавалась
3656357998,6886,"Картридж TK-1245 Азия для принтеров Kyocera MA2000, MA2001 ч",от 1000-2000,15.4,5,10459,3,30,0,,66.3,32.0,23,C. в июле не продавалась
653317961,1106,"Картридж 106R02310 для принтеров Xerox WorkCentre 3315, WC 3",от 2000 до 5000,12.0,3,10412,1,18,0,100.0,107.9,31.0,36,B. продаёт сама
930615083,1174,"Картридж CF320A для принтеров HP Color LaserJet M680z, LJ M6",Эксперимент1,9.9,1,10289,1,5,0,,224.2,27.5,30,C. в июле не продавалась
1851961796,5825,"Фотобарабан 013R00690 для принтеров Xerox B305, B310, B315 ч",Эксперимент1,8.8,2,10286,2,1,0,,65.0,29.7,23,C. в июле не продавалась
4527378721,45429,Картридж для HP Laser 137FNW MFP,Эксперимент1,8.0,4,10282,4,29,2530,67.0,95.8,33.3,24,B. продаёт сама
3535729644,6414,Картридж TK-5490B для принтеров Kyocera ECOSYS MA2101cfx чер,Эксперимент1,8.8,2,10282,2,65,0,,70.6,30.6,25,C. в июле не продавалась
653379506,1325,"Картридж SP150HE для принтеров Ricoh SP150SUw, SP150W",Эксперимент1,8.8,3,10277,2,23,0,,104.9,31.5,26,C. в июле не продавалась
1153797054,2886,"Картридж C-EXV49Y для принтеров Canon iR Advance C3320, iR A",Эксперимент1,8.0,2,10248,2,22,0,100.0,136.7,30.3,24,B. продаёт сама
2522862925,6206,"Картридж TK-1270 для принтеров Kyocera ECOSYS MA4000cifx, MA",от 2000 до 5000,14.3,3,10211,1,73,0,,108.1,31.4,38,C. в июле не продавалась
4489627017,13164,Фотобарабан для Panasonic KX-MB2137RU,Эксперимент1,8.8,1,10202,1,20,0,,298.7,27.7,26,C. в июле не продавалась
1797535964,5779,Лента M210-750595WT для принтеров Brady и M210 белый,Эксперимент1,8.8,2,10198,1,25,3186,0.0,96.1,35.1,26,A. реклама тянет
3674688702,6596,Картридж TK-5480K для принтеров Kyocera ECOSYS MA2101cfx чер,Эксперимент1,8.8,1,10190,1,0,0,,48.1,31.1,17,C. в июле не продавалась
3785889196,6600,Картриджи TK-5480 для принтеров Kyocera ECOSYS MA2101cfx,Эксперимент1,8.8,1,10190,1,100,0,,112.8,26.0,26,C. в июле не продавалась
930617704,2427,Картридж MPC2503C для принтеров Ricoh Aficio MPC2003 голубой,Эксперимент1,9.0,2,10167,2,0,0,100.0,36.5,28.7,13,B. продаёт сама
1155649311,0780,"Картридж CE743A для принтеров HP и LaserJet CP5220, LJ-CP522",Эксперимент1,8.8,1,10151,1,7,0,,214.3,27.5,26,C. в июле не продавалась
4480825283,08512,Картридж для Brother HL-L2340DWR,Эксперимент1,8.8,6,10140,6,6,0,,59.3,34.1,21,C. в июле не продавалась
864225656,1078,"Картридж 006R01517 для принтеров Xerox WorkCentre 7525, WC 7",от 2000 до 5000,13.0,2,10136,1,13,0,100.0,55.5,28.7,19,B. продаёт сама
904485635,3691,"Картридж 728XXL для принтеров HP DesignJet T730, DJ T830 пур",от 5000 до 10000,12.0,1,10054,1,0,0,100.0,210.6,27.4,36,B. продаёт сама
653119669,0859,"Картридж TN-245Y для принтеров Brother DCP-9020cdw, HL-3140c",Эксперимент1,9.9,4,9887,3,12,2794,50.0,74.0,31.8,26,A. реклама тянет
2262641011,6253,"Картридж W2223A для принтеров HP Color LaserJet Pro 3203, LJ",от 5000 до 10000,12.0,1,9862,1,0,0,100.0,87.4,28.2,31,B. продаёт сама
2262639321,6251,"Картридж W2221A для принтеров HP Color LaserJet Pro 3203, LJ",Эксперимент1,8.0,1,9862,1,2,0,100.0,87.4,28.2,24,B. продаёт сама
2262640363,6252,"Картридж W2222A для принтеров HP Color LaserJet Pro 3203, LJ",Эксперимент1,8.0,1,9862,1,14,0,100.0,87.4,28.2,24,B. продаёт сама
1143061398,5190,"Картридж T-2309E для принтеров Toshiba e-Studio 2309A, e-Stu",Эксперимент1,8.8,4,9846,4,14,0,,70.3,32.2,25,C. в июле не продавалась
1143061398,5190,"Картридж T-2309E для принтеров Toshiba e-Studio 2309A, e-Stu",от 2000 до 5000,14.3,4,9846,4,24,0,,70.3,32.2,25,C. в июле не продавалась
3199375091,3741,"Чернила GT51-GT52 для принтеров HP DeskJet GT5810, DeskJetGT",от 1000-2000,13.2,6,9797,5,101,1902,0.0,66.8,37.3,23,A. реклама тянет
930620161,0257,"Картридж 106R01412 для принтеров Xerox Phaser 3300, Phaser 3",от 2000 до 5000,13.2,3,9743,1,12,0,,116.8,31.3,40,C. в июле не продавалась
1261461505,4688,"Картридж №963 для принтеров HP OfficeJet Pro 9010, OfficeJet",Эксперимент1,8.8,2,9718,1,0,0,,120.7,31.2,26,C. в июле не продавалась
1261461505,4688,"Картридж №963 для принтеров HP OfficeJet Pro 9010, OfficeJet",от 2000 до 5000,14.3,2,9718,1,23,0,,120.7,31.2,42,C. в июле не продавалась
864225289,0994,"Картридж 44469715 для принтеров OKI C310dn, c310n, c330, C33",Эксперимент1,11.0,4,9689,2,3,0,100.0,74.9,32.2,26,B. продаёт сама
1153657157,1670,Фотобарабан 4519313 DU для принтеров Konica Minolta PagePro ,от 5000 до 10000,13.2,1,9594,1,38,9594,0.0,172.2,26.5,40,A. реклама тянет
1855280127,5808,Блок проявки IUP-34 для принтеров Konica Minolta Bizhub 4000,от 5000 до 10000,12.0,1,9566,1,24,0,100.0,80.5,27.3,28,B. продаёт сама
873313091,3537,"Картридж TN-910Y для принтеров Brother и HL-L9310, MFC-L9570",Эксперимент1,8.8,3,9555,1,14,0,,37.3,30.6,13,C. в июле не продавалась
866442844,1414,"Картридж TK-8305M для принтеров Kyocera и TASKalfa 3050i, TA",Эксперимент1,9.9,2,9504,1,3,0,,138.2,30.4,30,C. в июле не продавалась
904484116,4367,Картридж №46 для принтеров HP DeskJet Ink Advantage Ultra 47,от 2000 до 5000,12.0,2,9418,1,33,0,100.0,59.8,32.6,21,B. продаёт сама
984583930,4733,Картридж TN-227C для принтеров Konica Minolta Bizhub C257i г,Эксперимент1,8.8,2,9412,2,22,0,,63.8,30.7,22,C. в июле не продавалась
930629374,0874,"Картридж TK-590Y для принтеров Kyocera и EcoSys M6026cdn, M6",Вне РК — спрос без рекламы (08.08),15.0,3,9399,1,0,0,,48.6,32.6,17,C. в июле не продавалась
1261504774,4693,"Картридж №912BK для принтеров HP OfficeJet 8010, OfficeJet80",Эксперимент1,8.0,3,9396,3,26,0,100.0,92.3,32.0,24,B. продаёт сама
4451994028,02772,Картридж для Samsung ML-2950,Эксперимент1,8.8,3,9389,3,17,0,,113.6,34.9,26,C. в июле не продавалась
3557209902,6360,"Картридж MX-560GT для принтеров Sharp MX-560GT, MX M364, MXM",от 5000 до 10000,13.2,1,9376,1,2,0,,229.3,27.6,40,C. в июле не продавалась
930641917,1129,"Картридж 006R01399 для принтеров Xerox WorkCentre 7425, WC-7",от 2000 до 5000,13.2,2,9350,1,13,0,,215.7,27.2,40,C. в июле не продавалась
1261508830,4654,Картридж с термотрансферной лентой DS M21-250C342 Brady черн,Эксперимент1,8.0,2,9326,2,0,0,100.0,58.9,29.9,21,B. продаёт сама
5322475969,5309X6,Комплект тонера TN-420H (6 шт.) на 18000 страниц для принтер,Бандлы x2/x6 — старт (08.08),15.0,1,9310,1,0,0,,197.5,47.4,45,C. в июле не продавалась
904484219,3967,"Картридж 46471106 для принтеров OKI Data C823, Data C833 пур",Эксперимент1,9.9,1,9253,1,9,0,,75.1,29.7,26,C. в июле не продавалась
904484199,3966,"Картридж 46471107 для принтеров OKI Data C823, Data C833 гол",Эксперимент1,8.8,1,9253,1,9,0,,75.2,29.7,26,C. в июле не продавалась
904484204,3968,"Картридж 46471105 для принтеров OKI Data C823, Data C833 жел",Эксперимент1,8.8,1,9253,1,0,0,,75.1,29.7,26,C. в июле не продавалась
4527395867,55871,Картридж для HP LaserJet Pro MFP 4104dw,от 5000 до 10000,13.2,1,9240,1,3,9240,0.0,78.7,26.2,28,A. реклама тянет
4527395867,55871,Картридж для HP LaserJet Pro MFP 4104dw,Эксперимент1,8.8,1,9240,1,8,0,0.0,78.7,26.2,26,A. реклама тянет
3557209600,6441,Картридж C-EXV64 для принтеров Canon imageRUNNER ADVANCE C39,от 5000 до 10000,12.0,1,9214,1,6,0,100.0,93.6,27.7,33,B. продаёт сама
930641469,0538,"Картридж TK-710 для принтеров Kyocera FS-9130DN, FS-9530DN ч",от 2000 до 5000,14.3,2,9204,1,29,0,,64.6,30.1,23,C. в июле не продавалась
930641469,0538,"Картридж TK-710 для принтеров Kyocera FS-9130DN, FS-9530DN ч",Эксперимент1,9.9,2,9204,1,26,0,,64.6,30.1,23,C. в июле не продавалась
3460907146,01102,Картридж для Samsung ML-1641,Эксперимент1,8.8,4,9154,4,0,0,0.0,51.7,21.9,18,A. реклама тянет
3460907146,01102,Картридж для Samsung ML-1641,от 2000 до 5000,13.2,4,9154,4,152,4977,0.0,51.7,21.9,18,A. реклама тянет
863418762,3944,"Картриджи 055 для принтеров Canon i-SENSYS LBP-662, LBP 663,",Вне РК — спрос без рекламы (08.08),15.0,1,9139,1,0,0,,143.1,27.8,45,C. в июле не продавалась
1155649247,0765,Картридж CB380A для принтеров HP Color LaserJet CP6015N черн,от 5000 до 10000,12.0,1,9124,1,0,0,100.0,88.1,26.6,31,B. продаёт сама
930615757,3063,Картридж TK-5290Y для принтеров Kyocera и Ecosys P7240cdn же,Эксперимент1,8.0,4,9121,2,19,0,100.0,39.9,29.3,14,B. продаёт сама
4480825167,08601,Картридж для Kyocera TASKalfa 3500i,Эксперимент1,8.8,1,9102,1,0,0,,84.2,27.0,26,C. в июле не продавалась
4480825167,08601,Картридж для Kyocera TASKalfa 3500i,от 5000 до 10000,13.2,1,9102,1,0,0,,84.2,27.0,29,C. в июле не продавалась
864225391,1079,"Картридж 006R01518 для принтеров Xerox и WorkCentre 7525, WC",от 2000 до 5000,14.3,2,9091,1,24,0,,59.6,31.6,21,C. в июле не продавалась
874373534,4534,"Картридж №981 для принтеров HP PageWide Color 556, PW Color ",от 5000 до 10000,14.3,1,9081,1,0,0,,219.0,27.6,43,C. в июле не продавалась
1153410168,1242,"Картридж PFI-102MBK для принтеров Canon iPF 650, iPF500 черн",Эксперимент1,9.9,2,9042,2,0,0,,62.4,32.5,22,C. в июле не продавалась
864225106,0992,"Картридж 44469809 для принтеров OKI C511, C310dn, C310n, C33",Эксперимент1,8.8,3,9024,1,0,0,,73.6,32.4,26,C. в июле не продавалась
3557211049,6787,"Картридж 067H для принтеров Canon i-SENSYS LBP-631CW, LBP633",от 2000 до 5000,13.2,3,8959,2,0,0,,102.6,32.9,36,C. в июле не продавалась
652554832,1193,"Картридж CF287X для принтеров HP LJ M506dn, LJ-M506x, LJ M52",от 2000 до 5000,13.2,2,8922,2,0,0,,147.1,30.4,40,C. в июле не продавалась
652554832,1193,"Картридж CF287X для принтеров HP LJ M506dn, LJ-M506x, LJ M52",Эксперимент1,8.8,2,8922,2,0,0,,147.1,30.4,26,C. в июле не продавалась
874374365,4244,"Картридж 006R01532 для принтеров Xerox и ColorDCP-550, Color",Эксперимент1,8.0,1,8872,1,23,0,100.0,85.6,28.0,24,B. продаёт сама
873320543,3801,"Картридж №913A BK для принтеров HP PageWide 377, PW Color 35",от 2000 до 5000,14.3,2,8845,2,0,0,,58.4,30.9,20,C. в июле не продавалась
1153406415,1109,Картридж 106R02609 для принтеров Xerox Phaser 7100 голубой,Эксперимент1,8.8,1,8817,1,0,0,,143.6,30.4,26,C. в июле не продавалась
4493509040,21352,Картридж для Kyocera Ecosys M5526cdw,Эксперимент1,8.0,4,8816,4,14,0,100.0,76.5,33.8,24,B. продаёт сама
4527388317,52877,Картридж для Deli M2500ADNW,от 2000 до 5000,13.2,2,8812,2,29,8812,0.0,107.5,29.1,38,A. реклама тянет
4527388317,52877,Картридж для Deli M2500ADNW,Эксперимент1,8.8,2,8812,2,0,0,0.0,107.5,29.1,26,A. реклама тянет
652453776,3224,"Картридж W2030X для принтеров HP Color LaserJet M454dn, LJ P",Эксперимент1,11.0,2,8704,1,5,0,,149.7,30.6,33,C. в июле не продавалась
652453776,3224,"Картридж W2030X для принтеров HP Color LaserJet M454dn, LJ P",от 2000 до 5000,14.3,2,8704,1,27,0,,149.7,30.6,43,C. в июле не продавалась
873313759,3618,"Картридж 719 для принтеров Canon i-SENSYS LBP-251dw, LBP 252",Эксперимент1,8.8,4,8693,1,0,0,,84.5,32.9,26,C. в июле не продавалась
1153731408,1995,Фотобарабан DR-311C DU для принтеров Konica Minolta Bizhub C,от 5000 до 10000,13.2,1,8678,1,6,0,,219.9,27.3,40,C. в июле не продавалась
930626179,3057,"Картридж CF452A Y для принтеров HP и Color LJ M652, LJ-M653,",Эксперимент1,8.8,1,8648,1,0,0,,212.4,27.5,26,C. в июле не продавалась
930626406,3056,"Картридж CF451A C для принтеров HP и Color LJ M652, LJ-M653,",Эксперимент1,8.8,1,8648,1,0,0,,209.7,27.2,26,C. в июле не продавалась
1510950802,5405,"Картридж W1500X для принтеров HP LaserJet M111, LJ M141 черн",Вне РК — спрос без рекламы (08.08),15.0,2,8624,1,0,0,,92.4,32.2,32,C. в июле не продавалась
1153397897,0899,"Картриджи T7011-T7014 для принтеров Epson WF Pro WP-4015DN, ",от 2000 до 5000,14.3,2,8583,1,15,0,,107.9,32.4,38,C. в июле не продавалась
930633557,1195,Картридж CF301A для принтеров HP и Color LJ Flow M880z голуб,Эксперимент1,8.8,1,8542,1,5,0,,88.7,27.3,26,C. в июле не продавалась
2203344720,3608,"Картриджи 045 для принтеров Canon i-SENSYS LBP-611, LBP613, ",от 5000 до 10000,12.0,1,8517,1,21,0,100.0,80.5,26.5,28,B. продаёт сама
653076881,3434,Картридж DS TN-217Y Brother желтый совместимый,Эксперимент1,10.0,4,8514,3,9,0,100.0,76.6,32.6,27,B. продаёт сама
866443822,2167,"Картридж TK-5220BK для принтеров Kyocera Ecosys M5521cdn, P5",Эксперимент1,9.9,5,8485,3,0,0,,50.3,30.8,18,C. в июле не продавалась
873320481,3745,"Картридж 408184 для принтеров Ricoh Aficio SPC360, SPC361 че",от 2000 до 5000,14.3,2,8472,2,14,0,,128.0,30.5,43,C. в июле не продавалась
873312878,3488,Картриджи PG-445XL-CL-446XL для принтеров Canon Pixma iP2840,от 5000 до 10000,14.3,1,8464,1,0,0,,187.8,27.3,43,C. в июле не продавалась
653450938,2365,"Картридж TK-1200 для принтеров Kyocera EcoSys M2235dn, M2735",от 1000-2000,13.2,5,8451,2,5,0,,56.0,31.4,20,C. в июле не продавалась
1129396126,4641,Картридж TNP-51K для принтеров Konica Minolta Bizhub C3110 ч,Эксперимент1,8.8,1,8441,1,0,0,,76.0,29.0,26,C. в июле не продавалась
930621549,1711,"Картридж TK-8600K для принтеров Kyocera FS-C8600DN, FS-C8650",Эксперимент1,8.8,1,8394,1,27,8394,0.0,189.6,28.6,26,A. реклама тянет
984583830,4638,"Картридж 652XL Bk для принтеров HP и DeskJet 3636, DeskJet 3",Эксперимент1,8.8,2,8359,2,58,4027,0.0,55.6,30.6,19,A. реклама тянет
873314457,3261,"Картридж TL-420H для принтеров M6700D, M6800FDW, M7100DN, M7",от 1000-2000,14.3,4,8346,1,0,0,,55.2,31.0,19,C. в июле не продавалась
1769210385,5617,"Картриджи 653 для принтеров HP DeskJet 2630, DeskJet2632, DJ",Вне РК — спрос без рекламы (08.08),15.0,1,8324,1,0,0,,220.9,27.9,45,C. в июле не продавалась
1158623539,0779,"Картридж CE742A для принтеров HP LaserJet CP5220, LJ-CP5225 ",Эксперимент1,9.9,1,8318,1,0,0,,196.9,27.3,30,C. в июле не продавалась
1261505490,4721,Картридж MPC2503 для принтеров Ricoh Aficio MPC2003 желтый,Эксперимент1,8.0,1,8300,1,0,0,100.0,70.1,28.3,24,B. продаёт сама
1261503614,4722,Картридж MPC2503 для принтеров Ricoh Aficio MPC2003 пурпурны,от 5000 до 10000,12.0,1,8300,1,0,0,100.0,168.7,28.4,36,B. продаёт сама
652453608,2153,"Картридж CF541A для принтеров HP LaserJet Pro Color M254dw, ",Эксперимент1,9.9,3,8295,1,25,0,,86.6,33.7,30,C. в июле не продавалась
874377399,4308,"Картридж TN-328C для принтеров Konica Minolta Bizhub C250i, ",Эксперимент1,8.0,1,8232,1,10,0,100.0,199.4,31.8,24,B. продаёт сама
873312923,3639,"Картриджи TK-5195 для принтеров Kyocera TASKalfa 306, TASKal",от 10000 до 500 тыс,14.3,1,8197,1,34,0,,296.1,26.7,43,C. в июле не продавалась
873313041,3635,"Картридж TK-5195Bk для принтеров Kyocera и TASKalfa 306, TAS",от 2000 до 5000,14.3,1,8197,1,0,0,,57.6,29.7,20,C. в июле не продавалась
866443377,1608,"Картридж CLT-Y609S для принтеров Samsung CLP-770, CLP 770ND ",Эксперимент1,8.8,1,8167,1,25,0,,85.9,28.3,26,C. в июле не продавалась
866443367,1606,"Картридж CLT-M609S для принтеров Samsung и CLP-770, CLP 770N",от 5000 до 10000,14.3,1,8167,1,0,0,,194.5,28.6,43,C. в июле не продавалась
1153751605,2188,"Картридж 973XLBK для принтеров HP PageWide Pro 452dw, PW P55",Эксперимент1,8.8,1,8161,1,66,0,,84.3,27.8,26,C. в июле не продавалась
1556487343,5447,"Картридж TK-3440 для принтеров Kyocera и ECOSYS MA6000ifx, P",Эксперимент1,8.8,1,8089,1,58,8089,0.0,79.4,28.2,26,A. реклама тянет
4504236193,239327,Комплект картриджей для Canon SELPHY CP1000,от 5000 до 10000,13.2,1,8080,1,192,8080,0.0,97.1,30.4,34,A. реклама тянет
4504236193,239327,Комплект картриджей для Canon SELPHY CP1000,Эксперимент1,8.8,1,8080,1,86,0,0.0,97.1,30.4,26,A. реклама тянет
930616484,2768,Картридж TK-8345Y для принтеров Kyocera TASKalfa 2552ci желт,от 2000 до 5000,12.0,2,8078,1,0,0,100.0,115.1,31.3,36,B. продаёт сама
5251829505,2411X2,Комплект тонер-картриджей TK-8115BK (2 шт.) на 24000 страниц,Бандлы x2/x6 — старт (08.08),15.0,1,8066,1,0,0,100.0,121.3,41.1,42,B. продаёт сама
873314121,3614,"Картридж CF289A для принтеров HP LaserJet M507, LJ M528 черн",Эксперимент1,8.0,4,8032,4,3,0,100.0,59.4,31.3,21,B. продаёт сама
873319916,3876,"Картридж C250 Y для принтеров Ricoh и M-C250FWB, P-C300W жел",Эксперимент1,8.0,1,8032,1,57,0,100.0,76.6,27.3,24,B. продаёт сама
1163041193,2113,"Картридж MX23GTMA для принтеров Sharp MX-1810U, MX 2010U, MX",Эксперимент1,8.0,1,7985,1,7,0,100.0,73.9,27.0,24,B. продаёт сама
2913148341,6635,Фотобарабан + картридж DR-3400+TN-3480 для принтеров Brother,от 2000 до 5000,13.2,2,7968,1,33,0,,51.2,27.4,18,C. в июле не продавалась
4480825295,08602,Картридж для Kyocera TASKalfa 3501i,Эксперимент1,8.8,1,7943,1,7,0,,84.2,27.0,26,C. в июле не продавалась
4543080042,63832,Картридж для BP2300,Эксперимент1,8.8,1,7934,1,16,7934,0.0,89.6,31.0,26,A. реклама тянет
864225394,0981,"Фотобарабан 44574302 DU для принтеров OKI Data-B411, Data B4",от 5000 до 10000,13.2,1,7917,1,57,0,,76.4,29.1,27,C. в июле не продавалась
904483826,3875,"Картридж C250 M для принтеров Ricoh и M-C250FWB, P-C300W пур",Эксперимент1,8.8,1,7883,1,7,0,,80.5,28.4,26,C. в июле не продавалась
653122368,0851,"Картридж TN-2375 для принтеров Brother DCP-L2500DR, DCP-L252",Эксперимент1,7.7,5,7882,1,0,0,,52.7,30.8,18,C. в июле не продавалась
653122368,0851,"Картридж TN-2375 для принтеров Brother DCP-L2500DR, DCP-L252",от 1000-2000,14.3,5,7882,1,18,0,,52.7,30.8,18,C. в июле не продавалась
873313231,3441,"Картридж T9651 для принтеров Epson WorkForce Pro M5298, WF P",Эксперимент1,9.9,2,7833,1,11,0,,101.2,31.5,30,C. в июле не продавалась
3735008554,6941,Бункер отработанного тонера 008R13061 для принтеров Xerox Wo,Эксперимент1,8.8,1,7824,1,18,0,,68.8,31.1,24,C. в июле не продавалась
1277712112,4656,"Картридж M21-375595YL для принтеров Brady BMP 21-LAB, BMP 21",Эксперимент1,8.0,2,7805,1,78,0,100.0,84.7,32.2,24,B. продаёт сама
866442872,1381,"Картридж 731C для принтеров Canon i-SENSYS LBP-7100Cn, LBP 7",Эксперимент1,12.1,3,7780,2,0,0,,95.6,32.6,33,C. в июле не продавалась
652468931,3226,"Картридж W2032X для принтеров HP Color LaserJet M454dn, LJ P",Эксперимент1,9.9,2,7741,2,12,3822,0.0,100.7,28.5,30,A. реклама тянет
652488017,3227,"Картридж W2033X для принтеров HP Color LaserJet M454dn, LJ P",Эксперимент1,9.9,2,7741,2,18,3833,0.0,104.0,28.7,30,A. реклама тянет
2912257280,6623,Фотобарабан + картридж 101R00664 DU+106R04348 для принтеров ,от 2000 до 5000,13.2,2,7706,1,43,0,,79.7,21.8,28,C. в июле не продавалась
906877459,3262,Картридж PC-211EV для принтеров Pantum P2518 M6500 P2200 P22,Эксперимент1,8.8,3,7677,1,0,0,,80.7,32.1,26,C. в июле не продавалась
1691956310,5545,"Картридж W1106X с чипом для принтеров HP Laser 107R, Laser 1",от 2000 до 5000,14.3,3,7653,1,32,0,,115.7,34.7,41,C. в июле не продавалась
4451994850,02774,Картридж для Samsung ML-2950NDR,Эксперимент1,8.8,2,7572,2,13,3952,48.0,102.5,32.0,26,A. реклама тянет
4451994850,02774,Картридж для Samsung ML-2950NDR,от 2000 до 5000,13.2,2,7572,2,0,0,48.0,102.5,32.0,36,A. реклама тянет
930633166,3064,Картриджи TK-5290 для принтеров Kyocera Ecosys P7240cdn,Эксперимент1,8.0,2,7553,2,1,0,100.0,119.9,30.5,24,B. продаёт сама
4543081216,64093,Картридж для Kyocera ECOSYS MA2600cfx,Эксперимент1,8.0,1,7541,1,20,0,100.0,107.2,33.1,24,B. продаёт сама
1261569077,4893,"Картридж W1500A для HP LJ M111, LJ M141 черный",Вне РК — спрос без рекламы (08.08),15.0,3,7535,2,0,0,,84.5,32.4,30,C. в июле не продавалась
866442949,1416,"Фотобарабан FAD422A DU для принтеров Panasonic KX-2270, KX 2",от 5000 до 10000,14.3,1,7472,1,0,0,,79.9,28.0,28,C. в июле не продавалась
3557211044,6515,Картриджи TK-5430 для принтеров Kyocera ECOSYS MA2100cwfx,Эксперимент1,8.8,1,7470,1,38,0,,72.5,29.9,25,C. в июле не продавалась
930630822,2225,"Картридж MLT-D709S для принтеров Samsung SCX-8123ND, SCX-812",от 5000 до 10000,13.2,1,7462,1,37,7462,0.0,199.0,26.3,40,A. реклама тянет
873313110,3512,"Картридж CLT-K503L для принтеров Samsung и SL-C3010, SL-C306",Эксперимент1,9.9,1,7455,1,10,7455,0.0,181.9,30.2,30,A. реклама тянет
873313110,3512,"Картридж CLT-K503L для принтеров Samsung и SL-C3010, SL-C306",от 5000 до 10000,13.2,1,7455,1,0,0,0.0,181.9,30.2,40,A. реклама тянет
652454152,2313,"Картридж 650 для принтеров HP DeskJet 1015, DeskJet 1515, DJ",от 2000 до 5000,13.2,2,7415,1,5,0,,115.3,31.3,40,C. в июле не продавалась
5278411260,5418X2,Комплект картриджей 067H Bk (2 шт.) на 6260 страниц для прин,Бандлы x2/x6 — старт (08.08),15.0,1,7387,1,0,0,,113.2,41.5,40,C. в июле не продавалась
5278411260,5418X2,Комплект картриджей 067H Bk (2 шт.) на 6260 страниц для прин,Вне РК — спрос без рекламы (08.08),15.0,1,7387,1,0,0,,113.2,41.5,40,C. в июле не продавалась
863385918,3789,"Картридж W1331X для принтеров HP Laser 408 dn, Laser 432 fdn",от 2000 до 5000,13.2,2,7374,1,8,0,,107.7,30.2,38,C. в июле не продавалась
652352508,0816,"Картридж MLT-D115L для принтеров Samsung SL-M2880FW, SL-M262",от 2000 до 5000,12.0,2,7356,1,19,0,100.0,101.2,32.5,35,B. продаёт сама
652352508,0816,"Картридж MLT-D115L для принтеров Samsung SL-M2880FW, SL-M262",Эксперимент1,8.0,2,7356,1,0,0,100.0,101.2,32.5,24,B. продаёт сама
3350077611,0916,Картриджи T0870-T0879 для принтеров Epson Stylus Photo R1900,от 2000 до 5000,13.2,2,7326,2,78,7326,0.0,111.6,31.5,39,A. реклама тянет
1155649313,1268,Картриджи T0591-T0598 для принтеров Epson Stylus Photo R2400,от 5000 до 10000,14.3,1,7320,1,15,0,,87.8,30.1,31,C. в июле не продавалась
904472946,1189,"Фотобарабан CE314A для принтеров HP Color LJ Pro 100 M175a, ",Эксперимент1,12.1,3,7317,2,10,0,,71.0,31.6,25,C. в июле не продавалась
864225340,1070,"Картридж MX235 для принтеров Sharp AR-5618, AR 5620, AR5623,",Вне РК — спрос без рекламы (08.08),15.0,2,7316,1,0,0,,77.9,30.5,27,C. в июле не продавалась
863393503,0140,"Картриджи BCI-24 для принтеров Canon Pixma iP1000, PixmaiP15",Эксперимент1,8.8,5,7310,1,36,0,,48.9,30.6,17,C. в июле не продавалась
930635216,2360,"Картридж CF410X для принтеров HP LJ Color Pro M452nw, M377dw",Эксперимент1,8.8,2,7295,2,8,0,,110.0,30.2,26,C. в июле не продавалась
930635216,2360,"Картридж CF410X для принтеров HP LJ Color Pro M452nw, M377dw",от 2000 до 5000,14.3,2,7295,2,5,0,,110.0,30.2,38,C. в июле не продавалась
1719288406,5721,"Картридж 006R04371 для принтеров Xerox C310, C315 желтый",от 2000 до 5000,12.0,2,7275,2,0,0,100.0,133.9,33.4,36,B. продаёт сама
863418815,4209,"Картриджи W2070A-W2073A для принтеров HP Color Laser 150a, H",от 5000 до 10000,13.2,1,7248,1,12,0,,200.3,28.7,40,C. в июле не продавалась
863418815,4209,"Картриджи W2070A-W2073A для принтеров HP Color Laser 150a, H",Эксперимент1,8.8,1,7248,1,0,0,,200.3,28.7,26,C. в июле не продавалась
873314229,3636,"Картридж TK-5195C для принтеров Kyocera и TASKalfa 306, TASK",от 2000 до 5000,15.4,2,7240,1,0,0,,109.8,31.1,38,C. в июле не продавалась
1510948990,5386,"Картридж 055H M для принтеров Canon и i-SENSYS MF 741, MF 74",Эксперимент1,9.9,2,7202,1,0,0,,126.9,34.1,30,C. в июле не продавалась
863393865,00605,Картридж для Canon i-SENSYS MF-5940dn,Эксперимент1,8.8,3,7157,1,1,3350,0.0,107.3,35.8,26,A. реклама тянет
652454545,0975,"Картридж 970XL для принтеров HP Officejet Pro X451dw, Office",от 2000 до 5000,13.2,2,7150,1,29,3536,0.0,100.5,27.2,35,A. реклама тянет
873320085,3760,"Фотобарабан DR-12 DU для принтеров Brother DCP-L2551dn, HL-L",Эксперимент1,9.0,3,7136,3,0,0,100.0,74.2,32.2,26,B. продаёт сама
4527409163,57673,Картридж для HP Color LaserJet Pro 4203dn,Эксперимент1,8.8,1,7116,1,15,0,0.0,78.3,31.6,26,A. реклама тянет
4527409163,57673,Картридж для HP Color LaserJet Pro 4203dn,от 2000 до 5000,13.2,1,7116,1,18,7116,0.0,78.3,31.6,27,A. реклама тянет
3556714395,4770,"Картридж M21-750499 для принтеров Brady BMP 21-LAB, BMP 21-P",от 2000 до 5000,13.2,2,7096,2,168,3542,50.0,102.5,32.0,36,A. реклама тянет
3556714395,4770,"Картридж M21-750499 для принтеров Brady BMP 21-LAB, BMP 21-P",Эксперимент1,8.8,2,7096,2,41,0,50.0,102.5,32.0,26,A. реклама тянет
4527401999,56181,Тонер-картридж для Kyocera ECOSYS MA4500ifx,от 2000 до 5000,12.0,2,7094,2,27,0,100.0,97.2,30.8,34,B. продаёт сама
4527401999,56181,Тонер-картридж для Kyocera ECOSYS MA4500ifx,Эксперимент1,8.0,2,7094,2,0,0,100.0,97.2,30.8,24,B. продаёт сама
2925990388,6708,Фотобарабан + картридж DR-2080 DU+TN-2080 для принтеров Brot,Эксперимент1,8.8,2,7086,1,47,0,,102.5,27.9,26,C. в июле не продавалась
2925990388,6708,Фотобарабан + картридж DR-2080 DU+TN-2080 для принтеров Brot,от 2000 до 5000,15.4,2,7086,1,45,0,,102.5,27.9,36,C. в июле не продавалась
930612969,0070,"Картриджи 84-85 для принтеров HP DesignJet 10ps, DJ 120, DJ ",от 2000 до 5000,13.2,2,7081,1,0,0,,391.7,26.5,40,C. в июле не продавалась
3199344922,3076,"Картридж №727 для принтеров HP DesignJet T1500, DJ-T1530, DJ",от 5000 до 10000,13.2,1,7079,1,36,0,,88.4,30.2,31,C. в июле не продавалась
866443783,2110,"Картридж MX237GT для принтеров Sharp AR-6020, AR-6023D, AR 6",Эксперимент1,8.8,2,7070,1,33,0,,54.2,29.5,19,C. в июле не продавалась
653317592,1367,"Картридж 106R02773 для Xerox WorkCentre 3025, Phaser 3020BI,",от 2000 до 5000,12.0,3,7065,1,31,0,100.0,75.5,31.9,26,B. продаёт сама
653062552,3432,"Картридж TN-217C для принтеров Brother DCP-L3550CDW, HL-L323",Эксперимент1,9.0,3,7035,1,0,0,100.0,83.2,32.8,27,B. продаёт сама
4492324288,20554,Картридж для Ricoh Aficio MP4002,Эксперимент1,8.8,1,6917,1,14,6917,0.0,65.6,28.2,23,A. реклама тянет
930641807,1107,Картридж 106R02312 для принтеров Xerox WorkCentre 3325 черны,Вне РК — спрос без рекламы (08.08),15.0,2,6900,2,0,0,,54.0,29.5,19,C. в июле не продавалась
4527387470,53395,Картридж для HP LaserJet M2727nf,Эксперимент1,8.0,2,6807,2,31,0,100.0,99.6,32.7,24,B. продаёт сама
4527387470,53395,Картридж для HP LaserJet M2727nf,от 2000 до 5000,12.0,2,6807,2,50,0,100.0,99.6,32.7,35,B. продаёт сама
2999122861,1322,"Картридж KX-FAT431A7 для принтеров Panasonic KX-MB2230RU, KX",Вне РК — спрос без рекламы (08.08),15.0,1,6775,1,0,0,,78.8,28.1,28,C. в июле не продавалась
3681683401,3015,"Картридж 51B5H00 для принтеров Lexmark MS417dn, MS517dn, MS6",Эксперимент1,8.8,2,6770,2,42,0,,112.3,31.3,26,C. в июле не продавалась
906876419,2322,"Картридж SCX-D6555A для принтеров Samsung и SCX-4645, SCX 65",Эксперимент1,8.8,1,6723,1,122,0,,180.8,30.2,26,C. в июле не продавалась
930613103,0103,"Картридж CC364X для принтеров HP LaserJet P4015, LJ P4515 че",Вне РК — спрос без рекламы (08.08),15.0,1,6673,1,0,0,,91.6,30.4,32,C. в июле не продавалась
4527409650,57675,Картридж для HP Color LaserJet Pro MFP 4303dw,от 2000 до 5000,13.2,1,6670,1,1,0,,74.5,30.3,26,C. в июле не продавалась
4527409650,57675,Картридж для HP Color LaserJet Pro MFP 4303dw,Эксперимент1,8.8,1,6670,1,27,0,,74.5,30.3,26,C. в июле не продавалась
1167177839,2985,"Фотобарабан CLT-R404 DU для принтеров Samsung SL-C430, SL-C4",Вне РК — спрос без рекламы (08.08),15.0,1,6670,1,0,0,,99.0,32.7,35,C. в июле не продавалась
930613025,0607,Картридж 106R01415 для принтеров Xerox Phaser 3435 черный,от 2000 до 5000,13.2,1,6626,1,58,6626,0.0,105.5,27.9,37,A. реклама тянет
930608697,1211,"Картридж TK-895C для принтеров Kyocera FS-C8020MFP, FS C8025",Эксперимент1,9.9,2,6604,1,4,0,,126.0,34.0,30,C. в июле не продавалась
4515704911,33831,Фотобарабан для Canon iR-2204,Эксперимент1,8.8,1,6573,1,0,0,,85.9,29.2,26,C. в июле не продавалась
4458672358,03063,Картридж для HP DeskJet 940,Эксперимент1,8.0,1,6475,1,21,0,100.0,76.2,32.5,24,B. продаёт сама
904484189,4310,"Картридж TN-328M для принтеров Konica Minolta Bizhub C250i, ",Эксперимент1,8.0,1,6439,1,52,0,100.0,183.1,29.6,24,B. продаёт сама
1220115348,3818,"Картридж SPC250HC для принтеров Ricoh и MC250FW, PC301W голу",Эксперимент1,9.9,1,6435,1,0,0,,81.8,28.2,29,C. в июле не продавалась
1510949846,5385,"Картридж 055H C для принтеров Canon и i-SENSYS MF 741, MF 74",Эксперимент1,12.1,2,6392,1,0,0,,126.9,34.1,36,C. в июле не продавалась
866443645,5369,"Картридж TK-1170 для принтеров Kyocera EcoSys M2040dn, M2540",Эксперимент1,9.9,3,6390,3,8,0,,54.5,30.8,19,C. в июле не продавалась
866443645,5369,"Картридж TK-1170 для принтеров Kyocera EcoSys M2040dn, M2540",от 1000-2000,13.2,3,6390,3,0,0,,54.5,30.8,19,C. в июле не продавалась
873320210,3759,"Чернила GI-490 для принтеров Canon Pixma G1400, PixmaG1410",от 1000-2000,11.0,3,6365,1,0,0,,60.8,32.4,21,C. в июле не продавалась
873320210,3759,"Чернила GI-490 для принтеров Canon Pixma G1400, PixmaG1410",Эксперимент1,7.7,3,6365,1,0,0,,60.8,32.4,21,C. в июле не продавалась
930625454,0752,"Картридж CE250X для принтеров HP Color LaserJet CM3530, LJ C",Эксперимент1,8.0,1,6340,1,7,0,100.0,58.1,29.0,20,B. продаёт сама
652454564,0052,"Картридж CB540A для принтеров HP и Color LaserJet CM1300, LJ",Эксперимент1,8.0,2,6323,2,0,0,100.0,110.9,32.9,24,B. продаёт сама
4451994911,02773,Картридж для Samsung ML-2950ND,Эксперимент1,8.8,2,6300,2,43,0,,111.8,34.4,26,C. в июле не продавалась
870872386,2343,"Картридж 106R03488 для принтеров Xerox Phaser 6510, WC 6515 ",Эксперимент1,8.8,3,6297,3,25,3869,0.0,78.3,30.2,26,A. реклама тянет
1692496540,5633,Картридж TK-5440Y для принтеров Kyocera ECOSYS MA2100cfx жел,от 1000-2000,13.2,3,6236,1,0,0,,69.7,35.2,24,C. в июле не продавалась
930639301,2358,"Картридж CF256X для принтеров HP LaserJet M436n, LJ M436nda ",от 2000 до 5000,12.0,2,6206,1,0,0,100.0,84.8,31.7,30,B. продаёт сама
930639301,2358,"Картридж CF256X для принтеров HP LaserJet M436n, LJ M436nda ",Эксперимент1,8.0,2,6206,1,48,0,100.0,84.8,31.7,24,B. продаёт сама
2129710172,6182,"Картридж 106R03487 для принтеров Xerox Phaser 6510, WC 6515 ",от 1000-2000,13.2,3,6179,2,31,4213,0.0,58.4,29.8,20,A. реклама тянет
4515703504,32621,Картридж для M6550NW,Эксперимент1,8.8,2,6171,2,19,3396,0.0,87.9,32.3,26,A. реклама тянет
984583775,4726,Картридж 106R03772 для принтеров Xerox и VersaLink C7000 гол,от 2000 до 5000,14.3,2,6143,1,5,0,,80.8,32.2,28,C. в июле не продавалась
930626829,2232,Картридж TK-7300 для принтеров Kyocera ECOSYS P4040dn черный,от 2000 до 5000,14.3,2,6122,1,0,0,,105.8,31.0,37,C. в июле не продавалась
2909671248,6618,Фотобарабан + картридж CE314A+CE310A-CE313A черный,от 5000 до 10000,13.2,1,6095,1,35,0,,74.1,27.9,26,C. в июле не продавалась
873319621,4137,"Картридж W1120A для принтеров HP Color Laser 150a, Laser 178",Эксперимент1,8.8,1,6081,1,15,0,,172.1,30.1,26,C. в июле не продавалась
1547263851,4573,"Картридж LK5WBN для принтеров Epson LabelWorks 1000P, LW 400",Эксперимент1,8.8,2,6050,2,23,0,,95.4,33.8,26,C. в июле не продавалась
4543086814,69492,Картридж для BM1800W,от 5000 до 10000,13.2,1,6049,1,37,6049,0.0,79.4,30.0,28,A. реклама тянет
4543086814,69492,Картридж для BM1800W,Эксперимент1,8.8,1,6049,1,22,0,0.0,79.4,30.0,26,A. реклама тянет
4451990235,02521,Картридж для Xerox Phaser 3100,от 2000 до 5000,13.2,1,6040,1,207,6040,0.0,55.6,28.5,19,A. реклама тянет
3557209900,6340,"Картридж 78C50C0 для принтеров Lexmark CS421, CX421, CX522, ",Вне РК — спрос без рекламы (08.08),15.0,1,6027,1,0,0,100.0,76.1,30.8,27,B. продаёт сама
3557209894,6341,"Картридж 78C50M0 для принтеров Lexmark CS421, CX421, CX522, ",Вне РК — спрос без рекламы (08.08),15.0,1,6027,1,0,0,100.0,76.1,30.8,27,B. продаёт сама
3557210581,6468,"Картридж 78C50Y0 для принтеров Lexmark CS421, CX421, CX522, ",Вне РК — спрос без рекламы (08.08),15.0,1,6027,1,0,0,100.0,76.1,30.8,27,B. продаёт сама
1897483981,5884,"Картридж T-2323E для принтеров Toshiba e Studio 2329, eStudi",от 2000 до 5000,13.2,2,6006,2,82,6006,0.0,96.4,31.7,34,A. реклама тянет
4450870372,001812,Картридж для Canon FC-208,Эксперимент1,8.8,1,5974,1,8,0,0.0,73.9,34.5,26,A. реклама тянет
4450870372,001812,Картридж для Canon FC-208,от 2000 до 5000,13.2,1,5974,1,20,5974,0.0,73.9,34.5,26,A. реклама тянет
874373644,4482,Картридж CTL-1100XC голубой,Эксперимент1,8.8,2,5952,1,6,3953,0.0,120.6,32.9,26,A. реклама тянет
1153798915,2884,"Картридж C-EXV49C для принтеров Canon iR Advance C3320, iR A",от 2000 до 5000,12.0,1,5951,1,13,0,100.0,65.2,31.7,23,B. продаёт сама
2509957954,5589,"Картридж TN-2480 для принтеров Brother DCP-L2550DW, HL-L2370",от 1000-2000,13.2,3,5902,2,74,3804,0.0,63.9,31.8,22,A. реклама тянет
4543090802,68474,Картридж для HP LaserJet Managed E42540,Эксперимент1,8.8,1,5865,1,0,0,,59.6,30.4,21,C. в июле не продавалась
930634144,0207,"Картридж CE390X для принтеров HP LaserJet M4555, M602dn, M60",Эксперимент1,8.0,1,5864,1,7,0,100.0,67.6,27.6,24,B. продаёт сама
1163041012,2114,"Картридж MX23GTYA для принтеров Sharp MX-1810U, MX 2010U, MX",Эксперимент1,8.0,1,5799,1,0,0,100.0,67.5,28.6,24,B. продаёт сама
1153745137,2112,"Картридж MX23GTCA для принтеров Sharp MX-1810U, MX 2010U, MX",Эксперимент1,8.0,1,5799,1,14,0,100.0,78.9,27.2,24,B. продаёт сама
866442967,1412,"Картридж TK-8305Bk для принтеров Kyocera TASKalfa 3050i, TAS",Эксперимент1,8.8,1,5797,1,0,0,,87.9,30.2,26,C. в июле не продавалась
863387569,2178,"Картридж 040H C для принтеров Canon i-SENSYS LBP-710CX, LBP7",Эксперимент1,9.9,1,5783,1,16,0,,80.5,29.9,28,C. в июле не продавалась
930617902,2039,"Картридж TN-512Y для принтеров Konica Minolta Bizhub C454, B",Эксперимент1,8.8,1,5764,1,0,0,,55.9,30.4,20,C. в июле не продавалась
930616272,3061,Картридж TK-5290C для принтеров Kyocera и Ecosys P7240cdn го,Эксперимент1,8.0,3,5750,2,10,0,100.0,39.9,29.3,14,B. продаёт сама
904479374,2611,"Чернила T664 для принтеров Epson L100, L110, L130, L1300, L2",от 1000-2000,13.2,3,5709,3,15,0,,61.9,33.1,22,C. в июле не продавалась
863385790,3522,Картриджи T9441-T9444 для принтеров Epson WorkForce Pro C521,Эксперимент1,8.8,1,5621,1,42,5621,0.0,70.4,30.8,25,A. реклама тянет
863393880,0080,Картриджи T1281-T1284 для принтеров Epson Stylus Office BX30,от 2000 до 5000,13.2,3,5594,2,33,0,,72.3,34.2,25,C. в июле не продавалась
652356516,0741,"Картридж Q6001A для принтеров HP Color LaserJet 1600, LJ 260",Эксперимент1,9.9,1,5574,1,10,0,,162.8,30.0,30,C. в июле не продавалась
4489629899,14562,Картридж для Canon Pixma MP220,Эксперимент1,8.8,1,5556,1,14,5556,0.0,311.4,27.4,26,A. реклама тянет
1153794925,2788,"Картридж 45862849 для принтеров OKI и MC 873, MC853 желтый",Эксперимент1,8.0,1,5516,1,9,0,100.0,231.7,27.6,24,B. продаёт сама
930614877,0278,Картридж ML-2850 для принтеров Samsung ML2851 черный,от 2000 до 5000,13.2,2,5488,1,12,0,,101.0,30.9,35,C. в июле не продавалась
930614877,0278,Картридж ML-2850 для принтеров Samsung ML2851 черный,Эксперимент1,8.8,2,5488,1,5,0,,101.0,30.9,26,C. в июле не продавалась
651911555,0194,"Картридж 56 для принтеров HP DeskJet 5150, DeskJet 450cbi, P",от 2000 до 5000,14.3,2,5446,2,50,0,,68.4,32.5,24,C. в июле не продавалась
1999421449,5963,"Картридж TK-1260 для принтеров Kyocera PA4000wx, PA4000x чер",от 2000 до 5000,13.2,1,5422,1,56,5422,0.0,117.7,32.0,40,A. реклама тянет
4452002790,030523,Картридж для HP DeskJet 930,Эксперимент1,8.8,1,5408,1,74,5408,0.0,71.2,32.1,25,A. реклама тянет
4543085498,67614,Картридж для HP LaserJet Pro MFP 3102fdw,Эксперимент1,8.8,1,5317,1,6,0,,122.5,31.4,26,C. в июле не продавалась
864225832,1280,"Картридж CF411A для принтеров HP LJ Color Pro M377dw, M452dn",Эксперимент1,9.9,2,5285,1,17,0,,89.5,32.6,30,C. в июле не продавалась
1001297456,4802,"Картридж PC-211EV XL для принтеров M6500, M6506NW, M6607, P2",Эксперимент1,9.9,2,5269,1,0,0,,97.7,31.3,30,C. в июле не продавалась
930624502,1728,"Картридж 62D0HA0/ 62D5H00 для принтеров Lexmark MX710, MX711",Эксперимент1,8.8,1,5237,1,8,0,,165.6,30.0,26,C. в июле не продавалась
866443020,1572,"Картридж D8J07A для принтеров HP Officejet Color X555dn, Off",Эксперимент1,9.9,1,5235,1,0,0,,62.3,31.3,22,C. в июле не продавалась
866443017,1574,"Картридж D8J09A для принтеров HP Officejet Color X555dn, Off",от 2000 до 5000,14.3,1,5235,1,0,0,,177.4,31.3,43,C. в июле не продавалась
866443204,1573,"Картридж D8J08A для принтеров HP Officejet Color X555dn, Off",Эксперимент1,9.9,1,5235,1,9,0,,62.3,31.3,22,C. в июле не продавалась
4451926495,011210,Картридж для Brother DCP-8065DN,Эксперимент1,8.0,2,5187,2,51,0,100.0,96.7,32.6,24,B. продаёт сама
3855425704,6410,Картридж TK-5450C для принтеров Kyocera ECOSYS MA2600cfx гол,Эксперимент1,8.8,1,5185,1,29,0,,114.7,35.1,26,C. в июле не продавалась
4489622246,12856,Картридж для Brother DCP-L5500dn,Эксперимент1,8.8,2,5180,2,0,0,,87.4,32.2,26,C. в июле не продавалась
4493527052,23171,Картридж для Canon i-SENSYS LBP-351,Эксперимент1,8.0,1,5177,1,0,0,100.0,64.1,28.6,22,B. продаёт сама
1155650091,2640,"Картридж TN-324M для принтеров Konica Minolta и Bizhub C258,",Эксперимент1,9.9,1,5158,1,3,0,,67.2,32.8,24,C. в июле не продавалась
1153812258,3215,"Картридж TN-421Y для принтеров Brother DCP-L8410CDW, HL-L826",Эксперимент1,8.0,2,5153,1,7,0,100.0,85.6,33.4,24,B. продаёт сама
930615629,0277,"Картридж MLT-D103L для принтеров Samsung ML2950, ML2950NDR, ",Вне РК — спрос без рекламы (08.08),15.0,2,5147,1,0,0,,54.9,34.0,19,C. в июле не продавалась
4515728038,36741,Картридж для Ricoh Aficio MP501,Эксперимент1,8.8,1,5145,1,0,0,,59.2,31.6,21,C. в июле не продавалась
4543094164,66391,Фотобарабан + картридж для Brother DCP-L2550DW,Эксперимент1,8.8,1,5131,1,17,5131,0.0,57.3,26.8,20,A. реклама тянет
653392045,0682,"Картридж 1230D для принтеров Ricoh Aficio MP2000, 2015, 2016",Эксперимент1,10.0,3,5122,2,0,0,100.0,39.1,29.1,14,B. продаёт сама
653392045,0682,"Картридж 1230D для принтеров Ricoh Aficio MP2000, 2015, 2016",от 1000-2000,11.0,3,5122,2,0,0,100.0,39.1,29.1,14,B. продаёт сама
1744145189,5735,"Картридж BPGT20MA для принтеров Sharp и C-CUBE-BP10Р 20EU, B",Эксперимент1,8.0,1,5073,1,0,0,100.0,88.4,32.0,24,B. продаёт сама
4451978146,02025,Картридж для HP DeskJet 2050A,Эксперимент1,8.8,1,5067,1,41,0,,69.2,34.1,24,C. в июле не продавалась
4451978109,02024,Картридж для HP DeskJet 2050 - J510a,от 2000 до 5000,13.2,1,5064,1,71,5064,0.0,63.7,31.8,22,A. реклама тянет
4451978109,02024,Картридж для HP DeskJet 2050 - J510a,Эксперимент1,8.8,1,5064,1,24,0,0.0,63.7,31.8,22,A. реклама тянет
874374129,4313,"Картридж CF230XL для принтеров HP LJ Pro MFP M227fdn, LJ Pro",Эксперимент1,9.0,2,5055,1,93,0,100.0,68.2,32.1,24,B. продаёт сама
4451984487,020238,Картридж для HP DeskJet 3059A,от 2000 до 5000,13.2,1,5046,1,0,0,,62.0,31.1,22,C. в июле не продавалась
1665177812,5550,Картридж T09 для принтеров Canon и i-SENSYS X C1127 черный,Эксперимент1,8.0,1,5045,1,0,0,100.0,121.0,29.2,24,B. продаёт сама
1665177812,5550,Картридж T09 для принтеров Canon и i-SENSYS X C1127 черный,от 2000 до 5000,12.0,1,5045,1,0,0,100.0,121.0,29.2,36,B. продаёт сама
930609264,0392,"Картридж Q3960A для принтеров HP и Color LaserJet 2550L, LJ ",от 2000 до 5000,12.0,1,5009,1,0,0,100.0,67.5,33.4,24,B. продаёт сама
930609264,0392,"Картридж Q3960A для принтеров HP и Color LaserJet 2550L, LJ ",Эксперимент1,8.0,1,5009,1,17,0,100.0,67.5,33.4,24,B. продаёт сама
930617062,0783,"Картридж CF350A для принтеров HP и Color LJ Pro M176n, LJ Pr",от 1000-2000,13.2,3,4965,2,11,0,,50.1,31.2,18,C. в июле не продавалась
866442915,1434,"Картридж T1810E для принтеров Toshiba e-Studio 181, e Studio",Эксперимент1,8.8,1,4959,1,30,4959,0.0,60.0,28.6,21,A. реклама тянет
1547263785,4574,"Картридж LK5TBN для принтеров Epson LabelWorks 1000P, LW 400",Эксперимент1,8.8,2,4928,1,19,0,,69.8,33.4,24,C. в июле не продавалась
2999154722,0901,"Картридж LC-1240BK для принтеров Brother DCP-J525W, DCP J725",Пустые РК,11.0,6,4881,1,12,1468,0.0,59.6,33.2,21,A. реклама тянет
873313634,3382,"Картридж TNP-46 для принтеров Konica Minolta Bizhub 4050, Bi",Эксперимент1,8.8,1,4842,1,7,0,,173.1,29.5,26,C. в июле не продавалась
652454506,0205,"Картридж CE285X для принтеров HP LaserJet Pro M1132, LJ Pro ",Эксперимент1,9.9,2,4838,1,20,2553,0.0,68.1,31.0,24,A. реклама тянет
930630401,2639,"Картридж TN-324C для принтеров Konica Minolta и Bizhub C258,",от 2000 до 5000,12.0,1,4836,1,0,0,100.0,62.8,31.0,22,B. продаёт сама
1268493081,4834,"Картридж 3ED67A для принтеров HP DesignJet Studio, DJ Studio",Вне РК — спрос без рекламы (08.08),15.0,1,4784,1,0,0,,64.7,34.0,23,C. в июле не продавалась
1261510003,4835,"Картридж 3ED68A для принтеров HP и DesignJet Studio, DJ Stud",Эксперимент1,8.8,1,4784,1,25,0,,64.7,34.0,23,C. в июле не продавалась
930613951,0575,"Картридж TN-135BK для принтеров Brother и DCP-9040CN, DCP 90",Эксперимент1,8.0,1,4783,1,0,0,100.0,116.3,30.4,24,B. продаёт сама
930613951,0575,"Картридж TN-135BK для принтеров Brother и DCP-9040CN, DCP 90",от 2000 до 5000,12.0,1,4783,1,0,0,100.0,116.3,30.4,36,B. продаёт сама
4450878845,00184,Картридж для Canon FC-228,Эксперимент1,8.8,1,4755,1,35,0,,63.9,30.5,22,C. в июле не продавалась
873320575,3746,"Картридж 408185 для принтеров Ricoh Aficio SPC360, SPC361 го",от 2000 до 5000,13.2,1,4749,1,14,4749,0.0,115.9,30.4,40,A. реклама тянет
4450874067,001820,Картридж для Canon FC-330,Вне РК — спрос без рекламы (08.08),15.0,1,4733,1,0,0,,76.7,30.5,27,C. в июле не продавалась
4450871107,001818,Картридж для Canon FC-226,от 2000 до 5000,13.2,1,4718,1,79,0,,69.1,32.6,24,C. в июле не продавалась
4489625603,13231,Картридж для Panasonic KX-MB2110,Эксперимент1,8.8,2,4696,2,15,0,,82.5,32.4,26,C. в июле не продавалась
2129690208,6117,Фотобарабан + картридж TL-5126X+DL-5126 для принтеров BM5106,от 2000 до 5000,12.0,1,4686,1,39,0,100.0,56.2,31.0,20,B. продаёт сама
4481053375,10425,Картридж для Samsung Xpress M2022,Эксперимент1,8.8,2,4684,2,0,0,,70.1,32.5,25,C. в июле не продавалась
3279797462,0342,"Картриджи 920XL для принтеров HP OfficeJet 6000, OfficeJet 6",Эксперимент1,8.8,2,4669,2,72,0,,90.4,33.4,26,C. в июле не продавалась
4504655602,26382,Картридж для Konica Minolta Bizhub C308,от 2000 до 5000,13.2,1,4624,1,12,0,0.0,52.4,27.8,18,A. реклама тянет
4504655602,26382,Картридж для Konica Minolta Bizhub C308,Эксперимент1,8.8,1,4624,1,34,4624,0.0,52.4,27.8,18,A. реклама тянет
930621980,1237,"Картриджи LC985 для принтеров Brother DCP-J125, DCP J140W, M",Эксперимент1,8.0,2,4617,1,7,0,100.0,58.0,31.5,20,B. продаёт сама
1153219507,0676,Картридж 106R01446 для принтеров Xerox Phaser 7500 черный,от 2000 до 5000,13.2,1,4616,1,0,0,,66.3,30.1,23,C. в июле не продавалась
1153219507,0676,Картридж 106R01446 для принтеров Xerox Phaser 7500 черный,Эксперимент1,8.8,1,4616,1,0,0,,66.3,30.1,23,C. в июле не продавалась
873319852,3891,"Картридж LC-3239XLBK для принтеров Brother HL-J6000DW, MFC-J",Эксперимент1,9.9,1,4585,1,0,0,,112.1,31.2,30,C. в июле не продавалась
873319852,3891,"Картридж LC-3239XLBK для принтеров Brother HL-J6000DW, MFC-J",от 2000 до 5000,14.3,1,4585,1,0,0,,112.1,31.2,39,C. в июле не продавалась
4493577865,21931,Фотобарабан для HP LaserJet Pro M129,от 1000-2000,12.0,2,4582,2,30,0,100.0,62.6,31.5,22,B. продаёт сама
4493577865,21931,Фотобарабан для HP LaserJet Pro M129,Эксперимент1,8.0,2,4582,2,44,0,100.0,62.6,31.5,22,B. продаёт сама
652576702,0128,Картридж BCI-24 для принтеров Canon Pixma iP1500 MultiPASS C,от 0 до 1000,10.0,6,4582,2,0,0,100.0,35.6,34.6,12,B. продаёт сама
873320207,3806,"Картридж W2120X для принтеров HP Color LJ M554 dn, LJ M555 d",от 2000 до 5000,13.2,1,4567,1,0,0,,134.7,30.0,40,C. в июле не продавалась
873320207,3806,"Картридж W2120X для принтеров HP Color LJ M554 dn, LJ M555 d",Эксперимент1,8.8,1,4567,1,8,0,,47.3,30.0,17,C. в июле не продавалась
930622275,1239,"Картридж PFI-102C для принтеров Canon iPF 650, iPF500 голубо",Эксперимент1,8.8,1,4536,1,0,0,,50.2,30.1,18,C. в июле не продавалась
653449252,2138,"Картридж TK-5240Y для принтеров Kyocera Ecosys M5526cdn, P50",Эксперимент1,9.9,2,4525,1,7,0,,66.5,30.7,23,C. в июле не продавалась
4451927942,01191,Картридж для Kyocera FS-1028MFP,от 1000-2000,13.2,2,4450,3,53,4450,30.0,52.5,30.1,18,A. реклама тянет
4451927942,01191,Картридж для Kyocera FS-1028MFP,Эксперимент1,8.8,2,4450,3,12,0,30.0,52.5,30.1,18,A. реклама тянет
904484070,3908,"Картридж W2070A для принтеров HP Color Laser 150a, HP Color ",от 2000 до 5000,15.4,2,4423,1,15,0,,77.6,32.0,27,C. в июле не продавалась
904484070,3908,"Картридж W2070A для принтеров HP Color Laser 150a, HP Color ",Эксперимент1,8.8,2,4423,1,7,0,,77.6,32.0,26,C. в июле не продавалась
651928956,0192,"Картридж 121XL для принтеров HP NVY 110 e-All-in-One, DeskJe",от 2000 до 5000,13.2,1,4393,1,36,0,,149.2,30.5,40,C. в июле не продавалась
4451995118,02792,Картридж для Samsung SCX-4833FD,Вне РК — спрос без рекламы (08.08),15.0,1,4364,1,0,0,100.0,69.1,36.6,24,B. продаёт сама
653457466,1298,"Картридж TK-5140 для принтеров Kyocera и ECOSYS M6030cdn, M6",Эксперимент1,9.9,1,4329,1,27,0,,36.2,32.0,13,C. в июле не продавалась
4450894367,00252,Картридж для HP LaserJet M3035 MFP,от 2000 до 5000,13.2,1,4305,1,13,4305,0.0,44.1,25.4,15,A. реклама тянет
4527394791,55271,Картридж для HP LaserJet Pro 3003dw,Эксперимент1,8.8,1,4299,1,4,0,,64.6,30.3,23,C. в июле не продавалась
4527394791,55271,Картридж для HP LaserJet Pro 3003dw,от 2000 до 5000,13.2,1,4299,1,15,0,,184.0,30.3,40,C. в июле не продавалась
3199474078,5584,"Фотобарабан X-15000 для принтеров Huawei PixLab B5, PixLab X",Вне РК — спрос без рекламы (08.08),15.0,1,4292,1,0,0,,126.0,30.3,44,C. в июле не продавалась
870873014,2765,"Картридж TK8345K XL для принтеров Kyocera TASKalfa 2552ci, T",от 2000 до 5000,13.2,1,4291,1,114,4291,0.0,114.5,29.8,40,A. реклама тянет
4451926294,01091,Картридж для Samsung SCX-4500,от 2000 до 5000,13.2,1,4289,1,106,0,,83.2,33.1,29,C. в июле не продавалась
4451926294,01091,Картридж для Samsung SCX-4500,Эксперимент1,8.8,1,4289,1,0,0,,83.2,33.1,26,C. в июле не продавалась
653039783,0852,"Фотобарабан DR-2335 DU для принтеров Brother DCP-L2500, DCP ",Эксперимент1,8.8,2,4281,2,18,2268,0.0,69.3,32.1,24,A. реклама тянет
4480825919,08514,Картридж для Brother HL-L2365DWR,Эксперимент1,8.8,2,4231,2,18,0,0.0,58.2,33.5,20,A. реклама тянет
4480825919,08514,Картридж для Brother HL-L2365DWR,от 1000-2000,13.2,2,4231,2,48,4231,0.0,58.2,33.5,20,A. реклама тянет
4463790069,05613,Картридж для Kyocera FS-6525MFP,от 2000 до 5000,13.2,1,4225,1,1,0,0.0,114.5,34.0,40,A. реклама тянет
4463790069,05613,Картридж для Kyocera FS-6525MFP,Эксперимент1,8.8,1,4225,1,3,4225,0.0,114.5,34.0,26,A. реклама тянет
653382718,3351,"Картридж SP-230H для принтеров Ricoh Aficio SP 230SFNw, SP 2",от 1000-2000,13.2,2,4207,1,7,0,,77.5,33.8,27,C. в июле не продавалась
866442920,1415,"Картридж TK-8305Y для принтеров Kyocera TASKalfa 3050i, TASK",от 2000 до 5000,14.3,1,4205,1,0,0,,60.8,29.9,21,C. в июле не продавалась
4527407669,54391,Картридж для Brother MFC-J3540DW,от 2000 до 5000,13.2,1,4195,1,26,0,,134.7,32.3,40,C. в июле не продавалась
904483519,3747,"Картридж 408186 для принтеров Ricoh Aficio SPC360, SPC361 пу",Эксперимент1,8.8,1,4184,1,0,0,,115.9,30.4,26,C. в июле не продавалась
652454521,3899,"Картридж №912XL C для принтеров HP OfficeJet 8012, OfficeJet",Эксперимент1,8.8,2,4176,2,26,0,,54.5,30.8,19,C. в июле не продавалась
930641745,0810,Картридж CE412A для принтеров HP Color LaserJet Pro 300 M351,Эксперимент1,8.0,1,4162,1,0,0,100.0,101.4,31.5,24,B. продаёт сама
930613391,0809,Картридж CE411A для принтеров HP Color LaserJet Pro 300 M351,Эксперимент1,8.0,1,4162,1,0,0,100.0,105.7,33.0,24,B. продаёт сама
930641177,0753,Картридж CE390A для принтеров HP LaserJet M4555 черный,от 2000 до 5000,13.2,1,4158,1,8,4158,0.0,132.8,28.4,40,A. реклама тянет
2205687545,0932,Картриджи T2621XL-T2634XL для принтеров Epson Expression XP-,Эксперимент1,8.8,2,4139,1,171,0,,74.9,33.3,26,C. в июле не продавалась
4489630378,14303,Картридж для Ricoh Aficio SP311SFN,Эксперимент1,8.0,1,4131,1,0,0,100.0,74.5,28.3,24,B. продаёт сама
4489630378,14303,Картридж для Ricoh Aficio SP311SFN,от 2000 до 5000,12.0,1,4131,1,12,0,100.0,74.5,28.3,26,B. продаёт сама
873313016,3423,"Картридж MLT-D103S для принтеров Samsung ML-2950, ML 2955, S",от 2000 до 5000,13.2,1,4128,1,16,4128,0.0,115.6,31.3,40,A. реклама тянет
2929457423,6743,Фотобарабан + картридж DL-425 DU+TL-425U для принтеров M7105,Пустые РК,13.2,1,4125,1,22,0,,102.0,26.4,36,C. в июле не продавалась
873314252,3628,"Картридж CF279X для принтеров HP LaserJet Pro M12, LJ Pro M2",Эксперимент1,9.0,2,4108,1,17,0,100.0,73.2,35.5,26,B. продаёт сама
873314252,3628,"Картридж CF279X для принтеров HP LaserJet Pro M12, LJ Pro M2",от 1000-2000,12.0,2,4108,1,0,0,100.0,73.2,35.5,26,B. продаёт сама
4507522657,31991,Картридж для Ricoh Aficio SP-3710SF,от 2000 до 5000,13.2,1,4068,1,0,0,0.0,112.6,29.8,39,A. реклама тянет
4507522657,31991,Картридж для Ricoh Aficio SP-3710SF,Эксперимент1,8.8,1,4068,1,20,4068,0.0,112.6,29.8,26,A. реклама тянет
4527379778,44816,Картридж для CM1100ADW,от 2000 до 5000,13.2,1,4037,1,23,4037,0.0,112.1,30.8,39,A. реклама тянет
4527379778,44816,Картридж для CM1100ADW,Эксперимент1,8.8,1,4037,1,0,0,0.0,112.1,30.8,26,A. реклама тянет
652454599,0825,"Картридж CF283A для принтеров HP LaserJet Pro M125, LJ Pro M",Эксперимент1,8.0,2,4009,1,9,0,100.0,65.4,32.6,23,B. продаёт сама
4518320010,42645,Картридж для Xerox AltaLink C8055,Эксперимент1,8.8,1,3963,1,7,0,,95.4,33.0,26,C. в июле не продавалась
652454549,0740,"Картридж Q6000A для принтеров HP Color LaserJet 1600, LJ 260",Эксперимент1,8.8,1,3944,1,17,3944,0.0,70.6,29.2,25,A. реклама тянет
863389273,0109,"Картридж ML-1630 для принтеров Samsung SCX-4500, SCX-4501, M",от 2000 до 5000,13.2,1,3933,1,33,0,,83.2,33.1,29,C. в июле не продавалась
652457973,3225,"Картридж W2031X для принтеров HP Color LaserJet M454dn, LJ P",Эксперимент1,9.9,1,3913,1,0,0,,101.6,30.9,30,C. в июле не продавалась
4451922817,00872,Картридж для HP LaserJet Pro M1217,Эксперимент1,8.8,2,3902,2,7,0,,55.4,30.2,19,C. в июле не продавалась
4444699662,00024,Картридж для HP LaserJet 1018,от 1000-2000,13.2,2,3888,2,11,0,,71.6,34.0,25,C. в июле не продавалась
4444699662,00024,Картридж для HP LaserJet 1018,Эксперимент1,8.8,2,3888,2,4,0,,71.6,34.0,25,C. в июле не продавалась
904483534,3854,"Чернила №101 для принтеров Epson L 4160, L-4167, L 6170, L 6",Эксперимент1,9.9,2,3880,2,6,0,,61.6,32.8,22,C. в июле не продавалась
4480824597,08621,Картридж для Kyocera TASKalfa 300i,от 2000 до 5000,12.0,1,3871,1,0,0,100.0,107.2,30.2,36,B. продаёт сама
4480824597,08621,Картридж для Kyocera TASKalfa 300i,Эксперимент1,8.0,1,3871,1,0,0,100.0,107.2,30.2,24,B. продаёт сама
652456550,2193,"Фотобарабан CF219A для принтеров HP LaserJet Pro M101, LJ Pr",Эксперимент1,8.8,2,3838,1,17,0,,57.0,31.1,20,C. в июле не продавалась
4527389129,528711,Картридж для Deli M2500DW,Эксперимент1,8.8,1,3838,1,0,0,0.0,124.3,32.9,26,A. реклама тянет
4527389129,528711,Картридж для Deli M2500DW,от 2000 до 5000,13.2,1,3838,1,1,3838,0.0,124.3,32.9,40,A. реклама тянет
1692351812,5286,"Картридж T1 для принтеров Deli и M2500DW, P2500DW черный",от 2000 до 5000,13.2,1,3831,1,92,3831,0.0,117.6,30.8,40,A. реклама тянет
4527404209,56311,Тонер-картридж для Kyocera ECOSYS MA2100cfx,Эксперимент1,8.8,1,3826,1,26,0,0.0,69.5,35.8,24,A. реклама тянет
4527404209,56311,Тонер-картридж для Kyocera ECOSYS MA2100cfx,от 1000-2000,13.2,1,3826,1,8,1979,0.0,69.5,35.8,24,A. реклама тянет
4489623389,13122,Картридж для Lexmark MX310dn,Эксперимент1,8.8,1,3825,1,17,0,,97.7,30.2,26,C. в июле не продавалась
4489623389,13122,Картридж для Lexmark MX310dn,от 2000 до 5000,13.2,1,3825,1,0,0,,97.7,30.2,34,C. в июле не продавалась
653324821,0265,"Картридж CLT-K409S для принтеров Samsung CLP-310, CLP 315, C",Эксперимент1,8.0,1,3806,1,8,0,100.0,108.5,34.6,24,B. продаёт сама
904483849,4483,Картридж CTL-1100XM пурпурный,Эксперимент1,8.8,1,3770,1,1,3586,0.0,121.1,32.9,26,A. реклама тянет
874376449,4391,"Картриджи №711 х 3 шт для принтеров HP DesignJet T120, DJ-T1",от 2000 до 5000,13.2,1,3762,1,0,0,,61.6,33.0,22,C. в июле не продавалась
652456628,0002,"Картридж Q2612A для принтеров HP LaserJet 1022, LaserJet 102",от 1000-2000,13.2,2,3758,1,0,0,,65.3,31.4,23,C. в июле не продавалась
652456628,0002,"Картридж Q2612A для принтеров HP LaserJet 1022, LaserJet 102",Эксперимент1,9.9,2,3758,1,12,0,,65.3,31.4,23,C. в июле не продавалась
1139101724,5036,"Картридж 82 Y для принтеров HP DesignJet 500, DJ 510, DJ 800",от 2000 до 5000,13.2,1,3709,1,0,0,,119.2,32.8,40,C. в июле не продавалась
1139101709,5035,"Картридж 82 M для принтеров HP DesignJet 500, DJ 510, DJ 800",от 2000 до 5000,13.2,1,3709,1,0,0,,119.2,32.8,40,C. в июле не продавалась
4507507679,29784,Картридж для Ricoh Aficio SP210,от 2000 до 5000,13.2,1,3709,1,2,0,,123.3,33.3,40,C. в июле не продавалась
4507507679,29784,Картридж для Ricoh Aficio SP210,Эксперимент1,8.8,1,3709,1,16,0,,123.3,33.3,26,C. в июле не продавалась
1139101666,5034,"Картридж CH566A для принтеров HP и DesignJet 500, DJ 510, DJ",Эксперимент1,8.8,1,3709,1,35,0,,105.8,31.6,26,C. в июле не продавалась
652459847,1276,"Картридж CF283X для принтеров HP LaserJet Pro M201, LJ Pro M",от 1000-2000,13.2,2,3708,1,11,0,,56.8,31.1,20,C. в июле не продавалась
4515703538,34413,Картридж для Epson WorkForce Pro M5799,от 2000 до 5000,13.2,1,3698,1,1,0,,125.8,35.4,40,C. в июле не продавалась
4489623899,13171,Картридж для OKI MB491dn B431dn,Эксперимент1,8.8,1,3698,1,31,0,,106.9,31.8,26,C. в июле не продавалась
4515703538,34413,Картридж для Epson WorkForce Pro M5799,Эксперимент1,8.8,1,3698,1,20,0,,125.8,35.4,26,C. в июле не продавалась
4463323479,04355,Картридж для Canon iR-3225Ne,Эксперимент1,8.0,1,3698,1,8,0,100.0,43.4,29.1,15,B. продаёт сама
4489623899,13171,Картридж для OKI MB491dn B431dn,от 2000 до 5000,13.2,1,3698,1,26,0,,106.9,31.8,37,C. в июле не продавалась
4463323479,04355,Картридж для Canon iR-3225Ne,от 2000 до 5000,12.0,1,3698,1,12,0,100.0,123.6,29.1,36,B. продаёт сама
930641838,1073,"Картридж 006R01160 для принтеров Xerox WorkCentre 5330, WC 5",от 2000 до 5000,13.2,1,3679,1,0,0,,118.0,30.6,40,C. в июле не продавалась
870872436,2363,"Картридж CF413X для принтеров HP LJ Color Pro M377dw, M452dn",от 2000 до 5000,14.3,1,3648,1,0,0,,122.1,31.1,43,C. в июле не продавалась
870872445,2362,"Картридж CF412X для принтеров HP LJ Color Pro M377dw, M452dn",Эксперимент1,9.9,1,3648,1,0,0,,114.7,30.5,30,C. в июле не продавалась
870872418,2361,"Картридж CF411X для принтеров HP LJ Color Pro M377dw, M452dn",Эксперимент1,11.0,1,3648,1,0,0,,39.2,30.2,14,C. в июле не продавалась
4504237691,24101,Картридж для Kyocera Ecosys M4125idn,Эксперимент1,8.8,1,3643,1,0,0,0.0,55.5,29.6,19,A. реклама тянет
4504237691,24101,Картридж для Kyocera Ecosys M4125idn,от 2000 до 5000,13.2,1,3643,1,9,3643,0.0,55.5,29.6,19,A. реклама тянет
1719284167,5722,"Картридж 006R04369 для принтеров Xerox C310, C315 голубой",от 2000 до 5000,14.3,1,3628,1,0,0,,108.8,32.4,38,C. в июле не продавалась
4515704247,34481,Картридж для Canon i-SENSYS LBP-223 dw,от 2000 до 5000,13.2,1,3624,1,46,3624,0.0,97.7,29.5,34,A. реклама тянет
4515704247,34481,Картридж для Canon i-SENSYS LBP-223 dw,Эксперимент1,8.8,1,3624,1,20,0,0.0,97.7,29.5,26,A. реклама тянет
1897483933,5877,"Картридж TN-2590XL для принтеров Brother DCP-L2600D, DCP L26",Эксперимент1,8.8,1,3618,1,20,3618,0.0,81.1,34.5,26,A. реклама тянет
4527402470,54462,Картридж для Kyocera ECOSYS MA5500ifx,от 2000 до 5000,13.2,1,3616,1,0,0,,117.5,31.2,40,C. в июле не продавалась
4527402470,54462,Картридж для Kyocera ECOSYS MA5500ifx,Эксперимент1,8.8,1,3616,1,0,0,,117.5,31.2,26,C. в июле не продавалась
3557210632,6806,"Картридж W1510A для принтеров HP LaserJet Pro 4003dn, LJ Pro",Эксперимент1,8.8,1,3578,1,2,3578,0.0,93.5,30.2,26,A. реклама тянет
864225492,1036,"Картридж SP3400 для принтеров Ricoh и 3410DN, SP 3500, SP 35",Эксперимент1,8.0,1,3570,1,0,0,100.0,115.2,31.9,24,B. продаёт сама
864225492,1036,"Картридж SP3400 для принтеров Ricoh и 3410DN, SP 3500, SP 35",от 2000 до 5000,12.0,1,3570,1,0,0,100.0,115.2,31.9,36,B. продаёт сама
4451975138,020031,Картридж для HP DeskJet F2187,Эксперимент1,8.8,1,3550,1,16,0,,43.5,32.6,15,C. в июле не продавалась
4527379539,45427,Картридж для HP Laser 135W MFP,Эксперимент1,8.8,1,3490,1,21,3490,0.0,101.5,35.0,26,A. реклама тянет
3557210640,6818,"Картридж W1331X для принтеров HP Laser 408 dn, Laser 432 fdn",от 2000 до 5000,13.2,1,3472,1,0,3472,0.0,98.4,29.0,34,A. реклама тянет
3557210640,6818,"Картридж W1331X для принтеров HP Laser 408 dn, Laser 432 fdn",Эксперимент1,8.8,1,3472,1,8,0,0.0,98.4,29.0,26,A. реклама тянет
4480824898,08718,Картридж для Kyocera EcoSys M6026cidn,от 2000 до 5000,13.2,1,3450,1,0,0,,113.7,29.6,40,C. в июле не продавалась
4480824898,08718,Картридж для Kyocera EcoSys M6026cidn,Эксперимент1,8.8,1,3450,1,1,0,,113.7,29.6,26,C. в июле не продавалась
870872716,2725,"Картридж 46508736 для принтеров OKI и C332dn, MC363dn черный",от 2000 до 5000,12.0,1,3437,1,0,0,100.0,102.7,30.1,36,B. продаёт сама
870872716,2725,"Картридж 46508736 для принтеров OKI и C332dn, MC363dn черный",Эксперимент1,8.0,1,3437,1,0,0,100.0,102.7,30.1,24,B. продаёт сама
4490448034,18354,Картридж для Ricoh Aficio SP3510SF,Эксперимент1,8.8,1,3434,1,62,0,,125.6,34.0,26,C. в июле не продавалась
930624079,2408,"Картридж TK-5280Y для принтеров Kyocera Ecosys M6235cidn, M6",Эксперимент1,8.0,1,3423,1,0,0,100.0,117.0,29.7,24,B. продаёт сама
930613023,0079,"Картриджи T0801-T0806 для принтеров Epson Stylus Photo P50, ",Вне РК — спрос без рекламы (08.08),15.0,1,3394,1,0,0,,53.6,32.4,19,C. в июле не продавалась
4451991310,02518,Картридж для Brother MFC-8880DN,Эксперимент1,8.8,1,3389,1,14,3389,0.0,83.2,33.0,26,A. реклама тянет
1146702506,5221,Картридж TL-5126H для принтеров BM5106ADN черный,от 2000 до 5000,12.0,1,3379,1,12,0,100.0,72.2,32.3,25,B. продаёт сама
4504058296,23555,Картридж для Canon i-SENSYS MF426dw,Эксперимент1,8.8,1,3369,1,0,0,,103.0,30.7,26,C. в июле не продавалась
651909807,0240,"Картридж TK-170 для принтеров Kyocera FS-1370DN, P2135D, FS-",Эксперимент1,8.8,2,3368,2,21,0,,62.0,31.1,22,C. в июле не продавалась
3557210879,6790,"Картридж 067H для принтеров Canon i-SENSYS LBP631CW, LBP633,",от 2000 до 5000,12.0,1,3352,1,13,0,100.0,108.7,34.6,36,B. продаёт сама
4504237065,24003,Тонер-картридж для Kyocera EcoSys M6630cidn,Эксперимент1,8.8,1,3293,1,8,0,0.0,124.2,36.3,26,A. реклама тянет
4504237065,24003,Тонер-картридж для Kyocera EcoSys M6630cidn,от 2000 до 5000,13.2,1,3293,1,78,6597,0.0,124.2,36.3,40,A. реклама тянет
5322477276,5309X2,Комплект тонера TN-420H (2 шт.) на 6000 страниц для принтеро,Бандлы x2/x6 — старт (08.08),15.0,1,3276,1,0,0,,56.9,39.7,20,C. в июле не продавалась
4451989984,02517,Картридж для Brother MFC-8370DN,Эксперимент1,8.8,1,3250,1,21,3250,0.0,82.1,32.6,26,A. реклама тянет
4527395045,55215,Картридж для Canon i-SENSYS MF275dw,Эксперимент1,8.8,1,3203,2,0,0,0.0,99.9,32.9,26,A. реклама тянет
4527395045,55215,Картридж для Canon i-SENSYS MF275dw,от 2000 до 5000,13.2,1,3203,2,1,3203,0.0,99.9,32.9,35,A. реклама тянет
4527390470,53419,Картридж для Samsung SCX-4321,Эксперимент1,8.8,1,3191,1,0,0,0.0,103.9,32.0,26,A. реклама тянет
4527390470,53419,Картридж для Samsung SCX-4321,от 2000 до 5000,13.2,1,3191,1,53,3191,0.0,103.9,32.0,36,A. реклама тянет
1153810360,3144,Картридж 106R02606 для принтеров Xerox Phaser 7100 голубой,от 2000 до 5000,14.3,1,3175,1,0,0,,94.4,32.2,33,C. в июле не продавалась
1869847956,5575,"Фотобарабан DR-1070U для принтеров Avision AM30A MFP, AP30A ",Эксперимент1,9.9,1,3157,1,20,0,,102.1,32.7,30,C. в июле не продавалась
652590726,3070,"Картридж T9461 BK для принтеров Epson WorkForce Pro C5290DW,",Эксперимент1,9.9,1,3137,1,0,0,,115.1,33.7,30,C. в июле не продавалась
652590726,3070,"Картридж T9461 BK для принтеров Epson WorkForce Pro C5290DW,",от 2000 до 5000,14.3,1,3137,1,21,0,,115.1,33.7,40,C. в июле не продавалась
3557209756,6333,"Картридж TK-1150XL для принтеров Kyocera EcoSys M2135, M2635",Эксперимент1,8.8,1,3130,1,52,6091,0.0,67.8,27.9,24,A. реклама тянет
864225317,0957,"Картриджи 933XL для принтеров HP OfficeJet 6100, Officejet 6",от 2000 до 5000,13.2,1,3127,1,32,0,,100.3,32.0,35,C. в июле не продавалась
4490441054,18353,Картридж для Ricoh Aficio SP3510DN,от 2000 до 5000,13.2,1,3077,1,11,3077,0.0,121.3,33.0,40,A. реклама тянет
4490441054,18353,Картридж для Ricoh Aficio SP3510DN,Эксперимент1,8.8,1,3077,1,0,0,0.0,121.3,33.0,26,A. реклама тянет
4451299177,00392,Картридж для Samsung CLX-3160N,Эксперимент1,8.8,1,3076,1,8,0,0.0,37.5,34.9,13,A. реклама тянет
4451299177,00392,Картридж для Samsung CLX-3160N,от 2000 до 5000,13.2,1,3076,1,28,3076,0.0,106.7,34.9,37,A. реклама тянет
4489625187,13844,Картридж для Canon i-SENSYS MF8280Cw,Эксперимент1,8.8,1,3075,1,21,0,,42.7,34.4,15,C. в июле не продавалась
4489625187,13844,Картридж для Canon i-SENSYS MF8280Cw,от 2000 до 5000,13.2,1,3075,1,1,2952,,121.6,34.4,40,C. в июле не продавалась
874373637,44813,Картридж для CM1100DN,от 2000 до 5000,13.2,1,3074,1,2,0,,104.5,31.0,37,C. в июле не продавалась
874373637,44813,Картридж для CM1100DN,Эксперимент1,8.8,1,3074,1,0,0,,104.5,31.0,26,C. в июле не продавалась
1261572756,5276,"Картридж 378XL для принтеров Epson Expression XP 15000, XP 8",Эксперимент1,8.0,2,3064,1,0,0,100.0,56.5,31.3,20,B. продаёт сама
1261572756,5276,"Картридж 378XL для принтеров Epson Expression XP 15000, XP 8",от 2000 до 5000,12.0,2,3064,1,12,0,100.0,56.5,31.3,20,B. продаёт сама
864225658,1227,"Картриджи LC563 для принтеров Brother и MFC-J2310, MFC J2510",от 2000 до 5000,12.0,1,3031,1,4,0,100.0,91.5,31.5,32,B. продаёт сама
4480825985,079218,Картридж для Samsung CLX-3305,от 1000-2000,13.2,1,3016,1,80,3016,0.0,84.2,33.1,29,A. реклама тянет
4480825985,079218,Картридж для Samsung CLX-3305,Эксперимент1,8.8,1,3016,1,31,0,0.0,84.2,33.1,26,A. реклама тянет
4480823818,08539,Картридж для Brother DCP-8110DN,Эксперимент1,8.8,1,2973,1,0,0,,90.5,32.3,26,C. в июле не продавалась
4480823818,08539,Картридж для Brother DCP-8110DN,от 2000 до 5000,13.2,1,2973,1,0,0,,90.5,32.3,32,C. в июле не продавалась
930625283,0724,"Картридж CF210X для принтеров HP LJ Pro Color M251n, LJ Pro ",Эксперимент1,9.9,1,2934,1,9,0,,40.8,33.1,14,C. в июле не продавалась
930641046,0727,"Картридж CF213A для принтеров HP и LJ Pro Color M251n, LJ Pr",Вне РК — спрос без рекламы (08.08),15.0,1,2934,1,0,0,,51.6,32.6,18,C. в июле не продавалась
930625283,0724,"Картридж CF210X для принтеров HP LJ Pro Color M251n, LJ Pro ",от 2000 до 5000,14.3,1,2934,1,0,0,,116.2,33.1,41,C. в июле не продавалась
653028457,3433,"Картридж TN-217M для принтеров Brother и DCP-L3550, HL-L3230",Эксперимент1,8.0,1,2922,1,129,0,100.0,72.2,31.9,24,B. продаёт сама
4480826649,08662,Картридж для Kyocera TASKalfa 1801,от 2000 до 5000,13.2,1,2869,1,33,2869,0.0,83.3,28.5,29,A. реклама тянет
4480826649,08662,Картридж для Kyocera TASKalfa 1801,Эксперимент1,8.8,1,2869,1,25,0,0.0,83.3,28.5,26,A. реклама тянет
866442700,1382,"Картридж 731M для принтеров Canon i-SENSYS LBP-7100Cn, LBP 7",Эксперимент1,9.9,1,2866,1,13,0,,95.6,32.6,30,C. в июле не продавалась
864225693,1282,"Картридж CF413A для принтеров HP LJ Color Pro M377dw, M452dn",Эксперимент1,8.0,1,2854,1,0,0,100.0,35.3,32.6,12,B. продаёт сама
4493548505,22933,Картридж для HP Color LJ Pro M181fw,Эксперимент1,8.8,1,2828,1,6,0,,104.2,35.4,26,C. в июле не продавалась
930637736,3194,"Картридж 054HM для принтеров Canon i-SENSYS LBP-620, LBP 621",Эксперимент1,9.9,1,2816,1,1,0,,88.0,30.9,30,C. в июле не продавалась
652454503,3571,"Картридж W1335X для принтеров HP LaserJet M438n, LJ M440, LJ",Эксперимент1,8.8,1,2784,1,0,0,,49.9,29.7,17,C. в июле не продавалась
652454503,3571,"Картридж W1335X для принтеров HP LaserJet M438n, LJ M440, LJ",от 2000 до 5000,13.2,1,2784,1,32,0,,142.2,29.7,40,C. в июле не продавалась
4527408473,55193,Картридж для HP LaserJet MFP M140we,Эксперимент1,8.8,1,2771,1,74,0,,98.4,34.6,26,C. в июле не продавалась
3421885220,3844,"Чернила BT6000BK-BT5000Y для принтеров Brother DCP-T300, DCP",от 1000-2000,12.1,2,2770,2,0,0,,123.6,64.5,36,C. в июле не продавалась
4515704364,326210,Картридж для P2516,Эксперимент1,8.8,1,2751,1,129,0,,87.2,32.1,26,C. в июле не продавалась
4515703421,33675,Картридж для Brother HL-2140,Эксперимент1,8.0,1,2740,1,18,0,100.0,54.6,27.0,19,B. продаёт сама
1510950751,5406,"Картридж W1510A для принтеров HP и LaserJet Pro 4003 dn, LJ ",от 2000 до 5000,14.3,1,2708,1,0,0,,89.3,32.2,31,C. в июле не продавалась
1510950751,5406,"Картридж W1510A для принтеров HP и LaserJet Pro 4003 dn, LJ ",Эксперимент1,9.9,1,2708,1,0,0,,89.3,32.2,30,C. в июле не продавалась
4518321358,43332,Картридж для M6502W,Эксперимент1,8.8,1,2690,1,15,0,,83.2,32.0,26,C. в июле не продавалась
4527378335,45421,Картридж для HP Laser 107A,Эксперимент1,8.8,1,2679,1,38,0,,101.7,35.1,26,C. в июле не продавалась
4451994830,02803,Картридж для Samsung SCX-3200,Эксперимент1,8.0,1,2678,1,37,0,100.0,86.4,33.9,24,B. продаёт сама
4451996106,02809,Картридж для Samsung ML-1865W,Эксперимент1,8.8,1,2672,1,16,0,,77.5,30.8,26,C. в июле не продавалась
4504061674,23711,Картридж для Ricoh MP-2014D,Эксперимент1,8.0,1,2663,1,19,0,100.0,86.3,31.4,24,B. продаёт сама
4527381382,45428,Картридж для HP Laser 135WR MFP,Эксперимент1,8.8,1,2660,1,43,2660,0.0,99.4,34.4,26,A. реклама тянет
4451990321,02512,Картридж для Brother HL-5350DN,Эксперимент1,8.8,1,2642,1,0,0,,82.1,32.6,26,C. в июле не продавалась
4451982920,02201,Картридж для Canon i-SENSYS LBP-6200d,от 1000-2000,13.2,1,2637,1,13,0,,69.9,31.1,24,C. в июле не продавалась
4451982920,02201,Картридж для Canon i-SENSYS LBP-6200d,Эксперимент1,8.8,1,2637,1,7,0,,69.9,31.1,24,C. в июле не продавалась
1547263853,4581,"Картридж LK6WBN для принтеров Epson LabelWorks 1000P, LW 600",Эксперимент1,8.8,1,2593,1,39,2999,,82.8,33.3,26,C. в июле не продавалась
651929559,3066,"Картридж T9452 C для принтеров Epson и WorkForce Pro C5210, ",Эксперимент1,8.8,1,2582,1,8,0,,87.2,35.2,26,C. в июле не продавалась
930614527,1853,"Фотобарабан 101R00555 DU для принтеров Xerox Phaser 3330, WC",Эксперимент1,8.8,1,2545,1,7,0,,72.3,31.1,25,C. в июле не продавалась
4451986187,02275,Картридж для Canon iR-1022A,Эксперимент1,8.8,1,2532,1,7,0,,87.0,35.4,26,C. в июле не продавалась
653072463,2316,"Фотобарабан DR-1095 DU для принтеров Brother DCP-1602, HL-12",от 1000-2000,13.2,1,2500,1,14,2500,0.0,59.9,31.4,21,A. реклама тянет
906874212,4180,"Картридж W1106X для принтеров HP Laser 107A, Laser107R черны",Эксперимент1,8.8,1,2487,1,1,2487,0.0,33.7,35.8,12,A. реклама тянет
4515703642,326410,Картридж для M7300FDW,Эксперимент1,8.8,1,2465,1,7,0,,75.4,33.7,26,C. в июле не продавалась
4515702395,32644,Картридж для M7100DN,Эксперимент1,8.8,1,2456,1,67,2456,0.0,64.7,29.6,23,A. реклама тянет
653324823,0274,"Картридж MLT-D101S для принтеров Samsung SCX-3405, SCX-3407,",Эксперимент1,8.8,1,2441,1,26,0,,74.2,30.8,26,C. в июле не продавалась
3350340732,3565,"Картридж 106R04348 для принтеров Xerox B-205, B 210, B215 че",Эксперимент1,8.0,1,2379,1,12,0,100.0,87.7,34.9,24,B. продаёт сама
1261439956,4600,"Лента C13S015610BA для принтеров Epson LQ 690, LQ 106KF, LQ ",от 2000 до 5000,13.2,1,2367,1,16,0,,71.0,33.4,25,C. в июле не продавалась
4451992458,02743,Картридж для Samsung SCX-3400,Эксперимент1,8.8,1,2361,1,9,2361,0.0,83.4,34.0,26,A. реклама тянет
4451991188,02744,Картридж для Samsung SCX-3405,Эксперимент1,8.8,1,2359,1,81,0,,78.4,32.3,26,C. в июле не продавалась
4515703533,32648,Картридж для M7200FDW,Эксперимент1,8.8,1,2330,2,16,2330,0.0,88.2,38.6,26,A. реклама тянет
4489625477,13775,Картридж для HP LaserJet Pro M132fw,от 1000-2000,13.2,1,2321,1,22,2321,0.0,48.9,35.5,17,A. реклама тянет
1137066180,4998,"Картридж T7892 для принтеров Epson WorkForce Pro WF-5110, WF",Эксперимент1,7.7,1,2280,1,0,0,,64.1,32.9,22,C. в июле не продавалась
2054277264,5994,"Лента K5DBF для принтеров Epson LabelWorks 1000P, LW 400, LW",Эксперимент1,8.8,1,2280,1,7,0,,74.9,32.9,26,C. в июле не продавалась
930627557,1289,"Картридж C-EXV37 для принтеров Canon iR1730i, iR1740i черный",Эксперимент1,9.9,1,2266,1,0,0,,34.7,31.9,12,C. в июле не продавалась
930627557,1289,"Картридж C-EXV37 для принтеров Canon iR1730i, iR1740i черный",от 2000 до 5000,14.3,1,2266,1,0,0,,98.9,31.9,35,C. в июле не продавалась
653390114,1323,"Картридж KX-FAT472A7 для принтеров Panasonic KX-MB2110, KX-M",Эксперимент1,8.8,1,2257,1,7,0,,87.0,33.9,26,C. в июле не продавалась
874374322,4417,"Чернила GI-43 для принтеров Canon Pixma G540, Pixma G640",Эксперимент1,8.8,1,2220,1,24,0,,74.1,29.3,26,C. в июле не продавалась
4451933527,01276,Лента для принтера для Panasonic KX-FP148,Эксперимент1,8.8,1,2214,1,55,0,,72.0,32.9,25,C. в июле не продавалась
1775299553,5777,Картридж TN-2410 для принтеров Brother и HL-L2350 черный,Эксперимент1,8.8,1,2212,1,3,0,,106.7,32.4,26,C. в июле не продавалась
1775290677,5776,"Фотобарабан DR-2400 для принтеров Brother DCP-L2510, L2530, ",Эксперимент1,8.8,1,2208,1,0,0,,84.1,33.7,26,C. в июле не продавалась
874374260,4331,"Фотобарабан DL-425 DU для принтеров M7105DN, P3305DN черный",от 2000 до 5000,13.2,1,2200,1,13,2200,0.0,74.2,32.2,26,A. реклама тянет
863418582,0155,"Картриджи T0731-T0734 для принтеров Epson Stylus C110, Stylu",от 2000 до 5000,11.0,1,2187,1,46,0,,48.3,29.1,17,C. в июле не продавалась
863392466,3229,"Картридж W1106A для принтеров HP Laser 107A, Laser107R черны",Вне РК — спрос без рекламы (08.08),15.0,1,2164,1,0,0,,61.6,29.8,22,C. в июле не продавалась
4493660701,21831,Картридж для HP OfficeJet Pro 7740,Эксперимент1,8.0,1,2154,1,0,0,100.0,64.1,35.8,22,B. продаёт сама
4493660701,21831,Картридж для HP OfficeJet Pro 7740,от 1000-2000,12.0,1,2154,1,0,0,100.0,64.1,35.8,22,B. продаёт сама
4480825189,085110,Картридж для Brother MFC-L2700DWR,от 1000-2000,13.2,1,2141,1,11,2014,0.0,62.8,35.8,22,A. реклама тянет
4480825189,085110,Картридж для Brother MFC-L2700DWR,Эксперимент1,8.8,1,2141,1,0,0,0.0,62.8,35.8,22,A. реклама тянет
930613268,0663,Картридж 106R01481 для принтеров Xerox Phaser 6140 голубой,Эксперимент1,9.9,1,2132,1,0,0,,37.5,31.6,13,C. в июле не продавалась
4451921994,00815,Картридж для Brother MFC-7320R,Эксперимент1,8.8,1,2100,1,7,0,,72.7,34.2,25,C. в июле не продавалась
930631951,2733,Лента для печати этикеток и наклеек DS TZe-141 Brother,Эксперимент1,8.8,1,2089,1,38,2089,0.0,54.9,31.3,19,A. реклама тянет
904473259,1169,"Фотобарабан 101R00474 DU для принтеров Xerox Phaser 3052, Ph",от 2000 до 5000,13.2,1,2075,1,0,0,,58.4,29.9,20,C. в июле не продавалась
904473259,1169,"Фотобарабан 101R00474 DU для принтеров Xerox Phaser 3052, Ph",Эксперимент1,8.8,1,2075,1,7,0,,58.4,29.9,20,C. в июле не продавалась
653346972,2344,"Картридж 106R03693 для принтеров Xerox Phaser 6510, WC 6515 ",Эксперимент1,9.9,1,2052,1,9,0,,84.1,34.4,29,C. в июле не продавалась
1153413185,1184,"Картридж TK-1115 для принтеров Kyocera и FS-1041, FS 1220MFP",от 1000-2000,10.0,1,2039,1,0,0,100.0,36.6,30.0,13,B. продаёт сама
4480826019,08251,Картридж для HP LaserJet Pro M125,от 1000-2000,13.2,1,2035,1,0,0,,62.6,31.4,22,C. в июле не продавалась
4480826019,08251,Картридж для HP LaserJet Pro M125,Эксперимент1,8.8,1,2035,1,15,0,,62.6,31.4,22,C. в июле не продавалась
3558766554,5678,Заправочный комплект HP-140/ 140XL для принтеров HP DeskJet ,Эксперимент1,8.8,1,2033,1,24,0,,78.5,33.6,26,C. в июле не продавалась
3558766554,5678,Заправочный комплект HP-140/ 140XL для принтеров HP DeskJet ,от 1000-2000,13.2,1,2033,1,0,0,,78.5,33.6,27,C. в июле не продавалась
4451989754,02498,Картридж для Brother MFC-7860DWR,Эксперимент1,8.8,1,2018,1,20,0,,59.4,30.9,21,C. в июле не продавалась
4451989754,02498,Картридж для Brother MFC-7860DWR,от 1000-2000,13.2,1,2018,1,0,0,,59.4,30.9,21,C. в июле не продавалась
2816392395,4584,"Лента DK-11203 для принтеров Brother QL-1050, QL 1060N, QL50",от 1000-2000,13.2,1,2016,1,29,0,,73.7,32.5,26,C. в июле не продавалась
4451982855,02085,Картридж для HP LJ Pro 100 M175nw,Эксперимент1,8.8,1,1980,1,7,0,,55.1,29.7,19,C. в июле не продавалась
4451982855,02085,Картридж для HP LJ Pro 100 M175nw,от 1000-2000,13.2,1,1980,1,6,0,,55.1,29.7,19,C. в июле не продавалась
652454498,5354,"Картридж CB436A для принтеров HP LaserJet M1120, LJ M1522, L",Эксперимент1,8.8,1,1970,1,0,0,,55.4,30.2,19,C. в июле не продавалась
652454498,5354,"Картридж CB436A для принтеров HP LaserJet M1120, LJ M1522, L",от 1000-2000,13.2,1,1970,1,36,0,,55.4,30.2,19,C. в июле не продавалась
4444701177,00025,Картридж для HP LaserJet 1020,Эксперимент1,8.8,1,1951,2,7,0,,66.6,31.6,23,C. в июле не продавалась
4507508166,29704,Картридж для Canon i-SENSYS MF110,Эксперимент1,8.8,1,1916,1,9,0,0.0,62.3,35.2,22,A. реклама тянет
4507508166,29704,Картридж для Canon i-SENSYS MF110,от 1000-2000,13.2,1,1916,1,61,1916,0.0,62.3,35.2,22,A. реклама тянет
3693747283,6909,"Картридж 925 для принтеров Canon i-SENSYS LBP-6000, LBP6020,",Эксперимент1,8.8,1,1896,1,8,0,,65.0,32.2,23,C. в июле не продавалась
4451928403,01192,Картридж для Kyocera FS-1128MFP,от 1000-2000,13.2,1,1894,1,46,0,,63.4,35.3,22,C. в июле не продавалась
4451928403,01192,Картридж для Kyocera FS-1128MFP,Эксперимент1,8.8,1,1894,1,0,0,,63.4,35.3,22,C. в июле не продавалась
4451989520,02497,Картридж для Brother MFC-7360NR,Эксперимент1,8.8,1,1890,2,0,0,,66.4,33.9,23,C. в июле не продавалась
4490440996,17181,Картридж для Kyocera EcoSys M2135dn,от 1000-2000,13.2,1,1887,1,32,1887,0.0,45.2,35.3,16,A. реклама тянет
4451988893,02496,Картридж для Brother DCP-7070DWR,Эксперимент1,8.8,1,1879,1,0,0,0.0,63.9,32.9,22,A. реклама тянет
4451988893,02496,Картридж для Brother DCP-7070DWR,от 1000-2000,13.2,1,1879,1,14,1879,0.0,63.9,32.9,22,A. реклама тянет
1155649375,0926,Картридж T1301XL-T1304XL для принтеров Epson Stylus Office B,Эксперимент1,8.0,2,1839,1,7,0,100.0,65.2,31.8,23,B. продаёт сама
651919804,0211,Картридж CE313A пурпурный,Эксперимент1,8.8,1,1838,1,0,0,,65.9,33.8,23,C. в июле не продавалась
2203178987,0210,Картридж CE312A желтый,Эксперимент1,8.8,1,1838,1,7,0,,65.1,33.6,23,C. в июле не продавалась
4451988647,02404,Картридж для Kyocera EcoSys P2135D,Эксперимент1,8.8,1,1787,1,20,0,,62.0,31.1,22,C. в июле не продавалась
1999662883,6002,"Лента TZE831 для принтеров Brother PT-D210, PT D210VP, PTD45",от 1000-2000,10.0,1,1786,1,0,0,100.0,53.8,30.5,19,B. продаёт сама
1999705055,6011,"Лента TZEFX431 для принтеров Brother PT-D210, PT D210VP, PTD",от 1000-2000,11.0,1,1786,1,67,1786,0.0,53.8,30.5,19,A. реклама тянет
653396827,1429,"Картридж MP301E для принтеров Ricoh Aficio MP 301SP, MP 301S",от 1000-2000,11.0,1,1629,1,16,0,,47.6,30.5,17,C. в июле не продавалась
4504063310,23432,Картридж для Xerox WorkCentre 6515,Эксперимент1,8.8,1,1457,1,22,1457,0.0,81.2,31.1,26,A. реклама тянет
651910848,0197,"Картридж 131 для принтеров HP OfficeJet H470wbt, DeskJet 460",от 2000 до 5000,14.3,1,1390,1,9,0,,89.3,32.6,31,C. в июле не продавалась
1153396313,0944,"Картридж T0548 для принтеров Epson Stylus Photo R1800, Stylu",от 0 до 1000,10.0,1,1158,1,0,0,100.0,50.4,29.4,18,B. продаёт сама
4480826979,08652,Картридж для Kyocera FS-4300DN,Эксперимент1,8.8,1,1032,1,27,0,,94.3,30.4,26,C. в июле не продавалась
4480826979,08652,Картридж для Kyocera FS-4300DN,от 0 до 1000,13.2,1,1032,1,0,0,,94.3,30.4,33,C. в июле не продавалась
4527399110,53531,Картридж для HP LaserJet P1005,от 1000-2000,13.2,1,0,1,8,0,0.0,53.2,29.1,19,A. реклама тянет
4527399110,53531,Картридж для HP LaserJet P1005,Эксперимент1,8.8,1,0,1,25,2033,0.0,53.2,29.1,19,A. реклама тянет
4527410328,55192,Картридж для HP LaserJet M110we,Эксперимент1,8.8,1,0,1,63,0,,91.6,32.6,26,C. в июле не продавалась
4527388122,52161,Картридж для Epson PLQ-20,Эксперимент1,8.8,1,0,1,32,2013,0.0,93.3,32.2,26,A. реклама тянет
3557210956,6583,"Картридж PFI-707MBK для принтеров Canon imagePROGRAF iPF830,",Эксперимент1,8.8,1,0,1,24,0,,146.7,26.4,26,C. в июле не продавалась
3807936294,5519,"Картридж W1420A для принтеров HP LaserJet MFP M140w, LJ M110",Эксперимент1,8.8,1,0,1,89,0,,93.8,33.3,26,C. в июле не продавалась
4489624149,13242,Картридж для Ricoh Aficio SP111SF,Эксперимент1,8.8,1,0,1,15,0,,117.1,30.6,26,C. в июле не продавалась
1897483756,5863,"Картриджи 842561-842564 для принтеров Ricoh IM C2010, IM C25",от 10000 до 500 тыс,13.2,1,0,1,57,0,,313.7,25.4,40,C. в июле не продавалась
873313122,3549,"Картридж TN-514K для принтеров Konica Minolta и Bizhub C458,",Эксперимент1,8.8,1,0,1,0,0,,126.1,30.0,26,C. в июле не продавалась
3557211151,6584,"Картриджи PFI-707 для принтеров Canon imagePROGRAF iPF830, i",от 10000 до 500 тыс,14.3,1,0,1,80,0,,1340.1,23.0,43,C. в июле не продавалась
