# oz_acc1: неделя 10.08–16.08 против 03.08–09.08; органика — неделя 03.08 (лаг Ozon); шаг ±10 %, ДРР-предел 15.0 %, пол 6.0 ₽
tier,action,sku,offer_id,name,camp,bid,bid_new,d_bid,ceiling,headroom,margin_safe,our_price,cr_used,cr_src,w_views,w_clicks,w_spend,w_orders,w_rev,cpc,ctr,drr,p_clicks,p_spend,p_orders,p_cpc,o_pos,op_pos,d_pos,o_views,d_org_views,o_gmv,o_demand,ph_best,ph_top10,ph_n,qty_w,rev_w,qty_p,qty_all,c_clicks,c_spend,c_orders,ms_stock,free_fbo,reason
red,down10,863386191,3435,"Картриджи TN-217 для принтеров Brother DCP-L3550CDW, HL-L3230CDW, hl-l3270cdw, MFC-L3770CDW",Эксперимент1,60.0,54.0,-6.0,,,,,,справочная,3553,59,3141.04,1.0,7646.0,53.2,1.66,41.1,38,2014.00,0.0,53.0,12.0000000000000000,20.0000000000000000,-8.0,640,46,0,10290,1,7,15,1,7646.0000,1,38,149,7101.34,6.0,0,0,ДРР 41.1 % при пределе 15.0 % (расход 3141 ₽ на выручку 7646 ₽)
yellow,hold,1719404303,5624,Картриджи TK-5370 для принтеров Kyocera ECOSYS MA3500cifx,Эксперимент1,60.0,60.0,0.0,64.8,4.8,13.7,12407.0,0.06,факт,3907,58,2681.41,7.0,88182.0,46.2,1.48,3.0,45,1723.88,3.0,38.3,11.0000000000000000,25.0000000000000000,-14.0,565,174,7357,5890,1,6,15,8,100794.0000,6,73,137,5557.10,12.0,0,0,"7 заказ(ов), ДРР 3.0 % — держим: запаса до потолка нет"
red,down10,1547263981,5422,"Картриджи 067H с чипом для принтеров Canon LBP631CW, LBP633Cdw, MF651Cw, MF655Cdw, MF657Cdw",Эксперимент1,33.83,30.4,-3.4,26.2,-7.6,16.9,10445.0,0.0211,факт,4688,66,2179.93,1.0,10436.0,33.0,1.41,20.9,54,1161.37,2.0,21.5,14.0000000000000000,25.0000000000000000,-11.0,508,60,5954,22647,6,3,15,6,65988.0000,5,75,142,3822.16,3.0,0,0,ДРР 20.9 % при пределе 15.0 % (расход 2180 ₽ на выручку 10436 ₽)
red,down10,1277712843,5309,"Тонер TN-420H для принтеров M6700D, M6800FDW, M7100DN, M7200FD, M7300FDN, P3010D, P3300DN черный",Эксперимент1,30.0,27.0,-3.0,36.1,6.1,24.6,1724.0,0.1067,факт,3070,44,1252.44,0.0,0.0,28.5,1.43,,55,1505.64,7.0,27.4,23.0000000000000000,30.0000000000000000,-7.0,704,198,931,6719,12,0,15,2,3558.0000,8,133,150,4164.93,16.0,0,0,"44 кликов, 1252 ₽ и ни одного заказа за неделю; за всё время 16 заказ(ов) при расходе 4165 ₽"
green,up10,1510947813,5378,"Картриджи 069H для принтеров Canon i-SENSYS LBP-673Cdw, MF752Cdw, MF754Cdw",от 10000 до 500 тыс,40.74,44.8,4.1,88.4,47.7,14.9,14890.0,0.06,факт,459,22,973.76,2.0,22078.0,44.3,4.79,4.4,14,306.60,2.0,21.9,13.0000000000000000,25.0000000000000000,-12.0,291,-263,7316,28438,3,7,15,2,22078.0000,3,121,46,1463.34,5.0,0,0,"2 заказ(ов) на 22078 ₽, ДРР 4.4 %, было 2; ставка 40.74 ₽ при потолке 88.4 ₽"
green,up10,870872516,2415,"Картриджи TK-8115 для принтеров Kyocera Ecosys M8124cidn, M8130cidn",Эксперимент1,40.27,44.3,4.0,51.8,11.5,13.0,10792.0,0.06,факт,1485,17,803.38,2.0,22567.0,47.3,1.14,3.6,15,458.04,2.0,30.5,20.0000000000000000,28.0000000000000000,-8.0,304,-126,13714,22491,8,2,15,2,22567.0000,3,69,50,1733.63,8.0,0,0,"2 заказ(ов) на 22567 ₽, ДРР 3.6 %, было 2; ставка 40.27 ₽ при потолке 51.8 ₽"
green,up10,930627436,1275,"Картриджи LC569XL-LC565XL для принтеров Brother MFC-J3520, MFC-J3720",Эксперимент1,22.54,24.8,2.3,82.0,59.5,25.2,3382.0,0.12,факт,3347,33,757.15,4.0,12932.0,22.9,0.99,5.9,15,157.55,2.0,10.5,,23.0000000000000000,,0,-160,0,0,,0,0,4,12932.0000,3,24,66,1165.88,8.0,0,0,"4 заказ(ов) на 12932 ₽, ДРР 5.9 %, было 2; ставка 22.54 ₽ при потолке 82.0 ₽"
yellow,hold,866443793,2156,"Картриджи CF540A-CF543A для принтеров HP LaserJet Pro Color M254dw, LJ Pro Color M280nw",Эксперимент1,19.33,19.33,0.0,,,,,,справочная,1350,37,695.67,3.0,25865.0,18.8,2.74,2.7,31,317.12,2.0,10.2,32.0000000000000000,63.0000000000000000,-31.0,323,-11,0,23889,3,2,15,4,33190.0000,2,42,94,1276.25,9.0,0,0,"3 заказ(ов), ДРР 2.7 % — держим: потолок не считается (нет экономики)"
yellow,hold,653303752,10325,"Картридж для Panasonic KX-MB1500, KX-MB1501, KX MB1507, KXMB1510",Эксперимент1,22.54,22.54,0.0,,,,,,справочная,1460,37,693.16,1.0,5677.0,18.7,2.53,12.2,43,626.10,5.0,14.6,20.0000000000000000,29.0000000000000000,-9.0,550,42,23628,18023,3,11,15,2,8858.0000,5,64,123,1857.65,8.0,0,0,"1 заказ(ов), ДРР 12.2 % — держим: неделя хуже предыдущей"
red,down10,907612978,3913,"Картриджи W2030A-W2033A (№415A) для принтеров HP Color LaserJet M454dn, LJ Pro M454dw, M480f, M479dw, M479fdw",Эксперимент1,22.54,20.3,-2.2,,,,,,справочная,1421,29,578.42,0.0,0.0,19.9,2.04,,7,99.37,0.0,14.2,47.0000000000000000,33.0000000000000000,14.0,152,-171,0,13288,4,1,15,1,9710.0000,2,49,57,973.95,1.0,0,0,"29 кликов, 578 ₽ и ни одного заказа за неделю; за всё время 1 заказ(ов) при расходе 974 ₽"
yellow,hold,864225717,1283,"Картриджи CF410A-CF413A для принтеров HP LJ Color Pro M377dw, M452dn, M452nw, M477fdn, M477fdw",Эксперимент1,24.16,24.16,0.0,,,,,,справочная,1717,25,556.26,1.0,9438.0,22.3,1.46,5.9,11,204.52,0.0,18.6,33.0000000000000000,26.0000000000000000,7.0,209,-104,0,25770,1,5,15,2,18876.0000,1,44,40,862.25,1.0,0,0,"1 заказ(ов), ДРР 5.9 % — держим: потолок не считается (нет экономики)"
red,down10,1510947813,5378,"Картриджи 069H для принтеров Canon i-SENSYS LBP-673Cdw, MF752Cdw, MF754Cdw",Эксперимент1,33.83,30.4,-3.4,88.4,54.6,14.9,14890.0,0.06,факт,732,18,512.58,0.0,0.0,28.5,2.46,,18,315.44,1.0,17.5,13.0000000000000000,25.0000000000000000,-12.0,291,-263,7316,28438,3,7,15,2,22078.0000,3,121,116,2449.94,7.0,0,0,"18 кликов, 513 ₽ и ни одного заказа за неделю; за всё время 7 заказ(ов) при расходе 2450 ₽"
red,down10,2909045114,6605,"Фотобарабан + картридж CF234A-CF233A для принтеров HP LaserJet Ultra M106, LJ Ultra M106w черный",Эксперимент1,37.0,33.3,-3.7,34.6,-2.4,21.6,6954.0,0.03,справочная,863,14,509.09,1.0,6755.0,36.4,1.62,7.5,4,158.25,0.0,39.6,37.0000000000000000,42.0000000000000000,-5.0,218,38,0,4070,1,3,15,2,13709.0000,0,25,24,948.58,1.0,0,0,"ставка 37.0 ₽ выше потолка по марже 34.6 ₽ (конверсия справочная 3.0 %) — заказы есть, но в убыток"
bordeaux,floor,863386567,2306,"Картриджи 045H для принтеров Canon i-SENSYS LBP-611, LBP613, MF631cn, MF633Cdw",Эксперимент1,22.54,6.0,-16.5,38.2,15.7,17.9,9871.0,0.03,справочная,1957,21,423.85,0.0,0.0,20.2,1.07,,10,135.95,0.0,13.6,,26.0000000000000000,,0,-264,0,0,,0,0,0,0,0,38,41,672.40,0.0,0,0,"за все 20 дн наблюдения ни одного заказа: 41 кликов, 672 ₽ впустую (уже понижали — не реабилитировался). Ставка в пол, через неделю — снятие, если не оживёт"
green,up10,1261464375,4838,"Картриджи 712 для принтеров HP DesignJet Studio, DJ Studio Steel, DJ T210, DJ T230",от 10000 до 500 тыс,35.43,39.0,3.6,226.0,190.6,23.6,23506.0,0.0517,факт,431,14,394.23,1.0,19498.0,28.2,3.25,2.0,23,470.06,1.0,20.4,,22.0000000000000000,,0,-389,0,0,,0,0,1,19498.0000,1,31,58,1416.96,3.0,0,0,"1 заказ(ов) на 19498 ₽, ДРР 2.0 %, было 1; ставка 35.43 ₽ при потолке 226.0 ₽"
red,down10,1719404446,5631,Картридж TK-5440K для принтеров Kyocera ECOSYS MA2100cfx черный,Эксперимент1,24.0,21.6,-2.4,16.1,-7.9,22.9,2251.0,0.04,справочная,840,18,385.35,1.0,2126.0,21.4,2.14,18.1,11,170.32,0.0,15.5,29.0000000000000000,42.0000000000000000,-13.0,265,167,2736,7477,2,6,15,4,8312.0000,4,36,29,555.67,1.0,0,1,ДРР 18.1 % при пределе 15.0 % (расход 385 ₽ на выручку 2126 ₽)
green,up10,863431671,0358,"Картриджи Q6000A-Q6003A для принтеров HP Color LaserJet 1600, LJ 2600, LJ-2605, LJ CM1015, LJCM1017",от 10000 до 500 тыс,19.33,21.3,2.0,31.9,12.6,12.2,22176.0,0.02,справочная,273,19,352.10,1.0,20648.0,18.5,6.96,1.7,14,134.03,0.0,9.6,23.0000000000000000,30.0000000000000000,-7.0,196,-43,0,12976,2,5,15,1,20648.0000,0,7,51,692.76,2.0,0,0,"1 заказ(ов) на 20648 ₽, ДРР 1.7 %, было 0; ставка 19.33 ₽ при потолке 31.9 ₽"
bordeaux,floor,873319626,4124,"Картриджи PFI-320 для принтеров Canon iPF TM-200, iPF TM 205",от 10000 до 500 тыс,20.93,6.0,-14.9,63.4,42.5,10.6,56646.0,0.02,справочная,123,9,295.49,0.0,0.0,32.8,7.32,,2,6.62,0.0,3.3,,33.0000000000000000,,0,-99,0,0,,0,0,0,0,0,3,11,302.11,0.0,0,0,"за все 10 дн наблюдения ни одного заказа: 11 кликов, 302 ₽ впустую (уже понижали — не реабилитировался). Ставка в пол, через неделю — снятие, если не оживёт"
yellow,hold,1003270627,4821,"Картридж TL-420Е для принтеров M6700D, M6800FDW, M7100DN, M7102DN, M7200FD, M7300FDN, M7302FDN, P3010D P3020D P3300DN P3302DN черный",от 2000 до 5000,25.0,25.0,0.0,,,,,,справочная,605,17,292.76,3.0,7779.0,17.2,2.81,3.8,5,75.17,3.0,15.0,44.0000000000000000,53.0000000000000000,-9.0,222,-80,3524,4402,19,0,14,3,7779.0000,3,23,32,525.45,6.0,0,0,"3 заказ(ов), ДРР 3.8 % — держим: потолок не считается (нет экономики)"
yellow,hold,3855388119,6413,Картриджи TK-5450 для принтеров Kyocera ECOSYS MA2600cfx,Вне РК — спрос без рекламы (08.08),21.96,21.96,0.0,23.1,1.1,15.7,10805.0,0.02,справочная,339,18,275.06,2.0,21734.0,15.3,5.31,1.3,1,1.06,0.0,1.1,,27.0000000000000000,,0,-47,0,0,,0,0,2,21734.0000,0,7,19,276.12,2.0,0,0,"2 заказ(ов), ДРР 1.3 % — держим: запаса до потолка нет"
green,up10,1716070006,5443,"Картриджи LC-472XLBK - LC-472XLY для принтеров Brother MFC-J2340DW, MFC J3540DW",Вне РК — спрос без рекламы (08.08),21.96,24.2,2.2,34.4,12.4,17.8,8968.0,0.03,справочная,620,19,268.67,3.0,26546.0,14.1,3.06,1.0,2,3.75,0.0,1.9,56.0000000000000000,13.0000000000000000,43.0,56,17,11502,4694,1,5,15,3,26546.0000,2,70,21,272.42,3.0,0,0,"3 заказ(ов) на 26546 ₽, ДРР 1.0 %, было 0; ставка 21.96 ₽ при потолке 34.4 ₽  органика слабая (позиция 56) при спросе 4 694"
bordeaux,floor,870872516,2415,"Картриджи TK-8115 для принтеров Kyocera Ecosys M8124cidn, M8130cidn",от 5000 до 10000,37.04,6.0,-31.0,17.3,-19.7,13.0,10792.0,0.02,справочная,97,4,237.01,0.0,0.0,59.3,4.12,,4,98.84,0.0,24.7,20.0000000000000000,28.0000000000000000,-8.0,304,-126,13714,22491,8,2,15,2,22567.0000,3,69,13,479.31,0.0,0,0,"за все 16 дн наблюдения ни одного заказа: 13 кликов, 479 ₽ впустую (уже понижали — не реабилитировался). Ставка в пол, через неделю — снятие, если не оживёт"
green,up10,2509753251,6282,"Картриджи C-EXV65 для принтеров Canon imageRUNNER C3326, iR C3326i",от 10000 до 500 тыс,35.43,39.0,3.6,48.6,13.2,15.8,22487.0,0.02,справочная,456,10,224.23,3.0,63746.0,22.4,2.19,0.4,10,125.56,2.0,12.6,26.0000000000000000,31.0000000000000000,-5.0,305,25,22382,1141,1,4,15,4,85282.0000,2,61,28,501.27,5.0,0,0,"3 заказ(ов) на 63746 ₽, ДРР 0.4 %, было 2; ставка 35.43 ₽ при потолке 48.6 ₽"
red,down10,1658970308,5521,"Картридж для Canon i-SENSYS MF275dw, LBP120, LBP122dw, MF270, MF272dw",Эксперимент1,26.0,23.4,-2.6,8.6,-17.4,11.0,3564.0,0.04,справочная,1075,10,220.01,0.0,0.0,22.0,0.93,,11,358.73,0.0,32.6,37.0000000000000000,35.0000000000000000,2.0,272,154,0,8853,2,3,15,2,6501.0000,1,29,26,723.05,1.0,0,0,"10 кликов, 220 ₽ и ни одного заказа за неделю; за всё время 1 заказ(ов) при расходе 723 ₽"
yellow,hold,930617217,2392,"Картриджи TN-423 для принтеров brother dcp-l8410cdw, brother hl-l8360cdw, brother hl, mfc-l8690cdw",от 5000 до 10000,33.83,33.83,0.0,,,,,,справочная,285,7,210.26,4.0,33366.0,30.0,2.46,0.6,3,40.9,0.0,13.6,,40.0000000000000000,,0,-105,0,0,,0,0,6,51089.0000,1,21,14,309.78,4.0,0,0,"4 заказ(ов), ДРР 0.6 % — держим: потолок не считается (нет экономики)"
yellow,hold,870872512,2240,"Картриджи TN-241-TN-245 для принтеров Brother DCP-9020cdw, HL-3140cw, HL 3150, HL3170CDW, MFC-9140, MFC-9330",Эксперимент1,22.54,22.54,0.0,,,,,,справочная,883,13,209.92,1.0,7523.0,16.1,1.47,2.8,7,101.91,1.0,14.6,30.0000000000000000,34.0000000000000000,-4.0,224,-80,0,7443,4,2,15,2,14936.0000,1,43,28,405.97,2.0,0,0,"1 заказ(ов), ДРР 2.8 % — держим: потолок не считается (нет экономики)"
red,down10,866442961,1444,"Картриджи CLI-471XL для принтеров Canon Pixma MG5740, Pixma MG6840",Эксперимент1,12.89,11.6,-1.3,,,,,,справочная,795,18,202.19,0.0,0.0,11.2,2.26,,12,95.78,1.0,8.0,51.0000000000000000,55.0000000000000000,-4.0,118,10,0,275,5,3,15,0,0,1,7,37,333.26,1.0,0,0,"18 кликов, 202 ₽ и ни одного заказа за неделю; за всё время 1 заказ(ов) при расходе 333 ₽"
red,down10,1547263981,5422,"Картриджи 067H с чипом для принтеров Canon LBP631CW, LBP633Cdw, MF651Cw, MF655Cdw, MF657Cdw",от 10000 до 500 тыс,35.43,31.9,-3.5,24.9,-10.5,16.9,10445.0,0.02,справочная,215,7,193.15,0.0,0.0,27.6,3.26,,9,196.00,0.0,21.8,14.0000000000000000,25.0000000000000000,-11.0,508,60,5954,22647,6,3,15,6,65988.0000,5,75,39,829.59,1.0,0,0,"7 кликов, 193 ₽ и ни одного заказа за неделю; за всё время 1 заказ(ов) при расходе 830 ₽"
yellow,hold,930623456,1269,"Картриджи T0791-T0796 для принтеров Epson Stylus Photo 1400, Stylus Photo 1500W набор cmyk lclm",от 2000 до 5000,29.0,29.0,0.0,,,,,,справочная,194,9,177.82,1.0,3121.0,19.8,4.64,5.7,6,104.62,0.0,17.4,,45.0000000000000000,,0,-111,0,0,,0,0,1,3121.0000,0,14,19,361.09,2.0,0,0,"1 заказ(ов), ДРР 5.7 % — держим: потолок не считается (нет экономики)"
red,down10,874374114,4312,"Картриджи TN-328K-TN-328C для принтеров Konica Minolta Bizhub C250i, C300i, C360i",от 10000 до 500 тыс,25.77,23.2,-2.6,,,,,,справочная,138,6,171.72,0.0,0.0,28.6,4.35,,2,63.26,0.0,31.6,42.0000000000000000,26.0000000000000000,16.0,104,-153,0,3539,3,7,15,0,0,0,11,20,407.57,1.0,0,0,"6 кликов, 172 ₽ и ни одного заказа за неделю; за всё время 1 заказ(ов) при расходе 408 ₽"
green,up10,1510950358,5388,"Картриджи 055H для принтеров Canon i-SENSYS LBP-662, LBP 663, MF 741, MF 743",Эксперимент1,12.89,14.2,1.3,44.9,32.0,22.1,13128.0,0.02,справочная,250,11,170.50,1.0,12460.0,15.5,4.4,1.4,5,22.46,0.0,4.5,42.0000000000000000,36.0000000000000000,6.0,149,-48,0,7882,1,3,15,1,12460.0000,0,13,22,218.87,3.0,0,0,"1 заказ(ов) на 12460 ₽, ДРР 1.4 %, было 0; ставка 12.89 ₽ при потолке 44.9 ₽  органика слабая (позиция 42) при спросе 7 882"
green,up10,1760686645,5771,"Картриджи W2300X-W2303X для принтеров HP Color LaserJet Pro 4203cdn, 4303dw",Вне РК — спрос без рекламы (08.08),21.96,24.2,2.2,43.5,21.5,15.6,20502.0,0.02,справочная,452,14,167.71,2.0,40572.0,12.0,3.1,0.4,3,32.8,0.0,10.9,38.0000000000000000,23.0000000000000000,15.0,286,151,9497,32247,3,5,15,3,60696.0000,6,55,17,200.51,2.0,0,0,"2 заказ(ов) на 40572 ₽, ДРР 0.4 %, было 0; ставка 21.96 ₽ при потолке 43.5 ₽  органика слабая (позиция 38) при спросе 32 247"
bordeaux,floor,3071403992,3623,"Картриджи 177 для принтеров HP PhotoSmart 3110, PhotoSmart 3200 набор cmyk lclm",Эксперимент1,8.0,6.0,-2.0,18.5,10.5,18.3,3470.0,0.04,справочная,1091,20,161.96,0.0,0.0,8.1,1.83,,11,85.95,0.0,7.8,,47.0000000000000000,,0,-72,0,0,,0,0,0,0,0,13,42,338.60,0.0,0,0,"за все 21 дн наблюдения ни одного заказа: 42 кликов, 339 ₽ впустую (уже понижали — не реабилитировался). Ставка в пол, через неделю — снятие, если не оживёт"
bordeaux,floor,1548617300,5440,"Картридж LC-472XL C для принтеров Brother MFC-J2340DW, MFC J3540DW голубой",от 2000 до 5000,37.04,6.0,-31.0,27.3,-9.7,19.5,4709.0,0.04,справочная,213,3,157.50,0.0,0.0,52.5,1.41,,0,0.0,0.0,,30.0000000000000000,14.0000000000000000,16.0,31,-8,0,33,11,0,5,0,0,0,14,3,157.50,0.0,0,0,"за все 13 дн наблюдения ни одного заказа: 3 кликов, 158 ₽ впустую (уже понижали — не реабилитировался). Ставка в пол, через неделю — снятие, если не оживёт"
red,down10,870872440,2404,"Картриджи TK-5270 для принтеров Kyocera EcoSys M6230cidn, M6630cidn",Эксперимент1,20.93,18.8,-2.1,23.4,2.5,16.3,10342.0,0.02,справочная,592,6,154.76,0.0,0.0,25.8,1.01,,5,76.04,1.0,15.2,37.0000000000000000,61.0000000000000000,-24.0,160,-20,9426,22983,2,6,15,2,19348.0000,2,28,14,260.99,1.0,0,0,"6 кликов, 155 ₽ и ни одного заказа за неделю; за всё время 1 заказ(ов) при расходе 261 ₽"
green,up10,863431676,0368,"Картриджи CE740A-CE743A для принтеров HP LaserJet CP5220, LJ-CP5225",от 10000 до 500 тыс,24.16,26.6,2.4,116.0,91.8,20.4,37673.0,0.02,справочная,231,7,149.10,1.0,33668.0,21.3,3.03,0.4,5,69.5,0.0,13.9,31.0000000000000000,23.0000000000000000,8.0,98,-2,0,9388,2,3,15,2,67336.0000,0,18,17,330.79,1.0,0,0,"1 заказ(ов) на 33668 ₽, ДРР 0.4 %, было 0; ставка 24.16 ₽ при потолке 116.0 ₽  органика слабая (позиция 31) при спросе 9 388"
red,down10,1469084054,5418,"Картридж 067H Bk для принтеров Canon i-SENSYS LBP633Cdw, LBP631CW, MF651Cw, MF655Cdw, MF657Cdw",от 2000 до 5000,35.43,31.9,-3.5,27.2,-8.2,22.3,3936.0,0.04,справочная,228,4,138.54,0.0,0.0,34.6,1.75,,0,0.0,0.0,,72.0000000000000000,64.0000000000000000,8.0,92,-12,2242,732,12,0,9,1,3465.0000,2,46,4,138.54,0.0,0,0,"4 кликов, 139 ₽ и ни одного заказа за неделю"
red,down10,864225280,0898,"Картриджи 655 для принтеров HP DeskJet Ink Advantage 4625, DJ 3525, DJ 4615, DJ 5525, DJ 6525",Эксперимент1,12.89,11.6,-1.3,18.9,6.0,22.2,2741.0,0.04,справочная,448,12,135.82,0.0,0.0,11.3,2.68,,4,37.18,0.0,9.3,80.0000000000000000,63.0000000000000000,17.0,107,-39,0,18695,8,1,15,0,0,1,25,25,259.12,1.0,0,0,"12 кликов, 136 ₽ и ни одного заказа за неделю; за всё время 1 заказ(ов) при расходе 259 ₽"
bordeaux,floor,930623456,1269,"Картриджи T0791-T0796 для принтеров Epson Stylus Photo 1400, Stylus Photo 1500W набор cmyk lclm",Эксперимент1,17.71,6.0,-11.7,,,,,,справочная,406,8,128.87,0.0,0.0,16.1,1.97,,2,38.06,0.0,19.0,,45.0000000000000000,,0,-111,0,0,,0,0,1,3121.0000,0,14,10,166.93,0.0,0,0,"за все 20 дн наблюдения ни одного заказа: 10 кликов, 167 ₽ впустую (уже понижали — не реабилитировался). Ставка в пол, через неделю — снятие, если не оживёт"
bordeaux,floor,1339739383,5364,"Картриджи 729 для принтеров Canon i-SENSYS LBP7010C, LBP7018C",Эксперимент1,14.5,6.0,-8.5,15.2,0.7,13.1,6263.0,0.03,справочная,292,8,120.07,0.0,0.0,15.0,2.74,,4,37.07,0.0,9.3,95.0000000000000000,55.0000000000000000,40.0,127,-36,3541,6442,22,0,15,0,0,2,21,14,190.35,0.0,0,0,"за все 21 дн наблюдения ни одного заказа: 14 кликов, 190 ₽ впустую (уже понижали — не реабилитировался). Ставка в пол, через неделю — снятие, если не оживёт"
bordeaux,floor,874375708,4278,"Картриджи W2410A-W2413A для принтеров HP Color LaserJet Pro M155a, Color LaserJet Pro M155nw",от 5000 до 10000,22.54,6.0,-16.5,26.1,3.6,14.3,9354.0,0.03,справочная,106,4,114.77,0.0,0.0,28.7,3.77,,1,17.8,0.0,17.8,60.0000000000000000,20.0000000000000000,40.0,95,-207,0,31449,1,1,10,1,9363.0000,0,25,20,251.42,0.0,0,0,"за все 20 дн наблюдения ни одного заказа: 20 кликов, 251 ₽ впустую (уже понижали — не реабилитировался). Ставка в пол, через неделю — снятие, если не оживёт"
green,up10,1769491634,5773,"Картридж 070 для принтеров Canon i-SENSYS MF461dw, LBP243dw, LBP246dw, MF463dw, MF465dw",от 2000 до 5000,19.33,21.3,2.0,23.3,4.0,20.0,3888.0,0.04,справочная,300,7,112.17,1.0,3300.0,16.0,2.33,3.4,7,71.16,1.0,10.2,40.0000000000000000,66.0000000000000000,-26.0,206,87,2402,6603,8,2,15,1,3300.0000,1,7,21,251.80,3.0,0,0,"1 заказ(ов) на 3300 ₽, ДРР 3.4 %, было 1; ставка 19.33 ₽ при потолке 23.3 ₽  органика слабая (позиция 40) при спросе 6 603"
bordeaux,floor,2509753251,6282,"Картриджи C-EXV65 для принтеров Canon imageRUNNER C3326, iR C3326i",Эксперимент1,19.33,6.0,-13.3,48.6,29.3,15.8,22487.0,0.02,справочная,281,9,112.14,0.0,0.0,12.5,3.2,,2,42.70,0.0,21.4,26.0000000000000000,31.0000000000000000,-5.0,305,25,22382,1141,1,4,15,4,85282.0000,2,61,16,208.43,0.0,0,0,"за все 21 дн наблюдения ни одного заказа: 16 кликов, 208 ₽ впустую (уже понижали — не реабилитировался). Ставка в пол, через неделю — снятие, если не оживёт"
red,down10,3556714395,4770,"Картридж M21-750499 для принтеров Brady BMP 21-LAB, BMP 21-PLUS",от 2000 до 5000,19.33,17.4,-1.9,21.2,1.9,19.0,3780.0,0.04,справочная,208,6,111.41,0.0,0.0,18.6,2.88,,3,31.07,0.0,10.4,20.0000000000000000,25.0000000000000000,-5.0,92,38,0,201,4,4,15,0,0,0,2,9,142.48,0.0,0,0,"6 кликов, 111 ₽ и ни одного заказа за неделю"
yellow,hold,863431732,0375,"Картриджи 716 для принтеров Canon i-SENSYS LBP-5050, MF-8030CN, MF8040CN, MF-8050CN, MF8080CW",Эксперимент1,12.89,12.89,0.0,18.1,5.2,16.9,5071.0,0.03,справочная,331,12,108.16,1.0,4513.0,9.0,3.63,2.4,8,45.84,2.0,5.7,,67.0000000000000000,,0,-53,0,0,,0,0,1,4513.0000,1,5,23,165.80,3.0,0,0,"1 заказ(ов), ДРР 2.4 % — держим: неделя хуже предыдущей"
red,down10,930607253,1304,"Картриджи TK-5140 для принтеров Kyocera ECOSYS M6030cdn, M6530cdn, P6130cdn",Эксперимент1,12.89,11.6,-1.3,,,,,,справочная,135,5,104.46,0.0,0.0,20.9,3.7,,3,10.35,0.0,3.4,47.0000000000000000,26.0000000000000000,21.0,68,18,0,3480,5,1,9,1,2954.0000,0,2,10,140.08,0.0,0,0,"5 кликов, 104 ₽ и ни одного заказа за неделю"
bordeaux,floor,1261499947,4660,"Картридж M21-750423 для принтеров Brady BMP 21-LAB, BMP 21-PLUS",Эксперимент1,8.0,6.0,-2.0,12.9,4.9,20.2,2125.0,0.04,справочная,387,11,104.14,0.0,0.0,9.5,2.84,,6,44.54,0.0,7.4,30.0000000000000000,34.0000000000000000,-4.0,81,40,0,4331,8,3,14,0,0,0,0,21,176.60,0.0,0,0,"ни одной продажи за всю доступную историю (не только реклама): 21 кликов, 177 ₽ рекламы впустую. В пол и на снятие"
yellow,hold,652576967,2393,"Картридж KP-108in / RP-108 для Canon CP1300, CP1500, CP1000, CP400, CP520, CP1200, CP530, CP720",от 5000 до 10000,12.0,12.0,0.0,,,,,,справочная,199,7,99.36,1.0,9134.0,14.2,3.52,1.1,1,10.73,0.0,10.7,88.0000000000000000,64.0000000000000000,24.0,56,-32,0,3802,66,0,7,1,9134.0000,0,1,10,150.00,1.0,0,0,"1 заказ(ов), ДРР 1.1 % — держим: потолок не считается (нет экономики)"
yellow,hold,864225717,1283,"Картриджи CF410A-CF413A для принтеров HP LJ Color Pro M377dw, M452dn, M452nw, M477fdn, M477fdw",от 5000 до 10000,35.43,35.43,0.0,,,,,,справочная,173,3,97.97,1.0,9438.0,32.7,1.73,1.0,9,144.95,0.0,16.1,33.0000000000000000,26.0000000000000000,7.0,209,-104,0,25770,1,5,15,2,18876.0000,1,44,32,554.14,2.0,0,0,"1 заказ(ов), ДРР 1.0 % — держим: потолок не считается (нет экономики)"
red,down10,873313750,3617,"Фотобарабан 101R00664 DU для принтеров Xerox B-205, B 210, B215 черный",от 2000 до 5000,29.0,26.1,-2.9,18.2,-10.8,20.1,3017.0,0.04,справочная,93,3,96.87,0.0,0.0,32.3,3.23,,0,0.0,0.0,,54.0000000000000000,44.0000000000000000,10.0,53,0,0,374,1,1,11,0,0,0,5,3,96.87,0.0,0,0,"3 кликов, 97 ₽ и ни одного заказа за неделю"
red,down10,863383263,03066,"Картридж для HP DeskJet 1280, Copier 180, Copier 190, DeskJet 1180",от 2000 до 5000,19.33,17.4,-1.9,30.4,11.1,20.2,6666.0,0.03,справочная,296,7,96.36,0.0,0.0,13.8,2.36,,6,50.80,2.0,8.5,82.0000000000000000,61.0000000000000000,21.0,157,3,6035,2007,9,1,14,0,0,2,9,21,222.80,2.0,0,0,"7 кликов, 96 ₽ и ни одного заказа за неделю; за всё время 2 заказ(ов) при расходе 223 ₽"
red,down10,4507507679,29784,Картридж для Ricoh Aficio SP210,от 2000 до 5000,19.33,17.4,-1.9,26.5,7.2,20.3,4337.0,0.04,справочная,113,6,95.22,0.0,0.0,15.9,5.31,,0,0.0,0.0,,64.0000000000000000,56.0000000000000000,8.0,29,13,0,47,14,0,11,1,3559.0000,0,2,6,95.22,0.0,0,0,"6 кликов, 95 ₽ и ни одного заказа за неделю"
red,down10,4527390470,53419,Картридж для Samsung SCX-4321,от 2000 до 5000,19.33,17.4,-1.9,21.5,2.2,19.0,3842.0,0.04,справочная,92,5,93.62,0.0,0.0,18.7,5.43,,3,24.94,0.0,8.3,75.0000000000000000,46.0000000000000000,29.0,66,5,0,3475,2,1,15,0,0,0,1,9,131.46,0.0,0,0,"5 кликов, 94 ₽ и ни одного заказа за неделю"
green,up10,1987412088,5626,"Картридж TK-5380K для принтеров Kyocera ECOSYS PA4000cx, MA4000cifx, MA4000cix, MA4000cifx",Пустые РК,24.16,26.6,2.4,48.5,24.3,28.8,10187.0,0.02,справочная,99,4,93.03,2.0,19966.0,23.3,4.04,0.5,3,42.13,0.0,14.0,34.0000000000000000,29.0000000000000000,5.0,135,-22,0,3606,7,1,8,2,19966.0000,0,20,11,209.62,3.0,0,0,"2 заказ(ов) на 19966 ₽, ДРР 0.5 %, было 0; ставка 24.16 ₽ при потолке 48.5 ₽  органика слабая (позиция 34) при спросе 3 606"
red,down10,1548617637,5442,"Картридж LC-472XL Y для принтеров Brother MFC-J2340DW, MFC J3540DW желтый",от 2000 до 5000,35.43,31.9,-3.5,29.5,-5.9,20.6,4732.0,0.04,справочная,175,2,86.73,0.0,0.0,43.4,1.14,,1,17.44,0.0,17.4,29.0000000000000000,16.0000000000000000,13.0,105,41,0,3535,3,3,15,0,0,2,11,3,104.17,0.0,0,0,"2 кликов, 87 ₽ и ни одного заказа за неделю"
red,down10,873313112,3641,"Фотобарабан CF257A для принтеров HP LaserJet M433, LJ M436 черный",от 10000 до 500 тыс,20.93,18.8,-2.1,81.1,60.2,26.2,19134.0,0.02,справочная,81,2,85.71,0.0,0.0,42.9,2.47,,3,6.31,0.0,2.1,38.0000000000000000,28.0000000000000000,10.0,60,11,0,3456,2,4,13,0,0,0,5,7,105.29,0.0,0,0,"2 кликов, 86 ₽ и ни одного заказа за неделю"
red,down10,1759807965,5767,"Картридж для HP Color LaserJet Pro MFP 4303fdw, 4303dw, 4203cdn",Эксперимент1,24.16,21.7,-2.5,30.6,6.4,19.4,7084.0,0.03,справочная,314,3,77.27,0.0,0.0,25.8,0.96,,0,0.0,0.0,,29.0000000000000000,57.0000000000000000,-28.0,253,68,0,16885,6,3,15,1,6550.0000,0,25,3,77.27,0.0,0,0,"3 кликов, 77 ₽ и ни одного заказа за неделю"
red,down10,3681617451,3902,"Картриджи №912XL для принтеров HP OfficeJet 8012, OfficeJet8013",от 5000 до 10000,19.33,17.4,-1.9,26.5,7.2,18.3,6640.0,0.03,справочная,154,6,76.56,0.0,0.0,12.8,3.9,,5,60.68,1.0,12.1,,92.0000000000000000,,0,-24,0,0,,0,0,0,0,1,7,11,137.24,1.0,0,0,"6 кликов, 77 ₽ и ни одного заказа за неделю; за всё время 1 заказ(ов) при расходе 137 ₽"
red,down10,1692352035,5288,"Картридж T2 для принтеров Deli M2000DW, P2000DW черный",от 2000 до 5000,20.93,18.8,-2.1,24.6,3.7,18.4,4595.0,0.04,справочная,263,4,70.67,0.0,0.0,17.7,1.52,,0,0.0,0.0,,78.0000000000000000,43.0000000000000000,35.0,68,9,0,499,15,0,12,1,4223.0000,0,3,4,70.67,0.0,0,0,"4 кликов, 71 ₽ и ни одного заказа за неделю"
red,down10,870872605,2637,"Картриджи TN-221 для принтеров Konica Minolta Bizhub C227, Bizhub C287",от 10000 до 500 тыс,19.33,17.4,-1.9,,,,,,справочная,117,4,70.66,0.0,0.0,17.7,3.42,,3,11.94,0.0,4.0,27.0000000000000000,32.0000000000000000,-5.0,166,-79,0,7295,2,2,9,0,0,0,10,15,164.14,6.0,0,0,"4 кликов, 71 ₽ и ни одного заказа за неделю; за всё время 6 заказ(ов) при расходе 164 ₽"
red,down10,3735014796,6454,"Чернила GI-46 для принтеров Canon MAXIFY GX5040, GX6040, GX7040",Эксперимент1,12.89,11.6,-1.3,28.9,16.0,16.9,8104.0,0.03,справочная,180,6,69.34,0.0,0.0,11.6,3.33,,4,18.30,0.0,4.6,52.0000000000000000,81.0000000000000000,-29.0,101,30,0,3829,5,1,15,0,0,0,5,12,111.14,0.0,0,0,"6 кликов, 69 ₽ и ни одного заказа за неделю"
bordeaux,floor,2510033633,6283,"Картриджи 006R04395-006R04398 для принтеров Xerox C230, C235",от 10000 до 500 тыс,19.33,6.0,-13.3,68.0,48.7,10.6,60731.0,0.02,справочная,118,4,69.18,0.0,0.0,17.3,3.39,,1,12.68,0.0,12.7,,11.0000000000000000,,0,-118,0,0,,0,0,0,0,0,2,10,186.11,0.0,0,0,"за все 18 дн наблюдения ни одного заказа: 10 кликов, 186 ₽ впустую (уже понижали — не реабилитировался). Ставка в пол, через неделю — снятие, если не оживёт"
red,down10,906874407,5360,"Картридж 729 для принтеров Canon i-SENSYS LBP7010C, LBP7018C черный",Эксперимент1,23.0,20.7,-2.3,15.0,-8.0,21.9,2220.0,0.04,справочная,215,3,66.75,0.0,0.0,22.2,1.4,,0,0.0,0.0,,76.0000000000000000,43.0000000000000000,33.0,50,17,0,245,8,1,15,0,0,2,6,3,66.75,0.0,0,0,"3 кликов, 67 ₽ и ни одного заказа за неделю"
bordeaux,floor,873312718,3075,"Картриджи 728XL для принтеров HP DesignJet T730, DJ T830",от 10000 до 500 тыс,19.33,6.0,-13.3,,,,,,справочная,63,3,66.73,0.0,0.0,22.2,4.76,,4,70.54,0.0,17.6,,55.0000000000000000,,0,-106,0,0,,0,0,0,0,1,2,11,198.64,0.0,0,0,"за все 19 дн наблюдения ни одного заказа: 11 кликов, 199 ₽ впустую (уже понижали — не реабилитировался). Ставка в пол, через неделю — снятие, если не оживёт"
yellow,hold,1759807965,5767,"Картридж для HP Color LaserJet Pro MFP 4303fdw, 4303dw, 4203cdn",от 2000 до 5000,28.0,28.0,0.0,30.6,2.6,19.4,7084.0,0.03,справочная,207,4,66.67,1.0,6550.0,16.7,1.93,1.0,9,73.14,1.0,8.1,29.0000000000000000,57.0000000000000000,-28.0,253,68,0,16885,6,3,15,1,6550.0000,0,25,19,234.74,3.0,0,0,"1 заказ(ов), ДРР 1.0 % — держим: запаса до потолка нет"
bordeaux,floor,870872764,2887,"Картриджи C-EXV49 для принтеров Canon iR Advance C3320, iR Advance C3325",от 10000 до 500 тыс,22.54,6.0,-16.5,,,,,,справочная,64,2,65.50,0.0,0.0,32.8,3.12,,7,83.08,0.0,11.9,,34.0000000000000000,,0,-65,0,0,,0,0,0,0,2,18,10,150.33,0.0,0,0,"за все 18 дн наблюдения ни одного заказа: 10 кликов, 150 ₽ впустую (уже понижали — не реабилитировался). Ставка в пол, через неделю — снятие, если не оживёт"
red,down10,930623630,3216,"Картриджи TN-421 для принтеров Brother DCP-L8410CDW, HL-L8260CDW, HL L8360CDW, MFC-L8690CDW, MFCL8900CDW",Эксперимент1,12.89,11.6,-1.3,,,,,,справочная,246,6,65.44,0.0,0.0,10.9,2.44,,4,23.81,0.0,6.0,41.0000000000000000,61.0000000000000000,-20.0,82,23,0,3495,5,2,15,0,0,0,15,12,106.29,0.0,0,0,"6 кликов, 65 ₽ и ни одного заказа за неделю"
red,down10,930641678,2638,"Картридж TN-324BK для принтеров Konica Minolta и Bizhub C258, Bizhub C308 черный",Эксперимент1,20.93,18.8,-2.1,27.4,6.5,21.5,5538.0,0.03,справочная,205,4,63.80,0.0,0.0,15.9,1.95,,1,9.0,0.0,9.0,43.0000000000000000,42.0000000000000000,1.0,45,5,0,68,5,1,10,0,0,0,21,5,72.80,0.0,0,0,"4 кликов, 64 ₽ и ни одного заказа за неделю"
red,down10,864225125,0921,"Картриджи T1291-T1294 для принтеров Epson Stylus Office B42, BX305 F, BX320FW, BX525WD, BX535, BX625FWD, BX630, BX925 BX935 WD Stylus SX230 WF-630 WF 3010 WF 3520",Эксперимент1,12.89,11.6,-1.3,,,,,,справочная,158,3,62.89,0.0,0.0,21.0,1.9,,1,4.99,0.0,5.0,37.0000000000000000,43.0000000000000000,-6.0,70,24,0,180,1,3,14,0,0,0,1,5,75.84,0.0,0,0,"3 кликов, 63 ₽ и ни одного заказа за неделю"
red,down10,3681638376,4147,"Картриджи №963XL для принтеров HP OfficeJet Pro 9010, OfficeJet Pro 9013",Эксперимент1,12.89,11.6,-1.3,20.6,7.7,11.9,14956.0,0.02,справочная,185,5,62.28,0.0,0.0,12.5,2.7,,10,46.19,0.0,4.6,,32.0000000000000000,,0,-188,0,0,,0,0,2,30572.0000,0,13,21,125.57,1.0,0,0,"5 кликов, 62 ₽ и ни одного заказа за неделю; за всё время 1 заказ(ов) при расходе 126 ₽"
yellow,hold,1220706685,5243,"Картриджи 069H для принтеров Canon i-SENSYS LBP-673Cdw, MF752Cdw, MF754Cdw",Эксперимент1,12.89,12.89,0.0,,,,,,справочная,325,12,61.38,2.0,26743.0,5.1,3.69,0.2,3,27.51,2.0,9.2,,38.0000000000000000,,0,-62,0,0,,0,0,2,26743.0000,2,7,16,93.81,4.0,0,0,"2 заказ(ов), ДРР 0.2 % — держим: потолок не считается (нет экономики)"
bordeaux,floor,2792815616,6576,"Картриджи 131-135 для принтеров HP DeskJet 460, DeskJet460c, OfficeJet 100, OfficeJet 150, PhotoSmart 2573, PhotoSmart2575, PSC-1510, PSC-1513",от 2000 до 5000,12.0,6.0,-6.0,23.2,11.2,18.1,5903.0,0.03,справочная,71,4,60.54,0.0,0.0,15.1,5.63,,1,1.14,0.0,1.1,122.0000000000000000,97.0000000000000000,25.0,49,18,0,3357,5,3,15,0,0,0,0,5,61.68,0.0,0,0,"ни одной продажи за всю доступную историю (не только реклама): 5 кликов, 62 ₽ рекламы впустую. В пол и на снятие"
bordeaux,floor,4515704364,326210,Картридж для P2516,Эксперимент1,12.89,6.0,-6.9,18.1,5.2,19.1,3212.0,0.04,справочная,757,6,59.36,0.0,0.0,9.9,0.79,,4,13.49,0.0,3.4,89.0000000000000000,53.0000000000000000,36.0,112,11,0,4004,1,1,15,0,0,1,1,18,139.41,0.0,0,0,"за все 21 дн наблюдения ни одного заказа: 18 кликов, 139 ₽ впустую (уже понижали — не реабилитировался). Ставка в пол, через неделю — снятие, если не оживёт"
red,down10,863418800,4214,"Картриджи W2210X-W2213X (HP 207X) с чипом для принтеров HP Pro M255DW, M283FDW, M282NW",от 10000 до 500 тыс,19.33,17.4,-1.9,,,,,,справочная,38,2,59.26,0.0,0.0,29.6,5.26,,2,32.30,0.0,16.1,59.0000000000000000,28.0000000000000000,31.0,47,-9,0,3445,16,0,2,1,11410.0000,0,19,4,91.56,0.0,0,1,"2 кликов, 59 ₽ и ни одного заказа за неделю"
green,up10,863388173,0005,"Картриджи CLT-404S для принтеров samsung xpress sl-c430/c480, самсунг sl-c480w",от 5000 до 10000,22.54,24.8,2.3,33.8,11.3,18.5,8337.0,0.03,справочная,88,4,59.03,1.0,8170.0,14.8,4.55,0.7,7,49.67,0.0,7.1,,40.0000000000000000,,0,-241,0,0,,0,0,3,24510.0000,0,38,29,320.32,2.0,0,0,"1 заказ(ов) на 8170 ₽, ДРР 0.7 %, было 0; ставка 22.54 ₽ при потолке 33.8 ₽"
red,down10,1548617449,5439,"Картридж LC-472XL BK для принтеров Brother MFC-J2340DW, MFC J3540DW черный",от 2000 до 5000,37.04,33.3,-3.7,35.4,-1.6,23.7,4727.0,0.04,справочная,229,2,58.18,0.0,0.0,29.1,0.87,,0,0.0,1.0,,16.0000000000000000,19.0000000000000000,-3.0,14,-191,4818,17,3,3,12,0,0,0,30,17,531.62,2.0,0,0,"2 кликов, 58 ₽ и ни одного заказа за неделю; за всё время 2 заказ(ов) при расходе 532 ₽"
red,down10,874373606,4479,Картриджи TK-8365 для принтеров Kyocera TASKalfa 2554,от 10000 до 500 тыс,22.54,20.3,-2.2,22.1,-0.4,11.9,16040.0,0.02,справочная,48,1,57.68,0.0,0.0,57.7,2.08,,2,22.81,1.0,11.4,64.0000000000000000,37.0000000000000000,27.0,79,17,0,3509,2,3,12,0,0,1,5,7,113.11,1.0,0,0,"1 кликов, 58 ₽ и ни одного заказа за неделю; за всё время 1 заказ(ов) при расходе 113 ₽"
red,down10,651929068,53354,Картридж для Canon i-SENSYS MF4018,от 1000-2000,19.33,17.4,-1.9,,,,,,справочная,103,3,57.50,0.0,0.0,19.2,2.91,,1,1.0,1.0,1.0,61.0000000000000000,47.0000000000000000,14.0,58,-3,0,255,14,0,15,0,0,2,16,5,59.50,1.0,0,1,"3 кликов, 58 ₽ и ни одного заказа за неделю; за всё время 1 заказ(ов) при расходе 60 ₽"
red,down10,2226424621,0305,"Картридж 45 для принтеров HP DesignJet 750, Copier 110/120, DJ 700/750/755, DeskJet 1100/1120, OfficeJet G55/G85,Officejet pro 1170c, PhotoSmart 1000/1115",Эксперимент1,14.5,13.1,-1.4,26.4,11.9,18.9,6322.0,0.03,справочная,326,3,57.34,0.0,0.0,19.1,0.92,,2,11.42,0.0,5.7,79.0000000000000000,68.0000000000000000,11.0,111,51,0,187,15,0,10,0,0,0,3,6,74.76,0.0,0,0,"3 кликов, 57 ₽ и ни одного заказа за неделю"
green,up10,1692504266,5621,Картридж TK-5370K для принтеров Kyocera ECOSYS MA3500cifx черный,от 2000 до 5000,19.33,21.3,2.0,25.7,6.4,19.7,4364.0,0.04,справочная,101,3,57.22,1.0,4107.0,19.1,2.97,1.4,1,14.21,0.0,14.2,34.0000000000000000,58.0000000000000000,-24.0,48,8,0,55,4,4,15,1,4107.0000,1,14,4,71.43,1.0,0,0,"1 заказ(ов) на 4107 ₽, ДРР 1.4 %, было 0; ставка 19.33 ₽ при потолке 25.7 ₽  органика слабая (позиция 34) при спросе 55"
red,down10,2138962068,6205,"Картридж №62XL для принтеров HP Envy 5540, Envy5541, Officejet 200 Mobile, OfficeJet 202 цветной",Пустые РК,19.33,17.4,-1.9,29.6,10.3,17.1,8144.0,0.03,справочная,159,4,57.14,0.0,0.0,14.3,2.52,,1,1.0,0.0,1.0,65.0000000000000000,58.0000000000000000,7.0,59,23,0,1439,14,0,8,0,0,0,3,5,58.14,0.0,0,0,"4 кликов, 57 ₽ и ни одного заказа за неделю"
red,down10,873319577,4145,"Картридж №963XL для принтеров HP OfficeJet Pro 9010, OfficeJet Pro 9013 желтый",от 2000 до 5000,20.93,18.8,-2.1,,,,,,справочная,68,1,56.3,0.0,0.0,56.3,1.47,,0,0.0,0.0,,90.0000000000000000,54.0000000000000000,36.0,35,1,0,10160,14,0,13,0,0,0,3,2,57.3,0.0,0,0,"1 кликов, 56 ₽ и ни одного заказа за неделю"
red,down10,930641138,0720,"Картриджи CLT-409 для принтеров Samsung CLP-310, CLP 315, CLX-3170, CLX3175",Эксперимент1,12.89,11.6,-1.3,26.3,13.4,14.1,9648.0,0.03,справочная,300,4,55.71,0.0,0.0,13.9,1.33,,4,28.98,0.0,7.2,49.0000000000000000,30.0000000000000000,19.0,95,-110,0,13963,1,1,14,0,0,0,3,8,84.69,0.0,0,0,"4 кликов, 56 ₽ и ни одного заказа за неделю"
red,down10,3460907146,01102,Картридж для Samsung ML-1641,от 2000 до 5000,18.0,16.2,-1.8,4.8,-13.2,8.9,3045.0,0.04,справочная,84,3,53.28,0.0,0.0,17.8,3.57,,1,1.0,0.0,1.0,58.0000000000000000,58.0000000000000000,0.0,35,-21,0,51,2,2,15,0,0,0,4,6,80.15,1.0,0,0,"3 кликов, 53 ₽ и ни одного заказа за неделю; за всё время 1 заказ(ов) при расходе 80 ₽"
bordeaux,floor,652454626,0328,"Картридж 178XL для принтеров HP PhotoSmart B109c, DeskJet 3070A, PhotoSmart 5510, PhotoSmart Plus B210b, DeskJet 3070A",Эксперимент1,6.0,6.0,0.0,4.1,-1.9,13.2,827.0,0.06,справочная,753,9,52.96,0.0,0.0,5.9,1.2,,10,59.28,0.0,5.9,44.0000000000000000,47.0000000000000000,-3.0,158,-38,0,412,20,0,15,2,1640.0000,0,31,26,154.47,0.0,0,0,"за все 21 дн наблюдения ни одного заказа: 26 кликов, 154 ₽ впустую (уже понижали — не реабилитировался). Ставка в пол, через неделю — снятие, если не оживёт"
red,down10,3557210909,6813,"Картриджи 055H для принтеров HP Color LaserJet M454dn, LJ Pro M454dw, M480f, M479dw, M479fdw, LBP-664, i-SENSYS-LBP663cdw, MF 741 MF 743",Эксперимент1,12.89,11.6,-1.3,16.0,3.1,11.2,12932.0,0.02,справочная,460,6,52.57,0.0,0.0,8.8,1.3,,17,94.10,2.0,5.5,24.0000000000000000,29.0000000000000000,-5.0,312,108,6775,7192,2,5,15,0,0,2,10,39,298.94,2.0,0,0,"6 кликов, 53 ₽ и ни одного заказа за неделю; за всё время 2 заказ(ов) при расходе 299 ₽"
red,down10,930641138,0720,"Картриджи CLT-409 для принтеров Samsung CLP-310, CLP 315, CLX-3170, CLX3175",от 5000 до 10000,19.33,17.4,-1.9,26.3,7.0,14.1,9648.0,0.03,справочная,163,4,51.75,0.0,0.0,12.9,2.45,,1,30.77,0.0,30.8,49.0000000000000000,30.0000000000000000,19.0,95,-110,0,13963,1,1,14,0,0,0,3,18,212.88,1.0,0,0,"4 кликов, 52 ₽ и ни одного заказа за неделю; за всё время 1 заказ(ов) при расходе 213 ₽"
red,down10,870872469,2279,"Картриджи 006R01461-006R01464 для принтеров Xerox WorkCentre 7120, WC-7125, WC 7220, WC7225",Эксперимент1,17.71,15.9,-1.8,,,,,,справочная,113,4,51.61,0.0,0.0,12.9,3.54,,1,8.32,0.0,8.3,86.0000000000000000,24.0000000000000000,62.0,40,-11,0,44,6,3,11,0,0,0,5,5,59.93,0.0,0,1,"4 кликов, 52 ₽ и ни одного заказа за неделю"
red,down10,2708833398,6472,"Фотобарабаны DR-512 для принтеров Konica Minolta Bizhub C224, Bizhub C284",от 10000 до 500 тыс,20.93,18.8,-2.1,28.5,7.6,12.8,18289.0,0.02,справочная,24,2,51.37,0.0,0.0,25.7,8.33,,0,0.0,0.0,,,56.0000000000000000,,0,-33,0,0,,0,0,0,0,0,2,3,69.56,0.0,0,0,"2 кликов, 51 ₽ и ни одного заказа за неделю"
red,down10,1611110080,5500,"Картриджи 842451 - 842454 для принтеров Ricoh IM C2500, IM-C2000",от 10000 до 500 тыс,20.93,18.8,-2.1,44.0,23.1,13.8,24978.0,0.02,справочная,17,2,51.23,0.0,0.0,25.6,11.76,,0,0.0,0.0,,,28.0000000000000000,,0,-43,0,0,,0,0,0,0,0,12,2,51.23,0.0,0,0,"2 кликов, 51 ₽ и ни одного заказа за неделю"
green,up10,863388173,0005,"Картриджи CLT-404S для принтеров samsung xpress sl-c430/c480, самсунг sl-c480w",Эксперимент1,16.1,17.7,1.6,33.8,17.7,18.5,8337.0,0.03,справочная,441,9,50.90,2.0,16340.0,5.7,2.04,0.3,14,126.46,0.0,9.0,,40.0000000000000000,,0,-241,0,0,,0,0,3,24510.0000,0,38,28,217.81,2.0,0,0,"2 заказ(ов) на 16340 ₽, ДРР 0.3 %, было 0; ставка 16.1 ₽ при потолке 33.8 ₽"
red,down10,5265966793,4433X2,"Комплект чернил №110 (2 шт.) на 12000 страниц для принтеров Epson EcoTank M1100, EcoTankM1120",Бандлы x2/x6 — старт (08.08),21.96,19.8,-2.2,15.5,-6.5,22.9,1727.0,0.05,справочная,108,2,50.79,0.0,0.0,25.4,1.85,,0,0.0,0.0,,138.0000000000000000,40.0000000000000000,98.0,11,5,0,11,10,1,10,1,1777.0000,0,1,2,50.79,0.0,0,0,"2 кликов, 51 ₽ и ни одного заказа за неделю"
red,down10,3557209843,6452,"Чернила GI-46PGBK для принтеров Canon MAXIFY GX5040, GX6040, GX7040 черный",от 1000-2000,19.33,17.4,-1.9,15.7,-3.6,18.3,2953.0,0.04,справочная,102,3,50.75,0.0,0.0,16.9,2.94,,0,0.0,0.0,,41.0000000000000000,58.0000000000000000,-17.0,84,39,0,108,5,2,12,1,2885.0000,0,7,3,50.75,1.0,0,0,"3 кликов, 51 ₽ и ни одного заказа за неделю; за всё время 1 заказ(ов) при расходе 51 ₽"
red,down10,651928956,0192,"Картридж 121XL для принтеров HP NVY 110 e-All-in-One, DeskJet D1660, DeskJet F2483, DeskJetD1663, DJ-F4435, DeskJet F4200, ENVY 100 e, ENVY 120 e AllinOne, PhotoSmart C4640, PhotoSmart C4650",от 2000 до 5000,19.33,17.4,-1.9,,,,,,справочная,198,5,50.34,0.0,0.0,10.1,2.53,,1,1.0,0.0,1.0,81.0000000000000000,129.0000000000000000,-48.0,87,46,0,114,7,1,15,0,0,0,1,6,51.34,0.0,0,0,"5 кликов, 50 ₽ и ни одного заказа за неделю"
watch,hold,870872414,2266,"Картриджи TK-590 для принтеров m6026cdn, kyocera m6526cdn",от 5000 до 10000,19.33,19.33,0.0,55.6,36.3,24.2,14467.0,0.02,справочная,129,4,49.59,1.0,14070.0,12.4,3.1,0.4,1,1.0,1.0,1.0,49.0000000000000000,106.0000000000000000,-57.0,29,-23,8352,3431,12,0,7,1,14070.0000,1,10,7,69.32,2.0,0,0,"кликов за неделю 4 (за всё время 7), расход 50 ₽ (накоплено 69 ₽) — судить не о чем, наблюдаем"
watch,hold,930612969,0070,"Картриджи 84-85 для принтеров HP DesignJet 10ps, DJ 120, DJ 130, DJ-130R, DJ 20ps, DJ 30GP, DJ 50ps, DJ 90",от 2000 до 5000,19.33,19.33,0.0,,,,,,справочная,88,2,48.65,0.0,0.0,24.3,2.27,,0,0.0,0.0,,,67.0000000000000000,,0,-8,0,0,,0,0,0,0,0,2,2,48.65,0.0,0,0,"кликов за неделю 2 (за всё время 2), расход 49 ₽ (накоплено 49 ₽) — судить не о чем, наблюдаем"
watch,hold,1153752721,2233,"Картридж TN-322 для принтеров Konica Minolta и Bizhub 224, Bizhub224e черный",Эксперимент1,16.1,16.1,0.0,19.7,3.6,16.7,4220.0,0.04,справочная,112,3,48.56,0.0,0.0,16.2,2.68,,0,0.0,0.0,,65.0000000000000000,85.0000000000000000,-20.0,24,-3,0,118,5,3,15,0,0,0,4,3,48.56,0.0,0,0,"кликов за неделю 3 (за всё время 3), расход 49 ₽ (накоплено 49 ₽) — судить не о чем, наблюдаем"
watch,hold,870872528,2430,Картриджи MPC2503 для принтеров Ricoh Aficio MPC2003,Эксперимент1,16.1,16.1,0.0,,,,,,справочная,72,3,48.51,0.0,0.0,16.2,4.17,,1,12.2,0.0,12.2,,53.0000000000000000,,0,-20,0,0,,0,0,1,12612.0000,0,5,4,60.71,0.0,0,0,"кликов за неделю 3 (за всё время 4), расход 49 ₽ (накоплено 61 ₽) — судить не о чем, наблюдаем"
watch,hold,930607254,0352,"Картриджи CC530A-CC533A для принтеров HP Color LaserJet CM2320fx, LJ CP2020, LJ-CP2025",от 5000 до 10000,12.0,12.0,0.0,,,,,,справочная,108,4,48.08,0.0,0.0,12.0,3.7,,1,9.83,0.0,9.8,53.0000000000000000,26.0000000000000000,27.0,38,7,0,4531,7,1,7,0,0,0,2,6,63.95,0.0,0,0,"кликов за неделю 4 (за всё время 6), расход 48 ₽ (накоплено 64 ₽) — судить не о чем, наблюдаем"
watch,hold,5280119647,5631X2,Комплект тонер-картриджей TK-5440K (2 шт.) на 5200 страниц для принтеров Kyocera ECOSYS MA2100cfx,Бандлы x2/x6 — старт (08.08),21.96,21.96,0.0,40.4,18.4,28.1,4368.0,0.04,справочная,117,3,47.18,1.0,4457.0,15.7,2.56,1.1,0,0.0,0.0,,106.0000000000000000,18.0000000000000000,88.0,16,13,0,18,8,4,15,1,4457.0000,0,1,3,47.18,1.0,0,0,"кликов за неделю 3 (за всё время 3), расход 47 ₽ (накоплено 47 ₽) — судить не о чем, наблюдаем"
watch,hold,4451990235,02521,Картридж для Xerox Phaser 3100,от 2000 до 5000,19.0,19.0,0.0,17.9,-1.1,15.5,5686.0,0.03,справочная,178,5,47.16,0.0,0.0,9.4,2.81,,3,35.19,0.0,11.7,47.0000000000000000,97.0000000000000000,-50.0,66,-99,0,1233,8,1,15,0,0,0,1,13,116.12,0.0,0,0,"кликов за неделю 5 (за всё время 13), расход 47 ₽ (накоплено 116 ₽) — судить не о чем, наблюдаем"
watch,hold,1277712112,4656,"Картридж M21-375595YL для принтеров Brady BMP 21-LAB, BMP 21-PLUS",Эксперимент1,8.0,8.0,0.0,17.7,9.7,19.2,3109.0,0.04,справочная,139,6,46.93,0.0,0.0,7.8,4.32,,0,0.0,0.0,,53.0000000000000000,52.0000000000000000,1.0,29,-3,0,86,3,2,15,0,0,0,1,9,70.41,0.0,0,0,"кликов за неделю 6 (за всё время 9), расход 47 ₽ (накоплено 70 ₽) — судить не о чем, наблюдаем"
watch,hold,1153912581,3909,"Картридж W2030A для принтеров HP Color LaserJet M454dn, LJ Pro M454dw, M480f, M479dw, M479fdw черный",Эксперимент1,20.93,20.93,0.0,25.3,4.4,21.7,3787.0,0.04,справочная,139,1,46.91,0.0,0.0,46.9,0.72,,1,10.87,0.0,10.9,97.0000000000000000,62.0000000000000000,35.0,56,5,0,241,4,2,15,0,0,0,19,2,57.78,0.0,0,0,"кликов за неделю 1 (за всё время 2), расход 47 ₽ (накоплено 58 ₽) — судить не о чем, наблюдаем"
bordeaux,floor,5265967060,4433X6,"Комплект чернил №110 (6 шт.) на 36000 страниц для принтеров Epson EcoTank M1100, EcoTankM1120",Бандлы x2/x6 — старт (08.08),21.96,6.0,-16.0,55.2,33.2,33.1,4909.0,0.04,справочная,65,2,46.29,0.0,0.0,23.1,3.08,,0,0.0,0.0,,59.0000000000000000,51.0000000000000000,8.0,9,5,0,11,7,1,8,0,0,0,0,2,46.29,0.0,0,0,"ни одной продажи за всю доступную историю (не только реклама): 2 кликов, 46 ₽ рекламы впустую. В пол и на снятие"
watch,hold,906874091,3024,"Фотобарабан C-EXV49 DU для принтеров Canon ImageRunner C3025, iR C3325, iR-C3330, iR C3530, iR Advance C3320",от 5000 до 10000,13.0,13.0,0.0,,,,,,справочная,22,1,46.16,1.0,10525.0,46.2,4.55,0.4,0,0.0,0.0,,61.0000000000000000,75.0000000000000000,-14.0,51,6,0,210,13,0,15,1,10525.0000,0,3,1,46.16,1.0,0,0,"кликов за неделю 1 (за всё время 1), расход 46 ₽ (накоплено 46 ₽) — судить не о чем, наблюдаем"
watch,hold,1716763459,4650,Картриджи TK-8545 для принтеров Kyocera TASKalfa 4054ci,от 10000 до 500 тыс,19.33,19.33,0.0,59.4,40.1,13.5,34966.0,0.02,справочная,42,3,46.14,0.0,0.0,15.4,7.14,,3,32.69,0.0,10.9,,83.0000000000000000,,0,-80,0,0,,0,0,0,0,1,5,10,100.06,0.0,0,0,"кликов за неделю 3 (за всё время 10), расход 46 ₽ (накоплено 100 ₽) — судить не о чем, наблюдаем"
watch,hold,1775320318,5781,"Фотобарабан 013R00691 для принтеров Xerox B225, B230, B235 черный",от 2000 до 5000,20.0,20.0,0.0,18.8,-1.2,15.8,5788.0,0.03,справочная,87,3,46.06,0.0,0.0,15.4,3.45,,0,0.0,0.0,,36.0000000000000000,42.0000000000000000,-6.0,45,-26,0,54,5,3,15,0,0,0,4,8,112.81,0.0,0,0,"кликов за неделю 3 (за всё время 8), расход 46 ₽ (накоплено 113 ₽) — судить не о чем, наблюдаем"
watch,hold,870872394,2287,"Картриджи CLT-406S для принтеров samsung clp-360, samsung clx-3305, samsung clp 365, samsung clx-3300, samsung clx 3305fw",Эксперимент1,12.89,12.89,0.0,,,,,,справочная,140,4,45.86,0.0,0.0,11.5,2.86,,0,0.0,0.0,,58.0000000000000000,61.0000000000000000,-3.0,26,5,0,29,5,1,7,0,0,0,4,7,81.00,0.0,0,0,"кликов за неделю 4 (за всё время 7), расход 46 ₽ (накоплено 81 ₽) — судить не о чем, наблюдаем"
watch,hold,3656343228,6887,"Картридж B225H00 для принтеров Lexmark B2236, MB2236 черный",Эксперимент1,12.89,12.89,0.0,24.1,11.2,12.4,16270.0,0.02,справочная,87,2,45.32,0.0,0.0,22.7,2.3,,0,0.0,0.0,,33.0000000000000000,160.0000000000000000,-127.0,25,-5,0,31,5,1,2,0,0,0,3,3,46.32,0.0,0,0,"кликов за неделю 2 (за всё время 3), расход 45 ₽ (накоплено 46 ₽) — судить не о чем, наблюдаем"
watch,hold,4451996106,02809,Картридж для Samsung ML-1865W,Эксперимент1,12.89,12.89,0.0,15.4,2.5,17.9,2988.0,0.04,справочная,713,2,44.19,0.0,0.0,22.1,0.28,,0,0.0,0.0,,100.0000000000000000,43.0000000000000000,57.0,14,4,0,21,15,0,14,0,0,1,1,3,54.47,0.0,0,0,"кликов за неделю 2 (за всё время 3), расход 44 ₽ (накоплено 54 ₽) — судить не о чем, наблюдаем"
watch,hold,4527399110,53531,Картридж для HP LaserJet P1005,Эксперимент1,12.89,12.89,0.0,9.8,-3.1,16.1,2197.0,0.04,справочная,172,2,44.17,0.0,0.0,22.1,1.16,,0,0.0,0.0,,111.0000000000000000,79.0000000000000000,32.0,23,2,0,1124,8,2,14,0,0,0,1,2,44.17,0.0,0,0,"кликов за неделю 2 (за всё время 2), расход 44 ₽ (накоплено 44 ₽) — судить не о чем, наблюдаем"
watch,hold,874377496,4226,"Фотобарабан DR-241CL DU для принтеров Brother DCP-9020cdw, HL-3140cw, HL 3150, HL3170CDW, MFC-9140, MFC-9330 цветной",Эксперимент1,16.1,16.1,0.0,,,,,,справочная,185,2,44.14,0.0,0.0,22.1,1.08,,2,14.41,0.0,7.2,65.0000000000000000,65.0000000000000000,0.0,65,20,0,3709,1,3,10,0,0,0,19,4,58.55,0.0,0,0,"кликов за неделю 2 (за всё время 4), расход 44 ₽ (накоплено 59 ₽) — судить не о чем, наблюдаем"
watch,hold,863390563,0034,"Картриджи PGI-1400XL для принтеров Canon MAXIFY MB2040, MB2050",от 2000 до 5000,19.33,19.33,0.0,,,,,,справочная,98,3,43.68,0.0,0.0,14.6,3.06,,1,13.75,0.0,13.8,94.0000000000000000,67.0000000000000000,27.0,45,21,0,138,10,1,4,0,0,1,6,4,57.43,0.0,0,0,"кликов за неделю 3 (за всё время 4), расход 44 ₽ (накоплено 57 ₽) — судить не о чем, наблюдаем"
watch,hold,874374114,4312,"Картриджи TN-328K-TN-328C для принтеров Konica Minolta Bizhub C250i, C300i, C360i",Эксперимент1,12.89,12.89,0.0,,,,,,справочная,155,2,43.58,0.0,0.0,21.8,1.29,,0,0.0,0.0,,42.0000000000000000,26.0000000000000000,16.0,104,-153,0,3539,3,7,15,0,0,0,11,2,43.58,0.0,0,0,"кликов за неделю 2 (за всё время 2), расход 44 ₽ (накоплено 44 ₽) — судить не о чем, наблюдаем"
watch,hold,873314311,3660,"Картриджи C2500H для принтеров Ricoh IM C2500, IM-C2000",от 10000 до 500 тыс,20.93,20.93,0.0,,,,,,справочная,114,3,43.24,1.0,14583.0,14.4,2.63,0.3,0,0.0,0.0,,87.0000000000000000,114.0000000000000000,-27.0,17,-18,0,3447,7,3,15,2,29166.0000,0,4,4,84.40,1.0,0,0,"кликов за неделю 3 (за всё время 4), расход 43 ₽ (накоплено 84 ₽) — судить не о чем, наблюдаем"
bordeaux,floor,1999579460,6054,"Картридж B235000/B2300A0 для принтеров Lexmark LaserPrinter B2338, LP B2442, LP B2546 черный",от 10000 до 500 тыс,12.0,6.0,-6.0,25.0,13.0,13.3,15071.0,0.02,справочная,118,3,42.27,0.0,0.0,14.1,2.54,,1,22.05,0.0,22.1,75.0000000000000000,38.0000000000000000,37.0,50,-17,0,3499,8,1,14,0,0,0,0,5,66.40,0.0,0,0,"ни одной продажи за всю доступную историю (не только реклама): 5 кликов, 66 ₽ рекламы впустую. В пол и на снятие"
watch,hold,4515703533,32648,Картридж для M7200FDW,Эксперимент1,12.89,12.89,0.0,21.6,8.7,25.6,2616.0,0.04,справочная,90,1,41.75,0.0,0.0,41.8,1.11,,1,4.97,1.0,5.0,197.0000000000000000,76.0000000000000000,121.0,37,-13,0,256,4,2,14,0,0,1,2,4,57.66,2.0,0,0,"кликов за неделю 1 (за всё время 4), расход 42 ₽ (накоплено 58 ₽) — судить не о чем, наблюдаем"
watch,hold,863394277,0038,"Картриджи PGI-2400XL для принтеров Canon MAXIFY iB4040, iB4140, MB5040, MB5140",от 2000 до 5000,22.54,22.54,0.0,,,,,,справочная,96,2,41.57,0.0,0.0,20.8,2.08,,0,0.0,0.0,,47.0000000000000000,95.0000000000000000,-48.0,59,24,0,3464,7,2,10,0,0,0,12,2,41.57,0.0,0,0,"кликов за неделю 2 (за всё время 2), расход 42 ₽ (накоплено 42 ₽) — судить не о чем, наблюдаем"
watch,hold,874374322,4417,"Чернила GI-43 для принтеров Canon Pixma G540, Pixma G640",Эксперимент1,12.89,12.89,0.0,13.8,0.9,16.3,3045.0,0.04,справочная,123,3,41.51,0.0,0.0,13.8,2.44,,0,0.0,0.0,,93.0000000000000000,171.0000000000000000,-78.0,19,1,0,27,61,0,5,0,0,0,1,3,41.51,0.0,0,0,"кликов за неделю 3 (за всё время 3), расход 42 ₽ (накоплено 42 ₽) — судить не о чем, наблюдаем"
watch,hold,3582284204,4054,"Картридж PFI-320MBk для принтеров Canon iPF TM-200, iPF TM 205 черный матовый",Эксперимент1,12.89,12.89,0.0,27.6,14.7,15.0,13778.0,0.02,справочная,119,3,41.30,0.0,0.0,13.8,2.52,,0,0.0,0.0,,117.0000000000000000,106.0000000000000000,11.0,20,-21,0,23,3,1,15,0,0,0,3,5,53.99,0.0,0,0,"кликов за неделю 3 (за всё время 5), расход 41 ₽ (накоплено 54 ₽) — судить не о чем, наблюдаем"
yellow,hold,1719319666,5634,Картриджи TK-5440 для принтеров Kyocera ECOSYS MA2100cfx,от 5000 до 10000,28.0,28.0,0.0,33.3,5.3,22.5,6350.0,0.03,справочная,103,1,40.91,0.0,0.0,40.9,0.97,,15,317.13,1.0,21.1,,30.0000000000000000,,0,-326,0,0,,0,0,1,6508.0000,5,59,42,889.60,2.0,0,0,"за неделю заказов нет, но и трафика почти нет (1 кликов, 41 ₽); за всё время 2 заказ(ов) — держим"
watch,hold,930625989,2642,"Картриджи TN-324 для принтеров Konica Minolta Bizhub C258, Bizhub C308",от 10000 до 500 тыс,24.16,24.16,0.0,18.4,-5.8,9.6,20044.0,0.02,справочная,56,2,40.77,0.0,0.0,20.4,3.57,,0,0.0,0.0,,58.0000000000000000,31.0000000000000000,27.0,45,-109,0,64,4,5,15,0,0,0,15,10,146.35,0.0,0,0,"кликов за неделю 2 (за всё время 10), расход 41 ₽ (накоплено 146 ₽) — судить не о чем, наблюдаем"
watch,hold,930615603,1259,Картридж T0596 для принтеров Epson и Stylus Photo R2400 светло-пурпурный,от 0 до 1000,11.0,11.0,0.0,0.0,-11.0,-1.3,419.0,0.06,справочная,42,2,40.77,1.0,419.0,20.4,4.76,9.7,4,31.9,0.0,8.0,121.0000000000000000,52.0000000000000000,69.0,19,-7,0,71,7,1,4,0,0,1,1,6,72.67,1.0,0,0,"кликов за неделю 2 (за всё время 6), расход 41 ₽ (накоплено 73 ₽) — судить не о чем, наблюдаем"
watch,hold,2999103654,3087,"Картриджи 903XL для принтеров HP OfficeJet 6950, OfficeJet Pro 6960",Пустые РК,19.33,19.33,0.0,28.2,8.9,20.1,6230.0,0.03,справочная,113,2,40.09,0.0,0.0,20.0,1.77,,0,0.0,0.0,,83.0000000000000000,99.0000000000000000,-16.0,27,5,0,31,29,0,4,0,0,0,2,2,40.09,0.0,0,0,"кликов за неделю 2 (за всё время 2), расход 40 ₽ (накоплено 40 ₽) — судить не о чем, наблюдаем"
watch,hold,652590726,3070,"Картридж T9461 BK для принтеров Epson WorkForce Pro C5290DW, WorkForce Pro WF-C5790DWF черный",Эксперимент1,14.5,14.5,0.0,25.1,10.6,20.7,3996.0,0.04,справочная,39,3,40.04,0.0,0.0,13.3,7.69,,1,9.02,0.0,9.0,49.0000000000000000,74.0000000000000000,-25.0,24,1,0,39,5,2,15,0,0,0,1,4,49.06,0.0,0,0,"кликов за неделю 3 (за всё время 4), расход 40 ₽ (накоплено 49 ₽) — судить не о чем, наблюдаем"
watch,hold,900987382,2312,"Картридж 650 для принтеров HP Ink Advantage 2545 All-in-One, DJ 3545, DeskJet 2515, DeskJet 1516, DeskJet 2540, DeskJet2541, DJ 1015, DJ-2516, DJ 3545, DJ 4515, DJ 4645",от 2000 до 5000,20.0,20.0,0.0,21.5,1.5,19.3,5020.0,0.03,справочная,186,4,39.77,0.0,0.0,9.9,2.15,,0,0.0,0.0,,73.0000000000000000,116.0000000000000000,-43.0,59,-32,0,3502,1,3,15,0,0,0,10,6,68.43,0.0,0,0,"кликов за неделю 4 (за всё время 6), расход 40 ₽ (накоплено 68 ₽) — судить не о чем, наблюдаем"
watch,hold,2522862925,6206,"Картридж TK-1270 для принтеров Kyocera ECOSYS MA4000cifx, MA4000cix черный",от 2000 до 5000,20.93,20.93,0.0,21.8,0.9,18.4,4076.0,0.04,справочная,24,1,39.47,0.0,0.0,39.5,4.17,,1,16.42,0.0,16.4,41.0000000000000000,30.0000000000000000,11.0,23,-13,0,35,10,1,15,0,0,0,1,2,55.89,0.0,0,1,"кликов за неделю 1 (за всё время 2), расход 39 ₽ (накоплено 56 ₽) — судить не о чем, наблюдаем"
watch,hold,1771578083,5723,"Картриджи 006R04368-006R04371 для принтеров Xerox C310, C315",Эксперимент1,12.89,12.89,0.0,30.2,17.3,15.3,14654.0,0.02,справочная,213,4,38.93,0.0,0.0,9.7,1.88,,2,14.84,0.0,7.4,,25.0000000000000000,,0,-55,0,0,,0,0,3,43503.0000,0,17,7,60.78,0.0,0,0,"кликов за неделю 4 (за всё время 7), расход 39 ₽ (накоплено 61 ₽) — судить не о чем, наблюдаем"
red,down10,870872440,2404,"Картриджи TK-5270 для принтеров Kyocera EcoSys M6230cidn, M6630cidn",от 5000 до 10000,29.0,23.4,-5.6,23.4,-5.6,16.3,10342.0,0.02,справочная,50,2,38.84,1.0,9509.0,19.4,4.0,0.4,6,87.60,1.0,14.6,37.0000000000000000,61.0000000000000000,-24.0,160,-20,9426,22983,2,6,15,2,19348.0000,2,28,14,198.52,2.0,0,0,"ставка 29.0 ₽ выше потолка по марже 23.4 ₽ (конверсия справочная 2.0 %) — заказы есть, но в убыток"
watch,hold,904484164,4220,"Картриджи 842255-842258 для принтеров Ricoh IM-C3000, IM-C3500",от 10000 до 500 тыс,19.33,19.33,0.0,,,,,,справочная,46,1,38.67,0.0,0.0,38.7,2.17,,0,0.0,0.0,,,33.0000000000000000,,0,-22,0,0,,0,0,0,0,0,1,1,38.67,0.0,0,0,"кликов за неделю 1 (за всё время 1), расход 39 ₽ (накоплено 39 ₽) — судить не о чем, наблюдаем"
watch,hold,1556487343,5447,"Картридж TK-3440 для принтеров Kyocera и ECOSYS MA6000ifx, PA6000x черный",Эксперимент1,12.89,12.89,0.0,25.2,12.3,15.2,8235.0,0.03,справочная,330,3,38.43,0.0,0.0,12.8,0.91,,2,12.6,0.0,6.3,73.0000000000000000,68.0000000000000000,5.0,22,11,0,5388,8,2,15,0,0,0,1,5,51.03,0.0,0,0,"кликов за неделю 3 (за всё время 5), расход 38 ₽ (накоплено 51 ₽) — судить не о чем, наблюдаем"
watch,hold,1691955831,55442,"Картридж для Brother MFC-L9570CDW (DR-421CL), DCP-L8410CDW, HL-L8260CDW, HL L8360CDW, HLL9310, MFC-L8690CDW",Вне РК — спрос без рекламы (08.08),21.96,21.96,0.0,34.9,12.9,12.6,22966.0,0.02,справочная,72,2,38.21,0.0,0.0,19.1,2.78,,0,0.0,0.0,,20.0000000000000000,23.0000000000000000,-3.0,12,-21,0,16,9,1,11,0,0,0,1,2,38.21,0.0,0,0,"кликов за неделю 2 (за всё время 2), расход 38 ₽ (накоплено 38 ₽) — судить не о чем, наблюдаем"
bordeaux,floor,652548083,0129,"Картридж BCI-24 для принтеров Canon и SmartBase MP360, SmartBase-MP370, BJC-2000, BJC 2100, BJ i250, BJ i320 цветной",от 0 до 1000,10.0,6.0,-4.0,,,,,,справочная,164,4,37.82,0.0,0.0,9.5,2.44,,2,12.78,0.0,6.4,42.0000000000000000,38.0000000000000000,4.0,101,23,0,135,13,0,9,0,0,0,0,6,50.60,0.0,0,0,"ни одной продажи за всю доступную историю (не только реклама): 6 кликов, 51 ₽ рекламы впустую. В пол и на снятие"
watch,hold,983886007,4542,"Картридж W1106XL для принтеров HP Laser 135WR MFP, HP Laser 137FNW MFP, HP Laser 107A, HP Laser 135A, HP Laser 135W MFP, HP Laser 107R, HP Laser 135A MFP, HP Laser 107W, HP Laser 135R MFP.",от 2000 до 5000,20.93,20.93,0.0,25.2,4.3,23.7,3371.0,0.04,справочная,155,3,37.78,0.0,0.0,12.6,1.94,,1,56.77,1.0,56.8,127.0000000000000000,60.0000000000000000,67.0,109,42,2090,6907,15,0,15,0,0,1,9,5,96.71,1.0,0,0,"кликов за неделю 3 (за всё время 5), расход 38 ₽ (накоплено 97 ₽) — судить не о чем, наблюдаем"
watch,hold,1261461505,4688,"Картридж №963 для принтеров HP OfficeJet Pro 9010, OfficeJet Pro 9013 черный",от 2000 до 5000,20.93,20.93,0.0,24.3,3.4,18.2,4597.0,0.04,справочная,82,2,37.11,0.0,0.0,18.6,2.44,,0,0.0,0.0,,149.0000000000000000,85.0000000000000000,64.0,23,-3,0,3427,18,0,15,0,0,0,1,2,37.11,0.0,0,1,"кликов за неделю 2 (за всё время 2), расход 37 ₽ (накоплено 37 ₽) — судить не о чем, наблюдаем"
watch,hold,1153722890,1933,"Картридж T6941 для принтеров Epson SureColor SC-SC-T7200, SC T3000, SCT3200, SC-T5000, SCT5200, SC T7000 черный",от 10000 до 500 тыс,20.93,20.93,0.0,32.9,12.0,13.7,18936.0,0.02,справочная,41,2,36.86,0.0,0.0,18.4,4.88,,0,0.0,0.0,,30.0000000000000000,27.0000000000000000,3.0,24,-8,0,28,7,1,15,0,0,0,2,2,36.86,0.0,0,0,"кликов за неделю 2 (за всё время 2), расход 37 ₽ (накоплено 37 ₽) — судить не о чем, наблюдаем"
watch,hold,3735041269,6882,"Картридж 006R04390 для принтеров Xerox C230, C235 желтый",Вне РК — спрос без рекламы (08.08),21.96,21.96,0.0,22.6,0.6,12.0,16118.0,0.02,справочная,38,2,36.57,0.0,0.0,18.3,5.26,,0,0.0,0.0,,117.0000000000000000,137.0000000000000000,-20.0,15,12,0,4507,2,1,13,0,0,0,1,2,36.57,0.0,0,0,"кликов за неделю 2 (за всё время 2), расход 37 ₽ (накоплено 37 ₽) — судить не о чем, наблюдаем"
watch,hold,4515703538,34413,Картридж для Epson WorkForce Pro M5799,Эксперимент1,12.89,12.89,0.0,28.7,15.8,22.4,4122.0,0.04,справочная,472,1,36.33,0.0,0.0,36.3,0.21,,3,19.52,0.0,6.5,38.0000000000000000,63.0000000000000000,-25.0,63,20,0,266,3,4,15,0,0,0,1,5,59.78,0.0,0,0,"кликов за неделю 1 (за всё время 5), расход 36 ₽ (накоплено 60 ₽) — судить не о чем, наблюдаем"
watch,hold,1163041002,1935,"Картридж T6943 для принтеров Epson SureColor SC-SC-T7200, SC T3000, SCT3200, SC-T5000, SCT5200, SC T7000 пурпурный",от 10000 до 500 тыс,20.93,20.93,0.0,,,,,,справочная,103,2,36.02,0.0,0.0,18.0,1.94,,0,0.0,0.0,,39.0000000000000000,30.0000000000000000,9.0,27,-7,0,35,11,0,9,0,0,0,1,2,36.02,0.0,0,0,"кликов за неделю 2 (за всё время 2), расход 36 ₽ (накоплено 36 ₽) — судить не о чем, наблюдаем"
watch,hold,3855425704,6410,Картридж TK-5450C для принтеров Kyocera ECOSYS MA2600cfx голубой,Эксперимент1,12.89,12.89,0.0,26.0,13.1,22.1,3800.0,0.04,справочная,247,3,35.21,0.0,0.0,11.7,1.21,,1,7.74,0.0,7.7,64.0000000000000000,47.0000000000000000,17.0,14,-5,0,272,24,0,10,0,0,0,1,4,42.95,0.0,0,0,"кликов за неделю 3 (за всё время 4), расход 35 ₽ (накоплено 43 ₽) — судить не о чем, наблюдаем"
watch,hold,930631951,2733,Лента для печати этикеток и наклеек DS TZe-141 Brother,Эксперимент1,12.89,12.89,0.0,11.1,-1.8,18.3,2078.0,0.04,справочная,1432,3,35.02,0.0,0.0,11.7,0.21,,1,7.99,0.0,8.0,191.0000000000000000,60.0000000000000000,131.0,42,0,0,3470,16,0,15,0,0,0,1,7,67.13,0.0,0,0,"кликов за неделю 3 (за всё время 7), расход 35 ₽ (накоплено 67 ₽) — судить не о чем, наблюдаем"
watch,hold,1261461505,4688,"Картридж №963 для принтеров HP OfficeJet Pro 9010, OfficeJet Pro 9013 черный",Эксперимент1,12.89,12.89,0.0,24.3,11.4,18.2,4597.0,0.04,справочная,52,3,34.83,0.0,0.0,11.6,5.77,,0,0.0,0.0,,149.0000000000000000,85.0000000000000000,64.0,23,-3,0,3427,18,0,15,0,0,0,1,3,34.83,0.0,0,1,"кликов за неделю 3 (за всё время 3), расход 35 ₽ (накоплено 35 ₽) — судить не о чем, наблюдаем"
watch,hold,1003270627,4821,"Картридж TL-420Е для принтеров M6700D, M6800FDW, M7100DN, M7102DN, M7200FD, M7300FDN, M7302FDN, P3010D P3020D P3300DN P3302DN черный",Эксперимент1,14.5,14.5,0.0,,,,,,справочная,266,2,34.67,0.0,0.0,17.3,0.75,,1,8.15,0.0,8.2,44.0000000000000000,53.0000000000000000,-9.0,222,-80,3524,4402,19,0,14,3,7779.0000,3,23,4,49.83,0.0,0,0,"кликов за неделю 2 (за всё время 4), расход 35 ₽ (накоплено 50 ₽) — судить не о чем, наблюдаем"
watch,hold,863385935,3709,"Картриджи TN-321 для принтеров Konica Minolta Bizhub C224, Bizhub C284",от 10000 до 500 тыс,20.93,20.93,0.0,,,,,,справочная,123,2,34.55,0.0,0.0,17.3,1.63,,2,2.0,0.0,1.0,49.0000000000000000,42.0000000000000000,7.0,104,-18,0,6912,2,4,14,0,0,0,4,9,97.58,1.0,0,0,"кликов за неделю 2 (за всё время 9), расход 35 ₽ (накоплено 98 ₽) — судить не о чем, наблюдаем"
watch,hold,906495720,1262,"Картридж T0791 для принтеров Epson Stylus Photo PX830FWD, Stylus Photo 1400",Эксперимент1,12.0,12.0,0.0,11.8,-0.2,31.2,753.0,0.06,справочная,597,3,34.43,0.0,0.0,11.5,0.5,,2,8.61,0.0,4.3,36.0000000000000000,45.0000000000000000,-9.0,121,79,733,245,3,3,15,1,753.0000,2,9,6,51.34,0.0,0,0,"кликов за неделю 3 (за всё время 6), расход 34 ₽ (накоплено 51 ₽) — судить не о чем, наблюдаем"
watch,hold,873313644,3584,"Картриджи PFI-107 для принтеров Canon iPF-670, iPF680",Эксперимент1,16.1,16.1,0.0,,,,,,справочная,63,2,34.34,0.0,0.0,17.2,3.17,,1,17.02,0.0,17.0,45.0000000000000000,43.0000000000000000,2.0,44,17,0,80,2,3,13,0,0,0,5,3,51.36,0.0,0,0,"кликов за неделю 2 (за всё время 3), расход 34 ₽ (накоплено 51 ₽) — судить не о чем, наблюдаем"
watch,hold,863383151,0991,"Картриджи 44973541-44973544 для принтеров OKI C301dn, C321dn, MC332, MC342",от 5000 до 10000,24.16,24.16,0.0,31.1,6.9,18.7,7571.0,0.03,справочная,73,3,34.21,0.0,0.0,11.4,4.11,,3,43.66,0.0,14.6,,60.0000000000000000,,0,-75,0,0,,0,0,1,8265.0000,0,5,8,109.12,0.0,0,0,"кликов за неделю 3 (за всё время 8), расход 34 ₽ (накоплено 109 ₽) — судить не о чем, наблюдаем"
watch,hold,1771578083,5723,"Картриджи 006R04368-006R04371 для принтеров Xerox C310, C315",от 10000 до 500 тыс,25.77,25.77,0.0,30.2,4.4,15.3,14654.0,0.02,справочная,134,2,33.81,0.0,0.0,16.9,1.49,,7,68.83,0.0,9.8,,25.0000000000000000,,0,-55,0,0,,0,0,3,43503.0000,0,17,9,102.64,0.0,0,0,"кликов за неделю 2 (за всё время 9), расход 34 ₽ (накоплено 103 ₽) — судить не о чем, наблюдаем"
bordeaux,floor,4480823818,08539,Картридж для Brother DCP-8110DN,от 2000 до 5000,19.33,6.0,-13.3,18.9,-0.4,19.3,3300.0,0.04,справочная,13,2,33.75,0.0,0.0,16.9,15.38,,0,0.0,0.0,,140.0000000000000000,88.0000000000000000,52.0,29,25,1927,109,4,2,12,0,0,0,0,2,33.75,0.0,0,0,"ни одной продажи за всю доступную историю (не только реклама): 2 кликов, 34 ₽ рекламы впустую. В пол и на снятие"
watch,hold,2994100339,5374,"Картридж 069H для принтеров Canon i-SENSYS LBP673Cdw, MF752Cdw, MF754Cdw черный",Вне РК — спрос без рекламы (08.08),21.96,21.96,0.0,22.3,0.3,18.1,5668.0,0.03,справочная,152,4,33.39,1.0,5292.0,8.3,2.63,0.6,0,0.0,0.0,,69.0000000000000000,55.0000000000000000,14.0,31,-6,0,58,7,3,8,2,10425.0000,1,30,4,33.39,1.0,0,0,"кликов за неделю 4 (за всё время 4), расход 33 ₽ (накоплено 33 ₽) — судить не о чем, наблюдаем"
watch,hold,873319626,4124,"Картриджи PFI-320 для принтеров Canon iPF TM-200, iPF TM 205",Эксперимент1,14.5,14.5,0.0,63.4,48.9,10.6,56646.0,0.02,справочная,45,2,33.13,0.0,0.0,16.6,4.44,,3,26.71,0.0,8.9,,33.0000000000000000,,0,-99,0,0,,0,0,0,0,0,3,7,70.20,0.0,0,0,"кликов за неделю 2 (за всё время 7), расход 33 ₽ (накоплено 70 ₽) — судить не о чем, наблюдаем"
yellow,hold,651915925,0232,Картридж KX-FAT92A для принтеров Panasonic KXMB263 KXMB271 KXMB281 KXMB283 KXMB763 KXMB771 KXMB772 KXMB773,от 0 до 1000,10.0,10.0,0.0,,,,,,справочная,261,6,32.73,1.0,465.0,5.5,2.3,7.0,13,130.18,3.0,10.0,43.0000000000000000,88.0000000000000000,-45.0,278,209,353,10788,2,3,15,2,930.0000,4,11,21,164.91,5.0,0,0,"1 заказ(ов), ДРР 7.0 % — держим: неделя хуже предыдущей"
watch,hold,4527407669,54391,Картридж для Brother MFC-J3540DW,от 2000 до 5000,19.33,19.33,0.0,27.0,7.7,19.3,4728.0,0.04,справочная,94,2,32.71,0.0,0.0,16.4,2.13,,0,0,0,,,25.0000000000000000,,0,-31,0,0,,0,0,0,0,0,1,2,32.71,0.0,0,0,"кликов за неделю 2 (за всё время 2), расход 33 ₽ (накоплено 33 ₽) — судить не о чем, наблюдаем"
watch,hold,1153669053,1798,"Фотобарабан 44064009 DU для принтеров OKI C 810, C 821, C 830, C801, MC851, MC860 желтый",Эксперимент1,12.89,12.89,0.0,,,,,,справочная,90,2,32.56,0.0,0.0,16.3,2.22,,0,0.0,0.0,,26.0000000000000000,43.0000000000000000,-17.0,2,-27,0,2,,0,0,0,0,0,1,2,32.56,0.0,0,0,"кликов за неделю 2 (за всё время 2), расход 33 ₽ (накоплено 33 ₽) — судить не о чем, наблюдаем"
watch,hold,4504237691,24101,Картридж для Kyocera Ecosys M4125idn,Эксперимент1,12.89,12.89,0.0,18.9,6.0,16.6,5424.0,0.03,справочная,76,2,32.50,0.0,0.0,16.2,2.63,,0,0.0,0.0,,41.0000000000000000,32.0000000000000000,9.0,21,-3,0,22,6,3,15,0,0,0,1,2,32.50,0.0,0,0,"кликов за неделю 2 (за всё время 2), расход 32 ₽ (накоплено 32 ₽) — судить не о чем, наблюдаем"
watch,hold,652550539,2183,"Картридж 953XLBK для принтеров HP OfficeJet Pro 7720, OfficeJet Pro 7730 черный",от 1000-2000,19.33,19.33,0.0,13.5,-5.8,21.3,2078.0,0.04,справочная,59,1,32.4,0.0,0.0,32.4,1.69,,0,0.0,0.0,,71.0000000000000000,57.0000000000000000,14.0,54,-7,0,65,10,2,15,0,0,0,7,2,47.1,0.0,0,0,"кликов за неделю 1 (за всё время 2), расход 32 ₽ (накоплено 47 ₽) — судить не о чем, наблюдаем"
watch,hold,1999321262,5940,"Картридж W1107XL для принтеров HP Laser 107A, Laser107R черный",Эксперимент1,33.83,33.83,0.0,20.7,-13.1,20.1,3429.0,0.04,справочная,548,1,32.19,0.0,0.0,32.2,0.18,,0,0.0,0.0,,60.0000000000000000,63.0000000000000000,-3.0,44,-5,0,50,9,2,14,0,0,0,7,2,50.09,0.0,0,0,"кликов за неделю 1 (за всё время 2), расход 32 ₽ (накоплено 50 ₽) — судить не о чем, наблюдаем"
watch,hold,1134976622,4971,Картриджи CLI-42 для принтеров Canon Pixma PRO-100 набор cmyk lclmgr,от 5000 до 10000,20.93,20.93,0.0,27.9,7.0,17.7,7314.0,0.03,справочная,53,1,31.81,0.0,0.0,31.8,1.89,,0,0.0,0.0,,,70.0000000000000000,,0,-20,0,0,,0,0,0,0,0,3,3,59.04,0.0,0,0,"кликов за неделю 1 (за всё время 3), расход 32 ₽ (накоплено 59 ₽) — судить не о чем, наблюдаем"
watch,hold,4504063310,23432,Картридж для Xerox WorkCentre 6515,Эксперимент1,12.89,12.89,0.0,16.3,3.4,18.1,3102.0,0.04,справочная,171,3,31.52,0.0,0.0,10.5,1.75,,0,0.0,0.0,,70.0000000000000000,58.0000000000000000,12.0,9,-10,0,8,15,0,9,0,0,0,1,4,45.37,1.0,0,0,"кликов за неделю 3 (за всё время 4), расход 32 ₽ (накоплено 45 ₽) — судить не о чем, наблюдаем"
watch,hold,930637839,2239,"Картриджи TN-325 для принтеров Brother DCP-9055, DCP 9270, HL-4140, HL4150, HL-4570 cdw, MFC-9460, MFC9465 CDN",от 5000 до 10000,15.0,15.0,0.0,,,,,,справочная,7,2,30.97,0.0,0.0,15.5,28.57,,0,0.0,0.0,,79.0000000000000000,49.0000000000000000,30.0,13,-8,0,18,5,1,12,0,0,0,1,2,30.97,0.0,0,0,"кликов за неделю 2 (за всё время 2), расход 31 ₽ (накоплено 31 ₽) — судить не о чем, наблюдаем"
watch,hold,873313644,3584,"Картриджи PFI-107 для принтеров Canon iPF-670, iPF680",от 10000 до 500 тыс,24.16,24.16,0.0,,,,,,справочная,23,1,30.83,0.0,0.0,30.8,4.35,,0,0.0,0.0,,45.0000000000000000,43.0000000000000000,2.0,44,17,0,80,2,3,13,0,0,0,5,1,30.83,0.0,0,0,"кликов за неделю 1 (за всё время 1), расход 31 ₽ (накоплено 31 ₽) — судить не о чем, наблюдаем"
watch,hold,1692337866,5471,"Картридж BCI-5EC для принтеров Canon BJ-F300, BJ F600, BJC-3000, BJC3010, BJ 535PD, BJ F360 голубой",от 0 до 1000,10.0,10.0,0.0,4.7,-5.3,14.0,1037.0,0.05,справочная,84,3,30.72,0.0,0.0,10.2,3.57,,0,0.0,0.0,,68.0000000000000000,49.0000000000000000,19.0,83,34,0,586,5,1,15,0,0,0,1,3,30.72,0.0,0,0,"кликов за неделю 3 (за всё время 3), расход 31 ₽ (накоплено 31 ₽) — судить не о чем, наблюдаем"
watch,hold,3557211128,6809,"Картридж 055H BK для принтеров HP Color LaserJet M454dn, LJ Pro M454dw, M480f, M479dw, M479fdw, i-SENSYS LBP663cdw, MF 741, MF 743 черный",от 2000 до 5000,19.33,19.33,0.0,30.4,11.1,21.4,4637.0,0.04,справочная,96,3,30.62,0.0,0.0,10.2,3.12,,2,7.47,2.0,3.7,31.0000000000000000,35.0000000000000000,-4.0,120,-22,4676,7200,4,4,15,0,0,2,5,13,113.61,4.0,0,0,"кликов за неделю 3 (за всё время 13), расход 31 ₽ (накоплено 114 ₽) — судить не о чем, наблюдаем"
yellow,hold,1339739383,5364,"Картриджи 729 для принтеров Canon i-SENSYS LBP7010C, LBP7018C",от 2000 до 5000,19.0,19.0,0.0,15.2,-3.8,13.1,6263.0,0.03,справочная,64,2,30.22,0.0,0.0,15.1,3.12,,1,6.67,1.0,6.7,95.0000000000000000,55.0000000000000000,40.0,127,-36,3541,6442,22,0,15,0,0,2,21,15,188.90,2.0,0,0,"за неделю заказов нет, но и трафика почти нет (2 кликов, 30 ₽); за всё время 2 заказ(ов) — держим"
watch,hold,4444701177,00025,Картридж для HP LaserJet 1020,Эксперимент1,12.89,12.89,0.0,13.6,0.7,18.6,2491.0,0.04,справочная,75,2,30.13,0.0,0.0,15.1,2.67,,2,14.29,1.0,7.1,86.0000000000000000,84.0000000000000000,2.0,43,-8,1424,195,9,1,10,0,0,1,2,5,45.42,1.0,0,0,"кликов за неделю 2 (за всё время 5), расход 30 ₽ (накоплено 45 ₽) — судить не о чем, наблюдаем"
watch,hold,864221120,0496,"Картридж T0474 для принтеров Epson Stylus C63, Stylus C65 желтый",от 0 до 1000,12.0,12.0,0.0,,,,,,справочная,113,2,29.97,0.0,0.0,15.0,1.77,,5,33.83,0.0,6.8,64.0000000000000000,35.0000000000000000,29.0,103,57,0,6736,5,2,15,0,0,0,1,9,98.48,0.0,0,0,"кликов за неделю 2 (за всё время 9), расход 30 ₽ (накоплено 98 ₽) — судить не о чем, наблюдаем"
watch,hold,873313847,3719,"Картридж 56F5X00 для принтеров Lexmark LaserPrinter MS321, LP MS421, LP MS521 черный",от 10000 до 500 тыс,12.0,12.0,0.0,,,,,,справочная,141,3,29.84,2.0,40304.0,9.9,2.13,0.1,0,0.0,0.0,,117.0000000000000000,83.0000000000000000,34.0,38,15,0,89,23,0,11,2,40304.0000,0,2,3,29.84,2.0,0,0,"кликов за неделю 3 (за всё время 3), расход 30 ₽ (накоплено 30 ₽) — судить не о чем, наблюдаем"
watch,hold,4527410328,55192,Картридж для HP LaserJet M110we,Эксперимент1,12.89,12.89,0.0,19.3,6.4,19.6,3307.0,0.04,справочная,122,3,29.33,0.0,0.0,9.8,2.46,,2,2.0,0.0,1.0,109.0000000000000000,112.0000000000000000,-3.0,69,55,0,354,6,3,15,0,0,0,1,6,46.12,0.0,0,0,"кликов за неделю 3 (за всё время 6), расход 29 ₽ (накоплено 46 ₽) — судить не о чем, наблюдаем"
watch,hold,652454498,5354,"Картридж CB436A для принтеров HP LaserJet M1120, LJ M1522, LJ P1505",Эксперимент1,12.89,12.89,0.0,10.7,-2.2,17.2,2196.0,0.04,справочная,90,2,29.31,0.0,0.0,14.7,2.22,,0,0.0,0.0,,135.0000000000000000,100.0000000000000000,35.0,10,-6,0,4419,10,1,10,0,0,0,1,2,29.31,0.0,0,0,"кликов за неделю 2 (за всё время 2), расход 29 ₽ (накоплено 29 ₽) — судить не о чем, наблюдаем"
watch,hold,4504236193,239327,Комплект картриджей для Canon SELPHY CP1000,Эксперимент1,12.89,12.89,0.0,34.2,21.3,17.4,9196.0,0.03,справочная,116,2,29.23,0.0,0.0,14.6,1.72,,0,0.0,0.0,,96.0000000000000000,46.0000000000000000,50.0,57,-90,0,3787,11,0,11,0,0,0,1,2,29.23,0.0,0,0,"кликов за неделю 2 (за всё время 2), расход 29 ₽ (накоплено 29 ₽) — судить не о чем, наблюдаем"
watch,hold,4527387470,53395,Картридж для HP LaserJet M2727nf,от 2000 до 5000,12.0,12.0,0.0,21.1,9.1,19.7,3581.0,0.04,справочная,54,3,28.87,0.0,0.0,9.6,5.56,,0,0.0,0.0,,42.0000000000000000,32.0000000000000000,10.0,98,38,0,360,6,1,13,0,0,0,2,3,28.87,0.0,0,0,"кликов за неделю 3 (за всё время 3), расход 29 ₽ (накоплено 29 ₽) — судить не о чем, наблюдаем"
watch,hold,4480825919,08514,Картридж для Brother HL-L2365DWR,Эксперимент1,12.89,12.89,0.0,12.6,-0.3,20.5,2034.0,0.04,справочная,22,1,28.7,0.0,0.0,28.7,4.55,,0,0.0,0.0,,58.0000000000000000,61.0000000000000000,-3.0,37,-1,0,47,4,2,15,0,0,0,2,1,28.7,0.0,0,0,"кликов за неделю 1 (за всё время 1), расход 29 ₽ (накоплено 29 ₽) — судить не о чем, наблюдаем"
watch,hold,4543086814,69492,Картридж для BM1800W,Эксперимент1,12.89,12.89,0.0,27.5,14.6,17.0,7636.0,0.03,справочная,74,2,28.33,0.0,0.0,14.2,2.7,,0,0.0,0.0,,78.0000000000000000,51.0000000000000000,27.0,37,-9,0,6773,6,2,15,0,0,0,1,2,28.33,0.0,0,0,"кликов за неделю 2 (за всё время 2), расход 28 ₽ (накоплено 28 ₽) — судить не о чем, наблюдаем"
watch,hold,874373550,4517,"Картриджи 841853 - 841856 для принтеров Ricoh Aficio MP C4503, MP-C4504, Aficio MP C5503",от 10000 до 500 тыс,19.33,19.33,0.0,31.1,11.8,13.5,18293.0,0.02,справочная,23,1,28.1,0.0,0.0,28.1,4.35,,0,0.0,0.0,,,46.0000000000000000,,0,-8,0,0,,0,0,0,0,1,1,1,28.1,0.0,0,0,"кликов за неделю 1 (за всё время 1), расход 28 ₽ (накоплено 28 ₽) — судить не о чем, наблюдаем"
watch,hold,4451989754,02498,Картридж для Brother MFC-7860DWR,Эксперимент1,12.89,12.89,0.0,11.8,-1.1,17.9,2286.0,0.04,справочная,151,1,27.98,0.0,0.0,28.0,0.66,,4,17.27,1.0,4.3,45.0000000000000000,42.0000000000000000,3.0,78,67,1281,138,2,3,9,0,0,1,1,5,45.25,1.0,0,0,"кликов за неделю 1 (за всё время 5), расход 28 ₽ (накоплено 45 ₽) — судить не о чем, наблюдаем"
watch,hold,651910848,0197,"Картридж 131 для принтеров HP OfficeJet H470wbt, DeskJet 460, DeskJet460c, OfficeJet 100,OfficeJet 150",от 2000 до 5000,20.93,20.93,0.0,,,,,,справочная,118,1,27.88,0.0,0.0,27.9,0.85,,2,2.0,0.0,1.0,127.0000000000000000,72.0000000000000000,55.0,71,42,0,178,8,1,9,0,0,0,1,3,29.88,0.0,0,0,"кликов за неделю 1 (за всё время 3), расход 28 ₽ (накоплено 30 ₽) — судить не о чем, наблюдаем"
watch,hold,4527395045,55215,Картридж для Canon i-SENSYS MF275dw,от 2000 до 5000,19.33,19.33,0.0,21.3,2.0,19.9,3567.0,0.04,справочная,75,1,27.54,0.0,0.0,27.5,1.33,,3,35.89,1.0,12.0,48.0000000000000000,57.0000000000000000,-9.0,82,51,1952,3452,6,2,15,0,0,1,2,5,64.43,2.0,0,0,"кликов за неделю 1 (за всё время 5), расход 28 ₽ (накоплено 64 ₽) — судить не о чем, наблюдаем"
watch,hold,1794242726,5725,"Картридж THM130 для принтеров Катюша M130, P130 черный",от 2000 до 5000,19.33,19.33,0.0,22.1,2.8,17.7,4351.0,0.04,справочная,140,2,27.50,0.0,0.0,13.8,1.43,,0,0.0,0.0,,51.0000000000000000,42.0000000000000000,9.0,34,-29,0,67,10,1,15,0,0,0,32,4,39.16,0.0,0,0,"кликов за неделю 2 (за всё время 4), расход 28 ₽ (накоплено 39 ₽) — судить не о чем, наблюдаем"
watch,hold,3421885220,3844,"Чернила BT6000BK-BT5000Y для принтеров Brother DCP-T300, DCP T310, MFC-T800, MFC-T810",от 1000-2000,17.71,17.71,0.0,38.5,20.8,51.5,2070.0,0.04,справочная,75,3,27.25,0.0,0.0,9.1,4.0,,0,0.0,0.0,,95.0000000000000000,73.0000000000000000,22.0,11,-4,0,24,20,0,10,0,0,0,2,3,27.25,0.0,0,0,"кликов за неделю 3 (за всё время 3), расход 27 ₽ (накоплено 27 ₽) — судить не о чем, наблюдаем"
watch,hold,906874388,0144,"Картридж T039 для принтеров Epson Stylus C41UX, Stylus C41",от 0 до 1000,10.0,10.0,0.0,0.1,-9.9,5.2,1106.0,0.05,справочная,155,6,27.24,0.0,0.0,4.5,3.87,,4,43.41,0.0,10.9,59.0000000000000000,35.0000000000000000,24.0,117,66,0,1807,9,3,10,1,969.0000,0,3,14,90.34,1.0,0,0,"кликов за неделю 6 (за всё время 14), расход 27 ₽ (накоплено 90 ₽) — судить не о чем, наблюдаем"
watch,hold,906876419,2322,"Картридж SCX-D6555A для принтеров Samsung и SCX-4645, SCX 6545N черный",Эксперимент1,12.89,12.89,0.0,,,,,,справочная,406,3,27.24,0.0,0.0,9.1,0.74,,2,8.97,0.0,4.5,65.0000000000000000,47.0000000000000000,18.0,48,41,0,7523,10,1,15,0,0,1,1,7,51.87,0.0,0,0,"кликов за неделю 3 (за всё время 7), расход 27 ₽ (накоплено 52 ₽) — судить не о чем, наблюдаем"
watch,hold,4451926294,01091,Картридж для Samsung SCX-4500,от 2000 до 5000,19.33,19.33,0.0,32.3,13.0,20.1,7137.0,0.03,справочная,111,2,27.07,2.0,11870.0,13.5,1.8,0.2,2,13.66,0.0,6.8,58.0000000000000000,73.0000000000000000,-15.0,48,-20,0,3544,4,1,7,2,11870.0000,0,3,9,91.97,2.0,0,0,"кликов за неделю 2 (за всё время 9), расход 27 ₽ (накоплено 92 ₽) — судить не о чем, наблюдаем"
watch,hold,873319490,4052,"Картридж PFI-320Y для принтеров Canon и iPF TM-200, iPF TM 205 желтый",Эксперимент1,12.89,12.89,0.0,,,,,,справочная,93,2,27.04,0.0,0.0,13.5,2.15,,0,0.0,0.0,,247.0000000000000000,101.0000000000000000,146.0,8,-22,0,8,173,0,2,0,0,0,1,3,31.62,0.0,0,0,"кликов за неделю 2 (за всё время 3), расход 27 ₽ (накоплено 32 ₽) — судить не о чем, наблюдаем"
watch,hold,5278543346,5439X6,"Комплект картриджей LC-472XL BK (6 шт.) на 18000 страниц для принтеров Brother MFC-J2340DW, MFC J3540DW",Бандлы x2/x6 — старт (08.08),21.96,21.96,0.0,283.5,261.5,36.5,45000.0,0.02,справочная,123,2,26.76,0.0,0.0,13.4,1.63,,0,0.0,0.0,,83.0000000000000000,,,16,16,0,22,10,1,1,0,0,0,0,2,26.76,0.0,0,0,"кликов за неделю 2 (за всё время 2), расход 27 ₽ (накоплено 27 ₽) — судить не о чем, наблюдаем"
watch,hold,652468931,3226,"Картридж W2032X для принтеров HP Color LaserJet M454dn, LJ Pro M454dw, M480f, M479dw, M479fdw желтый",Эксперимент1,14.5,14.5,0.0,17.9,3.4,15.5,4271.0,0.04,справочная,110,2,26.72,0.0,0.0,13.4,1.82,,0,0.0,0.0,,97.0000000000000000,60.0000000000000000,37.0,31,19,0,230,9,1,9,0,0,0,2,3,34.28,0.0,0,0,"кликов за неделю 2 (за всё время 3), расход 27 ₽ (накоплено 34 ₽) — судить не о чем, наблюдаем"
watch,hold,653139621,0856,"Картридж TN-241BK для принтеров Brother и DCP-9020cdw, HL-3140cw, HL 3150, HL3170CDW, MFC-9140, MFC-9330 черный",Эксперимент1,22.54,22.54,0.0,24.7,2.2,29.8,2485.0,0.04,справочная,325,1,26.54,0.0,0.0,26.5,0.31,,3,31.12,0.0,10.4,46.0000000000000000,113.0000000000000000,-67.0,89,53,897,194,4,4,15,0,0,1,11,5,73.44,0.0,0,0,"кликов за неделю 1 (за всё время 5), расход 27 ₽ (накоплено 73 ₽) — судить не о чем, наблюдаем"
watch,hold,904473241,1215,"Картридж 60F5H0E для принтеров Lexmark LaserPrinter MX310dn, LP MX410de, LP MX510de, LP-MX511dte, LP MX611dhe",от 2000 до 5000,12.0,12.0,0.0,22.6,10.6,17.5,4517.0,0.04,справочная,94,2,26.43,0.0,0.0,13.2,2.13,,0,0.0,0.0,,107.0000000000000000,75.0000000000000000,32.0,48,7,0,3553,17,0,15,0,0,0,0,2,26.43,0.0,0,0,"кликов за неделю 2 (за всё время 2), расход 26 ₽ (накоплено 26 ₽) — судить не о чем, наблюдаем"
bordeaux,floor,1798004896,5552,"Картридж TNP-76 для принтеров Konica bizhub 4020i, 4000i",от 2000 до 5000,12.0,6.0,-6.0,17.4,5.4,16.6,5014.0,0.03,справочная,42,2,26.28,0.0,0.0,13.1,4.76,,1,2.14,0.0,2.1,39.0000000000000000,35.0000000000000000,4.0,53,-31,0,79,3,6,14,0,0,0,0,5,43.41,0.0,0,0,"ни одной продажи за всю доступную историю (не только реклама): 5 кликов, 43 ₽ рекламы впустую. В пол и на снятие"
watch,hold,1510949009,5387,"Картридж 055H Y для принтеров Canon и i-SENSYS MF 741, MF 743 желтый",Эксперимент1,14.5,14.5,0.0,25.9,11.4,19.8,4373.0,0.04,справочная,141,1,26.28,0.0,0.0,26.3,0.71,,0,0.0,0.0,,83.0000000000000000,124.0000000000000000,-41.0,20,14,0,3426,7,1,15,0,0,0,3,1,26.28,0.0,0,0,"кликов за неделю 1 (за всё время 1), расход 26 ₽ (накоплено 26 ₽) — судить не о чем, наблюдаем"
watch,hold,653504318,2633,"Картридж TN-221K для принтеров Konica Minolta Bizhub C227, Bizhub C287 черный",Эксперимент1,22.54,22.54,0.0,,,,,,справочная,95,2,26.13,1.0,4638.0,13.1,2.11,0.6,0,0.0,0.0,,90.0000000000000000,73.0000000000000000,17.0,26,3,0,3364,9,1,15,1,4638.0000,0,6,2,26.13,1.0,0,3,"кликов за неделю 2 (за всё время 2), расход 26 ₽ (накоплено 26 ₽) — судить не о чем, наблюдаем"
watch,hold,3735034601,6880,"Картридж 006R04388 для принтеров Xerox C230, C235 голубой",Вне РК — спрос без рекламы (08.08),21.96,21.96,0.0,33.2,11.2,15.3,16118.0,0.02,справочная,94,2,26.06,0.0,0.0,13.0,2.13,,0,0.0,0.0,,75.0000000000000000,111.0000000000000000,-36.0,40,34,0,3698,17,0,6,0,0,0,1,2,26.06,0.0,0,0,"кликов за неделю 2 (за всё время 2), расход 26 ₽ (накоплено 26 ₽) — судить не о чем, наблюдаем"
watch,hold,906874741,0565,"Фотобарабан DR-3100 DU для принтеров Brother DCP-8060, DCP 8065DN, HL-5240, HL5250DN, HL-5270DN, MFC-8460N, MFC8860DN черный",Эксперимент1,8.0,8.0,0.0,,,,,,справочная,36,4,25.78,0.0,0.0,6.4,11.11,,1,1.0,0.0,1.0,84.0000000000000000,50.0000000000000000,34.0,23,20,0,27,3,3,15,0,0,0,0,5,26.78,0.0,0,0,"кликов за неделю 4 (за всё время 5), расход 26 ₽ (накоплено 27 ₽) — судить не о чем, наблюдаем"
watch,hold,2226467736,2789,"Картриджи 45862849-45862852 для принтеров OKI MC 873, MC853",от 10000 до 500 тыс,22.54,22.54,0.0,45.6,23.1,10.4,42266.0,0.02,справочная,22,1,25.72,0.0,0.0,25.7,4.55,,0,0.0,0.0,,66.0000000000000000,15.0000000000000000,51.0,29,-1,0,31,5,1,1,0,0,0,4,3,44.99,0.0,0,0,"кликов за неделю 1 (за всё время 3), расход 26 ₽ (накоплено 45 ₽) — судить не о чем, наблюдаем"
watch,hold,4451989520,02497,Картридж для Brother MFC-7360NR,Эксперимент1,12.89,12.89,0.0,14.6,1.7,20.9,2290.0,0.04,справочная,82,2,25.38,0.0,0.0,12.7,2.44,,1,14.5,1.0,14.5,51.0000000000000000,52.0000000000000000,-1.0,17,-1,1443,20,76,0,2,0,0,1,2,3,39.88,1.0,0,0,"кликов за неделю 2 (за всё время 3), расход 25 ₽ (накоплено 40 ₽) — судить не о чем, наблюдаем"
watch,hold,1611110080,5500,"Картриджи 842451 - 842454 для принтеров Ricoh IM C2500, IM-C2000",Эксперимент1,14.5,14.5,0.0,44.0,29.5,13.8,24978.0,0.02,справочная,147,1,25.18,0.0,0.0,25.2,0.68,,1,6.86,0.0,6.9,,28.0000000000000000,,0,-43,0,0,,0,0,0,0,0,12,6,53.37,0.0,0,0,"кликов за неделю 1 (за всё время 6), расход 25 ₽ (накоплено 53 ₽) — судить не о чем, наблюдаем"
watch,hold,652592274,0758,"Картридж CLI-8PM для принтеров Canon Pixma iP6600D, Pixma ip6700D, Pro9000 Mark II фото-пурпурный",Эксперимент1,6.0,6.0,0.0,,,,,,справочная,173,6,25.01,0.0,0.0,4.2,3.47,,2,14.79,1.0,7.4,50.0000000000000000,41.0000000000000000,9.0,69,-3,0,6099,3,1,12,0,0,1,6,11,53.88,1.0,0,0,"кликов за неделю 6 (за всё время 11), расход 25 ₽ (накоплено 54 ₽) — судить не о чем, наблюдаем"
watch,hold,2054277264,5994,"Лента K5DBF для принтеров Epson LabelWorks 1000P, LW 400, LW 600P, LW 700, LW-900, LW K400, LW Z700",Эксперимент1,12.89,12.89,0.0,15.9,3.0,19.9,2674.0,0.04,справочная,145,2,24.89,0.0,0.0,12.4,1.38,,1,7.2,1.0,7.2,95.0000000000000000,52.0000000000000000,43.0,35,8,0,41,14,0,15,0,0,1,1,3,32.09,1.0,0,0,"кликов за неделю 2 (за всё время 3), расход 25 ₽ (накоплено 32 ₽) — судить не о чем, наблюдаем"
watch,hold,930616272,3061,Картридж TK-5290C для принтеров Kyocera и Ecosys P7240cdn голубой,Эксперимент1,11.72,11.72,0.0,,,,,,справочная,211,2,24.84,0.0,0.0,12.4,0.95,,1,7.21,0.0,7.2,87.0000000000000000,74.0000000000000000,13.0,10,-2,0,12,30,0,3,0,0,0,2,3,32.05,0.0,0,0,"кликов за неделю 2 (за всё время 3), расход 25 ₽ (накоплено 32 ₽) — судить не о чем, наблюдаем"
watch,hold,873313231,3441,"Картридж T9651 для принтеров Epson WorkForce Pro M5298, WF Pro M5299 черный",Эксперимент1,14.5,14.5,0.0,,,,,,справочная,103,3,24.82,0.0,0.0,8.3,2.91,,1,5.16,0.0,5.2,56.0000000000000000,53.0000000000000000,3.0,18,-4,0,33,7,1,14,0,0,0,2,4,29.98,0.0,0,0,"кликов за неделю 3 (за всё время 4), расход 25 ₽ (накоплено 30 ₽) — судить не о чем, наблюдаем"
watch,hold,2790290326,6575,"Картриджи PGI-35Bk-CLI-36 для принтеров Canon Pixma iP100, Pixma iP110",Эксперимент1,12.89,12.89,0.0,21.9,9.0,23.4,2982.0,0.04,справочная,69,2,24.72,0.0,0.0,12.4,2.9,,2,14.72,0.0,7.4,,81.0000000000000000,,0,-25,0,0,,0,0,0,0,0,5,7,74.15,0.0,0,0,"кликов за неделю 2 (за всё время 7), расход 25 ₽ (накоплено 74 ₽) — судить не о чем, наблюдаем"
watch,hold,2334951385,6250,"Картридж W2220A для принтеров HP Color LaserJet Pro 3203, LJ Pro 3288 черный",Эксперимент1,12.89,12.89,0.0,29.4,16.5,15.6,9239.0,0.03,справочная,62,1,24.67,0.0,0.0,24.7,1.61,,2,12.71,0.0,6.4,45.0000000000000000,99.0000000000000000,-54.0,40,31,0,3481,3,2,14,0,0,0,2,4,45.79,0.0,0,0,"кликов за неделю 1 (за всё время 4), расход 25 ₽ (накоплено 46 ₽) — судить не о чем, наблюдаем"
watch,hold,873320626,3770,"Картриджи W2070X-W2073X для принтеров HP Color Laser 150a, HP Color Laser 150nw",Эксперимент1,16.1,16.1,0.0,,,,,,справочная,135,2,24.65,0.0,0.0,12.3,1.48,,0,0.0,0.0,,98.0000000000000000,114.0000000000000000,-16.0,75,-22,0,12293,44,0,5,0,0,0,1,3,44.61,0.0,0,0,"кликов за неделю 2 (за всё время 3), расход 25 ₽ (накоплено 45 ₽) — судить не о чем, наблюдаем"
watch,hold,4480825985,079218,Картридж для Samsung CLX-3305,от 1000-2000,19.33,19.33,0.0,18.0,-1.3,20.1,2986.0,0.04,справочная,67,1,24.53,0.0,0.0,24.5,1.49,,0,0.0,0.0,,41.0000000000000000,71.0000000000000000,-30.0,16,1,0,17,3,3,14,0,0,0,1,1,24.53,0.0,0,0,"кликов за неделю 1 (за всё время 1), расход 25 ₽ (накоплено 25 ₽) — судить не о чем, наблюдаем"
watch,hold,1547263851,4573,"Картридж LK5WBN для принтеров Epson LabelWorks 1000P, LW 400, LW 600P, LW 700, LW K400, LW Z700, LW Z800",Эксперимент1,12.89,12.89,0.0,20.9,8.0,20.8,3300.0,0.04,справочная,145,2,24.40,0.0,0.0,12.2,1.38,,0,0.0,0.0,,57.0000000000000000,71.0000000000000000,-14.0,18,2,0,24,24,0,6,0,0,2,2,2,24.40,0.0,75.0,0,"кликов за неделю 2 (за всё время 2), расход 24 ₽ (накоплено 24 ₽) — судить не о чем, наблюдаем"
watch,hold,2915894538,6638,"Фотобарабан + картридж 101R00432 +106R01277 (2 ) для принтеров Xerox WorkCentre 5016, WC 5020 черный",от 10000 до 500 тыс,19.33,19.33,0.0,15.4,-3.9,8.0,25657.0,0.02,справочная,39,1,24.4,0.0,0.0,24.4,2.56,,1,11.66,0.0,11.7,51.0000000000000000,35.0000000000000000,16.0,65,33,0,170,6,2,15,0,0,0,1,3,54.41,0.0,0,1,"кликов за неделю 1 (за всё время 3), расход 24 ₽ (накоплено 54 ₽) — судить не о чем, наблюдаем"
watch,hold,653119669,0859,"Картридж TN-245Y для принтеров Brother DCP-9020cdw, HL-3140cw, HL 3150, HL3170CDW, MFC-9140, MFC-9330 желтый",Эксперимент1,14.5,14.5,0.0,15.2,0.7,18.8,2749.0,0.04,справочная,95,1,24.33,0.0,0.0,24.3,1.05,,1,8.0,0.0,8.0,113.0000000000000000,66.0000000000000000,47.0,12,-1,0,26,9,1,9,0,0,0,3,2,32.33,0.0,0,0,"кликов за неделю 1 (за всё время 2), расход 24 ₽ (накоплено 32 ₽) — судить не о чем, наблюдаем"
watch,hold,4451944923,015124,Картридж для Epson Stylus TX210,Эксперимент1,8.0,8.0,0.0,6.8,-1.2,20.5,729.0,0.06,справочная,814,3,23.88,0.0,0.0,8.0,0.37,,7,54.92,0.0,7.8,212.0000000000000000,109.0000000000000000,103.0,12,2,0,12,16,0,11,0,0,0,1,10,78.80,0.0,0,0,"кликов за неделю 3 (за всё время 10), расход 24 ₽ (накоплено 79 ₽) — судить не о чем, наблюдаем"
watch,hold,3556714395,4770,"Картридж M21-750499 для принтеров Brady BMP 21-LAB, BMP 21-PLUS",Эксперимент1,12.89,12.89,0.0,21.2,8.3,19.0,3780.0,0.04,справочная,113,2,23.80,0.0,0.0,11.9,1.77,,0,0.0,0.0,,20.0000000000000000,25.0000000000000000,-5.0,92,38,0,201,4,4,15,0,0,0,2,4,37.88,0.0,0,0,"кликов за неделю 2 (за всё время 4), расход 24 ₽ (накоплено 38 ₽) — судить не о чем, наблюдаем"
watch,hold,873313122,3549,"Картридж TN-514K для принтеров Konica Minolta и Bizhub C458, Bizhub C558 черный",Эксперимент1,12.89,12.89,0.0,,,,,,справочная,139,2,23.74,0.0,0.0,11.9,1.44,,0,0.0,0.0,,74.0000000000000000,25.0000000000000000,49.0,21,9,0,6637,12,0,14,0,0,0,1,2,23.74,0.0,0,0,"кликов за неделю 2 (за всё время 2), расход 24 ₽ (накоплено 24 ₽) — судить не о чем, наблюдаем"
watch,hold,870872414,2266,"Картриджи TK-590 для принтеров m6026cdn, kyocera m6526cdn",Эксперимент1,12.89,12.89,0.0,55.6,42.7,24.2,14467.0,0.02,справочная,34,1,23.67,0.0,0.0,23.7,2.94,,1,5.4,0.0,5.4,49.0000000000000000,106.0000000000000000,-57.0,29,-23,8352,3431,12,0,7,1,14070.0000,1,10,3,45.66,2.0,0,0,"кликов за неделю 1 (за всё время 3), расход 24 ₽ (накоплено 46 ₽) — судить не о чем, наблюдаем"
watch,hold,652454549,0740,"Картридж Q6000A для принтеров HP Color LaserJet 1600, LJ 2600, LJ-2605, LJ CM1015, LJCM1017 черный",Эксперимент1,12.89,12.89,0.0,23.6,10.7,16.2,7021.0,0.03,справочная,86,1,23.36,0.0,0.0,23.4,1.16,,0,0.0,0.0,,69.0000000000000000,77.0000000000000000,-8.0,25,-7,0,3424,6,1,15,0,0,0,1,1,23.36,0.0,0,0,"кликов за неделю 1 (за всё время 1), расход 23 ₽ (накоплено 23 ₽) — судить не о чем, наблюдаем"
watch,hold,4480825985,079218,Картридж для Samsung CLX-3305,Эксперимент1,12.89,12.89,0.0,18.0,5.1,20.1,2986.0,0.04,справочная,46,1,23.32,0.0,0.0,23.3,2.17,,0,0.0,0.0,,41.0000000000000000,71.0000000000000000,-30.0,16,1,0,17,3,3,14,0,0,0,1,1,23.32,0.0,0,0,"кликов за неделю 1 (за всё время 1), расход 23 ₽ (накоплено 23 ₽) — судить не о чем, наблюдаем"
watch,hold,873320531,3779,"Картридж TN-2420 для принтеров Brother DCP-L2510, HL-L2350DW, MFC-L2710K, MFC L2730DW черный",от 1000-2000,11.0,11.0,0.0,12.0,1.0,18.4,2236.0,0.04,справочная,5,2,22.79,0.0,0.0,11.4,40.0,,0,0.0,0.0,,173.0000000000000000,198.0000000000000000,-25.0,6,2,0,11,85,0,3,0,0,0,1,2,22.79,0.0,0,0,"кликов за неделю 2 (за всё время 2), расход 23 ₽ (накоплено 23 ₽) — судить не о чем, наблюдаем"
watch,hold,3656444264,6885,Фотобарабан 60IU60S для принтеров F+ Imaging M60ade черный,от 5000 до 10000,20.93,20.93,0.0,16.2,-4.7,12.7,10520.0,0.02,справочная,37,1,22.78,0.0,0.0,22.8,2.7,,0,0.0,0.0,,14.0000000000000000,46.0000000000000000,-32.0,27,-3,0,59,1,2,5,0,0,0,2,1,22.78,0.0,0,0,"кликов за неделю 1 (за всё время 1), расход 23 ₽ (накоплено 23 ₽) — судить не о чем, наблюдаем"
watch,hold,5251235786,2312X2,"Комплект картриджей 650 (2 шт.) на 720 страниц для принтеров HP DeskJet 1015, DeskJet 1515, DJ2516, DJ 3545, DJ 4515, DJ 4645",Бандлы x2/x6 — старт (08.08),21.96,21.96,0.0,63.2,41.2,27.1,9538.0,0.03,справочная,55,1,22.77,0.0,0.0,22.8,1.82,,0,0.0,0.0,,216.0000000000000000,173.0000000000000000,43.0,12,3,0,14,15,0,2,0,0,0,0,1,22.77,0.0,0,0,"кликов за неделю 1 (за всё время 1), расход 23 ₽ (накоплено 23 ₽) — судить не о чем, наблюдаем"
watch,hold,873319928,3807,"Картриджи W2120X-W2123X для принтеров HP Color LJ M554 dn, LJ M555 dn",от 10000 до 500 тыс,24.16,24.16,0.0,,,,,,справочная,50,2,22.72,0.0,0.0,11.4,4.0,,3,28.26,0.0,9.4,,40.0000000000000000,,0,-44,0,0,,0,0,0,0,0,7,5,50.98,0.0,0,0,"кликов за неделю 2 (за всё время 5), расход 23 ₽ (накоплено 51 ₽) — судить не о чем, наблюдаем"
watch,hold,930629486,3113,"Картриджи LC-3619XL для принтеров Brother MFC-J2330, MFC J2730",Эксперимент1,8.0,8.0,0.0,28.7,20.7,20.4,4667.0,0.04,справочная,38,2,22.71,0.0,0.0,11.4,5.26,,0,0.0,0.0,,84.0000000000000000,34.0000000000000000,50.0,29,-52,0,6851,15,0,14,1,4330.0000,0,14,6,60.52,0.0,0,0,"кликов за неделю 2 (за всё время 6), расход 23 ₽ (накоплено 61 ₽) — судить не о чем, наблюдаем"
watch,hold,3557211151,6584,"Картриджи PFI-707 для принтеров Canon imagePROGRAF iPF830, imagePROGRAFiPF840",от 10000 до 500 тыс,20.93,20.93,0.0,80.3,59.4,10.0,80270.0,0.02,справочная,43,1,22.56,0.0,0.0,22.6,2.33,,2,7.73,0.0,3.9,,18.0000000000000000,,0,-65,0,0,,0,0,0,0,0,1,5,66.26,0.0,0,0,"кликов за неделю 1 (за всё время 5), расход 23 ₽ (накоплено 66 ₽) — судить не о чем, наблюдаем"
watch,hold,1469084054,5418,"Картридж 067H Bk для принтеров Canon i-SENSYS LBP633Cdw, LBP631CW, MF651Cw, MF655Cdw, MF657Cdw",Эксперимент1,24.16,24.16,0.0,27.2,3.0,22.3,3936.0,0.04,справочная,410,1,22.38,0.0,0.0,22.4,0.24,,4,57.48,0.0,14.4,72.0000000000000000,64.0000000000000000,8.0,92,-12,2242,732,12,0,9,1,3465.0000,2,46,5,79.86,0.0,0,0,"кликов за неделю 1 (за всё время 5), расход 22 ₽ (накоплено 80 ₽) — судить не о чем, наблюдаем"
watch,hold,4527389129,528711,Картридж для Deli M2500DW,Эксперимент1,12.89,12.89,0.0,26.5,13.6,19.9,4447.0,0.04,справочная,106,2,22.36,0.0,0.0,11.2,1.89,,0,0.0,0.0,,71.0000000000000000,102.0000000000000000,-31.0,42,22,0,304,6,2,13,0,0,0,1,2,22.36,0.0,0,0,"кликов за неделю 2 (за всё время 2), расход 22 ₽ (накоплено 22 ₽) — судить не о чем, наблюдаем"
watch,hold,1155648940,0272,"Картридж CLT-Y407S для принтеров Samsung CLP-320, CLP 325, CLX-3180, CLX3185 желтый",Эксперимент1,13.0,13.0,0.0,,,,,,справочная,87,2,22.13,0.0,0.0,11.1,2.3,,0,0.0,0.0,,116.0000000000000000,79.0000000000000000,37.0,14,5,0,3376,15,0,13,0,0,0,1,2,22.13,0.0,0,0,"кликов за неделю 2 (за всё время 2), расход 22 ₽ (накоплено 22 ₽) — судить не о чем, наблюдаем"
watch,hold,652547575,0018,"Картридж E30 для принтеров Canon FC-100, FC 108, FC120, FC-128, FC200, FC 204, FC 208, FC210 черный",от 2000 до 5000,19.33,19.33,0.0,,,,,,справочная,99,1,21.98,0.0,0.0,22.0,1.01,,0,0.0,0.0,,76.0000000000000000,48.0000000000000000,28.0,37,-6,0,40,19,0,13,0,0,0,1,1,21.98,0.0,0,0,"кликов за неделю 1 (за всё время 1), расход 22 ₽ (накоплено 22 ₽) — судить не о чем, наблюдаем"
watch,hold,874373801,4474,"Картридж 730GY для принтеров HP DesignJet T1700, DJ T1700dr серый",Эксперимент1,12.89,12.89,0.0,,,,,,справочная,72,1,21.89,0.0,0.0,21.9,1.39,,0,0.0,0.0,,47.0000000000000000,118.0000000000000000,-71.0,25,-5,0,26,13,0,15,0,0,0,1,1,21.89,0.0,0,0,"кликов за неделю 1 (за всё время 1), расход 22 ₽ (накоплено 22 ₽) — судить не о чем, наблюдаем"
watch,hold,2031645654,6077,"Картридж TK-410 для принтеров Kyocera KM-1620, KM 1635, KM1648, KM-1650, KM2020, KM 2035, KM 2550 черный",от 2000 до 5000,22.54,22.54,0.0,22.5,-0.0,18.9,4050.0,0.04,справочная,61,1,21.86,0.0,0.0,21.9,1.64,,0,0.0,0.0,,35.0000000000000000,69.0000000000000000,-34.0,27,-24,0,38,2,3,15,0,0,0,4,2,34.12,0.0,0,0,"кликов за неделю 1 (за всё время 2), расход 22 ₽ (накоплено 34 ₽) — судить не о чем, наблюдаем"
watch,hold,930631319,2983,"Картриджи 106R03745-106R03748 для принтеров Xerox VersaLink C7020, VersaLinkC7025",Эксперимент1,12.89,12.89,0.0,35.2,22.3,12.2,24410.0,0.02,справочная,32,1,21.66,0.0,0.0,21.7,3.12,,1,1.0,1.0,1.0,43.0000000000000000,104.0000000000000000,-61.0,31,-11,10292,36,11,0,6,0,0,1,4,3,38.77,1.0,0,0,"кликов за неделю 1 (за всё время 3), расход 22 ₽ (накоплено 39 ₽) — судить не о чем, наблюдаем"
watch,hold,4481053375,10425,Картридж для Samsung Xpress M2022,Эксперимент1,12.89,12.89,0.0,14.7,1.8,19.5,2536.0,0.04,справочная,65,2,21.54,0.0,0.0,10.8,3.08,,0,0.0,0.0,,106.0000000000000000,97.0000000000000000,9.0,5,-4,0,5,77,0,2,0,0,0,2,2,21.54,0.0,0,2,"кликов за неделю 2 (за всё время 2), расход 22 ₽ (накоплено 22 ₽) — судить не о чем, наблюдаем"
watch,hold,652550539,2183,"Картридж 953XLBK для принтеров HP OfficeJet Pro 7720, OfficeJet Pro 7730 черный",Эксперимент1,12.89,12.89,0.0,13.5,0.6,21.3,2078.0,0.04,справочная,957,2,21.40,0.0,0.0,10.7,0.21,,4,32.42,0.0,8.1,71.0000000000000000,57.0000000000000000,14.0,54,-7,0,65,10,2,15,0,0,0,7,8,69.63,0.0,0,0,"кликов за неделю 2 (за всё время 8), расход 21 ₽ (накоплено 70 ₽) — судить не о чем, наблюдаем"
watch,hold,2497486788,5945,"Картридж C-EXV65 M для принтеров Canon imageRUNNER C3326, iR C3326i пурпурный",Вне РК — спрос без рекламы (08.08),21.96,21.96,0.0,28.2,6.2,18.8,6823.0,0.03,справочная,35,1,21.15,0.0,0.0,21.1,2.86,,0,0.0,0.0,,44.0000000000000000,88.0000000000000000,-44.0,22,3,0,29,3,2,15,0,0,0,3,1,21.15,0.0,0,0,"кликов за неделю 1 (за всё время 1), расход 21 ₽ (накоплено 21 ₽) — судить не о чем, наблюдаем"
watch,hold,1153793912,2776,"Картридж X746A1CG для принтеров Lexmark и X740s, X746 голубой",Эксперимент1,12.89,12.89,0.0,43.0,30.1,13.4,25596.0,0.02,справочная,37,2,21.1,0.0,0.0,10.6,5.41,,0,0.0,0.0,,,206.0000000000000000,,0,-3,0,0,,0,0,0,0,0,1,2,21.1,0.0,0,0,"кликов за неделю 2 (за всё время 2), расход 21 ₽ (накоплено 21 ₽) — судить не о чем, наблюдаем"
watch,hold,863393880,0080,"Картриджи T1281-T1284 для принтеров Epson Stylus Office BX305 F, BX305fw, Stylus S22",от 2000 до 5000,19.33,19.33,0.0,16.0,-3.3,21.2,2470.0,0.04,справочная,68,1,21.04,0.0,0.0,21.0,1.47,,0,0.0,0.0,,,63.0000000000000000,,0,-11,0,0,,0,0,0,0,0,2,1,21.04,0.0,0,0,"кликов за неделю 1 (за всё время 1), расход 21 ₽ (накоплено 21 ₽) — судить не о чем, наблюдаем"
watch,hold,5280908622,5781X6,"Комплект фотобарабанов 013R00691 (6 шт.) на 72000 страниц для принтеров Xerox B225, B230, B235",Бандлы x2/x6 — старт (08.08),21.96,21.96,0.0,185.0,163.0,34.6,31255.0,0.02,справочная,20,1,21.03,0.0,0.0,21.0,5.0,,0,0,0,,23.0000000000000000,,,36,36,0,41,3,2,5,0,0,0,0,1,21.03,0.0,0,0,"кликов за неделю 1 (за всё время 1), расход 21 ₽ (накоплено 21 ₽) — судить не о чем, наблюдаем"
watch,hold,906874687,0494,"Картридж T0472 для принтеров Epson Stylus C63, Stylus C65 голубой",от 0 до 1000,10.0,10.0,0.0,0.0,-10.0,-1.9,419.0,0.06,справочная,138,5,20.98,0.0,0.0,4.2,3.62,,1,14.24,0.0,14.2,82.0000000000000000,36.0000000000000000,46.0,72,-28,0,6740,4,4,15,0,0,0,2,12,76.77,1.0,0,0,"кликов за неделю 5 (за всё время 12), расход 21 ₽ (накоплено 77 ₽) — судить не о чем, наблюдаем"
watch,hold,3557211110,6786,"Картридж 070H для принтеров Canon i-SENSYS LBP243dw, LBP246dw, MF461dw, MF463dw черный",Эксперимент1,12.89,12.89,0.0,28.5,15.6,21.8,4235.0,0.04,справочная,189,3,20.97,1.0,3538.0,7.0,1.59,0.6,0,0.0,0.0,,57.0000000000000000,69.0000000000000000,-12.0,85,30,0,3426,12,0,15,1,3538.0000,0,4,4,27.82,1.0,0,0,"кликов за неделю 3 (за всё время 4), расход 21 ₽ (накоплено 28 ₽) — судить не о чем, наблюдаем"
watch,hold,874374035,4264,"Картридж 006R01701 для принтеров Xerox AltaLink C8045, C8030, C8035, C8055",Вне РК — спрос без рекламы (08.08),21.96,21.96,0.0,,,,,,справочная,31,1,20.87,0.0,0.0,20.9,3.23,,0,0,0,,19.0000000000000000,53.0000000000000000,-34.0,3,1,0,8,27,0,1,0,0,0,6,1,20.87,0.0,0,0,"кликов за неделю 1 (за всё время 1), расход 21 ₽ (накоплено 21 ₽) — судить не о чем, наблюдаем"
watch,hold,652757236,0839,"Картридж T1712 для принтеров Epson Expression Home XP-103, XP 207, XP303, XP-306, XP313, XP 323, XP 403, XP406 XP423 голубой",от 0 до 1000,10.0,10.0,0.0,,,,,,справочная,70,2,20.74,0.0,0.0,10.4,2.86,,0,0.0,0.0,,57.0000000000000000,46.0000000000000000,11.0,89,-56,0,138,14,0,15,0,0,0,2,9,84.16,2.0,0,0,"кликов за неделю 2 (за всё время 9), расход 21 ₽ (накоплено 84 ₽) — судить не о чем, наблюдаем"
watch,hold,874376004,4442,Картриджи T2661 - T2670 для принтеров Epson WorkForce WF-100W черный,от 2000 до 5000,22.54,22.54,0.0,,,,,,справочная,65,1,20.52,0.0,0.0,20.5,1.54,,1,14.26,0.0,14.3,,51.0000000000000000,,0,-50,0,0,,0,0,0,0,0,9,3,49.10,0.0,0,0,"кликов за неделю 1 (за всё время 3), расход 21 ₽ (накоплено 49 ₽) — судить не о чем, наблюдаем"
watch,hold,1911203514,5879,"Фотобарабан 55B0ZA0 для принтеров Lexmark MS331, MS431, MX331, MX431 черный",Эксперимент1,12.89,12.89,0.0,24.7,11.8,18.5,6104.0,0.03,справочная,30,1,19.95,0.0,0.0,19.9,3.33,,0,0.0,0.0,,21.0000000000000000,112.0000000000000000,-91.0,10,-5,0,13,34,0,2,0,0,0,2,1,19.95,0.0,0,0,"кликов за неделю 1 (за всё время 1), расход 20 ₽ (накоплено 20 ₽) — судить не о чем, наблюдаем"
watch,hold,906875340,1460,"Картридж T1361Bk для принтеров Epson K101, K201, K301 черный",от 0 до 1000,10.0,10.0,0.0,,,,,,справочная,5,1,19.94,0.0,0.0,19.9,20.0,,1,1.0,0.0,1.0,29.0000000000000000,125.0000000000000000,-96.0,16,-2,0,19,4,3,14,0,0,0,0,2,20.94,0.0,0,0,"кликов за неделю 1 (за всё время 2), расход 20 ₽ (накоплено 21 ₽) — судить не о чем, наблюдаем"
watch,hold,873313801,3693,"Картриджи 728XXL для принтеров HP DesignJet T730, DJ T830",Эксперимент1,12.89,12.89,0.0,58.8,45.9,12.7,38193.0,0.02,справочная,68,1,19.9,0.0,0.0,19.9,1.47,,0,0.0,0.0,,,41.0000000000000000,,0,-70,0,0,,0,0,0,0,0,1,1,19.9,0.0,0,0,"кликов за неделю 1 (за всё время 1), расход 20 ₽ (накоплено 20 ₽) — судить не о чем, наблюдаем"
yellow,hold,863386567,2306,"Картриджи 045H для принтеров Canon i-SENSYS LBP-611, LBP613, MF631cn, MF633Cdw",от 5000 до 10000,35.43,35.43,0.0,38.2,2.8,17.9,9871.0,0.03,справочная,76,2,19.88,0.0,0.0,9.9,2.63,,9,196.39,0.0,21.8,,26.0000000000000000,,0,-264,0,0,,0,0,0,0,0,38,21,418.07,1.0,0,0,"за неделю заказов нет, но и трафика почти нет (2 кликов, 20 ₽); за всё время 1 заказ(ов) — держим"
watch,hold,930641567,0833,"Фотобарабан C-EXV18 DU для принтеров Canon IR-1018, iR 1020, iR1022A, iR 1024A, iR-2018 черный",от 5000 до 10000,19.33,19.33,0.0,29.0,9.7,15.8,8949.0,0.03,справочная,44,1,19.84,0.0,0.0,19.8,2.27,,0,0.0,0.0,,62.0000000000000000,105.0000000000000000,-43.0,29,-26,0,3424,1,2,11,0,0,0,2,2,34.33,0.0,0,0,"кликов за неделю 1 (за всё время 2), расход 20 ₽ (накоплено 34 ₽) — судить не о чем, наблюдаем"
watch,hold,930617217,2392,"Картриджи TN-423 для принтеров brother dcp-l8410cdw, brother hl-l8360cdw, brother hl, mfc-l8690cdw",Эксперимент1,14.5,14.5,0.0,,,,,,справочная,129,3,19.72,1.0,8907.0,6.6,2.33,0.2,2,33.14,0.0,16.6,,40.0000000000000000,,0,-105,0,0,,0,0,6,51089.0000,1,21,7,68.55,1.0,0,0,"кликов за неделю 3 (за всё время 7), расход 20 ₽ (накоплено 69 ₽) — судить не о чем, наблюдаем"
watch,hold,5238218205,0328X2,"Комплект картриджей 178XL (2 шт.) на 1100 страниц для принтеров HP DeskJet 3070A, DESKJET 3522 E, DeskJet3524, PhotoSmart 5510, PhotoSmart5515",Бандлы x2/x6 — старт (08.08),21.96,21.96,0.0,14.6,-7.4,22.8,1642.0,0.05,справочная,106,1,19.7,0.0,0.0,19.7,0.94,,0,0.0,0.0,,183.0000000000000000,43.0000000000000000,140.0,13,10,0,33,70,0,3,0,0,0,0,1,19.7,0.0,0,0,"кликов за неделю 1 (за всё время 1), расход 20 ₽ (накоплено 20 ₽) — судить не о чем, наблюдаем"
watch,hold,5249702927,2135X6,"Комплект картриджей TK-5240BK (6 шт.) на 24000 страниц для принтеров Kyocera Ecosys M5526cdn, P5026cdn",Бандлы x2/x6 — старт (08.08),21.96,21.96,0.0,86.6,64.6,35.0,14440.0,0.02,справочная,25,1,19.7,0.0,0.0,19.7,4.0,,0,0.0,0.0,,108.0000000000000000,42.0000000000000000,66.0,13,-10,0,3414,14,0,10,0,0,0,0,1,19.7,0.0,0,0,"кликов за неделю 1 (за всё время 1), расход 20 ₽ (накоплено 20 ₽) — судить не о чем, наблюдаем"
bordeaux,floor,2463013586,6266,"Картридж W2220A-W2223A для принтеров HP Color LaserJet Pro 3203, LJ Pro 3288",от 10000 до 500 тыс,19.33,6.0,-13.3,49.4,30.1,12.5,32900.0,0.02,справочная,26,1,19.6,0.0,0.0,19.6,3.85,,8,114.02,0.0,14.3,,16.0000000000000000,,0,-166,0,0,,0,0,0,0,0,2,17,189.78,0.0,0,0,"за все 20 дн наблюдения ни одного заказа: 17 кликов, 190 ₽ впустую (уже понижали — не реабилитировался). Ставка в пол, через неделю — снятие, если не оживёт"
watch,hold,873312865,3183,"Чернила T6731 для принтеров Epson L-1800, L-800, L 805, L810, L850 черный",Эксперимент1,10.0,10.0,0.0,2.1,-7.9,10.5,632.0,0.06,справочная,84,2,19.56,0.0,0.0,9.8,2.38,,2,22.63,0.0,11.3,133.0000000000000000,121.0000000000000000,12.0,47,13,0,158,15,0,11,0,0,0,1,4,42.19,0.0,0,0,"кликов за неделю 2 (за всё время 4), расход 20 ₽ (накоплено 42 ₽) — судить не о чем, наблюдаем"
watch,hold,2909556230,6615,"Фотобарабан + картридж DO-428+TL-428X для принтеров M7108DN, P3308DN черный",от 2000 до 5000,12.0,12.0,0.0,10.7,-1.3,10.8,4601.0,0.04,справочная,10,1,19.52,1.0,4200.0,19.5,10.0,0.5,0,0.0,0.0,,92.0000000000000000,49.0000000000000000,43.0,27,15,0,41,15,0,15,1,4200.0000,0,1,1,19.52,1.0,0,0,"кликов за неделю 1 (за всё время 1), расход 20 ₽ (накоплено 20 ₽) — судить не о чем, наблюдаем"
watch,hold,5237218366,0060X6,"Комплект картриджей 719H (6 шт.) на 38400 страниц для принтеров Canon i-SENSYS LBP-251dw, LBP 252dw, MF-411dw, MF416dw, MF-418x, MF419x, MF 5840d, MF 5880dn MF5980dw MF 6140dn MF6180dw",Бандлы x2/x6 — старт (08.08),21.96,21.96,0.0,111.8,89.8,34.9,18700.0,0.02,справочная,41,1,19.38,0.0,0.0,19.4,2.44,,0,0.0,0.0,,53.0000000000000000,20.0000000000000000,33.0,19,-2,0,20,4,1,15,0,0,0,0,1,19.38,0.0,0,0,"кликов за неделю 1 (за всё время 1), расход 19 ₽ (накоплено 19 ₽) — судить не о чем, наблюдаем"
watch,hold,863431299,0373,"Картриджи C9730A-C9733A для принтеров HP Color LaserJet 5500, LJ 5550",от 10000 до 500 тыс,19.33,19.33,0.0,72.3,53.0,10.7,63395.0,0.02,справочная,62,1,19.27,0.0,0.0,19.3,1.61,,5,94.24,0.0,18.8,41.0000000000000000,31.0000000000000000,10.0,33,0,0,34,7,1,2,0,0,0,1,9,131.99,0.0,0,0,"кликов за неделю 1 (за всё время 9), расход 19 ₽ (накоплено 132 ₽) — судить не о чем, наблюдаем"
watch,hold,4796967228,48372,Картридж для HP DesignJet Studio Steel,Вне РК — спрос без рекламы (08.08),21.96,21.96,0.0,28.0,6.0,16.1,8403.0,0.03,справочная,118,1,19.23,0.0,0.0,19.2,0.85,,0,0.0,0.0,,142.0000000000000000,53.0000000000000000,89.0,11,-11,0,3404,162,0,2,0,0,0,2,1,19.23,0.0,0,0,"кликов за неделю 1 (за всё время 1), расход 19 ₽ (накоплено 19 ₽) — судить не о чем, наблюдаем"
watch,hold,1261465655,4767,"Картриджи W2120X-W2123X для принтеров HP Color LaserJet M554, LJ-M555, LJ M578",Эксперимент1,12.89,12.89,0.0,53.8,40.9,13.1,33224.0,0.02,справочная,46,2,19.20,0.0,0.0,9.6,4.35,,0,0.0,0.0,,74.0000000000000000,48.0000000000000000,26.0,82,33,0,1497,17,0,11,0,0,0,3,2,19.20,0.0,0,0,"кликов за неделю 2 (за всё время 2), расход 19 ₽ (накоплено 19 ₽) — судить не о чем, наблюдаем"
watch,hold,4527408473,55193,Картридж для HP LaserJet MFP M140we,Эксперимент1,12.89,12.89,0.0,22.0,9.1,21.6,3309.0,0.04,справочная,184,2,19.04,0.0,0.0,9.5,1.09,,1,1.0,0.0,1.0,49.0000000000000000,64.0000000000000000,-15.0,66,38,0,111,6,2,8,0,0,0,1,5,32.53,0.0,0,0,"кликов за неделю 2 (за всё время 5), расход 19 ₽ (накоплено 33 ₽) — судить не о чем, наблюдаем"
watch,hold,863393898,0048,Картридж 106R01374 для принтеров Xerox Phaser 3250 черный,Эксперимент1,8.0,8.0,0.0,,,,,,справочная,44,1,18.99,0.0,0.0,19.0,2.27,,0,0.0,0.0,,67.0000000000000000,64.0000000000000000,3.0,24,-68,0,36,5,3,15,0,0,0,4,2,32.78,0.0,0,0,"кликов за неделю 1 (за всё время 2), расход 19 ₽ (накоплено 33 ₽) — судить не о чем, наблюдаем"
watch,hold,3279797462,0342,"Картриджи 920XL для принтеров HP OfficeJet 6000, OfficeJet 6500",Эксперимент1,12.89,12.89,0.0,19.5,6.6,20.4,3172.0,0.04,справочная,63,1,18.98,0.0,0.0,19.0,1.59,,0,0.0,0.0,,63.0000000000000000,68.0000000000000000,-5.0,8,-9,0,9,16,0,6,0,0,0,2,2,29.74,0.0,0,1,"кликов за неделю 1 (за всё время 2), расход 19 ₽ (накоплено 30 ₽) — судить не о чем, наблюдаем"
watch,hold,653303144,13243,"Картридж для Ricoh Aficio SP111SU, SP111",от 2000 до 5000,12.0,12.0,0.0,,,,,,справочная,30,1,18.92,0.0,0.0,18.9,3.33,,7,64.55,0.0,9.2,40.0000000000000000,41.0000000000000000,-1.0,86,39,0,3736,6,1,3,0,0,0,4,9,84.47,0.0,0,0,"кликов за неделю 1 (за всё время 9), расход 19 ₽ (накоплено 84 ₽) — судить не о чем, наблюдаем"
watch,hold,873320073,3837,"Картридж MX-315GT для принтеров Sharp MX-M265, MX M266, MXM315, MX-M316, MXM356, MX M365 черный",от 5000 до 10000,12.0,12.0,0.0,27.1,15.1,14.9,13675.0,0.02,справочная,38,1,18.64,0.0,0.0,18.6,2.63,,0,0.0,0.0,,44.0000000000000000,66.0000000000000000,-22.0,2,-31,0,2,,0,0,0,0,0,0,1,18.64,0.0,0,0,"кликов за неделю 1 (за всё время 1), расход 19 ₽ (накоплено 19 ₽) — судить не о чем, наблюдаем"
watch,hold,864225821,1306,"Картридж 50F5H00 для принтеров Lexmark MS310d, MS310dn, MS410d, MS410dn, MS510dn, MS610de, MS610dn черный",от 2000 до 5000,19.33,19.33,0.0,20.5,1.2,17.2,4199.0,0.04,справочная,71,1,18.47,0.0,0.0,18.5,1.41,,0,0.0,0.0,,40.0000000000000000,54.0000000000000000,-14.0,19,-9,0,6835,3,2,13,0,0,0,1,1,18.47,0.0,0,0,"кликов за неделю 1 (за всё время 1), расход 18 ₽ (накоплено 18 ₽) — судить не о чем, наблюдаем"
watch,hold,930639253,2352,"Картриджи 106R03532-106R03535 для принтеров Xerox VersaLink C400, VersaLink C405",от 5000 до 10000,22.54,22.54,0.0,17.5,-5.0,12.9,11063.0,0.02,справочная,31,1,18.38,0.0,0.0,18.4,3.23,,0,0.0,0.0,,23.0000000000000000,33.0000000000000000,-10.0,11,-26,0,10,6,4,11,0,0,0,4,3,34.62,0.0,0,0,"кликов за неделю 1 (за всё время 3), расход 18 ₽ (накоплено 35 ₽) — судить не о чем, наблюдаем"
watch,hold,1716069616,4648,Картридж TK-8545M для принтеров Kyocera TASKalfa 4054ci пурпурный,Пустые РК,13.0,13.0,0.0,28.6,15.6,15.9,8740.0,0.03,справочная,43,3,18.24,0.0,0.0,6.1,6.98,,1,4.04,0.0,4.0,105.0000000000000000,99.0000000000000000,6.0,20,5,0,3416,4,1,15,0,0,0,0,4,22.28,0.0,0,0,"кликов за неделю 3 (за всё время 4), расход 18 ₽ (накоплено 22 ₽) — судить не о чем, наблюдаем"
watch,hold,3735031554,6881,"Картридж 006R04389 для принтеров Xerox C230, C235 пурпурный",Вне РК — спрос без рекламы (08.08),21.96,21.96,0.0,22.6,0.6,12.0,16118.0,0.02,справочная,53,1,18.16,0.0,0.0,18.2,1.89,,0,0.0,0.0,,157.0000000000000000,176.0000000000000000,-19.0,12,8,0,3411,3,1,12,0,0,0,1,1,18.16,0.0,0,0,"кликов за неделю 1 (за всё время 1), расход 18 ₽ (накоплено 18 ₽) — судить не о чем, наблюдаем"
watch,hold,5278542066,5439X2,"Комплект картриджей LC-472XL BK (2 шт.) на 6000 страниц для принтеров Brother MFC-J2340DW, MFC J3540DW",Бандлы x2/x6 — старт (08.08),21.96,21.96,0.0,283.5,261.5,36.5,45000.0,0.02,справочная,111,1,18.16,0.0,0.0,18.2,0.9,,0,0.0,0.0,,9.0000000000000000,,,6,6,0,7,,0,0,0,0,0,0,1,18.16,0.0,0,0,"кликов за неделю 1 (за всё время 1), расход 18 ₽ (накоплено 18 ₽) — судить не о чем, наблюдаем"
watch,hold,1261579634,5300,Лента S0721530 для принтеров Dymo Letra Tag 100H прозрачный,Эксперимент1,8.0,8.0,0.0,7.4,-0.6,17.0,1226.0,0.05,справочная,61,2,18.07,0.0,0.0,9.0,3.28,,1,7.54,0.0,7.5,57.0000000000000000,80.0000000000000000,-23.0,24,-3,0,64,5,3,12,0,0,0,0,3,25.61,0.0,0,0,"кликов за неделю 2 (за всё время 3), расход 18 ₽ (накоплено 26 ₽) — судить не о чем, наблюдаем"
watch,hold,5280330631,5706X2,Комплект лент M210-750-488 (2 шт.) на 12 метров для принтеров Brady M210,Бандлы x2/x6 — старт (08.08),21.96,21.96,0.0,62.7,40.7,27.4,9323.0,0.03,справочная,69,1,18.04,0.0,0.0,18.0,1.45,,0,0.0,0.0,,111.0000000000000000,19.0000000000000000,92.0,19,15,0,31,5,1,15,0,0,0,0,1,18.04,0.0,0,0,"кликов за неделю 1 (за всё время 1), расход 18 ₽ (накоплено 18 ₽) — судить не о чем, наблюдаем"
watch,hold,2917433925,6646,"Фотобарабан + картридж 55B0ZA0+55B0XA0/ 55B5X00/ 55B5X0E для принтеров Lexmark MS331, MS431, MS431dn, MX331, MX431, MX431adn черный",от 10000 до 500 тыс,12.0,12.0,0.0,56.7,44.7,12.8,36332.0,0.02,справочная,34,1,17.89,0.0,0.0,17.9,2.94,,1,9.92,0.0,9.9,,75.0000000000000000,,0,-34,0,0,,0,0,0,0,0,0,2,27.81,0.0,0,0,"кликов за неделю 1 (за всё время 2), расход 18 ₽ (накоплено 28 ₽) — судить не о чем, наблюдаем"
watch,hold,930617023,2764,"Картриджи TK-8335 для принтеров Kyocera TASKalfa 3252ci, TASKalfa 3253",от 10000 до 500 тыс,19.33,19.33,0.0,,,,,,справочная,15,1,17.68,0.0,0.0,17.7,6.67,,0,0.0,0.0,,64.0000000000000000,72.0000000000000000,-8.0,12,-11,0,15,6,1,9,0,0,0,2,1,17.68,0.0,0,0,"кликов за неделю 1 (за всё время 1), расход 18 ₽ (накоплено 18 ₽) — судить не о чем, наблюдаем"
watch,hold,866442758,1384,"Картридж 731H для принтеров Canon i-SENSYS LBP-7100Cn, LBP 7110, MF623cn, MF628cw, MF8230cn, MF8280cw черный",Эксперимент1,15.0,15.0,0.0,26.8,11.8,21.9,3969.0,0.04,справочная,43,1,17.62,0.0,0.0,17.6,2.33,,0,0.0,0.0,,34.0000000000000000,60.0000000000000000,-26.0,9,0,0,11,5,1,7,0,0,0,2,1,17.62,0.0,0,0,"кликов за неделю 1 (за всё время 1), расход 18 ₽ (накоплено 18 ₽) — судить не о чем, наблюдаем"
watch,hold,873313801,3693,"Картриджи 728XXL для принтеров HP DesignJet T730, DJ T830",от 10000 до 500 тыс,19.33,19.33,0.0,58.8,39.5,12.7,38193.0,0.02,справочная,59,2,17.58,0.0,0.0,8.8,3.39,,1,22.81,0.0,22.8,,41.0000000000000000,,0,-70,0,0,,0,0,0,0,0,1,3,40.39,0.0,0,0,"кликов за неделю 2 (за всё время 3), расход 18 ₽ (накоплено 40 ₽) — судить не о чем, наблюдаем"
watch,hold,1769026958,5763,"Чернила 108/008 LM для принтеров Epson и EcoTank L18050, EcoTank L8050, L6490 светло-пурпурный",от 0 до 1000,14.0,14.0,0.0,3.3,-10.7,11.7,818.0,0.06,справочная,60,1,17.54,0.0,0.0,17.5,1.67,,0,0.0,0.0,,114.0000000000000000,104.0000000000000000,10.0,67,10,0,276,43,0,15,0,0,0,5,1,17.54,0.0,0,0,"кликов за неделю 1 (за всё время 1), расход 18 ₽ (накоплено 18 ₽) — судить не о чем, наблюдаем"
watch,hold,1719304223,5698,"Картридж 070H для принтеров LBP243dw, LBP246dw, MF461dw, MF465dw, MF463dw",Эксперимент1,17.71,17.71,0.0,24.3,6.6,17.4,4896.0,0.04,справочная,157,3,17.35,1.0,4366.0,5.8,1.91,0.4,0,0.0,0.0,,62.0000000000000000,132.0000000000000000,-70.0,12,-3,0,24,40,0,5,4,17194.0000,0,16,3,17.35,1.0,0,0,"кликов за неделю 3 (за всё время 3), расход 17 ₽ (накоплено 17 ₽) — судить не о чем, наблюдаем"
watch,hold,930621173,2769,"Картриджи TK-8345 для принтеров Kyocera TASKalfa 2552ci, TASKalfa 2553",Эксперимент1,17.71,17.71,0.0,,,,,,справочная,29,1,17.33,0.0,0.0,17.3,3.45,,1,13.98,0.0,14.0,,36.0000000000000000,,0,-57,0,0,,0,0,2,42728.0000,0,9,6,68.71,0.0,0,0,"кликов за неделю 1 (за всё время 6), расход 17 ₽ (накоплено 69 ₽) — судить не о чем, наблюдаем"
watch,hold,1611110057,5484,"Картриджи 069 для принтеров Canon i-SENSYS LBP673Cdw, MF752Cdw, MF754Cdw",от 10000 до 500 тыс,19.33,19.33,0.0,29.3,10.0,15.5,13947.0,0.02,справочная,53,2,17.08,0.0,0.0,8.5,3.77,,1,8.26,0.0,8.3,,52.0000000000000000,,0,-23,0,0,,0,0,0,0,0,5,3,25.34,0.0,0,0,"кликов за неделю 2 (за всё время 3), расход 17 ₽ (накоплено 25 ₽) — судить не о чем, наблюдаем"
watch,hold,863418582,0155,"Картриджи T0731-T0734 для принтеров Epson Stylus C110, Stylus C79, TX300 F, TX510, TX600, TX610FW",от 2000 до 5000,16.1,16.1,0.0,,,,,,справочная,67,1,17.06,0.0,0.0,17.1,1.49,,0,0.0,0.0,,68.0000000000000000,81.0000000000000000,-13.0,25,-2,0,24,12,0,15,0,0,0,1,2,21.84,0.0,0,0,"кликов за неделю 1 (за всё время 2), расход 17 ₽ (накоплено 22 ₽) — судить не о чем, наблюдаем"
watch,hold,653422857,2636,"Картридж TN-221Y для принтеров Konica Minolta и Bizhub C227, Bizhub C287 желтый",Эксперимент1,8.0,8.0,0.0,,,,,,справочная,20,2,17.02,2.0,7662.0,8.5,10.0,0.2,0,0.0,0.0,,93.0000000000000000,144.0000000000000000,-51.0,14,7,0,9801,4,1,11,2,7662.0000,0,3,2,17.02,2.0,0,0,"кликов за неделю 2 (за всё время 2), расход 17 ₽ (накоплено 17 ₽) — судить не о чем, наблюдаем"
watch,hold,5240259203,1320X2,"Комплект картриджей 45807111/45807121 (2 шт.) на 24000 страниц для принтеров OKI B412, B412dn, Data B432, B432dn, B512, B512dn, Kraftway KRP432, MB492 MB492dn MB562 MB562dnw",Бандлы x2/x6 — старт (08.08),21.96,21.96,0.0,65.9,43.9,29.2,9073.0,0.03,справочная,69,1,16.97,0.0,0.0,17.0,1.45,,0,0.0,0.0,,39.0000000000000000,54.0000000000000000,-15.0,23,14,0,27,6,3,13,0,0,0,0,1,16.97,0.0,0,0,"кликов за неделю 1 (за всё время 1), расход 17 ₽ (накоплено 17 ₽) — судить не о чем, наблюдаем"
watch,hold,4543094164,66391,Фотобарабан + картридж для Brother DCP-L2550DW,Эксперимент1,12.89,12.89,0.0,16.7,3.8,13.8,6329.0,0.03,справочная,26,1,16.94,0.0,0.0,16.9,3.85,,0,0.0,0.0,,,69.0000000000000000,,0,-23,0,0,,0,0,0,0,0,1,1,16.94,0.0,0,0,"кликов за неделю 1 (за всё время 1), расход 17 ₽ (накоплено 17 ₽) — судить не о чем, наблюдаем"
watch,hold,873312859,3199,"Картридж SP-3710X для принтеров Ricoh Aficio SP-3710SF, 3710DN",Эксперимент1,16.1,16.1,0.0,,,,,,справочная,74,2,16.85,0.0,0.0,8.4,2.7,,0,0.0,0.0,,31.0000000000000000,26.0000000000000000,5.0,23,9,0,39,5,1,15,0,0,0,3,2,16.85,0.0,0,0,"кликов за неделю 2 (за всё время 2), расход 17 ₽ (накоплено 17 ₽) — судить не о чем, наблюдаем"
bordeaux,floor,864225643,1077,"Картриджи 006R01449-006R01452 для принтеров Xerox DocuColor 240, DocuColor 242, WC 7655, WC 7665",от 10000 до 500 тыс,14.0,6.0,-8.0,,,,,,справочная,12,1,16.83,0.0,0.0,16.8,8.33,,1,12.12,0.0,12.1,,22.0000000000000000,,0,-13,0,0,,0,0,0,0,0,0,3,43.53,0.0,0,0,"ни одной продажи за всю доступную историю (не только реклама): 3 кликов, 44 ₽ рекламы впустую. В пол и на снятие"
watch,hold,1692504857,5620,Картридж TK-5370C для принтеров Kyocera ECOSYS MA3500cifx голубой,Эксперимент1,14.5,14.5,0.0,29.2,14.7,21.7,4364.0,0.04,справочная,65,1,16.43,0.0,0.0,16.4,1.54,,1,11.88,0.0,11.9,60.0000000000000000,29.0000000000000000,31.0,6,-2,0,3297,17,0,6,0,0,0,3,2,28.31,0.0,0,0,"кликов за неделю 1 (за всё время 2), расход 16 ₽ (накоплено 28 ₽) — судить не о чем, наблюдаем"
watch,hold,1261467557,4832,"Картридж CF289X для принтеров HP LaserJet M507, LJ M528 черный",Эксперимент1,14.5,14.5,0.0,40.5,26.0,25.5,4941.0,0.04,справочная,22,1,16.42,0.0,0.0,16.4,4.55,,0,0.0,0.0,,62.0000000000000000,46.0000000000000000,16.0,10,-3,0,14,25,0,7,4,17828.0000,0,12,1,16.42,0.0,0,0,"кликов за неделю 1 (за всё время 1), расход 16 ₽ (накоплено 16 ₽) — судить не о чем, наблюдаем"
watch,hold,3199419252,5043,"Печатающая головка C9384A для принтеров HP Designjet T1100, DJ-T1120, DJ T1200, DJ T1300",от 10000 до 500 тыс,19.33,19.33,0.0,38.4,19.1,13.6,22340.0,0.02,справочная,124,1,16.36,0.0,0.0,16.4,0.81,,0,0.0,0.0,,44.0000000000000000,180.0000000000000000,-136.0,7,-92,0,12,60,0,5,0,0,0,1,2,30.98,0.0,0,0,"кликов за неделю 1 (за всё время 2), расход 16 ₽ (накоплено 31 ₽) — судить не о чем, наблюдаем"
watch,hold,4527388122,52161,Картридж для Epson PLQ-20,Эксперимент1,12.89,12.89,0.0,19.4,6.5,19.2,3414.0,0.04,справочная,183,2,15.96,0.0,0.0,8.0,1.09,,0,0.0,0.0,,25.0000000000000000,10.0000000000000000,15.0,76,8,0,120,4,7,15,0,0,0,1,2,15.96,0.0,0,0,"кликов за неделю 2 (за всё время 2), расход 16 ₽ (накоплено 16 ₽) — судить не о чем, наблюдаем"
watch,hold,1153397573,0942,"Картридж T0544 для принтеров Epson и Stylus Photo R1800, Stylus Photo R800 желтый",Эксперимент1,8.0,8.0,0.0,4.2,-3.8,13.3,1003.0,0.05,справочная,440,2,15.96,0.0,0.0,8.0,0.45,,0,0.0,0.0,,317.0000000000000000,46.0000000000000000,271.0,4,-5,0,4,,0,0,0,0,0,1,3,24.28,0.0,0,0,"кликов за неделю 2 (за всё время 3), расход 16 ₽ (накоплено 24 ₽) — судить не о чем, наблюдаем"
watch,hold,1153741549,2034,"Картридж TN-611K для принтеров Konica Minolta Bizhub 451, Bizhub C550 черный",Эксперимент1,8.0,8.0,0.0,,,,,,справочная,282,2,15.93,0.0,0.0,8.0,0.71,,0,0.0,0.0,,78.0000000000000000,82.0000000000000000,-4.0,13,2,0,1098,1,1,5,0,0,0,0,2,15.93,0.0,0,0,"кликов за неделю 2 (за всё время 2), расход 16 ₽ (накоплено 16 ₽) — судить не о чем, наблюдаем"
watch,hold,866443015,1435,"Картриджи LC-1280XL для принтеров Brother MFC-J5910DW, MFC J6510",от 1000-2000,13.0,13.0,0.0,,,,,,справочная,25,1,15.9,0.0,0.0,15.9,4.0,,0,0.0,0.0,,,34.0000000000000000,,0,-26,0,0,,0,0,0,0,0,8,1,15.9,0.0,0,0,"кликов за неделю 1 (за всё время 1), расход 16 ₽ (накоплено 16 ₽) — судить не о чем, наблюдаем"
watch,hold,1268493002,4538,"Картридж 305XL для принтеров HP DeskJet 2120, DeskJet 2320, ENVY 6010, ENVY 6020 цветной",Эксперимент1,8.0,8.0,0.0,27.5,19.5,17.7,7230.0,0.03,справочная,86,2,15.89,0.0,0.0,7.9,2.33,,0,0.0,0.0,,185.0000000000000000,171.0000000000000000,14.0,16,-14,0,3519,73,0,7,0,0,0,0,2,15.89,0.0,0,0,"кликов за неделю 2 (за всё время 2), расход 16 ₽ (накоплено 16 ₽) — судить не о чем, наблюдаем"
watch,hold,4160033171,7002,"Фотобарабан + картридж DK-1270+TK-1270 для принтеров Kyocera ECOSYS MA4000cifx, MA4000cix черный",Вне РК — спрос без рекламы (08.08),21.96,21.96,0.0,14.4,-7.6,9.9,14729.0,0.02,справочная,37,1,15.84,0.0,0.0,15.8,2.7,,0,0.0,0.0,,73.0000000000000000,69.0000000000000000,4.0,25,-5,0,3440,7,1,7,0,0,0,1,1,15.84,0.0,0,0,"кликов за неделю 1 (за всё время 1), расход 16 ₽ (накоплено 16 ₽) — судить не о чем, наблюдаем"
watch,hold,652576702,0128,"Картридж BCI-24 для принтеров Canon Pixma iP1500 MultiPASS C20 MultiPASS C2500 Pixma iP1000 BJ S330 BJ C2010 BJ i455 BJC 2100 и BJ i250 BJ i320 FAX B180C, FAXB210C",Эксперимент1,7.0,7.0,0.0,8.7,1.7,21.6,1046.0,0.05,справочная,67,2,15.84,0.0,0.0,7.9,2.99,,0,0.0,0.0,,72.0000000000000000,52.0000000000000000,20.0,44,-10,0,50,11,0,6,0,0,0,2,2,15.84,0.0,0,0,"кликов за неделю 2 (за всё время 2), расход 16 ₽ (накоплено 16 ₽) — судить не о чем, наблюдаем"
watch,hold,652456550,2193,"Фотобарабан CF219A для принтеров HP LaserJet Pro M101, LJ Pro M102a черный",Эксперимент1,12.89,12.89,0.0,,,,,,справочная,71,1,15.79,0.0,0.0,15.8,1.41,,0,0.0,0.0,,85.0000000000000000,69.0000000000000000,16.0,18,4,0,44,8,1,12,0,0,0,1,2,17.67,0.0,0,0,"кликов за неделю 1 (за всё время 2), расход 16 ₽ (накоплено 18 ₽) — судить не о чем, наблюдаем"
watch,hold,3558766554,5678,"Заправочный комплект HP-140/ 140XL для принтеров HP DeskJet D4263, DeskJet D4363, OfficeJet J5783, OfficeJet J6413, PhotoSmart C4273, PhotoSmartC4275 черный",Эксперимент1,12.89,12.89,0.0,17.1,4.2,20.6,2741.0,0.04,справочная,66,1,15.72,0.0,0.0,15.7,1.52,,1,8.28,0.0,8.3,200.0000000000000000,149.0000000000000000,51.0,18,1,0,3417,31,0,8,0,0,0,1,2,24.00,0.0,0,0,"кликов за неделю 1 (за всё время 2), расход 16 ₽ (накоплено 24 ₽) — судить не о чем, наблюдаем"
watch,hold,5250362136,2219X2,Комплект картриджей PR2 (2 шт.) на 4000000 знаков для принтеров Olivetti PR2,Бандлы x2/x6 — старт (08.08),21.96,21.96,0.0,23.6,1.6,26.3,2768.0,0.04,справочная,108,1,15.72,0.0,0.0,15.7,0.93,,0,0.0,0.0,,58.0000000000000000,38.0000000000000000,20.0,29,2,0,76,9,3,14,0,0,0,0,1,15.72,0.0,0,0,"кликов за неделю 1 (за всё время 1), расход 16 ₽ (накоплено 16 ₽) — судить не о чем, наблюдаем"
watch,hold,4451927942,01191,Картридж для Kyocera FS-1028MFP,от 1000-2000,18.0,18.0,0.0,10.1,-7.9,17.1,2087.0,0.04,справочная,36,1,15.49,0.0,0.0,15.5,2.78,,0,0.0,0.0,,155.0000000000000000,44.0000000000000000,111.0,15,-6,0,48,60,0,3,0,0,0,2,1,15.49,0.0,0,0,"кликов за неделю 1 (за всё время 1), расход 15 ₽ (накоплено 15 ₽) — судить не о чем, наблюдаем"
watch,hold,873314216,3673,Картриджи 106R03765-106R03768 для принтеров Xerox VersaLink C7000,Эксперимент1,12.89,12.89,0.0,,,,,,справочная,14,1,15.37,0.0,0.0,15.4,7.14,,0,0.0,0.0,,,50.0000000000000000,,0,-19,0,0,,0,0,0,0,0,4,1,15.37,0.0,0,0,"кликов за неделю 1 (за всё время 1), расход 15 ₽ (накоплено 15 ₽) — судить не о чем, наблюдаем"
watch,hold,1769210385,5617,"Картриджи 653 для принтеров HP DeskJet 2630, DeskJet2632, DJ 6075, DJ 6475, Envy 5055 All-in-One, OfficeJet 3830, OfficeJet3831",Вне РК — спрос без рекламы (08.08),21.96,21.96,0.0,20.6,-1.4,14.9,10387.0,0.02,справочная,32,1,15.32,0.0,0.0,15.3,3.12,,0,0.0,0.0,,,63.0000000000000000,,0,-12,0,0,,0,0,0,0,0,1,1,15.32,0.0,0,0,"кликов за неделю 1 (за всё время 1), расход 15 ₽ (накоплено 15 ₽) — судить не о чем, наблюдаем"
watch,hold,2129695492,6130,"Фотобарабан DR-B020 для принтеров Brother DCP-B7500D, DCP B7520, HL-B2000, HLB2050, MFC-B7700, MFC B7720 черный",Эксперимент1,12.89,12.89,0.0,28.8,15.9,16.4,8411.0,0.03,справочная,53,1,15.3,0.0,0.0,15.3,1.89,,1,11.46,0.0,11.5,136.0000000000000000,52.0000000000000000,84.0,10,3,0,8,3,1,2,0,0,0,3,2,26.76,0.0,0,0,"кликов за неделю 1 (за всё время 2), расход 15 ₽ (накоплено 27 ₽) — судить не о чем, наблюдаем"
watch,hold,1574458195,5488,"Картридж 069 BK для принтеров Canon и i-SENSYS LBP673Cdw, MF752Cdw, MF754Cdw черный",Эксперимент1,17.71,17.71,0.0,25.9,8.2,18.8,4697.0,0.04,справочная,72,1,15.24,0.0,0.0,15.2,1.39,,0,0.0,0.0,,97.0000000000000000,132.0000000000000000,-35.0,15,2,0,3420,97,0,5,0,0,0,1,1,15.24,0.0,0,0,"кликов за неделю 1 (за всё время 1), расход 15 ₽ (накоплено 15 ₽) — судить не о чем, наблюдаем"
watch,hold,3557210992,6736,Заправочный комплект Универсальный для принтеров HP / Lexmark / Canon HP / Lexmark / Canon,Эксперимент1,8.0,8.0,0.0,13.6,5.6,19.8,2290.0,0.04,справочная,59,1,15.15,0.0,0.0,15.2,1.69,,1,1.02,0.0,1.0,72.0000000000000000,68.0000000000000000,4.0,42,29,0,97,1,4,8,0,0,0,0,2,16.17,0.0,0,0,"кликов за неделю 1 (за всё время 2), расход 15 ₽ (накоплено 16 ₽) — судить не о чем, наблюдаем"
watch,hold,930609853,0369,Картриджи CE270A-CE273A для принтеров HP Color LaserJet CP5520,от 10000 до 500 тыс,19.33,19.33,0.0,,,,,,справочная,23,1,15.05,2.0,88240.0,15.1,4.35,0.0,1,1.0,0.0,1.0,37.0000000000000000,34.0000000000000000,3.0,16,10,0,22,13,0,13,1,44568.0000,0,2,2,16.05,2.0,0,0,"кликов за неделю 1 (за всё время 2), расход 15 ₽ (накоплено 16 ₽) — судить не о чем, наблюдаем"
watch,hold,652591484,0138,"Картридж CLI-8Y для принтеров Canon Pixma iP3300, PixmaiP3500, Pro 9000 Mark II желтый",Эксперимент1,8.0,8.0,0.0,,,,,,справочная,53,2,15.02,0.0,0.0,7.5,3.77,,0,0.0,0.0,,116.0000000000000000,55.0000000000000000,61.0,22,5,0,26,12,0,14,0,0,0,2,3,22.77,0.0,0,0,"кликов за неделю 2 (за всё время 3), расход 15 ₽ (накоплено 23 ₽) — судить не о чем, наблюдаем"
watch,hold,930608914,2979,"Картридж 106R03745BK для принтеров Xerox VersaLink C7025, VersaLink C7020, VersaLink C7030",Эксперимент1,16.1,16.1,0.0,,,,,,справочная,49,1,14.96,0.0,0.0,15.0,2.04,,0,0.0,0.0,,63.0000000000000000,141.0000000000000000,-78.0,12,-3,0,14,5,1,12,1,5784.0000,0,4,2,24.61,0.0,0,0,"кликов за неделю 1 (за всё время 2), расход 15 ₽ (накоплено 25 ₽) — судить не о чем, наблюдаем"
watch,hold,930627464,2265,"Картриджи TK-580 для принтеров Kyocera FS-C5150DN, ECOSYS P6021CDN",Эксперимент1,14.5,14.5,0.0,13.3,-1.2,10.8,11468.0,0.02,справочная,125,2,14.78,0.0,0.0,7.4,1.6,,1,1.0,0.0,1.0,40.0000000000000000,27.0000000000000000,13.0,74,7,0,9632,5,3,15,0,0,0,3,5,31.68,0.0,0,0,"кликов за неделю 2 (за всё время 5), расход 15 ₽ (накоплено 32 ₽) — судить не о чем, наблюдаем"
watch,hold,1261508830,4654,Картридж с термотрансферной лентой DS M21-250C342 Brady черный на белом,Эксперимент1,8.0,8.0,0.0,20.4,12.4,16.9,5701.0,0.03,справочная,62,2,14.7,0.0,0.0,7.3,3.23,,0,0.0,0.0,,87.0000000000000000,85.0000000000000000,2.0,21,5,0,37,14,0,15,0,0,0,2,2,14.7,0.0,0,0,"кликов за неделю 2 (за всё время 2), расход 15 ₽ (накоплено 15 ₽) — судить не о чем, наблюдаем"
watch,hold,863431169,0338,"Картриджи 121XL для принтеров HP DeskJet D1660, DeskJetD1663, DJF4435, DJ-F4440, ENVY 100 e, NVY 110 e-All-in-One, ENVY 120 e AllinOne, PhotoSmart C4640 PhotoSmart C4650",от 5000 до 10000,12.0,12.0,0.0,20.4,8.4,14.9,10289.0,0.02,справочная,83,2,14.49,0.0,0.0,7.2,2.41,,1,1.71,0.0,1.7,105.0000000000000000,121.0000000000000000,-16.0,63,37,0,78,9,1,15,0,0,0,0,3,16.20,0.0,0,0,"кликов за неделю 2 (за всё время 3), расход 14 ₽ (накоплено 16 ₽) — судить не о чем, наблюдаем"
watch,hold,3557209622,6456,"Чернила 115PBK для принтеров Epson EcoTank L8160, EcoTank L8180 фото-черный",Эксперимент1,8.0,8.0,0.0,1.9,-6.1,10.1,623.0,0.06,справочная,80,2,14.45,0.0,0.0,7.2,2.5,,0,0.0,0.0,,99.0000000000000000,74.0000000000000000,25.0,108,28,0,3965,25,0,15,0,0,0,3,4,28.65,0.0,0,0,"кликов за неделю 2 (за всё время 4), расход 14 ₽ (накоплено 29 ₽) — судить не о чем, наблюдаем"
watch,hold,3693747283,6909,"Картридж 925 для принтеров Canon i-SENSYS LBP-6000, LBP6020, MF3010, MF4410, MF4430 черный",Эксперимент1,12.89,12.89,0.0,13.6,0.7,19.2,2388.0,0.04,справочная,123,1,14.39,0.0,0.0,14.4,0.81,,0,0.0,0.0,,85.0000000000000000,84.0000000000000000,1.0,42,-20,0,70,4,2,15,0,0,0,1,2,15.39,0.0,0,0,"кликов за неделю 1 (за всё время 2), расход 14 ₽ (накоплено 15 ₽) — судить не о чем, наблюдаем"
watch,hold,3557211159,6511,Картридж TK-5430K для принтеров Kyocera ECOSYS MA2100cwfx черный,Эксперимент1,8.0,8.0,0.0,15.2,7.2,20.0,2531.0,0.04,справочная,58,2,14.36,0.0,0.0,7.2,3.45,,1,7.29,0.0,7.3,28.0000000000000000,23.0000000000000000,5.0,10,3,0,15,9,1,8,1,2218.0000,0,1,4,28.91,0.0,0,0,"кликов за неделю 2 (за всё время 4), расход 14 ₽ (накоплено 29 ₽) — судить не о чем, наблюдаем"
watch,hold,4463527598,04816,Картридж для Epson Stylus C42 C46,Эксперимент1,8.0,8.0,0.0,5.5,-2.5,14.9,1106.0,0.05,справочная,73,1,14.3,0.0,0.0,14.3,1.37,,1,7.35,0.0,7.3,129.0000000000000000,25.0000000000000000,104.0,20,4,0,61,13,0,14,0,0,0,1,5,43.83,0.0,0,0,"кликов за неделю 1 (за всё время 5), расход 14 ₽ (накоплено 44 ₽) — судить не о чем, наблюдаем"
watch,hold,5260612371,3743X2,Комплект фотобарабанов 113R00782 DU (2 шт.) на 164400 страниц для принтеров Xerox VersaLink C7000,Бандлы x2/x6 — старт (08.08),21.96,21.96,0.0,36.0,14.0,18.0,13857.0,0.02,справочная,30,1,14.29,0.0,0.0,14.3,3.33,,0,0.0,0.0,,49.0000000000000000,48.0000000000000000,1.0,7,6,0,44,16,0,2,0,0,0,0,1,14.29,0.0,0,0,"кликов за неделю 1 (за всё время 1), расход 14 ₽ (накоплено 14 ₽) — судить не о чем, наблюдаем"
watch,hold,652626682,1458,"Картридж PGI-470XLBk для принтеров Canon Pixma MG5740, Pixma MG6840 черный",Эксперимент1,7.0,7.0,0.0,,,,,,справочная,126,2,14.25,0.0,0.0,7.1,1.59,,1,7.35,0.0,7.3,61.0000000000000000,87.0000000000000000,-26.0,75,-3,0,91,4,1,15,0,0,0,6,6,43.48,1.0,25.0,1,"кликов за неделю 2 (за всё время 6), расход 14 ₽ (накоплено 43 ₽) — судить не о чем, наблюдаем"
watch,hold,863385935,3709,"Картриджи TN-321 для принтеров Konica Minolta Bizhub C224, Bizhub C284",Эксперимент1,14.5,14.5,0.0,,,,,,справочная,62,1,14.24,0.0,0.0,14.2,1.61,,0,0.0,0.0,,49.0000000000000000,42.0000000000000000,7.0,104,-18,0,6912,2,4,14,0,0,0,4,2,23.01,0.0,0,0,"кликов за неделю 1 (за всё время 2), расход 14 ₽ (накоплено 23 ₽) — судить не о чем, наблюдаем"
bordeaux,floor,1692479508,5593,Картридж M210-750-430 для принтеров Brady M210 черный,от 2000 до 5000,12.0,6.0,-6.0,23.8,11.8,19.0,4247.0,0.04,справочная,41,1,14.16,0.0,0.0,14.2,2.44,,2,20.05,0.0,10.0,35.0000000000000000,29.0000000000000000,6.0,76,38,0,196,5,3,13,0,0,0,0,3,34.21,0.0,0,0,"ни одной продажи за всю доступную историю (не только реклама): 3 кликов, 34 ₽ рекламы впустую. В пол и на снятие"
watch,hold,4518308193,38457,Чернила для Epson L 3156,от 0 до 1000,10.0,10.0,0.0,3.2,-6.8,13.6,618.0,0.06,справочная,52,1,14.14,0.0,0.0,14.1,1.92,,0,0.0,0.0,,141.0000000000000000,106.0000000000000000,35.0,56,15,0,652,30,0,12,0,0,0,2,2,15.86,1.0,0,0,"кликов за неделю 1 (за всё время 2), расход 14 ₽ (накоплено 16 ₽) — судить не о чем, наблюдаем"
watch,hold,651935900,38981,Картридж для HP OfficeJet 8013,от 1000-2000,12.0,12.0,0.0,17.8,5.8,21.1,2765.0,0.04,справочная,56,2,14.12,0.0,0.0,7.1,3.57,,1,12.78,0.0,12.8,69.0000000000000000,66.0000000000000000,3.0,47,19,0,53,3,2,7,0,0,0,6,3,26.90,0.0,0,0,"кликов за неделю 2 (за всё время 3), расход 14 ₽ (накоплено 27 ₽) — судить не о чем, наблюдаем"
yellow,hold,2414969106,5629,Картриджи TK-5380 для принтеров Kyocera ECOSYS MA4000cifx,Пустые РК,25.77,25.77,0.0,12.1,-13.7,7.5,24123.0,0.02,справочная,59,1,14.11,0.0,0.0,14.1,1.69,,8,125.02,1.0,15.6,16.0000000000000000,157.0000000000000000,-141.0,132,-3,16540,7041,1,7,12,0,0,1,48,15,213.17,5.0,0,0,"за неделю заказов нет, но и трафика почти нет (1 кликов, 14 ₽); за всё время 5 заказ(ов) — держим"
watch,hold,864225361,0982,"Картридж 43979202 для принтеров OKI B410, B430, B440, MB460, MB470 черный",Эксперимент1,8.0,8.0,0.0,,,,,,справочная,32,2,14.07,0.0,0.0,7.0,6.25,,0,0.0,0.0,,66.0000000000000000,54.0000000000000000,12.0,1,-8,0,1,,0,0,0,0,0,0,2,14.07,0.0,0,0,"кликов за неделю 2 (за всё время 2), расход 14 ₽ (накоплено 14 ₽) — судить не о чем, наблюдаем"
watch,hold,1153758352,2439,"Картридж C-EXV49Bk для принтеров Canon iR Advance C3320, iR Advance C3325 черный",от 2000 до 5000,14.0,14.0,0.0,,,,,,справочная,16,1,13.96,0.0,0.0,14.0,6.25,,0,0.0,0.0,,94.0000000000000000,85.0000000000000000,9.0,16,9,0,26,61,0,3,1,5653.0000,0,13,1,13.96,0.0,0,0,"кликов за неделю 1 (за всё время 1), расход 14 ₽ (накоплено 14 ₽) — судить не о чем, наблюдаем"
watch,hold,5241191759,1425X2,"Комплект картриджей 45807120 (2 шт.) на 14000 страниц для принтеров OKI B412, Data B432, B432dn, B512, Kraftway KRP432, MB472dnw, MB492, MB562 MB562dnw",Бандлы x2/x6 — старт (08.08),21.96,21.96,0.0,54.3,32.3,27.7,7978.0,0.03,справочная,61,1,13.92,0.0,0.0,13.9,1.64,,0,0.0,0.0,,24.0000000000000000,7.0000000000000000,17.0,25,15,0,29,4,4,10,0,0,0,0,1,13.92,0.0,0,0,"кликов за неделю 1 (за всё время 1), расход 14 ₽ (накоплено 14 ₽) — судить не о чем, наблюдаем"
watch,hold,930625225,2774,"Картриджи TK-8515 для принтеров Kyocera TASKalfa 5052ci, TASKalfa 6052ci",от 10000 до 500 тыс,13.0,13.0,0.0,0.0,-13.0,-1.8,16040.0,0.02,справочная,34,1,13.82,0.0,0.0,13.8,2.94,,2,2.76,0.0,1.4,46.0000000000000000,62.0000000000000000,-16.0,67,47,0,105,8,1,8,0,0,1,5,3,16.58,0.0,0,0,"кликов за неделю 1 (за всё время 3), расход 14 ₽ (накоплено 17 ₽) — судить не о чем, наблюдаем"
watch,hold,652454458,0976,"Картридж 971XLC для принтеров HP Officejet Pro X451dw, Officejet Pro X476dw голубой",Эксперимент1,8.0,8.0,0.0,,,,,,справочная,53,2,13.47,0.0,0.0,6.7,3.77,,1,5.75,0.0,5.8,39.0000000000000000,20.0000000000000000,19.0,26,-13,0,26,2,4,15,0,0,0,2,4,26.87,0.0,0,0,"кликов за неделю 2 (за всё время 4), расход 13 ₽ (накоплено 27 ₽) — судить не о чем, наблюдаем"
watch,hold,4527401999,56181,Тонер-картридж для Kyocera ECOSYS MA4500ifx,Эксперимент1,8.0,8.0,0.0,19.2,11.2,17.8,3754.0,0.04,справочная,39,1,13.45,0.0,0.0,13.4,2.56,,0,0.0,0.0,,21.0000000000000000,65.0000000000000000,-44.0,18,5,0,19,2,2,5,0,0,0,2,1,13.45,0.0,0,0,"кликов за неделю 1 (за всё время 1), расход 13 ₽ (накоплено 13 ₽) — судить не о чем, наблюдаем"
watch,hold,873320105,3855,"Чернила №774BK для принтеров Epson и EcoTank M-200, L 655, L-1455, L-605, M 105, M 205, M-100 черный",Эксперимент1,7.0,7.0,0.0,,,,,,справочная,103,3,13.26,0.0,0.0,4.4,2.91,,1,1.0,1.0,1.0,82.0000000000000000,71.0000000000000000,11.0,58,17,527,211,2,2,15,0,0,1,4,7,44.72,2.0,0,0,"кликов за неделю 3 (за всё время 7), расход 13 ₽ (накоплено 45 ₽) — судить не о чем, наблюдаем"
watch,hold,873320128,3751,"Картридж 46861323 для принтеров OKI C834, C844 голубой",Эксперимент1,14.5,14.5,0.0,33.2,18.7,17.6,8793.0,0.03,справочная,60,1,13.25,0.0,0.0,13.2,1.67,,0,0.0,0.0,,112.0000000000000000,93.0000000000000000,19.0,12,-6,0,3408,7,1,7,0,0,0,2,1,13.25,0.0,0,0,"кликов за неделю 1 (за всё время 1), расход 13 ₽ (накоплено 13 ₽) — судить не о чем, наблюдаем"
watch,hold,4480823818,08539,Картридж для Brother DCP-8110DN,Эксперимент1,12.89,12.89,0.0,18.9,6.0,19.3,3300.0,0.04,справочная,277,1,13.24,0.0,0.0,13.2,0.36,,1,1.0,1.0,1.0,140.0000000000000000,88.0000000000000000,52.0,29,25,1927,109,4,2,12,0,0,0,0,2,14.24,1.0,0,0,"кликов за неделю 1 (за всё время 2), расход 13 ₽ (накоплено 14 ₽) — судить не о чем, наблюдаем"
watch,hold,1510949846,5385,"Картридж 055H C для принтеров Canon и i-SENSYS MF 741, MF 743 голубой",Эксперимент1,17.71,17.71,0.0,28.0,10.3,21.1,4351.0,0.04,справочная,79,1,13.23,0.0,0.0,13.2,1.27,,0,0.0,0.0,,100.0000000000000000,73.0000000000000000,27.0,17,7,0,283,12,0,8,0,0,0,1,1,13.23,0.0,0,0,"кликов за неделю 1 (за всё время 1), расход 13 ₽ (накоплено 13 ₽) — судить не о чем, наблюдаем"
watch,hold,873319986,3840,"Чернила BT6000BK для принтеров Brother DCP-T300, DCP T500W, MFC-T800 черный",от 0 до 1000,10.0,10.0,0.0,,,,,,справочная,43,2,13.11,0.0,0.0,6.6,4.65,,0,0.0,0.0,,91.0000000000000000,71.0000000000000000,20.0,14,-4,0,26,13,0,13,0,0,0,3,2,13.11,0.0,0,0,"кликов за неделю 2 (за всё время 2), расход 13 ₽ (накоплено 13 ₽) — судить не о чем, наблюдаем"
watch,hold,5281215543,5845X6,"Комплект тонер-картриджей 006R01819 (6 шт.) на 186000 страниц для принтеров Xerox VersaLink B7125, VersaLinkB7130",Бандлы x2/x6 — старт (08.08),21.96,21.96,0.0,249.8,227.8,34.6,42201.0,0.02,справочная,30,1,13.11,0.0,0.0,13.1,3.33,,0,0,0,,17.0000000000000000,18.0000000000000000,-1.0,9,7,0,9,3,2,4,0,0,0,0,1,13.11,0.0,0,0,"кликов за неделю 1 (за всё время 1), расход 13 ₽ (накоплено 13 ₽) — судить не о чем, наблюдаем"
watch,hold,653076890,3431,"Картридж TN-217BK для принтеров Brother DCP-L3550CDW, HL-L3230CDW, hl-l3270cdw, MFC-L3770CDW черный",Эксперимент1,15.0,15.0,0.0,2.2,-12.8,7.0,2794.0,0.04,справочная,81,1,13.08,0.0,0.0,13.1,1.23,,1,14.8,0.0,14.8,40.0000000000000000,40.0000000000000000,0.0,43,-5,0,62,5,1,7,1,2381.0000,0,10,2,27.88,0.0,0,1,"кликов за неделю 1 (за всё время 2), расход 13 ₽ (накоплено 28 ₽) — судить не о чем, наблюдаем"
watch,hold,864225281,0963,"Картридж 72 PBK для принтеров HP и DesignJet T120, DJ T1708, DJ T520 черный",Эксперимент1,14.0,14.0,0.0,,,,,,справочная,62,1,13.03,0.0,0.0,13.0,1.61,,0,0.0,0.0,,66.0000000000000000,85.0000000000000000,-19.0,32,-8,0,124,3,1,13,0,0,0,0,2,25.79,0.0,0,0,"кликов за неделю 1 (за всё время 2), расход 13 ₽ (накоплено 26 ₽) — судить не о чем, наблюдаем"
watch,hold,866443645,5369,"Картридж TK-1170 для принтеров Kyocera EcoSys M2040dn, M2540dn, M2640idw черный",Эксперимент1,14.5,14.5,0.0,,,,,,справочная,38,1,13.0,0.0,0.0,13.0,2.63,,0,0.0,0.0,,51.0000000000000000,94.0000000000000000,-43.0,35,14,0,49,6,1,6,0,0,2,3,1,13.0,0.0,0,0,"кликов за неделю 1 (за всё время 1), расход 13 ₽ (накоплено 13 ₽) — судить не о чем, наблюдаем"
watch,hold,864225065,0905,"Картриджи LC-1240 для принтеров Brother DCP-J525W, DCP J725DW, MFC-J430W, MFC-J5910DW",Эксперимент1,14.5,14.5,0.0,21.9,7.4,19.2,3850.0,0.04,справочная,148,2,12.96,0.0,0.0,6.5,1.35,,2,14.47,0.0,7.2,,25.0000000000000000,,0,-32,0,0,,0,0,0,0,0,9,4,27.43,0.0,0,0,"кликов за неделю 2 (за всё время 4), расход 13 ₽ (накоплено 27 ₽) — судить не о чем, наблюдаем"
watch,hold,653145679,0857,"Картридж TN-245C для принтеров Brother DCP-9020cdw, HL-3140cw, HL 3150, HL3170CDW, MFC-9140, MFC-9330 голубой",Эксперимент1,16.1,16.1,0.0,16.2,0.1,20.0,2704.0,0.04,справочная,104,1,12.95,0.0,0.0,12.9,0.96,,1,9.48,0.0,9.5,80.0000000000000000,64.0000000000000000,16.0,39,10,1590,323,13,0,15,0,0,1,6,2,22.43,0.0,0,0,"кликов за неделю 1 (за всё время 2), расход 13 ₽ (накоплено 22 ₽) — судить не о чем, наблюдаем"
watch,hold,874374049,4298,"Картридж W9100MC для принтеров HP Color LaserJet E77422, LJ E77428 черный",от 5000 до 10000,12.0,12.0,0.0,,,,,,справочная,8,1,12.94,0.0,0.0,12.9,12.5,,0,0.0,0.0,,175.0000000000000000,47.0000000000000000,128.0,3,-2,0,3402,15,0,2,0,0,0,0,1,12.94,0.0,0,0,"кликов за неделю 1 (за всё время 1), расход 13 ₽ (накоплено 13 ₽) — судить не о чем, наблюдаем"
watch,hold,652454538,0087,"Картридж CE285A для принтеров HP LaserJet Pro M1132, LJ Pro M1136, LJ Pro M1137, LJ Pro P1102",от 1000-2000,12.0,12.0,0.0,10.7,-1.3,17.2,2196.0,0.04,справочная,51,1,12.92,0.0,0.0,12.9,1.96,,2,2.0,0.0,1.0,111.0000000000000000,126.0000000000000000,-15.0,56,19,0,249,1,1,15,0,0,0,0,4,15.92,0.0,0,0,"кликов за неделю 1 (за всё время 4), расход 13 ₽ (накоплено 16 ₽) — судить не о чем, наблюдаем"
watch,hold,4450870372,001812,Картридж для Canon FC-208,Эксперимент1,12.89,12.89,0.0,29.8,16.9,21.5,6029.0,0.03,справочная,128,1,12.9,0.0,0.0,12.9,0.78,,0,0.0,0.0,,43.0000000000000000,90.0000000000000000,-47.0,46,-30,0,3528,10,1,12,0,0,0,1,2,20.57,0.0,0,0,"кликов за неделю 1 (за всё время 2), расход 13 ₽ (накоплено 21 ₽) — судить не о чем, наблюдаем"
watch,hold,3199264522,1258,Картридж T0595 для принтеров Epson Stylus Photo R2400 светло-голубой,от 0 до 1000,10.0,10.0,0.0,0.0,-10.0,-1.3,419.0,0.06,справочная,65,1,12.9,1.0,419.0,12.9,1.54,3.1,1,1.49,0.0,1.5,60.0000000000000000,56.0000000000000000,4.0,28,8,0,84,7,2,13,0,0,1,1,2,14.39,1.0,0,0,"кликов за неделю 1 (за всё время 2), расход 13 ₽ (накоплено 14 ₽) — судить не о чем, наблюдаем"
watch,hold,874374362,4468,"Картридж T41F540 для принтеров Epson SureColor SC-T3400, SureColor T5400 черный",от 10000 до 500 тыс,19.33,19.33,0.0,49.1,29.8,13.7,28193.0,0.02,справочная,74,1,12.86,0.0,0.0,12.9,1.35,,0,0.0,0.0,,22.0000000000000000,23.0000000000000000,-1.0,25,-6,0,188,4,6,15,0,0,0,1,1,12.86,0.0,0,0,"кликов за неделю 1 (за всё время 1), расход 13 ₽ (накоплено 13 ₽) — судить не о чем, наблюдаем"
watch,hold,866443822,2167,"Картридж TK-5220BK для принтеров Kyocera Ecosys M5521cdn, P5021cdn черный",Эксперимент1,14.5,14.5,0.0,,,,,,справочная,80,1,12.78,0.0,0.0,12.8,1.25,,0,0.0,0.0,,87.0000000000000000,67.0000000000000000,20.0,7,-8,0,3399,41,0,7,0,0,0,3,1,12.78,0.0,0,0,"кликов за неделю 1 (за всё время 1), расход 13 ₽ (накоплено 13 ₽) — судить не о чем, наблюдаем"
watch,hold,874374244,4333,"Картридж PC-212EV для принтеров M6502, M6552NW, P2502 черный",Эксперимент1,10.0,10.0,0.0,,,,,,справочная,37,1,12.76,0.0,0.0,12.8,2.7,,0,0.0,0.0,,283.0000000000000000,127.0000000000000000,156.0,10,-7,0,55,120,0,4,0,0,0,0,1,12.76,0.0,0,0,"кликов за неделю 1 (за всё время 1), расход 13 ₽ (накоплено 13 ₽) — судить не о чем, наблюдаем"
watch,hold,653379524,1032,"Картридж KX-FAT410A7 для Panasonic KX-MB1500, KX-MB1501, KX MB1507, KXMB1510",от 2000 до 5000,12.0,12.0,0.0,20.1,8.1,16.8,5674.0,0.03,справочная,46,1,12.75,0.0,0.0,12.8,2.17,,1,10.69,0.0,10.7,110.0000000000000000,119.0000000000000000,-9.0,75,36,0,7382,10,1,15,0,0,0,0,2,23.44,0.0,0,0,"кликов за неделю 1 (за всё время 2), расход 13 ₽ (накоплено 23 ₽) — судить не о чем, наблюдаем"
watch,hold,1143062829,5153,"Картридж TL-428X для принтеров M7108DN, P3308DN черный",Эксперимент1,9.0,9.0,0.0,15.7,6.7,19.6,2689.0,0.04,справочная,49,1,12.7,0.0,0.0,12.7,2.04,,0,0.0,0.0,,80.0000000000000000,62.0000000000000000,18.0,10,9,0,3310,4,1,9,0,0,1,1,1,12.7,0.0,0,0,"кликов за неделю 1 (за всё время 1), расход 13 ₽ (накоплено 13 ₽) — судить не о чем, наблюдаем"
watch,hold,870872143,2213,"Картридж LX-350 для принтеров Epson ERC19, LQ350, LX350, VP80K черный",от 1000-2000,12.0,12.0,0.0,9.8,-2.2,18.5,1457.0,0.05,справочная,62,1,12.59,0.0,0.0,12.6,1.61,,1,1.0,0.0,1.0,31.0000000000000000,51.0000000000000000,-20.0,12,-18,0,13,7,2,10,0,0,0,1,2,13.59,0.0,0,0,"кликов за неделю 1 (за всё время 2), расход 13 ₽ (накоплено 14 ₽) — судить не о чем, наблюдаем"
watch,hold,1339737079,5344,Картридж SCX-4100 для принтеров Samsung и SCX-4100 черный,Эксперимент1,14.5,14.5,0.0,49.0,34.5,37.4,3780.0,0.04,справочная,165,1,12.53,0.0,0.0,12.5,0.61,,1,6.56,0.0,6.6,64.0000000000000000,61.0000000000000000,3.0,36,1,0,70,23,0,6,0,0,0,5,3,27.78,0.0,0,1,"кликов за неделю 1 (за всё время 3), расход 13 ₽ (накоплено 28 ₽) — судить не о чем, наблюдаем"
watch,hold,1155648807,0117,"Картридж TK-110 для принтеров Kyocera FS 820, FS 1016MFP, FS 1116MFP, FS 720, FS 920",Эксперимент1,8.0,8.0,0.0,12.8,4.8,18.7,1866.0,0.05,справочная,46,1,12.44,0.0,0.0,12.4,2.17,,0,0.0,0.0,,127.0000000000000000,43.0000000000000000,84.0,10,1,0,8,7,1,2,0,0,0,10,1,12.44,0.0,0,0,"кликов за неделю 1 (за всё время 1), расход 12 ₽ (накоплено 12 ₽) — судить не о чем, наблюдаем"
watch,hold,930615526,0835,"Картридж T020 для принтеров Epson Stylus Color 880, Stylus 880i цветной",от 0 до 1000,10.0,10.0,0.0,,,,,,справочная,101,2,12.44,0.0,0.0,6.2,1.98,,1,1.96,0.0,2.0,80.0000000000000000,36.0000000000000000,44.0,106,13,0,5068,11,0,15,0,0,0,0,3,14.40,0.0,0,0,"кликов за неделю 2 (за всё время 3), расход 12 ₽ (накоплено 14 ₽) — судить не о чем, наблюдаем"
watch,hold,873320207,3806,"Картридж W2120X для принтеров HP Color LJ M554 dn, LJ M555 dn черный",Эксперимент1,12.89,12.89,0.0,,,,,,справочная,50,1,12.4,0.0,0.0,12.4,2.0,,0,0.0,0.0,,186.0000000000000000,76.0000000000000000,110.0,7,-6,0,102,232,0,1,0,0,1,1,2,20.52,0.0,0,0,"кликов за неделю 1 (за всё время 2), расход 12 ₽ (накоплено 21 ₽) — судить не о чем, наблюдаем"
watch,hold,1153791623,2805,"Фотобарабан MLT-R704 DU для принтеров Samsung MultiXpress K3250NR, K3300NR черный",от 10000 до 500 тыс,12.0,12.0,0.0,,,,,,справочная,8,1,12.39,0.0,0.0,12.4,12.5,,0,0.0,0.0,,49.0000000000000000,43.0000000000000000,6.0,12,4,0,11,6,1,10,0,0,0,0,1,12.39,0.0,0,0,"кликов за неделю 1 (за всё время 1), расход 12 ₽ (накоплено 12 ₽) — судить не о чем, наблюдаем"
watch,hold,5280119825,5631X6,Комплект тонер-картриджей TK-5440K (6 шт.) на 15600 страниц для принтеров Kyocera ECOSYS MA2100cfx,Бандлы x2/x6 — старт (08.08),21.96,21.96,0.0,74.2,52.2,34.9,12415.0,0.02,справочная,44,1,12.3,0.0,0.0,12.3,2.27,,0,0.0,0.0,,105.0000000000000000,19.0000000000000000,86.0,15,9,0,17,4,4,15,0,0,0,0,1,12.3,0.0,0,0,"кликов за неделю 1 (за всё время 1), расход 12 ₽ (накоплено 12 ₽) — судить не о чем, наблюдаем"
watch,hold,1897483756,5863,"Картриджи 842561-842564 для принтеров Ricoh IM C2010, IM C2510H",от 10000 до 500 тыс,19.33,19.33,0.0,24.5,5.2,12.4,16579.0,0.02,справочная,8,1,12.23,0.0,0.0,12.2,12.5,,1,10.31,0.0,10.3,,53.0000000000000000,,0,-11,0,0,,0,0,0,0,1,1,2,22.54,0.0,0,0,"кликов за неделю 1 (за всё время 2), расход 12 ₽ (накоплено 23 ₽) — судить не о чем, наблюдаем"
watch,hold,4493619395,22335,Картридж для Konica Minolta Bizhub 368,Эксперимент1,12.89,12.89,0.0,22.8,9.9,18.5,4223.0,0.04,справочная,78,1,12.19,0.0,0.0,12.2,1.28,,0,0.0,0.0,,58.0000000000000000,38.0000000000000000,20.0,18,-11,0,20,5,3,13,0,0,0,3,1,12.19,0.0,0,0,"кликов за неделю 1 (за всё время 1), расход 12 ₽ (накоплено 12 ₽) — судить не о чем, наблюдаем"
watch,hold,1716069802,5289,"Картридж T2A для принтеров Deli и M2000DNW, P2000DNW черный",от 2000 до 5000,12.0,12.0,0.0,22.1,10.1,17.1,4571.0,0.04,справочная,61,1,12.16,0.0,0.0,12.2,1.64,,0,0.0,0.0,,78.0000000000000000,52.0000000000000000,26.0,63,18,0,404,14,0,15,0,0,0,0,1,12.16,0.0,0,0,"кликов за неделю 1 (за всё время 1), расход 12 ₽ (накоплено 12 ₽) — судить не о чем, наблюдаем"
watch,hold,1129396112,4643,Картридж TNP-51M для принтеров Konica Minolta Bizhub C3110 пурпурный,Эксперимент1,12.89,12.89,0.0,,,,,,справочная,90,1,12.14,0.0,0.0,12.1,1.11,,0,0.0,0.0,,,47.0000000000000000,,0,-5,8678,0,,0,0,0,0,2,2,1,12.14,0.0,0,0,"кликов за неделю 1 (за всё время 1), расход 12 ₽ (накоплено 12 ₽) — судить не о чем, наблюдаем"
watch,hold,4527402621,54392,Картридж для Brother MFC-J2340DW,Эксперимент1,12.89,12.89,0.0,31.4,18.5,21.6,4727.0,0.04,справочная,98,1,12.12,0.0,0.0,12.1,1.02,,0,0.0,0.0,,14.0000000000000000,17.0000000000000000,-3.0,2,-80,0,3,,0,0,0,0,0,4,1,12.12,0.0,0,0,"кликов за неделю 1 (за всё время 1), расход 12 ₽ (накоплено 12 ₽) — судить не о чем, наблюдаем"
watch,hold,1999501750,6058,"Картридж C-EXV65 C для принтеров Canon imageRUNNER C3326, iR C3326i голубой",Эксперимент1,16.1,16.1,0.0,28.7,12.6,19.0,6828.0,0.03,справочная,88,1,12.1,0.0,0.0,12.1,1.14,,0,0.0,0.0,,57.0000000000000000,56.0000000000000000,1.0,36,-49,0,308,12,0,9,0,0,0,7,3,25.19,0.0,0,0,"кликов за неделю 1 (за всё время 3), расход 12 ₽ (накоплено 25 ₽) — судить не о чем, наблюдаем"
watch,hold,3681683401,3015,"Картридж 51B5H00 для принтеров Lexmark MS417dn, MS517dn, MS617dn, MX417de, MX517de, MX617de черный",Эксперимент1,12.89,12.89,0.0,22.7,9.8,18.3,4265.0,0.04,справочная,60,1,12.02,0.0,0.0,12.0,1.67,,0,0.0,0.0,,197.0000000000000000,179.0000000000000000,18.0,6,-8,0,42,17,0,6,0,0,0,2,1,12.02,0.0,0,0,"кликов за неделю 1 (за всё время 1), расход 12 ₽ (накоплено 12 ₽) — судить не о чем, наблюдаем"
watch,hold,4527380217,443310,Чернила для Epson EcoTank M3170,Эксперимент1,8.0,8.0,0.0,5.0,-3.0,14.7,862.0,0.06,справочная,225,2,12.02,0.0,0.0,6.0,0.89,,0,0.0,0.0,,127.0000000000000000,64.0000000000000000,63.0,34,0,0,141,4,2,15,2,1724.0000,0,3,2,12.02,0.0,0,0,"кликов за неделю 2 (за всё время 2), расход 12 ₽ (накоплено 12 ₽) — судить не о чем, наблюдаем"
watch,hold,1719404446,5631,Картридж TK-5440K для принтеров Kyocera ECOSYS MA2100cfx черный,от 2000 до 5000,24.0,24.0,0.0,16.1,-7.9,22.9,2251.0,0.04,справочная,12,1,11.99,0.0,0.0,12.0,8.33,,3,57.27,2.0,19.1,29.0000000000000000,42.0000000000000000,-13.0,265,167,2736,7477,2,6,15,4,8312.0000,4,36,4,69.26,2.0,0,1,"кликов за неделю 1 (за всё время 4), расход 12 ₽ (накоплено 69 ₽) — судить не о чем, наблюдаем"
watch,hold,4527389129,528711,Картридж для Deli M2500DW,от 2000 до 5000,19.33,19.33,0.0,26.5,7.2,19.9,4447.0,0.04,справочная,37,1,11.96,0.0,0.0,12.0,2.7,,0,0.0,0.0,,71.0000000000000000,102.0000000000000000,-31.0,42,22,0,304,6,2,13,0,0,0,1,2,12.96,1.0,0,0,"кликов за неделю 1 (за всё время 2), расход 12 ₽ (накоплено 13 ₽) — судить не о чем, наблюдаем"
watch,hold,3556712151,0757,"Картридж CLI-8PC для принтеров Canon Pixma iP6600D, Pixma ip6700D, Pro9000 Mark II фото-голубой",Эксперимент1,7.0,7.0,0.0,0.0,-7.0,-6.8,781.0,0.06,справочная,118,1,11.96,0.0,0.0,12.0,0.85,,1,4.85,0.0,4.8,31.0000000000000000,71.0000000000000000,-40.0,65,-18,0,80,7,4,15,0,0,1,4,3,22.91,0.0,0,0,"кликов за неделю 1 (за всё время 3), расход 12 ₽ (накоплено 23 ₽) — судить не о чем, наблюдаем"
watch,hold,3550138162,6547,"Картриджи 064H для принтеров Canon i-SENSYS LBP-722Cdw, MF832Cdw",Эксперимент1,12.89,12.89,0.0,28.6,15.7,11.3,22680.0,0.02,справочная,41,1,11.91,0.0,0.0,11.9,2.44,,1,2.01,0.0,2.0,,28.0000000000000000,,0,-280,0,0,,0,0,0,0,1,6,5,24.56,0.0,0,0,"кликов за неделю 1 (за всё время 5), расход 12 ₽ (накоплено 25 ₽) — судить не о чем, наблюдаем"
watch,hold,1153807642,3108,"Картриджи CLT-506L для принтеров Samsung CLP-680ND, CLX-6260FD",от 10000 до 500 тыс,12.0,12.0,0.0,25.3,13.3,11.7,18870.0,0.02,справочная,15,1,11.8,0.0,0.0,11.8,6.67,,0,0.0,0.0,,107.0000000000000000,22.0000000000000000,85.0,44,27,0,86,2,4,12,0,0,0,1,1,11.8,0.0,0,0,"кликов за неделю 1 (за всё время 1), расход 12 ₽ (накоплено 12 ₽) — судить не о чем, наблюдаем"
watch,hold,652456832,0895,"Картридж 655C для принтеров HP DeskJet Ink Advantage 4625, DJ 3525, DJ 4615, DJ 5525, DJ 6525 голубой",Эксперимент1,7.0,7.0,0.0,,,,,,справочная,477,2,11.76,0.0,0.0,5.9,0.42,,0,0.0,0.0,,112.0000000000000000,332.0000000000000000,-220.0,11,0,0,24,18,0,11,0,0,0,0,2,11.76,0.0,0,0,"кликов за неделю 2 (за всё время 2), расход 12 ₽ (накоплено 12 ₽) — судить не о чем, наблюдаем"
watch,hold,930612784,05872,"Картридж для Brother DCP-115C (LC-900BK), DCP-110C, DCP 116C, FAX-1835C, FAX 1840C, MFC-210C, MFC215C",от 0 до 1000,10.0,10.0,0.0,3.0,-7.0,11.6,749.0,0.06,справочная,39,1,11.75,0.0,0.0,11.8,2.56,,1,1.0,0.0,1.0,189.0000000000000000,93.0000000000000000,96.0,21,12,0,36,4,1,2,0,0,0,0,2,12.75,0.0,0,0,"кликов за неделю 1 (за всё время 2), расход 12 ₽ (накоплено 13 ₽) — судить не о чем, наблюдаем"
watch,hold,1232824764,0045,"Картридж 106R01205 для принтеров Xerox и Phaser 6110, Phaser MFP6110 пурпурный",Эксперимент1,12.89,12.89,0.0,25.2,12.3,19.7,4282.0,0.04,справочная,88,1,11.74,0.0,0.0,11.7,1.14,,0,0.0,0.0,,,140.0000000000000000,,0,-10,0,0,,0,0,0,0,0,1,1,11.74,0.0,0,0,"кликов за неделю 1 (за всё время 1), расход 12 ₽ (накоплено 12 ₽) — судить не о чем, наблюдаем"
watch,hold,3557211265,6459,"Чернила 115Y для принтеров Epson EcoTank L8160, EcoTank L8180 желтый",от 0 до 1000,10.0,10.0,0.0,0.7,-9.3,7.1,567.0,0.06,справочная,33,1,11.7,0.0,0.0,11.7,3.03,,0,0.0,0.0,,199.0000000000000000,96.0000000000000000,103.0,34,2,0,201,28,0,13,0,0,0,1,1,11.7,0.0,0,0,"кликов за неделю 1 (за всё время 1), расход 12 ₽ (накоплено 12 ₽) — судить не о чем, наблюдаем"
watch,hold,874376004,4442,Картриджи T2661 - T2670 для принтеров Epson WorkForce WF-100W черный,Эксперимент1,12.89,12.89,0.0,,,,,,справочная,245,1,11.67,0.0,0.0,11.7,0.41,,0,0.0,0.0,,,51.0000000000000000,,0,-50,0,0,,0,0,0,0,0,9,1,11.67,0.0,0,0,"кликов за неделю 1 (за всё время 1), расход 12 ₽ (накоплено 12 ₽) — судить не о чем, наблюдаем"
watch,hold,652454521,3899,"Картридж №912XL C для принтеров HP OfficeJet 8012, OfficeJet8013 голубой",Эксперимент1,12.89,12.89,0.0,,,,,,справочная,65,1,11.67,0.0,0.0,11.7,1.54,,0,0.0,0.0,,134.0000000000000000,46.0000000000000000,88.0,17,9,0,31,7,1,4,0,0,0,2,2,19.05,0.0,0,0,"кликов за неделю 1 (за всё время 2), расход 12 ₽ (накоплено 19 ₽) — судить не о чем, наблюдаем"
watch,hold,864225349,0962,"Картриджи 711 для принтеров HP DesignJet T120, DJ-T125, DJ T130, DJ T520, DJT525",от 2000 до 5000,19.33,19.33,0.0,,,,,,справочная,140,1,11.66,0.0,0.0,11.7,0.71,,5,58.78,0.0,11.8,32.0000000000000000,50.0000000000000000,-18.0,167,12,0,221,11,0,12,0,0,0,6,7,80.98,0.0,0,0,"кликов за неделю 1 (за всё время 7), расход 12 ₽ (накоплено 81 ₽) — судить не о чем, наблюдаем"
watch,hold,930625989,2642,"Картриджи TN-324 для принтеров Konica Minolta Bizhub C258, Bizhub C308",Эксперимент1,12.89,12.89,0.0,18.4,5.5,9.6,20044.0,0.02,справочная,169,1,11.63,0.0,0.0,11.6,0.59,,0,0.0,0.0,,58.0000000000000000,31.0000000000000000,27.0,45,-109,0,64,4,5,15,0,0,0,15,1,11.63,0.0,0,0,"кликов за неделю 1 (за всё время 1), расход 12 ₽ (накоплено 12 ₽) — судить не о чем, наблюдаем"
watch,hold,4480825167,08601,Картридж для Kyocera TASKalfa 3500i,Эксперимент1,12.89,12.89,0.0,24.9,12.0,14.0,9226.0,0.03,справочная,60,1,11.62,0.0,0.0,11.6,1.67,,1,1.0,1.0,1.0,33.0000000000000000,79.0000000000000000,-46.0,61,43,5481,122,1,6,15,0,0,1,1,2,12.62,1.0,0,0,"кликов за неделю 1 (за всё время 2), расход 12 ₽ (накоплено 13 ₽) — судить не о чем, наблюдаем"
watch,hold,4507507679,29784,Картридж для Ricoh Aficio SP210,Эксперимент1,12.89,12.89,0.0,26.5,13.6,20.3,4337.0,0.04,справочная,109,1,11.58,0.0,0.0,11.6,0.92,,1,16.95,0.0,16.9,64.0000000000000000,56.0000000000000000,8.0,29,13,0,47,14,0,11,1,3559.0000,0,2,2,28.53,0.0,0,0,"кликов за неделю 1 (за всё время 2), расход 12 ₽ (накоплено 29 ₽) — судить не о чем, наблюдаем"
watch,hold,4451982855,02085,Картридж для HP LJ Pro 100 M175nw,Эксперимент1,12.89,12.89,0.0,10.4,-2.5,16.7,2223.0,0.04,справочная,40,1,11.56,0.0,0.0,11.6,2.5,,0,0.0,0.0,,53.0000000000000000,77.0000000000000000,-24.0,46,18,1441,64,5,1,15,0,0,1,1,1,11.56,0.0,0,0,"кликов за неделю 1 (за всё время 1), расход 12 ₽ (накоплено 12 ₽) — судить не о чем, наблюдаем"
watch,hold,874373749,4424,"Картридж LC3617C для принтеров Brother и MFC-J2330DW, MFC J2730DW голубой",Эксперимент1,8.0,8.0,0.0,10.2,2.2,18.8,1483.0,0.05,справочная,28,1,11.51,0.0,0.0,11.5,3.57,,0,0.0,0.0,,116.0000000000000000,39.0000000000000000,77.0,11,2,0,21,18,0,11,0,0,0,0,1,11.51,0.0,0,0,"кликов за неделю 1 (за всё время 1), расход 12 ₽ (накоплено 12 ₽) — судить не о чем, наблюдаем"
watch,hold,2203178987,0210,Картридж CE312A желтый,Эксперимент1,12.89,12.89,0.0,14.1,1.2,20.6,2267.0,0.04,справочная,28,1,11.43,0.0,0.0,11.4,3.57,,0,0.0,0.0,,96.0000000000000000,84.0000000000000000,12.0,3,-2,0,3,,0,0,0,0,0,1,1,11.43,0.0,0,0,"кликов за неделю 1 (за всё время 1), расход 11 ₽ (накоплено 11 ₽) — судить не о чем, наблюдаем"
watch,hold,653141607,0593,"Картридж LC-1000M для принтеров Brother DCP-130C, DCP 150C, MFC-230C, MFC-235C пурпурный",Эксперимент1,6.0,6.0,0.0,1.3,-4.7,8.1,707.0,0.06,справочная,71,2,11.21,0.0,0.0,5.6,2.82,,1,6.56,0.0,6.6,113.0000000000000000,61.0000000000000000,52.0,11,6,0,23,26,0,2,0,0,0,1,5,34.09,0.0,0,0,"кликов за неделю 2 (за всё время 5), расход 11 ₽ (накоплено 34 ₽) — судить не о чем, наблюдаем"
watch,hold,652535762,2607,"Чернила T6641 K для принтеров Epson L100, L110, L130, L1300, L200, L210, L220, L222 L300 L3050 L310 L312 L350 L355 L362 L364 L382 L386 L455 L456 L486 L550 L555 L565 L566 черный",от 0 до 1000,11.0,11.0,0.0,3.5,-7.5,11.9,837.0,0.06,справочная,76,1,11.15,0.0,0.0,11.2,1.32,,0,0.0,0.0,,129.0000000000000000,140.0000000000000000,-11.0,58,-2,0,267,24,0,10,0,0,0,0,1,11.15,0.0,0,0,"кликов за неделю 1 (за всё время 1), расход 11 ₽ (накоплено 11 ₽) — судить не о чем, наблюдаем"
watch,hold,863431234,0263,"Фотобарабан 101R00434 DU для принтеров Xerox WorkCentre 5222, WC-5225, WC 5230 черный",Эксперимент1,14.5,14.5,0.0,25.7,11.2,13.2,15656.0,0.02,справочная,64,1,11.13,0.0,0.0,11.1,1.56,,0,0.0,0.0,,55.0000000000000000,46.0000000000000000,9.0,5,-2,0,5,,0,0,0,0,0,1,1,11.13,0.0,0,0,"кликов за неделю 1 (за всё время 1), расход 11 ₽ (накоплено 11 ₽) — судить не о чем, наблюдаем"
watch,hold,5241203195,1425X6,"Комплект картриджей 45807120 (6 шт.) на 42000 страниц для принтеров OKI B412, Data B432, B432dn, B512, Kraftway KRP432, MB472dnw, MB492, MB562 MB562dnw",Бандлы x2/x6 — старт (08.08),21.96,21.96,0.0,135.1,113.1,34.8,22675.0,0.02,справочная,65,1,11.13,0.0,0.0,11.1,1.54,,0,0.0,0.0,,63.0000000000000000,16.0000000000000000,47.0,32,14,0,38,1,3,15,0,0,0,0,1,11.13,0.0,0,0,"кликов за неделю 1 (за всё время 1), расход 11 ₽ (накоплено 11 ₽) — судить не о чем, наблюдаем"
watch,hold,930626500,3176,Картриджи C-EXV54 для принтеров Canon ImageRunner C3025,Эксперимент1,12.89,12.89,0.0,21.6,8.7,13.8,12287.0,0.02,справочная,120,1,11.11,0.0,0.0,11.1,0.83,,0,0.0,0.0,,162.0000000000000000,76.0000000000000000,86.0,17,4,0,40,4,1,7,0,0,0,2,1,11.11,0.0,0,0,"кликов за неделю 1 (за всё время 1), расход 11 ₽ (накоплено 11 ₽) — судить не о чем, наблюдаем"
watch,hold,1775299553,5777,Картридж TN-2410 для принтеров Brother и HL-L2350 черный,Эксперимент1,12.89,12.89,0.0,22.4,9.5,19.4,3888.0,0.04,справочная,31,1,11.04,0.0,0.0,11.0,3.23,,0,0.0,0.0,,62.0000000000000000,40.0000000000000000,22.0,15,-4,0,21,6,1,4,0,0,0,1,1,11.04,0.0,0,0,"кликов за неделю 1 (за всё время 1), расход 11 ₽ (накоплено 11 ₽) — судить не о чем, наблюдаем"
watch,hold,4527404209,56311,Тонер-картридж для Kyocera ECOSYS MA2100cfx,Эксперимент1,12.89,12.89,0.0,16.0,3.1,22.8,2252.0,0.04,справочная,48,1,11.04,0.0,0.0,11.0,2.08,,0,0.0,0.0,,37.0000000000000000,57.0000000000000000,-20.0,44,20,0,91,4,2,14,0,0,0,1,1,11.04,0.0,0,0,"кликов за неделю 1 (за всё время 1), расход 11 ₽ (накоплено 11 ₽) — судить не о чем, наблюдаем"
watch,hold,652576794,1490,"Картридж PGI-2400XLY для принтеров Canon и MAXIFY iB4040, iB4140, MB5040, MB5140 желтый",Эксперимент1,8.0,8.0,0.0,,,,,,справочная,44,1,11.0,0.0,0.0,11.0,2.27,,0,0.0,0.0,,93.0000000000000000,66.0000000000000000,27.0,21,1,0,24,24,0,15,0,0,0,1,1,11.0,0.0,0,0,"кликов за неделю 1 (за всё время 1), расход 11 ₽ (накоплено 11 ₽) — судить не о чем, наблюдаем"
watch,hold,863390474,3427,"Картридж TN-213C для принтеров Brother и DCP-L3550, HL-L3230CDW, MFC-L3770CDW голубой",Эксперимент1,8.0,8.0,0.0,19.0,11.0,18.3,3578.0,0.04,справочная,14,1,10.88,0.0,0.0,10.9,7.14,,0,0.0,0.0,,134.0000000000000000,89.0000000000000000,45.0,9,0,0,15,29,0,9,0,0,0,0,1,10.88,0.0,0,0,"кликов за неделю 1 (за всё время 1), расход 11 ₽ (накоплено 11 ₽) — судить не о чем, наблюдаем"
watch,hold,3557209872,6419,"Фотобарабан DR-1071H для принтеров Avision AM40, AP40 черный",Эксперимент1,12.89,12.89,0.0,25.2,12.3,18.2,4781.0,0.04,справочная,106,1,10.79,0.0,0.0,10.8,0.94,,0,0.0,0.0,,107.0000000000000000,23.0000000000000000,84.0,9,-5,0,6821,35,0,4,0,0,0,3,1,10.79,0.0,0,0,"кликов за неделю 1 (за всё время 1), расход 11 ₽ (накоплено 11 ₽) — судить не о чем, наблюдаем"
watch,hold,3953676250,6409,Картридж TK-5450B для принтеров Kyocera ECOSYS MA2600cfx черный,Эксперимент1,12.89,12.89,0.0,21.3,8.4,19.0,3800.0,0.04,справочная,108,1,10.71,0.0,0.0,10.7,0.93,,0,0.0,0.0,,46.0000000000000000,40.0000000000000000,6.0,19,-5,0,23,1,2,15,1,3599.0000,0,2,3,23.40,0.0,0,1,"кликов за неделю 1 (за всё время 3), расход 11 ₽ (накоплено 23 ₽) — судить не о чем, наблюдаем"
watch,hold,5239560720,0856X2,"Комплект картриджей TN-241BK (2 шт.) на 5000 страниц для принтеров Brother DCP-9020cdw, HL-3140cw, HL 3150, HL3170CDW, MFC-9140, MFC-9330",Бандлы x2/x6 — старт (08.08),21.96,21.96,0.0,43.8,21.8,28.2,4722.0,0.04,справочная,55,1,10.65,0.0,0.0,10.7,1.82,,0,0.0,0.0,,131.0000000000000000,24.0000000000000000,107.0,7,-7,0,6,20,0,7,0,0,0,0,1,10.65,0.0,0,0,"кликов за неделю 1 (за всё время 1), расход 11 ₽ (накоплено 11 ₽) — судить не о чем, наблюдаем"
watch,hold,4489622246,12856,Картридж для Brother DCP-L5500dn,Эксперимент1,12.89,12.89,0.0,18.2,5.3,19.2,3201.0,0.04,справочная,127,1,10.59,0.0,0.0,10.6,0.79,,0,0.0,0.0,,109.0000000000000000,114.0000000000000000,-5.0,10,0,0,12,2,1,10,0,0,0,0,1,10.59,0.0,0,0,"кликов за неделю 1 (за всё время 1), расход 11 ₽ (накоплено 11 ₽) — судить не о чем, наблюдаем"
watch,hold,930615411,0830,"Картридж C-EXV33 для принтеров Canon IR2520, IR2525 черный",Эксперимент1,16.1,16.1,0.0,,,,,,справочная,56,1,10.51,0.0,0.0,10.5,1.79,,2,21.94,0.0,11.0,42.0000000000000000,79.0000000000000000,-37.0,19,5,0,18,9,1,14,0,0,0,2,3,32.45,0.0,0,0,"кликов за неделю 1 (за всё время 3), расход 11 ₽ (накоплено 32 ₽) — судить не о чем, наблюдаем"
watch,hold,1268514030,4746,"Картридж PG-460XL для принтеров Canon Pixma MG5740, Pixma MG6840 черный",Эксперимент1,8.0,8.0,0.0,27.5,19.5,17.8,7157.0,0.03,справочная,47,1,10.44,0.0,0.0,10.4,2.13,,0,0.0,0.0,,97.0000000000000000,93.0000000000000000,4.0,28,-8,0,30,25,0,1,0,0,0,1,1,10.44,0.0,0,0,"кликов за неделю 1 (за всё время 1), расход 10 ₽ (накоплено 10 ₽) — судить не о чем, наблюдаем"
watch,hold,653064682,3111,"Картридж LC-3619XLM для принтеров Brother MFC-J2330, MFC J2730 пурпурный",от 1000-2000,12.0,12.0,0.0,10.6,-1.4,18.7,1552.0,0.05,справочная,26,1,10.4,0.0,0.0,10.4,3.85,,0,0.0,0.0,,61.0000000000000000,76.0000000000000000,-15.0,8,-2,0,11,24,0,1,0,0,0,0,1,10.4,0.0,0,0,"кликов за неделю 1 (за всё время 1), расход 10 ₽ (накоплено 10 ₽) — судить не о чем, наблюдаем"
watch,hold,904484047,3971,"Картридж 47095707 для принтеров OKI Data C824, Data C834 голубой",Эксперимент1,12.89,12.89,0.0,,,,,,справочная,54,1,10.4,0.0,0.0,10.4,1.85,,1,1.0,3.0,1.0,21.0000000000000000,26.0000000000000000,-5.0,44,38,10827,58,3,6,15,0,0,3,3,2,11.4,3.0,0,0,"кликов за неделю 1 (за всё время 2), расход 10 ₽ (накоплено 11 ₽) — судить не о чем, наблюдаем"
watch,hold,873312854,3223,"Картриджи W2030A-W2033A для принтеров HP Color LaserJet M454dn, LJ Pro M454dw, M480f, M479dw, M479fdw",от 5000 до 10000,12.0,12.0,0.0,,,,,,справочная,9,1,10.37,0.0,0.0,10.4,11.11,,0,0.0,0.0,,182.0000000000000000,95.0000000000000000,87.0,13,5,0,3482,20,0,10,0,0,0,0,1,10.37,0.0,0,0,"кликов за неделю 1 (за всё время 1), расход 10 ₽ (накоплено 10 ₽) — судить не о чем, наблюдаем"
watch,hold,930633557,1195,Картридж CF301A для принтеров HP и Color LJ Flow M880z голубой,Эксперимент1,12.89,12.89,0.0,20.2,7.3,14.3,10863.0,0.02,справочная,45,1,10.29,0.0,0.0,10.3,2.22,,0,0.0,0.0,,149.0000000000000000,70.0000000000000000,79.0,6,2,0,7,15,0,6,0,0,0,1,1,10.29,0.0,0,0,"кликов за неделю 1 (за всё время 1), расход 10 ₽ (накоплено 10 ₽) — судить не о чем, наблюдаем"
watch,hold,4543081094,60764,Картридж для HP LaserJet Tank 2602SDN MFP,от 1000-2000,12.0,12.0,0.0,0.0,-12.0,3.0,1622.0,0.05,справочная,46,1,10.27,0.0,0.0,10.3,2.17,,0,0.0,0.0,,46.0000000000000000,43.0000000000000000,3.0,30,17,0,31,1,4,15,0,0,0,1,2,11.27,1.0,0,0,"кликов за неделю 1 (за всё время 2), расход 10 ₽ (накоплено 11 ₽) — судить не о чем, наблюдаем"
watch,hold,651909710,0198,"Картридж 140XL для принтеров HP PhotoSmart C4483, C4480, DeskJet D4260, DeskJetD4263, OfficeJet J5730,",Эксперимент1,8.0,8.0,0.0,22.8,14.8,20.4,3706.0,0.04,справочная,31,1,10.18,0.0,0.0,10.2,3.23,,0,0.0,0.0,,213.0000000000000000,154.0000000000000000,59.0,15,-22,0,43,7,1,13,0,0,0,0,2,21.39,0.0,0,0,"кликов за неделю 1 (за всё время 2), расход 10 ₽ (накоплено 21 ₽) — судить не о чем, наблюдаем"
watch,hold,863393865,00605,Картридж для Canon i-SENSYS MF-5940dn,Эксперимент1,12.89,12.89,0.0,24.7,11.8,22.8,3471.0,0.04,справочная,63,1,10.14,0.0,0.0,10.1,1.59,,0,0.0,0.0,,50.0000000000000000,42.0000000000000000,8.0,21,-30,0,97,18,0,2,0,0,0,2,2,11.14,1.0,0,0,"кликов за неделю 1 (за всё время 2), расход 10 ₽ (накоплено 11 ₽) — судить не о чем, наблюдаем"
watch,hold,874374172,4289,Фотобарабан 108R01148 DU для принтеров Xerox Phaser 7100 цветной,Эксперимент1,12.89,12.89,0.0,,,,,,справочная,86,1,10.12,0.0,0.0,10.1,1.16,,0,0.0,0.0,,41.0000000000000000,66.0000000000000000,-25.0,20,-11,0,18,5,1,1,0,0,0,3,1,10.12,0.0,0,0,"кликов за неделю 1 (за всё время 1), расход 10 ₽ (накоплено 10 ₽) — судить не о чем, наблюдаем"
watch,hold,930641324,0940,Картридж DS T0542 Epson голубой совместимый,от 0 до 1000,10.0,10.0,0.0,,,,,,справочная,17,1,10.07,0.0,0.0,10.1,5.88,,0,0.0,0.0,,226.0000000000000000,51.0000000000000000,175.0,4,-3,0,83,6,1,4,0,0,0,1,1,10.07,0.0,0,0,"кликов за неделю 1 (за всё время 1), расход 10 ₽ (накоплено 10 ₽) — судить не о чем, наблюдаем"
watch,hold,2226443522,4997,"Картридж T7891 для принтеров Epson WorkForce Pro WF-5110, WF 5190, WF5620, WF-5690 черный",Эксперимент1,12.89,12.89,0.0,16.4,3.5,20.6,2621.0,0.04,справочная,37,1,10.06,0.0,0.0,10.1,2.7,,0,0.0,0.0,,98.0000000000000000,70.0000000000000000,28.0,8,-10,0,9,11,0,5,0,0,0,2,1,10.06,0.0,0,0,"кликов за неделю 1 (за всё время 1), расход 10 ₽ (накоплено 10 ₽) — судить не о чем, наблюдаем"
watch,hold,863388969,0163,"Картридж T0823 для принтеров Epson и Stylus Photo 1410, Stylus Photo R270 пурпурный",от 0 до 1000,10.0,10.0,0.0,2.4,-7.6,10.6,707.0,0.06,справочная,58,1,10.04,0.0,0.0,10.0,1.72,,2,10.78,0.0,5.4,81.0000000000000000,86.0000000000000000,-5.0,68,48,0,181,11,0,14,0,0,0,0,3,20.82,0.0,0,0,"кликов за неделю 1 (за всё время 3), расход 10 ₽ (накоплено 21 ₽) — судить не о чем, наблюдаем"
watch,hold,866443900,2139,"Картриджи TK-5240 для принтеров Kyocera Ecosys M5526cdn, P5026cdn",Эксперимент1,14.5,14.5,0.0,,,,,,справочная,91,1,10.0,0.0,0.0,10.0,1.1,,2,23.96,0.0,12.0,176.0000000000000000,104.0000000000000000,72.0,41,9,0,3459,16,0,15,0,0,1,6,3,33.96,0.0,0,0,"кликов за неделю 1 (за всё время 3), расход 10 ₽ (накоплено 34 ₽) — судить не о чем, наблюдаем"
watch,hold,4451928403,01192,Картридж для Kyocera FS-1128MFP,Эксперимент1,12.89,12.89,0.0,14.4,1.5,22.3,2086.0,0.04,справочная,52,1,9.95,0.0,0.0,9.9,1.92,,0,0.0,0.0,,118.0000000000000000,34.0000000000000000,84.0,19,-4,0,42,4,6,15,0,0,0,1,1,9.95,0.0,0,0,"кликов за неделю 1 (за всё время 1), расход 10 ₽ (накоплено 10 ₽) — судить не о чем, наблюдаем"
watch,hold,863431381,0337,"Картриджи 140XL-141XL для принтеров HP DeskJet D4263, HP DeskJet D4363, HP PS C4283, HP PS C4343, HP PS C4480, HP PS C4483, HP PS C4580, HP PhotoSmart C5283, HP PhotoSmart D5363",Эксперимент1,8.0,8.0,0.0,25.1,17.1,18.1,6382.0,0.03,справочная,148,1,9.91,0.0,0.0,9.9,0.68,,0,0.0,0.0,,144.0000000000000000,87.0000000000000000,57.0,20,-30,0,48,4,1,15,0,0,0,0,3,23.44,0.0,0,0,"кликов за неделю 1 (за всё время 3), расход 10 ₽ (накоплено 23 ₽) — судить не о чем, наблюдаем"
watch,hold,653063926,1466,"Картридж LC-1280XBK для принтеров Brother MFC-J5910DW, MFC J6510 черный",Эксперимент1,8.0,8.0,0.0,0.0,-8.0,-0.3,772.0,0.06,справочная,141,3,9.65,0.0,0.0,3.2,2.13,,1,1.0,1.0,1.0,107.0000000000000000,107.0000000000000000,0.0,54,5,0,55,17,0,2,0,0,1,3,6,18.28,2.0,0,0,"кликов за неделю 3 (за всё время 6), расход 10 ₽ (накоплено 18 ₽) — судить не о чем, наблюдаем"
watch,hold,866443913,2176,"Картриджи TK-5230 для принтеров Kyocera Ecosys M5521cdn, P5021cdn",Эксперимент1,12.89,12.89,0.0,,,,,,справочная,95,1,9.64,0.0,0.0,9.6,1.05,,0,0.0,0.0,,39.0000000000000000,38.0000000000000000,1.0,33,-13,0,3434,3,2,15,0,0,0,1,2,10.64,0.0,0,0,"кликов за неделю 1 (за всё время 2), расход 10 ₽ (накоплено 11 ₽) — судить не о чем, наблюдаем"
watch,hold,652454637,0960,"Картридж 711M для принтеров HP DesignJet T120, DJ-T125, DJ T130, DJ T520 пурпурный",Эксперимент1,8.0,8.0,0.0,,,,,,справочная,69,1,9.61,0.0,0.0,9.6,1.45,,0,0.0,0.0,,130.0000000000000000,145.0000000000000000,-15.0,31,6,0,261,51,0,2,0,0,0,1,1,9.61,0.0,0,0,"кликов за неделю 1 (за всё время 1), расход 10 ₽ (накоплено 10 ₽) — судить не о чем, наблюдаем"
watch,hold,930615757,3063,Картридж TK-5290Y для принтеров Kyocera и Ecosys P7240cdn желтый,Эксперимент1,11.72,11.72,0.0,,,,,,справочная,96,1,9.39,0.0,0.0,9.4,1.04,,1,7.11,0.0,7.1,55.0000000000000000,64.0000000000000000,-9.0,12,-4,0,12,1,3,10,0,0,0,3,2,16.50,0.0,0,0,"кликов за неделю 1 (за всё время 2), расход 9 ₽ (накоплено 16 ₽) — судить не о чем, наблюдаем"
watch,hold,906876718,22262,"Картридж для Lexmark MS312dn, MS312, MS415, MS415dn",Эксперимент1,12.89,12.89,0.0,19.2,6.3,18.8,3470.0,0.04,справочная,96,2,9.31,2.0,5830.0,4.7,2.08,0.2,1,1.0,0.0,1.0,29.0000000000000000,80.0000000000000000,-51.0,27,14,0,31,6,1,15,0,0,2,4,4,20.28,2.0,6.0,0,"кликов за неделю 2 (за всё время 4), расход 9 ₽ (накоплено 20 ₽) — судить не о чем, наблюдаем"
watch,hold,984584660,4731,Картридж TN-227Y для принтеров Konica Minolta Bizhub C257i желтый,Эксперимент1,14.5,14.5,0.0,,,,,,справочная,84,1,9.25,0.0,0.0,9.2,1.19,,1,8.85,0.0,8.8,111.0000000000000000,107.0000000000000000,4.0,11,-3,0,8,2,2,9,0,0,0,2,2,18.10,0.0,0,0,"кликов за неделю 1 (за всё время 2), расход 9 ₽ (накоплено 18 ₽) — судить не о чем, наблюдаем"
watch,hold,4507521572,31835,Чернила для Epson L-1800,от 0 до 1000,10.0,10.0,0.0,0.4,-9.6,6.0,635.0,0.06,справочная,27,1,9.24,1.0,635.0,9.2,3.7,1.5,0,0.0,0.0,,151.0000000000000000,136.0000000000000000,15.0,34,0,0,126,55,0,14,1,635.0000,0,3,1,9.24,1.0,0,0,"кликов за неделю 1 (за всё время 1), расход 9 ₽ (накоплено 9 ₽) — судить не о чем, наблюдаем"
watch,hold,1766867228,5759,"Чернила 108/008 C для принтеров Epson и EcoTank L18050, EcoTank L8050, L6490 голубой",Эксперимент1,10.0,10.0,0.0,3.0,-7.0,11.3,799.0,0.06,справочная,153,1,9.21,0.0,0.0,9.2,0.65,,1,9.49,0.0,9.5,117.0000000000000000,108.0000000000000000,9.0,66,5,0,299,26,0,14,0,0,0,4,2,18.70,0.0,0,0,"кликов за неделю 1 (за всё время 2), расход 9 ₽ (накоплено 19 ₽) — судить не о чем, наблюдаем"
watch,hold,1282821536,4837,"Картридж 3ED71A для принтеров HP DesignJet T630, DJ Studio, DJ Studio Steel, DJ T210, DJ T230",Эксперимент1,10.0,10.0,0.0,66.8,56.8,31.5,8403.0,0.03,справочная,132,1,9.01,0.0,0.0,9.0,0.76,,1,8.6,0.0,8.6,82.0000000000000000,93.0000000000000000,-11.0,69,-5,0,3884,25,0,10,0,0,0,10,2,17.61,0.0,0,0,"кликов за неделю 1 (за всё время 2), расход 9 ₽ (накоплено 18 ₽) — судить не о чем, наблюдаем"
watch,hold,5277326489,5287X6,Комплект картриджей T1A (6 шт.) на 21000 страниц для принтеров Deli M2500AD,Бандлы x2/x6 — старт (08.08),21.96,21.96,0.0,143.6,121.6,34.8,24100.0,0.02,справочная,91,1,8.96,0.0,0.0,9.0,1.1,,0,0.0,0.0,,65.0000000000000000,105.0000000000000000,-40.0,26,11,0,492,3,5,15,0,0,0,0,1,8.96,0.0,0,0,"кликов за неделю 1 (за всё время 1), расход 9 ₽ (накоплено 9 ₽) — судить не о чем, наблюдаем"
watch,hold,874376143,4470,"Картридж 730C для принтеров HP DesignJet T1700, DJ T1700dr голубой",Эксперимент1,12.89,12.89,0.0,,,,,,справочная,72,1,8.9,0.0,0.0,8.9,1.39,,1,11.26,0.0,11.3,71.0000000000000000,74.0000000000000000,-3.0,42,1,0,3447,5,2,8,0,0,0,1,3,21.29,0.0,0,0,"кликов за неделю 1 (за всё время 3), расход 9 ₽ (накоплено 21 ₽) — судить не о чем, наблюдаем"
watch,hold,1261562713,4887,"Картридж W1500X для принтеров HP LaserJet M111, LJ M141 черный",Эксперимент1,9.0,9.0,0.0,20.8,11.8,19.5,3578.0,0.04,справочная,12,1,8.76,0.0,0.0,8.8,8.33,,0,0.0,0.0,,116.0000000000000000,84.0000000000000000,32.0,11,-8,0,21,8,1,9,0,0,0,2,1,8.76,0.0,0,0,"кликов за неделю 1 (за всё время 1), расход 9 ₽ (накоплено 9 ₽) — судить не о чем, наблюдаем"
watch,hold,653330191,0795,"Картридж CLT-Y406S для принтеров Samsung и CLP-360, CLP 362, CLX-3300, CLX3302, SL-C410, SL C460 желтый",Эксперимент1,9.0,9.0,0.0,,,,,,справочная,27,1,8.74,0.0,0.0,8.7,3.7,,0,0.0,0.0,,77.0000000000000000,51.0000000000000000,26.0,15,5,0,18,36,0,13,0,0,0,0,1,8.74,0.0,0,0,"кликов за неделю 1 (за всё время 1), расход 9 ₽ (накоплено 9 ₽) — судить не о чем, наблюдаем"
watch,hold,3557210726,6851,"Картридж 40STB15 для принтеров F+ Imaging M40adn, M40adn20, P40dn черный",Эксперимент1,14.5,14.5,0.0,36.8,22.3,13.4,21894.0,0.02,справочная,101,1,8.62,0.0,0.0,8.6,0.99,,0,0.0,0.0,,21.0000000000000000,17.0000000000000000,4.0,41,-10,0,53,8,2,8,0,0,0,8,2,26.05,0.0,0,0,"кликов за неделю 1 (за всё время 2), расход 9 ₽ (накоплено 26 ₽) — судить не о чем, наблюдаем"
watch,hold,652549272,0841,"Картридж T1714 для принтеров Epson Expression Home XP-103, XP 207, XP303, XP-306, XP313, XP 323, XP 403, XP406 XP423 желтый",от 0 до 1000,10.0,10.0,0.0,0.0,-10.0,4.1,539.0,0.06,справочная,91,1,8.6,1.0,539.0,8.6,1.1,1.6,0,0.0,0.0,,68.0000000000000000,50.0000000000000000,18.0,57,-36,0,98,2,1,15,1,539.0000,0,2,4,37.04,1.0,0,0,"кликов за неделю 1 (за всё время 4), расход 9 ₽ (накоплено 37 ₽) — судить не о чем, наблюдаем"
watch,hold,653330887,0794,"Картридж CLT-M406S для принтеров Samsung и CLP-360, CLP 362, CLX-3300, CLX3302, SL-C410, SL C460 пурпурный",Эксперимент1,9.0,9.0,0.0,16.3,7.3,18.7,2975.0,0.04,справочная,77,1,8.59,0.0,0.0,8.6,1.3,,0,0.0,0.0,,80.0000000000000000,65.0000000000000000,15.0,16,6,0,17,30,0,2,0,0,0,0,1,8.59,0.0,0,0,"кликов за неделю 1 (за всё время 1), расход 9 ₽ (накоплено 9 ₽) — судить не о чем, наблюдаем"
watch,hold,1692352506,5290,"Картридж T31A для принтеров Deli M3100, P3100 черный",от 2000 до 5000,13.0,13.0,0.0,16.5,3.5,15.9,5036.0,0.03,справочная,59,1,8.55,0.0,0.0,8.6,1.69,,0,0.0,0.0,,65.0000000000000000,48.0000000000000000,17.0,65,9,0,3815,11,0,15,0,0,0,1,1,8.55,0.0,0,0,"кликов за неделю 1 (за всё время 1), расход 9 ₽ (накоплено 9 ₽) — судить не о чем, наблюдаем"
watch,hold,866442844,1414,"Картридж TK-8305M для принтеров Kyocera и TASKalfa 3050i, TASKalfa3051i пурпурный",Эксперимент1,14.5,14.5,0.0,,,,,,справочная,57,1,8.55,0.0,0.0,8.6,1.75,,0,0.0,0.0,,55.0000000000000000,261.0000000000000000,-206.0,10,2,0,16,7,2,9,0,0,0,1,1,8.55,0.0,0,0,"кликов за неделю 1 (за всё время 1), расход 9 ₽ (накоплено 9 ₽) — судить не о чем, наблюдаем"
watch,hold,930629965,2770,"Картридж TK-8515K для принтеров Kyocera и TASKalfa 5052ci, TASKalfa 6052ci черный",Эксперимент1,9.0,9.0,0.0,,,,,,справочная,43,1,8.53,0.0,0.0,8.5,2.33,,0,0.0,0.0,,66.0000000000000000,377.0000000000000000,-311.0,7,1,0,3404,26,0,3,0,0,0,0,1,8.53,0.0,0,0,"кликов за неделю 1 (за всё время 1), расход 9 ₽ (накоплено 9 ₽) — судить не о чем, наблюдаем"
watch,hold,864225535,1082,"Картриджи 006R01517-006R01520 для принтеров Xerox WorkCentre 7525, WC 7530, WC-7535, WC 7545",Эксперимент1,8.0,8.0,0.0,,,,,,справочная,36,1,8.48,0.0,0.0,8.5,2.78,,1,12.67,0.0,12.7,27.0000000000000000,33.0000000000000000,-6.0,34,5,0,9315,3,5,14,1,16954.0000,0,4,2,21.15,0.0,0,0,"кликов за неделю 1 (за всё время 2), расход 8 ₽ (накоплено 21 ₽) — судить не о чем, наблюдаем"
watch,hold,652550546,0313,"Картридж 10 для принтеров HP Business InkJet 1000, InkJet 1100, DJ-100, DJ110, DJ 500, DJ 70, DJ 800, DJ 815 черный",Эксперимент1,8.0,8.0,0.0,9.5,1.5,21.9,1123.0,0.05,справочная,117,1,8.45,0.0,0.0,8.4,0.85,,0,0.0,0.0,,78.0000000000000000,171.0000000000000000,-93.0,29,16,0,34,7,4,15,0,0,0,2,2,15.82,0.0,0,0,"кликов за неделю 1 (за всё время 2), расход 8 ₽ (накоплено 16 ₽) — судить не о чем, наблюдаем"
watch,hold,4515705073,32573,Заправочный комплект для P2502W,Эксперимент1,8.0,8.0,0.0,9.7,1.7,17.9,1511.0,0.05,справочная,152,1,8.42,0.0,0.0,8.4,0.66,,0,0.0,0.0,,152.0000000000000000,145.0000000000000000,7.0,29,5,0,197,3,2,11,0,0,0,1,1,8.42,0.0,0,0,"кликов за неделю 1 (за всё время 1), расход 8 ₽ (накоплено 8 ₽) — судить не о чем, наблюдаем"
watch,hold,653328445,0793,"Картридж CLT-C406S для принтеров Samsung и CLP-360, CLP 362, CLX-3300, CLX3302, SL-C410, SL C460 голубой",Эксперимент1,9.0,9.0,0.0,,,,,,справочная,24,1,8.37,0.0,0.0,8.4,4.17,,0,0.0,0.0,,108.0000000000000000,70.0000000000000000,38.0,15,8,0,273,8,2,14,0,0,0,0,1,8.37,0.0,0,0,"кликов за неделю 1 (за всё время 1), расход 8 ₽ (накоплено 8 ₽) — судить не о чем, наблюдаем"
watch,hold,1153406415,1109,Картридж 106R02609 для принтеров Xerox Phaser 7100 голубой,Эксперимент1,12.89,12.89,0.0,,,,,,справочная,74,1,8.31,0.0,0.0,8.3,1.35,,0,0.0,0.0,,11.0000000000000000,52.0000000000000000,-41.0,6,-8,0,3,,0,0,0,0,0,1,1,8.31,0.0,0,0,"кликов за неделю 1 (за всё время 1), расход 8 ₽ (накоплено 8 ₽) — судить не о чем, наблюдаем"
watch,hold,864225055,0952,"Картриджи 951XL для принтеров HP OfficeJet Pro 251, OfficeJet Pro 276 dw",Эксперимент1,8.0,8.0,0.0,23.6,15.6,20.5,3814.0,0.04,справочная,32,1,8.21,0.0,0.0,8.2,3.12,,0,0.0,0.0,,113.0000000000000000,53.0000000000000000,60.0,33,26,0,3428,5,1,15,1,3351.0000,0,1,1,8.21,0.0,0,0,"кликов за неделю 1 (за всё время 1), расход 8 ₽ (накоплено 8 ₽) — судить не о чем, наблюдаем"
watch,hold,4807276926,22084,Картридж для Citizen iR-40T,от 0 до 1000,10.0,10.0,0.0,0.0,-10.0,2.1,567.0,0.06,справочная,52,1,8.15,0.0,0.0,8.2,1.92,,0,0.0,0.0,,62.0000000000000000,58.0000000000000000,4.0,50,-10,0,421,8,2,12,0,0,0,1,1,8.15,0.0,0,0,"кликов за неделю 1 (за всё время 1), расход 8 ₽ (накоплено 8 ₽) — судить не о чем, наблюдаем"
watch,hold,864225871,1281,"Картридж CF412A для принтеров HP LJ Color Pro M377dw, M452dn, M452nw, M477fdn, M477fdw желтый",Эксперимент1,10.0,10.0,0.0,23.8,13.8,22.0,3498.0,0.04,справочная,32,1,8.04,0.0,0.0,8.0,3.12,,0,0.0,0.0,,84.0000000000000000,226.0000000000000000,-142.0,9,2,0,15,33,0,5,0,0,0,2,1,8.04,0.0,0,0,"кликов за неделю 1 (за всё время 1), расход 8 ₽ (накоплено 8 ₽) — судить не о чем, наблюдаем"
watch,hold,874373906,4469,"Картриджи T41F2 - T41F5 для принтеров Epson SureColor SC-T3400, SureColor T5400",от 10000 до 500 тыс,12.0,12.0,0.0,103.5,91.5,10.2,99474.0,0.02,справочная,23,1,8.03,0.0,0.0,8.0,4.35,,1,1.0,0.0,1.0,,27.0000000000000000,,0,-17,0,0,,0,0,0,0,0,0,2,9.03,0.0,0,0,"кликов за неделю 1 (за всё время 2), расход 8 ₽ (накоплено 9 ₽) — судить не о чем, наблюдаем"
watch,hold,4480826979,08652,Картридж для Kyocera FS-4300DN,Эксперимент1,12.89,12.89,0.0,18.4,5.5,17.4,3706.0,0.04,справочная,31,1,7.97,0.0,0.0,8.0,3.23,,0,0.0,0.0,,42.0000000000000000,115.0000000000000000,-73.0,16,-12,0,41,20,0,6,0,0,0,1,1,7.97,0.0,0,0,"кликов за неделю 1 (за всё время 1), расход 8 ₽ (накоплено 8 ₽) — судить не о чем, наблюдаем"
watch,hold,1153664972,1714,"Картридж TK-865C для принтеров Kyocera TASKalfa 250ci, TASKalfa 300ci голубой",Эксперимент1,12.89,12.89,0.0,,,,,,справочная,47,1,7.97,0.0,0.0,8.0,2.13,,0,0.0,0.0,,42.0000000000000000,154.0000000000000000,-112.0,1,-55,0,368,42,0,1,0,0,0,1,2,10.63,1.0,0,0,"кликов за неделю 1 (за всё время 2), расход 8 ₽ (накоплено 11 ₽) — судить не о чем, наблюдаем"
watch,hold,1771581290,5719,"Картридж 006R04368 для принтеров Xerox C315, C310",Эксперимент1,9.0,9.0,0.0,24.0,15.0,21.0,5003.0,0.03,справочная,51,1,7.96,0.0,0.0,8.0,1.96,,0,0.0,0.0,,59.0000000000000000,65.0000000000000000,-6.0,21,4,0,22,6,2,15,0,0,0,3,1,7.96,0.0,0,0,"кликов за неделю 1 (за всё время 1), расход 8 ₽ (накоплено 8 ₽) — судить не о чем, наблюдаем"
bordeaux,floor,1134976750,4965,Картридж CLI-42GY для принтеров Canon Pixma PRO-100 серый,Эксперимент1,8.0,6.0,-2.0,,,,,,справочная,152,1,7.7,0.0,0.0,7.7,0.66,,0,0.0,0.0,,112.0000000000000000,54.0000000000000000,58.0,11,-13,0,10,11,0,11,0,0,0,0,28,224.43,0.0,0,0,"ни одной продажи за всю доступную историю (не только реклама): 28 кликов, 224 ₽ рекламы впустую. В пол и на снятие"
watch,hold,863431331,0343,"Картриджи 178XL для принтеров HP DeskJet 3070A, DESKJET 3522 E, DeskJet3524, PhotoSmart 5510, PhotoSmart5515",Эксперимент1,8.0,8.0,0.0,,,,,,справочная,56,1,7.7,0.0,0.0,7.7,1.79,,0,0.0,0.0,,139.0000000000000000,116.0000000000000000,23.0,29,-2,0,6415,51,0,2,0,0,0,2,4,33.08,0.0,0,0,"кликов за неделю 1 (за всё время 4), расход 8 ₽ (накоплено 33 ₽) — судить не о чем, наблюдаем"
watch,hold,4504664485,273032,Лента для принтера для Brother PT-P700,Эксперимент1,8.0,8.0,0.0,9.8,1.8,16.9,1655.0,0.05,справочная,33,1,7.69,0.0,0.0,7.7,3.03,,0,0.0,0.0,,76.0000000000000000,67.0000000000000000,9.0,23,-8,0,29,10,1,15,0,0,0,2,1,7.69,0.0,0,0,"кликов за неделю 1 (за всё время 1), расход 8 ₽ (накоплено 8 ₽) — судить не о чем, наблюдаем"
watch,hold,4493660701,21831,Картридж для HP OfficeJet Pro 7740,Эксперимент1,8.0,8.0,0.0,14.8,6.8,22.8,2079.0,0.04,справочная,144,1,7.69,0.0,0.0,7.7,0.69,,0,0.0,0.0,,80.0000000000000000,57.0000000000000000,23.0,33,2,0,34,13,0,15,0,0,0,1,1,7.69,0.0,0,0,"кликов за неделю 1 (за всё время 1), расход 8 ₽ (накоплено 8 ₽) — судить не о чем, наблюдаем"
watch,hold,652453771,3622,"Картридж 177 для принтеров HP PhotoSmart 3110, PhotoSmart 3200 черный",от 0 до 1000,11.0,11.0,0.0,2.9,-8.1,11.6,744.0,0.06,справочная,63,1,7.63,0.0,0.0,7.6,1.59,,0,0.0,0.0,,112.0000000000000000,113.0000000000000000,-1.0,26,3,0,34,27,0,15,0,0,1,3,1,7.63,0.0,0,0,"кликов за неделю 1 (за всё время 1), расход 8 ₽ (накоплено 8 ₽) — судить не о чем, наблюдаем"
watch,hold,864225492,1036,"Картридж SP3400 для принтеров Ricoh и 3410DN, SP 3500, SP 3510 черный",Эксперимент1,8.0,8.0,0.0,23.8,15.8,18.9,4276.0,0.04,справочная,63,1,7.56,0.0,0.0,7.6,1.59,,0,0.0,0.0,,58.0000000000000000,74.0000000000000000,-16.0,13,5,0,3415,5,2,11,0,0,0,1,1,7.56,0.0,0,0,"кликов за неделю 1 (за всё время 1), расход 8 ₽ (накоплено 8 ₽) — судить не о чем, наблюдаем"
watch,hold,3557210978,6820,"Фотобарабан 0IU40R4 для принтеров F+ Imaging M40adn, P40dn черный",Эксперимент1,8.0,8.0,0.0,34.7,26.7,19.2,8154.0,0.03,справочная,40,1,7.55,0.0,0.0,7.5,2.5,,1,7.48,0.0,7.5,40.0000000000000000,14.0000000000000000,26.0,38,-2,0,3457,6,2,7,0,0,0,4,2,15.03,0.0,0,0,"кликов за неделю 1 (за всё время 2), расход 8 ₽ (накоплено 15 ₽) — судить не о чем, наблюдаем"
watch,hold,1341428709,4556,"Лента LK3YBP для принтеров Epson LabelWorks 1000P, LW 400, LW 600P, LW 700, LW K400, LW Z700, LW Z800",Эксперимент1,8.0,8.0,0.0,13.9,5.9,20.5,2236.0,0.04,справочная,54,1,7.55,0.0,0.0,7.5,1.85,,1,7.8,0.0,7.8,51.0000000000000000,50.0000000000000000,1.0,35,6,0,39,8,2,14,0,0,0,0,3,23.02,0.0,0,0,"кликов за неделю 1 (за всё время 3), расход 8 ₽ (накоплено 23 ₽) — судить не о чем, наблюдаем"
watch,hold,1153791237,2787,"Картридж 45862850 для принтеров OKI и MC 873, MC853 пурпурный",Эксперимент1,9.0,9.0,0.0,19.0,10.0,13.6,11063.0,0.02,справочная,49,1,7.54,0.0,0.0,7.5,2.04,,0,0.0,0.0,,155.0000000000000000,27.0000000000000000,128.0,23,-7,0,3424,5,3,15,0,0,0,2,1,7.54,0.0,0,0,"кликов за неделю 1 (за всё время 1), расход 8 ₽ (накоплено 8 ₽) — судить не о чем, наблюдаем"
watch,hold,1220704750,5234,"Картридж 069 для принтеров Canon i-SENSYS LBP673Cdw, MF752Cdw, MF754Cdw желтый",Эксперимент1,9.0,9.0,0.0,21.7,12.7,20.3,3540.0,0.04,справочная,26,1,7.53,0.0,0.0,7.5,3.85,,0,0.0,0.0,,81.0000000000000000,96.0000000000000000,-15.0,15,-1,0,1112,1,2,14,0,0,0,0,1,7.53,0.0,0,0,"кликов за неделю 1 (за всё время 1), расход 8 ₽ (накоплено 8 ₽) — судить не о чем, наблюдаем"
watch,hold,652576912,1482,Картридж CLI-526C Canon голубой совместимый,Эксперимент1,8.0,8.0,0.0,,,,,,справочная,81,2,7.53,0.0,0.0,3.8,2.47,,4,14.67,2.0,3.7,48.0000000000000000,48.0000000000000000,0.0,98,46,411,313,5,2,11,0,0,2,5,7,29.58,2.0,0,2,"кликов за неделю 2 (за всё время 7), расход 8 ₽ (накоплено 30 ₽) — судить не о чем, наблюдаем"
watch,hold,4489630378,14303,Картридж для Ricoh Aficio SP311SFN,Эксперимент1,8.0,8.0,0.0,23.8,15.8,15.3,7693.0,0.03,справочная,14,1,7.5,0.0,0.0,7.5,7.14,,0,0.0,0.0,,136.0000000000000000,81.0000000000000000,55.0,9,1,0,3404,8,1,2,0,0,0,1,1,7.5,0.0,0,0,"кликов за неделю 1 (за всё время 1), расход 8 ₽ (накоплено 8 ₽) — судить не о чем, наблюдаем"
watch,hold,1692496606,5632,Картридж TK-5440M для принтеров Kyocera ECOSYS MA2100cfx пурпурный,Эксперимент1,7.0,7.0,0.0,14.0,7.0,20.2,2299.0,0.04,справочная,32,1,7.5,0.0,0.0,7.5,3.12,,0,0.0,0.0,,45.0000000000000000,120.0000000000000000,-75.0,8,1,0,9,18,0,8,0,0,0,0,1,7.5,0.0,0,0,"кликов за неделю 1 (за всё время 1), расход 8 ₽ (накоплено 8 ₽) — судить не о чем, наблюдаем"
watch,hold,4480825051,08386,Картридж для Epson Expression Home XP-316,Эксперимент1,8.0,8.0,0.0,0.4,-7.6,6.1,588.0,0.06,справочная,107,1,7.49,0.0,0.0,7.5,0.93,,0,0.0,0.0,,69.0000000000000000,82.0000000000000000,-13.0,72,27,303,272,15,0,10,0,0,1,1,2,15.20,0.0,0,0,"кликов за неделю 1 (за всё время 2), расход 7 ₽ (накоплено 15 ₽) — судить не о чем, наблюдаем"
watch,hold,1897483918,5868,"Картриджи 842506-842509 для принтеров Ricoh IM C3010, IM C3510",Эксперимент1,8.0,8.0,0.0,67.6,59.6,13.5,39768.0,0.02,справочная,137,1,7.45,0.0,0.0,7.5,0.73,,2,14.40,0.0,7.2,,37.0000000000000000,,0,-5,0,0,,0,0,0,0,0,0,3,21.85,0.0,0,0,"кликов за неделю 1 (за всё время 3), расход 7 ₽ (накоплено 22 ₽) — судить не о чем, наблюдаем"
watch,hold,2201335721,1998,"Фотобарабан DR-512CMY DU для принтеров Konica Minolta Bizhub C224, Bizhub C284",Эксперимент1,8.0,8.0,0.0,27.0,19.0,14.1,9879.0,0.03,справочная,183,1,7.44,0.0,0.0,7.4,0.55,,0,0.0,0.0,,145.0000000000000000,77.0000000000000000,68.0,13,-3,0,3417,137,0,2,0,0,0,0,1,7.44,0.0,0,0,"кликов за неделю 1 (за всё время 1), расход 7 ₽ (накоплено 7 ₽) — судить не о чем, наблюдаем"
watch,hold,4451988647,02404,Картридж для Kyocera EcoSys P2135D,Эксперимент1,12.89,12.89,0.0,12.4,-0.5,18.1,2365.0,0.04,справочная,74,1,7.38,0.0,0.0,7.4,1.35,,0,0.0,0.0,,54.0000000000000000,69.0000000000000000,-15.0,13,2,0,23,7,2,13,0,0,0,1,1,7.38,0.0,0,0,"кликов за неделю 1 (за всё время 1), расход 7 ₽ (накоплено 7 ₽) — судить не о чем, наблюдаем"
watch,hold,652468921,2185,"Картридж 953XLM для принтеров HP OfficeJet Pro 7720, OfficeJet Pro 7730 пурпурный",Эксперимент1,10.25,10.25,0.0,,,,,,справочная,75,1,7.33,0.0,0.0,7.3,1.33,,1,6.75,0.0,6.8,80.0000000000000000,72.0000000000000000,8.0,27,-4,0,31,163,0,1,0,0,0,6,2,14.08,0.0,0,0,"кликов за неделю 1 (за всё время 2), расход 7 ₽ (накоплено 14 ₽) — судить не о чем, наблюдаем"
watch,hold,930642183,0703,"Картридж SCX-5530 для принтеров Samsung SCX-5330N, SCX-5530FN",Эксперимент1,8.0,8.0,0.0,20.8,12.8,16.9,5827.0,0.03,справочная,14,1,7.31,0.0,0.0,7.3,7.14,,0,0.0,0.0,,36.0000000000000000,9.0000000000000000,27.0,2,0,0,3,,0,0,0,0,0,0,1,7.31,0.0,0,0,"кликов за неделю 1 (за всё время 1), расход 7 ₽ (накоплено 7 ₽) — судить не о чем, наблюдаем"
watch,hold,904472248,0791,"Картридж 106R02181 для принтеров Xerox Phaser 3010, Phaser 3040, WC3045 черный",Эксперимент1,8.0,8.0,0.0,6.1,-1.9,13.0,1526.0,0.05,справочная,40,1,7.3,0.0,0.0,7.3,2.5,,0,0.0,0.0,,86.0000000000000000,193.0000000000000000,-107.0,23,7,0,3319,49,0,3,0,0,0,1,1,7.3,0.0,0,0,"кликов за неделю 1 (за всё время 1), расход 7 ₽ (накоплено 7 ₽) — судить не о чем, наблюдаем"
watch,hold,904483765,3364,Картридж TK-8525M для принтеров Kyocera и Taskalfa 4052ci пурпурный,Эксперимент1,8.0,8.0,0.0,,,,,,справочная,201,1,7.2,0.0,0.0,7.2,0.5,,0,0.0,0.0,,93.0000000000000000,303.0000000000000000,-210.0,4,-2,0,9,9,1,4,0,0,0,0,1,7.2,0.0,0,0,"кликов за неделю 1 (за всё время 1), расход 7 ₽ (накоплено 7 ₽) — судить не о чем, наблюдаем"
watch,hold,4493509040,21352,Картридж для Kyocera Ecosys M5526cdw,Эксперимент1,8.0,8.0,0.0,16.8,8.8,20.8,2651.0,0.04,справочная,53,1,7.19,0.0,0.0,7.2,1.89,,0,0.0,0.0,,67.0000000000000000,62.0000000000000000,5.0,13,-9,0,16,4,1,3,0,0,0,4,1,7.19,0.0,0,0,"кликов за неделю 1 (за всё время 1), расход 7 ₽ (накоплено 7 ₽) — судить не о чем, наблюдаем"
watch,hold,930621394,0900,"Картриджи T1711-T1714 для принтеров Epson Expression Home XP-103, XP 207, XP303, XP-306, XP313, XP 323, XP 403, XP406 XP423",Эксперимент1,8.0,8.0,0.0,,,,,,справочная,91,1,7.16,0.0,0.0,7.2,1.1,,0,0.0,0.0,,93.0000000000000000,88.0000000000000000,5.0,35,-1,0,58,12,0,14,0,0,0,0,1,7.16,0.0,0,0,"кликов за неделю 1 (за всё время 1), расход 7 ₽ (накоплено 7 ₽) — судить не о чем, наблюдаем"
watch,hold,930626677,2732,"Лента TZe-131 для принтеров Brother PT-1000, PT 1005, PT1010, PT-1080, PT1090, PT 1100 черный",Эксперимент1,8.0,8.0,0.0,12.5,4.5,20.0,2078.0,0.04,справочная,46,1,7.11,0.0,0.0,7.1,2.17,,0,0.0,0.0,,214.0000000000000000,150.0000000000000000,64.0,14,5,0,15,16,0,13,0,0,0,0,1,7.11,0.0,0,0,"кликов за неделю 1 (за всё время 1), расход 7 ₽ (накоплено 7 ₽) — судить не о чем, наблюдаем"
watch,hold,863431913,0317,"Картридж 82C для принтеров HP DesignJet 500, DJ 500 Plus, DJ500ps, DJ 510 голубой",Эксперимент1,8.0,8.0,0.0,,,,,,справочная,79,1,7.1,0.0,0.0,7.1,1.27,,1,7.12,1.0,7.1,66.0000000000000000,62.0000000000000000,4.0,45,-5,0,175,11,0,15,0,0,2,3,2,14.22,1.0,0,0,"кликов за неделю 1 (за всё время 2), расход 7 ₽ (накоплено 14 ₽) — судить не о чем, наблюдаем"
watch,hold,5255536187,2984X2,"Комплект фотобарабанов CLT-R407 DU (2 шт.) на 48000 страниц для принтеров Samsung CLP-320, CLP 325, CLX-3180, CLX3185",Бандлы x2/x6 — старт (08.08),21.96,21.96,0.0,92.7,70.7,26.0,22061.0,0.02,справочная,44,1,7.06,0.0,0.0,7.1,2.27,,0,0.0,0.0,,56.0000000000000000,35.0000000000000000,21.0,16,0,0,17,1,3,14,0,0,0,0,1,7.06,0.0,0,0,"кликов за неделю 1 (за всё время 1), расход 7 ₽ (накоплено 7 ₽) — судить не о чем, наблюдаем"
watch,hold,652576806,1484,"Картридж PGI-1400XLC для принтеров Canon MAXIFY MB2040, MB2050 голубой",Эксперимент1,7.0,7.0,0.0,,,,,,справочная,549,1,7.05,0.0,0.0,7.0,0.18,,0,0.0,0.0,,71.0000000000000000,89.0000000000000000,-18.0,13,5,0,14,8,1,12,0,0,0,1,1,7.05,0.0,0,0,"кликов за неделю 1 (за всё время 1), расход 7 ₽ (накоплено 7 ₽) — судить не о чем, наблюдаем"
watch,hold,652620513,1457,"Картридж PGI-35BK для принтеров Canon Pixma iP100, Pixma iP110 черный",Эксперимент1,8.0,8.0,0.0,3.3,-4.7,12.0,781.0,0.06,справочная,61,1,7.0,0.0,0.0,7.0,1.64,,0,0.0,0.0,,75.0000000000000000,95.0000000000000000,-20.0,26,0,0,27,15,0,15,0,0,0,2,2,14.94,0.0,0,0,"кликов за неделю 1 (за всё время 2), расход 7 ₽ (накоплено 15 ₽) — судить не о чем, наблюдаем"
watch,hold,1261572046,5302,Лента для печати этикеток и наклеек DS S0721630 Epson 91203 красный совместимый,Эксперимент1,8.0,8.0,0.0,6.1,-1.9,16.0,1106.0,0.05,справочная,85,1,6.87,0.0,0.0,6.9,1.18,,0,0.0,0.0,,70.0000000000000000,61.0000000000000000,9.0,33,-44,0,301,15,0,15,0,0,1,1,2,16.54,0.0,0,0,"кликов за неделю 1 (за всё время 2), расход 7 ₽ (накоплено 17 ₽) — судить не о чем, наблюдаем"
watch,hold,863431325,0293,"Картридж T0483 для принтеров Epson и Stylus Photo R200, Stylus Photo R220 пурпурный",Эксперимент1,7.0,7.0,0.0,4.6,-2.4,13.1,943.0,0.06,справочная,400,1,6.85,0.0,0.0,6.8,0.25,,1,6.5,0.0,6.5,110.0000000000000000,44.0000000000000000,66.0,17,4,0,20,9,1,3,0,0,0,1,3,20.13,0.0,0,0,"кликов за неделю 1 (за всё время 3), расход 7 ₽ (накоплено 20 ₽) — судить не о чем, наблюдаем"
watch,hold,1165086595,2627,"Фотобарабан CF358A для принтеров HP Color LaserJet Enterprise Flow M880z+, M880z+ NFC/Wireless Direct, LJ M855dn, LJM855x+, LJ-M855xh черный",Эксперимент1,8.0,8.0,0.0,40.7,32.7,12.0,29060.0,0.02,справочная,21,1,6.74,0.0,0.0,6.7,4.76,,0,0.0,0.0,,80.0000000000000000,49.0000000000000000,31.0,30,-7,0,36,9,1,5,0,0,0,1,1,6.74,0.0,0,0,"кликов за неделю 1 (за всё время 1), расход 7 ₽ (накоплено 7 ₽) — судить не о чем, наблюдаем"
watch,hold,1153790956,2785,"Картридж 45862852 для принтеров OKI и MC 873, MC853 черный",Эксперимент1,8.0,8.0,0.0,,,,,,справочная,13,1,6.73,0.0,0.0,6.7,7.69,,1,13.4,0.0,13.4,45.0000000000000000,92.0000000000000000,-47.0,7,1,0,7,15,0,7,0,0,0,0,2,20.13,0.0,0,0,"кликов за неделю 1 (за всё время 2), расход 7 ₽ (накоплено 20 ₽) — судить не о чем, наблюдаем"
watch,hold,930609104,0219,"Картридж 716M для принтеров Canon и i-SENSYS LBP-5050, LBP 5050N, MF-8030CN, MF8040CN, MF-8050CN, MF8080CW пурпурный",Эксперимент1,8.0,8.0,0.0,,,,,,справочная,47,1,6.69,0.0,0.0,6.7,2.13,,0,0.0,0.0,,71.0000000000000000,40.0000000000000000,31.0,13,-14,0,3495,3,1,6,1,1771.0000,0,2,2,13.33,0.0,0,0,"кликов за неделю 1 (за всё время 2), расход 7 ₽ (накоплено 13 ₽) — судить не о чем, наблюдаем"
watch,hold,1341429588,4559,"Лента LK4RBP для принтеров Epson LabelWorks 1000P, LW 400, LW 600P, LW 700, LW K400, LW Z700, LW Z800",Эксперимент1,8.0,8.0,0.0,13.7,5.7,20.0,2290.0,0.04,справочная,80,1,6.65,0.0,0.0,6.7,1.25,,0,0.0,0.0,,54.0000000000000000,52.0000000000000000,2.0,41,15,0,45,20,0,8,0,0,0,0,2,13.50,0.0,0,0,"кликов за неделю 1 (за всё время 2), расход 7 ₽ (накоплено 14 ₽) — судить не о чем, наблюдаем"
watch,hold,1273237792,4745,"Картридж CL-461XL для принтеров Canon Pixma MG5740, Pixma MG6840 цветной",Эксперимент1,8.0,8.0,0.0,30.2,22.2,17.9,7799.0,0.03,справочная,58,1,6.57,0.0,0.0,6.6,1.72,,0,0.0,0.0,,82.0000000000000000,66.0000000000000000,16.0,41,-2,0,4503,14,0,8,0,0,0,0,1,6.57,0.0,0,0,"кликов за неделю 1 (за всё время 1), расход 7 ₽ (накоплено 7 ₽) — судить не о чем, наблюдаем"
watch,hold,873313336,3740,"Чернила GT52 для принтеров HP DeskJet GT5810, DeskJetGT5820, Ink Tank 115, Ink Tank 315, SmartTank 500 желтый",от 0 до 1000,12.0,12.0,0.0,0.2,-11.8,5.6,595.0,0.06,справочная,56,1,6.54,0.0,0.0,6.5,1.79,,0,0.0,0.0,,78.0000000000000000,102.0000000000000000,-24.0,75,-16,0,197,17,0,15,0,0,0,3,1,6.54,0.0,0,0,"кликов за неделю 1 (за всё время 1), расход 7 ₽ (накоплено 7 ₽) — судить не о чем, наблюдаем"
watch,hold,653348091,3264,"Картридж TL-420X для Pantum M6700DW, M6800FDW, M7100DN, M7200FD, M7300FDN, P3010D, P3300DN",Эксперимент1,13.0,13.0,0.0,13.3,0.3,17.7,2621.0,0.04,справочная,106,1,6.47,0.0,0.0,6.5,0.94,,4,47.65,1.0,11.9,94.0000000000000000,82.0000000000000000,12.0,129,83,1331,643,12,0,15,0,0,1,6,6,67.78,1.0,0,0,"кликов за неделю 1 (за всё время 6), расход 6 ₽ (накоплено 68 ₽) — судить не о чем, наблюдаем"
watch,hold,2268545185,5001,"Картриджи T7891-T7894 для принтеров Epson WorkForce Pro WF-5110, WF 5190, WF5620, WF-5690",от 2000 до 5000,12.0,12.0,0.0,24.0,12.0,17.2,6567.0,0.03,справочная,10,1,6.46,0.0,0.0,6.5,10.0,,0,0.0,0.0,,,59.0000000000000000,,0,-26,0,0,,0,0,0,0,0,0,3,17.14,0.0,0,0,"кликов за неделю 1 (за всё время 3), расход 6 ₽ (накоплено 17 ₽) — судить не о чем, наблюдаем"
watch,hold,3527200954,0320,"Картридж 82BK для принтеров HP DesignJet 111Tray, DJ 111Roll, DJ 510 24, DJ 510 42",Эксперимент1,8.0,8.0,0.0,11.7,3.7,20.3,1526.0,0.05,справочная,51,1,6.41,0.0,0.0,6.4,1.96,,0,0.0,0.0,,40.0000000000000000,107.0000000000000000,-67.0,26,-5,0,28,11,0,12,0,0,0,1,3,18.65,0.0,0,0,"кликов за неделю 1 (за всё время 3), расход 6 ₽ (накоплено 19 ₽) — судить не о чем, наблюдаем"
watch,hold,652697920,0136,"Картридж CLI-8C для принтеров Canon Pixma iP3300, PixmaiP3500, Pro9000 Mark II голубой",Эксперимент1,7.0,7.0,0.0,,,,,,справочная,31,1,6.35,0.0,0.0,6.3,3.23,,0,0.0,0.0,,93.0000000000000000,65.0000000000000000,28.0,18,7,0,119,74,0,2,0,0,0,0,1,6.35,0.0,0,0,"кликов за неделю 1 (за всё время 1), расход 6 ₽ (накоплено 6 ₽) — судить не о чем, наблюдаем"
watch,hold,1852015549,5816,"Картридж 006R04403 для принтеров Xerox B225, B230, B235 черный",Эксперимент1,8.0,8.0,0.0,24.0,16.0,14.7,12371.0,0.02,справочная,51,1,6.33,0.0,0.0,6.3,1.96,,0,0.0,0.0,,64.0000000000000000,178.0000000000000000,-114.0,27,-12,0,35,51,0,3,0,0,0,0,2,23.89,0.0,0,0,"кликов за неделю 1 (за всё время 2), расход 6 ₽ (накоплено 24 ₽) — судить не о чем, наблюдаем"
watch,hold,652454506,0205,"Картридж CE285X для принтеров HP LaserJet Pro M1132, LJ Pro M1136 черный",Эксперимент1,14.5,14.5,0.0,13.6,-0.9,18.0,2613.0,0.04,справочная,61,1,6.29,0.0,0.0,6.3,1.64,,0,0.0,0.0,,130.0000000000000000,116.0000000000000000,14.0,38,1,0,3519,5,1,10,0,0,0,1,2,7.29,1.0,0,0,"кликов за неделю 1 (за всё время 2), расход 6 ₽ (накоплено 7 ₽) — судить не о чем, наблюдаем"
watch,hold,653147881,1218,"Картридж LC529XLBK для принтеров Brother DCP-J100, DCP J105, MFC-J200 черный",Эксперимент1,7.0,7.0,0.0,,,,,,справочная,84,2,6.16,0.0,0.0,3.1,2.38,,0,0.0,0.0,,143.0000000000000000,58.0000000000000000,85.0,22,-30,0,36,8,1,8,0,0,0,6,4,23.94,1.0,0,0,"кликов за неделю 2 (за всё время 4), расход 6 ₽ (накоплено 24 ₽) — судить не о чем, наблюдаем"
watch,hold,863388934,0179,"Картриджи CLT-609S для принтеров Samsung и CLP-770, CLP 770ND",Эксперимент1,9.0,9.0,0.0,51.2,42.2,13.0,31984.0,0.02,справочная,20,1,6.07,0.0,0.0,6.1,5.0,,0,0.0,0.0,,,42.0000000000000000,,0,-16,0,0,,0,0,0,0,0,0,1,6.07,0.0,0,0,"кликов за неделю 1 (за всё время 1), расход 6 ₽ (накоплено 6 ₽) — судить не о чем, наблюдаем"
watch,hold,930632576,2729,"Картриджи 46508733-46508736 для принтеров OKI C332dn, MC363dn",Эксперимент1,12.89,12.89,0.0,,,,,,справочная,89,1,5.71,0.0,0.0,5.7,1.12,,5,32.52,0.0,6.5,251.0000000000000000,31.0000000000000000,220.0,65,-14,0,4705,4,5,12,0,0,0,4,11,49.34,0.0,0,0,"кликов за неделю 1 (за всё время 11), расход 6 ₽ (накоплено 49 ₽) — судить не о чем, наблюдаем"
watch,hold,1221421165,2398,"Фотобарабан CF365M DU для принтеров HP Color LaserJet Enterprise Flow M880z+, M880z+ NFC/Wireless Direct, LJ M855dn, LJM855x+, LJ-M855xh пурпурный",Эксперимент1,8.0,8.0,0.0,,,,,,справочная,79,1,5.54,0.0,0.0,5.5,1.27,,0,0.0,0.0,,24.0000000000000000,33.0000000000000000,-9.0,75,9,0,209,12,0,7,0,0,0,1,1,5.54,0.0,0,0,"кликов за неделю 1 (за всё время 1), расход 6 ₽ (накоплено 6 ₽) — судить не о чем, наблюдаем"
watch,hold,930621916,1245,Картридж T0342 для принтеров Epson Stylus Photo 2100 голубой,Эксперимент1,6.0,6.0,0.0,,,,,,справочная,29,1,5.41,0.0,0.0,5.4,3.45,,0,0.0,0.0,,203.0000000000000000,47.0000000000000000,156.0,8,1,0,116,4,1,7,1,428.0000,0,2,5,32.66,0.0,0,0,"кликов за неделю 1 (за всё время 5), расход 5 ₽ (накоплено 33 ₽) — судить не о чем, наблюдаем"
watch,hold,1153807024,3083,"Картридж 903XL для принтеров HP OfficeJet 6950, OfficeJet Pro 6960 черный",от 1000-2000,14.0,14.0,0.0,,,,,,справочная,124,2,5.34,0.0,0.0,2.7,1.61,,2,22.79,2.0,11.4,55.0000000000000000,61.0000000000000000,-6.0,46,-45,2025,56,2,2,13,0,0,2,18,5,29.13,2.0,0,0,"кликов за неделю 2 (за всё время 5), расход 5 ₽ (накоплено 29 ₽) — судить не о чем, наблюдаем"
watch,hold,4543081216,64093,Картридж для Kyocera ECOSYS MA2600cfx,Эксперимент1,8.0,8.0,0.0,23.0,15.0,20.1,3802.0,0.04,справочная,104,2,5.33,0.0,0.0,2.7,1.92,,1,18.96,0.0,19.0,29.0000000000000000,50.0000000000000000,-21.0,51,3,0,129,12,0,10,1,3819.0000,0,2,4,30.98,0.0,0,0,"кликов за неделю 2 (за всё время 4), расход 5 ₽ (накоплено 31 ₽) — судить не о чем, наблюдаем"
watch,hold,864225055,0952,"Картриджи 951XL для принтеров HP OfficeJet Pro 251, OfficeJet Pro 276 dw",от 2000 до 5000,12.0,12.0,0.0,23.6,11.6,20.5,3814.0,0.04,справочная,103,1,4.7,0.0,0.0,4.7,0.97,,0,0.0,0.0,,113.0000000000000000,53.0000000000000000,60.0,33,26,0,3428,5,1,15,1,3351.0000,0,1,1,4.7,0.0,0,0,"кликов за неделю 1 (за всё время 1), расход 5 ₽ (накоплено 5 ₽) — судить не о чем, наблюдаем"
watch,hold,4489625603,13231,Картридж для Panasonic KX-MB2110,Эксперимент1,12.89,12.89,0.0,17.3,4.4,19.4,3003.0,0.04,справочная,95,1,4.48,0.0,0.0,4.5,1.05,,0,0.0,0.0,,160.0000000000000000,139.0000000000000000,21.0,31,7,0,710,11,0,14,0,0,0,2,1,4.48,0.0,0,0,"кликов за неделю 1 (за всё время 1), расход 4 ₽ (накоплено 4 ₽) — судить не о чем, наблюдаем"
watch,hold,4463809731,059514,Картридж для Brother DCP-6690CDW,Эксперимент1,8.0,8.0,0.0,1.5,-6.5,8.6,703.0,0.06,справочная,52,1,4.42,1.0,730.0,4.4,1.92,0.6,1,1.0,1.0,1.0,73.0000000000000000,69.0000000000000000,4.0,24,18,426,104,2,3,11,1,730.0000,1,2,2,5.42,2.0,0,0,"кликов за неделю 1 (за всё время 2), расход 4 ₽ (накоплено 5 ₽) — судить не о чем, наблюдаем"
watch,hold,5280121327,5631X10,Комплект тонер-картриджей TK-5440K (10 шт.) на 26000 страниц для принтеров Kyocera ECOSYS MA2100cfx,Вне РК — спрос без рекламы (08.08),21.96,21.96,0.0,121.9,99.9,36.2,19542.0,0.02,справочная,59,1,3.77,0.0,0.0,3.8,1.69,,0,0.0,0.0,,64.0000000000000000,15.0000000000000000,49.0,26,12,0,33,9,3,14,0,0,1,1,1,3.77,0.0,0,0,"кликов за неделю 1 (за всё время 1), расход 4 ₽ (накоплено 4 ₽) — судить не о чем, наблюдаем"
watch,hold,653125968,13671,"Картридж для Xerox Phaser 3020, WC-3025",Эксперимент1,12.89,12.89,0.0,,,,,,справочная,68,1,3.73,0.0,0.0,3.7,1.47,,0,0.0,0.0,,63.0000000000000000,157.0000000000000000,-94.0,15,2,0,32,5,4,6,1,2805.0000,1,3,1,3.73,0.0,0,0,"кликов за неделю 1 (за всё время 1), расход 4 ₽ (накоплено 4 ₽) — судить не о чем, наблюдаем"
watch,hold,2924347562,6693,"Фотобарабан + картридж DK-3180+TK-3060 для принтеров Kyocera EcoSys M3145idn, M3645idn черный",Эксперимент1,8.0,8.0,0.0,40.1,32.1,10.1,39349.0,0.02,справочная,29,1,3.67,0.0,0.0,3.7,3.45,,0,0.0,0.0,,48.0000000000000000,102.0000000000000000,-54.0,26,9,0,37,2,1,15,0,0,0,0,1,3.67,0.0,0,0,"кликов за неделю 1 (за всё время 1), расход 4 ₽ (накоплено 4 ₽) — судить не о чем, наблюдаем"
watch,hold,1141051456,5091,"Фотобарабан IUP16 для принтеров Konica Minolta Bizhub 3300, 3301P, 4000P, 4700P черный",Эксперимент1,8.0,8.0,0.0,19.2,11.2,13.9,10774.0,0.02,справочная,89,2,3.63,0.0,0.0,1.8,2.25,,0,0.0,0.0,,39.0000000000000000,32.0000000000000000,7.0,21,-2,0,29,2,5,14,0,0,0,0,5,18.82,0.0,0,0,"кликов за неделю 2 (за всё время 5), расход 4 ₽ (накоплено 19 ₽) — судить не о чем, наблюдаем"
watch,hold,4489625477,13775,Картридж для HP LaserJet Pro M132fw,от 1000-2000,17.0,17.0,0.0,16.3,-0.7,22.5,1861.0,0.05,справочная,29,1,3.36,0.0,0.0,3.4,3.45,,0,0.0,0.0,,90.0000000000000000,68.0000000000000000,22.0,10,-4,0,21,6,1,9,0,0,0,1,1,3.36,0.0,0,0,"кликов за неделю 1 (за всё время 1), расход 3 ₽ (накоплено 3 ₽) — судить не о чем, наблюдаем"
watch,hold,4493556240,23127,Картридж для HP DeskJet Ink Advantage 2645,от 2000 до 5000,19.0,19.0,0.0,19.7,0.7,18.1,5025.0,0.03,справочная,93,2,2.96,0.0,0.0,1.5,2.15,,0,0.0,0.0,,129.0000000000000000,112.0000000000000000,17.0,38,4,0,3453,24,0,7,0,0,0,3,2,2.96,0.0,0,0,"кликов за неделю 2 (за всё время 2), расход 3 ₽ (накоплено 3 ₽) — судить не о чем, наблюдаем"
watch,hold,874373881,4485,Картриджи CTL-1100XK - CTL-1100XY,Эксперимент1,12.89,12.89,0.0,,,,,,справочная,99,2,2.93,0.0,0.0,1.5,2.02,,1,11.27,0.0,11.3,125.0000000000000000,51.0000000000000000,74.0,58,11,0,3578,11,0,14,0,0,0,4,3,14.20,0.0,0,0,"кликов за неделю 2 (за всё время 3), расход 3 ₽ (накоплено 14 ₽) — судить не о чем, наблюдаем"
watch,hold,653139604,0591,"Картридж LC-1000BK для принтеров DCP-350C, DCP-130C, DCP 150C, MFC-230C, MFC 235C",от 0 до 1000,12.0,12.0,0.0,,,,,,справочная,49,1,2.9,0.0,0.0,2.9,2.04,,1,11.97,0.0,12.0,54.0000000000000000,60.0000000000000000,-6.0,57,7,0,3488,2,5,15,0,0,0,2,4,34.24,0.0,0,0,"кликов за неделю 1 (за всё время 4), расход 3 ₽ (накоплено 34 ₽) — судить не о чем, наблюдаем"
watch,hold,652474821,0104,"Картридж CC530A для принтеров HP Color LaserJet CM2320fx, LJ CP2020, LJ-CP2025 черный",Эксперимент1,8.0,8.0,0.0,15.9,7.9,15.3,3855.0,0.04,справочная,67,1,2.8,1.0,3430.0,2.8,1.49,0.1,1,6.52,0.0,6.5,30.0000000000000000,38.0000000000000000,-8.0,15,-3,0,3411,14,0,3,1,3430.0000,0,3,2,9.32,1.0,0,2,"кликов за неделю 1 (за всё время 2), расход 3 ₽ (накоплено 9 ₽) — судить не о чем, наблюдаем"
watch,hold,1999376047,5953,Картридж THM348 для принтеров Катюша М348 черный,от 5000 до 10000,13.0,13.0,0.0,24.6,11.6,17.2,6729.0,0.03,справочная,70,1,2.67,0.0,0.0,2.7,1.43,,0,0.0,0.0,,52.0000000000000000,40.0000000000000000,12.0,25,-47,0,46,9,2,15,0,0,0,0,3,22.44,0.0,0,0,"кликов за неделю 1 (за всё время 3), расход 3 ₽ (накоплено 22 ₽) — судить не о чем, наблюдаем"
watch,hold,1766855608,5758,"Чернила 108BK для принтеров Epson и EcoTank L6490 L18050, EcoTank L8050, 008 черный",Эксперимент1,10.0,10.0,0.0,4.5,-5.5,14.1,827.0,0.06,справочная,126,2,2.63,0.0,0.0,1.3,1.59,,1,1.0,0.0,1.0,92.0000000000000000,88.0000000000000000,4.0,115,-29,0,550,17,0,13,0,0,0,12,6,23.62,0.0,0,0,"кликов за неделю 2 (за всё время 6), расход 3 ₽ (накоплено 24 ₽) — судить не о чем, наблюдаем"
watch,hold,4543075630,58481,Картридж для HP LaserJet Tank 2606sdn,Эксперимент1,8.0,8.0,0.0,11.7,3.7,18.8,1694.0,0.05,справочная,103,2,2.39,0.0,0.0,1.2,1.94,,1,1.0,0.0,1.0,45.0000000000000000,111.0000000000000000,-66.0,27,10,0,3532,18,0,4,0,0,0,1,5,25.70,1.0,0,0,"кликов за неделю 2 (за всё время 5), расход 2 ₽ (накоплено 26 ₽) — судить не о чем, наблюдаем"
watch,hold,5289887575,6851X2,"Комплект картриджей 40STB15 (2 шт.) на 30000 страниц для принтеров F+ Imaging M40adn, M40adn20, P40dn",Бандлы x2/x6 — старт (08.08),21.96,21.96,0.0,168.9,146.9,25.3,41599.0,0.02,справочная,61,1,2.31,0.0,0.0,2.3,1.64,,0,0.0,0.0,,63.0000000000000000,12.0000000000000000,51.0,38,31,0,53,2,3,8,0,0,0,0,1,2.31,0.0,0,0,"кликов за неделю 1 (за всё время 1), расход 2 ₽ (накоплено 2 ₽) — судить не о чем, наблюдаем"
watch,hold,652609044,2970,"Картридж 047 для принтеров Canon i-SENSYS LBP-110, LBP113, MF110, MF112, MF 113 черный",Эксперимент1,8.0,8.0,0.0,,,,,,справочная,47,1,2.18,0.0,0.0,2.2,2.13,,0,0.0,0.0,,158.0000000000000000,86.0000000000000000,72.0,17,7,0,93,5,2,12,0,0,0,1,1,2.18,0.0,0,0,"кликов за неделю 1 (за всё время 1), расход 2 ₽ (накоплено 2 ₽) — судить не о чем, наблюдаем"
watch,hold,930632159,0587,"Картридж LC-900BK для принтеров Brother DCP-115C, DCP-110C, DCP 116C, FAX-1835C, FAX 1840C, MFC-210C, MFC215C",от 0 до 1000,10.0,10.0,0.0,2.9,-7.1,11.4,744.0,0.06,справочная,50,2,2.0,0.0,0.0,1.0,4.0,,1,9.25,0.0,9.2,103.0000000000000000,50.0000000000000000,53.0,29,-21,0,59,38,0,4,0,0,0,2,6,26.94,1.0,0,0,"кликов за неделю 2 (за всё время 6), расход 2 ₽ (накоплено 27 ₽) — судить не о чем, наблюдаем"
watch,hold,930609259,0718,"Картриджи 718 для принтеров Canon i-SENSYS LBP7200Cdn, LBP7210Cdn, MF724Cdw, MF728Cdw, MF8330, MF8340Cdn",Эксперимент1,12.89,12.89,0.0,31.8,18.9,19.7,10810.0,0.02,справочная,89,2,2.0,2.0,21886.0,1.0,2.25,0.0,3,3.0,0.0,1.0,,35.0000000000000000,,0,-43,0,0,,0,0,2,21886.0000,0,16,8,8.0,4.0,0,0,"кликов за неделю 2 (за всё время 8), расход 2 ₽ (накоплено 8 ₽) — судить не о чем, наблюдаем"
watch,hold,930625072,0848,"Картриджи LC-1000 для принтеров Brother DCP-130C, DCP 150C, MFC-230C, MFC-235C",от 1000-2000,10.0,10.0,0.0,13.9,3.9,19.9,2327.0,0.04,справочная,8,2,2.0,0.0,0.0,1.0,25.0,,1,13.21,0.0,13.2,,30.0000000000000000,,0,-14,0,0,,0,0,0,0,0,0,5,28.37,0.0,0,0,"кликов за неделю 2 (за всё время 5), расход 2 ₽ (накоплено 28 ₽) — судить не о чем, наблюдаем"
watch,hold,4481062395,11707,Картридж для Brother DCP-1610WR,Эксперимент1,8.0,8.0,0.0,10.2,2.2,17.0,1693.0,0.05,справочная,58,2,2.0,0.0,0.0,1.0,3.45,,0,0.0,0.0,,49.0000000000000000,31.0000000000000000,18.0,16,9,0,22,21,0,4,0,0,0,1,2,2.0,0.0,0,0,"кликов за неделю 2 (за всё время 2), расход 2 ₽ (накоплено 2 ₽) — судить не о чем, наблюдаем"
watch,hold,4507508166,29704,Картридж для Canon i-SENSYS MF110,от 1000-2000,19.33,19.33,0.0,14.1,-5.2,22.2,2055.0,0.04,справочная,82,2,2.0,1.0,2090.0,1.0,2.44,0.1,0,0.0,0.0,,97.0000000000000000,67.0000000000000000,30.0,24,-3,0,144,8,2,10,1,2090.0000,0,2,2,2.0,1.0,0,0,"кликов за неделю 2 (за всё время 2), расход 2 ₽ (накоплено 2 ₽) — судить не о чем, наблюдаем"
watch,hold,1510953548,5420,"Картридж 067H M для принтеров Canon i-SENSYS LBP631CW, LBP633Cdw, MF651Cw, MF655Cdw пурпурный",Эксперимент1,13.0,13.0,0.0,26.0,13.0,21.5,3936.0,0.04,справочная,79,2,2.0,0.0,0.0,1.0,2.53,,1,10.97,0.0,11.0,89.0000000000000000,61.0000000000000000,28.0,45,-25,0,108,5,2,5,0,0,0,10,4,21.42,0.0,0,0,"кликов за неделю 2 (за всё время 4), расход 2 ₽ (накоплено 21 ₽) — судить не о чем, наблюдаем"
watch,hold,930620562,2227,"Фотобарабан CF234A для принтеров HP LaserJet Ultra M106, LJ Ultra MFP M134a черный",Эксперимент1,16.1,16.1,0.0,,,,,,справочная,89,1,1.96,0.0,0.0,2.0,1.12,,0,0.0,0.0,,85.0000000000000000,50.0000000000000000,35.0,30,-24,0,34,15,0,15,0,0,1,5,1,1.96,0.0,0,0,"кликов за неделю 1 (за всё время 1), расход 2 ₽ (накоплено 2 ₽) — судить не о чем, наблюдаем"
watch,hold,653209768,0858,"Картридж TN-245M для принтеров Brother DCP-9020cdw, HL-3140cw, HL 3150, HL3170CDW, MFC-9140, MFC-9330 пурпурный",Эксперимент1,12.89,12.89,0.0,26.7,13.8,23.8,3551.0,0.04,справочная,71,1,1.86,0.0,0.0,1.9,1.41,,0,0.0,0.0,,91.0000000000000000,67.0000000000000000,24.0,12,-1,0,24,6,1,4,0,0,0,2,1,1.86,0.0,0,0,"кликов за неделю 1 (за всё время 1), расход 2 ₽ (накоплено 2 ₽) — судить не о чем, наблюдаем"
watch,hold,1744145207,5734,"Картридж BPGT20CA для принтеров Sharp и C-CUBE-BP10Р 20EU, BP20C20EU, BP20C25EU голубой",от 2000 до 5000,12.0,12.0,0.0,24.9,12.9,16.9,10467.0,0.02,справочная,69,1,1.53,0.0,0.0,1.5,1.45,,0,0.0,0.0,,55.0000000000000000,84.0000000000000000,-29.0,56,22,0,512,6,3,15,0,0,0,1,1,1.53,0.0,0,0,"кликов за неделю 1 (за всё время 1), расход 2 ₽ (накоплено 2 ₽) — судить не о чем, наблюдаем"
watch,hold,4493577865,21931,Фотобарабан для HP LaserJet Pro M129,от 1000-2000,12.0,12.0,0.0,12.7,0.7,18.5,2358.0,0.04,справочная,47,1,1.4,0.0,0.0,1.4,2.13,,1,4.27,0.0,4.3,80.0000000000000000,66.0000000000000000,14.0,30,15,0,51,1,1,14,0,0,0,2,2,5.67,0.0,0,0,"кликов за неделю 1 (за всё время 2), расход 1 ₽ (накоплено 6 ₽) — судить не о чем, наблюдаем"
watch,hold,4451944923,015124,Картридж для Epson Stylus TX210,от 0 до 1000,10.0,10.0,0.0,6.8,-3.2,20.5,729.0,0.06,справочная,18,1,1.35,0.0,0.0,1.4,5.56,,0,0.0,0.0,,212.0000000000000000,109.0000000000000000,103.0,12,2,0,12,16,0,11,0,0,0,1,1,1.35,0.0,0,0,"кликов за неделю 1 (за всё время 1), расход 1 ₽ (накоплено 1 ₽) — судить не о чем, наблюдаем"
watch,hold,652805228,02373,Картридж для Kyocera EcoSys M2035DN,Эксперимент1,18.0,18.0,0.0,,,,,,справочная,129,1,1.33,0.0,0.0,1.3,0.78,,0,0.0,0.0,,60.0000000000000000,66.0000000000000000,-6.0,46,-22,0,72,2,2,13,0,0,0,8,3,21.11,0.0,0,0,"кликов за неделю 1 (за всё время 3), расход 1 ₽ (накоплено 21 ₽) — судить не о чем, наблюдаем"
watch,hold,652454515,0202,"Картридж 122XL для принтеров HP DeskJet 3050A, DeskJet 1000",Эксперимент1,8.0,8.0,0.0,,,,,,справочная,71,1,1.32,0.0,0.0,1.3,1.41,,0,0.0,0.0,,88.0000000000000000,126.0000000000000000,-38.0,28,7,0,81,1,3,5,0,0,0,0,1,1.32,0.0,0,0,"кликов за неделю 1 (за всё время 1), расход 1 ₽ (накоплено 1 ₽) — судить не о чем, наблюдаем"
watch,hold,1775290677,5776,"Фотобарабан DR-2400 для принтеров Brother DCP-L2510, L2530, HL-L2310, HL L2350, HLL2370, HL-L2375, L2710, L2730 черный",Эксперимент1,12.89,12.89,0.0,18.3,5.4,20.7,2917.0,0.04,справочная,42,1,1.1,0.0,0.0,1.1,2.38,,0,0.0,0.0,,101.0000000000000000,26.0000000000000000,75.0,14,8,0,16,11,0,6,1,2583.0000,0,2,1,1.1,0.0,0,1,"кликов за неделю 1 (за всё время 1), расход 1 ₽ (накоплено 1 ₽) — судить не о чем, наблюдаем"
watch,hold,864225658,1227,"Картриджи LC563 для принтеров Brother и MFC-J2310, MFC J2510",от 2000 до 5000,12.0,12.0,0.0,18.6,6.6,18.5,3436.0,0.04,справочная,28,1,1.0,0.0,0.0,1.0,3.57,,0,0.0,0.0,,,70.0000000000000000,,0,-20,0,0,,0,0,0,0,0,1,1,1.0,0.0,0,0,"кликов за неделю 1 (за всё время 1), расход 1 ₽ (накоплено 1 ₽) — судить не о чем, наблюдаем"
watch,hold,873314556,3257,"Заправочный комплект PC-211EV / PC-211RB (тонер 65гр + чип + воронка) для Pantum M6500W, M6507W, M6502W, P2500W, P2207, P2200, P2516, P2507",от 1000-2000,13.0,13.0,0.0,11.7,-1.3,20.5,1509.0,0.05,справочная,50,1,1.0,0.0,0.0,1.0,2.0,,0,0.0,0.0,,118.0000000000000000,128.0000000000000000,-10.0,84,-25,0,657,12,0,15,0,0,0,4,1,1.0,0.0,0,0,"кликов за неделю 1 (за всё время 1), расход 1 ₽ (накоплено 1 ₽) — судить не о чем, наблюдаем"
watch,hold,873312923,3639,"Картриджи TK-5195 для принтеров Kyocera TASKalfa 306, TASKalfa 307",от 10000 до 500 тыс,20.93,20.93,0.0,25.7,4.8,13.7,14743.0,0.02,справочная,13,1,1.0,0.0,0.0,1.0,7.69,,0,0.0,0.0,,,81.0000000000000000,,0,-8,0,0,,0,0,0,0,0,1,1,1.0,0.0,0,0,"кликов за неделю 1 (за всё время 1), расход 1 ₽ (накоплено 1 ₽) — судить не о чем, наблюдаем"
watch,hold,1897483981,5884,"Картридж T-2323E для принтеров Toshiba e Studio 2329, eStudio 2823 черный",от 2000 до 5000,19.33,19.33,0.0,19.7,0.4,18.7,3598.0,0.04,справочная,69,1,1.0,0.0,0.0,1.0,1.45,,1,1.0,0.0,1.0,101.0000000000000000,53.0000000000000000,48.0,44,30,0,225,3,4,8,0,0,0,2,2,2.0,0.0,0,0,"кликов за неделю 1 (за всё время 2), расход 1 ₽ (накоплено 2 ₽) — судить не о чем, наблюдаем"
watch,hold,2262643108,6235,"Фотобарабан IUP-19 для принтеров Konica Minolta Bizhub 3320, Bizhub 4020 черный",Эксперимент1,8.0,8.0,0.0,23.6,15.6,14.5,12420.0,0.02,справочная,40,1,1.0,0.0,0.0,1.0,2.5,,0,0.0,0.0,,32.0000000000000000,44.0000000000000000,-12.0,44,21,0,289,7,1,5,0,0,0,0,1,1.0,0.0,0,0,"кликов за неделю 1 (за всё время 1), расход 1 ₽ (накоплено 1 ₽) — судить не о чем, наблюдаем"
watch,hold,3557210660,6850,"Картридж 40STB06 для принтеров F+ Imaging M40adn, M40adn20, P40dn черный",Эксперимент1,12.89,12.89,0.0,26.6,13.7,13.0,16633.0,0.02,справочная,146,1,1.0,1.0,17016.0,1.0,0.68,0.0,4,20.79,0.0,5.2,19.0000000000000000,18.0000000000000000,1.0,58,43,0,71,1,8,15,1,17016.0000,0,2,5,21.79,1.0,0,0,"кликов за неделю 1 (за всё время 5), расход 1 ₽ (накоплено 22 ₽) — судить не о чем, наблюдаем"
watch,hold,4451978146,02025,Картридж для HP DeskJet 2050A,Эксперимент1,12.89,12.89,0.0,27.7,14.8,21.1,5733.0,0.03,справочная,250,1,1.0,0.0,0.0,1.0,0.4,,0,0.0,0.0,,168.0000000000000000,129.0000000000000000,39.0,25,-8,0,3482,21,0,13,0,0,0,1,1,1.0,0.0,0,0,"кликов за неделю 1 (за всё время 1), расход 1 ₽ (накоплено 1 ₽) — судить не о чем, наблюдаем"
watch,hold,4515704247,34481,Картридж для Canon i-SENSYS LBP-223 dw,от 2000 до 5000,19.33,19.33,0.0,18.3,-1.0,16.5,3970.0,0.04,справочная,51,1,1.0,0.0,0.0,1.0,1.96,,0,0.0,0.0,,84.0000000000000000,40.0000000000000000,44.0,19,-38,0,21,21,0,15,0,0,0,1,4,47.34,1.0,0,0,"кликов за неделю 1 (за всё время 4), расход 1 ₽ (накоплено 47 ₽) — судить не о чем, наблюдаем"
watch,hold,4527378721,45429,Картридж для HP Laser 137FNW MFP,Эксперимент1,8.0,8.0,0.0,20.7,12.7,20.3,3376.0,0.04,справочная,20,1,1.0,0.0,0.0,1.0,5.0,,0,0.0,0.0,,102.0000000000000000,89.0000000000000000,13.0,18,-3,0,23,5,1,4,0,0,0,4,1,1.0,0.0,0,0,"кликов за неделю 1 (за всё время 1), расход 1 ₽ (накоплено 1 ₽) — судить не о чем, наблюдаем"
watch,hold,864225106,0992,"Картридж 44469809 для принтеров OKI C511, C310dn, C310n, C330, C330dn, C331, C331dn, C510, C511, C511dn C530 C531 C531dn MC351 MC351dn MC352dn MC561dn MC562dn",Эксперимент1,12.89,12.89,0.0,,,,,,справочная,93,1,1.0,1.0,2791.0,1.0,1.08,0.0,1,9.24,1.0,9.2,52.0000000000000000,60.0000000000000000,-8.0,12,8,0,28,1,2,12,1,2791.0000,1,2,2,10.24,2.0,0,0,"кликов за неделю 1 (за всё время 2), расход 1 ₽ (накоплено 10 ₽) — судить не о чем, наблюдаем"
watch,hold,1220707028,5237,"Картридж 069 для принтеров Canon i-SENSYS LBP673Cdw, MF752Cdw, MF754Cdw черный",Эксперимент1,16.1,16.1,0.0,,,,,,справочная,75,1,1.0,0.0,0.0,1.0,1.33,,0,0.0,0.0,,83.0000000000000000,63.0000000000000000,20.0,16,-1,0,28,11,0,14,0,0,0,7,2,10.31,0.0,0,0,"кликов за неделю 1 (за всё время 2), расход 1 ₽ (накоплено 10 ₽) — судить не о чем, наблюдаем"
watch,hold,863431965,0481,Картридж T036 Epson черный совместимый,от 0 до 1000,10.0,10.0,0.0,,,,,,справочная,25,1,1.0,0.0,0.0,1.0,4.0,,0,0.0,0.0,,63.0000000000000000,32.0000000000000000,31.0,17,-6,0,16,3,1,15,0,0,0,2,1,1.0,0.0,0,0,"кликов за неделю 1 (за всё время 1), расход 1 ₽ (накоплено 1 ₽) — судить не о чем, наблюдаем"
watch,hold,863393171,0078,"Картриджи T0481-T0486 для принтеров Epson Stylus Photo R200, Stylus Photo R220 набор cmyk lclm",от 2000 до 5000,12.0,12.0,0.0,18.9,6.9,17.4,3813.0,0.04,справочная,55,1,1.0,0.0,0.0,1.0,1.82,,0,0.0,0.0,,142.0000000000000000,66.0000000000000000,76.0,21,-1,0,46,27,0,15,0,0,0,0,1,1.0,0.0,0,0,"кликов за неделю 1 (за всё время 1), расход 1 ₽ (накоплено 1 ₽) — судить не о чем, наблюдаем"
watch,hold,874373782,4475,"Картридж 730PBK для принтеров HP DesignJet T1700, DJ T1700dr фото-черный",Эксперимент1,12.89,12.89,0.0,32.1,19.2,13.6,18639.0,0.02,справочная,77,1,1.0,0.0,0.0,1.0,1.3,,0,0.0,0.0,,46.0000000000000000,161.0000000000000000,-115.0,27,2,0,26,15,0,15,0,0,0,1,1,1.0,0.0,0,0,"кликов за неделю 1 (за всё время 1), расход 1 ₽ (накоплено 1 ₽) — судить не о чем, наблюдаем"
watch,hold,1510954439,5419,"Картридж 067H C для принтеров Canon i-SENSYS LBP631CW, LBP633Cdw, MF651Cw, MF655Cdw голубой",Эксперимент1,8.0,8.0,0.0,27.9,19.9,22.2,4050.0,0.04,справочная,73,1,1.0,0.0,0.0,1.0,1.37,,0,0.0,0.0,,120.0000000000000000,94.0000000000000000,26.0,26,0,0,10297,6,2,13,0,0,0,11,1,1.0,0.0,0,0,"кликов за неделю 1 (за всё время 1), расход 1 ₽ (накоплено 1 ₽) — судить не о чем, наблюдаем"
watch,hold,4450870372,001812,Картридж для Canon FC-208,от 2000 до 5000,19.33,19.33,0.0,29.8,10.5,21.5,6029.0,0.03,справочная,79,1,1.0,0.0,0.0,1.0,1.27,,1,11.86,0.0,11.9,43.0000000000000000,90.0000000000000000,-47.0,46,-30,0,3528,10,1,12,0,0,0,1,5,30.22,1.0,0,0,"кликов за неделю 1 (за всё время 5), расход 1 ₽ (накоплено 30 ₽) — судить не о чем, наблюдаем"
watch,hold,4463810720,05956,Картридж для Brother DCP-195C,Эксперимент1,8.0,8.0,0.0,1.8,-6.2,9.1,715.0,0.06,справочная,43,1,1.0,0.0,0.0,1.0,2.33,,0,0.0,0.0,,56.0000000000000000,34.0000000000000000,22.0,9,3,0,25,4,1,4,0,0,0,1,1,1.0,0.0,0,0,"кликов за неделю 1 (за всё время 1), расход 1 ₽ (накоплено 1 ₽) — судить не о чем, наблюдаем"
watch,hold,863386218,3263,"Фотобарабан DL-420 XL DU для принтеров M6700D, M6800FDW, M7100DN, M7200FD, P3010D, P3300DN черный",Эксперимент1,16.1,16.1,0.0,,,,,,справочная,84,1,1.0,1.0,2648.0,1.0,1.19,0.0,0,0.0,0.0,,145.0000000000000000,98.0000000000000000,47.0,20,4,0,131,7,2,14,1,2648.0000,0,4,1,1.0,1.0,0,0,"кликов за неделю 1 (за всё время 1), расход 1 ₽ (накоплено 1 ₽) — судить не о чем, наблюдаем"
watch,hold,873313582,3386,"Блок проявки DV-170 для принтеров Kyocera EcoSys P2135, FS-1320, FS 1370 черный",Эксперимент1,8.0,8.0,0.0,,,,,,справочная,101,1,1.0,0.0,0.0,1.0,0.99,,7,46.18,0.0,6.6,22.0000000000000000,29.0000000000000000,-7.0,140,87,0,3717,2,4,12,0,0,0,1,9,57.09,0.0,0,0,"кликов за неделю 1 (за всё время 9), расход 1 ₽ (накоплено 57 ₽) — судить не о чем, наблюдаем"
watch,hold,651911555,0194,"Картридж 56 для принтеров HP DeskJet 5150, DeskJet 450cbi, PSC-2175, PSC-2210, DeskJet450wbt, Digital Copier 410, OfficeJet4105, OfficeJet 4110, PhotoSmart 7150, PhotoSmart 7260, PSC-1100 PSC1110",от 2000 до 5000,20.93,20.93,0.0,,,,,,справочная,120,1,1.0,0.0,0.0,1.0,0.83,,0,0.0,0.0,,165.0000000000000000,64.0000000000000000,101.0,37,-31,0,128,11,0,9,0,0,0,2,2,14.39,0.0,0,0,"кликов за неделю 1 (за всё время 2), расход 1 ₽ (накоплено 14 ₽) — судить не о чем, наблюдаем"
watch,hold,906875340,1460,"Картридж T1361Bk для принтеров Epson K101, K201, K301 черный",Эксперимент1,7.0,7.0,0.0,,,,,,справочная,27,1,1.0,0.0,0.0,1.0,3.7,,0,0.0,0.0,,29.0000000000000000,125.0000000000000000,-96.0,16,-2,0,19,4,3,14,0,0,0,0,1,1.0,0.0,0,0,"кликов за неделю 1 (за всё время 1), расход 1 ₽ (накоплено 1 ₽) — судить не о чем, наблюдаем"
watch,hold,653039783,0852,"Фотобарабан DR-2335 DU для принтеров Brother DCP-L2500, DCP L2520, HL-L2300, HLL2340, HL L2360, HL-L2365, MFC-L2700, MFC L2720DWR черный",Эксперимент1,12.89,12.89,0.0,,,,,,справочная,45,1,1.0,0.0,0.0,1.0,2.22,,1,1.0,0.0,1.0,87.0000000000000000,98.0000000000000000,-11.0,35,14,0,3452,4,2,5,0,0,0,2,2,2.0,0.0,0,0,"кликов за неделю 1 (за всё время 2), расход 1 ₽ (накоплено 2 ₽) — судить не о чем, наблюдаем"
watch,hold,863418815,4209,"Картриджи W2070A-W2073A для принтеров HP Color Laser 150a, HP Color Laser 150nw",от 5000 до 10000,19.33,19.33,0.0,,,,,,справочная,15,1,1.0,0.0,0.0,1.0,6.67,,0,0.0,0.0,,102.0000000000000000,89.0000000000000000,13.0,21,-18,0,2126,6,1,15,0,0,0,1,1,1.0,0.0,0,0,"кликов за неделю 1 (за всё время 1), расход 1 ₽ (накоплено 1 ₽) — судить не о чем, наблюдаем"
watch,hold,652997525,0904,"Картридж LC-1240Y для принтеров Brother DCP-J525W, DCP J725DW, MFC-J430W, MFC-J5910DW желтый",Эксперимент1,7.0,7.0,0.0,7.5,0.5,16.8,1269.0,0.05,справочная,67,1,1.0,0.0,0.0,1.0,1.49,,1,1.0,0.0,1.0,35.0000000000000000,23.0000000000000000,12.0,41,21,0,114,2,3,7,0,0,0,3,2,2.0,0.0,0,0,"кликов за неделю 1 (за всё время 2), расход 1 ₽ (накоплено 2 ₽) — судить не о чем, наблюдаем"
watch,hold,1510953436,5421,"Картридж 067H Y для принтеров Canon i-SENSYS LBP631CW, LBP633Cdw, MF651Cw, MF655Cdw желтый",Эксперимент1,10.0,10.0,0.0,25.5,15.5,21.2,3936.0,0.04,справочная,47,1,1.0,0.0,0.0,1.0,2.13,,0,0.0,0.0,,97.0000000000000000,70.0000000000000000,27.0,27,-10,0,109,13,0,15,0,0,0,6,1,1.0,0.0,0,0,"кликов за неделю 1 (за всё время 1), расход 1 ₽ (накоплено 1 ₽) — судить не о чем, наблюдаем"
watch,hold,3550138162,6547,"Картриджи 064H для принтеров Canon i-SENSYS LBP-722Cdw, MF832Cdw",от 10000 до 500 тыс,19.33,19.33,0.0,28.6,9.3,11.3,22680.0,0.02,справочная,16,1,1.0,0.0,0.0,1.0,6.25,,0,0.0,1.0,,,28.0000000000000000,,0,-280,0,0,,0,0,0,0,1,6,12,99.15,1.0,0,0,"кликов за неделю 1 (за всё время 12), расход 1 ₽ (накоплено 99 ₽) — судить не о чем, наблюдаем"
watch,hold,653325357,5345,"Картридж SCX-4216 для принтеров Samsung и SCX-4016, SCX 4100, SF-560, SF565P, SF 750, SF-755P черный",от 2000 до 5000,12.0,12.0,0.0,,,,,,справочная,25,1,1.0,0.0,0.0,1.0,4.0,,0,0.0,0.0,,72.0000000000000000,75.0000000000000000,-3.0,14,-9,0,24,9,1,14,0,0,0,0,1,1.0,0.0,0,0,"кликов за неделю 1 (за всё время 1), расход 1 ₽ (накоплено 1 ₽) — судить не о чем, наблюдаем"
watch,hold,873313593,3615,"Картридж KX-FAT421A7 для принтеров Panasonic KX-MB2230, KX MB2235, KXMB2270, KX-MB2275, KX MB2515 черный",Эксперимент1,14.5,14.5,0.0,,,,,,справочная,102,1,1.0,0.0,0.0,1.0,0.98,,0,0.0,0.0,,186.0000000000000000,169.0000000000000000,17.0,23,6,0,611,9,1,15,0,0,0,2,1,1.0,0.0,0,0,"кликов за неделю 1 (за всё время 1), расход 1 ₽ (накоплено 1 ₽) — судить не о чем, наблюдаем"
watch,hold,874373938,4466,"Картридж T41F340 для принтеров Epson SureColor SC-T3400, SureColor T5400 пурпурный",от 10000 до 500 тыс,19.33,19.33,0.0,,,,,,справочная,41,1,1.0,0.0,0.0,1.0,2.44,,0,0.0,0.0,,40.0000000000000000,19.0000000000000000,21.0,21,-6,0,161,7,1,5,0,0,0,1,1,1.0,0.0,0,0,"кликов за неделю 1 (за всё время 1), расход 1 ₽ (накоплено 1 ₽) — судить не о чем, наблюдаем"
watch,hold,1146702506,5221,Картридж TL-5126H для принтеров BM5106ADN черный,от 2000 до 5000,12.0,12.0,0.0,,,,,,справочная,25,1,1.0,0.0,0.0,1.0,4.0,,0,0.0,0.0,,214.0000000000000000,78.0000000000000000,136.0,9,-7,0,3475,17,0,9,0,0,0,1,1,1.0,0.0,0,0,"кликов за неделю 1 (за всё время 1), расход 1 ₽ (накоплено 1 ₽) — судить не о чем, наблюдаем"
watch,hold,900989003,0429,"Картридж C4129X для принтеров HP LaserJet 5000, LJ 5100 черный",от 5000 до 10000,19.33,19.33,0.0,25.4,6.1,16.7,7246.0,0.03,справочная,32,1,1.0,0.0,0.0,1.0,3.12,,1,14.06,0.0,14.1,53.0000000000000000,66.0000000000000000,-13.0,19,-7,0,3310,3,2,5,0,0,0,1,3,50.88,0.0,0,0,"кликов за неделю 1 (за всё время 3), расход 1 ₽ (накоплено 51 ₽) — судить не о чем, наблюдаем"
yellow,hold,863384426,0006,"Картриджи 731 для принтеров Canon i-SENSYS LBP-7100Cn, LBP 7110, MF623cn, MF628cw, MF8230cn, MF8280cw",от 5000 до 10000,19.33,19.33,0.0,10.2,-9.1,8.4,9986.0,0.03,справочная,85,1,1.0,0.0,0.0,1.0,1.18,,4,48.85,1.0,12.2,,48.0000000000000000,,0,-175,0,0,,0,0,0,0,1,11,16,161.15,3.0,0,0,"за неделю заказов нет, но и трафика почти нет (1 кликов, 1 ₽); за всё время 3 заказ(ов) — держим"
watch,hold,863385790,3522,"Картриджи T9441-T9444 для принтеров Epson WorkForce Pro C5210, WF Pro C5215",Эксперимент1,12.89,12.89,0.0,25.3,12.4,17.8,6583.0,0.03,справочная,92,1,1.0,0.0,0.0,1.0,1.09,,2,4.98,0.0,2.5,,51.0000000000000000,,0,-56,0,0,,0,0,0,0,0,1,6,14.49,1.0,0,0,"кликов за неделю 1 (за всё время 6), расход 1 ₽ (накоплено 14 ₽) — судить не о чем, наблюдаем"
watch,hold,864225354,0993,"Картридж 44469716 для принтеров OKI C310dn, c310n, c330, C330dn, C331, c331dn, C510, C511 c511dn C530 C531 c531dn mc351 MC351dn MC352dn MC561dn MC562dn голубой",Эксперимент1,8.0,8.0,0.0,14.4,6.4,18.1,2741.0,0.04,справочная,44,1,1.0,0.0,0.0,1.0,2.27,,0,0.0,0.0,,54.0000000000000000,84.0000000000000000,-30.0,9,4,0,26,9,1,8,0,0,0,0,1,1.0,0.0,0,0,"кликов за неделю 1 (за всё время 1), расход 1 ₽ (накоплено 1 ₽) — судить не о чем, наблюдаем"
watch,hold,930633061,3062,Картридж TK-5290M для принтеров Kyocera и Ecosys P7240cdn пурпурный,Эксперимент1,8.0,8.0,0.0,15.4,7.4,22.4,1771.0,0.05,справочная,35,1,1.0,0.0,0.0,1.0,2.86,,0,0.0,0.0,,73.0000000000000000,89.0000000000000000,-16.0,4,-5,0,6,12,0,2,0,0,0,3,1,1.0,0.0,0,0,"кликов за неделю 1 (за всё время 1), расход 1 ₽ (накоплено 1 ₽) — судить не о чем, наблюдаем"
watch,hold,4490428697,17182,Картридж для Kyocera EcoSys M2635dn,от 1000-2000,14.0,14.0,0.0,11.6,-2.4,18.4,1732.0,0.05,справочная,54,1,1.0,0.0,0.0,1.0,1.85,,3,22.79,1.0,7.6,77.0000000000000000,44.0000000000000000,33.0,51,22,1237,101,11,0,15,0,0,2,3,5,27.61,1.0,0,0,"кликов за неделю 1 (за всё время 5), расход 1 ₽ (накоплено 28 ₽) — судить не о чем, наблюдаем"
watch,hold,4527387470,53395,Картридж для HP LaserJet M2727nf,Эксперимент1,8.0,8.0,0.0,21.1,13.1,19.7,3581.0,0.04,справочная,50,1,1.0,0.0,0.0,1.0,2.0,,3,7.96,0.0,2.7,42.0000000000000000,32.0000000000000000,10.0,98,38,0,360,6,1,13,0,0,0,2,7,18.79,0.0,0,0,"кликов за неделю 1 (за всё время 7), расход 1 ₽ (накоплено 19 ₽) — судить не о чем, наблюдаем"
watch,hold,873320626,3770,"Картриджи W2070X-W2073X для принтеров HP Color Laser 150a, HP Color Laser 150nw",от 5000 до 10000,22.54,22.54,0.0,,,,,,справочная,28,1,1.0,0.0,0.0,1.0,3.57,,0,0.0,0.0,,98.0000000000000000,114.0000000000000000,-16.0,75,-22,0,12293,44,0,5,0,0,0,1,6,75.75,0.0,0,0,"кликов за неделю 1 (за всё время 6), расход 1 ₽ (накоплено 76 ₽) — судить не о чем, наблюдаем"
watch,hold,651918320,1285,"Картридж TN-3480 для принтеров Brother MFC-L5750dw MFC L6700 HL L5100dn MFC L6750 DCP L5500dn DCPL5600 HL L5000d, HL L5100dn, HL L5200dw, HL L6200, DCP L5650, HLL6250, HLL6400 и MFC L5700dn",Эксперимент1,9.0,9.0,0.0,,,,,,справочная,37,1,1.0,0.0,0.0,1.0,2.7,,0,0.0,0.0,,91.0000000000000000,91.0000000000000000,0.0,43,25,0,61,28,0,9,0,0,0,0,2,6.92,0.0,0,0,"кликов за неделю 1 (за всё время 2), расход 1 ₽ (накоплено 7 ₽) — судить не о чем, наблюдаем"
watch,hold,1155649375,0926,"Картридж T1301XL-T1304XL для принтеров Epson Stylus Office B42WD, BX525WD, BX535WD, BX625FWD, BX635FWD, BX925FWD, BX935FWD, Stylus SX525WD WF-3010DW WF3520DWF WF-3530DTWF WF3540DTWF WF 7015 WF 7525",Эксперимент1,8.0,8.0,0.0,,,,,,справочная,70,1,1.0,0.0,0.0,1.0,1.43,,1,7.36,0.0,7.4,70.0000000000000000,88.0000000000000000,-18.0,20,-6,0,25,11,0,15,0,0,0,1,2,8.36,0.0,0,0,"кликов за неделю 1 (за всё время 2), расход 1 ₽ (накоплено 8 ₽) — судить не о чем, наблюдаем"
watch,hold,5278411260,5418X2,"Комплект картриджей 067H Bk (2 шт.) на 6260 страниц для принтеров Canon i-SENSYS LBP-631CW, LBP633Cdw, MF651Cw, MF655Cdw",Вне РК — спрос без рекламы (08.08),21.96,21.96,0.0,52.6,30.6,28.5,7465.0,0.03,справочная,63,1,0.1,0.0,0.0,0.1,1.59,,0,0.0,0.0,,87.0000000000000000,34.0000000000000000,53.0,20,10,5355,25,32,0,4,0,0,1,1,1,0.1,0.0,0,0,"кликов за неделю 1 (за всё время 1), расход 0 ₽ (накоплено 0 ₽) — судить не о чем, наблюдаем"
watch,hold,1158623463,0716,"Картридж 718M для принтеров Canon и i-SENSYS LBP7200Cdn, LBP7210Cdn, MF724Cdw, MF728Cdw, MF8330, MF8340Cdn пурпурный",Эксперимент1,8.0,8.0,0.0,22.5,14.5,18.9,4044.0,0.04,справочная,32,0,0.0,0.0,0.0,,0.0,,0,0.0,0.0,,84.0000000000000000,82.0000000000000000,2.0,8,-4,0,8,,0,0,0,0,0,0,0,0.0,0.0,0,0,"кликов за неделю 0 (за всё время 0), расход 0 ₽ (накоплено 0 ₽) — судить не о чем, наблюдаем"
watch,hold,1232681952,1290,"Картридж TNP-36 для принтеров Konica Minolta 3300P, Bizhub 3300 черный",от 2000 до 5000,12.0,12.0,0.0,20.2,8.2,17.6,4007.0,0.04,справочная,10,0,0.0,0.0,0.0,,0.0,,0,0.0,0.0,,56.0000000000000000,54.0000000000000000,2.0,12,3,0,24,19,0,6,0,0,0,0,1,11.82,0.0,0,0,"кликов за неделю 0 (за всё время 1), расход 0 ₽ (накоплено 12 ₽) — судить не о чем, наблюдаем"
watch,hold,864225830,1279,"Картридж CF410A для принтеров HP LJ Color Pro M377dw, M452dn, M452nw, M477fdn, M477fdw черный",Эксперимент1,14.5,14.5,0.0,22.6,8.1,21.4,3450.0,0.04,справочная,77,0,0.0,0.0,0.0,,0.0,,0,0.0,0.0,,49.0000000000000000,46.0000000000000000,3.0,26,-2,0,6912,4,2,15,0,0,0,8,0,0.0,0.0,0,0,"кликов за неделю 0 (за всё время 0), расход 0 ₽ (накоплено 0 ₽) — судить не о чем, наблюдаем"
watch,hold,864225830,1279,"Картридж CF410A для принтеров HP LJ Color Pro M377dw, M452dn, M452nw, M477fdn, M477fdw черный",от 2000 до 5000,25.77,25.77,0.0,22.6,-3.2,21.4,3450.0,0.04,справочная,25,0,0.0,0.0,0.0,,0.0,,0,0.0,0.0,,49.0000000000000000,46.0000000000000000,3.0,26,-2,0,6912,4,2,15,0,0,0,8,1,3.07,0.0,0,0,"кликов за неделю 0 (за всё время 1), расход 0 ₽ (накоплено 3 ₽) — судить не о чем, наблюдаем"
watch,hold,870872386,2343,"Картридж 106R03488 для принтеров Xerox Phaser 6510, WC 6515 черный",Эксперимент1,12.89,12.89,0.0,15.1,2.2,17.2,3102.0,0.04,справочная,104,0,0.0,0.0,0.0,,0.0,,0,0.0,0.0,,61.0000000000000000,46.0000000000000000,15.0,18,-17,0,3472,13,0,11,0,0,0,3,2,23.64,1.0,0,0,"кликов за неделю 0 (за всё время 2), расход 0 ₽ (накоплено 24 ₽) — судить не о чем, наблюдаем"
watch,hold,1003270685,4823,"Фотобарабан A7U40RD для принтеров Konica Minolta Bizhub 308, Bizhub 368 черный",от 10000 до 500 тыс,13.0,13.0,0.0,24.3,11.3,14.7,12549.0,0.02,справочная,33,0,0.0,0.0,0.0,,0.0,,1,13.59,0.0,13.6,50.0000000000000000,28.0000000000000000,22.0,29,-2,0,3438,3,2,15,0,0,0,0,1,13.59,0.0,0,0,"кликов за неделю 0 (за всё время 1), расход 0 ₽ (накоплено 14 ₽) — судить не о чем, наблюдаем"
watch,hold,4451995118,02792,Картридж для Samsung SCX-4833FD,Вне РК — спрос без рекламы (08.08),21.96,21.96,0.0,32.5,10.5,23.6,4370.0,0.04,справочная,30,0,0.0,0.0,0.0,,0.0,,0,0.0,0.0,,43.0000000000000000,12.0000000000000000,31.0,18,8,0,21,3,4,15,0,0,0,1,0,0.0,0.0,0,0,"кликов за неделю 0 (за всё время 0), расход 0 ₽ (накоплено 0 ₽) — судить не о чем, наблюдаем"
watch,hold,1139101724,5036,"Картридж 82 Y для принтеров HP DesignJet 500, DJ 510, DJ 800 желтый",от 2000 до 5000,19.33,19.33,0.0,25.3,6.0,19.8,4282.0,0.04,справочная,61,0,0.0,0.0,0.0,,0.0,,0,0.0,0.0,,62.0000000000000000,141.0000000000000000,-79.0,1,-17,0,1,,0,0,0,0,0,1,0,0.0,0.0,0,0,"кликов за неделю 0 (за всё время 0), расход 0 ₽ (накоплено 0 ₽) — судить не о чем, наблюдаем"
watch,hold,873319542,4144,"Картридж №963XL для принтеров HP OfficeJet Pro 9010, OfficeJet Pro 9013 пурпурный",от 2000 до 5000,12.0,12.0,0.0,20.2,8.2,17.8,5271.0,0.03,справочная,19,0,0.0,0.0,0.0,,0.0,,0,0.0,0.0,,127.0000000000000000,81.0000000000000000,46.0,26,-2,0,3435,17,0,12,0,0,0,2,0,0.0,0.0,0,0,"кликов за неделю 0 (за всё время 0), расход 0 ₽ (накоплено 0 ₽) — судить не о чем, наблюдаем"
watch,hold,651929559,3066,"Картридж T9452 C для принтеров Epson и WorkForce Pro C5210, WF Pro C5215 голубой",Эксперимент1,12.89,12.89,0.0,19.8,6.9,22.2,2882.0,0.04,справочная,93,0,0.0,0.0,0.0,,0.0,,0,0.0,0.0,,56.0000000000000000,65.0000000000000000,-9.0,14,0,0,22,1,1,10,0,0,0,1,0,0.0,0.0,0,0,"кликов за неделю 0 (за всё время 0), расход 0 ₽ (накоплено 0 ₽) — судить не о чем, наблюдаем"
watch,hold,652454564,0052,"Картридж CB540A для принтеров HP и Color LaserJet CM1300, LJ-CM1312, LJ CP1210, LJCP1215, LJ CP1510, LJCP1515, LJ-CP1518 черный",Эксперимент1,8.0,8.0,0.0,23.7,15.7,19.9,3969.0,0.04,справочная,32,0,0.0,0.0,0.0,,0.0,,0,0.0,0.0,,110.0000000000000000,66.0000000000000000,44.0,13,3,0,6755,1,1,10,0,0,0,2,0,0.0,0.0,0,0,"кликов за неделю 0 (за всё время 0), расход 0 ₽ (накоплено 0 ₽) — судить не о чем, наблюдаем"
watch,hold,652492337,0203,"Картридж 122XL для принтеров HP DeskJet 1000 - J110a, DeskJet 1010, Officejet 2620, Officejet 2621 цветной",Эксперимент1,8.0,8.0,0.0,21.4,13.4,17.9,5538.0,0.03,справочная,44,0,0.0,0.0,0.0,,0.0,,0,0.0,0.0,,126.0000000000000000,173.0000000000000000,-47.0,22,-8,0,28,10,1,12,0,0,0,0,1,15.08,0.0,0,0,"кликов за неделю 0 (за всё время 1), расход 0 ₽ (накоплено 15 ₽) — судить не о чем, наблюдаем"
watch,hold,652456524,0306,"Картридж 78 для принтеров HP DeskJet 1280 DeskJet 1220, Copier 180 Copier 190, DeskJet 1180 PSC-750 DeskJet 1220 FAX-1230 OfficeJet 5105 OfficeJet 5110 PhotoSmart 1000 PhotoSmart 1100 PSC-720 PSC 760",Вне РК — спрос без рекламы (08.08),21.96,21.96,0.0,23.8,1.8,16.9,6661.0,0.03,справочная,0,0,0,0,0,,,,0,0,0,,,,,0,0,0,0,,0,0,0,0,0,0,0,0,0,0,0,"кликов за неделю 0 (за всё время 0), расход 0 ₽ (накоплено 0 ₽) — судить не о чем, наблюдаем"
watch,hold,652468917,0107,"Картридж CC533A для принтеров HP и Color LaserJet CM2320n, LJ CP2025, LJ-CP2025n, LJ CM2320fxi пурпурный",Эксперимент1,9.0,9.0,0.0,23.2,14.2,19.7,3942.0,0.04,справочная,11,0,0.0,0.0,0.0,,0.0,,0,0.0,0.0,,57.0000000000000000,83.0000000000000000,-26.0,3,0,0,3,,0,0,2,6938.0000,0,3,0,0.0,0.0,0,0,"кликов за неделю 0 (за всё время 0), расход 0 ₽ (накоплено 0 ₽) — судить не о чем, наблюдаем"
watch,hold,652470207,2291,"Картридж CF532A для принтеров HP Color LJ Pro M154 a, LJ Pro M180n желтый",Эксперимент1,10.0,10.0,0.0,17.5,7.5,18.4,3271.0,0.04,справочная,27,0,0.0,0.0,0.0,,0.0,,0,0.0,0.0,,78.0000000000000000,41.0000000000000000,37.0,13,9,0,6709,21,0,9,0,0,0,0,0,0.0,0.0,0,0,"кликов за неделю 0 (за всё время 0), расход 0 ₽ (накоплено 0 ₽) — судить не о чем, наблюдаем"
watch,hold,652558295,2293,"Картридж CF530A для принтеров HP Color LJ Pro M154 a, LJ Pro M180n черный",Эксперимент1,10.0,10.0,0.0,25.2,15.2,23.4,3420.0,0.04,справочная,48,0,0.0,0.0,0.0,,0.0,,0,0.0,0.0,,42.0000000000000000,60.0000000000000000,-18.0,13,0,0,26,3,2,10,0,0,0,6,0,0.0,0.0,0,1,"кликов за неделю 0 (за всё время 0), расход 0 ₽ (накоплено 0 ₽) — судить не о чем, наблюдаем"
watch,hold,652468928,2292,"Картридж CF531A для принтеров HP Color LJ Pro M154 a, LJ Pro M180n голубой",Эксперимент1,8.0,8.0,0.0,17.5,9.5,18.4,3271.0,0.04,справочная,24,0,0.0,0.0,0.0,,0.0,,0,0.0,0.0,,75.0000000000000000,39.0000000000000000,36.0,15,12,0,6981,11,0,13,0,0,0,0,0,0.0,0.0,0,0,"кликов за неделю 0 (за всё время 0), расход 0 ₽ (накоплено 0 ₽) — судить не о чем, наблюдаем"
watch,hold,652547591,1253,"Картридж PGI-425PGBK для принтеров Canon Pixma iP4840, PixmaiP4940 черный",от 0 до 1000,11.0,11.0,0.0,0.6,-10.4,6.8,576.0,0.06,справочная,20,0,0.0,0.0,0.0,,0.0,,0,0.0,0.0,,108.0000000000000000,126.0000000000000000,-18.0,21,-3,0,23,24,0,15,0,0,0,2,0,0.0,0.0,0,0,"кликов за неделю 0 (за всё время 0), расход 0 ₽ (накоплено 0 ₽) — судить не о чем, наблюдаем"
watch,hold,652699669,0130,"Картридж PGI-520BK для принтеров Canon Pixma iP3600, Pixma iP4600 черный",от 0 до 1000,11.0,11.0,0.0,6.8,-4.2,22.1,660.0,0.06,справочная,42,0,0.0,0.0,0.0,,0.0,,0,0.0,0.0,,73.0000000000000000,72.0000000000000000,1.0,55,14,0,62,26,0,15,0,0,0,1,0,0.0,0.0,0,0,"кликов за неделю 0 (за всё время 0), расход 0 ₽ (накоплено 0 ₽) — судить не о чем, наблюдаем"
watch,hold,652692199,0729,Картридж C-EXV40 для принтеров Canon iR-1133 черный,Эксперимент1,8.0,8.0,0.0,17.7,9.7,17.8,3463.0,0.04,справочная,19,0,0.0,0.0,0.0,,0.0,,0,0.0,0.0,,92.0000000000000000,46.0000000000000000,46.0,9,0,0,78,29,0,3,1,2930.0000,0,1,0,0.0,0.0,0,0,"кликов за неделю 0 (за всё время 0), расход 0 ₽ (накоплено 0 ₽) — судить не о чем, наблюдаем"
watch,hold,652731445,3476,"Картридж 055H M для принтеров Canon и i-SENSYS MF 741, MF 743 пурпурный",Эксперимент1,8.0,8.0,0.0,21.5,13.5,18.7,3929.0,0.04,справочная,24,0,0.0,0.0,0.0,,0.0,,0,0.0,0.0,,112.0000000000000000,260.0000000000000000,-148.0,3,1,0,2,,0,0,0,0,0,0,0,0.0,0.0,0,0,"кликов за неделю 0 (за всё время 0), расход 0 ₽ (накоплено 0 ₽) — судить не о чем, наблюдаем"
watch,hold,653122368,0851,"Картридж TN-2375 для принтеров Brother DCP-L2500DR, DCP-L2520DWR, DCP L2540DNR, HL-L2300DR, HL-L2340DWR, HLL2360DNR, HL L2365DWR, MFC-L2700DWR, MFC L2720DWR, DCP-L2560DWR, HL L2380",Эксперимент1,11.28,11.28,0.0,10.4,-0.9,17.8,2039.0,0.04,справочная,22,0,0.0,0.0,0.0,,0.0,,0,0.0,0.0,,93.0000000000000000,132.0000000000000000,-39.0,44,13,0,3357,4,3,15,0,0,0,2,0,0.0,0.0,0,0,"кликов за неделю 0 (за всё время 0), расход 0 ₽ (накоплено 0 ₽) — судить не о чем, наблюдаем"
watch,hold,653122368,0851,"Картридж TN-2375 для принтеров Brother DCP-L2500DR, DCP-L2520DWR, DCP L2540DNR, HL-L2300DR, HL-L2340DWR, HLL2360DNR, HL L2365DWR, MFC-L2700DWR, MFC L2720DWR, DCP-L2560DWR, HL L2380",от 1000-2000,18.0,18.0,0.0,10.4,-7.6,17.8,2039.0,0.04,справочная,60,0,0.0,0.0,0.0,,0.0,,1,1.0,0.0,1.0,93.0000000000000000,132.0000000000000000,-39.0,44,13,0,3357,4,3,15,0,0,0,2,1,1.0,0.0,0,0,"кликов за неделю 0 (за всё время 1), расход 0 ₽ (накоплено 1 ₽) — судить не о чем, наблюдаем"
watch,hold,653133837,0595,"Картридж LC-1100BK для принтеров Brother DCP 385C, DCP 145C, DCP 163C, MFC 250C, MFC 290C",от 0 до 1000,11.0,11.0,0.0,2.0,-9.0,9.7,707.0,0.06,справочная,18,0,0.0,0.0,0.0,,0.0,,0,0.0,0.0,,87.0000000000000000,108.0000000000000000,-21.0,14,-2,0,25,51,0,4,0,0,0,2,0,0.0,0.0,0,0,"кликов за неделю 0 (за всё время 0), расход 0 ₽ (накоплено 0 ₽) — судить не о чем, наблюдаем"
watch,hold,653076890,3431,"Картридж TN-217BK для принтеров Brother DCP-L3550CDW, HL-L3230CDW, hl-l3270cdw, MFC-L3770CDW черный",от 1000-2000,14.0,14.0,0.0,2.2,-11.8,7.0,2794.0,0.04,справочная,6,0,0.0,0.0,0.0,,0.0,,1,1.98,0.0,2.0,40.0000000000000000,40.0000000000000000,0.0,43,-5,0,62,5,1,7,1,2381.0000,0,10,1,1.98,0.0,0,1,"кликов за неделю 0 (за всё время 1), расход 0 ₽ (накоплено 2 ₽) — судить не о чем, наблюдаем"
watch,hold,653324142,0035,Картридж SCX-4200 для принтеров Samsung SCX-4200 черный,от 2000 до 5000,22.54,22.54,0.0,23.3,0.8,22.0,3423.0,0.04,справочная,57,0,0.0,0.0,0.0,,0.0,,0,0.0,0.0,,93.0000000000000000,73.0000000000000000,20.0,33,-32,0,7967,7,1,15,0,0,0,8,2,18.87,0.0,0,0,"кликов за неделю 0 (за всё время 2), расход 0 ₽ (накоплено 19 ₽) — судить не о чем, наблюдаем"
watch,hold,653450896,2412,"Картридж TK-8115C для принтеров Kyocera и Ecosys M8124cidn, M8130cidn голубой",от 2000 до 5000,19.33,19.33,0.0,21.8,2.5,18.8,3942.0,0.04,справочная,11,0,0.0,0.0,0.0,,0.0,,0,0.0,0.0,,118.0000000000000000,94.0000000000000000,24.0,11,-6,0,274,66,0,5,0,0,2,4,0,0.0,0.0,0,0,"кликов за неделю 0 (за всё время 0), расход 0 ₽ (накоплено 0 ₽) — судить не о чем, наблюдаем"
watch,hold,653449252,2138,"Картридж TK-5240Y для принтеров Kyocera Ecosys M5526cdn, P5026cdn желтый",Эксперимент1,14.5,14.5,0.0,13.1,-1.4,17.7,2583.0,0.04,справочная,58,0,0.0,0.0,0.0,,0.0,,0,0.0,0.0,,75.0000000000000000,110.0000000000000000,-35.0,12,1,0,19,12,0,9,0,0,0,1,0,0.0,0.0,0,0,"кликов за неделю 0 (за всё время 0), расход 0 ₽ (накоплено 0 ₽) — судить не о чем, наблюдаем"
watch,hold,653449269,2135,"Картридж TK-5240BK для принтеров Kyocera Ecosys M5526cdn, P5026cdn черный",Вне РК — спрос без рекламы (08.08),21.96,21.96,0.0,14.7,-7.3,18.9,2651.0,0.04,справочная,0,0,0,0,0,,,,0,0,0,,,,,0,0,0,0,,0,0,0,0,0,0,0,0,0,0,0,"кликов за неделю 0 (за всё время 0), расход 0 ₽ (накоплено 0 ₽) — судить не о чем, наблюдаем"
watch,hold,930608018,1213,"Картридж TK-895M для принтеров Kyocera FS-C8020MFP, FS C8025MFP, FSC8520MFP, FS-C8525MFP пурпурный",от 2000 до 5000,12.0,12.0,0.0,19.2,7.2,18.8,3470.0,0.04,справочная,10,0,0.0,0.0,0.0,,0.0,,0,0.0,0.0,,273.0000000000000000,24.0000000000000000,249.0,17,2,0,1091,2,2,3,0,0,0,0,0,0.0,0.0,0,0,"кликов за неделю 0 (за всё время 0), расход 0 ₽ (накоплено 0 ₽) — судить не о чем, наблюдаем"
watch,hold,863387569,2178,"Картридж 040H C для принтеров Canon i-SENSYS LBP-710CX, LBP712CX голубой",Эксперимент1,14.5,14.5,0.0,27.8,13.3,16.9,7789.0,0.03,справочная,42,0,0.0,0.0,0.0,,0.0,,0,0.0,0.0,,116.0000000000000000,120.0000000000000000,-4.0,6,2,0,10,6,1,5,0,0,0,1,0,0.0,0.0,0,0,"кликов за неделю 0 (за всё время 0), расход 0 ₽ (накоплено 0 ₽) — судить не о чем, наблюдаем"
watch,hold,863386236,3790,"Картридж W1335A для принтеров HP LaserJet M438n, LJ M440, LJ-M442dn, LJM443nda черный",Эксперимент1,8.0,8.0,0.0,21.4,13.4,18.7,3909.0,0.04,справочная,10,0,0.0,0.0,0.0,,0.0,,0,0.0,0.0,,152.0000000000000000,142.0000000000000000,10.0,18,14,0,4437,20,0,4,0,0,0,0,0,0.0,0.0,0,0,"кликов за неделю 0 (за всё время 0), расход 0 ₽ (накоплено 0 ₽) — судить не о чем, наблюдаем"
watch,hold,1156703707,2975,Картридж C950X2MGM для принтеров Lexmark Optra C950de пурпурный,от 10000 до 500 тыс,12.0,12.0,0.0,31.9,19.9,13.3,19224.0,0.02,справочная,4,0,0.0,0.0,0.0,,0.0,,0,0,0,,,330.0000000000000000,,0,-2,0,0,,0,0,0,0,0,0,0,0.0,0.0,0,0,"кликов за неделю 0 (за всё время 0), расход 0 ₽ (накоплено 0 ₽) — судить не о чем, наблюдаем"
watch,hold,863392909,0051,"Картридж C4092A для принтеров HP LaserJet 1100, LJ 3200 черный",от 2000 до 5000,13.0,13.0,0.0,19.6,6.6,18.5,3632.0,0.04,справочная,12,0,0.0,0.0,0.0,,0.0,,0,0.0,0.0,,149.0000000000000000,86.0000000000000000,63.0,9,-8,0,3214,21,0,4,0,0,0,0,0,0.0,0.0,0,0,"кликов за неделю 0 (за всё время 0), расход 0 ₽ (накоплено 0 ₽) — судить не о чем, наблюдаем"
watch,hold,863390486,0168,"Картриджи T0811-T0816 для принтеров Epson Stylus Photo 1410, Stylus Photo R270 набор cmyk lclm",Вне РК — спрос без рекламы (08.08),21.96,21.96,0.0,18.2,-3.8,19.2,3201.0,0.04,справочная,0,0,0,0,0,,,,0,0,0,,,,,0,0,0,0,,0,0,0,0,0,0,0,0,0,0,0,"кликов за неделю 0 (за всё время 0), расход 0 ₽ (накоплено 0 ₽) — судить не о чем, наблюдаем"
watch,hold,930636404,0217,"Картридж 716C для принтеров Canon и i-SENSYS LBP-5050, LBP 5050N, MF-8030CN, MF8040CN, MF-8050CN, MF8080CW голубой",Эксперимент1,8.0,8.0,0.0,0.0,-8.0,-2.6,1771.0,0.05,справочная,33,0,0.0,0.0,0.0,,0.0,,0,0.0,0.0,,118.0000000000000000,71.0000000000000000,47.0,9,-2,0,1102,15,0,9,1,3598.0000,0,1,0,0.0,0.0,0,0,"кликов за неделю 0 (за всё время 0), расход 0 ₽ (накоплено 0 ₽) — судить не о чем, наблюдаем"
watch,hold,930620876,0224,Картридж C-EXV6 для принтеров Canon и NP 7161 черный,от 2000 до 5000,12.0,12.0,0.0,23.4,11.4,20.1,3882.0,0.04,справочная,6,0,0.0,0.0,0.0,,0.0,,0,0.0,0.0,,58.0000000000000000,86.0000000000000000,-28.0,2,-6,0,2,,0,0,0,0,0,0,0,0.0,0.0,0,0,"кликов за неделю 0 (за всё время 0), расход 0 ₽ (накоплено 0 ₽) — судить не о чем, наблюдаем"
watch,hold,863431074,0267,"Картридж CLT-M409S для принтеров Samsung и CLP-310, CLP 315, CLX-3170, CLX3175 пурпурный",от 2000 до 5000,12.0,12.0,0.0,20.2,8.2,18.8,3659.0,0.04,справочная,16,0,0.0,0.0,0.0,,0.0,,1,12.4,0.0,12.4,64.0000000000000000,101.0000000000000000,-37.0,30,22,0,31,1,1,15,0,0,0,0,1,12.4,0.0,0,0,"кликов за неделю 0 (за всё время 1), расход 0 ₽ (накоплено 12 ₽) — судить не о чем, наблюдаем"
watch,hold,930614877,0278,Картридж ML-2850 для принтеров Samsung ML2851 черный,Эксперимент1,12.89,12.89,0.0,20.0,7.1,17.9,3882.0,0.04,справочная,23,0,0.0,0.0,0.0,,0.0,,0,0.0,0.0,,64.0000000000000000,56.0000000000000000,8.0,10,-7,0,3408,23,0,3,0,0,0,1,0,0.0,0.0,0,0,"кликов за неделю 0 (за всё время 0), расход 0 ₽ (накоплено 0 ₽) — судить не о чем, наблюдаем"
watch,hold,930614877,0278,Картридж ML-2850 для принтеров Samsung ML2851 черный,от 2000 до 5000,19.33,19.33,0.0,20.0,0.7,17.9,3882.0,0.04,справочная,14,0,0.0,0.0,0.0,,0.0,,0,0.0,0.0,,64.0000000000000000,56.0000000000000000,8.0,10,-7,0,3408,23,0,3,0,0,0,1,0,0.0,0.0,0,0,"кликов за неделю 0 (за всё время 0), расход 0 ₽ (накоплено 0 ₽) — судить не о чем, наблюдаем"
watch,hold,863431275,02471,Картридж для Brother HL-2035R,Эксперимент1,12.89,12.89,0.0,18.6,5.7,21.5,2818.0,0.04,справочная,25,0,0.0,0.0,0.0,,0.0,,0,0.0,0.0,,62.0000000000000000,76.0000000000000000,-14.0,7,-3,0,3403,45,0,2,0,0,0,4,1,15.52,0.0,0,0,"кликов за неделю 0 (за всё время 1), расход 0 ₽ (накоплено 16 ₽) — судить не о чем, наблюдаем"
watch,hold,930613826,0756,"Картриджи CE410A-CE413A для принтеров HP Color LaserJet Pro 300 M351a, M375nw, HP M451dn, HP-M451dw, HPM451nw, HP MFP M475dn",Эксперимент1,12.89,12.89,0.0,29.4,16.5,18.7,10738.0,0.02,справочная,76,0,0.0,0.0,0.0,,0.0,,1,13.54,0.0,13.5,86.0000000000000000,55.0000000000000000,31.0,51,-30,0,3509,3,3,8,0,0,0,60,2,19.56,0.0,0,0,"кликов за неделю 0 (за всё время 2), расход 0 ₽ (накоплено 20 ₽) — судить не о чем, наблюдаем"
watch,hold,930613826,0756,"Картриджи CE410A-CE413A для принтеров HP Color LaserJet Pro 300 M351a, M375nw, HP M451dn, HP-M451dw, HPM451nw, HP MFP M475dn",от 5000 до 10000,19.33,19.33,0.0,29.4,10.1,18.7,10738.0,0.02,справочная,10,0,0.0,0.0,0.0,,0.0,,1,30.57,0.0,30.6,86.0000000000000000,55.0000000000000000,31.0,51,-30,0,3509,3,3,8,0,0,0,60,4,38.08,0.0,0,0,"кликов за неделю 0 (за всё время 4), расход 0 ₽ (накоплено 38 ₽) — судить не о чем, наблюдаем"
watch,hold,863431431,0335,"Картриджи 45-78 для принтеров HP Color Copier 110, Copier 120, DJ 700, DJ 750",Вне РК — спрос без рекламы (08.08),21.96,21.96,0.0,21.2,-0.8,14.6,11063.0,0.02,справочная,0,0,0,0,0,,,,0,0,0,,,,,0,0,0,0,,0,0,0,0,0,0,0,0,0,0,0,"кликов за неделю 0 (за всё время 0), расход 0 ₽ (накоплено 0 ₽) — судить не о чем, наблюдаем"
watch,hold,873319974,3877,"Картриджи C250 для принтеров Ricoh M-C250FWB, P-C300W",от 10000 до 500 тыс,20.93,20.93,0.0,37.4,16.5,11.8,27489.0,0.02,справочная,30,0,0.0,0.0,0.0,,0.0,,6,70.25,1.0,11.7,,47.0000000000000000,,0,-20,0,0,,0,0,0,0,1,4,6,70.25,1.0,0,0,"кликов за неделю 0 (за всё время 6), расход 0 ₽ (накоплено 70 ₽) — судить не о чем, наблюдаем"
watch,hold,864221150,0561,"Картридж TK-475 для принтеров Kyocera FS-6525MFP, FS-6530MFP, TASKalfa 255, TASKalfa255b, FS6025MFP, FS 6030MFP",от 2000 до 5000,12.0,12.0,0.0,21.5,9.5,18.7,3929.0,0.04,справочная,8,0,0.0,0.0,0.0,,0.0,,0,0.0,0.0,,244.0000000000000000,105.0000000000000000,139.0,14,-2,0,15,8,1,12,0,0,0,0,0,0.0,0.0,0,0,"кликов за неделю 0 (за всё время 0), расход 0 ₽ (накоплено 0 ₽) — судить не о чем, наблюдаем"
watch,hold,930613025,0607,Картридж 106R01415 для принтеров Xerox Phaser 3435 черный,от 2000 до 5000,19.33,19.33,0.0,18.2,-1.1,14.9,4591.0,0.04,справочная,16,0,0.0,0.0,0.0,,0.0,,0,0.0,0.0,,65.0000000000000000,144.0000000000000000,-79.0,9,0,0,6743,20,0,3,0,0,0,1,0,0.0,0.0,0,0,"кликов за неделю 0 (за всё время 0), расход 0 ₽ (накоплено 0 ₽) — судить не о чем, наблюдаем"
watch,hold,1153218062,0590,"Картридж LC-900Y для принтеров Brother и DCP-110C, DCP 115C, FAX-1835C, FAX1840C, MFC-210C, MFC 215C желтый",от 0 до 1000,10.0,10.0,0.0,3.3,-6.7,12.0,781.0,0.06,справочная,13,0,0.0,0.0,0.0,,0.0,,0,0.0,0.0,,64.0000000000000000,45.0000000000000000,19.0,18,10,370,31,3,1,13,0,0,1,1,0,0.0,0.0,0,0,"кликов за неделю 0 (за всё время 0), расход 0 ₽ (накоплено 0 ₽) — судить не о чем, наблюдаем"
watch,hold,1232708857,0597,"Картридж LC-1100M для принтеров Brother DCP-145C, DCP 163C, MFC-250C, MFC290C пурпурный",от 0 до 1000,12.0,12.0,0.0,1.9,-10.1,9.5,707.0,0.06,справочная,22,0,0.0,0.0,0.0,,0.0,,0,0.0,0.0,,76.0000000000000000,111.0000000000000000,-35.0,40,19,0,64,10,2,8,0,0,0,2,0,0.0,0.0,0,0,"кликов за неделю 0 (за всё время 0), расход 0 ₽ (накоплено 0 ₽) — судить не о чем, наблюдаем"
watch,hold,930613268,0663,Картридж 106R01481 для принтеров Xerox Phaser 6140 голубой,Эксперимент1,13.0,13.0,0.0,20.9,7.9,18.6,3848.0,0.04,справочная,0,0,0,0,0,,,,0,0.0,0.0,,,24.0000000000000000,,0,-1,0,0,,0,0,0,0,0,1,0,0.0,0.0,0,0,"кликов за неделю 0 (за всё время 0), расход 0 ₽ (накоплено 0 ₽) — судить не о чем, наблюдаем"
watch,hold,930641046,0727,"Картридж CF213A для принтеров HP и LJ Pro Color M251n, LJ Pro Color M251nw пурпурный",Вне РК — спрос без рекламы (08.08),18.0,18.0,0.0,21.8,3.8,19.6,3733.0,0.04,справочная,0,0,0,0,0,,,,0,0,0,,,,,0,0,0,0,,0,0,0,0,0,0,0,0,0,0,0,"кликов за неделю 0 (за всё время 0), расход 0 ₽ (накоплено 0 ₽) — судить не о чем, наблюдаем"
watch,hold,906875000,0842,"Картридж T7011 для принтеров Epson и WF Pro WP-4015DN, WP 4095DN, WP4515DN, WP-4525DNF, WP4595DNF черный",от 1000-2000,12.0,12.0,0.0,9.4,-2.6,18.9,1346.0,0.05,справочная,18,0,0.0,0.0,0.0,,0.0,,0,0.0,0.0,,24.0000000000000000,76.0000000000000000,-52.0,19,8,0,30,33,0,3,0,0,0,1,0,0.0,0.0,0,0,"кликов за неделю 0 (за всё время 0), расход 0 ₽ (накоплено 0 ₽) — судить не о чем, наблюдаем"
watch,hold,1153395894,0832,"Фотобарабан C-EXV14 DU для принтеров Canon iR 2318L, iR 2320 черный",Эксперимент1,8.0,8.0,0.0,24.6,16.6,14.7,8466.0,0.03,справочная,44,0,0.0,0.0,0.0,,0.0,,0,0.0,0.0,,97.0000000000000000,42.0000000000000000,55.0,38,2,0,1223,24,0,15,0,0,0,1,4,35.43,0.0,0,0,"кликов за неделю 0 (за всё время 4), расход 0 ₽ (накоплено 35 ₽) — судить не о чем, наблюдаем"
watch,hold,1155649322,0777,"Картридж CE740A для принтеров HP и LaserJet CP5220, LJ-CP5225 черный",от 5000 до 10000,19.33,19.33,0.0,23.3,4.0,16.5,10133.0,0.02,справочная,16,0,0.0,0.0,0.0,,0.0,,0,0.0,0.0,,63.0000000000000000,93.0000000000000000,-30.0,12,2,0,13,19,0,10,0,0,1,2,0,0.0,0.0,0,0,"кликов за неделю 0 (за всё время 0), расход 0 ₽ (накоплено 0 ₽) — судить не о чем, наблюдаем"
watch,hold,1155649450,0778,"Картридж CE741A для принтеров HP и LaserJet CP5220, LJ-CP5225 голубой",Вне РК — спрос без рекламы (08.08),21.96,21.96,0.0,19.5,-2.5,14.5,10289.0,0.02,справочная,0,0,0,0,0,,,,0,0,0,,,,,0,0,0,0,,0,0,0,0,0,0,0,0,0,0,0,"кликов за неделю 0 (за всё время 0), расход 0 ₽ (накоплено 0 ₽) — судить не о чем, наблюдаем"
watch,hold,930621328,0871,"Картридж TK-590K для принтеров Kyocera EcoSys M6026cdn, M6526cdn, FS-C2026, FSC2126, FS-C2526, FSC2626, FS C5250",Эксперимент1,9.0,9.0,0.0,11.8,2.8,11.4,4620.0,0.04,справочная,79,0,0.0,0.0,0.0,,0.0,,0,0.0,0.0,,41.0000000000000000,62.0000000000000000,-21.0,35,10,0,37,13,0,15,0,0,0,6,0,0.0,0.0,0,0,"кликов за неделю 0 (за всё время 0), расход 0 ₽ (накоплено 0 ₽) — судить не о чем, наблюдаем"
watch,hold,906875316,0945,"Картридж T0549 для принтеров Epson Stylus Photo R1800, Stylus Photo R800 синий",от 0 до 1000,10.0,10.0,0.0,5.2,-4.8,14.1,1149.0,0.05,справочная,14,0,0.0,0.0,0.0,,0.0,,0,0.0,0.0,,59.0000000000000000,103.0000000000000000,-44.0,7,-10,0,9,25,0,5,0,0,0,1,0,0.0,0.0,0,0,"кликов за неделю 0 (за всё время 0), расход 0 ₽ (накоплено 0 ₽) — судить не о чем, наблюдаем"
watch,hold,864225062,0974,"Картриджи 88XL для принтеров HP OfficeJet Pro K5400, OfficeJet Pro K550",от 2000 до 5000,20.93,20.93,0.0,22.5,1.6,19.3,3926.0,0.04,справочная,29,0,0.0,0.0,0.0,,0.0,,0,0.0,0.0,,,72.0000000000000000,,0,-19,0,0,,0,0,0,0,0,3,0,0.0,0.0,0,0,"кликов за неделю 0 (за всё время 0), расход 0 ₽ (накоплено 0 ₽) — судить не о чем, наблюдаем"
watch,hold,864225492,1036,"Картридж SP3400 для принтеров Ricoh и 3410DN, SP 3500, SP 3510 черный",от 2000 до 5000,12.0,12.0,0.0,23.8,11.8,18.9,4276.0,0.04,справочная,13,0,0.0,0.0,0.0,,0.0,,0,0.0,0.0,,58.0000000000000000,74.0000000000000000,-16.0,13,5,0,3415,5,2,11,0,0,0,1,0,0.0,0.0,0,0,"кликов за неделю 0 (за всё время 0), расход 0 ₽ (накоплено 0 ₽) — судить не о чем, наблюдаем"
watch,hold,864225340,1070,"Картридж MX235 для принтеров Sharp AR-5618, AR 5620, AR5623, MX-M182, MX-M202, MXM232 черный",Вне РК — спрос без рекламы (08.08),21.96,21.96,0.0,22.9,0.9,17.5,6115.0,0.03,справочная,0,0,0,0,0,,,,0,0,0,,,,,0,0,0,0,,0,0,0,0,0,0,0,0,0,0,0,"кликов за неделю 0 (за всё время 0), расход 0 ₽ (накоплено 0 ₽) — судить не о чем, наблюдаем"
watch,hold,930641807,1107,Картридж 106R02312 для принтеров Xerox WorkCentre 3325 черный,Вне РК — спрос без рекламы (08.08),19.0,19.0,0.0,18.3,-0.7,16.5,5303.0,0.03,справочная,12,0,0.0,0.0,0.0,,0.0,,0,0.0,0.0,,73.0000000000000000,40.0000000000000000,33.0,7,4,0,4493,7,1,7,0,0,0,2,0,0.0,0.0,0,0,"кликов за неделю 0 (за всё время 0), расход 0 ₽ (накоплено 0 ₽) — судить не о чем, наблюдаем"
watch,hold,864225391,1079,"Картридж 006R01518 для принтеров Xerox и WorkCentre 7525, WC 7535, WC 7545 желтый",от 2000 до 5000,20.93,20.93,0.0,22.0,1.1,18.6,5396.0,0.03,справочная,15,0,0.0,0.0,0.0,,0.0,,0,0.0,0.0,,85.0000000000000000,54.0000000000000000,31.0,9,-7,0,11,20,0,9,0,0,0,1,0,0.0,0.0,0,0,"кликов за неделю 0 (за всё время 0), расход 0 ₽ (накоплено 0 ₽) — судить не о чем, наблюдаем"
watch,hold,930641917,1129,"Картридж 006R01399 для принтеров Xerox WorkCentre 7425, WC-7428, WC 7435 черный",от 2000 до 5000,19.33,19.33,0.0,19.3,-0.0,14.2,10467.0,0.02,справочная,13,0,0.0,0.0,0.0,,0.0,,0,0.0,0.0,,84.0000000000000000,32.0000000000000000,52.0,7,-5,0,9,7,1,5,0,0,0,1,0,0.0,0.0,0,0,"кликов за неделю 0 (за всё время 0), расход 0 ₽ (накоплено 0 ₽) — судить не о чем, наблюдаем"
watch,hold,864225713,1149,"Картридж 006R01046 для принтеров Xerox BookMark 40, BookMark 55, CopyCentre 232, CopyCentre 238, DocuCentre 535, DocuCentre 545, WC 5030, WC 5050 черный",Эксперимент1,8.0,8.0,0.0,22.9,14.9,17.1,6301.0,0.03,справочная,47,0,0.0,0.0,0.0,,0.0,,0,0.0,0.0,,19.0000000000000000,35.0000000000000000,-16.0,29,13,0,29,2,2,2,0,0,0,0,0,0.0,0.0,0,0,"кликов за неделю 0 (за всё время 0), расход 0 ₽ (накоплено 0 ₽) — судить не о чем, наблюдаем"
watch,hold,930623198,1160,"Картридж CF402A для принтеров HP и Color LJ Pro M252dw, LJ Pro M252n желтый",Эксперимент1,8.0,8.0,0.0,18.0,10.0,18.5,3328.0,0.04,справочная,17,0,0.0,0.0,0.0,,0.0,,0,0.0,0.0,,796.0000000000000000,822.0000000000000000,-26.0,3,-1,0,3,,0,0,0,0,0,0,0,0.0,0.0,0,0,"кликов за неделю 0 (за всё время 0), расход 0 ₽ (накоплено 0 ₽) — судить не о чем, наблюдаем"
watch,hold,1153410168,1242,"Картридж PFI-102MBK для принтеров Canon iPF 650, iPF500 черный матовый",Эксперимент1,14.5,14.5,0.0,23.8,9.3,19.5,5461.0,0.03,справочная,59,0,0.0,0.0,0.0,,0.0,,0,0.0,0.0,,91.0000000000000000,74.0000000000000000,17.0,10,2,0,11,24,0,8,0,0,0,2,0,0.0,0.0,0,0,"кликов за неделю 0 (за всё время 0), расход 0 ₽ (накоплено 0 ₽) — судить не о чем, наблюдаем"
watch,hold,930612505,1255,Картридж T0592 для принтеров Epson и Stylus Photo R2400 голубой,от 0 до 1000,11.0,11.0,0.0,0.0,-11.0,-1.3,419.0,0.06,справочная,24,0,0.0,0.0,0.0,,0.0,,0,0.0,0.0,,138.0000000000000000,60.0000000000000000,78.0,21,5,0,95,17,0,5,0,0,0,0,0,0.0,0.0,0,0,"кликов за неделю 0 (за всё время 0), расход 0 ₽ (накоплено 0 ₽) — судить не о чем, наблюдаем"
watch,hold,930631263,1249,Картридж T0346 для принтеров Epson Stylus Photo 2100 светло-пурпурный,от 0 до 1000,11.0,11.0,0.0,0.0,-11.0,-2.3,419.0,0.06,справочная,21,0,0.0,0.0,0.0,,0.0,,0,0.0,0.0,,238.0000000000000000,34.0000000000000000,204.0,23,-9,0,1975,51,0,6,1,428.0000,0,2,2,10.84,0.0,0,0,"кликов за неделю 0 (за всё время 2), расход 0 ₽ (накоплено 11 ₽) — судить не о чем, наблюдаем"
watch,hold,930623283,1376,"Картридж CF217A для принтеров HP LaserJet Pro M102a, LJ Pro M102w черный",Эксперимент1,8.0,8.0,0.0,15.2,7.2,18.4,2839.0,0.04,справочная,12,0,0.0,0.0,0.0,,0.0,,0,0.0,0.0,,51.0000000000000000,105.0000000000000000,-54.0,6,-4,0,6,8,2,6,0,0,0,0,0,0.0,0.0,0,0,"кликов за неделю 0 (за всё время 0), расход 0 ₽ (накоплено 0 ₽) — судить не о чем, наблюдаем"
watch,hold,1153416743,1451,Картридж PFI-703Bk для принтеров Canon и iPF iPF810 черный,Пустые РК,19.33,19.33,0.0,32.1,12.8,12.5,21408.0,0.02,справочная,0,0,0,0,0,,,,0,0,0,,56.0000000000000000,31.0000000000000000,25.0,2,-24,0,2,,0,0,0,0,0,1,0,0,0,0,0,"кликов за неделю 0 (за всё время 0), расход 0 ₽ (накоплено 0 ₽) — судить не о чем, наблюдаем"
watch,hold,1153416743,1451,Картридж PFI-703Bk для принтеров Canon и iPF iPF810 черный,от 10000 до 500 тыс,20.93,20.93,0.0,32.1,11.2,12.5,21408.0,0.02,справочная,33,0,0.0,0.0,0.0,,0.0,,0,0.0,0.0,,56.0000000000000000,31.0000000000000000,25.0,2,-24,0,2,,0,0,0,0,0,1,0,0.0,0.0,0,0,"кликов за неделю 0 (за всё время 0), расход 0 ₽ (накоплено 0 ₽) — судить не о чем, наблюдаем"
watch,hold,866442915,1434,"Картридж T1810E для принтеров Toshiba e-Studio 181, e Studio 182, eStudio 182i, e-Studio 211, eStudio 212, e Studio 212i черный",Эксперимент1,12.89,12.89,0.0,19.5,6.6,15.6,6126.0,0.03,справочная,64,0,0.0,0.0,0.0,,0.0,,0,0.0,0.0,,116.0000000000000000,93.0000000000000000,23.0,22,5,0,112,40,0,3,0,0,0,1,0,0.0,0.0,0,0,"кликов за неделю 0 (за всё время 0), расход 0 ₽ (накоплено 0 ₽) — судить не о чем, наблюдаем"
watch,hold,866442920,1415,"Картридж TK-8305Y для принтеров Kyocera TASKalfa 3050i, TASKalfa3051i желтый",от 2000 до 5000,20.93,20.93,0.0,21.0,0.1,16.9,5881.0,0.03,справочная,16,0,0.0,0.0,0.0,,0.0,,0,0.0,0.0,,80.0000000000000000,277.0000000000000000,-197.0,7,0,0,8,11,0,1,0,0,0,1,0,0.0,0.0,0,0,"кликов за неделю 0 (за всё время 0), расход 0 ₽ (накоплено 0 ₽) — судить не о чем, наблюдаем"
watch,hold,1153657157,1670,"Фотобарабан 4519313 DU для принтеров Konica Minolta PagePro 1300, PagePro1350W черный",от 5000 до 10000,19.33,19.33,0.0,23.4,4.1,13.5,9192.0,0.03,справочная,19,0,0.0,0.0,0.0,,0.0,,1,34.82,0.0,34.8,10.0000000000000000,42.0000000000000000,-32.0,6,-23,0,10,2,1,2,0,0,0,1,3,42.04,0.0,0,0,"кликов за неделю 0 (за всё время 3), расход 0 ₽ (накоплено 42 ₽) — судить не о чем, наблюдаем"
watch,hold,930626347,1716,"Картридж TK-865M для принтеров Kyocera TASKalfa 250ci, TASKalfa 300ci пурпурный",от 2000 до 5000,12.0,12.0,0.0,28.4,16.4,13.2,17346.0,0.02,справочная,2,0,0.0,0.0,0.0,,0.0,,0,0,0,,,358.0000000000000000,,0,-6,0,0,,0,0,0,0,0,1,0,0.0,0.0,0,0,"кликов за неделю 0 (за всё время 0), расход 0 ₽ (накоплено 0 ₽) — судить не о чем, наблюдаем"
watch,hold,1153671602,1796,"Фотобарабан 44064012 DU для принтеров OKI C 810, C 821, C 830, C801, MC851, MC860 черный",от 10000 до 500 тыс,12.0,12.0,0.0,24.7,12.7,13.8,14040.0,0.02,справочная,23,0,0.0,0.0,0.0,,0.0,,2,4.64,0.0,2.3,46.0000000000000000,65.0000000000000000,-19.0,88,46,0,3717,4,3,15,0,0,0,1,2,4.64,0.0,0,0,"кликов за неделю 0 (за всё время 2), расход 0 ₽ (накоплено 5 ₽) — судить не о чем, наблюдаем"
watch,hold,866443743,1876,"Картридж PFI-107MBK для принтеров Canon iPF-670, iPF680 черный матовый",Вне РК — спрос без рекламы (08.08),21.96,21.96,0.0,25.8,3.8,17.0,7157.0,0.03,справочная,0,0,0,0,0,,,,0,0,0,,,,,0,0,0,0,,0,0,0,0,0,0,0,0,0,0,0,"кликов за неделю 0 (за всё время 0), расход 0 ₽ (накоплено 0 ₽) — судить не о чем, наблюдаем"
watch,hold,1153726407,1996,"Фотобарабан DR-311K DU для принтеров Konica Minolta Bizhub C220, Bizhub C280 черный",от 5000 до 10000,19.33,19.33,0.0,19.8,0.5,14.3,10654.0,0.02,справочная,14,0,0.0,0.0,0.0,,0.0,,0,0.0,0.0,,72.0000000000000000,68.0000000000000000,4.0,16,-10,0,3411,8,1,15,0,0,0,2,0,0.0,0.0,0,0,"кликов за неделю 0 (за всё время 0), расход 0 ₽ (накоплено 0 ₽) — судить не о чем, наблюдаем"
watch,hold,1153731408,1995,"Фотобарабан DR-311C DU для принтеров Konica Minolta Bizhub C220, Bizhub C280 цветной",от 5000 до 10000,19.33,19.33,0.0,19.8,0.5,14.3,10654.0,0.02,справочная,14,0,0.0,0.0,0.0,,0.0,,0,0.0,0.0,,101.0000000000000000,83.0000000000000000,18.0,13,-13,0,3669,17,0,4,0,0,0,1,1,5.81,0.0,0,0,"кликов за неделю 0 (за всё время 1), расход 0 ₽ (накоплено 6 ₽) — судить не о чем, наблюдаем"
watch,hold,1163041118,2042,"Картридж TN-611M для принтеров Konica Minolta Bizhub C451, Bizhub C550 пурпурный",Пустые РК,12.0,12.0,0.0,37.1,25.1,13.3,22340.0,0.02,справочная,3,0,0.0,0.0,0.0,,0.0,,0,0,0,,,78.0000000000000000,,0,-16,0,0,,0,0,0,0,0,0,0,0.0,0.0,0,0,"кликов за неделю 0 (за всё время 0), расход 0 ₽ (накоплено 0 ₽) — судить не о чем, наблюдаем"
watch,hold,1153740852,2041,"Картридж TN-611C для принтеров Konica Minolta Bizhub C451, Bizhub C550 голубой",Пустые РК,12.0,12.0,0.0,37.1,25.1,13.3,22340.0,0.02,справочная,4,0,0.0,0.0,0.0,,0.0,,0,0,0,,,66.0000000000000000,,0,-15,0,0,,0,0,0,0,0,0,0,0.0,0.0,0,0,"кликов за неделю 0 (за всё время 0), расход 0 ₽ (накоплено 0 ₽) — судить не о чем, наблюдаем"
watch,hold,866443783,2110,"Картридж MX237GT для принтеров Sharp AR-6020, AR-6023D, AR 6026N черный",Эксперимент1,12.89,12.89,0.0,18.4,5.5,16.5,5325.0,0.03,справочная,81,0,0.0,0.0,0.0,,0.0,,0,0.0,0.0,,62.0000000000000000,46.0000000000000000,16.0,36,-1,0,233,21,0,3,0,0,0,1,0,0.0,0.0,0,0,"кликов за неделю 0 (за всё время 0), расход 0 ₽ (накоплено 0 ₽) — судить не о чем, наблюдаем"
watch,hold,870872492,2187,"Картриджи №953XL для принтеров HP OfficeJet Pro 7720, OfficeJet Pro 7730",Вне РК — спрос без рекламы (08.08),21.96,21.96,0.0,18.0,-4.0,16.9,5042.0,0.03,справочная,0,0,0,0,0,,,,0,0,0,,,,,0,0,0,0,,0,0,0,0,0,0,0,0,0,0,0,"кликов за неделю 0 (за всё время 0), расход 0 ₽ (накоплено 0 ₽) — судить не о чем, наблюдаем"
watch,hold,870872455,2250,"Картриджи CLI-451 для принтеров Canon Pixma iP7240, Pixma iP8740",Вне РК — спрос без рекламы (08.08),21.96,21.96,0.0,16.8,-5.2,18.9,3024.0,0.04,справочная,0,0,0,0,0,,,,0,0,0,,,,,0,0,0,0,,0,0,0,0,0,0,0,0,0,0,0,"кликов за неделю 0 (за всё время 0), расход 0 ₽ (накоплено 0 ₽) — судить не о чем, наблюдаем"
watch,hold,930637503,2229,Картридж S050436 для принтеров Epson AcuLaser M2000 черный,от 2000 до 5000,12.0,12.0,0.0,22.5,10.5,18.0,4326.0,0.04,справочная,4,0,0.0,0.0,0.0,,0.0,,0,0.0,0.0,,,,,0,0,0,0,,0,0,0,0,0,0,0,0.0,0.0,0,0,"кликов за неделю 0 (за всё время 0), расход 0 ₽ (накоплено 0 ₽) — судить не о чем, наблюдаем"
watch,hold,906876631,2384,"Картридж TN-414 для принтеров Konica Minolta Bizhub 363, Bizhub 423",от 0 до 1000,12.0,12.0,0.0,0.0,-12.0,0.5,1157.0,0.05,справочная,11,0,0.0,0.0,0.0,,0.0,,0,0.0,0.0,,32.0000000000000000,46.0000000000000000,-14.0,28,15,0,33,13,0,5,0,0,0,2,0,0.0,0.0,0,0,"кликов за неделю 0 (за всё время 0), расход 0 ₽ (накоплено 0 ₽) — судить не о чем, наблюдаем"
watch,hold,930617704,2427,Картридж MPC2503C для принтеров Ricoh Aficio MPC2003 голубой,Эксперимент1,9.0,9.0,0.0,18.0,9.0,15.7,4199.0,0.04,справочная,66,0,0.0,0.0,0.0,,0.0,,0,0.0,0.0,,50.0000000000000000,37.0000000000000000,13.0,6,5,0,5,72,0,1,0,0,0,2,0,0.0,0.0,0,0,"кликов за неделю 0 (за всё время 0), расход 0 ₽ (накоплено 0 ₽) — судить не о чем, наблюдаем"
watch,hold,870872518,2399,"Фотобарабаны CF358A-359-364-CF365A DU для принтеров HP Color LaserJet Enterprise Flow M880z+, M880z+ NFC/Wireless Direct, LJ M855dn, LJM855x+, LJ-M855xh",от 10000 до 500 тыс,19.33,19.33,0.0,97.3,78.0,10.0,97280.0,0.02,справочная,14,0,0.0,0.0,0.0,,0.0,,3,83.16,0.0,27.7,29.0000000000000000,15.0000000000000000,14.0,52,16,0,3498,1,6,11,0,0,0,1,3,83.16,0.0,0,0,"кликов за неделю 0 (за всё время 3), расход 0 ₽ (накоплено 83 ₽) — судить не о чем, наблюдаем"
watch,hold,1155650091,2640,"Картридж TN-324M для принтеров Konica Minolta и Bizhub C258, Bizhub C308 пурпурный",Эксперимент1,14.5,14.5,0.0,25.8,11.3,19.8,5810.0,0.03,справочная,39,0,0.0,0.0,0.0,,0.0,,0,0.0,0.0,,126.0000000000000000,60.0000000000000000,66.0,9,-4,0,1100,125,0,1,0,0,0,1,0,0.0,0.0,0,0,"кликов за неделю 0 (за всё время 0), расход 0 ₽ (накоплено 0 ₽) — судить не о чем, наблюдаем"
watch,hold,870872612,2654,Картриджи SPC250 для принтеров Ricoh Aficio SPC250DN,от 10000 до 500 тыс,13.0,13.0,0.0,31.7,18.7,12.2,22029.0,0.02,справочная,0,0,0,0,0,,,,0,0.0,0.0,,99.0000000000000000,73.0000000000000000,26.0,9,-2,0,30,21,0,7,0,0,0,1,0,0.0,0.0,0,0,"кликов за неделю 0 (за всё время 0), расход 0 ₽ (накоплено 0 ₽) — судить не о чем, наблюдаем"
watch,hold,870872612,2654,Картриджи SPC250 для принтеров Ricoh Aficio SPC250DN,Эксперимент1,9.0,9.0,0.0,31.7,22.7,12.2,22029.0,0.02,справочная,20,0,0.0,0.0,0.0,,0.0,,1,5.84,0.0,5.8,99.0000000000000000,73.0000000000000000,26.0,9,-2,0,30,21,0,7,0,0,0,1,1,5.84,0.0,0,0,"кликов за неделю 0 (за всё время 1), расход 0 ₽ (накоплено 6 ₽) — судить не о чем, наблюдаем"
watch,hold,870872716,2725,"Картридж 46508736 для принтеров OKI и C332dn, MC363dn черный",Эксперимент1,8.0,8.0,0.0,19.7,11.7,17.1,4076.0,0.04,справочная,46,0,0.0,0.0,0.0,,0.0,,0,0.0,0.0,,29.0000000000000000,20.0000000000000000,9.0,13,-2,0,14,5,1,4,0,0,0,1,0,0.0,0.0,0,0,"кликов за неделю 0 (за всё время 0), расход 0 ₽ (накоплено 0 ₽) — судить не о чем, наблюдаем"
watch,hold,870872716,2725,"Картридж 46508736 для принтеров OKI и C332dn, MC363dn черный",от 2000 до 5000,12.0,12.0,0.0,19.7,7.7,17.1,4076.0,0.04,справочная,12,0,0.0,0.0,0.0,,0.0,,0,0.0,0.0,,29.0000000000000000,20.0000000000000000,9.0,13,-2,0,14,5,1,4,0,0,0,1,0,0.0,0.0,0,0,"кликов за неделю 0 (за всё время 0), расход 0 ₽ (накоплено 0 ₽) — судить не о чем, наблюдаем"
enter,enter,930617203,2748,"Лента TZe-641 для принтеров Brother PT-1300, PT 1400, PT1500, PT-1600, PT1650, PT 1700 желтый",,,8.5,,17.0,,20.8,2696.0,0.04,справочная,0,0,0,0,0,,,,0,0,0,,218.0000000000000000,46.0000000000000000,172.0,4,2,0,4,,0,0,1,2461.0000,0,6,0,0,0,0,0,вне рекламы  но неделю отработал сам: продажи 1 шт  органика 0 ₽  показы 4  спрос по фразам 4; маржа_safe 20.8 % ≥ KPI; старт 8.5 ₽ при потолке 17.0 ₽
watch,hold,930615655,2977,"Картридж 51B5X00 для принтеров Lexmark MS517dn, MS617dn, MX517de, MX617de черный",от 2000 до 5000,12.0,12.0,0.0,21.3,9.3,16.3,6280.0,0.03,справочная,12,0,0.0,0.0,0.0,,0.0,,0,0.0,0.0,,142.0000000000000000,153.0000000000000000,-11.0,9,-2,0,3405,16,0,9,0,0,0,0,0,0.0,0.0,0,0,"кликов за неделю 0 (за всё время 0), расход 0 ₽ (накоплено 0 ₽) — судить не о чем, наблюдаем"
watch,hold,1153805351,3088,"Картридж CF460X для принтеров HP и Color LJ M652dn, LJ M653dn черный",Эксперимент1,8.0,8.0,0.0,29.7,21.7,15.3,14418.0,0.02,справочная,18,0,0.0,0.0,0.0,,0.0,,0,0.0,0.0,,73.0000000000000000,125.0000000000000000,-52.0,11,2,0,6623,16,0,2,0,0,0,0,0,0.0,0.0,0,0,"кликов за неделю 0 (за всё время 0), расход 0 ₽ (накоплено 0 ₽) — судить не о чем, наблюдаем"
watch,hold,873314423,3069,"Картриджи T9451-T9454 для принтеров Epson WorkForce Pro C5210, WF Pro C5215",Вне РК — спрос без рекламы (08.08),21.96,21.96,0.0,21.7,-0.3,14.5,11446.0,0.02,справочная,0,0,0,0,0,,,,0,0,0,,,,,0,0,0,0,,0,0,0,0,0,0,0,0,0,0,0,"кликов за неделю 0 (за всё время 0), расход 0 ₽ (накоплено 0 ₽) — судить не о чем, наблюдаем"
watch,hold,904483591,3116,"Картридж LC-665XLM для принтеров Brother MFC-J2320, MFC-J2720 пурпурный",Эксперимент1,11.28,11.28,0.0,14.4,3.1,21.9,2133.0,0.04,справочная,46,0,0.0,0.0,0.0,,0.0,,0,0.0,0.0,,92.0000000000000000,28.0000000000000000,64.0,14,-5,0,15,5,1,2,0,0,0,3,2,13.04,0.0,0,0,"кликов за неделю 0 (за всё время 2), расход 0 ₽ (накоплено 13 ₽) — судить не о чем, наблюдаем"
watch,hold,930623001,3208,"Картриджи CF360A-CF363A для принтеров HP Color LaserJet Enterprise M552, M553 dn, LJ M577",Вне РК — спрос без рекламы (08.08),21.96,21.96,0.0,32.8,10.8,13.3,19731.0,0.02,справочная,0,0,0,0,0,,,,0,0,0,,,,,0,0,0,0,,0,0,0,0,0,0,0,0,0,0,0,"кликов за неделю 0 (за всё время 0), расход 0 ₽ (накоплено 0 ₽) — судить не о чем, наблюдаем"
watch,hold,873314556,3257,"Заправочный комплект PC-211EV / PC-211RB (тонер 65гр + чип + воронка) для Pantum M6500W, M6507W, M6502W, P2500W, P2207, P2200, P2516, P2507",Эксперимент1,9.0,9.0,0.0,11.7,2.7,20.5,1509.0,0.05,справочная,18,0,0.0,0.0,0.0,,0.0,,0,0.0,0.0,,118.0000000000000000,128.0000000000000000,-10.0,84,-25,0,657,12,0,15,0,0,0,4,0,0.0,0.0,0,0,"кликов за неделю 0 (за всё время 0), расход 0 ₽ (накоплено 0 ₽) — судить не о чем, наблюдаем"
watch,hold,1167177953,3252,"Картридж S015020 для принтеров Epson FX-100, FX 1000, FX105, FX-1050, FX1170, FX 1180, MX-100, RX-100 черный",Эксперимент1,8.0,8.0,0.0,20.3,12.3,20.7,3229.0,0.04,справочная,24,0,0.0,0.0,0.0,,0.0,,0,0.0,0.0,,40.0000000000000000,67.0000000000000000,-27.0,1,-20,0,1,,0,0,0,0,0,0,0,0.0,0.0,0,0,"кликов за неделю 0 (за всё время 0), расход 0 ₽ (накоплено 0 ₽) — судить не о чем, наблюдаем"
watch,hold,873313267,3426,"Картридж TN-213BK для принтеров Brother и DCP-L3550, HL-L3230CDW, MFC-L3770CDW черный",Эксперимент1,10.0,10.0,0.0,19.7,9.7,18.9,3540.0,0.04,справочная,22,0,0.0,0.0,0.0,,0.0,,1,10.46,0.0,10.5,114.0000000000000000,96.0000000000000000,18.0,19,6,0,42,40,0,5,0,0,0,1,1,10.46,0.0,0,0,"кликов за неделю 0 (за всё время 1), расход 0 ₽ (накоплено 10 ₽) — судить не о чем, наблюдаем"
watch,hold,873313399,3405,"Фотобарабан E260X22G DU для принтеров Lexmark LaserPrinter E260, LP E360, LP E460, LP-E462, LP X264, LP X363, LPX364 черный",от 5000 до 10000,12.0,12.0,0.0,26.7,14.7,15.3,8650.0,0.03,справочная,39,0,0.0,0.0,0.0,,0.0,,0,0.0,0.0,,82.0000000000000000,83.0000000000000000,-1.0,1,-20,0,1,,0,0,0,0,0,0,0,0.0,0.0,0,0,"кликов за неделю 0 (за всё время 0), расход 0 ₽ (накоплено 0 ₽) — судить не о чем, наблюдаем"
watch,hold,873314134,3518,"Картридж T9441 для принтеров Epson WorkForce Pro C5210, WF Pro C5215 черный",Эксперимент1,9.0,9.0,0.0,14.5,5.5,20.2,2380.0,0.04,справочная,23,0,0.0,0.0,0.0,,0.0,,0,0.0,0.0,,43.0000000000000000,81.0000000000000000,-38.0,15,-12,0,29,15,0,4,0,0,0,0,1,1.49,0.0,0,0,"кликов за неделю 0 (за всё время 1), расход 0 ₽ (накоплено 1 ₽) — судить не о чем, наблюдаем"
watch,hold,873314134,3518,"Картридж T9441 для принтеров Epson WorkForce Pro C5210, WF Pro C5215 черный",от 2000 до 5000,13.0,13.0,0.0,14.5,1.5,20.2,2380.0,0.04,справочная,18,0,0.0,0.0,0.0,,0.0,,0,0.0,0.0,,43.0000000000000000,81.0000000000000000,-38.0,15,-12,0,29,15,0,4,0,0,0,0,0,0.0,0.0,0,0,"кликов за неделю 0 (за всё время 0), расход 0 ₽ (накоплено 0 ₽) — судить не о чем, наблюдаем"
watch,hold,873313549,3500,"Картридж PFI-1700PM для принтеров Canon и iPF PRO 2000, iPF PRO 4000 фото-пурпурный",от 10000 до 500 тыс,12.0,12.0,0.0,31.3,19.3,13.5,18400.0,0.02,справочная,11,0,0.0,0.0,0.0,,0.0,,0,0.0,0.0,,53.0000000000000000,83.0000000000000000,-30.0,5,-7,0,6,,0,0,0,0,0,0,0,0.0,0.0,0,0,"кликов за неделю 0 (за всё время 0), расход 0 ₽ (накоплено 0 ₽) — судить не о чем, наблюдаем"
watch,hold,873313150,3557,"Картриджи TK-865 для принтеров Kyocera TASKalfa 250ci, TASKalfa 300ci",от 10000 до 500 тыс,20.93,20.93,0.0,69.3,48.4,10.7,60800.0,0.02,справочная,0,0,0,0,0,,,,0,0,0,,,23.0000000000000000,,0,-1,0,0,,0,0,0,0,0,1,0,0.0,0.0,0,0,"кликов за неделю 0 (за всё время 0), расход 0 ₽ (накоплено 0 ₽) — судить не о чем, наблюдаем"
watch,hold,873313150,3557,"Картриджи TK-865 для принтеров Kyocera TASKalfa 250ci, TASKalfa 300ci",Эксперимент1,14.5,14.5,0.0,69.3,54.8,10.7,60800.0,0.02,справочная,23,0,0.0,0.0,0.0,,0.0,,0,0.0,0.0,,,23.0000000000000000,,0,-1,0,0,,0,0,0,0,0,1,0,0.0,0.0,0,0,"кликов за неделю 0 (за всё время 0), расход 0 ₽ (накоплено 0 ₽) — судить не о чем, наблюдаем"
watch,hold,873313041,3635,"Картридж TK-5195Bk для принтеров Kyocera и TASKalfa 306, TASKalfa 307 черный",от 2000 до 5000,20.0,20.0,0.0,19.7,-0.3,16.7,5609.0,0.03,справочная,7,0,0.0,0.0,0.0,,0.0,,0,0.0,0.0,,65.0000000000000000,229.0000000000000000,-164.0,10,2,0,9,36,0,1,0,0,0,1,0,0.0,0.0,0,0,"кликов за неделю 0 (за всё время 0), расход 0 ₽ (накоплено 0 ₽) — судить не о чем, наблюдаем"
watch,hold,873313686,3644,"Картридж C-EXV51Bk для принтеров Canon и iR Advance C5535, iR Advance C5540 черный",Эксперимент1,8.0,8.0,0.0,28.2,20.2,13.2,17222.0,0.02,справочная,19,0,0.0,0.0,0.0,,0.0,,0,0.0,0.0,,41.0000000000000000,247.0000000000000000,-206.0,6,4,0,5,47,0,1,0,0,0,0,0,0.0,0.0,0,0,"кликов за неделю 0 (за всё время 0), расход 0 ₽ (накоплено 0 ₽) — судить не о чем, наблюдаем"
watch,hold,901559421,3570,"Картридж CF289Y для принтеров HP LaserJet M507, LJ M528 черный",от 2000 до 5000,14.0,14.0,0.0,19.4,5.4,16.6,5565.0,0.03,справочная,9,0,0.0,0.0,0.0,,0.0,,0,0.0,0.0,,50.0000000000000000,62.0000000000000000,-12.0,7,-3,0,13,12,0,6,0,0,0,0,1,12.45,0.0,0,0,"кликов за неделю 0 (за всё время 1), расход 0 ₽ (накоплено 12 ₽) — судить не о чем, наблюдаем"
watch,hold,873313818,3663,"Фотобарабан W1332A для принтеров HP Laser 408 dn, Laser 432 fdn черный",Эксперимент1,8.0,8.0,0.0,21.2,13.2,18.7,3861.0,0.04,справочная,43,0,0.0,0.0,0.0,,0.0,,0,0.0,0.0,,72.0000000000000000,55.0000000000000000,17.0,5,-2,0,6,22,0,5,0,0,0,0,1,10.51,0.0,0,0,"кликов за неделю 0 (за всё время 1), расход 0 ₽ (накоплено 11 ₽) — судить не о чем, наблюдаем"
watch,hold,873320606,3771,"Фотобарабан 101R00582 DU для принтеров Xerox VersaLink B600, VersaLinkB605 черный",Эксперимент1,8.0,8.0,0.0,44.2,36.2,13.5,26001.0,0.02,справочная,12,0,0.0,0.0,0.0,,0.0,,0,0.0,0.0,,46.0000000000000000,125.0000000000000000,-79.0,8,5,0,12,11,0,7,0,0,0,0,0,0.0,0.0,0,0,"кликов за неделю 0 (за всё время 0), расход 0 ₽ (накоплено 0 ₽) — судить не о чем, наблюдаем"
watch,hold,873320532,3815,"Картридж W2122X для принтеров HP Color LJ M554 dn, LJ M555 dn желтый",Эксперимент1,8.0,8.0,0.0,18.6,10.6,17.0,5178.0,0.03,справочная,22,0,0.0,0.0,0.0,,0.0,,0,0.0,0.0,,221.0000000000000000,177.0000000000000000,44.0,6,-5,0,99,226,0,1,0,0,0,0,0,0.0,0.0,0,0,"кликов за неделю 0 (за всё время 0), расход 0 ₽ (накоплено 0 ₽) — судить не о чем, наблюдаем"
watch,hold,873319780,3890,"Картриджи LC-3237 для принтеров Brother HL-J6000DW, MFC-J5945DW, MFC J6945",Эксперимент1,16.1,16.1,0.0,28.2,12.1,16.0,8541.0,0.03,справочная,0,0,0,0,0,,,,0,0,0,,,,,0,0,0,0,,0,0,0,0,0,3,2,34.03,0.0,0,0,"кликов за неделю 0 (за всё время 2), расход 0 ₽ (накоплено 34 ₽) — судить не о чем, наблюдаем"
watch,hold,873319780,3890,"Картриджи LC-3237 для принтеров Brother HL-J6000DW, MFC-J5945DW, MFC J6945",от 5000 до 10000,20.93,20.93,0.0,28.2,7.3,16.0,8541.0,0.03,справочная,0,0,0,0,0,,,,0,0,0,,,,,0,0,0,0,,0,0,0,0,0,3,0,0.0,0.0,0,0,"кликов за неделю 0 (за всё время 0), расход 0 ₽ (накоплено 0 ₽) — судить не о чем, наблюдаем"
watch,hold,904484199,3966,"Картридж 46471107 для принтеров OKI Data C823, Data C833 голубой",Эксперимент1,12.89,12.89,0.0,29.2,16.3,16.7,8320.0,0.03,справочная,27,0,0.0,0.0,0.0,,0.0,,0,0.0,0.0,,7.0000000000000000,181.0000000000000000,-174.0,8,3,0,9,5,1,2,0,0,0,1,0,0.0,0.0,0,0,"кликов за неделю 0 (за всё время 0), расход 0 ₽ (накоплено 0 ₽) — судить не о чем, наблюдаем"
watch,hold,873320322,3993,"Картридж CE038A для принтеров HP Designjet Z6200, DJ Z6800 красный",Эксперимент1,12.89,12.89,0.0,57.0,44.1,10.0,57045.0,0.02,справочная,32,0,0.0,0.0,0.0,,0.0,,0,0,0,,,161.0000000000000000,,0,-19,0,0,,0,0,0,0,0,2,0,0.0,0.0,0,0,"кликов за неделю 0 (за всё время 0), расход 0 ₽ (накоплено 0 ₽) — судить не о чем, наблюдаем"
watch,hold,904484060,3970,"Картридж 47095708 для принтеров OKI Data C824, Data C834 черный",Эксперимент1,12.89,12.89,0.0,27.6,14.7,16.6,7928.0,0.03,справочная,40,0,0.0,0.0,0.0,,0.0,,0,0.0,0.0,,37.0000000000000000,214.0000000000000000,-177.0,5,-7,0,6,14,0,5,0,0,0,1,0,0.0,0.0,0,0,"кликов за неделю 0 (за всё время 0), расход 0 ₽ (накоплено 0 ₽) — судить не о чем, наблюдаем"
watch,hold,873319526,4053,"Картридж PFI-320Bk для принтеров Canon и iPF TM-200, iPF TM 205 черный",от 10000 до 500 тыс,20.93,20.93,0.0,27.8,6.9,15.1,13778.0,0.02,справочная,37,0,0.0,0.0,0.0,,0.0,,0,0.0,0.0,,105.0000000000000000,70.0000000000000000,35.0,16,-20,0,17,18,0,5,0,0,0,2,0,0.0,0.0,0,0,"кликов за неделю 0 (за всё время 0), расход 0 ₽ (накоплено 0 ₽) — судить не о чем, наблюдаем"
watch,hold,874376050,4170,"Картридж ERC09B для принтеров Epson M-160, M-163, M 164, M180, M-181, M182, M 183, M 190, M191 M195 HX-20",от 0 до 1000,10.0,10.0,0.0,4.3,-5.7,13.1,875.0,0.06,справочная,36,0,0.0,0.0,0.0,,0.0,,0,0.0,0.0,,42.0000000000000000,39.0000000000000000,3.0,17,2,0,21,3,1,3,0,0,0,0,0,0.0,0.0,0,0,"кликов за неделю 0 (за всё время 0), расход 0 ₽ (накоплено 0 ₽) — судить не о чем, наблюдаем"
watch,hold,874374369,4268,"Картриджи 006R01701-006R01704 для принтеров Xerox AltaLink C8030, C8035",Вне РК — спрос без рекламы (08.08),21.96,21.96,0.0,36.5,14.5,13.4,21755.0,0.02,справочная,0,0,0,0,0,,,,0,0,0,,,,,0,0,0,0,,0,0,0,0,0,0,0,0,0,0,0,"кликов за неделю 0 (за всё время 0), расход 0 ₽ (накоплено 0 ₽) — судить не о чем, наблюдаем"
watch,hold,874377167,4247,"Картриджи 006R01529-006R01532 для принтеров Xerox Color 550, Color 560",от 10000 до 500 тыс,20.93,20.93,0.0,60.9,40.0,10.2,58520.0,0.02,справочная,0,0,0,0,0,,,,0,0,0,,,20.0000000000000000,,0,-38,0,0,,0,0,0,0,0,2,0,0,0,0,0,"кликов за неделю 0 (за всё время 0), расход 0 ₽ (накоплено 0 ₽) — судить не о чем, наблюдаем"
watch,hold,874377167,4247,"Картриджи 006R01529-006R01532 для принтеров Xerox Color 550, Color 560",Эксперимент1,14.5,14.5,0.0,60.9,46.4,10.2,58520.0,0.02,справочная,35,0,0.0,0.0,0.0,,0.0,,1,12.6,0.0,12.6,,20.0000000000000000,,0,-38,0,0,,0,0,0,0,0,2,2,15.18,0.0,0,0,"кликов за неделю 0 (за всё время 2), расход 0 ₽ (накоплено 15 ₽) — судить не о чем, наблюдаем"
watch,hold,874376333,4216,"Картридж 842255 для принтеров Ricoh и IM-C3000, IM-C3500 черный",Эксперимент1,8.0,8.0,0.0,22.4,14.4,16.8,6338.0,0.03,справочная,33,0,0.0,0.0,0.0,,0.0,,0,0.0,0.0,,151.0000000000000000,89.0000000000000000,62.0,7,0,0,3466,20,0,7,0,0,0,0,0,0.0,0.0,0,0,"кликов за неделю 0 (за всё время 0), расход 0 ₽ (накоплено 0 ₽) — судить не о чем, наблюдаем"
watch,hold,874377206,4323,"Картридж T6935 для принтеров Epson SureColor SC-SC-T7200, SC T3000, SCT3200, SC-T5000, SCT5200, SC T7000 черный матовый",Эксперимент1,12.89,12.89,0.0,26.6,13.7,13.5,15661.0,0.02,справочная,92,0,0.0,0.0,0.0,,0.0,,0,0.0,0.0,,43.0000000000000000,26.0000000000000000,17.0,29,-19,0,34,5,3,15,0,0,1,1,1,11.52,0.0,0,0,"кликов за неделю 0 (за всё время 1), расход 0 ₽ (накоплено 12 ₽) — судить не о чем, наблюдаем"
watch,hold,904484116,4367,"Картридж №46 для принтеров HP DeskJet Ink Advantage Ultra 4729, DJ 2020hc, DJ 2520hc, DJ Ultra 2029 цветной",от 2000 до 5000,12.0,12.0,0.0,22.9,10.9,19.6,5222.0,0.03,справочная,45,0,0.0,0.0,0.0,,0.0,,1,11.86,0.0,11.9,79.0000000000000000,139.0000000000000000,-60.0,67,-11,0,888,2,1,15,0,0,0,1,3,28.31,0.0,0,0,"кликов за неделю 0 (за всё время 3), расход 0 ₽ (накоплено 28 ₽) — судить не о чем, наблюдаем"
watch,hold,874376449,4391,"Картриджи №711 х 3 шт для принтеров HP DesignJet T120, DJ-T125, DJ T130, DJ T520 желтый",от 2000 до 5000,19.33,19.33,0.0,23.9,4.6,20.0,5303.0,0.03,справочная,88,0,0.0,0.0,0.0,,0.0,,0,0.0,0.0,,91.0000000000000000,137.0000000000000000,-46.0,38,9,0,267,1,1,15,0,0,0,1,0,0.0,0.0,0,0,"кликов за неделю 0 (за всё время 0), расход 0 ₽ (накоплено 0 ₽) — судить не о чем, наблюдаем"
watch,hold,874207382,4432,"Чернила E-106 для принтеров Epson EcoTank 7700, EcoTank 7750, L7160, L7180",Эксперимент1,8.0,8.0,0.0,16.7,8.7,20.5,2689.0,0.04,справочная,6,0,0.0,0.0,0.0,,0.0,,0,0.0,0.0,,,158.0000000000000000,,0,-6,0,0,,0,0,0,0,0,0,0,0.0,0.0,0,0,"кликов за неделю 0 (за всё время 0), расход 0 ₽ (накоплено 0 ₽) — судить не о чем, наблюдаем"
watch,hold,901543961,4413,"Чернила GI-43BK для принтеров Canon Pixma G540, Pixma G640 черный",Эксперимент1,9.0,9.0,0.0,2.9,-6.1,11.5,744.0,0.06,справочная,23,0,0.0,0.0,0.0,,0.0,,0,0.0,0.0,,80.0000000000000000,85.0000000000000000,-5.0,33,-11,0,47,33,0,4,0,0,0,3,1,10.89,0.0,0,0,"кликов за неделю 0 (за всё время 1), расход 0 ₽ (накоплено 11 ₽) — судить не о чем, наблюдаем"
watch,hold,901543961,4413,"Чернила GI-43BK для принтеров Canon Pixma G540, Pixma G640 черный",от 0 до 1000,11.0,11.0,0.0,2.9,-8.1,11.5,744.0,0.06,справочная,32,0,0.0,0.0,0.0,,0.0,,0,0.0,0.0,,80.0000000000000000,85.0000000000000000,-5.0,33,-11,0,47,33,0,4,0,0,0,3,0,0.0,0.0,0,0,"кликов за неделю 0 (за всё время 0), расход 0 ₽ (накоплено 0 ₽) — судить не о чем, наблюдаем"
watch,hold,874376169,4438,"Картридж T01D4 для принтеров Epson WorkForce Pro C529R, WF Pro C579R желтый",Эксперимент1,9.0,9.0,0.0,52.1,43.1,11.0,43415.0,0.02,справочная,61,0,0.0,0.0,0.0,,0.0,,1,7.79,0.0,7.8,49.0000000000000000,62.0000000000000000,-13.0,22,-6,0,154,16,0,5,0,0,0,0,1,7.79,0.0,0,0,"кликов за неделю 0 (за всё время 1), расход 0 ₽ (накоплено 8 ₽) — судить не о чем, наблюдаем"
watch,hold,984583830,4638,"Картридж 652XL Bk для принтеров HP и DeskJet 3636, DeskJet 3855, DJ 1115, DJ 2135, DJ2136, DJ 3635, DJ 3775 черный",Эксперимент1,12.89,12.89,0.0,19.8,6.9,17.6,5227.0,0.03,справочная,265,0,0.0,0.0,0.0,,0.0,,3,16.1,0.0,5.4,123.0000000000000000,143.0000000000000000,-20.0,69,29,0,3624,7,1,15,0,0,0,2,3,16.1,0.0,0,0,"кликов за неделю 0 (за всё время 3), расход 0 ₽ (накоплено 16 ₽) — судить не о чем, наблюдаем"
watch,hold,984583392,4729,Картриджи 106R03769 - 106R03772 для принтеров Xerox и VersaLink C7000,от 5000 до 10000,12.0,12.0,0.0,,,,8885.0,0.03,справочная,0,0,0,0,0,,,,0,0,0,,,,,0,0,0,0,,0,0,0,0,0,0,0,0,0,0,0,"кликов за неделю 0 (за всё время 0), расход 0 ₽ (накоплено 0 ₽) — судить не о чем, наблюдаем"
watch,hold,984584508,4730,Картридж TN-227K для принтеров Konica Minolta Bizhub C257i черный,Вне РК — спрос без рекламы (08.08),21.96,21.96,0.0,32.4,10.4,16.3,9550.0,0.03,справочная,6,0,0.0,0.0,0.0,,0.0,,0,0,0,,,,,0,0,0,0,,0,0,0,0,0,8,0,0.0,0.0,0,0,"кликов за неделю 0 (за всё время 0), расход 0 ₽ (накоплено 0 ₽) — судить не о чем, наблюдаем"
watch,hold,1011524372,4825,"Фотобарабаны A7U40RD-A7U40TD для принтеров Konica Minolta Bizhub 308, Bizhub 458",от 10000 до 500 тыс,19.33,19.33,0.0,54.4,35.1,13.5,31976.0,0.02,справочная,6,0,0.0,0.0,0.0,,0.0,,0,0.0,0.0,,,59.0000000000000000,,0,-13,0,0,,0,0,0,0,0,1,0,0.0,0.0,0,0,"кликов за неделю 0 (за всё время 0), расход 0 ₽ (накоплено 0 ₽) — судить не о чем, наблюдаем"
watch,hold,1129396126,4641,Картридж TNP-51K для принтеров Konica Minolta Bizhub C3110 черный,Эксперимент1,12.89,12.89,0.0,28.5,15.6,16.0,8650.0,0.03,справочная,26,0,0.0,0.0,0.0,,0.0,,0,0,0,,,65.0000000000000000,,0,-20,0,0,,0,0,0,0,0,1,0,0.0,0.0,0,0,"кликов за неделю 0 (за всё время 0), расход 0 ₽ (накоплено 0 ₽) — судить не о чем, наблюдаем"
watch,hold,1134976716,4966,Картридж CLI-42LGY для принтеров Canon Pixma PRO-100 светло-серый,Эксперимент1,8.0,8.0,0.0,9.5,1.5,18.3,1423.0,0.05,справочная,25,0,0.0,0.0,0.0,,0.0,,0,0.0,0.0,,139.0000000000000000,73.0000000000000000,66.0,7,-5,0,6,11,0,7,0,0,0,0,0,0.0,0.0,0,0,"кликов за неделю 0 (за всё время 0), расход 0 ₽ (накоплено 0 ₽) — судить не о чем, наблюдаем"
watch,hold,1143060743,5216,"Картридж S015339 для принтеров Epson PLQ-20, PLQ-20M",Вне РК — спрос без рекламы (08.08),21.96,21.96,0.0,21.3,-0.7,20.6,3413.0,0.04,справочная,76,0,0.0,0.0,0.0,,0.0,,0,0.0,0.0,,13.0000000000000000,9.0000000000000000,4.0,46,9,0,126,5,8,13,0,0,0,1,0,0.0,0.0,0,0,"кликов за неделю 0 (за всё время 0), расход 0 ₽ (накоплено 0 ₽) — судить не о чем, наблюдаем"
watch,hold,1261505490,4721,Картридж MPC2503 для принтеров Ricoh Aficio MPC2003 желтый,Эксперимент1,8.0,8.0,0.0,25.4,17.4,15.3,8209.0,0.03,справочная,17,0,0.0,0.0,0.0,,0.0,,0,0.0,0.0,,62.0000000000000000,32.0000000000000000,30.0,6,3,0,5,23,0,6,0,0,0,1,0,0.0,0.0,0,0,"кликов за неделю 0 (за всё время 0), расход 0 ₽ (накоплено 0 ₽) — судить не о чем, наблюдаем"
watch,hold,1261462713,4699,"Картридж №761 для принтеров HP и DesignJet T7100, DJ T7200 желтый",от 10000 до 500 тыс,12.0,12.0,0.0,37.6,25.6,13.5,22140.0,0.02,справочная,3,0,0.0,0.0,0.0,,0.0,,2,16.89,0.0,8.4,,191.0000000000000000,,0,-13,0,0,,0,0,0,0,0,0,2,16.89,0.0,0,0,"кликов за неделю 0 (за всё время 2), расход 0 ₽ (накоплено 17 ₽) — судить не о чем, наблюдаем"
watch,hold,1261466769,4749,"Картридж W1470X для принтеров HP LaserJet M610dn, M611dn, M634dn, M634h черный",Эксперимент1,14.5,14.5,0.0,29.2,14.7,15.4,9354.0,0.03,справочная,20,0,0.0,0.0,0.0,,0.0,,1,7.99,0.0,8.0,63.0000000000000000,121.0000000000000000,-58.0,5,-7,0,6,8,1,5,0,0,0,1,1,7.99,0.0,0,0,"кликов за неделю 0 (за всё время 1), расход 0 ₽ (накоплено 8 ₽) — судить не о чем, наблюдаем"
watch,hold,1261466769,4749,"Картридж W1470X для принтеров HP LaserJet M610dn, M611dn, M634dn, M634h черный",от 5000 до 10000,20.93,20.93,0.0,29.2,8.3,15.4,9354.0,0.03,справочная,3,0,0.0,0.0,0.0,,0.0,,0,0.0,0.0,,63.0000000000000000,121.0000000000000000,-58.0,5,-7,0,6,8,1,5,0,0,0,1,0,0.0,0.0,0,0,"кликов за неделю 0 (за всё время 0), расход 0 ₽ (накоплено 0 ₽) — судить не о чем, наблюдаем"
watch,hold,1261510003,4835,"Картридж 3ED68A для принтеров HP и DesignJet Studio, DJ Studio Steel, DJ T210, DJ T230 пурпурный",Эксперимент1,12.89,12.89,0.0,25.8,12.9,21.0,5380.0,0.03,справочная,380,0,0.0,0.0,0.0,,0.0,,1,10.71,0.0,10.7,73.0000000000000000,109.0000000000000000,-36.0,77,38,0,3651,10,1,14,0,0,0,1,1,10.71,0.0,0,0,"кликов за неделю 0 (за всё время 1), расход 0 ₽ (накоплено 11 ₽) — судить не о чем, наблюдаем"
watch,hold,1261569077,4893,"Картридж W1500A для HP LJ M111, LJ M141 черный",Вне РК — спрос без рекламы (08.08),21.96,21.96,0.0,17.7,-4.3,19.4,3073.0,0.04,справочная,19,0,0.0,0.0,0.0,,0.0,,0,0.0,0.0,,87.0000000000000000,55.0000000000000000,32.0,19,6,0,36,1,1,15,0,0,0,2,0,0.0,0.0,0,0,"кликов за неделю 0 (за всё время 0), расход 0 ₽ (накоплено 0 ₽) — судить не о чем, наблюдаем"
watch,hold,1261568225,4886,"Картридж 305XL для принтеров HP DeskJet 2120, DeskJet 2320, ENVY 6010, ENVY 6020 черный",Эксперимент1,8.0,8.0,0.0,25.9,17.9,17.6,6860.0,0.03,справочная,39,0,0.0,0.0,0.0,,0.0,,0,0.0,0.0,,147.0000000000000000,140.0000000000000000,7.0,13,-3,0,3341,86,0,3,0,0,0,1,0,0.0,0.0,0,0,"кликов за неделю 0 (за всё время 0), расход 0 ₽ (накоплено 0 ₽) — судить не о чем, наблюдаем"
watch,hold,1261562713,4887,"Картридж W1500X для принтеров HP LaserJet M111, LJ M141 черный",от 2000 до 5000,13.0,13.0,0.0,20.8,7.8,19.5,3578.0,0.04,справочная,7,0,0.0,0.0,0.0,,0.0,,0,0.0,0.0,,116.0000000000000000,84.0000000000000000,32.0,11,-8,0,21,8,1,9,0,0,0,2,0,0.0,0.0,0,0,"кликов за неделю 0 (за всё время 0), расход 0 ₽ (накоплено 0 ₽) — судить не о чем, наблюдаем"
watch,hold,1261574043,5249,"Картридж TK-1200XL для принтеров Kyocera EcoSys M2235, M2735dn, M2835, P2335 черный",от 2000 до 5000,12.0,12.0,0.0,15.3,3.3,15.5,3645.0,0.04,справочная,21,0,0.0,0.0,0.0,,0.0,,0,0.0,0.0,,70.0000000000000000,44.0000000000000000,26.0,16,3,0,19,2,2,11,0,0,0,4,0,0.0,0.0,0,0,"кликов за неделю 0 (за всё время 0), расход 0 ₽ (накоплено 0 ₽) — судить не о чем, наблюдаем"
watch,hold,1261568767,5277,"Картридж 378XL для принтеров Epson и Expression XP 15000, XP 8500, XP-8505 голубой",Эксперимент1,7.0,7.0,0.0,13.3,6.3,19.9,1779.0,0.05,справочная,59,0,0.0,0.0,0.0,,0.0,,1,1.0,0.0,1.0,45.0000000000000000,43.0000000000000000,2.0,45,17,0,3459,6,2,14,0,0,0,1,1,1.0,0.0,0,0,"кликов за неделю 0 (за всё время 1), расход 0 ₽ (накоплено 1 ₽) — судить не о чем, наблюдаем"
watch,hold,1277712435,5250,"Фотобарабан DK-320 для принтеров Kyocera FS-2020, FS 3040, FS3140, FS-3540, FS3640, FS 3920 черный",от 10000 до 500 тыс,12.0,12.0,0.0,,,,53204.0,0.02,справочная,3,0,0.0,0.0,0.0,,0.0,,0,0,0,,,,,0,0,0,0,,0,0,0,0,0,0,0,0.0,0.0,0,0,"кликов за неделю 0 (за всё время 0), расход 0 ₽ (накоплено 0 ₽) — судить не о чем, наблюдаем"
watch,hold,1340723402,5361,"Картридж 729 для принтеров Canon и i-SENSYS LBP7010C, LBP7018C голубой",Эксперимент1,7.0,7.0,0.0,12.1,5.1,18.2,2283.0,0.04,справочная,19,0,0.0,0.0,0.0,,0.0,,0,0.0,0.0,,107.0000000000000000,65.0000000000000000,42.0,15,1,0,1047,8,2,15,0,0,0,0,0,0.0,0.0,0,0,"кликов за неделю 0 (за всё время 0), расход 0 ₽ (накоплено 0 ₽) — судить не о чем, наблюдаем"
watch,hold,1434681877,4897,"Картридж 56F5X0E для принтеров Lexmark LaserPrinter MS421, LP MS521, LP MS621, LP-MS622 черный",Эксперимент1,8.0,8.0,0.0,45.6,37.6,13.6,26500.0,0.02,справочная,4,0,0.0,0.0,0.0,,0.0,,0,0,0,,95.0000000000000000,45.0000000000000000,50.0,38,-6,0,109,17,0,14,0,0,0,1,0,0.0,0.0,0,0,"кликов за неделю 0 (за всё время 0), расход 0 ₽ (накоплено 0 ₽) — судить не о чем, наблюдаем"
watch,hold,1434681877,4897,"Картридж 56F5X0E для принтеров Lexmark LaserPrinter MS421, LP MS521, LP MS621, LP-MS622 черный",от 10000 до 500 тыс,13.0,13.0,0.0,45.6,32.6,13.6,26500.0,0.02,справочная,46,0,0.0,0.0,0.0,,0.0,,0,0.0,0.0,,95.0000000000000000,45.0000000000000000,50.0,38,-6,0,109,17,0,14,0,0,0,1,0,0.0,0.0,0,0,"кликов за неделю 0 (за всё время 0), расход 0 ₽ (накоплено 0 ₽) — судить не о чем, наблюдаем"
watch,hold,1510949677,5384,"Картридж 055H BK для принтеров Canon i-SENSYS MF 741, MF 743 черный",Эксперимент1,11.0,11.0,0.0,24.1,13.1,18.2,4559.0,0.04,справочная,40,0,0.0,0.0,0.0,,0.0,,1,14.01,0.0,14.0,67.0000000000000000,92.0000000000000000,-25.0,50,35,0,86,8,1,15,0,0,0,4,1,14.01,0.0,0,0,"кликов за неделю 0 (за всё время 1), расход 0 ₽ (накоплено 14 ₽) — судить не о чем, наблюдаем"
watch,hold,1510949677,5384,"Картридж 055H BK для принтеров Canon i-SENSYS MF 741, MF 743 черный",от 2000 до 5000,15.0,15.0,0.0,24.1,9.1,18.2,4559.0,0.04,справочная,8,0,0.0,0.0,0.0,,0.0,,0,0.0,0.0,,67.0000000000000000,92.0000000000000000,-25.0,50,35,0,86,8,1,15,0,0,0,4,0,0.0,0.0,0,0,"кликов за неделю 0 (за всё время 0), расход 0 ₽ (накоплено 0 ₽) — судить не о чем, наблюдаем"
watch,hold,1510950802,5405,"Картридж W1500X для принтеров HP LaserJet M111, LJ M141 черный",Вне РК — спрос без рекламы (08.08),21.96,21.96,0.0,19.2,-2.8,19.2,3385.0,0.04,справочная,44,0,0.0,0.0,0.0,,0.0,,0,0.0,0.0,,140.0000000000000000,49.0000000000000000,91.0,11,-1,0,33,63,0,3,0,0,0,1,0,0.0,0.0,0,0,"кликов за неделю 0 (за всё время 0), расход 0 ₽ (накоплено 0 ₽) — судить не о чем, наблюдаем"
watch,hold,1510950751,5406,"Картридж W1510A для принтеров HP и LaserJet Pro 4003 dn, LJ Pro 4103fdn черный",Эксперимент1,14.5,14.5,0.0,18.6,4.1,19.2,3271.0,0.04,справочная,24,0,0.0,0.0,0.0,,0.0,,0,0.0,0.0,,81.0000000000000000,98.0000000000000000,-17.0,8,1,0,87,27,0,3,0,0,0,1,0,0.0,0.0,0,0,"кликов за неделю 0 (за всё время 0), расход 0 ₽ (накоплено 0 ₽) — судить не о чем, наблюдаем"
watch,hold,1510950751,5406,"Картридж W1510A для принтеров HP и LaserJet Pro 4003 dn, LJ Pro 4103fdn черный",от 2000 до 5000,20.93,20.93,0.0,18.6,-2.3,19.2,3271.0,0.04,справочная,6,0,0.0,0.0,0.0,,0.0,,0,0.0,0.0,,81.0000000000000000,98.0000000000000000,-17.0,8,1,0,87,27,0,3,0,0,0,1,0,0.0,0.0,0,0,"кликов за неделю 0 (за всё время 0), расход 0 ₽ (накоплено 0 ₽) — судить не о чем, наблюдаем"
watch,hold,1548617454,5437,"Картридж 006R01831 для принтеров Xerox VersaLink C7120, VersaLinkC7125 желтый",Эксперимент1,8.0,8.0,0.0,27.2,19.2,15.7,8474.0,0.03,справочная,7,0,0.0,0.0,0.0,,0.0,,0,0.0,0.0,,30.0000000000000000,44.0000000000000000,-14.0,5,2,0,6,3,1,2,0,0,0,0,0,0.0,0.0,0,0,"кликов за неделю 0 (за всё время 0), расход 0 ₽ (накоплено 0 ₽) — судить не о чем, наблюдаем"
watch,hold,1556486995,5446,"Картридж TK-3430 для принтеров Kyocera ECOSYS MA5500ifx, PA5500x черный",Эксперимент1,16.1,16.1,0.0,25.4,9.3,19.2,4475.0,0.04,справочная,26,0,0.0,0.0,0.0,,0.0,,0,0.0,0.0,,45.0000000000000000,42.0000000000000000,3.0,19,-3,0,25,10,1,15,0,0,0,6,0,0.0,0.0,0,0,"кликов за неделю 0 (за всё время 0), расход 0 ₽ (накоплено 0 ₽) — судить не о чем, наблюдаем"
watch,hold,1556486995,5446,"Картридж TK-3430 для принтеров Kyocera ECOSYS MA5500ifx, PA5500x черный",от 2000 до 5000,20.93,20.93,0.0,25.4,4.5,19.2,4475.0,0.04,справочная,6,0,0.0,0.0,0.0,,0.0,,0,0.0,0.0,,45.0000000000000000,42.0000000000000000,3.0,19,-3,0,25,10,1,15,0,0,0,6,0,0.0,0.0,0,0,"кликов за неделю 0 (за всё время 0), расход 0 ₽ (накоплено 0 ₽) — судить не о чем, наблюдаем"
watch,hold,1586846966,54954,"Картридж для HP LaserJet Tank 2602dn, LJ Tank 1502w, LJ Tank 2502dw",Эксперимент1,7.0,7.0,0.0,8.5,1.5,17.6,1346.0,0.05,справочная,18,0,0.0,0.0,0.0,,0.0,,0,0.0,1.0,,21.0000000000000000,58.0000000000000000,-37.0,20,-20,827,22,19,0,4,2,2692.0000,1,11,1,1.0,1.0,0,0,"кликов за неделю 0 (за всё время 1), расход 0 ₽ (накоплено 1 ₽) — судить не о чем, наблюдаем"
watch,hold,1659412524,5525,"Картридж W1450A для принтеров HP LaserJet Pro 3003 DN/DNE/DW/DWE/MFP, 3103 DN/DW/DWE черный",Эксперимент1,8.0,8.0,0.0,,,,6015.0,0.03,справочная,0,0,0,0,0,,,,0,0,0,,,,,0,0,0,0,,0,0,0,0,0,2,0,0,0,0,0,"кликов за неделю 0 (за всё время 0), расход 0 ₽ (накоплено 0 ₽) — судить не о чем, наблюдаем"
watch,hold,1659417880,5530,"Картридж W1510X для принтеров HP LaserJet Pro 4003dn, LJ Pro 4103fdn черный",Эксперимент1,14.5,14.5,0.0,23.3,8.8,17.7,4577.0,0.04,справочная,26,0,0.0,0.0,0.0,,0.0,,0,0.0,0.0,,49.0000000000000000,123.0000000000000000,-74.0,7,-7,0,8,56,0,1,0,0,0,43,0,0.0,0.0,0,0,"кликов за неделю 0 (за всё время 0), расход 0 ₽ (накоплено 0 ₽) — судить не о чем, наблюдаем"
watch,hold,1659417880,5530,"Картридж W1510X для принтеров HP LaserJet Pro 4003dn, LJ Pro 4103fdn черный",от 2000 до 5000,22.54,22.54,0.0,23.3,0.8,17.7,4577.0,0.04,справочная,3,0,0.0,0.0,0.0,,0.0,,0,0.0,0.0,,49.0000000000000000,123.0000000000000000,-74.0,7,-7,0,8,56,0,1,0,0,0,43,0,0.0,0.0,0,0,"кликов за неделю 0 (за всё время 0), расход 0 ₽ (накоплено 0 ₽) — судить не о чем, наблюдаем"
watch,hold,1672231457,5597,"Картридж W1510X для принтеров HP LaserJet Pro 4003 dn, LJ Pro 4103fdw черный",от 2000 до 5000,12.0,12.0,0.0,18.1,6.1,16.9,5064.0,0.03,справочная,8,0,0.0,0.0,0.0,,0.0,,0,0.0,0.0,,78.0000000000000000,95.0000000000000000,-17.0,8,1,0,8,5,1,8,0,0,0,0,0,0.0,0.0,0,0,"кликов за неделю 0 (за всё время 0), расход 0 ₽ (накоплено 0 ₽) — судить не о чем, наблюдаем"
watch,hold,1692297090,4856,"Фотобарабан 108R01483 для принтеров Xerox VersaLink C500, C505 желтый",Эксперимент1,8.0,8.0,0.0,28.6,20.6,14.6,14899.0,0.02,справочная,25,0,0.0,0.0,0.0,,0.0,,0,0.0,0.0,,56.0000000000000000,177.0000000000000000,-121.0,12,0,0,18,13,0,12,0,0,0,0,1,5.69,0.0,0,0,"кликов за неделю 0 (за всё время 1), расход 0 ₽ (накоплено 6 ₽) — судить не о чем, наблюдаем"
watch,hold,1692457684,5580,"Картридж W1350A для принтеров HP LaserJet M209, LJ-M209dw, LJM209dwe черный",от 2000 до 5000,12.0,12.0,0.0,22.1,10.1,18.9,3982.0,0.04,справочная,6,0,0.0,0.0,0.0,,0.0,,0,0.0,0.0,,329.0000000000000000,149.0000000000000000,180.0,4,0,0,4,,0,0,0,0,0,0,0,0.0,0.0,0,0,"кликов за неделю 0 (за всё время 0), расход 0 ₽ (накоплено 0 ₽) — судить не о чем, наблюдаем"
watch,hold,1692460548,5582,"Картридж W1350X для принтеров HP LaserJet M209, LJ-M209dw, LJM209dwe черный",Эксперимент1,8.0,8.0,0.0,23.5,15.5,18.5,4343.0,0.04,справочная,11,0,0.0,0.0,0.0,,0.0,,1,10.89,0.0,10.9,285.0000000000000000,182.0000000000000000,103.0,7,0,0,7,10,1,6,0,0,0,0,1,10.89,0.0,0,0,"кликов за неделю 0 (за всё время 1), расход 0 ₽ (накоплено 11 ₽) — судить не о чем, наблюдаем"
watch,hold,1692496540,5633,Картридж TK-5440Y для принтеров Kyocera ECOSYS MA2100cfx желтый,от 1000-2000,19.33,19.33,0.0,15.8,-3.5,22.2,2299.0,0.04,справочная,19,0,0.0,0.0,0.0,,0.0,,0,0.0,0.0,,46.0000000000000000,76.0000000000000000,-30.0,9,1,0,11,16,0,2,0,0,0,2,0,0.0,0.0,0,0,"кликов за неделю 0 (за всё время 0), расход 0 ₽ (накоплено 0 ₽) — судить не о чем, наблюдаем"
watch,hold,1716069464,4647,Картридж TK-8545C для принтеров Kyocera TASKalfa 4054ci голубой,Пустые РК,19.33,19.33,0.0,35.4,16.1,18.0,9087.0,0.03,справочная,33,0,0.0,0.0,0.0,,0.0,,0,0.0,0.0,,135.0000000000000000,82.0000000000000000,53.0,23,-15,0,3671,9,1,15,0,0,0,2,0,0.0,0.0,0,0,"кликов за неделю 0 (за всё время 0), расход 0 ₽ (накоплено 0 ₽) — судить не о чем, наблюдаем"
watch,hold,1719237131,5404,"Картридж 057H для принтеров Canon i-SENSYS LBP 223, LBP 225, MF 443dw, MF 445dw черный",Вне РК — спрос без рекламы (08.08),21.96,21.96,0.0,22.6,0.6,18.7,4132.0,0.04,справочная,26,0,0.0,0.0,0.0,,0.0,,0,0.0,0.0,,55.0000000000000000,86.0000000000000000,-31.0,11,6,0,18,115,0,2,0,0,0,3,0,0.0,0.0,0,0,"кликов за неделю 0 (за всё время 0), расход 0 ₽ (накоплено 0 ₽) — судить не о чем, наблюдаем"
watch,hold,1719302433,5703,"Фотобарабан DK-1240 для принтеров Kyocera MA2000, MA2001 черный",Эксперимент1,8.0,8.0,0.0,21.0,13.0,18.8,3813.0,0.04,справочная,28,0,0.0,0.0,0.0,,0.0,,0,0.0,0.0,,42.0000000000000000,71.0000000000000000,-29.0,21,4,0,39,9,2,15,0,0,0,4,0,0.0,0.0,0,0,"кликов за неделю 0 (за всё время 0), расход 0 ₽ (накоплено 0 ₽) — судить не о чем, наблюдаем"
watch,hold,1719404303,5624,Картриджи TK-5370 для принтеров Kyocera ECOSYS MA3500cifx,от 10000 до 500 тыс,32.21,32.21,0.0,21.6,-10.6,13.7,12407.0,0.02,справочная,0,0,0,0,0,,,,0,0.0,0.0,,11.0000000000000000,25.0000000000000000,-14.0,565,174,7357,5890,1,6,15,8,100794.0000,6,73,0,0.0,0.0,0,0,"кликов за неделю 0 (за всё время 0), расход 0 ₽ (накоплено 0 ₽) — судить не о чем, наблюдаем"
watch,hold,1760563354,5765,"Картридж CE278XL для принтеров HP LaserJet Pro P1560, LJ Pro P1566 черный",от 2000 до 5000,12.0,12.0,0.0,18.0,6.0,16.5,5205.0,0.03,справочная,3,0,0.0,0.0,0.0,,0.0,,0,0.0,0.0,,92.0000000000000000,154.0000000000000000,-62.0,10,4,0,19,5,1,1,0,0,0,0,0,0.0,0.0,0,1,"кликов за неделю 0 (за всё время 0), расход 0 ₽ (накоплено 0 ₽) — судить не о чем, наблюдаем"
watch,hold,1760605509,5770,"Картридж W2303X для принтеров HP Color LaserJet Pro 4203cdn, 4303dw пурпурный",Вне РК — спрос без рекламы (08.08),21.96,21.96,0.0,28.5,6.5,20.1,6301.0,0.03,справочная,43,0,0.0,0.0,0.0,,0.0,,0,0,0,,35.0000000000000000,68.0000000000000000,-33.0,18,2,0,23,26,0,2,0,0,0,4,0,0.0,0.0,0,0,"кликов за неделю 0 (за всё время 0), расход 0 ₽ (накоплено 0 ₽) — судить не о чем, наблюдаем"
watch,hold,1770287314,5757,"Картридж TK-7135 для принтеров Kyocera и TASKalfa MZ3200, MZ3200i черный",от 2000 до 5000,13.0,13.0,0.0,23.5,10.5,17.8,6115.0,0.03,справочная,9,0,0.0,0.0,0.0,,0.0,,0,0.0,0.0,,59.0000000000000000,141.0000000000000000,-82.0,17,3,0,17,8,1,1,0,0,0,1,0,0.0,0.0,0,0,"кликов за неделю 0 (за всё время 0), расход 0 ₽ (накоплено 0 ₽) — судить не о чем, наблюдаем"
watch,hold,1815602734,5707,Лента M210-750-499 для принтеров Brady M210 белый,Вне РК — спрос без рекламы (08.08),21.96,21.96,0.0,28.2,6.2,17.1,7772.0,0.03,справочная,58,0,0.0,0.0,0.0,,0.0,,0,0.0,0.0,,79.0000000000000000,42.0000000000000000,37.0,13,2,0,3418,17,0,9,0,0,0,0,0,0.0,0.0,0,0,"кликов за неделю 0 (за всё время 0), расход 0 ₽ (накоплено 0 ₽) — судить не о чем, наблюдаем"
watch,hold,1797535964,5779,Лента M210-750595WT для принтеров Brady и M210 белый,Эксперимент1,12.89,12.89,0.0,21.8,8.9,22.1,3186.0,0.04,справочная,0,0,0,0,0,,,,3,24.30,0.0,8.1,,22.0000000000000000,,0,-6,0,0,,0,0,0,0,0,1,5,38.03,1.0,0,0,"кликов за неделю 0 (за всё время 5), расход 0 ₽ (накоплено 38 ₽) — судить не о чем, наблюдаем"
watch,hold,1851961796,5825,"Фотобарабан 013R00690 для принтеров Xerox B305, B310, B315 черный",Эксперимент1,12.89,12.89,0.0,22.2,9.3,16.7,6339.0,0.03,справочная,32,0,0.0,0.0,0.0,,0.0,,1,11.38,0.0,11.4,64.0000000000000000,73.0000000000000000,-9.0,17,-2,0,21,8,1,13,0,0,0,2,1,11.38,0.0,0,0,"кликов за неделю 0 (за всё время 1), расход 0 ₽ (накоплено 11 ₽) — судить не о чем, наблюдаем"
watch,hold,1851963195,5824,"Фотобарабан W2004A для принтеров HP Color LJ M751, LJ M776 черный",Эксперимент1,16.1,16.1,0.0,23.5,7.4,14.0,13057.0,0.02,справочная,45,0,0.0,0.0,0.0,,0.0,,0,0.0,0.0,,76.0000000000000000,39.0000000000000000,37.0,21,-4,0,3439,4,4,14,0,0,0,5,0,0.0,0.0,0,8,"кликов за неделю 0 (за всё время 0), расход 0 ₽ (накоплено 0 ₽) — судить не о чем, наблюдаем"
watch,hold,1851963195,5824,"Фотобарабан W2004A для принтеров HP Color LJ M751, LJ M776 черный",от 10000 до 500 тыс,22.54,22.54,0.0,23.5,1.0,14.0,13057.0,0.02,справочная,6,0,0.0,0.0,0.0,,0.0,,0,0.0,0.0,,76.0000000000000000,39.0000000000000000,37.0,21,-4,0,3439,4,4,14,0,0,0,5,1,13.84,0.0,0,8,"кликов за неделю 0 (за всё время 1), расход 0 ₽ (накоплено 14 ₽) — судить не о чем, наблюдаем"
watch,hold,1855280127,5808,"Блок проявки IUP-34 для принтеров Konica Minolta Bizhub 4000i, 4020i и 5000i, 5020i черный",от 5000 до 10000,12.0,12.0,0.0,24.3,12.3,14.3,8693.0,0.03,справочная,42,0,0.0,0.0,0.0,,0.0,,0,0.0,0.0,,44.0000000000000000,42.0000000000000000,2.0,49,-31,0,3471,17,0,6,0,0,0,1,0,0.0,0.0,0,0,"кликов за неделю 0 (за всё время 0), расход 0 ₽ (накоплено 0 ₽) — судить не о чем, наблюдаем"
watch,hold,1869842194,5594,Картридж M210-750-595 для принтеров Brady M210 черный,Эксперимент1,8.0,8.0,0.0,24.8,16.8,18.3,6213.0,0.03,справочная,29,0,0.0,0.0,0.0,,0.0,,0,0.0,0.0,,57.0000000000000000,44.0000000000000000,13.0,25,6,0,87,19,0,5,0,0,0,0,0,0.0,0.0,0,0,"кликов за неделю 0 (за всё время 0), расход 0 ₽ (накоплено 0 ₽) — судить не о чем, наблюдаем"
watch,hold,1893948328,5841,"Картридж ME-300 для принтеров Epson FX-80, FX 800, FX870, LX-300, LX-800, LX850 черный",от 0 до 1000,13.0,13.0,0.0,0.5,-12.5,6.1,707.0,0.06,справочная,71,0,0.0,0.0,0.0,,0.0,,0,0.0,0.0,,36.0000000000000000,37.0000000000000000,-1.0,64,9,0,88,17,0,4,0,0,0,6,0,0.0,0.0,0,0,"кликов за неделю 0 (за всё время 0), расход 0 ₽ (накоплено 0 ₽) — судить не о чем, наблюдаем"
watch,hold,1910266948,5844,"Картридж 56F5X00 для принтеров Lexmark MS421dw, MS521dn, MS621dn, MX421dw, MX521de, MX622ade черный",от 10000 до 500 тыс,12.0,12.0,0.0,32.5,20.5,13.3,19579.0,0.02,справочная,26,0,0.0,0.0,0.0,,0.0,,0,0.0,0.0,,63.0000000000000000,107.0000000000000000,-44.0,34,3,0,3431,15,0,15,0,0,0,0,1,12.78,0.0,0,0,"кликов за неделю 0 (за всё время 1), расход 0 ₽ (накоплено 13 ₽) — судить не о чем, наблюдаем"
watch,hold,1897483849,5845,"Картридж 006R01819 для принтеров Xerox VersaLink B7125, VersaLinkB7130 черный",от 2000 до 5000,12.0,12.0,0.0,27.9,15.9,16.9,7815.0,0.03,справочная,6,0,0.0,0.0,0.0,,0.0,,0,0.0,0.0,,27.0000000000000000,23.0000000000000000,4.0,6,-34,0,6,9,3,6,0,0,0,6,3,3.0,0.0,0,0,"кликов за неделю 0 (за всё время 3), расход 0 ₽ (накоплено 3 ₽) — судить не о чем, наблюдаем"
watch,hold,1999553855,6071,Картридж TK-6110 Азия для принтеров Kyocera Ecosys M4125idn черный,Эксперимент1,8.0,8.0,0.0,28.4,20.4,16.5,8235.0,0.03,справочная,11,0,0.0,0.0,0.0,,0.0,,0,0.0,0.0,,49.0000000000000000,44.0000000000000000,5.0,14,-1,0,16,40,0,1,0,0,0,0,0,0.0,0.0,0,0,"кликов за неделю 0 (за всё время 0), расход 0 ₽ (накоплено 0 ₽) — судить не о чем, наблюдаем"
watch,hold,1999553855,6071,Картридж TK-6110 Азия для принтеров Kyocera Ecosys M4125idn черный,от 2000 до 5000,13.0,13.0,0.0,28.4,15.4,16.5,8235.0,0.03,справочная,14,0,0.0,0.0,0.0,,0.0,,0,0.0,0.0,,49.0000000000000000,44.0000000000000000,5.0,14,-1,0,16,40,0,1,0,0,0,0,0,0.0,0.0,0,0,"кликов за неделю 0 (за всё время 0), расход 0 ₽ (накоплено 0 ₽) — судить не о чем, наблюдаем"
watch,hold,2129693145,6120,"Фотобарабан DR-2405 для принтеров Brother DCP-L2535DW, DCP L2550DW, HL L2335D, HL-L2370DN, HLL2375DW, MFC-L2715DW, MFC-L2750DW черный",Эксперимент1,8.0,8.0,0.0,19.6,11.6,18.6,3598.0,0.04,справочная,13,0,0.0,0.0,0.0,,0.0,,0,0.0,0.0,,287.0000000000000000,60.0000000000000000,227.0,6,-7,0,6,76,0,2,0,0,0,0,0,0.0,0.0,0,0,"кликов за неделю 0 (за всё время 0), расход 0 ₽ (накоплено 0 ₽) — судить не о чем, наблюдаем"
watch,hold,2129697349,6133,"Картриджи PGI-5BK/CLI-8 для принтеров Canon Pixma iP3300, PixmaiP3500",Эксперимент1,12.89,12.89,0.0,19.8,6.9,22.0,2915.0,0.04,справочная,85,0,0.0,0.0,0.0,,0.0,,0,0.0,0.0,,70.0000000000000000,68.0000000000000000,2.0,33,22,0,41,16,0,5,0,0,0,3,0,0.0,0.0,0,0,"кликов за неделю 0 (за всё время 0), расход 0 ₽ (накоплено 0 ₽) — судить не о чем, наблюдаем"
watch,hold,2129710172,6182,"Картридж 106R03487 для принтеров Xerox Phaser 6510, WC 6515 желтый",от 1000-2000,19.33,19.33,0.0,11.1,-8.2,16.8,2350.0,0.04,справочная,24,0,0.0,0.0,0.0,,0.0,,0,0.0,0.0,,55.0000000000000000,45.0000000000000000,10.0,14,-19,0,28,18,0,6,0,0,0,2,0,0.0,0.0,0,0,"кликов за неделю 0 (за всё время 0), расход 0 ₽ (накоплено 0 ₽) — судить не о чем, наблюдаем"
watch,hold,2138961560,6204,"Картридж №62XL для принтеров HP Envy 5540, Envy5541, Officejet 200 Mobile, OfficeJet 202 черный",Эксперимент1,8.0,8.0,0.0,,,,7388.0,0.03,справочная,0,0,0,0,0,,,,0,0,0,,,,,0,0,0,0,,0,0,0,0,0,4,0,0,0,0,0,"кликов за неделю 0 (за всё время 0), расход 0 ₽ (накоплено 0 ₽) — судить не о чем, наблюдаем"
watch,hold,2201276314,1278,"Картридж MLT-D111L для принтеров Samsung Xpress M2020, Xpress M2021, SLM2070 черный",Эксперимент1,8.0,8.0,0.0,15.9,7.9,18.5,2945.0,0.04,справочная,15,0,0.0,0.0,0.0,,0.0,,0,0.0,0.0,,88.0000000000000000,84.0000000000000000,4.0,7,0,0,8,,0,0,0,0,0,0,0,0.0,0.0,0,0,"кликов за неделю 0 (за всё время 0), расход 0 ₽ (накоплено 0 ₽) — судить не о чем, наблюдаем"
watch,hold,2201335721,1998,"Фотобарабан DR-512CMY DU для принтеров Konica Minolta Bizhub C224, Bizhub C284",от 5000 до 10000,13.0,13.0,0.0,27.0,14.0,14.1,9879.0,0.03,справочная,8,0,0.0,0.0,0.0,,0.0,,0,0.0,0.0,,145.0000000000000000,77.0000000000000000,68.0,13,-3,0,3417,137,0,2,0,0,0,0,0,0.0,0.0,0,0,"кликов за неделю 0 (за всё время 0), расход 0 ₽ (накоплено 0 ₽) — судить не о чем, наблюдаем"
watch,hold,2203344720,3608,"Картриджи 045 для принтеров Canon i-SENSYS LBP-611, LBP613, MF631cn, MF633Cdw",от 5000 до 10000,12.0,12.0,0.0,23.0,11.0,13.5,9002.0,0.03,справочная,4,0,0.0,0.0,0.0,,0.0,,0,0.0,0.0,,254.0000000000000000,206.0000000000000000,48.0,6,-1,0,3402,660,0,1,0,0,0,0,0,0.0,0.0,0,0,"кликов за неделю 0 (за всё время 0), расход 0 ₽ (накоплено 0 ₽) — судить не о чем, наблюдаем"
watch,hold,2205679278,0989,"Картридж 44973542 для принтеров OKI C301dn, C321dn, MC332, MC342 пурпурный",Эксперимент1,8.0,8.0,0.0,13.4,5.4,17.8,2621.0,0.04,справочная,26,0,0.0,0.0,0.0,,0.0,,0,0.0,0.0,,78.0000000000000000,22.0000000000000000,56.0,7,0,0,8,5,1,2,0,0,0,0,0,0.0,0.0,0,0,"кликов за неделю 0 (за всё время 0), расход 0 ₽ (накоплено 0 ₽) — судить не о чем, наблюдаем"
watch,hold,2262639321,6251,"Картридж W2221A для принтеров HP Color LaserJet Pro 3203, LJ Pro 3288 голубой",Эксперимент1,8.0,8.0,0.0,27.7,19.7,15.2,9052.0,0.03,справочная,28,0,0.0,0.0,0.0,,0.0,,0,0.0,0.0,,75.0000000000000000,120.0000000000000000,-45.0,13,6,0,26,11,0,10,0,0,0,1,0,0.0,0.0,0,0,"кликов за неделю 0 (за всё время 0), расход 0 ₽ (накоплено 0 ₽) — судить не о чем, наблюдаем"
watch,hold,2538825013,4858,"Фотобарабаны 108R01481-108R01484 для принтеров Xerox VersaLink C500, C505",от 10000 до 500 тыс,24.16,24.16,0.0,54.9,30.7,10.6,49012.0,0.02,справочная,33,0,0.0,0.0,0.0,,0.0,,1,22.04,0.0,22.0,36.0000000000000000,22.0000000000000000,14.0,44,7,0,57,3,3,6,0,0,0,3,2,33.02,0.0,0,1,"кликов за неделю 0 (за всё время 2), расход 0 ₽ (накоплено 33 ₽) — судить не о чем, наблюдаем"
watch,hold,2557329291,6294,Картридж TK-8555K для принтеров Kyocera TASKalfa 5054ci черный,Пустые РК,12.0,12.0,0.0,26.4,14.4,14.5,9248.0,0.03,справочная,2,0,0.0,0.0,0.0,,0.0,,0,0.0,0.0,,150.0000000000000000,180.0000000000000000,-30.0,2,-5,0,2,,0,0,0,0,0,0,0,0.0,0.0,0,0,"кликов за неделю 0 (за всё время 0), расход 0 ₽ (накоплено 0 ₽) — судить не о чем, наблюдаем"
watch,hold,2698069056,6408,"Картриджи CLI521 + PGI520 для принтеров Canon Pixma iP3600, Pixma iP4600",от 1000-2000,10.0,10.0,0.0,13.3,3.3,19.1,2357.0,0.04,справочная,38,0,0.0,0.0,0.0,,0.0,,0,0.0,0.0,,89.0000000000000000,80.0000000000000000,9.0,36,27,0,42,34,0,15,0,0,0,0,1,7.04,0.0,0,0,"кликов за неделю 0 (за всё время 1), расход 0 ₽ (накоплено 7 ₽) — судить не о чем, наблюдаем"
watch,hold,2704386883,6467,"Картриджи C-EXV34 для принтеров Canon iR Advance C2000, iR Advance C2020",от 10000 до 500 тыс,19.33,19.33,0.0,34.1,14.8,12.9,21592.0,0.02,справочная,16,0,0.0,0.0,0.0,,0.0,,0,0.0,0.0,,47.0000000000000000,80.0000000000000000,-33.0,16,-27,0,16,5,3,14,0,0,0,1,2,25.23,0.0,0,0,"кликов за неделю 0 (за всё время 2), расход 0 ₽ (накоплено 25 ₽) — судить не о чем, наблюдаем"
watch,hold,2723036342,6483,"Картриджи MX-23GT для принтеров Sharp MX-1810U, MX 2010U, MX2310U, MX-2314, MX2614, MX 3110U, MX 3114",Эксперимент1,12.89,12.89,0.0,55.3,42.4,14.6,28827.0,0.02,справочная,22,0,0.0,0.0,0.0,,0.0,,0,0.0,0.0,,,29.0000000000000000,,0,-16,0,0,,0,0,0,0,0,1,0,0.0,0.0,0,0,"кликов за неделю 0 (за всё время 0), расход 0 ₽ (накоплено 0 ₽) — судить не о чем, наблюдаем"
watch,hold,2723036342,6483,"Картриджи MX-23GT для принтеров Sharp MX-1810U, MX 2010U, MX2310U, MX-2314, MX2614, MX 3110U, MX 3114",от 10000 до 500 тыс,22.54,22.54,0.0,55.3,32.8,14.6,28827.0,0.02,справочная,22,0,0.0,0.0,0.0,,0.0,,0,0.0,0.0,,,29.0000000000000000,,0,-16,0,0,,0,0,0,0,0,1,0,0.0,0.0,0,0,"кликов за неделю 0 (за всё время 0), расход 0 ₽ (накоплено 0 ₽) — судить не о чем, наблюдаем"
watch,hold,2740529326,6525,"Картриджи 44643001-44643004 для принтеров OKI C801, C821",от 10000 до 500 тыс,12.0,12.0,0.0,,,,45000.0,0.02,справочная,0,0,0,0,0,,,,0,0,0,,,,,0,0,0,0,,0,0,0,0,0,0,0,0,0,0,0,"кликов за неделю 0 (за всё время 0), расход 0 ₽ (накоплено 0 ₽) — судить не о чем, наблюдаем"
watch,hold,2741077079,6526,"Фотобарабаны 44844405-44844408 DU для принтеров OKI C 822, C 831, C 841",Эксперимент1,8.0,8.0,0.0,51.1,43.1,10.4,47346.0,0.02,справочная,63,0,0.0,0.0,0.0,,0.0,,0,0.0,0.0,,,36.0000000000000000,,0,-17,0,0,,0,0,0,0,0,1,0,0.0,0.0,0,0,"кликов за неделю 0 (за всё время 0), расход 0 ₽ (накоплено 0 ₽) — судить не о чем, наблюдаем"
watch,hold,2741077079,6526,"Фотобарабаны 44844405-44844408 DU для принтеров OKI C 822, C 831, C 841",от 10000 до 500 тыс,12.0,12.0,0.0,51.1,39.1,10.4,47346.0,0.02,справочная,2,0,0.0,0.0,0.0,,0.0,,0,0.0,0.0,,,36.0000000000000000,,0,-17,0,0,,0,0,0,0,0,1,0,0.0,0.0,0,0,"кликов за неделю 0 (за всё время 0), расход 0 ₽ (накоплено 0 ₽) — судить не о чем, наблюдаем"
watch,hold,2752827910,6541,"Картриджи CF330X-CF333A для принтеров HP Color LJ M651, LJ-M651dn, LJM651n, LJ M651xh",от 10000 до 500 тыс,12.0,12.0,0.0,38.4,26.4,9.5,42654.0,0.02,справочная,15,0,0.0,0.0,0.0,,0.0,,1,18.38,0.0,18.4,80.0000000000000000,41.0000000000000000,39.0,44,22,0,96,3,1,15,0,0,0,1,2,25.22,0.0,0,0,"кликов за неделю 0 (за всё время 2), расход 0 ₽ (накоплено 25 ₽) — судить не о чем, наблюдаем"
watch,hold,2816392395,4584,"Лента DK-11203 для принтеров Brother QL-1050, QL 1060N, QL500, QL-500A, QL550, QL 560, QL 580N, QL650TD QL710 QL 720 QL 810W QL820NBW белый",от 1000-2000,19.33,19.33,0.0,15.5,-3.8,19.5,2674.0,0.04,справочная,49,0,0.0,0.0,0.0,,0.0,,0,0.0,0.0,,130.0000000000000000,59.0000000000000000,71.0,23,6,0,31,27,0,4,0,0,0,1,0,0.0,0.0,0,0,"кликов за неделю 0 (за всё время 0), расход 0 ₽ (накоплено 0 ₽) — судить не о чем, наблюдаем"
watch,hold,2909326127,6610,"Фотобарабан + картридж 101R00474 DU+106R02778 для принтеров Xerox Phaser 3052, Phaser 3260, WC 3215, WC 3225 черный",Эксперимент1,8.0,8.0,0.0,12.2,4.2,12.1,4301.0,0.04,справочная,35,0,0.0,0.0,0.0,,0.0,,0,0.0,0.0,,88.0000000000000000,58.0000000000000000,30.0,6,-9,0,6,66,0,5,0,0,0,0,1,6.42,0.0,0,0,"кликов за неделю 0 (за всё время 1), расход 0 ₽ (накоплено 6 ₽) — судить не о чем, наблюдаем"
watch,hold,2909671248,6618,Фотобарабан + картридж CE314A+CE310A-CE313A черный,от 5000 до 10000,19.33,19.33,0.0,23.2,3.9,14.9,7797.0,0.03,справочная,17,0,0.0,0.0,0.0,,0.0,,1,6.43,0.0,6.4,58.0000000000000000,44.0000000000000000,14.0,13,4,0,19,21,0,11,0,0,0,1,1,6.43,0.0,0,0,"кликов за неделю 0 (за всё время 1), расход 0 ₽ (накоплено 6 ₽) — судить не о чем, наблюдаем"
watch,hold,2912312752,6625,"Фотобарабан + картридж DR-12 DU+TN-14 для принтеров Brother DCP-L2551dn, HL-L2371DN, MFC-L2751 DW черный",от 2000 до 5000,19.33,19.33,0.0,16.4,-2.9,14.6,4283.0,0.04,справочная,12,0,0.0,0.0,0.0,,0.0,,0,0.0,0.0,,176.0000000000000000,62.0000000000000000,114.0,9,3,0,113,38,0,7,0,0,0,2,0,0.0,0.0,0,0,"кликов за неделю 0 (за всё время 0), расход 0 ₽ (накоплено 0 ₽) — судить не о чем, наблюдаем"
watch,hold,2926828979,6715,Фотобарабан + картридж THM130+THM130 черный,Эксперимент1,8.0,8.0,0.0,,,,7527.0,0.03,справочная,0,0,0,0,0,,,,0,0,0,,,,,0,0,0,0,,0,0,0,0,0,0,0,0,0,0,0,"кликов за неделю 0 (за всё время 0), расход 0 ₽ (накоплено 0 ₽) — судить не о чем, наблюдаем"
watch,hold,2999096121,1645,"Картридж S050583 для принтеров Epson AcuLaser M2300 MX20, M2400 черный",от 1000-2000,12.0,12.0,0.0,8.5,-3.5,14.2,1842.0,0.05,справочная,19,0,0.0,0.0,0.0,,0.0,,0,0.0,0.0,,45.0000000000000000,105.0000000000000000,-60.0,13,-2,0,355,7,1,3,0,0,0,1,1,15.4,0.0,0,0,"кликов за неделю 0 (за всё время 1), расход 0 ₽ (накоплено 15 ₽) — судить не о чем, наблюдаем"
watch,hold,2999115112,5377,"Картридж 069H для принтеров Canon i-SENSYS LBP-673Cdw, MF752Cdw, MF754Cdw желтый",Пустые РК,13.0,13.0,0.0,26.2,13.2,18.9,4710.0,0.04,справочная,50,0,0.0,0.0,0.0,,0.0,,1,1.0,1.0,1.0,72.0000000000000000,70.0000000000000000,2.0,30,0,3008,48,2,3,15,0,0,2,5,1,1.0,1.0,0,0,"кликов за неделю 0 (за всё время 1), расход 0 ₽ (накоплено 1 ₽) — судить не о чем, наблюдаем"
watch,hold,3126540314,5240,"Картридж 069H для принтеров Canon i-SENSYS LBP-673Cdw, MF752Cdw, MF754Cdw голубой",от 2000 до 5000,12.0,12.0,0.0,25.6,13.6,18.7,4667.0,0.04,справочная,7,0,0.0,0.0,0.0,,0.0,,0,0.0,0.0,,86.0000000000000000,82.0000000000000000,4.0,14,-1,0,3419,19,0,11,0,0,0,0,0,0.0,0.0,0,0,"кликов за неделю 0 (за всё время 0), расход 0 ₽ (накоплено 0 ₽) — судить не о чем, наблюдаем"
watch,hold,3152800472,0489,"Картридж T0441 для Epson Stylus CX 6600, Stylus C64",от 0 до 1000,11.0,11.0,0.0,0.0,-11.0,-2.7,419.0,0.06,справочная,26,0,0.0,0.0,0.0,,0.0,,2,3.92,0.0,2.0,99.0000000000000000,40.0000000000000000,59.0,60,24,0,6095,5,2,15,1,428.00,0,2,2,3.92,0.0,0,0,"кликов за неделю 0 (за всё время 2), расход 0 ₽ (накоплено 4 ₽) — судить не о чем, наблюдаем"
watch,hold,3199333609,2296,"Картридж 045H M для принтеров Canon i-SENSYS LBP-611, LBP613, MF631cn, MF633Cdw пурпурный",от 2000 до 5000,12.0,12.0,0.0,17.5,5.5,17.9,3382.0,0.04,справочная,6,0,0.0,0.0,0.0,,0.0,,0,0.0,0.0,,117.0000000000000000,96.0000000000000000,21.0,4,-1,0,7,44,0,4,0,0,0,0,0,0.0,0.0,0,0,"кликов за неделю 0 (за всё время 0), расход 0 ₽ (накоплено 0 ₽) — судить не о чем, наблюдаем"
watch,hold,3199474078,5584,"Фотобарабан X-15000 для принтеров Huawei PixLab B5, PixLab X1 черный",Вне РК — спрос без рекламы (08.08),21.96,21.96,0.0,24.4,2.4,17.3,4965.0,0.04,справочная,46,0,0.0,0.0,0.0,,0.0,,0,0.0,0.0,,56.0000000000000000,33.0000000000000000,23.0,20,0,0,26,8,1,15,0,0,0,1,0,0.0,0.0,0,0,"кликов за неделю 0 (за всё время 0), расход 0 ₽ (накоплено 0 ₽) — судить не о чем, наблюдаем"
watch,hold,3350077611,0916,Картриджи T0870-T0879 для принтеров Epson Stylus Photo R1900,от 2000 до 5000,19.33,19.33,0.0,22.7,3.4,18.5,4199.0,0.04,справочная,13,0,0.0,0.0,0.0,,0.0,,0,0.0,0.0,,,43.0000000000000000,,0,-91,0,0,,0,0,0,0,0,2,6,53.56,1.0,0,0,"кликов за неделю 0 (за всё время 6), расход 0 ₽ (накоплено 54 ₽) — судить не о чем, наблюдаем"
watch,hold,3421470162,0917,"Картридж T1291 для принтеров Epson Stylus Office B42, BX305 F, BX320FW, BX525WD, BX535, BX625FWD, BX630, BX925 BX935 WD Stylus SX230 WF-630 WF 3010 WF 3520 черный",от 0 до 1000,10.0,10.0,0.0,6.6,-3.4,18.5,818.0,0.06,справочная,39,0,0.0,0.0,0.0,,0.0,,0,0.0,0.0,,41.0000000000000000,79.0000000000000000,-38.0,39,-8,0,50,2,3,15,0,0,0,5,0,0.0,0.0,0,0,"кликов за неделю 0 (за всё время 0), расход 0 ₽ (накоплено 0 ₽) — судить не о чем, наблюдаем"
watch,hold,3497929054,1363,"Картридж 106R02760 для принтеров Xerox Phaser 6020, Phaser6022, WC 6025, WC6027 голубой",Эксперимент1,8.0,8.0,0.0,13.1,5.1,18.8,1905.0,0.05,справочная,7,0,0.0,0.0,0.0,,0.0,,0,0.0,0.0,,103.0000000000000000,315.0000000000000000,-212.0,7,3,0,8,24,0,6,0,0,0,0,0,0.0,0.0,0,0,"кликов за неделю 0 (за всё время 0), расход 0 ₽ (накоплено 0 ₽) — судить не о чем, наблюдаем"
watch,hold,3497929054,1363,"Картридж 106R02760 для принтеров Xerox Phaser 6020, Phaser6022, WC 6025, WC6027 голубой",от 1000-2000,10.0,10.0,0.0,13.1,3.1,18.8,1905.0,0.05,справочная,2,0,0.0,0.0,0.0,,0.0,,0,0.0,0.0,,103.0000000000000000,315.0000000000000000,-212.0,7,3,0,8,24,0,6,0,0,0,0,0,0.0,0.0,0,0,"кликов за неделю 0 (за всё время 0), расход 0 ₽ (накоплено 0 ₽) — судить не о чем, наблюдаем"
watch,hold,3557209622,6456,"Чернила 115PBK для принтеров Epson EcoTank L8160, EcoTank L8180 фото-черный",от 0 до 1000,12.0,12.0,0.0,1.9,-10.1,10.1,623.0,0.06,справочная,27,0,0.0,0.0,0.0,,0.0,,4,47.77,0.0,11.9,99.0000000000000000,74.0000000000000000,25.0,108,28,0,3965,25,0,15,0,0,0,3,6,64.91,0.0,0,0,"кликов за неделю 0 (за всё время 6), расход 0 ₽ (накоплено 65 ₽) — судить не о чем, наблюдаем"
watch,hold,3557209843,6452,"Чернила GI-46PGBK для принтеров Canon MAXIFY GX5040, GX6040, GX7040 черный",Эксперимент1,12.89,12.89,0.0,15.7,2.8,18.3,2953.0,0.04,справочная,78,0,0.0,0.0,0.0,,0.0,,3,30.99,0.0,10.3,41.0000000000000000,58.0000000000000000,-17.0,84,39,0,108,5,2,12,1,2885.0000,0,7,3,30.99,0.0,0,0,"кликов за неделю 0 (за всё время 3), расход 0 ₽ (накоплено 31 ₽) — судить не о чем, наблюдаем"
watch,hold,3557209600,6441,"Картридж C-EXV64 для принтеров Canon imageRUNNER ADVANCE C3922, imageRUNNERC3926 черный",от 5000 до 10000,12.0,12.0,0.0,28.9,16.9,14.7,9942.0,0.03,справочная,5,0,0.0,0.0,0.0,,0.0,,0,0.0,0.0,,59.0000000000000000,77.0000000000000000,-18.0,12,-7,0,18,10,1,12,0,0,0,1,0,0.0,0.0,0,0,"кликов за неделю 0 (за всё время 0), расход 0 ₽ (накоплено 0 ₽) — судить не о чем, наблюдаем"
watch,hold,3557209686,6418,Картриджи TK-5490 для принтеров Kyocera ECOSYS MA2101cfx,Эксперимент1,12.89,12.89,0.0,202.8,189.9,50.5,22287.0,0.02,справочная,0,0,0,0,0,,,,0,0,0,,,,,0,0,0,0,,0,0,0,0,0,4,0,0,0,0,0,"кликов за неделю 0 (за всё время 0), расход 0 ₽ (накоплено 0 ₽) — судить не о чем, наблюдаем"
watch,hold,3557209902,6360,"Картридж MX-560GT для принтеров Sharp MX-560GT, MX M364, MXM365, MX-M464, MXM465, MX M564 черный",от 5000 до 10000,19.33,19.33,0.0,21.0,1.7,14.6,10934.0,0.02,справочная,63,0,0.0,0.0,0.0,,0.0,,0,0.0,0.0,,63.0000000000000000,37.0000000000000000,26.0,31,-3,0,193,2,3,15,0,0,0,1,0,0.0,0.0,0,0,"кликов за неделю 0 (за всё время 0), расход 0 ₽ (накоплено 0 ₽) — судить не о чем, наблюдаем"
watch,hold,3557209813,6367,"Чернила GT53XL для принтеров HP Ink Tank 115, Ink Tank 315 черный",от 1000-2000,12.0,12.0,0.0,12.7,0.7,19.0,1818.0,0.05,справочная,26,0,0.0,0.0,0.0,,0.0,,0,0.0,0.0,,137.0000000000000000,122.0000000000000000,15.0,28,-23,0,120,16,0,10,0,0,0,1,0,0.0,0.0,0,0,"кликов за неделю 0 (за всё время 0), расход 0 ₽ (накоплено 0 ₽) — судить не о чем, наблюдаем"
watch,hold,3557209756,6333,"Картридж TK-1150XL для принтеров Kyocera EcoSys M2135, M2635, M2735dw, P2235 черный",Эксперимент1,12.89,12.89,0.0,11.7,-1.2,14.9,2952.0,0.04,справочная,38,0,0.0,0.0,0.0,,0.0,,1,7.15,0.0,7.2,83.0000000000000000,105.0000000000000000,-22.0,29,17,0,3461,12,0,8,0,0,0,1,1,7.15,0.0,0,0,"кликов за неделю 0 (за всё время 1), расход 0 ₽ (накоплено 7 ₽) — судить не о чем, наблюдаем"
watch,hold,3557211025,6844,"Картриджи 006R04387 - 006R04390 для принтеров Xerox C230, C235",Вне РК — спрос без рекламы (08.08),21.96,21.96,0.0,66.4,44.4,10.8,57272.0,0.02,справочная,0,0,0,0,0,,,,0,0,0,,,36.0000000000000000,,0,-7,0,0,,0,0,0,0,0,0,0,0,0,0,0,"кликов за неделю 0 (за всё время 0), расход 0 ₽ (накоплено 0 ₽) — судить не о чем, наблюдаем"
watch,hold,3557210832,6817,"Картридж CF259X для принтеров HP LaserJet M406, LJ Pro M304, LJ Pro M404 черный",Эксперимент1,8.0,8.0,0.0,23.8,15.8,18.2,4511.0,0.04,справочная,5,0,0.0,0.0,0.0,,0.0,,0,0.0,0.0,,174.0000000000000000,125.0000000000000000,49.0,9,3,0,3422,4,1,4,0,0,0,0,0,0.0,0.0,0,0,"кликов за неделю 0 (за всё время 0), расход 0 ₽ (накоплено 0 ₽) — судить не о чем, наблюдаем"
watch,hold,3557210832,6817,"Картридж CF259X для принтеров HP LaserJet M406, LJ Pro M304, LJ Pro M404 черный",от 2000 до 5000,13.0,13.0,0.0,23.8,10.8,18.2,4511.0,0.04,справочная,5,0,0.0,0.0,0.0,,0.0,,0,0.0,0.0,,174.0000000000000000,125.0000000000000000,49.0,9,3,0,3422,4,1,4,0,0,0,0,0,0.0,0.0,0,0,"кликов за неделю 0 (за всё время 0), расход 0 ₽ (накоплено 0 ₽) — судить не о чем, наблюдаем"
watch,hold,3557210978,6820,"Фотобарабан 0IU40R4 для принтеров F+ Imaging M40adn, P40dn черный",от 5000 до 10000,12.0,12.0,0.0,34.7,22.7,19.2,8154.0,0.03,справочная,24,0,0.0,0.0,0.0,,0.0,,0,0.0,0.0,,40.0000000000000000,14.0000000000000000,26.0,38,-2,0,3457,6,2,7,0,0,0,4,2,24.76,0.0,0,0,"кликов за неделю 0 (за всё время 2), расход 0 ₽ (накоплено 25 ₽) — судить не о чем, наблюдаем"
watch,hold,3557211010,6783,"Картридж 057H для принтеров Canon i-SENSYS LBP 223, LBP 225, MF 443dw, MF 445dw черный",Эксперимент1,8.0,8.0,0.0,24.1,16.1,18.9,4326.0,0.04,справочная,36,0,0.0,0.0,0.0,,0.0,,0,0.0,0.0,,93.0000000000000000,103.0000000000000000,-10.0,16,3,0,21,13,0,15,0,0,0,0,0,0.0,0.0,0,0,"кликов за неделю 0 (за всё время 0), расход 0 ₽ (накоплено 0 ₽) — судить не о чем, наблюдаем"
watch,hold,3557211010,6783,"Картридж 057H для принтеров Canon i-SENSYS LBP 223, LBP 225, MF 443dw, MF 445dw черный",от 2000 до 5000,12.0,12.0,0.0,24.1,12.1,18.9,4326.0,0.04,справочная,8,0,0.0,0.0,0.0,,0.0,,0,0.0,0.0,,93.0000000000000000,103.0000000000000000,-10.0,16,3,0,21,13,0,15,0,0,0,0,0,0.0,0.0,0,0,"кликов за неделю 0 (за всё время 0), расход 0 ₽ (накоплено 0 ₽) — судить не о чем, наблюдаем"
watch,hold,3557210956,6583,"Картридж PFI-707MBK для принтеров Canon imagePROGRAF iPF830, imagePROGRAFiPF840 черный матовый",Эксперимент1,12.89,12.89,0.0,31.8,18.9,13.5,18685.0,0.02,справочная,81,0,0.0,0.0,0.0,,0.0,,0,0.0,0.0,,66.0000000000000000,82.0000000000000000,-16.0,12,0,0,22,6,1,12,0,0,0,1,0,0.0,0.0,0,0,"кликов за неделю 0 (за всё время 0), расход 0 ₽ (накоплено 0 ₽) — судить не о чем, наблюдаем"
watch,hold,3557210581,6468,"Картридж 78C50Y0 для принтеров Lexmark CS421, CX421, CX522, LP CS521, LP CS622 желтый",Вне РК — спрос без рекламы (08.08),21.96,21.96,0.0,27.3,5.3,17.8,7100.0,0.03,справочная,67,0,0.0,0.0,0.0,,0.0,,0,0.0,0.0,,72.0000000000000000,33.0000000000000000,39.0,11,8,0,3732,8,1,11,0,0,0,1,0,0.0,0.0,0,0,"кликов за неделю 0 (за всё время 0), расход 0 ₽ (накоплено 0 ₽) — судить не о чем, наблюдаем"
watch,hold,3651554092,6928,"Фотобарабан 46438002 для принтеров OKI Data C823, Data C833 пурпурный",от 10000 до 500 тыс,13.0,13.0,0.0,,,,22139.0,0.02,справочная,4,0,0.0,0.0,0.0,,0.0,,0,0.0,0.0,,69.0000000000000000,69.0000000000000000,0.0,9,-7,0,10,24,0,1,0,0,0,2,0,0.0,0.0,0,1,"кликов за неделю 0 (за всё время 0), расход 0 ₽ (накоплено 0 ₽) — судить не о чем, наблюдаем"
watch,hold,3651667139,6926,"Картридж W1460X для принтеров HP LaserJet Pro 3004dn, LJ Pro 3104fdn черный",от 2000 до 5000,12.0,12.0,0.0,,,,3588.0,0.04,справочная,0,0,0,0,0,,,,0,0,0,,,,,0,0,0,0,,0,0,0,0,0,0,0,0,0,0,0,"кликов за неделю 0 (за всё время 0), расход 0 ₽ (накоплено 0 ₽) — судить не о чем, наблюдаем"
watch,hold,3735048498,6890,"Картридж 325 для принтеров Canon i-SENSYS LBP-6000, LBP6020, MF3010, MF4410, MF4430 черный",Эксперимент1,8.0,8.0,0.0,,,,2388.0,0.04,справочная,61,0,0.0,0.0,0.0,,0.0,,1,6.22,0.0,6.2,86.0000000000000000,69.0000000000000000,17.0,59,2,0,1170,8,4,15,0,0,0,1,2,14.73,0.0,0,0,"кликов за неделю 0 (за всё время 2), расход 0 ₽ (накоплено 15 ₽) — судить не о чем, наблюдаем"
watch,hold,3656357998,6886,"Картридж TK-1245 Азия для принтеров Kyocera MA2000, MA2001 черный",Эксперимент1,12.89,12.89,0.0,13.7,0.8,19.0,2448.0,0.04,справочная,16,0,0.0,0.0,0.0,,0.0,,0,0.0,0.0,,55.0000000000000000,59.0000000000000000,-4.0,25,-4,0,58,15,0,15,0,0,0,4,0,0.0,0.0,0,0,"кликов за неделю 0 (за всё время 0), расход 0 ₽ (накоплено 0 ₽) — судить не о чем, наблюдаем"
watch,hold,3656357998,6886,"Картридж TK-1245 Азия для принтеров Kyocera MA2000, MA2001 черный",от 1000-2000,22.54,22.54,0.0,13.7,-8.8,19.0,2448.0,0.04,справочная,34,0,0.0,0.0,0.0,,0.0,,0,0.0,0.0,,55.0000000000000000,59.0000000000000000,-4.0,25,-4,0,58,15,0,15,0,0,0,4,0,0.0,0.0,0,0,"кликов за неделю 0 (за всё время 0), расход 0 ₽ (накоплено 0 ₽) — судить не о чем, наблюдаем"
watch,hold,3735008554,6941,"Бункер отработанного тонера 008R13061 для принтеров Xerox WorkCentre 7425, WC-7428, WC 7435, WC 7525 черный",Эксперимент1,12.89,12.89,0.0,25.0,12.1,18.1,6355.0,0.03,справочная,47,0,0.0,0.0,0.0,,0.0,,0,0.0,0.0,,131.0000000000000000,125.0000000000000000,6.0,2,-25,0,2,,0,0,0,0,0,1,0,0.0,0.0,0,0,"кликов за неделю 0 (за всё время 0), расход 0 ₽ (накоплено 0 ₽) — судить не о чем, наблюдаем"
watch,hold,3953684966,6962,"Картриджи W2220X-W2223X для принтеров HP Color LaserJet Pro 3203, LJ Pro 3288",Эксперимент1,12.89,12.89,0.0,57.4,44.5,11.2,46267.0,0.02,справочная,18,0,0.0,0.0,0.0,,0.0,,0,0.0,0.0,,,20.0000000000000000,,0,-3,0,0,,0,0,0,0,0,1,0,0.0,0.0,0,0,"кликов за неделю 0 (за всё время 0), расход 0 ₽ (накоплено 0 ₽) — судить не о чем, наблюдаем"
watch,hold,3953684966,6962,"Картриджи W2220X-W2223X для принтеров HP Color LaserJet Pro 3203, LJ Pro 3288",от 10000 до 500 тыс,19.33,19.33,0.0,57.4,38.1,11.2,46267.0,0.02,справочная,11,0,0.0,0.0,0.0,,0.0,,0,0.0,0.0,,,20.0000000000000000,,0,-3,0,0,,0,0,0,0,0,1,5,68.26,0.0,0,0,"кликов за неделю 0 (за всё время 5), расход 0 ₽ (накоплено 68 ₽) — судить не о чем, наблюдаем"
watch,hold,4287210924,3754,"Картриджи 46861324-46861321 для принтеров OKI C834, C844",Эксперимент1,12.89,12.89,0.0,50.3,37.4,13.3,30283.0,0.02,справочная,36,0,0.0,0.0,0.0,,0.0,,0,0.0,0.0,,,41.0000000000000000,,0,-13,0,0,,0,0,0,0,0,1,0,0.0,0.0,0,0,"кликов за неделю 0 (за всё время 0), расход 0 ₽ (накоплено 0 ₽) — судить не о чем, наблюдаем"
watch,hold,4450871107,001818,Картридж для Canon FC-226,от 2000 до 5000,19.33,19.33,0.0,26.4,7.1,19.6,6029.0,0.03,справочная,42,0,0.0,0.0,0.0,,0.0,,0,0.0,0.0,,41.0000000000000000,90.0000000000000000,-49.0,27,-15,0,29,25,0,3,0,0,0,1,1,11.3,0.0,0,0,"кликов за неделю 0 (за всё время 1), расход 0 ₽ (накоплено 11 ₽) — судить не о чем, наблюдаем"
watch,hold,4450874067,001820,Картридж для Canon FC-330,Вне РК — спрос без рекламы (08.08),21.96,21.96,0.0,22.6,0.6,17.5,6028.0,0.03,справочная,36,0,0.0,0.0,0.0,,0.0,,0,0.0,0.0,,115.0000000000000000,143.0000000000000000,-28.0,8,6,0,7,159,0,1,0,0,0,1,0,0.0,0.0,0,0,"кликов за неделю 0 (за всё время 0), расход 0 ₽ (накоплено 0 ₽) — судить не о чем, наблюдаем"
watch,hold,4451975138,020031,Картридж для HP DeskJet F2187,Эксперимент1,12.89,12.89,0.0,25.1,12.2,19.6,4302.0,0.04,справочная,58,0,0.0,0.0,0.0,,0.0,,0,0.0,0.0,,179.0000000000000000,297.0000000000000000,-118.0,8,3,0,12,12,0,8,0,0,0,1,0,0.0,0.0,0,0,"кликов за неделю 0 (за всё время 0), расход 0 ₽ (накоплено 0 ₽) — судить не о чем, наблюдаем"
watch,hold,4451984487,020238,Картридж для HP DeskJet 3059A,от 2000 до 5000,19.33,19.33,0.0,22.5,3.2,18.1,5728.0,0.03,справочная,42,0,0.0,0.0,0.0,,0.0,,0,0.0,0.0,,210.0000000000000000,113.0000000000000000,97.0,19,4,0,84,10,1,8,0,0,0,1,0,0.0,0.0,0,0,"кликов за неделю 0 (за всё время 0), расход 0 ₽ (накоплено 0 ₽) — судить не о чем, наблюдаем"
watch,hold,4451989754,02498,Картридж для Brother MFC-7860DWR,от 1000-2000,19.33,19.33,0.0,11.8,-7.5,17.9,2286.0,0.04,справочная,11,0,0.0,0.0,0.0,,0.0,,0,0.0,0.0,,45.0000000000000000,42.0000000000000000,3.0,78,67,1281,138,2,3,9,0,0,1,1,0,0.0,0.0,0,0,"кликов за неделю 0 (за всё время 0), расход 0 ₽ (накоплено 0 ₽) — судить не о чем, наблюдаем"
watch,hold,4451992458,02743,Картридж для Samsung SCX-3400,Эксперимент1,12.89,12.89,0.0,18.3,5.4,21.0,2865.0,0.04,справочная,38,0,0.0,0.0,0.0,,0.0,,0,0.0,0.0,,133.0000000000000000,173.0000000000000000,-40.0,24,-20,0,4545,56,0,4,0,0,0,1,1,1.33,0.0,0,0,"кликов за неделю 0 (за всё время 1), расход 0 ₽ (накоплено 1 ₽) — судить не о чем, наблюдаем"
watch,hold,4451994028,02772,Картридж для Samsung ML-2950,Эксперимент1,12.89,12.89,0.0,25.6,12.7,21.9,3782.0,0.04,справочная,25,0,0.0,0.0,0.0,,0.0,,0,0.0,0.0,,107.0000000000000000,48.0000000000000000,59.0,8,-2,0,3302,33,0,8,0,0,0,3,0,0.0,0.0,0,0,"кликов за неделю 0 (за всё время 0), расход 0 ₽ (накоплено 0 ₽) — судить не о чем, наблюдаем"
watch,hold,4451994911,02773,Картридж для Samsung ML-2950ND,Эксперимент1,12.89,12.89,0.0,24.8,11.9,21.4,3784.0,0.04,справочная,27,0,0.0,0.0,0.0,,0.0,,0,0.0,0.0,,188.0000000000000000,80.0000000000000000,108.0,7,-3,0,6814,152,0,1,0,0,0,2,0,0.0,0.0,0,0,"кликов за неделю 0 (за всё время 0), расход 0 ₽ (накоплено 0 ₽) — судить не о чем, наблюдаем"
watch,hold,4463527164,04814,Картридж для Epson Stylus C42UX,Эксперимент1,8.0,8.0,0.0,5.5,-2.5,14.9,1106.0,0.05,справочная,21,0,0.0,0.0,0.0,,0.0,,1,22.69,0.0,22.7,214.0000000000000000,52.0000000000000000,162.0,21,-6,0,19,3,5,15,0,0,0,1,2,23.69,0.0,0,0,"кликов за неделю 0 (за всё время 2), расход 0 ₽ (накоплено 24 ₽) — судить не о чем, наблюдаем"
watch,hold,4463790069,05613,Картридж для Kyocera FS-6525MFP,Эксперимент1,12.89,12.89,0.0,25.2,12.3,21.0,3931.0,0.04,справочная,51,0,0.0,0.0,0.0,,0.0,,0,0.0,0.0,,105.0000000000000000,26.0000000000000000,79.0,18,-5,0,21,6,1,6,0,0,0,1,0,0.0,0.0,0,0,"кликов за неделю 0 (за всё время 0), расход 0 ₽ (накоплено 0 ₽) — судить не о чем, наблюдаем"
watch,hold,4463790069,05613,Картридж для Kyocera FS-6525MFP,от 2000 до 5000,19.33,19.33,0.0,25.2,5.9,21.0,3931.0,0.04,справочная,11,0,0.0,0.0,0.0,,0.0,,1,34.6,0.0,34.6,105.0000000000000000,26.0000000000000000,79.0,18,-5,0,21,6,1,6,0,0,0,1,1,34.6,0.0,0,0,"кликов за неделю 0 (за всё время 1), расход 0 ₽ (накоплено 35 ₽) — судить не о чем, наблюдаем"
watch,hold,4463809731,059514,Картридж для Brother DCP-6690CDW,от 0 до 1000,10.0,10.0,0.0,1.5,-8.5,8.6,703.0,0.06,справочная,0,0,0,0,0,,,,0,0.0,0.0,,73.0000000000000000,69.0000000000000000,4.0,24,18,426,104,2,3,11,1,730.0000,1,2,0,0.0,0.0,0,0,"кликов за неделю 0 (за всё время 0), расход 0 ₽ (накоплено 0 ₽) — судить не о чем, наблюдаем"
watch,hold,4480826019,08251,Картридж для HP LaserJet Pro M125,Эксперимент1,12.89,12.89,0.0,12.7,-0.2,18.4,2362.0,0.04,справочная,28,0,0.0,0.0,0.0,,0.0,,0,0.0,0.0,,53.0000000000000000,64.0000000000000000,-11.0,17,4,0,16,17,0,15,0,0,0,1,0,0.0,0.0,0,0,"кликов за неделю 0 (за всё время 0), расход 0 ₽ (накоплено 0 ₽) — судить не о чем, наблюдаем"
watch,hold,4480826019,08251,Картридж для HP LaserJet Pro M125,от 1000-2000,19.33,19.33,0.0,12.7,-6.6,18.4,2362.0,0.04,справочная,18,0,0.0,0.0,0.0,,0.0,,0,0.0,0.0,,53.0000000000000000,64.0000000000000000,-11.0,17,4,0,16,17,0,15,0,0,0,1,1,1.0,1.0,0,0,"кликов за неделю 0 (за всё время 1), расход 0 ₽ (накоплено 1 ₽) — судить не о чем, наблюдаем"
watch,hold,4480825051,08386,Картридж для Epson Expression Home XP-316,от 0 до 1000,10.0,10.0,0.0,0.4,-9.6,6.1,588.0,0.06,справочная,1,0,0.0,0.0,0.0,,0.0,,2,16.68,1.0,8.3,69.0000000000000000,82.0000000000000000,-13.0,72,27,303,272,15,0,10,0,0,1,1,2,16.68,1.0,0,0,"кликов за неделю 0 (за всё время 2), расход 0 ₽ (накоплено 17 ₽) — судить не о чем, наблюдаем"
watch,hold,4480825283,08512,Картридж для Brother HL-L2340DWR,Эксперимент1,12.89,12.89,0.0,13.1,0.2,21.1,2034.0,0.04,справочная,54,0,0.0,0.0,0.0,,0.0,,0,0.0,0.0,,112.0000000000000000,83.0000000000000000,29.0,18,1,0,1033,12,0,4,0,0,0,6,0,0.0,0.0,0,0,"кликов за неделю 0 (за всё время 0), расход 0 ₽ (накоплено 0 ₽) — судить не о чем, наблюдаем"
watch,hold,4480826649,08662,Картридж для Kyocera TASKalfa 1801,Эксперимент1,12.89,12.89,0.0,14.8,1.9,15.5,3531.0,0.04,справочная,49,0,0.0,0.0,0.0,,0.0,,0,0.0,0.0,,49.0000000000000000,47.0000000000000000,2.0,41,19,0,3354,4,1,15,0,0,0,1,0,0.0,0.0,0,0,"кликов за неделю 0 (за всё время 0), расход 0 ₽ (накоплено 0 ₽) — судить не о чем, наблюдаем"
watch,hold,4480826649,08662,Картридж для Kyocera TASKalfa 1801,от 2000 до 5000,19.33,19.33,0.0,14.8,-4.5,15.5,3531.0,0.04,справочная,16,0,0.0,0.0,0.0,,0.0,,1,3.57,0.0,3.6,49.0000000000000000,47.0000000000000000,2.0,41,19,0,3354,4,1,15,0,0,0,1,1,3.57,0.0,0,0,"кликов за неделю 0 (за всё время 1), расход 0 ₽ (накоплено 4 ₽) — судить не о чем, наблюдаем"
watch,hold,4480824898,08718,Картридж для Kyocera EcoSys M6026cidn,от 2000 до 5000,19.33,19.33,0.0,21.4,2.1,16.6,4615.0,0.04,справочная,0,0,0,0,0,,,,0,0,0,,48.0000000000000000,42.0000000000000000,6.0,15,2,0,28,1,2,15,0,0,1,1,0,0.0,0.0,0,0,"кликов за неделю 0 (за всё время 0), расход 0 ₽ (накоплено 0 ₽) — судить не о чем, наблюдаем"
watch,hold,4480824898,08718,Картридж для Kyocera EcoSys M6026cidn,Эксперимент1,12.89,12.89,0.0,21.4,8.5,16.6,4615.0,0.04,справочная,43,0,0.0,0.0,0.0,,0.0,,1,4.07,1.0,4.1,48.0000000000000000,42.0000000000000000,6.0,15,2,0,28,1,2,15,0,0,1,1,2,5.35,1.0,0,0,"кликов за неделю 0 (за всё время 2), расход 0 ₽ (накоплено 5 ₽) — судить не о чем, наблюдаем"
watch,hold,4480828027,09225,Картридж для Epson Stylus Office BX635FWD,Эксперимент1,8.0,8.0,0.0,4.1,-3.9,12.6,899.0,0.06,справочная,116,0,0.0,0.0,0.0,,0.0,,0,0.0,0.0,,98.0000000000000000,39.0000000000000000,59.0,14,-1,0,14,8,1,14,0,0,0,1,1,8.63,0.0,0,0,"кликов за неделю 0 (за всё время 1), расход 0 ₽ (накоплено 9 ₽) — судить не о чем, наблюдаем"
watch,hold,4489625477,13775,Картридж для HP LaserJet Pro M132fw,Эксперимент1,8.0,8.0,0.0,16.3,8.3,22.5,1861.0,0.05,справочная,35,0,0.0,0.0,0.0,,0.0,,1,7.37,0.0,7.4,90.0000000000000000,68.0000000000000000,22.0,10,-4,0,21,6,1,9,0,0,0,1,1,7.37,0.0,0,0,"кликов за неделю 0 (за всё время 1), расход 0 ₽ (накоплено 7 ₽) — судить не о чем, наблюдаем"
watch,hold,4489625187,13844,Картридж для Canon i-SENSYS MF8280Cw,Эксперимент1,12.89,12.89,0.0,26.0,13.1,21.4,3969.0,0.04,справочная,48,0,0.0,0.0,0.0,,0.0,,0,0.0,0.0,,91.0000000000000000,46.0000000000000000,45.0,10,-25,0,3301,3,2,9,0,0,0,1,1,13.52,0.0,0,0,"кликов за неделю 0 (за всё время 1), расход 0 ₽ (накоплено 14 ₽) — судить не о чем, наблюдаем"
watch,hold,4489625187,13844,Картридж для Canon i-SENSYS MF8280Cw,от 2000 до 5000,19.33,19.33,0.0,26.0,6.7,21.4,3969.0,0.04,справочная,7,0,0.0,0.0,0.0,,0.0,,0,0,0,,91.0000000000000000,46.0000000000000000,45.0,10,-25,0,3301,3,2,9,0,0,0,1,1,1.0,1.0,0,0,"кликов за неделю 0 (за всё время 1), расход 0 ₽ (накоплено 1 ₽) — судить не о чем, наблюдаем"
watch,hold,4490448034,18354,Картридж для Ricoh Aficio SP3510SF,Эксперимент1,12.89,12.89,0.0,27.6,14.7,21.0,4314.0,0.04,справочная,38,0,0.0,0.0,0.0,,0.0,,0,0.0,0.0,,43.0000000000000000,45.0000000000000000,-2.0,14,3,0,3420,2,3,11,0,0,0,1,0,0.0,0.0,0,0,"кликов за неделю 0 (за всё время 0), расход 0 ₽ (накоплено 0 ₽) — судить не о чем, наблюдаем"
watch,hold,4492324288,20554,Картридж для Ricoh Aficio MP4002,Эксперимент1,12.89,12.89,0.0,20.9,8.0,15.2,6823.0,0.03,справочная,43,0,0.0,0.0,0.0,,0.0,,0,0.0,0.0,,155.0000000000000000,148.0000000000000000,7.0,1,-13,0,1093,155,0,1,0,0,0,1,0,0.0,0.0,0,0,"кликов за неделю 0 (за всё время 0), расход 0 ₽ (накоплено 0 ₽) — судить не о чем, наблюдаем"
watch,hold,4504655602,26382,Картридж для Konica Minolta Bizhub C308,от 2000 до 5000,18.0,18.0,0.0,16.3,-1.7,14.8,5538.0,0.03,справочная,0,0,0,0,0,,,,0,0.0,0.0,,69.0000000000000000,64.0000000000000000,5.0,15,2,0,3336,12,0,2,0,0,0,1,0,0.0,0.0,0,0,"кликов за неделю 0 (за всё время 0), расход 0 ₽ (накоплено 0 ₽) — судить не о чем, наблюдаем"
watch,hold,4504655602,26382,Картридж для Konica Minolta Bizhub C308,Эксперимент1,12.89,12.89,0.0,16.3,3.4,14.8,5538.0,0.03,справочная,215,0,0.0,0.0,0.0,,0.0,,0,0.0,0.0,,69.0000000000000000,64.0000000000000000,5.0,15,2,0,3336,12,0,2,0,0,0,1,0,0.0,0.0,0,0,"кликов за неделю 0 (за всё время 0), расход 0 ₽ (накоплено 0 ₽) — судить не о чем, наблюдаем"
watch,hold,4504664485,273032,Лента для принтера для Brother PT-P700,от 1000-2000,12.0,12.0,0.0,9.8,-2.2,16.9,1655.0,0.05,справочная,26,0,0.0,0.0,0.0,,0.0,,0,0.0,0.0,,76.0000000000000000,67.0000000000000000,9.0,23,-8,0,29,10,1,15,0,0,0,2,1,15.07,0.0,0,0,"кликов за неделю 0 (за всё время 1), расход 0 ₽ (накоплено 15 ₽) — судить не о чем, наблюдаем"
watch,hold,4515703504,32621,Картридж для M6550NW,Эксперимент1,12.89,12.89,0.0,18.4,5.5,19.3,3209.0,0.04,справочная,80,0,0.0,0.0,0.0,,0.0,,0,0.0,0.0,,222.0000000000000000,168.0000000000000000,54.0,20,-9,0,166,10,1,15,0,0,0,2,1,1.0,0.0,0,0,"кликов за неделю 0 (за всё время 1), расход 0 ₽ (накоплено 1 ₽) — судить не о чем, наблюдаем"
watch,hold,4515705073,32573,Заправочный комплект для P2502W,от 1000-2000,12.0,12.0,0.0,9.7,-2.3,17.9,1511.0,0.05,справочная,25,0,0.0,0.0,0.0,,0.0,,0,0.0,0.0,,152.0000000000000000,145.0000000000000000,7.0,29,5,0,197,3,2,11,0,0,0,1,0,0.0,0.0,0,0,"кликов за неделю 0 (за всё время 0), расход 0 ₽ (накоплено 0 ₽) — судить не о чем, наблюдаем"
watch,hold,4515704247,34481,Картридж для Canon i-SENSYS LBP-223 dw,Эксперимент1,12.89,12.89,0.0,18.3,5.4,16.5,3970.0,0.04,справочная,337,0,0.0,0.0,0.0,,0.0,,3,22.58,0.0,7.5,84.0000000000000000,40.0000000000000000,44.0,19,-38,0,21,21,0,15,0,0,0,1,3,22.58,0.0,0,0,"кликов за неделю 0 (за всё время 3), расход 0 ₽ (накоплено 23 ₽) — судить не о чем, наблюдаем"
watch,hold,4518320010,42645,Картридж для Xerox AltaLink C8055,Эксперимент1,12.89,12.89,0.0,36.9,24.0,20.0,8191.0,0.03,справочная,24,0,0.0,0.0,0.0,,0.0,,0,0.0,0.0,,38.0000000000000000,74.0000000000000000,-36.0,2,-9,0,2,,0,0,0,0,0,1,0,0.0,0.0,0,0,"кликов за неделю 0 (за всё время 0), расход 0 ₽ (накоплено 0 ₽) — судить не о чем, наблюдаем"
watch,hold,4518321358,43332,Картридж для M6502W,Эксперимент1,12.89,12.89,0.0,17.2,4.3,19.0,3073.0,0.04,справочная,70,0,0.0,0.0,0.0,,0.0,,0,0.0,0.0,,300.0000000000000000,173.0000000000000000,127.0,14,-16,0,166,14,0,13,0,0,0,1,0,0.0,0.0,0,0,"кликов за неделю 0 (за всё время 0), расход 0 ₽ (накоплено 0 ₽) — судить не о чем, наблюдаем"
watch,hold,4527409163,57673,Картридж для HP Color LaserJet Pro 4203dn,Эксперимент1,12.89,12.89,0.0,28.9,16.0,18.6,7086.0,0.03,справочная,36,0,0.0,0.0,0.0,,0.0,,0,0.0,0.0,,140.0000000000000000,94.0000000000000000,46.0,10,-2,0,3404,3,1,10,0,0,0,1,0,0.0,0.0,0,0,"кликов за неделю 0 (за всё время 0), расход 0 ₽ (накоплено 0 ₽) — судить не о чем, наблюдаем"
watch,hold,4527409163,57673,Картридж для HP Color LaserJet Pro 4203dn,от 2000 до 5000,19.33,19.33,0.0,28.9,9.6,18.6,7086.0,0.03,справочная,24,0,0.0,0.0,0.0,,0.0,,0,0.0,0.0,,140.0000000000000000,94.0000000000000000,46.0,10,-2,0,3404,3,1,10,0,0,0,1,0,0.0,0.0,0,0,"кликов за неделю 0 (за всё время 0), расход 0 ₽ (накоплено 0 ₽) — судить не о чем, наблюдаем"
watch,hold,5232958111,0024X2,"Комплект картриджей Q6511A (2 шт.) на 12000 страниц для принтеров HP LaserJet 2410, LJ 2420, LJ 2430",Бандлы x2/x6 — старт (08.08),21.96,21.96,0.0,64.1,42.1,27.2,9622.0,0.03,справочная,27,0,0.0,0.0,0.0,,0.0,,1,13.54,0.0,13.5,80.0000000000000000,26.0000000000000000,54.0,16,5,0,7148,9,1,5,0,0,0,0,1,13.54,0.0,0,0,"кликов за неделю 0 (за всё время 1), расход 0 ₽ (накоплено 14 ₽) — судить не о чем, наблюдаем"
watch,hold,5233204361,5344X2,Комплект картриджей SCX-4100 (2 шт.) на 6000 страниц для принтеров Samsung SCX-4100,Бандлы x2/x6 — старт (08.08),21.96,21.96,0.0,48.1,26.1,28.1,6939.0,0.03,справочная,34,0,0.0,0.0,0.0,,0.0,,0,0.0,0.0,,224.0000000000000000,60.0000000000000000,164.0,4,-3,0,4,,0,0,0,0,0,0,0,0.0,0.0,0,0,"кликов за неделю 0 (за всё время 0), расход 0 ₽ (накоплено 0 ₽) — судить не о чем, наблюдаем"
watch,hold,5237218561,0060X2,"Комплект картриджей 719H (2 шт.) на 12800 страниц для принтеров Canon i-SENSYS LBP-251dw, LBP 252dw, MF-411dw, MF416dw, MF-418x, MF419x, MF 5840d, MF 5880dn MF5980dw MF 6140dn MF6180dw",Бандлы x2/x6 — старт (08.08),21.96,21.96,0.0,45.6,23.6,28.1,6580.0,0.03,справочная,43,0,0.0,0.0,0.0,,0.0,,0,0.0,0.0,,71.0000000000000000,31.0000000000000000,40.0,16,-4,0,3429,7,1,13,0,0,0,0,0,0.0,0.0,0,0,"кликов за неделю 0 (за всё время 0), расход 0 ₽ (накоплено 0 ₽) — судить не о чем, наблюдаем"
watch,hold,5237904935,0305X6,"Комплект картриджей 45 (6 шт.) на 5580 страниц для принтеров HP Color Copier 110, Copier 120, DJ 700, DJ 750",Бандлы x2/x6 — старт (08.08),21.96,21.96,0.0,208.5,186.5,34.7,35095.0,0.02,справочная,30,0,0.0,0.0,0.0,,0.0,,0,0.0,0.0,,46.0000000000000000,150.0000000000000000,-104.0,16,4,0,2892,5,4,15,0,0,0,0,0,0.0,0.0,0,0,"кликов за неделю 0 (за всё время 0), расход 0 ₽ (накоплено 0 ₽) — судить не о чем, наблюдаем"
watch,hold,5239372749,0429X2,"Комплект картриджей C4129X (2 шт.) на 20000 страниц для принтеров HP LaserJet 5000, LJ 5100",Бандлы x2/x6 — старт (08.08),21.96,21.96,0.0,61.4,39.4,27.3,13767.0,0.02,справочная,8,0,0.0,0.0,0.0,,0.0,,0,0.0,0.0,,84.0000000000000000,13.0000000000000000,71.0,11,5,0,9,7,2,10,0,0,0,0,0,0.0,0.0,0,0,"кликов за неделю 0 (за всё время 0), расход 0 ₽ (накоплено 0 ₽) — судить не о чем, наблюдаем"
enter,enter,5239451923,0754X2,"Комплект картриджей CB436X (2 шт.) на 6400 страниц для принтеров HP LaserJet M1120, LJ M1522, LJ P1505",,,23.1,,46.1,,28.2,4965.0,0.04,справочная,0,0,0,0,0,,,,0,0,0,,79.0000000000000000,78.0000000000000000,1.0,3,0,0,4,,0,0,1,5122.0000,0,1,0,0,0,0,0,вне рекламы  но неделю отработал сам: продажи 1 шт  органика 0 ₽  показы 3  спрос по фразам 4; маржа_safe 28.2 % ≥ KPI; старт 23.1 ₽ при потолке 46.1 ₽
watch,hold,5239522762,0832X2,"Комплект фотобарабанов C-EXV14 DU (2 шт.) на 100000 страниц для принтеров Canon iR-2016, iR 2018, iR-2020, iR2022, iR2030, iR 2318L",Бандлы x2/x6 — старт (08.08),21.96,21.96,0.0,71.1,49.1,27.1,16085.0,0.02,справочная,27,0,0.0,0.0,0.0,,0.0,,0,0.0,0.0,,59.0000000000000000,34.0000000000000000,25.0,18,-4,0,64,4,2,11,0,0,0,0,0,0.0,0.0,0,0,"кликов за неделю 0 (за всё время 0), расход 0 ₽ (накоплено 0 ₽) — судить не о чем, наблюдаем"
watch,hold,5239611568,0893X6,"Комплект картриджей CF325X (6 шт.) на 240000 страниц для принтеров HP LaserJet M806DN M806DN, LJ-M806X, M830z, LJM806X+",Бандлы x2/x6 — старт (08.08),21.96,21.96,0.0,479.3,457.3,34.2,82064.0,0.02,справочная,8,0,0.0,0.0,0.0,,0.0,,0,0.0,0.0,,44.0000000000000000,18.0000000000000000,26.0,11,-3,0,12,2,4,8,0,0,0,0,0,0.0,0.0,0,0,"кликов за неделю 0 (за всё время 0), расход 0 ₽ (накоплено 0 ₽) — судить не о чем, наблюдаем"
watch,hold,5240181485,1307X2,"Комплект картриджей 50F5U00 (2 шт.) на 40000 страниц для принтеров Lexmark MS510dn, MS610de, MS610dn",Бандлы x2/x6 — старт (08.08),21.96,21.96,0.0,62.8,40.8,27.4,9346.0,0.03,справочная,40,0,0.0,0.0,0.0,,0.0,,0,0.0,0.0,,157.0000000000000000,22.0000000000000000,135.0,6,-5,0,5,1,1,6,0,0,0,0,0,0.0,0.0,0,0,"кликов за неделю 0 (за всё время 0), расход 0 ₽ (накоплено 0 ₽) — судить не о чем, наблюдаем"
watch,hold,5246303902,1835X6,Комплект картриджей SP3500XE (6 шт.) на 38400 страниц для принтеров Ricoh SP3510DN,Бандлы x2/x6 — старт (08.08),21.96,21.96,0.0,97.8,75.8,33.6,17091.0,0.02,справочная,10,0,0.0,0.0,0.0,,0.0,,0,0.0,0.0,,205.0000000000000000,29.0000000000000000,176.0,9,6,0,3405,8,1,8,0,0,0,0,0,0.0,0.0,0,0,"кликов за неделю 0 (за всё время 0), расход 0 ₽ (накоплено 0 ₽) — судить не о чем, наблюдаем"
watch,hold,5249805374,2152X2,"Комплект картриджей CF540A (2 шт.) на 2800 страниц для принтеров HP LaserJet Pro Color M254dw, LJ Pro Color M280nw",Бандлы x2/x6 — старт (08.08),21.96,21.96,0.0,39.7,17.7,28.3,5677.0,0.03,справочная,12,0,0.0,0.0,0.0,,0.0,,0,0.0,0.0,,187.0000000000000000,62.0000000000000000,125.0,5,-2,0,1083,31,0,5,0,0,0,0,0,0.0,0.0,0,0,"кликов за неделю 0 (за всё время 0), расход 0 ₽ (накоплено 0 ₽) — судить не о чем, наблюдаем"
watch,hold,5250365294,2215X6,"Комплект картриджей ML182 (6 шт.) на для принтеров OKI ML-182, ML 192, ML280, ML-320, ML3311, ML 3320, ML 3390, ML3391",Бандлы x2/x6 — старт (08.08),21.96,21.96,0.0,45.6,23.6,33.3,5373.0,0.03,справочная,35,0,0.0,0.0,0.0,,0.0,,0,0.0,0.0,,143.0000000000000000,27.0000000000000000,116.0,8,3,0,8,9,1,6,0,0,0,0,0,0.0,0.0,0,0,"кликов за неделю 0 (за всё время 0), расход 0 ₽ (накоплено 0 ₽) — судить не о чем, наблюдаем"
watch,hold,5250365403,2219X6,Комплект картриджей PR2 (6 шт.) на 12000000 знаков для принтеров Olivetti PR2,Бандлы x2/x6 — старт (08.08),21.96,21.96,0.0,69.2,47.2,34.3,7868.0,0.03,справочная,68,0,0.0,0.0,0.0,,0.0,,0,0.0,0.0,,85.0000000000000000,32.0000000000000000,53.0,40,9,0,3487,3,2,15,0,0,0,0,0,0.0,0.0,0,0,"кликов за неделю 0 (за всё время 0), расход 0 ₽ (накоплено 0 ₽) — судить не о чем, наблюдаем"
watch,hold,5251771585,2388X2,"Комплект картриджей TN-423BK (2 шт.) на 13000 страниц для принтеров Brother DCP-L8410CDW, HL-L8260CDW, HL L8360CDW, MFC-L8690CDW, MFCL8900CDW",Бандлы x2/x6 — старт (08.08),21.96,21.96,0.0,37.4,15.4,27.2,5611.0,0.03,справочная,20,0,0.0,0.0,0.0,,0.0,,0,0.0,0.0,,235.0000000000000000,32.0000000000000000,203.0,8,-1,0,8,13,0,8,0,0,0,0,0,0.0,0.0,0,0,"кликов за неделю 0 (за всё время 0), расход 0 ₽ (накоплено 0 ₽) — судить не о чем, наблюдаем"
watch,hold,5251829505,2411X2,"Комплект тонер-картриджей TK-8115BK (2 шт.) на 24000 страниц для принтеров Kyocera Ecosys M8124cidn, M8130cidn",Бандлы x2/x6 — старт (08.08),21.96,21.96,0.0,56.0,34.0,28.1,8081.0,0.03,справочная,25,0,0.0,0.0,0.0,,0.0,,0,0.0,0.0,,407.0000000000000000,71.0000000000000000,336.0,4,-7,0,3,,0,0,0,0,0,1,0,0.0,0.0,0,0,"кликов за неделю 0 (за всё время 0), расход 0 ₽ (накоплено 0 ₽) — судить не о чем, наблюдаем"
watch,hold,5251949890,2439X6,"Комплект картриджей C-EXV49Bk (6 шт.) на 216000 страниц для принтеров Canon iR Advance C3320, iR Advance C3325",Бандлы x2/x6 — старт (08.08),21.96,21.96,0.0,199.3,177.3,34.7,33550.0,0.02,справочная,12,0,0.0,0.0,0.0,,0.0,,0,0.0,0.0,,115.0000000000000000,32.0000000000000000,83.0,29,14,0,30,5,5,15,0,0,0,0,0,0.0,0.0,0,0,"кликов за неделю 0 (за всё время 0), расход 0 ₽ (накоплено 0 ₽) — судить не о чем, наблюдаем"
watch,hold,5255536901,2979X2,"Комплект картриджей 106R03745BK (2 шт.) на 47200 страниц для принтеров Xerox VersaLink C7020, VersaLinkC7025",Бандлы x2/x6 — старт (08.08),21.96,21.96,0.0,52.3,30.3,27.4,11681.0,0.02,справочная,10,0,0.0,0.0,0.0,,0.0,,0,0.0,0.0,,114.0000000000000000,13.0000000000000000,101.0,14,3,0,20,6,2,14,0,0,0,0,0,0.0,0.0,0,0,"кликов за неделю 0 (за всё время 0), расход 0 ₽ (накоплено 0 ₽) — судить не о чем, наблюдаем"
watch,hold,5256262452,3083X6,"Комплект картриджей 903XL (6 шт.) на 4950 страниц для принтеров HP OfficeJet 6950, OfficeJet Pro 6960",Бандлы x2/x6 — старт (08.08),21.96,21.96,0.0,86.1,64.1,34.6,9693.0,0.03,справочная,51,0,0.0,0.0,0.0,,0.0,,0,0.0,0.0,,116.0000000000000000,23.0000000000000000,93.0,19,10,0,19,16,0,1,0,0,0,0,0,0.0,0.0,0,0,"кликов за неделю 0 (за всё время 0), расход 0 ₽ (накоплено 0 ₽) — судить не о чем, наблюдаем"
watch,hold,5258396253,3431X6,"Комплект картриджей TN-217BK (6 шт.) на 18000 страниц для принтеров Brother DCP-L3550CDW, HL-L3230CDW, hl-l3270cdw, MFC-L3770CDW",Бандлы x2/x6 — старт (08.08),21.96,21.96,0.0,88.8,66.8,34.9,14845.0,0.02,справочная,20,0,0.0,0.0,0.0,,0.0,,0,0.0,0.0,,100.0000000000000000,14.0000000000000000,86.0,16,2,0,17,6,1,15,0,0,0,0,0,0.0,0.0,0,0,"кликов за неделю 0 (за всё время 0), расход 0 ₽ (накоплено 0 ₽) — судить не о чем, наблюдаем"
watch,hold,5258442474,3442X6,"Комплект картриджей T9661 (6 шт.) на 240000 страниц для принтеров Epson WorkForce Pro M5298, WF Pro M5299",Бандлы x2/x6 — старт (08.08),21.96,21.96,0.0,241.9,219.9,35.0,40311.0,0.02,справочная,24,0,0.0,0.0,0.0,,0.0,,0,0.0,0.0,,166.0000000000000000,52.0000000000000000,114.0,17,-2,0,144,3,5,14,0,0,0,0,0,0.0,0.0,0,0,"кликов за неделю 0 (за всё время 0), расход 0 ₽ (накоплено 0 ₽) — судить не о чем, наблюдаем"
watch,hold,5259400790,3617X6,"Комплект фотобарабанов 101R00664 DU (6 шт.) на 60000 страниц для принтеров Xerox B-205, B 210, B215",Бандлы x2/x6 — старт (08.08),21.96,21.96,0.0,97.4,75.4,34.9,16292.0,0.02,справочная,39,0,0.0,0.0,0.0,,0.0,,0,0,0,,33.0000000000000000,28.0000000000000000,5.0,11,9,0,12,12,0,10,0,0,0,0,0,0.0,0.0,0,0,"кликов за неделю 0 (за всё время 0), расход 0 ₽ (накоплено 0 ₽) — судить не о чем, наблюдаем"
watch,hold,5259397653,3617X2,"Комплект фотобарабанов 101R00664 DU (2 шт.) на 20000 страниц для принтеров Xerox B-205, B 210, B215",Бандлы x2/x6 — старт (08.08),21.96,21.96,0.0,39.9,17.9,28.2,5732.0,0.03,справочная,39,0,0.0,0.0,0.0,,0.0,,0,0,0,,121.0000000000000000,19.0000000000000000,102.0,11,2,0,3428,574,0,1,0,0,0,0,0,0.0,0.0,0,0,"кликов за неделю 0 (за всё время 0), расход 0 ₽ (накоплено 0 ₽) — судить не о чем, наблюдаем"
watch,hold,5259666189,3641X6,"Комплект фотобарабанов CF257A (6 шт.) на 480000 страниц для принтеров HP LaserJet M433, LJ M436",Бандлы x2/x6 — старт (08.08),21.96,21.96,0.0,597.2,575.2,33.9,103324.0,0.02,справочная,20,0,0.0,0.0,0.0,,0.0,,0,0,0,,15.0000000000000000,14.0000000000000000,1.0,17,-4,0,86,2,7,12,0,0,0,0,0,0.0,0.0,0,0,"кликов за неделю 0 (за всё время 0), расход 0 ₽ (накоплено 0 ₽) — судить не о чем, наблюдаем"
watch,hold,5265293082,4309X2,"Комплект картриджей TN-328K (2 шт.) на 56000 страниц для принтеров Konica Minolta Bizhub C250i, C300i, C360i",Бандлы x2/x6 — старт (08.08),21.96,21.96,0.0,54.6,32.6,27.1,12348.0,0.02,справочная,16,0,0.0,0.0,0.0,,0.0,,0,0.0,0.0,,30.0000000000000000,25.0000000000000000,5.0,14,6,0,14,3,3,11,0,0,0,0,0,0.0,0.0,0,0,"кликов за неделю 0 (за всё время 0), расход 0 ₽ (накоплено 0 ₽) — судить не о чем, наблюдаем"
watch,hold,5269489374,4531X6,"Комплект фотобарабанов 013R00681 DU (6 шт.) на 1080000 страниц для принтеров Xerox AltaLink C8130, C8135",Бандлы x2/x6 — старт (08.08),21.96,21.96,0.0,936.9,914.9,34.0,161541.0,0.02,справочная,40,0,0.0,0.0,0.0,,0.0,,0,0.0,0.0,,10.0000000000000000,95.0000000000000000,-85.0,38,36,0,43,3,6,6,0,0,0,0,0,0.0,0.0,0,0,"кликов за неделю 0 (за всё время 0), расход 0 ₽ (накоплено 0 ₽) — судить не о чем, наблюдаем"
watch,hold,5269508204,4532X2,Комплект картриджей C-EXV60 (2 шт.) на 20400 страниц для принтеров Canon imageRUNNER 2425,Бандлы x2/x6 — старт (08.08),21.96,21.96,0.0,40.2,18.2,28.2,5772.0,0.03,справочная,12,0,0.0,0.0,0.0,,0.0,,0,0.0,0.0,,224.0000000000000000,25.0000000000000000,199.0,4,3,0,298,44,0,4,0,0,0,0,0,0.0,0.0,0,0,"кликов за неделю 0 (за всё время 0), расход 0 ₽ (накоплено 0 ₽) — судить не о чем, наблюдаем"
watch,hold,5269571046,4542X6,"Комплект картриджей W1106XL (6 шт.) на 30000 страниц для принтеров HP Laser 107A, Laser107R",Бандлы x2/x6 — старт (08.08),21.96,21.96,0.0,112.1,90.1,35.1,18619.0,0.02,справочная,10,0,0.0,0.0,0.0,,0.0,,0,0.0,0.0,,236.0000000000000000,31.0000000000000000,205.0,18,9,0,20,33,0,1,0,0,0,0,0,0.0,0.0,0,0,"кликов за неделю 0 (за всё время 0), расход 0 ₽ (накоплено 0 ₽) — судить не о чем, наблюдаем"
watch,hold,5269571597,4542X2,"Комплект картриджей W1106XL (2 шт.) на 10000 страниц для принтеров HP Laser 107A, Laser107R",Бандлы x2/x6 — старт (08.08),21.96,21.96,0.0,46.4,24.4,28.6,6551.0,0.03,справочная,14,0,0.0,0.0,0.0,,0.0,,0,0.0,0.0,,239.0000000000000000,129.0000000000000000,110.0,12,9,0,3334,136,0,1,0,0,0,0,0,0.0,0.0,0,0,"кликов за неделю 0 (за всё время 0), расход 0 ₽ (накоплено 0 ₽) — судить не о чем, наблюдаем"
enter,enter,5270897308,4628X6,"Комплект лент TZe-S241 (6 шт.) на 48 метров для принтеров Brother FAX-1950, PT-1400, PT 1500PC, PT1600, PT-1650, PT1700, PT 1750",,,43.3,,86.6,,35.0,14440.0,0.02,справочная,0,0,0,0,0,,,,0,0,0,,55.0000000000000000,17.0000000000000000,38.0,34,28,0,3183,1,2,14,1,14440.0000,0,1,0,0,0,0,0,вне рекламы  но неделю отработал сам: продажи 1 шт  органика 0 ₽  показы 34  спрос по фразам 3 183; маржа_safe 35.0 % ≥ KPI; старт 43.3 ₽ при потолке 86.6 ₽
watch,hold,5272040408,4746X2,"Комплект картриджей PG-460XL (2 шт.) на 800 страниц для принтеров Canon Pixma MG5740, Pixma MG6840",Бандлы x2/x6 — старт (08.08),21.96,21.96,0.0,67.0,45.0,28.0,14565.0,0.02,справочная,63,0,0.0,0.0,0.0,,0.0,,0,0.0,0.0,,82.0000000000000000,61.0000000000000000,21.0,15,7,0,17,14,0,15,0,0,0,0,0,0.0,0.0,0,0,"кликов за неделю 0 (за всё время 0), расход 0 ₽ (накоплено 0 ₽) — судить не о чем, наблюдаем"
watch,hold,5276873456,5237X6,"Комплект картриджей 069 (6 шт.) на 12600 страниц для принтеров Canon i-SENSYS LBP-673Cdw, MF752Cdw, MF754Cdw",Бандлы x2/x6 — старт (08.08),21.96,21.96,0.0,109.4,87.4,34.9,18301.0,0.02,справочная,15,0,0.0,0.0,0.0,,0.0,,0,0.0,0.0,,213.0000000000000000,74.0000000000000000,139.0,28,11,0,32,1,2,15,0,0,0,0,0,0.0,0.0,0,0,"кликов за неделю 0 (за всё время 0), расход 0 ₽ (накоплено 0 ₽) — судить не о чем, наблюдаем"
watch,hold,5278080751,5384X6,"Комплект картриджей 055H BK (6 шт.) на 45600 страниц для принтеров Canon i-SENSYS MF740, MF 741, MF742Cdw, MF 743",Бандлы x2/x6 — старт (08.08),21.96,21.96,0.0,146.7,124.7,34.8,24619.0,0.02,справочная,18,0,0.0,0.0,0.0,,0.0,,0,0.0,0.0,,23.0000000000000000,12.0000000000000000,11.0,19,10,0,26,20,0,1,0,0,0,0,0,0.0,0.0,0,0,"кликов за неделю 0 (за всё время 0), расход 0 ₽ (накоплено 0 ₽) — судить не о чем, наблюдаем"
watch,hold,5279394909,5488X2,"Комплект картриджей 069 BK (2 шт.) на 4200 страниц для принтеров Canon i-SENSYS LBP-673Cdw, MF752Cdw, MF754Cdw",Бандлы x2/x6 — старт (08.08),21.96,21.96,0.0,61.3,39.3,27.9,8924.0,0.03,справочная,12,0,0.0,0.0,0.0,,0.0,,0,0.0,0.0,,280.0000000000000000,193.0000000000000000,87.0,17,12,0,1102,5,2,14,0,0,0,0,0,0.0,0.0,0,0,"кликов за неделю 0 (за всё время 0), расход 0 ₽ (накоплено 0 ₽) — судить не о чем, наблюдаем"
watch,hold,5279512181,5544X6,"Комплект фотобарабанов DR-421CL (6 шт.) на 300000 страниц для принтеров Brother DCP-L8410CDW, HL-L8260CDW, HL L8360CDW, HLL9310, MFC-L8690CDW, MFC-L8900CDW",Бандлы x2/x6 — старт (08.08),21.96,21.96,0.0,716.8,694.8,33.9,124016.0,0.02,справочная,0,0,0,0,0,,,,0,0,0,,,,,0,0,0,0,,0,0,0,0,0,0,0,0,0,0,0,"кликов за неделю 0 (за всё время 0), расход 0 ₽ (накоплено 0 ₽) — судить не о чем, наблюдаем"
watch,hold,5279667146,5530X2,"Комплект картриджей W1510X (2 шт.) на 19400 страниц для принтеров HP LaserJet Pro 4003dn, LJ Pro 4103fdn",Бандлы x2/x6 — старт (08.08),21.96,21.96,0.0,59.2,37.2,27.7,8696.0,0.03,справочная,7,0,0.0,0.0,0.0,,0.0,,0,0.0,0.0,,243.0000000000000000,,,8,8,0,3055,4,1,8,0,0,0,0,0,0.0,0.0,0,0,"кликов за неделю 0 (за всё время 0), расход 0 ₽ (накоплено 0 ₽) — судить не о чем, наблюдаем"
watch,hold,5280732498,5767X6,"Комплект картриджей W2300X (6 шт.) на 45000 страниц для принтеров HP Color LaserJet Pro 4203cdn, 4303dw",Бандлы x2/x6 — старт (08.08),21.96,21.96,0.0,225.8,203.8,34.6,38140.0,0.02,справочная,19,0,0.0,0.0,0.0,,0.0,,0,0.0,0.0,,176.0000000000000000,198.0000000000000000,-22.0,41,31,0,43,2,6,15,0,0,0,0,0,0.0,0.0,0,0,"кликов за неделю 0 (за всё время 0), расход 0 ₽ (накоплено 0 ₽) — судить не о чем, наблюдаем"
watch,hold,5281112985,5824X2,"Комплект фотобарабанов W2004A (2 шт.) на 130000 страниц для принтеров HP Color LJ M751, LJ M776",Бандлы x2/x6 — старт (08.08),21.96,21.96,0.0,104.7,82.7,26.1,24808.0,0.02,справочная,12,0,0.0,0.0,0.0,,0.0,,0,0.0,0.0,,27.0000000000000000,4.0000000000000000,23.0,15,11,0,20,1,6,10,0,0,0,0,0,0.0,0.0,0,0,"кликов за неделю 0 (за всё время 0), расход 0 ₽ (накоплено 0 ₽) — судить не о чем, наблюдаем"
watch,hold,5284623625,6202X2,"Комплект тонер-картриджей TK-1060 (2 шт.) на 40000 страниц для принтеров Avision AM5630i, AM5640i, AM7630i, AM7640i",Бандлы x2/x6 — старт (08.08),21.96,21.96,0.0,66.3,44.3,27.0,15063.0,0.02,справочная,88,0,0.0,0.0,0.0,,0.0,,0,0.0,0.0,,23.0000000000000000,19.0000000000000000,4.0,40,35,0,103,10,2,15,0,0,0,0,0,0.0,0.0,0,0,"кликов за неделю 0 (за всё время 0), расход 0 ₽ (накоплено 0 ₽) — судить не о чем, наблюдаем"
watch,hold,5322451343,4480X2,"Комплект картриджей W9025MC (2 шт.) на 66000 страниц для принтеров HP LaserJet E72425, LJ E72430",Бандлы x2/x6 — старт (08.08),21.96,21.96,0.0,117.5,95.5,26.1,27843.0,0.02,справочная,6,0,0.0,0.0,0.0,,0.0,,0,0.0,0.0,,19.0000000000000000,,,9,9,0,7,2,5,9,0,0,0,0,0,0.0,0.0,0,0,"кликов за неделю 0 (за всё время 0), расход 0 ₽ (накоплено 0 ₽) — судить не о чем, наблюдаем"
watch,hold,651944847,0237,"Картридж TK-1140 для принтеров Kyocera EcoSys M2035DN, M2535, FS-1035, FS1135MFP, M2535DN, M2035",Эксперимент1,7.0,7.0,0.0,,,,,,справочная,9,0,0.0,0.0,0.0,,0.0,,0,0.0,0.0,,287.0000000000000000,62.0000000000000000,225.0,20,-4,0,28,15,0,5,0,0,0,0,1,6.05,0.0,0,0,"кликов за неделю 0 (за всё время 1), расход 0 ₽ (накоплено 6 ₽) — судить не о чем, наблюдаем"
watch,hold,651944847,0237,"Картридж TK-1140 для принтеров Kyocera EcoSys M2035DN, M2535, FS-1035, FS1135MFP, M2535DN, M2035",от 1000-2000,10.0,10.0,0.0,,,,,,справочная,20,0,0.0,0.0,0.0,,0.0,,0,0.0,0.0,,287.0000000000000000,62.0000000000000000,225.0,20,-4,0,28,15,0,5,0,0,0,0,0,0.0,0.0,0,0,"кликов за неделю 0 (за всё время 0), расход 0 ₽ (накоплено 0 ₽) — судить не о чем, наблюдаем"
watch,hold,874376043,4435,"Картридж T01D1 для принтеров Epson WorkForce Pro C529R, WF Pro C579R черный",Эксперимент1,9.0,9.0,0.0,,,,,,справочная,14,0,0.0,0.0,0.0,,0.0,,0,0.0,0.0,,47.0000000000000000,58.0000000000000000,-11.0,48,8,0,141,7,1,15,0,0,0,0,2,18.26,0.0,0,0,"кликов за неделю 0 (за всё время 2), расход 0 ₽ (накоплено 18 ₽) — судить не о чем, наблюдаем"
bordeaux,floor,874376043,4435,"Картридж T01D1 для принтеров Epson WorkForce Pro C529R, WF Pro C579R черный",от 10000 до 500 тыс,13.0,6.0,-7.0,,,,,,справочная,19,0,0.0,0.0,0.0,,0.0,,1,39.52,0.0,39.5,47.0000000000000000,58.0000000000000000,-11.0,48,8,0,141,7,1,15,0,0,0,0,1,39.52,0.0,0,0,"ни одной продажи за всю доступную историю (не только реклама): 1 кликов, 40 ₽ рекламы впустую. В пол и на снятие"
watch,hold,1153667499,1727,"Картридж 60F5X00 для принтеров Lexmark MX510de, MX511, MX611de черный",от 2000 до 5000,12.0,12.0,0.0,,,,,,справочная,17,0,0.0,0.0,0.0,,0.0,,0,0.0,0.0,,52.0000000000000000,134.0000000000000000,-82.0,16,4,0,31,9,1,11,0,0,0,1,0,0.0,0.0,0,0,"кликов за неделю 0 (за всё время 0), расход 0 ₽ (накоплено 0 ₽) — судить не о чем, наблюдаем"
watch,hold,930617352,0984,"Картридж 43640302 для принтеров OKI B2200, B2400 черный",Эксперимент1,8.0,8.0,0.0,,,,,,справочная,75,0,0.0,0.0,0.0,,0.0,,0,0.0,0.0,,36.0000000000000000,84.0000000000000000,-48.0,21,11,0,6819,1,6,15,0,0,0,0,2,3.66,0.0,0,0,"кликов за неделю 0 (за всё время 2), расход 0 ₽ (накоплено 4 ₽) — судить не о чем, наблюдаем"
watch,hold,930620161,0257,"Картридж 106R01412 для принтеров Xerox Phaser 3300, Phaser 3300 MFP черный",от 2000 до 5000,19.33,19.33,0.0,,,,,,справочная,8,0,0.0,0.0,0.0,,0.0,,0,0.0,0.0,,105.0000000000000000,129.0000000000000000,-24.0,7,-7,0,8,59,0,1,0,0,0,2,0,0.0,0.0,0,0,"кликов за неделю 0 (за всё время 0), расход 0 ₽ (накоплено 0 ₽) — судить не о чем, наблюдаем"
watch,hold,653396827,1429,"Картридж MP301E для принтеров Ricoh Aficio MP 301SP, MP 301SPF черный",от 1000-2000,16.1,16.1,0.0,,,,,,справочная,55,0,0.0,0.0,0.0,,0.0,,0,0.0,0.0,,67.0000000000000000,32.0000000000000000,35.0,9,-7,0,432,60,0,2,0,0,0,1,0,0.0,0.0,0,0,"кликов за неделю 0 (за всё время 0), расход 0 ₽ (накоплено 0 ₽) — судить не о чем, наблюдаем"
watch,hold,653379506,1325,"Картридж SP150HE для принтеров Ricoh SP150SUw, SP150W",Эксперимент1,12.89,12.89,0.0,,,,,,справочная,31,0,0.0,0.0,0.0,,0.0,,0,0.0,0.0,,76.0000000000000000,64.0000000000000000,12.0,11,-4,0,6839,22,0,10,0,0,0,2,0,0.0,0.0,0,0,"кликов за неделю 0 (за всё время 0), расход 0 ₽ (накоплено 0 ₽) — судить не о чем, наблюдаем"
watch,hold,873313565,3519,"Картридж T9442 для принтеров Epson и WorkForce Pro C5210, WF Pro C5215 голубой",Эксперимент1,7.0,7.0,0.0,,,,,,справочная,14,0,0.0,0.0,0.0,,0.0,,0,0.0,0.0,,88.0000000000000000,58.0000000000000000,30.0,8,2,0,12,59,0,3,0,0,0,0,0,0.0,0.0,0,0,"кликов за неделю 0 (за всё время 0), расход 0 ₽ (накоплено 0 ₽) — судить не о чем, наблюдаем"
watch,hold,864225326,0997,"Картридж 44469810 для принтеров OKI C510, C510dn, C511, C530dn, C531, c531dn, MC561, MC561dn черный",Эксперимент1,9.0,9.0,0.0,,,,,,справочная,39,0,0.0,0.0,0.0,,0.0,,0,0.0,0.0,,59.0000000000000000,84.0000000000000000,-25.0,15,0,0,6413,6,2,13,0,0,0,2,0,0.0,0.0,0,0,"кликов за неделю 0 (за всё время 0), расход 0 ₽ (накоплено 0 ₽) — судить не о чем, наблюдаем"
watch,hold,864225326,0997,"Картридж 44469810 для принтеров OKI C510, C510dn, C511, C530dn, C531, c531dn, MC561, MC561dn черный",от 2000 до 5000,12.0,12.0,0.0,,,,,,справочная,4,0,0.0,0.0,0.0,,0.0,,0,0.0,0.0,,59.0000000000000000,84.0000000000000000,-25.0,15,0,0,6413,6,2,13,0,0,0,2,0,0.0,0.0,0,0,"кликов за неделю 0 (за всё время 0), расход 0 ₽ (накоплено 0 ₽) — судить не о чем, наблюдаем"
watch,hold,873320112,3861,"Картриджи 46490632-46490629 для принтеров OKI Data C532, Data C542, MC573",от 10000 до 500 тыс,12.0,12.0,0.0,,,,,,справочная,1,0,0.0,0.0,0.0,,0.0,,0,0.0,0.0,,,74.0000000000000000,,0,-6,0,0,,0,0,0,0,0,0,0,0.0,0.0,0,0,"кликов за неделю 0 (за всё время 0), расход 0 ₽ (накоплено 0 ₽) — судить не о чем, наблюдаем"
watch,hold,904533970,3842,"Чернила BT5000M для принтеров Brother DCP-T300, DCP T310, MFC-T800, MFC-T810 пурпурный",Эксперимент1,7.0,7.0,0.0,,,,,,справочная,30,0,0.0,0.0,0.0,,0.0,,0,0.0,0.0,,105.0000000000000000,118.0000000000000000,-13.0,11,-2,0,42,17,0,9,0,0,0,0,0,0.0,0.0,0,0,"кликов за неделю 0 (за всё время 0), расход 0 ₽ (накоплено 0 ₽) — судить не о чем, наблюдаем"
watch,hold,873320575,3746,"Картридж 408185 для принтеров Ricoh Aficio SPC360, SPC361 голубой",от 2000 до 5000,19.33,19.33,0.0,,,,,,справочная,10,0,0.0,0.0,0.0,,0.0,,0,0.0,0.0,,64.0000000000000000,447.0000000000000000,-383.0,9,-3,0,8,22,0,9,0,0,0,1,0,0.0,1.0,0,0,"кликов за неделю 0 (за всё время 0), расход 0 ₽ (накоплено 0 ₽) — судить не о чем, наблюдаем"
watch,hold,653327626,0276,"Картридж MLT-D105L для принтеров Samsung ML-2540R, ML-2580n, SCX-4600, SCX 4623, SF-650, SF650P, ML 1910, ML-1915, ML 2525, SCX-4623F, ML2540",Эксперимент1,14.5,14.5,0.0,,,,,,справочная,32,0,0.0,0.0,0.0,,0.0,,0,0.0,0.0,,83.0000000000000000,65.0000000000000000,18.0,21,-34,0,3430,4,1,15,0,0,0,1,0,0.0,0.0,0,0,"кликов за неделю 0 (за всё время 0), расход 0 ₽ (накоплено 0 ₽) — судить не о чем, наблюдаем"
watch,hold,653327626,0276,"Картридж MLT-D105L для принтеров Samsung ML-2540R, ML-2580n, SCX-4600, SCX 4623, SF-650, SF650P, ML 1910, ML-1915, ML 2525, SCX-4623F, ML2540",от 2000 до 5000,19.33,19.33,0.0,,,,,,справочная,18,0,0.0,0.0,0.0,,0.0,,0,0.0,0.0,,83.0000000000000000,65.0000000000000000,18.0,21,-34,0,3430,4,1,15,0,0,0,1,1,1.0,0.0,0,0,"кликов за неделю 0 (за всё время 1), расход 0 ₽ (накоплено 1 ₽) — судить не о чем, наблюдаем"
watch,hold,1153410352,1178,"Картридж CF323A для принтеров HP и Color LaserJet M680, LJ-M680z, LJM680dn, LJ M680f пурпурный",от 5000 до 10000,13.0,13.0,0.0,,,,,,справочная,0,0,0,0,0,,,,0,0.0,0.0,,74.0000000000000000,13.0000000000000000,61.0,2,-1,0,2,,0,0,0,0,0,0,0,0.0,0.0,0,0,"кликов за неделю 0 (за всё время 0), расход 0 ₽ (накоплено 0 ₽) — судить не о чем, наблюдаем"
watch,hold,863392948,0086,"Картридж 725X для принтеров Canon i-SENSYS F-158200, LBP6000, LBP6020, MF3010 черный",Эксперимент1,16.1,16.1,0.0,,,,,,справочная,87,0,0.0,0.0,0.0,,0.0,,0,0.0,0.0,,107.0000000000000000,85.0000000000000000,22.0,55,12,0,3461,11,0,15,0,0,0,4,1,14.0,0.0,0,0,"кликов за неделю 0 (за всё время 1), расход 0 ₽ (накоплено 14 ₽) — судить не о чем, наблюдаем"
watch,hold,874375957,4471,"Картридж 730M для принтеров HP DesignJet T1700, DJ T1700dr пурпурный",Вне РК — спрос без рекламы (08.08),21.96,21.96,0.0,,,,,,справочная,0,0,0,0,0,,,,0,0,0,,,,,0,0,0,0,,0,0,0,0,0,0,0,0,0,0,0,"кликов за неделю 0 (за всё время 0), расход 0 ₽ (накоплено 0 ₽) — судить не о чем, наблюдаем"
watch,hold,1163045998,1985,"Картридж 006R01226 для принтеров Xerox DC240, DC250, WC7655, WC7665 голубой",Пустые РК,12.0,12.0,0.0,,,,,,справочная,13,0,0.0,0.0,0.0,,0.0,,0,0.0,0.0,,87.0000000000000000,75.0000000000000000,12.0,15,-6,0,3440,11,0,13,0,0,0,1,0,0.0,0.0,0,0,"кликов за неделю 0 (за всё время 0), расход 0 ₽ (накоплено 0 ₽) — судить не о чем, наблюдаем"
watch,hold,873313110,3512,"Картридж CLT-K503L для принтеров Samsung и SL-C3010, SL-C3060 черный",Эксперимент1,14.5,14.5,0.0,,,,,,справочная,13,0,0.0,0.0,0.0,,0.0,,0,0.0,0.0,,161.0000000000000000,39.0000000000000000,122.0,27,-2,0,7814,11,0,12,0,0,0,1,0,0.0,0.0,0,0,"кликов за неделю 0 (за всё время 0), расход 0 ₽ (накоплено 0 ₽) — судить не о чем, наблюдаем"
watch,hold,873313110,3512,"Картридж CLT-K503L для принтеров Samsung и SL-C3010, SL-C3060 черный",от 5000 до 10000,19.33,19.33,0.0,,,,,,справочная,13,0,0.0,0.0,0.0,,0.0,,0,0.0,0.0,,161.0000000000000000,39.0000000000000000,122.0,27,-2,0,7814,11,0,12,0,0,0,1,0,0.0,0.0,0,0,"кликов за неделю 0 (за всё время 0), расход 0 ₽ (накоплено 0 ₽) — судить не о чем, наблюдаем"
watch,hold,930613370,0808,"Картридж CE410A для принтеров HP Color LaserJet Pro 300 M351a, M375nw, HP M451dn, HP-M451dw, HPM451nw, HP MFP M475dn черный",от 1000-2000,12.0,12.0,0.0,,,,,,справочная,22,0,0.0,0.0,0.0,,0.0,,0,0.0,0.0,,77.0000000000000000,46.0000000000000000,31.0,19,10,0,3436,36,0,2,0,0,0,10,2,12.31,0.0,0,0,"кликов за неделю 0 (за всё время 2), расход 0 ₽ (накоплено 12 ₽) — судить не о чем, наблюдаем"
watch,hold,653348226,1365,"Картридж 106R02762 для принтеров Xerox Phaser 6020, Phaser6022, WC 6025, WC6027 желтый",Эксперимент1,7.0,7.0,0.0,,,,,,справочная,16,0,0.0,0.0,0.0,,0.0,,0,0.0,0.0,,86.0000000000000000,426.0000000000000000,-340.0,8,7,0,10,23,0,6,0,0,0,0,0,0.0,0.0,0,0,"кликов за неделю 0 (за всё время 0), расход 0 ₽ (накоплено 0 ₽) — судить не о чем, наблюдаем"
watch,hold,874374467,4473,"Картридж 730BK для принтеров HP DesignJet T1700, DJ T1700dr черный матовый",Вне РК — спрос без рекламы (08.08),21.96,21.96,0.0,,,,,,справочная,2,0,0.0,0.0,0.0,,0.0,,0,0,0,,,,,0,0,0,0,,0,0,0,0,0,0,0,0.0,0.0,0,0,"кликов за неделю 0 (за всё время 0), расход 0 ₽ (накоплено 0 ₽) — судить не о чем, наблюдаем"
watch,hold,873313784,3659,"Картридж C2500HY для принтеров Ricoh IM C2500, IM-C2000 желтый",Эксперимент1,8.0,8.0,0.0,,,,,,справочная,19,0,0.0,0.0,0.0,,0.0,,0,0.0,0.0,,88.0000000000000000,66.0000000000000000,22.0,2,-2,0,1,,0,0,0,0,0,0,0,0.0,0.0,0,0,"кликов за неделю 0 (за всё время 0), расход 0 ₽ (накоплено 0 ₽) — судить не о чем, наблюдаем"
watch,hold,873314183,3707,"Фотобарабан 113R00780 DU для принтеров Xerox VersaLink C7020, VersaLinkC7025 черный",Эксперимент1,8.0,8.0,0.0,,,,,,справочная,18,0,0.0,0.0,0.0,,0.0,,0,0.0,0.0,,84.0000000000000000,76.0000000000000000,8.0,11,-4,0,19,19,0,8,0,0,0,0,1,13.21,0.0,0,0,"кликов за неделю 0 (за всё время 1), расход 0 ₽ (накоплено 13 ₽) — судить не о чем, наблюдаем"
watch,hold,873314183,3707,"Фотобарабан 113R00780 DU для принтеров Xerox VersaLink C7020, VersaLinkC7025 черный",от 5000 до 10000,12.0,12.0,0.0,,,,,,справочная,8,0,0.0,0.0,0.0,,0.0,,0,0.0,0.0,,84.0000000000000000,76.0000000000000000,8.0,11,-4,0,19,19,0,8,0,0,0,0,0,0.0,0.0,0,0,"кликов за неделю 0 (за всё время 0), расход 0 ₽ (накоплено 0 ₽) — судить не о чем, наблюдаем"
watch,hold,984584149,4640,"Картриджи 652XL для принтеров HP DeskJet 3636, DeskJet 3855, DJ 1115, DJ 2135, DJ2136, DJ 3635, DJ 3775 черный",Эксперимент1,8.0,8.0,0.0,,,,,,справочная,72,0,0.0,0.0,0.0,,0.0,,0,0.0,0.0,,,176.0000000000000000,,0,-27,0,0,,0,0,0,0,0,0,1,8.15,0.0,0,0,"кликов за неделю 0 (за всё время 1), расход 0 ₽ (накоплено 8 ₽) — судить не о чем, наблюдаем"
watch,hold,866443853,2145,"Картридж SP201HE для принтеров Ricoh Aficio SP220, SP211, SP213",Эксперимент1,8.0,8.0,0.0,,,,,,справочная,18,0,0.0,0.0,0.0,,0.0,,0,0.0,0.0,,54.0000000000000000,157.0000000000000000,-103.0,13,11,0,3404,1,2,13,0,0,0,0,0,0.0,0.0,0,0,"кликов за неделю 0 (за всё время 0), расход 0 ₽ (накоплено 0 ₽) — судить не о чем, наблюдаем"
watch,hold,1153755481,2388,"Картридж TN-423BK для принтеров Brother DCP-L8410CDW, HL-L8260CDW, HL L8360CDW, MFC-L8690CDW, MFCL8900CDW черный",Эксперимент1,14.5,14.5,0.0,,,,,,справочная,53,0,0.0,0.0,0.0,,0.0,,0,0.0,0.0,,86.0000000000000000,52.0000000000000000,34.0,13,-13,0,3419,7,1,13,0,0,0,3,0,0.0,0.0,0,0,"кликов за неделю 0 (за всё время 0), расход 0 ₽ (накоплено 0 ₽) — судить не о чем, наблюдаем"
watch,hold,874373539,4536,"Картридж №981 для принтеров HP PageWide Color 556, PW Color MFP 586 dn черный",от 5000 до 10000,13.0,13.0,0.0,,,,,,справочная,12,0,0.0,0.0,0.0,,0.0,,0,0.0,0.0,,43.0000000000000000,235.0000000000000000,-192.0,6,-10,0,6,3,1,6,0,0,0,2,0,0.0,0.0,0,0,"кликов за неделю 0 (за всё время 0), расход 0 ₽ (накоплено 0 ₽) — судить не о чем, наблюдаем"
watch,hold,873319928,3807,"Картриджи W2120X-W2123X для принтеров HP Color LJ M554 dn, LJ M555 dn",Эксперимент1,14.5,14.5,0.0,,,,,,справочная,30,0,0.0,0.0,0.0,,0.0,,0,0.0,0.0,,,40.0000000000000000,,0,-44,0,0,,0,0,0,0,0,7,1,14.09,0.0,0,0,"кликов за неделю 0 (за всё время 1), расход 0 ₽ (накоплено 14 ₽) — судить не о чем, наблюдаем"
watch,hold,930622151,1835,"Картридж SP3500XE для Ricoh Aficio SP3500SF, SP3510DN, SP3510SF, SP3500N",Эксперимент1,14.5,14.5,0.0,,,,,,справочная,36,0,0.0,0.0,0.0,,0.0,,3,32.51,0.0,10.8,27.0000000000000000,37.0000000000000000,-10.0,36,25,0,132,6,2,7,0,0,0,6,3,32.51,0.0,0,0,"кликов за неделю 0 (за всё время 3), расход 0 ₽ (накоплено 33 ₽) — судить не о чем, наблюдаем"
watch,hold,930622151,1835,"Картридж SP3500XE для Ricoh Aficio SP3500SF, SP3510DN, SP3510SF, SP3500N",от 2000 до 5000,20.93,20.93,0.0,,,,,,справочная,28,0,0.0,0.0,0.0,,0.0,,0,0.0,0.0,,27.0000000000000000,37.0000000000000000,-10.0,36,25,0,132,6,2,7,0,0,0,6,0,0.0,0.0,0,0,"кликов за неделю 0 (за всё время 0), расход 0 ₽ (накоплено 0 ₽) — судить не о чем, наблюдаем"
watch,hold,864224808,0745,"Картридж CE255A для принтеров HP LJ P3015, LJ Pro M521dn",от 2000 до 5000,12.0,12.0,0.0,,,,,,справочная,5,0,0.0,0.0,0.0,,0.0,,0,0.0,0.0,,149.0000000000000000,56.0000000000000000,93.0,4,-5,0,5,26,0,3,1,4008.0000,0,1,0,0.0,0.0,0,0,"кликов за неделю 0 (за всё время 0), расход 0 ₽ (накоплено 0 ₽) — судить не о чем, наблюдаем"
watch,hold,1153751469,2206,"Картридж S015327BA для принтеров Epson FX-2190, LQ-2090 черный",от 1000-2000,10.0,10.0,0.0,,,,,,справочная,24,0,0.0,0.0,0.0,,0.0,,0,0.0,0.0,,80.0000000000000000,64.0000000000000000,16.0,7,-5,0,13,22,0,5,0,0,0,0,1,10.16,0.0,0,0,"кликов за неделю 0 (за всё время 1), расход 0 ₽ (накоплено 10 ₽) — судить не о чем, наблюдаем"
watch,hold,1153668799,1731,"Картридж 70C8HK0 для принтеров Lexmark CS310, CS410, CS510 черный",от 2000 до 5000,12.0,12.0,0.0,,,,,,справочная,38,0,0.0,0.0,0.0,,0.0,,0,0.0,0.0,,60.0000000000000000,58.0000000000000000,2.0,12,-1,0,16,5,2,11,0,0,0,0,2,21.78,0.0,0,0,"кликов за неделю 0 (за всё время 2), расход 0 ₽ (накоплено 22 ₽) — судить не о чем, наблюдаем"
watch,hold,874375498,4276,"Картридж W2413A для принтеров HP Color LaserJet Pro M155a, Color LaserJet Pro M155nw пурпурный",Эксперимент1,8.0,8.0,0.0,,,,,,справочная,65,0,0.0,0.0,0.0,,0.0,,0,0.0,0.0,,96.0000000000000000,122.0000000000000000,-26.0,9,6,0,9,14,0,9,0,0,0,0,0,0.0,0.0,0,0,"кликов за неделю 0 (за всё время 0), расход 0 ₽ (накоплено 0 ₽) — судить не о чем, наблюдаем"
watch,hold,930625283,0724,"Картридж CF210X для принтеров HP LJ Pro Color M251n, LJ Pro Color M251nw черный",Эксперимент1,14.0,14.0,0.0,,,,,,справочная,60,0,0.0,0.0,0.0,,0.0,,0,0.0,0.0,,153.0000000000000000,73.0000000000000000,80.0,4,1,0,5,55,0,4,0,0,0,1,0,0.0,0.0,0,0,"кликов за неделю 0 (за всё время 0), расход 0 ₽ (накоплено 0 ₽) — судить не о чем, наблюдаем"
watch,hold,930625283,0724,"Картридж CF210X для принтеров HP LJ Pro Color M251n, LJ Pro Color M251nw черный",от 2000 до 5000,20.93,20.93,0.0,,,,,,справочная,10,0,0.0,0.0,0.0,,0.0,,0,0.0,0.0,,153.0000000000000000,73.0000000000000000,80.0,4,1,0,5,55,0,4,0,0,0,1,0,0.0,0.0,0,0,"кликов за неделю 0 (за всё время 0), расход 0 ₽ (накоплено 0 ₽) — судить не о чем, наблюдаем"
watch,hold,866442897,1441,"Картриджи TK-8305 для принтеров Kyocera TASKalfa 3050i, TASKalfa3051i",от 10000 до 500 тыс,12.0,12.0,0.0,,,,,,справочная,34,0,0.0,0.0,0.0,,0.0,,0,0.0,0.0,,41.0000000000000000,67.0000000000000000,-26.0,34,13,0,36,2,3,15,0,0,0,1,0,0.0,0.0,100.0,0,"кликов за неделю 0 (за всё время 0), расход 0 ₽ (накоплено 0 ₽) — судить не о чем, наблюдаем"
watch,hold,1153419535,1452,Картридж PFI-703C для принтеров Canon и iPF iPF810 голубой,Эксперимент1,8.0,8.0,0.0,,,,,,справочная,0,0,0,0,0,,,,0,0,0,,,,,0,0,0,0,,0,0,0,0,0,0,0,0.0,0.0,25.0,0,"кликов за неделю 0 (за всё время 0), расход 0 ₽ (накоплено 0 ₽) — судить не о чем, наблюдаем"
watch,hold,1153409601,1260,Картридж T0597 для принтеров Epson и Stylus Photo R2400 серый,Эксперимент1,7.0,7.0,0.0,,,,,,справочная,48,0,0.0,0.0,0.0,,0.0,,1,9.6,0.0,9.6,151.0000000000000000,30.0000000000000000,121.0,6,3,0,7,8,1,5,0,0,0,0,1,9.6,0.0,0,0,"кликов за неделю 0 (за всё время 1), расход 0 ₽ (накоплено 10 ₽) — судить не о чем, наблюдаем"
watch,hold,653392045,0682,"Картридж 1230D для принтеров Ricoh Aficio MP2000, 2015, 2016, 2020, MP1500, MP1600, 2000LN",Эксперимент1,14.0,14.0,0.0,,,,,,справочная,80,0,0.0,0.0,0.0,,0.0,,1,8.88,0.0,8.9,84.0000000000000000,31.0000000000000000,53.0,24,16,0,25,5,3,15,0,0,0,2,1,8.88,0.0,0,0,"кликов за неделю 0 (за всё время 1), расход 0 ₽ (накоплено 9 ₽) — судить не о чем, наблюдаем"
watch,hold,653392045,0682,"Картридж 1230D для принтеров Ricoh Aficio MP2000, 2015, 2016, 2020, MP1500, MP1600, 2000LN",от 1000-2000,11.0,11.0,0.0,,,,,,справочная,1,0,0.0,0.0,0.0,,0.0,,0,0.0,0.0,,84.0000000000000000,31.0000000000000000,53.0,24,16,0,25,5,3,15,0,0,0,2,0,0.0,0.0,0,0,"кликов за неделю 0 (за всё время 0), расход 0 ₽ (накоплено 0 ₽) — судить не о чем, наблюдаем"
watch,hold,864224801,0728,Картриджи CF210X-CF213A для принтера hp laserjet pro 200 m251n,Вне РК — спрос без рекламы (08.08),21.96,21.96,0.0,,,,,,справочная,0,0,0,0,0,,,,0,0,0,,,,,0,0,0,0,,0,0,0,0,0,0,0,0,0,0,0,"кликов за неделю 0 (за всё время 0), расход 0 ₽ (накоплено 0 ₽) — судить не о чем, наблюдаем"
watch,hold,1220706269,5241,"Картридж 069H для принтеров Canon i-SENSYS LBP673Cdw, MF752Cdw, MF754Cdw пурпурный",Эксперимент1,9.0,9.0,0.0,,,,,,справочная,42,0,0.0,0.0,0.0,,0.0,,0,0.0,0.0,,104.0000000000000000,79.0000000000000000,25.0,15,-2,0,3416,69,0,6,0,0,0,0,0,0.0,0.0,0,0,"кликов за неделю 0 (за всё время 0), расход 0 ₽ (накоплено 0 ₽) — судить не о чем, наблюдаем"
watch,hold,873314195,3710,"Фотобарабан DK-1200 DU для принтеров Kyocera EcoSys M2235, M2735dn, M2835, P2335 черный",Эксперимент1,8.0,8.0,0.0,,,,,,справочная,17,0,0.0,0.0,0.0,,0.0,,1,6.29,0.0,6.3,106.0000000000000000,91.0000000000000000,15.0,12,-8,0,3214,14,0,10,0,0,0,0,1,6.29,0.0,0,0,"кликов за неделю 0 (за всё время 1), расход 0 ₽ (накоплено 6 ₽) — судить не о чем, наблюдаем"
watch,hold,863393318,0112,"Картридж TN-3170 для принтеров Brother DCP-8060, DCP 8065DN, HL-5240, HL-5250DN, HL 5270DN, MFC-8460N, MFC 8860DN черный",Эксперимент1,12.89,12.89,0.0,,,,,,справочная,104,0,0.0,0.0,0.0,,0.0,,0,0.0,0.0,,12.0000000000000000,11.0000000000000000,1.0,47,3,0,90,10,1,1,0,0,0,1,0,0.0,0.0,0,0,"кликов за неделю 0 (за всё время 0), расход 0 ₽ (накоплено 0 ₽) — судить не о чем, наблюдаем"
watch,hold,652626682,1458,"Картридж PGI-470XLBk для принтеров Canon Pixma MG5740, Pixma MG6840 черный",от 0 до 1000,13.0,13.0,0.0,,,,,,справочная,71,0,0.0,0.0,0.0,,0.0,,0,0.0,0.0,,61.0000000000000000,87.0000000000000000,-26.0,75,-3,0,91,4,1,15,0,0,0,6,1,14.91,0.0,25.0,1,"кликов за неделю 0 (за всё время 1), расход 0 ₽ (накоплено 15 ₽) — судить не о чем, наблюдаем"
watch,hold,930634320,3152,"Картриджи TN-241 для принтеров Brother DCP-9020cdw, HL-3140cw, HL 3150, HL3170CDW, MFC-9140, MFC-9330",от 5000 до 10000,25.77,25.77,0.0,,,,,,справочная,23,0,0.0,0.0,0.0,,0.0,,0,0.0,0.0,,93.0000000000000000,88.0000000000000000,5.0,30,8,0,4537,13,0,15,0,0,0,6,0,0.0,0.0,0,0,"кликов за неделю 0 (за всё время 0), расход 0 ₽ (накоплено 0 ₽) — судить не о чем, наблюдаем"
watch,hold,930617062,0783,"Картридж CF350A для принтеров HP и Color LJ Pro M176n, LJ Pro M177fw черный",Эксперимент1,8.0,8.0,0.0,,,,,,справочная,14,0,0.0,0.0,0.0,,0.0,,0,0.0,0.0,,43.0000000000000000,212.0000000000000000,-169.0,9,6,0,12,7,1,9,0,0,0,2,0,0.0,0.0,0,0,"кликов за неделю 0 (за всё время 0), расход 0 ₽ (накоплено 0 ₽) — судить не о чем, наблюдаем"
watch,hold,930617062,0783,"Картридж CF350A для принтеров HP и Color LJ Pro M176n, LJ Pro M177fw черный",от 1000-2000,18.0,18.0,0.0,,,,,,справочная,28,0,0.0,0.0,0.0,,0.0,,0,0.0,0.0,,43.0000000000000000,212.0000000000000000,-169.0,9,6,0,12,7,1,9,0,0,0,2,0,0.0,0.0,0,0,"кликов за неделю 0 (за всё время 0), расход 0 ₽ (накоплено 0 ₽) — судить не о чем, наблюдаем"
watch,hold,873319621,4137,"Картридж W1120A для принтеров HP Color Laser 150a, Laser 178nw черный",Эксперимент1,12.89,12.89,0.0,,,,,,справочная,26,0,0.0,0.0,0.0,,0.0,,1,13.58,0.0,13.6,78.0000000000000000,57.0000000000000000,21.0,21,11,0,46,20,0,15,0,0,0,1,1,13.58,0.0,0,1,"кликов за неделю 0 (за всё время 1), расход 0 ₽ (накоплено 14 ₽) — судить не о чем, наблюдаем"
watch,hold,1167177839,2985,"Фотобарабан CLT-R404 DU для принтеров Samsung SL-C430, SL-C480 черный",Вне РК — спрос без рекламы (08.08),21.96,21.96,0.0,,,,,,справочная,0,0,0,0,0,,,,0,0,0,,,,,0,0,0,0,,0,0,0,0,0,0,0,0,0,0,0,"кликов за неделю 0 (за всё время 0), расход 0 ₽ (накоплено 0 ₽) — судить не о чем, наблюдаем"
watch,hold,1153797054,2886,"Картридж C-EXV49Y для принтеров Canon iR Advance C3320, iR Advance C3325 желтый",Эксперимент1,8.0,8.0,0.0,,,,,,справочная,23,0,0.0,0.0,0.0,,0.0,,2,2.0,0.0,1.0,79.0000000000000000,94.0000000000000000,-15.0,38,22,0,3475,6,1,10,0,0,0,2,3,11.66,0.0,0,0,"кликов за неделю 0 (за всё время 3), расход 0 ₽ (накоплено 12 ₽) — судить не о чем, наблюдаем"
watch,hold,1153670788,1799,"Картридж 44059108 для принтеров OKI C810, C830 черный",Эксперимент1,8.0,8.0,0.0,,,,,,справочная,17,0,0.0,0.0,0.0,,0.0,,0,0.0,0.0,,,100.0000000000000000,,0,-4,0,0,,0,0,0,0,0,0,0,0.0,0.0,0,0,"кликов за неделю 0 (за всё время 0), расход 0 ₽ (накоплено 0 ₽) — судить не о чем, наблюдаем"
watch,hold,652531143,0156,"Картридж T0921 для принтеров Epson и Stylus C240, Stylus C91 черный",от 0 до 1000,10.0,10.0,0.0,,,,,,справочная,11,0,0.0,0.0,0.0,,0.0,,0,0.0,0.0,,94.0000000000000000,79.0000000000000000,15.0,13,2,0,13,13,0,11,0,0,0,0,0,0.0,0.0,0,0,"кликов за неделю 0 (за всё время 0), расход 0 ₽ (накоплено 0 ₽) — судить не о чем, наблюдаем"
watch,hold,984584401,4727,Картридж 106R03771 для принтеров Xerox и VersaLink C7000 пурпурный,Пустые РК,12.0,12.0,0.0,,,,,,справочная,0,0,0,0,0,,,,0,0,0,,,,,0,0,0,0,,0,0,0,0,0,1,0,0,0,0,0,"кликов за неделю 0 (за всё время 0), расход 0 ₽ (накоплено 0 ₽) — судить не о чем, наблюдаем"
watch,hold,652999911,1469,"Картридж LC-1280XY для принтеров Brother MFC-J5910DW, MFC J6510 желтый",от 0 до 1000,12.0,12.0,0.0,,,,,,справочная,64,0,0.0,0.0,0.0,,0.0,,2,30.70,1.0,15.3,59.0000000000000000,65.0000000000000000,-6.0,55,35,490,87,2,3,15,0,0,1,3,2,30.70,1.0,0,0,"кликов за неделю 0 (за всё время 2), расход 0 ₽ (накоплено 31 ₽) — судить не о чем, наблюдаем"
watch,hold,870873014,2765,"Картридж TK8345K XL для принтеров Kyocera TASKalfa 2552ci, TASKalfa 2553 черный",от 2000 до 5000,19.33,19.33,0.0,,,,,,справочная,15,0,0.0,0.0,0.0,,0.0,,0,0.0,0.0,,45.0000000000000000,77.0000000000000000,-32.0,14,-17,0,3408,5,2,13,0,0,0,1,1,14.03,0.0,0,0,"кликов за неделю 0 (за всё время 1), расход 0 ₽ (накоплено 14 ₽) — судить не о чем, наблюдаем"
watch,hold,907648865,3850,"Чернила №101BK для принтеров Epson и L 4160, L-4167, L 6170, L 6190, L-14150, L4150, L-6160 черный",Эксперимент1,8.0,8.0,0.0,,,,,,справочная,22,0,0.0,0.0,0.0,,0.0,,0,0.0,0.0,,178.0000000000000000,122.0000000000000000,56.0,31,4,0,457,22,0,15,0,0,0,3,0,0.0,0.0,0,0,"кликов за неделю 0 (за всё время 0), расход 0 ₽ (накоплено 0 ₽) — судить не о чем, наблюдаем"
watch,hold,907648865,3850,"Чернила №101BK для принтеров Epson и L 4160, L-4167, L 6170, L 6190, L-14150, L4150, L-6160 черный",от 0 до 1000,12.0,12.0,0.0,,,,,,справочная,21,0,0.0,0.0,0.0,,0.0,,0,0.0,0.0,,178.0000000000000000,122.0000000000000000,56.0,31,4,0,457,22,0,15,0,0,0,3,0,0.0,0.0,0,0,"кликов за неделю 0 (за всё время 0), расход 0 ₽ (накоплено 0 ₽) — судить не о чем, наблюдаем"
watch,hold,652454513,3901,"Картридж №912XL Y для принтеров HP OfficeJet 8012, OfficeJet8013 желтый",Эксперимент1,7.0,7.0,0.0,,,,,,справочная,36,0,0.0,0.0,0.0,,0.0,,0,0.0,0.0,,78.0000000000000000,58.0000000000000000,20.0,12,6,0,3406,3,1,12,0,0,0,1,0,0.0,0.0,0,0,"кликов за неделю 0 (за всё время 0), расход 0 ₽ (накоплено 0 ₽) — судить не о чем, наблюдаем"
watch,hold,1153792188,2865,"Картридж №727 для принтеров HP DesignJet T1500, DJ-T1530, DJ T2500, DJT2530, DJ T920 черный матовый",Эксперимент1,8.0,8.0,0.0,,,,,,справочная,31,0,0.0,0.0,0.0,,0.0,,0,0.0,0.0,,168.0000000000000000,173.0000000000000000,-5.0,12,3,0,12,72,0,8,0,0,0,0,0,0.0,0.0,0,0,"кликов за неделю 0 (за всё время 0), расход 0 ₽ (накоплено 0 ₽) — судить не о чем, наблюдаем"
watch,hold,904484070,3908,"Картридж W2070A для принтеров HP Color Laser 150a, HP Color Laser 150nw черный",Эксперимент1,12.89,12.89,0.0,,,,,,справочная,33,0,0.0,0.0,0.0,,0.0,,0,0.0,0.0,,154.0000000000000000,146.0000000000000000,8.0,18,0,0,1113,8,1,15,0,0,0,1,0,0.0,0.0,0,0,"кликов за неделю 0 (за всё время 0), расход 0 ₽ (накоплено 0 ₽) — судить не о чем, наблюдаем"
watch,hold,904484070,3908,"Картридж W2070A для принтеров HP Color Laser 150a, HP Color Laser 150nw черный",от 2000 до 5000,22.54,22.54,0.0,,,,,,справочная,12,0,0.0,0.0,0.0,,0.0,,0,0.0,0.0,,154.0000000000000000,146.0000000000000000,8.0,18,0,0,1113,8,1,15,0,0,0,1,0,0.0,0.0,0,0,"кликов за неделю 0 (за всё время 0), расход 0 ₽ (накоплено 0 ₽) — судить не о чем, наблюдаем"
watch,hold,930607919,2894,"Картридж 842125 для принтеров Ricoh Aficio MP 3055, 2555, 3054, 3355, 3554, 3555, MP 2554, 3554",от 2000 до 5000,15.0,15.0,0.0,,,,,,справочная,13,0,0.0,0.0,0.0,,0.0,,0,0.0,0.0,,49.0000000000000000,39.0000000000000000,10.0,16,-2,0,19,4,4,10,0,0,0,3,0,0.0,0.0,0,0,"кликов за неделю 0 (за всё время 0), расход 0 ₽ (накоплено 0 ₽) — судить не о чем, наблюдаем"
watch,hold,653277979,1235,"Картридж LC985M для принтеров Brother DCP-J125, DCP J140W, MFC-J220, MFCJ265W пурпурный",от 0 до 1000,11.0,11.0,0.0,,,,,,справочная,18,0,0.0,0.0,0.0,,0.0,,0,0.0,0.0,,59.0000000000000000,84.0000000000000000,-25.0,25,12,0,38,7,3,15,0,0,0,1,0,0.0,0.0,0,0,"кликов за неделю 0 (за всё время 0), расход 0 ₽ (накоплено 0 ₽) — судить не о чем, наблюдаем"
watch,hold,1155651345,3910,"Картридж W2031A для принтеров HP Color LaserJet M454dn, LJ Pro M454dw, M480f, M479dw, M479fdw голубой",от 2000 до 5000,13.0,13.0,0.0,,,,,,справочная,10,0,0.0,0.0,0.0,,0.0,,0,0.0,0.0,,110.0000000000000000,64.0000000000000000,46.0,21,10,0,384,15,0,15,0,0,0,5,0,0.0,0.0,0,0,"кликов за неделю 0 (за всё время 0), расход 0 ₽ (накоплено 0 ₽) — судить не о чем, наблюдаем"
watch,hold,652356516,0741,"Картридж Q6001A для принтеров HP Color LaserJet 1600, LJ 2600, LJ-2605, LJ CM1015, LJCM1017 голубой",Эксперимент1,14.5,14.5,0.0,,,,,,справочная,62,0,0.0,0.0,0.0,,0.0,,0,0.0,0.0,,60.0000000000000000,88.0000000000000000,-28.0,17,-2,0,1310,7,1,15,0,0,0,1,0,0.0,0.0,0,0,"кликов за неделю 0 (за всё время 0), расход 0 ₽ (накоплено 0 ₽) — судить не о чем, наблюдаем"
watch,hold,651911758,0027,"Картридж CE505X для принтеров HP LaserJet P2055, LJP2050",Эксперимент1,9.0,9.0,0.0,,,,,,справочная,9,0,0.0,0.0,0.0,,0.0,,0,0.0,0.0,,89.0000000000000000,104.0000000000000000,-15.0,6,-6,0,3421,17,0,5,0,0,0,0,0,0.0,0.0,0,0,"кликов за неделю 0 (за всё время 0), расход 0 ₽ (накоплено 0 ₽) — судить не о чем, наблюдаем"
watch,hold,651911758,0027,"Картридж CE505X для принтеров HP LaserJet P2055, LJP2050",от 2000 до 5000,13.0,13.0,0.0,,,,,,справочная,8,0,0.0,0.0,0.0,,0.0,,0,0.0,0.0,,89.0000000000000000,104.0000000000000000,-15.0,6,-6,0,3421,17,0,5,0,0,0,0,0,0.0,0.0,0,0,"кликов за неделю 0 (за всё время 0), расход 0 ₽ (накоплено 0 ₽) — судить не о чем, наблюдаем"
watch,hold,930622287,2357,"Картридж CF256A для принтеров HP LaserJet M433, LJ M436n, LJ M436nda",Эксперимент1,12.89,12.89,0.0,,,,,,справочная,103,0,0.0,0.0,0.0,,0.0,,1,4.0,0.0,4.0,72.0000000000000000,57.0000000000000000,15.0,30,8,0,57,7,2,15,0,0,0,2,3,25.02,0.0,0,0,"кликов за неделю 0 (за всё время 3), расход 0 ₽ (накоплено 25 ₽) — судить не о чем, наблюдаем"
watch,hold,930622287,2357,"Картридж CF256A для принтеров HP LaserJet M433, LJ M436n, LJ M436nda",от 2000 до 5000,19.33,19.33,0.0,,,,,,справочная,2,0,0.0,0.0,0.0,,0.0,,0,0.0,0.0,,72.0000000000000000,57.0000000000000000,15.0,30,8,0,57,7,2,15,0,0,0,2,0,0.0,0.0,0,0,"кликов за неделю 0 (за всё время 0), расход 0 ₽ (накоплено 0 ₽) — судить не о чем, наблюдаем"
watch,hold,930626356,3195,"Картридж 054H Y для принтеров Canon i-SENSYS LBP-620, LBP 621, MF-640, MF641, MF 642, MF-643, MF 644, MF645 желтый",Эксперимент1,13.0,13.0,0.0,,,,,,справочная,42,0,0.0,0.0,0.0,,0.0,,0,0.0,0.0,,47.0000000000000000,76.0000000000000000,-29.0,6,2,0,7,10,1,5,0,0,0,1,0,0.0,0.0,0,2,"кликов за неделю 0 (за всё время 0), расход 0 ₽ (накоплено 0 ₽) — судить не о чем, наблюдаем"
watch,hold,651929068,53354,Картридж для Canon i-SENSYS MF4018,Эксперимент1,16.1,16.1,0.0,,,,,,справочная,38,0,0.0,0.0,0.0,,0.0,,0,0.0,0.0,,61.0000000000000000,47.0000000000000000,14.0,58,-3,0,255,14,0,15,0,0,2,16,3,47.40,0.0,0,1,"кликов за неделю 0 (за всё время 3), расход 0 ₽ (накоплено 47 ₽) — судить не о чем, наблюдаем"
watch,hold,652576729,0820,"Картридж CLI-451M для принтеров Canon Pixma iP7240, Pixma iP8740 пурпурный",Эксперимент1,7.0,7.0,0.0,,,,,,справочная,27,0,0.0,0.0,0.0,,0.0,,1,6.74,0.0,6.7,110.0000000000000000,104.0000000000000000,6.0,12,-1,0,11,39,0,3,0,0,0,0,2,13.31,0.0,0,0,"кликов за неделю 0 (за всё время 2), расход 0 ₽ (накоплено 13 ₽) — судить не о чем, наблюдаем"
watch,hold,652551532,3756,"Чернила GI-490C для принтеров Canon Pixma G1400, PixmaG1410 голубой",Эксперимент1,7.0,7.0,0.0,,,,,,справочная,37,0,0.0,0.0,0.0,,0.0,,0,0.0,0.0,,134.0000000000000000,171.0000000000000000,-37.0,30,-6,0,69,30,0,13,0,0,0,2,1,8.49,0.0,0,0,"кликов за неделю 0 (за всё время 1), расход 0 ₽ (накоплено 8 ₽) — судить не о чем, наблюдаем"
watch,hold,930607321,1212,"Картридж TK-895Y для принтеров Kyocera FS-C8020MFP, FS C8025MFP, FSC8520MFP, FS-C8525MFP желтый",Эксперимент1,14.5,14.5,0.0,,,,,,справочная,44,0,0.0,0.0,0.0,,0.0,,0,0.0,0.0,,237.0000000000000000,24.0000000000000000,213.0,10,-2,0,9,6,2,10,0,0,0,3,0,0.0,0.0,0,0,"кликов за неделю 0 (за всё время 0), расход 0 ₽ (накоплено 0 ₽) — судить не о чем, наблюдаем"
watch,hold,653317961,1106,"Картридж 106R02310 для принтеров Xerox WorkCentre 3315, WC 3325",от 2000 до 5000,12.0,12.0,0.0,,,,,,справочная,6,0,0.0,0.0,0.0,,0.0,,0,0.0,0.0,,111.0000000000000000,86.0000000000000000,25.0,10,1,0,14,31,0,10,0,0,0,3,0,0.0,0.0,0,0,"кликов за неделю 0 (за всё время 0), расход 0 ₽ (накоплено 0 ₽) — судить не о чем, наблюдаем"
watch,hold,653328792,0042,"Картридж CLP-Y300A для принтеров Samsung и CLP-300N, CLX-2160, CLX 3160FN желтый",от 1000-2000,12.0,12.0,0.0,,,,,,справочная,25,0,0.0,0.0,0.0,,0.0,,2,24.19,0.0,12.1,63.0000000000000000,42.0000000000000000,21.0,28,-4,0,30,29,0,4,0,0,0,0,2,24.19,0.0,0,0,"кликов за неделю 0 (за всё время 2), расход 0 ₽ (накоплено 24 ₽) — судить не о чем, наблюдаем"
watch,hold,653454403,2400,"Картридж TK-5270BK для принтеров Kyocera и EcoSys M6230cidn, M6630cidn черный",Эксперимент1,12.89,12.89,0.0,,,,,,справочная,77,0,0.0,0.0,0.0,,0.0,,2,13.63,0.0,6.8,44.0000000000000000,79.0000000000000000,-35.0,72,49,3076,7038,3,2,14,0,0,1,4,2,13.63,0.0,0,0,"кликов за неделю 0 (за всё время 2), расход 0 ₽ (накоплено 14 ₽) — судить не о чем, наблюдаем"
watch,hold,653454403,2400,"Картридж TK-5270BK для принтеров Kyocera и EcoSys M6230cidn, M6630cidn черный",от 2000 до 5000,19.33,19.33,0.0,,,,,,справочная,23,0,0.0,0.0,0.0,,0.0,,1,5.31,1.0,5.3,44.0000000000000000,79.0000000000000000,-35.0,72,49,3076,7038,3,2,14,0,0,1,4,1,5.31,1.0,0,0,"кликов за неделю 0 (за всё время 1), расход 0 ₽ (накоплено 5 ₽) — судить не о чем, наблюдаем"
watch,hold,906877367,3174,Картридж C-EXV54M для принтеров Canon ImageRunner C3025 пурпурный,от 2000 до 5000,12.0,12.0,0.0,,,,,,справочная,8,0,0.0,0.0,0.0,,0.0,,0,0.0,0.0,,58.0000000000000000,175.0000000000000000,-117.0,8,4,0,12,28,0,6,0,0,0,0,0,0.0,0.0,0,0,"кликов за неделю 0 (за всё время 0), расход 0 ₽ (накоплено 0 ₽) — судить не о чем, наблюдаем"
watch,hold,866443038,1553,"Картридж C2P26AE для принтеров HP OfficeJet Pro 6230, OfficeJet Pro 6830 желтый",Эксперимент1,8.0,8.0,0.0,,,,,,справочная,18,0,0.0,0.0,0.0,,0.0,,0,0.0,0.0,,84.0000000000000000,78.0000000000000000,6.0,23,9,0,33,27,0,15,0,0,0,2,0,0.0,0.0,0,2,"кликов за неделю 0 (за всё время 0), расход 0 ₽ (накоплено 0 ₽) — судить не о чем, наблюдаем"
watch,hold,873319852,3891,"Картридж LC-3239XLBK для принтеров Brother HL-J6000DW, MFC-J5945DW, MFC J6945 черный",Эксперимент1,14.5,14.5,0.0,,,,,,справочная,27,0,0.0,0.0,0.0,,0.0,,0,0.0,0.0,,88.0000000000000000,60.0000000000000000,28.0,3,-2,0,3,,0,0,0,0,0,1,0,0.0,0.0,0,0,"кликов за неделю 0 (за всё время 0), расход 0 ₽ (накоплено 0 ₽) — судить не о чем, наблюдаем"
watch,hold,873319852,3891,"Картридж LC-3239XLBK для принтеров Brother HL-J6000DW, MFC-J5945DW, MFC J6945 черный",от 2000 до 5000,20.93,20.93,0.0,,,,,,справочная,21,0,0.0,0.0,0.0,,0.0,,0,0.0,0.0,,88.0000000000000000,60.0000000000000000,28.0,3,-2,0,3,,0,0,0,0,0,1,0,0.0,0.0,0,0,"кликов за неделю 0 (за всё время 0), расход 0 ₽ (накоплено 0 ₽) — судить не о чем, наблюдаем"
watch,hold,984583314,4716,"Фотобарабан 108R01121 BK DU для принтеров Xerox Phaser 6600, VersaLink C400, VersaLinkC405, WC 6605, WC 6655 черный",от 10000 до 500 тыс,13.0,13.0,0.0,,,,,,справочная,9,0,0.0,0.0,0.0,,0.0,,0,0.0,0.0,,80.0000000000000000,37.0000000000000000,43.0,6,-7,0,7,40,0,6,0,0,0,0,0,0.0,0.0,0,0,"кликов за неделю 0 (за всё время 0), расход 0 ₽ (накоплено 0 ₽) — судить не о чем, наблюдаем"
watch,hold,874377484,4309,"Картридж TN-328K для принтеров Konica Minolta Bizhub C250i, C300i, C360i черный",Эксперимент1,14.5,14.5,0.0,,,,,,справочная,65,0,0.0,0.0,0.0,,0.0,,0,0.0,0.0,,53.0000000000000000,45.0000000000000000,8.0,18,-3,0,3410,4,2,15,0,0,0,3,0,0.0,0.0,0,0,"кликов за неделю 0 (за всё время 0), расход 0 ₽ (накоплено 0 ₽) — судить не о чем, наблюдаем"
watch,hold,930617859,3150,"Картридж TN-241M для принтеров Brother DCP-9020cdw, HL-3140cw, HL 3150, HL3170CDW, MFC-9140, MFC-9330 пурпурный",Вне РК — спрос без рекламы (08.08),21.96,21.96,0.0,,,,,,справочная,0,0,0,0,0,,,,0,0,0,,,,,0,0,0,0,,0,0,0,0,0,0,0,0,0,0,0,"кликов за неделю 0 (за всё время 0), расход 0 ₽ (накоплено 0 ₽) — судить не о чем, наблюдаем"
watch,hold,870872436,2363,"Картридж CF413X для принтеров HP LJ Color Pro M377dw, M452dn, M452nw, M477fdn, M477fdw пурпурный",от 2000 до 5000,20.93,20.93,0.0,,,,,,справочная,6,0,0.0,0.0,0.0,,0.0,,0,0.0,0.0,,146.0000000000000000,144.0000000000000000,2.0,3,1,0,3,,0,0,0,0,0,1,0,0.0,0.0,0,0,"кликов за неделю 0 (за всё время 0), расход 0 ₽ (накоплено 0 ₽) — судить не о чем, наблюдаем"
watch,hold,863385855,0029,Картридж Q7553X для принтеров HP LaserJet P2015 черный,Эксперимент1,8.0,8.0,0.0,,,,,,справочная,20,0,0.0,0.0,0.0,,0.0,,0,0.0,0.0,,61.0000000000000000,38.0000000000000000,23.0,6,-1,0,5,15,0,6,0,0,0,0,0,0.0,0.0,0,0,"кликов за неделю 0 (за всё время 0), расход 0 ₽ (накоплено 0 ₽) — судить не о чем, наблюдаем"
watch,hold,653067261,1236,"Картридж LC985Y для принтеров Brother DCP-J125, DCP J140W, MFC-J220, MFCJ265W желтый",от 0 до 1000,11.0,11.0,0.0,,,,,,справочная,16,0,0.0,0.0,0.0,,0.0,,0,0.0,0.0,,51.0000000000000000,93.0000000000000000,-42.0,18,2,0,31,10,1,4,0,0,0,1,0,0.0,0.0,0,0,"кликов за неделю 0 (за всё время 0), расход 0 ₽ (накоплено 0 ₽) — судить не о чем, наблюдаем"
watch,hold,866443918,2146,"Картридж SP4500HE для принтеров Ricoh SP 4510DN, SP 4510SF черный",от 2000 до 5000,20.93,20.93,0.0,,,,,,справочная,29,0,0.0,0.0,0.0,,0.0,,0,0.0,0.0,,28.0000000000000000,114.0000000000000000,-86.0,13,2,0,3475,3,1,5,0,0,0,6,0,0.0,0.0,0,0,"кликов за неделю 0 (за всё время 0), расход 0 ₽ (накоплено 0 ₽) — судить не о чем, наблюдаем"
watch,hold,1001297456,4802,"Картридж PC-211EV XL для принтеров M6500, M6506NW, M6607, P2200, P2207, P2500, P2507 черный",Эксперимент1,14.5,14.5,0.0,,,,,,справочная,40,0,0.0,0.0,0.0,,0.0,,0,0.0,0.0,,249.0000000000000000,160.0000000000000000,89.0,21,2,0,87,12,0,15,0,0,0,1,0,0.0,0.0,0,0,"кликов за неделю 0 (за всё время 0), расход 0 ₽ (накоплено 0 ₽) — судить не о чем, наблюдаем"
watch,hold,653028005,3110,"Картридж LC-3619XLC для принтеров Brother MFC-J2330, MFC J2730 голубой",Вне РК — спрос без рекламы (08.08),15.0,15.0,0.0,,,,,,справочная,0,0,0,0,0,,,,0,0,0,,,,,0,0,0,0,,0,0,0,0,0,0,0,0,0,0,0,"кликов за неделю 0 (за всё время 0), расход 0 ₽ (накоплено 0 ₽) — судить не о чем, наблюдаем"
watch,hold,930613006,0473,"Картридж S050630 для принтеров Epson AcuLaser 2900, CX29 черный",Эксперимент1,9.0,9.0,0.0,,,,,,справочная,32,0,0.0,0.0,0.0,,0.0,,0,0.0,0.0,,55.0000000000000000,68.0000000000000000,-13.0,1,-3,0,1,,0,0,0,0,0,0,0,0.0,0.0,0,0,"кликов за неделю 0 (за всё время 0), расход 0 ₽ (накоплено 0 ₽) — судить не о чем, наблюдаем"
watch,hold,1153803205,2986,"Фотобарабан CLT-R406 DU для принтеров Samsung CLP-360, CLP 365, CLX-3300, CLX3305, SL-C410, SL-C460",Вне РК — спрос без рекламы (08.08),21.96,21.96,0.0,,,,,,справочная,0,0,0,0,0,,,,0,0,0,,,,,0,0,0,0,,0,0,0,0,0,0,0,0,0,0,0,"кликов за неделю 0 (за всё время 0), расход 0 ₽ (накоплено 0 ₽) — судить не о чем, наблюдаем"
watch,hold,1153750954,2125,"Картридж T-2507E для принтеров Toshiba и e-Studio 2006, e Studio 2007, eStudio 2506 черный",Эксперимент1,8.0,8.0,0.0,,,,,,справочная,8,0,0.0,0.0,0.0,,0.0,,0,0.0,0.0,,98.0000000000000000,51.0000000000000000,47.0,13,4,0,30,2,3,11,0,0,0,0,0,0.0,0.0,0,0,"кликов за неделю 0 (за всё время 0), расход 0 ₽ (накоплено 0 ₽) — судить не о чем, наблюдаем"
watch,hold,1153750954,2125,"Картридж T-2507E для принтеров Toshiba и e-Studio 2006, e Studio 2007, eStudio 2506 черный",от 2000 до 5000,12.0,12.0,0.0,,,,,,справочная,17,0,0.0,0.0,0.0,,0.0,,0,0.0,0.0,,98.0000000000000000,51.0000000000000000,47.0,13,4,0,30,2,3,11,0,0,0,0,0,0.0,0.0,0,0,"кликов за неделю 0 (за всё время 0), расход 0 ₽ (накоплено 0 ₽) — судить не о чем, наблюдаем"
watch,hold,651909718,23554,"Картридж для Canon i-SENSYS MF-421dw, MF-426dw, MF 428x, MF429x, LBP-212dw, LBP-214dw",Вне РК — спрос без рекламы (08.08),21.96,21.96,0.0,,,,,,справочная,76,0,0.0,0.0,0.0,,0.0,,0,0.0,0.0,,67.0000000000000000,50.0000000000000000,17.0,11,4,0,9,3,1,9,1,3465.0000,0,4,0,0.0,0.0,0,0,"кликов за неделю 0 (за всё время 0), расход 0 ₽ (накоплено 0 ₽) — судить не о чем, наблюдаем"
watch,hold,652576864,1488,"Картридж PGI-2400XLC для принтеров Canon и MAXIFY iB4040, iB4140, MB5040, MB5140 голубой",Эксперимент1,7.0,7.0,0.0,,,,,,справочная,36,0,0.0,0.0,0.0,,0.0,,0,0.0,0.0,,80.0000000000000000,49.0000000000000000,31.0,25,3,0,28,72,0,1,0,0,0,1,0,0.0,0.0,0,0,"кликов за неделю 0 (за всё время 0), расход 0 ₽ (накоплено 0 ₽) — судить не о чем, наблюдаем"
watch,hold,930626149,3118,"Картриджи LC-665XL-669XL для принтеров Brother MFC-J2320, MFC-J2720",Вне РК — спрос без рекламы (08.08),21.96,21.96,0.0,,,,,,справочная,0,0,0,0,0,,,,0,0,0,,,,,0,0,0,0,,0,0,0,0,0,0,0,0,0,0,0,"кликов за неделю 0 (за всё время 0), расход 0 ₽ (накоплено 0 ₽) — судить не о чем, наблюдаем"
watch,hold,873320171,3843,"Чернила BT5000Y для принтеров Brother DCP-T300, DCP T310, MFC-T800, MFC-T810 желтый",Эксперимент1,6.0,6.0,0.0,,,,,,справочная,56,0,0.0,0.0,0.0,,0.0,,0,0.0,0.0,,119.0000000000000000,59.0000000000000000,60.0,13,-3,0,40,18,0,12,0,0,0,1,2,11.27,0.0,0,0,"кликов за неделю 0 (за всё время 2), расход 0 ₽ (накоплено 11 ₽) — судить не о чем, наблюдаем"
watch,hold,930622451,2451,"Фотобарабан 50F0Z00 для принтеров Lexmark LaserPrinter MS317, MS310, MS410, MS415, MS510, MS511, MS610, MS617 MX317 MX410 MX417 MX510 MX511 MX611 MX617 черный",от 5000 до 10000,12.0,12.0,0.0,,,,,,справочная,53,0,0.0,0.0,0.0,,0.0,,0,0.0,0.0,,54.0000000000000000,98.0000000000000000,-44.0,50,10,0,158,2,2,15,0,0,0,0,0,0.0,0.0,0,0,"кликов за неделю 0 (за всё время 0), расход 0 ₽ (накоплено 0 ₽) — судить не о чем, наблюдаем"
watch,hold,930615195,1072,"Картридж AR-455 для принтеров Sharp AR-M351N, AR-M451N черный",Эксперимент1,9.0,9.0,0.0,,,,,,справочная,0,0,0,0,0,,,,0,0,0,,,,,0,0,0,0,,0,0,0,0,0,1,0,0,0,0,0,"кликов за неделю 0 (за всё время 0), расход 0 ₽ (накоплено 0 ₽) — судить не о чем, наблюдаем"
watch,hold,930623151,0121,"Картридж TK-420 для принтеров Kyocera KM-1635, KM-1650, KM 2020, KM2035, KM-2050, KM2550, KM 1620",от 2000 до 5000,12.0,12.0,0.0,,,,,,справочная,13,0,0.0,0.0,0.0,,0.0,,0,0.0,0.0,,90.0000000000000000,90.0000000000000000,0.0,10,-11,0,16,52,0,1,0,0,0,0,0,0.0,0.0,0,0,"кликов за неделю 0 (за всё время 0), расход 0 ₽ (накоплено 0 ₽) — судить не о чем, наблюдаем"
watch,hold,652687877,2111,"Картридж MX23GTBA для принтеров Sharp MX-1810U, MX 2010U, MX2310U, MX-2314, MX2614, MX 3110U, MX 3114 черный",Эксперимент1,8.0,8.0,0.0,,,,,,справочная,26,0,0.0,0.0,0.0,,0.0,,0,0.0,0.0,,56.0000000000000000,68.0000000000000000,-12.0,6,2,0,7,,0,0,0,0,0,0,0,0.0,0.0,0,0,"кликов за неделю 0 (за всё время 0), расход 0 ₽ (накоплено 0 ₽) — судить не о чем, наблюдаем"
watch,hold,866443107,1344,"Картридж 006R01464 для принтеров Xerox WorkCentre 7120, WC-7125, WC 7220, WC7225 голубой",Эксперимент1,8.0,8.0,0.0,,,,,,справочная,113,0,0.0,0.0,0.0,,0.0,,0,0.0,0.0,,176.0000000000000000,58.0000000000000000,118.0,4,-2,0,4,,0,0,0,0,0,0,1,7.74,0.0,0,0,"кликов за неделю 0 (за всё время 1), расход 0 ₽ (накоплено 8 ₽) — судить не о чем, наблюдаем"
watch,hold,652454473,2157,"Картридж CF540X для принтеров HP LaserJet M254dw, LJ M280nw, LJ Pro Color M281fdn черный",Эксперимент1,10.0,10.0,0.0,,,,,,справочная,25,0,0.0,0.0,0.0,,0.0,,0,0.0,0.0,,47.0000000000000000,46.0000000000000000,1.0,9,0,0,9,217,0,1,0,0,0,0,1,7.62,0.0,0,0,"кликов за неделю 0 (за всё время 1), расход 0 ₽ (накоплено 8 ₽) — судить не о чем, наблюдаем"
watch,hold,930613804,2981,"Картридж 106R03747M для принтеров Xerox VersaLink C7020, VersaLinkC7025 пурпурный",Эксперимент1,8.0,8.0,0.0,,,,,,справочная,10,0,0.0,0.0,0.0,,0.0,,0,0.0,0.0,,145.0000000000000000,82.0000000000000000,63.0,3,1,0,3,,0,0,0,0,0,0,0,0.0,0.0,0,0,"кликов за неделю 0 (за всё время 0), расход 0 ₽ (накоплено 0 ₽) — судить не о чем, наблюдаем"
watch,hold,863422768,4230,"Картридж 006R01646 XL для принтеров Xerox Versant 180, Versant 80 черный",от 10000 до 500 тыс,13.0,13.0,0.0,,,,,,справочная,1,0,0.0,0.0,0.0,,0.0,,0,0,0,,,,,0,0,0,0,,0,0,0,0,0,0,0,0.0,0.0,0,0,"кликов за неделю 0 (за всё время 0), расход 0 ₽ (накоплено 0 ₽) — судить не о чем, наблюдаем"
watch,hold,930615543,1274,"Картриджи LC567XL-LC565XL для принтеров Brother MFC-J2310, MFC-J2510",от 2000 до 5000,12.0,12.0,0.0,,,,,,справочная,2,0,0.0,0.0,0.0,,0.0,,0,0.0,0.0,,,88.0000000000000000,,0,-10,0,0,,0,0,0,0,0,0,0,0.0,0.0,0,0,"кликов за неделю 0 (за всё время 0), расход 0 ₽ (накоплено 0 ₽) — судить не о чем, наблюдаем"
watch,hold,652549165,1479,Картридж CLI-526BK Canon черный совместимый,от 0 до 1000,11.0,11.0,0.0,,,,,,справочная,0,0,0,0,0,,,,0,0,0,,,,,0,0,0,0,,0,0,0,0,0,0,0,0,0,0,0,"кликов за неделю 0 (за всё время 0), расход 0 ₽ (накоплено 0 ₽) — судить не о чем, наблюдаем"
watch,hold,930621980,1237,"Картриджи LC985 для принтеров Brother DCP-J125, DCP J140W, MFC-J220, MFCJ265W",Эксперимент1,8.0,8.0,0.0,,,,,,справочная,22,0,0.0,0.0,0.0,,0.0,,0,0.0,0.0,,105.0000000000000000,130.0000000000000000,-25.0,15,5,0,27,16,0,14,0,0,0,1,0,0.0,0.0,0,0,"кликов за неделю 0 (за всё время 0), расход 0 ₽ (накоплено 0 ₽) — судить не о чем, наблюдаем"
watch,hold,652576770,1481,Картридж CLI-526Y Canon желтый совместимый,от 0 до 1000,12.0,12.0,0.0,,,,,,справочная,44,0,0.0,0.0,0.0,,0.0,,4,40.97,1.0,10.2,54.0000000000000000,51.0000000000000000,3.0,88,43,200,453,4,2,14,0,0,1,4,4,40.97,1.0,76.0,1,"кликов за неделю 0 (за всё время 4), расход 0 ₽ (накоплено 41 ₽) — судить не о чем, наблюдаем"
watch,hold,653317592,1367,"Картридж 106R02773 для Xerox WorkCentre 3025, Phaser 3020BI, Xerox Phaser 3020, WC-3025",от 2000 до 5000,12.0,12.0,0.0,,,,,,справочная,35,0,0.0,0.0,0.0,,0.0,,0,0.0,0.0,,64.0000000000000000,76.0000000000000000,-12.0,43,-8,0,82,2,3,9,0,0,0,1,1,27.47,0.0,0,0,"кликов за неделю 0 (за всё время 1), расход 0 ₽ (накоплено 27 ₽) — судить не о чем, наблюдаем"
watch,hold,930617286,2371,"Картридж MP-2014H для принтеров Ricoh Aficio MP-2014D, IM 2701, IM-2702",Эксперимент1,12.89,12.89,0.0,,,,,,справочная,43,0,0.0,0.0,0.0,,0.0,,0,0.0,0.0,,34.0000000000000000,36.0000000000000000,-2.0,6,-4,0,5,22,0,3,0,0,1,6,0,0.0,0.0,0,0,"кликов за неделю 0 (за всё время 0), расход 0 ₽ (накоплено 0 ₽) — судить не о чем, наблюдаем"
watch,hold,873313025,3359,"Картридж №991XL для принтеров HP PageWide 755dn, PW 779dn, PW Color 774dn, PW Pro 750dw, PW Pro 772dn черный",от 10000 до 500 тыс,13.0,13.0,0.0,,,,,,справочная,14,0,0.0,0.0,0.0,,0.0,,0,0.0,0.0,,38.0000000000000000,47.0000000000000000,-9.0,20,0,0,20,11,0,2,0,0,0,0,0,0.0,0.0,0,0,"кликов за неделю 0 (за всё время 0), расход 0 ₽ (накоплено 0 ₽) — судить не о чем, наблюдаем"
watch,hold,873313746,3656,"Картридж C2500HBk для принтеров Ricoh IM C2500, IM-C2000 черный",Эксперимент1,8.0,8.0,0.0,,,,,,справочная,21,0,0.0,0.0,0.0,,0.0,,0,0.0,0.0,,115.0000000000000000,53.0000000000000000,62.0,6,1,0,3421,26,0,5,0,0,0,2,0,0.0,0.0,0,0,"кликов за неделю 0 (за всё время 0), расход 0 ₽ (накоплено 0 ₽) — судить не о чем, наблюдаем"
watch,hold,873313746,3656,"Картридж C2500HBk для принтеров Ricoh IM C2500, IM-C2000 черный",от 2000 до 5000,13.0,13.0,0.0,,,,,,справочная,4,0,0.0,0.0,0.0,,0.0,,0,0.0,0.0,,115.0000000000000000,53.0000000000000000,62.0,6,1,0,3421,26,0,5,0,0,0,2,0,0.0,0.0,0,0,"кликов за неделю 0 (за всё время 0), расход 0 ₽ (накоплено 0 ₽) — судить не о чем, наблюдаем"
watch,hold,904483507,3822,"Картридж SJIC22PBK для принтеров Epson ColorWorks C3500, TM-C3500 черный",от 2000 до 5000,12.0,12.0,0.0,,,,,,справочная,27,0,0.0,0.0,0.0,,0.0,,0,0.0,0.0,,26.0000000000000000,20.0000000000000000,6.0,22,-1,0,30,11,0,15,0,0,0,0,0,0.0,0.0,0,0,"кликов за неделю 0 (за всё время 0), расход 0 ₽ (накоплено 0 ₽) — судить не о чем, наблюдаем"
watch,hold,653301822,3117,"Картридж LC-665XLY для принтеров Brother MFC-J2320, MFC-J2720 желтый",Эксперимент1,8.0,8.0,0.0,,,,,,справочная,46,0,0.0,0.0,0.0,,0.0,,0,0.0,0.0,,48.0000000000000000,25.0000000000000000,23.0,12,-19,1022,3652,3,1,12,1,3497.0000,1,4,4,44.93,0.0,0,0,"кликов за неделю 0 (за всё время 4), расход 0 ₽ (накоплено 45 ₽) — судить не о чем, наблюдаем"
watch,hold,930614936,2980,"Картридж 106R03746 для принтеров Xerox VersaLink C7020, VersaLinkC7025 желтый",Эксперимент1,8.0,8.0,0.0,,,,,,справочная,5,0,0.0,0.0,0.0,,0.0,,0,0.0,0.0,,112.0000000000000000,82.0000000000000000,30.0,4,1,0,4,,0,0,0,0,0,0,0,0.0,0.0,0,0,"кликов за неделю 0 (за всё время 0), расход 0 ₽ (накоплено 0 ₽) — судить не о чем, наблюдаем"
watch,hold,930621760,2390,"Картридж TN-423M для принтеров Brother и DCP-L8410CDW, HL-L8260CDW, HL L8360CDW, MFC-L8690CDW, MFCL8900CDW пурпурный",Эксперимент1,16.1,16.1,0.0,,,,,,справочная,58,0,0.0,0.0,0.0,,0.0,,2,18.08,0.0,9.0,42.0000000000000000,47.0000000000000000,-5.0,8,-8,0,15,21,0,4,0,0,0,1,2,18.08,0.0,0,0,"кликов за неделю 0 (за всё время 2), расход 0 ₽ (накоплено 18 ₽) — судить не о чем, наблюдаем"
watch,hold,652597871,0927,"Картридж T2621XL для принтеров Epson Expression XP 710, XP 510, XP 600, XP 605, XP 700, XP 800, XP 810",от 0 до 1000,12.0,12.0,0.0,,,,,,справочная,56,0,0.0,0.0,0.0,,0.0,,1,25.23,0.0,25.2,67.0000000000000000,38.0000000000000000,29.0,58,-22,0,80,1,2,15,2,1586.0000,1,8,4,57.90,0.0,0,0,"кликов за неделю 0 (за всё время 4), расход 0 ₽ (накоплено 58 ₽) — судить не о чем, наблюдаем"
watch,hold,873320062,3892,"Картридж LC-3239XLC для принтеров Brother HL-J6000DW, MFC-J5945DW, MFC J6945 голубой",Эксперимент1,8.0,8.0,0.0,,,,,,справочная,29,0,0.0,0.0,0.0,,0.0,,0,0.0,0.0,,61.0000000000000000,52.0000000000000000,9.0,4,-4,0,4,,0,0,0,0,0,0,0,0.0,0.0,0,0,"кликов за неделю 0 (за всё время 0), расход 0 ₽ (накоплено 0 ₽) — судить не о чем, наблюдаем"
watch,hold,1153216251,0460,"Фотобарабан S051099 DU для принтеров Epson AcuLaser EPL-6200, M1200 черный",от 5000 до 10000,19.33,19.33,0.0,,,,,,справочная,41,0,0.0,0.0,0.0,,0.0,,1,12.18,0.0,12.2,50.0000000000000000,43.0000000000000000,7.0,36,5,0,3652,5,4,15,0,0,0,2,1,12.18,0.0,0,0,"кликов за неделю 0 (за всё время 1), расход 0 ₽ (накоплено 12 ₽) — судить не о чем, наблюдаем"
watch,hold,870872471,2283,"Картриджи 106R02763-106R02760 для принтеров Xerox Phaser 6020, Phaser6022, WC 6025, WC6027",от 2000 до 5000,19.33,19.33,0.0,,,,,,справочная,7,0,0.0,0.0,0.0,,0.0,,0,0.0,0.0,,61.0000000000000000,183.0000000000000000,-122.0,12,-5,0,6695,4,4,11,0,0,0,1,0,0.0,0.0,0,0,"кликов за неделю 0 (за всё время 0), расход 0 ₽ (накоплено 0 ₽) — судить не о чем, наблюдаем"
watch,hold,874377399,4308,"Картридж TN-328C для принтеров Konica Minolta Bizhub C250i, C300i, C360i голубой",Эксперимент1,8.0,8.0,0.0,,,,,,справочная,43,0,0.0,0.0,0.0,,0.0,,1,13.8,0.0,13.8,88.0000000000000000,33.0000000000000000,55.0,30,5,0,42,13,0,4,0,0,0,1,1,13.8,0.0,0,0,"кликов за неделю 0 (за всё время 1), расход 0 ₽ (накоплено 14 ₽) — судить не о чем, наблюдаем"
watch,hold,1167177870,3147,Картриджи 106R02606-106R02612 для принтеров Xerox Phaser 7100,Эксперимент1,12.89,12.89,0.0,,,,,,справочная,59,0,0.0,0.0,0.0,,0.0,,0,0,0,,,48.0000000000000000,,0,-17,0,0,,0,0,0,0,0,1,0,0.0,0.0,0,0,"кликов за неделю 0 (за всё время 0), расход 0 ₽ (накоплено 0 ₽) — судить не о чем, наблюдаем"
watch,hold,873313634,3382,"Картридж TNP-46 для принтеров Konica Minolta Bizhub 4050, Bizhub 4750 черный",Эксперимент1,12.89,12.89,0.0,,,,,,справочная,35,0,0.0,0.0,0.0,,0.0,,0,0.0,0.0,,248.0000000000000000,93.0000000000000000,155.0,4,-9,0,3,,0,0,0,0,0,1,0,0.0,0.0,0,0,"кликов за неделю 0 (за всё время 0), расход 0 ₽ (накоплено 0 ₽) — судить не о чем, наблюдаем"
watch,hold,864225693,1282,"Картридж CF413A для принтеров HP LJ Color Pro M377dw, M452dn, M452nw, M477fdn, M477fdw пурпурный",Эксперимент1,8.0,8.0,0.0,,,,,,справочная,33,0,0.0,0.0,0.0,,0.0,,0,0.0,0.0,,127.0000000000000000,53.0000000000000000,74.0,6,4,0,8,39,0,4,0,0,0,1,0,0.0,0.0,0,0,"кликов за неделю 0 (за всё время 0), расход 0 ₽ (накоплено 0 ₽) — судить не о чем, наблюдаем"
watch,hold,984584467,4732,Картридж TN-227M для принтеров Konica Minolta Bizhub C257i пурпурный,Вне РК — спрос без рекламы (08.08),21.96,21.96,0.0,,,,,,справочная,0,0,0,0,0,,,,0,0,0,,,,,0,0,0,0,,0,0,0,0,0,0,0,0,0,0,0,"кликов за неделю 0 (за всё время 0), расход 0 ₽ (накоплено 0 ₽) — судить не о чем, наблюдаем"
watch,hold,652357181,0814,"Картридж CE322A для принтеров HP и LJ Pro Color CM1415fn, LJ Pro Color CP1525n желтый",от 2000 до 5000,12.0,12.0,0.0,,,,,,справочная,14,0,0.0,0.0,0.0,,0.0,,0,0.0,0.0,,67.0000000000000000,114.0000000000000000,-47.0,12,4,0,15,10,2,10,0,0,0,0,0,0.0,0.0,0,0,"кликов за неделю 0 (за всё время 0), расход 0 ₽ (накоплено 0 ₽) — судить не о чем, наблюдаем"
watch,hold,930630542,2297,"Картридж 045H Y для принтеров Canon и i-SENSYS LBP611, LBP613, MF631cn, MF633Cdw желтый",Эксперимент1,9.0,9.0,0.0,,,,,,справочная,28,0,0.0,0.0,0.0,,0.0,,1,8.37,0.0,8.4,68.0000000000000000,347.0000000000000000,-279.0,9,2,0,11,2,1,9,0,0,0,0,1,8.37,0.0,0,0,"кликов за неделю 0 (за всё время 1), расход 0 ₽ (накоплено 8 ₽) — судить не о чем, наблюдаем"
watch,hold,3557210645,6846,"Картридж CF289A для принтеров HP LaserJet M507, LJ M528 черный",от 2000 до 5000,13.0,13.0,0.0,,,,4274.0,0.04,справочная,0,0,0,0,0,,,,0,0,0,,,,,0,0,0,0,,0,0,0,0,0,1,0,0,0,0,0,"кликов за неделю 0 (за всё время 0), расход 0 ₽ (накоплено 0 ₽) — судить не о чем, наблюдаем"
watch,hold,3557210645,6846,"Картридж CF289A для принтеров HP LaserJet M507, LJ M528 черный",Эксперимент1,8.0,8.0,0.0,,,,4274.0,0.04,справочная,0,0,0,0,0,,,,0,0,0,,,,,0,0,0,0,,0,0,0,0,0,1,0,0,0,0,0,"кликов за неделю 0 (за всё время 0), расход 0 ₽ (накоплено 0 ₽) — судить не о чем, наблюдаем"
watch,hold,4489629899,14562,Картридж для Canon Pixma MP220,Эксперимент1,12.89,12.89,0.0,28.2,15.3,14.4,14996.0,0.02,справочная,109,0,0.0,0.0,0.0,,0.0,,0,0.0,0.0,,,172.0000000000000000,,0,-18,0,0,,0,0,0,0,0,1,1,6.39,0.0,0,0,"кликов за неделю 0 (за всё время 1), расход 0 ₽ (накоплено 6 ₽) — судить не о чем, наблюдаем"
watch,hold,1769947633,4671,Картриджи CTL-1100HK - CTL-1100HY,Эксперимент1,8.0,8.0,0.0,,,,13782.0,0.02,справочная,0,0,0,0,0,,,,0,0,0,,,,,0,0,0,0,,0,0,0,0,0,2,0,0,0,0,0,"кликов за неделю 0 (за всё время 0), расход 0 ₽ (накоплено 0 ₽) — судить не о чем, наблюдаем"
watch,hold,1153912581,3909,"Картридж W2030A для принтеров HP Color LaserJet M454dn, LJ Pro M454dw, M480f, M479dw, M479fdw черный",от 2000 до 5000,32.21,32.21,0.0,25.3,-6.9,21.7,3787.0,0.04,справочная,20,0,0.0,0.0,0.0,,0.0,,0,0.0,0.0,,97.0000000000000000,62.0000000000000000,35.0,56,5,0,241,4,2,15,0,0,0,19,1,3.01,0.0,0,0,"кликов за неделю 0 (за всё время 1), расход 0 ₽ (накоплено 3 ₽) — судить не о чем, наблюдаем"
watch,hold,651991822,13803,"Картридж для HP LaserJet Ultra M106w, LJ Ultra M134a, LJ Ultra M134fn",Вне РК — спрос без рекламы (08.08),15.0,15.0,0.0,6.9,-8.1,13.1,1695.0,0.05,справочная,0,0,0,0,0,,,,0,0,0,,,,,0,0,0,0,,0,0,0,0,0,0,0,0,0,0,0,"кликов за неделю 0 (за всё время 0), расход 0 ₽ (накоплено 0 ₽) — судить не о чем, наблюдаем"
watch,hold,652356537,0812,"Картридж CE320A для принтеров HP и LJ Pro Color CM1415fn, LJ Pro Color CP1525n черный",Эксперимент1,8.0,8.0,0.0,24.0,16.0,20.1,3969.0,0.04,справочная,25,0,0.0,0.0,0.0,,0.0,,0,0.0,0.0,,293.0000000000000000,93.0000000000000000,200.0,10,7,0,3403,11,0,8,0,0,0,0,0,0.0,0.0,0,0,"кликов за неделю 0 (за всё время 0), расход 0 ₽ (накоплено 0 ₽) — судить не о чем, наблюдаем"
watch,hold,652456628,0002,"Картридж Q2612A для принтеров HP LaserJet 1022, LaserJet 1020, LJ 1010, LJ 1012, LJ 1015, LJ 1018",Эксперимент1,14.5,14.5,0.0,13.2,-1.3,18.4,2463.0,0.04,справочная,35,0,0.0,0.0,0.0,,0.0,,0,0.0,0.0,,97.0000000000000000,115.0000000000000000,-18.0,28,-2,0,1050,33,0,15,0,0,0,1,0,0.0,0.0,0,1,"кликов за неделю 0 (за всё время 0), расход 0 ₽ (накоплено 0 ₽) — судить не о чем, наблюдаем"
watch,hold,652456628,0002,"Картридж Q2612A для принтеров HP LaserJet 1022, LaserJet 1020, LJ 1010, LJ 1012, LJ 1015, LJ 1018",от 1000-2000,19.33,19.33,0.0,13.2,-6.1,18.4,2463.0,0.04,справочная,27,0,0.0,0.0,0.0,,0.0,,0,0.0,0.0,,97.0000000000000000,115.0000000000000000,-18.0,28,-2,0,1050,33,0,15,0,0,0,1,0,0.0,0.0,0,1,"кликов за неделю 0 (за всё время 0), расход 0 ₽ (накоплено 0 ₽) — судить не о чем, наблюдаем"
watch,hold,652454498,5354,"Картридж CB436A для принтеров HP LaserJet M1120, LJ M1522, LJ P1505",от 1000-2000,19.0,19.0,0.0,10.7,-8.3,17.2,2196.0,0.04,справочная,21,0,0.0,0.0,0.0,,0.0,,0,0.0,0.0,,135.0000000000000000,100.0000000000000000,35.0,10,-6,0,4419,10,1,10,0,0,0,1,0,0.0,0.0,0,0,"кликов за неделю 0 (за всё время 0), расход 0 ₽ (накоплено 0 ₽) — судить не о чем, наблюдаем"
watch,hold,652554835,0797,"Картридж 177C для принтеров HP PhotoSmart 3110, PhotoSmart 3200 голубой",от 0 до 1000,10.0,10.0,0.0,3.1,-6.9,11.6,790.0,0.06,справочная,23,0,0.0,0.0,0.0,,0.0,,0,0.0,0.0,,169.0000000000000000,52.0000000000000000,117.0,14,7,0,17,9,1,14,0,0,0,0,0,0.0,0.0,0,0,"кликов за неделю 0 (за всё время 0), расход 0 ₽ (накоплено 0 ₽) — судить не о чем, наблюдаем"
watch,hold,652454626,0328,"Картридж 178XL для принтеров HP PhotoSmart B109c, DeskJet 3070A, PhotoSmart 5510, PhotoSmart Plus B210b, DeskJet 3070A",от 0 до 1000,10.0,10.0,0.0,4.1,-5.9,13.2,827.0,0.06,справочная,82,0,0.0,0.0,0.0,,0.0,,2,24.63,0.0,12.3,44.0000000000000000,47.0000000000000000,-3.0,158,-38,0,412,20,0,15,2,1640.0000,0,31,5,38.89,0.0,0,0,"кликов за неделю 0 (за всё время 5), расход 0 ₽ (накоплено 39 ₽) — судить не о чем, наблюдаем"
watch,hold,652453602,1377,"Картридж CF218A для принтеров HP LaserJet Pro M104w, LJ M133, LJ M132fw, LJet M104a",от 1000-2000,13.0,13.0,0.0,8.2,-4.8,13.8,1858.0,0.05,справочная,19,0,0.0,0.0,0.0,,0.0,,0,0.0,0.0,,82.0000000000000000,58.0000000000000000,24.0,13,-11,0,15,10,1,8,0,0,0,7,1,25.72,0.0,0,1,"кликов за неделю 0 (за всё время 1), расход 0 ₽ (накоплено 26 ₽) — судить не о чем, наблюдаем"
watch,hold,652488021,2186,"Картридж 953XLY для принтеров HP OfficeJet Pro 7720, OfficeJet Pro 7730 желтый",Эксперимент1,7.0,7.0,0.0,11.6,4.6,18.6,1700.0,0.05,справочная,36,0,0.0,0.0,0.0,,0.0,,0,0.0,0.0,,80.0000000000000000,73.0000000000000000,7.0,19,-2,0,21,22,0,15,0,0,0,7,0,0.0,0.0,0,0,"кликов за неделю 0 (за всё время 0), расход 0 ₽ (накоплено 0 ₽) — судить не о чем, наблюдаем"
watch,hold,652453608,2153,"Картридж CF541A для принтеров HP LaserJet Pro Color M254dw, LJ Pro Color M280nw голубой",Эксперимент1,14.5,14.5,0.0,18.9,4.4,20.7,3005.0,0.04,справочная,57,0,0.0,0.0,0.0,,0.0,,0,0.0,0.0,,47.0000000000000000,67.0000000000000000,-20.0,4,-2,0,258,7,1,4,0,0,0,1,3,25.80,0.0,0,0,"кликов за неделю 0 (за всё время 3), расход 0 ₽ (накоплено 26 ₽) — судить не о чем, наблюдаем"
watch,hold,703477557,1264,"Картридж T0793 для принтеров Epson Stylus Photo 1400, Stylus Photo 1500W пурпурный",Эксперимент1,6.0,6.0,0.0,0.0,-6.0,-5.2,716.0,0.06,справочная,17,0,0.0,0.0,0.0,,0.0,,0,0.0,0.0,,101.0000000000000000,66.0000000000000000,35.0,21,-8,0,21,2,4,15,0,0,0,2,1,8.94,0.0,0,0,"кликов за неделю 0 (за всё время 1), расход 0 ₽ (накоплено 9 ₽) — судить не о чем, наблюдаем"
watch,hold,906495720,1262,"Картридж T0791 для принтеров Epson Stylus Photo PX830FWD, Stylus Photo 1400",от 0 до 1000,12.0,12.0,0.0,11.8,-0.2,31.2,753.0,0.06,справочная,13,0,0.0,0.0,0.0,,0.0,,3,25.67,1.0,8.6,36.0000000000000000,45.0000000000000000,-9.0,121,79,733,245,3,3,15,1,753.0000,2,9,4,28.30,3.0,0,0,"кликов за неделю 0 (за всё время 4), расход 0 ₽ (накоплено 28 ₽) — судить не о чем, наблюдаем"
watch,hold,652599840,0937,Картридж T5595 для принтеров Epson Stylus Photo RX700 светло-голубой,от 0 до 1000,10.0,10.0,0.0,4.6,-5.4,13.7,1046.0,0.05,справочная,31,0,0.0,0.0,0.0,,0.0,,0,0.0,0.0,,29.0000000000000000,32.0000000000000000,-3.0,44,13,0,126,9,2,15,0,0,0,1,1,8.27,0.0,0,0,"кликов за неделю 0 (за всё время 1), расход 0 ₽ (накоплено 8 ₽) — судить не о чем, наблюдаем"
watch,hold,652621010,0132,"Картридж CLI-521C для принтеров Canon и Pixma iP3600, Pixma iP4600 голубой",от 0 до 1000,10.0,10.0,0.0,0.0,-10.0,4.7,567.0,0.06,справочная,25,0,0.0,0.0,0.0,,0.0,,3,28.14,0.0,9.4,63.0000000000000000,58.0000000000000000,5.0,61,39,0,110,3,5,15,0,0,0,1,3,28.14,0.0,0,0,"кликов за неделю 0 (за всё время 3), расход 0 ₽ (накоплено 28 ₽) — судить не о чем, наблюдаем"
watch,hold,652586720,3049,"Картридж CLI-481XXLM для принтеров Canon Pixma TR7540, Pixma TR8540 пурпурный",Эксперимент1,7.0,7.0,0.0,4.1,-2.9,12.5,909.0,0.06,справочная,15,0,0.0,0.0,0.0,,0.0,,0,0.0,0.0,,63.0000000000000000,129.0000000000000000,-66.0,9,0,0,26,10,1,9,0,0,0,1,0,0.0,0.0,0,0,"кликов за неделю 0 (за всё время 0), расход 0 ₽ (накоплено 0 ₽) — судить не о чем, наблюдаем"
watch,hold,652576922,1486,"Картридж PGI-1400XLY для принтеров Canon MAXIFY MB2040, MB2050 желтый",Эксперимент1,9.0,9.0,0.0,5.6,-3.4,15.7,1055.0,0.05,справочная,51,0,0.0,0.0,0.0,,0.0,,1,6.84,0.0,6.8,86.0000000000000000,56.0000000000000000,30.0,30,3,0,30,30,0,2,0,0,0,1,1,6.84,0.0,0,0,"кликов за неделю 0 (за всё время 1), расход 0 ₽ (накоплено 7 ₽) — судить не о чем, наблюдаем"
watch,hold,653122493,3534,"Картридж TN-910BK для принтеров Brother и HL-L9310, MFC-L9570 черный",Эксперимент1,22.54,22.54,0.0,19.9,-2.6,21.7,2974.0,0.04,справочная,74,0,0.0,0.0,0.0,,0.0,,0,0.0,0.0,,36.0000000000000000,147.0000000000000000,-111.0,16,-2,0,17,4,1,9,0,0,0,3,0,0.0,0.0,0,0,"кликов за неделю 0 (за всё время 0), расход 0 ₽ (накоплено 0 ₽) — судить не о чем, наблюдаем"
watch,hold,653122493,3534,"Картридж TN-910BK для принтеров Brother и HL-L9310, MFC-L9570 черный",от 2000 до 5000,25.77,25.77,0.0,19.9,-5.9,21.7,2974.0,0.04,справочная,7,0,0.0,0.0,0.0,,0.0,,0,0,0,,36.0000000000000000,147.0000000000000000,-111.0,16,-2,0,17,4,1,9,0,0,0,3,0,0.0,0.0,0,0,"кликов за неделю 0 (за всё время 0), расход 0 ₽ (накоплено 0 ₽) — судить не о чем, наблюдаем"
watch,hold,653128299,3700,"Фотобарабан DR-213CL для принтеров Brother DCP-L3550CDW, HL-L3230CDW, MFC-L3770CDW цветной",Эксперимент1,8.0,8.0,0.0,17.5,9.5,19.7,2975.0,0.04,справочная,28,0,0.0,0.0,0.0,,0.0,,0,0.0,0.0,,66.0000000000000000,101.0000000000000000,-35.0,28,16,0,45,10,1,4,0,0,0,0,0,0.0,0.0,0,0,"кликов за неделю 0 (за всё время 0), расход 0 ₽ (накоплено 0 ₽) — судить не о чем, наблюдаем"
watch,hold,652997543,0248,"Картридж для Brother DCP-7057R, DCP-7057WR, HL-2132R",Эксперимент1,8.0,8.0,0.0,16.5,8.5,23.0,2291.0,0.04,справочная,22,0,0.0,0.0,0.0,,0.0,,0,0.0,0.0,,406.0000000000000000,86.0000000000000000,320.0,3,1,0,5,127,0,2,0,0,0,2,0,0.0,0.0,0,0,"кликов за неделю 0 (за всё время 0), расход 0 ₽ (накоплено 0 ₽) — судить не о чем, наблюдаем"
watch,hold,653123869,1230,"Картридж LC565XLY для принтеров Brother MFC-J2310, MFC J2510 желтый",Эксперимент1,7.0,7.0,0.0,4.6,-2.4,14.2,1003.0,0.05,справочная,12,0,0.0,0.0,0.0,,0.0,,0,0.0,0.0,,79.0000000000000000,84.0000000000000000,-5.0,8,4,0,10,90,0,2,0,0,0,0,0,0.0,0.0,0,0,"кликов за неделю 0 (за всё время 0), расход 0 ₽ (накоплено 0 ₽) — судить не о чем, наблюдаем"
watch,hold,653348663,0619,"Фотобарабан 113R00670 DU для принтеров Xerox Phaser 5500, Phaser 5550 черный",от 10000 до 500 тыс,19.33,19.33,0.0,29.1,9.8,13.2,17716.0,0.02,справочная,6,0,0.0,0.0,0.0,,0.0,,0,0.0,0.0,,86.0000000000000000,83.0000000000000000,3.0,3,-3,0,3,,0,0,0,0,0,1,0,0.0,0.0,0,0,"кликов за неделю 0 (за всё время 0), расход 0 ₽ (накоплено 0 ₽) — судить не о чем, наблюдаем"
watch,hold,653317967,3672,Картридж 106R03766 для принтеров Xerox VersaLink C7000 желтый,Эксперимент1,10.0,10.0,0.0,15.8,5.8,13.7,4552.0,0.04,справочная,30,0,0.0,0.0,0.0,,0.0,,0,0.0,0.0,,66.0000000000000000,83.0000000000000000,-17.0,5,-10,0,8,27,0,5,0,0,0,9,0,0.0,0.0,0,0,"кликов за неделю 0 (за всё время 0), расход 0 ₽ (накоплено 0 ₽) — судить не о чем, наблюдаем"
watch,hold,653346972,2344,"Картридж 106R03693 для принтеров Xerox Phaser 6510, WC 6515 голубой",Эксперимент1,14.5,14.5,0.0,18.7,4.2,21.4,2854.0,0.04,справочная,57,0,0.0,0.0,0.0,,0.0,,0,0.0,0.0,,93.0000000000000000,98.0000000000000000,-5.0,9,-5,0,302,66,0,4,0,0,0,1,0,0.0,0.0,0,0,"кликов за неделю 0 (за всё время 0), расход 0 ₽ (накоплено 0 ₽) — судить не о чем, наблюдаем"
watch,hold,653325375,1327,"Картридж CLT-C404S для принтеров Samsung SL-C430, SL C430W, SLC480, SL-C480FW, SLC480W голубой",Эксперимент1,11.0,11.0,0.0,19.1,8.1,20.2,3137.0,0.04,справочная,35,0,0.0,0.0,0.0,,0.0,,0,0.0,0.0,,154.0000000000000000,73.0000000000000000,81.0,15,14,0,6768,18,0,5,0,0,0,1,0,0.0,0.0,0,0,"кликов за неделю 0 (за всё время 0), расход 0 ₽ (накоплено 0 ₽) — судить не о чем, наблюдаем"
watch,hold,653324823,0274,"Картридж MLT-D101S для принтеров Samsung SCX-3405, SCX-3407, SF-760P, ML-2160, ML 2161, ML2162, ML-2165, ML2167, ML 2168, SCX-3400",Эксперимент1,12.89,12.89,0.0,14.7,1.8,17.8,2868.0,0.04,справочная,71,0,0.0,0.0,0.0,,0.0,,0,0.0,0.0,,120.0000000000000000,93.0000000000000000,27.0,19,-1,0,21,5,1,15,0,0,0,1,1,6.41,0.0,0,0,"кликов за неделю 0 (за всё время 1), расход 0 ₽ (накоплено 6 ₽) — судить не о чем, наблюдаем"
watch,hold,653327159,0279,"Картридж MLT-D205L для Samsung SCX-4833FR, SCX-4835, SCX 5637, ML-3300, ML-3310, ML3710, ML 3712",Эксперимент1,14.5,14.5,0.0,22.9,8.4,18.1,4370.0,0.04,справочная,24,0,0.0,0.0,0.0,,0.0,,0,0.0,0.0,,54.0000000000000000,47.0000000000000000,7.0,29,15,0,31,6,1,15,0,0,0,2,0,0.0,0.0,0,0,"кликов за неделю 0 (за всё время 0), расход 0 ₽ (накоплено 0 ₽) — судить не о чем, наблюдаем"
watch,hold,653327159,0279,"Картридж MLT-D205L для Samsung SCX-4833FR, SCX-4835, SCX 5637, ML-3300, ML-3310, ML3710, ML 3712",от 2000 до 5000,24.16,24.16,0.0,22.9,-1.3,18.1,4370.0,0.04,справочная,26,0,0.0,0.0,0.0,,0.0,,1,14.66,0.0,14.7,54.0000000000000000,47.0000000000000000,7.0,29,15,0,31,6,1,15,0,0,0,2,1,14.66,0.0,0,0,"кликов за неделю 0 (за всё время 1), расход 0 ₽ (накоплено 15 ₽) — судить не о чем, наблюдаем"
watch,hold,653390114,1323,"Картридж KX-FAT472A7 для принтеров Panasonic KX-MB2110, KX-MB2117, KX MB2120, KXMB2128, KX-MB2170, KX-MB2177, KX MB2178, KXMB2100, KX-MB2137",Эксперимент1,12.89,12.89,0.0,19.1,6.2,20.9,3002.0,0.04,справочная,70,0,0.0,0.0,0.0,,0.0,,0,0.0,0.0,,152.0000000000000000,123.0000000000000000,29.0,32,5,0,621,55,0,3,0,0,0,1,0,0.0,0.0,0,0,"кликов за неделю 0 (за всё время 0), расход 0 ₽ (накоплено 0 ₽) — судить не о чем, наблюдаем"
watch,hold,653422859,2635,"Картридж TN-221M для принтеров Konica Minolta и Bizhub C227, Bizhub C287 пурпурный",Эксперимент1,8.0,8.0,0.0,23.0,15.0,17.6,4571.0,0.04,справочная,18,0,0.0,0.0,0.0,,0.0,,0,0.0,0.0,,132.0000000000000000,179.0000000000000000,-47.0,7,-2,0,7,280,0,1,0,0,0,2,0,0.0,0.0,0,0,"кликов за неделю 0 (за всё время 0), расход 0 ₽ (накоплено 0 ₽) — судить не о чем, наблюдаем"
watch,hold,930608530,2305,"Картриджи 046H для принтеров Canon i-SENSYS LBP MF730, LBPMF732Cdw",Вне РК — спрос без рекламы (08.08),21.96,21.96,0.0,26.2,4.2,14.8,13377.0,0.02,справочная,0,0,0,0,0,,,,0,0,0,,,,,0,0,0,0,,0,0,0,0,0,0,0,0,0,0,0,"кликов за неделю 0 (за всё время 0), расход 0 ₽ (накоплено 0 ₽) — судить не о чем, наблюдаем"
watch,hold,930613714,2294,"Картридж 045H BK для принтеров Canon и i-SENSYS LBP611, LBP613, MF631cn, MF633Cdw черный",Эксперимент1,8.0,8.0,0.0,0.0,-8.0,0.6,3794.0,0.04,справочная,23,0,0.0,0.0,0.0,,0.0,,0,0.0,0.0,,89.0000000000000000,166.0000000000000000,-77.0,8,-6,0,10,86,0,2,0,0,0,3,0,0.0,0.0,0,0,"кликов за неделю 0 (за всё время 0), расход 0 ₽ (накоплено 0 ₽) — судить не о чем, наблюдаем"
watch,hold,863385754,3429,"Картридж TN-213Y для принтеров Brother и DCP-L3550, HL-L3230CDW, MFC-L3770CDW желтый",Эксперимент1,8.0,8.0,0.0,19.0,11.0,18.3,3578.0,0.04,справочная,15,0,0.0,0.0,0.0,,0.0,,1,1.0,0.0,1.0,84.0000000000000000,70.0000000000000000,14.0,26,15,0,43,14,0,11,0,0,0,0,1,1.0,0.0,0,0,"кликов за неделю 0 (за всё время 1), расход 0 ₽ (накоплено 1 ₽) — судить не о чем, наблюдаем"
watch,hold,1153647058,0071,"Картриджи 70 для принтеров HP DesignJet Z2100, DJ Z3100, DJ Z3200 набор cmyk lclm",от 10000 до 500 тыс,12.0,12.0,0.0,,,,19247.0,0.02,справочная,0,0,0,0,0,,,,0,0,0,,,,,0,0,0,0,,0,0,0,0,0,1,0,0,0,0,0,"кликов за неделю 0 (за всё время 0), расход 0 ₽ (накоплено 0 ₽) — судить не о чем, наблюдаем"
watch,hold,1153647058,0071,"Картриджи 70 для принтеров HP DesignJet Z2100, DJ Z3100, DJ Z3200 набор cmyk lclm",Эксперимент1,10.0,10.0,0.0,,,,19247.0,0.02,справочная,0,0,0,0,0,,,,0,0,0,,,,,0,0,0,0,,0,0,0,0,0,1,0,0,0,0,0,"кликов за неделю 0 (за всё время 0), расход 0 ₽ (накоплено 0 ₽) — судить не о чем, наблюдаем"
watch,hold,930613023,0079,"Картриджи T0801-T0806 для принтеров Epson Stylus Photo P50, Stylus Photo PX650 набор cmyk lclm",Вне РК — спрос без рекламы (08.08),19.0,19.0,0.0,22.5,3.5,19.4,3909.0,0.04,справочная,0,0,0,0,0,,,,0,0,0,,,,,0,0,0,0,,0,0,0,0,0,0,0,0,0,0,0,"кликов за неделю 0 (за всё время 0), расход 0 ₽ (накоплено 0 ₽) — судить не о чем, наблюдаем"
watch,hold,863389273,0109,"Картридж ML-1630 для принтеров Samsung SCX-4500, SCX-4501, ML-1630, ML 1631",от 2000 до 5000,19.33,19.33,0.0,32.3,13.0,20.1,7136.0,0.03,справочная,40,0,0.0,0.0,0.0,,0.0,,1,1.0,0.0,1.0,64.0000000000000000,64.0000000000000000,0.0,47,15,0,77,13,0,11,0,0,0,1,1,1.0,0.0,0,0,"кликов за неделю 0 (за всё время 1), расход 0 ₽ (накоплено 1 ₽) — судить не о чем, наблюдаем"
watch,hold,863386670,0160,"Картриджи T0921-T0924 для принтеров Epson Stylus C240, Stylus C91",от 2000 до 5000,12.0,12.0,0.0,17.0,5.0,20.6,2719.0,0.04,справочная,15,0,0.0,0.0,0.0,,0.0,,0,0.0,0.0,,106.0000000000000000,89.0000000000000000,17.0,13,-1,0,13,8,1,13,0,0,0,0,0,0.0,0.0,0,0,"кликов за неделю 0 (за всё время 0), расход 0 ₽ (накоплено 0 ₽) — судить не о чем, наблюдаем"
watch,hold,930609191,0238,"Картридж TK-1100 для принтеров Kyocera FS-1024MFP, FS 1110, FS1124MFP черный",от 1000-2000,11.0,11.0,0.0,9.0,-2.0,15.9,1646.0,0.05,справочная,16,0,0.0,0.0,0.0,,0.0,,0,0.0,0.0,,160.0000000000000000,51.0000000000000000,109.0,12,3,0,3337,13,0,9,0,0,0,2,0,0.0,0.0,0,0,"кликов за неделю 0 (за всё время 0), расход 0 ₽ (накоплено 0 ₽) — судить не о чем, наблюдаем"
watch,hold,873319961,3866,"Картриджи MPC406 для принтеров Ricoh Aficio MPC306, MPC307",от 10000 до 500 тыс,12.0,12.0,0.0,26.7,14.7,12.8,17119.0,0.02,справочная,0,0,0,0,0,,,,0,0.0,0.0,,,73.0000000000000000,,0,-2,0,0,,0,0,0,0,0,0,0,0.0,0.0,0,0,"кликов за неделю 0 (за всё время 0), расход 0 ₽ (накоплено 0 ₽) — судить не о чем, наблюдаем"
watch,hold,873319961,3866,"Картриджи MPC406 для принтеров Ricoh Aficio MPC306, MPC307",Эксперимент1,10.0,10.0,0.0,26.7,16.7,12.8,17119.0,0.02,справочная,16,0,0.0,0.0,0.0,,0.0,,0,0.0,0.0,,,73.0000000000000000,,0,-2,0,0,,0,0,0,0,0,0,0,0.0,0.0,0,0,"кликов за неделю 0 (за всё время 0), расход 0 ₽ (накоплено 0 ₽) — судить не о чем, наблюдаем"
watch,hold,1153214617,0398,Картридж Q5952A для принтеров HP и Color LaserJet 4700 желтый,Вне РК — спрос без рекламы (08.08),21.96,21.96,0.0,28.5,6.5,13.3,17169.0,0.02,справочная,0,0,0,0,0,,,,0,0,0,,,,,0,0,0,0,,0,0,0,0,0,0,0,0,0,0,0,"кликов за неделю 0 (за всё время 0), расход 0 ₽ (накоплено 0 ₽) — судить не о чем, наблюдаем"
watch,hold,930609264,0392,"Картридж Q3960A для принтеров HP и Color LaserJet 2550L, LJ 2820, LJ 2840 черный",Эксперимент1,8.0,8.0,0.0,26.5,18.5,20.4,5728.0,0.03,справочная,24,0,0.0,0.0,0.0,,0.0,,0,0.0,0.0,,57.0000000000000000,113.0000000000000000,-56.0,12,3,0,14,15,0,8,0,0,0,1,0,0.0,0.0,0,0,"кликов за неделю 0 (за всё время 0), расход 0 ₽ (накоплено 0 ₽) — судить не о чем, наблюдаем"
watch,hold,930609264,0392,"Картридж Q3960A для принтеров HP и Color LaserJet 2550L, LJ 2820, LJ 2840 черный",от 2000 до 5000,12.0,12.0,0.0,26.5,14.5,20.4,5728.0,0.03,справочная,3,0,0.0,0.0,0.0,,0.0,,0,0.0,0.0,,57.0000000000000000,113.0000000000000000,-56.0,12,3,0,14,15,0,8,0,0,0,1,0,0.0,0.0,0,0,"кликов за неделю 0 (за всё время 0), расход 0 ₽ (накоплено 0 ₽) — судить не о чем, наблюдаем"
watch,hold,930641469,0538,"Картридж TK-710 для принтеров Kyocera FS-9130DN, FS-9530DN черный",Эксперимент1,14.5,14.5,0.0,22.5,8.0,17.1,6208.0,0.03,справочная,32,0,0.0,0.0,0.0,,0.0,,0,0.0,0.0,,69.0000000000000000,25.0000000000000000,44.0,10,5,0,13,16,0,9,0,0,0,1,0,0.0,0.0,0,0,"кликов за неделю 0 (за всё время 0), расход 0 ₽ (накоплено 0 ₽) — судить не о чем, наблюдаем"
watch,hold,930641469,0538,"Картридж TK-710 для принтеров Kyocera FS-9130DN, FS-9530DN черный",от 2000 до 5000,20.93,20.93,0.0,22.5,1.6,17.1,6208.0,0.03,справочная,1,0,0.0,0.0,0.0,,0.0,,0,0.0,0.0,,69.0000000000000000,25.0000000000000000,44.0,10,5,0,13,16,0,9,0,0,0,1,0,0.0,0.0,0,0,"кликов за неделю 0 (за всё время 0), расход 0 ₽ (накоплено 0 ₽) — судить не о чем, наблюдаем"
watch,hold,930614195,0618,Картридж 113R00668 для принтеров Xerox Phaser 5500 черный,Эксперимент1,8.0,8.0,0.0,19.1,11.1,16.6,5494.0,0.03,справочная,9,0,0.0,0.0,0.0,,0.0,,0,0.0,0.0,,155.0000000000000000,71.0000000000000000,84.0,6,-5,0,8,124,0,1,0,0,0,0,0,0.0,0.0,0,0,"кликов за неделю 0 (за всё время 0), расход 0 ₽ (накоплено 0 ₽) — судить не о чем, наблюдаем"
watch,hold,930614195,0618,Картридж 113R00668 для принтеров Xerox Phaser 5500 черный,от 2000 до 5000,13.0,13.0,0.0,19.1,6.1,16.6,5494.0,0.03,справочная,3,0,0.0,0.0,0.0,,0.0,,0,0.0,0.0,,155.0000000000000000,71.0000000000000000,84.0,6,-5,0,8,124,0,1,0,0,0,0,0,0.0,0.0,0,0,"кликов за неделю 0 (за всё время 0), расход 0 ₽ (накоплено 0 ₽) — судить не о чем, наблюдаем"
watch,hold,1155649247,0765,Картридж CB380A для принтеров HP Color LaserJet CP6015N черный,от 5000 до 10000,12.0,12.0,0.0,25.4,13.4,13.6,9835.0,0.03,справочная,5,0,0.0,0.0,0.0,,0.0,,0,0.0,0.0,,81.0000000000000000,115.0000000000000000,-34.0,6,-4,0,1098,629,0,1,0,0,0,1,0,0.0,0.0,0,0,"кликов за неделю 0 (за всё время 0), расход 0 ₽ (накоплено 0 ₽) — судить не о чем, наблюдаем"
watch,hold,930616580,0755,"Картридж CE273A для принтеров HP Color LaserJet CP5520, LJ-CP5525 пурпурный",Эксперимент1,12.89,12.89,0.0,22.7,9.8,13.5,13377.0,0.02,справочная,37,0,0.0,0.0,0.0,,0.0,,0,0.0,0.0,,77.0000000000000000,75.0000000000000000,2.0,9,3,0,2138,27,0,7,0,0,0,1,0,0.0,0.0,0,0,"кликов за неделю 0 (за всё время 0), расход 0 ₽ (накоплено 0 ₽) — судить не о чем, наблюдаем"
watch,hold,930625454,0752,"Картридж CE250X для принтеров HP Color LaserJet CM3530, LJ CP3525dn черный",Эксперимент1,8.0,8.0,0.0,19.2,11.2,16.0,5821.0,0.03,справочная,27,0,0.0,0.0,0.0,,0.0,,0,0.0,0.0,,64.0000000000000000,69.0000000000000000,-5.0,10,-7,0,3301,13,0,2,0,0,0,1,2,14.76,0.0,0,0,"кликов за неделю 0 (за всё время 2), расход 0 ₽ (накоплено 15 ₽) — судить не о чем, наблюдаем"
watch,hold,930625072,0848,"Картриджи LC-1000 для принтеров Brother DCP-130C, DCP 150C, MFC-230C, MFC-235C",Эксперимент1,7.0,7.0,0.0,13.9,6.9,19.9,2327.0,0.04,справочная,27,0,0.0,0.0,0.0,,0.0,,1,6.84,0.0,6.8,,30.0000000000000000,,0,-14,0,0,,0,0,0,0,0,0,1,6.84,0.0,0,0,"кликов за неделю 0 (за всё время 1), расход 0 ₽ (накоплено 7 ₽) — судить не о чем, наблюдаем"
watch,hold,930613391,0809,"Картридж CE411A для принтеров HP Color LaserJet Pro 300 M351a, M375nw, HP M451dn, HP-M451dw, HPM451nw, HP MFP M475dn голубой",Эксперимент1,8.0,8.0,0.0,22.6,14.6,20.0,3763.0,0.04,справочная,21,0,0.0,0.0,0.0,,0.0,,0,0.0,0.0,,98.0000000000000000,38.0000000000000000,60.0,13,9,0,3978,26,0,4,0,0,0,1,0,0.0,0.0,0,0,"кликов за неделю 0 (за всё время 0), расход 0 ₽ (накоплено 0 ₽) — судить не о чем, наблюдаем"
watch,hold,930634276,0941,Картридж T0543 Epson пурпурный совместимый,Эксперимент1,7.0,7.0,0.0,0.0,-7.0,-22.9,419.0,0.06,справочная,33,0,0.0,0.0,0.0,,0.0,,1,6.86,0.0,6.9,83.0000000000000000,87.0000000000000000,-4.0,27,5,0,2835,2,2,14,0,0,0,1,4,27.30,0.0,0,0,"кликов за неделю 0 (за всё время 4), расход 0 ₽ (накоплено 27 ₽) — судить не о чем, наблюдаем"
watch,hold,930641288,0868,"Картридж TK-580C для принтеров Kyocera и FS-C5150DN, ECOSYS P6021CDN голубой",Эксперимент1,8.0,8.0,0.0,20.5,12.5,17.7,4038.0,0.04,справочная,17,0,0.0,0.0,0.0,,0.0,,0,0.0,0.0,,127.0000000000000000,86.0000000000000000,41.0,8,-3,0,282,14,0,8,0,0,0,1,0,0.0,0.0,0,0,"кликов за неделю 0 (за всё время 0), расход 0 ₽ (накоплено 0 ₽) — судить не о чем, наблюдаем"
watch,hold,930630903,0869,"Картридж TK-580M для принтеров Kyocera и FS-C5150DN, ECOSYS P6021CDN пурпурный",Эксперимент1,10.0,10.0,0.0,12.9,2.9,17.6,2568.0,0.04,справочная,43,0,0.0,0.0,0.0,,0.0,,0,0.0,0.0,,49.0000000000000000,46.0000000000000000,3.0,25,9,0,58,8,5,15,0,0,0,1,0,0.0,0.0,0,0,"кликов за неделю 0 (за всё время 0), расход 0 ₽ (накоплено 0 ₽) — судить не о чем, наблюдаем"
watch,hold,864225137,0964,"Картридж 72C для принтеров HP и Designjet T1100, DJ T1200, DJ T1300 голубой",Эксперимент1,10.0,10.0,0.0,18.7,8.7,16.6,4026.0,0.04,справочная,45,0,0.0,0.0,0.0,,0.0,,0,0.0,0.0,,128.0000000000000000,240.0000000000000000,-112.0,23,2,0,293,14,0,14,0,0,0,0,0,0.0,0.0,0,0,"кликов за неделю 0 (за всё время 0), расход 0 ₽ (накоплено 0 ₽) — судить не о чем, наблюдаем"
watch,hold,864225009,1000,"Картридж 44469752 для принтеров OKI C510, C511, C530, C531, MC561, MC562 желтый",Эксперимент1,8.0,8.0,0.0,20.7,12.7,17.2,4241.0,0.04,справочная,26,0,0.0,0.0,0.0,,0.0,,0,0.0,0.0,,101.0000000000000000,46.0000000000000000,55.0,6,-2,0,26,18,0,6,0,0,0,0,0,0.0,0.0,0,0,"кликов за неделю 0 (за всё время 0), расход 0 ₽ (накоплено 0 ₽) — судить не о чем, наблюдаем"
watch,hold,864225394,0981,"Фотобарабан 44574302 DU для принтеров OKI Data-B411, Data B431, MB461",от 5000 до 10000,19.33,19.33,0.0,25.4,6.1,16.1,7631.0,0.03,справочная,35,0,0.0,0.0,0.0,,0.0,,0,0.0,0.0,,62.0000000000000000,31.0000000000000000,31.0,30,-15,0,3713,3,1,15,0,0,0,1,0,0.0,0.0,0,0,"кликов за неделю 0 (за всё время 0), расход 0 ₽ (накоплено 0 ₽) — судить не о чем, наблюдаем"
watch,hold,864225656,1078,"Картридж 006R01517 для принтеров Xerox WorkCentre 7525, WC 7530, WC-7535, WC 7545 черный",от 2000 до 5000,13.0,13.0,0.0,18.1,5.1,15.7,5630.0,0.03,справочная,5,0,0.0,0.0,0.0,,0.0,,0,0.0,0.0,,98.0000000000000000,44.0000000000000000,54.0,8,-3,0,7,21,0,8,0,0,0,2,0,0.0,0.0,0,0,"кликов за неделю 0 (за всё время 0), расход 0 ₽ (накоплено 0 ₽) — судить не о чем, наблюдаем"
watch,hold,930631124,1176,"Картридж CF321A для принтеров HP и Color LaserJet M680, LJ-M680z, LJM680dn, LJ M680f голубой",Эксперимент1,8.0,8.0,0.0,24.4,16.4,14.6,12714.0,0.02,справочная,26,0,0.0,0.0,0.0,,0.0,,0,0.0,0.0,,123.0000000000000000,58.0000000000000000,65.0,2,-1,0,2,,0,0,0,0,0,0,0,0.0,0.0,0,0,"кликов за неделю 0 (за всё время 0), расход 0 ₽ (накоплено 0 ₽) — судить не о чем, наблюдаем"
watch,hold,930627557,1289,"Картридж C-EXV37 для принтеров Canon iR1730i, iR1740i черный",Эксперимент1,12.0,12.0,0.0,19.6,7.6,18.9,3533.0,0.04,справочная,22,0,0.0,0.0,0.0,,0.0,,0,0.0,0.0,,21.0000000000000000,125.0000000000000000,-104.0,4,-2,0,3,,0,0,0,0,0,1,0,0.0,0.0,0,0,"кликов за неделю 0 (за всё время 0), расход 0 ₽ (накоплено 0 ₽) — судить не о чем, наблюдаем"
watch,hold,930627557,1289,"Картридж C-EXV37 для принтеров Canon iR1730i, iR1740i черный",от 2000 до 5000,20.93,20.93,0.0,19.6,-1.3,18.9,3533.0,0.04,справочная,13,0,0.0,0.0,0.0,,0.0,,0,0.0,0.0,,21.0000000000000000,125.0000000000000000,-104.0,4,-2,0,3,,0,0,0,0,0,1,0,0.0,0.0,0,0,"кликов за неделю 0 (за всё время 0), расход 0 ₽ (накоплено 0 ₽) — судить не о чем, наблюдаем"
watch,hold,864225908,1312,"Картридж 60F5H00 для принтеров Lexmark MX310dn, MX410de, MX510de, MX511dhe, MX611de, MX611dhe черный",Эксперимент1,16.1,16.1,0.0,18.9,2.8,17.2,3863.0,0.04,справочная,284,0,0.0,0.0,0.0,,0.0,,0,0.0,0.0,,50.0000000000000000,80.0000000000000000,-30.0,24,2,0,3457,43,0,4,0,0,0,2,0,0.0,0.0,0,0,"кликов за неделю 0 (за всё время 0), расход 0 ₽ (накоплено 0 ₽) — судить не о чем, наблюдаем"
watch,hold,864225908,1312,"Картридж 60F5H00 для принтеров Lexmark MX310dn, MX410de, MX510de, MX511dhe, MX611de, MX611dhe черный",от 2000 до 5000,22.54,22.54,0.0,18.9,-3.6,17.2,3863.0,0.04,справочная,14,0,0.0,0.0,0.0,,0.0,,0,0.0,0.0,,50.0000000000000000,80.0000000000000000,-30.0,24,2,0,3457,43,0,4,0,0,0,2,0,0.0,0.0,0,0,"кликов за неделю 0 (за всё время 0), расход 0 ₽ (накоплено 0 ₽) — судить не о чем, наблюдаем"
watch,hold,906875601,1320,"Картридж 45807111/45807121 для принтеров OKI B412, B412dn, Data B432, B432dn, B512, B512dn, Kraftway KRP432, MB492 MB492dn MB562 MB562dnw черный",Вне РК — спрос без рекламы (08.08),20.0,20.0,0.0,23.3,3.3,18.6,4282.0,0.04,справочная,0,0,0,0,0,,,,0,0,0,,,,,0,0,0,0,,0,0,0,0,0,0,0,0,0,0,0,"кликов за неделю 0 (за всё время 0), расход 0 ₽ (накоплено 0 ₽) — судить не о чем, наблюдаем"
watch,hold,866442758,1384,"Картридж 731H для принтеров Canon i-SENSYS LBP-7100Cn, LBP 7110, MF623cn, MF628cw, MF8230cn, MF8280cw черный",от 2000 до 5000,22.54,22.54,0.0,26.8,4.3,21.9,3969.0,0.04,справочная,61,0,0.0,0.0,0.0,,0.0,,0,0.0,0.0,,34.0000000000000000,60.0000000000000000,-26.0,9,0,0,11,5,1,7,0,0,0,2,0,0.0,0.0,0,0,"кликов за неделю 0 (за всё время 0), расход 0 ₽ (накоплено 0 ₽) — судить не о чем, наблюдаем"
watch,hold,866442721,1389,Картридж S050435 для принтеров Epson AcuLaser M2000 черный,Эксперимент1,8.0,8.0,0.0,24.4,16.4,17.8,4775.0,0.04,справочная,20,0,0.0,0.0,0.0,,0.0,,0,0.0,0.0,,,32.0000000000000000,,0,-32,0,0,,0,0,0,0,0,0,1,1.0,0.0,25.0,0,"кликов за неделю 0 (за всё время 1), расход 0 ₽ (накоплено 1 ₽) — судить не о чем, наблюдаем"
watch,hold,866442967,1412,"Картридж TK-8305Bk для принтеров Kyocera TASKalfa 3050i, TASKalfa3051i черный",Эксперимент1,12.89,12.89,0.0,30.8,17.9,17.2,8403.0,0.03,справочная,35,0,0.0,0.0,0.0,,0.0,,0,0.0,0.0,,80.0000000000000000,250.0000000000000000,-170.0,9,-1,0,11,8,1,9,0,0,0,1,0,0.0,0.0,0,0,"кликов за неделю 0 (за всё время 0), расход 0 ₽ (накоплено 0 ₽) — судить не о чем, наблюдаем"
watch,hold,866443204,1573,"Картридж D8J08A для принтеров HP Officejet Color X555dn, Officejet Color X5585dn пурпурный",Эксперимент1,14.5,14.5,0.0,25.9,11.4,18.3,6481.0,0.03,справочная,26,0,0.0,0.0,0.0,,0.0,,0,0.0,0.0,,142.0000000000000000,65.0000000000000000,77.0,6,2,0,5,41,0,1,0,0,0,1,0,0.0,0.0,0,0,"кликов за неделю 0 (за всё время 0), расход 0 ₽ (накоплено 0 ₽) — судить не о чем, наблюдаем"
watch,hold,930626294,1717,"Картридж TK-865Y для принтеров Kyocera TASKalfa 250ci, TASKalfa 300ci желтый",Эксперимент1,8.0,8.0,0.0,28.4,20.4,13.2,17346.0,0.02,справочная,12,0,0.0,0.0,0.0,,0.0,,0,0.0,0.0,,,370.0000000000000000,,0,-5,0,0,,0,0,0,0,0,1,0,0.0,0.0,0,0,"кликов за неделю 0 (за всё время 0), расход 0 ₽ (накоплено 0 ₽) — судить не о чем, наблюдаем"
watch,hold,1153722890,1933,"Картридж T6941 для принтеров Epson SureColor SC-SC-T7200, SC T3000, SCT3200, SC-T5000, SCT5200, SC T7000 черный",Эксперимент1,12.89,12.89,0.0,32.9,20.0,13.7,18936.0,0.02,справочная,38,0,0.0,0.0,0.0,,0.0,,0,0.0,0.0,,30.0000000000000000,27.0000000000000000,3.0,24,-8,0,28,7,1,15,0,0,0,2,0,0.0,0.0,0,0,"кликов за неделю 0 (за всё время 0), расход 0 ₽ (накоплено 0 ₽) — судить не о чем, наблюдаем"
watch,hold,1153736550,2043,"Картридж TN-611Y для принтеров Konica Minolta Bizhub C451, Bizhub C550 желтый",Пустые РК,12.0,12.0,0.0,37.1,25.1,13.3,22340.0,0.02,справочная,2,0,0.0,0.0,0.0,,0.0,,0,0,0,,,67.0000000000000000,,0,-9,0,0,,0,0,0,0,0,0,0,0.0,0.0,0,0,"кликов за неделю 0 (за всё время 0), расход 0 ₽ (накоплено 0 ₽) — судить не о чем, наблюдаем"
watch,hold,1163041193,2113,"Картридж MX23GTMA для принтеров Sharp MX-1810U, MX 2010U, MX2310U, MX-2314, MX2614, MX 3110U, MX 3114 пурпурный",Эксперимент1,8.0,8.0,0.0,21.9,13.9,14.0,8099.0,0.03,справочная,27,0,0.0,0.0,0.0,,0.0,,0,0.0,0.0,,53.0000000000000000,55.0000000000000000,-2.0,13,3,0,1077,17,0,13,0,0,0,1,0,0.0,0.0,0,0,"кликов за неделю 0 (за всё время 0), расход 0 ₽ (накоплено 0 ₽) — судить не о чем, наблюдаем"
watch,hold,930641556,2161,"Картриджи CF540X-CF543X для принтеров HP LaserJet M254dw, LJ M280nw, LJ Pro Color M281fdn",Вне РК — спрос без рекламы (08.08),21.96,21.96,0.0,27.8,5.8,14.4,9871.0,0.03,справочная,0,0,0,0,0,,,,0,0,0,,,,,0,0,0,0,,0,0,0,0,0,0,0,0,0,0,0,"кликов за неделю 0 (за всё время 0), расход 0 ₽ (накоплено 0 ₽) — судить не о чем, наблюдаем"
watch,hold,866443823,2128,"Сервисный комплект MK-410 для принтеров Kyocera KM-1620, KM 1635, KM1650, KM-2020, KM2035, KM 2050 черный",Эксперимент1,16.1,16.1,0.0,63.2,47.1,13.6,36766.0,0.02,справочная,48,0,0.0,0.0,0.0,,0.0,,0,0.0,0.0,,53.0000000000000000,43.0000000000000000,10.0,2,-44,0,2,,0,0,0,0,0,2,4,22.62,0.0,0,0,"кликов за неделю 0 (за всё время 4), расход 0 ₽ (накоплено 23 ₽) — судить не о чем, наблюдаем"
watch,hold,930629640,2364,"Картриджи CF410X-CF413X для принтеров HP LJ Color Pro M377dw, M452dn, M452nw, M477fdn, M477fdw",Вне РК — спрос без рекламы (08.08),21.96,21.96,0.0,25.5,3.5,14.8,12986.0,0.02,справочная,0,0,0,0,0,,,,0,0,0,,,,,0,0,0,0,,0,0,0,0,0,0,0,0,0,0,0,"кликов за неделю 0 (за всё время 0), расход 0 ₽ (накоплено 0 ₽) — судить не о чем, наблюдаем"
watch,hold,870872418,2361,"Картридж CF411X для принтеров HP LJ Color Pro M377dw, M452dn, M452nw, M477fdn, M477fdw голубой",Эксперимент1,14.0,14.0,0.0,20.7,6.7,17.2,4241.0,0.04,справочная,28,0,0.0,0.0,0.0,,0.0,,0,0.0,0.0,,120.0000000000000000,113.0000000000000000,7.0,9,7,0,3409,42,0,2,0,0,0,1,0,0.0,0.0,0,0,"кликов за неделю 0 (за всё время 0), расход 0 ₽ (накоплено 0 ₽) — судить не о чем, наблюдаем"
watch,hold,930616806,2409,"Картриджи TK-5280 для принтеров Kyocera Ecosys M6235cidn, M6635cidn",Вне РК — спрос без рекламы (08.08),21.96,21.96,0.0,29.8,7.8,15.0,14908.0,0.02,справочная,0,0,0,0,0,,,,0,0,0,,,,,0,0,0,0,,0,0,0,0,0,0,0,0,0,0,0,"кликов за неделю 0 (за всё время 0), расход 0 ₽ (накоплено 0 ₽) — судить не о чем, наблюдаем"
watch,hold,1248939170,2792,"Фотобарабан SP-4500 DU для принтеров Ricoh и Aficio 3600SF, 3610SF, 4510DN, 4520 черный",Эксперимент1,8.0,8.0,0.0,22.9,14.9,14.4,12185.0,0.02,справочная,15,0,0.0,0.0,0.0,,0.0,,0,0.0,0.0,,55.0000000000000000,247.0000000000000000,-192.0,9,-3,0,14,10,2,9,0,0,0,0,1,14.45,0.0,0,0,"кликов за неделю 0 (за всё время 1), расход 0 ₽ (накоплено 14 ₽) — судить не о чем, наблюдаем"
watch,hold,930633662,2767,"Картридж TK-8345M для принтеров Kyocera TASKalfa 2552ci, TASKalfa 2553 пурпурный",Эксперимент1,8.0,8.0,0.0,24.0,16.0,17.7,4721.0,0.04,справочная,35,0,0.0,0.0,0.0,,0.0,,0,0.0,0.0,,31.0000000000000000,291.0000000000000000,-260.0,1,-6,0,1,,0,0,0,0,0,0,0,0.0,0.0,0,0,"кликов за неделю 0 (за всё время 0), расход 0 ₽ (накоплено 0 ₽) — судить не о чем, наблюдаем"
watch,hold,906877959,3026,Картридж 006R01693 для принтеров Xerox DocuCentre-SC2020 черный,Эксперимент1,8.0,8.0,0.0,22.7,14.7,18.1,4339.0,0.04,справочная,10,0,0.0,0.0,0.0,,0.0,,0,0.0,0.0,,64.0000000000000000,80.0000000000000000,-16.0,10,-2,0,3430,8,2,10,0,0,0,0,0,0.0,0.0,0,0,"кликов за неделю 0 (за всё время 0), расход 0 ₽ (накоплено 0 ₽) — судить не о чем, наблюдаем"
watch,hold,906877959,3026,Картридж 006R01693 для принтеров Xerox DocuCentre-SC2020 черный,от 2000 до 5000,12.0,12.0,0.0,22.7,10.7,18.1,4339.0,0.04,справочная,4,0,0.0,0.0,0.0,,0.0,,0,0.0,0.0,,64.0000000000000000,80.0000000000000000,-16.0,10,-2,0,3430,8,2,10,0,0,0,0,0,0.0,0.0,0,0,"кликов за неделю 0 (за всё время 0), расход 0 ₽ (накоплено 0 ₽) — судить не о чем, наблюдаем"
watch,hold,1153807642,3108,"Картриджи CLT-506L для принтеров Samsung CLP-680ND, CLX-6260FD",Эксперимент1,8.0,8.0,0.0,25.3,17.3,11.7,18870.0,0.02,справочная,116,0,0.0,0.0,0.0,,0.0,,2,24.73,0.0,12.4,107.0000000000000000,22.0000000000000000,85.0,44,27,0,86,2,4,12,0,0,0,1,2,24.73,0.0,0,0,"кликов за неделю 0 (за всё время 2), расход 0 ₽ (накоплено 25 ₽) — судить не о чем, наблюдаем"
enter,enter,930626153,3118,"Картриджи LC-665XL-669XL для принтеров Brother MFC-J2320, MFC-J2720",,,13.2,,26.4,,19.9,5903.0,0.03,справочная,0,0,0,0,0,,,,0,0,0,,,26.0000000000000000,,0,-6,0,0,,0,0,2,9720.0000,0,16,0,0,0,0,0,вне рекламы  но неделю отработал сам: продажи 2 шт  органика 0 ₽  показы 0  спрос по фразам 0; маржа_safe 19.9 % ≥ KPI; старт 13.2 ₽ при потолке 26.4 ₽
watch,hold,873312984,3361,"Картридж №907XL для принтеров HP OfficeJet 6950, OfficeJet Pro 6960 черный",Эксперимент1,8.0,8.0,0.0,20.6,12.6,20.2,3382.0,0.04,справочная,43,0,0.0,0.0,0.0,,0.0,,0,0.0,0.0,,51.0000000000000000,44.0000000000000000,7.0,20,4,0,478,49,0,1,0,0,0,0,0,0.0,0.0,0,0,"кликов за неделю 0 (за всё время 0), расход 0 ₽ (накоплено 0 ₽) — судить не о чем, наблюдаем"
watch,hold,873313461,3365,Картридж TK-8525Y для принтеров Kyocera и Taskalfa 4052ci желтый,от 2000 до 5000,13.0,13.0,0.0,21.1,8.1,16.5,4591.0,0.04,справочная,3,0,0.0,0.0,0.0,,0.0,,0,0.0,0.0,,27.0000000000000000,430.0000000000000000,-403.0,3,-1,0,3,,0,0,0,0,0,0,0,0.0,0.0,0,0,"кликов за неделю 0 (за всё время 0), расход 0 ₽ (накоплено 0 ₽) — судить не о чем, наблюдаем"
watch,hold,873313904,3501,"Картридж PFI-1700GY для принтеров Canon и iPF PRO 2000, iPF PRO 4000 серый",Эксперимент1,9.0,9.0,0.0,31.3,22.3,13.5,18400.0,0.02,справочная,36,0,0.0,0.0,0.0,,0.0,,0,0.0,0.0,,59.0000000000000000,56.0000000000000000,3.0,21,-12,0,56,8,1,13,0,0,0,0,0,0.0,0.0,0,0,"кликов за неделю 0 (за всё время 0), расход 0 ₽ (накоплено 0 ₽) — судить не о чем, наблюдаем"
watch,hold,873313306,3496,"Картридж PFI-1700C для принтеров Canon и iPF PRO 2000, iPF PRO 4000 голубой",от 10000 до 500 тыс,12.0,12.0,0.0,31.3,19.3,13.5,18400.0,0.02,справочная,12,0,0.0,0.0,0.0,,0.0,,0,0.0,0.0,,434.0000000000000000,74.0000000000000000,360.0,8,-6,0,17,3,2,8,0,0,0,0,0,0.0,0.0,0,0,"кликов за неделю 0 (за всё время 0), расход 0 ₽ (накоплено 0 ₽) — судить не о чем, наблюдаем"
watch,hold,873313014,3538,"Картриджи TN-910 для принтеров Brother HL-L9310, MFC-L9570",Эксперимент1,12.89,12.89,0.0,21.0,8.1,12.2,9737.0,0.03,справочная,32,0,0.0,0.0,0.0,,0.0,,0,0.0,0.0,,86.0000000000000000,223.0000000000000000,-137.0,5,-2,6273,2050,25,0,2,0,0,1,2,0,0.0,0.0,0,0,"кликов за неделю 0 (за всё время 0), расход 0 ₽ (накоплено 0 ₽) — судить не о чем, наблюдаем"
watch,hold,873313146,3640,"Блок проявки DV-1200 DU для принтеров Kyocera EcoSys M2235, M2735dn, M2835, P2335 черный",от 10000 до 500 тыс,12.0,12.0,0.0,41.7,29.7,13.3,25121.0,0.02,справочная,21,0,0.0,0.0,0.0,,0.0,,0,0.0,0.0,,46.0000000000000000,41.0000000000000000,5.0,50,-1,0,229,3,2,15,0,0,0,0,1,2.6,0.0,0,0,"кликов за неделю 0 (за всё время 1), расход 0 ₽ (накоплено 3 ₽) — судить не о чем, наблюдаем"
watch,hold,873320210,3759,"Чернила GI-490 для принтеров Canon Pixma G1400, PixmaG1410",Эксперимент1,11.28,11.28,0.0,12.7,1.4,19.4,2212.0,0.04,справочная,203,0,0.0,0.0,0.0,,0.0,,0,0.0,0.0,,178.0000000000000000,154.0000000000000000,24.0,26,-2,0,59,21,0,15,0,0,0,1,0,0.0,0.0,0,0,"кликов за неделю 0 (за всё время 0), расход 0 ₽ (накоплено 0 ₽) — судить не о чем, наблюдаем"
watch,hold,873320210,3759,"Чернила GI-490 для принтеров Canon Pixma G1400, PixmaG1410",от 1000-2000,16.1,16.1,0.0,12.7,-3.4,19.4,2212.0,0.04,справочная,42,0,0.0,0.0,0.0,,0.0,,0,0.0,0.0,,178.0000000000000000,154.0000000000000000,24.0,26,-2,0,59,21,0,15,0,0,0,1,0,0.0,0.0,0,0,"кликов за неделю 0 (за всё время 0), расход 0 ₽ (накоплено 0 ₽) — судить не о чем, наблюдаем"
watch,hold,873320528,3787,Картридж 842142 для принтеров Ricoh и Aficio MP305 черный,от 2000 до 5000,12.0,12.0,0.0,19.8,7.8,17.2,5418.0,0.03,справочная,10,0,0.0,0.0,0.0,,0.0,,0,0.0,0.0,,35.0000000000000000,57.0000000000000000,-22.0,5,2,0,1097,16,0,5,0,0,0,0,0,0.0,0.0,0,0,"кликов за неделю 0 (за всё время 0), расход 0 ₽ (накоплено 0 ₽) — судить не о чем, наблюдаем"
watch,hold,873320531,3779,"Картридж TN-2420 для принтеров Brother DCP-L2510, HL-L2350DW, MFC-L2710K, MFC L2730DW черный",Эксперимент1,8.0,8.0,0.0,12.0,4.0,18.4,2236.0,0.04,справочная,19,0,0.0,0.0,0.0,,0.0,,0,0.0,0.0,,173.0000000000000000,198.0000000000000000,-25.0,6,2,0,11,85,0,3,0,0,0,1,0,0.0,0.0,0,0,"кликов за неделю 0 (за всё время 0), расход 0 ₽ (накоплено 0 ₽) — судить не о чем, наблюдаем"
watch,hold,873314380,3821,"Картриджи SPC250H для принтеров Ricoh MC250FW, PC301W",от 10000 до 500 тыс,19.33,19.33,0.0,45.7,26.4,12.9,28929.0,0.02,справочная,19,0,0.0,0.0,0.0,,0.0,,0,0.0,0.0,,,43.0000000000000000,,0,-18,0,0,,0,0,0,0,0,1,2,27.61,0.0,0,0,"кликов за неделю 0 (за всё время 2), расход 0 ₽ (накоплено 28 ₽) — судить не о чем, наблюдаем"
watch,hold,873320543,3801,"Картридж №913A BK для принтеров HP PageWide 377, PW Color 352, PW Pro 452, PW Pro 477 черный",от 2000 до 5000,20.0,20.0,0.0,21.1,1.1,17.9,5440.0,0.03,справочная,19,0,0.0,0.0,0.0,,0.0,,0,0.0,0.0,,25.0000000000000000,55.0000000000000000,-30.0,7,0,0,11,4,2,2,0,0,0,2,0,0.0,0.0,0,0,"кликов за неделю 0 (за всё время 0), расход 0 ₽ (накоплено 0 ₽) — судить не о чем, наблюдаем"
watch,hold,873319916,3876,"Картридж C250 Y для принтеров Ricoh и M-C250FWB, P-C300W желтый",Эксперимент1,8.0,8.0,0.0,23.1,15.1,14.3,8280.0,0.03,справочная,21,0,0.0,0.0,0.0,,0.0,,0,0.0,0.0,,61.0000000000000000,90.0000000000000000,-29.0,31,-3,0,3441,2,3,11,0,0,0,1,3,21.19,0.0,0,0,"кликов за неделю 0 (за всё время 3), расход 0 ₽ (накоплено 21 ₽) — судить не о чем, наблюдаем"
watch,hold,873319973,3906,Картридж TK-7125 для принтеров Kyocera TASKalfa 3212i черный,от 2000 до 5000,20.93,20.93,0.0,23.5,2.6,16.9,4938.0,0.04,справочная,11,0,0.0,0.0,0.0,,0.0,,0,0.0,0.0,,82.0000000000000000,94.0000000000000000,-12.0,10,-5,0,9,7,3,10,0,0,0,2,1,17.0,0.0,0,0,"кликов за неделю 0 (за всё время 1), расход 0 ₽ (накоплено 17 ₽) — судить не о чем, наблюдаем"
watch,hold,1155651311,3911,"Картридж W2032A для принтеров HP Color LaserJet M454dn, LJ Pro M454dw, M480f, M479dw, M479fdw желтый",Эксперимент1,8.0,8.0,0.0,20.2,12.2,19.7,3429.0,0.04,справочная,17,0,0.0,0.0,0.0,,0.0,,0,0.0,0.0,,115.0000000000000000,69.0000000000000000,46.0,22,7,0,131,4,2,15,0,0,0,5,0,0.0,0.0,0,0,"кликов за неделю 0 (за всё время 0), расход 0 ₽ (накоплено 0 ₽) — судить не о чем, наблюдаем"
watch,hold,874378448,4159,Картридж TL-5120H для принтеров BM5100ADN черный,Эксперимент1,8.0,8.0,0.0,13.7,5.7,18.4,2561.0,0.04,справочная,37,0,0.0,0.0,0.0,,0.0,,0,0.0,0.0,,392.0000000000000000,74.0000000000000000,318.0,7,1,0,12,860,0,1,0,0,0,0,1,7.21,0.0,0,0,"кликов за неделю 0 (за всё время 1), расход 0 ₽ (накоплено 7 ₽) — судить не о чем, наблюдаем"
watch,hold,874374365,4244,"Картридж 006R01532 для принтеров Xerox и ColorDCP-550, ColorDCP 560, WC 7965, WC 7975 голубой",Эксперимент1,8.0,8.0,0.0,26.9,18.9,15.0,8972.0,0.03,справочная,41,0,0.0,0.0,0.0,,0.0,,0,0.0,0.0,,59.0000000000000000,41.0000000000000000,18.0,10,-9,0,263,16,0,9,0,0,0,1,0,0.0,0.0,0,0,"кликов за неделю 0 (за всё время 0), расход 0 ₽ (накоплено 0 ₽) — судить не о чем, наблюдаем"
watch,hold,874375676,4269,"Фотобарабан 108R01417 DU для принтеров Xerox Phaser 6510, WC 6515 голубой",Эксперимент1,9.0,9.0,0.0,21.8,12.8,14.3,11735.0,0.02,справочная,31,0,0.0,0.0,0.0,,0.0,,0,0.0,0.0,,33.0000000000000000,31.0000000000000000,2.0,31,-3,0,223,12,0,9,0,0,0,0,1,6.7,0.0,0,0,"кликов за неделю 0 (за всё время 1), расход 0 ₽ (накоплено 7 ₽) — судить не о чем, наблюдаем"
watch,hold,904484173,4270,"Фотобарабан 108R01418 DU для принтеров Xerox Phaser 6510, WC 6515 пурпурный",Эксперимент1,9.0,9.0,0.0,27.7,18.7,14.6,14418.0,0.02,справочная,24,0,0.0,0.0,0.0,,0.0,,0,0.0,0.0,,46.0000000000000000,31.0000000000000000,15.0,25,6,0,244,11,0,9,0,0,0,0,1,7.73,0.0,0,0,"кликов за неделю 0 (за всё время 1), расход 0 ₽ (накоплено 8 ₽) — судить не о чем, наблюдаем"
watch,hold,904485783,4213,"Картридж W2210X для принтеров HP LaserJet Pro Color M282 nw, LJ Pro Color M283 fdw черный",Эксперимент1,16.1,16.1,0.0,23.0,6.9,19.5,3957.0,0.04,справочная,107,0,0.0,0.0,0.0,,0.0,,0,0.0,0.0,,24.0000000000000000,47.0000000000000000,-23.0,2,-11,0,1,,0,0,0,0,0,3,0,0.0,0.0,0,0,"кликов за неделю 0 (за всё время 0), расход 0 ₽ (накоплено 0 ₽) — судить не о чем, наблюдаем"
watch,hold,904485783,4213,"Картридж W2210X для принтеров HP LaserJet Pro Color M282 nw, LJ Pro Color M283 fdw черный",от 2000 до 5000,20.93,20.93,0.0,23.0,2.1,19.5,3957.0,0.04,справочная,3,0,0.0,0.0,0.0,,0.0,,0,0.0,0.0,,24.0000000000000000,47.0000000000000000,-23.0,2,-11,0,1,,0,0,0,0,0,3,0,0.0,0.0,0,0,"кликов за неделю 0 (за всё время 0), расход 0 ₽ (накоплено 0 ₽) — судить не о чем, наблюдаем"
watch,hold,874375639,4283,"Картриджи W2210A-W2213A для принтеров HP LJ Pro Color M255 dw, LJ Pro Color M282",от 10000 до 500 тыс,13.0,13.0,0.0,30.8,17.8,16.7,8764.0,0.03,справочная,9,0,0.0,0.0,0.0,,0.0,,0,0.0,0.0,,125.0000000000000000,59.0000000000000000,66.0,12,2,0,3435,12,0,6,0,0,0,5,0,0.0,0.0,0,0,"кликов за неделю 0 (за всё время 0), расход 0 ₽ (накоплено 0 ₽) — судить не о чем, наблюдаем"
watch,hold,874377687,4354,"Картридж 653 для принтеров HP DJ Ink Advantage 6000, DJ 6075, DJ 6475 черный",Эксперимент1,8.0,8.0,0.0,24.6,16.6,18.3,6159.0,0.03,справочная,17,0,0.0,0.0,0.0,,0.0,,0,0.0,0.0,,100.0000000000000000,145.0000000000000000,-45.0,13,-3,0,31,10,1,5,0,0,0,0,0,0.0,0.0,0,0,"кликов за неделю 0 (за всё время 0), расход 0 ₽ (накоплено 0 ₽) — судить не о чем, наблюдаем"
watch,hold,904483849,4483,Картридж CTL-1100XM пурпурный,Эксперимент1,12.89,12.89,0.0,25.8,12.9,19.9,4331.0,0.04,справочная,60,0,0.0,0.0,0.0,,0.0,,0,0.0,0.0,,212.0000000000000000,68.0000000000000000,144.0,24,-30,0,104,19,0,15,0,0,0,1,1,1.0,1.0,0,0,"кликов за неделю 0 (за всё время 1), расход 0 ₽ (накоплено 1 ₽) — судить не о чем, наблюдаем"
watch,hold,874373710,4481,"Картридж CTL-1100XK для Pantum CM1100DW, CM1100DN",Эксперимент1,14.5,14.5,0.0,23.1,8.6,18.3,4337.0,0.04,справочная,69,0,0.0,0.0,0.0,,0.0,,0,0.0,0.0,,108.0000000000000000,45.0000000000000000,63.0,49,-59,0,139,6,1,14,0,0,0,13,1,1.0,0.0,0,0,"кликов за неделю 0 (за всё время 1), расход 0 ₽ (накоплено 1 ₽) — судить не о чем, наблюдаем"
watch,hold,874373710,4481,"Картридж CTL-1100XK для Pantum CM1100DW, CM1100DN",от 2000 до 5000,20.93,20.93,0.0,23.1,2.2,18.3,4337.0,0.04,справочная,16,0,0.0,0.0,0.0,,0.0,,0,0.0,0.0,,108.0000000000000000,45.0000000000000000,63.0,49,-59,0,139,6,1,14,0,0,0,13,0,0.0,0.0,0,0,"кликов за неделю 0 (за всё время 0), расход 0 ₽ (накоплено 0 ₽) — судить не о чем, наблюдаем"
watch,hold,874373560,4532,Картридж C-EXV60 для принтеров Canon и imageRUNNER 2425 черный,Вне РК — спрос без рекламы (08.08),21.96,21.96,0.0,16.9,-5.1,18.9,3038.0,0.04,справочная,0,0,0,0,0,,,,0,0,0,,,,,0,0,0,0,,0,0,0,0,0,0,0,0,0,0,0,"кликов за неделю 0 (за всё время 0), расход 0 ₽ (накоплено 0 ₽) — судить не о чем, наблюдаем"
watch,hold,984583930,4733,Картридж TN-227C для принтеров Konica Minolta Bizhub C257i голубой,Эксперимент1,12.89,12.89,0.0,22.7,9.8,17.7,5968.0,0.03,справочная,49,0,0.0,0.0,0.0,,0.0,,0,0.0,0.0,,200.0000000000000000,140.0000000000000000,60.0,9,-3,0,3425,4,3,6,0,0,0,2,0,0.0,0.0,0,0,"кликов за неделю 0 (за всё время 0), расход 0 ₽ (накоплено 0 ₽) — судить не о чем, наблюдаем"
watch,hold,1129396152,4642,Картридж TNP-51Y для принтеров Konica Minolta Bizhub C3110 желтый,Эксперимент1,12.89,12.89,0.0,29.9,17.0,17.9,7726.0,0.03,справочная,2,0,0.0,0.0,0.0,,0.0,,0,0,0,,,51.0000000000000000,,0,-1,0,0,,0,0,0,0,2,2,0,0.0,0.0,0,0,"кликов за неделю 0 (за всё время 0), расход 0 ₽ (накоплено 0 ₽) — судить не о чем, наблюдаем"
watch,hold,1137065958,4999,"Картридж T7893 для принтеров Epson WorkForce Pro WF-5110, WF 5190, WF5620, WF-5690 пурпурный",Эксперимент1,8.0,8.0,0.0,13.6,5.6,19.9,2290.0,0.04,справочная,10,0,0.0,0.0,0.0,,0.0,,0,0.0,0.0,,92.0000000000000000,81.0000000000000000,11.0,9,-3,0,10,6,1,9,0,0,0,2,0,0.0,0.0,0,0,"кликов за неделю 0 (за всё время 0), расход 0 ₽ (накоплено 0 ₽) — судить не о чем, наблюдаем"
watch,hold,1268493020,4747,"Лента ERC-09 purple для принтеров Epson HX-20, M-160, M 163, M164, M-180, M181, M 182, M 185 M190 M192 M 195 фиолетовый",Вне РК — спрос без рекламы (08.08),15.0,15.0,0.0,7.5,-7.5,17.3,1226.0,0.05,справочная,73,0,0.0,0.0,0.0,,0.0,,0,0.0,0.0,,65.0000000000000000,8.0000000000000000,57.0,13,12,0,14,3,7,12,0,0,0,1,0,0.0,0.0,0,0,"кликов за неделю 0 (за всё время 0), расход 0 ₽ (накоплено 0 ₽) — судить не о чем, наблюдаем"
watch,hold,1261505784,4659,"Картридж M21-500595YL для принтеров Brady BMP 21-LAB, BMP 21-PLUS",от 2000 до 5000,12.0,12.0,0.0,20.9,8.9,20.8,3300.0,0.04,справочная,36,0,0.0,0.0,0.0,,0.0,,1,11.74,0.0,11.7,37.0000000000000000,35.0000000000000000,2.0,52,17,0,158,1,2,9,0,0,0,0,1,11.74,0.0,0,0,"кликов за неделю 0 (за всё время 1), расход 0 ₽ (накоплено 12 ₽) — судить не о чем, наблюдаем"
watch,hold,1261504720,4736,"Картридж T9641 для принтеров Epson WorkForce Pro M5298, WF Pro M5299 черный",от 2000 до 5000,12.0,12.0,0.0,,,,1817.0,0.05,справочная,0,0,0,0,0,,,,0,0,0,,,,,0,0,0,0,,0,0,0,0,0,2,0,0,0,0,0,"кликов за неделю 0 (за всё время 0), расход 0 ₽ (накоплено 0 ₽) — судить не о чем, наблюдаем"
watch,hold,1261504774,4693,"Картридж №912BK для принтеров HP OfficeJet 8010, OfficeJet8012 черный",Эксперимент1,8.0,8.0,0.0,19.1,11.1,19.0,3402.0,0.04,справочная,86,0,0.0,0.0,0.0,,0.0,,2,16.34,0.0,8.2,86.0000000000000000,129.0000000000000000,-43.0,25,7,0,45,20,0,14,0,0,0,3,4,31.95,0.0,0,0,"кликов за неделю 0 (за всё время 4), расход 0 ₽ (накоплено 32 ₽) — судить не о чем, наблюдаем"
watch,hold,1261465655,4767,"Картриджи W2120X-W2123X для принтеров HP Color LaserJet M554, LJ-M555, LJ M578",от 10000 до 500 тыс,19.33,19.33,0.0,53.8,34.5,13.1,33224.0,0.02,справочная,9,0,0.0,0.0,0.0,,0.0,,3,52.94,0.0,17.6,74.0000000000000000,48.0000000000000000,26.0,82,33,0,1497,17,0,11,0,0,0,3,4,64.13,0.0,0,0,"кликов за неделю 0 (за всё время 4), расход 0 ₽ (накоплено 64 ₽) — судить не о чем, наблюдаем"
watch,hold,1261462904,4794,"Картриджи W2120A-W2123A для принтеров HP Color LaserJet M554, LJ-M555, LJ M578",Эксперимент1,10.0,10.0,0.0,37.0,27.0,12.8,23706.0,0.02,справочная,10,0,0.0,0.0,0.0,,0.0,,0,0.0,0.0,,,122.0000000000000000,,0,-13,0,0,,0,0,0,0,0,0,0,0.0,0.0,0,0,"кликов за неделю 0 (за всё время 0), расход 0 ₽ (накоплено 0 ₽) — судить не о чем, наблюдаем"
watch,hold,1261462904,4794,"Картриджи W2120A-W2123A для принтеров HP Color LaserJet M554, LJ-M555, LJ M578",от 10000 до 500 тыс,13.0,13.0,0.0,37.0,24.0,12.8,23706.0,0.02,справочная,5,0,0.0,0.0,0.0,,0.0,,0,0.0,0.0,,,122.0000000000000000,,0,-13,0,0,,0,0,0,0,0,0,0,0.0,0.0,0,0,"кликов за неделю 0 (за всё время 0), расход 0 ₽ (накоплено 0 ₽) — судить не о чем, наблюдаем"
watch,hold,1261562784,5247,"Фотобарабан DR-321CL для принтеров Brother HL-L8250, HL L9200, MFC-L8650CDW, MFCL9550",от 10000 до 500 тыс,19.33,19.33,0.0,39.5,20.2,12.6,26013.0,0.02,справочная,11,0,0.0,0.0,0.0,,0.0,,2,14.86,1.0,7.4,120.0000000000000000,40.0000000000000000,80.0,76,65,14318,101,1,6,10,0,0,1,1,5,37.83,1.0,0,0,"кликов за неделю 0 (за всё время 5), расход 0 ₽ (накоплено 38 ₽) — судить не о чем, наблюдаем"
watch,hold,1277712086,4653,Картридж с термотрансферной лентой DS M21-1500427 Brady черный на белом,от 2000 до 5000,12.0,12.0,0.0,24.6,12.6,19.7,4182.0,0.04,справочная,22,0,0.0,0.0,0.0,,0.0,,0,0.0,0.0,,58.0000000000000000,48.0000000000000000,10.0,21,-4,0,35,8,2,14,0,0,0,0,0,0.0,0.0,0,0,"кликов за неделю 0 (за всё время 0), расход 0 ₽ (накоплено 0 ₽) — судить не о чем, наблюдаем"
watch,hold,904484211,3859,"Картридж 46490630 для принтеров OKI Data C532, Data C542, MC573 пурпурный",от 2000 до 5000,12.0,12.0,0.0,23.6,11.6,17.4,4766.0,0.04,справочная,2,0,0.0,0.0,0.0,,0.0,,0,0.0,0.0,,54.0000000000000000,174.0000000000000000,-120.0,5,3,0,3,,0,0,0,0,0,0,0,0.0,0.0,0,0,"кликов за неделю 0 (за всё время 0), расход 0 ₽ (накоплено 0 ₽) — судить не о чем, наблюдаем"
watch,hold,1340720562,5363,"Картридж 729 для принтеров Canon и i-SENSYS LBP7010C, LBP7018C желтый",Эксперимент1,7.0,7.0,0.0,12.1,5.1,18.2,2283.0,0.04,справочная,13,0,0.0,0.0,0.0,,0.0,,1,9.81,0.0,9.8,101.0000000000000000,100.0000000000000000,1.0,19,9,0,1051,59,0,3,0,0,0,0,1,9.81,0.0,0,0,"кликов за неделю 0 (за всё время 1), расход 0 ₽ (накоплено 10 ₽) — судить не о чем, наблюдаем"
watch,hold,1339739137,5362,"Картридж 729 для принтеров Canon и i-SENSYS LBP7010C, LBP7018C пурпурный",Эксперимент1,8.0,8.0,0.0,12.1,4.1,18.2,2283.0,0.04,справочная,48,0,0.0,0.0,0.0,,0.0,,0,0.0,0.0,,75.0000000000000000,92.0000000000000000,-17.0,20,5,0,42,24,0,4,0,0,0,0,0,0.0,0.0,0,0,"кликов за неделю 0 (за всё время 0), расход 0 ₽ (накоплено 0 ₽) — судить не о чем, наблюдаем"
watch,hold,1341427985,4554,Картридж DS LK2WBN Epson C53S652003 черный на белом совместимый,Эксперимент1,8.0,8.0,0.0,15.1,7.1,20.4,2448.0,0.04,справочная,38,0,0.0,0.0,0.0,,0.0,,0,0.0,0.0,,77.0000000000000000,138.0000000000000000,-61.0,11,5,0,13,1,2,11,0,0,0,0,0,0.0,0.0,0,0,"кликов за неделю 0 (за всё время 0), расход 0 ₽ (накоплено 0 ₽) — судить не о чем, наблюдаем"
watch,hold,1510948990,5386,"Картридж 055H M для принтеров Canon и i-SENSYS MF 741, MF 743 пурпурный",Эксперимент1,14.5,14.5,0.0,28.0,13.5,21.1,4351.0,0.04,справочная,61,0,0.0,0.0,0.0,,0.0,,0,0.0,0.0,,77.0000000000000000,121.0000000000000000,-44.0,15,6,0,3412,8,2,14,0,0,0,1,1,8.17,0.0,0,0,"кликов за неделю 0 (за всё время 1), расход 0 ₽ (накоплено 8 ₽) — судить не о чем, наблюдаем"
watch,hold,1549876075,5415,"Чернила GI-41M для принтеров Canon и Pixma G1420, Pixma G2420 пурпурный",Эксперимент1,6.0,6.0,0.0,2.8,-3.2,11.3,744.0,0.06,справочная,28,0,0.0,0.0,0.0,,0.0,,0,0.0,0.0,,182.0000000000000000,224.0000000000000000,-42.0,19,0,0,27,71,0,5,0,0,0,0,0,0.0,0.0,0,0,"кликов за неделю 0 (за всё время 0), расход 0 ₽ (накоплено 0 ₽) — судить не о чем, наблюдаем"
watch,hold,1569982713,5416,"Чернила GI-41Y для принтеров Canon и Pixma G1420, Pixma G2420 желтый",от 0 до 1000,10.0,10.0,0.0,2.4,-7.6,10.3,744.0,0.06,справочная,33,0,0.0,0.0,0.0,,0.0,,0,0.0,0.0,,117.0000000000000000,169.0000000000000000,-52.0,27,7,0,34,106,0,3,0,0,0,3,0,0.0,0.0,0,0,"кликов за неделю 0 (за всё время 0), расход 0 ₽ (накоплено 0 ₽) — судить не о чем, наблюдаем"
watch,hold,1567180375,5482,Картридж TK-1248 для принтеров Kyocera MA 2001,Эксперимент1,7.0,7.0,0.0,12.4,5.4,18.6,2283.0,0.04,справочная,10,0,0.0,0.0,0.0,,0.0,,0,0.0,0.0,,43.0000000000000000,44.0000000000000000,-1.0,5,-8,0,13,14,0,5,0,0,0,0,0,0.0,0.0,0,0,"кликов за неделю 0 (за всё время 0), расход 0 ₽ (накоплено 0 ₽) — судить не о чем, наблюдаем"
watch,hold,1650449623,5520,"Картридж 071 для принтеров Canon i-SENSYS LBP120, LBP122dw, MF270, MF272dw черный",Эксперимент1,12.89,12.89,0.0,19.7,6.8,19.6,3378.0,0.04,справочная,28,0,0.0,0.0,0.0,,0.0,,0,0.0,0.0,,64.0000000000000000,76.0000000000000000,-12.0,57,42,0,311,13,0,13,0,0,0,3,0,0.0,0.0,0,0,"кликов за неделю 0 (за всё время 0), расход 0 ₽ (накоплено 0 ₽) — судить не о чем, наблюдаем"
watch,hold,1650449623,5520,"Картридж 071 для принтеров Canon i-SENSYS LBP120, LBP122dw, MF270, MF272dw черный",от 2000 до 5000,20.93,20.93,0.0,19.7,-1.2,19.6,3378.0,0.04,справочная,32,0,0.0,0.0,0.0,,0.0,,0,0.0,0.0,,64.0000000000000000,76.0000000000000000,-12.0,57,42,0,311,13,0,13,0,0,0,3,0,0.0,0.0,0,0,"кликов за неделю 0 (за всё время 0), расход 0 ₽ (накоплено 0 ₽) — судить не о чем, наблюдаем"
watch,hold,1658970308,5521,"Картридж для Canon i-SENSYS MF275dw, LBP120, LBP122dw, MF270, MF272dw",от 2000 до 5000,24.0,24.0,0.0,8.6,-15.4,11.0,3564.0,0.04,справочная,0,0,0,0,0,,,,0,0,0,,37.0000000000000000,35.0000000000000000,2.0,272,154,0,8853,2,3,15,2,6501.0000,1,29,0,0,0,0,0,"кликов за неделю 0 (за всё время 0), расход 0 ₽ (накоплено 0 ₽) — судить не о чем, наблюдаем"
watch,hold,1692340899,5475,"Картридж BCI-5EY для принтеров Canon BJ-F300, BJ F600, BJC-3000, BJC3010, BJ 535PD, BJ F360 желтый",от 0 до 1000,10.0,10.0,0.0,4.7,-5.3,14.0,1037.0,0.05,справочная,48,0,0.0,0.0,0.0,,0.0,,0,0.0,0.0,,59.0000000000000000,46.0000000000000000,13.0,76,34,0,582,19,0,6,0,0,0,1,0,0.0,0.0,0,0,"кликов за неделю 0 (за всё время 0), расход 0 ₽ (накоплено 0 ₽) — судить не о чем, наблюдаем"
watch,hold,1692352506,5290,"Картридж T31A для принтеров Deli M3100, P3100 черный",Эксперимент1,8.0,8.0,0.0,16.5,8.5,15.9,5036.0,0.03,справочная,24,0,0.0,0.0,0.0,,0.0,,0,0.0,0.0,,65.0000000000000000,48.0000000000000000,17.0,65,9,0,3815,11,0,15,0,0,0,1,0,0.0,0.0,0,0,"кликов за неделю 0 (за всё время 0), расход 0 ₽ (накоплено 0 ₽) — судить не о чем, наблюдаем"
watch,hold,1692377098,5509,"Блок проявки DV-512M для принтеров Konica Minolta Bizhub 224e, Bizhub 284e, 364e, 454e, 554e, C284e, C364e, C454e C554e пурпурный",Эксперимент1,8.0,8.0,0.0,30.1,22.1,13.1,18586.0,0.02,справочная,36,0,0.0,0.0,0.0,,0.0,,0,0.0,0.0,,52.0000000000000000,50.0000000000000000,2.0,28,15,0,117,9,1,15,0,0,0,0,0,0.0,0.0,0,0,"кликов за неделю 0 (за всё время 0), расход 0 ₽ (накоплено 0 ₽) — судить не о чем, наблюдаем"
watch,hold,1692378464,5510,"Блок проявки DV-512Y для принтеров Konica Minolta Bizhub 224e, Bizhub 284, 364e, 454e, 554e, C284e, C364e, C454e C554e желтый",от 10000 до 500 тыс,20.93,20.93,0.0,30.1,9.2,13.1,18586.0,0.02,справочная,55,0,0.0,0.0,0.0,,0.0,,0,0.0,0.0,,36.0000000000000000,41.0000000000000000,-5.0,38,15,0,78,4,1,5,0,0,0,1,0,0.0,0.0,0,0,"кликов за неделю 0 (за всё время 0), расход 0 ₽ (накоплено 0 ₽) — судить не о чем, наблюдаем"
watch,hold,1692497601,5628,Картридж TK-5380Y для принтеров Kyocera ECOSYS MA4000cifx желтый,Эксперимент1,9.0,9.0,0.0,22.4,13.4,15.4,7188.0,0.03,справочная,41,0,0.0,0.0,0.0,,0.0,,0,0.0,0.0,,66.0000000000000000,47.0000000000000000,19.0,20,-3,0,3316,44,0,2,1,7188.0000,0,4,0,0.0,0.0,0,0,"кликов за неделю 0 (за всё время 0), расход 0 ₽ (накоплено 0 ₽) — судить не о чем, наблюдаем"
watch,hold,1692502062,5627,Картридж TK-5380M для принтеров Kyocera ECOSYS MA4000cifx пурпурный,Эксперимент1,8.0,8.0,0.0,22.4,14.4,15.4,7188.0,0.03,справочная,112,0,0.0,0.0,0.0,,0.0,,0,0.0,0.0,,100.0000000000000000,58.0000000000000000,42.0,20,4,0,3419,13,0,15,1,7188.0000,0,4,0,0.0,0.0,0,0,"кликов за неделю 0 (за всё время 0), расход 0 ₽ (накоплено 0 ₽) — судить не о чем, наблюдаем"
watch,hold,1692504266,5621,Картридж TK-5370K для принтеров Kyocera ECOSYS MA3500cifx черный,Эксперимент1,16.1,16.1,0.0,25.7,9.6,19.7,4364.0,0.04,справочная,82,0,0.0,0.0,0.0,,0.0,,0,0.0,0.0,,34.0000000000000000,58.0000000000000000,-24.0,48,8,0,55,4,4,15,1,4107.0000,1,14,1,8.64,0.0,0,0,"кликов за неделю 0 (за всё время 1), расход 0 ₽ (накоплено 9 ₽) — судить не о чем, наблюдаем"
watch,hold,1701784017,0345,"Картриджи CE410X-CE413A для принтеров HP Color LaserJet Pro 300 M351a, M375nw, HP M451dn, HP-M451dw, HPM451nw, HP MFP M475dn",Эксперимент1,8.0,8.0,0.0,16.8,8.8,12.8,10738.0,0.02,справочная,16,0,0.0,0.0,0.0,,0.0,,0,0.0,0.0,,107.0000000000000000,31.0000000000000000,76.0,9,-2,0,10,38,0,9,0,0,0,0,0,0.0,0.0,0,0,"кликов за неделю 0 (за всё время 0), расход 0 ₽ (накоплено 0 ₽) — судить не о чем, наблюдаем"
watch,hold,1716069603,4649,Картридж TK-8545Y для принтеров Kyocera TASKalfa 4054ci желтый,Эксперимент1,8.0,8.0,0.0,28.6,20.6,15.9,8740.0,0.03,справочная,60,0,0.0,0.0,0.0,,0.0,,0,0.0,0.0,,73.0000000000000000,167.0000000000000000,-94.0,15,-3,0,24,21,0,9,0,0,0,0,0,0.0,0.0,0,0,"кликов за неделю 0 (за всё время 0), расход 0 ₽ (накоплено 0 ₽) — судить не о чем, наблюдаем"
watch,hold,1716069692,5287,Картридж T1A для принтеров Deli и M2500AD черный,от 2000 до 5000,19.33,19.33,0.0,21.3,2.0,17.0,4445.0,0.04,справочная,0,0,0,0,0,,,,0,0.0,0.0,,73.0000000000000000,82.0000000000000000,-9.0,57,-1,0,3887,12,0,6,0,0,0,1,0,0.0,0.0,0,0,"кликов за неделю 0 (за всё время 0), расход 0 ₽ (накоплено 0 ₽) — судить не о чем, наблюдаем"
watch,hold,1716069692,5287,Картридж T1A для принтеров Deli и M2500AD черный,Эксперимент1,14.5,14.5,0.0,21.3,6.8,17.0,4445.0,0.04,справочная,150,0,0.0,0.0,0.0,,0.0,,0,0.0,0.0,,73.0000000000000000,82.0000000000000000,-9.0,57,-1,0,3887,12,0,6,0,0,0,1,3,20.25,0.0,0,0,"кликов за неделю 0 (за всё время 3), расход 0 ₽ (накоплено 20 ₽) — судить не о чем, наблюдаем"
watch,hold,1717844452,5715,Картридж TK-7235 для принтеров Kyocera и TASKalfa MZ4000i черный,Эксперимент1,8.0,8.0,0.0,27.2,19.2,14.6,14187.0,0.02,справочная,12,0,0.0,0.0,0.0,,0.0,,0,0.0,0.0,,28.0000000000000000,259.0000000000000000,-231.0,12,-3,0,12,6,1,3,0,0,0,2,0,0.0,0.0,0,0,"кликов за неделю 0 (за всё время 0), расход 0 ₽ (накоплено 0 ₽) — судить не о чем, наблюдаем"
watch,hold,1719288406,5721,"Картридж 006R04371 для принтеров Xerox C310, C315 желтый",от 2000 до 5000,12.0,12.0,0.0,27.9,15.9,20.4,4529.0,0.04,справочная,15,0,0.0,0.0,0.0,,0.0,,0,0.0,0.0,,72.0000000000000000,45.0000000000000000,27.0,11,6,0,13,40,0,3,0,0,0,2,0,0.0,0.0,0,0,"кликов за неделю 0 (за всё время 0), расход 0 ₽ (накоплено 0 ₽) — судить не о чем, наблюдаем"
watch,hold,1719285984,5720,"Картридж 006R04370 для принтеров Xerox C310, C315 пурпурный",от 2000 до 5000,13.0,13.0,0.0,27.9,14.9,20.4,4529.0,0.04,справочная,16,0,0.0,0.0,0.0,,0.0,,0,0.0,0.0,,88.0000000000000000,209.0000000000000000,-121.0,9,4,0,11,18,0,4,0,0,0,2,0,0.0,0.0,0,0,"кликов за неделю 0 (за всё время 0), расход 0 ₽ (накоплено 0 ₽) — судить не о чем, наблюдаем"
watch,hold,1732466104,5526,"Картридж F-1500 для принтеров Huawei и PixLab B5, PixLab X1 черный",от 1000-2000,10.0,10.0,0.0,7.7,-2.3,16.8,1312.0,0.05,справочная,28,0,0.0,0.0,0.0,,0.0,,0,0.0,0.0,,52.0000000000000000,41.0000000000000000,11.0,38,-3,0,55,28,0,6,1,1457.0000,0,4,0,0.0,0.0,0,0,"кликов за неделю 0 (за всё время 0), расход 0 ₽ (накоплено 0 ₽) — судить не о чем, наблюдаем"
watch,hold,1744145180,5736,"Картридж BPGT20YA для принтеров Sharp и C-CUBE-BP10Р 20EU, BP20C20EU, BP20C25EU желтый",Эксперимент1,9.0,9.0,0.0,24.9,15.9,16.9,10467.0,0.02,справочная,37,0,0.0,0.0,0.0,,0.0,,0,0.0,0.0,,89.0000000000000000,76.0000000000000000,13.0,35,9,8130,159,20,0,3,0,0,1,2,0,0.0,0.0,0,0,"кликов за неделю 0 (за всё время 0), расход 0 ₽ (накоплено 0 ₽) — судить не о чем, наблюдаем"
watch,hold,1760574650,5768,"Картридж W2301X для принтеров HP Color LaserJet Pro 4203cdn, 4303dw голубой",Вне РК — спрос без рекламы (08.08),21.96,21.96,0.0,27.2,5.2,19.4,6301.0,0.03,справочная,20,0,0.0,0.0,0.0,,0.0,,0,0,0,,36.0000000000000000,46.0000000000000000,-10.0,19,4,0,25,18,0,3,0,0,0,2,0,0.0,0.0,0,0,"кликов за неделю 0 (за всё время 0), расход 0 ₽ (накоплено 0 ₽) — судить не о чем, наблюдаем"
watch,hold,1760597241,5769,"Картридж W2302X для принтеров HP Color LaserJet Pro 4203cdn, 4303dw желтый",Вне РК — спрос без рекламы (08.08),21.96,21.96,0.0,26.8,4.8,19.2,6301.0,0.03,справочная,19,0,0.0,0.0,0.0,,0.0,,0,0,0,,68.0000000000000000,46.0000000000000000,22.0,18,5,0,1058,8,1,15,0,0,0,3,0,0.0,0.0,0,0,"кликов за неделю 0 (за всё время 0), расход 0 ₽ (накоплено 0 ₽) — судить не о чем, наблюдаем"
watch,hold,1766855608,5758,"Чернила 108BK для принтеров Epson и EcoTank L6490 L18050, EcoTank L8050, 008 черный",от 0 до 1000,10.0,10.0,0.0,4.5,-5.5,14.1,827.0,0.06,справочная,0,0,0,0,0,,,,0,0,0,,92.0000000000000000,88.0000000000000000,4.0,115,-29,0,550,17,0,13,0,0,0,12,0,0,0,0,0,"кликов за неделю 0 (за всё время 0), расход 0 ₽ (накоплено 0 ₽) — судить не о чем, наблюдаем"
watch,hold,1769492915,57733,"Картридж для Canon i-SENSYS MF461dw, MF463dw",от 2000 до 5000,12.0,12.0,0.0,15.7,3.7,15.1,3890.0,0.04,справочная,28,0,0.0,0.0,0.0,,0.0,,1,1.0,0.0,1.0,75.0000000000000000,43.0000000000000000,32.0,46,-15,0,370,2,2,15,2,6622.0000,0,9,3,33.24,0.0,0,0,"кликов за неделю 0 (за всё время 3), расход 0 ₽ (накоплено 33 ₽) — судить не о чем, наблюдаем"
watch,hold,1851840003,5833,Картридж W2000X-W2003X для принтеров HP Color LJ M751,Эксперимент1,9.0,9.0,0.0,57.5,48.5,10.2,55270.0,0.02,справочная,15,0,0.0,0.0,0.0,,0.0,,0,0.0,0.0,,,71.0000000000000000,,0,-22,0,0,,0,0,0,0,0,1,0,0.0,0.0,0,0,"кликов за неделю 0 (за всё время 0), расход 0 ₽ (накоплено 0 ₽) — судить не о чем, наблюдаем"
watch,hold,1851840003,5833,Картридж W2000X-W2003X для принтеров HP Color LJ M751,от 10000 до 500 тыс,12.0,12.0,0.0,57.5,45.5,10.2,55270.0,0.02,справочная,7,0,0.0,0.0,0.0,,0.0,,1,3.68,0.0,3.7,,71.0000000000000000,,0,-22,0,0,,0,0,0,0,0,1,2,15.16,0.0,0,0,"кликов за неделю 0 (за всё время 2), расход 0 ₽ (накоплено 15 ₽) — судить не о чем, наблюдаем"
watch,hold,1851967374,5822,"Картридж TN-1071V для принтеров Avision AM40, AP406 черный",от 2000 до 5000,12.0,12.0,0.0,6.9,-5.1,8.7,4648.0,0.04,справочная,17,0,0.0,0.0,0.0,,0.0,,0,0.0,0.0,,48.0000000000000000,29.0000000000000000,19.0,8,-7,0,9,31,0,1,0,0,0,0,0,0.0,0.0,0,0,"кликов за неделю 0 (за всё время 0), расход 0 ₽ (накоплено 0 ₽) — судить не о чем, наблюдаем"
watch,hold,1852062768,5807,Картридж C-EXV65K для принтеров Canon iR-C3226i черный,от 5000 до 10000,32.0,32.0,0.0,36.2,4.2,20.6,7727.0,0.03,справочная,57,0,0.0,0.0,0.0,,0.0,,2,29.56,1.0,14.8,59.0000000000000000,59.0000000000000000,0.0,58,7,9656,3479,3,3,15,1,7574.0000,1,24,3,52.10,1.0,0,0,"кликов за неделю 0 (за всё время 3), расход 0 ₽ (накоплено 52 ₽) — судить не о чем, наблюдаем"
watch,hold,1897483833,5848,"Картридж W1580X для принтеров HP LaserJet Tank 1020w, LJ Tank 2506W черный",от 1000-2000,11.0,11.0,0.0,9.9,-1.1,16.7,1693.0,0.05,справочная,9,0,0.0,0.0,0.0,,0.0,,0,0.0,0.0,,80.0000000000000000,74.0000000000000000,6.0,12,-9,0,16,21,0,12,0,0,0,0,0,0.0,0.0,0,0,"кликов за неделю 0 (за всё время 0), расход 0 ₽ (накоплено 0 ₽) — судить не о чем, наблюдаем"
watch,hold,1999325856,5941,"Картридж W1390X для принтеров HP LaserJet Pro 3001dw, LJ Pro 3002dn черный",Эксперимент1,8.0,8.0,0.0,,,,3665.0,0.04,справочная,0,0,0,0,0,,,,0,0,0,,,,,0,0,0,0,,0,0,0,0,0,0,0,0,0,0,0,"кликов за неделю 0 (за всё время 0), расход 0 ₽ (накоплено 0 ₽) — судить не о чем, наблюдаем"
watch,hold,1999325856,5941,"Картридж W1390X для принтеров HP LaserJet Pro 3001dw, LJ Pro 3002dn черный",от 2000 до 5000,12.0,12.0,0.0,,,,3665.0,0.04,справочная,0,0,0,0,0,,,,0,0,0,,,,,0,0,0,0,,0,0,0,0,0,0,0,0,0,0,0,"кликов за неделю 0 (за всё время 0), расход 0 ₽ (накоплено 0 ₽) — судить не о чем, наблюдаем"
watch,hold,1999421449,5963,"Картридж TK-1260 для принтеров Kyocera PA4000wx, PA4000x черный",от 2000 до 5000,19.33,19.33,0.0,24.4,5.1,19.0,4351.0,0.04,справочная,26,0,0.0,0.0,0.0,,0.0,,0,0.0,0.0,,55.0000000000000000,39.0000000000000000,16.0,18,-14,0,22,17,0,5,0,0,0,1,1,7.94,0.0,0,0,"кликов за неделю 0 (за всё время 1), расход 0 ₽ (накоплено 8 ₽) — судить не о чем, наблюдаем"
watch,hold,1999437759,5969,"Картридж TN-2510XL для принтеров Brother DCP-L2620DWR, DCP L2627DW, HL-L2400DWE, HL-L2445DW, HL L2447DW, HLL2865DW, MFC-L2800DW, MFC-L2827DW черный",от 2000 до 5000,12.0,12.0,0.0,18.2,6.2,20.4,2960.0,0.04,справочная,20,0,0.0,0.0,0.0,,0.0,,0,0.0,0.0,,30.0000000000000000,54.0000000000000000,-24.0,18,-12,0,28,6,2,14,0,0,0,9,0,0.0,0.0,0,1,"кликов за неделю 0 (за всё время 0), расход 0 ₽ (накоплено 0 ₽) — судить не о чем, наблюдаем"
watch,hold,1999574151,6051,"Фотобарабан DK-450 для принтеров Kyocera FS-6970, FS-6970DN черный",Пустые РК,12.0,12.0,0.0,64.1,52.1,11.0,53444.0,0.02,справочная,3,0,0.0,0.0,0.0,,0.0,,0,0.0,0.0,,185.0000000000000000,435.0000000000000000,-250.0,2,-6,0,6,20,0,2,0,0,0,0,0,0.0,0.0,0,0,"кликов за неделю 0 (за всё время 0), расход 0 ₽ (накоплено 0 ₽) — судить не о чем, наблюдаем"
watch,hold,2129688773,6116,"Картриджи 44844613-44844616 для принтеров OKI C 822, C-822DN, C822N",от 10000 до 500 тыс,12.0,12.0,0.0,32.1,20.1,12.3,21960.0,0.02,справочная,4,0,0.0,0.0,0.0,,0.0,,0,0.0,0.0,,22.0000000000000000,42.0000000000000000,-20.0,6,-5,0,5,6,2,5,0,0,0,2,0,0.0,0.0,0,0,"кликов за неделю 0 (за всё время 0), расход 0 ₽ (накоплено 0 ₽) — судить не о чем, наблюдаем"
watch,hold,2129702230,6173,Фотобарабан DR240 для принтеров Катюша M240 черный,Эксперимент1,8.0,8.0,0.0,22.8,14.8,17.6,4523.0,0.04,справочная,18,0,0.0,0.0,0.0,,0.0,,0,0.0,0.0,,66.0000000000000000,50.0000000000000000,16.0,18,1,0,41,49,0,6,0,0,0,1,0,0.0,0.0,0,0,"кликов за неделю 0 (за всё время 0), расход 0 ₽ (накоплено 0 ₽) — судить не о чем, наблюдаем"
watch,hold,2129710726,6082,"Картридж CTL-2200HBK для принтеров CM2200FDW, CP2200DW черный",Пустые РК,12.0,12.0,0.0,28.9,16.9,12.2,20077.0,0.02,справочная,0,0,0,0,0,,,,0,0,0,,,,,0,0,0,0,,0,0,0,0,0,1,0,0,0,0,0,"кликов за неделю 0 (за всё время 0), расход 0 ₽ (накоплено 0 ₽) — судить не о чем, наблюдаем"
watch,hold,2205638000,3355,Картридж №957XL черный,Эксперимент1,9.0,9.0,0.0,15.6,6.6,20.5,2516.0,0.04,справочная,33,0,0.0,0.0,0.0,,0.0,,0,0.0,0.0,,52.0000000000000000,30.0000000000000000,22.0,8,6,0,8,,0,0,0,0,0,4,0,0.0,0.0,0,0,"кликов за неделю 0 (за всё время 0), расход 0 ₽ (накоплено 0 ₽) — судить не о чем, наблюдаем"
watch,hold,2205687545,0932,"Картриджи T2621XL-T2634XL для принтеров Epson Expression XP-510, XP 600, XP605, XP-700, XP710, XP 800",Эксперимент1,12.89,12.89,0.0,16.1,3.2,20.3,2636.0,0.04,справочная,62,0,0.0,0.0,0.0,,0.0,,0,0.0,0.0,,90.0000000000000000,57.0000000000000000,33.0,34,-6,0,54,54,0,3,0,0,0,1,1,12.74,0.0,0,0,"кликов за неделю 0 (за всё время 1), расход 0 ₽ (накоплено 13 ₽) — судить не о чем, наблюдаем"
watch,hold,2209356933,0370,Картриджи CE310A-CE313A,Эксперимент1,12.89,12.89,0.0,22.9,10.0,17.2,6263.0,0.03,справочная,25,0,0.0,0.0,0.0,,0.0,,0,0.0,0.0,,72.0000000000000000,75.0000000000000000,-3.0,11,-5,0,13,4,1,2,0,0,0,3,0,0.0,0.0,0,0,"кликов за неделю 0 (за всё время 0), расход 0 ₽ (накоплено 0 ₽) — судить не о чем, наблюдаем"
watch,hold,2209356933,0370,Картриджи CE310A-CE313A,от 2000 до 5000,19.33,19.33,0.0,22.9,3.6,17.2,6263.0,0.03,справочная,4,0,0.0,0.0,0.0,,0.0,,0,0.0,0.0,,72.0000000000000000,75.0000000000000000,-3.0,11,-5,0,13,4,1,2,0,0,0,3,1,11.71,0.0,0,0,"кликов за неделю 0 (за всё время 1), расход 0 ₽ (накоплено 12 ₽) — судить не о чем, наблюдаем"
watch,hold,2509957954,5589,"Картридж TN-2480 для принтеров Brother DCP-L2550DW, HL-L2370DN, HL L2375DW, HLL2385DW, MFC-L2715DW, MFC-L2750DW черный",от 1000-2000,19.33,19.33,0.0,13.1,-6.2,18.8,2380.0,0.04,справочная,28,0,0.0,0.0,0.0,,0.0,,0,0.0,0.0,,60.0000000000000000,52.0000000000000000,8.0,20,-2,0,24,11,0,15,0,0,0,2,0,0.0,0.0,0,0,"кликов за неделю 0 (за всё время 0), расход 0 ₽ (накоплено 0 ₽) — судить не о чем, наблюдаем"
watch,hold,2569522518,4855,"Фотобарабан 108R01481 для принтеров Xerox VersaLink C500, C505 голубой",Эксперимент1,8.0,8.0,0.0,29.8,21.8,15.0,14899.0,0.02,справочная,54,0,0.0,0.0,0.0,,0.0,,0,0.0,0.0,,51.0000000000000000,119.0000000000000000,-68.0,7,3,0,13,16,0,7,0,0,0,0,0,0.0,0.0,0,0,"кликов за неделю 0 (за всё время 0), расход 0 ₽ (накоплено 0 ₽) — судить не о чем, наблюдаем"
watch,hold,2606371992,6378,"Картриджи C-EXV29 для принтеров Canon ImageRunner Advance C5235, iR Advance C5030",Эксперимент1,12.89,12.89,0.0,46.8,33.9,10.3,44125.0,0.02,справочная,28,0,0.0,0.0,0.0,,0.0,,0,0.0,0.0,,45.0000000000000000,67.0000000000000000,-22.0,9,-5,0,9,5,1,7,0,0,0,1,0,0.0,0.0,0,0,"кликов за неделю 0 (за всё время 0), расход 0 ₽ (накоплено 0 ₽) — судить не о чем, наблюдаем"
watch,hold,2606371992,6378,"Картриджи C-EXV29 для принтеров Canon ImageRunner Advance C5235, iR Advance C5030",от 10000 до 500 тыс,19.33,19.33,0.0,46.8,27.5,10.3,44125.0,0.02,справочная,9,0,0.0,0.0,0.0,,0.0,,0,0.0,0.0,,45.0000000000000000,67.0000000000000000,-22.0,9,-5,0,9,5,1,7,0,0,0,1,0,0.0,0.0,0,0,"кликов за неделю 0 (за всё время 0), расход 0 ₽ (накоплено 0 ₽) — судить не о чем, наблюдаем"
watch,hold,2661349069,6384,"Картридж TL-R5220X для принтеров BM5201ADN, BP5200DN черный",от 5000 до 10000,12.0,12.0,0.0,27.8,15.8,15.3,8987.0,0.03,справочная,31,0,0.0,0.0,0.0,,0.0,,0,0.0,0.0,,114.0000000000000000,48.0000000000000000,66.0,33,-1,0,3472,23,0,12,0,0,0,0,0,0.0,0.0,0,0,"кликов за неделю 0 (за всё время 0), расход 0 ₽ (накоплено 0 ₽) — судить не о чем, наблюдаем"
watch,hold,2908964978,6604,"Фотобарабан + картридж DK-150+TK-130 для принтеров Kyocera EcoSys M2030, M2530, P2035, FS-1028, FS1030 MFP, FS-1120, FS1128, FS 1300D черный",Эксперимент1,8.0,8.0,0.0,25.9,17.9,14.2,9386.0,0.03,справочная,27,0,0.0,0.0,0.0,,0.0,,2,19.58,0.0,9.8,113.0000000000000000,87.0000000000000000,26.0,24,-12,0,36,65,0,3,0,0,0,1,3,20.58,0.0,0,0,"кликов за неделю 0 (за всё время 3), расход 0 ₽ (накоплено 21 ₽) — судить не о чем, наблюдаем"
watch,hold,2909229333,6608,Фотобарабан + картридж SP-230H DU+SP-230H для принтеров Ricoh Aficio SP 230FNw черный,от 2000 до 5000,13.0,13.0,0.0,16.2,3.2,14.7,5570.0,0.03,справочная,7,0,0.0,0.0,0.0,,0.0,,0,0.0,0.0,,31.0000000000000000,109.0000000000000000,-78.0,6,-5,0,6,3,2,6,0,0,0,1,0,0.0,0.0,0,0,"кликов за неделю 0 (за всё время 0), расход 0 ₽ (накоплено 0 ₽) — судить не о чем, наблюдаем"
watch,hold,2909396923,6612,"Фотобарабан + картридж DR-421CL+TN-423 для принтеров Brother DCP-L8410CDW, HL-L8260CDW, HL L8360CDW, HLL9310, MFC-L8690CDW, MFC-L8900CDW",от 10000 до 500 тыс,22.54,22.54,0.0,44.7,22.2,12.3,30639.0,0.02,справочная,62,0,0.0,0.0,0.0,,0.0,,4,49.91,0.0,12.5,,26.0000000000000000,,0,-51,0,0,,0,0,0,0,1,5,5,50.91,0.0,0,0,"кликов за неделю 0 (за всё время 5), расход 0 ₽ (накоплено 51 ₽) — судить не о чем, наблюдаем"
watch,hold,2912257280,6623,"Фотобарабан + картридж 101R00664 DU+106R04348 для принтеров Xerox B-205, B 210, B215 черный",от 2000 до 5000,19.33,19.33,0.0,7.2,-12.1,8.8,4727.0,0.04,справочная,33,0,0.0,0.0,0.0,,0.0,,0,0.0,0.0,,53.0000000000000000,58.0000000000000000,-5.0,24,-14,0,29,29,0,5,0,0,1,2,2,28.08,0.0,0,0,"кликов за неделю 0 (за всё время 2), расход 0 ₽ (накоплено 28 ₽) — судить не о чем, наблюдаем"
watch,hold,2912670083,6629,"Фотобарабан + картридж CLT-R404 DU+CLT-404S для принтеров Samsung SL-C430, SL C430W, SLC480, SL-C480FW, SLC480W",Эксперимент1,8.0,8.0,0.0,20.8,12.8,12.4,14040.0,0.02,справочная,0,0,0,0,0,,,,1,10.74,0.0,10.7,,46.0000000000000000,,0,-15,0,0,,0,0,0,0,0,1,1,10.74,0.0,0,0,"кликов за неделю 0 (за всё время 1), расход 0 ₽ (накоплено 11 ₽) — судить не о чем, наблюдаем"
watch,hold,2916033944,6639,"Фотобарабан + картридж DR-2405+TN-2424 для принтеров Brother DCP-L2510, DCP L2535DW, HL L2335D, HL-L2350DW, HL-L2370DN, HLL2375DW, MFC-L2710DW, MFC L2715DW черный",Эксперимент1,8.0,8.0,0.0,19.9,11.9,15.5,6328.0,0.03,справочная,22,0,0.0,0.0,0.0,,0.0,,0,0.0,0.0,,,90.0000000000000000,,0,-15,0,0,,0,0,0,0,0,0,1,12.33,0.0,0,0,"кликов за неделю 0 (за всё время 1), расход 0 ₽ (накоплено 12 ₽) — судить не о чем, наблюдаем"
watch,hold,2921448193,6664,"Фотобарабан + картридж CF257A+CF256X для принтеров HP LaserJet M433, LJ-M436, LJM436n, LJ M436nda черный",от 10000 до 500 тыс,12.0,12.0,0.0,40.4,28.4,11.3,32042.0,0.02,справочная,0,0,0,0,0,,,,0,0.0,0.0,,,,,0,0,0,0,,0,0,0,0,0,2,0,0.0,0.0,0,0,"кликов за неделю 0 (за всё время 0), расход 0 ₽ (накоплено 0 ₽) — судить не о чем, наблюдаем"
watch,hold,2926045785,6709,"Фотобарабан + картридж 101R00435 DU+106R01305 для принтеров Xerox WorkCentre 5225, WC 5230 черный",Вне РК — спрос без рекламы (08.08),21.96,21.96,0.0,27.5,5.5,12.1,19364.0,0.02,справочная,8,0,0.0,0.0,0.0,,0.0,,0,0.0,0.0,,141.0000000000000000,35.0000000000000000,106.0,8,-4,0,3403,4,1,2,0,0,1,2,0,0.0,0.0,0,0,"кликов за неделю 0 (за всё время 0), расход 0 ₽ (накоплено 0 ₽) — судить не о чем, наблюдаем"
watch,hold,2926854950,6716,"Фотобарабан + картридж DR-312K+TN-323 для принтеров Konica Minolta Bizhub 227, Bizhub 287 черный",от 10000 до 500 тыс,20.93,20.93,0.0,31.1,10.2,12.6,20448.0,0.02,справочная,6,0,0.0,0.0,0.0,,0.0,,0,0.0,0.0,,,73.0000000000000000,,0,-15,0,0,,0,0,0,0,0,1,0,0.0,0.0,0,0,"кликов за неделю 0 (за всё время 0), расход 0 ₽ (накоплено 0 ₽) — судить не о чем, наблюдаем"
watch,hold,2928910892,6728,Фотобарабан + картридж MLT-R707 DU+MLT-D707L для принтеров Samsung MultiXpress SL-K2200 черный,от 10000 до 500 тыс,12.0,12.0,0.0,,,,48476.0,0.02,справочная,0,0,0,0,0,,,,0,0,0,,,,,0,0,0,0,,0,0,0,0,0,0,0,0,0,0,0,"кликов за неделю 0 (за всё время 0), расход 0 ₽ (накоплено 0 ₽) — судить не о чем, наблюдаем"
watch,hold,2999084930,1086,"Фотобарабан 101R00432 DU для принтеров Xerox WorkCentre 5016, WC 5020 черный",Эксперимент1,8.0,8.0,0.0,36.9,28.9,13.3,22221.0,0.02,справочная,14,0,0.0,0.0,0.0,,0.0,,0,0.0,0.0,,56.0000000000000000,40.0000000000000000,16.0,8,0,0,9,16,0,8,0,0,0,0,0,0.0,0.0,0,0,"кликов за неделю 0 (за всё время 0), расход 0 ₽ (накоплено 0 ₽) — судить не о чем, наблюдаем"
watch,hold,2999154722,0901,"Картридж LC-1240BK для принтеров Brother DCP-J525W, DCP J725DW, MFC-J430W, MFC-J5910DW черный",Пустые РК,16.1,16.1,0.0,11.2,-4.9,20.2,1475.0,0.05,справочная,56,0,0.0,0.0,0.0,,0.0,,2,22.77,0.0,11.4,38.0000000000000000,46.0000000000000000,-8.0,36,15,0,33,2,4,14,0,0,0,1,2,22.77,0.0,0,0,"кликов за неделю 0 (за всё время 2), расход 0 ₽ (накоплено 23 ₽) — судить не о чем, наблюдаем"
watch,hold,3006464917,2932,"Лента DX-2330/2430/817612 для принтеров Ricoh Priport DX 2330, Priport DX 2430 черный",Пустые РК,13.0,13.0,0.0,20.1,7.1,14.9,10129.0,0.02,справочная,8,0,0.0,0.0,0.0,,0.0,,0,0,0,,,41.0000000000000000,,0,-22,0,0,,0,0,0,0,0,0,0,0.0,0.0,0,0,"кликов за неделю 0 (за всё время 0), расход 0 ₽ (накоплено 0 ₽) — судить не о чем, наблюдаем"
watch,hold,3006490473,4201,"Картридж CF259A для принтеров HP LaserJet Pro M304, LJ Pro M404 черный",от 2000 до 5000,12.0,12.0,0.0,21.5,9.5,19.2,3787.0,0.04,справочная,3,0,0.0,0.0,0.0,,0.0,,0,0.0,0.0,,223.0000000000000000,88.0000000000000000,135.0,4,-4,0,4,,0,0,0,0,0,0,0,0.0,0.0,0,0,"кликов за неделю 0 (за всё время 0), расход 0 ₽ (накоплено 0 ₽) — судить не о чем, наблюдаем"
watch,hold,3006517349,5375,"Картридж 069H для принтеров Canon i-SENSYS LBP673Cdw, MF752Cdw, MF754Cdw голубой",Вне РК — спрос без рекламы (08.08),21.96,21.96,0.0,27.3,5.3,18.8,4952.0,0.04,справочная,32,0,0.0,0.0,0.0,,0.0,,0,0.0,0.0,,107.0000000000000000,49.0000000000000000,58.0,17,-6,0,37,8,2,13,2,9027.0000,1,5,0,0.0,0.0,0,0,"кликов за неделю 0 (за всё время 0), расход 0 ₽ (накоплено 0 ₽) — судить не о чем, наблюдаем"
watch,hold,3152787996,5376,"Картридж 069H для принтеров Canon i-SENSYS LBP-673Cdw, MF752Cdw, MF754Cdw пурпурный",от 2000 до 5000,24.16,24.16,0.0,24.5,0.3,17.8,4794.0,0.04,справочная,41,0,0.0,0.0,0.0,,0.0,,0,0.0,0.0,,70.0000000000000000,73.0000000000000000,-3.0,32,0,0,51,10,1,15,0,0,1,2,0,0.0,0.0,0,0,"кликов за неделю 0 (за всё время 0), расход 0 ₽ (накоплено 0 ₽) — судить не о чем, наблюдаем"
watch,hold,3199271505,1485,"Картридж PGI-1400XLM для принтеров Canon MAXIFY MB2040, MB2050 пурпурный",от 0 до 1000,10.0,10.0,0.0,5.5,-4.5,15.5,1055.0,0.05,справочная,20,0,0.0,0.0,0.0,,0.0,,0,0.0,0.0,,142.0000000000000000,60.0000000000000000,82.0,13,-2,0,13,9,1,13,0,0,0,0,0,0.0,0.0,0,0,"кликов за неделю 0 (за всё время 0), расход 0 ₽ (накоплено 0 ₽) — судить не о чем, наблюдаем"
watch,hold,3199281099,1806,"Фотобарабан 44844405 DU для принтеров OKI C 822, C 831, C 841 желтый",Эксперимент1,8.0,8.0,0.0,26.8,18.8,14.7,13804.0,0.02,справочная,40,0,0.0,0.0,0.0,,0.0,,3,13.54,0.0,4.5,49.0000000000000000,37.0000000000000000,12.0,43,29,0,173,2,7,15,0,0,0,0,3,13.54,0.0,0,0,"кликов за неделю 0 (за всё время 3), расход 0 ₽ (накоплено 14 ₽) — судить не о чем, наблюдаем"
watch,hold,3199344922,3076,"Картридж №727 для принтеров HP DesignJet T1500, DJ-T1530, DJ T2500, DJT2530, DJ T920 черный матовый",от 5000 до 10000,19.33,19.33,0.0,30.9,11.6,17.2,8451.0,0.03,справочная,22,0,0.0,0.0,0.0,,0.0,,0,0.0,0.0,,187.0000000000000000,76.0000000000000000,111.0,9,-18,0,117,36,0,9,0,0,0,1,1,23.92,0.0,0,0,"кликов за неделю 0 (за всё время 1), расход 0 ₽ (накоплено 24 ₽) — судить не о чем, наблюдаем"
watch,hold,3199351315,3133,Картридж T0599 для принтеров Epson Stylus Photo R2400 светло-серый,от 0 до 1000,12.0,12.0,0.0,0.0,-12.0,-1.3,419.0,0.06,справочная,28,0,0.0,0.0,0.0,,0.0,,0,0.0,0.0,,80.0000000000000000,53.0000000000000000,27.0,23,-1,0,27,23,0,5,0,0,1,1,0,0.0,0.0,0,0,"кликов за неделю 0 (за всё время 0), расход 0 ₽ (накоплено 0 ₽) — судить не о чем, наблюдаем"
watch,hold,3199375091,3741,"Чернила GT51-GT52 для принтеров HP DeskJet GT5810, DeskJetGT5820, Ink Tank 115, Ink Tank 315, SmartTank 500",от 1000-2000,19.33,19.33,0.0,15.9,-3.4,24.3,2062.0,0.04,справочная,74,0,0.0,0.0,0.0,,0.0,,1,16.87,0.0,16.9,100.0000000000000000,97.0000000000000000,3.0,49,-22,0,162,4,1,9,0,0,0,5,1,16.87,0.0,0,0,"кликов за неделю 0 (за всё время 1), расход 0 ₽ (накоплено 17 ₽) — судить не о чем, наблюдаем"
watch,hold,3535729644,6414,Картридж TK-5490B для принтеров Kyocera ECOSYS MA2101cfx черный,Эксперимент1,12.89,12.89,0.0,28.4,15.5,17.6,7517.0,0.03,справочная,0,0,0,0,0,,,,0,0,0,,,,,0,0,0,0,,0,0,0,0,0,2,0,0,0,0,0,"кликов за неделю 0 (за всё время 0), расход 0 ₽ (накоплено 0 ₽) — судить не о чем, наблюдаем"
watch,hold,3557209971,6339,"Картридж 78C50K0 для принтеров Lexmark CS421, CX421, CX522, LP CS521, LP CS622 черный",Вне РК — спрос без рекламы (08.08),21.96,21.96,0.0,31.1,9.1,20.8,6557.0,0.03,справочная,70,0,0.0,0.0,0.0,,0.0,,0,0.0,0.0,,96.0000000000000000,50.0000000000000000,46.0,10,7,0,17,11,0,9,0,0,0,2,0,0.0,0.0,0,0,"кликов за неделю 0 (за всё время 0), расход 0 ₽ (накоплено 0 ₽) — судить не о чем, наблюдаем"
watch,hold,3557209900,6340,"Картридж 78C50C0 для принтеров Lexmark CS421, CX421, CX522, LP CS521, LP CS622 голубой",Вне РК — спрос без рекламы (08.08),21.96,21.96,0.0,27.3,5.3,17.8,7100.0,0.03,справочная,59,0,0.0,0.0,0.0,,0.0,,0,0.0,0.0,,86.0000000000000000,,,7,6,0,331,18,0,6,0,0,0,1,0,0.0,0.0,0,0,"кликов за неделю 0 (за всё время 0), расход 0 ₽ (накоплено 0 ₽) — судить не о чем, наблюдаем"
watch,hold,3557209894,6341,"Картридж 78C50M0 для принтеров Lexmark CS421, CX421, CX522, LP CS521, LP CS622 пурпурный",Вне РК — спрос без рекламы (08.08),21.96,21.96,0.0,27.3,5.3,17.8,7100.0,0.03,справочная,60,0,0.0,0.0,0.0,,0.0,,0,0.0,0.0,,123.0000000000000000,,,9,8,0,3410,136,0,4,0,0,0,1,0,0.0,0.0,0,0,"кликов за неделю 0 (за всё время 0), расход 0 ₽ (накоплено 0 ₽) — судить не о чем, наблюдаем"
watch,hold,3557210540,6841,"Картридж CF289Y для принтеров HP LaserJet M507, LJ M528 черный",Эксперимент1,8.0,8.0,0.0,25.7,17.7,16.7,7314.0,0.03,справочная,15,0,0.0,0.0,0.0,,0.0,,0,0.0,0.0,,90.0000000000000000,108.0000000000000000,-18.0,5,-1,0,3299,28,0,5,0,0,0,1,0,0.0,0.0,0,0,"кликов за неделю 0 (за всё время 0), расход 0 ₽ (накоплено 0 ₽) — судить не о чем, наблюдаем"
watch,hold,3557210852,6812,"Картридж 055H Y для принтеров HP Color LaserJet M454dn, LJ Pro M454dw, M480f, M479dw, M479fdw, i-SENSYS LBP663cdw, MF 741, MF 743 желтый",Эксперимент1,8.0,8.0,0.0,21.0,13.0,17.3,4259.0,0.04,справочная,33,0,0.0,0.0,0.0,,0.0,,0,0.0,0.0,,57.0000000000000000,80.0000000000000000,-23.0,13,-1,0,31,2,3,9,0,0,0,0,0,0.0,0.0,0,0,"кликов за неделю 0 (за всё время 0), расход 0 ₽ (накоплено 0 ₽) — судить не о чем, наблюдаем"
watch,hold,3557210852,6812,"Картридж 055H Y для принтеров HP Color LaserJet M454dn, LJ Pro M454dw, M480f, M479dw, M479fdw, i-SENSYS LBP663cdw, MF 741, MF 743 желтый",от 2000 до 5000,12.0,12.0,0.0,21.0,9.0,17.3,4259.0,0.04,справочная,1,0,0.0,0.0,0.0,,0.0,,0,0.0,0.0,,57.0000000000000000,80.0000000000000000,-23.0,13,-1,0,31,2,3,9,0,0,0,0,0,0.0,0.0,0,0,"кликов за неделю 0 (за всё время 0), расход 0 ₽ (накоплено 0 ₽) — судить не о чем, наблюдаем"
watch,hold,3557210969,6810,"Картридж 055H C для принтеров HP Color LaserJet M454dn, LJ Pro M454dw, M480f, M479dw, M479fdw, i-SENSYS LBP663cdw, MF 741, MF 743 голубой",Эксперимент1,8.0,8.0,0.0,21.0,13.0,17.3,4259.0,0.04,справочная,22,0,0.0,0.0,0.0,,0.0,,0,0.0,0.0,,133.0000000000000000,122.0000000000000000,11.0,4,-3,0,7064,53,0,3,0,0,0,0,0,0.0,0.0,0,0,"кликов за неделю 0 (за всё время 0), расход 0 ₽ (накоплено 0 ₽) — судить не о чем, наблюдаем"
watch,hold,3557210969,6810,"Картридж 055H C для принтеров HP Color LaserJet M454dn, LJ Pro M454dw, M480f, M479dw, M479fdw, i-SENSYS LBP663cdw, MF 741, MF 743 голубой",от 2000 до 5000,12.0,12.0,0.0,21.0,9.0,17.3,4259.0,0.04,справочная,6,0,0.0,0.0,0.0,,0.0,,0,0.0,0.0,,133.0000000000000000,122.0000000000000000,11.0,4,-3,0,7064,53,0,3,0,0,0,0,0,0.0,0.0,0,0,"кликов за неделю 0 (за всё время 0), расход 0 ₽ (накоплено 0 ₽) — судить не о чем, наблюдаем"
watch,hold,3557211049,6787,"Картридж 067H для принтеров Canon i-SENSYS LBP-631CW, LBP633, MF651, MF651Cw черный",от 2000 до 5000,19.33,19.33,0.0,21.8,2.5,19.9,3666.0,0.04,справочная,28,0,0.0,0.0,0.0,,0.0,,0,0.0,0.0,,100.0000000000000000,60.0000000000000000,40.0,46,22,0,3511,11,0,14,0,0,0,2,0,0.0,0.0,0,0,"кликов за неделю 0 (за всё время 0), расход 0 ₽ (накоплено 0 ₽) — судить не о чем, наблюдаем"
watch,hold,3557211090,6761,"Картридж W1390X для принтеров HP LaserJet Pro 3001dw, LJ Pro 3002dn черный",Эксперимент1,8.0,8.0,0.0,24.8,16.8,18.4,4625.0,0.04,справочная,16,0,0.0,0.0,0.0,,0.0,,0,0.0,0.0,,30.0000000000000000,19.0000000000000000,11.0,6,0,0,7,31,0,2,0,0,0,1,0,0.0,0.0,0,0,"кликов за неделю 0 (за всё время 0), расход 0 ₽ (накоплено 0 ₽) — судить не о чем, наблюдаем"
watch,hold,3557211090,6761,"Картридж W1390X для принтеров HP LaserJet Pro 3001dw, LJ Pro 3002dn черный",от 2000 до 5000,13.0,13.0,0.0,24.8,11.8,18.4,4625.0,0.04,справочная,3,0,0.0,0.0,0.0,,0.0,,0,0.0,0.0,,30.0000000000000000,19.0000000000000000,11.0,6,0,0,7,31,0,2,0,0,0,1,0,0.0,0.0,0,0,"кликов за неделю 0 (за всё время 0), расход 0 ₽ (накоплено 0 ₽) — судить не о чем, наблюдаем"
watch,hold,3557211051,6542,"Картридж W1660A для принтеров HP LaserJet 1008, 1136A, MFP-1139, MFP 1188 черный",от 2000 до 5000,20.93,20.93,0.0,18.4,-2.5,19.4,3201.0,0.04,справочная,36,0,0.0,0.0,0.0,,0.0,,0,0.0,0.0,,93.0000000000000000,45.0000000000000000,48.0,21,14,0,56,6,1,2,0,0,0,1,0,0.0,0.0,0,0,"кликов за неделю 0 (за всё время 0), расход 0 ₽ (накоплено 0 ₽) — судить не о чем, наблюдаем"
watch,hold,3557211265,6459,"Чернила 115Y для принтеров Epson EcoTank L8160, EcoTank L8180 желтый",Эксперимент1,8.0,8.0,0.0,0.7,-7.3,7.1,567.0,0.06,справочная,27,0,0.0,0.0,0.0,,0.0,,0,0.0,0.0,,199.0000000000000000,96.0000000000000000,103.0,34,2,0,201,28,0,13,0,0,0,1,0,0.0,0.0,0,0,"кликов за неделю 0 (за всё время 0), расход 0 ₽ (накоплено 0 ₽) — судить не о чем, наблюдаем"
watch,hold,3558718258,6202,"Картридж TK-1060 для принтеров Avision AM5630i, AM5640i, AM7630i, AM7640i черный",Эксперимент1,8.0,8.0,0.0,26.2,18.2,16.0,7928.0,0.03,справочная,43,0,0.0,0.0,0.0,,0.0,,0,0.0,0.0,,15.0000000000000000,23.0000000000000000,-8.0,52,1,0,1213,8,2,14,0,0,0,0,0,0.0,0.0,0,0,"кликов за неделю 0 (за всё время 0), расход 0 ₽ (накоплено 0 ₽) — судить не о чем, наблюдаем"
watch,hold,3558766554,5678,"Заправочный комплект HP-140/ 140XL для принтеров HP DeskJet D4263, DeskJet D4363, OfficeJet J5783, OfficeJet J6413, PhotoSmart C4273, PhotoSmartC4275 черный",от 1000-2000,19.33,19.33,0.0,17.1,-2.2,20.6,2741.0,0.04,справочная,30,0,0.0,0.0,0.0,,0.0,,0,0.0,0.0,,200.0000000000000000,149.0000000000000000,51.0,18,1,0,3417,31,0,8,0,0,0,1,0,0.0,0.0,0,0,"кликов за неделю 0 (за всё время 0), расход 0 ₽ (накоплено 0 ₽) — судить не о чем, наблюдаем"
watch,hold,3650116441,6933,"Фотобарабан 46857506 для принтеров OKI Data C824, Data C834 пурпурный",от 10000 до 500 тыс,13.0,13.0,0.0,,,,22143.0,0.02,справочная,2,0,0.0,0.0,0.0,,0.0,,0,0,0,,,,,0,0,0,0,,0,0,0,0,0,1,0,0.0,0.0,0,0,"кликов за неделю 0 (за всё время 0), расход 0 ₽ (накоплено 0 ₽) — судить не о чем, наблюдаем"
watch,hold,3651550683,6930,"Фотобарабан 46438004 для принтеров OKI Data C823, Data C833 черный",от 10000 до 500 тыс,12.0,12.0,0.0,,,,22143.0,0.02,справочная,1,0,0.0,0.0,0.0,,0.0,,0,0,0,,,,,0,0,0,0,,0,0,0,0,0,0,0,0.0,0.0,0,0,"кликов за неделю 0 (за всё время 0), расход 0 ₽ (накоплено 0 ₽) — судить не о чем, наблюдаем"
watch,hold,3785889196,6600,Картриджи TK-5480 для принтеров Kyocera ECOSYS MA2101cfx,Эксперимент1,12.89,12.89,0.0,23.5,10.6,13.0,14709.0,0.02,справочная,0,0,0,0,0,,,,0,0,0,,,,,0,0,0,0,,0,0,0,0,0,1,4,15.57,0.0,0,0,"кликов за неделю 0 (за всё время 4), расход 0 ₽ (накоплено 16 ₽) — судить не о чем, наблюдаем"
watch,hold,3874205937,6532,Картриджи TK-8325 для принтеров Kyocera TASKalfa 2551ci,Эксперимент1,12.89,12.89,0.0,19.1,6.2,11.4,14948.0,0.02,справочная,24,0,0.0,0.0,0.0,,0.0,,0,0.0,0.0,,,143.0000000000000000,,0,-18,0,0,,0,0,0,0,0,2,1,6.21,0.0,0,0,"кликов за неделю 0 (за всё время 1), расход 0 ₽ (накоплено 6 ₽) — судить не о чем, наблюдаем"
watch,hold,4451926495,011210,Картридж для Brother DCP-8065DN,Эксперимент1,8.0,8.0,0.0,20.4,12.4,19.6,3487.0,0.04,справочная,96,0,0.0,0.0,0.0,,0.0,,0,0.0,0.0,,11.0000000000000000,8.0000000000000000,3.0,54,1,0,89,1,2,4,0,0,0,2,0,0.0,0.0,0,0,"кликов за неделю 0 (за всё время 0), расход 0 ₽ (накоплено 0 ₽) — судить не о чем, наблюдаем"
watch,hold,4451928403,01192,Картридж для Kyocera FS-1128MFP,от 1000-2000,19.33,19.33,0.0,14.4,-4.9,22.3,2086.0,0.04,справочная,24,0,0.0,0.0,0.0,,0.0,,0,0.0,0.0,,118.0000000000000000,34.0000000000000000,84.0,19,-4,0,42,4,6,15,0,0,0,1,1,16.64,0.0,0,0,"кликов за неделю 0 (за всё время 1), расход 0 ₽ (накоплено 17 ₽) — судить не о чем, наблюдаем"
watch,hold,4451978109,02024,Картридж для HP DeskJet 2050 - J510a,Эксперимент1,12.89,12.89,0.0,23.7,10.8,18.8,5730.0,0.03,справочная,81,0,0.0,0.0,0.0,,0.0,,0,0.0,0.0,,141.0000000000000000,91.0000000000000000,50.0,28,-9,0,155,30,0,6,0,0,0,1,0,0.0,0.0,0,0,"кликов за неделю 0 (за всё время 0), расход 0 ₽ (накоплено 0 ₽) — судить не о чем, наблюдаем"
watch,hold,4451978109,02024,Картридж для HP DeskJet 2050 - J510a,от 2000 до 5000,19.33,19.33,0.0,23.7,4.4,18.8,5730.0,0.03,справочная,52,0,0.0,0.0,0.0,,0.0,,0,0.0,0.0,,141.0000000000000000,91.0000000000000000,50.0,28,-9,0,155,30,0,6,0,0,0,1,0,0.0,0.0,0,0,"кликов за неделю 0 (за всё время 0), расход 0 ₽ (накоплено 0 ₽) — судить не о чем, наблюдаем"
watch,hold,4451982920,02201,Картридж для Canon i-SENSYS LBP-6200d,Эксперимент1,12.89,12.89,0.0,14.0,1.1,18.1,2667.0,0.04,справочная,68,0,0.0,0.0,0.0,,0.0,,0,0.0,0.0,,64.0000000000000000,64.0000000000000000,0.0,63,55,1698,291,19,0,13,0,0,1,1,0,0.0,0.0,0,0,"кликов за неделю 0 (за всё время 0), расход 0 ₽ (накоплено 0 ₽) — судить не о чем, наблюдаем"
watch,hold,4451982920,02201,Картридж для Canon i-SENSYS LBP-6200d,от 1000-2000,19.33,19.33,0.0,14.0,-5.3,18.1,2667.0,0.04,справочная,1,0,0.0,0.0,0.0,,0.0,,1,14.73,1.0,14.7,64.0000000000000000,64.0000000000000000,0.0,63,55,1698,291,19,0,13,0,0,1,1,1,14.73,1.0,0,0,"кликов за неделю 0 (за всё время 1), расход 0 ₽ (накоплено 15 ₽) — судить не о чем, наблюдаем"
watch,hold,4451986187,02275,Картридж для Canon iR-1022A,Эксперимент1,12.89,12.89,0.0,19.8,6.9,22.4,2852.0,0.04,справочная,41,0,0.0,0.0,0.0,,0.0,,0,0.0,0.0,,21.0000000000000000,36.0000000000000000,-15.0,11,0,0,14,7,2,10,0,0,0,1,0,0.0,0.0,0,0,"кликов за неделю 0 (за всё время 0), расход 0 ₽ (накоплено 0 ₽) — судить не о чем, наблюдаем"
watch,hold,4451987621,02301,Картридж для Panasonic KX-FL403,Эксперимент1,8.0,8.0,0.0,5.4,-2.6,12.1,1527.0,0.05,справочная,119,0,0.0,0.0,0.0,,0.0,,3,15.77,1.0,5.3,65.0000000000000000,72.0000000000000000,-7.0,62,23,985,687,1,3,14,0,0,1,2,3,15.77,1.0,0,0,"кликов за неделю 0 (за всё время 3), расход 0 ₽ (накоплено 16 ₽) — судить не о чем, наблюдаем"
watch,hold,4451986444,02325,Картридж для Panasonic KX-MB763,Эксперимент1,8.0,8.0,0.0,0.0,-8.0,-8.6,468.0,0.06,справочная,70,0,0.0,0.0,0.0,,0.0,,4,31.26,0.0,7.8,61.0000000000000000,59.0000000000000000,2.0,60,-20,0,579,187,0,1,0,0,0,1,7,55.22,0.0,0,0,"кликов за неделю 0 (за всё время 7), расход 0 ₽ (накоплено 55 ₽) — судить не о чем, наблюдаем"
watch,hold,4451986444,02325,Картридж для Panasonic KX-MB763,от 0 до 1000,10.0,10.0,0.0,0.0,-10.0,-8.6,468.0,0.06,справочная,41,0,0.0,0.0,0.0,,0.0,,0,0.0,0.0,,61.0000000000000000,59.0000000000000000,2.0,60,-20,0,579,187,0,1,0,0,0,1,0,0.0,0.0,0,0,"кликов за неделю 0 (за всё время 0), расход 0 ₽ (накоплено 0 ₽) — судить не о чем, наблюдаем"
watch,hold,4451988893,02496,Картридж для Brother DCP-7070DWR,Эксперимент1,12.89,12.89,0.0,13.6,0.7,19.9,2286.0,0.04,справочная,27,0,0.0,0.0,0.0,,0.0,,1,8.01,0.0,8.0,90.0000000000000000,99.0000000000000000,-9.0,18,6,0,49,23,0,7,0,0,0,1,1,8.01,0.0,0,0,"кликов за неделю 0 (за всё время 1), расход 0 ₽ (накоплено 8 ₽) — судить не о чем, наблюдаем"
watch,hold,4451988893,02496,Картридж для Brother DCP-7070DWR,от 1000-2000,19.33,19.33,0.0,13.6,-5.7,19.9,2286.0,0.04,справочная,16,0,0.0,0.0,0.0,,0.0,,0,0.0,0.0,,90.0000000000000000,99.0000000000000000,-9.0,18,6,0,49,23,0,7,0,0,0,1,0,0.0,0.0,0,0,"кликов за неделю 0 (за всё время 0), расход 0 ₽ (накоплено 0 ₽) — судить не о чем, наблюдаем"
watch,hold,4451990321,02512,Картридж для Brother HL-5350DN,Эксперимент1,12.89,12.89,0.0,17.3,4.4,19.6,2960.0,0.04,справочная,39,0,0.0,0.0,0.0,,0.0,,0,0.0,0.0,,332.0000000000000000,111.0000000000000000,221.0,5,-1,0,8,25,0,5,0,0,0,1,0,0.0,0.0,0,0,"кликов за неделю 0 (за всё время 0), расход 0 ₽ (накоплено 0 ₽) — судить не о чем, наблюдаем"
enter,enter,4451989159,02516,Картридж для Brother DCP-8070D,,,8.7,,17.3,,19.6,2960.0,0.04,справочная,0,0,0,0,0,,,,0,0,0,,29.0000000000000000,75.0000000000000000,-46.0,7,4,0,4,,0,0,1,2613.0000,0,1,0,0,0,0,0,вне рекламы  но неделю отработал сам: продажи 1 шт  органика 0 ₽  показы 7  спрос по фразам 4; маржа_safe 19.6 % ≥ KPI; старт 8.7 ₽ при потолке 17.3 ₽
enter,enter,4452000880,030312,Картридж для HP DeskJet 3600,,,11.7,,23.3,,20.3,3803.0,0.04,справочная,0,0,0,0,0,,,,0,0,0,,66.0000000000000000,55.0000000000000000,11.0,14,8,5452,14,3,1,13,2,7756.0000,2,4,0,0,0,0,0,вне рекламы  но неделю отработал сам: продажи 2 шт  органика 5 452 ₽  показы 14  спрос по фразам 14; маржа_safe 20.3 % ≥ KPI; старт 11.7 ₽ при потолке 23.3 ₽
watch,hold,4480267466,07135,Картридж для HP LaserJet 9050,Эксперимент1,12.89,12.89,0.0,26.9,14.0,14.7,13852.0,0.02,справочная,56,0,0.0,0.0,0.0,,0.0,,0,0.0,0.0,,72.0000000000000000,95.0000000000000000,-23.0,13,7,0,15,4,1,13,0,0,0,1,0,0.0,0.0,0,0,"кликов за неделю 0 (за всё время 0), расход 0 ₽ (накоплено 0 ₽) — судить не о чем, наблюдаем"
watch,hold,4480825919,08514,Картридж для Brother HL-L2365DWR,от 1000-2000,19.33,19.33,0.0,12.6,-6.7,20.5,2034.0,0.04,справочная,48,0,0.0,0.0,0.0,,0.0,,0,0.0,0.0,,58.0000000000000000,61.0000000000000000,-3.0,37,-1,0,47,4,2,15,0,0,0,2,0,0.0,0.0,0,0,"кликов за неделю 0 (за всё время 0), расход 0 ₽ (накоплено 0 ₽) — судить не о чем, наблюдаем"
watch,hold,4480825295,08602,Картридж для Kyocera TASKalfa 3501i,Эксперимент1,12.89,12.89,0.0,24.9,12.0,14.0,9225.0,0.03,справочная,22,0,0.0,0.0,0.0,,0.0,,0,0.0,0.0,,150.0000000000000000,228.0000000000000000,-78.0,8,-1,0,9,17,0,1,0,0,0,1,1,6.84,0.0,0,0,"кликов за неделю 0 (за всё время 1), расход 0 ₽ (накоплено 7 ₽) — судить не о чем, наблюдаем"
watch,hold,4480824597,08621,Картридж для Kyocera TASKalfa 300i,от 2000 до 5000,12.0,12.0,0.0,20.7,8.7,17.2,4236.0,0.04,справочная,0,0,0,0,0,,,,0,0.0,0.0,,94.0000000000000000,72.0000000000000000,22.0,15,5,0,15,8,1,14,0,0,0,1,0,0.0,0.0,0,0,"кликов за неделю 0 (за всё время 0), расход 0 ₽ (накоплено 0 ₽) — судить не о чем, наблюдаем"
watch,hold,4480824597,08621,Картридж для Kyocera TASKalfa 300i,Эксперимент1,8.0,8.0,0.0,20.7,12.7,17.2,4236.0,0.04,справочная,70,0,0.0,0.0,0.0,,0.0,,0,0.0,0.0,,94.0000000000000000,72.0000000000000000,22.0,15,5,0,15,8,1,14,0,0,0,1,0,0.0,0.0,0,0,"кликов за неделю 0 (за всё время 0), расход 0 ₽ (накоплено 0 ₽) — судить не о чем, наблюдаем"
watch,hold,4489623899,13171,Картридж для OKI MB491dn B431dn,Эксперимент1,12.89,12.89,0.0,22.0,9.1,18.8,3977.0,0.04,справочная,84,0,0.0,0.0,0.0,,0.0,,0,0.0,0.0,,72.0000000000000000,39.0000000000000000,33.0,11,0,0,13,22,0,10,0,0,0,1,0,0.0,0.0,0,0,"кликов за неделю 0 (за всё время 0), расход 0 ₽ (накоплено 0 ₽) — судить не о чем, наблюдаем"
watch,hold,4489623899,13171,Картридж для OKI MB491dn B431dn,от 2000 до 5000,19.33,19.33,0.0,22.0,2.7,18.8,3977.0,0.04,справочная,2,0,0.0,0.0,0.0,,0.0,,0,0.0,0.0,,72.0000000000000000,39.0000000000000000,33.0,11,0,0,13,22,0,10,0,0,0,1,1,18.13,0.0,0,0,"кликов за неделю 0 (за всё время 1), расход 0 ₽ (накоплено 18 ₽) — судить не о чем, наблюдаем"
watch,hold,4489623341,13772,Картридж для HP LaserJet Pro M104w,Эксперимент1,8.0,8.0,0.0,9.6,1.6,15.3,1858.0,0.05,справочная,31,0,0.0,0.0,0.0,,0.0,,0,0.0,0.0,,121.0000000000000000,50.0000000000000000,71.0,11,0,0,21,60,0,1,0,0,0,1,0,0.0,0.0,0,0,"кликов за неделю 0 (за всё время 0), расход 0 ₽ (накоплено 0 ₽) — судить не о чем, наблюдаем"
watch,hold,4489630378,14303,Картридж для Ricoh Aficio SP311SFN,от 2000 до 5000,12.0,12.0,0.0,23.8,11.8,15.3,7693.0,0.03,справочная,1,0,0.0,0.0,0.0,,0.0,,0,0.0,0.0,,136.0000000000000000,81.0000000000000000,55.0,9,1,0,3404,8,1,2,0,0,0,1,0,0.0,0.0,0,0,"кликов за неделю 0 (за всё время 0), расход 0 ₽ (накоплено 0 ₽) — судить не о чем, наблюдаем"
watch,hold,4489627652,14603,Картридж для Epson K301,от 0 до 1000,10.0,10.0,0.0,4.4,-5.6,12.9,937.0,0.06,справочная,0,0,0,0,0,,,,0,0,0,,73.0000000000000000,33.0000000000000000,40.0,22,-1,0,3392,6,4,15,0,0,0,4,0,0,0,0,0,"кликов за неделю 0 (за всё время 0), расход 0 ₽ (накоплено 0 ₽) — судить не о чем, наблюдаем"
watch,hold,4489627652,14603,Картридж для Epson K301,Эксперимент1,8.0,8.0,0.0,4.4,-3.6,12.9,937.0,0.06,справочная,43,0,0.0,0.0,0.0,,0.0,,0,0.0,0.0,,73.0000000000000000,33.0000000000000000,40.0,22,-1,0,3392,6,4,15,0,0,0,4,2,15.17,0.0,0,0,"кликов за неделю 0 (за всё время 2), расход 0 ₽ (накоплено 15 ₽) — судить не о чем, наблюдаем"
watch,hold,4489631637,15308,Картридж для Epson Stylus Color 660,Эксперимент1,8.0,8.0,0.0,0.0,-8.0,-3.2,414.0,0.06,справочная,52,0,0.0,0.0,0.0,,0.0,,0,0.0,0.0,,84.0000000000000000,68.0000000000000000,16.0,52,36,0,4900,2,2,15,0,0,0,1,2,20.28,0.0,0,0,"кликов за неделю 0 (за всё время 2), расход 0 ₽ (накоплено 20 ₽) — судить не о чем, наблюдаем"
watch,hold,4489631637,15308,Картридж для Epson Stylus Color 660,от 0 до 1000,10.0,10.0,0.0,0.0,-10.0,-3.2,414.0,0.06,справочная,55,0,0.0,0.0,0.0,,0.0,,1,1.0,0.0,1.0,84.0000000000000000,68.0000000000000000,16.0,52,36,0,4900,2,2,15,0,0,0,1,3,6.89,1.0,0,0,"кликов за неделю 0 (за всё время 3), расход 0 ₽ (накоплено 7 ₽) — судить не о чем, наблюдаем"
watch,hold,4490437105,16451,Картридж для Epson AcuLaser M2400,от 1000-2000,12.0,12.0,0.0,4.4,-7.6,9.8,1843.0,0.05,справочная,0,0,0,0,0,,,,0,0.0,0.0,,51.0000000000000000,33.0000000000000000,18.0,16,2,0,74,3,4,11,0,0,0,1,0,0.0,0.0,0,0,"кликов за неделю 0 (за всё время 0), расход 0 ₽ (накоплено 0 ₽) — судить не о чем, наблюдаем"
watch,hold,4490437105,16451,Картридж для Epson AcuLaser M2400,Эксперимент1,8.0,8.0,0.0,4.4,-3.6,9.8,1843.0,0.05,справочная,76,0,0.0,0.0,0.0,,0.0,,0,0.0,0.0,,51.0000000000000000,33.0000000000000000,18.0,16,2,0,74,3,4,11,0,0,0,1,0,0.0,0.0,0,0,"кликов за неделю 0 (за всё время 0), расход 0 ₽ (накоплено 0 ₽) — судить не о чем, наблюдаем"
watch,hold,4493660701,21831,Картридж для HP OfficeJet Pro 7740,от 1000-2000,12.0,12.0,0.0,14.8,2.8,22.8,2079.0,0.04,справочная,17,0,0.0,0.0,0.0,,0.0,,0,0.0,0.0,,80.0000000000000000,57.0000000000000000,23.0,33,2,0,34,13,0,15,0,0,0,1,0,0.0,0.0,0,0,"кликов за неделю 0 (за всё время 0), расход 0 ₽ (накоплено 0 ₽) — судить не о чем, наблюдаем"
watch,hold,4504237691,24101,Картридж для Kyocera Ecosys M4125idn,от 2000 до 5000,19.0,19.0,0.0,18.9,-0.1,16.6,5424.0,0.03,справочная,17,0,0.0,0.0,0.0,,0.0,,0,0.0,0.0,,41.0000000000000000,32.0000000000000000,9.0,21,-3,0,22,6,3,15,0,0,0,1,0,0.0,0.0,0,0,"кликов за неделю 0 (за всё время 0), расход 0 ₽ (накоплено 0 ₽) — судить не о чем, наблюдаем"
watch,hold,4504239311,26074,Чернила для Epson L130,Эксперимент1,8.0,8.0,0.0,3.2,-4.8,11.3,846.0,0.06,справочная,25,0,0.0,0.0,0.0,,0.0,,0,0.0,0.0,,127.0000000000000000,227.0000000000000000,-100.0,31,5,0,3371,49,0,15,0,0,0,1,0,0.0,0.0,0,0,"кликов за неделю 0 (за всё время 0), расход 0 ₽ (накоплено 0 ₽) — судить не о чем, наблюдаем"
watch,hold,4504239311,26074,Чернила для Epson L130,от 0 до 1000,10.0,10.0,0.0,3.2,-6.8,11.3,846.0,0.06,справочная,18,0,0.0,0.0,0.0,,0.0,,0,0.0,0.0,,127.0000000000000000,227.0000000000000000,-100.0,31,5,0,3371,49,0,15,0,0,0,1,0,0.0,0.0,0,0,"кликов за неделю 0 (за всё время 0), расход 0 ₽ (накоплено 0 ₽) — судить не о чем, наблюдаем"
watch,hold,4504651930,26079,Чернила для Epson L222,Эксперимент1,8.0,8.0,0.0,4.2,-3.8,13.3,851.0,0.06,справочная,39,0,0.0,0.0,0.0,,0.0,,1,7.51,0.0,7.5,130.0000000000000000,180.0000000000000000,-50.0,32,-3,0,57,64,0,6,0,0,0,1,1,7.51,0.0,0,0,"кликов за неделю 0 (за всё время 1), расход 0 ₽ (накоплено 8 ₽) — судить не о чем, наблюдаем"
watch,hold,4509722843,37376,Чернила для HP Ink Tank 319,Эксперимент1,8.0,8.0,0.0,2.4,-5.6,10.6,707.0,0.06,справочная,46,0,0.0,0.0,0.0,,0.0,,0,0.0,0.0,,79.0000000000000000,87.0000000000000000,-8.0,35,-3,0,67,1,2,12,0,0,2,2,0,0.0,0.0,0,0,"кликов за неделю 0 (за всё время 0), расход 0 ₽ (накоплено 0 ₽) — судить не о чем, наблюдаем"
watch,hold,4509722843,37376,Чернила для HP Ink Tank 319,от 0 до 1000,10.0,10.0,0.0,2.4,-7.6,10.6,707.0,0.06,справочная,35,0,0.0,0.0,0.0,,0.0,,0,0.0,0.0,,79.0000000000000000,87.0000000000000000,-8.0,35,-3,0,67,1,2,12,0,0,2,2,0,0.0,0.0,0,0,"кликов за неделю 0 (за всё время 0), расход 0 ₽ (накоплено 0 ₽) — судить не о чем, наблюдаем"
enter,enter,4515703152,326412,Картридж для P3010DW,,,6.7,,13.3,,17.7,2617.0,0.04,справочная,0,0,0,0,0,,,,0,0,0,,166.0000000000000000,152.0000000000000000,14.0,10,-4,0,26,15,0,10,1,2217.0000,0,1,0,0,0,0,0,вне рекламы  но неделю отработал сам: продажи 1 шт  органика 0 ₽  показы 10  спрос по фразам 26; маржа_safe 17.7 % ≥ KPI; старт 6.7 ₽ при потолке 13.3 ₽
watch,hold,4515702395,32644,Картридж для M7100DN,Эксперимент1,12.89,12.89,0.0,12.1,-0.8,16.6,2616.0,0.04,справочная,59,0,0.0,0.0,0.0,,0.0,,0,0.0,0.0,,72.0000000000000000,67.0000000000000000,5.0,25,-2,0,6782,3,4,15,0,0,0,1,2,23.38,0.0,0,0,"кликов за неделю 0 (за всё время 2), расход 0 ₽ (накоплено 23 ₽) — судить не о чем, наблюдаем"
watch,hold,4518308193,38457,Чернила для Epson L 3156,Эксперимент1,8.0,8.0,0.0,3.2,-4.8,13.6,618.0,0.06,справочная,59,0,0.0,0.0,0.0,,0.0,,0,0.0,0.0,,141.0000000000000000,106.0000000000000000,35.0,56,15,0,652,30,0,12,0,0,0,2,1,7.94,0.0,0,0,"кликов за неделю 0 (за всё время 1), расход 0 ₽ (накоплено 8 ₽) — судить не о чем, наблюдаем"
watch,hold,4527379892,44337,Чернила для Epson EcoTank M2140,от 0 до 1000,10.0,10.0,0.0,5.2,-4.8,15.0,871.0,0.06,справочная,0,0,0,0,0,,,,0,0.0,0.0,,74.0000000000000000,110.0000000000000000,-36.0,28,-17,0,30,18,0,13,0,0,0,1,0,0.0,0.0,0,0,"кликов за неделю 0 (за всё время 0), расход 0 ₽ (накоплено 0 ₽) — судить не о чем, наблюдаем"
watch,hold,4527379892,44337,Чернила для Epson EcoTank M2140,Эксперимент1,8.0,8.0,0.0,5.2,-2.8,15.0,871.0,0.06,справочная,40,0,0.0,0.0,0.0,,0.0,,0,0.0,0.0,,74.0000000000000000,110.0000000000000000,-36.0,28,-17,0,30,18,0,13,0,0,0,1,0,0.0,0.0,0,0,"кликов за неделю 0 (за всё время 0), расход 0 ₽ (накоплено 0 ₽) — судить не о чем, наблюдаем"
watch,hold,4527381382,45428,Картридж для HP Laser 135WR MFP,Эксперимент1,12.89,12.89,0.0,22.1,9.2,21.4,3371.0,0.04,справочная,52,0,0.0,0.0,0.0,,0.0,,1,1.0,0.0,1.0,101.0000000000000000,74.0000000000000000,27.0,23,-28,0,30,2,5,14,0,0,0,1,1,1.0,0.0,0,0,"кликов за неделю 0 (за всё время 1), расход 0 ₽ (накоплено 1 ₽) — судить не о чем, наблюдаем"
watch,hold,4527388317,52877,Картридж для Deli M2500ADNW,Эксперимент1,12.89,12.89,0.0,19.8,6.9,16.1,4450.0,0.04,справочная,73,0,0.0,0.0,0.0,,0.0,,0,0.0,0.0,,64.0000000000000000,50.0000000000000000,14.0,113,39,0,625,2,4,15,0,0,0,2,0,0.0,0.0,0,0,"кликов за неделю 0 (за всё время 0), расход 0 ₽ (накоплено 0 ₽) — судить не о чем, наблюдаем"
watch,hold,4527388317,52877,Картридж для Deli M2500ADNW,от 2000 до 5000,19.33,19.33,0.0,19.8,0.5,16.1,4450.0,0.04,справочная,50,0,0.0,0.0,0.0,,0.0,,1,1.0,0.0,1.0,64.0000000000000000,50.0000000000000000,14.0,113,39,0,625,2,4,15,0,0,0,2,2,2.13,0.0,0,0,"кликов за неделю 0 (за всё время 2), расход 0 ₽ (накоплено 2 ₽) — судить не о чем, наблюдаем"
watch,hold,4527390470,53419,Картридж для Samsung SCX-4321,Эксперимент1,12.89,12.89,0.0,21.5,8.6,19.0,3842.0,0.04,справочная,74,0,0.0,0.0,0.0,,0.0,,1,7.25,0.0,7.2,75.0000000000000000,46.0000000000000000,29.0,66,5,0,3475,2,1,15,0,0,0,1,1,7.25,0.0,0,0,"кликов за неделю 0 (за всё время 1), расход 0 ₽ (накоплено 7 ₽) — судить не о чем, наблюдаем"
watch,hold,4527402621,54392,Картридж для Brother MFC-J2340DW,от 2000 до 5000,19.33,19.33,0.0,31.4,12.1,21.6,4727.0,0.04,справочная,67,0,0.0,0.0,0.0,,0.0,,0,0.0,0.0,,14.0000000000000000,17.0000000000000000,-3.0,2,-80,0,3,,0,0,0,0,0,4,2,25.59,1.0,0,0,"кликов за неделю 0 (за всё время 2), расход 0 ₽ (накоплено 26 ₽) — судить не о чем, наблюдаем"
watch,hold,4543074575,58411,Картридж для Epson FX-80,Эксперимент1,8.0,8.0,0.0,7.9,-0.1,23.6,708.0,0.06,справочная,92,0,0.0,0.0,0.0,,0.0,,1,19.4,0.0,19.4,28.0000000000000000,44.0000000000000000,-16.0,113,81,0,368,6,2,15,0,0,0,1,1,19.4,0.0,0,0,"кликов за неделю 0 (за всё время 1), расход 0 ₽ (накоплено 19 ₽) — судить не о чем, наблюдаем"
watch,hold,4543074575,58411,Картридж для Epson FX-80,от 0 до 1000,10.0,10.0,0.0,7.9,-2.1,23.6,708.0,0.06,справочная,73,0,0.0,0.0,0.0,,0.0,,2,14.41,0.0,7.2,28.0000000000000000,44.0000000000000000,-16.0,113,81,0,368,6,2,15,0,0,0,1,3,15.41,1.0,0,0,"кликов за неделю 0 (за всё время 3), расход 0 ₽ (накоплено 15 ₽) — судить не о чем, наблюдаем"
watch,hold,4543090802,68474,Картридж для HP LaserJet Managed E42540,Эксперимент1,12.89,12.89,0.0,23.8,10.9,17.4,6404.0,0.03,справочная,0,0,0,0,0,,,,0,0,0,,,,,0,0,0,0,,0,0,0,0,0,1,0,0,0,0,0,"кликов за неделю 0 (за всё время 0), расход 0 ₽ (накоплено 0 ₽) — судить не о чем, наблюдаем"
watch,hold,5237904591,0305X2,"Комплект картриджей 45 (2 шт.) на 1860 страниц для принтеров HP Color Copier 110, Copier 120, DJ 700, DJ 750",Бандлы x2/x6 — старт (08.08),21.96,21.96,0.0,55.3,33.3,27.4,12348.0,0.02,справочная,44,0,0.0,0.0,0.0,,0.0,,0,0.0,0.0,,150.0000000000000000,65.0000000000000000,85.0,15,4,0,18,11,0,15,0,0,0,0,0,0.0,0.0,0,0,"кликов за неделю 0 (за всё время 0), расход 0 ₽ (накоплено 0 ₽) — судить не о чем, наблюдаем"
watch,hold,5238069051,0328X6,"Комплект картриджей 178XL (6 шт.) на 3300 страниц для принтеров HP DeskJet 3070A, DESKJET 3522 E, DeskJet3524, PhotoSmart 5510, PhotoSmart5515",Бандлы x2/x6 — старт (08.08),21.96,21.96,0.0,52.3,30.3,33.0,4666.0,0.04,справочная,60,0,0.0,0.0,0.0,,0.0,,0,0.0,0.0,,106.0000000000000000,94.0000000000000000,12.0,14,-16,0,17,8,1,14,0,0,0,0,0,0.0,0.0,0,0,"кликов за неделю 0 (за всё время 0), расход 0 ₽ (накоплено 0 ₽) — судить не о чем, наблюдаем"
enter,enter,5239393507,0714X6,"Комплект картриджей 718 BK (6 шт.) на 20400 страниц для принтеров Canon i-SENSYS LBP-7200Cdn, LBP7210Cdn, MF724Cdw, MF728Cdw, MF8330, MF8340Cdn",,,64.5,,129.0,,35.1,21433.0,0.02,справочная,0,0,0,0,0,,,,0,0,0,,54.0000000000000000,18.0000000000000000,36.0,23,16,0,24,2,6,15,1,22075.0000,0,1,0,0,0,0,0,вне рекламы  но неделю отработал сам: продажи 1 шт  органика 0 ₽  показы 23  спрос по фразам 24; маржа_safe 35.1 % ≥ KPI; старт 64.5 ₽ при потолке 129.0 ₽
watch,hold,5239515821,0830X6,"Комплект картриджей C-EXV33 (6 шт.) на 90000 страниц для принтеров Canon iR-2520, IR2525, IR2530",Бандлы x2/x6 — старт (08.08),21.96,21.96,0.0,105.5,83.5,35.0,17588.0,0.02,справочная,10,0,0.0,0.0,0.0,,0.0,,0,0,0,,,,,0,0,0,0,,0,0,0,0,0,0,0,0.0,0.0,0,0,"кликов за неделю 0 (за всё время 0), расход 0 ₽ (накоплено 0 ₽) — судить не о чем, наблюдаем"
watch,hold,5239521717,0832X6,"Комплект фотобарабанов C-EXV14 DU (6 шт.) на 300000 страниц для принтеров Canon iR-2016, iR 2018, iR-2020, iR2022, iR2030, iR 2318L",Бандлы x2/x6 — старт (08.08),21.96,21.96,0.0,269.7,247.7,34.5,45716.0,0.02,справочная,0,0,0,0,0,,,,0,0,0,,,,,0,0,0,0,,0,0,0,0,0,0,0,0,0,0,0,"кликов за неделю 0 (за всё время 0), расход 0 ₽ (накоплено 0 ₽) — судить не о чем, наблюдаем"
watch,hold,5239714349,1042X6,Комплект картриджей MLT-D111S (6 шт.) на 6000 страниц для принтеров Samsung Xpress M2020,Бандлы x2/x6 — старт (08.08),21.96,21.96,0.0,87.2,65.2,35.1,14477.0,0.02,справочная,13,0,0.0,0.0,0.0,,0.0,,0,0.0,0.0,,178.0000000000000000,52.0000000000000000,126.0,9,4,0,3407,15,0,9,0,0,0,0,0,0.0,0.0,0,0,"кликов за неделю 0 (за всё время 0), расход 0 ₽ (накоплено 0 ₽) — судить не о чем, наблюдаем"
enter,enter,5239770457,1073X2,"Комплект картриджей 006R01160 (2 шт.) на 60000 страниц для принтеров Xerox WorkCentre 5325, WC 5330, WC-5335",,,30.0,,60.0,,27.9,8731.0,0.03,справочная,0,0,0,0,0,,,,0,0,0,,250.0000000000000000,23.0000000000000000,227.0,3,-3,0,4,,0,0,2,17780.0000,0,2,0,0,0,0,0,вне рекламы  но неделю отработал сам: продажи 2 шт  органика 0 ₽  показы 3  спрос по фразам 4; маржа_safe 27.9 % ≥ KPI; старт 30.0 ₽ при потолке 60.0 ₽
watch,hold,5240181081,1307X6,"Комплект картриджей 50F5U00 (6 шт.) на 120000 страниц для принтеров Lexmark MS510dn, MS610de, MS610dn",Бандлы x2/x6 — старт (08.08),21.96,21.96,0.0,157.3,135.3,34.6,26563.0,0.02,справочная,39,0,0.0,0.0,0.0,,0.0,,0,0.0,0.0,,44.0000000000000000,30.0000000000000000,14.0,8,-16,0,8,3,2,8,0,0,0,0,0,0.0,0.0,0,0,"кликов за неделю 0 (за всё время 0), расход 0 ₽ (накоплено 0 ₽) — судить не о чем, наблюдаем"
watch,hold,5244134484,1761X6,"Комплект фотобарабанов 44574307 DU (6 шт.) на 150000 страниц для принтеров OKI B401dn, MB441dn, MB451dw",Бандлы x2/x6 — старт (08.08),21.96,21.96,0.0,243.1,221.1,34.5,41207.0,0.02,справочная,0,0,0,0,0,,,,0,0,0,,,,,0,0,0,0,,0,0,0,0,0,0,0,0,0,0,0,"кликов за неделю 0 (за всё время 0), расход 0 ₽ (накоплено 0 ₽) — судить не о чем, наблюдаем"
watch,hold,5249801464,2152X6,"Комплект картриджей CF540A (6 шт.) на 8400 страниц для принтеров HP LaserJet Pro Color M254dw, LJ Pro Color M280nw",Бандлы x2/x6 — старт (08.08),21.96,21.96,0.0,96.8,74.8,35.0,16135.0,0.02,справочная,17,0,0.0,0.0,0.0,,0.0,,0,0.0,0.0,,158.0000000000000000,48.0000000000000000,110.0,13,2,0,16594,2,1,8,0,0,0,0,0,0.0,0.0,0,0,"кликов за неделю 0 (за всё время 0), расход 0 ₽ (накоплено 0 ₽) — судить не о чем, наблюдаем"
watch,hold,5250015064,2183X6,"Комплект картриджей 953XLBK (6 шт.) на 6000 страниц для принтеров HP OfficeJet Pro 7720, OfficeJet Pro 7730",Бандлы x2/x6 — старт (08.08),21.96,21.96,0.0,66.4,44.4,34.7,11178.0,0.02,справочная,39,0,0.0,0.0,0.0,,0.0,,0,0.0,0.0,,85.0000000000000000,16.0000000000000000,69.0,29,17,0,32,4,2,15,0,0,0,0,0,0.0,0.0,0,0,"кликов за неделю 0 (за всё время 0), расход 0 ₽ (накоплено 0 ₽) — судить не о чем, наблюдаем"
watch,hold,5250215130,2208X6,"Комплект картриджей iR40T (6 шт.) на 258мл. для принтеров Citizen CX120, CX123, IR40T, IR50",Бандлы x2/x6 — старт (08.08),21.96,21.96,0.0,31.8,9.8,31.0,3062.0,0.04,справочная,82,0,0.0,0.0,0.0,,0.0,,0,0.0,0.0,,70.0000000000000000,21.0000000000000000,49.0,13,6,0,134,20,0,4,0,0,0,0,0,0.0,0.0,0,0,"кликов за неделю 0 (за всё время 0), расход 0 ₽ (накоплено 0 ₽) — судить не о чем, наблюдаем"
watch,hold,5250359910,2215X2,"Комплект картриджей ML182 (2 шт.) на для принтеров OKI ML-182, ML 192, ML280, ML-320, ML3311, ML 3320, ML 3390, ML3391",Бандлы x2/x6 — старт (08.08),21.96,21.96,0.0,17.5,-4.5,23.5,1891.0,0.05,справочная,49,0,0.0,0.0,0.0,,0.0,,0,0.0,0.0,,133.0000000000000000,28.0000000000000000,105.0,7,1,0,8,4,1,6,0,0,0,0,0,0.0,0.0,0,0,"кликов за неделю 0 (за всё время 0), расход 0 ₽ (накоплено 0 ₽) — судить не о чем, наблюдаем"
watch,hold,5251233431,2312X6,"Комплект картриджей 650 (6 шт.) на 2160 страниц для принтеров HP DeskJet 1015, DeskJet 1515, DJ2516, DJ 3545, DJ 4515, DJ 4645",Бандлы x2/x6 — старт (08.08),21.96,21.96,0.0,160.5,138.5,34.6,27108.0,0.02,справочная,39,0,0.0,0.0,0.0,,0.0,,0,0.0,0.0,,117.0000000000000000,35.0000000000000000,82.0,16,-3,0,27,8,1,15,0,0,0,0,0,0.0,0.0,0,0,"кликов за неделю 0 (за всё время 0), расход 0 ₽ (накоплено 0 ₽) — судить не о чем, наблюдаем"
watch,hold,5251815462,2405X6,"Комплект картриджей TK-5280BK (6 шт.) на 78000 страниц для принтеров Kyocera Ecosys M6235cidn, M6635cidn",Бандлы x2/x6 — старт (08.08),21.96,21.96,0.0,152.2,130.2,34.7,25618.0,0.02,справочная,23,0,0.0,0.0,0.0,,0.0,,0,0.0,0.0,,221.0000000000000000,37.0000000000000000,184.0,18,12,0,27,3,1,15,0,0,0,0,0,0.0,0.0,0,0,"кликов за неделю 0 (за всё время 0), расход 0 ₽ (накоплено 0 ₽) — судить не о чем, наблюдаем"
watch,hold,5251933158,2438X6,"Комплект картриджей C-EXV39 (6 шт.) на 181200 страниц для принтеров Canon iR Advance 4025i, iR Advance 4035i",Бандлы x2/x6 — старт (08.08),21.96,21.96,0.0,206.1,184.1,34.7,34700.0,0.02,справочная,8,0,0.0,0.0,0.0,,0.0,,0,0.0,0.0,,102.0000000000000000,26.0000000000000000,76.0,9,0,0,11,12,0,4,0,0,0,0,0,0.0,0.0,0,0,"кликов за неделю 0 (за всё время 0), расход 0 ₽ (накоплено 0 ₽) — судить не о чем, наблюдаем"
watch,hold,5255536563,2984X6,"Комплект фотобарабанов CLT-R407 DU (6 шт.) на 144000 страниц для принтеров Samsung CLP-320, CLP 325, CLX-3180, CLX3185",Бандлы x2/x6 — старт (08.08),21.96,21.96,0.0,364.9,342.9,34.1,62699.0,0.02,справочная,19,0,0.0,0.0,0.0,,0.0,,0,0.0,0.0,,66.0000000000000000,36.0000000000000000,30.0,6,-15,0,7,10,1,6,0,0,0,0,0,0.0,0.0,0,0,"кликов за неделю 0 (за всё время 0), расход 0 ₽ (накоплено 0 ₽) — судить не о чем, наблюдаем"
watch,hold,5258441875,3442X2,"Комплект картриджей T9661 (2 шт.) на 80000 страниц для принтеров Epson WorkForce Pro M5298, WF Pro M5299",Бандлы x2/x6 — старт (08.08),21.96,21.96,0.0,66.4,44.4,28.4,14184.0,0.02,справочная,21,0,0.0,0.0,0.0,,0.0,,0,0.0,0.0,,148.0000000000000000,21.0000000000000000,127.0,15,0,0,20,11,0,12,0,0,0,0,0,0.0,0.0,0,0,"кликов за неделю 0 (за всё время 0), расход 0 ₽ (накоплено 0 ₽) — судить не о чем, наблюдаем"
watch,hold,5259666747,3641X2,"Комплект фотобарабанов CF257A (2 шт.) на 160000 страниц для принтеров HP LaserJet M433, LJ M436",Бандлы x2/x6 — старт (08.08),21.96,21.96,0.0,148.3,126.3,25.4,36355.0,0.02,справочная,31,0,0.0,0.0,0.0,,0.0,,0,0,0,,20.0000000000000000,21.0000000000000000,-1.0,13,-8,0,16,2,2,3,0,0,0,0,0,0.0,0.0,0,0,"кликов за неделю 0 (за всё время 0), расход 0 ₽ (накоплено 0 ₽) — судить не о чем, наблюдаем"
watch,hold,5260010622,3669X2,Комплект картриджей 106R03765 (2 шт.) на 21400 страниц для принтеров Xerox VersaLink C7000,Бандлы x2/x6 — старт (08.08),21.96,21.96,0.0,57.3,35.3,27.1,8649.0,0.03,справочная,18,0,0.0,0.0,0.0,,0.0,,0,0.0,0.0,,252.0000000000000000,46.0000000000000000,206.0,7,5,0,3403,490,0,1,1,8884.0000,0,1,0,0.0,0.0,0,0,"кликов за неделю 0 (за всё время 0), расход 0 ₽ (накоплено 0 ₽) — судить не о чем, наблюдаем"
watch,hold,5260010102,3669X6,Комплект картриджей 106R03765 (6 шт.) на 64200 страниц для принтеров Xerox VersaLink C7000,Бандлы x2/x6 — старт (08.08),21.96,21.96,0.0,145.5,123.5,34.6,24581.0,0.02,справочная,18,0,0.0,0.0,0.0,,0.0,,0,0.0,0.0,,183.0000000000000000,42.0000000000000000,141.0,14,8,0,14,3,5,14,0,0,0,0,0,0.0,0.0,0,0,"кликов за неделю 0 (за всё время 0), расход 0 ₽ (накоплено 0 ₽) — судить не о чем, наблюдаем"
watch,hold,5260427107,3717X6,"Комплект картриджей 418481 (6 шт.) на 240000 страниц для принтеров Ricoh IM 600, IM-550, P 801, P-800",Бандлы x2/x6 — старт (08.08),21.96,21.96,0.0,381.3,359.3,34.2,65291.0,0.02,справочная,13,0,0.0,0.0,0.0,,0.0,,0,0,0,,22.0000000000000000,10.0000000000000000,12.0,6,4,0,6,,0,0,0,0,0,0,0,0.0,0.0,0,0,"кликов за неделю 0 (за всё время 0), расход 0 ₽ (накоплено 0 ₽) — судить не о чем, наблюдаем"
watch,hold,5262315376,3906X6,Комплект картриджей TK-7125 (6 шт.) на 120000 страниц для принтеров Kyocera TASKalfa 3212i,Бандлы x2/x6 — старт (08.08),21.96,21.96,0.0,157.9,135.9,34.6,26665.0,0.02,справочная,15,0,0.0,0.0,0.0,,0.0,,0,0.0,0.0,,348.0000000000000000,48.0000000000000000,300.0,10,6,0,18,11,0,2,0,0,0,0,0,0.0,0.0,0,0,"кликов за неделю 0 (за всё время 0), расход 0 ₽ (накоплено 0 ₽) — судить не о чем, наблюдаем"
watch,hold,5322444622,3909X6,"Комплект картриджей W2030A (6 шт.) на 14400 страниц для принтеров HP Color LaserJet M454dn, LJ Pro M454dw, M480f, M479dw, LJ Pro M479 fdn",Бандлы x2/x6 — старт (08.08),21.96,21.96,0.0,129.5,107.5,35.1,21508.0,0.02,справочная,13,0,0.0,0.0,0.0,,0.0,,0,0.0,0.0,,80.0000000000000000,,,21,21,0,67,21,0,4,1,21838.0000,0,1,0,0.0,0.0,0,0,"кликов за неделю 0 (за всё время 0), расход 0 ₽ (накоплено 0 ₽) — судить не о чем, наблюдаем"
watch,hold,5263040598,3958X2,"Комплект картриджей CF259X (2 шт.) на 20000 страниц для принтеров HP LaserJet M406, LJ Pro M304, LJ Pro M404",Бандлы x2/x6 — старт (08.08),21.96,21.96,0.0,61.2,39.2,27.9,8902.0,0.03,справочная,8,0,0.0,0.0,0.0,,0.0,,0,0.0,0.0,,267.0000000000000000,,,14,14,0,18,5,3,14,0,0,0,0,0,0.0,0.0,0,0,"кликов за неделю 0 (за всё время 0), расход 0 ₽ (накоплено 0 ₽) — судить не о чем, наблюдаем"
watch,hold,5263043299,3958X6,"Комплект картриджей CF259X (6 шт.) на 60000 страниц для принтеров HP LaserJet M406, LJ Pro M304, LJ Pro M404",Бандлы x2/x6 — старт (08.08),21.96,21.96,0.0,150.8,128.8,34.8,25299.0,0.02,справочная,9,0,0.0,0.0,0.0,,0.0,,0,0,0,,30.0000000000000000,,,15,15,0,23,6,4,14,0,0,0,0,0,0.0,0.0,0,0,"кликов за неделю 0 (за всё время 0), расход 0 ₽ (накоплено 0 ₽) — судить не о чем, наблюдаем"
watch,hold,5265230897,4264X6,"Комплект картриджей 006R01701 (6 шт.) на 156000 страниц для принтеров Xerox AltaLink C8030, C8035",Бандлы x2/x6 — старт (08.08),21.96,21.96,0.0,259.9,237.9,34.5,44059.0,0.02,справочная,19,0,0.0,0.0,0.0,,0.0,,0,0.0,0.0,,147.0000000000000000,4.0000000000000000,143.0,33,27,0,36,2,7,15,0,0,0,0,0,0.0,0.0,0,0,"кликов за неделю 0 (за всё время 0), расход 0 ₽ (накоплено 0 ₽) — судить не о чем, наблюдаем"
watch,hold,5265294832,4309X6,"Комплект картриджей TN-328K (6 шт.) на 168000 страниц для принтеров Konica Minolta Bizhub C250i, C300i, C360i",Бандлы x2/x6 — старт (08.08),21.96,21.96,0.0,207.1,185.1,34.5,35095.0,0.02,справочная,18,0,0.0,0.0,0.0,,0.0,,0,0.0,0.0,,152.0000000000000000,13.0000000000000000,139.0,25,12,0,24,8,1,3,0,0,0,0,0,0.0,0.0,0,0,"кликов за неделю 0 (за всё время 0), расход 0 ₽ (накоплено 0 ₽) — судить не о чем, наблюдаем"
watch,hold,5269489503,4531X2,"Комплект фотобарабанов 013R00681 DU (2 шт.) на 360000 страниц для принтеров Xerox AltaLink C8130, C8135",Бандлы x2/x6 — старт (08.08),21.96,21.96,0.0,231.9,209.9,25.4,56839.0,0.02,справочная,24,0,0.0,0.0,0.0,,0.0,,0,0.0,0.0,,32.0000000000000000,33.0000000000000000,-1.0,23,19,0,59,30,0,2,0,0,0,0,0,0.0,0.0,0,0,"кликов за неделю 0 (за всё время 0), расход 0 ₽ (накоплено 0 ₽) — судить не о чем, наблюдаем"
watch,hold,5272584452,4830X2,"Комплект фотобарабанов W1104A (2 шт.) на 40000 страниц для принтеров HP Neverstop 1200 a, 1000a",Бандлы x2/x6 — старт (08.08),21.96,21.96,0.0,73.8,51.8,25.8,17731.0,0.02,справочная,24,0,0.0,0.0,0.0,,0.0,,0,0.0,0.0,,49.0000000000000000,18.0000000000000000,31.0,10,-3,0,11,22,0,8,0,0,0,0,0,0.0,0.0,0,0,"кликов за неделю 0 (за всё время 0), расход 0 ₽ (накоплено 0 ₽) — судить не о чем, наблюдаем"
watch,hold,5272625999,4832X6,"Комплект картриджей CF289X (6 шт.) на 60000 страниц для принтеров HP LaserJet M507, LJ M528",Бандлы x2/x6 — старт (08.08),21.96,21.96,0.0,158.5,136.5,34.7,26681.0,0.02,справочная,14,0,0.0,0.0,0.0,,0.0,,0,0.0,0.0,,241.0000000000000000,,,6,6,0,9,3,4,6,0,0,0,0,0,0.0,0.0,0,0,"кликов за неделю 0 (за всё время 0), расход 0 ₽ (накоплено 0 ₽) — судить не о чем, наблюдаем"
watch,hold,5342050393,4837X6,"Комплект картриджей 3ED71A (6 шт.) на 480мл. для принтеров HP DesignJet Studio, DJ Studio Steel, DJ T210, DJ T230",Бандлы x2/x6 — старт (08.08),21.96,21.96,0.0,265.9,243.9,34.3,45376.0,0.02,справочная,38,0,0.0,0.0,0.0,,0.0,,0,0.0,0.0,,79.0000000000000000,,,40,40,0,40,2,7,14,0,0,0,0,0,0.0,0.0,0,0,"кликов за неделю 0 (за всё время 0), расход 0 ₽ (накоплено 0 ₽) — судить не о чем, наблюдаем"
watch,hold,5342051985,4837X2,"Комплект картриджей 3ED71A (2 шт.) на 160мл. для принтеров HP DesignJet Studio, DJ Studio Steel, DJ T210, DJ T230",Бандлы x2/x6 — старт (08.08),21.96,21.96,0.0,68.3,46.3,26.4,15966.0,0.02,справочная,40,0,0.0,0.0,0.0,,0.0,,0,0.0,0.0,,77.0000000000000000,,,27,27,0,33,4,4,15,0,0,0,0,0,0.0,0.0,0,0,"кликов за неделю 0 (за всё время 0), расход 0 ₽ (накоплено 0 ₽) — судить не о чем, наблюдаем"
watch,hold,5276871530,5237X2,"Комплект картриджей 069 (2 шт.) на 4200 страниц для принтеров Canon i-SENSYS LBP-673Cdw, MF752Cdw, MF754Cdw",Бандлы x2/x6 — старт (08.08),21.96,21.96,0.0,44.8,22.8,28.2,6439.0,0.03,справочная,18,0,0.0,0.0,0.0,,0.0,,0,0.0,0.0,,342.0000000000000000,179.0000000000000000,163.0,10,4,0,21,46,0,2,0,0,0,0,0,0.0,0.0,0,0,"кликов за неделю 0 (за всё время 0), расход 0 ₽ (накоплено 0 ₽) — судить не о чем, наблюдаем"
watch,hold,5278232384,5403X6,"Комплект картриджей 056H (6 шт.) на 126000 страниц для принтеров Canon i-SENSYS MF542x, MF543x, LBP-325",Бандлы x2/x6 — старт (08.08),21.96,21.96,0.0,261.9,239.9,34.1,45000.0,0.02,справочная,32,0,0.0,0.0,0.0,,0.0,,0,0,0,,,,,0,0,0,0,,0,0,0,0,0,0,0,0.0,0.0,0,0,"кликов за неделю 0 (за всё время 0), расход 0 ₽ (накоплено 0 ₽) — судить не о чем, наблюдаем"
watch,hold,5278233239,5403X2,"Комплект картриджей 056H (2 шт.) на 42000 страниц для принтеров Canon i-SENSYS MF542x, MF543x, LBP-325",Бандлы x2/x6 — старт (08.08),21.96,21.96,0.0,261.9,239.9,34.1,45000.0,0.02,справочная,28,0,0.0,0.0,0.0,,0.0,,0,0,0,,,,,0,0,0,0,,0,0,0,0,0,0,0,0.0,0.0,0,0,"кликов за неделю 0 (за всё время 0), расход 0 ₽ (накоплено 0 ₽) — судить не о чем, наблюдаем"
watch,hold,5278407951,5418X6,"Комплект картриджей 067H Bk (6 шт.) на 18780 страниц для принтеров Canon i-SENSYS LBP-631CW, LBP633Cdw, MF651Cw, MF655Cdw",Бандлы x2/x6 — старт (08.08),21.96,21.96,0.0,127.3,105.3,35.0,21217.0,0.02,справочная,28,0,0.0,0.0,0.0,,0.0,,0,0.0,0.0,,36.0000000000000000,24.0000000000000000,12.0,65,31,0,93,5,2,15,0,0,0,0,0,0.0,0.0,0,0,"кликов за неделю 0 (за всё время 0), расход 0 ₽ (накоплено 0 ₽) — судить не о чем, наблюдаем"
watch,hold,5280251334,5698X6,"Комплект картриджей 070H (6 шт.) на 61200 страниц для принтеров Canon i-SENSYS LBP-243dw, LBP246dw, MF461dw, MF463dw",Бандлы x2/x6 — старт (08.08),21.96,21.96,0.0,157.0,135.0,34.7,26438.0,0.02,справочная,27,0,0.0,0.0,0.0,,0.0,,0,0.0,0.0,,170.0000000000000000,17.0000000000000000,153.0,43,28,0,83,6,1,6,0,0,0,0,0,0.0,0.0,0,0,"кликов за неделю 0 (за всё время 0), расход 0 ₽ (накоплено 0 ₽) — судить не о чем, наблюдаем"
watch,hold,5280248444,5698X2,"Комплект картриджей 070H (2 шт.) на 20400 страниц для принтеров Canon i-SENSYS LBP-243dw, LBP246dw, MF461dw, MF463dw",Бандлы x2/x6 — старт (08.08),21.96,21.96,0.0,62.5,40.5,27.4,9302.0,0.03,справочная,21,0,0.0,0.0,0.0,,0.0,,0,0.0,0.0,,65.0000000000000000,58.0000000000000000,7.0,20,14,0,46,7,1,12,0,0,0,0,0,0.0,0.0,0,0,"кликов за неделю 0 (за всё время 0), расход 0 ₽ (накоплено 0 ₽) — судить не о чем, наблюдаем"
watch,hold,5280360338,5725X6,"Комплект картриджей THM130 (6 шт.) на 18000 страниц для принтеров Катюша M130, P130",Бандлы x2/x6 — старт (08.08),21.96,21.96,0.0,140.5,118.5,34.9,23495.0,0.02,справочная,31,0,0.0,0.0,0.0,,0.0,,0,0.0,0.0,,124.0000000000000000,24.0000000000000000,100.0,15,8,0,24,5,2,10,0,0,0,0,0,0.0,0.0,0,0,"кликов за неделю 0 (за всё время 0), расход 0 ₽ (накоплено 0 ₽) — судить не о чем, наблюдаем"
watch,hold,5280423452,5730X6,"Комплект картриджей W1520X (6 шт.) на 58200 страниц для принтеров HP LaserJet 4104fdw, LJ Pro 4004dn",Бандлы x2/x6 — старт (08.08),21.96,21.96,0.0,162.2,140.2,34.6,27400.0,0.02,справочная,12,0,0.0,0.0,0.0,,0.0,,0,0.0,0.0,,270.0000000000000000,,,10,10,0,11,1,1,5,0,0,0,0,0,0.0,0.0,0,0,"кликов за неделю 0 (за всё время 0), расход 0 ₽ (накоплено 0 ₽) — судить не о чем, наблюдаем"
watch,hold,5281028710,5806X2,"Комплект картриджей TN-3600XXL (2 шт.) на 22000 страниц для принтеров Brother HL-L5210, 5710",Бандлы x2/x6 — старт (08.08),21.96,21.96,0.0,,,,45000.0,0.02,справочная,0,0,0,0,0,,,,0,0,0,,,,,0,0,0,0,,0,0,0,0,0,0,0,0,0,0,0,"кликов за неделю 0 (за всё время 0), расход 0 ₽ (накоплено 0 ₽) — судить не о чем, наблюдаем"
watch,hold,5281028949,5806X6,"Комплект картриджей TN-3600XXL (6 шт.) на 66000 страниц для принтеров Brother HL-L5210, 5710",Бандлы x2/x6 — старт (08.08),21.96,21.96,0.0,,,,45000.0,0.02,справочная,0,0,0,0,0,,,,0,0,0,,,,,0,0,0,0,,0,0,0,0,0,0,0,0,0,0,0,"кликов за неделю 0 (за всё время 0), расход 0 ₽ (накоплено 0 ₽) — судить не о чем, наблюдаем"
watch,hold,5281110715,5824X6,"Комплект фотобарабанов W2004A (6 шт.) на 390000 страниц для принтеров HP Color LJ M751, LJ M776",Бандлы x2/x6 — старт (08.08),21.96,21.96,0.0,411.8,389.8,34.2,70508.0,0.02,справочная,8,0,0.0,0.0,0.0,,0.0,,0,0.0,0.0,,148.0000000000000000,5.0000000000000000,143.0,4,1,0,9,248,0,2,0,0,0,0,0,0.0,0.0,0,0,"кликов за неделю 0 (за всё время 0), расход 0 ₽ (накоплено 0 ₽) — судить не о чем, наблюдаем"
watch,hold,5283263604,5953X6,Комплект тонер-картриджей THM348 (6 шт.) на 180000 страниц для принтеров Катюша М348,Бандлы x2/x6 — старт (08.08),21.96,21.96,0.0,215.1,193.1,34.6,36337.0,0.02,справочная,11,0,0.0,0.0,0.0,,0.0,,0,0.0,0.0,,95.0000000000000000,50.0000000000000000,45.0,22,14,0,63,2,1,9,0,0,0,0,0,0.0,0.0,0,0,"кликов за неделю 0 (за всё время 0), расход 0 ₽ (накоплено 0 ₽) — судить не о чем, наблюдаем"
watch,hold,5285119952,6231X6,"Комплект картриджей PC-212EV XL (6 шт.) на 36000 страниц для принтеров M6502, M6552NW, P2502",Бандлы x2/x6 — старт (08.08),21.96,21.96,0.0,169.5,147.5,34.6,28636.0,0.02,справочная,25,0,0.0,0.0,0.0,,0.0,,0,0.0,0.0,,168.0000000000000000,30.0000000000000000,138.0,10,6,0,70,12,0,8,0,0,0,0,0,0.0,0.0,0,0,"кликов за неделю 0 (за всё время 0), расход 0 ₽ (накоплено 0 ₽) — судить не о чем, наблюдаем"
watch,hold,5289416963,6820X2,"Комплект фотобарабанов 0IU40R4 (2 шт.) на 80000 страниц для принтеров F+ Imaging M40adn, P40dn",Бандлы x2/x6 — старт (08.08),21.96,21.96,0.0,68.2,46.2,27.0,15493.0,0.02,справочная,26,0,0.0,0.0,0.0,,0.0,,0,0.0,0.0,,28.0000000000000000,10.0000000000000000,18.0,13,8,0,14,11,0,3,0,0,0,0,0,0.0,0.0,0,0,"кликов за неделю 0 (за всё время 0), расход 0 ₽ (накоплено 0 ₽) — судить не о чем, наблюдаем"
watch,hold,5289413372,6820X6,"Комплект фотобарабанов 0IU40R4 (6 шт.) на 240000 страниц для принтеров F+ Imaging M40adn, P40dn",Бандлы x2/x6 — старт (08.08),21.96,21.96,0.0,259.8,237.8,34.5,44032.0,0.02,справочная,32,0,0.0,0.0,0.0,,0.0,,0,0.0,0.0,,25.0000000000000000,10.0000000000000000,15.0,29,22,0,47,2,4,14,0,0,0,0,0,0.0,0.0,0,0,"кликов за неделю 0 (за всё время 0), расход 0 ₽ (накоплено 0 ₽) — судить не о чем, наблюдаем"
watch,hold,5289879276,6851X6,"Комплект картриджей 40STB15 (6 шт.) на 90000 страниц для принтеров F+ Imaging M40adn, M40adn20, P40dn",Бандлы x2/x6 — старт (08.08),21.96,21.96,0.0,683.4,661.4,33.9,118228.0,0.02,справочная,57,0,0.0,0.0,0.0,,0.0,,0,0.0,0.0,,25.0000000000000000,10.0000000000000000,15.0,42,28,0,47,1,5,9,0,0,0,0,0,0.0,0.0,0,0,"кликов за неделю 0 (за всё время 0), расход 0 ₽ (накоплено 0 ₽) — судить не о чем, наблюдаем"
watch,hold,5290531754,6885X6,Комплект фотобарабанов 60IU60S (6 шт.) на 360000 страниц для принтеров F+ Imaging M60ade,Бандлы x2/x6 — старт (08.08),21.96,21.96,0.0,330.6,308.6,34.1,56808.0,0.02,справочная,18,0,0.0,0.0,0.0,,0.0,,0,0.0,0.0,,20.0000000000000000,23.0000000000000000,-3.0,12,6,0,25,2,2,7,0,0,0,0,0,0.0,0.0,0,0,"кликов за неделю 0 (за всё время 0), расход 0 ₽ (накоплено 0 ₽) — судить не о чем, наблюдаем"
watch,hold,5322433640,2638X2,"Комплект картриджей TN-324BK (2 шт.) на 56000 страниц для принтеров Konica Minolta Bizhub C258, Bizhub C308",Бандлы x2/x6 — старт (08.08),21.96,21.96,0.0,46.8,24.8,27.3,10501.0,0.02,справочная,21,0,0.0,0.0,0.0,,0.0,,0,0.0,0.0,,23.0000000000000000,,,8,8,0,3399,3,4,8,0,0,1,1,0,0.0,0.0,0,0,"кликов за неделю 0 (за всё время 0), расход 0 ₽ (накоплено 0 ₽) — судить не о чем, наблюдаем"
watch,hold,5322458669,2638X6,"Комплект картриджей TN-324BK (6 шт.) на 168000 страниц для принтеров Konica Minolta Bizhub C258, Bizhub C308",Бандлы x2/x6 — старт (08.08),21.96,21.96,0.0,176.7,154.7,34.6,29846.0,0.02,справочная,17,0,0.0,0.0,0.0,,0.0,,0,0.0,0.0,,19.0000000000000000,,,18,18,0,22,2,3,4,0,0,0,0,0,0.0,0.0,0,0,"кликов за неделю 0 (за всё время 0), расход 0 ₽ (накоплено 0 ₽) — судить не о чем, наблюдаем"
watch,hold,5322425323,2633X2,"Комплект картриджей TN-221K (2 шт.) на 48000 страниц для принтеров Konica Minolta Bizhub C227, Bizhub C287",Бандлы x2/x6 — старт (08.08),21.96,21.96,0.0,52.6,30.6,28.2,11330.0,0.02,справочная,12,0,0.0,0.0,0.0,,0.0,,0,0.0,0.0,,139.0000000000000000,,,9,9,0,7,5,4,9,0,0,0,0,0,0.0,0.0,0,0,"кликов за неделю 0 (за всё время 0), расход 0 ₽ (накоплено 0 ₽) — судить не о чем, наблюдаем"
watch,hold,5322425091,2633X6,"Комплект картриджей TN-221K (6 шт.) на 144000 страниц для принтеров Konica Minolta Bizhub C227, Bizhub C287",Бандлы x2/x6 — старт (08.08),21.96,21.96,0.0,192.6,170.6,34.9,32200.0,0.02,справочная,16,0,0.0,0.0,0.0,,0.0,,0,0.0,0.0,,66.0000000000000000,,,22,22,0,21,9,1,2,0,0,0,0,0,0.0,0.0,0,0,"кликов за неделю 0 (за всё время 0), расход 0 ₽ (накоплено 0 ₽) — судить не о чем, наблюдаем"
watch,hold,5322452254,4481X2,Комплект картриджей CTL-1100XK (2 шт.) на 6000 страниц,Бандлы x2/x6 — старт (08.08),21.96,21.96,0.0,61.0,39.0,28.3,8723.0,0.03,справочная,21,0,0.0,0.0,0.0,,0.0,,0,0.0,0.0,,172.0000000000000000,,,14,14,0,89,5,1,14,0,0,0,0,0,0.0,0.0,0,0,"кликов за неделю 0 (за всё время 0), расход 0 ₽ (накоплено 0 ₽) — судить не о чем, наблюдаем"
watch,hold,5322475969,5309X6,"Комплект тонера TN-420H (6 шт.) на 18000 страниц для принтеров M6700D, M6800FDW, M7100DN, M7200FD, M7300FDN, P3010D, P3300DN",Бандлы x2/x6 — старт (08.08),21.96,21.96,0.0,82.1,60.1,34.4,9310.0,0.03,справочная,5,0,0.0,0.0,0.0,,0.0,,0,0.0,0.0,,91.0000000000000000,,,12,12,0,17,6,1,11,0,0,1,1,0,0.0,0.0,0,0,"кликов за неделю 0 (за всё время 0), расход 0 ₽ (накоплено 0 ₽) — судить не о чем, наблюдаем"
yellow,hold,870872512,2240,"Картриджи TN-241-TN-245 для принтеров Brother DCP-9020cdw, HL-3140cw, HL 3150, HL3170CDW, MFC-9140, MFC-9330",от 5000 до 10000,32.21,32.21,0.0,,,,,,справочная,58,0,0.0,0.0,0.0,,0.0,,0,0.0,1.0,,30.0000000000000000,34.0000000000000000,-4.0,224,-80,0,7443,4,2,15,2,14936.0000,1,43,12,155.73,3.0,0,0,"за неделю заказов нет, но и трафика почти нет (0 кликов, 0 ₽); за всё время 3 заказ(ов) — держим"
watch,hold,653230824,3115,"Картридж LC-665XLC для принтеров Brother MFC-J2320, MFC-J2720 голубой",Эксперимент1,7.0,7.0,0.0,,,,,,справочная,23,0,0.0,0.0,0.0,,0.0,,0,0.0,0.0,,72.0000000000000000,45.0000000000000000,27.0,5,-6,0,5,,0,0,1,2107.0000,0,3,0,0.0,0.0,0,0,"кликов за неделю 0 (за всё время 0), расход 0 ₽ (накоплено 0 ₽) — судить не о чем, наблюдаем"
watch,hold,652608565,0938,Картридж T5596 для принтеров Epson Stylus Photo RX700 светло-пурпурный,от 0 до 1000,10.0,10.0,0.0,,,,,,справочная,26,0,0.0,0.0,0.0,,0.0,,0,0.0,0.0,,33.0000000000000000,17.0000000000000000,16.0,39,14,0,116,16,0,3,0,0,0,1,0,0.0,0.0,0,0,"кликов за неделю 0 (за всё время 0), расход 0 ₽ (накоплено 0 ₽) — судить не о чем, наблюдаем"
watch,hold,864225144,0967,"Картридж 72GY для принтеров HP и Designjet T1100, DJ T1200, DJ T1300 серый",Эксперимент1,8.0,8.0,0.0,,,,,,справочная,27,0,0.0,0.0,0.0,,0.0,,0,0.0,0.0,,178.0000000000000000,246.0000000000000000,-68.0,15,-2,0,85,19,0,13,0,0,0,0,0,0.0,0.0,0,0,"кликов за неделю 0 (за всё время 0), расход 0 ₽ (накоплено 0 ₽) — судить не о чем, наблюдаем"
watch,hold,863385774,3383,"Фотобарабан C-EXV42 DU для принтеров Canon iR-2202, iR-2204 черный",Эксперимент1,8.0,8.0,0.0,,,,,,справочная,10,0,0.0,0.0,0.0,,0.0,,1,11.15,0.0,11.2,80.0000000000000000,45.0000000000000000,35.0,19,6,0,42,4,1,15,0,0,0,0,1,11.15,0.0,0,0,"кликов за неделю 0 (за всё время 1), расход 0 ₽ (накоплено 11 ₽) — судить не о чем, наблюдаем"
watch,hold,1153791300,2960,"Фотобарабан C-EXV33 DU для принтеров Canon ImageRunner 2520, iR-2525, iR 2530, iR2535, iR2545 черный",от 10000 до 500 тыс,19.33,19.33,0.0,,,,,,справочная,48,0,0.0,0.0,0.0,,0.0,,0,0.0,0.0,,70.0000000000000000,75.0000000000000000,-5.0,19,-3,0,34,29,0,4,0,0,0,6,0,0.0,0.0,0,0,"кликов за неделю 0 (за всё время 0), расход 0 ₽ (накоплено 0 ₽) — судить не о чем, наблюдаем"
watch,hold,863431395,0492,Картридж DS T0444 Epson желтый совместимый,от 0 до 1000,11.0,11.0,0.0,,,,,,справочная,22,0,0.0,0.0,0.0,,0.0,,0,0.0,0.0,,119.0000000000000000,52.0000000000000000,67.0,16,-2,0,144,228,0,2,0,0,0,1,0,0.0,0.0,0,0,"кликов за неделю 0 (за всё время 0), расход 0 ₽ (накоплено 0 ₽) — судить не о чем, наблюдаем"
watch,hold,874374031,4337,"Картридж №727 для принтеров HP DesignJet T1500, DJ-T1530, DJ T2530, DJ T920 желтый",Эксперимент1,9.0,9.0,0.0,,,,,,справочная,37,0,0.0,0.0,0.0,,0.0,,0,0.0,0.0,,105.0000000000000000,272.0000000000000000,-167.0,26,15,0,255,69,0,13,0,0,0,0,1,9.29,0.0,0,0,"кликов за неделю 0 (за всё время 1), расход 0 ₽ (накоплено 9 ₽) — судить не о чем, наблюдаем"
watch,hold,930635216,2360,"Картридж CF410X для принтеров HP LJ Color Pro M452nw, M377dw, M452dn, M477fdn, M477fdw",Эксперимент1,12.89,12.89,0.0,,,,,,справочная,32,0,0.0,0.0,0.0,,0.0,,0,0.0,0.0,,145.0000000000000000,109.0000000000000000,36.0,4,1,0,4,,0,0,0,0,0,2,0,0.0,0.0,0,0,"кликов за неделю 0 (за всё время 0), расход 0 ₽ (накоплено 0 ₽) — судить не о чем, наблюдаем"
watch,hold,930635216,2360,"Картридж CF410X для принтеров HP LJ Color Pro M452nw, M377dw, M452dn, M477fdn, M477fdw",от 2000 до 5000,20.93,20.93,0.0,,,,,,справочная,6,0,0.0,0.0,0.0,,0.0,,0,0.0,0.0,,145.0000000000000000,109.0000000000000000,36.0,4,1,0,4,,0,0,0,0,0,2,0,0.0,0.0,0,0,"кликов за неделю 0 (за всё время 0), расход 0 ₽ (накоплено 0 ₽) — судить не о чем, наблюдаем"
watch,hold,863385712,5313,"Картридж C7115A для принтеров HP HP LaserJet 1200, LJ 1220, LJ 3300, LJ 3310",от 2000 до 5000,19.33,19.33,0.0,,,,,,справочная,15,0,0.0,0.0,0.0,,0.0,,0,0.0,0.0,,71.0000000000000000,72.0000000000000000,-1.0,10,-4,0,11,20,0,10,0,0,0,6,0,0.0,0.0,0,0,"кликов за неделю 0 (за всё время 0), расход 0 ₽ (накоплено 0 ₽) — судить не о чем, наблюдаем"
watch,hold,864225294,0966,"Картридж 72Y для принтеров HP и Designjet T1100, DJ T1200, DJ T1300 желтый",Эксперимент1,10.0,10.0,0.0,,,,,,справочная,268,0,0.0,0.0,0.0,,0.0,,0,0.0,0.0,,114.0000000000000000,193.0000000000000000,-79.0,28,-13,0,45,26,0,2,0,0,0,4,0,0.0,0.0,0,0,"кликов за неделю 0 (за всё время 0), расход 0 ₽ (накоплено 0 ₽) — судить не о чем, наблюдаем"
watch,hold,930617769,3050,"Картридж CLI-481XXLPB для принтеров Canon Pixma TS8140, PixmaTS8240 фото-голубой",от 0 до 1000,11.0,11.0,0.0,,,,,,справочная,18,0,0.0,0.0,0.0,,0.0,,0,0.0,0.0,,56.0000000000000000,88.0000000000000000,-32.0,15,-2,0,33,8,1,15,0,0,0,1,0,0.0,0.0,0,0,"кликов за неделю 0 (за всё время 0), расход 0 ₽ (накоплено 0 ₽) — судить не о чем, наблюдаем"
watch,hold,652617859,0840,"Картридж T1713 для принтеров Epson Expression Home XP-103, XP 207, XP303, XP-306, XP313, XP 323, XP 403, XP406 XP423 пурпурный",от 0 до 1000,10.0,10.0,0.0,,,,,,справочная,41,0,0.0,0.0,0.0,,0.0,,0,0.0,0.0,,71.0000000000000000,55.0000000000000000,16.0,48,6,0,87,18,0,15,0,0,0,1,0,0.0,0.0,0,0,"кликов за неделю 0 (за всё время 0), расход 0 ₽ (накоплено 0 ₽) — судить не о чем, наблюдаем"
watch,hold,653072463,2316,"Фотобарабан DR-1095 DU для принтеров Brother DCP-1602, HL-1202 черный",от 1000-2000,19.33,19.33,0.0,,,,,,справочная,22,0,0.0,0.0,0.0,,0.0,,0,0.0,0.0,,102.0000000000000000,101.0000000000000000,1.0,18,0,0,19,,0,0,0,0,0,1,0,0.0,0.0,0,0,"кликов за неделю 0 (за всё время 0), расход 0 ₽ (накоплено 0 ₽) — судить не о чем, наблюдаем"
watch,hold,930617652,2036,"Картридж TN-512C для принтеров Konica Minolta Bizhub C454, Bizhub C554 голубой",Эксперимент1,9.0,9.0,0.0,,,,,,справочная,30,0,0.0,0.0,0.0,,0.0,,0,0.0,0.0,,143.0000000000000000,49.0000000000000000,94.0,9,1,0,7584,19,0,4,0,0,0,0,0,0.0,0.0,0,0,"кликов за неделю 0 (за всё время 0), расход 0 ₽ (накоплено 0 ₽) — судить не о чем, наблюдаем"
watch,hold,930629965,2770,"Картридж TK-8515K для принтеров Kyocera и TASKalfa 5052ci, TASKalfa 6052ci черный",от 2000 до 5000,12.0,12.0,0.0,,,,,,справочная,0,0,0,0,0,,,,0,0.0,0.0,,66.0000000000000000,377.0000000000000000,-311.0,7,1,0,3404,26,0,3,0,0,0,0,0,0.0,0.0,0,0,"кликов за неделю 0 (за всё время 0), расход 0 ₽ (накоплено 0 ₽) — судить не о чем, наблюдаем"
watch,hold,1153807742,3146,Картридж 106R02608 для принтеров Xerox Phaser 7100 желтый,от 2000 до 5000,12.0,12.0,0.0,,,,,,справочная,3,0,0.0,0.0,0.0,,0.0,,0,0.0,0.0,,31.0000000000000000,136.0000000000000000,-105.0,1,-5,0,1,,0,0,0,0,0,0,0,0.0,0.0,0,0,"кликов за неделю 0 (за всё время 0), расход 0 ₽ (накоплено 0 ₽) — судить не о чем, наблюдаем"
watch,hold,863431665,0371,"Картриджи CE320A-CE323A для принтеров cm1415fn, cp1525n",Эксперимент1,12.89,12.89,0.0,,,,,,справочная,110,0,0.0,0.0,0.0,,0.0,,1,16.73,0.0,16.7,136.0000000000000000,72.0000000000000000,64.0,35,1,0,4644,13,0,15,0,0,0,6,2,35.28,0.0,0,0,"кликов за неделю 0 (за всё время 2), расход 0 ₽ (накоплено 35 ₽) — судить не о чем, наблюдаем"
watch,hold,863431665,0371,"Картриджи CE320A-CE323A для принтеров cm1415fn, cp1525n",от 5000 до 10000,19.33,19.33,0.0,,,,,,справочная,3,0,0.0,0.0,0.0,,0.0,,1,14.81,0.0,14.8,136.0000000000000000,72.0000000000000000,64.0,35,1,0,4644,13,0,15,0,0,0,6,1,14.81,0.0,0,0,"кликов за неделю 0 (за всё время 1), расход 0 ₽ (накоплено 15 ₽) — судить не о чем, наблюдаем"
watch,hold,866443645,5369,"Картридж TK-1170 для принтеров Kyocera EcoSys M2040dn, M2540dn, M2640idw черный",от 1000-2000,19.0,19.0,0.0,,,,,,справочная,24,0,0.0,0.0,0.0,,0.0,,0,0.0,0.0,,51.0000000000000000,94.0000000000000000,-43.0,35,14,0,49,6,1,6,0,0,2,3,0,0.0,0.0,0,0,"кликов за неделю 0 (за всё время 0), расход 0 ₽ (накоплено 0 ₽) — судить не о чем, наблюдаем"
watch,hold,906877550,3192,"Картридж 054HBK для принтеров Canon i-SENSYS LBP-620, LBP 621, MF-640, MF641, MF 642, MF-643, MF 644, MF645 черный",Эксперимент1,14.0,14.0,0.0,,,,,,справочная,47,0,0.0,0.0,0.0,,0.0,,0,0.0,0.0,,118.0000000000000000,73.0000000000000000,45.0,6,3,0,1018,25,0,2,0,0,0,1,0,0.0,0.0,0,2,"кликов за неделю 0 (за всё время 0), расход 0 ₽ (накоплено 0 ₽) — судить не о чем, наблюдаем"
watch,hold,906877550,3192,"Картридж 054HBK для принтеров Canon i-SENSYS LBP-620, LBP 621, MF-640, MF641, MF 642, MF-643, MF 644, MF645 черный",от 2000 до 5000,20.93,20.93,0.0,,,,,,справочная,13,0,0.0,0.0,0.0,,0.0,,0,0.0,0.0,,118.0000000000000000,73.0000000000000000,45.0,6,3,0,1018,25,0,2,0,0,0,1,0,0.0,0.0,0,2,"кликов за неделю 0 (за всё время 0), расход 0 ₽ (накоплено 0 ₽) — судить не о чем, наблюдаем"
watch,hold,906877559,3218,"Фотобарабан 051D для принтеров Canon i-SENSYS LBP-162, MF 264, MF 267 черный",от 1000-2000,12.0,12.0,0.0,,,,,,справочная,9,0,0.0,0.0,0.0,,0.0,,0,0.0,0.0,,45.0000000000000000,30.0000000000000000,15.0,15,3,0,18,7,2,14,0,0,0,0,0,0.0,0.0,0,0,"кликов за неделю 0 (за всё время 0), расход 0 ₽ (накоплено 0 ₽) — судить не о чем, наблюдаем"
watch,hold,873319986,3840,"Чернила BT6000BK для принтеров Brother DCP-T300, DCP T500W, MFC-T800 черный",Эксперимент1,7.0,7.0,0.0,,,,,,справочная,42,0,0.0,0.0,0.0,,0.0,,0,0.0,0.0,,91.0000000000000000,71.0000000000000000,20.0,14,-4,0,26,13,0,13,0,0,0,3,0,0.0,0.0,0,0,"кликов за неделю 0 (за всё время 0), расход 0 ₽ (накоплено 0 ₽) — судить не о чем, наблюдаем"
watch,hold,930609637,0366,"Картриджи CE250X-CE253A для принтеров HP Color LaserJet CM3530, LJ CP3525dn",Эксперимент1,8.0,8.0,0.0,,,,,,справочная,8,0,0.0,0.0,0.0,,0.0,,0,0.0,0.0,,,37.0000000000000000,,0,-31,0,0,,0,0,0,0,0,2,0,0.0,0.0,0,0,"кликов за неделю 0 (за всё время 0), расход 0 ₽ (накоплено 0 ₽) — судить не о чем, наблюдаем"
watch,hold,930609637,0366,"Картриджи CE250X-CE253A для принтеров HP Color LaserJet CM3530, LJ CP3525dn",от 10000 до 500 тыс,12.0,12.0,0.0,,,,,,справочная,13,0,0.0,0.0,0.0,,0.0,,0,0.0,0.0,,,37.0000000000000000,,0,-31,0,0,,0,0,0,0,0,2,0,0.0,0.0,0,0,"кликов за неделю 0 (за всё время 0), расход 0 ₽ (накоплено 0 ₽) — судить не о чем, наблюдаем"
watch,hold,652638210,0822,"Картридж CLI-451GY для принтеров Canon Pixma iP7240, Pixma iP8740 серый",Вне РК — спрос без рекламы (08.08),15.0,15.0,0.0,,,,,,справочная,0,0,0,0,0,,,,0,0,0,,,,,0,0,0,0,,0,0,0,0,0,0,0,0,0,0,0,"кликов за неделю 0 (за всё время 0), расход 0 ₽ (накоплено 0 ₽) — судить не о чем, наблюдаем"
watch,hold,930633166,3064,Картриджи TK-5290 для принтеров Kyocera Ecosys P7240cdn,Эксперимент1,8.0,8.0,0.0,,,,,,справочная,16,0,0.0,0.0,0.0,,0.0,,0,0.0,0.0,,,48.0000000000000000,,0,-15,0,0,,0,0,0,0,0,2,0,0.0,0.0,0,0,"кликов за неделю 0 (за всё время 0), расход 0 ₽ (накоплено 0 ₽) — судить не о чем, наблюдаем"
watch,hold,866442889,1342,"Картридж 006R01462 для принтеров Xerox WorkCentre 7120, WC-7125, WC 7220, WC7225 желтый",Эксперимент1,8.0,8.0,0.0,,,,,,справочная,13,0,0.0,0.0,0.0,,0.0,,0,0.0,0.0,,206.0000000000000000,146.0000000000000000,60.0,8,-14,0,3423,15,0,8,0,0,0,0,1,1.0,0.0,0,0,"кликов за неделю 0 (за всё время 1), расход 0 ₽ (накоплено 1 ₽) — судить не о чем, наблюдаем"
watch,hold,653346741,0788,"Картридж 106r01633 для принтеров Xerox и Phaser 6000, Phaser 6010, WC6015 желтый",от 1000-2000,10.0,10.0,0.0,,,,,,справочная,2,0,0.0,0.0,0.0,,0.0,,0,0.0,0.0,,105.0000000000000000,16.0000000000000000,89.0,7,3,0,6753,6,1,6,0,0,0,0,0,0.0,0.0,0,0,"кликов за неделю 0 (за всё время 0), расход 0 ₽ (накоплено 0 ₽) — судить не о чем, наблюдаем"
watch,hold,930641192,0738,"Картридж MLT-D305L для принтеров Samsung и ML-3750, ML-3750ND черный",от 2000 до 5000,12.0,12.0,0.0,,,,,,справочная,7,0,0.0,0.0,0.0,,0.0,,0,0.0,0.0,,57.0000000000000000,25.0000000000000000,32.0,10,1,0,12,33,0,1,0,0,0,0,1,12.18,0.0,0,0,"кликов за неделю 0 (за всё время 1), расход 0 ₽ (накоплено 12 ₽) — судить не о чем, наблюдаем"
watch,hold,930639301,2358,"Картридж CF256X для принтеров HP LaserJet M436n, LJ M436nda черный",Эксперимент1,8.0,8.0,0.0,,,,,,справочная,24,0,0.0,0.0,0.0,,0.0,,0,0.0,0.0,,24.0000000000000000,52.0000000000000000,-28.0,21,-2,0,35,9,2,15,0,0,0,1,1,9.96,0.0,0,0,"кликов за неделю 0 (за всё время 1), расход 0 ₽ (накоплено 10 ₽) — судить не о чем, наблюдаем"
watch,hold,930639301,2358,"Картридж CF256X для принтеров HP LaserJet M436n, LJ M436nda черный",от 2000 до 5000,12.0,12.0,0.0,,,,,,справочная,6,0,0.0,0.0,0.0,,0.0,,0,0.0,0.0,,24.0000000000000000,52.0000000000000000,-28.0,21,-2,0,35,9,2,15,0,0,0,1,0,0.0,0.0,0,0,"кликов за неделю 0 (за всё время 0), расход 0 ₽ (накоплено 0 ₽) — судить не о чем, наблюдаем"
watch,hold,930615629,0277,"Картридж MLT-D103L для принтеров Samsung ML2950, ML2950NDR, SCX4727FD, SCX4727, SCX 4728, SCX4729, ML2545, ML2950",Вне РК — спрос без рекламы (08.08),19.0,19.0,0.0,,,,,,справочная,0,0,0,0,0,,,,0,0,0,,,,,0,0,0,0,,0,0,0,0,0,0,0,0,0,0,0,"кликов за неделю 0 (за всё время 0), расход 0 ₽ (накоплено 0 ₽) — судить не о чем, наблюдаем"
watch,hold,866443442,1602,"Картридж CLT-C609S для принтеров Samsung и CLP-770, CLP 770ND голубой",Эксперимент1,16.1,16.1,0.0,,,,,,справочная,49,0,0.0,0.0,0.0,,0.0,,0,0.0,0.0,,195.0000000000000000,40.0000000000000000,155.0,10,-5,0,7250,6,1,5,0,0,0,1,0,0.0,0.0,0,0,"кликов за неделю 0 (за всё время 0), расход 0 ₽ (накоплено 0 ₽) — судить не о чем, наблюдаем"
watch,hold,1220702233,5235,"Картридж 069 для принтеров Canon i-SENSYS LBP673Cdw, MF752Cdw, MF754Cdw пурпурный",Эксперимент1,9.0,9.0,0.0,,,,,,справочная,21,0,0.0,0.0,0.0,,0.0,,0,0.0,0.0,,74.0000000000000000,144.0000000000000000,-70.0,12,-3,0,24,12,0,10,0,0,0,0,0,0.0,0.0,0,0,"кликов за неделю 0 (за всё время 0), расход 0 ₽ (накоплено 0 ₽) — судить не о чем, наблюдаем"
watch,hold,1139101666,5034,"Картридж CH566A для принтеров HP и DesignJet 500, DJ 510, DJ 800 голубой",Эксперимент1,12.89,12.89,0.0,,,,,,справочная,54,0,0.0,0.0,0.0,,0.0,,0,0.0,0.0,,48.0000000000000000,38.0000000000000000,10.0,2,-24,0,1,,0,0,0,0,0,1,0,0.0,0.0,0,0,"кликов за неделю 0 (за всё время 0), расход 0 ₽ (накоплено 0 ₽) — судить не о чем, наблюдаем"
watch,hold,873320571,3749,"Картриджи 408184-408187 для принтеров Ricoh Aficio SPC360, SPC361",Эксперимент1,12.89,12.89,0.0,,,,,,справочная,15,0,0.0,0.0,0.0,,0.0,,0,0.0,0.0,,106.0000000000000000,104.0000000000000000,2.0,9,-33,0,1019,5,2,8,2,28660.0000,0,3,2,14.66,0.0,0,0,"кликов за неделю 0 (за всё время 2), расход 0 ₽ (накоплено 15 ₽) — судить не о чем, наблюдаем"
watch,hold,652454535,0894,"Картридж 655BK для принтеров HP DeskJet Ink Advantage 4625, DJ 3525, DJ 4615, DJ 5525, DJ 6525 черный",от 0 до 1000,10.0,10.0,0.0,,,,,,справочная,28,0,0.0,0.0,0.0,,0.0,,0,0.0,0.0,,106.0000000000000000,180.0000000000000000,-74.0,33,-13,0,54,69,0,4,0,0,0,4,0,0.0,0.0,0,0,"кликов за неделю 0 (за всё время 0), расход 0 ₽ (накоплено 0 ₽) — судить не о чем, наблюдаем"
watch,hold,864225502,0987,"Картридж 44973543 для принтеров OKI C301dn, C321dn, MC332, MC342 голубой",Эксперимент1,8.0,8.0,0.0,,,,,,справочная,29,0,0.0,0.0,0.0,,0.0,,1,7.8,0.0,7.8,77.0000000000000000,94.0000000000000000,-17.0,5,-1,0,5,64,0,3,0,0,0,0,1,7.8,0.0,0,0,"кликов за неделю 0 (за всё время 1), расход 0 ₽ (накоплено 8 ₽) — судить не о чем, наблюдаем"
watch,hold,652454152,2313,"Картридж 650 для принтеров HP DeskJet 1015, DeskJet 1515, DJ2516, DJ 3545, DJ 4515, DJ 4645 цветной",от 2000 до 5000,19.33,19.33,0.0,,,,,,справочная,54,0,0.0,0.0,0.0,,0.0,,0,0.0,0.0,,172.0000000000000000,256.0000000000000000,-84.0,29,0,0,418,47,0,11,0,0,0,1,0,0.0,0.0,0,0,"кликов за неделю 0 (за всё время 0), расход 0 ₽ (накоплено 0 ₽) — судить не о чем, наблюдаем"
watch,hold,906877301,2760,"Картридж TK-8335K для принтеров Kyocera TASKalfa 3252ci, TASKalfa 3253 черный",Эксперимент1,14.5,14.5,0.0,,,,,,справочная,49,0,0.0,0.0,0.0,,0.0,,0,0.0,0.0,,103.0000000000000000,115.0000000000000000,-12.0,12,-7,0,1025,3,1,11,0,0,0,4,0,0.0,0.0,0,1,"кликов за неделю 0 (за всё время 0), расход 0 ₽ (накоплено 0 ₽) — судить не о чем, наблюдаем"
watch,hold,906877301,2760,"Картридж TK-8335K для принтеров Kyocera TASKalfa 3252ci, TASKalfa 3253 черный",от 2000 до 5000,19.33,19.33,0.0,,,,,,справочная,8,0,0.0,0.0,0.0,,0.0,,0,0.0,0.0,,103.0000000000000000,115.0000000000000000,-12.0,12,-7,0,1025,3,1,11,0,0,0,4,1,11.04,0.0,0,1,"кликов за неделю 0 (за всё время 1), расход 0 ₽ (накоплено 11 ₽) — судить не о чем, наблюдаем"
watch,hold,930640986,0717,"Картридж 718Y для принтеров Canon и i-SENSYS LBP7200Cdn, LBP7210Cdn, MF724Cdw, MF728Cdw, MF8330, MF8340Cdn желтый",Эксперимент1,8.0,8.0,0.0,,,,,,справочная,24,0,0.0,0.0,0.0,,0.0,,1,6.71,0.0,6.7,77.0000000000000000,99.0000000000000000,-22.0,9,2,0,9,40,0,1,0,0,0,0,1,6.71,0.0,0,0,"кликов за неделю 0 (за всё время 1), расход 0 ₽ (накоплено 7 ₽) — судить не о чем, наблюдаем"
watch,hold,873313553,3508,"Картридж T9072 для принтеров Epson и WorkForce Pro 6090, WF Pro 6590 голубой",Эксперимент1,8.0,8.0,0.0,,,,,,справочная,17,0,0.0,0.0,0.0,,0.0,,0,0.0,0.0,,59.0000000000000000,34.0000000000000000,25.0,17,11,0,23,8,1,13,0,0,0,0,0,0.0,0.0,0,0,"кликов за неделю 0 (за всё время 0), расход 0 ₽ (накоплено 0 ₽) — судить не о чем, наблюдаем"
watch,hold,1153456939,1454,Картридж PFI-703MBk для принтеров Canon и iPF iPF810 черный матовый,Пустые РК,13.0,13.0,0.0,,,,,,справочная,0,0,0,0,0,,,,0,0,0,,,,,0,0,0,0,,0,0,0,0,0,0,0,0,0,0,0,"кликов за неделю 0 (за всё время 0), расход 0 ₽ (накоплено 0 ₽) — судить не о чем, наблюдаем"
watch,hold,652453178,1550,"Картридж №934XL для принтеров HP OfficeJet Pro 6230, OfficeJet Pro 6830 черный",от 0 до 1000,10.0,10.0,0.0,,,,,,справочная,14,0,0.0,0.0,0.0,,0.0,,0,0.0,0.0,,102.0000000000000000,115.0000000000000000,-13.0,14,2,0,17,25,0,2,0,0,0,0,0,0.0,0.0,0,0,"кликов за неделю 0 (за всё время 0), расход 0 ₽ (накоплено 0 ₽) — судить не о чем, наблюдаем"
watch,hold,873312962,3554,"Картридж PGI-480XLBK для принтеров Canon Pixma TR7540, Pixma TR8540 черный",Эксперимент1,8.0,8.0,0.0,,,,,,справочная,38,0,0.0,0.0,0.0,,0.0,,0,0.0,0.0,,109.0000000000000000,105.0000000000000000,4.0,26,2,0,28,35,0,15,0,0,0,1,0,0.0,0.0,0,0,"кликов за неделю 0 (за всё время 0), расход 0 ₽ (накоплено 0 ₽) — судить не о чем, наблюдаем"
watch,hold,904485741,4422,"Чернила BTD60BK для принтеров Brother DCP-T310, DCP T510W, HL-T4000DW, MFC-T4500DW, MFC-T810W черный",Эксперимент1,7.0,7.0,0.0,,,,,,справочная,12,0,0.0,0.0,0.0,,0.0,,0,0.0,0.0,,122.0000000000000000,66.0000000000000000,56.0,45,2,0,266,11,0,15,0,0,0,0,1,6.82,0.0,0,0,"кликов за неделю 0 (за всё время 1), расход 0 ₽ (накоплено 7 ₽) — судить не о чем, наблюдаем"
watch,hold,904485741,4422,"Чернила BTD60BK для принтеров Brother DCP-T310, DCP T510W, HL-T4000DW, MFC-T4500DW, MFC-T810W черный",от 0 до 1000,11.0,11.0,0.0,,,,,,справочная,29,0,0.0,0.0,0.0,,0.0,,1,10.61,0.0,10.6,122.0000000000000000,66.0000000000000000,56.0,45,2,0,266,11,0,15,0,0,0,0,1,10.61,0.0,0,0,"кликов за неделю 0 (за всё время 1), расход 0 ₽ (накоплено 11 ₽) — судить не о чем, наблюдаем"
watch,hold,904472946,1189,"Фотобарабан CE314A для принтеров HP Color LJ Pro 100 M175a, LJ Pro Color CP1020 черный",Эксперимент1,17.71,17.71,0.0,,,,,,справочная,78,0,0.0,0.0,0.0,,0.0,,0,0.0,0.0,,55.0000000000000000,54.0000000000000000,1.0,10,-4,0,14,11,0,9,0,0,0,3,0,0.0,0.0,0,0,"кликов за неделю 0 (за всё время 0), расход 0 ₽ (накоплено 0 ₽) — судить не о чем, наблюдаем"
watch,hold,904473371,1226,"Картридж LC563Y для принтеров Brother и MFC-J2310, MFC J2510 желтый",Эксперимент1,7.0,7.0,0.0,,,,,,справочная,290,0,0.0,0.0,0.0,,0.0,,0,0.0,0.0,,159.0000000000000000,82.0000000000000000,77.0,6,4,0,17,41,0,6,0,0,0,0,0,0.0,0.0,0,0,"кликов за неделю 0 (за всё время 0), расход 0 ₽ (накоплено 0 ₽) — судить не о чем, наблюдаем"
watch,hold,873314311,3660,"Картриджи C2500H для принтеров Ricoh IM C2500, IM-C2000",Эксперимент1,14.5,14.5,0.0,,,,,,справочная,98,0,0.0,0.0,0.0,,0.0,,0,0.0,0.0,,87.0000000000000000,114.0000000000000000,-27.0,17,-18,0,3447,7,3,15,2,29166.0000,0,4,0,0.0,0.0,0,0,"кликов за неделю 0 (за всё время 0), расход 0 ₽ (накоплено 0 ₽) — судить не о чем, наблюдаем"
watch,hold,866443217,1575,"Картридж D8J10A для принтеров HP Officejet Color X555dn, Officejet Color X5585dn черный",Эксперимент1,8.0,8.0,0.0,,,,,,справочная,8,0,0.0,0.0,0.0,,0.0,,0,0.0,0.0,,144.0000000000000000,48.0000000000000000,96.0,5,2,0,5,10,1,4,0,0,0,0,0,0.0,0.0,0,0,"кликов за неделю 0 (за всё время 0), расход 0 ₽ (накоплено 0 ₽) — судить не о чем, наблюдаем"
watch,hold,864225317,0957,"Картриджи 933XL для принтеров HP OfficeJet 6100, Officejet 6600",от 2000 до 5000,19.33,19.33,0.0,,,,,,справочная,44,0,0.0,0.0,0.0,,0.0,,0,0.0,0.0,,124.0000000000000000,71.0000000000000000,53.0,19,1,0,19,29,0,15,0,0,0,1,0,0.0,0.0,0,0,"кликов за неделю 0 (за всё время 0), расход 0 ₽ (накоплено 0 ₽) — судить не о чем, наблюдаем"
watch,hold,930642448,3151,"Картридж TN-241Y для принтеров Brother DCP-9020cdw, HL-3140cw, HL 3150, HL3170CDW, MFC-9140, MFC-9330 желтый",Эксперимент1,9.0,9.0,0.0,,,,,,справочная,10,0,0.0,0.0,0.0,,0.0,,0,0.0,0.0,,147.0000000000000000,100.0000000000000000,47.0,7,-1,0,12,26,0,6,0,0,0,0,0,0.0,0.0,0,0,"кликов за неделю 0 (за всё время 0), расход 0 ₽ (накоплено 0 ₽) — судить не о чем, наблюдаем"
watch,hold,652454466,0977,"Картридж №971XLM для принтеров HP Officejet Pro X451dw, Officejet Pro X476dw пурпурный",Эксперимент1,8.0,8.0,0.0,,,,,,справочная,48,0,0.0,0.0,0.0,,0.0,,0,0.0,0.0,,43.0000000000000000,36.0000000000000000,7.0,13,-14,0,12,5,4,10,0,0,0,1,1,16.1,0.0,0,0,"кликов за неделю 0 (за всё время 1), расход 0 ₽ (накоплено 16 ₽) — судить не о чем, наблюдаем"
watch,hold,930613951,0575,"Картридж TN-135BK для принтеров Brother и DCP-9040CN, DCP 9045CN, HL-4040 cn, HL4050CDN, HL-4070, MFC-9440CN, MFC9450 черный",Эксперимент1,8.0,8.0,0.0,,,,,,справочная,9,0,0.0,0.0,0.0,,0.0,,0,0.0,0.0,,172.0000000000000000,56.0000000000000000,116.0,22,10,0,1003,9,1,5,0,0,0,1,0,0.0,0.0,0,0,"кликов за неделю 0 (за всё время 0), расход 0 ₽ (накоплено 0 ₽) — судить не о чем, наблюдаем"
watch,hold,930613951,0575,"Картридж TN-135BK для принтеров Brother и DCP-9040CN, DCP 9045CN, HL-4040 cn, HL4050CDN, HL-4070, MFC-9440CN, MFC9450 черный",от 2000 до 5000,12.0,12.0,0.0,,,,,,справочная,12,0,0.0,0.0,0.0,,0.0,,0,0.0,0.0,,172.0000000000000000,56.0000000000000000,116.0,22,10,0,1003,9,1,5,0,0,0,1,0,0.0,0.0,0,0,"кликов за неделю 0 (за всё время 0), расход 0 ₽ (накоплено 0 ₽) — судить не о чем, наблюдаем"
watch,hold,866443343,1361,"Картридж 106R02732 для принтеров Xerox Phaser 3610, WC 3615 черный",Эксперимент1,8.0,8.0,0.0,,,,,,справочная,3,0,0.0,0.0,0.0,,0.0,,0,0.0,0.0,,32.0000000000000000,105.0000000000000000,-73.0,3,-1,0,2,,0,0,0,0,0,0,0,0.0,0.0,0,0,"кликов за неделю 0 (за всё время 0), расход 0 ₽ (накоплено 0 ₽) — судить не о чем, наблюдаем"
watch,hold,866443343,1361,"Картридж 106R02732 для принтеров Xerox Phaser 3610, WC 3615 черный",от 2000 до 5000,12.0,12.0,0.0,,,,,,справочная,3,0,0.0,0.0,0.0,,0.0,,0,0,0,,32.0000000000000000,105.0000000000000000,-73.0,3,-1,0,2,,0,0,0,0,0,0,0,0.0,0.0,0,0,"кликов за неделю 0 (за всё время 0), расход 0 ₽ (накоплено 0 ₽) — судить не о чем, наблюдаем"
watch,hold,1153214505,0397,Картридж Q5951A для принтеров HP и Color LaserJet 4700 голубой,Эксперимент1,12.89,12.89,0.0,,,,,,справочная,43,0,0.0,0.0,0.0,,0.0,,0,0.0,0.0,,18.0000000000000000,34.0000000000000000,-16.0,4,-2,0,4,,0,0,0,0,0,1,0,0.0,0.0,0,0,"кликов за неделю 0 (за всё время 0), расход 0 ₽ (накоплено 0 ₽) — судить не о чем, наблюдаем"
watch,hold,653325343,1329,"Картридж CLT-M404S для принтеров Samsung SL-C430, SL C430W, SLC480, SL-C480FW, SLC480W пурпурный",Эксперимент1,9.0,9.0,0.0,,,,,,справочная,27,0,0.0,0.0,0.0,,0.0,,1,8.16,0.0,8.2,125.0000000000000000,49.0000000000000000,76.0,14,8,0,16,10,1,12,0,0,0,0,1,8.16,0.0,0,0,"кликов за неделю 0 (за всё время 1), расход 0 ₽ (накоплено 8 ₽) — судить не о чем, наблюдаем"
watch,hold,873313130,3715,"Картриджи 106R03887-106R03884 для принтеров Xerox VersaLink C500, C505",Эксперимент1,14.5,14.5,0.0,,,,,,справочная,28,0,0.0,0.0,0.0,,0.0,,0,0.0,0.0,,,100.0000000000000000,,0,-7,0,0,,0,0,0,0,0,2,0,0.0,0.0,0,0,"кликов за неделю 0 (за всё время 0), расход 0 ₽ (накоплено 0 ₽) — судить не о чем, наблюдаем"
watch,hold,1153219983,0568,"Картридж TN-6600 для принтеров Brother FAX-4750, FAX 5750, FAX8350P, HL-1030, HL-1230, HL 1240, HL1250, HL1430 HL 1440 черный",Эксперимент1,8.0,8.0,0.0,,,,,,справочная,23,0,0.0,0.0,0.0,,0.0,,0,0.0,0.0,,37.0000000000000000,26.0000000000000000,11.0,20,10,0,1123,8,1,8,0,0,0,0,0,0.0,0.0,0,0,"кликов за неделю 0 (за всё время 0), расход 0 ₽ (накоплено 0 ₽) — судить не о чем, наблюдаем"
watch,hold,653317633,3669,Картридж 106R03765 для принтеров Xerox VersaLink C7000 черный,Эксперимент1,17.71,17.71,0.0,,,,,,справочная,62,0,0.0,0.0,0.0,,0.0,,0,0.0,0.0,,47.0000000000000000,40.0000000000000000,7.0,21,-6,0,24,13,0,15,0,0,0,18,0,0.0,0.0,0,0,"кликов за неделю 0 (за всё время 0), расход 0 ₽ (накоплено 0 ₽) — судить не о чем, наблюдаем"
watch,hold,653317633,3669,Картридж 106R03765 для принтеров Xerox VersaLink C7000 черный,от 2000 до 5000,29.0,29.0,0.0,,,,,,справочная,8,0,0.0,0.0,0.0,,0.0,,0,0.0,0.0,,47.0000000000000000,40.0000000000000000,7.0,21,-6,0,24,13,0,15,0,0,0,18,0,0.0,0.0,0,0,"кликов за неделю 0 (за всё время 0), расход 0 ₽ (накоплено 0 ₽) — судить не о чем, наблюдаем"
watch,hold,873314092,3413,"Картридж T03 для принтеров Canon iR Advance 525i, iR Advance 615 черный",от 10000 до 500 тыс,12.0,12.0,0.0,,,,,,справочная,0,0,0,0,0,,,,0,0,0,,,,,0,0,0,0,,0,0,0,0,0,1,0,0,0,0,0,"кликов за неделю 0 (за всё время 0), расход 0 ₽ (накоплено 0 ₽) — судить не о чем, наблюдаем"
watch,hold,873314092,3413,"Картридж T03 для принтеров Canon iR Advance 525i, iR Advance 615 черный",Эксперимент1,9.0,9.0,0.0,,,,,,справочная,0,0,0,0,0,,,,0,0,0,,,,,0,0,0,0,,0,0,0,0,0,1,0,0,0,0,0,"кликов за неделю 0 (за всё время 0), расход 0 ₽ (накоплено 0 ₽) — судить не о чем, наблюдаем"
watch,hold,1131187881,4929,"Картридж 74C5SCE для принтеров Lexmark CS720, CS720de, CX725, CX725de голубой",Вне РК — спрос без рекламы (08.08),21.96,21.96,0.0,,,,,,справочная,0,0,0,0,0,,,,0,0,0,,,,,0,0,0,0,,0,0,0,0,0,0,0,0,0,0,0,"кликов за неделю 0 (за всё время 0), расход 0 ₽ (накоплено 0 ₽) — судить не о чем, наблюдаем"
watch,hold,866443839,2152,"Картридж CF540A для принтеров HP LaserJet Pro Color M254dw, LJ Pro Color M280nw черный",Эксперимент1,9.0,9.0,0.0,,,,,,справочная,28,0,0.0,0.0,0.0,,0.0,,0,0.0,0.0,,134.0000000000000000,56.0000000000000000,78.0,6,-14,0,6,6,1,5,0,0,2,7,0,0.0,0.0,0,0,"кликов за неделю 0 (за всё время 0), расход 0 ₽ (накоплено 0 ₽) — судить не о чем, наблюдаем"
watch,hold,873313513,3533,"Фотобарабан DR-3000 DU для принтеров Brother DCP-8040, DCP 8045, HL-5130, HL5140, HL-5150, HL5170, MFC-8220, MFC 8440 черный",Эксперимент1,9.0,9.0,0.0,,,,,,справочная,12,0,0.0,0.0,0.0,,0.0,,0,0.0,0.0,,121.0000000000000000,36.0000000000000000,85.0,19,14,0,10147,10,1,11,0,0,0,0,0,0.0,0.0,0,0,"кликов за неделю 0 (за всё время 0), расход 0 ₽ (накоплено 0 ₽) — судить не о чем, наблюдаем"
watch,hold,873313513,3533,"Фотобарабан DR-3000 DU для принтеров Brother DCP-8040, DCP 8045, HL-5130, HL5140, HL-5150, HL5170, MFC-8220, MFC 8440 черный",от 2000 до 5000,12.0,12.0,0.0,,,,,,справочная,5,0,0.0,0.0,0.0,,0.0,,0,0.0,0.0,,121.0000000000000000,36.0000000000000000,85.0,19,14,0,10147,10,1,11,0,0,0,0,0,0.0,0.0,0,0,"кликов за неделю 0 (за всё время 0), расход 0 ₽ (накоплено 0 ₽) — судить не о чем, наблюдаем"
watch,hold,873314216,3673,Картриджи 106R03765-106R03768 для принтеров Xerox VersaLink C7000,от 10000 до 500 тыс,19.33,19.33,0.0,,,,,,справочная,11,0,0.0,0.0,0.0,,0.0,,0,0.0,0.0,,,50.0000000000000000,,0,-19,0,0,,0,0,0,0,0,4,0,0.0,0.0,0,0,"кликов за неделю 0 (за всё время 0), расход 0 ₽ (накоплено 0 ₽) — судить не о чем, наблюдаем"
watch,hold,874374183,4267,"Картридж 006R01704 для принтеров Xerox и AltaLink C8030, C8035 желтый",Эксперимент1,12.89,12.89,0.0,,,,,,справочная,37,0,0.0,0.0,0.0,,0.0,,0,0.0,0.0,,138.0000000000000000,46.0000000000000000,92.0,4,-3,0,3295,450,0,1,0,0,0,2,0,0.0,0.0,0,0,"кликов за неделю 0 (за всё время 0), расход 0 ₽ (накоплено 0 ₽) — судить не о чем, наблюдаем"
watch,hold,874375881,4279,"Картридж W2210A для принтеров HP LJ Pro Color M255 dw, LJ Pro Color M282 черный",Эксперимент1,9.0,9.0,0.0,,,,,,справочная,14,0,0.0,0.0,0.0,,0.0,,0,0.0,0.0,,79.0000000000000000,83.0000000000000000,-4.0,5,-1,0,35,79,0,1,0,0,0,0,0,0.0,0.0,0,0,"кликов за неделю 0 (за всё время 0), расход 0 ₽ (накоплено 0 ₽) — судить не о чем, наблюдаем"
watch,hold,874375881,4279,"Картридж W2210A для принтеров HP LJ Pro Color M255 dw, LJ Pro Color M282 черный",от 2000 до 5000,12.0,12.0,0.0,,,,,,справочная,2,0,0.0,0.0,0.0,,0.0,,0,0.0,0.0,,79.0000000000000000,83.0000000000000000,-4.0,5,-1,0,35,79,0,1,0,0,0,0,0,0.0,0.0,0,0,"кликов за неделю 0 (за всё время 0), расход 0 ₽ (накоплено 0 ₽) — судить не о чем, наблюдаем"
watch,hold,1153805332,3033,"Фотобарабан 43979002 DU для принтеров OKI B410, B430, B440, MB460, MB470 черный",от 5000 до 10000,12.0,12.0,0.0,,,,,,справочная,9,0,0.0,0.0,0.0,,0.0,,0,0.0,0.0,,98.0000000000000000,51.0000000000000000,47.0,13,4,0,3410,15,0,10,0,0,0,0,0,0.0,0.0,0,0,"кликов за неделю 0 (за всё время 0), расход 0 ₽ (накоплено 0 ₽) — судить не о чем, наблюдаем"
watch,hold,863393898,0048,Картридж 106R01374 для принтеров Xerox Phaser 3250 черный,от 2000 до 5000,12.0,12.0,0.0,,,,,,справочная,2,0,0.0,0.0,0.0,,0.0,,0,0.0,0.0,,67.0000000000000000,64.0000000000000000,3.0,24,-68,0,36,5,3,15,0,0,0,4,2,7.22,0.0,0,0,"кликов за неделю 0 (за всё время 2), расход 0 ₽ (накоплено 7 ₽) — судить не о чем, наблюдаем"
watch,hold,652353545,085111,"Картридж для Brother MFC-L2720DWR, MFC-L2740DWR, DCP-L2500DR, DCP L2520DWR, HL-L2300DR, HLL2340DWR, HL L2360DNR, HL-L2365DWR, HL L2380 MFCL2700DWR",Эксперимент1,12.0,12.0,0.0,,,,,,справочная,75,0,0.0,0.0,0.0,,0.0,,2,2.0,2.0,1.0,45.0000000000000000,68.0000000000000000,-23.0,100,37,1328,211,3,3,12,0,0,2,15,3,10.88,2.0,0,0,"кликов за неделю 0 (за всё время 3), расход 0 ₽ (накоплено 11 ₽) — судить не о чем, наблюдаем"
watch,hold,870872409,2319,"Картридж 51B5000 для принтеров Lexmark MX317dn, LP MS417, LP MS517",Эксперимент1,8.0,8.0,0.0,,,,,,справочная,37,0,0.0,0.0,0.0,,0.0,,0,0.0,0.0,,160.0000000000000000,204.0000000000000000,-44.0,20,13,0,26,5,1,12,0,0,0,0,0,0.0,0.0,0,0,"кликов за неделю 0 (за всё время 0), расход 0 ₽ (накоплено 0 ₽) — судить не о чем, наблюдаем"
watch,hold,904484238,3965,"Картридж 46471108 для принтеров OKI Data C823, Data C833 черный",Эксперимент1,14.5,14.5,0.0,,,,,,справочная,56,0,0.0,0.0,0.0,,0.0,,0,0.0,0.0,,41.0000000000000000,44.0000000000000000,-3.0,27,-23,0,4150,5,4,13,0,0,0,1,0,0.0,0.0,0,0,"кликов за неделю 0 (за всё время 0), расход 0 ₽ (накоплено 0 ₽) — судить не о чем, наблюдаем"
watch,hold,1003270787,4824,"Фотобарабан A7U40TD для принтеров Konica Minolta Bizhub 308, Bizhub 458 цветной",от 10000 до 500 тыс,12.0,12.0,0.0,,,,,,справочная,10,0,0.0,0.0,0.0,,0.0,,1,11.24,0.0,11.2,167.0000000000000000,95.0000000000000000,72.0,18,-3,0,3653,53,0,5,0,0,0,0,1,11.24,0.0,0,0,"кликов за неделю 0 (за всё время 1), расход 0 ₽ (накоплено 11 ₽) — судить не о чем, наблюдаем"
watch,hold,863387502,2181,"Картриджи 040H для принтеров Canon i-SENSYS LBP-710CX, LBP712CX",Эксперимент1,12.89,12.89,0.0,,,,,,справочная,23,0,0.0,0.0,0.0,,0.0,,0,0.0,0.0,,68.0000000000000000,74.0000000000000000,-6.0,9,-6,0,13,53,0,3,0,0,0,2,0,0.0,0.0,0,1,"кликов за неделю 0 (за всё время 0), расход 0 ₽ (накоплено 0 ₽) — судить не о чем, наблюдаем"
watch,hold,866443315,1543,Картридж T964 для принтеров Epson и Stylus Photo R2880 желтый,Эксперимент1,10.0,10.0,0.0,,,,,,справочная,7,0,0.0,2.0,2578.0,,0.0,0.0,1,1.0,0.0,1.0,,23.0000000000000000,,0,-8,0,0,,0,0,1,1289.0000,0,2,1,1.0,2.0,0,0,"кликов за неделю 0 (за всё время 1), расход 0 ₽ (накоплено 1 ₽) — судить не о чем, наблюдаем"
watch,hold,873312878,3488,"Картриджи PG-445XL-CL-446XL для принтеров Canon Pixma iP2840, PixmaiP2845",от 5000 до 10000,20.93,20.93,0.0,,,,,,справочная,74,0,0.0,0.0,0.0,,0.0,,0,0.0,0.0,,174.0000000000000000,165.0000000000000000,9.0,35,-14,0,3512,103,0,8,0,0,0,1,0,0.0,0.0,0,0,"кликов за неделю 0 (за всё время 0), расход 0 ₽ (накоплено 0 ₽) — судить не о чем, наблюдаем"
watch,hold,653349752,0919,"Картридж T1293 для принтеров Epson WF 3520, WF 3530 пурпурный",Эксперимент1,6.0,6.0,0.0,,,,,,справочная,25,0,0.0,0.0,0.0,,0.0,,0,0.0,0.0,,93.0000000000000000,52.0000000000000000,41.0,13,-10,0,13,,0,0,0,0,0,0,0,0.0,0.0,0,1,"кликов за неделю 0 (за всё время 0), расход 0 ₽ (накоплено 0 ₽) — судить не о чем, наблюдаем"
watch,hold,930616484,2768,Картридж TK-8345Y для принтеров Kyocera TASKalfa 2552ci желтый,от 2000 до 5000,12.0,12.0,0.0,,,,,,справочная,3,0,0.0,0.0,0.0,,0.0,,0,0.0,0.0,,47.0000000000000000,282.0000000000000000,-235.0,3,-2,0,3,,0,0,0,0,0,1,0,0.0,0.0,0,0,"кликов за неделю 0 (за всё время 0), расход 0 ₽ (накоплено 0 ₽) — судить не о чем, наблюдаем"
watch,hold,930614746,1145,"Картридж 106R02723 для принтеров Xerox Phaser 3610, WC 3615 черный",от 2000 до 5000,13.0,13.0,0.0,,,,,,справочная,8,0,0.0,0.0,0.0,,0.0,,0,0.0,0.0,,86.0000000000000000,91.0000000000000000,-5.0,2,-8,0,2,,0,0,0,0,0,0,0,0.0,0.0,0,0,"кликов за неделю 0 (за всё время 0), расход 0 ₽ (накоплено 0 ₽) — судить не о чем, наблюдаем"
watch,hold,906874849,0742,"Картридж Q6002A для принтеров HP Color LaserJet 1600, LJ 2600, LJ-2605, LJ CM1015, LJCM1017 желтый",от 2000 до 5000,12.0,12.0,0.0,,,,,,справочная,14,0,0.0,0.0,0.0,,0.0,,1,10.49,0.0,10.5,94.0000000000000000,38.0000000000000000,56.0,16,-4,0,1108,12,0,14,0,0,0,0,1,10.49,0.0,0,0,"кликов за неделю 0 (за всё время 1), расход 0 ₽ (накоплено 10 ₽) — судить не о чем, наблюдаем"
watch,hold,873314457,3261,"Картридж TL-420H для принтеров M6700D, M6800FDW, M7100DN, M7200FD, M7300FDN, P3010D, P3300DN черный",от 1000-2000,19.0,19.0,0.0,,,,,,справочная,32,0,0.0,0.0,0.0,,0.0,,0,0.0,0.0,,158.0000000000000000,127.0000000000000000,31.0,25,6,0,87,31,0,8,0,0,0,3,0,0.0,0.0,0,0,"кликов за неделю 0 (за всё время 0), расход 0 ₽ (накоплено 0 ₽) — судить не о чем, наблюдаем"
watch,hold,652996048,1223,"Картридж LC563BK для принтеров Brother MFC-J2310, MFC J2510 черный",Эксперимент1,8.0,8.0,0.0,,,,,,справочная,13,0,0.0,0.0,0.0,,0.0,,0,0.0,0.0,,106.0000000000000000,78.0000000000000000,28.0,12,7,0,23,39,0,12,0,0,0,0,0,0.0,0.0,0,0,"кликов за неделю 0 (за всё время 0), расход 0 ₽ (накоплено 0 ₽) — судить не о чем, наблюдаем"
watch,hold,863386849,3428,"Картридж TN-213M для принтеров Brother и DCP-L3550, HL-L3230CDW, MFC-L3770CDW пурпурный",Эксперимент1,8.0,8.0,0.0,,,,,,справочная,19,0,0.0,0.0,0.0,,0.0,,0,0.0,0.0,,234.0000000000000000,100.0000000000000000,134.0,7,-4,0,13,35,0,7,0,0,0,0,0,0.0,0.0,0,0,"кликов за неделю 0 (за всё время 0), расход 0 ₽ (накоплено 0 ₽) — судить не о чем, наблюдаем"
watch,hold,1153413185,1184,"Картридж TK-1115 для принтеров Kyocera и FS-1041, FS 1220MFP, FS1320MF черный",Эксперимент1,7.0,7.0,0.0,,,,,,справочная,9,0,0.0,0.0,0.0,,0.0,,0,0.0,0.0,,64.0000000000000000,16.0000000000000000,48.0,12,10,0,34,1,2,9,0,0,0,1,0,0.0,0.0,0,0,"кликов за неделю 0 (за всё время 0), расход 0 ₽ (накоплено 0 ₽) — судить не о чем, наблюдаем"
watch,hold,1153413185,1184,"Картридж TK-1115 для принтеров Kyocera и FS-1041, FS 1220MFP, FS1320MF черный",от 1000-2000,10.0,10.0,0.0,,,,,,справочная,13,0,0.0,0.0,0.0,,0.0,,0,0.0,0.0,,64.0000000000000000,16.0000000000000000,48.0,12,10,0,34,1,2,9,0,0,0,1,0,0.0,0.0,0,0,"кликов за неделю 0 (за всё время 0), расход 0 ₽ (накоплено 0 ₽) — судить не о чем, наблюдаем"
watch,hold,652454489,3233,"Картридж CF259X для принтеров HP LaserJet Pro M304, LJ Pro M404 черный",от 2000 до 5000,12.0,12.0,0.0,,,,,,справочная,2,0,0.0,0.0,0.0,,0.0,,0,0.0,0.0,,280.0000000000000000,86.0000000000000000,194.0,5,2,0,5,338,0,2,0,0,0,0,0,0.0,0.0,0,0,"кликов за неделю 0 (за всё время 0), расход 0 ₽ (накоплено 0 ₽) — судить не о чем, наблюдаем"
watch,hold,1155649679,2438,"Картридж C-EXV39 для принтеров Canon iR Advance 4025i, iR Advance 4035i черный",Эксперимент1,8.0,8.0,0.0,,,,,,справочная,9,0,0.0,0.0,0.0,,0.0,,0,0.0,0.0,,56.0000000000000000,180.0000000000000000,-124.0,8,5,0,9,18,0,7,0,0,0,0,0,0.0,0.0,0,0,"кликов за неделю 0 (за всё время 0), расход 0 ₽ (накоплено 0 ₽) — судить не о чем, наблюдаем"
watch,hold,866443659,1532,"Картридж T1031 для принтеров Epson Stylus Office T40, T40w, TX510, TX510fn, TX600, TX600fw, X550w черный",от 0 до 1000,12.0,12.0,0.0,,,,,,справочная,30,0,0.0,0.0,0.0,,0.0,,0,0.0,0.0,,101.0000000000000000,55.0000000000000000,46.0,33,11,0,76,14,0,14,0,0,0,0,0,0.0,0.0,0,0,"кликов за неделю 0 (за всё время 0), расход 0 ₽ (накоплено 0 ₽) — судить не о чем, наблюдаем"
watch,hold,930620562,2227,"Фотобарабан CF234A для принтеров HP LaserJet Ultra M106, LJ Ultra MFP M134a черный",от 2000 до 5000,24.16,24.16,0.0,,,,,,справочная,17,0,0.0,0.0,0.0,,0.0,,0,0.0,0.0,,85.0000000000000000,50.0000000000000000,35.0,30,-24,0,34,15,0,15,0,0,1,5,3,40.91,0.0,0,0,"кликов за неделю 0 (за всё время 3), расход 0 ₽ (накоплено 41 ₽) — судить не о чем, наблюдаем"
watch,hold,930631766,0785,"Картридж CF352A для принтеров HP и Color LJ Pro M176n, LJ Pro M177fw желтый",Эксперимент1,8.0,8.0,0.0,,,,,,справочная,36,0,0.0,0.0,0.0,,0.0,,1,7.73,0.0,7.7,86.0000000000000000,195.0000000000000000,-109.0,9,4,0,17,4,1,9,0,0,0,0,1,7.73,0.0,0,0,"кликов за неделю 0 (за всё время 1), расход 0 ₽ (накоплено 8 ₽) — судить не о чем, наблюдаем"
watch,hold,863385964,0011,"Картридж CE505A для принтеров HP LaserJet P2035, LJ P2050, LJ-P2055, LJP2030",Эксперимент1,8.0,8.0,0.0,,,,,,справочная,29,0,0.0,0.0,0.0,,0.0,,0,0.0,0.0,,57.0000000000000000,80.0000000000000000,-23.0,6,-5,0,109,9,1,6,0,0,0,0,0,0.0,0.0,0,0,"кликов за неделю 0 (за всё время 0), расход 0 ₽ (накоплено 0 ₽) — судить не о чем, наблюдаем"
watch,hold,863418815,4209,"Картриджи W2070A-W2073A для принтеров HP Color Laser 150a, HP Color Laser 150nw",Эксперимент1,12.89,12.89,0.0,,,,,,справочная,37,0,0.0,0.0,0.0,,0.0,,0,0.0,0.0,,102.0000000000000000,89.0000000000000000,13.0,21,-18,0,2126,6,1,15,0,0,0,1,0,0.0,0.0,0,0,"кликов за неделю 0 (за всё время 0), расход 0 ₽ (накоплено 0 ₽) — судить не о чем, наблюдаем"
watch,hold,1153410240,1256,Картридж T0593 для принтеров Epson и Stylus Photo R2400 пурпурный,от 1000-2000,11.0,11.0,0.0,,,,,,справочная,10,0,0.0,0.0,0.0,,0.0,,0,0.0,0.0,,110.0000000000000000,71.0000000000000000,39.0,9,-1,0,11,17,0,7,0,0,0,0,0,0.0,0.0,0,0,"кликов за неделю 0 (за всё время 0), расход 0 ₽ (накоплено 0 ₽) — судить не о чем, наблюдаем"
watch,hold,873319802,4130,"Картридж W1500A для принтеров HP LaserJet M141, M111 A",Эксперимент1,8.0,8.0,0.0,,,,,,справочная,16,0,0.0,0.0,0.0,,0.0,,0,0.0,0.0,,105.0000000000000000,81.0000000000000000,24.0,17,0,0,35,16,0,15,0,0,0,0,0,0.0,0.0,0,0,"кликов за неделю 0 (за всё время 0), расход 0 ₽ (накоплено 0 ₽) — судить не о чем, наблюдаем"
watch,hold,873319802,4130,"Картридж W1500A для принтеров HP LaserJet M141, M111 A",от 1000-2000,12.0,12.0,0.0,,,,,,справочная,6,0,0.0,0.0,0.0,,0.0,,0,0.0,0.0,,105.0000000000000000,81.0000000000000000,24.0,17,0,0,35,16,0,15,0,0,0,0,0,0.0,0.0,0,0,"кликов за неделю 0 (за всё время 0), расход 0 ₽ (накоплено 0 ₽) — судить не о чем, наблюдаем"
watch,hold,930618255,0864,Картридж TK-3110 для принтеров Kyocera FS-4100DN черный,Эксперимент1,8.0,8.0,0.0,,,,,,справочная,20,0,0.0,0.0,0.0,,0.0,,0,0.0,0.0,,36.0000000000000000,47.0000000000000000,-11.0,10,6,0,13,4,1,9,0,0,0,0,0,0.0,0.0,0,0,"кликов за неделю 0 (за всё время 0), расход 0 ₽ (накоплено 0 ₽) — судить не о чем, наблюдаем"
watch,hold,906877954,3114,"Картридж LC-669XLBK для принтеров Brother и MFC-J2320, MFC-J2720 черный",Эксперимент1,9.0,9.0,0.0,,,,,,справочная,106,0,0.0,1.0,1954.0,,0.0,0.0,1,9.94,0.0,9.9,103.0000000000000000,67.0000000000000000,36.0,24,11,1059,3473,4,3,15,0,0,2,8,2,18.49,1.0,0,0,"кликов за неделю 0 (за всё время 2), расход 0 ₽ (накоплено 18 ₽) — судить не о чем, наблюдаем"
watch,hold,652457440,1277,"Картридж CF380A для принтеров HP Color LaserJet Pro M476dn, LJ Pro M476dw черный",Эксперимент1,8.0,8.0,0.0,,,,,,справочная,8,0,0.0,0.0,0.0,,0.0,,0,0.0,0.0,,89.0000000000000000,48.0000000000000000,41.0,1,-4,0,1,,0,0,0,0,0,0,0,0.0,0.0,0,0,"кликов за неделю 0 (за всё время 0), расход 0 ₽ (накоплено 0 ₽) — судить не о чем, наблюдаем"
watch,hold,863386008,5339,"Картридж Q7553A для принтеров HP LaserJet P2015D, LJ M2727nf, LJ P2010, LJ-P2014",Эксперимент1,13.0,13.0,0.0,,,,,,справочная,45,0,0.0,0.0,0.0,,0.0,,0,0.0,0.0,,107.0000000000000000,75.0000000000000000,32.0,9,-1,0,79,25,0,2,0,0,0,4,0,0.0,0.0,0,0,"кликов за неделю 0 (за всё время 0), расход 0 ₽ (накоплено 0 ₽) — судить не о чем, наблюдаем"
watch,hold,652453171,2158,"Картридж CF541X для принтеров HP LaserJet M254dw, LJ M280nw, LJ Pro Color M281fdn голубой",Эксперимент1,8.0,8.0,0.0,,,,,,справочная,20,0,0.0,0.0,0.0,,0.0,,0,0.0,0.0,,81.0000000000000000,84.0000000000000000,-3.0,6,1,0,3675,8,1,6,0,0,0,0,0,0.0,0.0,0,0,"кликов за неделю 0 (за всё время 0), расход 0 ₽ (накоплено 0 ₽) — судить не о чем, наблюдаем"
watch,hold,863393503,0140,"Картриджи BCI-24 для принтеров Canon Pixma iP1000, PixmaiP1500, SmartBase MP360, SmartBase-MP370, BJC-2000, BJC 2100, BJ i250, BJ i320",Эксперимент1,12.89,12.89,0.0,,,,,,справочная,104,0,0.0,0.0,0.0,,0.0,,0,0.0,0.0,,,46.0000000000000000,,0,-83,0,0,,0,0,0,0,0,2,2,5.72,0.0,0,0,"кликов за неделю 0 (за всё время 2), расход 0 ₽ (накоплено 6 ₽) — судить не о чем, наблюдаем"
watch,hold,652578902,0016,"Картридж CLI-426GY для принтеров Canon Pixma MG5140, PixmaMG5240 серый",от 0 до 1000,10.0,10.0,0.0,,,,,,справочная,14,0,0.0,0.0,0.0,,0.0,,0,0.0,0.0,,101.0000000000000000,88.0000000000000000,13.0,11,-4,0,21,27,0,2,0,0,0,2,0,0.0,0.0,0,0,"кликов за неделю 0 (за всё время 0), расход 0 ₽ (накоплено 0 ₽) — судить не о чем, наблюдаем"
watch,hold,1220701798,5238,"Картриджи 069 для принтеров Canon i-SENSYS LBP673Cdw, MF752Cdw, MF754Cdw",Вне РК — спрос без рекламы (08.08),21.96,21.96,0.0,,,,,,справочная,0,0,0,0,0,,,,0,0,0,,,,,0,0,0,0,,0,0,0,0,0,0,0,0,0,0,0,"кликов за неделю 0 (за всё время 0), расход 0 ₽ (накоплено 0 ₽) — судить не о чем, наблюдаем"
bordeaux,floor,653324852,0056,"Картридж ML-1210 для принтеров Samsung ML-1250, ML-1430, ML 1010, ML1020",от 2000 до 5000,12.0,6.0,-6.0,,,,,,справочная,39,0,0.0,0.0,0.0,,0.0,,3,35.35,0.0,11.8,43.0000000000000000,50.0000000000000000,-7.0,34,4,0,1131,5,2,6,0,0,0,0,5,66.75,0.0,0,0,"ни одной продажи за всю доступную историю (не только реклама): 5 кликов, 67 ₽ рекламы впустую. В пол и на снятие"
watch,hold,652493579,0330,"Картридж 178XL для принтеров HP DeskJet 3070A, DESKJET 3522 E, DeskJet3524, PhotoSmart 5510, PhotoSmart5515 голубой",от 0 до 1000,10.0,10.0,0.0,,,,,,справочная,35,0,0.0,0.0,0.0,,0.0,,0,0.0,0.0,,208.0000000000000000,108.0000000000000000,100.0,35,-3,0,47,12,0,15,0,0,0,0,0,0.0,0.0,0,0,"кликов за неделю 0 (за всё время 0), расход 0 ₽ (накоплено 0 ₽) — судить не о чем, наблюдаем"
watch,hold,873320085,3760,"Фотобарабан DR-12 DU для принтеров Brother DCP-L2551dn, HL-L2371DN, MFC-L2751 DW черный",Эксперимент1,9.0,9.0,0.0,,,,,,справочная,18,0,0.0,0.0,0.0,,0.0,,0,0.0,0.0,,117.0000000000000000,113.0000000000000000,4.0,13,2,0,117,34,0,3,0,0,0,3,0,0.0,0.0,0,0,"кликов за неделю 0 (за всё время 0), расход 0 ₽ (накоплено 0 ₽) — судить не о чем, наблюдаем"
watch,hold,653422852,2634,"Картридж TN-221C для принтеров Konica Minolta и Bizhub C227, Bizhub C287 голубой",Эксперимент1,10.0,10.0,0.0,,,,,,справочная,20,0,0.0,0.0,0.0,,0.0,,1,1.0,0.0,1.0,80.0000000000000000,102.0000000000000000,-22.0,32,20,0,3712,4,4,13,0,0,0,2,1,1.0,0.0,0,0,"кликов за неделю 0 (за всё время 1), расход 0 ₽ (накоплено 1 ₽) — судить не о чем, наблюдаем"
watch,hold,930621549,1711,"Картридж TK-8600K для принтеров Kyocera FS-C8600DN, FS-C8650DNi черный",Эксперимент1,12.89,12.89,0.0,,,,,,справочная,36,0,0.0,0.0,0.0,,0.0,,0,0.0,0.0,,45.0000000000000000,27.0000000000000000,18.0,9,4,0,19,6,3,8,0,0,0,1,0,0.0,0.0,0,0,"кликов за неделю 0 (за всё время 0), расход 0 ₽ (накоплено 0 ₽) — судить не о чем, наблюдаем"
watch,hold,863385473,0986,"Картридж 44973544 для принтеров OKI C301dn, C321dn, MC332, MC342 черный",Эксперимент1,14.64,14.64,0.0,,,,,,справочная,65,0,0.0,0.0,0.0,,0.0,,1,9.26,0.0,9.3,52.0000000000000000,76.0000000000000000,-24.0,11,4,0,3303,6,1,9,0,0,1,1,1,9.26,0.0,0,0,"кликов за неделю 0 (за всё время 1), расход 0 ₽ (накоплено 9 ₽) — судить не о чем, наблюдаем"
watch,hold,864225643,1077,"Картриджи 006R01449-006R01452 для принтеров Xerox DocuColor 240, DocuColor 242, WC 7655, WC 7665",Эксперимент1,8.0,8.0,0.0,,,,,,справочная,7,0,0.0,0.0,0.0,,0.0,,0,0.0,0.0,,,22.0000000000000000,,0,-13,0,0,,0,0,0,0,0,0,0,0.0,0.0,0,0,"кликов за неделю 0 (за всё время 0), расход 0 ₽ (накоплено 0 ₽) — судить не о чем, наблюдаем"
watch,hold,866443914,2172,"Картридж TK-5230BK для принтеров Kyocera Ecosys M5521cdn, P5021cdn черный",Эксперимент1,8.0,8.0,0.0,,,,,,справочная,24,0,0.0,0.0,0.0,,0.0,,0,0.0,0.0,,68.0000000000000000,75.0000000000000000,-7.0,7,-3,0,2991,15,0,6,0,0,0,0,0,0.0,0.0,0,0,"кликов за неделю 0 (за всё время 0), расход 0 ₽ (накоплено 0 ₽) — судить не о чем, наблюдаем"
watch,hold,930626420,2737,"Лента TZe-231 для принтеров Brother PT-1000, PT 1005, PT1010, PT-1080, PT1090, PT 1100 черный",от 1000-2000,12.0,12.0,0.0,,,,,,справочная,25,0,0.0,0.0,0.0,,0.0,,0,0.0,0.0,,168.0000000000000000,101.0000000000000000,67.0,13,-6,0,13,37,0,10,1,1756.0000,0,1,0,0.0,0.0,0,0,"кликов за неделю 0 (за всё время 0), расход 0 ₽ (накоплено 0 ₽) — судить не о чем, наблюдаем"
watch,hold,652576855,1487,"Картридж PGI-2400XLBK для принтеров Canon и MAXIFY iB4040, iB4140, MB5040, MB5140 черный",Эксперимент1,8.0,8.0,0.0,,,,,,справочная,18,0,0.0,0.0,0.0,,0.0,,0,0.0,0.0,,85.0000000000000000,74.0000000000000000,11.0,17,2,0,15,8,1,15,0,0,0,0,0,0.0,0.0,0,0,"кликов за неделю 0 (за всё время 0), расход 0 ₽ (накоплено 0 ₽) — судить не о чем, наблюдаем"
watch,hold,653423743,0113,Картридж 106R01334 для принтеров Xerox Phaser 6125N черный,Эксперимент1,7.0,7.0,0.0,,,,,,справочная,13,0,0.0,0.0,0.0,,0.0,,0,0.0,0.0,,55.0000000000000000,111.0000000000000000,-56.0,4,2,0,4,,0,0,0,0,0,0,0,0.0,0.0,0,0,"кликов за неделю 0 (за всё время 0), расход 0 ₽ (накоплено 0 ₽) — судить не о чем, наблюдаем"
watch,hold,1153752044,2189,"Картридж 973XLC для принтеров HP PageWide P55250, PW P57750, PW Pro 452dw голубой",Эксперимент1,8.0,8.0,0.0,,,,,,справочная,14,0,0.0,0.0,0.0,,0.0,,0,0.0,0.0,,60.0000000000000000,35.0000000000000000,25.0,13,0,0,3688,5,2,12,0,0,0,0,0,0.0,0.0,0,0,"кликов за неделю 0 (за всё время 0), расход 0 ₽ (накоплено 0 ₽) — судить не о чем, наблюдаем"
watch,hold,930617488,2278,Картриджи 106R01446-106R01443 для принтеров Xerox Phaser 7500,Эксперимент1,12.89,12.89,0.0,,,,,,справочная,36,0,0.0,0.0,0.0,,0.0,,0,0.0,0.0,,58.0000000000000000,135.0000000000000000,-77.0,9,-4,0,12,19,0,9,0,0,0,1,0,0.0,0.0,0,0,"кликов за неделю 0 (за всё время 0), расход 0 ₽ (накоплено 0 ₽) — судить не о чем, наблюдаем"
watch,hold,930617488,2278,Картриджи 106R01446-106R01443 для принтеров Xerox Phaser 7500,от 10000 до 500 тыс,19.33,19.33,0.0,,,,,,справочная,4,0,0.0,0.0,0.0,,0.0,,0,0.0,0.0,,58.0000000000000000,135.0000000000000000,-77.0,9,-4,0,12,19,0,9,0,0,0,1,0,0.0,0.0,0,0,"кликов за неделю 0 (за всё время 0), расход 0 ₽ (накоплено 0 ₽) — судить не о чем, наблюдаем"
watch,hold,874373805,4472,"Картридж 730Y для принтеров HP DesignJet T1700, DJ T1700dr желтый",Вне РК — спрос без рекламы (08.08),21.96,21.96,0.0,,,,,,справочная,0,0,0,0,0,,,,0,0,0,,,,,0,0,0,0,,0,0,0,0,0,0,0,0,0,0,0,"кликов за неделю 0 (за всё время 0), расход 0 ₽ (накоплено 0 ₽) — судить не о чем, наблюдаем"
watch,hold,904543026,3845,"Чернила №103BK для принтеров Epson L 3101, L 3110 черный",от 0 до 1000,10.0,10.0,0.0,,,,,,справочная,13,0,0.0,0.0,0.0,,0.0,,0,0.0,0.0,,133.0000000000000000,172.0000000000000000,-39.0,30,10,0,176,47,0,15,0,0,0,0,0,0.0,0.0,0,0,"кликов за неделю 0 (за всё время 0), расход 0 ₽ (накоплено 0 ₽) — судить не о чем, наблюдаем"
watch,hold,1134976352,4970,Картридж CLI-42Y для принтеров Canon Pixma PRO-100 желтый,Эксперимент1,8.0,8.0,0.0,,,,,,справочная,25,0,0.0,0.0,0.0,,0.0,,0,0.0,0.0,,246.0000000000000000,40.0000000000000000,206.0,4,-5,0,3,,0,0,0,0,0,0,0,0.0,0.0,0,0,"кликов за неделю 0 (за всё время 0), расход 0 ₽ (накоплено 0 ₽) — судить не о чем, наблюдаем"
watch,hold,864225535,1082,"Картриджи 006R01517-006R01520 для принтеров Xerox WorkCentre 7525, WC 7530, WC-7535, WC 7545",от 10000 до 500 тыс,12.0,12.0,0.0,,,,,,справочная,4,0,0.0,1.0,16954.0,,0.0,0.0,0,0.0,0.0,,27.0000000000000000,33.0000000000000000,-6.0,34,5,0,9315,3,5,14,1,16954.0000,0,4,2,29.81,1.0,0,0,"кликов за неделю 0 (за всё время 2), расход 0 ₽ (накоплено 30 ₽) — судить не о чем, наблюдаем"
watch,hold,904485729,4266,"Картридж 006R01703 для принтеров Xerox и AltaLink C8030, C8035 пурпурный",Эксперимент1,12.89,12.89,0.0,,,,,,справочная,55,0,0.0,0.0,0.0,,0.0,,0,0.0,0.0,,101.0000000000000000,42.0000000000000000,59.0,5,-9,0,15,12,0,5,0,0,0,2,0,0.0,0.0,0,0,"кликов за неделю 0 (за всё время 0), расход 0 ₽ (накоплено 0 ₽) — судить не о чем, наблюдаем"
watch,hold,930613103,0103,"Картридж CC364X для принтеров HP LaserJet P4015, LJ P4515 черный",Вне РК — спрос без рекламы (08.08),21.96,21.96,0.0,,,,,,справочная,0,0,0,0,0,,,,0,0,0,,,,,0,0,0,0,,0,0,0,0,0,0,0,0,0,0,0,"кликов за неделю 0 (за всё время 0), расход 0 ₽ (накоплено 0 ₽) — судить не о чем, наблюдаем"
watch,hold,1153667168,1805,"Фотобарабан 44844406 DU для принтеров OKI C 822, C 831, C 841 пурпурный",Эксперимент1,8.0,8.0,0.0,,,,,,справочная,35,0,0.0,0.0,0.0,,0.0,,0,0.0,0.0,,62.0000000000000000,40.0000000000000000,22.0,36,17,0,3575,2,1,7,1,14014.0000,0,1,0,0.0,0.0,0,0,"кликов за неделю 0 (за всё время 0), расход 0 ₽ (накоплено 0 ₽) — судить не о чем, наблюдаем"
watch,hold,906877459,3262,Картридж PC-211EV для принтеров Pantum P2518 M6500 P2200 P2207 P2500 P2506W M6500W M6506NW M6550NW M6600N M6607NW P2506,Эксперимент1,12.89,12.89,0.0,,,,,,справочная,41,0,0.0,0.0,0.0,,0.0,,1,7.35,0.0,7.3,287.0000000000000000,131.0000000000000000,156.0,57,-5,0,499,11,0,15,0,0,0,1,3,9.35,0.0,0,0,"кликов за неделю 0 (за всё время 3), расход 0 ₽ (накоплено 9 ₽) — судить не о чем, наблюдаем"
watch,hold,653123894,0594,"Картридж LC-1000Y для принтеров Brother DCP-130C, DCP 150C, MFC-230C, MFC-235C желтый",от 0 до 1000,10.0,10.0,0.0,,,,,,справочная,13,0,0.0,0.0,0.0,,0.0,,1,12.0,0.0,12.0,48.0000000000000000,57.0000000000000000,-9.0,33,13,0,67,5,1,3,0,0,0,1,2,22.75,0.0,0,0,"кликов за неделю 0 (за всё время 2), расход 0 ₽ (накоплено 23 ₽) — судить не о чем, наблюдаем"
watch,hold,1153801216,2967,"Картридж CF294X для принтеров HP LaserJet Pro M118dw, LJ Pro M148dw черный",от 2000 до 5000,12.0,12.0,0.0,,,,,,справочная,0,0,0,0,0,,,,0,0,0,,59.0000000000000000,42.0000000000000000,17.0,12,2,0,1099,4,2,7,0,0,0,0,0,0.0,0.0,0,0,"кликов за неделю 0 (за всё время 0), расход 0 ₽ (накоплено 0 ₽) — судить не о чем, наблюдаем"
watch,hold,1153801216,2967,"Картридж CF294X для принтеров HP LaserJet Pro M118dw, LJ Pro M148dw черный",Эксперимент1,8.0,8.0,0.0,,,,,,справочная,16,0,0.0,0.0,0.0,,0.0,,0,0.0,0.0,,59.0000000000000000,42.0000000000000000,17.0,12,2,0,1099,4,2,7,0,0,0,0,0,0.0,0.0,0,0,"кликов за неделю 0 (за всё время 0), расход 0 ₽ (накоплено 0 ₽) — судить не о чем, наблюдаем"
watch,hold,652457973,3225,"Картридж W2031X для принтеров HP Color LaserJet M454dn, LJ Pro M454dw, M480f, M479dw, M479fdw голубой",Эксперимент1,14.5,14.5,0.0,,,,,,справочная,33,0,0.0,0.0,0.0,,0.0,,0,0.0,0.0,,128.0000000000000000,95.0000000000000000,33.0,13,5,0,394,16,0,9,0,0,0,1,0,0.0,0.0,0,0,"кликов за неделю 0 (за всё время 0), расход 0 ₽ (накоплено 0 ₽) — судить не о чем, наблюдаем"
watch,hold,873313907,3516,"Картриджи CLT-503L для принтеров Samsung SL-C3010, SL-C3060",Эксперимент1,12.89,12.89,0.0,,,,,,справочная,12,0,0.0,0.0,0.0,,0.0,,0,0.0,0.0,,,25.0000000000000000,,0,-18,0,0,,0,0,0,0,0,1,0,0.0,0.0,0,0,"кликов за неделю 0 (за всё время 0), расход 0 ₽ (накоплено 0 ₽) — судить не о чем, наблюдаем"
watch,hold,873313907,3516,"Картриджи CLT-503L для принтеров Samsung SL-C3010, SL-C3060",от 10000 до 500 тыс,19.33,19.33,0.0,,,,,,справочная,14,0,0.0,0.0,0.0,,0.0,,0,0.0,0.0,,,25.0000000000000000,,0,-18,0,0,,0,0,0,0,0,1,1,15.32,0.0,0,0,"кликов за неделю 0 (за всё время 1), расход 0 ₽ (накоплено 15 ₽) — судить не о чем, наблюдаем"
watch,hold,930620073,1167,"Картриджи CF400X-CF403X для принтеров HP Color LJ Pro M252dw, LJ Pro M252n",Эксперимент1,14.5,14.5,0.0,,,,,,справочная,57,0,0.0,0.0,0.0,,0.0,,0,0.0,0.0,,266.0000000000000000,234.0000000000000000,32.0,9,-2,0,3005,11,0,4,0,0,0,5,0,0.0,0.0,0,0,"кликов за неделю 0 (за всё время 0), расход 0 ₽ (накоплено 0 ₽) — судить не о чем, наблюдаем"
watch,hold,904483716,3520,"Картридж T9443 для принтеров Epson и WorkForce Pro C5210, WF Pro C5215 пурпурный",от 2000 до 5000,12.0,12.0,0.0,,,,,,справочная,13,0,0.0,0.0,0.0,,0.0,,0,0.0,0.0,,56.0000000000000000,48.0000000000000000,8.0,11,-1,0,21,13,0,8,0,0,0,0,0,0.0,0.0,0,0,"кликов за неделю 0 (за всё время 0), расход 0 ₽ (накоплено 0 ₽) — судить не о чем, наблюдаем"
watch,hold,874374129,4313,"Картридж CF230XL для принтеров HP LJ Pro MFP M227fdn, LJ Pro M227fdw",Эксперимент1,9.0,9.0,0.0,,,,,,справочная,46,0,0.0,0.0,0.0,,0.0,,2,2.0,0.0,1.0,46.0000000000000000,57.0000000000000000,-11.0,63,-3,0,240,3,3,15,0,0,0,1,4,10.08,0.0,0,0,"кликов за неделю 0 (за всё время 4), расход 0 ₽ (накоплено 10 ₽) — судить не о чем, наблюдаем"
watch,hold,652454593,0950,"Картридж 951XL для принтеров HP OfficeJet Pro 251, OfficeJet Pro 276 dw пурпурный",от 0 до 1000,12.0,12.0,0.0,,,,,,справочная,17,0,0.0,0.0,0.0,,0.0,,0,0.0,0.0,,106.0000000000000000,38.0000000000000000,68.0,11,2,0,11,27,0,11,0,0,0,1,0,0.0,0.0,0,0,"кликов за неделю 0 (за всё время 0), расход 0 ₽ (накоплено 0 ₽) — судить не о чем, наблюдаем"
watch,hold,863393128,5353,"Картридж CB435A для HP LaserJet P1005, LJ P1006, LJ-P1007, LJ P1008, LJ P1009, LJ P1002, LJ-P1003",Вне РК — спрос без рекламы (08.08),19.0,19.0,0.0,,,,,,справочная,0,0,0,0,0,,,,0,0,0,,,,,0,0,0,0,,0,0,0,0,0,0,0,0,0,0,0,"кликов за неделю 0 (за всё время 0), расход 0 ₽ (накоплено 0 ₽) — судить не о чем, наблюдаем"
watch,hold,864225369,0979,"Картриджи №970XL-971XL для принтеров HP Officejet Pro X451dw, Officejet Pro X476dw",Вне РК — спрос без рекламы (08.08),21.96,21.96,0.0,25.1,3.1,14.8,12803.0,0.02,справочная,0,0,0,0,0,,,,0,0,0,,,,,0,0,0,0,,0,0,0,0,0,0,0,0,0,0,0,"кликов за неделю 0 (за всё время 0), расход 0 ₽ (накоплено 0 ₽) — судить не о чем, наблюдаем"
watch,hold,2262641011,6253,"Картридж W2223A для принтеров HP Color LaserJet Pro 3203, LJ Pro 3288 пурпурный",от 5000 до 10000,12.0,12.0,0.0,27.7,15.7,15.2,9052.0,0.03,справочная,3,0,0.0,0.0,0.0,,0.0,,0,0.0,0.0,,146.0000000000000000,135.0000000000000000,11.0,7,3,0,3409,32,0,7,0,0,0,1,0,0.0,0.0,0,0,"кликов за неделю 0 (за всё время 0), расход 0 ₽ (накоплено 0 ₽) — судить не о чем, наблюдаем"
watch,hold,904483826,3875,"Картридж C250 M для принтеров Ricoh и M-C250FWB, P-C300W пурпурный",Эксперимент1,12.89,12.89,0.0,25.8,12.9,15.4,8280.0,0.03,справочная,53,0,0.0,0.0,0.0,,0.0,,0,0.0,0.0,,73.0000000000000000,46.0000000000000000,27.0,16,5,5441,2093,7,2,15,0,0,1,1,0,0.0,0.0,0,0,"кликов за неделю 0 (за всё время 0), расход 0 ₽ (накоплено 0 ₽) — судить не о чем, наблюдаем"
watch,hold,651909807,0240,"Картридж TK-170 для принтеров Kyocera FS-1370DN, P2135D, FS-1320D",Эксперимент1,12.89,12.89,0.0,12.4,-0.5,18.1,2365.0,0.04,справочная,35,0,0.0,0.0,0.0,,0.0,,1,21.72,0.0,21.7,122.0000000000000000,71.0000000000000000,51.0,18,4,0,64,11,0,15,0,0,0,2,2,23.58,0.0,0,0,"кликов за неделю 0 (за всё время 2), расход 0 ₽ (накоплено 24 ₽) — судить не о чем, наблюдаем"
watch,hold,651920096,1946,"Фотобарабан DK-150 DU для принтеров Kyocera EcoSys M2030, M2530, P2035, FS-1028, FS 1030 MFP, FS1120, FS-1128, FS1130 FS 1350 черный",Эксперимент1,8.0,8.0,0.0,25.8,17.8,16.0,7807.0,0.03,справочная,21,0,0.0,0.0,0.0,,0.0,,0,0.0,0.0,,213.0000000000000000,85.0000000000000000,128.0,14,-8,0,42,9,1,13,0,0,0,0,0,0.0,0.0,0,0,"кликов за неделю 0 (за всё время 0), расход 0 ₽ (накоплено 0 ₽) — судить не о чем, наблюдаем"
watch,hold,652453596,0303,"Картридж 27 для принтеров HP DeskJet 3650, DeskJet 3300, DeskJet 3745",Эксперимент1,8.0,8.0,0.0,23.3,15.3,20.3,3807.0,0.04,справочная,15,0,0.0,0.0,0.0,,0.0,,0,0.0,0.0,,67.0000000000000000,120.0000000000000000,-53.0,12,6,0,13,9,1,12,0,0,0,0,0,0.0,0.0,0,0,"кликов за неделю 0 (за всё время 0), расход 0 ₽ (накоплено 0 ₽) — судить не о чем, наблюдаем"
enter,enter,652456529,0311,"Картридж №136 для принтеров HP DeskJet 5443, DeskJet 5743, OfficeJet 6313, OfficeJet6315, PhotoSmart 2573, PhotoSmart 2575, PSC-1513 цветной",,,7.0,,14.0,,19.9,2342.0,0.04,справочная,0,0,0,0,0,,,,0,0,0,,131.0000000000000000,133.0000000000000000,-2.0,71,45,0,930,10,1,12,1,2151.0000,0,1,0,0,0,0,0,вне рекламы  но неделю отработал сам: продажи 1 шт  органика 0 ₽  показы 71  спрос по фразам 930; маржа_safe 19.9 % ≥ KPI; старт 7.0 ₽ при потолке 14.0 ₽
watch,hold,652453160,0091,"Картридж Q5942A для принтеров HP LaserJet 4240, LJ 4250, LJ 4350 черный",Эксперимент1,8.0,8.0,0.0,22.4,14.4,16.5,6499.0,0.03,справочная,13,0,0.0,0.0,0.0,,0.0,,0,0.0,0.0,,68.0000000000000000,61.0000000000000000,7.0,10,3,0,1045,22,0,10,0,0,0,0,0,0.0,0.0,0,0,"кликов за неделю 0 (за всё время 0), расход 0 ₽ (накоплено 0 ₽) — судить не о чем, наблюдаем"
watch,hold,652454599,0825,"Картридж CF283A для принтеров HP LaserJet Pro M125, LJ Pro M126, LJ Pro M127",Эксперимент1,8.0,8.0,0.0,13.8,5.8,19.6,2361.0,0.04,справочная,10,0,0.0,0.0,0.0,,0.0,,0,0.0,0.0,,61.0000000000000000,69.0000000000000000,-8.0,16,1,0,14,5,1,15,0,0,0,2,1,4.86,0.0,0,0,"кликов за неделю 0 (за всё время 1), расход 0 ₽ (накоплено 5 ₽) — судить не о чем, наблюдаем"
watch,hold,652488017,3227,"Картридж W2033X для принтеров HP Color LaserJet M454dn, LJ Pro M454dw, M480f, M479dw, M479fdw пурпурный",Эксперимент1,14.5,14.5,0.0,18.7,4.2,15.7,4379.0,0.04,справочная,39,0,0.0,0.0,0.0,,0.0,,0,0.0,0.0,,163.0000000000000000,53.0000000000000000,110.0,12,1,0,120,20,0,2,0,0,0,2,0,0.0,0.0,0,0,"кликов за неделю 0 (за всё время 0), расход 0 ₽ (накоплено 0 ₽) — судить не о чем, наблюдаем"
watch,hold,652454452,2155,"Картридж CF543A для принтеров HP LaserJet Pro Color M254dw, LJ Pro Color M280nw пурпурный",Эксперимент1,8.0,8.0,0.0,16.5,8.5,18.7,3005.0,0.04,справочная,40,0,0.0,0.0,0.0,,0.0,,0,0.0,0.0,,32.0000000000000000,76.0000000000000000,-44.0,3,-6,0,4,,0,0,0,0,0,0,1,7.41,0.0,0,0,"кликов за неделю 0 (за всё время 1), расход 0 ₽ (накоплено 7 ₽) — судить не о чем, наблюдаем"
watch,hold,652454545,0975,"Картридж 970XL для принтеров HP Officejet Pro X451dw, Officejet Pro X476dw черный",от 2000 до 5000,19.33,19.33,0.0,16.6,-2.7,14.2,4518.0,0.04,справочная,37,0,0.0,0.0,0.0,,0.0,,0,0.0,0.0,,58.0000000000000000,46.0000000000000000,12.0,21,-16,0,3441,8,1,14,0,0,0,1,0,0.0,0.0,0,1,"кликов за неделю 0 (за всё время 0), расход 0 ₽ (накоплено 0 ₽) — судить не о чем, наблюдаем"
watch,hold,652618918,1265,"Картридж T0794 для принтеров Epson Stylus Photo 1400, Stylus Photo 1500W желтый",от 0 до 1000,12.0,12.0,0.0,2.8,-9.2,11.3,734.0,0.06,справочная,26,0,0.0,0.0,0.0,,0.0,,0,0.0,0.0,,89.0000000000000000,60.0000000000000000,29.0,29,5,0,75,5,1,5,0,0,0,3,0,0.0,0.0,0,0,"кликов за неделю 0 (за всё время 0), расход 0 ₽ (накоплено 0 ₽) — судить не о чем, наблюдаем"
watch,hold,652590726,3070,"Картридж T9461 BK для принтеров Epson WorkForce Pro C5290DW, WorkForce Pro WF-C5790DWF черный",от 2000 до 5000,20.93,20.93,0.0,25.1,4.2,20.7,3996.0,0.04,справочная,45,0,0.0,0.0,0.0,,0.0,,0,0.0,0.0,,49.0000000000000000,74.0000000000000000,-25.0,24,1,0,39,5,2,15,0,0,0,1,0,0.0,0.0,0,0,"кликов за неделю 0 (за всё время 0), расход 0 ₽ (накоплено 0 ₽) — судить не о чем, наблюдаем"
watch,hold,652564576,3442,"Картридж T9661 для принтеров Epson WorkForce Pro M5298, WF Pro M5299 черный",от 5000 до 10000,22.54,22.54,0.0,28.7,6.2,19.3,6687.0,0.03,справочная,44,0,0.0,0.0,0.0,,0.0,,1,3.62,0.0,3.6,40.0000000000000000,62.0000000000000000,-22.0,62,28,0,3422,11,0,7,1,6687.0000,0,3,1,3.62,0.0,0,3,"кликов за неделю 0 (за всё время 1), расход 0 ₽ (накоплено 4 ₽) — судить не о чем, наблюдаем"
watch,hold,652576702,0128,"Картридж BCI-24 для принтеров Canon Pixma iP1500 MultiPASS C20 MultiPASS C2500 Pixma iP1000 BJ S330 BJ C2010 BJ i455 BJC 2100 и BJ i250 BJ i320 FAX B180C, FAXB210C",от 0 до 1000,10.0,10.0,0.0,8.7,-1.3,21.6,1046.0,0.05,справочная,69,0,0.0,0.0,0.0,,0.0,,0,0.0,0.0,,72.0000000000000000,52.0000000000000000,20.0,44,-10,0,50,11,0,6,0,0,0,2,0,0.0,0.0,0,0,"кликов за неделю 0 (за всё время 0), расход 0 ₽ (накоплено 0 ₽) — судить не о чем, наблюдаем"
watch,hold,652594154,0133,"Картридж CLI-521M для принтеров Canon Pixma iP3600, Pixma iP4600 пурпурный",Эксперимент1,6.0,6.0,0.0,0.0,-6.0,4.7,567.0,0.06,справочная,29,0,0.0,0.0,0.0,,0.0,,0,0.0,0.0,,102.0000000000000000,91.0000000000000000,11.0,20,9,0,22,,0,0,0,0,0,1,1,5.96,0.0,0,0,"кликов за неделю 0 (за всё время 1), расход 0 ₽ (накоплено 6 ₽) — судить не о чем, наблюдаем"
watch,hold,652576989,0821,"Картридж CLI-451Y для принтеров Canon Pixma iP7240, Pixma iP8740 желтый",от 0 до 1000,10.0,10.0,0.0,3.4,-6.6,12.3,781.0,0.06,справочная,15,0,0.0,0.0,0.0,,0.0,,0,0.0,0.0,,123.0000000000000000,70.0000000000000000,53.0,15,-2,0,14,25,0,14,0,0,0,0,0,0.0,0.0,0,0,"кликов за неделю 0 (за всё время 0), расход 0 ₽ (накоплено 0 ₽) — судить не о чем, наблюдаем"
watch,hold,653071560,1468,"Картридж LC-1280XM для принтеров Brother MFC-J5910DW, MFC J6510 пурпурный",Эксперимент1,8.0,8.0,0.0,3.7,-4.3,12.2,866.0,0.06,справочная,60,0,0.0,0.0,0.0,,0.0,,0,0.0,0.0,,146.0000000000000000,41.0000000000000000,105.0,18,6,0,18,760,0,1,0,0,0,0,0,0.0,0.0,0,0,"кликов за неделю 0 (за всё время 0), расход 0 ₽ (накоплено 0 ₽) — судить не о чем, наблюдаем"
watch,hold,653128170,1220,"Картридж LC525XLM для принтеров Brother DCP-J100, DCP J105, MFC-J200 пурпурный",от 0 до 1000,11.0,11.0,0.0,1.5,-9.5,8.9,651.0,0.06,справочная,22,0,0.0,0.0,0.0,,0.0,,0,0.0,0.0,,170.0000000000000000,76.0000000000000000,94.0,19,0,0,47,127,0,2,0,0,0,0,0,0.0,0.0,0,0,"кликов за неделю 0 (за всё время 0), расход 0 ₽ (накоплено 0 ₽) — судить не о чем, наблюдаем"
watch,hold,653063926,1466,"Картридж LC-1280XBK для принтеров Brother MFC-J5910DW, MFC J6510 черный",от 0 до 1000,10.0,10.0,0.0,0.0,-10.0,-0.3,772.0,0.06,справочная,0,0,0,0,0,,,,0,0.0,0.0,,107.0000000000000000,107.0000000000000000,0.0,54,5,0,55,17,0,2,0,0,1,3,0,0.0,0.0,0,0,"кликов за неделю 0 (за всё время 0), расход 0 ₽ (накоплено 0 ₽) — судить не о чем, наблюдаем"
watch,hold,653294553,1228,"Картридж LC565XLC для принтеров Brother MFC-J2310, MFC J2510 голубой",Эксперимент1,7.0,7.0,0.0,5.1,-1.9,15.2,1003.0,0.05,справочная,11,0,0.0,0.0,0.0,,0.0,,0,0.0,0.0,,72.0000000000000000,56.0000000000000000,16.0,7,-2,0,7,27,0,7,0,0,0,1,0,0.0,0.0,0,0,"кликов за неделю 0 (за всё время 0), расход 0 ₽ (накоплено 0 ₽) — судить не о чем, наблюдаем"
watch,hold,653028457,3433,"Картридж TN-217M для принтеров Brother и DCP-L3550, HL-L3230CDW, MFC-L3770CDW пурпурный",Эксперимент1,8.0,8.0,0.0,14.9,6.9,18.9,2681.0,0.04,справочная,34,0,0.0,0.0,0.0,,0.0,,0,0.0,0.0,,107.0000000000000000,62.0000000000000000,45.0,17,-7,0,19,19,0,3,0,0,0,1,0,0.0,0.0,0,0,"кликов за неделю 0 (за всё время 0), расход 0 ₽ (накоплено 0 ₽) — судить не о чем, наблюдаем"
watch,hold,653317616,1144,"Картридж 106R02778 для принтеров Xerox WorkCentre 3225, Phaser 3052, Phaser 3260, WC 3215,",Эксперимент1,8.0,8.0,0.0,14.4,6.4,18.1,2749.0,0.04,справочная,29,0,0.0,0.0,0.0,,0.0,,0,0.0,0.0,,87.0000000000000000,89.0000000000000000,-2.0,9,1,0,7,75,0,2,0,0,0,0,0,0.0,0.0,0,0,"кликов за неделю 0 (за всё время 0), расход 0 ₽ (накоплено 0 ₽) — судить не о чем, наблюдаем"
watch,hold,653324138,0792,"Картридж CLT-K406S для принтеров Samsung CLX-3305FW, CLP-360, CLP 362, CLX-3300, SL-C410, SLC460,CLX3302",Эксперимент1,9.0,9.0,0.0,15.7,6.7,18.1,2990.0,0.04,справочная,108,0,0.0,0.0,0.0,,0.0,,0,0.0,0.0,,74.0000000000000000,70.0000000000000000,4.0,17,-5,0,18,3,1,1,0,0,0,7,1,12.0,0.0,0,0,"кликов за неделю 0 (за всё время 1), расход 0 ₽ (накоплено 12 ₽) — судить не о чем, наблюдаем"
watch,hold,653325350,1395,"Картридж MLT-D707L для принтеров Samsung MultiXpress SL-K2200, SL-K2200 черный",Эксперимент1,8.0,8.0,0.0,20.8,12.8,18.6,3828.0,0.04,справочная,20,0,0.0,0.0,0.0,,0.0,,0,0.0,0.0,,59.0000000000000000,17.0000000000000000,42.0,30,21,0,46,4,2,15,0,0,0,1,0,0.0,0.0,0,0,"кликов за неделю 0 (за всё время 0), расход 0 ₽ (накоплено 0 ₽) — судить не о чем, наблюдаем"
watch,hold,653325350,1395,"Картридж MLT-D707L для принтеров Samsung MultiXpress SL-K2200, SL-K2200 черный",от 2000 до 5000,12.0,12.0,0.0,20.8,8.8,18.6,3828.0,0.04,справочная,10,0,0.0,0.0,0.0,,0.0,,1,1.0,0.0,1.0,59.0000000000000000,17.0000000000000000,42.0,30,21,0,46,4,2,15,0,0,0,1,2,2.0,0.0,0,0,"кликов за неделю 0 (за всё время 2), расход 0 ₽ (накоплено 2 ₽) — судить не о чем, наблюдаем"
watch,hold,653324821,0265,"Картридж CLT-K409S для принтеров Samsung CLP-310, CLP 315, CLX-3170, CLX3175 черный",Эксперимент1,8.0,8.0,0.0,24.3,16.3,21.6,3659.0,0.04,справочная,50,0,0.0,0.0,0.0,,0.0,,1,11.14,0.0,11.1,82.0000000000000000,113.0000000000000000,-31.0,12,2,0,15,12,0,12,0,0,0,1,1,11.14,0.0,0,0,"кликов за неделю 0 (за всё время 1), расход 0 ₽ (накоплено 11 ₽) — судить не о чем, наблюдаем"
watch,hold,653533496,0781,"Картридж TK-1110 для принтеров Kyocera FS-1120MFP, FS-1020MFP, FS-1040",от 1000-2000,12.0,12.0,0.0,13.0,1.0,22.9,1449.0,0.05,справочная,27,0,0.0,0.0,0.0,,0.0,,0,0.0,0.0,,65.0000000000000000,67.0000000000000000,-2.0,27,2,0,33,7,1,15,0,0,0,2,0,0.0,0.0,0,0,"кликов за неделю 0 (за всё время 0), расход 0 ₽ (накоплено 0 ₽) — судить не о чем, наблюдаем"
watch,hold,930608697,1211,"Картридж TK-895C для принтеров Kyocera FS-C8020MFP, FS C8025MFP, FSC8520MFP, FS-C8525MFP голубой",Эксперимент1,14.5,14.5,0.0,27.7,13.2,21.0,4332.0,0.04,справочная,34,0,0.0,0.0,0.0,,0.0,,0,0.0,0.0,,184.0000000000000000,44.0000000000000000,140.0,10,-2,0,263,4,1,2,0,0,0,1,0,0.0,0.0,0,0,"кликов за неделю 0 (за всё время 0), расход 0 ₽ (накоплено 0 ₽) — судить не о чем, наблюдаем"
watch,hold,863385336,1214,"Картриджи TK-895 для принтеров Kyocera FS-C8020MFP, FS C8025MFP, FSC8520MFP, FS-C8525MFP",Эксперимент1,17.71,17.71,0.0,24.7,7.0,14.1,13586.0,0.02,справочная,87,0,0.0,0.0,0.0,,0.0,,4,50.61,1.0,12.7,100.0000000000000000,30.0000000000000000,70.0,68,-120,6178,3475,4,2,15,0,0,1,19,11,76.46,3.0,0,0,"кликов за неделю 0 (за всё время 11), расход 0 ₽ (накоплено 76 ₽) — судить не о чем, наблюдаем"
watch,hold,863385918,3789,"Картридж W1331X для принтеров HP Laser 408 dn, Laser 432 fdn черный",от 2000 до 5000,19.33,19.33,0.0,20.8,1.5,17.2,4253.0,0.04,справочная,3,0,0.0,0.0,0.0,,0.0,,0,0.0,0.0,,72.0000000000000000,88.0000000000000000,-16.0,5,-1,0,8,45,0,1,0,0,0,1,1,7.96,0.0,0,0,"кликов за неделю 0 (за всё время 1), расход 0 ₽ (накоплено 8 ₽) — судить не о чем, наблюдаем"
watch,hold,863418762,3944,"Картриджи 055 для принтеров Canon i-SENSYS LBP-662, LBP 663, MF740, MF 741, MF-742, MF 743, i-SENSYS MF744",Вне РК — спрос без рекламы (08.08),21.96,21.96,0.0,24.6,2.6,14.8,12567.0,0.02,справочная,0,0,0,0,0,,,,0,0,0,,,,,0,0,0,0,,0,0,0,0,0,0,0,0,0,0,0,"кликов за неделю 0 (за всё время 0), расход 0 ₽ (накоплено 0 ₽) — судить не о чем, наблюдаем"
watch,hold,906874212,4180,"Картридж W1106X для принтеров HP Laser 107A, Laser107R черный",Эксперимент1,12.0,12.0,0.0,21.3,9.3,22.8,2990.0,0.04,справочная,0,0,0,0,0,,,,0,0,0,,,,,0,0,0,0,,0,0,0,0,0,1,0,0,0,0,0,"кликов за неделю 0 (за всё время 0), расход 0 ₽ (накоплено 0 ₽) — судить не о чем, наблюдаем"
watch,hold,1155648826,0068,"Картриджи 934XL-935XL для принтеров HP OfficeJet Pro 6230, OfficeJet Pro 6830",Эксперимент1,8.0,8.0,0.0,21.2,13.2,17.5,4247.0,0.04,справочная,15,0,0.0,0.0,0.0,,0.0,,0,0.0,0.0,,,53.0000000000000000,,0,-14,0,0,,0,0,0,0,0,1,0,0.0,0.0,0,0,"кликов за неделю 0 (за всё время 0), расход 0 ₽ (накоплено 0 ₽) — судить не о чем, наблюдаем"
watch,hold,863393818,0118,Картридж TK-120 для принтеров Kyocera FS-1030 черный,от 1000-2000,13.0,13.0,0.0,9.9,-3.1,17.2,1630.0,0.05,справочная,4,0,0.0,0.0,0.0,,0.0,,0,0.0,0.0,,26.0000000000000000,20.0000000000000000,6.0,4,2,0,6,18,0,2,0,0,0,1,0,0.0,0.0,0,0,"кликов за неделю 0 (за всё время 0), расход 0 ₽ (накоплено 0 ₽) — судить не о чем, наблюдаем"
watch,hold,930641275,0097,"Картриджи T0461-T0474 для принтеров Epson Stylus C63, Stylus C65",от 2000 до 5000,12.0,12.0,0.0,,,,4330.0,0.04,справочная,0,0,0,0,0,,,,0,0,0,,,,,0,0,0,0,,0,0,0,0,0,1,0,0,0,0,0,"кликов за неделю 0 (за всё время 0), расход 0 ₽ (накоплено 0 ₽) — судить не о чем, наблюдаем"
watch,hold,863389220,0177,"Картриджи 44318621-44318624 для принтеров OKI C710, C711",от 10000 до 500 тыс,12.0,12.0,0.0,55.9,43.9,13.1,34491.0,0.02,справочная,0,0,0,0,0,,,,0,0,0,,,55.0000000000000000,,0,-7,0,0,,0,0,0,0,0,0,0,0.0,0.0,0,0,"кликов за неделю 0 (за всё время 0), расход 0 ₽ (накоплено 0 ₽) — судить не о чем, наблюдаем"
watch,hold,863389220,0177,"Картриджи 44318621-44318624 для принтеров OKI C710, C711",Эксперимент1,8.0,8.0,0.0,55.9,47.9,13.1,34491.0,0.02,справочная,14,0,0.0,0.0,0.0,,0.0,,0,0.0,0.0,,,55.0000000000000000,,0,-7,0,0,,0,0,0,0,0,0,0,0.0,0.0,0,0,"кликов за неделю 0 (за всё время 0), расход 0 ₽ (накоплено 0 ₽) — судить не о чем, наблюдаем"
watch,hold,863388934,0179,"Картриджи CLT-609S для принтеров Samsung и CLP-770, CLP 770ND",от 10000 до 500 тыс,12.0,12.0,0.0,51.2,39.2,13.0,31984.0,0.02,справочная,0,0,0,0,0,,,,0,0,0,,,42.0000000000000000,,0,-16,0,0,,0,0,0,0,0,0,0,0,0,0,0,"кликов за неделю 0 (за всё время 0), расход 0 ₽ (накоплено 0 ₽) — судить не о чем, наблюдаем"
watch,hold,863431234,0263,"Фотобарабан 101R00434 DU для принтеров Xerox WorkCentre 5222, WC-5225, WC 5230 черный",от 10000 до 500 тыс,20.93,20.93,0.0,25.7,4.8,13.2,15656.0,0.02,справочная,1,0,0.0,0.0,0.0,,0.0,,0,0,0,,55.0000000000000000,46.0000000000000000,9.0,5,-2,0,5,,0,0,0,0,0,1,0,0.0,0.0,0,0,"кликов за неделю 0 (за всё время 0), расход 0 ₽ (накоплено 0 ₽) — судить не о чем, наблюдаем"
watch,hold,930608637,0242,"Картридж TK-350 для принтеров Kyocera FS-3920DN, FS-3040MFP, FS3140MFP, FS3540MFP, FS 3640MFP",Эксперимент1,8.0,8.0,0.0,19.0,11.0,18.6,3497.0,0.04,справочная,25,0,0.0,0.0,0.0,,0.0,,0,0.0,0.0,,290.0000000000000000,193.0000000000000000,97.0,8,0,0,8,,0,0,0,0,0,0,0,0.0,0.0,0,0,"кликов за неделю 0 (за всё время 0), расход 0 ₽ (накоплено 0 ₽) — судить не о чем, наблюдаем"
watch,hold,873320185,3858,"Картридж 46490631 для принтеров OKI Data C532, Data C542, MC573 голубой",Эксперимент1,9.0,9.0,0.0,23.6,14.6,17.4,4766.0,0.04,справочная,117,0,0.0,0.0,0.0,,0.0,,1,8.42,0.0,8.4,75.0000000000000000,122.0000000000000000,-47.0,8,0,0,13,13,0,2,0,0,0,0,1,8.42,0.0,0,0,"кликов за неделю 0 (за всё время 1), расход 0 ₽ (накоплено 8 ₽) — судить не о чем, наблюдаем"
watch,hold,930641177,0753,Картридж CE390A для принтеров HP LaserJet M4555 черный,от 2000 до 5000,19.33,19.33,0.0,17.0,-2.3,15.4,5440.0,0.03,справочная,16,0,0.0,0.0,0.0,,0.0,,0,0.0,0.0,,104.0000000000000000,,,8,7,0,3406,13,0,8,0,0,0,1,0,0.0,0.0,0,0,"кликов за неделю 0 (за всё время 0), расход 0 ₽ (накоплено 0 ₽) — судить не о чем, наблюдаем"
watch,hold,930631615,0849,"Картриджи LC-1100 для принтеров Brother DCP-145C, DCP 163C, MFC-250C, MFC290C",Эксперимент1,8.0,8.0,0.0,13.3,5.3,19.7,2267.0,0.04,справочная,63,0,0.0,0.0,0.0,,0.0,,0,0.0,0.0,,,94.0000000000000000,,0,-23,0,0,,0,0,0,0,0,0,2,18.90,0.0,0,0,"кликов за неделю 0 (за всё время 2), расход 0 ₽ (накоплено 19 ₽) — судить не о чем, наблюдаем"
watch,hold,930629374,0874,"Картридж TK-590Y для принтеров Kyocera и EcoSys M6026cdn, M6526cdn, FS-C2026, FS-C2126, FSC2526, FS C2626 желтый",Вне РК — спрос без рекламы (08.08),17.0,17.0,0.0,20.6,3.6,19.6,3519.0,0.04,справочная,0,0,0,0,0,,,,0,0,0,,,,,0,0,0,0,,0,0,0,0,0,0,0,0,0,0,0,"кликов за неделю 0 (за всё время 0), расход 0 ₽ (накоплено 0 ₽) — судить не о чем, наблюдаем"
watch,hold,864225254,0996,"Картриджи 44469809-44469714 для принтеров OKI C310dn, c310n, c330, C330dn, C331, c331dn, C510, C511 c511dn C530 C531 c531dn mc351 MC351dn MC352dn MC561dn MC562dn",от 5000 до 10000,19.33,19.33,0.0,25.3,6.0,15.8,7810.0,0.03,справочная,15,0,0.0,0.0,0.0,,0.0,,0,0.0,0.0,,,62.0000000000000000,,0,-18,0,0,,0,0,0,0,0,3,0,0.0,0.0,0,0,"кликов за неделю 0 (за всё время 0), расход 0 ₽ (накоплено 0 ₽) — судить не о чем, наблюдаем"
watch,hold,864225048,0980,"Картридж 44992404 для принтеров OKI MB451w, B401, MB441",от 1000-2000,16.0,16.0,0.0,13.5,-2.5,18.7,1968.0,0.05,справочная,15,0,0.0,0.0,0.0,,0.0,,0,0.0,0.0,,87.0000000000000000,67.0000000000000000,20.0,11,7,0,1048,27,0,10,0,0,0,1,0,0.0,0.0,0,0,"кликов за неделю 0 (за всё время 0), расход 0 ₽ (накоплено 0 ₽) — судить не о чем, наблюдаем"
watch,hold,864225664,1080,"Картридж 006R01519 для принтеров Xerox и WorkCentre 7525, WC 7535, WC 7545 пурпурный",от 2000 до 5000,20.0,20.0,0.0,19.3,-0.7,16.9,5396.0,0.03,справочная,17,0,0.0,0.0,0.0,,0.0,,1,13.16,0.0,13.2,58.0000000000000000,66.0000000000000000,-8.0,14,3,0,13,3,3,14,0,0,0,4,1,13.16,0.0,0,0,"кликов за неделю 0 (за всё время 1), расход 0 ₽ (накоплено 13 ₽) — судить не о чем, наблюдаем"
watch,hold,930615296,1163,"Картридж CF400X для принтеров HP Color LJ Pro M252dw, LJ Pro M252n черный",Эксперимент1,9.0,9.0,0.0,20.6,11.6,18.6,3794.0,0.04,справочная,15,0,0.0,0.0,0.0,,0.0,,0,0.0,0.0,,636.0000000000000000,726.0000000000000000,-90.0,8,3,0,80,6,1,3,1,3340.0000,0,1,0,0.0,0.0,0,0,"кликов за неделю 0 (за всё время 0), расход 0 ₽ (накоплено 0 ₽) — судить не о чем, наблюдаем"
watch,hold,930613651,1152,"Картридж CF360X для принтеров HP и Color LJ M552dn, LJ-M553dn, LJM553n, LJ M553x черный",Эксперимент1,8.0,8.0,0.0,26.2,18.2,16.0,7943.0,0.03,справочная,14,0,0.0,0.0,0.0,,0.0,,0,0.0,0.0,,162.0000000000000000,92.0000000000000000,70.0,3,-3,0,3,,0,0,0,0,0,0,0,0.0,0.0,0,0,"кликов за неделю 0 (за всё время 0), расход 0 ₽ (накоплено 0 ₽) — судить не о чем, наблюдаем"
watch,hold,930632176,1156,"Картриджи CF360X-CF363X для принтеров HP Color LJ M552dn, LJ-M553dn, LJM553n, LJ M553x",Эксперимент1,12.89,12.89,0.0,47.1,34.2,12.9,29780.0,0.02,справочная,35,0,0.0,0.0,0.0,,0.0,,0,0.0,0.0,,83.0000000000000000,43.0000000000000000,40.0,17,0,0,3053,8,3,15,0,0,0,1,0,0.0,0.0,0,0,"кликов за неделю 0 (за всё время 0), расход 0 ₽ (накоплено 0 ₽) — судить не о чем, наблюдаем"
watch,hold,930632176,1156,"Картриджи CF360X-CF363X для принтеров HP Color LJ M552dn, LJ-M553dn, LJM553n, LJ M553x",от 10000 до 500 тыс,19.33,19.33,0.0,47.1,27.8,12.9,29780.0,0.02,справочная,15,0,0.0,0.0,0.0,,0.0,,0,0.0,0.0,,83.0000000000000000,43.0000000000000000,40.0,17,0,0,3053,8,3,15,0,0,0,1,1,12.82,0.0,0,0,"кликов за неделю 0 (за всё время 1), расход 0 ₽ (накоплено 13 ₽) — судить не о чем, наблюдаем"
watch,hold,904473036,1224,"Картридж LC563C для принтеров Brother и MFC-J2310, MFC J2510 голубой",Эксперимент1,7.0,7.0,0.0,5.7,-1.3,15.5,1080.0,0.05,справочная,11,0,0.0,0.0,0.0,,0.0,,0,0.0,0.0,,115.0000000000000000,81.0000000000000000,34.0,10,6,0,22,89,0,3,0,0,0,0,0,0.0,0.0,0,0,"кликов за неделю 0 (за всё время 0), расход 0 ₽ (накоплено 0 ₽) — судить не о чем, наблюдаем"
watch,hold,904473259,1169,"Фотобарабан 101R00474 DU для принтеров Xerox Phaser 3052, Phaser 3260, WC 3215, WC 3225 черный",Эксперимент1,12.89,12.89,0.0,11.1,-1.8,16.9,2342.0,0.04,справочная,51,0,0.0,0.0,0.0,,0.0,,0,0.0,0.0,,61.0000000000000000,74.0000000000000000,-13.0,21,0,0,6852,23,0,12,0,0,0,1,0,0.0,0.0,0,0,"кликов за неделю 0 (за всё время 0), расход 0 ₽ (накоплено 0 ₽) — судить не о чем, наблюдаем"
watch,hold,904473259,1169,"Фотобарабан 101R00474 DU для принтеров Xerox Phaser 3052, Phaser 3260, WC 3215, WC 3225 черный",от 2000 до 5000,19.33,19.33,0.0,11.1,-8.2,16.9,2342.0,0.04,справочная,18,0,0.0,0.0,0.0,,0.0,,0,0.0,0.0,,61.0000000000000000,74.0000000000000000,-13.0,21,0,0,6852,23,0,12,0,0,0,1,0,0.0,0.0,0,0,"кликов за неделю 0 (за всё время 0), расход 0 ₽ (накоплено 0 ₽) — судить не о чем, наблюдаем"
watch,hold,864225678,1293,"Картридж TN-116 для принтеров Konica Minolta Bizhub 185, Bizhub 164, Bizhub 165",Эксперимент1,8.0,8.0,0.0,11.1,3.1,16.9,2342.0,0.04,справочная,11,0,0.0,0.0,0.0,,0.0,,0,0.0,0.0,,89.0000000000000000,66.0000000000000000,23.0,10,3,0,8,25,0,9,0,0,0,0,0,0.0,0.0,0,0,"кликов за неделю 0 (за всё время 0), расход 0 ₽ (накоплено 0 ₽) — судить не о чем, наблюдаем"
watch,hold,1155649313,1268,Картриджи T0591-T0598 для принтеров Epson Stylus Photo R2400 набор cmyk lclm,от 5000 до 10000,20.93,20.93,0.0,30.6,9.7,17.1,8431.0,0.03,справочная,19,0,0.0,0.0,0.0,,0.0,,0,0.0,0.0,,,113.0000000000000000,,0,-28,0,0,,0,0,0,0,0,1,1,1.92,0.0,0,0,"кликов за неделю 0 (за всё время 1), расход 0 ₽ (накоплено 2 ₽) — судить не о чем, наблюдаем"
watch,hold,864225896,1330,"Картридж CLT-Y404S для принтеров Samsung SL-C430, SL C430W, SLC480, SL-C480FW, SLC480W желтый",Эксперимент1,9.0,9.0,0.0,16.6,7.6,18.2,3144.0,0.04,справочная,25,0,0.0,0.0,0.0,,0.0,,0,0.0,0.0,,109.0000000000000000,45.0000000000000000,64.0,16,5,0,15,9,1,15,0,0,0,0,0,0.0,0.0,0,0,"кликов за неделю 0 (за всё время 0), расход 0 ₽ (накоплено 0 ₽) — судить не о чем, наблюдаем"
watch,hold,864225802,5370,"Картридж TN-118 для принтеров Konica Minolta BizhuB-215, Bizhub 164",Эксперимент1,10.0,10.0,0.0,16.7,6.7,20.3,2726.0,0.04,справочная,19,0,0.0,0.0,0.0,,0.0,,0,0.0,0.0,,78.0000000000000000,56.0000000000000000,22.0,16,10,0,25,7,1,14,0,0,0,1,0,0.0,0.0,0,0,"кликов за неделю 0 (за всё время 0), расход 0 ₽ (накоплено 0 ₽) — судить не о чем, наблюдаем"
watch,hold,864225823,1307,"Картридж 50F5U00 для принтеров Lexmark MS510dn, MS610de, MS610dn черный",от 2000 до 5000,12.0,12.0,0.0,23.2,11.2,16.8,4919.0,0.04,справочная,24,0,0.0,0.0,0.0,,0.0,,0,0.0,0.0,,50.0000000000000000,43.0000000000000000,7.0,4,-5,0,4,,0,0,0,0,0,0,0,0.0,0.0,0,0,"кликов за неделю 0 (за всё время 0), расход 0 ₽ (накоплено 0 ₽) — судить не о чем, наблюдаем"
watch,hold,906875590,1425,"Картридж 45807120 для принтеров OKI B412, Data B432, B432dn, B512, Kraftway KRP432, MB472dnw, MB492, MB562 MB562dnw черный",Вне РК — спрос без рекламы (08.08),19.0,19.0,0.0,21.7,2.7,17.9,4199.0,0.04,справочная,0,0,0,0,0,,,,0,0,0,,,,,0,0,0,0,,0,0,0,0,0,0,0,0,0,0,0,"кликов за неделю 0 (за всё время 0), расход 0 ₽ (накоплено 0 ₽) — судить не о чем, наблюдаем"
watch,hold,866443017,1574,"Картридж D8J09A для принтеров HP Officejet Color X555dn, Officejet Color X5585dn желтый",от 2000 до 5000,20.93,20.93,0.0,25.9,5.0,18.3,6481.0,0.03,справочная,19,0,0.0,0.0,0.0,,0.0,,0,0.0,0.0,,380.0000000000000000,8.0000000000000000,372.0,2,0,0,2,,0,0,0,0,0,1,0,0.0,0.0,0,0,"кликов за неделю 0 (за всё время 0), расход 0 ₽ (накоплено 0 ₽) — судить не о чем, наблюдаем"
watch,hold,866443377,1608,"Картридж CLT-Y609S для принтеров Samsung CLP-770, CLP 770ND желтый",Эксперимент1,12.89,12.89,0.0,27.4,14.5,15.3,8878.0,0.03,справочная,190,0,0.0,0.0,0.0,,0.0,,0,0.0,0.0,,187.0000000000000000,25.0000000000000000,162.0,4,-13,0,5,2,1,4,0,0,0,1,0,0.0,0.0,0,0,"кликов за неделю 0 (за всё время 0), расход 0 ₽ (накоплено 0 ₽) — судить не о чем, наблюдаем"
watch,hold,866443531,1604,"Картридж CLT-K609S для принтеров Samsung и CLP-770, CLP 770ND черный",Эксперимент1,16.1,16.1,0.0,27.2,11.1,15.0,9083.0,0.03,справочная,56,0,0.0,0.0,0.0,,0.0,,0,0.0,0.0,,84.0000000000000000,38.0000000000000000,46.0,7,0,0,3597,10,1,7,0,0,0,2,0,0.0,0.0,0,0,"кликов за неделю 0 (за всё время 0), расход 0 ₽ (накоплено 0 ₽) — судить не о чем, наблюдаем"
watch,hold,930625888,1615,"Картридж TN-3230 для принтеров Brother DCP-8070, DCP 8085DN, HL-5340D, HL5350DN, HL-5370DW, HL5380DN, MFC-8370, MFC 8880DN черный",Эксперимент1,10.0,10.0,0.0,19.2,9.2,17.5,3844.0,0.04,справочная,2,0,0.0,0.0,0.0,,0.0,,0,0.0,0.0,,,62.0000000000000000,,0,-8,0,0,,0,0,0,0,0,0,0,0.0,0.0,0,0,"кликов за неделю 0 (за всё время 0), расход 0 ₽ (накоплено 0 ₽) — судить не о чем, наблюдаем"
watch,hold,1153669759,1748,"Картридж T650H21E для принтеров Lexmark T650, T652 черный",Эксперимент1,9.0,9.0,0.0,24.7,15.7,14.0,9145.0,0.03,справочная,13,0,0.0,0.0,0.0,,0.0,,0,0.0,0.0,,38.0000000000000000,274.0000000000000000,-236.0,3,-5,0,3,,0,0,0,0,0,0,0,0.0,0.0,0,0,"кликов за неделю 0 (за всё время 0), расход 0 ₽ (накоплено 0 ₽) — судить не о чем, наблюдаем"
watch,hold,906875503,1766,"Картридж 45488802 для принтеров OKI и B 731, B721, MB 770, MB760 черный",от 10000 до 500 тыс,12.0,12.0,0.0,48.5,36.5,9.8,50476.0,0.02,справочная,0,0,0,0,0,,,,0,0,0,,65.0000000000000000,42.0000000000000000,23.0,20,-73,0,1111,2,5,15,0,0,0,1,0,0,0,0,0,"кликов за неделю 0 (за всё время 0), расход 0 ₽ (накоплено 0 ₽) — судить не о чем, наблюдаем"
watch,hold,906875503,1766,"Картридж 45488802 для принтеров OKI и B 731, B721, MB 770, MB760 черный",Пустые РК,12.0,12.0,0.0,48.5,36.5,9.8,50476.0,0.02,справочная,2,0,0.0,0.0,0.0,,0.0,,0,0.0,0.0,,65.0000000000000000,42.0000000000000000,23.0,20,-73,0,1111,2,5,15,0,0,0,1,4,47.94,0.0,0,0,"кликов за неделю 0 (за всё время 4), расход 0 ₽ (накоплено 48 ₽) — судить не о чем, наблюдаем"
watch,hold,906875503,1766,"Картридж 45488802 для принтеров OKI и B 731, B721, MB 770, MB760 черный",Эксперимент1,8.0,8.0,0.0,48.5,40.5,9.8,50476.0,0.02,справочная,51,0,0.0,0.0,0.0,,0.0,,0,0.0,0.0,,65.0000000000000000,42.0000000000000000,23.0,20,-73,0,1111,2,5,15,0,0,0,1,0,0.0,0.0,0,0,"кликов за неделю 0 (за всё время 0), расход 0 ₽ (накоплено 0 ₽) — судить не о чем, наблюдаем"
watch,hold,1153736828,1982,"Картридж 006R01223 для принтеров Xerox DC240, DC250, WC7655, WC7665 черный",Эксперимент1,8.0,8.0,0.0,17.1,9.1,13.2,10431.0,0.02,справочная,22,0,0.0,0.0,0.0,,0.0,,0,0.0,0.0,,70.0000000000000000,86.0000000000000000,-16.0,13,-5,0,42,8,1,13,0,0,0,1,0,0.0,0.0,0,0,"кликов за неделю 0 (за всё время 0), расход 0 ₽ (накоплено 0 ₽) — судить не о чем, наблюдаем"
watch,hold,1153731902,1994,"Фотобарабан DR-114 DU для принтеров Konica Minolta 7115, 7118, 7216, 7218, 7220, Bizhub 162, Bizhub 163, Di-152 Di 1611 Di-183 Di 2011 черный",от 10000 до 500 тыс,12.0,12.0,0.0,62.5,50.5,13.6,36324.0,0.02,справочная,20,0,0.0,0.0,0.0,,0.0,,0,0.0,0.0,,57.0000000000000000,39.0000000000000000,18.0,26,2,0,224,2,4,14,0,0,0,0,0,0.0,0.0,0,1,"кликов за неделю 0 (за всё время 0), расход 0 ₽ (накоплено 0 ₽) — судить не о чем, наблюдаем"
watch,hold,1153742679,2096,Картридж SPC820Bk для принтеров Ricoh Aficio SPC820 черный,от 10000 до 500 тыс,12.0,12.0,0.0,23.3,11.3,13.0,14536.0,0.02,справочная,0,0,0,0,0,,,,0,0,0,,,146.0000000000000000,,0,-5,0,0,,0,0,0,0,0,0,0,0.0,0.0,0,0,"кликов за неделю 0 (за всё время 0), расход 0 ₽ (накоплено 0 ₽) — судить не о чем, наблюдаем"
watch,hold,1153742679,2096,Картридж SPC820Bk для принтеров Ricoh Aficio SPC820 черный,Эксперимент1,8.0,8.0,0.0,23.3,15.3,13.0,14536.0,0.02,справочная,21,0,0.0,0.0,0.0,,0.0,,0,0.0,0.0,,,146.0000000000000000,,0,-5,0,0,,0,0,0,0,0,0,0,0.0,0.0,0,0,"кликов за неделю 0 (за всё время 0), расход 0 ₽ (накоплено 0 ₽) — судить не о чем, наблюдаем"
watch,hold,930622634,2057,Картридж MPC2550EC для принтеров Ricoh Aficio MPC2030 голубой,от 2000 до 5000,12.0,12.0,0.0,17.0,5.0,16.2,5069.0,0.03,справочная,2,0,0.0,0.0,0.0,,0.0,,0,0,0,,254.0000000000000000,94.0000000000000000,160.0,1,0,0,926,254,0,1,0,0,0,0,0,0.0,0.0,0,0,"кликов за неделю 0 (за всё время 0), расход 0 ₽ (накоплено 0 ₽) — судить не о чем, наблюдаем"
watch,hold,1163041012,2114,"Картридж MX23GTYA для принтеров Sharp MX-1810U, MX 2010U, MX2310U, MX-2314, MX2614, MX 3110U, MX 3114 желтый",Эксперимент1,8.0,8.0,0.0,21.9,13.9,15.6,6896.0,0.03,справочная,24,0,0.0,0.0,0.0,,0.0,,0,0.0,0.0,,40.0000000000000000,95.0000000000000000,-55.0,8,-1,0,9,90,0,1,0,0,0,1,0,0.0,0.0,0,0,"кликов за неделю 0 (за всё время 0), расход 0 ₽ (накоплено 0 ₽) — судить не о чем, наблюдаем"
watch,hold,1153745441,2109,"Картридж AR-208T для принтеров Sharp AR-5420, AR-203E, AR 208, M200, M201",Эксперимент1,9.0,9.0,0.0,21.3,12.3,16.2,6338.0,0.03,справочная,35,0,0.0,0.0,0.0,,0.0,,0,0.0,0.0,,68.0000000000000000,68.0000000000000000,0.0,23,-4,0,220,2,1,6,0,0,0,0,0,0.0,0.0,0,0,"кликов за неделю 0 (за всё время 0), расход 0 ₽ (накоплено 0 ₽) — судить не о чем, наблюдаем"
watch,hold,1153745137,2112,"Картридж MX23GTCA для принтеров Sharp MX-1810U, MX 2010U, MX2310U, MX-2314, MX2614, MX 3110U, MX 3114 голубой",Эксперимент1,8.0,8.0,0.0,23.6,15.6,14.2,8550.0,0.03,справочная,129,0,0.0,0.0,0.0,,0.0,,0,0.0,0.0,,83.0000000000000000,115.0000000000000000,-32.0,16,-7,0,87,39,0,2,0,0,0,1,0,0.0,0.0,0,0,"кликов за неделю 0 (за всё время 0), расход 0 ₽ (накоплено 0 ₽) — судить не о чем, наблюдаем"
watch,hold,870872126,2247,"Картриджи CF380A-CF383A для принтеров HP Color LaserJet Pro M476dn, LJ Pro M476dw",от 5000 до 10000,12.0,12.0,0.0,22.5,10.5,13.0,14045.0,0.02,справочная,6,0,0.0,0.0,0.0,,0.0,,0,0.0,0.0,,32.0000000000000000,62.0000000000000000,-30.0,8,-14,0,9,3,2,7,0,0,0,1,0,0.0,0.0,0,0,"кликов за неделю 0 (за всё время 0), расход 0 ₽ (накоплено 0 ₽) — судить не о чем, наблюдаем"
watch,hold,870872497,2245,"Картриджи CF350A-CF353A для принтеров HP Color LJ Pro M176n, LJ Pro M177fw",от 2000 до 5000,12.0,12.0,0.0,17.8,5.8,14.5,6263.0,0.03,справочная,4,0,0.0,0.0,0.0,,0.0,,0,0.0,0.0,,,98.0000000000000000,,0,-20,0,0,,0,0,0,0,0,0,1,14.2,0.0,0,0,"кликов за неделю 0 (за всё время 1), расход 0 ₽ (накоплено 14 ₽) — судить не о чем, наблюдаем"
watch,hold,930625417,2223,"Картридж MLT-D704S для принтеров Samsung MultiXpress K3250NR, K3300NR черный",от 5000 до 10000,12.0,12.0,0.0,22.2,10.2,16.4,6494.0,0.03,справочная,0,0,0,0,0,,,,0,0.0,0.0,,15.0000000000000000,23.0000000000000000,-8.0,21,-14,6932,19,4,6,15,0,0,1,2,0,0.0,0.0,0,0,"кликов за неделю 0 (за всё время 0), расход 0 ₽ (накоплено 0 ₽) — судить не о чем, наблюдаем"
watch,hold,930625417,2223,"Картридж MLT-D704S для принтеров Samsung MultiXpress K3250NR, K3300NR черный",Эксперимент1,9.0,9.0,0.0,22.2,13.2,16.4,6494.0,0.03,справочная,25,0,0.0,0.0,0.0,,0.0,,0,0.0,0.0,,15.0000000000000000,23.0000000000000000,-8.0,21,-14,6932,19,4,6,15,0,0,1,2,0,0.0,0.0,0,0,"кликов за неделю 0 (за всё время 0), расход 0 ₽ (накоплено 0 ₽) — судить не о чем, наблюдаем"
watch,hold,1153754272,2215,"Картридж ML182 для принтеров OKI ML-182, ML 192, ML280, ML-320, ML3311, ML 3320, ML 3390, ML3391 черный",от 0 до 1000,11.0,11.0,0.0,5.1,-5.9,13.6,995.0,0.06,справочная,31,0,0.0,0.0,0.0,,0.0,,1,15.12,0.0,15.1,44.0000000000000000,39.0000000000000000,5.0,29,12,0,28,10,1,2,0,0,0,1,1,15.12,0.0,0,0,"кликов за неделю 0 (за всё время 1), расход 0 ₽ (накоплено 15 ₽) — судить не о чем, наблюдаем"
watch,hold,870872246,2314,"Картриджи 650 для принтеров HP DeskJet 1515, DeskJet 2545, DJ 2516, DJ 3545, DJ 4515, DJ 4615, LJ 1015",Эксперимент1,8.0,8.0,0.0,29.1,21.1,17.1,8013.0,0.03,справочная,30,0,0.0,0.0,0.0,,0.0,,0,0.0,0.0,,208.0000000000000000,118.0000000000000000,90.0,14,-15,0,3337,23,0,12,0,0,0,0,0,0.0,0.0,0,0,"кликов за неделю 0 (за всё время 0), расход 0 ₽ (накоплено 0 ₽) — судить не о чем, наблюдаем"
watch,hold,930638331,2304,"Картридж 046HY для принтеров Canon и i-SENSYS LBP MF730, LBPMF732Cdw желтый",Эксперимент1,8.0,8.0,0.0,19.2,11.2,17.5,3844.0,0.04,справочная,22,0,0.0,0.0,0.0,,0.0,,0,0.0,0.0,,126.0000000000000000,100.0000000000000000,26.0,2,-1,0,2,,0,0,0,0,0,0,0,0.0,0.0,0,0,"кликов за неделю 0 (за всё время 0), расход 0 ₽ (накоплено 0 ₽) — судить не о чем, наблюдаем"
watch,hold,870872445,2362,"Картридж CF412X для принтеров HP LJ Color Pro M377dw, M452dn, M452nw, M477fdn, M477fdw желтый",Эксперимент1,14.5,14.5,0.0,22.4,7.9,17.5,4487.0,0.04,справочная,30,0,0.0,0.0,0.0,,0.0,,0,0.0,0.0,,187.0000000000000000,374.0000000000000000,-187.0,4,1,0,4,,0,0,0,0,0,1,0,0.0,0.0,0,0,"кликов за неделю 0 (за всё время 0), расход 0 ₽ (накоплено 0 ₽) — судить не о чем, наблюдаем"
watch,hold,930617502,2356,"Картридж CF231A для принтеров HP LaserJet M206dn Ultra, LJ M230fdw Ultra черный",Эксперимент1,8.0,8.0,0.0,16.6,8.6,19.7,2824.0,0.04,справочная,6,0,0.0,0.0,0.0,,0.0,,0,0.0,0.0,,47.0000000000000000,34.0000000000000000,13.0,5,1,0,4,,0,0,0,0,0,2,0,0.0,0.0,0,0,"кликов за неделю 0 (за всё время 0), расход 0 ₽ (накоплено 0 ₽) — судить не о чем, наблюдаем"
watch,hold,1165086382,2396,"Фотобарабан CF359A для принтеров HP Color LaserJet Enterprise Flow M880z+, M880z+ NFC/Wireless Direct, LJ M855dn, LJM855x+, LJ-M855xh голубой",от 10000 до 500 тыс,12.0,12.0,0.0,22.5,10.5,11.4,17568.0,0.02,справочная,10,0,0.0,0.0,0.0,,0.0,,0,0.0,0.0,,156.0000000000000000,92.0000000000000000,64.0,17,-2,0,3417,2,1,15,0,0,0,1,0,0.0,0.0,0,0,"кликов за неделю 0 (за всё время 0), расход 0 ₽ (накоплено 0 ₽) — судить не о чем, наблюдаем"
watch,hold,930639137,2407,"Картридж TK-5280M для принтеров Kyocera Ecosys M6235cidn, M6635cidn пурпурный",от 2000 до 5000,13.0,13.0,0.0,22.1,9.1,16.7,4727.0,0.04,справочная,5,0,0.0,0.0,0.0,,0.0,,0,0.0,0.0,,84.0000000000000000,129.0000000000000000,-45.0,7,3,0,11,30,0,6,0,0,0,0,0,0.0,0.0,0,0,"кликов за неделю 0 (за всё время 0), расход 0 ₽ (накоплено 0 ₽) — судить не о чем, наблюдаем"
watch,hold,930624079,2408,"Картридж TK-5280Y для принтеров Kyocera Ecosys M6235cidn, M6635cidn желтый",Эксперимент1,8.0,8.0,0.0,22.1,14.1,16.7,4727.0,0.04,справочная,62,0,0.0,0.0,0.0,,0.0,,0,0.0,0.0,,91.0000000000000000,144.0000000000000000,-53.0,6,2,0,10,54,0,5,0,0,0,1,0,0.0,0.0,0,0,"кликов за неделю 0 (за всё время 0), расход 0 ₽ (накоплено 0 ₽) — судить не о чем, наблюдаем"
watch,hold,870872628,2426,Картридж MPC2503K для принтеров Ricoh Aficio MPC2003 черный,от 2000 до 5000,14.0,14.0,0.0,18.0,4.0,15.7,4199.0,0.04,справочная,9,0,0.0,0.0,0.0,,0.0,,0,0.0,0.0,,38.0000000000000000,29.0000000000000000,9.0,5,0,0,4,,0,0,0,0,0,2,0,0.0,0.0,0,0,"кликов за неделю 0 (за всё время 0), расход 0 ₽ (накоплено 0 ₽) — судить не о чем, наблюдаем"
watch,hold,930634381,2591,"Картриджи T0601-T0604 для принтеров Epson Stylus C68, Stylus C88",от 1000-2000,10.0,10.0,0.0,10.0,0.0,18.0,1543.0,0.05,справочная,9,0,0.0,0.0,0.0,,0.0,,2,9.42,0.0,4.7,,44.0000000000000000,,0,-18,0,0,,0,0,0,0,0,1,2,9.42,0.0,0,0,"кликов за неделю 0 (за всё время 2), расход 0 ₽ (накоплено 9 ₽) — судить не о чем, наблюдаем"
watch,hold,1165086536,2780,Картридж 46507520 для принтеров OKI и C612 черный,Эксперимент1,12.89,12.89,0.0,22.5,9.6,14.5,11864.0,0.02,справочная,33,0,0.0,0.0,0.0,,0.0,,0,0.0,0.0,,51.0000000000000000,58.0000000000000000,-7.0,6,-4,0,1017,37,0,6,0,0,0,1,0,0.0,0.0,0,0,"кликов за неделю 0 (за всё время 0), расход 0 ₽ (накоплено 0 ₽) — судить не о чем, наблюдаем"
watch,hold,1153792143,2786,"Картридж 45862851 для принтеров OKI и MC 873, MC853 голубой",Эксперимент1,8.0,8.0,0.0,20.6,12.6,14.3,11063.0,0.02,справочная,18,0,0.0,0.0,0.0,,0.0,,0,0.0,0.0,,63.0000000000000000,42.0000000000000000,21.0,7,-1,0,8,16,0,6,0,0,0,0,1,11.94,0.0,0,0,"кликов за неделю 0 (за всё время 1), расход 0 ₽ (накоплено 12 ₽) — судить не о чем, наблюдаем"
watch,hold,1153798915,2884,"Картридж C-EXV49C для принтеров Canon iR Advance C3320, iR Advance C3325 голубой",от 2000 до 5000,12.0,12.0,0.0,24.2,12.2,18.7,5881.0,0.03,справочная,6,0,0.0,0.0,0.0,,0.0,,0,0.0,0.0,,136.0000000000000000,138.0000000000000000,-2.0,8,2,0,8,54,0,8,0,0,0,1,1,12.7,0.0,0,0,"кликов за неделю 0 (за всё время 1), расход 0 ₽ (накоплено 13 ₽) — судить не о чем, наблюдаем"
watch,hold,930614712,3060,Картридж TK-5290BK для принтеров Kyocera и Ecosys P7240cdn черный,Эксперимент1,8.0,8.0,0.0,7.7,-0.3,13.7,1771.0,0.05,справочная,66,0,0.0,0.0,0.0,,0.0,,0,0.0,0.0,,86.0000000000000000,80.0000000000000000,6.0,8,-9,0,9,34,0,1,0,0,0,2,0,0.0,0.0,0,0,"кликов за неделю 0 (за всё время 0), расход 0 ₽ (накоплено 0 ₽) — судить не о чем, наблюдаем"
watch,hold,930614712,3060,Картридж TK-5290BK для принтеров Kyocera и Ecosys P7240cdn черный,от 2000 до 5000,13.0,13.0,0.0,7.7,-5.3,13.7,1771.0,0.05,справочная,5,0,0.0,0.0,0.0,,0.0,,0,0.0,0.0,,86.0000000000000000,80.0000000000000000,6.0,8,-9,0,9,34,0,1,0,0,0,2,0,0.0,0.0,0,0,"кликов за неделю 0 (за всё время 0), расход 0 ₽ (накоплено 0 ₽) — судить не о чем, наблюдаем"
watch,hold,930626406,3056,"Картридж CF451A C для принтеров HP и Color LJ M652, LJ-M653, LJ M681, LJM682 голубой",Эксперимент1,12.89,12.89,0.0,18.8,5.9,14.2,10200.0,0.02,справочная,25,0,0.0,0.0,0.0,,0.0,,0,0.0,0.0,,117.0000000000000000,195.0000000000000000,-78.0,4,-3,0,4,,0,0,0,0,0,1,0,0.0,0.0,0,0,"кликов за неделю 0 (за всё время 0), расход 0 ₽ (накоплено 0 ₽) — судить не о чем, наблюдаем"
watch,hold,906877529,3212,"Картридж TN-421BK для принтеров Brother DCP-L8410CDW, HL-L8260CDW, HL L8360CDW, MFC-L8690CDW, MFCL8900CDW черный",Эксперимент1,8.0,8.0,0.0,15.5,7.5,18.1,2952.0,0.04,справочная,67,0,0.0,0.0,0.0,,0.0,,0,0.0,0.0,,46.0000000000000000,57.0000000000000000,-11.0,9,-13,0,15,26,0,9,0,0,0,1,0,0.0,0.0,0,0,"кликов за неделю 0 (за всё время 0), расход 0 ₽ (накоплено 0 ₽) — судить не о чем, наблюдаем"
watch,hold,930637736,3194,"Картридж 054HM для принтеров Canon i-SENSYS LBP-620, LBP 621, MF-640, MF641, MF 642, MF-643, MF 644, MF645 пурпурный",Эксперимент1,14.5,14.5,0.0,17.5,3.0,17.9,3382.0,0.04,справочная,117,0,0.0,0.0,0.0,,0.0,,1,8.02,0.0,8.0,61.0000000000000000,59.0000000000000000,2.0,14,3,0,1028,16,0,11,0,0,0,1,1,8.02,0.0,0,2,"кликов за неделю 0 (за всё время 1), расход 0 ₽ (накоплено 8 ₽) — судить не о чем, наблюдаем"
watch,hold,930619573,3207,"Картридж CF363A для принтеров HP Color LaserJet Enterprise M552, M553 dn, LJ M577 пурпурный",Эксперимент1,8.0,8.0,0.0,23.3,15.3,17.1,6426.0,0.03,справочная,15,0,0.0,0.0,0.0,,0.0,,0,0.0,0.0,,161.0000000000000000,95.0000000000000000,66.0,3,-1,0,3325,115,0,3,0,0,0,0,0,0.0,0.0,0,0,"кликов за неделю 0 (за всё время 0), расход 0 ₽ (накоплено 0 ₽) — судить не о чем, наблюдаем"
watch,hold,873312865,3183,"Чернила T6731 для принтеров Epson L-1800, L-800, L 805, L810, L850 черный",от 0 до 1000,10.0,10.0,0.0,2.1,-7.9,10.5,632.0,0.06,справочная,3,0,0.0,0.0,0.0,,0.0,,0,0.0,0.0,,133.0000000000000000,121.0000000000000000,12.0,47,13,0,158,15,0,11,0,0,0,1,0,0.0,0.0,0,0,"кликов за неделю 0 (за всё время 0), расход 0 ₽ (накоплено 0 ₽) — судить не о чем, наблюдаем"
watch,hold,930617876,3191,"Картридж 052 для принтеров Canon i-SENSYS LBP-212dw, LBP 214dw, MF-421dw, MF-426dw, MF428x, MF 429x черный",от 2000 до 5000,12.0,12.0,0.0,15.8,3.8,17.9,3059.0,0.04,справочная,0,0,0,0,0,,,,0,0.0,0.0,,105.0000000000000000,91.0000000000000000,14.0,19,5,0,91,11,0,13,0,0,0,0,0,0.0,0.0,0,0,"кликов за неделю 0 (за всё время 0), расход 0 ₽ (накоплено 0 ₽) — судить не о чем, наблюдаем"
watch,hold,930617876,3191,"Картридж 052 для принтеров Canon i-SENSYS LBP-212dw, LBP 214dw, MF-421dw, MF-426dw, MF428x, MF 429x черный",Эксперимент1,9.0,9.0,0.0,15.8,6.8,17.9,3059.0,0.04,справочная,12,0,0.0,0.0,0.0,,0.0,,0,0.0,0.0,,105.0000000000000000,91.0000000000000000,14.0,19,5,0,91,11,0,13,0,0,0,0,0,0.0,0.0,0,0,"кликов за неделю 0 (за всё время 0), расход 0 ₽ (накоплено 0 ₽) — судить не о чем, наблюдаем"
watch,hold,904483744,3350,"Картридж PC-310H для принтеров Pantum P3105DN, P3200D, P3205D, P3100D",от 2000 до 5000,12.0,12.0,0.0,,,,4685.0,0.04,справочная,0,0,0,0,0,,,,0,0,0,,,,,0,0,0,0,,0,0,0,0,0,1,0,0,0,0,0,"кликов за неделю 0 (за всё время 0), расход 0 ₽ (накоплено 0 ₽) — судить не о чем, наблюдаем"
watch,hold,873313235,3362,Картридж TK-8525K для принтеров Kyocera и Taskalfa 4052ci черный,Эксперимент1,8.0,8.0,0.0,28.9,20.9,16.4,8451.0,0.03,справочная,17,0,0.0,0.0,0.0,,0.0,,0,0.0,0.0,,37.0000000000000000,314.0000000000000000,-277.0,2,-6,0,2,,0,0,0,0,0,0,0,0.0,0.0,0,0,"кликов за неделю 0 (за всё время 0), расход 0 ₽ (накоплено 0 ₽) — судить не о чем, наблюдаем"
watch,hold,904483710,3497,"Картридж PFI-1700M для принтеров Canon и iPF PRO 2000, iPF PRO 4000 пурпурный",от 10000 до 500 тыс,12.0,12.0,0.0,31.3,19.3,13.5,18400.0,0.02,справочная,11,0,0.0,0.0,0.0,,0.0,,0,0.0,0.0,,48.0000000000000000,57.0000000000000000,-9.0,10,-9,0,21,4,1,4,0,0,0,0,0,0.0,0.0,0,0,"кликов за неделю 0 (за всё время 0), расход 0 ₽ (накоплено 0 ₽) — судить не о чем, наблюдаем"
watch,hold,873312915,3470,"Картридж 106R03522 для принтеров Xerox и VersaLink C400, VersaLink C405 голубой",от 2000 до 5000,12.0,12.0,0.0,,,,3830.0,0.04,справочная,0,0,0,0,0,,,,0,0,0,,,,,0,0,0,0,,0,0,0,0,0,1,0,0,0,0,0,"кликов за неделю 0 (за всё время 0), расход 0 ₽ (накоплено 0 ₽) — судить не о чем, наблюдаем"
watch,hold,873313091,3537,"Картридж TN-910Y для принтеров Brother и HL-L9310, MFC-L9570 желтый",Эксперимент1,12.89,12.89,0.0,20.0,7.1,17.6,3976.0,0.04,справочная,33,0,0.0,0.0,0.0,,0.0,,1,7.73,0.0,7.7,56.0000000000000000,61.0000000000000000,-5.0,3,0,0,2,,0,0,0,0,0,1,1,7.73,0.0,0,0,"кликов за неделю 0 (за всё время 1), расход 0 ₽ (накоплено 8 ₽) — судить не о чем, наблюдаем"
watch,hold,873314252,3628,"Картридж CF279X для принтеров HP LaserJet Pro M12, LJ Pro M26 черный",Эксперимент1,9.0,9.0,0.0,16.8,7.8,22.5,2395.0,0.04,справочная,20,0,0.0,0.0,0.0,,0.0,,0,0.0,0.0,,85.0000000000000000,38.0000000000000000,47.0,27,13,0,41,12,0,12,0,0,0,1,0,0.0,0.0,0,0,"кликов за неделю 0 (за всё время 0), расход 0 ₽ (накоплено 0 ₽) — судить не о чем, наблюдаем"
watch,hold,873314252,3628,"Картридж CF279X для принтеров HP LaserJet Pro M12, LJ Pro M26 черный",от 1000-2000,12.0,12.0,0.0,16.8,4.8,22.5,2395.0,0.04,справочная,5,0,0.0,0.0,0.0,,0.0,,0,0.0,0.0,,85.0000000000000000,38.0000000000000000,47.0,27,13,0,41,12,0,12,0,0,0,1,0,0.0,0.0,0,0,"кликов за неделю 0 (за всё время 0), расход 0 ₽ (накоплено 0 ₽) — судить не о чем, наблюдаем"
watch,hold,873313750,3617,"Фотобарабан 101R00664 DU для принтеров Xerox B-205, B 210, B215 черный",Эксперимент1,12.89,12.89,0.0,18.2,5.3,20.1,3017.0,0.04,справочная,9,0,0.0,0.0,0.0,,0.0,,0,0.0,0.0,,54.0000000000000000,44.0000000000000000,10.0,53,0,0,374,1,1,11,0,0,0,5,0,0.0,0.0,0,0,"кликов за неделю 0 (за всё время 0), расход 0 ₽ (накоплено 0 ₽) — судить не о чем, наблюдаем"
watch,hold,873320519,3814,"Картридж W2123X для принтеров HP Color LJ M554 dn, LJ M555 dn пурпурный",от 2000 до 5000,12.0,12.0,0.0,18.6,6.6,17.0,5178.0,0.03,справочная,2,0,0.0,0.0,0.0,,0.0,,0,0.0,0.0,,252.0000000000000000,165.0000000000000000,87.0,5,-3,0,3420,243,0,2,0,0,0,0,0,0.0,0.0,0,0,"кликов за неделю 0 (за всё время 0), расход 0 ₽ (накоплено 0 ₽) — судить не о чем, наблюдаем"
watch,hold,873319977,3849,"Чернила №103 для принтеров Epson L 3101, L 3110",Вне РК — спрос без рекламы (08.08),15.0,15.0,0.0,11.1,-3.9,16.8,1874.0,0.05,справочная,0,0,0,0,0,,,,0,0,0,,,,,0,0,0,0,,0,0,0,0,0,0,0,0,0,0,0,"кликов за неделю 0 (за всё время 0), расход 0 ₽ (накоплено 0 ₽) — судить не о чем, наблюдаем"
watch,hold,904483534,3854,"Чернила №101 для принтеров Epson L 4160, L-4167, L 6170, L 6190, L-14150, L4150, L-6160",Эксперимент1,14.5,14.5,0.0,13.1,-1.4,19.8,2212.0,0.04,справочная,82,0,0.0,0.0,0.0,,0.0,,0,0.0,0.0,,132.0000000000000000,90.0000000000000000,42.0,28,5,0,672,29,0,11,0,0,0,2,0,0.0,0.0,0,0,"кликов за неделю 0 (за всё время 0), расход 0 ₽ (накоплено 0 ₽) — судить не о чем, наблюдаем"
watch,hold,906877563,3972,"Картридж 47095706 для принтеров OKI Data C824, Data C834 пурпурный",Эксперимент1,12.89,12.89,0.0,25.8,12.9,17.1,7105.0,0.03,справочная,71,0,0.0,0.0,0.0,,0.0,,0,0.0,0.0,,30.0000000000000000,62.0000000000000000,-32.0,5,1,11649,5,3,1,4,0,0,3,3,0,0.0,0.0,0,0,"кликов за неделю 0 (за всё время 0), расход 0 ₽ (накоплено 0 ₽) — судить не о чем, наблюдаем"
watch,hold,904484400,4355,"Картридж 653 для принтеров HP DJ Ink Advantage 6000, DJ 6075, DJ 6475 цветной",Эксперимент1,14.5,14.5,0.0,26.0,11.5,18.3,6524.0,0.03,справочная,25,0,0.0,0.0,0.0,,0.0,,0,0.0,0.0,,136.0000000000000000,127.0000000000000000,9.0,40,6,2957,4635,21,0,10,0,0,1,2,0,0.0,0.0,0,0,"кликов за неделю 0 (за всё время 0), расход 0 ₽ (накоплено 0 ₽) — судить не о чем, наблюдаем"
watch,hold,904484400,4355,"Картридж 653 для принтеров HP DJ Ink Advantage 6000, DJ 6075, DJ 6475 цветной",от 2000 до 5000,20.93,20.93,0.0,26.0,5.1,18.3,6524.0,0.03,справочная,34,0,0.0,0.0,0.0,,0.0,,1,32.57,1.0,32.6,136.0000000000000000,127.0000000000000000,9.0,40,6,2957,4635,21,0,10,0,0,1,2,2,33.57,1.0,0,0,"кликов за неделю 0 (за всё время 2), расход 0 ₽ (накоплено 34 ₽) — судить не о чем, наблюдаем"
watch,hold,874375208,4368,"Картриджи №46 для принтеров HP DeskJet Ink Advantage Ultra 4729, DJ 2020hc, DJ 2520hc, DJ Ultra 2029",от 5000 до 10000,19.33,19.33,0.0,34.6,15.3,17.7,9082.0,0.03,справочная,35,0,0.0,0.0,0.0,,0.0,,0,0.0,0.0,,,60.0000000000000000,,0,-45,0,0,,0,0,0,0,0,7,1,9.81,0.0,0,0,"кликов за неделю 0 (за всё время 1), расход 0 ₽ (накоплено 10 ₽) — судить не о чем, наблюдаем"
watch,hold,874374189,4358,Картридж TK-8365K для принтеров Kyocera и TASKalfa 2554 черный,от 2000 до 5000,12.0,12.0,0.0,19.7,7.7,17.4,5309.0,0.03,справочная,1,0,0.0,0.0,0.0,,0.0,,0,0.0,0.0,,78.0000000000000000,453.0000000000000000,-375.0,7,3,0,9,21,0,7,0,0,0,0,0,0.0,0.0,0,0,"кликов за неделю 0 (за всё время 0), расход 0 ₽ (накоплено 0 ₽) — судить не о чем, наблюдаем"
watch,hold,904484095,4429,"Чернила №106 для принтеров Epson EcoTank 7700, EcoTank 7750, L7160, L7180 голубой",Эксперимент1,7.0,7.0,0.0,4.2,-2.8,13.3,837.0,0.06,справочная,21,0,0.0,0.0,0.0,,0.0,,0,0.0,0.0,,186.0000000000000000,88.0000000000000000,98.0,16,8,0,17,227,0,2,0,0,0,0,0,0.0,0.0,0,0,"кликов за неделю 0 (за всё время 0), расход 0 ₽ (накоплено 0 ₽) — судить не о чем, наблюдаем"
watch,hold,901543987,4428,"Чернила №106 для принтеров Epson EcoTank 7700, EcoTank 7750, L7160, L7180 фото-черный",от 1000-2000,10.0,10.0,0.0,4.2,-5.8,13.3,837.0,0.06,справочная,16,0,0.0,0.0,0.0,,0.0,,0,0.0,0.0,,143.0000000000000000,73.0000000000000000,70.0,16,2,0,18,167,0,3,0,0,0,0,0,0.0,0.0,0,0,"кликов за неделю 0 (за всё время 0), расход 0 ₽ (накоплено 0 ₽) — судить не о чем, наблюдаем"
watch,hold,874373644,4482,Картридж CTL-1100XC голубой,Эксперимент1,12.89,12.89,0.0,25.7,12.8,19.9,4313.0,0.04,справочная,58,0,0.0,0.0,0.0,,0.0,,0,0.0,0.0,,177.0000000000000000,60.0000000000000000,117.0,21,-1,0,3684,80,0,7,0,0,0,1,1,5.91,1.0,0,0,"кликов за неделю 0 (за всё время 1), расход 0 ₽ (накоплено 6 ₽) — судить не о чем, наблюдаем"
watch,hold,874373960,4530,"Картриджи MX-61GTBA - MX-61GTYA для принтеров Sharp MX-3050, MX 3060, MX3070, MX-3550, MX3560, MX 3570, MX 4060, MX4070 MX5070 MX 6050",от 10000 до 500 тыс,12.0,12.0,0.0,32.5,20.5,11.4,25412.0,0.02,справочная,26,0,0.0,0.0,0.0,,0.0,,0,0.0,0.0,,35.0000000000000000,25.0000000000000000,10.0,34,2,0,1476,6,2,12,0,0,0,1,0,0.0,0.0,0,0,"кликов за неделю 0 (за всё время 0), расход 0 ₽ (накоплено 0 ₽) — судить не о чем, наблюдаем"
watch,hold,1085507562,4734,Картриджи TN-227 для принтеров Konica Minolta Bizhub C257i,от 10000 до 500 тыс,19.33,19.33,0.0,41.3,22.0,13.3,24880.0,0.02,справочная,0,0,0,0,0,,,,0,0,0,,,,,0,0,0,0,,0,0,0,0,0,3,0,0.0,0.0,0,0,"кликов за неделю 0 (за всё время 0), расход 0 ₽ (накоплено 0 ₽) — судить не о чем, наблюдаем"
watch,hold,1137066180,4998,"Картридж T7892 для принтеров Epson WorkForce Pro WF-5110, WF 5190, WF5620, WF-5690 голубой",Эксперимент1,11.28,11.28,0.0,13.6,2.3,19.9,2290.0,0.04,справочная,31,0,0.0,0.0,0.0,,0.0,,0,0.0,0.0,,89.0000000000000000,58.0000000000000000,31.0,11,-10,0,15,26,0,5,0,0,0,1,0,0.0,0.0,0,0,"кликов за неделю 0 (за всё время 0), расход 0 ₽ (накоплено 0 ₽) — судить не о чем, наблюдаем"
watch,hold,1141051363,5092,"Фотобарабан IUP18 для принтеров Konica Minolta Bizhub 3320, Bizhub 4020 черный",Эксперимент1,8.0,8.0,0.0,22.9,14.9,14.2,12420.0,0.02,справочная,22,0,0.0,0.0,0.0,,0.0,,0,0.0,0.0,,32.0000000000000000,30.0000000000000000,2.0,12,3,0,10,3,3,3,0,0,0,0,0,0.0,0.0,0,0,"кликов за неделю 0 (за всё время 0), расход 0 ₽ (накоплено 0 ₽) — судить не о чем, наблюдаем"
watch,hold,1143061121,5191,"Картридж T-2802E для принтеров Toshiba e-Studio 2802AF, e-Studio 2802AM черный",от 2000 до 5000,20.0,20.0,0.0,19.2,-0.8,16.8,5418.0,0.03,справочная,0,0,0,0,0,,,,0,0,0,,58.0000000000000000,46.0000000000000000,12.0,34,-11,2845,3566,3,2,11,0,0,0,4,0,0,0,0,0,"кликов за неделю 0 (за всё время 0), расход 0 ₽ (накоплено 0 ₽) — судить не о чем, наблюдаем"
watch,hold,1143061121,5191,"Картридж T-2802E для принтеров Toshiba e-Studio 2802AF, e-Studio 2802AM черный",Пустые РК,20.0,20.0,0.0,19.2,-0.8,16.8,5418.0,0.03,справочная,11,0,0.0,0.0,0.0,,0.0,,1,1.0,0.0,1.0,58.0000000000000000,46.0000000000000000,12.0,34,-11,2845,3566,3,2,11,0,0,0,4,2,3.05,0.0,0,0,"кликов за неделю 0 (за всё время 2), расход 0 ₽ (накоплено 3 ₽) — судить не о чем, наблюдаем"
watch,hold,1143061121,5191,"Картридж T-2802E для принтеров Toshiba e-Studio 2802AF, e-Studio 2802AM черный",Эксперимент1,16.1,16.1,0.0,19.2,3.1,16.8,5418.0,0.03,справочная,92,0,0.0,0.0,0.0,,0.0,,0,0.0,0.0,,58.0000000000000000,46.0000000000000000,12.0,34,-11,2845,3566,3,2,11,0,0,0,4,1,15.04,0.0,0,0,"кликов за неделю 0 (за всё время 1), расход 0 ₽ (накоплено 15 ₽) — судить не о чем, наблюдаем"
watch,hold,1220706417,5236,"Картридж 069 для принтеров Canon i-SENSYS LBP673Cdw, MF752Cdw, MF754Cdw голубой",Эксперимент1,8.0,8.0,0.0,19.7,11.7,19.5,3389.0,0.04,справочная,15,0,0.0,0.0,0.0,,0.0,,0,0.0,0.0,,100.0000000000000000,136.0000000000000000,-36.0,8,-3,0,18,15,0,6,0,0,0,2,0,0.0,0.0,0,0,"кликов за неделю 0 (за всё время 0), расход 0 ₽ (накоплено 0 ₽) — судить не о чем, наблюдаем"
watch,hold,1220200132,5232,"Картридж 067H для принтеров Canon i-SENSYS LBP631CW, LBP633, MF651, MF651Cw желтый",Эксперимент1,8.0,8.0,0.0,18.4,10.4,20.5,2967.0,0.04,справочная,29,0,0.0,0.0,0.0,,0.0,,0,0.0,0.0,,104.0000000000000000,103.0000000000000000,1.0,11,1,0,3410,38,0,11,0,0,0,0,0,0.0,0.0,0,0,"кликов за неделю 0 (за всё время 0), расход 0 ₽ (накоплено 0 ₽) — судить не о чем, наблюдаем"
watch,hold,1268493081,4834,"Картридж 3ED67A для принтеров HP DesignJet Studio, DJ Studio Steel, DJ T210, DJ T230 голубой",Вне РК — спрос без рекламы (08.08),21.96,21.96,0.0,25.8,3.8,21.0,5380.0,0.03,справочная,74,0,0.0,0.0,0.0,,0.0,,0,0.0,0.0,,40.0000000000000000,131.0000000000000000,-91.0,37,23,0,3446,44,0,5,0,0,0,1,0,0.0,0.0,0,0,"кликов за неделю 0 (за всё время 0), расход 0 ₽ (накоплено 0 ₽) — судить не о чем, наблюдаем"
watch,hold,1261461495,4692,"Картриджи №963 для принтеров HP OfficeJet Pro 9010, OfficeJet Pro 9013",Эксперимент1,8.0,8.0,0.0,,,,14581.0,0.02,справочная,0,0,0,0,0,,,,0,0,0,,,,,0,0,0,0,,0,0,0,0,0,2,0,0,0,0,0,"кликов за неделю 0 (за всё время 0), расход 0 ₽ (накоплено 0 ₽) — судить не о чем, наблюдаем"
watch,hold,1261467557,4832,"Картридж CF289X для принтеров HP LaserJet M507, LJ M528 черный",от 2000 до 5000,19.33,19.33,0.0,40.5,21.2,25.5,4941.0,0.04,справочная,17,0,0.0,0.0,0.0,,0.0,,0,0.0,0.0,,62.0000000000000000,46.0000000000000000,16.0,10,-3,0,14,25,0,7,4,17828.0000,0,12,0,0.0,0.0,0,0,"кликов за неделю 0 (за всё время 0), расход 0 ₽ (накоплено 0 ₽) — судить не о чем, наблюдаем"
watch,hold,1261463336,4836,"Картридж 3ED69A для принтеров HP и DesignJet Studio, DJ Studio Steel, DJ T210, DJ T230 желтый",от 2000 до 5000,20.93,20.93,0.0,30.5,9.6,19.7,6927.0,0.03,справочная,57,0,0.0,0.0,0.0,,0.0,,0,0.0,0.0,,89.0000000000000000,200.0000000000000000,-111.0,32,-2,0,60,8,1,10,0,0,0,3,0,0.0,0.0,0,0,"кликов за неделю 0 (за всё время 0), расход 0 ₽ (накоплено 0 ₽) — судить не о чем, наблюдаем"
watch,hold,1261564116,5280,"Картриджи 378XL-478XL для принтеров Epson Expression XP 15000, XP 8500, XP-8505",Эксперимент1,8.0,8.0,0.0,26.0,18.0,16.1,7822.0,0.03,справочная,64,0,0.0,0.0,0.0,,0.0,,4,30.78,0.0,7.7,40.0000000000000000,48.0000000000000000,-8.0,116,78,0,7524,2,5,14,0,0,0,3,4,30.78,0.0,0,5,"кликов за неделю 0 (за всё время 4), расход 0 ₽ (накоплено 31 ₽) — судить не о чем, наблюдаем"
watch,hold,1341430114,4555,"Лента LK3RBP для принтеров Epson LabelWorks 1000P, LW 400, LW 600P, LW 700, LW K400, LW Z700, LW Z800",Эксперимент1,8.0,8.0,0.0,15.6,7.6,19.5,2696.0,0.04,справочная,64,0,0.0,0.0,0.0,,0.0,,0,0.0,0.0,,70.0000000000000000,73.0000000000000000,-3.0,27,11,0,31,32,0,3,0,0,0,0,0,0.0,0.0,0,0,"кликов за неделю 0 (за всё время 0), расход 0 ₽ (накоплено 0 ₽) — судить не о чем, наблюдаем"
watch,hold,1432017435,4751,"Картриджи PG-460XL-CL-461XL для принтеров canon pixma mg5740, canon pixma ts5340, ts7440, canon pixma ts5340",Вне РК — спрос без рекламы (08.08),21.96,21.96,0.0,29.3,7.3,16.5,12750.0,0.02,справочная,119,0,0.0,0.0,0.0,,0.0,,0,0.0,0.0,,64.0000000000000000,65.0000000000000000,-1.0,33,-12,0,3438,9,1,15,0,0,0,10,0,0.0,0.0,0,0,"кликов за неделю 0 (за всё время 0), расход 0 ₽ (накоплено 0 ₽) — судить не о чем, наблюдаем"
watch,hold,1432017772,4894,Картридж 54G0H00 для принтеров Lexmark LaserPrinter MS911 черный,Эксперимент1,14.5,14.5,0.0,56.5,42.0,11.0,47053.0,0.02,справочная,64,0,0.0,0.0,0.0,,0.0,,0,0.0,0.0,,49.0000000000000000,71.0000000000000000,-22.0,2,-18,0,2,,0,0,0,0,0,2,0,0.0,0.0,0,0,"кликов за неделю 0 (за всё время 0), расход 0 ₽ (накоплено 0 ₽) — судить не о чем, наблюдаем"
watch,hold,1519359173,5403,"Картридж 056H для принтеров Canon i-SENSYS MF542x, MF543x, LBP-325 черный",Эксперимент1,17.71,17.71,0.0,28.9,11.2,15.9,8850.0,0.03,справочная,58,0,0.0,0.0,0.0,,0.0,,1,1.0,0.0,1.0,70.0000000000000000,69.0000000000000000,1.0,39,11,0,4030,8,1,15,0,0,0,6,1,1.0,0.0,0,0,"кликов за неделю 0 (за всё время 1), расход 0 ₽ (накоплено 1 ₽) — судить не о чем, наблюдаем"
watch,hold,1510952685,5413,"Чернила GI-41Bk для принтеров Canon и Pixma G1420, Pixma G2420 черный",Эксперимент1,6.0,6.0,0.0,3.9,-2.1,12.6,864.0,0.06,справочная,15,0,0.0,0.0,0.0,,0.0,,0,0.0,0.0,,107.0000000000000000,127.0000000000000000,-20.0,35,-1,0,45,16,0,15,0,0,0,2,1,5.43,0.0,0,0,"кликов за неделю 0 (за всё время 1), расход 0 ₽ (накоплено 5 ₽) — судить не о чем, наблюдаем"
watch,hold,1510952685,5413,"Чернила GI-41Bk для принтеров Canon и Pixma G1420, Pixma G2420 черный",от 0 до 1000,10.0,10.0,0.0,3.9,-6.1,12.6,864.0,0.06,справочная,41,0,0.0,0.0,0.0,,0.0,,0,0.0,0.0,,107.0000000000000000,127.0000000000000000,-20.0,35,-1,0,45,16,0,15,0,0,0,2,0,0.0,0.0,0,0,"кликов за неделю 0 (за всё время 0), расход 0 ₽ (накоплено 0 ₽) — судить не о чем, наблюдаем"
watch,hold,1547263785,4574,"Картридж LK5TBN для принтеров Epson LabelWorks 1000P, LW 400, LW 600P, LW 700, LW K400, LW Z700, LW Z800",Эксперимент1,12.89,12.89,0.0,15.1,2.2,20.4,2448.0,0.04,справочная,105,0,0.0,0.0,0.0,,0.0,,0,0.0,0.0,,63.0000000000000000,67.0000000000000000,-4.0,17,5,0,25,19,0,15,0,0,0,1,0,0.0,0.0,0,0,"кликов за неделю 0 (за всё время 0), расход 0 ₽ (накоплено 0 ₽) — судить не о чем, наблюдаем"
watch,hold,1547263853,4581,"Картридж LK6WBN для принтеров Epson LabelWorks 1000P, LW 600P, LW 700, LW Z700, LW Z800",Эксперимент1,12.89,12.89,0.0,17.9,5.0,20.3,2917.0,0.04,справочная,73,0,0.0,0.0,0.0,,0.0,,0,0.0,0.0,,39.0000000000000000,70.0000000000000000,-31.0,22,-10,0,26,10,1,4,0,0,0,1,1,10.2,0.0,0,0,"кликов за неделю 0 (за всё время 1), расход 0 ₽ (накоплено 10 ₽) — судить не о чем, наблюдаем"
watch,hold,1548617438,5441,"Картридж LC-472XL M для принтеров Brother MFC-J2340DW, MFC J3540DW пурпурный",Вне РК — спрос без рекламы (08.08),21.96,21.96,0.0,30.1,8.1,21.0,4709.0,0.04,справочная,118,0,0.0,0.0,0.0,,0.0,,0,0.0,0.0,,38.0000000000000000,26.0000000000000000,12.0,68,8,0,81,5,4,14,0,0,1,16,0,0.0,0.0,0,0,"кликов за неделю 0 (за всё время 0), расход 0 ₽ (накоплено 0 ₽) — судить не о чем, наблюдаем"
watch,hold,1574458195,5488,"Картридж 069 BK для принтеров Canon и i-SENSYS LBP673Cdw, MF752Cdw, MF754Cdw черный",от 2000 до 5000,24.16,24.16,0.0,25.9,1.7,18.8,4697.0,0.04,справочная,7,0,0.0,0.0,0.0,,0.0,,0,0.0,0.0,,97.0000000000000000,132.0000000000000000,-35.0,15,2,0,3420,97,0,5,0,0,0,1,0,0.0,0.0,0,0,"кликов за неделю 0 (за всё время 0), расход 0 ₽ (накоплено 0 ₽) — судить не о чем, наблюдаем"
watch,hold,1586846935,5495,"Картридж W1540A для принтеров HP LaserJet Tank 2602dn, LJ Tank 1502w, LJ Tank 2502dw, LJ Tank MFP 1602w, LaserJet Tank 2602sdw",от 1000-2000,10.0,10.0,0.0,0.0,-10.0,-1.8,1346.0,0.05,справочная,10,0,0.0,0.0,0.0,,0.0,,0,0.0,0.0,,63.0000000000000000,48.0000000000000000,15.0,18,-4,0,22,14,0,3,0,0,0,4,0,0.0,0.0,0,0,"кликов за неделю 0 (за всё время 0), расход 0 ₽ (накоплено 0 ₽) — судить не о чем, наблюдаем"
watch,hold,1659435372,5527,"Картридж W1450X для принтеров HP LaserJet Pro 3001dw, LJ Pro 3002dn черный",Вне РК — спрос без рекламы (08.08),21.96,21.96,0.0,25.8,3.8,17.3,6980.0,0.03,справочная,0,0,0,0,0,,,,0,0,0,,,,,0,0,0,0,,0,0,0,0,0,2,0,0,0,0,0,"кликов за неделю 0 (за всё время 0), расход 0 ₽ (накоплено 0 ₽) — судить не о чем, наблюдаем"
watch,hold,1659447088,5529,"Картридж W1490A для принтеров HP LaserJet Pro 4002, LJ Pro 4102 черный",от 2000 до 5000,19.33,19.33,0.0,19.3,-0.0,16.5,4199.0,0.04,справочная,31,0,0.0,0.0,0.0,,0.0,,0,0.0,0.0,,56.0000000000000000,76.0000000000000000,-20.0,16,1,0,18,154,0,2,0,0,0,3,0,0.0,0.0,0,0,"кликов за неделю 0 (за всё время 0), расход 0 ₽ (накоплено 0 ₽) — судить не о чем, наблюдаем"
watch,hold,1665073081,5544,"Фотобарабан DR-421CL для принтеров Brother DCP-L8410CDW, HL-L8260CDW, HL L8360CDW, HLL9310, MFC-L8690CDW, MFC-L8900CDW",Эксперимент1,14.5,14.5,0.0,37.2,22.7,13.1,22966.0,0.02,справочная,3,0,0.0,0.0,0.0,,0.0,,0,0.0,0.0,,61.0000000000000000,37.0000000000000000,24.0,47,-19,0,59,4,3,15,0,0,0,8,1,4.95,0.0,0,0,"кликов за неделю 0 (за всё время 1), расход 0 ₽ (накоплено 5 ₽) — судить не о чем, наблюдаем"
watch,hold,1665073081,5544,"Фотобарабан DR-421CL для принтеров Brother DCP-L8410CDW, HL-L8260CDW, HL L8360CDW, HLL9310, MFC-L8690CDW, MFC-L8900CDW",от 10000 до 500 тыс,24.16,24.16,0.0,37.2,13.0,13.1,22966.0,0.02,справочная,65,0,0.0,0.0,0.0,,0.0,,0,0.0,0.0,,61.0000000000000000,37.0000000000000000,24.0,47,-19,0,59,4,3,15,0,0,0,8,0,0.0,0.0,0,0,"кликов за неделю 0 (за всё время 0), расход 0 ₽ (накоплено 0 ₽) — судить не о чем, наблюдаем"
watch,hold,1665177812,5550,Картридж T09 для принтеров Canon и i-SENSYS X C1127 черный,Эксперимент1,8.0,8.0,0.0,22.4,14.4,16.2,4992.0,0.04,справочная,56,0,0.0,0.0,0.0,,0.0,,0,0.0,0.0,,81.0000000000000000,107.0000000000000000,-26.0,12,4,0,160,1,1,9,0,0,0,1,0,0.0,0.0,0,0,"кликов за неделю 0 (за всё время 0), расход 0 ₽ (накоплено 0 ₽) — судить не о чем, наблюдаем"
watch,hold,1665177812,5550,Картридж T09 для принтеров Canon и i-SENSYS X C1127 черный,от 2000 до 5000,12.0,12.0,0.0,22.4,10.4,16.2,4992.0,0.04,справочная,3,0,0.0,0.0,0.0,,0.0,,0,0.0,0.0,,81.0000000000000000,107.0000000000000000,-26.0,12,4,0,160,1,1,9,0,0,0,1,0,0.0,0.0,0,0,"кликов за неделю 0 (за всё время 0), расход 0 ₽ (накоплено 0 ₽) — судить не о чем, наблюдаем"
watch,hold,1691956310,5545,"Картридж W1106X с чипом для принтеров HP Laser 107R, Laser 107W черный",от 2000 до 5000,20.93,20.93,0.0,25.9,5.0,21.7,3882.0,0.04,справочная,13,0,0.0,0.0,0.0,,0.0,,0,0.0,0.0,,92.0000000000000000,121.0000000000000000,-29.0,12,-8,0,15,11,0,11,0,0,0,2,0,0.0,0.0,0,0,"кликов за неделю 0 (за всё время 0), расход 0 ₽ (накоплено 0 ₽) — судить не о чем, наблюдаем"
watch,hold,1692376623,5508,"Блок проявки DV-512C для принтеров Konica Minolta Bizhub 224e, Bizhub 284e, 364e, 454e, 554e, C284e, C364e, C454e C554e голубой",Эксперимент1,8.0,8.0,0.0,26.1,18.1,13.0,16295.0,0.02,справочная,37,0,0.0,0.0,0.0,,0.0,,0,0.0,0.0,,55.0000000000000000,31.0000000000000000,24.0,35,12,0,426,6,1,13,0,0,0,0,1,9.94,0.0,0,0,"кликов за неделю 0 (за всё время 1), расход 0 ₽ (накоплено 10 ₽) — судить не о чем, наблюдаем"
watch,hold,1692456149,5579,"Картридж 070 для принтеров Canon i-SENSYS LBP243dw, LBP246dw, MF461dw, MF463dw черный",Эксперимент1,8.0,8.0,0.0,18.0,10.0,20.3,2937.0,0.04,справочная,22,0,0.0,0.0,0.0,,0.0,,0,0.0,0.0,,65.0000000000000000,105.0000000000000000,-40.0,15,-4,0,21,23,0,11,0,0,0,0,0,0.0,0.0,0,0,"кликов за неделю 0 (за всё время 0), расход 0 ₽ (накоплено 0 ₽) — судить не о чем, наблюдаем"
watch,hold,1692467906,5587,"Картридж W1520A для принтеров HP LaserJet 4004, LJ 4104fdw черный",Эксперимент1,9.0,9.0,0.0,24.6,15.6,14.2,8923.0,0.03,справочная,16,0,0.0,0.0,0.0,,0.0,,0,0.0,0.0,,166.0000000000000000,57.0000000000000000,109.0,8,-13,0,3404,6,1,8,0,0,0,0,0,0.0,0.0,0,0,"кликов за неделю 0 (за всё время 0), расход 0 ₽ (накоплено 0 ₽) — судить не о чем, наблюдаем"
watch,hold,1692467906,5587,"Картридж W1520A для принтеров HP LaserJet 4004, LJ 4104fdw черный",от 5000 до 10000,13.0,13.0,0.0,24.6,11.6,14.2,8923.0,0.03,справочная,10,0,0.0,0.0,0.0,,0.0,,0,0.0,0.0,,166.0000000000000000,57.0000000000000000,109.0,8,-13,0,3404,6,1,8,0,0,0,0,0,0.0,0.0,0,0,"кликов за неделю 0 (за всё время 0), расход 0 ₽ (накоплено 0 ₽) — судить не о чем, наблюдаем"
watch,hold,1692497034,5630,Картридж TK-5440C для принтеров Kyocera ECOSYS MA2100cfx голубой,Эксперимент1,9.0,9.0,0.0,14.0,5.0,20.2,2299.0,0.04,справочная,41,0,0.0,0.0,0.0,,0.0,,0,0.0,0.0,,62.0000000000000000,116.0000000000000000,-54.0,12,6,0,267,17,0,12,0,0,0,1,0,0.0,0.0,0,0,"кликов за неделю 0 (за всё время 0), расход 0 ₽ (накоплено 0 ₽) — судить не о чем, наблюдаем"
watch,hold,1692502756,5625,Картридж TK-5380C для принтеров Kyocera ECOSYS MA4000cifx голубой,Эксперимент1,8.0,8.0,0.0,15.0,7.0,14.9,5053.0,0.03,справочная,29,0,0.0,0.0,0.0,,0.0,,1,1.0,0.0,1.0,42.0000000000000000,48.0000000000000000,-6.0,34,-19,0,3694,3,3,15,1,4595.0000,0,5,2,6.28,0.0,0,0,"кликов за неделю 0 (за всё время 2), расход 0 ₽ (накоплено 6 ₽) — судить не о чем, наблюдаем"
watch,hold,1692503307,5623,Картридж TK-5370Y для принтеров Kyocera ECOSYS MA3500cifx желтый,Эксперимент1,14.5,14.5,0.0,23.5,9.0,22.4,3378.0,0.04,справочная,62,0,0.0,0.0,0.0,,0.0,,0,0.0,0.0,,58.0000000000000000,35.0000000000000000,23.0,7,-2,0,7,16,0,7,0,0,1,5,0,0.0,0.0,0,0,"кликов за неделю 0 (за всё время 0), расход 0 ₽ (накоплено 0 ₽) — судить не о чем, наблюдаем"
watch,hold,1692606006,5602,"Картридж D320T24KK для принтеров Катюша D320, D330 черный",Эксперимент1,8.0,8.0,0.0,26.8,18.8,17.3,7251.0,0.03,справочная,22,0,0.0,0.0,0.0,,0.0,,0,0.0,0.0,,107.0000000000000000,44.0000000000000000,63.0,6,-4,0,22,176,0,1,0,0,0,0,0,0.0,0.0,0,0,"кликов за неделю 0 (за всё время 0), расход 0 ₽ (накоплено 0 ₽) — судить не о чем, наблюдаем"
watch,hold,1719284167,5722,"Картридж 006R04369 для принтеров Xerox C310, C315 голубой",от 2000 до 5000,20.93,20.93,0.0,22.8,1.9,19.4,3957.0,0.04,справочная,20,0,0.0,0.0,0.0,,0.0,,0,0.0,0.0,,97.0000000000000000,120.0000000000000000,-23.0,10,4,0,267,100,0,1,0,0,0,1,0,0.0,0.0,0,0,"кликов за неделю 0 (за всё время 0), расход 0 ₽ (накоплено 0 ₽) — судить не о чем, наблюдаем"
watch,hold,1744145428,5724,"Фотобарабан PCM247 для принтеров Катюша M247, Р247 черный",Эксперимент1,16.1,16.1,0.0,28.4,12.3,16.6,8149.0,0.03,справочная,61,0,0.0,0.0,0.0,,0.0,,0,0.0,0.0,,77.0000000000000000,35.0000000000000000,42.0,20,-4,0,3470,10,1,15,0,0,0,2,0,0.0,0.0,0,0,"кликов за неделю 0 (за всё время 0), расход 0 ₽ (накоплено 0 ₽) — судить не о чем, наблюдаем"
watch,hold,1744145428,5724,"Фотобарабан PCM247 для принтеров Катюша M247, Р247 черный",от 5000 до 10000,20.93,20.93,0.0,28.4,7.5,16.6,8149.0,0.03,справочная,11,0,0.0,0.0,0.0,,0.0,,0,0.0,0.0,,77.0000000000000000,35.0000000000000000,42.0,20,-4,0,3470,10,1,15,0,0,0,2,0,0.0,0.0,0,0,"кликов за неделю 0 (за всё время 0), расход 0 ₽ (накоплено 0 ₽) — судить не о чем, наблюдаем"
watch,hold,1759504556,5751,"Картридж BPGT20BA для принтеров Sharp и BP-10C20EU, BP 20C20EU, BP20C25EU, BPGT20BA черный",Эксперимент1,12.89,12.89,0.0,31.1,18.2,19.1,7361.0,0.03,справочная,13,0,0.0,0.0,0.0,,0.0,,0,0.0,0.0,,39.0000000000000000,28.0000000000000000,11.0,69,-2,0,261,3,7,15,1,7361.0000,0,5,0,0.0,0.0,0,0,"кликов за неделю 0 (за всё время 0), расход 0 ₽ (накоплено 0 ₽) — судить не о чем, наблюдаем"
watch,hold,1759504556,5751,"Картридж BPGT20BA для принтеров Sharp и BP-10C20EU, BP 20C20EU, BP20C25EU, BPGT20BA черный",от 5000 до 10000,20.93,20.93,0.0,31.1,10.2,19.1,7361.0,0.03,справочная,72,0,0.0,0.0,0.0,,0.0,,0,0.0,0.0,,39.0000000000000000,28.0000000000000000,11.0,69,-2,0,261,3,7,15,1,7361.0000,0,5,1,1.0,0.0,0,0,"кликов за неделю 0 (за всё время 1), расход 0 ₽ (накоплено 1 ₽) — судить не о чем, наблюдаем"
watch,hold,1759746653,5742,"Картридж THM247 для принтеров Катюша M247, Р247 черный",Эксперимент1,8.0,8.0,0.0,24.4,16.4,15.5,7747.0,0.03,справочная,23,0,0.0,0.0,0.0,,0.0,,0,0.0,0.0,,83.0000000000000000,61.0000000000000000,22.0,11,-9,0,32,41,0,11,0,0,0,0,0,0.0,0.0,0,0,"кликов за неделю 0 (за всё время 0), расход 0 ₽ (накоплено 0 ₽) — судить не о чем, наблюдаем"
watch,hold,1769025213,5761,"Чернила 108/008 Y для принтеров Epson и EcoTank L18050, EcoTank L8050, L6490 желтый",Эксперимент1,10.0,10.0,0.0,3.2,-6.8,12.1,762.0,0.06,справочная,780,0,0.0,0.0,0.0,,0.0,,0,0.0,0.0,,123.0000000000000000,101.0000000000000000,22.0,61,-4,0,309,8,1,14,0,0,0,3,0,0.0,0.0,0,0,"кликов за неделю 0 (за всё время 0), расход 0 ₽ (накоплено 0 ₽) — судить не о чем, наблюдаем"
watch,hold,1769025853,5762,"Чернила 108/008 LC для принтеров Epson и EcoTank L18050, EcoTank L8050, L6490 светло-голубой",Эксперимент1,7.0,7.0,0.0,3.3,-3.7,11.7,818.0,0.06,справочная,102,0,0.0,0.0,0.0,,0.0,,0,0.0,0.0,,107.0000000000000000,140.0000000000000000,-33.0,46,9,0,113,16,0,13,0,0,0,1,1,6.76,0.0,0,0,"кликов за неделю 0 (за всё время 1), расход 0 ₽ (накоплено 7 ₽) — судить не о чем, наблюдаем"
watch,hold,1769170436,5731,"Фотобарабан DK-3180 для принтеров Kyocera EcoSys M3145idn, M3645idn черный",Эксперимент1,14.5,14.5,0.0,39.3,24.8,10.2,37764.0,0.02,справочная,60,0,0.0,0.0,0.0,,0.0,,1,20.1,0.0,20.1,48.0000000000000000,82.0000000000000000,-34.0,19,-2,0,27,49,0,3,0,0,0,1,1,20.1,0.0,0,0,"кликов за неделю 0 (за всё время 1), расход 0 ₽ (накоплено 20 ₽) — судить не о чем, наблюдаем"
watch,hold,1769170436,5731,"Фотобарабан DK-3180 для принтеров Kyocera EcoSys M3145idn, M3645idn черный",от 10000 до 500 тыс,20.93,20.93,0.0,39.3,18.4,10.2,37764.0,0.02,справочная,14,0,0.0,0.0,0.0,,0.0,,1,2.54,0.0,2.5,48.0000000000000000,82.0000000000000000,-34.0,19,-2,0,27,49,0,3,0,0,0,1,1,2.54,0.0,0,0,"кликов за неделю 0 (за всё время 1), расход 0 ₽ (накоплено 3 ₽) — судить не о чем, наблюдаем"
watch,hold,1770287598,57571,"Картридж для Kyocera TASKalfa MZ3200, MZ3200i",от 2000 до 5000,13.0,13.0,0.0,23.5,10.5,17.8,6116.0,0.03,справочная,15,0,0.0,0.0,0.0,,0.0,,0,0.0,0.0,,48.0000000000000000,55.0000000000000000,-7.0,28,6,0,30,10,1,4,0,0,0,1,0,0.0,0.0,0,0,"кликов за неделю 0 (за всё время 0), расход 0 ₽ (накоплено 0 ₽) — судить не о чем, наблюдаем"
watch,hold,1771581290,5719,"Картридж 006R04368 для принтеров Xerox C315, C310",от 2000 до 5000,12.0,12.0,0.0,24.0,12.0,21.0,5003.0,0.03,справочная,20,0,0.0,0.0,0.0,,0.0,,1,8.64,0.0,8.6,59.0000000000000000,65.0000000000000000,-6.0,21,4,0,22,6,2,15,0,0,0,3,1,8.64,0.0,0,0,"кликов за неделю 0 (за всё время 1), расход 0 ₽ (накоплено 9 ₽) — судить не о чем, наблюдаем"
watch,hold,1851968264,5821,"Картриджи CTL-2000 для принтеров CM2200FDW, CP2200DW",Эксперимент1,8.0,8.0,0.0,58.5,50.5,10.7,51273.0,0.02,справочная,3,0,0.0,0.0,0.0,,0.0,,1,16.93,0.0,16.9,252.0000000000000000,158.0000000000000000,94.0,16,-11,0,1136,99,0,3,0,0,0,0,1,16.93,0.0,0,0,"кликов за неделю 0 (за всё время 1), расход 0 ₽ (накоплено 17 ₽) — судить не о чем, наблюдаем"
watch,hold,1851968264,5821,"Картриджи CTL-2000 для принтеров CM2200FDW, CP2200DW",от 10000 до 500 тыс,12.0,12.0,0.0,58.5,46.5,10.7,51273.0,0.02,справочная,7,0,0.0,0.0,0.0,,0.0,,0,0.0,0.0,,252.0000000000000000,158.0000000000000000,94.0,16,-11,0,1136,99,0,3,0,0,0,0,1,1.0,0.0,0,0,"кликов за неделю 0 (за всё время 1), расход 0 ₽ (накоплено 1 ₽) — судить не о чем, наблюдаем"
watch,hold,1869847956,5575,"Фотобарабан DR-1070U для принтеров Avision AM30A MFP, AP30A черный",Эксперимент1,14.5,14.5,0.0,21.6,7.1,19.7,3679.0,0.04,справочная,47,0,0.0,0.0,0.0,,0.0,,0,0.0,0.0,,42.0000000000000000,36.0000000000000000,6.0,16,-1,0,3415,3,4,15,0,0,0,1,0,0.0,0.0,0,0,"кликов за неделю 0 (за всё время 0), расход 0 ₽ (накоплено 0 ₽) — судить не о чем, наблюдаем"
watch,hold,1897483901,5869,"Картридж 842530 для принтеров Ricoh IM C4500LT, IM-C4510, IM C5510 черный",Эксперимент1,8.0,8.0,0.0,22.9,14.9,16.8,6479.0,0.03,справочная,9,0,0.0,0.0,0.0,,0.0,,1,7.28,0.0,7.3,47.0000000000000000,25.0000000000000000,22.0,5,1,0,3421,12,0,4,0,0,0,0,1,7.28,0.0,0,0,"кликов за неделю 0 (за всё время 1), расход 0 ₽ (накоплено 7 ₽) — судить не о чем, наблюдаем"
enter,enter,1999371106,5952,"Фотобарабан PCM130 для принтеров Катюша M130, P130 черный",,,11.9,,23.8,,17.3,4840.0,0.04,справочная,0,0,0,0,0,,,,0,0,0,,62.0000000000000000,35.0000000000000000,27.0,22,-6,0,3443,3,2,15,1,4418.0000,0,1,0,0,0,0,0,вне рекламы  но неделю отработал сам: продажи 1 шт  органика 0 ₽  показы 22  спрос по фразам 3 443; маржа_safe 17.3 % ≥ KPI; старт 11.9 ₽ при потолке 23.8 ₽
watch,hold,1999529482,6067,"Картридж 006R04380 для принтеров Xerox B305, B310, B315 черный",Эксперимент1,8.0,8.0,0.0,28.5,20.5,13.1,17605.0,0.02,справочная,16,0,0.0,0.0,0.0,,0.0,,0,0.0,0.0,,96.0000000000000000,63.0000000000000000,33.0,23,6,0,3426,25,0,4,0,0,0,0,0,0.0,0.0,0,0,"кликов за неделю 0 (за всё время 0), расход 0 ₽ (накоплено 0 ₽) — судить не о чем, наблюдаем"
watch,hold,1999529482,6067,"Картридж 006R04380 для принтеров Xerox B305, B310, B315 черный",от 10000 до 500 тыс,12.0,12.0,0.0,28.5,16.5,13.1,17605.0,0.02,справочная,8,0,0.0,0.0,0.0,,0.0,,0,0.0,0.0,,96.0000000000000000,63.0000000000000000,33.0,23,6,0,3426,25,0,4,0,0,0,0,0,0.0,0.0,0,0,"кликов за неделю 0 (за всё время 0), расход 0 ₽ (накоплено 0 ₽) — судить не о чем, наблюдаем"
watch,hold,1999662883,6002,"Лента TZE831 для принтеров Brother PT-D210, PT D210VP, PTD450VP, PT-D600VP, PTE110VP, PT E300VP",от 1000-2000,10.0,10.0,0.0,10.5,0.5,17.5,2102.0,0.04,справочная,18,0,0.0,0.0,0.0,,0.0,,0,0.0,0.0,,243.0000000000000000,73.0000000000000000,170.0,11,-5,0,11,13,0,6,0,0,0,1,0,0.0,0.0,0,0,"кликов за неделю 0 (за всё время 0), расход 0 ₽ (накоплено 0 ₽) — судить не о чем, наблюдаем"
watch,hold,1999705055,6011,"Лента TZEFX431 для принтеров Brother PT-D210, PT D210VP, PTD450VP, PT-D600VP, PTE110VP, PT E300VP",от 1000-2000,16.1,16.1,0.0,10.5,-5.6,17.5,2102.0,0.04,справочная,56,0,0.0,0.0,0.0,,0.0,,0,0.0,0.0,,92.0000000000000000,70.0000000000000000,22.0,27,5,0,3429,9,2,14,0,0,0,1,1,11.59,0.0,0,0,"кликов за неделю 0 (за всё время 1), расход 0 ₽ (накоплено 12 ₽) — судить не о чем, наблюдаем"
watch,hold,2041924531,6078,"Чернила №110 для принтеров Epson EcoTank M1100, EcoTankM1120 черный",от 1000-2000,12.0,12.0,0.0,13.9,1.9,19.5,1913.0,0.05,справочная,34,0,0.0,0.0,0.0,,0.0,,0,0.0,0.0,,149.0000000000000000,65.0000000000000000,84.0,35,-4,0,111,6,2,9,0,0,0,0,0,0.0,0.0,0,1,"кликов за неделю 0 (за всё время 0), расход 0 ₽ (накоплено 0 ₽) — судить не о чем, наблюдаем"
watch,hold,2129690208,6117,Фотобарабан + картридж TL-5126X+DL-5126 для принтеров BM5106ADN черный,от 2000 до 5000,12.0,12.0,0.0,20.3,8.3,18.0,5211.0,0.03,справочная,13,0,0.0,0.0,0.0,,0.0,,0,0.0,0.0,,96.0000000000000000,41.0000000000000000,55.0,23,-8,0,6832,35,0,4,0,0,0,1,0,0.0,0.0,0,0,"кликов за неделю 0 (за всё время 0), расход 0 ₽ (накоплено 0 ₽) — судить не о чем, наблюдаем"
watch,hold,2138400247,0353,Картриджи CB400A-CB403A для принтеров HP Color LaserJet CP4005,Эксперимент1,12.89,12.89,0.0,53.7,40.8,10.5,48829.0,0.02,справочная,62,0,0.0,0.0,0.0,,0.0,,4,38.75,0.0,9.7,61.0000000000000000,64.0000000000000000,-3.0,47,4,0,115,4,2,12,0,0,0,1,4,38.75,0.0,0,0,"кликов за неделю 0 (за всё время 4), расход 0 ₽ (накоплено 39 ₽) — судить не о чем, наблюдаем"
watch,hold,2226478970,1483,"Картридж PGI-1400XLBK для принтеров Canon MAXIFY MB2040, MB2050 черный",Эксперимент1,8.0,8.0,0.0,8.8,0.8,18.0,1355.0,0.05,справочная,31,0,0.0,0.0,0.0,,0.0,,0,0.0,0.0,,72.0000000000000000,83.0000000000000000,-11.0,11,-2,0,12,,0,0,0,0,0,0,1,7.12,0.0,0,0,"кликов за неделю 0 (за всё время 1), расход 0 ₽ (накоплено 7 ₽) — судить не о чем, наблюдаем"
watch,hold,2262638561,6249,"Картридж TK240XL для принтеров Катюша M140, M240, P140 черный",Вне РК — спрос без рекламы (08.08),18.0,18.0,0.0,17.2,-0.8,16.4,5020.0,0.03,справочная,35,0,0.0,0.0,0.0,,0.0,,0,0.0,0.0,,41.0000000000000000,60.0000000000000000,-19.0,23,1,0,30,9,1,15,0,0,0,1,0,0.0,0.0,0,0,"кликов за неделю 0 (за всё время 0), расход 0 ₽ (накоплено 0 ₽) — судить не о чем, наблюдаем"
watch,hold,2463097845,6265,"Картриджи 067 для принтеров Canon i-SENSYS LBP-631CW, LBP633Cdw, MF651Cw, MF655Cdw",от 10000 до 500 тыс,12.0,12.0,0.0,19.0,7.0,13.6,11023.0,0.02,справочная,21,0,0.0,0.0,0.0,,0.0,,4,46.33,0.0,11.6,,69.0000000000000000,,0,-41,0,0,,0,0,0,0,0,1,4,46.33,0.0,0,0,"кликов за неделю 0 (за всё время 4), расход 0 ₽ (накоплено 46 ₽) — судить не о чем, наблюдаем"
watch,hold,2497455824,5946,"Картридж C-EXV65 Y для принтеров Canon imageRUNNER C3326, iR C3326i желтый",Эксперимент1,16.1,16.1,0.0,93.6,77.5,50.3,6886.0,0.03,справочная,32,0,0.0,0.0,0.0,,0.0,,0,0.0,0.0,,85.0000000000000000,88.0000000000000000,-3.0,22,-1,0,6711,6,2,13,0,0,0,3,0,0.0,0.0,0,0,"кликов за неделю 0 (за всё время 0), расход 0 ₽ (накоплено 0 ₽) — судить не о чем, наблюдаем"
watch,hold,2509753251,6282,"Картриджи C-EXV65 для принтеров Canon imageRUNNER C3326, iR C3326i",Пустые РК,24.16,24.16,0.0,48.6,24.4,15.8,22487.0,0.02,справочная,0,0,0,0,0,,,,0,0,0,,26.0000000000000000,31.0000000000000000,-5.0,305,25,22382,1141,1,4,15,4,85282.0000,2,61,0,0,0,0,0,"кликов за неделю 0 (за всё время 0), расход 0 ₽ (накоплено 0 ₽) — судить не о чем, наблюдаем"
watch,hold,2512878869,6285,"Картриджи TK-8505 для принтеров Kyocera TASKalfa 4550ci, TASKalfa4551ci",от 10000 до 500 тыс,12.0,12.0,0.0,33.4,21.4,11.8,24545.0,0.02,справочная,0,0,0,0,0,,,,0,0.0,0.0,,24.0000000000000000,186.0000000000000000,-162.0,13,0,0,37,11,0,6,0,0,0,1,0,0.0,0.0,0,0,"кликов за неделю 0 (за всё время 0), расход 0 ₽ (накоплено 0 ₽) — судить не о чем, наблюдаем"
watch,hold,2512878869,6285,"Картриджи TK-8505 для принтеров Kyocera TASKalfa 4550ci, TASKalfa4551ci",Эксперимент1,8.0,8.0,0.0,33.4,25.4,11.8,24545.0,0.02,справочная,18,0,0.0,0.0,0.0,,0.0,,0,0.0,0.0,,24.0000000000000000,186.0000000000000000,-162.0,13,0,0,37,11,0,6,0,0,0,1,0,0.0,0.0,0,0,"кликов за неделю 0 (за всё время 0), расход 0 ₽ (накоплено 0 ₽) — судить не о чем, наблюдаем"
watch,hold,2518946588,6289,"Картриджи PJIC1 - PJIC6 для принтеров Epson Discproducer PP-100, PP 100 Security, PP100AP, PP-100N, PP50",Эксперимент1,8.0,8.0,0.0,75.0,67.0,11.0,62469.0,0.02,справочная,0,0,0,0,0,,,,0,0.0,0.0,,,13.0000000000000000,,0,-4,0,0,,0,0,0,0,0,0,0,0.0,0.0,0,0,"кликов за неделю 0 (за всё время 0), расход 0 ₽ (накоплено 0 ₽) — судить не о чем, наблюдаем"
watch,hold,2524669171,6262,"Картридж 55B5H0E для принтеров Lexmark MS331dn, MS431dn, MS431dw, MX331adn, MX431adn, MX431adw черный",от 10000 до 500 тыс,12.0,12.0,0.0,34.3,22.3,13.5,20197.0,0.02,справочная,54,0,0.0,0.0,0.0,,0.0,,1,1.0,0.0,1.0,35.0000000000000000,26.0000000000000000,9.0,49,-18,0,56,1,4,15,0,0,0,0,2,6.12,0.0,0,0,"кликов за неделю 0 (за всё время 2), расход 0 ₽ (накоплено 6 ₽) — судить не о чем, наблюдаем"
watch,hold,2536598937,6297,"Картриджи BPGT20BA-BPGT20YA для принтеров Sharp BP-10C20EU, BP 20C20EU, BP20C25EU",Эксперимент1,16.1,16.1,0.0,51.5,35.4,13.2,31412.0,0.02,справочная,87,0,0.0,0.0,0.0,,0.0,,0,0.0,0.0,,32.0000000000000000,18.0000000000000000,14.0,136,47,41692,13816,1,6,13,0,0,2,7,0,0.0,0.0,0,0,"кликов за неделю 0 (за всё время 0), расход 0 ₽ (накоплено 0 ₽) — судить не о чем, наблюдаем"
watch,hold,2536598937,6297,"Картриджи BPGT20BA-BPGT20YA для принтеров Sharp BP-10C20EU, BP 20C20EU, BP20C25EU",от 10000 до 500 тыс,20.93,20.93,0.0,51.5,30.6,13.2,31412.0,0.02,справочная,25,0,0.0,0.0,0.0,,0.0,,4,37.48,2.0,9.4,32.0000000000000000,18.0000000000000000,14.0,136,47,41692,13816,1,6,13,0,0,2,7,6,39.48,2.0,0,0,"кликов за неделю 0 (за всё время 6), расход 0 ₽ (накоплено 39 ₽) — судить не о чем, наблюдаем"
watch,hold,2708399965,6471,"Картриджи 006R01379 - 006R01382 для принтеров Xerox DCP-700, DCP 770 Digital",от 10000 до 500 тыс,19.33,19.33,0.0,56.6,37.3,8.7,76528.0,0.02,справочная,12,0,0.0,0.0,0.0,,0.0,,0,0.0,0.0,,,16.0000000000000000,,0,-4,0,0,,0,0,0,0,0,1,3,44.56,0.0,0,0,"кликов за неделю 0 (за всё время 3), расход 0 ₽ (накоплено 45 ₽) — судить не о чем, наблюдаем"
watch,hold,2784834038,5429,"Картридж TK-1178 Азия для принтеров Kyocera EcoSys M2040dn, M2540dn, M2640idw черный",Эксперимент1,7.0,7.0,0.0,13.4,6.4,19.5,2314.0,0.04,справочная,37,0,0.0,0.0,0.0,,0.0,,1,1.0,0.0,1.0,41.0000000000000000,62.0000000000000000,-21.0,26,-9,0,51,15,0,12,0,0,0,0,2,13.42,0.0,0,0,"кликов за неделю 0 (за всё время 2), расход 0 ₽ (накоплено 13 ₽) — судить не о чем, наблюдаем"
watch,hold,2909188455,6607,"Фотобарабан + картридж DL-420+TL-420H для принтеров M6700D, M6800FDW, M7100DN, M7200FD, M7300FDN, P3010D, P3300DN черный",от 2000 до 5000,12.0,12.0,0.0,3.7,-8.3,7.2,4241.0,0.04,справочная,13,0,0.0,0.0,0.0,,0.0,,0,0.0,0.0,,149.0000000000000000,83.0000000000000000,66.0,20,3,0,45,19,0,15,0,0,0,1,0,0.0,0.0,0,0,"кликов за неделю 0 (за всё время 0), расход 0 ₽ (накоплено 0 ₽) — судить не о чем, наблюдаем"
watch,hold,2909352668,6611,"Фотобарабан + картридж DR-2335 DU+TN-2375X для принтеров Brother DCP-L2500, DCP L2520, HL-L2300, HLL2340, HL L2360, HL-L2365, HL L2380, MFC-L2700 MFCL2720DWR черный",Эксперимент1,12.89,12.89,0.0,26.7,13.8,18.4,4987.0,0.04,справочная,35,0,0.0,0.0,0.0,,0.0,,0,0.0,0.0,,107.0000000000000000,149.0000000000000000,-42.0,20,-2,0,19,10,1,15,0,0,0,1,0,0.0,0.0,0,0,"кликов за неделю 0 (за всё время 0), расход 0 ₽ (накоплено 0 ₽) — судить не о чем, наблюдаем"
watch,hold,2911970941,6621,"Фотобарабан + картридж DR-3100 DU+TN-3170 для принтеров Brother DCP-8060, DCP 8065DN, HL-5240, HL-5250DN, HL 5270DN, MFC-8460N, MFC 8860DN черный",от 2000 до 5000,12.0,12.0,0.0,7.4,-4.6,9.8,5140.0,0.03,справочная,24,0,0.0,0.0,0.0,,0.0,,0,0.0,0.0,,93.0000000000000000,63.0000000000000000,30.0,24,2,0,32,12,0,11,0,0,0,0,1,5.84,0.0,0,0,"кликов за неделю 0 (за всё время 1), расход 0 ₽ (накоплено 6 ₽) — судить не о чем, наблюдаем"
watch,hold,2912097101,6622,Фотобарабан + картридж DR-2085 DU+TN-2085 для принтеров Brother HL-2035R черный,от 2000 до 5000,22.54,22.54,0.0,13.6,-8.9,12.1,4806.0,0.04,справочная,49,0,0.0,0.0,0.0,,0.0,,2,18.75,0.0,9.4,144.0000000000000000,135.0000000000000000,9.0,50,25,0,131,15,0,14,0,0,0,5,3,19.75,1.0,0,0,"кликов за неделю 0 (за всё время 3), расход 0 ₽ (накоплено 20 ₽) — судить не о чем, наблюдаем"
watch,hold,2913148341,6635,"Фотобарабан + картридж DR-3400+TN-3480 для принтеров Brother DCP-L5500, DCPL5600, HL-L5000, HL-L5100, HLL5200dw, HLL6200, HL L6250, HL L6400 MFC-L5700 MFC-L5750 черный",от 2000 до 5000,18.0,18.0,0.0,15.6,-2.4,14.5,5489.0,0.03,справочная,25,0,0.0,0.0,0.0,,0.0,,0,0.0,0.0,,78.0000000000000000,67.0000000000000000,11.0,29,-4,0,59,18,0,15,0,0,0,1,0,0.0,0.0,0,0,"кликов за неделю 0 (за всё время 0), расход 0 ₽ (накоплено 0 ₽) — судить не о чем, наблюдаем"
watch,hold,2917279982,6643,"Фотобарабан + картридж C-EXV33 DU+C-EXV33 для принтеров Canon ImageRunner 2520, iR-2525, iR 2530, iR2535, iR2545 черный",Вне РК — спрос без рекламы (08.08),21.96,21.96,0.0,25.3,3.3,13.2,15442.0,0.02,справочная,25,0,0.0,0.0,0.0,,0.0,,0,0.0,0.0,,59.0000000000000000,43.0000000000000000,16.0,22,9,0,1098,35,0,2,0,0,0,0,0,0.0,0.0,0,0,"кликов за неделю 0 (за всё время 0), расход 0 ₽ (накоплено 0 ₽) — судить не о чем, наблюдаем"
watch,hold,2919802361,6652,Фотобарабан + картридж PCM247+THM247 черный,Эксперимент1,12.89,12.89,0.0,21.0,8.1,12.6,13800.0,0.02,справочная,30,0,0.0,0.0,0.0,,0.0,,0,0.0,0.0,,49.0000000000000000,34.0000000000000000,15.0,15,-4,0,70,12,0,11,0,0,0,1,0,0.0,0.0,0,0,"кликов за неделю 0 (за всё время 0), расход 0 ₽ (накоплено 0 ₽) — судить не о чем, наблюдаем"
watch,hold,2920257674,6655,"Фотобарабан + картридж DR-512K DU+TN-512K для принтеров Konica Minolta Bizhub C224, Bizhub C284 черный",Эксперимент1,12.89,12.89,0.0,18.2,5.3,11.3,14425.0,0.02,справочная,43,0,0.0,0.0,0.0,,0.0,,0,0.0,0.0,,,84.0000000000000000,,0,-15,0,0,,0,0,0,0,0,1,0,0.0,0.0,0,0,"кликов за неделю 0 (за всё время 0), расход 0 ₽ (накоплено 0 ₽) — судить не о чем, наблюдаем"
watch,hold,2923457960,6679,"Фотобарабан + картридж 44844408 DU+44844616 для принтеров OKI C 822, C 831, C 841 черный",Эксперимент1,9.0,9.0,0.0,26.3,17.3,12.0,18817.0,0.02,справочная,18,0,0.0,0.0,0.0,,0.0,,0,0.0,0.0,,41.0000000000000000,31.0000000000000000,10.0,9,-4,0,13,9,1,8,0,0,0,0,0,0.0,0.0,0,0,"кликов за неделю 0 (за всё время 0), расход 0 ₽ (накоплено 0 ₽) — судить не о чем, наблюдаем"
watch,hold,2925990388,6708,"Фотобарабан + картридж DR-2080 DU+TN-2080 для принтеров Brother DCP-7055R, HL-2130R черный",Эксперимент1,12.89,12.89,0.0,17.7,4.8,14.9,4463.0,0.04,справочная,37,0,0.0,0.0,0.0,,0.0,,0,0.0,0.0,,158.0000000000000000,91.0000000000000000,67.0,11,-15,0,11,17,0,8,0,0,0,1,1,16.89,0.0,0,0,"кликов за неделю 0 (за всё время 1), расход 0 ₽ (накоплено 17 ₽) — судить не о чем, наблюдаем"
watch,hold,2925990388,6708,"Фотобарабан + картридж DR-2080 DU+TN-2080 для принтеров Brother DCP-7055R, HL-2130R черный",от 2000 до 5000,22.54,22.54,0.0,17.7,-4.8,14.9,4463.0,0.04,справочная,19,0,0.0,0.0,0.0,,0.0,,0,0.0,0.0,,158.0000000000000000,91.0000000000000000,67.0,11,-15,0,11,17,0,8,0,0,0,1,0,0.0,0.0,0,0,"кликов за неделю 0 (за всё время 0), расход 0 ₽ (накоплено 0 ₽) — судить не о чем, наблюдаем"
watch,hold,2929457423,6743,"Фотобарабан + картридж DL-425 DU+TL-425U для принтеров M7105DN, P3305DN черный",Пустые РК,19.33,19.33,0.0,16.0,-3.3,13.4,4757.0,0.04,справочная,23,0,0.0,0.0,0.0,,0.0,,0,0.0,0.0,,127.0000000000000000,27.0000000000000000,100.0,23,15,0,127,11,0,13,0,0,1,1,1,8.79,0.0,0,0,"кликов за неделю 0 (за всё время 1), расход 0 ₽ (накоплено 9 ₽) — судить не о чем, наблюдаем"
bordeaux,floor,3194566498,0142,"Картриджи CLI-8 для принтеров Canon Pixma iP3300, PixmaiP3500, Pro 9000 Mark II",Эксперимент1,8.0,6.0,-2.0,14.5,6.5,20.2,2380.0,0.04,справочная,99,0,0.0,0.0,0.0,,0.0,,8,60.55,0.0,7.6,,36.0000000000000000,,0,-58,0,0,,0,0,0,0,0,0,15,122.10,0.0,0,0,"ни одной продажи за всю доступную историю (не только реклама): 15 кликов, 122 ₽ рекламы впустую. В пол и на снятие"
watch,hold,3199322808,2295,"Картридж 045H C для принтеров Canon i-SENSYS LBP-611, LBP613, MF631cn, MF633Cdw голубой",от 2000 до 5000,12.0,12.0,0.0,21.8,9.8,19.6,3733.0,0.04,справочная,7,0,0.0,0.0,0.0,,0.0,,0,0.0,0.0,,84.0000000000000000,436.0000000000000000,-352.0,5,-1,0,262,41,0,5,0,0,0,0,0,0.0,0.0,0,0,"кликов за неделю 0 (за всё время 0), расход 0 ₽ (накоплено 0 ₽) — судить не о чем, наблюдаем"
watch,hold,3335884757,4857,"Фотобарабан 108R01484 для принтеров Xerox VersaLink C500, C505 черный",Эксперимент1,8.0,8.0,0.0,29.8,21.8,15.0,14899.0,0.02,справочная,22,0,0.0,0.0,0.0,,0.0,,0,0.0,0.0,,53.0000000000000000,324.0000000000000000,-271.0,8,2,0,8,14,0,8,0,0,0,0,0,0.0,0.0,0,0,"кликов за неделю 0 (за всё время 0), расход 0 ₽ (накоплено 0 ₽) — судить не о чем, наблюдаем"
watch,hold,3350115322,0929,"Картридж T2632 для принтеров Epson Expression XP-510, XP 600, XP700, XP-710, XP800, XP 810 голубой",от 0 до 1000,10.0,10.0,0.0,1.3,-8.7,8.7,604.0,0.06,справочная,30,0,0.0,0.0,0.0,,0.0,,1,10.33,0.0,10.3,74.0000000000000000,68.0000000000000000,6.0,55,15,0,88,20,0,5,0,0,0,1,1,10.33,0.0,0,0,"кликов за неделю 0 (за всё время 1), расход 0 ₽ (накоплено 10 ₽) — судить не о чем, наблюдаем"
watch,hold,3415746776,1050,"Картридж CLT-C504S для принтеров Samsung CLP-410, CLP 415N, CLX-4170, CLX-4195FN голубой",от 2000 до 5000,12.0,12.0,0.0,22.7,10.7,16.8,4811.0,0.04,справочная,3,0,0.0,0.0,0.0,,0.0,,0,0.0,0.0,,104.0000000000000000,66.0000000000000000,38.0,14,6,0,14,62,0,2,0,0,0,0,0,0.0,0.0,0,0,"кликов за неделю 0 (за всё время 0), расход 0 ₽ (накоплено 0 ₽) — судить не о чем, наблюдаем"
watch,hold,3421455625,0790,"Картридж 106r01631 для принтеров Xerox Phaser 6000, Phaser 6010, WC6015 голубой",Эксперимент1,8.0,8.0,0.0,7.9,-0.1,14.3,1708.0,0.05,справочная,32,0,0.0,0.0,0.0,,0.0,,1,7.59,1.0,7.6,36.0000000000000000,192.0000000000000000,-156.0,3,-6,0,3,,0,0,0,0,1,1,1,7.59,1.0,0,0,"кликов за неделю 0 (за всё время 1), расход 0 ₽ (накоплено 8 ₽) — судить не о чем, наблюдаем"
watch,hold,3421455625,0790,"Картридж 106r01631 для принтеров Xerox Phaser 6000, Phaser 6010, WC6015 голубой",от 1000-2000,12.0,12.0,0.0,7.9,-4.1,14.3,1708.0,0.05,справочная,2,0,0.0,0.0,0.0,,0.0,,0,0.0,0.0,,36.0000000000000000,192.0000000000000000,-156.0,3,-6,0,3,,0,0,0,0,1,1,0,0.0,0.0,0,0,"кликов за неделю 0 (за всё время 0), расход 0 ₽ (накоплено 0 ₽) — судить не о чем, наблюдаем"
watch,hold,3421529604,3459,"Картридж W2210X для принтеров HP LJ Pro Color M255 dw, LJ Pro Color M282 черный",от 2000 до 5000,12.0,12.0,0.0,18.8,6.8,18.1,3585.0,0.04,справочная,0,0,0,0,0,,,,0,0.0,0.0,,63.0000000000000000,85.0000000000000000,-22.0,2,-4,0,2,,0,0,0,0,0,0,0,0.0,0.0,0,0,"кликов за неделю 0 (за всё время 0), расход 0 ₽ (накоплено 0 ₽) — судить не о чем, наблюдаем"
watch,hold,3421529604,3459,"Картридж W2210X для принтеров HP LJ Pro Color M255 dw, LJ Pro Color M282 черный",Эксперимент1,8.0,8.0,0.0,18.8,10.8,18.1,3585.0,0.04,справочная,14,0,0.0,0.0,0.0,,0.0,,0,0.0,0.0,,63.0000000000000000,85.0000000000000000,-22.0,2,-4,0,2,,0,0,0,0,0,0,0,0.0,0.0,0,0,"кликов за неделю 0 (за всё время 0), расход 0 ₽ (накоплено 0 ₽) — судить не о чем, наблюдаем"
watch,hold,3421671421,5146,"Фотобарабан 44844470 для принтеров OKI Data MC853, MC873 пурпурный",Эксперимент1,12.89,12.89,0.0,47.4,34.5,15.4,22790.0,0.02,справочная,56,0,0.0,0.0,0.0,,0.0,,0,0.0,0.0,,61.0000000000000000,39.0000000000000000,22.0,15,-16,0,37,1,3,15,0,0,0,2,0,0.0,0.0,0,1,"кликов за неделю 0 (за всё время 0), расход 0 ₽ (накоплено 0 ₽) — судить не о чем, наблюдаем"
watch,hold,3421671421,5146,"Фотобарабан 44844470 для принтеров OKI Data MC853, MC873 пурпурный",от 10000 до 500 тыс,20.93,20.93,0.0,47.4,26.5,15.4,22790.0,0.02,справочная,22,0,0.0,0.0,0.0,,0.0,,0,0.0,0.0,,61.0000000000000000,39.0000000000000000,22.0,15,-16,0,37,1,3,15,0,0,0,2,0,0.0,0.0,0,1,"кликов за неделю 0 (за всё время 0), расход 0 ₽ (накоплено 0 ₽) — судить не о чем, наблюдаем"
watch,hold,3460980391,6068,"Картридж 006R04395 для принтеров Xerox C230, C235 черный",от 10000 до 500 тыс,19.33,19.33,0.0,31.1,11.8,14.1,17094.0,0.02,справочная,37,0,0.0,0.0,0.0,,0.0,,0,0.0,0.0,,69.0000000000000000,28.0000000000000000,41.0,42,7,0,3444,7,2,15,0,0,0,1,0,0.0,0.0,0,0,"кликов за неделю 0 (за всё время 0), расход 0 ₽ (накоплено 0 ₽) — судить не о чем, наблюдаем"
watch,hold,3557209872,6419,"Фотобарабан DR-1071H для принтеров Avision AM40, AP40 черный",от 2000 до 5000,19.33,19.33,0.0,25.2,5.9,18.2,4781.0,0.04,справочная,9,0,0.0,0.0,0.0,,0.0,,0,0.0,0.0,,107.0000000000000000,23.0000000000000000,84.0,9,-5,0,6821,35,0,4,0,0,0,3,0,0.0,0.0,0,0,"кликов за неделю 0 (за всё время 0), расход 0 ₽ (накоплено 0 ₽) — судить не о чем, наблюдаем"
watch,hold,3557209614,6370,Картридж 43821103 для принтеров OKI MicroLine 5100FB черный,от 2000 до 5000,12.0,12.0,0.0,,,,3126.0,0.04,справочная,0,0,0,0,0,,,,0,0,0,,,,,0,0,0,0,,0,0,0,0,0,0,0,0,0,0,0,"кликов за неделю 0 (за всё время 0), расход 0 ₽ (накоплено 0 ₽) — судить не о чем, наблюдаем"
watch,hold,3557209592,6383,Картридж TL-C2310H для принтеров BM2300 черный,Эксперимент1,8.0,8.0,0.0,31.7,23.7,17.7,8313.0,0.03,справочная,35,0,0.0,0.0,0.0,,0.0,,0,0.0,0.0,,80.0000000000000000,55.0000000000000000,25.0,88,-23,0,1374,20,0,15,0,0,0,0,0,0.0,0.0,0,0,"кликов за неделю 0 (за всё время 0), расход 0 ₽ (накоплено 0 ₽) — судить не о чем, наблюдаем"
watch,hold,3557209592,6383,Картридж TL-C2310H для принтеров BM2300 черный,от 5000 до 10000,12.0,12.0,0.0,31.7,19.7,17.7,8313.0,0.03,справочная,50,0,0.0,0.0,0.0,,0.0,,0,0.0,0.0,,80.0000000000000000,55.0000000000000000,25.0,88,-23,0,1374,20,0,15,0,0,0,0,0,0.0,0.0,0,0,"кликов за неделю 0 (за всё время 0), расход 0 ₽ (накоплено 0 ₽) — судить не о чем, наблюдаем"
watch,hold,3557210030,6318,Картридж W9220MC для принтеров HP Color LJ E78223 черный,Вне РК — спрос без рекламы (08.08),21.96,21.96,0.0,29.3,7.3,13.5,17222.0,0.02,справочная,7,0,0.0,0.0,0.0,,0.0,,0,0.0,0.0,,26.0000000000000000,48.0000000000000000,-22.0,5,0,0,1099,6,1,3,0,0,0,1,0,0.0,0.0,0,0,"кликов за неделю 0 (за всё время 0), расход 0 ₽ (накоплено 0 ₽) — судить не о чем, наблюдаем"
watch,hold,3557209866,6301,"Фотобарабан DR133 для принтеров Катюша M133, P133 черный",Эксперимент1,8.0,8.0,0.0,23.3,15.3,17.7,4580.0,0.04,справочная,20,0,0.0,0.0,0.0,,0.0,,0,0.0,0.0,,62.0000000000000000,46.0000000000000000,16.0,29,-2,0,3438,16,0,15,0,0,0,0,0,0.0,0.0,0,0,"кликов за неделю 0 (за всё время 0), расход 0 ₽ (накоплено 0 ₽) — судить не о чем, наблюдаем"
watch,hold,3557209866,6301,"Фотобарабан DR133 для принтеров Катюша M133, P133 черный",от 2000 до 5000,12.0,12.0,0.0,23.3,11.3,17.7,4580.0,0.04,справочная,26,0,0.0,0.0,0.0,,0.0,,0,0.0,0.0,,62.0000000000000000,46.0000000000000000,16.0,29,-2,0,3438,16,0,15,0,0,0,0,0,0.0,0.0,0,0,"кликов за неделю 0 (за всё время 0), расход 0 ₽ (накоплено 0 ₽) — судить не о чем, наблюдаем"
watch,hold,3557210632,6806,"Картридж W1510A для принтеров HP LaserJet Pro 4003dn, LJ Pro 4103fdn черный",Эксперимент1,12.89,12.89,0.0,18.1,5.2,17.2,3706.0,0.04,справочная,27,0,0.0,0.0,0.0,,0.0,,0,0.0,0.0,,63.0000000000000000,86.0000000000000000,-23.0,14,1,0,26,22,0,4,0,0,0,1,0,0.0,0.0,0,0,"кликов за неделю 0 (за всё время 0), расход 0 ₽ (накоплено 0 ₽) — судить не о чем, наблюдаем"
watch,hold,3656444264,6885,Фотобарабан 60IU60S для принтеров F+ Imaging M60ade черный,Эксперимент1,12.89,12.89,0.0,16.2,3.3,12.7,10520.0,0.02,справочная,35,0,0.0,0.0,0.0,,0.0,,0,0.0,0.0,,14.0000000000000000,46.0000000000000000,-32.0,27,-3,0,59,1,2,5,0,0,0,2,1,7.46,0.0,0,0,"кликов за неделю 0 (за всё время 1), расход 0 ₽ (накоплено 7 ₽) — судить не о чем, наблюдаем"
enter,enter,3855415323,6411,Картридж TK-5450M для принтеров Kyocera ECOSYS MA2600cfx пурпурный,,,10.7,,21.4,,19.1,3800.0,0.04,справочная,0,0,0,0,0,,,,0,0,0,,47.0000000000000000,50.0000000000000000,-3.0,20,4,0,27,3,1,9,1,3800.0000,0,1,0,0,0,0,0,вне рекламы  но неделю отработал сам: продажи 1 шт  органика 0 ₽  показы 20  спрос по фразам 27; маржа_safe 19.1 % ≥ KPI; старт 10.7 ₽ при потолке 21.4 ₽
watch,hold,4444699662,00024,Картридж для HP LaserJet 1018,Эксперимент1,12.89,12.89,0.0,15.8,2.9,21.0,2466.0,0.04,справочная,26,0,0.0,0.0,0.0,,0.0,,0,0.0,0.0,,147.0000000000000000,90.0000000000000000,57.0,35,-14,0,54,20,0,11,0,0,0,2,0,0.0,0.0,0,0,"кликов за неделю 0 (за всё время 0), расход 0 ₽ (накоплено 0 ₽) — судить не о чем, наблюдаем"
watch,hold,4444699662,00024,Картридж для HP LaserJet 1018,от 1000-2000,19.33,19.33,0.0,15.8,-3.5,21.0,2466.0,0.04,справочная,27,0,0.0,0.0,0.0,,0.0,,1,10.94,0.0,10.9,147.0000000000000000,90.0000000000000000,57.0,35,-14,0,54,20,0,11,0,0,0,2,2,22.27,0.0,0,0,"кликов за неделю 0 (за всё время 2), расход 0 ₽ (накоплено 22 ₽) — судить не о чем, наблюдаем"
watch,hold,4450878845,00184,Картридж для Canon FC-228,Эксперимент1,12.89,12.89,0.0,22.6,9.7,17.5,6034.0,0.03,справочная,55,0,0.0,0.0,0.0,,0.0,,0,0.0,0.0,,58.0000000000000000,37.0000000000000000,21.0,18,0,0,48,34,0,14,0,0,0,1,0,0.0,0.0,0,0,"кликов за неделю 0 (за всё время 0), расход 0 ₽ (накоплено 0 ₽) — судить не о чем, наблюдаем"
watch,hold,4450894367,00252,Картридж для HP LaserJet M3035 MFP,от 2000 до 5000,15.0,15.0,0.0,11.6,-3.4,12.4,5211.0,0.03,справочная,4,0,0.0,0.0,0.0,,0.0,,0,0.0,0.0,,,105.0000000000000000,,0,-8,0,0,,0,0,0,0,0,1,0,0.0,0.0,0,0,"кликов за неделю 0 (за всё время 0), расход 0 ₽ (накоплено 0 ₽) — судить не о чем, наблюдаем"
watch,hold,4451989984,02517,Картридж для Brother MFC-8370DN,Эксперимент1,12.89,12.89,0.0,17.3,4.4,19.6,2964.0,0.04,справочная,35,0,0.0,0.0,0.0,,0.0,,0,0.0,0.0,,68.0000000000000000,17.0000000000000000,51.0,20,-4,0,41,10,1,4,0,0,0,1,0,0.0,0.0,0,0,"кликов за неделю 0 (за всё время 0), расход 0 ₽ (накоплено 0 ₽) — судить не о чем, наблюдаем"
watch,hold,4451991310,02518,Картридж для Brother MFC-8880DN,Эксперимент1,12.89,12.89,0.0,17.8,4.9,20.0,2960.0,0.04,справочная,267,0,0.0,0.0,0.0,,0.0,,0,0.0,0.0,,104.0000000000000000,129.0000000000000000,-25.0,16,10,0,16,3,1,3,0,0,0,1,0,0.0,0.0,0,0,"кликов за неделю 0 (за всё время 0), расход 0 ₽ (накоплено 0 ₽) — судить не о чем, наблюдаем"
watch,hold,4451994850,02774,Картридж для Samsung ML-2950NDR,Эксперимент1,12.89,12.89,0.0,21.2,8.3,19.0,3782.0,0.04,справочная,80,0,0.0,0.0,0.0,,0.0,,0,0.0,0.0,,64.0000000000000000,33.0000000000000000,31.0,16,-1,0,26,15,0,3,0,0,0,2,0,0.0,0.0,0,0,"кликов за неделю 0 (за всё время 0), расход 0 ₽ (накоплено 0 ₽) — судить не о чем, наблюдаем"
watch,hold,4451994850,02774,Картридж для Samsung ML-2950NDR,от 2000 до 5000,19.33,19.33,0.0,21.2,1.9,19.0,3782.0,0.04,справочная,1,0,0.0,0.0,0.0,,0.0,,0,0.0,0.0,,64.0000000000000000,33.0000000000000000,31.0,16,-1,0,26,15,0,3,0,0,0,2,0,0.0,0.0,0,0,"кликов за неделю 0 (за всё время 0), расход 0 ₽ (накоплено 0 ₽) — судить не о чем, наблюдаем"
watch,hold,4451994830,02803,Картридж для Samsung SCX-3200,Эксперимент1,8.0,8.0,0.0,19.0,11.0,20.9,2985.0,0.04,справочная,42,0,0.0,0.0,0.0,,0.0,,0,0.0,0.0,,134.0000000000000000,85.0000000000000000,49.0,24,8,0,32,12,0,4,0,0,0,1,1,5.83,0.0,0,0,"кликов за неделю 0 (за всё время 1), расход 0 ₽ (накоплено 6 ₽) — судить не о чем, наблюдаем"
watch,hold,4452002790,030523,Картридж для HP DeskJet 930,Эксперимент1,12.89,12.89,0.0,26.8,13.9,19.1,6329.0,0.03,справочная,56,0,0.0,0.0,0.0,,0.0,,1,6.94,0.0,6.9,160.0000000000000000,75.0000000000000000,85.0,10,-12,0,14,180,0,2,0,0,0,1,2,17.87,0.0,0,0,"кликов за неделю 0 (за всё время 2), расход 0 ₽ (накоплено 18 ₽) — судить не о чем, наблюдаем"
watch,hold,4463532700,04896,Картридж для Epson Stylus C86,Эксперимент1,8.0,8.0,0.0,0.0,-8.0,-3.7,419.0,0.06,справочная,128,0,0.0,0.0,0.0,,0.0,,3,16.88,0.0,5.6,118.0000000000000000,25.0000000000000000,93.0,39,-12,0,5319,1,1,10,0,0,0,1,6,39.47,0.0,0,0,"кликов за неделю 0 (за всё время 6), расход 0 ₽ (накоплено 39 ₽) — судить не о чем, наблюдаем"
watch,hold,4463532700,04896,Картридж для Epson Stylus C86,от 0 до 1000,10.0,10.0,0.0,0.0,-10.0,-3.7,419.0,0.06,справочная,1,0,0.0,0.0,0.0,,0.0,,0,0.0,0.0,,118.0000000000000000,25.0000000000000000,93.0,39,-12,0,5319,1,1,10,0,0,0,1,1,9.61,0.0,0,0,"кликов за неделю 0 (за всё время 1), расход 0 ₽ (накоплено 10 ₽) — судить не о чем, наблюдаем"
watch,hold,4476947198,06813,Картридж для Ricoh Aficio MP171,Эксперимент1,8.0,8.0,0.0,9.2,1.2,15.5,1750.0,0.05,справочная,33,0,0.0,0.0,0.0,,0.0,,0,0.0,0.0,,81.0000000000000000,101.0000000000000000,-20.0,10,-5,0,2137,25,0,2,0,0,0,1,1,7.55,0.0,0,0,"кликов за неделю 0 (за всё время 1), расход 0 ₽ (накоплено 8 ₽) — судить не о чем, наблюдаем"
watch,hold,4476947198,06813,Картридж для Ricoh Aficio MP171,от 1000-2000,12.0,12.0,0.0,9.2,-2.8,15.5,1750.0,0.05,справочная,1,0,0.0,0.0,0.0,,0.0,,0,0.0,0.0,,81.0000000000000000,101.0000000000000000,-20.0,10,-5,0,2137,25,0,2,0,0,0,1,0,0.0,0.0,0,0,"кликов за неделю 0 (за всё время 0), расход 0 ₽ (накоплено 0 ₽) — судить не о чем, наблюдаем"
watch,hold,4480825189,085110,Картридж для Brother MFC-L2700DWR,Эксперимент1,12.89,12.89,0.0,14.5,1.6,22.8,2035.0,0.04,справочная,56,0,0.0,0.0,0.0,,0.0,,0,0.0,0.0,,66.0000000000000000,74.0000000000000000,-8.0,29,2,0,33,11,0,15,0,0,0,1,0,0.0,0.0,0,0,"кликов за неделю 0 (за всё время 0), расход 0 ₽ (накоплено 0 ₽) — судить не о чем, наблюдаем"
watch,hold,4480825189,085110,Картридж для Brother MFC-L2700DWR,от 1000-2000,19.33,19.33,0.0,14.5,-4.8,22.8,2035.0,0.04,справочная,30,0,0.0,0.0,0.0,,0.0,,0,0.0,0.0,,66.0000000000000000,74.0000000000000000,-8.0,29,2,0,33,11,0,15,0,0,0,1,0,0.0,0.0,0,0,"кликов за неделю 0 (за всё время 0), расход 0 ₽ (накоплено 0 ₽) — судить не о чем, наблюдаем"
enter,enter,4480824480,08661,Картридж для Kyocera TASKalfa 1800,,,9.2,,18.5,,18.1,3532.0,0.04,справочная,0,0,0,0,0,,,,0,0,0,,81.0000000000000000,76.0000000000000000,5.0,12,8,0,12,19,0,12,1,2932.0000,0,1,0,0,0,0,0,вне рекламы  но неделю отработал сам: продажи 1 шт  органика 0 ₽  показы 12  спрос по фразам 12; маржа_safe 18.1 % ≥ KPI; старт 9.2 ₽ при потолке 18.5 ₽
watch,hold,4480827404,09279,Картридж для Epson Expression XP-820,Эксперимент1,8.0,8.0,0.0,4.1,-3.9,13.7,788.0,0.06,справочная,71,0,0.0,0.0,0.0,,0.0,,0,0.0,0.0,,83.0000000000000000,67.0000000000000000,16.0,22,-7,0,42,27,0,15,0,0,0,1,0,0.0,0.0,0,0,"кликов за неделю 0 (за всё время 0), расход 0 ₽ (накоплено 0 ₽) — судить не о чем, наблюдаем"
watch,hold,4489624149,13242,Картридж для Ricoh Aficio SP111SF,Эксперимент1,12.89,12.89,0.0,23.0,10.1,17.6,4565.0,0.04,справочная,86,0,0.0,0.0,0.0,,0.0,,0,0.0,0.0,,129.0000000000000000,66.0000000000000000,63.0,16,3,0,3406,16,0,15,0,0,0,1,0,0.0,0.0,0,0,"кликов за неделю 0 (за всё время 0), расход 0 ₽ (накоплено 0 ₽) — судить не о чем, наблюдаем"
watch,hold,4489635839,14572,Картридж для Canon Pixma iP110,Эксперимент1,8.0,8.0,0.0,3.3,-4.7,12.0,781.0,0.06,справочная,25,0,0.0,0.0,0.0,,0.0,,0,0.0,0.0,,103.0000000000000000,136.0000000000000000,-33.0,15,-19,0,16,8,1,15,0,0,0,2,1,1.0,2.0,0,0,"кликов за неделю 0 (за всё время 1), расход 0 ₽ (накоплено 1 ₽) — судить не о чем, наблюдаем"
watch,hold,4490441054,18353,Картридж для Ricoh Aficio SP3510DN,Эксперимент1,12.89,12.89,0.0,25.9,13.0,20.0,4316.0,0.04,справочная,44,0,0.0,0.0,0.0,,0.0,,0,0.0,0.0,,33.0000000000000000,41.0000000000000000,-8.0,13,2,0,21,23,0,2,0,0,0,1,0,0.0,0.0,0,0,"кликов за неделю 0 (за всё время 0), расход 0 ₽ (накоплено 0 ₽) — судить не о чем, наблюдаем"
watch,hold,4490441054,18353,Картридж для Ricoh Aficio SP3510DN,от 2000 до 5000,19.33,19.33,0.0,25.9,6.6,20.0,4316.0,0.04,справочная,13,0,0.0,0.0,0.0,,0.0,,0,0.0,0.0,,33.0000000000000000,41.0000000000000000,-8.0,13,2,0,21,23,0,2,0,0,0,1,0,0.0,0.0,0,0,"кликов за неделю 0 (за всё время 0), расход 0 ₽ (накоплено 0 ₽) — судить не о чем, наблюдаем"
watch,hold,4493527052,23171,Картридж для Canon i-SENSYS LBP-351,Эксперимент1,8.0,8.0,0.0,20.8,12.8,15.6,6532.0,0.03,справочная,11,0,0.0,0.0,0.0,,0.0,,0,0.0,0.0,,67.0000000000000000,59.0000000000000000,8.0,9,-5,0,8,26,0,9,0,0,0,1,0,0.0,0.0,0,0,"кликов за неделю 0 (за всё время 0), расход 0 ₽ (накоплено 0 ₽) — судить не о чем, наблюдаем"
watch,hold,4493619395,22335,Картридж для Konica Minolta Bizhub 368,от 2000 до 5000,19.33,19.33,0.0,22.8,3.5,18.5,4223.0,0.04,справочная,25,0,0.0,0.0,0.0,,0.0,,0,0.0,0.0,,58.0000000000000000,38.0000000000000000,20.0,18,-11,0,20,5,3,13,0,0,0,3,0,0.0,0.0,0,0,"кликов за неделю 0 (за всё время 0), расход 0 ₽ (накоплено 0 ₽) — судить не о чем, наблюдаем"
watch,hold,4504061674,23711,Картридж для Ricoh MP-2014D,Эксперимент1,8.0,8.0,0.0,17.5,9.5,18.4,3258.0,0.04,справочная,22,0,0.0,0.0,0.0,,0.0,,0,0.0,0.0,,131.0000000000000000,35.0000000000000000,96.0,9,-9,0,14,13,0,8,0,0,0,1,0,0.0,0.0,0,0,"кликов за неделю 0 (за всё время 0), расход 0 ₽ (накоплено 0 ₽) — судить не о чем, наблюдаем"
watch,hold,4504239577,260726,Чернила для Epson L565,Эксперимент1,8.0,8.0,0.0,3.3,-4.7,11.7,832.0,0.06,справочная,25,0,0.0,0.0,0.0,,0.0,,0,0.0,0.0,,128.0000000000000000,151.0000000000000000,-23.0,34,-1,0,299,10,1,15,0,0,0,1,0,0.0,0.0,0,0,"кликов за неделю 0 (за всё время 0), расход 0 ₽ (накоплено 0 ₽) — судить не о чем, наблюдаем"
watch,hold,4504239577,260726,Чернила для Epson L565,от 0 до 1000,10.0,10.0,0.0,3.3,-6.7,11.7,832.0,0.06,справочная,14,0,0.0,0.0,0.0,,0.0,,0,0.0,0.0,,128.0000000000000000,151.0000000000000000,-23.0,34,-1,0,299,10,1,15,0,0,0,1,1,1.0,1.0,0,0,"кликов за неделю 0 (за всё время 1), расход 0 ₽ (накоплено 1 ₽) — судить не о чем, наблюдаем"
watch,hold,4507508166,29704,Картридж для Canon i-SENSYS MF110,Эксперимент1,12.89,12.89,0.0,14.1,1.2,22.2,2055.0,0.04,справочная,28,0,0.0,0.0,0.0,,0.0,,0,0.0,0.0,,97.0000000000000000,67.0000000000000000,30.0,24,-3,0,144,8,2,10,1,2090.0000,0,2,0,0.0,0.0,0,0,"кликов за неделю 0 (за всё время 0), расход 0 ₽ (накоплено 0 ₽) — судить не о чем, наблюдаем"
watch,hold,4507521572,31835,Чернила для Epson L-1800,Эксперимент1,8.0,8.0,0.0,0.4,-7.6,6.0,635.0,0.06,справочная,41,0,0.0,0.0,0.0,,0.0,,0,0.0,0.0,,151.0000000000000000,136.0000000000000000,15.0,34,0,0,126,55,0,14,1,635.0000,0,3,0,0.0,0.0,0,0,"кликов за неделю 0 (за всё время 0), расход 0 ₽ (накоплено 0 ₽) — судить не о чем, наблюдаем"
watch,hold,4507527414,32012,Картридж для HP Neverstop Laser 1000w,Эксперимент1,8.0,8.0,0.0,4.5,-3.5,11.5,1372.0,0.05,справочная,52,0,0.0,0.0,0.0,,0.0,,0,0.0,0.0,,60.0000000000000000,51.0000000000000000,9.0,9,-14,0,13,11,0,2,0,0,0,1,1,7.61,0.0,0,0,"кликов за неделю 0 (за всё время 1), расход 0 ₽ (накоплено 8 ₽) — судить не о чем, наблюдаем"
watch,hold,4515703642,326410,Картридж для M7300FDW,Эксперимент1,12.89,12.89,0.0,16.4,3.5,20.7,2617.0,0.04,справочная,73,0,0.0,0.0,0.0,,0.0,,0,0.0,0.0,,221.0000000000000000,128.0000000000000000,93.0,19,2,0,77,4,2,15,0,0,0,1,1,6.88,0.0,0,0,"кликов за неделю 0 (за всё время 1), расход 0 ₽ (накоплено 7 ₽) — судить не о чем, наблюдаем"
watch,hold,4515704911,33831,Фотобарабан для Canon iR-2204,Эксперимент1,12.89,12.89,0.0,28.7,15.8,16.2,8552.0,0.03,справочная,17,0,0.0,0.0,0.0,,0.0,,0,0.0,0.0,,93.0000000000000000,49.0000000000000000,44.0,13,3,0,11,51,0,1,0,0,0,1,0,0.0,0.0,0,0,"кликов за неделю 0 (за всё время 0), расход 0 ₽ (накоплено 0 ₽) — судить не о чем, наблюдаем"
watch,hold,4527380217,443310,Чернила для Epson EcoTank M3170,от 0 до 1000,10.0,10.0,0.0,5.0,-5.0,14.7,862.0,0.06,справочная,16,0,0.0,0.0,0.0,,0.0,,0,0.0,0.0,,127.0000000000000000,64.0000000000000000,63.0,34,0,0,141,4,2,15,2,1724.0000,0,3,0,0.0,0.0,0,0,"кликов за неделю 0 (за всё время 0), расход 0 ₽ (накоплено 0 ₽) — судить не о чем, наблюдаем"
watch,hold,4527379539,45427,Картридж для HP Laser 135W MFP,Эксперимент1,12.89,12.89,0.0,22.9,10.0,22.0,3375.0,0.04,справочная,48,0,0.0,0.0,0.0,,0.0,,0,0.0,0.0,,86.0000000000000000,72.0000000000000000,14.0,10,-4,0,13,3,2,9,0,0,0,1,1,5.99,0.0,0,0,"кликов за неделю 0 (за всё время 1), расход 0 ₽ (накоплено 6 ₽) — судить не о чем, наблюдаем"
watch,hold,4543081094,60764,Картридж для HP LaserJet Tank 2602SDN MFP,Эксперимент1,8.0,8.0,0.0,0.0,-8.0,3.0,1622.0,0.05,справочная,8,0,0.0,0.0,0.0,,0.0,,0,0.0,0.0,,46.0000000000000000,43.0000000000000000,3.0,30,17,0,31,1,4,15,0,0,0,1,1,12.94,0.0,0,0,"кликов за неделю 0 (за всё время 1), расход 0 ₽ (накоплено 13 ₽) — судить не о чем, наблюдаем"
enter,enter,4543089305,64094,Картридж для Kyocera ECOSYS MA2600cwfx,,,10.7,,21.3,,19.0,3800.0,0.04,справочная,0,0,0,0,0,,,,0,0,0,,33.0000000000000000,41.0000000000000000,-8.0,44,5,0,116,6,1,15,1,3661.0000,0,1,0,0,0,0,0,вне рекламы  но неделю отработал сам: продажи 1 шт  органика 0 ₽  показы 44  спрос по фразам 116; маржа_safe 19.0 % ≥ KPI; старт 10.7 ₽ при потолке 21.3 ₽
watch,hold,4543086814,69492,Картридж для BM1800W,от 5000 до 10000,19.33,19.33,0.0,27.5,8.2,17.0,7636.0,0.03,справочная,78,0,0.0,0.0,0.0,,0.0,,0,0.0,0.0,,78.0000000000000000,51.0000000000000000,27.0,37,-9,0,6773,6,2,15,0,0,0,1,1,30.04,1.0,0,0,"кликов за неделю 0 (за всё время 1), расход 0 ₽ (накоплено 30 ₽) — судить не о чем, наблюдаем"
watch,hold,4777815004,7051,Картридж PFI-5100MBK для принтеров Canon imagePROGRAF PRO-310 черный матовый,Эксперимент1,8.0,8.0,0.0,,,,4532.0,0.04,справочная,0,0,0,0,0,,,,0,0,0,,,,,0,0,0,0,,0,0,0,0,0,2,0,0,0,0,0,"кликов за неделю 0 (за всё время 0), расход 0 ₽ (накоплено 0 ₽) — судить не о чем, наблюдаем"
watch,hold,4777815004,7051,Картридж PFI-5100MBK для принтеров Canon imagePROGRAF PRO-310 черный матовый,от 2000 до 5000,12.0,12.0,0.0,,,,4532.0,0.04,справочная,0,0,0,0,0,,,,0,0,0,,,,,0,0,0,0,,0,0,0,0,0,2,0,0,0,0,0,"кликов за неделю 0 (за всё время 0), расход 0 ₽ (накоплено 0 ₽) — судить не о чем, наблюдаем"
watch,hold,4807276926,22084,Картридж для Citizen iR-40T,Эксперимент1,8.0,8.0,0.0,0.0,-8.0,2.1,567.0,0.06,справочная,0,0,0,0,0,,,,0,0.0,0.0,,62.0000000000000000,58.0000000000000000,4.0,50,-10,0,421,8,2,12,0,0,0,1,0,0.0,0.0,0,0,"кликов за неделю 0 (за всё время 0), расход 0 ₽ (накоплено 0 ₽) — судить не о чем, наблюдаем"
watch,hold,5233232895,5344X6,Комплект картриджей SCX-4100 (6 шт.) на 18000 страниц для принтеров Samsung SCX-4100,Бандлы x2/x6 — старт (08.08),21.96,21.96,0.0,117.9,95.9,34.9,19721.0,0.02,справочная,11,0,0.0,0.0,0.0,,0.0,,0,0,0,,42.0000000000000000,66.0000000000000000,-24.0,7,-8,0,7,12,0,7,0,0,0,0,0,0.0,0.0,0,0,"кликов за неделю 0 (за всё время 0), расход 0 ₽ (накоплено 0 ₽) — судить не о чем, наблюдаем"
watch,hold,5233230021,0035X2,Комплект картриджей SCX-4200 (2 шт.) на 6000 страниц для принтеров Samsung SCX-4200,Бандлы x2/x6 — старт (08.08),21.96,21.96,0.0,53.3,31.3,29.3,7311.0,0.03,справочная,36,0,0.0,0.0,0.0,,0.0,,0,0,0,,170.0000000000000000,70.0000000000000000,100.0,8,-9,0,1100,10,1,8,0,0,0,0,0,0.0,0.0,0,0,"кликов за неделю 0 (за всё время 0), расход 0 ₽ (накоплено 0 ₽) — судить не о чем, наблюдаем"
watch,hold,5233232474,0035X6,Комплект картриджей SCX-4200 (6 шт.) на 18000 страниц для принтеров Samsung SCX-4200,Бандлы x2/x6 — старт (08.08),21.96,21.96,0.0,125.9,103.9,35.3,20779.0,0.02,справочная,31,0,0.0,0.0,0.0,,0.0,,0,0,0,,48.0000000000000000,75.0000000000000000,-27.0,13,-6,0,12,9,1,12,0,0,0,0,0,0.0,0.0,0,0,"кликов за неделю 0 (за всё время 0), расход 0 ₽ (накоплено 0 ₽) — судить не о чем, наблюдаем"
watch,hold,5239515856,0830X2,"Комплект картриджей C-EXV33 (2 шт.) на 30000 страниц для принтеров Canon iR-2520, IR2525, IR2530",Бандлы x2/x6 — старт (08.08),21.96,21.96,0.0,43.4,21.4,28.4,6188.0,0.03,справочная,18,0,0.0,0.0,0.0,,0.0,,0,0.0,0.0,,114.0000000000000000,14.0000000000000000,100.0,10,3,0,10,14,0,10,0,0,0,0,0,0.0,0.0,0,0,"кликов за неделю 0 (за всё время 0), расход 0 ₽ (накоплено 0 ₽) — судить не о чем, наблюдаем"
watch,hold,5239560160,0856X6,"Комплект картриджей TN-241BK (6 шт.) на 15000 страниц для принтеров Brother DCP-9020cdw, HL-3140cw, HL 3150, HL3170CDW, MFC-9140, MFC-9330",Бандлы x2/x6 — старт (08.08),21.96,21.96,0.0,80.2,58.2,34.9,13419.0,0.02,справочная,21,0,0.0,0.0,0.0,,0.0,,0,0.0,0.0,,33.0000000000000000,30.0000000000000000,3.0,7,-10,0,6,9,2,7,0,0,0,0,0,0.0,0.0,0,0,"кликов за неделю 0 (за всё время 0), расход 0 ₽ (накоплено 0 ₽) — судить не о чем, наблюдаем"
watch,hold,5239587447,0871X2,"Комплект картриджей TK-590K (2 шт.) на 14000 страниц для принтеров Kyocera EcoSys M6026cdn, M6526cdn, FS-C2026, FS-C2126, FSC2526, FS C2626",Бандлы x2/x6 — старт (08.08),21.96,21.96,0.0,58.7,36.7,27.3,8778.0,0.03,справочная,28,0,0.0,0.0,0.0,,0.0,,0,0.0,0.0,,61.0000000000000000,46.0000000000000000,15.0,13,6,0,14,4,2,13,0,0,0,0,0,0.0,0.0,0,0,"кликов за неделю 0 (за всё время 0), расход 0 ₽ (накоплено 0 ₽) — судить не о чем, наблюдаем"
watch,hold,5239611570,0893X2,"Комплект картриджей CF325X (2 шт.) на 80000 страниц для принтеров HP LaserJet M806DN M806DN, LJ-M806X, M830z, LJM806X+",Бандлы x2/x6 — старт (08.08),21.96,21.96,0.0,122.4,100.4,26.2,28874.0,0.02,справочная,9,0,0.0,0.0,0.0,,0.0,,0,0.0,0.0,,214.0000000000000000,15.0000000000000000,199.0,12,-5,0,14,15,0,1,0,0,0,0,0,0.0,0.0,0,0,"кликов за неделю 0 (за всё время 0), расход 0 ₽ (накоплено 0 ₽) — судить не о чем, наблюдаем"
watch,hold,5239655202,0980X2,"Комплект картриджей 44992404 (2 шт.) на 5000 страниц для принтеров OKI B401, MB441, MB451w",Бандлы x2/x6 — старт (08.08),21.96,21.96,0.0,33.4,11.4,27.3,3739.0,0.04,справочная,40,0,0.0,0.0,0.0,,0.0,,0,0.0,0.0,,238.0000000000000000,85.0000000000000000,153.0,8,4,0,9,14,0,8,0,0,0,0,0,0.0,0.0,0,0,"кликов за неделю 0 (за всё время 0), расход 0 ₽ (накоплено 0 ₽) — судить не о чем, наблюдаем"
watch,hold,5240260703,1320X6,"Комплект картриджей 45807111/45807121 (6 шт.) на 72000 страниц для принтеров OKI B412, B412dn, Data B432, B432dn, B512, B512dn, Kraftway KRP432, MB492 MB492dn MB562 MB562dnw",Бандлы x2/x6 — старт (08.08),21.96,21.96,0.0,156.3,134.3,35.3,25785.0,0.02,справочная,47,0,0.0,0.0,0.0,,0.0,,0,0.0,0.0,,20.0000000000000000,43.0000000000000000,-23.0,26,13,0,32,2,3,15,0,0,0,0,0,0.0,0.0,0,0,"кликов за неделю 0 (за всё время 0), расход 0 ₽ (накоплено 0 ₽) — судить не о чем, наблюдаем"
watch,hold,5246303748,1835X2,Комплект картриджей SP3500XE (2 шт.) на 12800 страниц для принтеров Ricoh SP3510DN,Бандлы x2/x6 — старт (08.08),21.96,21.96,0.0,34.8,12.8,24.3,6014.0,0.03,справочная,15,0,0.0,0.0,0.0,,0.0,,0,0.0,0.0,,232.0000000000000000,,,5,5,0,12,37,0,5,0,0,0,0,0,0.0,0.0,0,0,"кликов за неделю 0 (за всё время 0), расход 0 ₽ (накоплено 0 ₽) — судить не о чем, наблюдаем"
watch,hold,5250431384,2227X2,"Комплект фотобарабанов CF234A (2 шт.) на 18400 страниц для принтеров HP LaserJet Ultra M106, LJ Ultra MFP M134a",Бандлы x2/x6 — старт (08.08),21.96,21.96,0.0,49.9,27.9,27.7,10997.0,0.02,справочная,23,0,0.0,0.0,0.0,,0.0,,0,0.0,0.0,,81.0000000000000000,27.0000000000000000,54.0,10,-1,0,11,9,1,10,0,0,0,0,0,0.0,0.0,0,0,"кликов за неделю 0 (за всё время 0), расход 0 ₽ (накоплено 0 ₽) — судить не о чем, наблюдаем"
watch,hold,5251771172,2388X6,"Комплект картриджей TN-423BK (6 шт.) на 39000 страниц для принтеров Brother DCP-L8410CDW, HL-L8260CDW, HL L8360CDW, MFC-L8690CDW, MFCL8900CDW",Бандлы x2/x6 — старт (08.08),21.96,21.96,0.0,94.4,72.4,34.6,15946.0,0.02,справочная,8,0,0.0,0.0,0.0,,0.0,,0,0.0,0.0,,,72.0000000000000000,,0,-1,0,0,,0,0,0,0,0,0,0,0.0,0.0,0,0,"кликов за неделю 0 (за всё время 0), расход 0 ₽ (накоплено 0 ₽) — судить не о чем, наблюдаем"
watch,hold,5251832337,2411X6,"Комплект тонер-картриджей TK-8115BK (6 шт.) на 72000 страниц для принтеров Kyocera Ecosys M8124cidn, M8130cidn",Бандлы x2/x6 — старт (08.08),21.96,21.96,0.0,137.3,115.3,34.9,22966.0,0.02,справочная,27,0,0.0,0.0,0.0,,0.0,,0,0.0,0.0,,52.0000000000000000,21.0000000000000000,31.0,40,-3,0,58,4,2,15,0,0,0,0,0,0.0,0.0,0,0,"кликов за неделю 0 (за всё время 0), расход 0 ₽ (накоплено 0 ₽) — судить не о чем, наблюдаем"
watch,hold,5251948552,2439X2,"Комплект картриджей C-EXV49Bk (2 шт.) на 72000 страниц для принтеров Canon iR Advance C3320, iR Advance C3325",Бандлы x2/x6 — старт (08.08),21.96,21.96,0.0,53.4,31.4,27.6,11805.0,0.02,справочная,8,0,0.0,0.0,0.0,,0.0,,0,0.0,0.0,,192.0000000000000000,40.0000000000000000,152.0,11,7,0,11,22,0,11,0,0,0,0,0,0.0,0.0,0,0,"кликов за неделю 0 (за всё время 0), расход 0 ₽ (накоплено 0 ₽) — судить не о чем, наблюдаем"
watch,hold,5255259852,2960X2,"Комплект фотобарабанов C-EXV33 DU (2 шт.) на 338000 страниц для принтеров Canon ImageRunner 2520, iR-2525, iR 2530, iR2535, iR2545",Бандлы x2/x6 — старт (08.08),21.96,21.96,0.0,112.0,90.0,27.0,25451.0,0.02,справочная,24,0,0.0,0.0,0.0,,0.0,,0,0.0,0.0,,45.0000000000000000,19.0000000000000000,26.0,28,8,0,27,,0,0,0,0,0,0,0,0.0,0.0,0,0,"кликов за неделю 0 (за всё время 0), расход 0 ₽ (накоплено 0 ₽) — судить не о чем, наблюдаем"
watch,hold,5255262850,2960X6,"Комплект фотобарабанов C-EXV33 DU (6 шт.) на 1014000 страниц для принтеров Canon ImageRunner 2520, iR-2525, iR 2530, iR2535, iR2545",Бандлы x2/x6 — старт (08.08),21.96,21.96,0.0,426.8,404.8,34.5,72333.0,0.02,справочная,30,0,0.0,0.0,0.0,,0.0,,0,0.0,0.0,,23.0000000000000000,20.0000000000000000,3.0,34,23,0,36,1,9,15,0,0,0,0,0,0.0,0.0,0,0,"кликов за неделю 0 (за всё время 0), расход 0 ₽ (накоплено 0 ₽) — судить не о чем, наблюдаем"
watch,hold,5255276901,2965X6,"Комплект фотобарабанов DK-1150 DU (6 шт.) на 600000 страниц для принтеров Kyocera EcoSys M2040dn, M2135, M2540dn, M2635, M2640idw, M2735dw, P2235, P2335d",Бандлы x2/x6 — старт (08.08),21.96,21.96,0.0,269.0,247.0,35.4,44248.0,0.02,справочная,61,0,0.0,0.0,0.0,,0.0,,0,0.0,0.0,,47.0000000000000000,36.0000000000000000,11.0,52,12,0,95,22,0,3,0,0,0,0,0,0.0,0.0,0,0,"кликов за неделю 0 (за всё время 0), расход 0 ₽ (накоплено 0 ₽) — судить не о чем, наблюдаем"
watch,hold,5256281781,3083X2,"Комплект картриджей 903XL (2 шт.) на 1650 страниц для принтеров HP OfficeJet 6950, OfficeJet Pro 6960",Бандлы x2/x6 — старт (08.08),21.96,21.96,0.0,30.2,8.2,27.1,3411.0,0.04,справочная,65,0,0.0,0.0,0.0,,0.0,,0,0.0,0.0,,85.0000000000000000,44.0000000000000000,41.0,8,2,0,8,23,0,1,0,0,0,0,0,0.0,0.0,0,0,"кликов за неделю 0 (за всё время 0), расход 0 ₽ (накоплено 0 ₽) — судить не о чем, наблюдаем"
watch,hold,5260594046,3743X6,Комплект фотобарабанов 113R00782 DU (6 шт.) на 493200 страниц для принтеров Xerox VersaLink C7000,Бандлы x2/x6 — старт (08.08),21.96,21.96,0.0,207.9,185.9,31.4,39382.0,0.02,справочная,14,0,0.0,0.0,0.0,,0.0,,0,0.0,0.0,,,98.0000000000000000,,0,-3,0,0,,0,0,0,0,0,0,0,0.0,0.0,0,0,"кликов за неделю 0 (за всё время 0), расход 0 ₽ (накоплено 0 ₽) — судить не о чем, наблюдаем"
watch,hold,5265230747,4264X2,"Комплект картриджей 006R01701 (2 шт.) на 52000 страниц для принтеров Xerox AltaLink C8030, C8035",Бандлы x2/x6 — старт (08.08),21.96,21.96,0.0,68.2,46.2,27.0,15502.0,0.02,справочная,18,0,0.0,0.0,0.0,,0.0,,0,0.0,0.0,,240.0000000000000000,88.0000000000000000,152.0,7,1,0,3420,5,2,6,0,0,0,0,0,0.0,0.0,0,0,"кликов за неделю 0 (за всё время 0), расход 0 ₽ (накоплено 0 ₽) — судить не о чем, наблюдаем"
watch,hold,5265651639,4274X2,"Комплект картриджей W2410A (2 шт.) на 2100 страниц для принтеров HP Color LaserJet Pro M155a, Color LaserJet Pro M155nw",Бандлы x2/x6 — старт (08.08),21.96,21.96,0.0,51.9,29.9,28.9,7233.0,0.03,справочная,20,0,0.0,0.0,0.0,,0.0,,0,0.0,0.0,,76.0000000000000000,27.0000000000000000,49.0,16,7,0,28,17,0,12,0,0,0,0,0,0.0,0.0,0,0,"кликов за неделю 0 (за всё время 0), расход 0 ₽ (накоплено 0 ₽) — судить не о чем, наблюдаем"
watch,hold,5271777163,4730X2,Комплект картриджей TN-227K (2 шт.) на 48000 страниц для принтеров Konica Minolta Bizhub C257i,Бандлы x2/x6 — старт (08.08),21.96,21.96,0.0,255.6,233.6,33.4,45000.0,0.02,справочная,2,0,0.0,0.0,0.0,,0.0,,0,0,0,,,,,0,0,0,0,,0,0,0,0,0,0,0,0.0,0.0,0,0,"кликов за неделю 0 (за всё время 0), расход 0 ₽ (накоплено 0 ₽) — судить не о чем, наблюдаем"
watch,hold,5271780255,4730X6,Комплект картриджей TN-227K (6 шт.) на 144000 страниц для принтеров Konica Minolta Bizhub C257i,Бандлы x2/x6 — старт (08.08),21.96,21.96,0.0,255.6,233.6,33.4,45000.0,0.02,справочная,15,0,0.0,0.0,0.0,,0.0,,0,0,0,,,,,0,0,0,0,,0,0,0,0,0,0,0,0.0,0.0,0,0,"кликов за неделю 0 (за всё время 0), расход 0 ₽ (накоплено 0 ₽) — судить не о чем, наблюдаем"
watch,hold,5272497902,4821X2,"Комплект картриджей TL-420Е (2 шт.) на 2000 страниц для принтеров M6700D, M6800FDW, M7100DN, M7102DN, M7200FD, M7300FDN, M7302FDN, P3010D P3020D P3300DN P3302DN",Бандлы x2/x6 — старт (08.08),21.96,21.96,0.0,40.4,18.4,29.0,5609.0,0.03,справочная,39,0,0.0,0.0,0.0,,0.0,,0,0.0,0.0,,141.0000000000000000,45.0000000000000000,96.0,17,11,0,32,135,0,5,0,0,0,0,0,0.0,0.0,0,0,"кликов за неделю 0 (за всё время 0), расход 0 ₽ (накоплено 0 ₽) — судить не о чем, наблюдаем"
watch,hold,5272533345,4821X6,"Комплект картриджей TL-420Е (6 шт.) на 6000 страниц для принтеров M6700D, M6800FDW, M7100DN, M7102DN, M7200FD, M7300FDN, M7302FDN, P3010D P3020D P3300DN P3302DN",Бандлы x2/x6 — старт (08.08),21.96,21.96,0.0,96.3,74.3,35.2,15941.0,0.02,справочная,34,0,0.0,0.0,0.0,,0.0,,0,0.0,0.0,,140.0000000000000000,26.0000000000000000,114.0,36,19,0,8865,4,1,12,0,0,0,0,0,0.0,0.0,0,0,"кликов за неделю 0 (за всё время 0), расход 0 ₽ (накоплено 0 ₽) — судить не о чем, наблюдаем"
watch,hold,5272628215,4832X2,"Комплект картриджей CF289X (2 шт.) на 20000 страниц для принтеров HP LaserJet M507, LJ M528",Бандлы x2/x6 — старт (08.08),21.96,21.96,0.0,63.1,41.1,27.4,9388.0,0.03,справочная,21,0,0.0,0.0,0.0,,0.0,,0,0.0,0.0,,343.0000000000000000,,,3,3,0,3,,0,0,0,0,0,0,0,0.0,0.0,0,0,"кликов за неделю 0 (за всё время 0), расход 0 ₽ (накоплено 0 ₽) — судить не о чем, наблюдаем"
watch,hold,5276836940,5229X6,"Комплект картриджей 067H (6 шт.) на 18780 страниц для принтеров Canon i-SENSYS LBP-631CW, LBP633, MF651, MF651Cw",Бандлы x2/x6 — старт (08.08),21.96,21.96,0.0,,,,45000.0,0.02,справочная,0,0,0,0,0,,,,0,0,0,,,,,0,0,0,0,,0,0,0,0,0,0,0,0,0,0,0,"кликов за неделю 0 (за всё время 0), расход 0 ₽ (накоплено 0 ₽) — судить не о чем, наблюдаем"
watch,hold,5276843490,5229X2,"Комплект картриджей 067H (2 шт.) на 6260 страниц для принтеров Canon i-SENSYS LBP-631CW, LBP633, MF651, MF651Cw",Бандлы x2/x6 — старт (08.08),21.96,21.96,0.0,,,,45000.0,0.02,справочная,0,0,0,0,0,,,,0,0,0,,,,,0,0,0,0,,0,0,0,0,0,0,0,0,0,0,0,"кликов за неделю 0 (за всё время 0), расход 0 ₽ (накоплено 0 ₽) — судить не о чем, наблюдаем"
watch,hold,5278053645,5374X2,"Комплект картриджей 069H (2 шт.) на 15200 страниц для принтеров Canon i-SENSYS LBP-673Cdw, MF752Cdw, MF754Cdw",Бандлы x2/x6 — старт (08.08),21.96,21.96,0.0,49.6,27.6,27.6,10967.0,0.02,справочная,28,0,0.0,0.0,0.0,,0.0,,0,0.0,0.0,,168.0000000000000000,86.0000000000000000,82.0,25,16,0,55,12,0,15,0,0,0,0,0,0.0,0.0,0,0,"кликов за неделю 0 (за всё время 0), расход 0 ₽ (накоплено 0 ₽) — судить не о чем, наблюдаем"
watch,hold,5279391142,5488X6,"Комплект картриджей 069 BK (6 шт.) на 12600 страниц для принтеров Canon i-SENSYS LBP-673Cdw, MF752Cdw, MF754Cdw",Бандлы x2/x6 — старт (08.08),21.96,21.96,0.0,151.2,129.2,34.8,25364.0,0.02,справочная,23,0,0.0,0.0,0.0,,0.0,,0,0.0,0.0,,116.0000000000000000,78.0000000000000000,38.0,51,37,0,66,6,3,13,0,0,0,0,0,0.0,0.0,0,0,"кликов за неделю 0 (за всё время 0), расход 0 ₽ (накоплено 0 ₽) — судить не о чем, наблюдаем"
watch,hold,5279513850,5544X2,"Комплект фотобарабанов DR-421CL (2 шт.) на 100000 страниц для принтеров Brother DCP-L8410CDW, HL-L8260CDW, HL L8360CDW, HLL9310, MFC-L8690CDW, MFC-L8900CDW",Бандлы x2/x6 — старт (08.08),21.96,21.96,0.0,177.2,155.2,25.3,43635.0,0.02,справочная,29,0,0.0,0.0,0.0,,0.0,,0,0.0,0.0,,56.0000000000000000,18.0000000000000000,38.0,22,14,0,88,1,6,15,0,0,0,0,0,0.0,0.0,0,0,"кликов за неделю 0 (за всё время 0), расход 0 ₽ (накоплено 0 ₽) — судить не о чем, наблюдаем"
watch,hold,5279550442,5521X6,"Комплект картриджей 071H (6 шт.) на 15000 страниц для принтеров Canon i-SENSYS LBP-120, LBP122dw, MF270, MF272dw",Бандлы x2/x6 — старт (08.08),21.96,21.96,0.0,117.7,95.7,35.0,19613.0,0.02,справочная,28,0,0.0,0.0,0.0,,0.0,,0,0.0,0.0,,112.0000000000000000,8.0000000000000000,104.0,42,39,0,56,17,0,15,0,0,0,0,0,0.0,0.0,0,0,"кликов за неделю 0 (за всё время 0), расход 0 ₽ (накоплено 0 ₽) — судить не о чем, наблюдаем"
watch,hold,5280100241,5621X2,Комплект тонер-картриджей TK-5370K (2 шт.) на 14000 страниц для принтеров Kyocera ECOSYS MA3500cifx,Бандлы x2/x6 — старт (08.08),21.96,21.96,0.0,57.5,35.5,28.1,8292.0,0.03,справочная,28,0,0.0,0.0,0.0,,0.0,,0,0.0,0.0,,97.0000000000000000,22.0000000000000000,75.0,14,7,0,14,25,0,4,0,0,0,0,0,0.0,0.0,0,0,"кликов за неделю 0 (за всё время 0), расход 0 ₽ (накоплено 0 ₽) — судить не о чем, наблюдаем"
watch,hold,5280097888,5621X6,Комплект тонер-картриджей TK-5370K (6 шт.) на 42000 страниц для принтеров Kyocera ECOSYS MA3500cifx,Бандлы x2/x6 — старт (08.08),21.96,21.96,0.0,140.9,118.9,34.9,23566.0,0.02,справочная,33,0,0.0,0.0,0.0,,0.0,,0,0.0,0.0,,92.0000000000000000,11.0000000000000000,81.0,29,16,0,58,6,3,14,0,0,0,0,0,0.0,0.0,0,0,"кликов за неделю 0 (за всё время 0), расход 0 ₽ (накоплено 0 ₽) — судить не о чем, наблюдаем"
watch,hold,5280108109,5626X6,Комплект тонер-картриджей TK-5380K (6 шт.) на 78000 страниц для принтеров Kyocera ECOSYS MA4000cifx,Бандлы x2/x6 — старт (08.08),21.96,21.96,0.0,320.2,298.2,34.1,55010.0,0.02,справочная,6,0,0.0,0.0,0.0,,0.0,,0,0,0,,,,,0,0,0,0,,0,0,0,0,0,0,0,0.0,0.0,0,0,"кликов за неделю 0 (за всё время 0), расход 0 ₽ (накоплено 0 ₽) — судить не о чем, наблюдаем"
watch,hold,5280354500,5715X2,Комплект картриджей TK-7235 (2 шт.) на 70000 страниц для принтеров Kyocera TASKalfa MZ4000i,Бандлы x2/x6 — старт (08.08),21.96,21.96,0.0,113.8,91.8,26.1,26955.0,0.02,справочная,21,0,0.0,0.0,0.0,,0.0,,0,0.0,0.0,,79.0000000000000000,5.0000000000000000,74.0,18,12,0,26,3,3,6,0,0,0,0,0,0.0,0.0,0,0,"кликов за неделю 0 (за всё время 0), расход 0 ₽ (накоплено 0 ₽) — судить не о чем, наблюдаем"
watch,hold,5280360411,5725X2,"Комплект картриджей THM130 (2 шт.) на 6000 страниц для принтеров Катюша M130, P130",Бандлы x2/x6 — старт (08.08),21.96,21.96,0.0,57.3,35.3,28.1,8267.0,0.03,справочная,47,0,0.0,0.0,0.0,,0.0,,0,0.0,0.0,,67.0000000000000000,45.0000000000000000,22.0,17,14,0,1009,9,1,5,0,0,0,0,0,0.0,0.0,0,0,"кликов за неделю 0 (за всё время 0), расход 0 ₽ (накоплено 0 ₽) — судить не о чем, наблюдаем"
watch,hold,5280423590,5730X2,"Комплект картриджей W1520X (2 шт.) на 19400 страниц для принтеров HP LaserJet 4104fdw, LJ Pro 4004dn",Бандлы x2/x6 — старт (08.08),21.96,21.96,0.0,64.2,42.2,27.2,9641.0,0.03,справочная,25,0,0.0,0.0,0.0,,0.0,,0,0.0,0.0,,511.0000000000000000,,,2,2,0,2,,0,0,0,0,0,0,0,0.0,0.0,0,0,"кликов за неделю 0 (за всё время 0), расход 0 ₽ (накоплено 0 ₽) — судить не о чем, наблюдаем"
watch,hold,5280733748,5767X2,"Комплект картриджей W2300X (2 шт.) на 15000 страниц для принтеров HP Color LaserJet Pro 4203cdn, 4303dw",Бандлы x2/x6 — старт (08.08),21.96,21.96,0.0,59.6,37.6,27.2,13420.0,0.02,справочная,18,0,0.0,0.0,0.0,,0.0,,0,0.0,0.0,,232.0000000000000000,42.0000000000000000,190.0,22,20,0,3073,3,3,15,0,0,0,0,0,0.0,0.0,0,0,"кликов за неделю 0 (за всё время 0), расход 0 ₽ (накоплено 0 ₽) — судить не о чем, наблюдаем"
watch,hold,5280906350,5781X2,"Комплект фотобарабанов 013R00691 (2 шт.) на 24000 страниц для принтеров Xerox B225, B230, B235",Бандлы x2/x6 — старт (08.08),21.96,21.96,0.0,49.3,27.3,27.4,10997.0,0.02,справочная,35,0,0.0,0.0,0.0,,0.0,,0,0,0,,54.0000000000000000,31.0000000000000000,23.0,27,26,0,30,13,0,15,0,0,0,0,0,0.0,0.0,0,0,"кликов за неделю 0 (за всё время 0), расход 0 ₽ (накоплено 0 ₽) — судить не о чем, наблюдаем"
watch,hold,5281036212,5807X6,"Комплект картриджей C-EXV65K (6 шт.) на 105000 страниц для принтеров Canon imageRUNNER C3326, iR C3326i",Бандлы x2/x6 — старт (08.08),21.96,21.96,0.0,253.4,231.4,34.6,42811.0,0.02,справочная,14,0,0.0,0.0,0.0,,0.0,,0,0,0,,23.0000000000000000,19.0000000000000000,4.0,24,4,0,23,3,2,13,0,0,0,0,0,0.0,0.0,0,0,"кликов за неделю 0 (за всё время 0), расход 0 ₽ (накоплено 0 ₽) — судить не о чем, наблюдаем"
watch,hold,5281214851,5845X2,"Комплект тонер-картриджей 006R01819 (2 шт.) на 62000 страниц для принтеров Xerox VersaLink B7125, VersaLinkB7130",Бандлы x2/x6 — старт (08.08),21.96,21.96,0.0,66.5,44.5,27.4,14849.0,0.02,справочная,11,0,0.0,0.0,0.0,,0.0,,0,0,0,,24.0000000000000000,,,4,4,0,4,,0,0,0,0,0,0,0,0.0,0.0,0,0,"кликов за неделю 0 (за всё время 0), расход 0 ₽ (накоплено 0 ₽) — судить не о чем, наблюдаем"
watch,hold,5281503026,5940X6,"Комплект картриджей W1107XL (6 шт.) на 36000 страниц для принтеров HP Laser 107A, Laser107R",Бандлы x2/x6 — старт (08.08),21.96,21.96,0.0,110.7,88.7,34.9,18517.0,0.02,справочная,14,0,0.0,0.0,0.0,,0.0,,0,0.0,0.0,,193.0000000000000000,14.0000000000000000,179.0,22,15,0,24,31,0,3,0,0,0,0,0,0.0,0.0,0,0,"кликов за неделю 0 (за всё время 0), расход 0 ₽ (накоплено 0 ₽) — судить не о чем, наблюдаем"
watch,hold,5293366504,5953X2,Комплект тонер-картриджей THM348 (2 шт.) на 60000 страниц для принтеров Катюша М348,Бандлы x2/x6 — старт (08.08),21.96,21.96,0.0,56.8,34.8,27.2,12785.0,0.02,справочная,22,0,0.0,0.0,0.0,,0.0,,0,0.0,0.0,,151.0000000000000000,,,9,9,0,12,6,1,7,0,0,0,0,0,0.0,0.0,0,0,"кликов за неделю 0 (за всё время 0), расход 0 ₽ (накоплено 0 ₽) — судить не о чем, наблюдаем"
watch,hold,5285082922,6231X2,"Комплект картриджей PC-212EV XL (2 шт.) на 12000 страниц для принтеров M6502, M6552NW, P2502",Бандлы x2/x6 — старт (08.08),21.96,21.96,0.0,44.7,22.7,27.2,10076.0,0.02,справочная,33,0,0.0,0.0,0.0,,0.0,,0,0.0,0.0,,154.0000000000000000,33.0000000000000000,121.0,14,8,0,69,11,0,14,0,0,0,0,0,0.0,0.0,0,0,"кликов за неделю 0 (за всё время 0), расход 0 ₽ (накоплено 0 ₽) — судить не о чем, наблюдаем"
watch,hold,5322451814,4480X6,"Комплект картриджей W9025MC (6 шт.) на 198000 страниц для принтеров HP LaserJet E72425, LJ E72430",Бандлы x2/x6 — старт (08.08),21.96,21.96,0.0,462.1,440.1,34.2,79132.0,0.02,справочная,6,0,0.0,0.0,0.0,,0.0,,0,0.0,0.0,,59.0000000000000000,,,11,11,0,77,2,3,11,0,0,0,0,0,0.0,0.0,0,0,"кликов за неделю 0 (за всё время 0), расход 0 ₽ (накоплено 0 ₽) — судить не о чем, наблюдаем"
watch,hold,5322449538,4481X6,Комплект картриджей CTL-1100XK (6 шт.) на 18000 страниц,Бандлы x2/x6 — старт (08.08),21.96,21.96,0.0,148.7,126.7,35.0,24791.0,0.02,справочная,27,0,0.0,0.0,0.0,,0.0,,0,0.0,0.0,,116.0000000000000000,,,29,29,0,110,1,5,15,0,0,0,0,0,0.0,0.0,0,0,"кликов за неделю 0 (за всё время 0), расход 0 ₽ (накоплено 0 ₽) — судить не о чем, наблюдаем"
watch,hold,5322477276,5309X2,"Комплект тонера TN-420H (2 шт.) на 6000 страниц для принтеров M6700D, M6800FDW, M7100DN, M7200FD, M7300FDN, P3010D, P3300DN",Бандлы x2/x6 — старт (08.08),20.0,20.0,0.0,28.4,8.4,26.7,3276.0,0.04,справочная,12,0,0.0,0.0,0.0,,0.0,,0,0.0,0.0,,144.0000000000000000,,,10,10,0,83,8,1,10,0,0,1,1,0,0.0,0.0,0,0,"кликов за неделю 0 (за всё время 0), расход 0 ₽ (накоплено 0 ₽) — судить не о чем, наблюдаем"
watch,hold,930608914,2979,"Картридж 106R03745BK для принтеров Xerox VersaLink C7025, VersaLink C7020, VersaLink C7030",от 2000 до 5000,24.16,24.16,0.0,,,,,,справочная,12,0,0.0,0.0,0.0,,0.0,,0,0.0,0.0,,63.0000000000000000,141.0000000000000000,-78.0,12,-3,0,14,5,1,12,1,5784.0000,0,4,0,0.0,0.0,0,0,"кликов за неделю 0 (за всё время 0), расход 0 ₽ (накоплено 0 ₽) — судить не о чем, наблюдаем"
watch,hold,1153753277,2214,Картридж MD910 для принтеров Citizen MD-910 черный,от 0 до 1000,10.0,10.0,0.0,,,,,,справочная,46,0,0.0,0.0,0.0,,0.0,,0,0.0,0.0,,69.0000000000000000,58.0000000000000000,11.0,40,-2,0,411,5,2,14,0,0,0,0,0,0.0,0.0,0,0,"кликов за неделю 0 (за всё время 0), расход 0 ₽ (накоплено 0 ₽) — судить не о чем, наблюдаем"
watch,hold,906875071,0826,"Картридж MLT-D117S для принтеров Samsung SCX-4650N, SCX-4655, SCX-4650, SCX-4655FN",от 2000 до 5000,13.0,13.0,0.0,,,,,,справочная,6,0,0.0,0.0,0.0,,0.0,,0,0.0,0.0,,129.0000000000000000,42.0000000000000000,87.0,10,-1,0,10,1,1,10,0,0,0,0,0,0.0,0.0,0,0,"кликов за неделю 0 (за всё время 0), расход 0 ₽ (накоплено 0 ₽) — судить не о чем, наблюдаем"
watch,hold,864225267,0990,"Картридж 44973541 для принтеров OKI C301dn, C321dn, MC332, MC342 желтый",от 1000-2000,12.0,12.0,0.0,,,,,,справочная,13,0,0.0,0.0,0.0,,0.0,,1,10.5,0.0,10.5,42.0000000000000000,64.0000000000000000,-22.0,40,24,0,3624,4,2,7,0,0,0,0,1,10.5,0.0,0,0,"кликов за неделю 0 (за всё время 1), расход 0 ₽ (накоплено 10 ₽) — судить не о чем, наблюдаем"
watch,hold,930632286,3034,"Картридж SP311UXE для принтеров Ricoh Aficio SP311, SP325 черный",Эксперимент1,9.0,9.0,0.0,,,,,,справочная,17,0,0.0,0.0,0.0,,0.0,,0,0.0,0.0,,30.0000000000000000,82.0000000000000000,-52.0,14,2,0,1102,12,0,14,0,0,0,0,0,0.0,0.0,0,0,"кликов за неделю 0 (за всё время 0), расход 0 ₽ (накоплено 0 ₽) — судить не о чем, наблюдаем"
watch,hold,930632286,3034,"Картридж SP311UXE для принтеров Ricoh Aficio SP311, SP325 черный",от 2000 до 5000,13.0,13.0,0.0,,,,,,справочная,2,0,0.0,0.0,0.0,,0.0,,0,0.0,0.0,,30.0000000000000000,82.0000000000000000,-52.0,14,2,0,1102,12,0,14,0,0,0,0,0,0.0,0.0,0,0,"кликов за неделю 0 (за всё время 0), расход 0 ₽ (накоплено 0 ₽) — судить не о чем, наблюдаем"
watch,hold,863388244,0169,"Картриджи CB540A-CB543A для принтеров HP Color LaserJet CM1300, LJ-CM1312, LJ CP1210, LJCP1215, LJ CP1510, LJCP1515, LJ-CP1518",от 5000 до 10000,19.33,19.33,0.0,,,,,,справочная,20,0,0.0,0.0,0.0,,0.0,,0,0.0,0.0,,72.0000000000000000,71.0000000000000000,1.0,12,-17,0,16,5,1,10,0,0,0,2,0,0.0,0.0,0,0,"кликов за неделю 0 (за всё время 0), расход 0 ₽ (накоплено 0 ₽) — судить не о чем, наблюдаем"
watch,hold,873313239,3667,"Картридж 106R03483 для принтеров Xerox Phaser 6510, WC 6515 желтый",Эксперимент1,8.0,8.0,0.0,,,,,,справочная,26,0,0.0,0.0,0.0,,0.0,,0,0.0,0.0,,118.0000000000000000,,,7,7,0,10146,8,1,3,0,0,0,0,0,0.0,0.0,0,0,"кликов за неделю 0 (за всё время 0), расход 0 ₽ (накоплено 0 ₽) — судить не о чем, наблюдаем"
watch,hold,930608896,2425,"Картриджи MPC3503 для принтеров Ricoh Aficio MP C3003SP, MPC3004ASP",от 10000 до 500 тыс,12.0,12.0,0.0,,,,,,справочная,1,0,0.0,0.0,0.0,,0.0,,0,0.0,0.0,,,44.0000000000000000,,0,-6,0,0,,0,0,0,0,0,0,0,0.0,0.0,0,0,"кликов за неделю 0 (за всё время 0), расход 0 ₽ (накоплено 0 ₽) — судить не о чем, наблюдаем"
watch,hold,653325357,5345,"Картридж SCX-4216 для принтеров Samsung и SCX-4016, SCX 4100, SF-560, SF565P, SF 750, SF-755P черный",Эксперимент1,8.0,8.0,0.0,,,,,,справочная,17,0,0.0,0.0,0.0,,0.0,,0,0.0,0.0,,72.0000000000000000,75.0000000000000000,-3.0,14,-9,0,24,9,1,14,0,0,0,0,0,0.0,0.0,0,0,"кликов за неделю 0 (за всё время 0), расход 0 ₽ (накоплено 0 ₽) — судить не о чем, наблюдаем"
watch,hold,874373592,4531,"Фотобарабан 013R00681 DU для принтеров Xerox AltaLink C8130, C8135 черный",Эксперимент1,12.89,12.89,0.0,,,,,,справочная,40,0,0.0,0.0,0.0,,0.0,,0,0.0,0.0,,54.0000000000000000,77.0000000000000000,-23.0,18,0,0,207,5,1,9,0,0,0,7,0,0.0,0.0,0,0,"кликов за неделю 0 (за всё время 0), расход 0 ₽ (накоплено 0 ₽) — судить не о чем, наблюдаем"
watch,hold,864225246,0968,"Картридж 72 MBK для принтеров HP Designjet T1100, DJ T1200, DJ T1300 черный матовый",Эксперимент1,16.1,16.1,0.0,,,,,,справочная,112,0,0.0,0.0,0.0,,0.0,,0,0.0,0.0,,61.0000000000000000,203.0000000000000000,-142.0,45,17,0,276,20,0,15,0,0,0,4,0,0.0,0.0,0,1,"кликов за неделю 0 (за всё время 0), расход 0 ₽ (накоплено 0 ₽) — судить не о чем, наблюдаем"
watch,hold,1153396313,0944,"Картридж T0548 для принтеров Epson Stylus Photo R1800, Stylus Photo R800 черный матовый",от 0 до 1000,10.0,10.0,0.0,,,,,,справочная,6,0,0.0,0.0,0.0,,0.0,,0,0,0,,,77.0000000000000000,,0,-5,0,0,,0,0,0,0,0,1,0,0.0,0.0,0,0,"кликов за неделю 0 (за всё время 0), расход 0 ₽ (накоплено 0 ₽) — судить не о чем, наблюдаем"
watch,hold,652459847,1276,"Картридж CF283X для принтеров HP LaserJet Pro M201, LJ Pro M225 MFP черный",от 1000-2000,19.33,19.33,0.0,,,,,,справочная,17,0,0.0,0.0,0.0,,0.0,,0,0.0,0.0,,100.0000000000000000,83.0000000000000000,17.0,10,0,0,10,15,0,10,0,0,0,1,0,0.0,0.0,0,0,"кликов за неделю 0 (за всё время 0), расход 0 ₽ (накоплено 0 ₽) — судить не о чем, наблюдаем"
watch,hold,866443682,1545,Картридж T966 для принтеров Epson и Stylus Photo R2880 светло-пурпурный,от 1000-2000,11.0,11.0,0.0,,,,,,справочная,4,0,0.0,1.0,1346.0,,0.0,0.0,1,1.0,0.0,1.0,,81.0000000000000000,,0,-9,0,0,,0,0,1,1346.0000,0,2,2,9.45,1.0,0,0,"кликов за неделю 0 (за всё время 2), расход 0 ₽ (накоплено 9 ₽) — судить не о чем, наблюдаем"
watch,hold,864225281,0963,"Картридж 72 PBK для принтеров HP и DesignJet T120, DJ T1708, DJ T520 черный",от 2000 до 5000,13.0,13.0,0.0,,,,,,справочная,0,0,0,0,0,,,,0,0,0,,66.0000000000000000,85.0000000000000000,-19.0,32,-8,0,124,3,1,13,0,0,0,0,0,0,0,0,0,"кликов за неделю 0 (за всё время 0), расход 0 ₽ (накоплено 0 ₽) — судить не о чем, наблюдаем"
watch,hold,874376099,4277,"Картридж W2412A для принтеров HP Color LaserJet Pro M155a, Color LaserJet Pro M155nw желтый",Эксперимент1,10.0,10.0,0.0,,,,,,справочная,20,0,0.0,0.0,0.0,,0.0,,0,0.0,0.0,,157.0000000000000000,91.0000000000000000,66.0,13,6,0,92,14,0,13,0,0,0,0,0,0.0,0.0,0,0,"кликов за неделю 0 (за всё время 0), расход 0 ₽ (накоплено 0 ₽) — судить не о чем, наблюдаем"
watch,hold,652585994,0843,"Картридж T7012 для принтеров Epson WF Pro WP-4015DN, WP 4095DN, WP4515DN, WP-4525DNF, WP4595DNF голубой",Вне РК — спрос без рекламы (08.08),15.0,15.0,0.0,,,,,,справочная,16,0,0.0,0.0,0.0,,0.0,,0,0.0,0.0,,20.0000000000000000,86.0000000000000000,-66.0,4,1,0,4,,0,0,0,0,0,1,0,0.0,0.0,0,0,"кликов за неделю 0 (за всё время 0), расход 0 ₽ (накоплено 0 ₽) — судить не о чем, наблюдаем"
watch,hold,874377346,4366,"Картридж №46 для принтеров HP DJ Ink Advantage 2020hc, DJ 2520hc, DJ Ultra 2029, DJ Ultra 2529 черный",Эксперимент1,12.89,12.89,0.0,,,,,,справочная,77,0,0.0,0.0,0.0,,0.0,,0,0.0,0.0,,159.0000000000000000,143.0000000000000000,16.0,35,4,0,178,58,0,5,0,0,0,1,0,0.0,0.0,0,0,"кликов за неделю 0 (за всё время 0), расход 0 ₽ (накоплено 0 ₽) — судить не о чем, наблюдаем"
watch,hold,866443695,1551del,"Картридж C2P24AE для принтеров HP OfficeJet Pro 6230, OfficeJet Pro 6830 голубой",от 0 до 1000,10.0,10.0,0.0,,,,,,справочная,14,0,0.0,0.0,0.0,,0.0,,0,0.0,0.0,,72.0000000000000000,99.0000000000000000,-27.0,13,5,0,16,7,1,11,0,0,0,1,1,11.92,0.0,0,1,"кликов за неделю 0 (за всё время 1), расход 0 ₽ (накоплено 12 ₽) — судить не о чем, наблюдаем"
watch,hold,1143060134,5162,Картридж SP-8400E для принтеров Ricoh и Aficio SP-8400 черный,Эксперимент1,9.0,9.0,0.0,,,,,,справочная,20,0,0.0,0.0,0.0,,0.0,,0,0.0,0.0,,57.0000000000000000,51.0000000000000000,6.0,9,5,0,11,21,0,2,0,0,0,0,0,0.0,0.0,0,0,"кликов за неделю 0 (за всё время 0), расход 0 ₽ (накоплено 0 ₽) — судить не о чем, наблюдаем"
watch,hold,874374870,4236,"Картриджи 006R01646-006R01649 для принтеров Xerox и Versant 180, Versant 80",Эксперимент1,8.0,8.0,0.0,,,,,,справочная,0,0,0,0,0,,,,0,0,0,,,,,0,0,0,0,,0,0,0,0,0,1,0,0,0,0,0,"кликов за неделю 0 (за всё время 0), расход 0 ₽ (накоплено 0 ₽) — судить не о чем, наблюдаем"
watch,hold,874374870,4236,"Картриджи 006R01646-006R01649 для принтеров Xerox и Versant 180, Versant 80",от 10000 до 500 тыс,12.0,12.0,0.0,,,,,,справочная,1,0,0.0,0.0,0.0,,0.0,,0,0,0,,,,,0,0,0,0,,0,0,0,0,0,1,0,0.0,0.0,0,0,"кликов за неделю 0 (за всё время 0), расход 0 ₽ (накоплено 0 ₽) — судить не о чем, наблюдаем"
watch,hold,1156701906,2959,"Фотобарабан C-EXV32 DU для принтеров Canon ImageRunner 2520, iR-2525, iR 2530, iR2535, iR2545 черный",от 10000 до 500 тыс,19.33,19.33,0.0,,,,,,справочная,25,0,0.0,0.0,0.0,,0.0,,0,0.0,0.0,,76.0000000000000000,84.0000000000000000,-8.0,15,-8,0,3410,7,1,9,0,0,0,3,0,0.0,0.0,0,0,"кликов за неделю 0 (за всё время 0), расход 0 ₽ (накоплено 0 ₽) — судить не о чем, наблюдаем"
watch,hold,930614120,0122,"Картридж TK-435 для принтеров Kyocera TASKalfa 180, TASKalfa 181 черный",от 2000 до 5000,19.33,19.33,0.0,,,,,,справочная,8,0,0.0,0.0,0.0,,0.0,,0,0.0,0.0,,83.0000000000000000,97.0000000000000000,-14.0,10,-3,0,3423,12,0,10,0,0,0,3,0,0.0,0.0,0,0,"кликов за неделю 0 (за всё время 0), расход 0 ₽ (накоплено 0 ₽) — судить не о чем, наблюдаем"
watch,hold,652550333,1449,"Картридж CLI-471XLM для принтеров Canon и Pixma MG5740, Pixma MG6840 пурпурный",Эксперимент1,7.0,7.0,0.0,,,,,,справочная,21,0,0.0,0.0,0.0,,0.0,,0,0.0,0.0,,110.0000000000000000,104.0000000000000000,6.0,17,9,0,119,33,0,12,0,0,0,0,0,0.0,0.0,0,0,"кликов за неделю 0 (за всё время 0), расход 0 ₽ (накоплено 0 ₽) — судить не о чем, наблюдаем"
watch,hold,874373637,44813,Картридж для CM1100DN,Эксперимент1,12.89,12.89,0.0,,,,,,справочная,25,0,0.0,0.0,0.0,,0.0,,0,0.0,0.0,,154.0000000000000000,70.0000000000000000,84.0,20,-3,0,36,21,0,15,0,0,0,0,0,0.0,0.0,0,1,"кликов за неделю 0 (за всё время 0), расход 0 ₽ (накоплено 0 ₽) — судить не о чем, наблюдаем"
watch,hold,874373637,44813,Картридж для CM1100DN,от 2000 до 5000,19.33,19.33,0.0,,,,,,справочная,37,0,0.0,0.0,0.0,,0.0,,0,0.0,0.0,,154.0000000000000000,70.0000000000000000,84.0,20,-3,0,36,21,0,15,0,0,0,0,0,0.0,0.0,0,1,"кликов за неделю 0 (за всё время 0), расход 0 ₽ (накоплено 0 ₽) — судить не о чем, наблюдаем"
watch,hold,863432497,0493,"Картридж T0461 для принтеров Epson и Stylus C63, Stylus C65 черный",Эксперимент1,9.0,9.0,0.0,,,,,,справочная,0,0,0,0,0,,,,0,0,0,,,,,0,0,0,0,,0,0,0,0,0,1,0,0,0,0,0,"кликов за неделю 0 (за всё время 0), расход 0 ₽ (накоплено 0 ₽) — судить не о чем, наблюдаем"
watch,hold,653348217,1095,"Картридж 106R01604 для принтеров Xerox Phaser 6500, WC 6505 черный",Эксперимент1,7.0,7.0,0.0,,,,,,справочная,7,0,0.0,0.0,0.0,,0.0,,0,0.0,0.0,,96.0000000000000000,137.0000000000000000,-41.0,4,1,0,4,,0,0,0,0,0,0,0,0.0,0.0,0,0,"кликов за неделю 0 (за всё время 0), расход 0 ₽ (накоплено 0 ₽) — судить не о чем, наблюдаем"
watch,hold,653129110,0596,"Картридж LC-1100C для принтеров Brother DCP-145C, DCP 163C, MFC-250C, MFC290C голубой",от 0 до 1000,12.0,12.0,0.0,,,,,,справочная,23,0,0.0,0.0,0.0,,0.0,,0,0.0,0.0,,100.0000000000000000,84.0000000000000000,16.0,24,7,0,39,9,1,15,0,0,0,3,0,0.0,0.0,0,0,"кликов за неделю 0 (за всё время 0), расход 0 ₽ (накоплено 0 ₽) — судить не о чем, наблюдаем"
watch,hold,930621856,1198,Картриджи CF300A-CF303A для принтеров HP Color LJ Flow M880z,от 10000 до 500 тыс,19.33,19.33,0.0,,,,,,справочная,6,0,0.0,0.0,0.0,,0.0,,0,0.0,0.0,,101.0000000000000000,24.0000000000000000,77.0,7,-3,0,7,14,0,7,0,0,1,1,1,12.26,0.0,0,0,"кликов за неделю 0 (за всё время 1), расход 0 ₽ (накоплено 12 ₽) — судить не о чем, наблюдаем"
watch,hold,652805228,02373,Картридж для Kyocera EcoSys M2035DN,от 1000-2000,20.0,20.0,0.0,,,,,,справочная,0,0,0,0,0,,,,0,0.0,0.0,,60.0000000000000000,66.0000000000000000,-6.0,46,-22,0,72,2,2,13,0,0,0,8,0,0.0,0.0,0,0,"кликов за неделю 0 (за всё время 0), расход 0 ₽ (накоплено 0 ₽) — судить не о чем, наблюдаем"
watch,hold,652456842,0897,"Картридж 655Y для принтеров HP DeskJet Ink Advantage 4625, DJ 3525, DJ 4615, DJ 5525, DJ 6525 желтый",от 0 до 1000,10.0,10.0,0.0,,,,,,справочная,20,0,0.0,0.0,0.0,,0.0,,0,0.0,0.0,,91.0000000000000000,204.0000000000000000,-113.0,19,-1,0,32,54,0,3,0,0,0,0,0,0.0,0.0,0,0,"кликов за неделю 0 (за всё время 0), расход 0 ₽ (накоплено 0 ₽) — судить не о чем, наблюдаем"
watch,hold,653139608,1263,"Картридж T0792 для принтеров Epson Stylus Photo 1400, Stylus Photo 1500W голубой",от 0 до 1000,10.0,10.0,0.0,,,,,,справочная,10,0,0.0,0.0,0.0,,0.0,,0,0.0,0.0,,87.0000000000000000,97.0000000000000000,-10.0,14,-1,0,21,14,0,14,0,0,0,0,0,0.0,0.0,0,0,"кликов за неделю 0 (за всё время 0), расход 0 ₽ (накоплено 0 ₽) — судить не о чем, наблюдаем"
watch,hold,652622412,1266,"Картридж T0795 для принтеров Epson Stylus Photo 1400, Stylus Photo 1500W светло-голубой",Эксперимент1,7.0,7.0,0.0,,,,,,справочная,37,0,0.0,0.0,0.0,,0.0,,0,0.0,0.0,,140.0000000000000000,70.0000000000000000,70.0,20,-1,0,29,11,0,12,0,0,0,4,1,6.04,0.0,0,0,"кликов за неделю 0 (за всё время 1), расход 0 ₽ (накоплено 6 ₽) — судить не о чем, наблюдаем"
watch,hold,1153216564,0501,"Картридж 12036SE для принтеров Lexmark E120, E120n черный",от 2000 до 5000,12.0,12.0,0.0,,,,,,справочная,11,0,0.0,0.0,0.0,,0.0,,0,0.0,0.0,,196.0000000000000000,192.0000000000000000,4.0,10,2,0,7904,23,0,9,0,0,0,0,0,0.0,0.0,0,0,"кликов за неделю 0 (за всё время 0), расход 0 ₽ (накоплено 0 ₽) — судить не о чем, наблюдаем"
watch,hold,866443897,2171,"Картриджи TK-5220 для принтеров Kyocera Ecosys M5521cdn, P5021cdn",от 2000 до 5000,19.33,19.33,0.0,,,,,,справочная,30,0,0.0,0.0,0.0,,0.0,,0,0.0,0.0,,58.0000000000000000,44.0000000000000000,14.0,22,-14,0,28,13,0,12,0,0,0,3,1,27.76,0.0,0,0,"кликов за неделю 0 (за всё время 1), расход 0 ₽ (накоплено 28 ₽) — судить не о чем, наблюдаем"
watch,hold,930628721,1155,"Картридж CF363X для принтеров HP и Color LJ M552dn, LJ-M553dn, LJM553n, LJ M553x пурпурный",Эксперимент1,9.0,9.0,0.0,,,,,,справочная,16,0,0.0,0.0,0.0,,0.0,,0,0.0,0.0,,51.0000000000000000,48.0000000000000000,3.0,6,-5,0,59,37,0,2,0,0,0,0,0,0.0,0.0,0,0,"кликов за неделю 0 (за всё время 0), расход 0 ₽ (накоплено 0 ₽) — судить не о чем, наблюдаем"
watch,hold,652352491,0743,"Картридж Q6003A для принтеров HP Color LaserJet 1600, LJ 2600, LJ-2605, LJ CM1015, LJCM1017 пурпурный",Эксперимент1,8.0,8.0,0.0,,,,,,справочная,81,0,0.0,0.0,0.0,,0.0,,1,8.24,0.0,8.2,92.0000000000000000,95.0000000000000000,-3.0,11,1,0,17,14,0,11,1,6421.0000,0,1,1,8.24,0.0,0,0,"кликов за неделю 0 (за всё время 1), расход 0 ₽ (накоплено 8 ₽) — судить не о чем, наблюдаем"
watch,hold,870872501,2289,"Картриджи 006R01175-006R01178 для принтеров Xerox и WorkCentre 7328, WC 7335, WC 7345, WC-7346, WCP C2128, WCP C2636",от 10000 до 500 тыс,12.0,12.0,0.0,,,,,,справочная,7,0,0.0,0.0,0.0,,0.0,,0,0.0,0.0,,,14.0000000000000000,,0,-4,0,0,,0,0,0,0,0,1,1,6.2,0.0,0,0,"кликов за неделю 0 (за всё время 1), расход 0 ₽ (накоплено 6 ₽) — судить не о чем, наблюдаем"
watch,hold,906874489,0332,"Картридж 178XL для принтеров HP DeskJet 3070A, DESKJET 3522 E, DeskJet3524, PhotoSmart 5510, PhotoSmart5515 желтый",от 0 до 1000,10.0,10.0,0.0,,,,,,справочная,33,0,0.0,0.0,0.0,,0.0,,0,0.0,0.0,,146.0000000000000000,125.0000000000000000,21.0,24,-6,0,37,65,0,6,0,0,0,0,0,0.0,0.0,0,0,"кликов за неделю 0 (за всё время 0), расход 0 ₽ (накоплено 0 ₽) — судить не о чем, наблюдаем"
watch,hold,873319893,3914,Картридж 106R04054 для принтеров Xerox Versalink C8000 голубой,Эксперимент1,8.0,8.0,0.0,,,,,,справочная,15,0,0.0,0.0,0.0,,0.0,,1,12.47,0.0,12.5,75.0000000000000000,21.0000000000000000,54.0,23,-1,0,288,3,2,15,0,0,0,1,1,12.47,0.0,0,0,"кликов за неделю 0 (за всё время 1), расход 0 ₽ (накоплено 12 ₽) — судить не о чем, наблюдаем"
watch,hold,652487349,3523,"Картридж CF289X для принтеров HP LaserJet M507, LJ M528 черный",Эксперимент1,9.0,9.0,0.0,,,,,,справочная,12,0,0.0,0.0,0.0,,0.0,,0,0.0,0.0,,61.0000000000000000,70.0000000000000000,-9.0,7,1,0,13,17,0,6,0,0,0,0,0,0.0,0.0,0,0,"кликов за неделю 0 (за всё время 0), расход 0 ₽ (накоплено 0 ₽) — судить не о чем, наблюдаем"
watch,hold,652487349,3523,"Картридж CF289X для принтеров HP LaserJet M507, LJ M528 черный",от 2000 до 5000,12.0,12.0,0.0,,,,,,справочная,2,0,0.0,0.0,0.0,,0.0,,0,0.0,0.0,,61.0000000000000000,70.0000000000000000,-9.0,7,1,0,13,17,0,6,0,0,0,0,0,0.0,0.0,0,0,"кликов за неделю 0 (за всё время 0), расход 0 ₽ (накоплено 0 ₽) — судить не о чем, наблюдаем"
watch,hold,873313307,3367,"Картридж TN-2135 для принтеров Brother и DCP-7030, DCP7032, HL-2140, HL2142, HL2150, HL 2170, MFC-7320, MFC 7440 черный",Эксперимент1,8.0,8.0,0.0,,,,,,справочная,15,0,0.0,0.0,0.0,,0.0,,0,0.0,0.0,,77.0000000000000000,55.0000000000000000,22.0,7,1,0,6,17,0,7,0,0,0,0,0,0.0,0.0,0,0,"кликов за неделю 0 (за всё время 0), расход 0 ₽ (накоплено 0 ₽) — судить не о чем, наблюдаем"
watch,hold,1153395539,0850,"Картриджи LC-900 для принтеров Brother и DCP-110C, DCP 115C, FAX-1835C, FAX1840C, MFC-210C, MFC 215C",Эксперимент1,8.0,8.0,0.0,,,,,,справочная,23,0,0.0,0.0,0.0,,0.0,,1,13.54,0.0,13.5,,53.0000000000000000,,0,-13,0,0,,0,0,0,0,0,1,2,16.44,0.0,0,0,"кликов за неделю 0 (за всё время 2), расход 0 ₽ (накоплено 16 ₽) — судить не о чем, наблюдаем"
watch,hold,863387408,3521,"Картридж T9444 для принтеров Epson и WorkForce Pro C5210, WF Pro C5215 желтый",от 1000-2000,12.0,12.0,0.0,,,,,,справочная,15,0,0.0,0.0,0.0,,0.0,,0,0.0,0.0,,47.0000000000000000,90.0000000000000000,-43.0,13,1,0,28,14,0,9,0,0,0,0,0,0.0,0.0,0,0,"кликов за неделю 0 (за всё время 0), расход 0 ₽ (накоплено 0 ₽) — судить не о чем, наблюдаем"
watch,hold,652453776,3224,"Картридж W2030X для принтеров HP Color LaserJet M454dn, LJ Pro M454dw, M480f, M479dw, M479fdw черный",Эксперимент1,16.1,16.1,0.0,,,,,,справочная,42,0,0.0,0.0,0.0,,0.0,,0,0.0,0.0,,117.0000000000000000,86.0000000000000000,31.0,22,4,0,3489,7,1,12,0,0,0,1,0,0.0,0.0,0,0,"кликов за неделю 0 (за всё время 0), расход 0 ₽ (накоплено 0 ₽) — судить не о чем, наблюдаем"
watch,hold,652453776,3224,"Картридж W2030X для принтеров HP Color LaserJet M454dn, LJ Pro M454dw, M480f, M479dw, M479fdw черный",от 2000 до 5000,20.93,20.93,0.0,,,,,,справочная,3,0,0.0,0.0,0.0,,0.0,,0,0.0,0.0,,117.0000000000000000,86.0000000000000000,31.0,22,4,0,3489,7,1,12,0,0,0,1,0,0.0,0.0,0,0,"кликов за неделю 0 (за всё время 0), расход 0 ₽ (накоплено 0 ₽) — судить не о чем, наблюдаем"
watch,hold,1153756322,2338,"Картридж TN-326K для принтеров Brother HL-L8250CDN, MFC-L8650CDW черный",Эксперимент1,10.0,10.0,0.0,,,,,,справочная,0,0,0,0,0,,,,0,0,0,,,,,0,0,0,0,,0,0,0,0,0,1,0,0,0,0,0,"кликов за неделю 0 (за всё время 0), расход 0 ₽ (накоплено 0 ₽) — судить не о чем, наблюдаем"
watch,hold,1153756322,2338,"Картридж TN-326K для принтеров Brother HL-L8250CDN, MFC-L8650CDW черный",от 2000 до 5000,13.0,13.0,0.0,,,,,,справочная,0,0,0,0,0,,,,0,0,0,,,,,0,0,0,0,,0,0,0,0,0,1,0,0,0,0,0,"кликов за неделю 0 (за всё время 0), расход 0 ₽ (накоплено 0 ₽) — судить не о чем, наблюдаем"
watch,hold,904484204,3968,"Картридж 46471105 для принтеров OKI Data C823, Data C833 желтый",Эксперимент1,12.89,12.89,0.0,,,,,,справочная,47,0,0.0,0.0,0.0,,0.0,,0,0.0,0.0,,117.0000000000000000,87.0000000000000000,30.0,11,7,0,9806,39,0,2,0,0,0,1,0,0.0,0.0,0,0,"кликов за неделю 0 (за всё время 0), расход 0 ₽ (накоплено 0 ₽) — судить не о чем, наблюдаем"
watch,hold,874377241,4165,"Фотобарабан 013R00664 DU для принтеров Xerox Color 570, DCP-C60, DCP C70, ColorDCP550 цветной",Эксперимент1,9.0,9.0,0.0,,,,,,справочная,0,0,0,0,0,,,,0,0,0,,,,,0,0,0,0,,0,0,0,0,0,0,0,0,0,0,0,"кликов за неделю 0 (за всё время 0), расход 0 ₽ (накоплено 0 ₽) — судить не о чем, наблюдаем"
watch,hold,874377241,4165,"Фотобарабан 013R00664 DU для принтеров Xerox Color 570, DCP-C60, DCP C70, ColorDCP550 цветной",от 10000 до 500 тыс,13.0,13.0,0.0,,,,,,справочная,0,0,0,0,0,,,,0,0,0,,,,,0,0,0,0,,0,0,0,0,0,0,0,0,0,0,0,"кликов за неделю 0 (за всё время 0), расход 0 ₽ (накоплено 0 ₽) — судить не о чем, наблюдаем"
watch,hold,874374394,4433,"Чернила №110 для принтеров Epson EcoTank M2170, EcoTank M1100, EcoTank M3140",Вне РК — спрос без рекламы (08.08),15.0,15.0,0.0,,,,,,справочная,0,0,0,0,0,,,,0,0,0,,,,,0,0,0,0,,0,0,0,0,0,0,0,0,0,0,0,"кликов за неделю 0 (за всё время 0), расход 0 ₽ (накоплено 0 ₽) — судить не о чем, наблюдаем"
watch,hold,1143061398,5190,"Картридж T-2309E для принтеров Toshiba e-Studio 2309A, e-Studio 2809A черный",Эксперимент1,12.89,12.89,0.0,,,,,,справочная,35,0,0.0,0.0,0.0,,0.0,,0,0.0,0.0,,29.0000000000000000,21.0000000000000000,8.0,64,17,0,161,9,5,15,0,0,0,4,0,0.0,0.0,0,0,"кликов за неделю 0 (за всё время 0), расход 0 ₽ (накоплено 0 ₽) — судить не о чем, наблюдаем"
watch,hold,1143061398,5190,"Картридж T-2309E для принтеров Toshiba e-Studio 2309A, e-Studio 2809A черный",от 2000 до 5000,20.93,20.93,0.0,,,,,,справочная,105,0,0.0,0.0,0.0,,0.0,,0,0.0,0.0,,29.0000000000000000,21.0000000000000000,8.0,64,17,0,161,9,5,15,0,0,0,4,1,8.48,0.0,0,0,"кликов за неделю 0 (за всё время 1), расход 0 ₽ (накоплено 8 ₽) — судить не о чем, наблюдаем"
watch,hold,930608300,0025,"Картридж Q7551A для принтеров HP LaserJet M3027, LJ M3035 MFP, LJ P3005 черный",от 2000 до 5000,12.0,12.0,0.0,,,,,,справочная,11,0,0.0,0.0,0.0,,0.0,,0,0.0,0.0,,156.0000000000000000,50.0000000000000000,106.0,13,8,0,1129,30,0,11,0,0,0,0,0,0.0,0.0,0,0,"кликов за неделю 0 (за всё время 0), расход 0 ₽ (накоплено 0 ₽) — судить не о чем, наблюдаем"
watch,hold,864225832,1280,"Картридж CF411A для принтеров HP LJ Color Pro M377dw, M452dn, M452nw, M477fdn, M477fdw голубой",Эксперимент1,14.5,14.5,0.0,,,,,,справочная,51,0,0.0,0.0,0.0,,0.0,,0,0.0,0.0,,103.0000000000000000,92.0000000000000000,11.0,8,4,0,266,34,0,7,0,0,0,1,0,0.0,0.0,0,0,"кликов за неделю 0 (за всё время 0), расход 0 ₽ (накоплено 0 ₽) — судить не о чем, наблюдаем"
watch,hold,653387906,0789,"Картридж 106r01632 для принтеров Xerox и Phaser 6000, Phaser 6010, WC6015 пурпурный",от 1000-2000,10.0,10.0,0.0,,,,,,справочная,3,0,0.0,0.0,0.0,,0.0,,0,0.0,0.0,,63.0000000000000000,50.0000000000000000,13.0,4,0,0,4,,0,0,0,0,0,0,0,0.0,0.0,0,0,"кликов за неделю 0 (за всё время 0), расход 0 ₽ (накоплено 0 ₽) — судить не о чем, наблюдаем"
watch,hold,873319970,3895,"Картриджи LC-3239XL для принтеров Brother HL-J6000DW, MFC-J5945DW, MFC J6945",Эксперимент1,12.89,12.89,0.0,,,,,,справочная,25,0,0.0,0.0,0.0,,0.0,,1,6.77,0.0,6.8,,36.0000000000000000,,0,-53,0,0,,0,0,0,0,1,4,1,6.77,0.0,0,0,"кликов за неделю 0 (за всё время 1), расход 0 ₽ (накоплено 7 ₽) — судить не о чем, наблюдаем"
watch,hold,873319970,3895,"Картриджи LC-3239XL для принтеров Brother HL-J6000DW, MFC-J5945DW, MFC J6945",от 10000 до 500 тыс,20.93,20.93,0.0,,,,,,справочная,17,0,0.0,0.0,0.0,,0.0,,0,0.0,0.0,,,36.0000000000000000,,0,-53,0,0,,0,0,0,0,1,4,1,2.35,0.0,0,0,"кликов за неделю 0 (за всё время 1), расход 0 ₽ (накоплено 2 ₽) — судить не о чем, наблюдаем"
watch,hold,930626179,3057,"Картридж CF452A Y для принтеров HP и Color LJ M652, LJ-M653, LJ M681, LJM682 желтый",Эксперимент1,12.89,12.89,0.0,,,,,,справочная,39,0,0.0,0.0,0.0,,0.0,,0,0.0,0.0,,80.0000000000000000,87.0000000000000000,-7.0,6,-2,0,7,13,0,5,0,0,0,1,0,0.0,0.0,0,0,"кликов за неделю 0 (за всё время 0), расход 0 ₽ (накоплено 0 ₽) — судить не о чем, наблюдаем"
watch,hold,653457466,1298,"Картридж TK-5140 для принтеров Kyocera и ECOSYS M6030cdn, M6530cdn, P6130cdn желтый",Эксперимент1,13.0,13.0,0.0,,,,,,справочная,50,0,0.0,0.0,0.0,,0.0,,0,0.0,0.0,,62.0000000000000000,40.0000000000000000,22.0,12,5,0,15,72,0,1,0,0,0,1,0,0.0,0.0,0,0,"кликов за неделю 0 (за всё время 0), расход 0 ₽ (накоплено 0 ₽) — судить не о чем, наблюдаем"
watch,hold,873313792,3665,"Картридж 106R03481 для принтеров Xerox Phaser 6510, WC 6515 голубой",Эксперимент1,8.0,8.0,0.0,,,,,,справочная,12,0,0.0,0.0,0.0,,0.0,,0,0.0,0.0,,98.0000000000000000,,,3,3,0,13,49,0,2,0,0,0,2,0,0.0,0.0,0,0,"кликов за неделю 0 (за всё время 0), расход 0 ₽ (накоплено 0 ₽) — судить не о чем, наблюдаем"
watch,hold,874373940,4440,Картридж T2661 для принтеров Epson WorkForce WF-100W черный,Эксперимент1,8.0,8.0,0.0,,,,,,справочная,26,0,0.0,0.0,0.0,,0.0,,0,0.0,0.0,,98.0000000000000000,41.0000000000000000,57.0,15,3,0,21,32,0,4,0,0,0,1,0,0.0,0.0,0,0,"кликов за неделю 0 (за всё время 0), расход 0 ₽ (накоплено 0 ₽) — судить не о чем, наблюдаем"
watch,hold,866442700,1382,"Картридж 731M для принтеров Canon i-SENSYS LBP-7100Cn, LBP 7110, MF623cn, MF628cw, MF8230cn, MF8280cw пурпурный",Эксперимент1,14.5,14.5,0.0,,,,,,справочная,58,0,0.0,0.0,0.0,,0.0,,0,0.0,0.0,,109.0000000000000000,74.0000000000000000,35.0,14,-5,0,168,6,3,13,0,0,0,1,0,0.0,0.0,0,0,"кликов за неделю 0 (за всё время 0), расход 0 ₽ (накоплено 0 ₽) — судить не о чем, наблюдаем"
watch,hold,930608849,0261,"Фотобарабан 013R00589 DU для принтеров Xerox CopyCentre 133, CopyCentre C118, WC 128, WC-133, WC M118, WC M118i черный",от 10000 до 500 тыс,19.33,19.33,0.0,,,,,,справочная,18,0,0.0,0.0,0.0,,0.0,,0,0.0,0.0,,45.0000000000000000,38.0000000000000000,7.0,13,7,0,13,,0,0,0,0,0,1,0,0.0,0.0,0,0,"кликов за неделю 0 (за всё время 0), расход 0 ₽ (накоплено 0 ₽) — судить не о чем, наблюдаем"
watch,hold,930626829,2232,Картридж TK-7300 для принтеров Kyocera ECOSYS P4040dn черный,от 2000 до 5000,20.93,20.93,0.0,,,,,,справочная,5,0,0.0,0.0,0.0,,0.0,,0,0.0,0.0,,74.0000000000000000,84.0000000000000000,-10.0,6,-1,0,11,16,0,4,0,0,0,1,0,0.0,0.0,0,0,"кликов за неделю 0 (за всё время 0), расход 0 ₽ (накоплено 0 ₽) — судить не о чем, наблюдаем"
watch,hold,874375512,4271,"Фотобарабан 108R01419 DU для принтеров Xerox Phaser 6510, WC 6515 желтый",Эксперимент1,9.0,9.0,0.0,,,,,,справочная,28,0,0.0,0.0,0.0,,0.0,,0,0.0,0.0,,51.0000000000000000,31.0000000000000000,20.0,17,-2,0,188,25,0,6,0,0,0,0,0,0.0,0.0,0,0,"кликов за неделю 0 (за всё время 0), расход 0 ₽ (накоплено 0 ₽) — судить не о чем, наблюдаем"
watch,hold,1153722453,1934,"Картридж T6942 для принтеров Epson SureColor SC-SC-T7200, SC T3000, SCT3200, SC-T5000, SCT5200, SC T7000 голубой",Эксперимент1,14.5,14.5,0.0,,,,,,справочная,60,0,0.0,0.0,0.0,,0.0,,0,0.0,0.0,,34.0000000000000000,25.0000000000000000,9.0,21,-12,0,27,21,0,5,0,0,0,1,0,0.0,0.0,0,0,"кликов за неделю 0 (за всё время 0), расход 0 ₽ (накоплено 0 ₽) — судить не о чем, наблюдаем"
watch,hold,930625824,0862,Картридж TK-685 для принтеров Kyocera и TASKalfa 300i черный,Эксперимент1,8.0,8.0,0.0,,,,,,справочная,21,0,0.0,0.0,0.0,,0.0,,0,0.0,0.0,,84.0000000000000000,400.0000000000000000,-316.0,16,7,0,17,18,0,5,0,0,0,0,0,0.0,0.0,0,0,"кликов за неделю 0 (за всё время 0), расход 0 ₽ (накоплено 0 ₽) — судить не о чем, наблюдаем"
watch,hold,652576979,3475,"Картридж 055H C для принтеров Canon и i-SENSYS MF 741, MF 743 голубой",от 2000 до 5000,12.0,12.0,0.0,,,,,,справочная,5,0,0.0,0.0,0.0,,0.0,,0,0,0,,116.0000000000000000,426.0000000000000000,-310.0,2,0,0,1,,0,0,0,0,0,0,0,0.0,0.0,0,0,"кликов за неделю 0 (за всё время 0), расход 0 ₽ (накоплено 0 ₽) — судить не о чем, наблюдаем"
watch,hold,874373534,4534,"Картридж №981 для принтеров HP PageWide Color 556, PW Color MFP 586 dn пурпурный",от 5000 до 10000,20.93,20.93,0.0,,,,,,справочная,19,0,0.0,0.0,0.0,,0.0,,0,0.0,0.0,,136.0000000000000000,24.0000000000000000,112.0,9,7,0,3405,4,3,9,0,0,0,1,0,0.0,0.0,0,0,"кликов за неделю 0 (за всё время 0), расход 0 ₽ (накоплено 0 ₽) — судить не о чем, наблюдаем"
watch,hold,652610794,1267,"Картридж T0796 для принтеров Epson Stylus Photo 1400, Stylus Photo 1500W светло-пурпурный",Эксперимент1,8.0,8.0,0.0,,,,,,справочная,71,0,0.0,0.0,0.0,,0.0,,1,6.55,0.0,6.5,91.0000000000000000,117.0000000000000000,-26.0,30,14,0,81,4,1,15,0,0,0,4,1,6.55,0.0,0,0,"кликов за неделю 0 (за всё время 1), расход 0 ₽ (накоплено 7 ₽) — судить не о чем, наблюдаем"
watch,hold,1155651379,3912,"Картридж W2033A для принтеров HP Color LaserJet M454dn, LJ Pro M454dw, M480f, M479dw, M479fdw пурпурный",Эксперимент1,10.0,10.0,0.0,,,,,,справочная,37,0,0.0,0.0,0.0,,0.0,,0,0.0,0.0,,127.0000000000000000,99.0000000000000000,28.0,22,7,0,133,12,0,11,0,0,0,5,0,0.0,0.0,0,0,"кликов за неделю 0 (за всё время 0), расход 0 ₽ (накоплено 0 ₽) — судить не о чем, наблюдаем"
watch,hold,930640232,2641,"Картридж TN-324Y для принтеров Konica Minolta и Bizhub C258, Bizhub C308 желтый",Эксперимент1,9.0,9.0,0.0,,,,,,справочная,29,0,0.0,0.0,0.0,,0.0,,1,8.73,1.0,8.7,90.0000000000000000,171.0000000000000000,-81.0,10,-1,0,9,23,0,8,0,0,1,4,1,8.73,1.0,0,0,"кликов за неделю 0 (за всё время 1), расход 0 ₽ (накоплено 9 ₽) — судить не о чем, наблюдаем"
watch,hold,874373546,4480,"Картридж W9025MC для принтеров HP LaserJet E72425, LJ E72430 черный",Эксперимент1,19.33,19.33,0.0,,,,,,справочная,46,0,0.0,0.0,0.0,,0.0,,0,0.0,0.0,,18.0000000000000000,46.0000000000000000,-28.0,16,-12,0,15,2,7,15,0,0,0,3,0,0.0,0.0,0,0,"кликов за неделю 0 (за всё время 0), расход 0 ₽ (накоплено 0 ₽) — судить не о чем, наблюдаем"
watch,hold,984583221,4583,"Лента DK-11201 29х90мм. для принтеров Brother QL-1050, QL 1060N, QL500, QL-500A, QL550, QL 560, QL 580N, QL650TD QL710 QL 720 QL 810W QL820NBW белый",Эксперимент1,14.5,14.5,0.0,,,,,,справочная,114,0,0.0,0.0,0.0,,0.0,,1,1.0,0.0,1.0,43.0000000000000000,38.0000000000000000,5.0,30,11,0,43,3,3,14,0,0,0,1,1,1.0,0.0,0,0,"кликов за неделю 0 (за всё время 1), расход 0 ₽ (накоплено 1 ₽) — судить не о чем, наблюдаем"
watch,hold,652456813,0329,"Картридж 178XL для принтеров HP PhotoSmart 7510, PhotoSmart 7520 фото-черный",от 0 до 1000,10.0,10.0,0.0,,,,,,справочная,37,0,0.0,0.0,0.0,,0.0,,0,0.0,0.0,,92.0000000000000000,102.0000000000000000,-10.0,40,-13,0,3044,33,0,9,0,0,0,3,0,0.0,0.0,0,0,"кликов за неделю 0 (за всё время 0), расход 0 ₽ (накоплено 0 ₽) — судить не о чем, наблюдаем"
watch,hold,1134976310,4951,"Картридж C-EXV47 для принтеров Canon и iR Advance C250, iR Advance C350 черный",от 2000 до 5000,12.0,12.0,0.0,,,,,,справочная,3,0,0.0,0.0,0.0,,0.0,,0,0.0,0.0,,109.0000000000000000,83.0000000000000000,26.0,6,-2,0,7,35,0,6,0,0,0,0,0,0.0,0.0,0,0,"кликов за неделю 0 (за всё время 0), расход 0 ₽ (накоплено 0 ₽) — судить не о чем, наблюдаем"
watch,hold,1153794925,2788,"Картридж 45862849 для принтеров OKI и MC 873, MC853 желтый",Эксперимент1,8.0,8.0,0.0,,,,,,справочная,17,0,0.0,0.0,0.0,,0.0,,1,6.58,0.0,6.6,33.0000000000000000,38.0000000000000000,-5.0,34,19,0,40,14,0,4,0,0,0,1,1,6.58,0.0,0,0,"кликов за неделю 0 (за всё время 1), расход 0 ₽ (накоплено 7 ₽) — судить не о чем, наблюдаем"
watch,hold,874374853,4275,"Картридж W2411A для принтеров HP Color LaserJet Pro M155a, Color LaserJet Pro M155nw голубой",Эксперимент1,10.0,10.0,0.0,,,,,,справочная,18,0,0.0,0.0,0.0,,0.0,,0,0.0,0.0,,96.0000000000000000,50.0000000000000000,46.0,10,-4,0,617,17,0,3,0,0,0,0,1,1.0,0.0,0,0,"кликов за неделю 0 (за всё время 1), расход 0 ₽ (накоплено 1 ₽) — судить не о чем, наблюдаем"
watch,hold,1146702724,5220,Фотобарабан DL-5126 для принтеров BM5106ADN черный,Вне РК — спрос без рекламы (08.08),21.96,21.96,0.0,,,,,,справочная,0,0,0,0,0,,,,0,0,0,,,,,0,0,0,0,,0,0,0,0,0,0,0,0,0,0,0,"кликов за неделю 0 (за всё время 0), расход 0 ₽ (накоплено 0 ₽) — судить не о чем, наблюдаем"
watch,hold,930624651,1684,"Картридж TK-7105 для принтеров Kyocera TASKalfa 3010i, TASKalfa 3011i черный",Вне РК — спрос без рекламы (08.08),21.96,21.96,0.0,,,,,,справочная,0,0,0,0,0,,,,0,0,0,,,,,0,0,0,0,,0,0,0,0,0,0,0,0,0,0,0,"кликов за неделю 0 (за всё время 0), расход 0 ₽ (накоплено 0 ₽) — судить не о чем, наблюдаем"
watch,hold,863393446,0171,"Картриджи CLP-300 для принтеров Samsung CLP-300N, CLX-2160, CLX 3160FN",Вне РК — спрос без рекламы (08.08),21.96,21.96,0.0,,,,,,справочная,0,0,0,0,0,,,,0,0,0,,,,,0,0,0,0,,0,0,0,0,0,0,0,0,0,0,0,"кликов за неделю 0 (за всё время 0), расход 0 ₽ (накоплено 0 ₽) — судить не о чем, наблюдаем"
watch,hold,930608689,2301,"Картридж 046H BK для принтеров Canon и i-SENSYS LBP MF730, LBPMF732Cdw черный",Эксперимент1,8.0,8.0,0.0,,,,,,справочная,31,0,0.0,0.0,0.0,,0.0,,1,7.43,0.0,7.4,107.0000000000000000,100.0000000000000000,7.0,9,6,0,3424,5,1,8,0,0,0,0,1,7.43,0.0,0,0,"кликов за неделю 0 (за всё время 1), расход 0 ₽ (накоплено 7 ₽) — судить не о чем, наблюдаем"
watch,hold,930608689,2301,"Картридж 046H BK для принтеров Canon и i-SENSYS LBP MF730, LBPMF732Cdw черный",от 2000 до 5000,12.0,12.0,0.0,,,,,,справочная,3,0,0.0,0.0,0.0,,0.0,,0,0.0,0.0,,107.0000000000000000,100.0000000000000000,7.0,9,6,0,3424,5,1,8,0,0,0,0,0,0.0,0.0,0,0,"кликов за неделю 0 (за всё время 0), расход 0 ₽ (накоплено 0 ₽) — судить не о чем, наблюдаем"
watch,hold,1153751231,2208,"Картридж iR40T для принтеров Citizen CX120, CX123, IR40T, IR50 черный",от 0 до 1000,10.0,10.0,0.0,,,,,,справочная,79,0,0.0,0.0,0.0,,0.0,,1,1.0,0.0,1.0,60.0000000000000000,92.0000000000000000,-32.0,74,-40,0,460,2,3,15,0,0,0,49,4,23.75,10.0,0,0,"кликов за неделю 0 (за всё время 4), расход 0 ₽ (накоплено 24 ₽) — судить не о чем, наблюдаем"
watch,hold,652692251,1450,"Картридж CLI-471XLY для принтеров Canon Pixma MG5740, Pixma MG6840 желтый",Эксперимент1,10.0,10.0,0.0,,,,,,справочная,62,0,0.0,0.0,0.0,,0.0,,1,9.76,0.0,9.8,82.0000000000000000,76.0000000000000000,6.0,29,6,0,60,30,0,14,0,0,0,0,3,29.40,0.0,0,0,"кликов за неделю 0 (за всё время 3), расход 0 ₽ (накоплено 29 ₽) — судить не о чем, наблюдаем"
watch,hold,1153696038,1793,"Картридж 44643002 для принтеров OKI C801, C821 пурпурный",Эксперимент1,9.0,9.0,0.0,,,,,,справочная,0,0,0,0,0,,,,0,0,0,,,,,0,0,0,0,,0,0,0,0,0,0,0,0,0,0,0,"кликов за неделю 0 (за всё время 0), расход 0 ₽ (накоплено 0 ₽) — судить не о чем, наблюдаем"
watch,hold,904484219,3967,"Картридж 46471106 для принтеров OKI Data C823, Data C833 пурпурный",Эксперимент1,14.5,14.5,0.0,,,,,,справочная,49,0,0.0,0.0,0.0,,0.0,,0,0.0,0.0,,215.0000000000000000,154.0000000000000000,61.0,10,9,0,6735,4,4,9,0,0,0,1,0,0.0,0.0,0,0,"кликов за неделю 0 (за всё время 0), расход 0 ₽ (накоплено 0 ₽) — судить не о чем, наблюдаем"
watch,hold,930623521,2286,"Картриджи 106R01634-106r01631 для принтеров Xerox Phaser 6000, Phaser 6010, WC6015",Вне РК — спрос без рекламы (08.08),21.96,21.96,0.0,,,,,,справочная,0,0,0,0,0,,,,0,0,0,,,,,0,0,0,0,,0,0,0,0,0,0,0,0,0,0,0,"кликов за неделю 0 (за всё время 0), расход 0 ₽ (накоплено 0 ₽) — судить не о чем, наблюдаем"
watch,hold,652692141,1447,"Картридж CLI-471XLC для принтеров Canon и Pixma MG5740, Pixma MG6840 голубой",Эксперимент1,9.0,9.0,0.0,,,,,,справочная,54,0,0.0,0.0,0.0,,0.0,,1,8.98,0.0,9.0,104.0000000000000000,85.0000000000000000,19.0,23,9,0,128,36,0,7,0,0,0,0,1,8.98,0.0,0,0,"кликов за неделю 0 (за всё время 1), расход 0 ₽ (накоплено 9 ₽) — судить не о чем, наблюдаем"
watch,hold,652462824,0948,"Картридж 950XL для принтеров HP OfficeJet Pro 251, OfficeJet Pro 276 dw черный",Эксперимент1,7.0,7.0,0.0,,,,,,справочная,40,0,0.0,0.0,0.0,,0.0,,0,0.0,0.0,,91.0000000000000000,137.0000000000000000,-46.0,15,-1,0,14,10,1,13,0,0,0,0,0,0.0,0.0,0,0,"кликов за неделю 0 (за всё время 0), расход 0 ₽ (накоплено 0 ₽) — судить не о чем, наблюдаем"
watch,hold,1153720555,1937,"Картридж T6945 для принтеров Epson SureColor SC-SC-T7200, SC T3000, SCT3200, SC-T5000, SCT5200, SC T7000 черный матовый",от 10000 до 500 тыс,19.33,19.33,0.0,,,,,,справочная,0,0,0,0,0,,,,0,0,0,,,,,0,0,0,0,,0,0,0,0,0,1,0,0.0,0.0,0,0,"кликов за неделю 0 (за всё время 0), расход 0 ₽ (накоплено 0 ₽) — судить не о чем, наблюдаем"
watch,hold,1220192459,5231,"Картридж 067H для принтеров Canon i-SENSYS LBP631CW, LBP633, MF651, MF651Cw пурпурный",Эксперимент1,8.0,8.0,0.0,,,,,,справочная,30,0,0.0,0.0,0.0,,0.0,,0,0.0,0.0,,92.0000000000000000,104.0000000000000000,-12.0,10,-1,0,6700,29,0,9,0,0,0,0,0,0.0,0.0,0,0,"кликов за неделю 0 (за всё время 0), расход 0 ₽ (накоплено 0 ₽) — судить не о чем, наблюдаем"
watch,hold,904483574,3536,"Картридж TN-910M для принтеров Brother и HL-L9310, MFC-L9570 пурпурный",Эксперимент1,14.5,14.5,0.0,,,,,,справочная,24,0,0.0,0.0,0.0,,0.0,,0,0.0,0.0,,76.0000000000000000,97.0000000000000000,-21.0,4,-1,0,3417,15,0,4,0,0,0,1,0,0.0,0.0,0,0,"кликов за неделю 0 (за всё время 0), расход 0 ₽ (накоплено 0 ₽) — судить не о чем, наблюдаем"
watch,hold,653324828,5341,Картридж MLT-D119S для принтеров Samsung ML1610 ML1615 ML1620 ML 1625 ML2010 ML2015 и ML2020 ML 2510 ML2570 ML 2571 SCX 4321 SCX 4521,Эксперимент1,8.0,8.0,0.0,,,,,,справочная,27,0,0.0,0.0,0.0,,0.0,,0,0.0,0.0,,172.0000000000000000,69.0000000000000000,103.0,11,-9,0,3415,15,0,11,0,0,0,1,0,0.0,0.0,0,0,"кликов за неделю 0 (за всё время 0), расход 0 ₽ (накоплено 0 ₽) — судить не о чем, наблюдаем"
watch,hold,904483837,3893,"Картридж LC-3239XLM для принтеров Brother HL-J6000DW, MFC-J5945DW, MFC J6945 пурпурный",Эксперимент1,8.0,8.0,0.0,,,,,,справочная,138,0,0.0,0.0,0.0,,0.0,,0,0.0,0.0,,68.0000000000000000,31.0000000000000000,37.0,4,0,0,4,,0,0,0,0,0,0,0,0.0,0.0,0,0,"кликов за неделю 0 (за всё время 0), расход 0 ₽ (накоплено 0 ₽) — судить не о чем, наблюдаем"
watch,hold,873320437,3894,"Картридж LC-3239XLY для принтеров Brother HL-J6000DW, MFC-J5945DW, MFC J6945 желтый",Эксперимент1,9.0,9.0,0.0,,,,,,справочная,33,0,0.0,0.0,0.0,,0.0,,0,0.0,0.0,,73.0000000000000000,56.0000000000000000,17.0,4,-3,0,4,,0,0,0,0,0,0,0,0.0,0.0,0,0,"кликов за неделю 0 (за всё время 0), расход 0 ₽ (накоплено 0 ₽) — судить не о чем, наблюдаем"
watch,hold,863431258,0249,"Картридж TN-2275 для принтеров Brother DCP-7070DWR, FAX-2845, FAX 2940R, HL-2230, HL2240DR, HL2250DNR, HL 2270, MFC-7360NR, MFC-7860DWR DCP-7057R DCP7060DR",Эксперимент1,8.0,8.0,0.0,,,,,,справочная,1,0,0.0,0.0,0.0,,0.0,,0,0.0,0.0,,117.0000000000000000,83.0000000000000000,34.0,19,7,0,24,37,0,4,0,0,0,2,0,0.0,0.0,0,0,"кликов за неделю 0 (за всё время 0), расход 0 ₽ (накоплено 0 ₽) — судить не о чем, наблюдаем"
watch,hold,863431258,0249,"Картридж TN-2275 для принтеров Brother DCP-7070DWR, FAX-2845, FAX 2940R, HL-2230, HL2240DR, HL2250DNR, HL 2270, MFC-7360NR, MFC-7860DWR DCP-7057R DCP7060DR",от 1000-2000,12.0,12.0,0.0,,,,,,справочная,16,0,0.0,0.0,0.0,,0.0,,0,0.0,0.0,,117.0000000000000000,83.0000000000000000,34.0,19,7,0,24,37,0,4,0,0,0,2,0,0.0,0.0,0,0,"кликов за неделю 0 (за всё время 0), расход 0 ₽ (накоплено 0 ₽) — судить не о чем, наблюдаем"
watch,hold,873313404,3626,"Картриджи №140-141 для принтеров HP DeskJet D4260, DeskJetD4263, OfficeJet J5730",от 2000 до 5000,12.0,12.0,0.0,,,,,,справочная,57,0,0.0,0.0,0.0,,0.0,,2,18.69,0.0,9.3,97.0000000000000000,39.0000000000000000,58.0,84,-92,0,3649,13,0,15,0,0,0,2,10,113.52,0.0,0,1,"кликов за неделю 0 (за всё время 10), расход 0 ₽ (накоплено 114 ₽) — судить не о чем, наблюдаем"
watch,hold,652456884,2184,"Картридж 953XLC для принтеров HP OfficeJet Pro 7720, OfficeJet Pro 7730 голубой",Эксперимент1,11.72,11.72,0.0,,,,,,справочная,74,0,0.0,0.0,0.0,,0.0,,0,0.0,0.0,,101.0000000000000000,95.0000000000000000,6.0,12,-5,0,14,39,0,12,0,0,0,6,0,0.0,0.0,0,0,"кликов за неделю 0 (за всё время 0), расход 0 ₽ (накоплено 0 ₽) — судить не о чем, наблюдаем"
watch,hold,870872528,2430,Картриджи MPC2503 для принтеров Ricoh Aficio MPC2003,от 10000 до 500 тыс,24.16,24.16,0.0,,,,,,справочная,46,0,0.0,0.0,0.0,,0.0,,1,26.34,0.0,26.3,,53.0000000000000000,,0,-20,0,0,,0,0,1,12612.0000,0,5,1,26.34,0.0,0,0,"кликов за неделю 0 (за всё время 1), расход 0 ₽ (накоплено 26 ₽) — судить не о чем, наблюдаем"
watch,hold,930624154,1961,"Картридж C-EXV29Bk для принтеров Canon ImageRunner Advance C5235, iR Advance C5030 черный",от 5000 до 10000,12.0,12.0,0.0,,,,,,справочная,6,0,0.0,0.0,0.0,,0.0,,1,16.86,0.0,16.9,101.0000000000000000,172.0000000000000000,-71.0,12,8,0,35,16,0,5,0,0,0,0,1,16.86,0.0,0,0,"кликов за неделю 0 (за всё время 1), расход 0 ₽ (накоплено 17 ₽) — судить не о чем, наблюдаем"
watch,hold,653449243,2136,"Картридж TK-5240C для принтеров Kyocera Ecosys M5526cdn, P5026cdn голубой",Эксперимент1,8.0,8.0,0.0,,,,,,справочная,21,0,0.0,0.0,0.0,,0.0,,0,0.0,0.0,,111.0000000000000000,123.0000000000000000,-12.0,5,-3,0,9,11,0,4,0,0,0,0,0,0.0,0.0,0,0,"кликов за неделю 0 (за всё время 0), расход 0 ₽ (накоплено 0 ₽) — судить не о чем, наблюдаем"
watch,hold,653139604,0591,"Картридж LC-1000BK для принтеров DCP-350C, DCP-130C, DCP 150C, MFC-230C, MFC 235C",Эксперимент1,6.0,6.0,0.0,,,,,,справочная,17,0,0.0,0.0,0.0,,0.0,,0,0.0,0.0,,54.0000000000000000,60.0000000000000000,-6.0,57,7,0,3488,2,5,15,0,0,0,2,0,0.0,0.0,0,0,"кликов за неделю 0 (за всё время 0), расход 0 ₽ (накоплено 0 ₽) — судить не о чем, наблюдаем"
watch,hold,873313903,3535,"Картридж TN-910C для принтеров Brother и HL-L9310, MFC-L9570 голубой",Эксперимент1,19.33,19.33,0.0,,,,,,справочная,43,0,0.0,0.0,0.0,,0.0,,0,0.0,0.0,,93.0000000000000000,36.0000000000000000,57.0,6,-3,0,5,12,0,6,0,0,0,1,0,0.0,0.0,0,0,"кликов за неделю 0 (за всё время 0), расход 0 ₽ (накоплено 0 ₽) — судить не о чем, наблюдаем"
watch,hold,1220194240,5229,"Картридж 067H для принтеров Canon i-SENSYS LBP631CW, LBP633, MF651, MF651Cw черный",Эксперимент1,12.0,12.0,0.0,,,,,,справочная,0,0,0,0,0,,,,0,0,0,,,,,0,0,0,0,,0,0,0,0,0,1,0,0,0,0,0,"кликов за неделю 0 (за всё время 0), расход 0 ₽ (накоплено 0 ₽) — судить не о чем, наблюдаем"
watch,hold,930631834,0872,"Картридж TK-590C для принтеров Kyocera и EcoSys M6026cdn, M6526cdn, FS-C2026, FS-C2126, FSC2526, FS C2626 голубой",Эксперимент1,8.0,8.0,0.0,,,,,,справочная,20,0,0.0,0.0,0.0,,0.0,,0,0.0,0.0,,98.0000000000000000,50.0000000000000000,48.0,16,3,0,7059,31,0,9,0,0,0,0,0,0.0,0.0,0,0,"кликов за неделю 0 (за всё время 0), расход 0 ₽ (накоплено 0 ₽) — судить не о чем, наблюдаем"
watch,hold,930637839,2239,"Картриджи TN-325 для принтеров Brother DCP-9055, DCP 9270, HL-4140, HL4150, HL-4570 cdw, MFC-9460, MFC9465 CDN",Эксперимент1,11.0,11.0,0.0,,,,,,справочная,13,0,0.0,0.0,0.0,,0.0,,0,0.0,0.0,,79.0000000000000000,49.0000000000000000,30.0,13,-8,0,18,5,1,12,0,0,0,1,0,0.0,0.0,0,0,"кликов за неделю 0 (за всё время 0), расход 0 ₽ (накоплено 0 ₽) — судить не о чем, наблюдаем"
watch,hold,873313620,3363,Картридж TK-8525C для принтеров Kyocera и Taskalfa 4052ci голубой,от 2000 до 5000,12.0,12.0,0.0,,,,,,справочная,1,0,0.0,0.0,0.0,,0.0,,0,0.0,0.0,,37.0000000000000000,437.0000000000000000,-400.0,2,-1,0,2,,0,0,0,0,0,0,0,0.0,0.0,0,0,"кликов за неделю 0 (за всё время 0), расход 0 ₽ (накоплено 0 ₽) — судить не о чем, наблюдаем"
watch,hold,874377460,4292,"Картридж W2030X для принтеров HP Color LaserJet Enterprise M454dn, LJ Pro M454dw, M480f, M479dw, M479fdw черный",Эксперимент1,12.89,12.89,0.0,,,,,,справочная,19,0,0.0,0.0,0.0,,0.0,,0,0.0,0.0,,127.0000000000000000,81.0000000000000000,46.0,48,27,0,205,2,4,15,0,0,1,2,0,0.0,0.0,0,0,"кликов за неделю 0 (за всё время 0), расход 0 ₽ (накоплено 0 ₽) — судить не о чем, наблюдаем"
watch,hold,874377460,4292,"Картридж W2030X для принтеров HP Color LaserJet Enterprise M454dn, LJ Pro M454dw, M480f, M479dw, M479fdw черный",от 2000 до 5000,19.33,19.33,0.0,,,,,,справочная,23,0,0.0,0.0,0.0,,0.0,,0,0.0,0.0,,127.0000000000000000,81.0000000000000000,46.0,48,27,0,205,2,4,15,0,0,1,2,0,0.0,0.0,0,0,"кликов за неделю 0 (за всё время 0), расход 0 ₽ (накоплено 0 ₽) — судить не о чем, наблюдаем"
watch,hold,1233358384,0007,Картриджи S051161-S051158 для принтеров Epson AcuLaser C2800N,Эксперимент1,8.0,8.0,0.0,,,,,,справочная,6,0,0.0,0.0,0.0,,0.0,,0,0.0,0.0,,,32.0000000000000000,,0,-8,0,0,,0,0,0,0,0,0,0,0.0,0.0,0,0,"кликов за неделю 0 (за всё время 0), расход 0 ₽ (накоплено 0 ₽) — судить не о чем, наблюдаем"
watch,hold,1233358384,0007,Картриджи S051161-S051158 для принтеров Epson AcuLaser C2800N,от 10000 до 500 тыс,12.0,12.0,0.0,,,,,,справочная,2,0,0.0,0.0,0.0,,0.0,,0,0.0,0.0,,,32.0000000000000000,,0,-8,0,0,,0,0,0,0,0,0,0,0.0,0.0,0,0,"кликов за неделю 0 (за всё время 0), расход 0 ₽ (накоплено 0 ₽) — судить не о чем, наблюдаем"
watch,hold,652524483,0295,"Картридж T0485 для принтеров Epson Stylus Photo R200, Stylus Photo R220 светло-голубой",Эксперимент1,6.0,6.0,0.0,,,,,,справочная,53,0,0.0,0.0,0.0,,0.0,,0,0.0,0.0,,89.0000000000000000,72.0000000000000000,17.0,15,-3,0,25,7,1,13,0,0,0,1,1,5.84,0.0,0,0,"кликов за неделю 0 (за всё время 1), расход 0 ₽ (накоплено 6 ₽) — судить не о чем, наблюдаем"
watch,hold,1143062239,5130,Фотобарабан C612 для принтеров OKI Data C612 голубой,Эксперимент1,9.0,9.0,0.0,,,,,,справочная,0,0,0,0,0,,,,0,0,0,,,,,0,0,0,0,,0,0,0,0,0,1,0,0,0,0,0,"кликов за неделю 0 (за всё время 0), расход 0 ₽ (накоплено 0 ₽) — судить не о чем, наблюдаем"
watch,hold,873320540,3781,"Картридж CF218XL для принтеров HP LaserJet M133, LJ Pro M103, LJ Pro M104 черный",Эксперимент1,8.0,8.0,0.0,,,,,,справочная,23,0,0.0,0.0,0.0,,0.0,,0,0.0,0.0,,98.0000000000000000,81.0000000000000000,17.0,7,0,0,8,65,0,4,0,0,0,0,1,7.7,0.0,0,0,"кликов за неделю 0 (за всё время 1), расход 0 ₽ (накоплено 8 ₽) — судить не о чем, наблюдаем"
watch,hold,873320540,3781,"Картридж CF218XL для принтеров HP LaserJet M133, LJ Pro M103, LJ Pro M104 черный",от 2000 до 5000,13.0,13.0,0.0,,,,,,справочная,4,0,0.0,0.0,0.0,,0.0,,0,0.0,0.0,,98.0000000000000000,81.0000000000000000,17.0,7,0,0,8,65,0,4,0,0,0,0,0,0.0,0.0,0,0,"кликов за неделю 0 (за всё время 0), расход 0 ₽ (накоплено 0 ₽) — судить не о чем, наблюдаем"
watch,hold,652463361,53416,"Картридж для Samsung ML-2510, ML-2570, ML 2571, SCX-4321, SCX4521, ML-1610, ML1615, ML 1620, ML 2010 ML2015",Эксперимент1,8.0,8.0,0.0,,,,,,справочная,22,0,0.0,0.0,0.0,,0.0,,0,0.0,0.0,,97.0000000000000000,71.0000000000000000,26.0,14,-4,0,6825,23,0,13,0,0,0,0,0,0.0,0.0,0,0,"кликов за неделю 0 (за всё время 0), расход 0 ₽ (накоплено 0 ₽) — судить не о чем, наблюдаем"
watch,hold,930625931,0907,Картридж DS T0541 Epson фото-черный совместимый,от 0 до 1000,10.0,10.0,0.0,,,,,,справочная,18,0,0.0,0.0,0.0,,0.0,,0,0.0,0.0,,63.0000000000000000,36.0000000000000000,27.0,15,7,0,1672,4,3,13,0,0,0,1,0,0.0,0.0,0,0,"кликов за неделю 0 (за всё время 0), расход 0 ₽ (накоплено 0 ₽) — судить не о чем, наблюдаем"
watch,hold,653041342,0250,Фотобарабан DR-2275 DU для принтеров Brother DCP-7057 черный,Эксперимент1,8.0,8.0,0.0,15.0,7.0,19.0,2681.0,0.04,справочная,21,0,0.0,0.0,0.0,,0.0,,0,0.0,0.0,,75.0000000000000000,63.0000000000000000,12.0,13,1,0,133,12,0,9,0,0,0,0,0,0.0,0.0,0,0,"кликов за неделю 0 (за всё время 0), расход 0 ₽ (накоплено 0 ₽) — судить не о чем, наблюдаем"
watch,hold,1261466566,4702,"Картридж №761 для принтеров HP DesignJet T7100, DJ T7200 серый",Эксперимент1,12.89,12.89,0.0,37.6,24.7,13.5,22140.0,0.02,справочная,94,0,0.0,0.0,0.0,,0.0,,1,8.66,1.0,8.7,27.0000000000000000,194.0000000000000000,-167.0,71,58,21246,3650,7,1,13,0,0,1,1,2,15.35,1.0,0,0,"кликов за неделю 0 (за всё время 2), расход 0 ₽ (накоплено 15 ₽) — судить не о чем, наблюдаем"
watch,hold,873319935,3873,"Картридж C250 Bk для принтеров Ricoh и M-C250FWB, P-C300W черный",от 5000 до 10000,12.0,12.0,0.0,28.5,16.5,17.2,7799.0,0.03,справочная,14,0,0.0,0.0,0.0,,0.0,,0,0.0,0.0,,147.0000000000000000,62.0000000000000000,85.0,20,9,0,13425,6,2,5,0,0,0,0,0,0.0,0.0,0,0,"кликов за неделю 0 (за всё время 0), расход 0 ₽ (накоплено 0 ₽) — судить не о чем, наблюдаем"
watch,hold,651943716,0196,"Картридж 130 для принтеров HP PhotoSmart C2573, PhotoSmart C2673, PhotoSmart D5063, PhotoSmart D5145, OfficeJet K7103, PhotoSmart 2573, PhotoSmart 2575, DeskJet 460wbt, DeskJet 5743, OfficeJet 6213",от 2000 до 5000,12.0,12.0,0.0,19.8,7.8,20.6,3179.0,0.04,справочная,28,0,0.0,0.0,0.0,,0.0,,1,13.47,0.0,13.5,117.0000000000000000,97.0000000000000000,20.0,35,27,0,3443,5,1,15,0,0,0,0,1,13.47,0.0,0,0,"кликов за неделю 0 (за всё время 1), расход 0 ₽ (накоплено 13 ₽) — судить не о чем, наблюдаем"
watch,hold,651919804,0211,Картридж CE313A пурпурный,Эксперимент1,12.89,12.89,0.0,14.4,1.5,20.8,2283.0,0.04,справочная,24,0,0.0,0.0,0.0,,0.0,,0,0.0,0.0,,83.0000000000000000,,,4,1,0,4,,0,0,0,0,0,1,0,0.0,0.0,0,0,"кликов за неделю 0 (за всё время 0), расход 0 ₽ (накоплено 0 ₽) — судить не о чем, наблюдаем"
watch,hold,651927614,16661,"Картридж для HP LaserJet Pro M203dn, i-SENSYS LBP162dw, i SENSYS MF264dw, iSENSYS MF267dw, LJ Pro M203dw, LJ Ultra M230sdn",от 0 до 1000,12.0,12.0,0.0,11.9,-0.1,16.1,2675.0,0.04,справочная,25,0,0.0,0.0,0.0,,0.0,,2,2.0,0.0,1.0,66.0000000000000000,49.0000000000000000,17.0,49,4,0,2920,6,1,15,0,0,0,4,2,2.0,0.0,0,0,"кликов за неделю 0 (за всё время 2), расход 0 ₽ (накоплено 2 ₽) — судить не о чем, наблюдаем"
watch,hold,652454641,2195,"Картридж CF244A для принтеров HP LaserJet Pro M15, LJ Pro M16 черный",Эксперимент1,8.0,8.0,0.0,18.4,10.4,20.3,3005.0,0.04,справочная,48,0,0.0,0.0,0.0,,0.0,,0,0.0,0.0,,62.0000000000000000,125.0000000000000000,-63.0,7,4,0,6,13,0,6,0,0,0,0,0,0.0,0.0,0,0,"кликов за неделю 0 (за всё время 0), расход 0 ₽ (накоплено 0 ₽) — судить не о чем, наблюдаем"
watch,hold,652456639,1190,"Картридж CF226A для принтеров HP LaserJet Pro M402d, LJ Pro M402dn черный",Вне РК — спрос без рекламы (08.08),21.96,21.96,0.0,16.9,-5.1,18.8,3059.0,0.04,справочная,0,0,0,0,0,,,,0,0,0,,,,,0,0,0,0,,0,0,0,0,0,0,0,0,0,0,0,"кликов за неделю 0 (за всё время 0), расход 0 ₽ (накоплено 0 ₽) — судить не о чем, наблюдаем"
watch,hold,652454503,3571,"Картридж W1335X для принтеров HP LaserJet M438n, LJ M440, LJ-M442dn, LJM443nda черный",Эксперимент1,12.89,12.89,0.0,19.4,6.5,16.7,5532.0,0.03,справочная,14,0,0.0,0.0,0.0,,0.0,,0,0.0,0.0,,84.0000000000000000,63.0000000000000000,21.0,44,25,0,3484,3,1,10,0,0,1,1,0,0.0,0.0,0,0,"кликов за неделю 0 (за всё время 0), расход 0 ₽ (накоплено 0 ₽) — судить не о чем, наблюдаем"
watch,hold,652454503,3571,"Картридж W1335X для принтеров HP LaserJet M438n, LJ M440, LJ-M442dn, LJM443nda черный",от 2000 до 5000,19.33,19.33,0.0,19.4,0.1,16.7,5532.0,0.03,справочная,13,0,0.0,0.0,0.0,,0.0,,0,0.0,0.0,,84.0000000000000000,63.0000000000000000,21.0,44,25,0,3484,3,1,10,0,0,1,1,0,0.0,0.0,0,0,"кликов за неделю 0 (за всё время 0), расход 0 ₽ (накоплено 0 ₽) — судить не о чем, наблюдаем"
watch,hold,652802423,3048,"Картридж CLI-481XXLC для принтеров Canon Pixma TR7540, Pixma TR8540 голубой",от 0 до 1000,13.0,13.0,0.0,4.1,-8.9,12.5,909.0,0.06,справочная,23,0,0.0,0.0,0.0,,0.0,,0,0.0,0.0,,53.0000000000000000,106.0000000000000000,-53.0,20,1,0,44,4,1,15,0,0,0,1,0,0.0,0.0,0,0,"кликов за неделю 0 (за всё время 0), расход 0 ₽ (накоплено 0 ₽) — судить не о чем, наблюдаем"
watch,hold,652603172,0135,"Картридж CLI-8BK для принтеров Canon Pixma iP3300, PixmaiP3500, Pro9000 Mark II черный",от 0 до 1000,12.0,12.0,0.0,3.6,-8.4,12.9,762.0,0.06,справочная,86,0,0.0,0.0,0.0,,0.0,,1,15.72,0.0,15.7,37.0000000000000000,47.0000000000000000,-10.0,67,5,0,111,2,4,13,0,0,0,2,1,15.72,0.0,0,0,"кликов за неделю 0 (за всё время 1), расход 0 ₽ (накоплено 16 ₽) — судить не о чем, наблюдаем"
watch,hold,652576734,1503,"Картридж PGI-525BK для принтеров Canon и Pixma iP4850, PixmaiP4950 черный",от 0 до 1000,11.0,11.0,0.0,0.0,-11.0,-31.4,511.0,0.06,справочная,56,0,0.0,0.0,0.0,,0.0,,3,15.88,0.0,5.3,41.0000000000000000,67.0000000000000000,-26.0,72,2,0,107,8,1,15,0,0,0,3,5,32.06,0.0,0,0,"кликов за неделю 0 (за всё время 5), расход 0 ₽ (накоплено 32 ₽) — судить не о чем, наблюдаем"
watch,hold,652576872,0019,"Картридж EP-27 для принтеров Canon i-SENSYS MF3228, MF 5530, MF 5550",Вне РК — спрос без рекламы (08.08),21.96,21.96,0.0,19.7,-2.3,18.9,3544.0,0.04,справочная,0,0,0,0,0,,,,0,0,0,,,,,0,0,0,0,,0,0,0,0,0,0,0,0,0,0,0,"кликов за неделю 0 (за всё время 0), расход 0 ₽ (накоплено 0 ₽) — судить не о чем, наблюдаем"
watch,hold,652576781,0823,"Картридж PGI-450PGBK для принтеров Canon Pixma iP7240, Pixma iP8740 черный",от 0 до 1000,10.0,10.0,0.0,3.8,-6.2,12.7,818.0,0.06,справочная,42,0,0.0,0.0,0.0,,0.0,,0,0.0,0.0,,76.0000000000000000,54.0000000000000000,22.0,42,7,0,43,16,0,15,0,0,0,1,0,0.0,0.0,0,0,"кликов за неделю 0 (за всё время 0), расход 0 ₽ (накоплено 0 ₽) — судить не о чем, наблюдаем"
watch,hold,652549173,1489,"Картридж PGI-2400XLM для принтеров Canon и MAXIFY iB4040, iB4140, MB5040, MB5140 пурпурный",Эксперимент1,7.0,7.0,0.0,7.4,0.4,17.1,1226.0,0.05,справочная,14,0,0.0,0.0,0.0,,0.0,,1,7.0,0.0,7.0,59.0000000000000000,84.0000000000000000,-25.0,14,0,0,13,3,2,14,0,0,0,0,1,7.0,0.0,0,0,"кликов за неделю 0 (за всё время 1), расход 0 ₽ (накоплено 7 ₽) — судить не о чем, наблюдаем"
watch,hold,652801866,2403,"Картридж TK-5270Y для принтеров Kyocera и EcoSys M6230cidn, M6630cidn желтый",Эксперимент1,8.0,8.0,0.0,24.1,16.1,20.2,3969.0,0.04,справочная,24,0,0.0,0.0,0.0,,0.0,,0,0.0,0.0,,68.0000000000000000,60.0000000000000000,8.0,8,-1,0,3400,19,0,6,0,0,0,0,0,0.0,0.0,0,0,"кликов за неделю 0 (за всё время 0), расход 0 ₽ (накоплено 0 ₽) — судить не о чем, наблюдаем"
watch,hold,653132938,1232,"Картридж LC569XLBK для принтеров Brother MFC-J3520, MFC-J3720",Эксперимент1,9.0,9.0,0.0,7.6,-1.4,16.8,1295.0,0.05,справочная,62,0,0.0,0.0,0.0,,0.0,,1,9.13,0.0,9.1,29.0000000000000000,70.0000000000000000,-41.0,46,2,0,233,4,3,15,0,0,0,8,1,9.13,0.0,0,0,"кликов за неделю 0 (за всё время 1), расход 0 ₽ (накоплено 9 ₽) — судить не о чем, наблюдаем"
watch,hold,653133238,0598,"Картридж LC-1100Y для принтеров Brother DCP-145C, DCP 163C, MFC-250C, MFC290C желтый",от 0 до 1000,10.0,10.0,0.0,1.6,-8.4,8.7,707.0,0.06,справочная,20,0,0.0,0.0,0.0,,0.0,,0,0.0,0.0,,109.0000000000000000,103.0000000000000000,6.0,18,8,0,33,60,0,4,0,0,0,2,0,0.0,0.0,0,0,"кликов за неделю 0 (за всё время 0), расход 0 ₽ (накоплено 0 ₽) — судить не о чем, наблюдаем"
watch,hold,653078688,2315,"Картридж TN-1095 для принтеров Brother DCP-1602, HL-1202 черный",Эксперимент1,7.0,7.0,0.0,13.4,6.4,20.8,1693.0,0.05,справочная,9,0,0.0,0.0,0.0,,0.0,,0,0.0,0.0,,170.0000000000000000,68.0000000000000000,102.0,7,-8,0,3424,80,0,2,0,0,0,1,0,0.0,0.0,0,0,"кликов за неделю 0 (за всё время 0), расход 0 ₽ (накоплено 0 ₽) — судить не о чем, наблюдаем"
watch,hold,653076887,3109,"Картридж LC-3619XL BK для принтеров Brother MFC-J2330, MFC J2730 черный",Эксперимент1,7.0,7.0,0.0,13.2,6.2,19.1,1874.0,0.05,справочная,39,0,0.0,0.0,0.0,,0.0,,0,0.0,0.0,,60.0000000000000000,54.0000000000000000,6.0,13,-3,0,3336,16,0,11,0,0,0,0,0,0.0,0.0,0,0,"кликов за неделю 0 (за всё время 0), расход 0 ₽ (накоплено 0 ₽) — судить не о чем, наблюдаем"
watch,hold,653062552,3432,"Картридж TN-217C для принтеров Brother DCP-L3550CDW, HL-L3230CDW, hl-l3270cdw, MFC-L3770CDW голубой",Эксперимент1,9.0,9.0,0.0,17.7,8.7,19.8,2990.0,0.04,справочная,33,0,0.0,0.0,0.0,,0.0,,0,0.0,0.0,,51.0000000000000000,50.0000000000000000,1.0,18,-9,0,275,31,0,5,0,0,0,2,0,0.0,0.0,0,0,"кликов за неделю 0 (за всё время 0), расход 0 ₽ (накоплено 0 ₽) — судить не о чем, наблюдаем"
watch,hold,653325369,1328,"Картридж CLT-K404S для принтеров Samsung SL-C480W, SL-C430, SL C430W, SLC480",Эксперимент1,14.5,14.5,0.0,21.0,6.5,22.4,3017.0,0.04,справочная,121,0,0.0,0.0,0.0,,0.0,,0,0.0,0.0,,121.0000000000000000,72.0000000000000000,49.0,17,10,0,6827,18,0,15,0,0,0,4,0,0.0,0.0,0,0,"кликов за неделю 0 (за всё время 0), расход 0 ₽ (накоплено 0 ₽) — судить не о чем, наблюдаем"
watch,hold,653501877,0710,"Картридж AR016LT для принтеров Sharp и AR-5015, AR 5020, AR5120, AR-5220, AR5316, AR 5320, OfficeCenter 316, OfficeCenter 318 черный",Вне РК — спрос без рекламы (08.08),21.96,21.96,0.0,24.9,2.9,16.9,6974.0,0.03,справочная,0,0,0,0,0,,,,0,0,0,,,,,0,0,0,0,,0,0,0,0,0,0,0,0,0,0,0,"кликов за неделю 0 (за всё время 0), расход 0 ₽ (накоплено 0 ₽) — судить не о чем, наблюдаем"
watch,hold,653382718,3351,"Картридж SP-230H для принтеров Ricoh Aficio SP 230SFNw, SP 230FNw, 230DNw",от 1000-2000,19.33,19.33,0.0,16.9,-2.4,20.8,2681.0,0.04,справочная,6,0,0.0,0.0,0.0,,0.0,,0,0.0,0.0,,48.0000000000000000,87.0000000000000000,-39.0,17,7,0,22,2,5,15,0,0,0,1,0,0.0,0.0,0,0,"кликов за неделю 0 (за всё время 0), расход 0 ₽ (накоплено 0 ₽) — судить не о чем, наблюдаем"
watch,hold,653452954,2413,"Картридж TK-8115M для принтеров Kyocera и Ecosys M8124cidn, M8130cidn пурпурный",Эксперимент1,10.0,10.0,0.0,22.4,12.4,19.2,3942.0,0.04,справочная,35,0,0.0,0.0,0.0,,0.0,,0,0.0,0.0,,91.0000000000000000,104.0000000000000000,-13.0,22,-7,0,3500,13,0,15,0,0,2,6,0,0.0,0.0,0,0,"кликов за неделю 0 (за всё время 0), расход 0 ₽ (накоплено 0 ₽) — судить не о чем, наблюдаем"
watch,hold,653450900,2414,"Картридж TK-8115Y для принтеров Kyocera и Ecosys M8124cidn, M8130cidn желтый",Эксперимент1,16.1,16.1,0.0,22.4,6.3,19.2,3942.0,0.04,справочная,64,0,0.0,0.0,0.0,,0.0,,0,0.0,0.0,,86.0000000000000000,60.0000000000000000,26.0,15,-7,0,29,26,0,4,0,0,3,10,0,0.0,0.0,0,0,"кликов за неделю 0 (за всё время 0), расход 0 ₽ (накоплено 0 ₽) — судить не о чем, наблюдаем"
watch,hold,653462769,1718,"Картридж TK-1150 для принтеров Kyocera EcoSys M2735dw, P2235dn, M2135dn, M2635dn",Вне РК — спрос без рекламы (08.08),15.0,15.0,0.0,9.6,-5.4,16.1,1732.0,0.05,справочная,0,0,0,0,0,,,,0,0,0,,,,,0,0,0,0,,0,0,0,0,0,0,0,0,0,0,0,"кликов за неделю 0 (за всё время 0), расход 0 ₽ (накоплено 0 ₽) — судить не о чем, наблюдаем"
watch,hold,930606209,0437,Картридж 713 для принтеров Canon i-SENSYS LBP-3250 черный,Эксперимент1,8.0,8.0,0.0,10.5,2.5,16.9,2196.0,0.04,справочная,8,0,0.0,0.0,0.0,,0.0,,0,0.0,0.0,,280.0000000000000000,156.0000000000000000,124.0,4,-2,0,1097,35,0,4,0,0,0,0,0,0.0,0.0,0,0,"кликов за неделю 0 (за всё время 0), расход 0 ₽ (накоплено 0 ₽) — судить не о чем, наблюдаем"
watch,hold,930606209,0437,Картридж 713 для принтеров Canon i-SENSYS LBP-3250 черный,от 1000-2000,12.0,12.0,0.0,10.5,-1.5,16.9,2196.0,0.04,справочная,9,0,0.0,0.0,0.0,,0.0,,0,0.0,0.0,,280.0000000000000000,156.0000000000000000,124.0,4,-2,0,1097,35,0,4,0,0,0,0,0,0.0,0.0,0,0,"кликов за неделю 0 (за всё время 0), расход 0 ₽ (накоплено 0 ₽) — судить не о чем, наблюдаем"
watch,hold,863387594,0060,"Картридж для Canon i-SENSYS MF-411dw, MF-416dw, MF 418x, MF419x, MF-5840d, MF 5880dn, MF 5940dn, MF5980dw, MF6180dw, LBP-251dw, LBP252dw",от 2000 до 5000,12.0,12.0,0.0,46.4,34.4,38.5,3463.0,0.04,справочная,52,0,0.0,0.0,0.0,,0.0,,0,0.0,0.0,,128.0000000000000000,83.0000000000000000,45.0,25,-14,0,50,9,1,5,0,0,0,5,0,0.0,0.0,0,0,"кликов за неделю 0 (за всё время 0), расход 0 ₽ (накоплено 0 ₽) — судить не о чем, наблюдаем"
watch,hold,863390858,3621,"Картриджи 731 для принтеров Canon i-SENSYS LBP-7100Cn, LBP 7110, MF623cn, MF628cw, MF8230cn, MF8280cw",Эксперимент1,12.89,12.89,0.0,46.7,33.8,20.6,9986.0,0.03,справочная,58,0,0.0,0.0,0.0,,0.0,,2,8.88,1.0,4.4,,53.0000000000000000,,0,-87,0,0,,0,0,0,0,1,9,2,8.88,1.0,0,0,"кликов за неделю 0 (за всё время 2), расход 0 ₽ (накоплено 9 ₽) — судить не о чем, наблюдаем"
watch,hold,863390858,3621,"Картриджи 731 для принтеров Canon i-SENSYS LBP-7100Cn, LBP 7110, MF623cn, MF628cw, MF8230cn, MF8280cw",от 5000 до 10000,19.33,19.33,0.0,46.7,27.4,20.6,9986.0,0.03,справочная,33,0,0.0,0.0,0.0,,0.0,,0,0.0,0.0,,,53.0000000000000000,,0,-87,0,0,,0,0,0,0,1,9,2,29.10,0.0,0,0,"кликов за неделю 0 (за всё время 2), расход 0 ₽ (накоплено 29 ₽) — судить не о чем, наблюдаем"
watch,hold,930614051,0119,"Картридж TK-130 для принтеров Kyocera FS-1128MFP, FS-1300D, FS1350DN",Эксперимент1,8.0,8.0,0.0,11.9,3.9,19.3,2086.0,0.04,справочная,14,0,0.0,0.0,0.0,,0.0,,0,0.0,0.0,,142.0000000000000000,45.0000000000000000,97.0,13,2,0,1049,7,1,4,0,0,0,1,0,0.0,0.0,0,0,"кликов за неделю 0 (за всё время 0), расход 0 ₽ (накоплено 0 ₽) — судить не о чем, наблюдаем"
watch,hold,930614051,0119,"Картридж TK-130 для принтеров Kyocera FS-1128MFP, FS-1300D, FS1350DN",от 1000-2000,13.0,13.0,0.0,11.9,-1.1,19.3,2086.0,0.04,справочная,11,0,0.0,0.0,0.0,,0.0,,0,0.0,0.0,,142.0000000000000000,45.0000000000000000,97.0,13,2,0,1049,7,1,4,0,0,0,1,0,0.0,0.0,0,0,"кликов за неделю 0 (за всё время 0), расход 0 ₽ (накоплено 0 ₽) — судить не о чем, наблюдаем"
watch,hold,930642100,0173,Картриджи 106R01335-106R01338 для принтеров Xerox Phaser 6125N,от 2000 до 5000,17.0,17.0,0.0,13.1,-3.9,12.6,5761.0,0.03,справочная,14,0,0.0,0.0,0.0,,0.0,,0,0.0,0.0,,,125.0000000000000000,,0,-8,0,0,,0,0,0,0,0,3,0,0.0,0.0,0,0,"кликов за неделю 0 (за всё время 0), расход 0 ₽ (накоплено 0 ₽) — судить не о чем, наблюдаем"
watch,hold,906874407,5360,"Картридж 729 для принтеров Canon i-SENSYS LBP7010C, LBP7018C черный",от 1000-2000,23.0,23.0,0.0,15.0,-8.0,21.9,2220.0,0.04,справочная,23,0,0.0,0.0,0.0,,0.0,,0,0,0,,76.0000000000000000,43.0000000000000000,33.0,50,17,0,245,8,1,15,0,0,2,6,0,0.0,0.0,0,0,"кликов за неделю 0 (за всё время 0), расход 0 ₽ (накоплено 0 ₽) — судить не о чем, наблюдаем"
watch,hold,930634144,0207,"Картридж CE390X для принтеров HP LaserJet M4555, M602dn, M602n черный",Эксперимент1,8.0,8.0,0.0,20.7,12.7,14.6,7199.0,0.03,справочная,26,0,0.0,0.0,0.0,,0.0,,0,0.0,0.0,,81.0000000000000000,42.0000000000000000,39.0,5,3,0,6780,64,0,2,0,0,0,1,0,0.0,0.0,0,0,"кликов за неделю 0 (за всё время 0), расход 0 ₽ (накоплено 0 ₽) — судить не о чем, наблюдаем"
watch,hold,1155648923,0264,Картридж 106R01413 для принтеров Xerox WorkCentre 5222 черный,от 2000 до 5000,20.93,20.93,0.0,23.1,2.2,18.4,4301.0,0.04,справочная,7,0,0.0,0.0,0.0,,0.0,,0,0.0,0.0,,48.0000000000000000,76.0000000000000000,-28.0,4,-7,0,6,39,0,2,0,0,1,3,0,0.0,0.0,0,0,"кликов за неделю 0 (за всё время 0), расход 0 ₽ (накоплено 0 ₽) — судить не о чем, наблюдаем"
watch,hold,930612458,0516,"Картридж 44574906 для принтеров OKI B431, MB461dn, MB471dnw черный",Эксперимент1,8.0,8.0,0.0,15.4,7.4,19.8,2598.0,0.04,справочная,26,0,0.0,0.0,0.0,,0.0,,2,13.71,0.0,6.9,25.0000000000000000,51.0000000000000000,-26.0,47,24,0,86,4,1,9,0,0,0,5,2,13.71,0.0,0,0,"кликов за неделю 0 (за всё время 2), расход 0 ₽ (накоплено 14 ₽) — судить не о чем, наблюдаем"
watch,hold,930612458,0516,"Картридж 44574906 для принтеров OKI B431, MB461dn, MB471dnw черный",от 2000 до 5000,12.0,12.0,0.0,15.4,3.4,19.8,2598.0,0.04,справочная,34,0,0.0,0.0,0.0,,0.0,,1,1.0,0.0,1.0,25.0000000000000000,51.0000000000000000,-26.0,47,24,0,86,4,1,9,0,0,0,5,2,9.61,1.0,0,0,"кликов за неделю 0 (за всё время 2), расход 0 ₽ (накоплено 10 ₽) — судить не о чем, наблюдаем"
watch,hold,930612723,0612,Картридж 108R00796 для принтеров Xerox Phaser 3635 черный,от 2000 до 5000,12.0,12.0,0.0,22.0,10.0,17.4,4433.0,0.04,справочная,0,0,0,0,0,,,,0,0.0,0.0,,105.0000000000000000,55.0000000000000000,50.0,13,-10,0,51,22,0,3,0,0,0,0,0,0.0,0.0,0,0,"кликов за неделю 0 (за всё время 0), расход 0 ₽ (накоплено 0 ₽) — судить не о чем, наблюдаем"
watch,hold,930612723,0612,Картридж 108R00796 для принтеров Xerox Phaser 3635 черный,Эксперимент1,8.0,8.0,0.0,22.0,14.0,17.4,4433.0,0.04,справочная,19,0,0.0,0.0,0.0,,0.0,,0,0.0,0.0,,105.0000000000000000,55.0000000000000000,50.0,13,-10,0,51,22,0,3,0,0,0,0,1,1.0,0.0,0,0,"кликов за неделю 0 (за всё время 1), расход 0 ₽ (накоплено 1 ₽) — судить не о чем, наблюдаем"
watch,hold,1153219507,0676,Картридж 106R01446 для принтеров Xerox Phaser 7500 черный,Эксперимент1,12.89,12.89,0.0,23.1,10.2,17.1,6355.0,0.03,справочная,29,0,0.0,0.0,0.0,,0.0,,0,0.0,0.0,,98.0000000000000000,52.0000000000000000,46.0,4,-4,0,6,46,0,4,0,0,0,1,0,0.0,0.0,0,0,"кликов за неделю 0 (за всё время 0), расход 0 ₽ (накоплено 0 ₽) — судить не о чем, наблюдаем"
watch,hold,1153219507,0676,Картридж 106R01446 для принтеров Xerox Phaser 7500 черный,от 2000 до 5000,19.33,19.33,0.0,23.1,3.8,17.1,6355.0,0.03,справочная,4,0,0.0,0.0,0.0,,0.0,,0,0.0,0.0,,98.0000000000000000,52.0000000000000000,46.0,4,-4,0,6,46,0,4,0,0,0,1,0,0.0,0.0,0,0,"кликов за неделю 0 (за всё время 0), расход 0 ₽ (накоплено 0 ₽) — судить не о чем, наблюдаем"
watch,hold,930642074,0708,"Картридж ML-2250 для принтеров Samsung и ML 2251, ML2252 черный",от 2000 до 5000,12.0,12.0,0.0,23.5,11.5,16.9,4935.0,0.04,справочная,0,0,0,0,0,,,,0,0,0,,94.0000000000000000,149.0000000000000000,-55.0,2,-2,0,2,,0,0,0,0,0,0,0,0.0,0.0,0,0,"кликов за неделю 0 (за всё время 0), расход 0 ₽ (накоплено 0 ₽) — судить не о чем, наблюдаем"
watch,hold,930642074,0708,"Картридж ML-2250 для принтеров Samsung и ML 2251, ML2252 черный",Эксперимент1,8.0,8.0,0.0,23.5,15.5,16.9,4935.0,0.04,справочная,11,0,0.0,0.0,0.0,,0.0,,0,0.0,0.0,,94.0000000000000000,149.0000000000000000,-55.0,2,-2,0,2,,0,0,0,0,0,0,0,0.0,0.0,0,0,"кликов за неделю 0 (за всё время 0), расход 0 ₽ (накоплено 0 ₽) — судить не о чем, наблюдаем"
watch,hold,930640391,0714,"Картридж 718 BK для принтеров Canon i-SENSYS MF8580Cdw, LBP7200Cdn, LBP7210Cdn, MF724Cdw, MF728Cdw, MF8330, MF8340Cdn, MF8350Cdn",Эксперимент1,16.1,16.1,0.0,21.0,4.9,18.6,3855.0,0.04,справочная,56,0,0.0,0.0,0.0,,0.0,,0,0.0,0.0,,89.0000000000000000,44.0000000000000000,45.0,21,3,0,42,10,2,15,0,0,0,2,0,0.0,0.0,0,0,"кликов за неделю 0 (за всё время 0), расход 0 ₽ (накоплено 0 ₽) — судить не о чем, наблюдаем"
watch,hold,930640621,0739,"Картридж AR020T для принтеров Sharp AR-5516, AR-5520D",Эксперимент1,8.0,8.0,0.0,27.3,19.3,16.9,7648.0,0.03,справочная,48,0,0.0,0.0,0.0,,0.0,,0,0.0,0.0,,40.0000000000000000,64.0000000000000000,-24.0,9,-10,0,15,22,0,9,0,0,0,0,0,0.0,0.0,0,0,"кликов за неделю 0 (за всё время 0), расход 0 ₽ (накоплено 0 ₽) — судить не о чем, наблюдаем"
watch,hold,930631637,0775,"Картридж C9731A для принтеров HP и Color LaserJet 5500, LJ 5550 голубой",Эксперимент1,8.0,8.0,0.0,27.8,19.8,12.8,17844.0,0.02,справочная,32,0,0.0,0.0,0.0,,0.0,,0,0.0,0.0,,49.0000000000000000,51.0000000000000000,-2.0,9,-2,0,11,17,0,9,0,0,0,0,0,0.0,0.0,0,0,"кликов за неделю 0 (за всё время 0), расход 0 ₽ (накоплено 0 ₽) — судить не о чем, наблюдаем"
watch,hold,930641782,0776,"Картридж C9733A для принтеров HP и Color LaserJet 5500, LJ 5550 пурпурный",Эксперимент1,8.0,8.0,0.0,23.0,15.0,12.4,15558.0,0.02,справочная,18,0,0.0,0.0,0.0,,0.0,,0,0.0,0.0,,54.0000000000000000,43.0000000000000000,11.0,10,-1,0,15,9,1,10,0,0,0,0,0,0.0,0.0,0,0,"кликов за неделю 0 (за всё время 0), расход 0 ₽ (накоплено 0 ₽) — судить не о чем, наблюдаем"
watch,hold,930618517,0889,"Картридж CF381A для принтеров HP Color LaserJet Pro M476dn, LJ Pro M476dw голубой",от 2000 до 5000,13.0,13.0,0.0,18.7,5.7,17.4,3763.0,0.04,справочная,5,0,0.0,0.0,0.0,,0.0,,0,0.0,0.0,,49.0000000000000000,,,7,7,0,333,12,0,7,0,0,0,0,0,0.0,0.0,0,0,"кликов за неделю 0 (за всё время 0), расход 0 ₽ (накоплено 0 ₽) — судить не о чем, наблюдаем"
watch,hold,1153397897,0899,"Картриджи T7011-T7014 для принтеров Epson WF Pro WP-4015DN, WP 4095DN, WP4515DN, WP-4525DNF, WP4595DNF",от 2000 до 5000,20.93,20.93,0.0,22.6,1.7,19.4,3926.0,0.04,справочная,21,0,0.0,0.0,0.0,,0.0,,1,15.4,0.0,15.4,,98.0000000000000000,,0,-18,0,0,,0,0,0,0,0,1,1,15.4,0.0,0,0,"кликов за неделю 0 (за всё время 1), расход 0 ₽ (накоплено 15 ₽) — судить не о чем, наблюдаем"
watch,hold,930617530,0892,"Картридж CZ192A для принтеров HP LaserJet Pro M435, LJ Pro M701 черный",Эксперимент1,12.89,12.89,0.0,25.6,12.7,16.7,7293.0,0.03,справочная,17,0,0.0,0.0,0.0,,0.0,,0,0.0,0.0,,70.0000000000000000,38.0000000000000000,32.0,5,-11,0,5,10,1,5,0,0,0,1,0,0.0,0.0,0,0,"кликов за неделю 0 (за всё время 0), расход 0 ₽ (накоплено 0 ₽) — судить не о чем, наблюдаем"
watch,hold,930614726,0893,"Картридж CF325X для принтеров HP и LaserJet M806DN M806DN, M830z, LJ-M806X, LJM806X+ черный",Эксперимент1,12.89,12.89,0.0,29.8,16.9,14.8,15197.0,0.02,справочная,23,0,0.0,0.0,0.0,,0.0,,0,0.0,0.0,,42.0000000000000000,70.0000000000000000,-28.0,7,-2,0,7,12,0,6,1,14362.0000,0,3,0,0.0,0.0,0,0,"кликов за неделю 0 (за всё время 0), расход 0 ₽ (накоплено 0 ₽) — судить не о чем, наблюдаем"
watch,hold,930614726,0893,"Картридж CF325X для принтеров HP и LaserJet M806DN M806DN, M830z, LJ-M806X, LJM806X+ черный",от 10000 до 500 тыс,19.33,19.33,0.0,29.8,10.5,14.8,15197.0,0.02,справочная,2,0,0.0,0.0,0.0,,0.0,,0,0.0,0.0,,42.0000000000000000,70.0000000000000000,-28.0,7,-2,0,7,12,0,6,1,14362.0000,0,3,0,0.0,0.0,0,0,"кликов за неделю 0 (за всё время 0), расход 0 ₽ (накоплено 0 ₽) — судить не о чем, наблюдаем"
watch,hold,864225233,0965,"Картридж 72M для принтеров HP и Designjet T1100, DJ T1200, DJ T1300 пурпурный",Эксперимент1,8.0,8.0,0.0,18.7,10.7,16.6,4026.0,0.04,справочная,32,0,0.0,0.0,0.0,,0.0,,0,0.0,0.0,,92.0000000000000000,114.0000000000000000,-22.0,23,5,0,3548,48,0,3,0,0,0,0,0,0.0,0.0,0,0,"кликов за неделю 0 (за всё время 0), расход 0 ₽ (накоплено 0 ₽) — судить не о чем, наблюдаем"
watch,hold,864225289,0994,"Картридж 44469715 для принтеров OKI C310dn, c310n, c330, C330dn, C331, c331dn, C510, C511 c511dn C530 C531 c531dn mc351 MC351dn MC352dn MC561dn MC562dn пурпурный",Эксперимент1,11.0,11.0,0.0,15.6,4.6,19.2,2741.0,0.04,справочная,43,0,0.0,0.0,0.0,,0.0,,0,0.0,0.0,,68.0000000000000000,59.0000000000000000,9.0,23,0,0,3455,3,2,15,0,0,0,2,0,0.0,0.0,0,0,"кликов за неделю 0 (за всё время 0), расход 0 ₽ (накоплено 0 ₽) — судить не о чем, наблюдаем"
watch,hold,864225529,1001,"Картриджи 44469810-44469752 для принтеров OKI C510, C511, C530, C531, MC561, MC562",от 10000 до 500 тыс,20.93,20.93,0.0,49.9,29.0,13.0,31179.0,0.02,справочная,9,0,0.0,0.0,0.0,,0.0,,0,0.0,0.0,,,56.0000000000000000,,0,-2,0,0,,0,0,0,0,0,1,2,24.58,0.0,0,0,"кликов за неделю 0 (за всё время 2), расход 0 ₽ (накоплено 25 ₽) — судить не о чем, наблюдаем"
watch,hold,864225563,1074,"Картридж 006R01449 для принтеров Xerox и Phaser DC 240, Phaser DC 242, WC 7655, WC 7665 черный",от 5000 до 10000,13.0,13.0,0.0,30.1,17.1,14.8,15349.0,0.02,справочная,24,0,0.0,0.0,0.0,,0.0,,0,0.0,0.0,,34.0000000000000000,35.0000000000000000,-1.0,25,-12,0,25,11,0,2,0,0,0,0,2,20.42,0.0,0,0,"кликов за неделю 0 (за всё время 2), расход 0 ₽ (накоплено 20 ₽) — судить не о чем, наблюдаем"
watch,hold,930641838,1073,"Картридж 006R01160 для принтеров Xerox WorkCentre 5330, WC 5335, WC 5325",от 2000 до 5000,19.33,19.33,0.0,23.2,3.9,17.6,4595.0,0.04,справочная,12,0,0.0,0.0,0.0,,0.0,,0,0.0,0.0,,107.0000000000000000,45.0000000000000000,62.0,9,-11,0,82,4,1,4,0,0,0,1,0,0.0,0.0,0,0,"кликов за неделю 0 (за всё время 0), расход 0 ₽ (накоплено 0 ₽) — судить не о чем, наблюдаем"
watch,hold,930615238,1132,"Картридж 006R01400 для принтеров Xerox WorkCentre 7425, WC-7428, WC 7435 желтый",от 2000 до 5000,12.0,12.0,0.0,22.2,10.2,16.4,6499.0,0.03,справочная,8,0,0.0,0.0,0.0,,0.0,,1,1.0,0.0,1.0,114.0000000000000000,450.0000000000000000,-336.0,14,13,0,43,3,2,14,0,0,0,0,1,1.0,0.0,0,0,"кликов за неделю 0 (за всё время 1), расход 0 ₽ (накоплено 1 ₽) — судить не о чем, наблюдаем"
watch,hold,930631083,1151,"Картридж CF360A для принтеров HP Color LJ M552dn, LJ-M553dn, LJM553n, LJ M553x черный",Эксперимент1,12.89,12.89,0.0,25.3,12.4,18.0,6499.0,0.03,справочная,48,0,0.0,0.0,0.0,,0.0,,0,0.0,0.0,,39.0000000000000000,21.0000000000000000,18.0,10,-22,0,38,8,1,7,0,0,0,3,0,0.0,0.0,0,0,"кликов за неделю 0 (за всё время 0), расход 0 ₽ (накоплено 0 ₽) — судить не о чем, наблюдаем"
watch,hold,930631215,1194,Картридж CF300A для принтеров HP Color LJ Flow M880z черный,Эксперимент1,12.89,12.89,0.0,25.3,12.4,14.5,13293.0,0.02,справочная,17,0,0.0,0.0,0.0,,0.0,,0,0.0,0.0,,167.0000000000000000,49.0000000000000000,118.0,7,1,0,1096,39,0,4,0,0,1,1,0,0.0,0.0,0,0,"кликов за неделю 0 (за всё время 0), расход 0 ₽ (накоплено 0 ₽) — судить не о чем, наблюдаем"
watch,hold,930626206,1177,"Картридж CF322A для принтеров HP и Color LaserJet M680, LJ-M680z, LJM680dn, LJ M680f желтый",Эксперимент1,9.0,9.0,0.0,25.7,16.7,15.2,8403.0,0.03,справочная,22,0,0.0,0.0,0.0,,0.0,,0,0.0,0.0,,57.0000000000000000,44.0000000000000000,13.0,3,-8,0,3,,0,0,0,0,0,0,0,0.0,0.0,0,0,"кликов за неделю 0 (за всё время 0), расход 0 ₽ (накоплено 0 ₽) — судить не о чем, наблюдаем"
watch,hold,864225733,1222,"Картриджи LC529XL-LC525XL для принтеров brother dcp-j100, dcp-j105",Вне РК — спрос без рекламы (08.08),19.0,19.0,0.0,12.6,-6.4,18.2,2388.0,0.04,справочная,0,0,0,0,0,,,,0,0,0,,,,,0,0,0,0,,0,0,0,0,0,0,0,0,0,0,0,"кликов за неделю 0 (за всё время 0), расход 0 ₽ (накоплено 0 ₽) — судить не о чем, наблюдаем"
watch,hold,864225853,1288,"Картридж C-EXV32 для принтеров Canon ImageRunner 2786, iR2535, iR2545 черный",от 2000 до 5000,20.0,20.0,0.0,18.7,-1.3,16.6,5385.0,0.03,справочная,20,0,0.0,0.0,0.0,,0.0,,0,0.0,0.0,,73.0000000000000000,154.0000000000000000,-81.0,8,0,0,7654,22,0,7,0,0,0,4,0,0.0,0.0,0,0,"кликов за неделю 0 (за всё время 0), расход 0 ₽ (накоплено 0 ₽) — судить не о чем, наблюдаем"
watch,hold,864226055,1308,"Картридж 50F5X00 для принтеров Lexmark MS410d, MS410dn, MS510dn, MS610de, MS610dn черный",от 2000 до 5000,13.0,13.0,0.0,20.7,7.7,17.2,4241.0,0.04,справочная,19,0,0.0,0.0,0.0,,0.0,,0,0.0,0.0,,50.0000000000000000,67.0000000000000000,-17.0,18,0,0,18,8,1,3,0,0,0,1,0,0.0,0.0,0,0,"кликов за неделю 0 (за всё время 0), расход 0 ₽ (накоплено 0 ₽) — судить не о чем, наблюдаем"
watch,hold,864225805,1311,"Картридж 52D5X00 для принтеров Lexmark MS812dn, MS811dn",Эксперимент1,8.0,8.0,0.0,24.7,16.7,16.6,7084.0,0.03,справочная,20,0,0.0,0.0,0.0,,0.0,,0,0.0,0.0,,35.0000000000000000,55.0000000000000000,-20.0,14,4,0,17,19,0,10,0,0,0,0,0,0.0,0.0,0,0,"кликов за неделю 0 (за всё время 0), расход 0 ₽ (накоплено 0 ₽) — судить не о чем, наблюдаем"
watch,hold,866442746,1343,"Картридж 006R01463 для принтеров Xerox WorkCentre 7120, WC-7125, WC 7220, WC7225 пурпурный",Эксперимент1,8.0,8.0,0.0,21.4,13.4,16.3,6317.0,0.03,справочная,30,0,0.0,0.0,0.0,,0.0,,0,0.0,0.0,,192.0000000000000000,78.0000000000000000,114.0,5,2,0,6,103,0,4,0,0,0,0,0,0.0,0.0,0,0,"кликов за неделю 0 (за всё время 0), расход 0 ₽ (накоплено 0 ₽) — судить не о чем, наблюдаем"
watch,hold,930623493,1430,Картридж SP311HE для принтеров Ricoh Aficio SP311DN черный,от 2000 до 5000,12.0,12.0,0.0,25.6,13.6,16.1,7691.0,0.03,справочная,4,0,0.0,0.0,0.0,,0.0,,0,0.0,0.0,,75.0000000000000000,63.0000000000000000,12.0,8,-1,0,3404,8,1,8,0,0,0,0,0,0.0,0.0,0,0,"кликов за неделю 0 (за всё время 0), расход 0 ₽ (накоплено 0 ₽) — судить не о чем, наблюдаем"
watch,hold,866442949,1416,"Фотобарабан FAD422A DU для принтеров Panasonic KX-2270, KX 2510, KX2540, KX-MB2230 черный",от 5000 до 10000,20.93,20.93,0.0,25.1,4.2,15.0,8356.0,0.03,справочная,52,0,0.0,0.0,0.0,,0.0,,0,0.0,0.0,,140.0000000000000000,114.0000000000000000,26.0,37,-8,0,1940,61,0,4,0,0,0,1,0,0.0,0.0,0,0,"кликов за неделю 0 (за всё время 0), расход 0 ₽ (накоплено 0 ₽) — судить не о чем, наблюдаем"
watch,hold,866443020,1572,"Картридж D8J07A для принтеров HP Officejet Color X555dn, Officejet Color X5585dn голубой",Эксперимент1,14.5,14.5,0.0,25.9,11.4,18.3,6481.0,0.03,справочная,40,0,0.0,0.0,0.0,,0.0,,0,0.0,0.0,,131.0000000000000000,53.0000000000000000,78.0,4,-1,0,3,,0,0,0,0,0,1,0,0.0,0.0,0,0,"кликов за неделю 0 (за всё время 0), расход 0 ₽ (накоплено 0 ₽) — судить не о чем, наблюдаем"
watch,hold,866443528,1564,"Картридж 70 для принтеров HP DesignJet Z2100, DJ Z3100, DJ Z3200 черный матовый",Эксперимент1,8.0,8.0,0.0,26.9,18.9,19.2,4733.0,0.04,справочная,22,0,0.0,0.0,0.0,,0.0,,0,0.0,0.0,,87.0000000000000000,159.0000000000000000,-72.0,11,-1,0,47,42,0,1,0,0,0,0,0,0.0,0.0,0,0,"кликов за неделю 0 (за всё время 0), расход 0 ₽ (накоплено 0 ₽) — судить не о чем, наблюдаем"
watch,hold,1153669013,1797,"Фотобарабан 44064011 DU для принтеров OKI C 810, C 821, C 830, C801, MC851, MC860 голубой",Эксперимент1,12.89,12.89,0.0,33.5,20.6,13.3,20160.0,0.02,справочная,334,0,0.0,0.0,0.0,,0.0,,0,0.0,0.0,,23.0000000000000000,64.0000000000000000,-41.0,2,-26,0,2,,0,0,0,0,0,1,0,0.0,0.0,0,0,"кликов за неделю 0 (за всё время 0), расход 0 ₽ (накоплено 0 ₽) — судить не о чем, наблюдаем"
watch,hold,1153669912,1800,"Картридж 44059107 для принтеров OKI C810, C830 голубой",Эксперимент1,9.0,9.0,0.0,22.8,13.8,16.5,6609.0,0.03,справочная,21,0,0.0,0.0,0.0,,0.0,,0,0.0,0.0,,292.0000000000000000,97.0000000000000000,195.0,1,-2,0,1089,292,0,1,0,0,0,0,0,0.0,0.0,0,0,"кликов за неделю 0 (за всё время 0), расход 0 ₽ (накоплено 0 ₽) — судить не о чем, наблюдаем"
watch,hold,930629092,1949,"Фотобарабан DK-110 DU для принтеров Kyocera FS-1016MFP, FS 1116MFP, FS720, FS-820, FS920 черный",от 2000 до 5000,12.0,12.0,0.0,26.9,14.9,16.2,8008.0,0.03,справочная,9,0,0.0,0.0,0.0,,0.0,,0,0.0,0.0,,148.0000000000000000,67.0000000000000000,81.0,13,-2,0,1101,6,1,10,0,0,0,0,0,0.0,0.0,0,0,"кликов за неделю 0 (за всё время 0), расход 0 ₽ (накоплено 0 ₽) — судить не о чем, наблюдаем"
watch,hold,1153725679,1936,"Картридж T6944 для принтеров Epson SureColor SC-SC-T7200, SC T3000, SCT3200, SC-T5000, SCT5200, SC T7000 желтый",Эксперимент1,12.89,12.89,0.0,30.1,17.2,13.5,17708.0,0.02,справочная,96,0,0.0,0.0,0.0,,0.0,,0,0.0,0.0,,70.0000000000000000,92.0000000000000000,-22.0,24,-22,0,3425,9,1,7,0,0,0,2,1,12.36,1.0,0,0,"кликов за неделю 0 (за всё время 1), расход 0 ₽ (накоплено 12 ₽) — судить не о чем, наблюдаем"
watch,hold,1153738147,1984,"Картридж 006R01225 для принтеров Xerox DC240, DC250, WC7655, WC7665 пурпурный",Пустые РК,12.0,12.0,0.0,18.9,6.9,13.3,11410.0,0.02,справочная,15,0,0.0,0.0,0.0,,0.0,,0,0.0,0.0,,108.0000000000000000,102.0000000000000000,6.0,16,-8,0,3442,12,0,14,0,0,0,1,0,0.0,0.0,0,0,"кликов за неделю 0 (за всё время 0), расход 0 ₽ (накоплено 0 ₽) — судить не о чем, наблюдаем"
watch,hold,930619246,2037,"Картридж TN-512K для принтеров Konica Minolta Bizhub C454, Bizhub C554 черный",Эксперимент1,8.0,8.0,0.0,0.0,-8.0,-13.2,5538.0,0.03,справочная,19,0,0.0,0.0,0.0,,0.0,,0,0.0,0.0,,85.0000000000000000,73.0000000000000000,12.0,10,2,0,8,9,1,8,0,0,0,2,0,0.0,0.0,0,0,"кликов за неделю 0 (за всё время 0), расход 0 ₽ (накоплено 0 ₽) — судить не о чем, наблюдаем"
watch,hold,930619246,2037,"Картридж TN-512K для принтеров Konica Minolta Bizhub C454, Bizhub C554 черный",от 2000 до 5000,12.0,12.0,0.0,0.0,-12.0,-13.2,5538.0,0.03,справочная,1,0,0.0,0.0,0.0,,0.0,,0,0.0,0.0,,85.0000000000000000,73.0000000000000000,12.0,10,2,0,8,9,1,8,0,0,0,2,0,0.0,0.0,0,0,"кликов за неделю 0 (за всё время 0), расход 0 ₽ (накоплено 0 ₽) — судить не о чем, наблюдаем"
watch,hold,866443909,2174,"Картридж TK-5230M для принтеров Kyocera Ecosys M5521cdn, P5021cdn пурпурный",Эксперимент1,9.0,9.0,0.0,11.1,2.1,16.9,2342.0,0.04,справочная,33,0,0.0,0.0,0.0,,0.0,,0,0.0,0.0,,58.0000000000000000,95.0000000000000000,-37.0,9,-8,0,21,21,0,8,0,0,0,0,0,0.0,0.0,0,0,"кликов за неделю 0 (за всё время 0), расход 0 ₽ (накоплено 0 ₽) — судить не о чем, наблюдаем"
watch,hold,1153751605,2188,"Картридж 973XLBK для принтеров HP PageWide Pro 452dw, PW P55250, PW P57750",Эксперимент1,12.89,12.89,0.0,26.2,13.3,14.8,8923.0,0.03,справочная,60,0,0.0,0.0,0.0,,0.0,,0,0.0,0.0,,142.0000000000000000,88.0000000000000000,54.0,13,-6,0,6732,15,0,12,0,0,0,1,2,14.84,0.0,0,0,"кликов за неделю 0 (за всё время 2), расход 0 ₽ (накоплено 15 ₽) — судить не о чем, наблюдаем"
watch,hold,930630822,2225,"Картридж MLT-D709S для принтеров Samsung SCX-8123ND, SCX-8128ND черный",от 5000 до 10000,19.33,19.33,0.0,16.7,-2.6,13.3,10080.0,0.02,справочная,8,0,0.0,0.0,0.0,,0.0,,0,0.0,0.0,,148.0000000000000000,168.0000000000000000,-20.0,12,6,0,3414,10,1,8,0,0,0,1,0,0.0,0.0,0,0,"кликов за неделю 0 (за всё время 0), расход 0 ₽ (накоплено 0 ₽) — судить не о чем, наблюдаем"
watch,hold,930623091,2246,"Картриджи CE340A-CE343A для принтеров HP LJ 700 M775dn, M775f",Эксперимент1,14.5,14.5,0.0,44.0,29.5,9.6,47877.0,0.02,справочная,56,0,0.0,0.0,0.0,,0.0,,2,25.10,0.0,12.6,46.0000000000000000,34.0000000000000000,12.0,66,50,0,10427,3,7,15,0,0,1,4,2,25.10,0.0,0,0,"кликов за неделю 0 (за всё время 2), расход 0 ₽ (накоплено 25 ₽) — судить не о чем, наблюдаем"
watch,hold,930623091,2246,"Картриджи CE340A-CE343A для принтеров HP LJ 700 M775dn, M775f",от 10000 до 500 тыс,20.93,20.93,0.0,44.0,23.1,9.6,47877.0,0.02,справочная,16,0,0.0,0.0,0.0,,0.0,,3,38.38,1.0,12.8,46.0000000000000000,34.0000000000000000,12.0,66,50,0,10427,3,7,15,0,0,1,4,3,38.38,1.0,0,0,"кликов за неделю 0 (за всё время 3), расход 0 ₽ (накоплено 38 ₽) — судить не о чем, наблюдаем"
watch,hold,1153752721,2233,"Картридж TN-322 для принтеров Konica Minolta и Bizhub 224, Bizhub224e черный",от 2000 до 5000,19.33,19.33,0.0,19.7,0.4,16.7,4220.0,0.04,справочная,8,0,0.0,0.0,0.0,,0.0,,0,0.0,0.0,,65.0000000000000000,85.0000000000000000,-20.0,24,-3,0,118,5,3,15,0,0,0,4,1,2.71,0.0,0,0,"кликов за неделю 0 (за всё время 1), расход 0 ₽ (накоплено 3 ₽) — судить не о чем, наблюдаем"
watch,hold,906876626,2226,"Картридж 51F5H00 для принтеров Lexmark MS312, MS415dn, MS312dn, MS415,",Эксперимент1,12.89,12.89,0.0,19.2,6.3,18.8,3470.0,0.04,справочная,56,0,0.0,0.0,0.0,,0.0,,0,0.0,0.0,,44.0000000000000000,117.0000000000000000,-73.0,8,-2,0,80,10,1,8,1,3044.0000,0,3,0,0.0,0.0,0,0,"кликов за неделю 0 (за всё время 0), расход 0 ₽ (накоплено 0 ₽) — судить не о чем, наблюдаем"
enter,enter,930623519,2286,"Картриджи 106R01634-106r01631 для принтеров Xerox Phaser 6000, Phaser 6010, WC6015",,,13.8,,27.5,,18.9,4952.0,0.04,справочная,0,0,0,0,0,,,,0,0,0,,91.0000000000000000,12.0000000000000000,79.0,5,3,0,4,,0,0,1,4106.0000,1,4,0,0,0,0,0,вне рекламы  но неделю отработал сам: продажи 1 шт  органика 0 ₽  показы 5  спрос по фразам 4; маржа_safe 18.9 % ≥ KPI; старт 13.8 ₽ при потолке 27.5 ₽
watch,hold,1163041319,2339,"Картридж TN-326C для принтеров Brother HL-L8250CDN, MFC-L8650CDW голубой",Эксперимент1,9.0,9.0,0.0,22.6,13.6,17.5,4517.0,0.04,справочная,15,0,0.0,0.0,0.0,,0.0,,0,0.0,0.0,,34.0000000000000000,,,10,10,0,2993,9,1,7,0,0,0,0,0,0.0,0.0,0,0,"кликов за неделю 0 (за всё время 0), расход 0 ₽ (накоплено 0 ₽) — судить не о чем, наблюдаем"
watch,hold,870872374,2280,"Картриджи CF530A-CF533A для принтеров hp color laserjet pro mfp m180n, hp m181fw,",Вне РК — спрос без рекламы (08.08),21.96,21.96,0.0,28.2,6.2,15.6,8878.0,0.03,справочная,0,0,0,0,0,,,,0,0,0,,,,,0,0,0,0,,0,0,0,0,0,0,0,0,0,0,0,"кликов за неделю 0 (за всё время 0), расход 0 ₽ (накоплено 0 ₽) — судить не о чем, наблюдаем"
watch,hold,930639462,2347,"Картриджи 106R03488-106R03695 для принтеров Xerox Phaser 6510, WC 6515",Эксперимент1,8.0,8.0,0.0,22.2,14.2,12.4,9982.0,0.03,справочная,16,0,0.0,0.0,0.0,,0.0,,0,0.0,0.0,,103.0000000000000000,100.0000000000000000,3.0,4,-11,0,3408,34,0,3,0,0,0,0,0,0.0,0.0,0,0,"кликов за неделю 0 (за всё время 0), расход 0 ₽ (накоплено 0 ₽) — судить не о чем, наблюдаем"
watch,hold,906876836,2391,"Картридж TN-423Y для принтеров Brother и DCP-L8410CDW, HL-L8260CDW, HL L8360CDW, MFC-L8690CDW, MFCL8900CDW желтый",Эксперимент1,8.0,8.0,0.0,18.0,10.0,18.5,3328.0,0.04,справочная,20,0,0.0,0.0,0.0,,0.0,,0,0.0,0.0,,45.0000000000000000,78.0000000000000000,-33.0,3,-4,0,3,,0,0,0,0,0,0,0,0.0,0.0,0,0,"кликов за неделю 0 (за всё время 0), расход 0 ₽ (накоплено 0 ₽) — судить не о чем, наблюдаем"
watch,hold,904479374,2611,"Чернила T664 для принтеров Epson L100, L110, L130, L1300, L200, L210, L220, L222 L300 L3050 L310 L312 L350 L355 L362 L364 L382 L386 L455 L456 L486 L550 L555 L565 L566 L605 L655",от 1000-2000,19.33,19.33,0.0,13.3,-6.0,20.1,2196.0,0.04,справочная,79,0,0.0,0.0,0.0,,0.0,,1,35.96,0.0,36.0,106.0000000000000000,134.0000000000000000,-28.0,70,-33,0,351,60,0,15,0,0,0,3,2,36.96,0.0,0,0,"кликов за неделю 0 (за всё время 2), расход 0 ₽ (накоплено 37 ₽) — судить не о чем, наблюдаем"
watch,hold,930630401,2639,"Картридж TN-324C для принтеров Konica Minolta и Bizhub C258, Bizhub C308 голубой",от 2000 до 5000,12.0,12.0,0.0,22.7,10.7,18.0,5810.0,0.03,справочная,5,0,0.0,0.0,0.0,,0.0,,0,0.0,0.0,,93.0000000000000000,67.0000000000000000,26.0,17,-3,0,275,10,1,14,0,0,0,1,0,0.0,0.0,0,0,"кликов за неделю 0 (за всё время 0), расход 0 ₽ (накоплено 0 ₽) — судить не о чем, наблюдаем"
watch,hold,1165086595,2627,"Фотобарабан CF358A для принтеров HP Color LaserJet Enterprise Flow M880z+, M880z+ NFC/Wireless Direct, LJ M855dn, LJM855x+, LJ-M855xh черный",от 10000 до 500 тыс,12.0,12.0,0.0,40.7,28.7,12.0,29060.0,0.02,справочная,15,0,0.0,0.0,0.0,,0.0,,0,0.0,0.0,,80.0000000000000000,49.0000000000000000,31.0,30,-7,0,36,9,1,5,0,0,0,1,0,0.0,0.0,0,0,"кликов за неделю 0 (за всё время 0), расход 0 ₽ (накоплено 0 ₽) — судить не о чем, наблюдаем"
watch,hold,930641678,2638,"Картридж TN-324BK для принтеров Konica Minolta и Bizhub C258, Bizhub C308 черный",от 2000 до 5000,24.0,24.0,0.0,27.4,3.4,21.5,5538.0,0.03,справочная,3,0,0.0,0.0,0.0,,0.0,,0,0.0,0.0,,43.0000000000000000,42.0000000000000000,1.0,45,5,0,68,5,1,10,0,0,0,21,0,0.0,0.0,0,0,"кликов за неделю 0 (за всё время 0), расход 0 ₽ (накоплено 0 ₽) — судить не о чем, наблюдаем"
enter,enter,1153803204,2986,"Фотобарабан CLT-R406 DU для принтеров Samsung CLP-360, CLP 365, CLX-3300, CLX3305, SL-C410, SL-C460",,,15.2,,30.5,,19.2,7157.0,0.03,справочная,0,0,0,0,0,,,,0,0,0,,65.0000000000000000,39.0000000000000000,26.0,33,16,0,3356,189,0,1,2,13068.0000,0,4,0,0,0,0,0,вне рекламы  но неделю отработал сам: продажи 2 шт  органика 0 ₽  показы 33  спрос по фразам 3 356; маржа_safe 19.2 % ≥ KPI; старт 15.2 ₽ при потолке 30.5 ₽
watch,hold,930637150,3172,Картридж C-EXV54BK для принтеров Canon ImageRunner C3025 черный,от 2000 до 5000,12.0,12.0,0.0,23.6,11.6,18.5,4379.0,0.04,справочная,14,0,0.0,0.0,0.0,,0.0,,0,0.0,0.0,,55.0000000000000000,129.0000000000000000,-74.0,17,3,0,27,3,3,14,0,0,0,0,0,0.0,0.0,0,0,"кликов за неделю 0 (за всё время 0), расход 0 ₽ (накоплено 0 ₽) — судить не о чем, наблюдаем"
watch,hold,930629486,3113,"Картриджи LC-3619XL для принтеров Brother MFC-J2330, MFC J2730",от 2000 до 5000,13.0,13.0,0.0,28.7,15.7,20.4,4667.0,0.04,справочная,11,0,0.0,0.0,0.0,,0.0,,0,0.0,0.0,,84.0000000000000000,34.0000000000000000,50.0,29,-52,0,6851,15,0,14,1,4330.0000,0,14,4,41.60,0.0,0,0,"кликов за неделю 0 (за всё время 4), расход 0 ₽ (накоплено 42 ₽) — судить не о чем, наблюдаем"
watch,hold,1153812258,3215,"Картридж TN-421Y для принтеров Brother DCP-L8410CDW, HL-L8260CDW, HL L8360CDW, MFC-L8690CDW, MFCL8900CDW желтый",Эксперимент1,8.0,8.0,0.0,18.5,10.5,20.4,3009.0,0.04,справочная,24,0,0.0,0.0,0.0,,0.0,,0,0.0,0.0,,94.0000000000000000,49.0000000000000000,45.0,18,-9,0,30,11,0,15,0,0,0,1,0,0.0,0.0,0,0,"кликов за неделю 0 (за всё время 0), расход 0 ₽ (накоплено 0 ₽) — судить не о чем, наблюдаем"
watch,hold,930641902,3203,"Картридж 106R03396 для принтеров Xerox VersaLink B7025, VersaLinkB7030 черный",от 2000 до 5000,12.0,12.0,0.0,22.4,10.4,16.4,6557.0,0.03,справочная,0,0,0,0,0,,,,0,0.0,0.0,,162.0000000000000000,90.0000000000000000,72.0,6,1,0,3296,18,0,6,0,0,0,0,0,0.0,0.0,0,0,"кликов за неделю 0 (за всё время 0), расход 0 ₽ (накоплено 0 ₽) — судить не о чем, наблюдаем"
watch,hold,930641902,3203,"Картридж 106R03396 для принтеров Xerox VersaLink B7025, VersaLinkB7030 черный",Эксперимент1,8.0,8.0,0.0,22.4,14.4,16.4,6557.0,0.03,справочная,29,0,0.0,0.0,0.0,,0.0,,1,7.21,0.0,7.2,162.0000000000000000,90.0000000000000000,72.0,6,1,0,3296,18,0,6,0,0,0,0,1,7.21,0.0,0,0,"кликов за неделю 0 (за всё время 1), расход 0 ₽ (накоплено 7 ₽) — судить не о чем, наблюдаем"
watch,hold,873313898,3483,"Фотобарабаны 44315108DU-44315105DU для принтеров OKI Data C610cdn, DataC610dn",Эксперимент1,8.0,8.0,0.0,58.0,50.0,10.6,51811.0,0.02,справочная,13,0,0.0,0.0,0.0,,0.0,,0,0.0,0.0,,,30.0000000000000000,,0,-15,0,0,,0,0,0,0,0,0,0,0.0,0.0,0,0,"кликов за неделю 0 (за всё время 0), расход 0 ₽ (накоплено 0 ₽) — судить не о чем, наблюдаем"
watch,hold,873313898,3483,"Фотобарабаны 44315108DU-44315105DU для принтеров OKI Data C610cdn, DataC610dn",от 10000 до 500 тыс,12.0,12.0,0.0,58.0,46.0,10.6,51811.0,0.02,справочная,14,0,0.0,0.0,0.0,,0.0,,1,13.93,0.0,13.9,,30.0000000000000000,,0,-15,0,0,,0,0,0,0,0,0,1,13.93,0.0,0,0,"кликов за неделю 0 (за всё время 1), расход 0 ₽ (накоплено 14 ₽) — судить не о чем, наблюдаем"
watch,hold,873313759,3618,"Картридж 719 для принтеров Canon i-SENSYS LBP-251dw, LBP 252dw, MF-411dw, MF416dw, MF-418x, MF419x, MF 5840dn, MF 5940dn MF5980dw MF6180dw черный",Эксперимент1,12.89,12.89,0.0,18.0,5.1,19.9,3017.0,0.04,справочная,49,0,0.0,0.0,0.0,,0.0,,0,0.0,0.0,,163.0000000000000000,206.0000000000000000,-43.0,17,4,0,24,17,0,15,0,0,0,1,0,0.0,0.0,0,0,"кликов за неделю 0 (за всё время 0), расход 0 ₽ (накоплено 0 ₽) — судить не о чем, наблюдаем"
watch,hold,904483588,3658,"Картридж C2500HM для принтеров Ricoh IM C2500, IM-C2000 пурпурный",Эксперимент1,8.0,8.0,0.0,24.3,16.3,17.7,4775.0,0.04,справочная,38,0,0.0,0.0,0.0,,0.0,,0,0.0,0.0,,42.0000000000000000,56.0000000000000000,-14.0,5,1,0,3,,0,0,0,0,0,0,0,0.0,0.0,0,0,"кликов за неделю 0 (за всё время 0), расход 0 ₽ (накоплено 0 ₽) — судить не о чем, наблюдаем"
watch,hold,873320481,3745,"Картридж 408184 для принтеров Ricoh Aficio SPC360, SPC361 черный",от 2000 до 5000,20.93,20.93,0.0,25.0,4.1,17.5,4998.0,0.04,справочная,6,0,0.0,0.0,0.0,,0.0,,0,0.0,0.0,,69.0000000000000000,75.0000000000000000,-6.0,8,-19,0,6382,74,0,3,0,0,0,2,1,13.72,0.0,0,0,"кликов за неделю 0 (за всё время 1), расход 0 ₽ (накоплено 14 ₽) — судить не о чем, наблюдаем"
watch,hold,904483428,3826,"Картриджи SJIC22P для принтеров Epson ColorWorks C3500, TM-C3500",Эксперимент1,12.89,12.89,0.0,24.0,11.1,15.1,11873.0,0.02,справочная,52,0,0.0,0.0,0.0,,0.0,,0,0.0,0.0,,,34.0000000000000000,,0,-73,0,0,,0,0,1,11835.0000,0,3,3,19.42,1.0,0,0,"кликов за неделю 0 (за всё время 3), расход 0 ₽ (накоплено 19 ₽) — судить не о чем, наблюдаем"
watch,hold,1220115348,3818,"Картридж SPC250HC для принтеров Ricoh и MC250FW, PC301W голубой",Эксперимент1,14.5,14.5,0.0,26.0,11.5,15.2,8489.0,0.03,справочная,24,0,0.0,0.0,0.0,,0.0,,0,0.0,0.0,,145.0000000000000000,34.0000000000000000,111.0,12,6,0,5425,4,3,10,0,0,0,1,0,0.0,0.0,0,0,"кликов за неделю 0 (за всё время 0), расход 0 ₽ (накоплено 0 ₽) — судить не о чем, наблюдаем"
watch,hold,873319949,3946,"Картридж 976YK для принтеров HP PageWide P55250, PW P57750, PW-Pro 552, PW Pro 577 черный",Эксперимент1,9.0,9.0,0.0,24.4,15.4,13.2,14865.0,0.02,справочная,127,0,0.0,0.0,0.0,,0.0,,0,0.0,0.0,,34.0000000000000000,49.0000000000000000,-15.0,14,1,0,22,6,1,7,0,0,0,0,0,0.0,0.0,0,0,"кликов за неделю 0 (за всё время 0), расход 0 ₽ (накоплено 0 ₽) — судить не о чем, наблюдаем"
watch,hold,873319949,3946,"Картридж 976YK для принтеров HP PageWide P55250, PW P57750, PW-Pro 552, PW Pro 577 черный",от 10000 до 500 тыс,12.0,12.0,0.0,24.4,12.4,13.2,14865.0,0.02,справочная,1,0,0.0,0.0,0.0,,0.0,,0,0.0,0.0,,34.0000000000000000,49.0000000000000000,-15.0,14,1,0,22,6,1,7,0,0,0,0,0,0.0,0.0,0,0,"кликов за неделю 0 (за всё время 0), расход 0 ₽ (накоплено 0 ₽) — судить не о чем, наблюдаем"
watch,hold,904484090,3974,"Картриджи 47095705-47095708 для принтеров OKI Data C824, Data C834",Эксперимент1,8.0,8.0,0.0,34.5,26.5,12.8,22115.0,0.02,справочная,12,0,0.0,0.0,0.0,,0.0,,0,0.0,0.0,,,93.0000000000000000,,0,-8,0,0,,0,0,0,0,0,0,0,0.0,0.0,0,0,"кликов за неделю 0 (за всё время 0), расход 0 ₽ (накоплено 0 ₽) — судить не о чем, наблюдаем"
watch,hold,904484090,3974,"Картриджи 47095705-47095708 для принтеров OKI Data C824, Data C834",от 10000 до 500 тыс,12.0,12.0,0.0,34.5,22.5,12.8,22115.0,0.02,справочная,3,0,0.0,0.0,0.0,,0.0,,0,0,0,,,93.0000000000000000,,0,-8,0,0,,0,0,0,0,0,0,0,0.0,0.0,0,0,"кликов за неделю 0 (за всё время 0), расход 0 ₽ (накоплено 0 ₽) — судить не о чем, наблюдаем"
watch,hold,874374141,4234,"Картридж 006R01649 для принтеров Xerox и Versant 180, Versant 80 желтый",Эксперимент1,8.0,8.0,0.0,28.7,20.7,14.6,9964.0,0.03,справочная,12,0,0.0,0.0,0.0,,0.0,,0,0.0,0.0,,49.0000000000000000,31.0000000000000000,18.0,15,6,0,15,5,1,4,0,0,0,1,0,0.0,0.0,0,0,"кликов за неделю 0 (за всё время 0), расход 0 ₽ (накоплено 0 ₽) — судить не о чем, наблюдаем"
watch,hold,874374199,4272,"Фотобарабан 108R01420 DU для принтеров Xerox Phaser 6510, WC 6515 черный",от 10000 до 500 тыс,20.93,20.93,0.0,27.7,6.8,14.6,14418.0,0.02,справочная,8,0,0.0,0.0,0.0,,0.0,,0,0.0,0.0,,33.0000000000000000,38.0000000000000000,-5.0,9,-2,0,8,8,1,8,0,0,0,1,0,0.0,0.0,0,0,"кликов за неделю 0 (за всё время 0), расход 0 ₽ (накоплено 0 ₽) — судить не о чем, наблюдаем"
watch,hold,874374488,4290,Фотобарабан 108R01151 DU для принтеров Xerox Phaser 7100 черный,Эксперимент1,9.0,9.0,0.0,36.9,27.9,12.2,25641.0,0.02,справочная,48,0,0.0,0.0,0.0,,0.0,,0,0.0,0.0,,49.0000000000000000,31.0000000000000000,18.0,74,40,0,162,1,6,15,0,0,0,1,1,12.99,0.0,0,0,"кликов за неделю 0 (за всё время 1), расход 0 ₽ (накоплено 13 ₽) — судить не о чем, наблюдаем"
watch,hold,874374488,4290,Фотобарабан 108R01151 DU для принтеров Xerox Phaser 7100 черный,от 10000 до 500 тыс,12.0,12.0,0.0,36.9,24.9,12.2,25641.0,0.02,справочная,17,0,0.0,0.0,0.0,,0.0,,4,31.85,0.0,8.0,49.0000000000000000,31.0000000000000000,18.0,74,40,0,162,1,6,15,0,0,0,1,4,31.85,0.0,0,0,"кликов за неделю 0 (за всё время 4), расход 0 ₽ (накоплено 32 ₽) — судить не о чем, наблюдаем"
watch,hold,874375887,4274,"Картридж W2410A для принтеров HP Color LaserJet Pro M155a, Color LaserJet Pro M155nw черный",от 2000 до 5000,14.0,14.0,0.0,24.6,10.6,22.1,3591.0,0.04,справочная,25,0,0.0,0.0,0.0,,0.0,,0,0.0,0.0,,82.0000000000000000,80.0000000000000000,2.0,30,8,0,44,6,1,5,0,0,0,11,0,0.0,0.0,0,0,"кликов за неделю 0 (за всё время 0), расход 0 ₽ (накоплено 0 ₽) — судить не о чем, наблюдаем"
watch,hold,874374305,4343,"Картридж MK-4105 для принтеров Kyocera TASKalfa 1800, TASKalfa1801 черный",Эксперимент1,8.0,8.0,0.0,49.5,41.5,13.3,29808.0,0.02,справочная,3,0,0.0,0.0,0.0,,0.0,,0,0.0,0.0,,57.0000000000000000,27.0000000000000000,30.0,23,-1,0,22,2,1,3,0,0,0,0,0,0.0,0.0,0,0,"кликов за неделю 0 (за всё время 0), расход 0 ₽ (накоплено 0 ₽) — судить не о чем, наблюдаем"
watch,hold,874374305,4343,"Картридж MK-4105 для принтеров Kyocera TASKalfa 1800, TASKalfa1801 черный",от 10000 до 500 тыс,12.0,12.0,0.0,49.5,37.5,13.3,29808.0,0.02,справочная,20,0,0.0,0.0,0.0,,0.0,,0,0.0,0.0,,57.0000000000000000,27.0000000000000000,30.0,23,-1,0,22,2,1,3,0,0,0,0,0,0.0,0.0,0,0,"кликов за неделю 0 (за всё время 0), расход 0 ₽ (накоплено 0 ₽) — судить не о чем, наблюдаем"
watch,hold,874374830,4436,"Картридж T01D2 для принтеров Epson WorkForce Pro C529R, WF Pro C579R голубой",Эксперимент1,9.0,9.0,0.0,52.1,43.1,11.0,43415.0,0.02,справочная,36,0,0.0,0.0,0.0,,0.0,,0,0.0,0.0,,42.0000000000000000,58.0000000000000000,-16.0,25,9,0,411,8,2,15,0,0,0,0,0,0.0,0.0,0,0,"кликов за неделю 0 (за всё время 0), расход 0 ₽ (накоплено 0 ₽) — судить не о чем, наблюдаем"
enter,enter,901231896,4423,"Картридж LC3617BK для принтеров Brother MFC-J2330DW, MFC J2730DW черный",,,6.0,,10.1,,18.7,1475.0,0.05,справочная,0,0,0,0,0,,,,0,0,0,,86.0000000000000000,38.0000000000000000,48.0,6,2,0,5,11,0,6,3,4425.0000,0,3,0,0,0,0,0,вне рекламы  но неделю отработал сам: продажи 3 шт  органика 0 ₽  показы 6  спрос по фразам 5; маржа_safe 18.7 % ≥ KPI; старт 6.0 ₽ при потолке 10.1 ₽
watch,hold,984583619,4757,"Картриджи W2010A-W2013A для принтеров HP Color LaserJet M776, LJ M856",Эксперимент1,12.89,12.89,0.0,106.0,93.1,14.6,55219.0,0.02,справочная,16,0,0.0,0.0,0.0,,0.0,,0,0.0,0.0,,,47.0000000000000000,,0,-27,0,0,,0,0,0,0,0,1,0,0.0,0.0,0,0,"кликов за неделю 0 (за всё время 0), расход 0 ₽ (накоплено 0 ₽) — судить не о чем, наблюдаем"
watch,hold,984583619,4757,"Картриджи W2010A-W2013A для принтеров HP Color LaserJet M776, LJ M856",от 10000 до 500 тыс,19.33,19.33,0.0,106.0,86.7,14.6,55219.0,0.02,справочная,6,0,0.0,0.0,0.0,,0.0,,0,0.0,0.0,,,47.0000000000000000,,0,-27,0,0,,0,0,0,0,0,1,3,38.58,0.0,0,0,"кликов за неделю 0 (за всё время 3), расход 0 ₽ (накоплено 39 ₽) — судить не о чем, наблюдаем"
watch,hold,1139101709,5035,"Картридж 82 M для принтеров HP DesignJet 500, DJ 510, DJ 800 пурпурный",от 2000 до 5000,19.33,19.33,0.0,25.3,6.0,19.8,4282.0,0.04,справочная,27,0,0.0,0.0,0.0,,0.0,,0,0.0,0.0,,54.0000000000000000,103.0000000000000000,-49.0,3,-35,0,49,27,0,2,0,0,0,1,0,0.0,0.0,0,0,"кликов за неделю 0 (за всё время 0), расход 0 ₽ (накоплено 0 ₽) — судить не о чем, наблюдаем"
watch,hold,1220164282,5233,"Картриджи 067H для принтеров Canon i-SENSYS LBP631CW, LBP633, MF651, MF651Cw",Эксперимент1,9.0,9.0,0.0,,,,8199.0,0.03,справочная,0,0,0,0,0,,,,0,0,0,,,,,0,0,0,0,,0,0,0,0,0,0,0,0,0,0,0,"кликов за неделю 0 (за всё время 0), расход 0 ₽ (накоплено 0 ₽) — судить не о чем, наблюдаем"
watch,hold,1220701371,5228,"Чернила 112 для принтеров Epson EcoTank L-11160, L 15150, L15160, L-15180, M-15183, L-6550, L6570, L 6580 L6490 M-15140",Эксперимент1,8.0,8.0,0.0,23.4,15.4,19.1,4157.0,0.04,справочная,120,0,0.0,0.0,0.0,,0.0,,1,7.36,0.0,7.4,126.0000000000000000,86.0000000000000000,40.0,27,8,0,76,8,1,15,0,0,0,0,1,7.36,0.0,0,0,"кликов за неделю 0 (за всё время 1), расход 0 ₽ (накоплено 7 ₽) — судить не о чем, наблюдаем"
watch,hold,1261439956,4600,"Лента C13S015610BA для принтеров Epson LQ 690, LQ 106KF, LQ 675KT, LQ680KII, LQ 690C, LQ 690K, LQ 695C, VP F2000",от 2000 до 5000,19.33,19.33,0.0,15.4,-3.9,20.4,2493.0,0.04,справочная,46,0,0.0,0.0,0.0,,0.0,,0,0.0,0.0,,123.0000000000000000,46.0000000000000000,77.0,24,5,0,35,4,1,15,0,0,1,1,0,0.0,0.0,0,0,"кликов за неделю 0 (за всё время 0), расход 0 ₽ (накоплено 0 ₽) — судить не о чем, наблюдаем"
watch,hold,1261503614,4722,Картридж MPC2503 для принтеров Ricoh Aficio MPC2003 пурпурный,от 5000 до 10000,12.0,12.0,0.0,25.9,13.9,15.4,8290.0,0.03,справочная,3,0,0.0,0.0,0.0,,0.0,,0,0.0,0.0,,226.0000000000000000,,,12,12,0,7623,55,0,8,0,0,0,1,0,0.0,0.0,0,0,"кликов за неделю 0 (за всё время 0), расход 0 ₽ (накоплено 0 ₽) — судить не о чем, наблюдаем"
watch,hold,1261506552,4719,"Фотобарабан 108R01121 M DU для принтеров Xerox Phaser 6600, VersaLink C400, VersaLinkC405, WC 6605, WC 6655 пурпурный",Эксперимент1,8.0,8.0,0.0,26.9,18.9,12.3,18396.0,0.02,справочная,111,0,0.0,0.0,0.0,,0.0,,0,0.0,0.0,,47.0000000000000000,61.0000000000000000,-14.0,14,11,0,15,11,0,14,0,0,0,1,0,0.0,0.0,0,0,"кликов за неделю 0 (за всё время 0), расход 0 ₽ (накоплено 0 ₽) — судить не о чем, наблюдаем"
watch,hold,1261464561,4830,"Фотобарабан W1104A для принтеров HP Neverstop 1200 a, 1000a черный",от 5000 до 10000,19.33,19.33,0.0,23.0,3.7,13.2,9332.0,0.03,справочная,44,0,0.0,0.0,0.0,,0.0,,1,2.76,0.0,2.8,40.0000000000000000,31.0000000000000000,9.0,26,-14,0,31,6,1,14,0,0,0,1,3,9.74,0.0,0,0,"кликов за неделю 0 (за всё время 3), расход 0 ₽ (накоплено 10 ₽) — судить не о чем, наблюдаем"
watch,hold,1261577185,5147,"Фотобарабан 44844472 для принтеров OKI Data MC853, MC873 черный",от 10000 до 500 тыс,19.33,19.33,0.0,42.7,23.4,13.2,26066.0,0.02,справочная,28,0,0.0,0.0,0.0,,0.0,,4,80.73,0.0,20.2,36.0000000000000000,34.0000000000000000,2.0,47,13,0,77,2,6,15,0,0,0,4,4,80.73,0.0,0,0,"кликов за неделю 0 (за всё время 4), расход 0 ₽ (накоплено 81 ₽) — судить не о чем, наблюдаем"
watch,hold,1261629356,5148,"Фотобарабаны 44844469 - 44844472 для принтеров OKI Data MC853, MC873",от 10000 до 500 тыс,19.33,19.33,0.0,94.7,75.4,10.3,89318.0,0.02,справочная,19,0,0.0,0.0,0.0,,0.0,,0,0.0,0.0,,40.0000000000000000,21.0000000000000000,19.0,17,0,0,21,16,0,1,0,0,0,6,0,0.0,0.0,0,0,"кликов за неделю 0 (за всё время 0), расход 0 ₽ (накоплено 0 ₽) — судить не о чем, наблюдаем"
watch,hold,1261572756,5276,"Картридж 378XL для принтеров Epson Expression XP 15000, XP 8500, XP 8505",Эксперимент1,8.0,8.0,0.0,11.4,3.4,18.3,2141.0,0.04,справочная,25,0,0.0,0.0,0.0,,0.0,,0,0.0,0.0,,59.0000000000000000,62.0000000000000000,-3.0,33,-2,0,45,8,2,6,0,0,0,1,0,0.0,0.0,0,0,"кликов за неделю 0 (за всё время 0), расход 0 ₽ (накоплено 0 ₽) — судить не о чем, наблюдаем"
watch,hold,1261572756,5276,"Картридж 378XL для принтеров Epson Expression XP 15000, XP 8500, XP 8505",от 2000 до 5000,12.0,12.0,0.0,11.4,-0.6,18.3,2141.0,0.04,справочная,42,0,0.0,0.0,0.0,,0.0,,0,0.0,0.0,,59.0000000000000000,62.0000000000000000,-3.0,33,-2,0,45,8,2,6,0,0,0,1,0,0.0,0.0,0,0,"кликов за неделю 0 (за всё время 0), расход 0 ₽ (накоплено 0 ₽) — судить не о чем, наблюдаем"
watch,hold,1277712290,4658,"Картридж M21-500595WT для принтеров Brady BMP 21-LAB, BMP 21-PLUS",Эксперимент1,8.0,8.0,0.0,13.7,5.7,20.4,2220.0,0.04,справочная,53,0,0.0,0.0,0.0,,0.0,,1,7.54,0.0,7.5,36.0000000000000000,46.0000000000000000,-10.0,37,13,0,50,4,1,12,0,0,0,0,2,15.10,0.0,0,0,"кликов за неделю 0 (за всё время 2), расход 0 ₽ (накоплено 15 ₽) — судить не о чем, наблюдаем"
watch,hold,1277712843,5309,"Тонер TN-420H для принтеров M6700D, M6800FDW, M7100DN, M7200FD, M7300FDN, P3010D, P3300DN черный",от 1000-2000,18.0,18.0,0.0,16.9,-1.1,24.6,1724.0,0.05,справочная,0,0,0,0,0,,,,0,0,0,,23.0000000000000000,30.0000000000000000,-7.0,704,198,931,6719,12,0,15,2,3558.0000,8,133,0,0,0,0,0,"кликов за неделю 0 (за всё время 0), расход 0 ₽ (накоплено 0 ₽) — судить не о чем, наблюдаем"
watch,hold,1510949596,5365,"Картридж 106R01277 (2 в 1) для принтеров Xerox WorkCentre 5016, WC 5020 черный",от 2000 до 5000,12.0,12.0,0.0,15.8,3.8,13.2,4811.0,0.04,справочная,15,0,0.0,0.0,0.0,,0.0,,0,0.0,0.0,,66.0000000000000000,113.0000000000000000,-47.0,15,5,0,4331,9,1,15,0,0,0,0,0,0.0,0.0,0,0,"кликов за неделю 0 (за всё время 0), расход 0 ₽ (накоплено 0 ₽) — судить не о чем, наблюдаем"
watch,hold,1510951704,5408,"Картридж CLT-C804S для принтеров Samsung и SL-X3220, SL-X3280NR голубой",Вне РК — спрос без рекламы (08.08),21.96,21.96,0.0,27.2,5.2,13.3,16361.0,0.02,справочная,6,0,0.0,0.0,0.0,,0.0,,0,0.0,0.0,,133.0000000000000000,13.0000000000000000,120.0,5,-1,0,3401,512,0,1,0,0,0,0,0,0.0,0.0,0,0,"кликов за неделю 0 (за всё время 0), расход 0 ₽ (накоплено 0 ₽) — судить не о чем, наблюдаем"
watch,hold,1547264054,5417,"Чернила GI-41 для принтеров Canon Pixma G1420, Pixma G2420",от 1000-2000,12.0,12.0,0.0,14.2,2.2,20.2,2338.0,0.04,справочная,40,0,0.0,0.0,0.0,,0.0,,0,0.0,0.0,,133.0000000000000000,113.0000000000000000,20.0,22,-1,0,54,40,0,14,0,0,0,0,0,0.0,0.0,0,0,"кликов за неделю 0 (за всё время 0), расход 0 ₽ (накоплено 0 ₽) — судить не о чем, наблюдаем"
watch,hold,1547263990,5424,"Фотобарабан DR-316YMC для принтеров Konica Minolta Bizhub C250i, C300i, C360i цветной",от 10000 до 500 тыс,13.0,13.0,0.0,,,,22129.0,0.02,справочная,0,0,0,0,0,,,,0,0,0,,,,,0,0,0,0,,0,0,0,0,0,1,0,0,0,0,0,"кликов за неделю 0 (за всё время 0), расход 0 ₽ (накоплено 0 ₽) — судить не о чем, наблюдаем"
watch,hold,1556487050,4568,"Картридж LK4WBN для принтеров Epson LabelWorks 1000P, LW 300, LW 400, LW 600P, LW 700, LW K400, LW Z700, LW Z800",Эксперимент1,8.0,8.0,0.0,17.9,9.9,21.0,2802.0,0.04,справочная,52,0,0.0,0.0,0.0,,0.0,,0,0.0,0.0,,59.0000000000000000,65.0000000000000000,-6.0,29,-4,0,42,21,0,15,0,0,0,0,1,6.92,0.0,0,0,"кликов за неделю 0 (за всё время 1), расход 0 ₽ (накоплено 7 ₽) — судить не о чем, наблюдаем"
watch,hold,1586847024,5512,"Блок проявки DV-214K для принтеров Konica Minolta Bizhub 227, Bizhub 287 черный",Эксперимент1,8.0,8.0,0.0,,,,24055.0,0.02,справочная,0,0,0,0,0,,,,0,0,0,,,,,0,0,0,0,,0,0,0,0,0,5,0,0,0,0,0,"кликов за неделю 0 (за всё время 0), расход 0 ₽ (накоплено 0 ₽) — судить не о чем, наблюдаем"
watch,hold,1586847024,5512,"Блок проявки DV-214K для принтеров Konica Minolta Bizhub 227, Bizhub 287 черный",от 10000 до 500 тыс,12.0,12.0,0.0,,,,24055.0,0.02,справочная,0,0,0,0,0,,,,0,0,0,,,,,0,0,0,0,,0,0,0,0,0,5,0,0,0,0,0,"кликов за неделю 0 (за всё время 0), расход 0 ₽ (накоплено 0 ₽) — судить не о чем, наблюдаем"
watch,hold,1586847014,5499,"Картридж 842454 для принтеров Ricoh IM C2500, IM-C2000 черный",от 2000 до 5000,12.0,12.0,0.0,24.4,12.4,20.4,5292.0,0.03,справочная,0,0,0,0,0,,,,0,0.0,0.0,,56.0000000000000000,49.0000000000000000,7.0,39,27,0,6759,1,3,15,0,0,0,2,1,19.55,0.0,0,0,"кликов за неделю 0 (за всё время 1), расход 0 ₽ (накоплено 20 ₽) — судить не о чем, наблюдаем"
watch,hold,1586847014,5499,"Картридж 842454 для принтеров Ricoh IM C2500, IM-C2000 черный",Эксперимент1,8.0,8.0,0.0,24.4,16.4,20.4,5292.0,0.03,справочная,10,0,0.0,0.0,0.0,,0.0,,1,1.0,0.0,1.0,56.0000000000000000,49.0000000000000000,7.0,39,27,0,6759,1,3,15,0,0,0,2,1,1.0,0.0,0,0,"кликов за неделю 0 (за всё время 1), расход 0 ₽ (накоплено 1 ₽) — судить не о чем, наблюдаем"
watch,hold,1691989495,4561,"Картридж LK4BWV для принтеров Epson LabelWorks 1000P, LW 400, LW 600P, LW 700, LW K400, LW Z700, LW Z800 черный",Эксперимент1,8.0,8.0,0.0,17.9,9.9,20.3,2917.0,0.04,справочная,0,0,0,0,0,,,,0,0,0,,,,,0,0,0,0,,0,0,0,0,0,0,0,0.0,0.0,0,0,"кликов за неделю 0 (за всё время 0), расход 0 ₽ (накоплено 0 ₽) — судить не о чем, наблюдаем"
watch,hold,1692340168,5473,"Картридж BCI-5EM для принтеров Canon BJ-F300, BJ F600, BJC-3000, BJC3010, BJ 535PD, BJ F360 пурпурный",от 0 до 1000,10.0,10.0,0.0,4.7,-5.3,14.0,1037.0,0.05,справочная,53,0,0.0,0.0,0.0,,0.0,,0,0.0,0.0,,58.0000000000000000,45.0000000000000000,13.0,69,22,0,488,8,1,9,0,0,0,1,0,0.0,0.0,0,0,"кликов за неделю 0 (за всё время 0), расход 0 ₽ (накоплено 0 ₽) — судить не о чем, наблюдаем"
watch,hold,1692351812,5286,"Картридж T1 для принтеров Deli и M2500DW, P2500DW черный",от 2000 до 5000,19.33,19.33,0.0,23.3,4.0,17.8,4546.0,0.04,справочная,68,0,0.0,0.0,0.0,,0.0,,0,0.0,0.0,,71.0000000000000000,64.0000000000000000,7.0,67,-4,0,489,11,0,8,0,0,0,1,2,33.58,0.0,0,0,"кликов за неделю 0 (за всё время 2), расход 0 ₽ (накоплено 34 ₽) — судить не о чем, наблюдаем"
watch,hold,1692352035,5288,"Картридж T2 для принтеров Deli M2000DW, P2000DW черный",Эксперимент1,14.5,14.5,0.0,24.6,10.1,18.4,4595.0,0.04,справочная,53,0,0.0,0.0,0.0,,0.0,,1,9.76,0.0,9.8,78.0000000000000000,43.0000000000000000,35.0,68,9,0,499,15,0,12,1,4223.0000,0,3,1,9.76,0.0,0,0,"кликов за неделю 0 (за всё время 1), расход 0 ₽ (накоплено 10 ₽) — судить не о чем, наблюдаем"
watch,hold,1692353560,5325,"Картридж DK-6115 для принтеров Kyocera и EcoSys M4125, M4132 черный",Эксперимент1,8.0,8.0,0.0,63.6,55.6,10.9,53912.0,0.02,справочная,19,0,0.0,0.0,0.0,,0.0,,0,0.0,0.0,,28.0000000000000000,17.0000000000000000,11.0,12,8,0,19,1,3,10,0,0,0,0,0,0.0,0.0,0,0,"кликов за неделю 0 (за всё время 0), расход 0 ₽ (накоплено 0 ₽) — судить не о чем, наблюдаем"
watch,hold,1692481223,5596,"Картридж W1510A для принтеров HP LaserJet Pro 4003 dn, LJ Pro 4103fdn черный",от 2000 до 5000,12.0,12.0,0.0,21.8,9.8,18.1,4163.0,0.04,справочная,10,0,0.0,0.0,0.0,,0.0,,0,0.0,0.0,,25.0000000000000000,112.0000000000000000,-87.0,9,1,0,19,19,0,2,0,0,0,0,0,0.0,0.0,0,0,"кликов за неделю 0 (за всё время 0), расход 0 ₽ (накоплено 0 ₽) — судить не о чем, наблюдаем"
watch,hold,1692504126,5622,Картридж TK-5370M для принтеров Kyocera ECOSYS MA3500cifx пурпурный,Эксперимент1,16.1,16.1,0.0,23.6,7.5,22.5,3378.0,0.04,справочная,62,0,0.0,0.0,0.0,,0.0,,0,0.0,0.0,,90.0000000000000000,34.0000000000000000,56.0,6,-4,0,3297,15,0,6,0,0,0,3,0,0.0,0.0,0,0,"кликов за неделю 0 (за всё время 0), расход 0 ₽ (накоплено 0 ₽) — судить не о чем, наблюдаем"
watch,hold,1692505542,5618,"Картридж TK-3300 для принтеров Kyocera и ECOSYS MA4500ifx, MA4500ix черный",от 2000 до 5000,19.33,19.33,0.0,21.6,2.3,19.4,3753.0,0.04,справочная,6,0,0.0,0.0,0.0,,0.0,,0,0.0,0.0,,42.0000000000000000,48.0000000000000000,-6.0,8,-2,0,9,4,1,8,0,0,0,2,0,0.0,0.0,0,0,"кликов за неделю 0 (за всё время 0), расход 0 ₽ (накоплено 0 ₽) — судить не о чем, наблюдаем"
watch,hold,1716069449,4646,Картридж TK-8545K для принтеров Kyocera TASKalfa 4054ci черный,от 10000 до 500 тыс,20.93,20.93,0.0,24.2,3.3,14.9,12207.0,0.02,справочная,54,0,0.0,0.0,0.0,,0.0,,1,1.49,0.0,1.5,57.0000000000000000,82.0000000000000000,-25.0,42,8,0,3454,3,2,13,0,0,0,1,1,1.49,0.0,0,0,"кликов за неделю 0 (за всё время 1), расход 0 ₽ (накоплено 1 ₽) — судить не о чем, наблюдаем"
watch,hold,1744145189,5735,"Картридж BPGT20MA для принтеров Sharp и C-CUBE-BP10Р 20EU, BP20C20EU, BP20C25EU пурпурный",Эксперимент1,8.0,8.0,0.0,33.1,25.1,19.0,7883.0,0.03,справочная,32,0,0.0,0.0,0.0,,0.0,,0,0.0,0.0,,110.0000000000000000,43.0000000000000000,67.0,18,1,0,144,9,1,14,0,0,0,1,0,0.0,0.0,0,0,"кликов за неделю 0 (за всё время 0), расход 0 ₽ (накоплено 0 ₽) — судить не о чем, наблюдаем"
watch,hold,1744145404,5730,"Картридж W1520X для принтеров HP LaserJet 4104fdw, LJ Pro 4004dn черный",Эксперимент1,10.0,10.0,0.0,18.6,8.6,17.2,5074.0,0.03,справочная,36,0,0.0,0.0,0.0,,0.0,,1,9.15,0.0,9.2,36.0000000000000000,38.0000000000000000,-2.0,17,4,0,3437,24,0,3,0,0,0,0,1,9.15,0.0,0,0,"кликов за неделю 0 (за всё время 1), расход 0 ₽ (накоплено 9 ₽) — судить не о чем, наблюдаем"
watch,hold,1769024533,5760,"Чернила 108/008 M для принтеров Epson и EcoTank L18050, EcoTank L8050, L6490 пурпурный",Эксперимент1,9.0,9.0,0.0,3.6,-5.4,12.5,809.0,0.06,справочная,61,0,0.0,0.0,0.0,,0.0,,0,0.0,0.0,,117.0000000000000000,109.0000000000000000,8.0,50,7,0,127,11,0,15,0,0,0,0,0,0.0,0.0,0,0,"кликов за неделю 0 (за всё время 0), расход 0 ₽ (накоплено 0 ₽) — судить не о чем, наблюдаем"
watch,hold,1851950392,5832,Картридж W2003X для принтеров HP Color LJ M751 пурпурный,Эксперимент1,8.0,8.0,0.0,24.0,16.0,12.9,15216.0,0.02,справочная,55,0,0.0,0.0,0.0,,0.0,,0,0.0,0.0,,114.0000000000000000,121.0000000000000000,-7.0,28,16,0,4543,8,2,15,0,0,0,1,0,0.0,0.0,0,0,"кликов за неделю 0 (за всё время 0), расход 0 ₽ (накоплено 0 ₽) — судить не о чем, наблюдаем"
watch,hold,1852066350,5806,"Картридж TN-3600XXL для принтеров Brother HL-L5210, 5710 черный",от 2000 до 5000,14.0,14.0,0.0,,,,6627.0,0.03,справочная,0,0,0,0,0,,,,0,0,0,,,,,0,0,0,0,,0,0,0,0,0,8,0,0,0,0,0,"кликов за неделю 0 (за всё время 0), расход 0 ₽ (накоплено 0 ₽) — судить не о чем, наблюдаем"
watch,hold,1855059066,5704,"Картридж TN-1070 для принтеров Avision AM30A MFP, AP30A черный",Эксперимент1,8.0,8.0,0.0,19.9,11.9,16.7,4245.0,0.04,справочная,8,0,0.0,0.0,0.0,,0.0,,0,0.0,0.0,,30.0000000000000000,48.0000000000000000,-18.0,18,-2,0,31,18,0,13,0,0,0,3,0,0.0,0.0,0,0,"кликов за неделю 0 (за всё время 0), расход 0 ₽ (накоплено 0 ₽) — судить не о чем, наблюдаем"
watch,hold,1855059066,5704,"Картридж TN-1070 для принтеров Avision AM30A MFP, AP30A черный",от 2000 до 5000,13.0,13.0,0.0,19.9,6.9,16.7,4245.0,0.04,справочная,13,0,0.0,0.0,0.0,,0.0,,0,0.0,0.0,,30.0000000000000000,48.0000000000000000,-18.0,18,-2,0,31,18,0,13,0,0,0,3,0,0.0,0.0,0,0,"кликов за неделю 0 (за всё время 0), расход 0 ₽ (накоплено 0 ₽) — судить не о чем, наблюдаем"
watch,hold,1869841159,5706,Лента M210-750-488 для принтеров Brady M210 черный,от 2000 до 5000,19.33,19.33,0.0,23.6,4.3,17.0,4907.0,0.04,справочная,72,0,0.0,0.0,0.0,,0.0,,0,0.0,0.0,,59.0000000000000000,31.0000000000000000,28.0,55,8,0,183,12,0,15,0,0,0,1,0,0.0,0.0,0,0,"кликов за неделю 0 (за всё время 0), расход 0 ₽ (накоплено 0 ₽) — судить не о чем, наблюдаем"
watch,hold,1897483918,5868,"Картриджи 842506-842509 для принтеров Ricoh IM C3010, IM C3510",от 10000 до 500 тыс,13.0,13.0,0.0,67.6,54.6,13.5,39768.0,0.02,справочная,0,0,0,0,0,,,,0,0.0,0.0,,,37.0000000000000000,,0,-5,0,0,,0,0,0,0,0,0,0,0.0,0.0,0,0,"кликов за неделю 0 (за всё время 0), расход 0 ₽ (накоплено 0 ₽) — судить не о чем, наблюдаем"
watch,hold,1897483933,5877,"Картридж TN-2590XL для принтеров Brother DCP-L2600D, DCP L2622DW, HL-L2402D, HL-L2442DW, HLL2460DN, MFC-L2802DN, MFC-L2862DW черный",Эксперимент1,12.89,12.89,0.0,18.1,5.2,21.5,2741.0,0.04,справочная,73,0,0.0,0.0,0.0,,0.0,,2,2.32,0.0,1.2,80.0000000000000000,39.0000000000000000,41.0,72,20,0,155,4,3,14,0,0,0,1,2,2.32,0.0,0,1,"кликов за неделю 0 (за всё время 2), расход 0 ₽ (накоплено 2 ₽) — судить не о чем, наблюдаем"
watch,hold,1897483846,5878,"Картридж B240HA0 для принтеров Lexmark LaserPrinter B2442, LP MB2442 черный",Эксперимент1,12.89,12.89,0.0,29.5,16.6,13.4,17535.0,0.02,справочная,29,0,0.0,0.0,0.0,,0.0,,0,0.0,0.0,,40.0000000000000000,49.0000000000000000,-9.0,45,5,0,3492,2,1,14,0,0,0,1,0,0.0,0.0,0,0,"кликов за неделю 0 (за всё время 0), расход 0 ₽ (накоплено 0 ₽) — судить не о чем, наблюдаем"
watch,hold,1897483846,5878,"Картридж B240HA0 для принтеров Lexmark LaserPrinter B2442, LP MB2442 черный",от 10000 до 500 тыс,20.93,20.93,0.0,29.5,8.6,13.4,17535.0,0.02,справочная,78,0,0.0,0.0,0.0,,0.0,,0,0.0,0.0,,40.0000000000000000,49.0000000000000000,-9.0,45,5,0,3492,2,1,14,0,0,0,1,0,0.0,0.0,0,0,"кликов за неделю 0 (за всё время 0), расход 0 ₽ (накоплено 0 ₽) — судить не о чем, наблюдаем"
watch,hold,1999169975,5892,"Картридж PFI-030MBK для принтеров Canon imagePROGRAF TM-240, TM 250, TM255, IPF ТМ-340, TM-350, TM355 черный матовый",от 5000 до 10000,20.93,20.93,0.0,27.6,6.7,16.1,8294.0,0.03,справочная,54,0,0.0,0.0,0.0,,0.0,,0,0.0,0.0,,55.0000000000000000,74.0000000000000000,-19.0,32,-25,0,112,18,0,3,0,0,0,2,3,51.27,0.0,0,0,"кликов за неделю 0 (за всё время 3), расход 0 ₽ (накоплено 51 ₽) — судить не о чем, наблюдаем"
watch,hold,1999631953,6042,"Фотобарабан DK-8505 для принтеров Kyocera TASKalfa 3050ci, TASKalfa3051ci черный",Вне РК — спрос без рекламы (08.08),21.96,21.96,0.0,57.2,35.2,10.6,51072.0,0.02,справочная,8,0,0.0,0.0,0.0,,0.0,,0,0,0,,36.0000000000000000,57.0000000000000000,-21.0,8,-14,0,7,,0,0,0,0,0,0,0,0.0,0.0,0,0,"кликов за неделю 0 (за всё время 0), расход 0 ₽ (накоплено 0 ₽) — судить не о чем, наблюдаем"
watch,hold,2129682591,6102,"Фотобарабан + картридж TN-1075+DR-1075 для принтеров Brother DCP-1510R, DCP 1512R, HL-1110R, HL-1112R, MFC-1810R, MFC1815 черный",от 2000 до 5000,20.93,20.93,0.0,20.9,-0.0,19.7,3551.0,0.04,справочная,40,0,0.0,0.0,0.0,,0.0,,0,0.0,0.0,,83.0000000000000000,66.0000000000000000,17.0,42,0,0,102,20,0,15,0,0,0,2,0,0.0,0.0,0,0,"кликов за неделю 0 (за всё время 0), расход 0 ₽ (накоплено 0 ₽) — судить не о чем, наблюдаем"
watch,hold,2203206777,2954,"Картридж CF218X для принтеров HP LaserJet Pro M103, LJ Pro M104a черный",от 1000-2000,12.0,12.0,0.0,11.7,-0.3,17.4,2361.0,0.04,справочная,7,0,0.0,0.0,0.0,,0.0,,0,0.0,0.0,,80.0000000000000000,95.0000000000000000,-15.0,8,0,0,9,,0,0,0,0,0,0,1,18.5,0.0,0,0,"кликов за неделю 0 (за всё время 1), расход 0 ₽ (накоплено 18 ₽) — судить не о чем, наблюдаем"
watch,hold,2203231466,3468,"Картриджи W2410A-W2413A для принтеров HP Color LaserJet Pro M155a, Color LaserJet Pro M155nw",Эксперимент1,8.0,8.0,0.0,,,,12403.0,0.02,справочная,0,0,0,0,0,,,,0,0,0,,,,,0,0,0,0,,0,0,0,0,0,0,0,0,0,0,0,"кликов за неделю 0 (за всё время 0), расход 0 ₽ (накоплено 0 ₽) — судить не о чем, наблюдаем"
watch,hold,2214347970,6231,"Картридж PC-212EV XL для принтеров M6502, M6552NW, P2502 черный",Эксперимент1,17.71,17.71,0.0,33.4,15.7,26.0,5303.0,0.03,справочная,52,0,0.0,0.0,0.0,,0.0,,0,0.0,0.0,,189.0000000000000000,118.0000000000000000,71.0,16,-27,0,139,17,0,8,0,0,0,9,0,0.0,0.0,0,0,"кликов за неделю 0 (за всё время 0), расход 0 ₽ (накоплено 0 ₽) — судить не о чем, наблюдаем"
watch,hold,2214347970,6231,"Картридж PC-212EV XL для принтеров M6502, M6552NW, P2502 черный",от 2000 до 5000,24.16,24.16,0.0,33.4,9.2,26.0,5303.0,0.03,справочная,33,0,0.0,0.0,0.0,,0.0,,0,0.0,0.0,,189.0000000000000000,118.0000000000000000,71.0,16,-27,0,139,17,0,8,0,0,0,9,0,0.0,0.0,0,0,"кликов за неделю 0 (за всё время 0), расход 0 ₽ (накоплено 0 ₽) — судить не о чем, наблюдаем"
watch,hold,2262640363,6252,"Картридж W2222A для принтеров HP Color LaserJet Pro 3203, LJ Pro 3288 желтый",Эксперимент1,8.0,8.0,0.0,27.7,19.7,15.2,9052.0,0.03,справочная,44,0,0.0,0.0,0.0,,0.0,,0,0.0,0.0,,96.0000000000000000,167.0000000000000000,-71.0,12,2,0,22,23,0,8,0,0,0,1,0,0.0,0.0,0,0,"кликов за неделю 0 (за всё время 0), расход 0 ₽ (накоплено 0 ₽) — судить не о чем, наблюдаем"
watch,hold,2493620667,6273,"Картриджи 76C0HK0-76C0HY0 для принтеров Lexmark CS921de, CS923de, CX921de, CX922de",Эксперимент1,8.0,8.0,0.0,48.0,40.0,10.7,42116.0,0.02,справочная,15,0,0.0,0.0,0.0,,0.0,,0,0.0,0.0,,,76.0000000000000000,,0,-14,0,0,,0,0,0,0,0,0,0,0.0,0.0,0,0,"кликов за неделю 0 (за всё время 0), расход 0 ₽ (накоплено 0 ₽) — судить не о чем, наблюдаем"
watch,hold,2493620667,6273,"Картриджи 76C0HK0-76C0HY0 для принтеров Lexmark CS921de, CS923de, CX921de, CX922de",от 10000 до 500 тыс,12.0,12.0,0.0,48.0,36.0,10.7,42116.0,0.02,справочная,3,0,0.0,0.0,0.0,,0.0,,0,0.0,0.0,,,76.0000000000000000,,0,-14,0,0,,0,0,0,0,0,0,0,0.0,0.0,0,0,"кликов за неделю 0 (за всё время 0), расход 0 ₽ (накоплено 0 ₽) — судить не о чем, наблюдаем"
watch,hold,2620111502,6308,"Картридж TN-2455 для принтеров Brother DCP-L2550DW, HL L2335D черный",Эксперимент1,8.0,8.0,0.0,18.4,10.4,18.6,3389.0,0.04,справочная,66,0,0.0,0.0,0.0,,0.0,,0,0.0,0.0,,95.0000000000000000,60.0000000000000000,35.0,11,2,0,1108,17,0,9,0,0,0,0,0,0.0,0.0,0,0,"кликов за неделю 0 (за всё время 0), расход 0 ₽ (накоплено 0 ₽) — судить не о чем, наблюдаем"
watch,hold,2695197286,6428,"Картриджи TN-512 для принтеров Konica Minolta Bizhub C454, Bizhub C554",Эксперимент1,12.89,12.89,0.0,27.2,14.3,12.1,19183.0,0.02,справочная,47,0,0.0,0.0,0.0,,0.0,,0,0.0,0.0,,,71.0000000000000000,,0,-10,0,0,,0,0,0,0,1,1,1,7.18,0.0,0,0,"кликов за неделю 0 (за всё время 1), расход 0 ₽ (накоплено 7 ₽) — судить не о чем, наблюдаем"
watch,hold,2695197286,6428,"Картриджи TN-512 для принтеров Konica Minolta Bizhub C454, Bizhub C554",от 10000 до 500 тыс,19.33,19.33,0.0,27.2,7.9,12.1,19183.0,0.02,справочная,1,0,0.0,0.0,0.0,,0.0,,0,0.0,0.0,,,71.0000000000000000,,0,-10,0,0,,0,0,0,0,1,1,0,0.0,0.0,0,0,"кликов за неделю 0 (за всё время 0), расход 0 ₽ (накоплено 0 ₽) — судить не о чем, наблюдаем"
watch,hold,2728924277,6485,"Фотобарабаны 44064009-44064012 для принтеров OKI C 810, C 821, C 830, C801, Data MC860, MC851",Вне РК — спрос без рекламы (08.08),21.96,21.96,0.0,87.4,65.4,11.1,71634.0,0.02,справочная,10,0,0.0,0.0,0.0,,0.0,,0,0,0,,,22.0000000000000000,,0,-7,0,0,,0,0,0,0,0,0,0,0.0,0.0,0,0,"кликов за неделю 0 (за всё время 0), расход 0 ₽ (накоплено 0 ₽) — судить не о чем, наблюдаем"
watch,hold,2785191533,5889,"Картриджи GC-41 для принтеров Ricoh Aficio SG2100N, SG3100SNw, SG3110 DNw, SG7100",Пустые РК,13.0,13.0,0.0,32.2,19.2,12.2,22352.0,0.02,справочная,0,0,0,0,0,,,,0,0.0,0.0,,,27.0000000000000000,,0,-3,0,0,,0,0,0,0,0,0,0,0.0,0.0,0,0,"кликов за неделю 0 (за всё время 0), расход 0 ₽ (накоплено 0 ₽) — судить не о чем, наблюдаем"
watch,hold,2908622775,6603,"Фотобарабан + картридж DL-420 XL+TL-420X для принтеров M6700D, M6800FDW, M7100DN, M7200FD, M7300FDN, P3010D, P3300DN черный",от 2000 до 5000,13.0,13.0,0.0,0.0,-13.0,-15.1,4583.0,0.04,справочная,17,0,0.0,0.0,0.0,,0.0,,1,7.86,0.0,7.9,108.0000000000000000,77.0000000000000000,31.0,28,1,0,59,11,0,15,0,0,0,4,1,7.86,0.0,0,0,"кликов за неделю 0 (за всё время 1), расход 0 ₽ (накоплено 8 ₽) — судить не о чем, наблюдаем"
watch,hold,2909441637,6613,"Фотобарабан + картридж SP-4500 DU+SP-4500HE для принтеров Ricoh Aficio 3600SF, 3610SF, 4510DN, 4520 черный",Эксперимент1,8.0,8.0,0.0,28.2,20.2,14.7,14530.0,0.02,справочная,0,0,0,0,0,,,,0,0.0,0.0,,,228.0000000000000000,,0,-7,0,0,,0,0,0,0,0,1,0,0.0,0.0,0,0,"кликов за неделю 0 (за всё время 0), расход 0 ₽ (накоплено 0 ₽) — судить не о чем, наблюдаем"
watch,hold,2916222439,6640,"Фотобарабан + картридж KX-FAD93A DU+KX-FAT92A для принтеров Panasonic KX-MB261, KX MB262, KXMB263, KX-MB271, KXMB281, KX MB283 черный",Эксперимент1,12.89,12.89,0.0,21.5,8.6,12.9,9056.0,0.03,справочная,63,0,0.0,0.0,0.0,,0.0,,2,18.23,0.0,9.1,99.0000000000000000,134.0000000000000000,-35.0,60,34,0,646,3,1,10,0,0,0,1,2,18.23,0.0,0,0,"кликов за неделю 0 (за всё время 2), расход 0 ₽ (накоплено 18 ₽) — судить не о чем, наблюдаем"
watch,hold,2920904121,6659,"Фотобарабан + картридж IUP16+TNP-39 для принтеров Konica Minolta Bizhub 3300, 3301P, 4000P, 4700P черный",Эксперимент1,8.0,8.0,0.0,22.5,14.5,13.0,14089.0,0.02,справочная,13,0,0.0,0.0,0.0,,0.0,,0,0.0,0.0,,,33.0000000000000000,,0,-9,0,0,,0,0,0,0,0,0,0,0.0,0.0,0,0,"кликов за неделю 0 (за всё время 0), расход 0 ₽ (накоплено 0 ₽) — судить не о чем, наблюдаем"
watch,hold,2923195813,6676,"Фотобарабан + картридж DR-2175 DU+TN-2175 для принтеров Brother DCP-7030R, DCP 7032R, HL-2140R, HL2142R, HL 2150NR, HL-2170WR, MFC-7320R, MFC 7440NR черный",Эксперимент1,14.5,14.5,0.0,16.4,1.9,14.0,4569.0,0.04,справочная,35,0,0.0,0.0,0.0,,0.0,,0,0.0,0.0,,100.0000000000000000,57.0000000000000000,43.0,31,11,0,10251,19,0,4,0,0,0,3,0,0.0,0.0,0,0,"кликов за неделю 0 (за всё время 0), расход 0 ₽ (накоплено 0 ₽) — судить не о чем, наблюдаем"
watch,hold,2928768335,6726,"Фотобарабан + картридж W2004A+W2000A для принтеров HP Color LJ M751, LJ M776 черный",Пустые РК,12.0,12.0,0.0,32.3,20.3,11.6,24434.0,0.02,справочная,1,0,0.0,0.0,0.0,,0.0,,0,0.0,0.0,,,44.0000000000000000,,0,-6,0,0,,0,0,0,0,0,0,0,0.0,0.0,0,0,"кликов за неделю 0 (за всё время 0), расход 0 ₽ (накоплено 0 ₽) — судить не о чем, наблюдаем"
watch,hold,2929344409,6741,"Фотобарабан + картридж 013R00679 DU+006R01731 для принтеров Xerox B 1025, B-1022 черный",Пустые РК,12.0,12.0,0.0,59.7,47.7,13.4,35518.0,0.02,справочная,0,0,0,0,0,,,,0,0,0,,,,,0,0,0,0,,0,0,0,0,0,0,0,0.0,0.0,0,0,"кликов за неделю 0 (за всё время 0), расход 0 ₽ (накоплено 0 ₽) — судить не о чем, наблюдаем"
watch,hold,2994162599,1221,"Картридж LC525XLY для принтеров Brother DCP-J100, DCP J105, MFC-J200 желтый",Пустые РК,11.0,11.0,0.0,1.2,-9.8,8.2,651.0,0.06,справочная,24,0,0.0,0.0,0.0,,0.0,,0,0.0,0.0,,139.0000000000000000,50.0000000000000000,89.0,24,1,0,53,42,0,6,0,0,0,1,0,0.0,0.0,0,0,"кликов за неделю 0 (за всё время 0), расход 0 ₽ (накоплено 0 ₽) — судить не о чем, наблюдаем"
watch,hold,2999122861,1322,"Картридж KX-FAT431A7 для принтеров Panasonic KX-MB2230RU, KX MB2270RU, KXMB2510RU, KX-MB2540RU черный",Вне РК — спрос без рекламы (08.08),21.96,21.96,0.0,24.9,2.9,15.1,8204.0,0.03,справочная,50,0,0.0,0.0,0.0,,0.0,,0,0.0,0.0,,163.0000000000000000,40.0000000000000000,123.0,18,6,0,3541,8,1,14,0,0,0,1,0,0.0,0.0,0,0,"кликов за неделю 0 (за всё время 0), расход 0 ₽ (накоплено 0 ₽) — судить не о чем, наблюдаем"
watch,hold,2999199646,1231,"Картридж LC567XLBK для принтеров Brother MFC-J2310, MFC-J2510 черный",Пустые РК,10.0,10.0,0.0,5.1,-4.9,14.7,1046.0,0.05,справочная,9,0,0.0,0.0,0.0,,0.0,,0,0.0,0.0,,77.0000000000000000,53.0000000000000000,24.0,15,2,0,29,14,0,13,0,0,0,0,0,0.0,0.0,0,0,"кликов за неделю 0 (за всё время 0), расход 0 ₽ (накоплено 0 ₽) — судить не о чем, наблюдаем"
watch,hold,3006265875,1225,"Картридж LC563M для принтеров Brother MFC-J2310, MFC J2510 пурпурный",Пустые РК,10.0,10.0,0.0,5.7,-4.3,15.5,1080.0,0.05,справочная,17,0,0.0,0.0,0.0,,0.0,,0,0.0,0.0,,122.0000000000000000,74.0000000000000000,48.0,8,3,0,20,40,0,8,0,0,0,0,0,0.0,0.0,0,0,"кликов за неделю 0 (за всё время 0), расход 0 ₽ (накоплено 0 ₽) — судить не о чем, наблюдаем"
watch,hold,3006511904,5083,"Картридж TNP-49K для принтеров Konica Minolta Bizhub C3351, Bizhub C3851 черный",Эксперимент1,8.0,8.0,0.0,27.2,19.2,16.9,7626.0,0.03,справочная,8,0,0.0,0.0,0.0,,0.0,,0,0.0,0.0,,132.0000000000000000,55.0000000000000000,77.0,2,-5,0,2,,0,0,0,0,0,1,0,0.0,0.0,0,0,"кликов за неделю 0 (за всё время 0), расход 0 ₽ (накоплено 0 ₽) — судить не о чем, наблюдаем"
watch,hold,3350326076,2411,"Картридж TK-8115BK для принтеров Kyocera Ecosys M8124cidn, M8130cidn черный",Эксперимент1,8.0,8.0,0.0,22.5,14.5,18.3,4226.0,0.04,справочная,27,0,0.0,0.0,0.0,,0.0,,0,0.0,0.0,,59.0000000000000000,55.0000000000000000,4.0,52,26,0,73,8,1,7,0,0,1,8,0,0.0,0.0,0,0,"кликов за неделю 0 (за всё время 0), расход 0 ₽ (накоплено 0 ₽) — судить не о чем, наблюдаем"
watch,hold,3350340732,3565,"Картридж 106R04348 для принтеров Xerox B-205, B 210, B215 черный",Эксперимент1,8.0,8.0,0.0,19.8,11.8,21.9,2925.0,0.04,справочная,39,0,0.0,0.0,0.0,,0.0,,0,0.0,0.0,,70.0000000000000000,76.0000000000000000,-6.0,11,0,0,16,43,0,8,0,0,0,1,0,0.0,0.0,0,0,"кликов за неделю 0 (за всё время 0), расход 0 ₽ (накоплено 0 ₽) — судить не о чем, наблюдаем"
watch,hold,3460907146,01102,Картридж для Samsung ML-1641,Эксперимент1,12.89,12.89,0.0,4.8,-8.1,8.9,3045.0,0.04,справочная,56,0,0.0,0.0,0.0,,0.0,,0,0.0,0.0,,58.0000000000000000,58.0000000000000000,0.0,35,-21,0,51,2,2,15,0,0,0,4,1,11.2,0.0,0,0,"кликов за неделю 0 (за всё время 1), расход 0 ₽ (накоплено 11 ₽) — судить не о чем, наблюдаем"
watch,hold,3497826346,0424,"Картридж C6625A (17) для принтеров HP DeskJet 845c, DeskJet 816c, DeskJet 843c",Эксперимент1,12.89,12.89,0.0,17.3,4.4,23.0,2403.0,0.04,справочная,21,0,0.0,0.0,0.0,,0.0,,0,0.0,0.0,,80.0000000000000000,53.0000000000000000,27.0,40,-1,0,4852,5,4,15,0,0,0,1,0,0.0,0.0,0,0,"кликов за неделю 0 (за всё время 0), расход 0 ₽ (накоплено 0 ₽) — судить не о чем, наблюдаем"
watch,hold,3497826346,0424,"Картридж C6625A (17) для принтеров HP DeskJet 845c, DeskJet 816c, DeskJet 843c",от 2000 до 5000,20.93,20.93,0.0,17.3,-3.6,23.0,2403.0,0.04,справочная,48,0,0.0,0.0,0.0,,0.0,,2,27.23,0.0,13.6,80.0000000000000000,53.0000000000000000,27.0,40,-1,0,4852,5,4,15,0,0,0,1,3,42.03,0.0,0,0,"кликов за неделю 0 (за всё время 3), расход 0 ₽ (накоплено 42 ₽) — судить не о чем, наблюдаем"
watch,hold,3557210640,6818,"Картридж W1331X для принтеров HP Laser 408 dn, Laser 432 fdn черный",Эксперимент1,12.89,12.89,0.0,18.0,5.1,16.0,4082.0,0.04,справочная,41,0,0.0,0.0,0.0,,0.0,,0,0.0,0.0,,53.0000000000000000,61.0000000000000000,-8.0,4,-3,0,7,48,0,1,0,0,0,1,0,0.0,0.0,0,0,"кликов за неделю 0 (за всё время 0), расход 0 ₽ (накоплено 0 ₽) — судить не о чем, наблюдаем"
watch,hold,3557210640,6818,"Картридж W1331X для принтеров HP Laser 408 dn, Laser 432 fdn черный",от 2000 до 5000,19.33,19.33,0.0,18.0,-1.3,16.0,4082.0,0.04,справочная,1,0,0.0,0.0,0.0,,0.0,,0,0.0,0.0,,53.0000000000000000,61.0000000000000000,-8.0,4,-3,0,7,48,0,1,0,0,0,1,0,0.0,0.0,0,0,"кликов за неделю 0 (за всё время 0), расход 0 ₽ (накоплено 0 ₽) — судить не о чем, наблюдаем"
watch,hold,3557210879,6790,"Картридж 067H для принтеров Canon i-SENSYS LBP631CW, LBP633, MF651, MF651Cw желтый",от 2000 до 5000,12.0,12.0,0.0,24.3,12.3,21.6,3666.0,0.04,справочная,22,0,0.0,0.0,0.0,,0.0,,0,0.0,0.0,,90.0000000000000000,72.0000000000000000,18.0,26,-36,0,6750,15,0,7,0,0,0,1,1,13.01,0.0,0,0,"кликов за неделю 0 (за всё время 1), расход 0 ₽ (накоплено 13 ₽) — судить не о чем, наблюдаем"
watch,hold,3557211110,6786,"Картридж 070H для принтеров Canon i-SENSYS LBP243dw, LBP246dw, MF461dw, MF463dw черный",от 2000 до 5000,19.33,19.33,0.0,28.5,9.2,21.8,4235.0,0.04,справочная,18,0,0.0,0.0,0.0,,0.0,,2,19.51,0.0,9.8,57.0000000000000000,69.0000000000000000,-12.0,85,30,0,3426,12,0,15,1,3538.0000,0,4,3,37.50,2.0,0,0,"кликов за неделю 0 (за всё время 3), расход 0 ₽ (накоплено 38 ₽) — судить не о чем, наблюдаем"
watch,hold,3557211044,6515,Картриджи TK-5430 для принтеров Kyocera ECOSYS MA2100cwfx,Эксперимент1,12.89,12.89,0.0,25.0,12.1,16.9,7016.0,0.03,справочная,44,0,0.0,0.0,0.0,,0.0,,0,0.0,0.0,,,165.0000000000000000,,0,-14,0,0,,0,0,0,0,0,1,2,12.64,0.0,0,0,"кликов за неделю 0 (за всё время 2), расход 0 ₽ (накоплено 13 ₽) — судить не о чем, наблюдаем"
watch,hold,3674688702,6596,Картридж TK-5480K для принтеров Kyocera ECOSYS MA2101cfx черный,Эксперимент1,12.89,12.89,0.0,19.8,6.9,18.1,5037.0,0.03,справочная,0,0,0,0,0,,,,0,0,0,,,,,0,0,0,0,,0,0,0,0,0,1,0,0.0,0.0,0,0,"кликов за неделю 0 (за всё время 0), расход 0 ₽ (накоплено 0 ₽) — судить не о чем, наблюдаем"
watch,hold,3681617451,3902,"Картриджи №912XL для принтеров HP OfficeJet 8012, OfficeJet8013",Эксперимент1,12.89,12.89,0.0,26.5,13.6,18.3,6640.0,0.03,справочная,30,0,0.0,0.0,0.0,,0.0,,0,0.0,0.0,,,92.0000000000000000,,0,-24,0,0,,0,0,0,0,1,7,0,0.0,0.0,0,0,"кликов за неделю 0 (за всё время 0), расход 0 ₽ (накоплено 0 ₽) — судить не о чем, наблюдаем"
watch,hold,3953680419,6762,"Картридж PG-745XL для принтеров Canon iP2870, iP2872, MG2470, MG2570 черный",от 5000 до 10000,19.33,19.33,0.0,26.8,7.5,17.7,7027.0,0.03,справочная,0,0,0,0,0,,,,0,0,0,,,,,0,0,0,0,,0,0,0,0,0,2,0,0,0,0,0,"кликов за неделю 0 (за всё время 0), расход 0 ₽ (накоплено 0 ₽) — судить не о чем, наблюдаем"
watch,hold,3807936294,5519,"Картридж W1420A для принтеров HP LaserJet MFP M140w, LJ M110w, LJ-M110we, LJ MFP M140we",Эксперимент1,12.89,12.89,0.0,20.2,7.3,20.3,3307.0,0.04,справочная,49,0,0.0,0.0,0.0,,0.0,,1,11.95,0.0,11.9,46.0000000000000000,94.0000000000000000,-48.0,20,-17,0,51,11,0,15,0,0,0,1,2,14.54,0.0,0,0,"кликов за неделю 0 (за всё время 2), расход 0 ₽ (накоплено 15 ₽) — судить не о чем, наблюдаем"
watch,hold,3861471548,6389,"Картриджи 006R01738-006R01741 для принтеров Xerox PrimeLink C9065, PrimeLink C9070",Эксперимент1,12.89,12.89,0.0,67.9,55.0,10.8,58520.0,0.02,справочная,11,0,0.0,0.0,0.0,,0.0,,0,0.0,0.0,,,40.0000000000000000,,0,-22,0,0,,0,0,0,0,0,1,0,0.0,0.0,0,0,"кликов за неделю 0 (за всё время 0), расход 0 ₽ (накоплено 0 ₽) — судить не о чем, наблюдаем"
enter,enter,4450871818,00182,Картридж для Canon FC-128,,,11.3,,22.6,,17.5,6038.0,0.03,справочная,0,0,0.0,1.0,5298.0,,,0.0,2,35.05,0.0,17.5,39.0000000000000000,33.0000000000000000,6.0,33,1,0,3477,5,3,15,1,5298.0000,0,1,3,36.05,1.0,0,0,вне рекламы  но неделю отработал сам: продажи 1 шт  органика 0 ₽  показы 33  спрос по фразам 3 477; маржа_safe 17.5 % ≥ KPI; старт 11.3 ₽ при потолке 22.6 ₽
watch,hold,4451299177,00392,Картридж для Samsung CLX-3160N,Эксперимент1,12.89,12.89,0.0,23.1,10.2,21.9,3420.0,0.04,справочная,0,0,0,0,0,,,,0,0,0,,,,,0,0,0,0,,0,0,0,0,0,1,0,0,0,0,0,"кликов за неделю 0 (за всё время 0), расход 0 ₽ (накоплено 0 ₽) — судить не о чем, наблюдаем"
watch,hold,4451299177,00392,Картридж для Samsung CLX-3160N,от 2000 до 5000,19.33,19.33,0.0,23.1,3.8,21.9,3420.0,0.04,справочная,0,0,0,0,0,,,,0,0,0,,,,,0,0,0,0,,0,0,0,0,0,1,0,0,0,0,0,"кликов за неделю 0 (за всё время 0), расход 0 ₽ (накоплено 0 ₽) — судить не о чем, наблюдаем"
watch,hold,4451921994,00815,Картридж для Brother MFC-7320R,Эксперимент1,12.89,12.89,0.0,16.1,3.2,21.2,2482.0,0.04,справочная,38,0,0.0,0.0,0.0,,0.0,,1,18.45,0.0,18.4,37.0000000000000000,42.0000000000000000,-5.0,17,9,0,20,1,5,12,0,0,0,1,1,18.45,0.0,0,0,"кликов за неделю 0 (за всё время 1), расход 0 ₽ (накоплено 18 ₽) — судить не о чем, наблюдаем"
watch,hold,4451922817,00872,Картридж для HP LaserJet Pro M1217,Эксперимент1,12.89,12.89,0.0,10.7,-2.2,17.2,2196.0,0.04,справочная,43,0,0.0,0.0,0.0,,0.0,,0,0.0,0.0,,123.0000000000000000,116.0000000000000000,7.0,18,-4,0,102,8,1,5,0,0,0,2,0,0.0,0.0,0,0,"кликов за неделю 0 (за всё время 0), расход 0 ₽ (накоплено 0 ₽) — судить не о чем, наблюдаем"
watch,hold,4451926294,01091,Картридж для Samsung SCX-4500,Эксперимент1,12.89,12.89,0.0,32.3,19.4,20.1,7137.0,0.03,справочная,228,0,0.0,0.0,0.0,,0.0,,0,0.0,0.0,,58.0000000000000000,73.0000000000000000,-15.0,48,-20,0,3544,4,1,7,2,11870.0000,0,3,0,0.0,0.0,0,0,"кликов за неделю 0 (за всё время 0), расход 0 ₽ (накоплено 0 ₽) — судить не о чем, наблюдаем"
watch,hold,4451927942,01191,Картридж для Kyocera FS-1028MFP,Эксперимент1,12.89,12.89,0.0,10.1,-2.8,17.1,2087.0,0.04,справочная,98,0,0.0,0.0,0.0,,0.0,,0,0.0,0.0,,155.0000000000000000,44.0000000000000000,111.0,15,-6,0,48,60,0,3,0,0,0,2,0,0.0,0.0,0,0,"кликов за неделю 0 (за всё время 0), расход 0 ₽ (накоплено 0 ₽) — судить не о чем, наблюдаем"
watch,hold,4451933527,01276,Лента для принтера для Panasonic KX-FP148,Эксперимент1,12.89,12.89,0.0,15.4,2.5,19.9,2578.0,0.04,справочная,88,0,0.0,0.0,0.0,,0.0,,0,0.0,0.0,,18.0000000000000000,77.0000000000000000,-59.0,5,-37,0,19,10,1,3,0,0,0,1,3,23.36,0.0,0,0,"кликов за неделю 0 (за всё время 3), расход 0 ₽ (накоплено 23 ₽) — судить не о чем, наблюдаем"
watch,hold,4451938163,01352,Картридж для Canon Pixma iP3300,Эксперимент1,8.0,8.0,0.0,3.6,-4.4,12.6,782.0,0.06,справочная,55,0,0.0,0.0,0.0,,0.0,,0,0.0,0.0,,67.0000000000000000,113.0000000000000000,-46.0,33,15,0,36,6,1,15,0,0,1,1,0,0.0,0.0,0,0,"кликов за неделю 0 (за всё время 0), расход 0 ₽ (накоплено 0 ₽) — судить не о чем, наблюдаем"
watch,hold,4451938163,01352,Картридж для Canon Pixma iP3300,от 0 до 1000,10.0,10.0,0.0,3.6,-6.4,12.6,782.0,0.06,справочная,22,0,0.0,0.0,0.0,,0.0,,0,0.0,0.0,,67.0000000000000000,113.0000000000000000,-46.0,33,15,0,36,6,1,15,0,0,1,1,0,0.0,0.0,0,0,"кликов за неделю 0 (за всё время 0), расход 0 ₽ (накоплено 0 ₽) — судить не о чем, наблюдаем"
watch,hold,4451982855,02085,Картридж для HP LJ Pro 100 M175nw,от 1000-2000,19.0,19.0,0.0,10.4,-8.6,16.7,2223.0,0.04,справочная,16,0,0.0,0.0,0.0,,0.0,,1,1.0,1.0,1.0,53.0000000000000000,77.0000000000000000,-24.0,46,18,1441,64,5,1,15,0,0,1,1,2,7.4,1.0,0,0,"кликов за неделю 0 (за всё время 2), расход 0 ₽ (накоплено 7 ₽) — судить не о чем, наблюдаем"
watch,hold,4451988415,02364,Картридж для Kyocera ECOSYS M2030DN,Эксперимент1,8.0,8.0,0.0,8.2,0.2,14.5,1732.0,0.05,справочная,19,0,0.0,0.0,0.0,,0.0,,0,0.0,0.0,,74.0000000000000000,82.0000000000000000,-8.0,22,-8,0,32,11,0,12,0,0,0,1,0,0.0,0.0,0,0,"кликов за неделю 0 (за всё время 0), расход 0 ₽ (накоплено 0 ₽) — судить не о чем, наблюдаем"
watch,hold,4451988415,02364,Картридж для Kyocera ECOSYS M2030DN,от 1000-2000,12.0,12.0,0.0,8.2,-3.8,14.5,1732.0,0.05,справочная,28,0,0.0,0.0,0.0,,0.0,,0,0.0,0.0,,74.0000000000000000,82.0000000000000000,-8.0,22,-8,0,32,11,0,12,0,0,0,1,0,0.0,0.0,0,0,"кликов за неделю 0 (за всё время 0), расход 0 ₽ (накоплено 0 ₽) — судить не о чем, наблюдаем"
watch,hold,4451991188,02744,Картридж для Samsung SCX-3405,Эксперимент1,12.89,12.89,0.0,16.4,3.5,19.3,2863.0,0.04,справочная,32,0,0.0,0.0,0.0,,0.0,,0,0.0,0.0,,134.0000000000000000,70.0000000000000000,64.0,17,1,0,91,6,1,5,0,0,0,1,0,0.0,0.0,0,0,"кликов за неделю 0 (за всё время 0), расход 0 ₽ (накоплено 0 ₽) — судить не о чем, наблюдаем"
watch,hold,4458672358,03063,Картридж для HP DeskJet 940,Эксперимент1,8.0,8.0,0.0,29.0,21.0,19.5,6668.0,0.03,справочная,95,0,0.0,0.0,0.0,,0.0,,1,4.96,0.0,5.0,91.0000000000000000,74.0000000000000000,17.0,52,22,0,130,5,1,15,0,0,0,1,1,4.96,0.0,0,0,"кликов за неделю 0 (за всё время 1), расход 0 ₽ (накоплено 5 ₽) — судить не о чем, наблюдаем"
watch,hold,4463323479,04355,Картридж для Canon iR-3225Ne,Эксперимент1,8.0,8.0,0.0,21.9,13.9,16.1,4925.0,0.04,справочная,26,0,0.0,0.0,0.0,,0.0,,0,0.0,0.0,,8.0000000000000000,60.0000000000000000,-52.0,12,3,0,11,2,8,11,0,0,0,1,0,0.0,0.0,0,0,"кликов за неделю 0 (за всё время 0), расход 0 ₽ (накоплено 0 ₽) — судить не о чем, наблюдаем"
watch,hold,4463323479,04355,Картридж для Canon iR-3225Ne,от 2000 до 5000,12.0,12.0,0.0,21.9,9.9,16.1,4925.0,0.04,справочная,16,0,0.0,0.0,0.0,,0.0,,0,0.0,0.0,,8.0000000000000000,60.0000000000000000,-52.0,12,3,0,11,2,8,11,0,0,0,1,0,0.0,0.0,0,0,"кликов за неделю 0 (за всё время 0), расход 0 ₽ (накоплено 0 ₽) — судить не о чем, наблюдаем"
watch,hold,4480825505,07811,Картридж для Kyocera FS-1040,Эксперимент1,8.0,8.0,0.0,10.3,2.3,19.2,1450.0,0.05,справочная,22,0,0.0,0.0,0.0,,0.0,,0,0.0,0.0,,66.0000000000000000,74.0000000000000000,-8.0,22,5,0,30,9,1,15,0,0,0,1,0,0.0,0.0,0,0,"кликов за неделю 0 (за всё время 0), расход 0 ₽ (накоплено 0 ₽) — судить не о чем, наблюдаем"
watch,hold,4480825505,07811,Картридж для Kyocera FS-1040,от 1000-2000,12.0,12.0,0.0,10.3,-1.7,19.2,1450.0,0.05,справочная,16,0,0.0,0.0,0.0,,0.0,,0,0.0,0.0,,66.0000000000000000,74.0000000000000000,-8.0,22,5,0,30,9,1,15,0,0,0,1,0,0.0,0.0,0,0,"кликов за неделю 0 (за всё время 0), расход 0 ₽ (накоплено 0 ₽) — судить не о чем, наблюдаем"
watch,hold,4480825836,079629,Картридж для HP PhotoSmart 8200-ser,Эксперимент1,8.0,8.0,0.0,7.7,-0.3,17.0,1287.0,0.05,справочная,61,0,0.0,0.0,0.0,,0.0,,1,5.83,0.0,5.8,48.0000000000000000,40.0000000000000000,8.0,31,17,0,34,4,1,15,0,0,0,1,2,11.86,1.0,0,0,"кликов за неделю 0 (за всё время 2), расход 0 ₽ (накоплено 12 ₽) — судить не о чем, наблюдаем"
watch,hold,4480825167,08601,Картридж для Kyocera TASKalfa 3500i,от 5000 до 10000,19.33,19.33,0.0,24.9,5.6,14.0,9226.0,0.03,справочная,19,0,0.0,0.0,0.0,,0.0,,0,0.0,0.0,,33.0000000000000000,79.0000000000000000,-46.0,61,43,5481,122,1,6,15,0,0,1,1,0,0.0,0.0,0,0,"кликов за неделю 0 (за всё время 0), расход 0 ₽ (накоплено 0 ₽) — судить не о чем, наблюдаем"
watch,hold,4480826979,08652,Картридж для Kyocera FS-4300DN,от 0 до 1000,19.33,19.33,0.0,18.4,-0.9,17.4,3706.0,0.04,справочная,0,0,0,0,0,,,,0,0,0,,42.0000000000000000,115.0000000000000000,-73.0,16,-12,0,41,20,0,6,0,0,0,1,0,0.0,0.0,0,0,"кликов за неделю 0 (за всё время 0), расход 0 ₽ (накоплено 0 ₽) — судить не о чем, наблюдаем"
watch,hold,4489623389,13122,Картридж для Lexmark MX310dn,Эксперимент1,12.89,12.89,0.0,18.9,6.0,17.2,3863.0,0.04,справочная,53,0,0.0,0.0,0.0,,0.0,,0,0.0,0.0,,43.0000000000000000,192.0000000000000000,-149.0,12,7,2799,14,5,1,10,0,0,1,1,0,0.0,0.0,0,0,"кликов за неделю 0 (за всё время 0), расход 0 ₽ (накоплено 0 ₽) — судить не о чем, наблюдаем"
watch,hold,4489623389,13122,Картридж для Lexmark MX310dn,от 2000 до 5000,19.33,19.33,0.0,18.9,-0.4,17.2,3863.0,0.04,справочная,44,0,0.0,0.0,0.0,,0.0,,1,1.0,1.0,1.0,43.0000000000000000,192.0000000000000000,-149.0,12,7,2799,14,5,1,10,0,0,1,1,1,1.0,1.0,0,0,"кликов за неделю 0 (за всё время 1), расход 0 ₽ (накоплено 1 ₽) — судить не о чем, наблюдаем"
watch,hold,4489627017,13164,Фотобарабан для Panasonic KX-MB2137RU,Эксперимент1,12.89,12.89,0.0,27.5,14.6,14.7,14178.0,0.02,справочная,58,0,0.0,0.0,0.0,,0.0,,0,0.0,0.0,,131.0000000000000000,110.0000000000000000,21.0,1,-35,0,1,,0,0,0,0,0,1,0,0.0,0.0,0,0,"кликов за неделю 0 (за всё время 0), расход 0 ₽ (накоплено 0 ₽) — судить не о чем, наблюдаем"
watch,hold,4489628867,14874,Картридж для Canon MAXIFY MB5140,Эксперимент1,8.0,8.0,0.0,14.3,6.3,20.1,1897.0,0.05,справочная,24,0,0.0,0.0,0.0,,0.0,,2,18.07,0.0,9.0,38.0000000000000000,49.0000000000000000,-11.0,30,11,0,52,19,0,4,0,0,0,1,2,18.07,0.0,0,0,"кликов за неделю 0 (за всё время 2), расход 0 ₽ (накоплено 18 ₽) — судить не о чем, наблюдаем"
watch,hold,4490428697,17182,Картридж для Kyocera EcoSys M2635dn,Эксперимент1,8.0,8.0,0.0,11.6,3.6,18.4,1732.0,0.05,справочная,161,0,0.0,0.0,0.0,,0.0,,2,8.44,0.0,4.2,77.0000000000000000,44.0000000000000000,33.0,51,22,1237,101,11,0,15,0,0,2,3,2,8.44,0.0,0,0,"кликов за неделю 0 (за всё время 2), расход 0 ₽ (накоплено 8 ₽) — судить не о чем, наблюдаем"
watch,hold,4490440996,17181,Картридж для Kyocera EcoSys M2135dn,Эксперимент1,8.0,8.0,0.0,15.0,7.0,22.3,1733.0,0.05,справочная,16,0,0.0,0.0,0.0,,0.0,,0,0.0,0.0,,78.0000000000000000,45.0000000000000000,33.0,18,-3,0,34,6,1,11,0,0,0,1,0,0.0,0.0,0,0,"кликов за неделю 0 (за всё время 0), расход 0 ₽ (накоплено 0 ₽) — судить не о чем, наблюдаем"
watch,hold,4490440996,17181,Картридж для Kyocera EcoSys M2135dn,от 1000-2000,16.0,16.0,0.0,15.0,-1.0,22.3,1733.0,0.05,справочная,17,0,0.0,0.0,0.0,,0.0,,0,0.0,0.0,,78.0000000000000000,45.0000000000000000,33.0,18,-3,0,34,6,1,11,0,0,0,1,0,0.0,0.0,0,0,"кликов за неделю 0 (за всё время 0), расход 0 ₽ (накоплено 0 ₽) — судить не о чем, наблюдаем"
watch,hold,4493548505,22933,Картридж для HP Color LJ Pro M181fw,Эксперимент1,12.89,12.89,0.0,23.8,10.9,22.4,3422.0,0.04,справочная,30,0,0.0,0.0,0.0,,0.0,,0,0.0,0.0,,63.0000000000000000,36.0000000000000000,27.0,14,3,0,30,7,1,9,0,0,0,1,0,0.0,0.0,0,0,"кликов за неделю 0 (за всё время 0), расход 0 ₽ (накоплено 0 ₽) — судить не о чем, наблюдаем"
watch,hold,4493577865,21931,Фотобарабан для HP LaserJet Pro M129,Эксперимент1,8.0,8.0,0.0,12.7,4.7,18.5,2358.0,0.04,справочная,18,0,0.0,0.0,0.0,,0.0,,0,0.0,0.0,,80.0000000000000000,66.0000000000000000,14.0,30,15,0,51,1,1,14,0,0,0,2,0,0.0,0.0,0,0,"кликов за неделю 0 (за всё время 0), расход 0 ₽ (накоплено 0 ₽) — судить не о чем, наблюдаем"
watch,hold,4493612496,21462,Картридж для Ricoh SP 4510SF,Эксперимент1,12.89,12.89,0.0,14.5,1.6,16.8,3080.0,0.04,справочная,53,0,0.0,0.0,0.0,,0.0,,0,0.0,0.0,,61.0000000000000000,54.0000000000000000,7.0,29,-13,0,33,1,5,14,0,0,0,6,3,27.91,0.0,0,0,"кликов за неделю 0 (за всё время 3), расход 0 ₽ (накоплено 28 ₽) — судить не о чем, наблюдаем"
watch,hold,4493622647,22152,Картридж для OKI ML-280,Эксперимент1,8.0,8.0,0.0,4.6,-3.4,12.7,990.0,0.06,справочная,82,0,0.0,0.0,0.0,,0.0,,1,22.76,0.0,22.8,83.0000000000000000,14.0000000000000000,69.0,36,3,0,6667,2,5,15,0,0,0,4,1,22.76,0.0,0,0,"кликов за неделю 0 (за всё время 1), расход 0 ₽ (накоплено 23 ₽) — судить не о чем, наблюдаем"
watch,hold,4493622647,22152,Картридж для OKI ML-280,от 0 до 1000,10.0,10.0,0.0,4.6,-5.4,12.7,990.0,0.06,справочная,1,0,0.0,0.0,0.0,,0.0,,0,0.0,0.0,,83.0000000000000000,14.0000000000000000,69.0,36,3,0,6667,2,5,15,0,0,0,4,0,0.0,0.0,0,0,"кликов за неделю 0 (за всё время 0), расход 0 ₽ (накоплено 0 ₽) — судить не о чем, наблюдаем"
watch,hold,4504058296,23555,Картридж для Canon i-SENSYS MF426dw,Эксперимент1,12.89,12.89,0.0,20.3,7.4,17.7,3997.0,0.04,справочная,38,0,0.0,0.0,0.0,,0.0,,0,0.0,0.0,,55.0000000000000000,74.0000000000000000,-19.0,11,-8,0,13,7,2,5,0,0,0,1,0,0.0,0.0,0,0,"кликов за неделю 0 (за всё время 0), расход 0 ₽ (накоплено 0 ₽) — судить не о чем, наблюдаем"
watch,hold,4504236193,239327,Комплект картриджей для Canon SELPHY CP1000,от 5000 до 10000,19.33,19.33,0.0,34.2,14.9,17.4,9196.0,0.03,справочная,62,0,0.0,0.0,0.0,,0.0,,0,0.0,0.0,,96.0000000000000000,46.0000000000000000,50.0,57,-90,0,3787,11,0,11,0,0,0,1,1,2.26,0.0,0,0,"кликов за неделю 0 (за всё время 1), расход 0 ₽ (накоплено 2 ₽) — судить не о чем, наблюдаем"
watch,hold,4504237065,24003,Тонер-картридж для Kyocera EcoSys M6630cidn,Эксперимент1,12.89,12.89,0.0,28.9,16.0,23.3,3953.0,0.04,справочная,84,0,0.0,0.0,0.0,,0.0,,1,10.76,0.0,10.8,74.0000000000000000,38.0000000000000000,36.0,63,36,0,10274,1,3,15,0,0,0,1,1,10.76,0.0,0,0,"кликов за неделю 0 (за всё время 1), расход 0 ₽ (накоплено 11 ₽) — судить не о чем, наблюдаем"
watch,hold,4504237065,24003,Тонер-картридж для Kyocera EcoSys M6630cidn,от 2000 до 5000,19.33,19.33,0.0,28.9,9.6,23.3,3953.0,0.04,справочная,33,0,0.0,0.0,0.0,,0.0,,4,20.90,0.0,5.2,74.0000000000000000,38.0000000000000000,36.0,63,36,0,10274,1,3,15,0,0,0,1,5,30.81,1.0,0,0,"кликов за неделю 0 (за всё время 5), расход 0 ₽ (накоплено 31 ₽) — судить не о чем, наблюдаем"
watch,hold,4507522657,31991,Картридж для Ricoh Aficio SP-3710SF,Эксперимент1,12.89,12.89,0.0,21.5,8.6,16.9,4518.0,0.04,справочная,311,0,0.0,0.0,0.0,,0.0,,1,2.01,0.0,2.0,40.0000000000000000,54.0000000000000000,-14.0,48,36,0,65,10,1,15,0,0,0,1,1,2.01,0.0,0,0,"кликов за неделю 0 (за всё время 1), расход 0 ₽ (накоплено 2 ₽) — судить не о чем, наблюдаем"
watch,hold,4507522657,31991,Картридж для Ricoh Aficio SP-3710SF,от 2000 до 5000,19.33,19.33,0.0,21.5,2.2,16.9,4518.0,0.04,справочная,2,0,0.0,0.0,0.0,,0.0,,0,0.0,0.0,,40.0000000000000000,54.0000000000000000,-14.0,48,36,0,65,10,1,15,0,0,0,1,0,0.0,0.0,0,0,"кликов за неделю 0 (за всё время 0), расход 0 ₽ (накоплено 0 ₽) — судить не о чем, наблюдаем"
watch,hold,4515703421,33675,Картридж для Brother HL-2140,Эксперимент1,8.0,8.0,0.0,8.9,0.9,14.0,2473.0,0.04,справочная,20,0,0.0,0.0,0.0,,0.0,,0,0.0,0.0,,269.0000000000000000,61.0000000000000000,208.0,7,-1,0,9,14,0,6,0,0,0,1,0,0.0,0.0,0,0,"кликов за неделю 0 (за всё время 0), расход 0 ₽ (накоплено 0 ₽) — судить не о чем, наблюдаем"
watch,hold,4515703538,34413,Картридж для Epson WorkForce Pro M5799,от 2000 до 5000,19.33,19.33,0.0,28.7,9.4,22.4,4122.0,0.04,справочная,46,0,0.0,0.0,0.0,,0.0,,0,0.0,0.0,,38.0000000000000000,63.0000000000000000,-25.0,63,20,0,266,3,4,15,0,0,0,1,1,1.0,0.0,0,0,"кликов за неделю 0 (за всё время 1), расход 0 ₽ (накоплено 1 ₽) — судить не о чем, наблюдаем"
watch,hold,4515728038,36741,Картридж для Ricoh Aficio MP501,Эксперимент1,12.89,12.89,0.0,21.9,9.0,18.6,5370.0,0.03,справочная,34,0,0.0,0.0,0.0,,0.0,,0,0.0,0.0,,113.0000000000000000,20.0000000000000000,93.0,10,3,0,12,8,2,9,0,0,0,1,0,0.0,0.0,0,0,"кликов за неделю 0 (за всё время 0), расход 0 ₽ (накоплено 0 ₽) — судить не о чем, наблюдаем"
watch,hold,4527381378,443410,Картридж для Epson EcoTank M-15180,Эксперимент1,8.0,8.0,0.0,11.4,3.4,18.6,1676.0,0.05,справочная,63,0,0.0,0.0,0.0,,0.0,,0,0.0,0.0,,64.0000000000000000,48.0000000000000000,16.0,26,-1,0,84,9,1,15,0,0,0,1,2,18.43,0.0,0,0,"кликов за неделю 0 (за всё время 2), расход 0 ₽ (накоплено 18 ₽) — судить не о чем, наблюдаем"
watch,hold,4527379778,44816,Картридж для CM1100ADW,Эксперимент1,12.89,12.89,0.0,22.2,9.3,17.8,4337.0,0.04,справочная,69,0,0.0,0.0,0.0,,0.0,,0,0.0,0.0,,138.0000000000000000,69.0000000000000000,69.0,21,-1,0,3432,5,2,15,0,0,0,1,1,7.5,0.0,0,0,"кликов за неделю 0 (за всё время 1), расход 0 ₽ (накоплено 8 ₽) — судить не о чем, наблюдаем"
watch,hold,4527379778,44816,Картридж для CM1100ADW,от 2000 до 5000,19.33,19.33,0.0,22.2,2.9,17.8,4337.0,0.04,справочная,24,0,0.0,0.0,0.0,,0.0,,0,0.0,0.0,,138.0000000000000000,69.0000000000000000,69.0,21,-1,0,3432,5,2,15,0,0,0,1,0,0.0,0.0,0,0,"кликов за неделю 0 (за всё время 0), расход 0 ₽ (накоплено 0 ₽) — судить не о чем, наблюдаем"
watch,hold,4527378335,45421,Картридж для HP Laser 107A,Эксперимент1,12.89,12.89,0.0,23.1,10.2,22.1,3372.0,0.04,справочная,159,0,0.0,0.0,0.0,,0.0,,1,1.0,0.0,1.0,148.0000000000000000,108.0000000000000000,40.0,30,16,0,3449,2,2,12,0,0,0,1,1,1.0,0.0,0,0,"кликов за неделю 0 (за всё время 1), расход 0 ₽ (накоплено 1 ₽) — судить не о чем, наблюдаем"
watch,hold,4527399110,53531,Картридж для HP LaserJet P1005,от 1000-2000,19.0,19.0,0.0,9.8,-9.2,16.1,2197.0,0.04,справочная,60,0,0.0,0.0,0.0,,0.0,,0,0.0,0.0,,111.0000000000000000,79.0000000000000000,32.0,23,2,0,1124,8,2,14,0,0,0,1,0,0.0,0.0,0,0,"кликов за неделю 0 (за всё время 0), расход 0 ₽ (накоплено 0 ₽) — судить не о чем, наблюдаем"
watch,hold,4527394791,55271,Картридж для HP LaserJet Pro 3003dw,Эксперимент1,12.89,12.89,0.0,25.8,12.9,17.3,6981.0,0.03,справочная,0,0,0,0,0,,,,0,0,0,,,,,0,0,0,0,,0,0,0,0,0,1,0,0,0,0,0,"кликов за неделю 0 (за всё время 0), расход 0 ₽ (накоплено 0 ₽) — судить не о чем, наблюдаем"
watch,hold,4527394791,55271,Картридж для HP LaserJet Pro 3003dw,от 2000 до 5000,19.33,19.33,0.0,25.8,6.5,17.3,6981.0,0.03,справочная,0,0,0,0,0,,,,0,0,0,,,,,0,0,0,0,,0,0,0,0,0,1,0,0,0,0,0,"кликов за неделю 0 (за всё время 0), расход 0 ₽ (накоплено 0 ₽) — судить не о чем, наблюдаем"
watch,hold,4527395045,55215,Картридж для Canon i-SENSYS MF275dw,Эксперимент1,12.89,12.89,0.0,21.3,8.4,19.9,3567.0,0.04,справочная,13,0,0.0,0.0,0.0,,0.0,,0,0.0,0.0,,48.0000000000000000,57.0000000000000000,-9.0,82,51,1952,3452,6,2,15,0,0,1,2,0,0.0,0.0,0,0,"кликов за неделю 0 (за всё время 0), расход 0 ₽ (накоплено 0 ₽) — судить не о чем, наблюдаем"
watch,hold,4527404209,56311,Тонер-картридж для Kyocera ECOSYS MA2100cfx,от 1000-2000,19.33,19.33,0.0,16.0,-3.3,22.8,2252.0,0.04,справочная,36,0,0.0,0.0,0.0,,0.0,,1,25.05,0.0,25.1,37.0000000000000000,57.0000000000000000,-20.0,44,20,0,91,4,2,14,0,0,0,1,1,25.05,0.0,0,0,"кликов за неделю 0 (за всё время 1), расход 0 ₽ (накоплено 25 ₽) — судить не о чем, наблюдаем"
watch,hold,4527402470,54462,Картридж для Kyocera ECOSYS MA5500ifx,Эксперимент1,12.89,12.89,0.0,23.6,10.7,18.2,4475.0,0.04,справочная,93,0,0.0,0.0,0.0,,0.0,,0,0.0,0.0,,62.0000000000000000,49.0000000000000000,13.0,16,3,0,18,17,0,8,0,0,0,1,0,0.0,0.0,0,0,"кликов за неделю 0 (за всё время 0), расход 0 ₽ (накоплено 0 ₽) — судить не о чем, наблюдаем"
watch,hold,4527402470,54462,Картридж для Kyocera ECOSYS MA5500ifx,от 2000 до 5000,19.33,19.33,0.0,23.6,4.3,18.2,4475.0,0.04,справочная,4,0,0.0,0.0,0.0,,0.0,,0,0.0,0.0,,62.0000000000000000,49.0000000000000000,13.0,16,3,0,18,17,0,8,0,0,0,1,1,11.81,1.0,0,0,"кликов за неделю 0 (за всё время 1), расход 0 ₽ (накоплено 12 ₽) — судить не о чем, наблюдаем"
watch,hold,4527395867,55871,Картридж для HP LaserJet Pro MFP 4104dw,Эксперимент1,12.89,12.89,0.0,22.2,9.3,13.3,8924.0,0.03,справочная,12,0,0.0,0.0,0.0,,0.0,,0,0.0,0.0,,64.0000000000000000,152.0000000000000000,-88.0,17,-14,0,3419,16,0,14,0,0,0,1,0,0.0,0.0,0,0,"кликов за неделю 0 (за всё время 0), расход 0 ₽ (накоплено 0 ₽) — судить не о чем, наблюдаем"
watch,hold,4527395867,55871,Картридж для HP LaserJet Pro MFP 4104dw,от 5000 до 10000,19.33,19.33,0.0,22.2,2.9,13.3,8924.0,0.03,справочная,32,0,0.0,0.0,0.0,,0.0,,0,0.0,0.0,,64.0000000000000000,152.0000000000000000,-88.0,17,-14,0,3419,16,0,14,0,0,0,1,1,3.17,1.0,0,0,"кликов за неделю 0 (за всё время 1), расход 0 ₽ (накоплено 3 ₽) — судить не о чем, наблюдаем"
watch,hold,4527401999,56181,Тонер-картридж для Kyocera ECOSYS MA4500ifx,от 2000 до 5000,12.0,12.0,0.0,19.2,7.2,17.8,3754.0,0.04,справочная,13,0,0.0,0.0,0.0,,0.0,,0,0.0,0.0,,21.0000000000000000,65.0000000000000000,-44.0,18,5,0,19,2,2,5,0,0,0,2,1,22.61,0.0,0,0,"кликов за неделю 0 (за всё время 1), расход 0 ₽ (накоплено 23 ₽) — судить не о чем, наблюдаем"
watch,hold,4527409650,57675,Картридж для HP Color LaserJet Pro MFP 4303dw,Эксперимент1,12.89,12.89,0.0,26.2,13.3,17.3,7087.0,0.03,справочная,33,0,0.0,0.0,0.0,,0.0,,0,0.0,0.0,,42.0000000000000000,81.0000000000000000,-39.0,18,-16,0,3308,3,2,15,0,0,0,1,0,0.0,0.0,0,0,"кликов за неделю 0 (за всё время 0), расход 0 ₽ (накоплено 0 ₽) — судить не о чем, наблюдаем"
watch,hold,4527409650,57675,Картридж для HP Color LaserJet Pro MFP 4303dw,от 2000 до 5000,19.33,19.33,0.0,26.2,6.9,17.3,7087.0,0.03,справочная,22,0,0.0,0.0,0.0,,0.0,,0,0.0,0.0,,42.0000000000000000,81.0000000000000000,-39.0,18,-16,0,3308,3,2,15,0,0,0,1,1,1.0,0.0,0,0,"кликов за неделю 0 (за всё время 1), расход 0 ₽ (накоплено 1 ₽) — судить не о чем, наблюдаем"
watch,hold,4543080042,63832,Картридж для BP2300,Эксперимент1,12.89,12.89,0.0,32.4,19.5,18.0,8313.0,0.03,справочная,112,0,0.0,0.0,0.0,,0.0,,0,0.0,0.0,,64.0000000000000000,39.0000000000000000,25.0,73,19,0,1318,33,0,12,0,0,0,1,0,0.0,0.0,0,0,"кликов за неделю 0 (за всё время 0), расход 0 ₽ (накоплено 0 ₽) — судить не о чем, наблюдаем"
watch,hold,4543085498,67614,Картридж для HP LaserJet Pro MFP 3102fdw,Эксперимент1,12.89,12.89,0.0,24.8,11.9,18.4,4625.0,0.04,справочная,35,0,0.0,0.0,0.0,,0.0,,0,0.0,0.0,,55.0000000000000000,59.0000000000000000,-4.0,15,-3,0,22,12,0,12,0,0,0,1,0,0.0,0.0,0,0,"кликов за неделю 0 (за всё время 0), расход 0 ₽ (накоплено 0 ₽) — судить не о чем, наблюдаем"
watch,hold,4560667390,6517,"Картридж 006R04387 для принтеров Xerox C230, C235 черный",Вне РК — спрос без рекламы (08.08),21.96,21.96,0.0,23.2,1.2,12.2,16118.0,0.02,справочная,0,0,0,0,0,,,,0,0,0,,,67.0000000000000000,,0,-4,0,0,,0,0,0,0,0,2,0,0,0,0,0,"кликов за неделю 0 (за всё время 0), расход 0 ₽ (накоплено 0 ₽) — судить не о чем, наблюдаем"
watch,hold,4736481388,7044,"Картридж TN-273M для принтеров Brother DCP-L3510CDW, DCP L3551CDW, HL-L3210CW, HLL3230CDN, hll3270cdw, HL L3290CDW, MFC-L3710CW, MFC-L3735CDN пурпурный",от 2000 до 5000,12.0,12.0,0.0,,,,4410.0,0.04,справочная,0,0,0,0,0,,,,0,0,0,,,,,0,0,0,0,,0,0,0,0,0,1,0,0,0,0,0,"кликов за неделю 0 (за всё время 0), расход 0 ₽ (накоплено 0 ₽) — судить не о чем, наблюдаем"
watch,hold,4736481388,7044,"Картридж TN-273M для принтеров Brother DCP-L3510CDW, DCP L3551CDW, HL-L3210CW, HLL3230CDN, hll3270cdw, HL L3290CDW, MFC-L3710CW, MFC-L3735CDN пурпурный",Эксперимент1,8.0,8.0,0.0,,,,4410.0,0.04,справочная,0,0,0,0,0,,,,0,0,0,,,,,0,0,0,0,,0,0,0,0,0,1,0,0,0,0,0,"кликов за неделю 0 (за всё время 0), расход 0 ₽ (накоплено 0 ₽) — судить не о чем, наблюдаем"
watch,hold,4867096884,7071,Картридж CT202952 для принтеров Fuji Xerox DocuCentre SC2022 черный,Вне РК — спрос без рекламы (08.08),21.96,21.96,0.0,8.2,-13.8,9.1,6661.0,0.03,справочная,33,0,0.0,0.0,0.0,,0.0,,0,0.0,0.0,,282.0000000000000000,101.0000000000000000,181.0,4,-195,0,1040,599,0,1,0,0,0,1,0,0.0,0.0,0,0,"кликов за неделю 0 (за всё время 0), расход 0 ₽ (накоплено 0 ₽) — судить не о чем, наблюдаем"
watch,hold,5232941045,0024X6,"Комплект картриджей Q6511A (6 шт.) на 36000 страниц для принтеров HP LaserJet 2410, LJ 2420, LJ 2430",Бандлы x2/x6 — старт (08.08),21.96,21.96,0.0,161.9,139.9,34.6,27346.0,0.02,справочная,20,0,0.0,0.0,0.0,,0.0,,0,0.0,0.0,,56.0000000000000000,12.0000000000000000,44.0,12,-1,0,12,16,0,10,0,0,0,0,0,0.0,0.0,0,0,"кликов за неделю 0 (за всё время 0), расход 0 ₽ (накоплено 0 ₽) — судить не о чем, наблюдаем"
watch,hold,5239374018,0429X6,"Комплект картриджей C4129X (6 шт.) на 60000 страниц для принтеров HP LaserJet 5000, LJ 5100",Бандлы x2/x6 — старт (08.08),21.96,21.96,0.0,231.6,209.6,34.6,39128.0,0.02,справочная,16,0,0.0,0.0,0.0,,0.0,,1,1.49,0.0,1.5,23.0000000000000000,38.0000000000000000,-15.0,13,5,0,11,1,3,10,0,0,0,0,1,1.49,0.0,0,0,"кликов за неделю 0 (за всё время 1), расход 0 ₽ (накоплено 1 ₽) — судить не о чем, наблюдаем"
watch,hold,5239587927,0871X6,"Комплект картриджей TK-590K (6 шт.) на 42000 страниц для принтеров Kyocera EcoSys M6026cdn, M6526cdn, FS-C2026, FS-C2126, FSC2526, FS C2626",Бандлы x2/x6 — старт (08.08),21.96,21.96,0.0,147.7,125.7,34.6,24948.0,0.02,справочная,19,0,0.0,0.0,0.0,,0.0,,0,0.0,0.0,,,,,0,0,0,0,,0,0,0,0,0,0,0,0.0,0.0,0,0,"кликов за неделю 0 (за всё время 0), расход 0 ₽ (накоплено 0 ₽) — судить не о чем, наблюдаем"
watch,hold,5239655157,0980X6,"Комплект картриджей 44992404 (6 шт.) на 15000 страниц для принтеров OKI B401, MB441, MB451w",Бандлы x2/x6 — старт (08.08),21.96,21.96,0.0,62.9,40.9,34.6,10627.0,0.02,справочная,28,0,0.0,0.0,0.0,,0.0,,0,0.0,0.0,,229.0000000000000000,64.0000000000000000,165.0,9,2,0,10,18,0,8,0,0,0,0,0,0.0,0.0,0,0,"кликов за неделю 0 (за всё время 0), расход 0 ₽ (накоплено 0 ₽) — судить не о чем, наблюдаем"
watch,hold,5239712680,1042X2,Комплект картриджей MLT-D111S (2 шт.) на 2000 страниц для принтеров Samsung Xpress M2020,Бандлы x2/x6 — старт (08.08),21.96,21.96,0.0,36.2,14.2,28.7,5094.0,0.03,справочная,23,0,0.0,0.0,0.0,,0.0,,0,0.0,0.0,,121.0000000000000000,60.0000000000000000,61.0,5,-1,0,6,75,0,5,0,0,0,0,0,0.0,0.0,0,0,"кликов за неделю 0 (за всё время 0), расход 0 ₽ (накоплено 0 ₽) — судить не о чем, наблюдаем"
watch,hold,5240087003,1279X6,"Комплект картриджей CF410A (6 шт.) на 13800 страниц для принтеров HP LJ Color Pro M377dw, M452dn, M452nw, M477fdn, M477fdw",Бандлы x2/x6 — старт (08.08),21.96,21.96,0.0,116.3,94.3,35.1,19321.0,0.02,справочная,4,0,0.0,0.0,0.0,,0.0,,0,0.0,0.0,,,31.0000000000000000,,0,-17,0,0,,0,0,0,0,0,0,0,0.0,0.0,0,0,"кликов за неделю 0 (за всё время 0), расход 0 ₽ (накоплено 0 ₽) — судить не о чем, наблюдаем"
watch,hold,5240087928,1279X2,"Комплект картриджей CF410A (2 шт.) на 4600 страниц для принтеров HP LJ Color Pro M377dw, M452dn, M452nw, M477fdn, M477fdw",Бандлы x2/x6 — старт (08.08),21.96,21.96,0.0,48.1,26.1,28.6,6798.0,0.03,справочная,11,0,0.0,0.0,0.0,,0.0,,0,0.0,0.0,,113.0000000000000000,28.0000000000000000,85.0,8,-2,0,8,13,0,8,0,0,0,0,0,0.0,0.0,0,0,"кликов за неделю 0 (за всё время 0), расход 0 ₽ (накоплено 0 ₽) — судить не о чем, наблюдаем"
watch,hold,5244133963,1761X2,"Комплект фотобарабанов 44574307 DU (2 шт.) на 50000 страниц для принтеров OKI B401dn, MB441dn, MB451dw",Бандлы x2/x6 — старт (08.08),21.96,21.96,0.0,63.8,41.8,27.0,14499.0,0.02,справочная,33,0,0.0,0.0,0.0,,0.0,,0,0.0,0.0,,50.0000000000000000,19.0000000000000000,31.0,18,11,0,29,4,2,15,0,0,0,0,0,0.0,0.0,0,0,"кликов за неделю 0 (за всё время 0), расход 0 ₽ (накоплено 0 ₽) — судить не о чем, наблюдаем"
watch,hold,5249698884,2135X2,"Комплект картриджей TK-5240BK (2 шт.) на 8000 страниц для принтеров Kyocera Ecosys M5526cdn, P5026cdn",Бандлы x2/x6 — старт (08.08),21.96,21.96,0.0,35.5,13.5,28.3,5081.0,0.03,справочная,17,0,0.0,0.0,0.0,,0.0,,0,0,0,,34.0000000000000000,61.0000000000000000,-27.0,8,0,0,9,18,0,8,0,0,0,0,0,0.0,0.0,0,0,"кликов за неделю 0 (за всё время 0), расход 0 ₽ (накоплено 0 ₽) — судить не о чем, наблюдаем"
watch,hold,5250016222,2183X2,"Комплект картриджей 953XLBK (2 шт.) на 2000 страниц для принтеров HP OfficeJet Pro 7720, OfficeJet Pro 7730",Бандлы x2/x6 — старт (08.08),21.96,21.96,0.0,35.6,13.6,27.6,3933.0,0.04,справочная,43,0,0.0,0.0,0.0,,0.0,,0,0.0,0.0,,152.0000000000000000,35.0000000000000000,117.0,13,8,0,126,11,0,12,0,0,0,0,0,0.0,0.0,0,0,"кликов за неделю 0 (за всё время 0), расход 0 ₽ (накоплено 0 ₽) — судить не о чем, наблюдаем"
watch,hold,5250220141,2208X2,"Комплект картриджей iR40T (2 шт.) на 86мл. для принтеров Citizen CX120, CX123, IR40T, IR50",Бандлы x2/x6 — старт (08.08),21.96,21.96,0.0,6.6,-15.4,17.2,1077.0,0.05,справочная,92,0,0.0,0.0,0.0,,0.0,,0,0.0,0.0,,51.0000000000000000,21.0000000000000000,30.0,16,12,0,140,7,2,10,0,0,0,0,0,0.0,0.0,0,0,"кликов за неделю 0 (за всё время 0), расход 0 ₽ (накоплено 0 ₽) — судить не о чем, наблюдаем"
watch,hold,5250437175,2227X6,"Комплект фотобарабанов CF234A (6 шт.) на 55200 страниц для принтеров HP LaserJet Ultra M106, LJ Ultra MFP M134a",Бандлы x2/x6 — старт (08.08),21.96,21.96,0.0,186.3,164.3,34.8,31255.0,0.02,справочная,13,0,0.0,0.0,0.0,,0.0,,0,0,0,,14.0000000000000000,15.0000000000000000,-1.0,3,-18,0,4,,0,0,0,0,0,0,0,0.0,0.0,0,0,"кликов за неделю 0 (за всё время 0), расход 0 ₽ (накоплено 0 ₽) — судить не о чем, наблюдаем"
watch,hold,5251814016,2405X2,"Комплект картриджей TK-5280BK (2 шт.) на 26000 страниц для принтеров Kyocera Ecosys M6235cidn, M6635cidn",Бандлы x2/x6 — старт (08.08),21.96,21.96,0.0,60.6,38.6,27.4,9014.0,0.03,справочная,14,0,0.0,0.0,0.0,,0.0,,0,0.0,0.0,,371.0000000000000000,9.0000000000000000,362.0,4,2,0,4,,0,0,0,0,0,0,0,0.0,0.0,0,0,"кликов за неделю 0 (за всё время 0), расход 0 ₽ (накоплено 0 ₽) — судить не о чем, наблюдаем"
watch,hold,5251933259,2438X2,"Комплект картриджей C-EXV39 (2 шт.) на 60400 страниц для принтеров Canon iR Advance 4025i, iR Advance 4035i",Бандлы x2/x6 — старт (08.08),21.96,21.96,0.0,54.9,32.9,27.5,12209.0,0.02,справочная,11,0,0.0,0.0,0.0,,0.0,,0,0.0,0.0,,553.0000000000000000,38.0000000000000000,515.0,2,-1,0,2,,0,0,0,0,0,0,0,0.0,0.0,0,0,"кликов за неделю 0 (за всё время 0), расход 0 ₽ (накоплено 0 ₽) — судить не о чем, наблюдаем"
watch,hold,5255275976,2965X2,"Комплект фотобарабанов DK-1150 DU (2 шт.) на 200000 страниц для принтеров Kyocera EcoSys M2040dn, M2135, M2540dn, M2635, M2640idw, M2735dw, P2235, P2335d",Бандлы x2/x6 — старт (08.08),21.96,21.96,0.0,76.0,54.0,29.4,15569.0,0.02,справочная,50,0,0.0,0.0,0.0,,0.0,,0,0.0,0.0,,58.0000000000000000,48.0000000000000000,10.0,36,-5,0,98,10,1,9,0,0,0,0,0,0.0,0.0,0,0,"кликов за неделю 0 (за всё время 0), расход 0 ₽ (накоплено 0 ₽) — судить не о чем, наблюдаем"
watch,hold,5255532466,2979X6,"Комплект картриджей 106R03745BK (6 шт.) на 141600 страниц для принтеров Xerox VersaLink C7020, VersaLinkC7025",Бандлы x2/x6 — старт (08.08),21.96,21.96,0.0,196.5,174.5,34.6,33199.0,0.02,справочная,16,0,0.0,0.0,0.0,,0.0,,0,0.0,0.0,,65.0000000000000000,29.0000000000000000,36.0,21,2,0,22,1,7,15,0,0,0,0,0,0.0,0.0,0,0,"кликов за неделю 0 (за всё время 0), расход 0 ₽ (накоплено 0 ₽) — судить не о чем, наблюдаем"
watch,hold,5258397359,3431X2,"Комплект картриджей TN-217BK (2 шт.) на 6000 страниц для принтеров Brother DCP-L3550CDW, HL-L3230CDW, hl-l3270cdw, MFC-L3770CDW",Бандлы x2/x6 — старт (08.08),21.96,21.96,0.0,36.4,14.4,28.2,5223.0,0.03,справочная,26,0,0.0,0.0,0.0,,0.0,,0,0.0,0.0,,59.0000000000000000,23.0000000000000000,36.0,12,5,0,15,15,0,11,0,0,0,0,0,0.0,0.0,0,0,"кликов за неделю 0 (за всё время 0), расход 0 ₽ (накоплено 0 ₽) — судить не о чем, наблюдаем"
watch,hold,5260429298,3717X2,"Комплект картриджей 418481 (2 шт.) на 80000 страниц для принтеров Ricoh IM 600, IM-550, P 801, P-800",Бандлы x2/x6 — старт (08.08),21.96,21.96,0.0,96.5,74.5,26.0,22973.0,0.02,справочная,16,0,0.0,0.0,0.0,,0.0,,0,0.0,0.0,,201.0000000000000000,10.0000000000000000,191.0,9,8,0,39,20,0,2,0,0,0,0,0,0.0,0.0,0,0,"кликов за неделю 0 (за всё время 0), расход 0 ₽ (накоплено 0 ₽) — судить не о чем, наблюдаем"
watch,hold,5262332691,3906X2,Комплект картриджей TK-7125 (2 шт.) на 40000 страниц для принтеров Kyocera TASKalfa 3212i,Бандлы x2/x6 — старт (08.08),21.96,21.96,0.0,62.2,40.2,27.1,9382.0,0.03,справочная,11,0,0.0,0.0,0.0,,0.0,,0,0.0,0.0,,147.0000000000000000,73.0000000000000000,74.0,8,6,0,3405,7,1,2,0,0,0,0,0,0.0,0.0,0,0,"кликов за неделю 0 (за всё время 0), расход 0 ₽ (накоплено 0 ₽) — судить не о чем, наблюдаем"
watch,hold,5322445688,3909X2,"Комплект картриджей W2030A (2 шт.) на 4800 страниц для принтеров HP Color LaserJet M454dn, LJ Pro M454dw, M480f, M479dw, LJ Pro M479 fdn",Бандлы x2/x6 — старт (08.08),21.96,21.96,0.0,54.0,32.0,28.8,7568.0,0.03,справочная,12,0,0.0,0.0,0.0,,0.0,,0,0.0,0.0,,116.0000000000000000,,,14,14,0,48,12,0,11,0,0,0,0,0,0.0,0.0,0,0,"кликов за неделю 0 (за всё время 0), расход 0 ₽ (накоплено 0 ₽) — судить не о чем, наблюдаем"
watch,hold,5265651727,4274X6,"Комплект картриджей W2410A (6 шт.) на 6300 страниц для принтеров HP Color LaserJet Pro M155a, Color LaserJet Pro M155nw",Бандлы x2/x6 — старт (08.08),21.96,21.96,0.0,124.2,102.2,35.2,20558.0,0.02,справочная,28,0,0.0,0.0,0.0,,0.0,,1,14.15,0.0,14.2,37.0000000000000000,17.0000000000000000,20.0,26,9,0,31,10,1,2,0,0,0,0,1,14.15,0.0,0,0,"кликов за неделю 0 (за всё время 1), расход 0 ₽ (накоплено 14 ₽) — судить не о чем, наблюдаем"
watch,hold,5269507640,4532X6,Комплект картриджей C-EXV60 (6 шт.) на 61200 страниц для принтеров Canon imageRUNNER 2425,Бандлы x2/x6 — старт (08.08),21.96,21.96,0.0,98.1,76.1,34.9,16405.0,0.02,справочная,4,0,0.0,0.0,0.0,,0.0,,0,0,0,,,,,0,0,0,0,,0,0,0,0,0,0,0,0.0,0.0,0,0,"кликов за неделю 0 (за всё время 0), расход 0 ₽ (накоплено 0 ₽) — судить не о чем, наблюдаем"
watch,hold,5272027515,4746X6,"Комплект картриджей PG-460XL (6 шт.) на 2400 страниц для принтеров Canon Pixma MG5740, Pixma MG6840",Бандлы x2/x6 — старт (08.08),21.96,21.96,0.0,247.5,225.5,34.9,41396.0,0.02,справочная,51,0,0.0,0.0,0.0,,0.0,,0,0.0,0.0,,65.0000000000000000,33.0000000000000000,32.0,26,8,0,28,45,0,2,0,0,0,0,0,0.0,0.0,0,0,"кликов за неделю 0 (за всё время 0), расход 0 ₽ (накоплено 0 ₽) — судить не о чем, наблюдаем"
watch,hold,5272587941,4830X6,"Комплект фотобарабанов W1104A (6 шт.) на 120000 страниц для принтеров HP Neverstop 1200 a, 1000a",Бандлы x2/x6 — старт (08.08),21.96,21.96,0.0,293.3,271.3,34.1,50393.0,0.02,справочная,11,0,0.0,0.0,0.0,,0.0,,0,0,0,,,32.0000000000000000,,0,-9,0,0,,0,0,0,0,0,0,0,0.0,0.0,0,0,"кликов за неделю 0 (за всё время 0), расход 0 ₽ (накоплено 0 ₽) — судить не о чем, наблюдаем"
watch,hold,5277342337,5287X2,Комплект картриджей T1A (2 шт.) на 7000 страниц для принтеров Deli M2500AD,Бандлы x2/x6 — старт (08.08),21.96,21.96,0.0,58.0,36.0,27.8,8480.0,0.03,справочная,52,0,0.0,0.0,0.0,,0.0,,0,0.0,0.0,,67.0000000000000000,43.0000000000000000,24.0,25,19,0,3510,307,0,2,0,0,0,0,0,0.0,0.0,0,0,"кликов за неделю 0 (за всё время 0), расход 0 ₽ (накоплено 0 ₽) — судить не о чем, наблюдаем"
watch,hold,5278052028,5374X6,"Комплект картриджей 069H (6 шт.) на 45600 страниц для принтеров Canon i-SENSYS LBP-673Cdw, MF752Cdw, MF754Cdw",Бандлы x2/x6 — старт (08.08),21.96,21.96,0.0,185.1,163.1,34.7,31169.0,0.02,справочная,28,0,0.0,0.0,0.0,,0.0,,0,0.0,0.0,,42.0000000000000000,50.0000000000000000,-8.0,66,36,0,83,6,2,9,0,0,0,0,0,0.0,0.0,0,0,"кликов за неделю 0 (за всё время 0), расход 0 ₽ (накоплено 0 ₽) — судить не о чем, наблюдаем"
watch,hold,5278081521,5384X2,"Комплект картриджей 055H BK (2 шт.) на 15200 страниц для принтеров Canon i-SENSYS MF740, MF 741, MF742Cdw, MF 743",Бандлы x2/x6 — старт (08.08),21.96,21.96,0.0,59.5,37.5,27.9,8662.0,0.03,справочная,18,0,0.0,0.0,0.0,,0.0,,0,0.0,0.0,,58.0000000000000000,,,12,12,0,15,20,0,2,0,0,0,0,0,0.0,0.0,0,0,"кликов за неделю 0 (за всё время 0), расход 0 ₽ (накоплено 0 ₽) — судить не о чем, наблюдаем"
watch,hold,5278411260,5418X2,"Комплект картриджей 067H Bk (2 шт.) на 6260 страниц для принтеров Canon i-SENSYS LBP-631CW, LBP633Cdw, MF651Cw, MF655Cdw",Бандлы x2/x6 — старт (08.08),21.96,21.96,0.0,52.6,30.6,28.5,7465.0,0.03,справочная,0,0,0,0,0,,,,0,0,0,,87.0000000000000000,34.0000000000000000,53.0,20,10,5355,25,32,0,4,0,0,1,1,0,0,0,0,0,"кликов за неделю 0 (за всё время 0), расход 0 ₽ (накоплено 0 ₽) — судить не о чем, наблюдаем"
watch,hold,5279551540,5521X2,"Комплект картриджей 071H (2 шт.) на 5000 страниц для принтеров Canon i-SENSYS LBP-120, LBP122dw, MF270, MF272dw",Бандлы x2/x6 — старт (08.08),21.96,21.96,0.0,48.7,26.7,28.5,6901.0,0.03,справочная,28,0,0.0,0.0,0.0,,0.0,,0,0.0,0.0,,59.0000000000000000,25.0000000000000000,34.0,20,19,0,23,6,1,15,0,0,0,0,0,0.0,0.0,0,0,"кликов за неделю 0 (за всё время 0), расход 0 ₽ (накоплено 0 ₽) — судить не о чем, наблюдаем"
watch,hold,5279669988,5530X6,"Комплект картриджей W1510X (6 шт.) на 58200 страниц для принтеров HP LaserJet Pro 4003dn, LJ Pro 4103fdn",Бандлы x2/x6 — старт (08.08),21.96,21.96,0.0,147.3,125.3,34.8,24716.0,0.02,справочная,11,0,0.0,0.0,0.0,,0.0,,0,0.0,0.0,,268.0000000000000000,,,14,14,0,2877,4,4,13,0,0,0,0,0,0.0,0.0,0,0,"кликов за неделю 0 (за всё время 0), расход 0 ₽ (накоплено 0 ₽) — судить не о чем, наблюдаем"
watch,hold,5280108649,5626X2,Комплект тонер-картриджей TK-5380K (2 шт.) на 26000 страниц для принтеров Kyocera ECOSYS MA4000cifx,Бандлы x2/x6 — старт (08.08),21.96,21.96,0.0,80.9,58.9,25.9,19355.0,0.02,справочная,10,0,0.0,0.0,0.0,,0.0,,0,0.0,0.0,,189.0000000000000000,22.0000000000000000,167.0,22,9,0,28,11,0,3,0,0,0,0,0,0.0,0.0,0,0,"кликов за неделю 0 (за всё время 0), расход 0 ₽ (накоплено 0 ₽) — судить не о чем, наблюдаем"
watch,hold,5280328623,5706X6,Комплект лент M210-750-488 (6 шт.) на 36 метров для принтеров Brady M210,Бандлы x2/x6 — старт (08.08),21.96,21.96,0.0,157.4,135.4,34.7,26498.0,0.02,справочная,49,0,0.0,0.0,0.0,,0.0,,0,0.0,0.0,,35.0000000000000000,12.0000000000000000,23.0,25,11,0,42,2,3,15,0,0,0,0,0,0.0,0.0,0,0,"кликов за неделю 0 (за всё время 0), расход 0 ₽ (накоплено 0 ₽) — судить не о чем, наблюдаем"
watch,hold,5280358718,5715X6,Комплект картриджей TK-7235 (6 шт.) на 210000 страниц для принтеров Kyocera TASKalfa MZ4000i,Бандлы x2/x6 — старт (08.08),21.96,21.96,0.0,447.4,425.4,34.2,76610.0,0.02,справочная,18,0,0.0,0.0,0.0,,0.0,,0,0.0,0.0,,67.0000000000000000,17.0000000000000000,50.0,20,14,0,22,1,9,15,0,0,0,0,0,0.0,0.0,0,0,"кликов за неделю 0 (за всё время 0), расход 0 ₽ (накоплено 0 ₽) — судить не о чем, наблюдаем"
watch,hold,5281036331,5807X2,"Комплект картриджей C-EXV65K (2 шт.) на 35000 страниц для принтеров Canon imageRUNNER C3326, iR C3326i",Бандлы x2/x6 — старт (08.08),21.96,21.96,0.0,67.2,45.2,27.3,15063.0,0.02,справочная,14,0,0.0,0.0,0.0,,0.0,,0,0,0,,26.0000000000000000,6.0000000000000000,20.0,16,13,0,16,5,3,13,0,0,0,0,0,0.0,0.0,0,0,"кликов за неделю 0 (за всё время 0), расход 0 ₽ (накоплено 0 ₽) — судить не о чем, наблюдаем"
watch,hold,5281503137,5940X2,"Комплект картриджей W1107XL (2 шт.) на 12000 страниц для принтеров HP Laser 107A, Laser107R",Бандлы x2/x6 — старт (08.08),21.96,21.96,0.0,45.3,23.3,28.2,6515.0,0.03,справочная,13,0,0.0,0.0,0.0,,0.0,,0,0.0,0.0,,195.0000000000000000,89.0000000000000000,106.0,14,12,0,15,75,0,1,0,0,0,0,0,0.0,0.0,0,0,"кликов за неделю 0 (за всё время 0), расход 0 ₽ (накоплено 0 ₽) — судить не о чем, наблюдаем"
watch,hold,5284623615,6202X6,"Комплект тонер-картриджей TK-1060 (6 шт.) на 120000 страниц для принтеров Avision AM5630i, AM5640i, AM7630i, AM7640i",Бандлы x2/x6 — старт (08.08),21.96,21.96,0.0,252.6,230.6,34.5,42811.0,0.02,справочная,12,0,0.0,0.0,0.0,,0.0,,0,0,0,,,,,0,0,0,0,,0,0,0,0,0,0,0,0.0,0.0,0,0,"кликов за неделю 0 (за всё время 0), расход 0 ₽ (накоплено 0 ₽) — судить не о чем, наблюдаем"
watch,hold,5290540232,6885X2,Комплект фотобарабанов 60IU60S (2 шт.) на 120000 страниц для принтеров F+ Imaging M60ade,Бандлы x2/x6 — старт (08.08),21.96,21.96,0.0,83.5,61.5,25.9,19988.0,0.02,справочная,21,0,0.0,0.0,0.0,,0.0,,0,0.0,0.0,,22.0000000000000000,63.0000000000000000,-41.0,6,2,0,8,16,0,1,0,0,0,0,0,0.0,0.0,0,0,"кликов за неделю 0 (за всё время 0), расход 0 ₽ (накоплено 0 ₽) — судить не о чем, наблюдаем"
watch,hold,652454483,3232,"Картридж CF259A для принтеров HP LaserJet Pro M304, LJ Pro M404 черный",Эксперимент1,11.0,11.0,0.0,,,,,,справочная,22,0,0.0,0.0,0.0,,0.0,,0,0.0,0.0,,144.0000000000000000,101.0000000000000000,43.0,7,3,0,9,301,0,2,0,0,0,1,0,0.0,0.0,0,0,"кликов за неделю 0 (за всё время 0), расход 0 ₽ (накоплено 0 ₽) — судить не о чем, наблюдаем"
watch,hold,1143063200,5154,"Фотобарабан DO-428 для принтеров M7108DN, P3308DN черный",Эксперимент1,12.89,12.89,0.0,,,,,,справочная,55,0,0.0,0.0,0.0,,0.0,,0,0.0,0.0,,67.0000000000000000,38.0000000000000000,29.0,25,17,0,3425,3,1,14,0,0,0,3,0,0.0,0.0,0,0,"кликов за неделю 0 (за всё время 0), расход 0 ₽ (накоплено 0 ₽) — судить не о чем, наблюдаем"
watch,hold,1143063200,5154,"Фотобарабан DO-428 для принтеров M7108DN, P3308DN черный",от 2000 до 5000,19.33,19.33,0.0,,,,,,справочная,3,0,0.0,0.0,0.0,,0.0,,0,0.0,0.0,,67.0000000000000000,38.0000000000000000,29.0,25,17,0,3425,3,1,14,0,0,0,3,0,0.0,0.0,0,0,"кликов за неделю 0 (за всё время 0), расход 0 ₽ (накоплено 0 ₽) — судить не о чем, наблюдаем"
watch,hold,652456834,3898,"Картридж №912XL Bk для принтеров HP OfficeJet 8012, OfficeJet 8013, OfficeJet Pro 8023 черный",Вне РК — спрос без рекламы (08.08),21.96,21.96,0.0,,,,,,справочная,0,0,0,0,0,,,,0,0,0,,,,,0,0,0,0,,0,0,0,0,0,0,0,0,0,0,0,"кликов за неделю 0 (за всё время 0), расход 0 ₽ (накоплено 0 ₽) — судить не о чем, наблюдаем"
watch,hold,864225411,0998,"Картридж 44469754 для принтеров OKI и C531, Data C510, DataC511, MC561, MC562 голубой",Эксперимент1,8.0,8.0,0.0,,,,,,справочная,14,0,0.0,0.0,0.0,,0.0,,0,0,0,,,73.0000000000000000,,0,-6,0,0,,0,0,0,0,0,0,0,0.0,0.0,0,0,"кликов за неделю 0 (за всё время 0), расход 0 ₽ (накоплено 0 ₽) — судить не о чем, наблюдаем"
watch,hold,904483519,3747,"Картридж 408186 для принтеров Ricoh Aficio SPC360, SPC361 пурпурный",Эксперимент1,12.89,12.89,0.0,,,,,,справочная,25,0,0.0,0.0,0.0,,0.0,,0,0.0,0.0,,73.0000000000000000,87.0000000000000000,-14.0,5,1,0,7,13,0,4,0,0,0,1,0,0.0,0.0,0,0,"кликов за неделю 0 (за всё время 0), расход 0 ₽ (накоплено 0 ₽) — судить не о чем, наблюдаем"
watch,hold,863393840,0088,"Картридж CE278A для принтеров HP LaserJet Pro M1536dnf, LJ Pro P1560 черный",Эксперимент1,8.0,8.0,0.0,,,,,,справочная,10,0,0.0,0.0,0.0,,0.0,,0,0.0,0.0,,117.0000000000000000,97.0000000000000000,20.0,21,8,0,26,5,1,15,0,0,0,0,0,0.0,0.0,0,0,"кликов за неделю 0 (за всё время 0), расход 0 ₽ (накоплено 0 ₽) — судить не о чем, наблюдаем"
watch,hold,906874784,0713,"Картридж C8543X для принтеров HP LaserJet 9000, LJ 9040, LJ 9050 черный",Эксперимент1,8.0,8.0,0.0,,,,,,справочная,29,0,0.0,0.0,0.0,,0.0,,0,0.0,0.0,,66.0000000000000000,42.0000000000000000,24.0,23,17,0,1128,7,2,15,0,0,0,0,0,0.0,0.0,0,0,"кликов за неделю 0 (за всё время 0), расход 0 ₽ (накоплено 0 ₽) — судить не о чем, наблюдаем"
watch,hold,866442860,1383,"Картридж 731Y для принтеров Canon i-SENSYS LBP-7100Cn, LBP 7110, MF623cn, MF628cw, MF8230cn, MF8280cw желтый",от 2000 до 5000,12.0,12.0,0.0,,,,,,справочная,27,0,0.0,0.0,0.0,,0.0,,0,0.0,0.0,,90.0000000000000000,121.0000000000000000,-31.0,9,-5,0,3332,7,1,2,0,0,0,0,0,0.0,0.0,25.0,0,"кликов за неделю 0 (за всё время 0), расход 0 ₽ (накоплено 0 ₽) — судить не о чем, наблюдаем"
watch,hold,930614527,1853,"Фотобарабан 101R00555 DU для принтеров Xerox Phaser 3330, WC-3335, WC 3345 MFP черный",Эксперимент1,12.89,12.89,0.0,,,,,,справочная,41,0,0.0,0.0,0.0,,0.0,,0,0.0,0.0,,60.0000000000000000,66.0000000000000000,-6.0,10,-6,0,11,44,0,1,0,0,0,1,0,0.0,0.0,0,0,"кликов за неделю 0 (за всё время 0), расход 0 ₽ (накоплено 0 ₽) — судить не о чем, наблюдаем"
watch,hold,873319775,3841,"Чернила BT5000C для принтеров Brother DCP-T300, DCP T310, MFC-T800, MFC-T810 голубой",Эксперимент1,6.0,6.0,0.0,,,,,,справочная,20,0,0.0,0.0,0.0,,0.0,,0,0.0,0.0,,164.0000000000000000,100.0000000000000000,64.0,9,-3,0,29,90,0,3,0,0,0,0,0,0.0,0.0,0,0,"кликов за неделю 0 (за всё время 0), расход 0 ₽ (накоплено 0 ₽) — судить не о чем, наблюдаем"
watch,hold,930627427,2969,"Картридж 051H для принтеров Canon i-SENSYS LBP-160, LBP 162, MF260 ser, MF 264, MF 267 черный",Эксперимент1,8.0,8.0,0.0,,,,,,справочная,18,0,0.0,0.0,0.0,,0.0,,0,0.0,0.0,,70.0000000000000000,57.0000000000000000,13.0,7,2,0,10,12,0,7,0,0,0,0,0,0.0,0.0,0,0,"кликов за неделю 0 (за всё время 0), расход 0 ₽ (накоплено 0 ₽) — судить не о чем, наблюдаем"
watch,hold,873314291,3690,"Картридж 728XXL для принтеров HP DesignJet T730, DJ T830 голубой",Эксперимент1,8.0,8.0,0.0,,,,,,справочная,41,0,0.0,0.0,0.0,,0.0,,0,0.0,0.0,,71.0000000000000000,172.0000000000000000,-101.0,23,-2,0,284,16,0,10,0,0,0,1,0,0.0,0.0,0,0,"кликов за неделю 0 (за всё время 0), расход 0 ₽ (накоплено 0 ₽) — судить не о чем, наблюдаем"
watch,hold,874374260,4331,"Фотобарабан DL-425 DU для принтеров M7105DN, P3305DN черный",от 2000 до 5000,19.33,19.33,0.0,,,,,,справочная,21,0,0.0,0.0,0.0,,0.0,,0,0.0,0.0,,113.0000000000000000,29.0000000000000000,84.0,14,9,0,3446,3,1,6,0,0,0,1,0,0.0,0.0,0,0,"кликов за неделю 0 (за всё время 0), расход 0 ₽ (накоплено 0 ₽) — судить не о чем, наблюдаем"
watch,hold,874380090,4157,"Картридж 808SK для принтеров Lexmark и CX310, CX410, CX510 черный",от 2000 до 5000,12.0,12.0,0.0,,,,,,справочная,15,0,0.0,0.0,0.0,,0.0,,0,0.0,0.0,,24.0000000000000000,135.0000000000000000,-111.0,13,1,0,13,3,2,9,0,0,0,0,0,0.0,0.0,0,0,"кликов за неделю 0 (за всё время 0), расход 0 ₽ (накоплено 0 ₽) — судить не о чем, наблюдаем"
watch,hold,864225496,1099,"Картриджи 106R01601-106R01604 для принтеров Xerox Phaser 6500, WC 6505",от 2000 до 5000,14.0,14.0,0.0,,,,,,справочная,0,0,0,0,0,,,,0,0.0,0.0,,52.0000000000000000,119.0000000000000000,-67.0,8,1,0,8,15,0,8,0,0,0,1,0,0.0,0.0,0,0,"кликов за неделю 0 (за всё время 0), расход 0 ₽ (накоплено 0 ₽) — судить не о чем, наблюдаем"
watch,hold,874374090,4441,Картридж T2670 для принтеров Epson WorkForce WF-100W цветной,Эксперимент1,10.25,10.25,0.0,,,,,,справочная,40,0,0.0,0.0,0.0,,0.0,,0,0.0,0.0,,90.0000000000000000,148.0000000000000000,-58.0,41,8,0,5355,9,2,15,0,0,0,2,0,0.0,0.0,0,0,"кликов за неделю 0 (за всё время 0), расход 0 ₽ (накоплено 0 ₽) — судить не о чем, наблюдаем"
watch,hold,874374090,4441,Картридж T2670 для принтеров Epson WorkForce WF-100W цветной,от 1000-2000,16.0,16.0,0.0,,,,,,справочная,59,0,0.0,0.0,0.0,,0.0,,0,0.0,0.0,,90.0000000000000000,148.0000000000000000,-58.0,41,8,0,5355,9,2,15,0,0,0,2,0,0.0,0.0,0,0,"кликов за неделю 0 (за всё время 0), расход 0 ₽ (накоплено 0 ₽) — судить не о чем, наблюдаем"
watch,hold,930621124,2405,"Картридж TK-5280BK для принтеров Kyocera Ecosys M6235cidn, M6635cidn черный",Эксперимент1,10.0,10.0,0.0,,,,,,справочная,24,0,0.0,0.0,0.0,,0.0,,0,0.0,0.0,,65.0000000000000000,99.0000000000000000,-34.0,16,-7,0,21,9,1,15,0,0,0,3,0,0.0,0.0,0,0,"кликов за неделю 0 (за всё время 0), расход 0 ₽ (накоплено 0 ₽) — судить не о чем, наблюдаем"
watch,hold,930621124,2405,"Картридж TK-5280BK для принтеров Kyocera Ecosys M6235cidn, M6635cidn черный",от 2000 до 5000,14.0,14.0,0.0,,,,,,справочная,7,0,0.0,0.0,0.0,,0.0,,0,0.0,0.0,,65.0000000000000000,99.0000000000000000,-34.0,16,-7,0,21,9,1,15,0,0,0,3,0,0.0,0.0,0,0,"кликов за неделю 0 (за всё время 0), расход 0 ₽ (накоплено 0 ₽) — судить не о чем, наблюдаем"
watch,hold,873314096,3370,"Картридж T8651 для принтеров Epson WorkForce Pro M5190, WF Pro M5690 черный",от 2000 до 5000,19.33,19.33,0.0,,,,,,справочная,35,0,0.0,0.0,0.0,,0.0,,0,0.0,0.0,,58.0000000000000000,103.0000000000000000,-45.0,20,6,0,6771,38,0,7,0,0,0,3,0,0.0,0.0,0,0,"кликов за неделю 0 (за всё время 0), расход 0 ₽ (накоплено 0 ₽) — судить не о чем, наблюдаем"
watch,hold,863431273,0269,"Картридж CLT-K407S для принтеров Samsung CLP-320, CLP 325, CLX-3180, CLX3185 черный",от 2000 до 5000,12.0,12.0,0.0,,,,,,справочная,16,0,0.0,0.0,0.0,,0.0,,0,0.0,0.0,,116.0000000000000000,74.0000000000000000,42.0,17,3,0,337,12,0,15,0,0,0,1,0,0.0,0.0,0,0,"кликов за неделю 0 (за всё время 0), расход 0 ₽ (накоплено 0 ₽) — судить не о чем, наблюдаем"
watch,hold,873320589,3766,"Картридж W2070X для принтеров HP Color Laser 150a, HP Color Laser 150nw черный",от 2000 до 5000,13.0,13.0,0.0,,,,,,справочная,12,0,0.0,0.0,0.0,,0.0,,0,0.0,0.0,,152.0000000000000000,75.0000000000000000,77.0,23,5,0,2236,15,0,14,0,0,0,0,0,0.0,0.0,0,0,"кликов за неделю 0 (за всё время 0), расход 0 ₽ (накоплено 0 ₽) — судить не о чем, наблюдаем"
watch,hold,874374187,4335,"Картридж №727 для принтеров HP DesignJet T1500, DJ-T1530, DJ T2530, DJ T920 голубой",Эксперимент1,8.0,8.0,0.0,,,,,,справочная,35,0,0.0,0.0,0.0,,0.0,,0,0.0,0.0,,129.0000000000000000,202.0000000000000000,-73.0,19,11,0,254,38,0,10,0,0,0,0,0,0.0,0.0,0,0,"кликов за неделю 0 (за всё время 0), расход 0 ₽ (накоплено 0 ₽) — судить не о чем, наблюдаем"
watch,hold,930619837,2107,"Картридж 6210D для принтеров Ricoh Aficio 1060, 1075, 2051, Aficio 2060, 2075, AP900, MP5500, MP6000 MP6001 MP7000 MP7001 MP8000 MP8001 MP9001 MP9002 PS9100 черный",Эксперимент1,9.0,9.0,0.0,,,,,,справочная,14,0,0.0,0.0,0.0,,0.0,,0,0.0,0.0,,91.0000000000000000,32.0000000000000000,59.0,18,-7,0,18,5,1,15,0,0,0,0,0,0.0,0.0,0,0,"кликов за неделю 0 (за всё время 0), расход 0 ₽ (накоплено 0 ₽) — судить не о чем, наблюдаем"
watch,hold,874375778,4265,"Картридж 006R01702 для принтеров Xerox и AltaLink C8030, C8035 голубой",Эксперимент1,14.5,14.5,0.0,,,,,,справочная,49,0,0.0,0.0,0.0,,0.0,,1,1.0,0.0,1.0,32.0000000000000000,78.0000000000000000,-46.0,6,-5,0,7,10,1,1,0,0,0,2,1,1.0,0.0,0,0,"кликов за неделю 0 (за всё время 1), расход 0 ₽ (накоплено 1 ₽) — судить не о чем, наблюдаем"
watch,hold,653317601,0787,"Картридж 106R01634 для принтеров Xerox Phaser 6000, Phaser 6010, WC6015 черный",от 1000-2000,10.0,10.0,0.0,,,,,,справочная,0,0,0,0,0,,,,0,0.0,0.0,,119.0000000000000000,28.0000000000000000,91.0,9,2,0,3431,2,2,9,0,0,0,0,0,0.0,0.0,0,0,"кликов за неделю 0 (за всё время 0), расход 0 ₽ (накоплено 0 ₽) — судить не о чем, наблюдаем"
watch,hold,653317601,0787,"Картридж 106R01634 для принтеров Xerox Phaser 6000, Phaser 6010, WC6015 черный",Эксперимент1,7.0,7.0,0.0,,,,,,справочная,14,0,0.0,0.0,0.0,,0.0,,0,0.0,0.0,,119.0000000000000000,28.0000000000000000,91.0,9,2,0,3431,2,2,9,0,0,0,0,0,0.0,0.0,0,0,"кликов за неделю 0 (за всё время 0), расход 0 ₽ (накоплено 0 ₽) — судить не о чем, наблюдаем"
watch,hold,870872460,2219,Картридж PR2 для принтеров Olivetti PR2 черный,от 1000-2000,10.0,10.0,0.0,,,,,,справочная,85,0,0.0,0.0,0.0,,0.0,,0,0.0,0.0,,28.0000000000000000,22.0000000000000000,6.0,65,8,0,127,7,7,15,0,0,0,29,0,0.0,0.0,0,0,"кликов за неделю 0 (за всё время 0), расход 0 ₽ (накоплено 0 ₽) — судить не о чем, наблюдаем"
watch,hold,653450891,2137,"Картридж TK-5240M для принтеров Kyocera Ecosys M5526cdn, P5026cdn пурпурный",Эксперимент1,8.0,8.0,0.0,,,,,,справочная,20,0,0.0,0.0,0.0,,0.0,,0,0.0,0.0,,90.0000000000000000,121.0000000000000000,-31.0,7,0,0,11,298,0,1,0,0,0,0,0,0.0,0.0,0,0,"кликов за неделю 0 (за всё время 0), расход 0 ₽ (накоплено 0 ₽) — судить не о чем, наблюдаем"
watch,hold,930641745,0810,"Картридж CE412A для принтеров HP Color LaserJet Pro 300 M351a, M375nw, HP M451dn, HP-M451dw, HPM451nw, HP MFP M475dn желтый",Эксперимент1,8.0,8.0,0.0,,,,,,справочная,41,0,0.0,0.0,0.0,,0.0,,0,0.0,0.0,,134.0000000000000000,90.0000000000000000,44.0,10,3,0,10,31,0,10,0,0,0,1,0,0.0,0.0,0,0,"кликов за неделю 0 (за всё время 0), расход 0 ₽ (накоплено 0 ₽) — судить не о чем, наблюдаем"
watch,hold,652352508,0816,"Картридж MLT-D115L для принтеров Samsung SL-M2880FW, SL-M2620D, SL M2670, SLM2820DW, SLM2830DW, SL M2870FD",Эксперимент1,8.0,8.0,0.0,,,,,,справочная,11,0,0.0,0.0,0.0,,0.0,,0,0.0,0.0,,102.0000000000000000,52.0000000000000000,50.0,12,-10,0,12,19,0,11,0,0,0,1,0,0.0,0.0,0,0,"кликов за неделю 0 (за всё время 0), расход 0 ₽ (накоплено 0 ₽) — судить не о чем, наблюдаем"
watch,hold,652352508,0816,"Картридж MLT-D115L для принтеров Samsung SL-M2880FW, SL-M2620D, SL M2670, SLM2820DW, SLM2830DW, SL M2870FD",от 2000 до 5000,12.0,12.0,0.0,,,,,,справочная,4,0,0.0,0.0,0.0,,0.0,,0,0.0,0.0,,102.0000000000000000,52.0000000000000000,50.0,12,-10,0,12,19,0,11,0,0,0,1,0,0.0,0.0,0,0,"кликов за неделю 0 (за всё время 0), расход 0 ₽ (накоплено 0 ₽) — судить не о чем, наблюдаем"
watch,hold,653348183,5348,Картридж 109R00748 для принтеров Xerox и Phaser 3116 черный,от 2000 до 5000,12.0,12.0,0.0,,,,,,справочная,10,0,0.0,0.0,0.0,,0.0,,0,0.0,0.0,,105.0000000000000000,66.0000000000000000,39.0,8,-2,0,1087,15,0,8,0,0,0,0,0,0.0,0.0,0,0,"кликов за неделю 0 (за всё время 0), расход 0 ₽ (накоплено 0 ₽) — судить не о чем, наблюдаем"
watch,hold,930624502,1728,"Картридж 62D0HA0/ 62D5H00 для принтеров Lexmark MX710, MX711, MX810, MX811 черный",Эксперимент1,12.89,12.89,0.0,,,,,,справочная,38,0,0.0,0.0,0.0,,0.0,,0,0.0,0.0,,34.0000000000000000,36.0000000000000000,-2.0,8,-3,0,10,20,0,1,0,0,0,1,0,0.0,0.0,0,0,"кликов за неделю 0 (за всё время 0), расход 0 ₽ (накоплено 0 ₽) — судить не о чем, наблюдаем"
watch,hold,1129396118,4645,Картриджи TNP-51 для принтеров Konica Minolta Bizhub C3110,от 10000 до 500 тыс,19.33,19.33,0.0,,,,,,справочная,2,0,0.0,0.0,0.0,,0.0,,0,0.0,1.0,,,54.0000000000000000,,0,-1,0,0,,0,0,0,0,1,1,2,2.0,1.0,0,0,"кликов за неделю 0 (за всё время 2), расход 0 ₽ (накоплено 2 ₽) — судить не о чем, наблюдаем"
watch,hold,1153810360,3144,Картридж 106R02606 для принтеров Xerox Phaser 7100 голубой,от 2000 до 5000,20.93,20.93,0.0,,,,,,справочная,21,0,0.0,0.0,0.0,,0.0,,0,0.0,0.0,,94.0000000000000000,102.0000000000000000,-8.0,13,0,0,6890,2,2,9,0,0,0,1,0,0.0,0.0,0,0,"кликов за неделю 0 (за всё время 0), расход 0 ₽ (накоплено 0 ₽) — судить не о чем, наблюдаем"
watch,hold,1155651351,2984,"Фотобарабан CLT-R407 DU для принтеров Samsung CLP-320, CLP 325, CLX-3180, CLX3185 черный",от 10000 до 500 тыс,19.33,19.33,0.0,,,,,,справочная,29,0,0.0,0.0,0.0,,0.0,,0,0.0,0.0,,63.0000000000000000,51.0000000000000000,12.0,20,0,0,26,19,0,5,0,0,0,2,0,0.0,0.0,0,0,"кликов за неделю 0 (за всё время 0), расход 0 ₽ (накоплено 0 ₽) — судить не о чем, наблюдаем"
watch,hold,863392466,3229,"Картридж W1106A для принтеров HP Laser 107A, Laser107R черный",Вне РК — спрос без рекламы (08.08),21.96,21.96,0.0,,,,,,справочная,12,0,0.0,0.0,0.0,,0.0,,0,0,0,,72.0000000000000000,114.0000000000000000,-42.0,1,-7,0,1,,0,0,0,0,0,1,0,0.0,0.0,0,0,"кликов за неделю 0 (за всё время 0), расход 0 ₽ (накоплено 0 ₽) — судить не о чем, наблюдаем"
watch,hold,866443367,1606,"Картридж CLT-M609S для принтеров Samsung и CLP-770, CLP 770ND пурпурный",от 5000 до 10000,20.93,20.93,0.0,,,,,,справочная,21,0,0.0,0.0,0.0,,0.0,,0,0.0,0.0,,140.0000000000000000,48.0000000000000000,92.0,9,-1,0,5477,9,1,6,0,0,0,1,0,0.0,0.0,0,0,"кликов за неделю 0 (за всё время 0), расход 0 ₽ (накоплено 0 ₽) — судить не о чем, наблюдаем"
watch,hold,652576757,1446,"Картридж CLI-471XLBK для принтеров Canon Pixma TS5040, Pixma MG5740",Эксперимент1,6.0,6.0,0.0,,,,,,справочная,61,0,0.0,0.0,0.0,,0.0,,0,0.0,0.0,,98.0000000000000000,112.0000000000000000,-14.0,19,11,0,21,62,0,4,0,0,0,1,0,0.0,0.0,25.0,0,"кликов за неделю 0 (за всё время 0), расход 0 ₽ (накоплено 0 ₽) — судить не о чем, наблюдаем"
watch,hold,652493747,3219,"Картридж W2030A для принтеров HP и Color LaserJet M480, LJ M455, LJ Pro M454, LJ Pro M479 fdn черный",Эксперимент1,8.0,8.0,0.0,,,,,,справочная,4,0,0.0,0.0,0.0,,0.0,,0,0.0,0.0,,198.0000000000000000,134.0000000000000000,64.0,3,0,0,79,111,0,2,0,0,0,0,0,0.0,0.0,0,0,"кликов за неделю 0 (за всё время 0), расход 0 ₽ (накоплено 0 ₽) — судить не о чем, наблюдаем"
watch,hold,651913959,0024,"Картридж Q6511A для принтеров HP LaserJet 2410, LJ 2420, LJ 2430 черный",Эксперимент1,12.89,12.89,0.0,,,,,,справочная,28,0,0.0,0.0,0.0,,0.0,,0,0.0,0.0,,57.0000000000000000,101.0000000000000000,-44.0,28,8,0,40,3,1,2,0,0,0,4,0,0.0,0.0,0,0,"кликов за неделю 0 (за всё время 0), расход 0 ₽ (накоплено 0 ₽) — судить не о чем, наблюдаем"
watch,hold,930640538,0592,"Картридж LC-1000C для принтеров Brother DCP-130C, DCP 150C, MFC-230C, MFC-235C голубой",от 0 до 1000,10.0,10.0,0.0,,,,,,справочная,11,0,0.0,0.0,0.0,,0.0,,0,0.0,0.0,,87.0000000000000000,88.0000000000000000,-1.0,14,7,0,25,13,0,13,0,0,0,1,1,10.4,0.0,0,0,"кликов за неделю 0 (за всё время 1), расход 0 ₽ (накоплено 10 ₽) — судить не о чем, наблюдаем"
watch,hold,1220205990,5230,"Картридж 067H для принтеров Canon i-SENSYS LBP631CW, LBP633, MF651, MF651Cw голубой",Эксперимент1,14.5,14.5,0.0,,,,,,справочная,54,0,0.0,0.0,0.0,,0.0,,0,0.0,0.0,,94.0000000000000000,88.0000000000000000,6.0,11,0,0,3409,47,0,10,0,0,0,2,0,0.0,0.0,0,0,"кликов за неделю 0 (за всё время 0), расход 0 ₽ (накоплено 0 ₽) — судить не о чем, наблюдаем"
watch,hold,930609708,0351,"Картриджи CE400X-CE403A для принтеров HP LJ M551dn, LJ-M551n, LJM551xh",от 10000 до 500 тыс,19.33,19.33,0.0,,,,,,справочная,11,0,0.0,0.0,0.0,,0.0,,0,0.0,0.0,,38.0000000000000000,45.0000000000000000,-7.0,6,-7,0,6,,0,0,0,0,0,2,1,21.98,0.0,0,0,"кликов за неделю 0 (за всё время 1), расход 0 ₽ (накоплено 22 ₽) — судить не о чем, наблюдаем"
watch,hold,873314121,3614,"Картридж CF289A для принтеров HP LaserJet M507, LJ M528 черный",Эксперимент1,8.0,8.0,0.0,,,,,,справочная,8,0,0.0,0.0,0.0,,0.0,,0,0.0,0.0,,58.0000000000000000,48.0000000000000000,10.0,17,8,0,1134,14,0,15,0,0,0,4,0,0.0,0.0,0,0,"кликов за неделю 0 (за всё время 0), расход 0 ₽ (накоплено 0 ₽) — судить не о чем, наблюдаем"
watch,hold,930617902,2039,"Картридж TN-512Y для принтеров Konica Minolta Bizhub C454, Bizhub C554 желтый",Эксперимент1,12.89,12.89,0.0,,,,,,справочная,39,0,0.0,0.0,0.0,,0.0,,0,0.0,0.0,,205.0000000000000000,61.0000000000000000,144.0,4,-1,0,3,,0,0,0,0,1,1,0,0.0,0.0,0,0,"кликов за неделю 0 (за всё время 0), расход 0 ₽ (накоплено 0 ₽) — судить не о чем, наблюдаем"
watch,hold,930640875,0870,"Картридж TK-580Y для принтеров Kyocera и FS-C5150DN, ECOSYS P6021CDN желтый",Эксперимент1,10.0,10.0,0.0,,,,,,справочная,43,0,0.0,0.0,0.0,,0.0,,0,0.0,0.0,,66.0000000000000000,49.0000000000000000,17.0,14,5,0,16,9,1,14,0,0,0,1,0,0.0,0.0,0,0,"кликов за неделю 0 (за всё время 0), расход 0 ₽ (накоплено 0 ₽) — судить не о чем, наблюдаем"
watch,hold,653076881,3434,Картридж DS TN-217Y Brother желтый совместимый,Эксперимент1,10.0,10.0,0.0,,,,,,справочная,44,0,0.0,0.0,0.0,,0.0,,0,0.0,0.0,,145.0000000000000000,54.0000000000000000,91.0,10,-5,0,12,33,0,2,0,0,0,3,1,9.04,0.0,0,0,"кликов за неделю 0 (за всё время 1), расход 0 ₽ (накоплено 9 ₽) — судить не о чем, наблюдаем"
watch,hold,652550537,0325,"Картридж 920XLBK для принтеров HP OfficeJet 6000, OfficeJet 6500 черный",от 0 до 1000,11.0,11.0,0.0,,,,,,справочная,13,0,0.0,0.0,0.0,,0.0,,0,0.0,0.0,,83.0000000000000000,52.0000000000000000,31.0,16,-8,0,19,27,0,1,0,0,0,1,0,0.0,0.0,0,0,"кликов за неделю 0 (за всё время 0), расход 0 ₽ (накоплено 0 ₽) — судить не о чем, наблюдаем"
watch,hold,930639432,2389,"Картридж TN-423C для принтеров Brother и DCP-L8410CDW, HL-L8260CDW, HL L8360CDW, MFC-L8690CDW, MFCL8900CDW голубой",Эксперимент1,8.0,8.0,0.0,,,,,,справочная,24,0,0.0,0.0,0.0,,0.0,,0,0.0,0.0,,77.0000000000000000,76.0000000000000000,1.0,2,-7,0,2,,0,0,0,0,0,0,0,0.0,0.0,0,0,"кликов за неделю 0 (за всё время 0), расход 0 ₽ (накоплено 0 ₽) — судить не о чем, наблюдаем"
watch,hold,652561625,1445,"Картридж CLI-36 для принтеров Canon Pixma iP100, PixmaiP110 цветной",от 0 до 1000,10.0,10.0,0.0,,,,,,справочная,11,0,0.0,0.0,0.0,,0.0,,0,0.0,0.0,,116.0000000000000000,192.0000000000000000,-76.0,14,2,0,104,29,0,14,0,0,0,1,0,0.0,0.0,0,0,"кликов за неделю 0 (за всё время 0), расход 0 ₽ (накоплено 0 ₽) — судить не о чем, наблюдаем"
watch,hold,1232572987,1999,"Фотобарабан DR-512K DU для принтеров Konica Minolta Bizhub C224, Bizhub C284 черный",Эксперимент1,8.0,8.0,0.0,,,,,,справочная,103,0,0.0,0.0,0.0,,0.0,,0,0.0,0.0,,34.0000000000000000,85.0000000000000000,-51.0,17,-18,0,16,7,1,12,0,0,0,1,1,16.44,0.0,0,0,"кликов за неделю 0 (за всё время 1), расход 0 ₽ (накоплено 16 ₽) — судить не о чем, наблюдаем"
watch,hold,930622275,1239,"Картридж PFI-102C для принтеров Canon iPF 650, iPF500 голубой",Эксперимент1,12.89,12.89,0.0,,,,,,справочная,64,0,0.0,0.0,0.0,,0.0,,0,0.0,0.0,,129.0000000000000000,76.0000000000000000,53.0,10,3,0,13,19,0,9,0,0,0,1,0,0.0,0.0,0,0,"кликов за неделю 0 (за всё время 0), расход 0 ₽ (накоплено 0 ₽) — судить не о чем, наблюдаем"
watch,hold,930615083,1174,"Картридж CF320A для принтеров HP Color LaserJet M680z, LJ M651dn, LJ-M651n, LJM651xh, LJ M680dn, LJM680f черный",Эксперимент1,14.5,14.5,0.0,,,,,,справочная,53,0,0.0,0.0,0.0,,0.0,,0,0.0,0.0,,196.0000000000000000,64.0000000000000000,132.0,8,2,5933,9,7,1,4,0,0,1,1,0,0.0,0.0,0,0,"кликов за неделю 0 (за всё время 0), расход 0 ₽ (накоплено 0 ₽) — судить не о чем, наблюдаем"
watch,hold,930626943,0867,"Картридж TK-580K для принтеров Kyocera и FS-C5150DN, ECOSYS P6021CDN черный",Эксперимент1,11.0,11.0,0.0,,,,,,справочная,31,0,0.0,0.0,0.0,,0.0,,0,0.0,0.0,,71.0000000000000000,75.0000000000000000,-4.0,15,5,0,17,13,0,14,0,0,0,2,0,0.0,0.0,0,0,"кликов за неделю 0 (за всё время 0), расход 0 ₽ (накоплено 0 ₽) — судить не о чем, наблюдаем"
watch,hold,904484189,4310,"Картридж TN-328M для принтеров Konica Minolta Bizhub C250i, C300i, C360i пурпурный",Эксперимент1,8.0,8.0,0.0,,,,,,справочная,37,0,0.0,0.0,0.0,,0.0,,0,0.0,0.0,,51.0000000000000000,45.0000000000000000,6.0,21,-3,0,3003,8,3,15,0,0,0,1,0,0.0,0.0,0,0,"кликов за неделю 0 (за всё время 0), расход 0 ₽ (накоплено 0 ₽) — судить не о чем, наблюдаем"
watch,hold,653455369,0782,"Картридж TK-1120 для принтеров Kyocera FS-1060DN, FS-1125MFP",Эксперимент1,7.0,7.0,0.0,,,,,,справочная,37,0,0.0,0.0,0.0,,0.0,,1,7.64,0.0,7.6,149.0000000000000000,149.0000000000000000,0.0,19,0,0,34,15,0,11,0,0,0,0,2,15.56,0.0,0,0,"кликов за неделю 0 (за всё время 2), расход 0 ₽ (накоплено 16 ₽) — судить не о чем, наблюдаем"
watch,hold,930608781,0262,"Картридж 106R01277 для принтеров Xerox WorkCentre 5016, WC 5020",от 1000-2000,12.0,12.0,0.0,,,,,,справочная,0,0,0,0,0,,,,0,0.0,0.0,,49.0000000000000000,44.0000000000000000,5.0,23,-12,0,60,14,0,15,0,0,0,6,0,0.0,0.0,0,0,"кликов за неделю 0 (за всё время 0), расход 0 ₽ (накоплено 0 ₽) — судить не о чем, наблюдаем"
watch,hold,930608781,0262,"Картридж 106R01277 для принтеров Xerox WorkCentre 5016, WC 5020",Эксперимент1,13.0,13.0,0.0,,,,,,справочная,69,0,0.0,0.0,0.0,,0.0,,0,0.0,0.0,,49.0000000000000000,44.0000000000000000,5.0,23,-12,0,60,14,0,15,0,0,0,6,3,27.62,0.0,0,0,"кликов за неделю 0 (за всё время 3), расход 0 ₽ (накоплено 28 ₽) — судить не о чем, наблюдаем"
watch,hold,863385787,2965,"Фотобарабан DK-1150 DU для принтеров Kyocera EcoSys M2040dn, M2135, M2540dn, M2635, M2640idw, M2735dw, P2235, P2335d черный",Эксперимент1,12.89,12.89,0.0,,,,,,справочная,71,0,0.0,0.0,0.0,,0.0,,1,6.91,0.0,6.9,81.0000000000000000,103.0000000000000000,-22.0,49,9,0,3392,4,3,15,0,0,0,1,1,6.91,0.0,0,0,"кликов за неделю 0 (за всё время 1), расход 0 ₽ (накоплено 7 ₽) — судить не о чем, наблюдаем"
watch,hold,873320021,3780,"Фотобарабаны DR-320CL DU для принтеров Brother DCP-9055, DCP 9270, HL-4140, HL4150, HL-4570 cdw, MFC-9460, MFC9465 CDN",от 10000 до 500 тыс,12.0,12.0,0.0,,,,,,справочная,0,0,0,0,0,,,,0,0,0,,,,,0,0,0,0,,0,0,0,0,0,1,0,0,0,0,0,"кликов за неделю 0 (за всё время 0), расход 0 ₽ (накоплено 0 ₽) — судить не о чем, наблюдаем"
watch,hold,930615586,0774,"Картридж C9732A для принтеров HP и Color LaserJet 5500, LJ 5550 желтый",Эксперимент1,8.0,8.0,0.0,,,,,,справочная,17,0,0.0,0.0,0.0,,0.0,,0,0.0,0.0,,75.0000000000000000,90.0000000000000000,-15.0,9,2,0,1106,19,0,9,0,0,0,0,0,0.0,0.0,0,0,"кликов за неделю 0 (за всё время 0), расход 0 ₽ (накоплено 0 ₽) — судить не о чем, наблюдаем"
watch,hold,864225186,1042,"Картридж MLT-D111S для принтеров Samsung Xpress SL-M2070W, Xpress M2071",Эксперимент1,14.5,14.5,0.0,,,,,,справочная,62,0,0.0,0.0,0.0,,0.0,,1,1.0,0.0,1.0,77.0000000000000000,84.0000000000000000,-7.0,19,-1,0,28,7,1,11,0,0,0,6,1,1.0,0.0,0,1,"кликов за неделю 0 (за всё время 1), расход 0 ₽ (накоплено 1 ₽) — судить не о чем, наблюдаем"
watch,hold,984583775,4726,Картридж 106R03772 для принтеров Xerox и VersaLink C7000 голубой,от 2000 до 5000,20.93,20.93,0.0,,,,,,справочная,15,0,0.0,0.0,0.0,,0.0,,0,0.0,0.0,,119.0000000000000000,67.0000000000000000,52.0,6,-13,0,263,8,1,5,0,0,0,1,0,0.0,0.0,0,0,"кликов за неделю 0 (за всё время 0), расход 0 ₽ (накоплено 0 ₽) — судить не о чем, наблюдаем"
watch,hold,652621030,0137,"Картридж CLI-8M для принтеров Canon Pixma iP3300, PixmaiP3500, Pro9000 Mark II пурпурный",Эксперимент1,7.0,7.0,0.0,,,,,,справочная,31,0,0.0,0.0,0.0,,0.0,,0,0.0,0.0,,90.0000000000000000,56.0000000000000000,34.0,21,8,0,25,18,0,15,0,0,0,0,0,0.0,0.0,0,0,"кликов за неделю 0 (за всё время 0), расход 0 ₽ (накоплено 0 ₽) — судить не о чем, наблюдаем"
watch,hold,653317629,3671,Картридж 106R03767 для принтеров Xerox VersaLink C7000 пурпурный,от 2000 до 5000,13.0,13.0,0.0,,,,,,справочная,12,0,0.0,0.0,0.0,,0.0,,2,37.34,0.0,18.7,127.0000000000000000,60.0000000000000000,67.0,21,-1,0,3440,5,3,15,1,4080.0000,0,9,2,37.34,0.0,0,0,"кликов за неделю 0 (за всё время 2), расход 0 ₽ (накоплено 37 ₽) — судить не о чем, наблюдаем"
watch,hold,874374274,4169,"Картридж W1360X для принтеров HP LaserJet M211 D, LJ M236D черный",Эксперимент1,8.0,8.0,0.0,,,,,,справочная,10,0,0.0,0.0,0.0,,0.0,,0,0.0,0.0,,166.0000000000000000,75.0000000000000000,91.0,11,-1,0,168,100,0,2,0,0,0,2,0,0.0,0.0,0,0,"кликов за неделю 0 (за всё время 0), расход 0 ₽ (накоплено 0 ₽) — судить не о чем, наблюдаем"
watch,hold,874374274,4169,"Картридж W1360X для принтеров HP LaserJet M211 D, LJ M236D черный",от 2000 до 5000,13.0,13.0,0.0,,,,,,справочная,11,0,0.0,0.0,0.0,,0.0,,0,0.0,0.0,,166.0000000000000000,75.0000000000000000,91.0,11,-1,0,168,100,0,2,0,0,0,2,0,0.0,0.0,0,0,"кликов за неделю 0 (за всё время 0), расход 0 ₽ (накоплено 0 ₽) — судить не о чем, наблюдаем"
watch,hold,1163041075,1983,"Картридж 006R01224 для принтеров Xerox DC240, DC250, WC7655, WC7665 желтый",Пустые РК,12.0,12.0,0.0,,,,,,справочная,11,0,0.0,0.0,0.0,,0.0,,0,0.0,0.0,,112.0000000000000000,124.0000000000000000,-12.0,13,-4,0,3438,15,0,13,0,0,0,1,0,0.0,0.0,0,0,"кликов за неделю 0 (за всё время 0), расход 0 ₽ (накоплено 0 ₽) — судить не о чем, наблюдаем"
watch,hold,930609266,0715,"Картридж 718C для принтеров Canon и i-SENSYS LBP7200Cdn, LBP7210Cdn, MF724Cdw, MF728Cdw, MF8330, MF8340Cdn голубой",Эксперимент1,12.89,12.89,0.0,,,,,,справочная,31,0,0.0,0.0,0.0,,0.0,,0,0.0,0.0,,63.0000000000000000,46.0000000000000000,17.0,19,-11,0,285,11,0,15,0,0,0,1,1,1.0,0.0,0,0,"кликов за неделю 0 (за всё время 1), расход 0 ₽ (накоплено 1 ₽) — судить не о чем, наблюдаем"
watch,hold,906874483,0331,"Картридж 178XL для принтеров HP DeskJet 3070A, DESKJET 3522 E, DeskJet3524, PhotoSmart 5510, PhotoSmart5515 пурпурный",от 0 до 1000,10.0,10.0,0.0,,,,,,справочная,38,0,0.0,0.0,0.0,,0.0,,0,0.0,0.0,,190.0000000000000000,96.0000000000000000,94.0,36,-8,0,110,21,0,15,0,0,0,0,0,0.0,0.0,0,0,"кликов за неделю 0 (за всё время 0), расход 0 ₽ (накоплено 0 ₽) — судить не о чем, наблюдаем"
watch,hold,873319633,4050,"Картридж PFI-320C для принтеров Canon и iPF TM-200, iPF TM 205 голубой",Эксперимент1,12.89,12.89,0.0,,,,,,справочная,75,0,0.0,0.0,0.0,,0.0,,0,0.0,0.0,,126.0000000000000000,88.0000000000000000,38.0,9,-11,0,9,51,0,2,0,0,0,1,0,0.0,0.0,0,0,"кликов за неделю 0 (за всё время 0), расход 0 ₽ (накоплено 0 ₽) — судить не о чем, наблюдаем"
watch,hold,653449260,0866,"Картридж TK-4105 для принтеров Kyocera TASKalfa 1800, TASKalfa1801 черный",Эксперимент1,9.0,9.0,0.0,,,,,,справочная,5,0,0.0,0.0,0.0,,0.0,,1,12.68,0.0,12.7,81.0000000000000000,197.0000000000000000,-116.0,28,19,0,33,18,0,13,0,0,0,0,1,12.68,0.0,0,0,"кликов за неделю 0 (за всё время 1), расход 0 ₽ (накоплено 13 ₽) — судить не о чем, наблюдаем"
watch,hold,653449260,0866,"Картридж TK-4105 для принтеров Kyocera TASKalfa 1800, TASKalfa1801 черный",от 2000 до 5000,12.0,12.0,0.0,,,,,,справочная,7,0,0.0,0.0,0.0,,0.0,,0,0.0,0.0,,81.0000000000000000,197.0000000000000000,-116.0,28,19,0,33,18,0,13,0,0,0,0,0,0.0,0.0,0,0,"кликов за неделю 0 (за всё время 0), расход 0 ₽ (накоплено 0 ₽) — судить не о чем, наблюдаем"
watch,hold,873313626,3717,"Картридж 418481 для принтеров Ricoh IM 600, IM-550, P 801, P-800 черный",Эксперимент1,9.0,9.0,0.0,,,,,,справочная,18,0,0.0,0.0,0.0,,0.0,,0,0.0,0.0,,29.0000000000000000,35.0000000000000000,-6.0,5,-1,0,5,3,1,5,0,0,0,0,0,0.0,0.0,0,0,"кликов за неделю 0 (за всё время 0), расход 0 ₽ (накоплено 0 ₽) — судить не о чем, наблюдаем"
watch,hold,873313626,3717,"Картридж 418481 для принтеров Ricoh IM 600, IM-550, P 801, P-800 черный",от 10000 до 500 тыс,13.0,13.0,0.0,,,,,,справочная,1,0,0.0,0.0,0.0,,0.0,,0,0.0,0.0,,29.0000000000000000,35.0000000000000000,-6.0,5,-1,0,5,3,1,5,0,0,0,0,0,0.0,0.0,0,0,"кликов за неделю 0 (за всё время 0), расход 0 ₽ (накоплено 0 ₽) — судить не о чем, наблюдаем"
watch,hold,652619078,0928,"Картридж T2631XL для принтеров Epson Expression XP-510, XP 600, XP605, XP-700, XP710, XP 800 фото-черный",Эксперимент1,7.0,7.0,0.0,,,,,,справочная,38,0,0.0,0.0,0.0,,0.0,,1,6.33,0.0,6.3,90.0000000000000000,67.0000000000000000,23.0,29,-5,0,54,58,0,3,0,0,0,1,1,6.33,0.0,0,0,"кликов за неделю 0 (за всё время 1), расход 0 ₽ (накоплено 6 ₽) — судить не о чем, наблюдаем"
watch,hold,652619078,0928,"Картридж T2631XL для принтеров Epson Expression XP-510, XP 600, XP605, XP-700, XP710, XP 800 фото-черный",от 0 до 1000,10.0,10.0,0.0,,,,,,справочная,21,0,0.0,0.0,0.0,,0.0,,0,0.0,0.0,,90.0000000000000000,67.0000000000000000,23.0,29,-5,0,54,58,0,3,0,0,0,1,0,0.0,0.0,0,0,"кликов за неделю 0 (за всё время 0), расход 0 ₽ (накоплено 0 ₽) — судить не о чем, наблюдаем"
watch,hold,653123536,1233,"Картридж LC985BK для принтеров Brother DCP-J125, DCP J140W, MFC-J220, MFCJ265W черный",от 0 до 1000,10.0,10.0,0.0,,,,,,справочная,10,0,0.0,0.0,0.0,,0.0,,0,0.0,0.0,,84.0000000000000000,137.0000000000000000,-53.0,12,4,0,27,16,0,4,0,0,0,0,0,0.0,0.0,0,0,"кликов за неделю 0 (за всё время 0), расход 0 ₽ (накоплено 0 ₽) — судить не о чем, наблюдаем"
watch,hold,1158623539,0779,"Картридж CE742A для принтеров HP LaserJet CP5220, LJ-CP5225 желтый",Эксперимент1,14.5,14.5,0.0,,,,,,справочная,65,0,0.0,0.0,0.0,,0.0,,0,0.0,0.0,,76.0000000000000000,61.0000000000000000,15.0,13,6,0,11,27,0,3,0,0,0,1,0,0.0,0.0,0,0,"кликов за неделю 0 (за всё время 0), расход 0 ₽ (накоплено 0 ₽) — судить не о чем, наблюдаем"
watch,hold,873320644,3786,"Картриджи W2120A-W2123A для принтеров HP Color LJ M554 dn, LJ M555 dn",Пустые РК,12.0,12.0,0.0,,,,,,справочная,6,0,0.0,0.0,0.0,,0.0,,0,0.0,0.0,,,26.0000000000000000,,0,-22,0,0,,0,0,0,0,0,0,1,22.96,0.0,0,0,"кликов за неделю 0 (за всё время 1), расход 0 ₽ (накоплено 23 ₽) — судить не о чем, наблюдаем"
watch,hold,653317940,5349,Картридж 113R00667 для принтеров Xerox и WorkCentre PE16 черный,Эксперимент1,8.0,8.0,0.0,,,,,,справочная,16,0,0.0,0.0,0.0,,0.0,,0,0.0,0.0,,57.0000000000000000,64.0000000000000000,-7.0,9,-4,0,81,150,0,1,0,0,0,0,0,0.0,0.0,0,0,"кликов за неделю 0 (за всё время 0), расход 0 ₽ (накоплено 0 ₽) — судить не о чем, наблюдаем"
watch,hold,653317940,5349,Картридж 113R00667 для принтеров Xerox и WorkCentre PE16 черный,от 2000 до 5000,12.0,12.0,0.0,,,,,,справочная,5,0,0.0,0.0,0.0,,0.0,,0,0.0,0.0,,57.0000000000000000,64.0000000000000000,-7.0,9,-4,0,81,150,0,1,0,0,0,0,0,0.0,0.0,0,0,"кликов за неделю 0 (за всё время 0), расход 0 ₽ (накоплено 0 ₽) — судить не о чем, наблюдаем"
watch,hold,653450938,2365,"Картридж TK-1200 для принтеров Kyocera EcoSys M2235dn, M2735dn, M2835dw, P2335d",от 1000-2000,19.33,19.33,0.0,,,,,,справочная,42,0,0.0,0.0,0.0,,0.0,,0,0.0,0.0,,48.0000000000000000,62.0000000000000000,-14.0,16,-4,0,20,3,2,10,0,0,0,4,0,0.0,0.0,0,0,"кликов за неделю 0 (за всё время 0), расход 0 ₽ (накоплено 0 ₽) — судить не о чем, наблюдаем"
watch,hold,930622851,3214,"Картридж TN-421M для принтеров Brother DCP-L8410CDW, HL-L8260CDW, HL L8360CDW, MFC-L8690CDW, MFCL8900CDW пурпурный",Эксперимент1,8.0,8.0,0.0,,,,,,справочная,16,0,0.0,0.0,0.0,,0.0,,0,0.0,0.0,,92.0000000000000000,127.0000000000000000,-35.0,3,-8,0,3,,0,0,0,0,0,0,0,0.0,0.0,0,0,"кликов за неделю 0 (за всё время 0), расход 0 ₽ (накоплено 0 ₽) — судить не о чем, наблюдаем"
watch,hold,652456543,0037,"Картридж Q2612X для принтеров HP LaserJet 1010, LJ-1012, LJ1015, LJ 1018, LJ 1020, LJ1022, LJ 3015, LJ 3020 черный",Эксперимент1,8.0,8.0,0.0,,,,,,справочная,34,0,0.0,0.0,0.0,,0.0,,0,0.0,0.0,,98.0000000000000000,149.0000000000000000,-51.0,23,6,0,34,141,0,3,0,0,0,0,0,0.0,0.0,0,0,"кликов за неделю 0 (за всё время 0), расход 0 ₽ (накоплено 0 ₽) — судить не о чем, наблюдаем"
watch,hold,863418468,4296,"Картриджи W2030X-W2033X для принтеров HP Color LaserJet M454dn, LJ Pro M454dw, M480f, M479dw, M479fdw",Эксперимент1,12.89,12.89,0.0,,,,,,справочная,37,0,0.0,0.0,0.0,,0.0,,1,2.43,0.0,2.4,165.0000000000000000,92.0000000000000000,73.0,33,7,0,4584,20,0,15,0,0,0,3,1,2.43,0.0,0,0,"кликов за неделю 0 (за всё время 1), расход 0 ₽ (накоплено 2 ₽) — судить не о чем, наблюдаем"
watch,hold,873320126,3813,"Картридж W2121X для принтеров HP Color LJ M554 dn, LJ M555 dn голубой",Эксперимент1,8.0,8.0,0.0,,,,,,справочная,16,0,0.0,0.0,0.0,,0.0,,0,0.0,0.0,,145.0000000000000000,219.0000000000000000,-74.0,7,2,0,3418,9,1,3,0,0,0,0,0,0.0,0.0,0,0,"кликов за неделю 0 (за всё время 0), расход 0 ₽ (накоплено 0 ₽) — судить не о чем, наблюдаем"
watch,hold,866442794,1341,"Картридж 006R01461 для принтеров Xerox WorkCentre 7120, WC-7125, WC 7220, WC7225 черный",Эксперимент1,8.0,8.0,0.0,,,,,,справочная,10,0,0.0,0.0,0.0,,0.0,,0,0.0,0.0,,228.0000000000000000,,,5,5,0,3401,101,0,5,0,0,0,1,0,0.0,0.0,0,0,"кликов за неделю 0 (за всё время 0), расход 0 ₽ (накоплено 0 ₽) — судить не о чем, наблюдаем"
watch,hold,930614199,1761,"Фотобарабан 44574307 DU для принтеров OKI B401dn, MB441dn, MB451dw черный",Эксперимент1,8.0,8.0,0.0,,,,,,справочная,18,0,0.0,0.0,0.0,,0.0,,0,0.0,0.0,,63.0000000000000000,40.0000000000000000,23.0,13,3,0,3405,186,0,1,1,7787.0000,0,3,0,0.0,0.0,0,0,"кликов за неделю 0 (за всё время 0), расход 0 ₽ (накоплено 0 ₽) — судить не о чем, наблюдаем"
watch,hold,873314089,3371,"Картридж 106R03484 для принтеров Xerox Phaser 6510, WC 6515 черный",Эксперимент1,8.0,8.0,0.0,,,,,,справочная,18,0,0.0,0.0,0.0,,0.0,,0,0.0,0.0,,96.0000000000000000,97.0000000000000000,-1.0,2,-4,0,12,90,0,2,0,0,0,5,0,0.0,0.0,0,0,"кликов за неделю 0 (за всё время 0), расход 0 ₽ (накоплено 0 ₽) — судить не о чем, наблюдаем"
watch,hold,873313192,3616,"Фотобарабан 113R00779 DU для принтеров Xerox VersaLink B7025, VersaLinkB7030 черный",от 10000 до 500 тыс,13.0,13.0,0.0,,,,,,справочная,15,0,0.0,0.0,0.0,,0.0,,0,0.0,0.0,,44.0000000000000000,30.0000000000000000,14.0,22,-34,0,129,24,0,3,0,0,0,1,1,1.0,0.0,0,0,"кликов за неделю 0 (за всё время 1), расход 0 ₽ (накоплено 1 ₽) — судить не о чем, наблюдаем"
watch,hold,904473501,1318,"Картридж 45807102 для принтеров OKI B412, Data B432, B512, MB472, MB492, MB562 черный",Эксперимент1,8.0,8.0,0.0,,,,,,справочная,37,0,0.0,0.0,0.0,,0.0,,1,1.0,0.0,1.0,47.0000000000000000,72.0000000000000000,-25.0,53,30,0,95,6,1,8,0,0,0,5,1,1.0,0.0,0,0,"кликов за неделю 0 (за всё время 1), расход 0 ₽ (накоплено 1 ₽) — судить не о чем, наблюдаем"
watch,hold,873312854,3223,"Картриджи W2030A-W2033A для принтеров HP Color LaserJet M454dn, LJ Pro M454dw, M480f, M479dw, M479fdw",Эксперимент1,8.0,8.0,0.0,,,,,,справочная,1,0,0.0,0.0,0.0,,0.0,,0,0.0,0.0,,182.0000000000000000,95.0000000000000000,87.0,13,5,0,3482,20,0,10,0,0,0,0,0,0.0,0.0,0,0,"кликов за неделю 0 (за всё время 0), расход 0 ₽ (накоплено 0 ₽) — судить не о чем, наблюдаем"
watch,hold,653317971,3670,Картридж 106R03768 для принтеров Xerox VersaLink C7000 голубой,от 2000 до 5000,18.0,18.0,0.0,,,,,,справочная,11,0,0.0,0.0,0.0,,0.0,,0,0.0,0.0,,86.0000000000000000,52.0000000000000000,34.0,17,-7,0,275,25,0,5,0,0,0,9,0,0.0,0.0,0,0,"кликов за неделю 0 (за всё время 0), расход 0 ₽ (накоплено 0 ₽) — судить не о чем, наблюдаем"
watch,hold,1155649311,0780,"Картридж CE743A для принтеров HP и LaserJet CP5220, LJ-CP5225 пурпурный",Эксперимент1,12.89,12.89,0.0,,,,,,справочная,73,0,0.0,0.0,0.0,,0.0,,1,1.0,0.0,1.0,49.0000000000000000,126.0000000000000000,-77.0,18,5,0,21,4,1,4,0,0,1,1,1,1.0,0.0,0,0,"кликов за неделю 0 (за всё время 1), расход 0 ₽ (накоплено 1 ₽) — судить не о чем, наблюдаем"
watch,hold,652549135,0139,"Картридж PGI-5BK для принтеров Canon Pixma iP3300, PixmaiP3500 черный",от 0 до 1000,10.0,10.0,0.0,,,,,,справочная,23,0,0.0,0.0,0.0,,0.0,,0,0.0,0.0,,85.0000000000000000,94.0000000000000000,-9.0,24,12,0,38,20,0,15,0,0,0,0,0,0.0,0.0,0,0,"кликов за неделю 0 (за всё время 0), расход 0 ₽ (накоплено 0 ₽) — судить не о чем, наблюдаем"
watch,hold,863388369,0216,"Картридж 716BK для принтеров Canon i-SENSYS MF-8050CN, LBP-5050, MF-8030CN, MF8040CN",Эксперимент1,8.0,8.0,0.0,,,,,,справочная,76,0,0.0,0.0,0.0,,0.0,,0,0.0,0.0,,129.0000000000000000,103.0000000000000000,26.0,13,-2,0,4567,58,0,4,0,0,0,0,0,0.0,0.0,0,0,"кликов за неделю 0 (за всё время 0), расход 0 ₽ (накоплено 0 ₽) — судить не о чем, наблюдаем"
watch,hold,1155648859,0127,"Лента KX-FA54A для принтеров Panasonic KX-FC233, KX FC243, KXFP141 черный",Вне РК — спрос без рекламы (08.08),21.96,21.96,0.0,,,,,,справочная,0,0,0,0,0,,,,0,0,0,,,,,0,0,0,0,,0,0,0,0,0,0,0,0,0,0,0,"кликов за неделю 0 (за всё время 0), расход 0 ₽ (накоплено 0 ₽) — судить не о чем, наблюдаем"
watch,hold,1153800028,2892,"Фотобарабан B0392214 DU для принтеров Ricoh Aficio 1015, 1018, 1113, 1115, 1600, Aficio 1900, 2000, 2001 2015 2020 2352 2500 2501 2510 2550 2851 2852 3010 3025 3030 3350 3351 MP1500 черный",от 10000 до 500 тыс,13.0,13.0,0.0,,,,,,справочная,9,0,0.0,0.0,0.0,,0.0,,0,0.0,0.0,,63.0000000000000000,52.0000000000000000,11.0,16,-2,0,17,4,2,13,0,0,0,0,0,0.0,0.0,0,1,"кликов за неделю 0 (за всё время 0), расход 0 ₽ (накоплено 0 ₽) — судить не о чем, наблюдаем"
watch,hold,652453599,0308,"Картридж 135 для принтеров HP DeskJet 460c, DeskJet460cb, OfficeJet 100, OfficeJet 150, PhotoSmart 2573, PhotoSmart 2575, PSC-1513, PSC1613 цветной",от 2000 до 5000,12.0,12.0,0.0,,,,,,справочная,51,0,0.0,0.0,0.0,,0.0,,2,12.45,0.0,6.2,78.0000000000000000,105.0000000000000000,-27.0,123,30,0,8571,1,3,15,0,0,0,5,7,67.32,0.0,0,0,"кликов за неделю 0 (за всё время 7), расход 0 ₽ (накоплено 67 ₽) — судить не о чем, наблюдаем"
watch,hold,864225625,1081,"Картридж 006R01520 для принтеров Xerox и WorkCentre 7525, WC 7535, WC 7545 голубой",Вне РК — спрос без рекламы (08.08),21.96,21.96,0.0,,,,,,справочная,0,0,0,0,0,,,,0,0,0,,,,,0,0,0,0,,0,0,0,0,0,0,0,0,0,0,0,"кликов за неделю 0 (за всё время 0), расход 0 ₽ (накоплено 0 ₽) — судить не о чем, наблюдаем"
watch,hold,1064611902,4752,"Фотобарабан C-EXV59 для принтеров Canon imageRUNNER 2625i, iR 2630i, iR 2645i черный",от 10000 до 500 тыс,20.93,20.93,0.0,,,,,,справочная,22,0,0.0,0.0,0.0,,0.0,,0,0.0,0.0,,99.0000000000000000,113.0000000000000000,-14.0,13,6,0,25,10,1,11,0,0,0,1,0,0.0,0.0,0,0,"кликов за неделю 0 (за всё время 0), расход 0 ₽ (накоплено 0 ₽) — судить не о чем, наблюдаем"
watch,hold,1220113334,2397,"Фотобарабан CF364Y DU для принтеров HP Color LaserJet Enterprise Flow M880z+, M880z+ NFC/Wireless Direct, LJ M855dn, LJM855x+, LJ-M855xh желтый",Эксперимент1,8.0,8.0,0.0,,,,,,справочная,74,0,0.0,0.0,0.0,,0.0,,0,0.0,0.0,,29.0000000000000000,48.0000000000000000,-19.0,61,10,0,230,7,1,14,0,0,0,1,0,0.0,0.0,0,0,"кликов за неделю 0 (за всё время 0), расход 0 ₽ (накоплено 0 ₽) — судить не о чем, наблюдаем"
watch,hold,930614459,1792,"Картридж 44643003 для принтеров OKI C801, C821 голубой",Эксперимент1,8.0,8.0,0.0,,,,,,справочная,25,0,0.0,0.0,0.0,,0.0,,0,0.0,0.0,,43.0000000000000000,227.0000000000000000,-184.0,1,-4,0,1,,0,0,0,0,0,0,1,6.86,0.0,0,0,"кликов за неделю 0 (за всё время 1), расход 0 ₽ (накоплено 7 ₽) — судить не о чем, наблюдаем"
watch,hold,930614232,1313,"Картриджи TK-5150 для принтеров Kyocera ECOSYS M6035cdn, M6535cdn, P6135cdn",от 10000 до 500 тыс,19.33,19.33,0.0,,,,,,справочная,17,0,0.0,0.0,0.0,,0.0,,0,0.0,0.0,,66.0000000000000000,34.0000000000000000,32.0,16,-14,0,21,27,0,9,0,0,0,1,1,17.26,1.0,0,0,"кликов за неделю 0 (за всё время 1), расход 0 ₽ (накоплено 17 ₽) — судить не о чем, наблюдаем"
watch,hold,653125611,13672,"Картридж для Xerox WorkCentre 3025, Phaser 3020BI",Эксперимент1,16.1,16.1,0.0,,,,,,справочная,75,0,0.0,0.0,0.0,,0.0,,0,0.0,0.0,,68.0000000000000000,64.0000000000000000,4.0,33,-18,0,425,3,3,10,0,0,1,9,1,1.0,0.0,0,0,"кликов за неделю 0 (за всё время 1), расход 0 ₽ (накоплено 1 ₽) — судить не о чем, наблюдаем"
watch,hold,1143061185,5152,"Картридж TL-428H для принтеров M7108DN, P3308DN черный",Эксперимент1,8.0,8.0,0.0,,,,,,справочная,16,0,0.0,0.0,0.0,,0.0,,1,1.0,0.0,1.0,121.0000000000000000,27.0000000000000000,94.0,26,25,0,44,2,1,6,0,0,0,0,1,1.0,0.0,0,0,"кликов за неделю 0 (за всё время 1), расход 0 ₽ (накоплено 1 ₽) — судить не о чем, наблюдаем"
watch,hold,873313558,3495,"Картридж PFI-1700PBK для принтеров Canon и iPF PRO 2000, iPF PRO 4000 фото-черный",от 10000 до 500 тыс,12.0,12.0,0.0,,,,,,справочная,11,0,0.0,0.0,0.0,,0.0,,0,0.0,0.0,,65.0000000000000000,56.0000000000000000,9.0,17,-1,0,47,17,0,3,0,0,0,0,0,0.0,0.0,0,0,"кликов за неделю 0 (за всё время 0), расход 0 ₽ (накоплено 0 ₽) — судить не о чем, наблюдаем"
watch,hold,870872469,2279,"Картриджи 006R01461-006R01464 для принтеров Xerox WorkCentre 7120, WC-7125, WC 7220, WC7225",от 10000 до 500 тыс,22.54,22.54,0.0,,,,,,справочная,2,0,0.0,0.0,0.0,,0.0,,0,0.0,0.0,,86.0000000000000000,24.0000000000000000,62.0,40,-11,0,44,6,3,11,0,0,0,5,2,51.58,0.0,0,1,"кликов за неделю 0 (за всё время 2), расход 0 ₽ (накоплено 52 ₽) — судить не о чем, наблюдаем"
watch,hold,874377307,4336,"Картридж №727 для принтеров HP DesignJet T1500, DJ-T1530, DJ T2530, DJ T920 пурпурный",от 5000 до 10000,13.0,13.0,0.0,,,,,,справочная,10,0,0.0,0.0,0.0,,0.0,,0,0.0,0.0,,97.0000000000000000,254.0000000000000000,-157.0,11,-2,0,11,59,0,11,0,0,0,0,0,0.0,0.0,0,0,"кликов за неделю 0 (за всё время 0), расход 0 ₽ (накоплено 0 ₽) — судить не о чем, наблюдаем"
watch,hold,864225726,1292,"Картридж TN-114 для принтеров Konica Minolta Bizhub 162, Bizhub 163 черный",Эксперимент1,8.0,8.0,0.0,,,,,,справочная,12,0,0.0,0.0,0.0,,0.0,,0,0.0,0.0,,137.0000000000000000,57.0000000000000000,80.0,9,1,0,3425,223,0,2,0,0,0,0,0,0.0,0.0,0,0,"кликов за неделю 0 (за всё время 0), расход 0 ₽ (накоплено 0 ₽) — судить не о чем, наблюдаем"
watch,hold,873313671,3430,"Картриджи TN-213 для принтеров Brother DCP-L3550CDW, HL-L3230CDW, MFC-L3770CDW",от 5000 до 10000,19.33,19.33,0.0,,,,,,справочная,10,0,0.0,0.0,0.0,,0.0,,0,0.0,0.0,,,53.0000000000000000,,0,-20,0,0,,0,0,0,0,0,4,0,0.0,0.0,0,0,"кликов за неделю 0 (за всё время 0), расход 0 ₽ (накоплено 0 ₽) — судить не о чем, наблюдаем"
watch,hold,863431156,0490,Картридж DS T0442 Epson голубой совместимый,от 0 до 1000,11.0,11.0,0.0,,,,,,справочная,18,0,0.0,0.0,0.0,,0.0,,0,0.0,0.0,,182.0000000000000000,68.0000000000000000,114.0,17,6,0,176,16,0,5,0,0,0,2,0,0.0,0.0,0,0,"кликов за неделю 0 (за всё время 0), расход 0 ₽ (накоплено 0 ₽) — судить не о чем, наблюдаем"
watch,hold,873320635,3777,"Фотобарабан 013R00679 DU для принтеров Xerox B 1025, B-1022 черный",Вне РК — спрос без рекламы (08.08),21.96,21.96,0.0,,,,,,справочная,0,0,0,0,0,,,,0,0,0,,,,,0,0,0,0,,0,0,0,0,0,0,0,0,0,0,0,"кликов за неделю 0 (за всё время 0), расход 0 ₽ (накоплено 0 ₽) — судить не о чем, наблюдаем"
watch,hold,873314229,3636,"Картридж TK-5195C для принтеров Kyocera и TASKalfa 306, TASKalfa 307 голубой",от 2000 до 5000,22.54,22.54,0.0,,,,,,справочная,11,0,0.0,0.0,0.0,,0.0,,0,0.0,0.0,,65.0000000000000000,253.0000000000000000,-188.0,8,0,0,7,18,0,5,0,0,0,1,0,0.0,0.0,0,0,"кликов за неделю 0 (за всё время 0), расход 0 ₽ (накоплено 0 ₽) — судить не о чем, наблюдаем"
watch,hold,906874622,0495,"Картридж T0473 для принтеров Epson Stylus C63, Stylus C65 пурпурный",Эксперимент1,7.0,7.0,0.0,,,,,,справочная,0,0,0,0,0,,,,0,0,0,,,,,0,0,0,0,,0,0,0,0,0,1,0,0,0,0,0,"кликов за неделю 0 (за всё время 0), расход 0 ₽ (накоплено 0 ₽) — судить не о чем, наблюдаем"
watch,hold,864225358,1084,"Фотобарабан 013R00591 DU для принтеров Xerox WorkCentre 5325, WC 5330, WC-5335 черный",Эксперимент1,14.5,14.5,0.0,,,,,,справочная,33,0,0.0,0.0,0.0,,0.0,,0,0.0,0.0,,45.0000000000000000,28.0000000000000000,17.0,10,-6,0,12,13,0,8,0,0,0,1,0,0.0,0.0,0,0,"кликов за неделю 0 (за всё время 0), расход 0 ₽ (накоплено 0 ₽) — судить не о чем, наблюдаем"
watch,hold,864225358,1084,"Фотобарабан 013R00591 DU для принтеров Xerox WorkCentre 5325, WC 5330, WC-5335 черный",от 10000 до 500 тыс,20.93,20.93,0.0,,,,,,справочная,3,0,0.0,0.0,0.0,,0.0,,0,0.0,0.0,,45.0000000000000000,28.0000000000000000,17.0,10,-6,0,12,13,0,8,0,0,0,1,0,0.0,0.0,0,0,"кликов за неделю 0 (за всё время 0), расход 0 ₽ (накоплено 0 ₽) — судить не о чем, наблюдаем"
watch,hold,930617201,2748,"Лента TZe-641 для принтеров Brother PT-1300, PT 1400, PT1500, PT-1600, PT1650, PT 1700 желтый",Вне РК — спрос без рекламы (08.08),21.96,21.96,0.0,,,,,,справочная,0,0,0,0,0,,,,0,0,0,,,,,0,0,0,0,,0,0,0,0,0,0,0,0,0,0,0,"кликов за неделю 0 (за всё время 0), расход 0 ₽ (накоплено 0 ₽) — судить не о чем, наблюдаем"
watch,hold,904485635,3691,"Картридж 728XXL для принтеров HP DesignJet T730, DJ T830 пурпурный",от 5000 до 10000,12.0,12.0,0.0,,,,,,справочная,19,0,0.0,0.0,0.0,,0.0,,0,0.0,0.0,,64.0000000000000000,189.0000000000000000,-125.0,27,6,0,34,21,0,10,0,0,0,1,0,0.0,0.0,0,0,"кликов за неделю 0 (за всё время 0), расход 0 ₽ (накоплено 0 ₽) — судить не о чем, наблюдаем"
watch,hold,930614797,1154,"Картридж CF362X для принтеров HP и Color LJ M552dn, LJ-M553dn, LJM553n, LJ M553x желтый",Эксперимент1,8.0,8.0,0.0,,,,,,справочная,54,0,0.0,0.0,0.0,,0.0,,0,0.0,0.0,,187.0000000000000000,104.0000000000000000,83.0,1,-7,0,1,,0,0,0,0,0,0,0,0.0,0.0,0,0,"кликов за неделю 0 (за всё время 0), расход 0 ₽ (накоплено 0 ₽) — судить не о чем, наблюдаем"
watch,hold,866442872,1381,"Картридж 731C для принтеров Canon i-SENSYS LBP-7100Cn, LBP 7110, MF623cn, MF628cw, MF8230cn, MF8280cw голубой",Эксперимент1,17.71,17.71,0.0,,,,,,справочная,98,0,0.0,0.0,0.0,,0.0,,0,0.0,0.0,,95.0000000000000000,57.0000000000000000,38.0,16,3,0,437,8,1,14,0,0,0,2,0,0.0,0.0,0,0,"кликов за неделю 0 (за всё время 0), расход 0 ₽ (накоплено 0 ₽) — судить не о чем, наблюдаем"
watch,hold,652638204,1448,"Картридж CLI-471XLGY для принтеров Canon Pixma MG7740, Pixma TS8040 серый",от 0 до 1000,11.0,11.0,0.0,,,,,,справочная,11,0,0.0,0.0,0.0,,0.0,,0,0.0,0.0,,70.0000000000000000,45.0000000000000000,25.0,25,-11,0,32,14,0,14,0,0,0,0,2,22.19,0.0,0,0,"кликов за неделю 0 (за всё время 2), расход 0 ₽ (накоплено 22 ₽) — судить не о чем, наблюдаем"
watch,hold,1143059234,5123,Картридж 45862848 для принтеров OKI Data MC873 черный,Эксперимент1,8.0,8.0,0.0,,,,,,справочная,7,0,0.0,0.0,0.0,,0.0,,0,0.0,0.0,,54.0000000000000000,53.0000000000000000,1.0,1,-5,0,1,,0,0,0,0,0,0,0,0.0,0.0,0,0,"кликов за неделю 0 (за всё время 0), расход 0 ₽ (накоплено 0 ₽) — судить не о чем, наблюдаем"
watch,hold,864225684,1191,"Картридж CF226X для принтеров HP LaserJet Pro M402d, LJ Pro M402dn черный",Эксперимент1,8.0,8.0,0.0,,,,,,справочная,38,0,0.0,0.0,0.0,,0.0,,0,0.0,0.0,,101.0000000000000000,133.0000000000000000,-32.0,16,5,0,16,23,0,15,0,0,0,0,0,0.0,0.0,0,0,"кликов за неделю 0 (за всё время 0), расход 0 ₽ (накоплено 0 ₽) — судить не о чем, наблюдаем"
watch,hold,873313016,3423,"Картридж MLT-D103S для принтеров Samsung ML-2950, ML 2955, SCX-4727, SCX4728 черный",от 2000 до 5000,19.33,19.33,0.0,,,,,,справочная,6,0,0.0,0.0,0.0,,0.0,,0,0.0,0.0,,190.0000000000000000,64.0000000000000000,126.0,5,-9,0,7,48,0,5,0,0,0,1,0,0.0,0.0,0,0,"кликов за неделю 0 (за всё время 0), расход 0 ₽ (накоплено 0 ₽) — судить не о чем, наблюдаем"
watch,hold,652998708,1467,"Картридж LC-1280XC для принтеров Brother MFC-J5910DW, MFC J6510 голубой",от 0 до 1000,11.0,11.0,0.0,,,,,,справочная,20,0,0.0,0.0,0.0,,0.0,,0,0.0,0.0,,60.0000000000000000,35.0000000000000000,25.0,17,2,0,16,,0,0,0,0,0,0,0,0.0,0.0,0,0,"кликов за неделю 0 (за всё время 0), расход 0 ₽ (накоплено 0 ₽) — судить не о чем, наблюдаем"
watch,hold,873320207,3806,"Картридж W2120X для принтеров HP Color LJ M554 dn, LJ M555 dn черный",от 2000 до 5000,19.33,19.33,0.0,,,,,,справочная,11,0,0.0,0.0,0.0,,0.0,,0,0.0,0.0,,186.0000000000000000,76.0000000000000000,110.0,7,-6,0,102,232,0,1,0,0,1,1,0,0.0,0.0,0,0,"кликов за неделю 0 (за всё время 0), расход 0 ₽ (накоплено 0 ₽) — судить не о чем, наблюдаем"
watch,hold,873319623,3958,"Картридж для HP LaserJet Pro M430f, LJ M406, LJ Pro M304, LJ Pro M404",от 2000 до 5000,25.77,25.77,0.0,,,,,,справочная,13,0,0.0,0.0,0.0,,0.0,,0,0.0,0.0,,114.0000000000000000,77.0000000000000000,37.0,13,1,0,16,15,0,4,1,4508.0000,0,3,0,0.0,0.0,0,0,"кликов за неделю 0 (за всё время 0), расход 0 ₽ (накоплено 0 ₽) — судить не о чем, наблюдаем"
watch,hold,930625326,1248,Картридж T0345 для принтеров Epson Stylus Photo 2100 светло-голубой,от 0 до 1000,11.0,11.0,0.0,,,,,,справочная,26,0,0.0,0.0,0.0,,0.0,,0,0.0,0.0,,168.0000000000000000,56.0000000000000000,112.0,25,5,0,1860,23,0,10,1,428.0000,0,2,2,19.67,0.0,0,0,"кликов за неделю 0 (за всё время 2), расход 0 ₽ (накоплено 20 ₽) — судить не о чем, наблюдаем"
watch,hold,873313756,3743,Фотобарабан 113R00782 DU для принтеров Xerox VersaLink C7000 на любой цвет,Эксперимент1,8.0,8.0,0.0,,,,,,справочная,30,0,0.0,0.0,0.0,,0.0,,2,4.72,0.0,2.4,82.0000000000000000,76.0000000000000000,6.0,28,15,0,202,1,4,15,0,0,0,0,2,4.72,0.0,0,0,"кликов за неделю 0 (за всё время 2), расход 0 ₽ (накоплено 5 ₽) — судить не о чем, наблюдаем"
watch,hold,652547587,2395,"Картридж PG-440XL для принтеров Canon и Pixma MG2140, PixmaMG2240 черный",Эксперимент1,8.0,8.0,0.0,,,,,,справочная,33,0,0.0,0.0,0.0,,0.0,,0,0.0,0.0,,157.0000000000000000,116.0000000000000000,41.0,26,-3,0,34,70,0,12,0,0,0,0,1,9.3,0.0,0,0,"кликов за неделю 0 (за всё время 1), расход 0 ₽ (накоплено 9 ₽) — судить не о чем, наблюдаем"
watch,hold,873312859,3199,"Картридж SP-3710X для принтеров Ricoh Aficio SP-3710SF, 3710DN",от 2000 до 5000,22.54,22.54,0.0,,,,,,справочная,29,0,0.0,0.0,0.0,,0.0,,0,0.0,0.0,,31.0000000000000000,26.0000000000000000,5.0,23,9,0,39,5,1,15,0,0,0,3,0,0.0,0.0,0,0,"кликов за неделю 0 (за всё время 0), расход 0 ₽ (накоплено 0 ₽) — судить не о чем, наблюдаем"
watch,hold,866442881,1413,"Картридж TK-8305C для принтеров Kyocera TASKalfa 3050i, TASKalfa3051i голубой",Эксперимент1,9.0,9.0,0.0,,,,,,справочная,30,0,0.0,0.0,0.0,,0.0,,1,8.03,0.0,8.0,63.0000000000000000,291.0000000000000000,-228.0,8,0,0,9,3,2,8,0,0,0,0,1,8.03,0.0,0,0,"кликов за неделю 0 (за всё время 1), расход 0 ₽ (накоплено 8 ₽) — судить не о чем, наблюдаем"
watch,hold,652554832,1193,"Картридж CF287X для принтеров HP LJ M506dn, LJ-M506x, LJ M527c, LJM527dn черный",от 2000 до 5000,19.33,19.33,0.0,,,,,,справочная,0,0,0,0,0,,,,0,0,0,,99.0000000000000000,53.0000000000000000,46.0,5,1,0,3436,4,1,5,0,0,0,2,0,0.0,0.0,0,0,"кликов за неделю 0 (за всё время 0), расход 0 ₽ (накоплено 0 ₽) — судить не о чем, наблюдаем"
watch,hold,652554832,1193,"Картридж CF287X для принтеров HP LJ M506dn, LJ-M506x, LJ M527c, LJM527dn черный",Эксперимент1,12.89,12.89,0.0,,,,,,справочная,30,0,0.0,0.0,0.0,,0.0,,0,0.0,0.0,,99.0000000000000000,53.0000000000000000,46.0,5,1,0,3436,4,1,5,0,0,0,2,0,0.0,0.0,0,0,"кликов за неделю 0 (за всё время 0), расход 0 ₽ (накоплено 0 ₽) — судить не о чем, наблюдаем"
