# oz_acc1: реклама 2026-07-27..2026-08-17 (22 дн), поиск 4 нед с 2026-07-13, продажи вся история, маржа: margin_safe = margin_own_live - 10.6 п.п.; построено 2026-08-18 — в рекламе, но показов нет
sku,offer_id,name,in_ads,bid,n_camp,camp_titles,ad_views,ad_clicks,ctr,cpc,ad_spend,spend_30d,ad_orders,ad_rev,ad_drr,ad_cr,ad_days_shown,clicks14,spend14,ad_orders14,ad_rev14,s_demand,s_views,s_orders,s_gmv,pos_avg,pos_best,s_views_all,s_orders_all,s_demand_all,s_weeks,qty30,rev30,qty90,rev90,qty_all,rev_all,n_post,canc,cancel_share,last_sale,days_since_sale,free_fbo,our_price,buyer_price,margin_own_live,margin_safe,net_live,cr_bucket,ceiling_live,ceiling_safe,headroom,segment,tier,note
1659417880,5530,"Картридж W1510X для принтеров HP LaserJet Pro 4003dn, LJ Pro 4103fdn черный",True,22.54,2,от 2000 до 5000 / Эксперимент1,80,0,0.0,,0.0,0,0.0,0.0,,,21,0,0.0,0.0,0.0,3168,51,0,0,93.5000000000000000,49,112,0,4448,7,0,0,43,134203.0000,43,134203.0000,8,2,25.0,2026-05-21,89,0,4577.0,,28.31,17.7,1295.67,0.0407,43.4,23.7,1.2,bid_up,B,сам продаёт 134 203 ₽/90 дн; показов рекламы 80 за окно при ставке 23 ₽
1261629356,5148,"Фотобарабаны 44844469 - 44844472 для принтеров OKI Data MC853, MC873",True,19.33,1,от 10000 до 500 тыс,66,0,0.0,,0.0,0,0.0,0.0,,,20,0,0.0,0.0,0.0,2846,75,0,0,42.0000000000000000,12,169,0,8929,7,0,0,2,117123.0000,6,292833.6300,6,0,0.0,2026-06-06,73,0,89318.0,,20.86,10.3,18634.2,0.0565,800.9,267.6,248.3,no_impressions,S1,показов рекламы 66 за окно при ставке 19 ₽
1586847024,5512,"Блок проявки DV-214K для принтеров Konica Minolta Bizhub 227, Bizhub 287 черный",True,12.0,2,от 10000 до 500 тыс / Эксперимент1,0,0,,,0,0,0,0,,,0,0,0,0,0,0,0,0,0,,,0,0,0,0,0,0,5,110125.0000,5,110125.0000,1,0,0.0,2026-06-19,60,0,24055.0,,,,,0.0565,,,,no_impressions,S0,показов рекламы 0 за окно при ставке 12 ₽
930609853,0369,Картриджи CE270A-CE273A для принтеров HP Color LaserJet CP5520,True,19.33,1,от 10000 до 500 тыс,50,2,4.0,8.0,16.05,22,2.0,88240.0,0.0,100.0,16,2,16.05,2.0,88240.0,39,32,0,0,45.2500000000000000,34,82,0,118,7,1,44568.0000,2,75134.0000,2,75134.0000,3,1,33.3,2026-08-11,7,0,,,,,,0.0676,,,,no_impressions,S1,показов рекламы 50 за окно при ставке 19 ₽
2708399965,6471,"Картриджи 006R01379 - 006R01382 для принтеров Xerox DCP-700, DCP 770 Digital",True,19.33,1,от 10000 до 500 тыс,62,3,4.84,14.9,44.56,61,0.0,0.0,,0.0,13,0,0.0,0.0,0.0,88,57,0,30836,18.6666666666666667,16,167,0,313,6,0,0,1,52594.0000,1,52594.0000,1,0,0.0,2026-07-15,34,0,76528.0,,19.26,8.7,14737.59,0.0565,617.0,160.1,140.8,ad_eater,E2,"3 кликов, 0 рекламных заказов; но сам продаёт 52 594 ₽/90 дн; показов рекламы 62 за окно при ставке 19 ₽"
870872501,2289,"Картриджи 006R01175-006R01178 для принтеров Xerox и WorkCentre 7328, WC 7335, WC 7345, WC-7346, WCP C2128, WCP C2636",True,12.0,1,от 10000 до 500 тыс,60,1,1.67,6.2,6.2,8,0.0,0.0,,0.0,10,0,0.0,0.0,0.0,64,54,0,0,18.0000000000000000,14,122,0,141,6,0,0,1,51380.0000,1,51380.0000,1,0,0.0,2026-07-15,34,0,,,,,,0.0676,,,,ad_eater,E2,"1 кликов, 0 рекламных заказов; но сам продаёт 51 380 ₽/90 дн; показов рекламы 60 за окно при ставке 12 ₽"
1153758352,2439,"Картридж C-EXV49Bk для принтеров Canon iR Advance C3320, iR Advance C3325 черный",True,14.0,1,от 2000 до 5000,51,1,1.96,14.0,13.96,19,0.0,0.0,,0.0,20,1,13.96,0.0,0.0,89,64,0,0,99.5000000000000000,78,158,0,8429,7,1,5653.0000,11,50271.0000,13,59206.0000,10,0,0.0,2026-08-16,2,0,,,,,,0.0676,,,,ad_eater,E2,"1 кликов, 0 рекламных заказов; но сам продаёт 50 271 ₽/90 дн; показов рекламы 51 за окно при ставке 14 ₽"
984583619,4757,"Картриджи W2010A-W2013A для принтеров HP Color LaserJet M776, LJ M856",True,19.33,2,от 10000 до 500 тыс / Эксперимент1,95,3,3.16,12.9,38.58,53,0.0,0.0,,0.0,20,0,0.0,0.0,0.0,11694,98,0,25109,43.3333333333333333,33,172,0,14848,6,1,44349.0000,1,44349.0000,1,44349.0000,1,0,0.0,2026-07-23,26,0,55219.0,,25.19,14.6,13911.96,0.0565,630.3,299.7,280.4,ad_eater,E2,"3 кликов, 0 рекламных заказов; но сам продаёт 44 349 ₽/90 дн; показов рекламы 95 за окно при ставке 19 ₽"
3861471548,6389,"Картриджи 006R01738-006R01741 для принтеров Xerox PrimeLink C9065, PrimeLink C9070",True,12.89,1,Эксперимент1,71,0,0.0,,0.0,0,0.0,0.0,,,16,0,0.0,0.0,0.0,208,104,0,0,30.0000000000000000,19,248,0,3239,6,0,0,1,43110.0000,1,43110.0000,1,0,0.0,2026-05-20,90,0,58520.0,,21.42,10.8,12534.57,0.0565,543.2,191.9,179.0,no_impressions,S1,показов рекламы 71 за окно при ставке 13 ₽
3557209686,6418,Картриджи TK-5490 для принтеров Kyocera ECOSYS MA2101cfx,True,12.89,1,Эксперимент1,0,0,,,0,0,0,0,,,0,0,0,0,0,0,0,0,0,,,0,0,0,0,0,0,2,41704.0000,4,80175.0000,5,1,20.0,2026-07-08,41,0,22287.0,,61.13,50.5,13624.16,0.0565,707.2,573.3,560.4,bid_up,B,сам продаёт 41 704 ₽/90 дн; показов рекламы 0 за окно при ставке 13 ₽
930614726,0893,"Картридж CF325X для принтеров HP и LaserJet M806DN M806DN, M830z, LJ-M806X, LJM806X+ черный",True,19.33,2,от 10000 до 500 тыс / Эксперимент1,89,0,0.0,,0.0,0,0.0,0.0,,,20,0,0.0,0.0,0.0,52,31,0,0,42.0000000000000000,24,80,0,1381,7,1,14362.0000,3,40948.0000,3,40948.0000,2,0,0.0,2026-08-11,7,0,15197.0,,25.42,14.8,3862.99,0.0565,175.4,84.2,64.9,no_impressions,S1,показов рекламы 89 за окно при ставке 19 ₽
2129688773,6116,"Картриджи 44844613-44844616 для принтеров OKI C 822, C-822DN, C822N",True,12.0,1,от 10000 до 500 тыс,24,0,0.0,,0.0,0,0.0,0.0,,,14,0,0.0,0.0,0.0,36,34,0,0,55.7500000000000000,22,61,0,1452,7,2,40734.0000,2,40734.0000,2,40734.0000,2,0,0.0,2026-07-31,18,0,21960.0,,22.89,12.3,5026.77,0.0565,222.1,90.6,78.6,no_impressions,S1,показов рекламы 24 за окно при ставке 12 ₽
930621856,1198,Картриджи CF300A-CF303A для принтеров HP Color LJ Flow M880z,True,19.33,1,от 10000 до 500 тыс,27,1,3.7,12.3,12.26,17,0.0,0.0,,0.0,12,0,0.0,0.0,0.0,46,41,0,0,47.5000000000000000,24,76,0,2917,7,1,39379.0000,1,39379.0000,1,39379.0000,1,0,0.0,2026-08-05,13,0,,,,,,0.0676,,,,ad_eater,E2,"1 кликов, 0 рекламных заказов; но сам продаёт 39 379 ₽/90 дн; показов рекламы 27 за окно при ставке 19 ₽"
1085507562,4734,Картриджи TN-227 для принтеров Konica Minolta Bizhub C257i,True,19.33,1,от 10000 до 500 тыс,14,0,0.0,,0.0,0,0.0,0.0,,,4,0,0.0,0.0,0.0,0,0,0,0,,,0,0,0,0,0,0,3,39344.0000,3,39344.0000,3,0,0.0,2026-06-03,76,0,24880.0,,23.92,13.3,5951.17,0.0565,266.1,116.7,97.4,no_impressions,S1,показов рекламы 14 за окно при ставке 19 ₽
863387502,2181,"Картриджи 040H для принтеров Canon i-SENSYS LBP-710CX, LBP712CX",True,12.89,1,Эксперимент1,62,0,0.0,,0.0,0,0.0,0.0,,,18,0,0.0,0.0,0.0,313,91,0,0,57.0000000000000000,42,263,0,1031,7,0,0,2,37657.0000,2,37657.0000,3,1,33.3,2026-05-21,89,1,,,,,,0.0676,,,,no_impressions,S1,показов рекламы 62 за окно при ставке 13 ₽
653317629,3671,Картридж 106R03767 для принтеров Xerox VersaLink C7000 пурпурный,True,13.0,1,от 2000 до 5000,75,2,2.67,18.7,37.34,51,0.0,0.0,,0.0,16,2,37.34,0.0,0.0,6323,98,0,0,80.5000000000000000,35,242,0,12095,7,3,13842.0000,9,37432.0000,9,37432.0000,8,0,0.0,2026-08-11,7,0,,,,,,0.0676,,,,ad_eater,E2,"2 кликов, 0 рекламных заказов; но сам продаёт 37 432 ₽/90 дн; показов рекламы 75 за окно при ставке 13 ₽"
930639253,2352,"Картриджи 106R03532-106R03535 для принтеров Xerox VersaLink C400, VersaLink C405",True,22.54,1,от 5000 до 10000,92,3,3.26,11.5,34.62,47,0.0,0.0,,0.0,19,1,18.38,0.0,0.0,9157,120,0,0,33.5000000000000000,23,250,0,17067,7,0,0,4,37040.0000,4,37040.0000,3,0,0.0,2026-06-18,61,0,11063.0,,23.46,12.9,2595.33,0.0565,115.5,49.4,26.9,ad_eater,E2,"3 кликов, 0 рекламных заказов; но сам продаёт 37 040 ₽/90 дн; показов рекламы 92 за окно при ставке 23 ₽"
1852066350,5806,"Картридж TN-3600XXL для принтеров Brother HL-L5210, 5710 черный",True,14.0,1,от 2000 до 5000,0,0,,,0,0,0,0,,,0,0,0,0,0,0,0,0,0,,,0,0,0,0,0,0,8,36802.0000,8,36802.0000,3,0,0.0,2026-07-02,47,0,6627.0,,,,,0.0394,,,,no_impressions,S0,показов рекламы 0 за окно при ставке 14 ₽
2926045785,6709,"Фотобарабан + картридж 101R00435 DU+106R01305 для принтеров Xerox WorkCentre 5225, WC 5230 черный",True,21.96,1,Вне РК — спрос без рекламы (08.08),13,0,0.0,,0.0,0,0.0,0.0,,,7,0,0.0,0.0,0.0,3423,28,0,0,92.5000000000000000,23,53,0,3452,7,1,18969.0000,2,34475.0000,2,34475.0000,3,1,33.3,2026-08-04,14,0,19364.0,,22.69,12.1,4393.42,0.0565,193.7,77.7,55.7,no_impressions,S1,показов рекламы 13 за окно при ставке 22 ₽
873314216,3673,Картриджи 106R03765-106R03768 для принтеров Xerox VersaLink C7000,True,19.33,2,от 10000 до 500 тыс / Эксперимент1,86,1,1.16,15.4,15.37,21,0.0,0.0,,0.0,19,1,15.37,0.0,0.0,86,50,0,0,69.3333333333333333,37,134,0,2858,6,0,0,3,34400.0000,4,47239.0000,3,0,0.0,2026-05-25,85,0,,,,,,0.0676,,,,ad_eater,E2,"1 кликов, 0 рекламных заказов; но сам продаёт 34 400 ₽/90 дн; показов рекламы 86 за окно при ставке 19 ₽"
653317967,3672,Картридж 106R03766 для принтеров Xerox VersaLink C7000 желтый,True,10.0,1,Эксперимент1,83,0,0.0,,0.0,0,0.0,0.0,,,22,0,0.0,0.0,0.0,64,49,0,0,78.0000000000000000,52,130,0,728,7,1,4514.0000,8,34388.0000,9,38046.0000,7,0,0.0,2026-08-17,1,0,4552.0,,24.29,13.7,1105.59,0.0407,35.7,16.1,6.1,no_impressions,S1,показов рекламы 83 за окно при ставке 10 ₽
4560667390,6517,"Картридж 006R04387 для принтеров Xerox C230, C235 черный",True,21.96,1,Вне РК — спрос без рекламы (08.08),0,0,,,0,0,0,0,,,0,0,0,0,0,2088,45,0,19287,53.0000000000000000,30,58,0,2101,6,1,16404.0000,2,32808.0000,2,32808.0000,2,0,0.0,2026-07-22,27,0,16118.0,,22.76,12.2,3667.88,0.0565,161.8,65.6,43.6,no_impressions,S0,показов рекламы 0 за окно при ставке 22 ₽
873313671,3430,"Картриджи TN-213 для принтеров Brother DCP-L3550CDW, HL-L3230CDW, MFC-L3770CDW",True,19.33,1,от 5000 до 10000,47,0,0.0,,0.0,0,0.0,0.0,,,18,0,0.0,0.0,0.0,3349,64,0,0,50.6666666666666667,41,263,0,6642,6,0,0,4,32149.8800,4,32149.8800,1,0,0.0,2026-06-18,61,0,,,,,,0.0676,,,,no_impressions,S1,показов рекламы 47 за окно при ставке 19 ₽
874375639,4283,"Картриджи W2210A-W2213A для принтеров HP LJ Pro Color M255 dw, LJ Pro Color M282",True,13.0,1,от 10000 до 500 тыс,38,0,0.0,,0.0,0,0.0,0.0,,,19,0,0.0,0.0,0.0,3595,53,0,0,102.0000000000000000,59,184,0,8113,7,1,10689.0000,3,32139.0000,5,51049.0000,4,0,0.0,2026-07-25,24,0,8764.0,,27.3,16.7,2392.71,0.0394,77.0,40.4,27.4,no_impressions,S1,показов рекламы 38 за окно при ставке 13 ₽
1153791300,2960,"Фотобарабан C-EXV33 DU для принтеров Canon ImageRunner 2520, iR-2525, iR 2530, iR2535, iR2545 черный",True,19.33,1,от 10000 до 500 тыс,98,0,0.0,,0.0,0,0.0,0.0,,,22,0,0.0,0.0,0.0,2944,85,0,0,62.2500000000000000,35,256,0,4180,7,0,0,3,31613.0000,6,61429.0000,8,2,25.0,2026-06-10,69,0,,,,,,0.0676,,,,no_impressions,S1,показов рекламы 98 за окно при ставке 19 ₽
2752827910,6541,"Картриджи CF330X-CF333A для принтеров HP Color LJ M651, LJ-M651dn, LJM651n, LJ M651xh",True,12.0,1,от 10000 до 500 тыс,90,2,2.22,12.6,25.22,34,0.0,0.0,,0.0,18,1,18.38,0.0,0.0,6123,110,0,0,57.3333333333333333,41,110,0,6123,3,0,0,1,31279.0000,1,31279.0000,1,0,0.0,2026-07-03,46,0,42654.0,,20.14,9.5,8590.26,0.0565,365.1,108.5,96.5,ad_eater,E2,"2 кликов, 0 рекламных заказов; но сам продаёт 31 279 ₽/90 дн; показов рекламы 90 за окно при ставке 12 ₽"
984584508,4730,Картридж TN-227K для принтеров Konica Minolta Bizhub C257i черный,True,21.96,1,Вне РК — спрос без рекламы (08.08),12,0,0.0,,0.0,0,0.0,0.0,,,3,0,0.0,0.0,0.0,0,0,0,0,,,0,0,0,0,0,0,7,30456.0000,8,34926.0000,5,0,0.0,2026-06-18,61,0,9550.0,,26.89,16.3,2568.37,0.0394,82.4,42.5,20.5,no_impressions,S1,показов рекламы 12 за окно при ставке 22 ₽
653317971,3670,Картридж 106R03768 для принтеров Xerox VersaLink C7000 голубой,True,18.0,1,от 2000 до 5000,70,0,0.0,,0.0,0,0.0,0.0,,,18,0,0.0,0.0,0.0,3639,105,0,0,57.0000000000000000,33,223,0,16946,7,0,0,8,29917.0000,9,33075.0000,7,0,0.0,2026-07-07,42,0,,,,,,0.0676,,,,no_impressions,S1,показов рекламы 70 за окно при ставке 18 ₽
1261461495,4692,"Картриджи №963 для принтеров HP OfficeJet Pro 9010, OfficeJet Pro 9013",True,8.0,1,Эксперимент1,0,0,,,0,0,0,0,,,0,0,0,0,0,0,0,0,0,,,0,0,0,0,0,0,2,29162.0000,2,29162.0000,2,0,0.0,2026-07-15,34,0,14581.0,,,,,0.0565,,,,no_impressions,S0,показов рекламы 0 за окно при ставке 8 ₽
930617023,2764,"Картриджи TK-8335 для принтеров Kyocera TASKalfa 3252ci, TASKalfa 3253",True,19.33,1,от 10000 до 500 тыс,52,1,1.92,17.7,17.68,24,0.0,0.0,,0.0,15,1,17.68,0.0,0.0,67,58,0,0,64.2500000000000000,21,119,0,137,7,0,0,2,27486.0000,2,27486.0000,1,0,0.0,2026-06-03,76,0,,,,,,0.0676,,,,ad_eater,E2,"1 кликов, 0 рекламных заказов; но сам продаёт 27 486 ₽/90 дн; показов рекламы 52 за окно при ставке 19 ₽"
1897483849,5845,"Картридж 006R01819 для принтеров Xerox VersaLink B7125, VersaLinkB7130 черный",True,12.0,1,от 2000 до 5000,71,3,4.23,1.0,3.0,4,0.0,0.0,,0.0,15,0,0.0,0.0,0.0,110,99,0,0,29.7500000000000000,23,231,0,839,7,0,0,6,26681.0000,6,26681.0000,2,0,0.0,2026-07-07,42,0,7815.0,,27.47,16.9,2147.1,0.0394,69.2,36.6,24.6,ad_eater,E2,"3 кликов, 0 рекламных заказов; но сам продаёт 26 681 ₽/90 дн; показов рекламы 71 за окно при ставке 12 ₽"
1129396118,4645,Картриджи TNP-51 для принтеров Konica Minolta Bizhub C3110,True,19.33,1,от 10000 до 500 тыс,59,2,3.39,1.0,2.0,3,1.0,25600.0,0.0,50.0,8,0,0.0,0.0,0.0,42,37,0,0,46.6666666666666667,40,127,0,146,6,1,25600.0000,1,25600.0000,1,25600.0000,1,0,0.0,2026-08-03,15,0,,,,,,0.0676,,,,no_impressions,S1,показов рекламы 59 за окно при ставке 19 ₽
2512878869,6285,"Картриджи TK-8505 для принтеров Kyocera TASKalfa 4550ci, TASKalfa4551ci",True,12.0,2,от 10000 до 500 тыс / Эксперимент1,78,0,0.0,,0.0,0,0.0,0.0,,,19,0,0.0,0.0,0.0,326,34,0,0,83.5000000000000000,24,70,0,365,7,0,0,1,24863.0000,1,24863.0000,1,0,0.0,2026-07-17,32,0,24545.0,,22.37,11.8,5491.29,0.0565,241.0,94.4,82.4,no_impressions,S1,показов рекламы 78 за окно при ставке 12 ₽
873319526,4053,"Картридж PFI-320Bk для принтеров Canon и iPF TM-200, iPF TM 205 черный",True,20.93,1,от 10000 до 500 тыс,95,0,0.0,,0.0,0,0.0,0.0,,,21,0,0.0,0.0,0.0,127,114,0,0,83.7500000000000000,54,243,0,3064,7,0,0,2,24450.0000,2,24450.0000,2,0,0.0,2026-06-30,49,0,13778.0,,25.68,15.1,3538.45,0.0565,161.1,78.7,57.8,no_impressions,S1,показов рекламы 95 за окно при ставке 21 ₽
1769947633,4671,Картриджи CTL-1100HK - CTL-1100HY,True,8.0,1,Эксперимент1,0,0,,,0,0,0,0,,,0,0,0,0,0,0,0,0,0,,,0,0,0,0,0,0,2,22936.0000,2,22936.0000,2,0,0.0,2026-06-02,77,0,13782.0,,,,,0.0565,,,,no_impressions,S0,показов рекламы 0 за окно при ставке 8 ₽
1691955831,55442,"Картридж для Brother MFC-L9570CDW (DR-421CL), DCP-L8410CDW, HL-L8260CDW, HL L8360CDW, HLL9310, MFC-L8690CDW",True,21.96,1,Вне РК — спрос без рекламы (08.08),97,3,3.09,13.1,39.21,53,0.0,0.0,,0.0,9,3,39.21,0.0,0.0,551,69,0,0,38.0000000000000000,20,69,0,551,4,1,22884.0000,1,22884.0000,1,22884.0000,1,0,0.0,2026-07-30,19,0,22966.0,,23.23,12.6,5334.96,0.0565,236.7,98.7,76.7,ad_eater,E2,"3 кликов, 0 рекламных заказов; но сам продаёт 22 884 ₽/90 дн; показов рекламы 97 за окно при ставке 22 ₽"
930634320,3152,"Картриджи TN-241 для принтеров Brother DCP-9020cdw, HL-3140cw, HL 3150, HL3170CDW, MFC-9140, MFC-9330",True,25.77,1,от 5000 до 10000,88,0,0.0,,0.0,0,0.0,0.0,,,21,0,0.0,0.0,0.0,17090,123,0,0,76.5000000000000000,58,435,0,40545,7,0,0,4,22821.0000,6,33865.0000,6,0,0.0,2026-07-05,44,0,,,,,,0.0676,,,,no_impressions,S1,показов рекламы 88 за окно при ставке 26 ₽
873319780,3890,"Картриджи LC-3237 для принтеров Brother HL-J6000DW, MFC-J5945DW, MFC J6945",True,20.93,2,от 5000 до 10000 / Эксперимент1,33,2,6.06,17.0,34.03,46,0.0,0.0,,0.0,2,0,0,0,0,0,0,0,0,,,0,0,0,0,0,0,3,22315.0000,3,22315.0000,3,1,33.3,2026-06-02,77,0,8541.0,,26.56,16.0,2268.1,0.0394,72.6,37.0,16.1,ad_eater,E2,"2 кликов, 0 рекламных заказов; но сам продаёт 22 315 ₽/90 дн; показов рекламы 33 за окно при ставке 21 ₽"
3006517349,5375,"Картридж 069H для принтеров Canon i-SENSYS LBP673Cdw, MF752Cdw, MF754Cdw голубой",True,21.96,1,Вне РК — спрос без рекламы (08.08),44,0,0.0,,0.0,0,0.0,0.0,,,9,0,0.0,0.0,0.0,1358,87,0,0,93.5000000000000000,49,154,0,1445,7,3,13868.0000,5,22109.0000,5,22109.0000,5,0,0.0,2026-08-14,4,0,4952.0,,29.41,18.8,1456.63,0.0407,49.2,27.8,5.8,bid_up,B,сам продаёт 22 109 ₽/90 дн; показов рекламы 44 за окно при ставке 22 ₽
874374035,4264,"Картридж 006R01701 для принтеров Xerox AltaLink C8045, C8030, C8035, C8055",True,21.96,1,Вне РК — спрос без рекламы (08.08),53,2,3.77,27.6,55.10,75,0.0,0.0,,0.0,8,2,55.10,0.0,0.0,5943,47,0,0,29.0000000000000000,18,134,0,9848,7,0,0,4,21969.0000,6,33797.0000,6,1,16.7,2026-06-10,69,0,,,,,,0.0676,,,,ad_eater,E2,"2 кликов, 0 рекламных заказов; но сам продаёт 21 969 ₽/90 дн; показов рекламы 53 за окно при ставке 22 ₽"
5322444622,3909X6,"Комплект картриджей W2030A (6 шт.) на 14400 страниц для принтеров HP Color LaserJet M454dn, LJ Pro M454dw, M480f, M479dw, LJ Pro M479 fdn",True,21.96,1,Бандлы x2/x6 — старт (08.08),26,0,0.0,,0.0,0,0.0,0.0,,,7,0,0.0,0.0,0.0,67,21,0,0,80.0000000000000000,80,21,0,67,1,1,21838.0000,1,21838.0000,1,21838.0000,1,0,0.0,2026-08-10,8,0,21508.0,,45.75,35.1,9840.27,0.0565,495.5,366.0,344.0,bid_up,B,сам продаёт 21 838 ₽/90 дн; показов рекламы 26 за окно при ставке 22 ₽
3650116441,6933,"Фотобарабан 46857506 для принтеров OKI Data C824, Data C834 пурпурный",True,13.0,1,от 10000 до 500 тыс,18,1,5.56,26.9,26.86,37,0.0,0.0,,0.0,2,1,26.86,0.0,0.0,0,0,0,0,,,0,0,0,0,0,0,1,21656.0000,1,21656.0000,1,0,0.0,2026-05-26,84,0,22143.0,,,,,0.0565,,,,ad_eater,E2,"1 кликов, 0 рекламных заказов; но сам продаёт 21 656 ₽/90 дн; показов рекламы 18 за окно при ставке 13 ₽"
1153416743,1451,Картридж PFI-703Bk для принтеров Canon и iPF iPF810 черный,True,20.93,2,от 10000 до 500 тыс / Пустые РК,73,0,0.0,,0.0,0,0.0,0.0,,,15,0,0.0,0.0,0.0,678,107,0,12477,41.7500000000000000,31,153,0,762,7,1,21490.0000,1,21490.0000,1,21490.0000,1,0,0.0,2026-07-19,30,0,21408.0,,23.1,12.5,4945.53,0.0565,219.1,90.8,69.9,no_impressions,S1,показов рекламы 73 за окно при ставке 21 ₽
2921448193,6664,"Фотобарабан + картридж CF257A+CF256X для принтеров HP LaserJet M433, LJ-M436, LJM436n, LJ M436nda черный",True,12.0,1,от 10000 до 500 тыс,16,0,0.0,,0.0,0,0.0,0.0,,,3,0,0,0,0,0,0,0,0,,,0,0,0,0,0,0,1,21464.0000,2,40060.0000,2,0,0.0,2026-07-06,43,0,32042.0,,21.88,11.3,7010.94,0.0565,305.8,114.1,102.1,no_impressions,S1,показов рекламы 16 за окно при ставке 12 ₽
2926854950,6716,"Фотобарабан + картридж DR-312K+TN-323 для принтеров Konica Minolta Bizhub 227, Bizhub 287 черный",True,20.93,1,от 10000 до 500 тыс,47,0,0.0,,0.0,0,0.0,0.0,,,18,0,0.0,0.0,0.0,83,56,0,0,64.6666666666666667,50,158,0,216,6,0,0,1,21392.0000,1,21392.0000,1,0,0.0,2026-05-20,90,0,20448.0,,23.19,12.6,4742.63,0.0565,210.3,87.9,67.0,no_impressions,S1,показов рекламы 47 за окно при ставке 21 ₽
873320021,3780,"Фотобарабаны DR-320CL DU для принтеров Brother DCP-9055, DCP 9270, HL-4140, HL4150, HL-4570 cdw, MFC-9460, MFC9465 CDN",True,12.0,1,от 10000 до 500 тыс,0,0,,,0,0,0,0,,,0,0,0,0,0,0,0,0,0,,,0,0,0,0,0,0,1,20631.0000,1,20631.0000,1,0,0.0,2026-06-29,50,0,,,,,,0.0676,,,,no_impressions,S0,показов рекламы 0 за окно при ставке 12 ₽
873319893,3914,Картридж 106R04054 для принтеров Xerox Versalink C8000 голубой,True,8.0,1,Эксперимент1,88,1,1.14,12.5,12.47,17,0.0,0.0,,0.0,21,1,12.47,0.0,0.0,1428,172,0,0,33.7500000000000000,19,328,0,1632,7,0,0,1,20617.0000,1,20617.0000,1,0,0.0,2026-07-07,42,0,,,,,,0.0676,,,,ad_eater,E2,"1 кликов, 0 рекламных заказов; но сам продаёт 20 617 ₽/90 дн; показов рекламы 88 за окно при ставке 8 ₽"
874373539,4536,"Картридж №981 для принтеров HP PageWide Color 556, PW Color MFP 586 dn черный",True,13.0,1,от 5000 до 10000,45,0,0.0,,0.0,0,0.0,0.0,,,17,0,0.0,0.0,0.0,4815,57,0,0,99.7500000000000000,42,111,0,16043,7,0,0,2,20293.0000,2,20293.0000,2,0,0.0,2026-07-13,36,0,,,,,,0.0676,,,,no_impressions,S1,показов рекламы 45 за окно при ставке 13 ₽
873313014,3538,"Картриджи TN-910 для принтеров Brother HL-L9310, MFC-L9570",True,12.89,1,Эксперимент1,59,0,0.0,,0.0,0,0.0,0.0,,,17,0,0.0,0.0,0.0,8630,36,0,6273,120.2500000000000000,84,75,0,8693,7,1,9768.0000,2,19783.0000,2,19783.0000,2,0,0.0,2026-08-05,13,0,9737.0,,22.81,12.2,2221.12,0.0394,68.3,27.6,14.7,no_impressions,S1,показов рекламы 59 за окно при ставке 13 ₽
2129710726,6082,"Картридж CTL-2200HBK для принтеров CM2200FDW, CP2200DW черный",True,12.0,1,Пустые РК,0,0,,,0,0,0,0,,,0,0,0,0,0,0,0,0,0,,,0,0,0,0,0,0,1,19620.0000,1,19620.0000,1,0,0.0,2026-07-07,42,0,20077.0,,22.76,12.2,4570.1,0.0565,201.6,81.7,69.7,no_impressions,S0,показов рекламы 0 за окно при ставке 12 ₽
2704386883,6467,"Картриджи C-EXV34 для принтеров Canon iR Advance C2000, iR Advance C2020",True,19.33,1,от 10000 до 500 тыс,85,2,2.35,12.6,25.23,34,0.0,0.0,,0.0,18,0,0.0,0.0,0.0,634,104,0,0,79.7500000000000000,47,169,0,709,7,0,0,1,19491.0000,1,19491.0000,1,0,0.0,2026-07-01,48,0,21592.0,,23.52,12.9,5078.12,0.0565,226.1,96.4,77.1,ad_eater,E2,"2 кликов, 0 рекламных заказов; но сам продаёт 19 491 ₽/90 дн; показов рекламы 85 за окно при ставке 19 ₽"
904484164,4220,"Картриджи 842255-842258 для принтеров Ricoh IM-C3000, IM-C3500",True,19.33,1,от 10000 до 500 тыс,90,1,1.11,38.7,38.67,53,0.0,0.0,,0.0,17,1,38.67,0.0,0.0,3031,66,0,0,42.6666666666666667,30,144,0,6034,6,0,0,1,19188.0000,1,19188.0000,1,0,0.0,2026-06-30,49,0,,,,,,0.0676,,,,ad_eater,E2,"1 кликов, 0 рекламных заказов; но сам продаёт 19 188 ₽/90 дн; показов рекламы 90 за окно при ставке 19 ₽"
5280121327,5631X10,Комплект тонер-картриджей TK-5440K (10 шт.) на 26000 страниц для принтеров Kyocera ECOSYS MA2100cfx,True,21.96,1,Вне РК — спрос без рекламы (08.08),73,2,2.74,19.2,38.46,52,0.0,0.0,,0.0,9,2,38.46,0.0,0.0,48,40,0,0,39.5000000000000000,15,40,0,48,2,1,19134.0000,1,19134.0000,1,19134.0000,1,0,0.0,2026-08-03,15,0,19542.0,,46.84,36.2,9154.17,0.0565,462.3,344.7,322.7,ad_eater,E2,"2 кликов, 0 рекламных заказов; но сам продаёт 19 134 ₽/90 дн; показов рекламы 73 за окно при ставке 22 ₽"
1153647058,0071,"Картриджи 70 для принтеров HP DesignJet Z2100, DJ Z3100, DJ Z3200 набор cmyk lclm",True,12.0,2,от 10000 до 500 тыс / Эксперимент1,0,0,,,0,0,0,0,,,0,0,0,0,0,0,0,0,0,,,0,0,0,0,0,0,1,18794.0000,1,18794.0000,1,0,0.0,2026-05-20,90,0,19247.0,,,,,0.0565,,,,no_impressions,S0,показов рекламы 0 за окно при ставке 12 ₽
1547263990,5424,"Фотобарабан DR-316YMC для принтеров Konica Minolta Bizhub C250i, C300i, C360i цветной",True,13.0,1,от 10000 до 500 тыс,0,0,,,0,0,0,0,,,0,0,0,0,0,0,0,0,0,,,0,0,0,0,0,0,1,18655.0000,1,18655.0000,1,0,0.0,2026-05-28,82,0,22129.0,,,,,0.0565,,,,no_impressions,S0,показов рекламы 0 за окно при ставке 13 ₽
864225254,0996,"Картриджи 44469809-44469714 для принтеров OKI C310dn, c310n, c330, C330dn, C331, c331dn, C510, C511 c511dn C530 C531 c531dn mc351 MC351dn MC352dn MC561dn MC562dn",True,19.33,1,от 5000 до 10000,62,0,0.0,,0.0,0,0.0,0.0,,,18,0,0.0,0.0,0.0,3248,74,0,0,48.0000000000000000,32,326,0,22731,6,0,0,3,18589.0000,3,18589.0000,3,0,0.0,2026-06-23,56,0,7810.0,,26.39,15.8,2061.42,0.0394,65.8,33.2,13.9,no_impressions,S1,показов рекламы 62 за окно при ставке 19 ₽
1155649322,0777,"Картридж CE740A для принтеров HP и LaserJet CP5220, LJ-CP5225 черный",True,19.33,1,от 5000 до 10000,39,0,0.0,,0.0,0,0.0,0.0,,,16,0,0.0,0.0,0.0,116,54,0,0,67.5000000000000000,43,116,0,1227,7,1,10000.0000,2,18206.0000,2,18206.0000,2,0,0.0,2026-08-04,14,0,10133.0,,27.12,16.5,2747.9,0.0565,126.7,65.9,46.6,no_impressions,S1,показов рекламы 39 за окно при ставке 19 ₽
873313150,3557,"Картриджи TK-865 для принтеров Kyocera TASKalfa 250ci, TASKalfa 300ci",True,20.93,2,от 10000 до 500 тыс / Эксперимент1,59,1,1.69,41.5,41.53,57,0.0,0.0,,0.0,13,1,41.53,0.0,0.0,75,51,0,0,25.6666666666666667,23,115,0,4040,6,0,0,1,18199.0000,1,18199.0000,1,0,0.0,2026-06-10,69,0,60800.0,,21.28,10.7,12935.62,0.0565,559.6,195.9,175.0,ad_eater,E2,"1 кликов, 0 рекламных заказов; но сам продаёт 18 199 ₽/90 дн; показов рекламы 59 за окно при ставке 21 ₽"
874373550,4517,"Картриджи 841853 - 841856 для принтеров Ricoh Aficio MP C4503, MP-C4504, Aficio MP C5503",True,19.33,1,от 10000 до 500 тыс,54,1,1.85,28.1,28.1,38,0.0,0.0,,0.0,18,1,28.1,0.0,0.0,34,27,0,0,40.0000000000000000,28,53,0,60,6,1,18054.0000,1,18054.0000,1,18054.0000,1,0,0.0,2026-08-03,15,0,18293.0,,24.1,13.5,4408.1,0.0565,197.5,87.9,68.6,ad_eater,E2,"1 кликов, 0 рекламных заказов; но сам продаёт 18 054 ₽/90 дн; показов рекламы 54 за окно при ставке 19 ₽"
1165086382,2396,"Фотобарабан CF359A для принтеров HP Color LaserJet Enterprise Flow M880z+, M880z+ NFC/Wireless Direct, LJ M855dn, LJM855x+, LJ-M855xh голубой",True,12.0,1,от 10000 до 500 тыс,56,0,0.0,,0.0,0,0.0,0.0,,,20,0,0.0,0.0,0.0,4688,63,0,10746,83.7500000000000000,40,112,0,7581,7,0,0,1,17970.0000,1,17970.0000,1,0,0.0,2026-07-14,35,0,17568.0,,21.99,11.4,3862.48,0.0565,168.7,63.6,51.6,no_impressions,S1,показов рекламы 56 за окно при ставке 12 ₽
1155651351,2984,"Фотобарабан CLT-R407 DU для принтеров Samsung CLP-320, CLP 325, CLX-3180, CLX3185 черный",True,19.33,1,от 10000 до 500 тыс,80,0,0.0,,0.0,0,0.0,0.0,,,21,0,0.0,0.0,0.0,146,97,0,0,48.0000000000000000,28,204,0,2992,7,0,0,2,17931.0000,2,17931.0000,3,1,33.3,2026-05-23,87,0,,,,,,0.0676,,,,no_impressions,S1,показов рекламы 80 за окно при ставке 19 ₽
930609708,0351,"Картриджи CE400X-CE403A для принтеров HP LJ M551dn, LJ-M551n, LJM551xh",True,19.33,1,от 10000 до 500 тыс,40,1,2.5,22.0,21.98,30,0.0,0.0,,0.0,14,0,0.0,0.0,0.0,61,56,0,0,38.5000000000000000,22,121,0,161,7,0,0,1,17924.0000,2,38064.0000,2,0,0.0,2026-05-20,90,0,,,,,,0.0676,,,,ad_eater,E2,"1 кликов, 0 рекламных заказов; но сам продаёт 17 924 ₽/90 дн; показов рекламы 40 за окно при ставке 19 ₽"
1153726407,1996,"Фотобарабан DR-311K DU для принтеров Konica Minolta Bizhub C220, Bizhub C280 черный",True,19.33,1,от 5000 до 10000,64,0,0.0,,0.0,0,0.0,0.0,,,22,0,0.0,0.0,0.0,10560,200,0,0,55.2500000000000000,22,358,0,13159,7,0,0,2,17761.0000,2,17761.0000,2,0,0.0,2026-06-29,50,0,10654.0,,24.87,14.3,2649.22,0.0565,119.7,56.0,36.7,no_impressions,S1,показов рекламы 64 за окно при ставке 19 ₽
2497455824,5946,"Картридж C-EXV65 Y для принтеров Canon imageRUNNER C3326, iR C3326i желтый",True,16.1,1,Эксперимент1,96,1,1.04,9.8,9.85,13,0.0,0.0,,0.0,21,1,9.85,0.0,0.0,9989,105,0,0,80.0000000000000000,62,257,0,12850,7,0,0,3,17756.0000,3,17756.0000,3,0,0.0,2026-06-15,64,0,6886.0,,60.94,50.3,4196.55,0.0394,151.8,122.9,106.8,ad_eater,E2,"1 кликов, 0 рекламных заказов; но сам продаёт 17 756 ₽/90 дн; показов рекламы 96 за окно при ставке 16 ₽"
2497486788,5945,"Картридж C-EXV65 M для принтеров Canon imageRUNNER C3326, iR C3326i пурпурный",True,21.96,1,Вне РК — спрос без рекламы (08.08),43,1,2.33,21.1,21.15,29,0.0,0.0,,0.0,8,1,21.15,0.0,0.0,9784,75,0,0,65.0000000000000000,37,185,0,15286,7,0,0,3,17694.0000,3,17694.0000,3,0,0.0,2026-06-26,53,0,6823.0,,29.43,18.8,2008.09,0.0394,65.7,37.1,15.1,ad_eater,E2,"1 кликов, 0 рекламных заказов; но сам продаёт 17 694 ₽/90 дн; показов рекламы 43 за окно при ставке 22 ₽"
863388244,0169,"Картриджи CB540A-CB543A для принтеров HP Color LaserJet CM1300, LJ-CM1312, LJ CP1210, LJCP1215, LJ CP1510, LJCP1515, LJ-CP1518",True,19.33,1,от 5000 до 10000,75,0,0.0,,0.0,0,0.0,0.0,,,20,0,0.0,0.0,0.0,11571,103,0,0,71.5000000000000000,50,253,0,20044,7,0,0,2,17424.0000,2,17424.0000,3,1,33.3,2026-06-26,53,0,,,,,,0.0676,,,,no_impressions,S1,показов рекламы 75 за окно при ставке 19 ₽
930626294,1717,"Картридж TK-865Y для принтеров Kyocera TASKalfa 250ci, TASKalfa 300ci желтый",True,8.0,1,Эксперимент1,32,0,0.0,,0.0,0,0.0,0.0,,,11,0,0.0,0.0,0.0,14,11,0,0,148.6666666666666667,19,30,0,3183,6,1,17346.0000,1,17346.0000,1,17346.0000,1,0,0.0,2026-07-31,18,0,17346.0,,23.78,13.2,4125.11,0.0565,184.2,80.4,72.4,no_impressions,S1,показов рекламы 32 за окно при ставке 8 ₽
930626347,1716,"Картридж TK-865M для принтеров Kyocera TASKalfa 250ci, TASKalfa 300ci пурпурный",True,12.0,1,от 2000 до 5000,7,0,0.0,,0.0,0,0.0,0.0,,,7,0,0.0,0.0,0.0,1223,14,0,0,157.0000000000000000,41,28,0,1237,6,1,17346.0000,1,17346.0000,1,17346.0000,1,0,0.0,2026-07-31,18,0,17346.0,,23.78,13.2,4125.11,0.0565,184.2,80.4,68.4,no_impressions,S1,показов рекламы 7 за окно при ставке 12 ₽
653348663,0619,"Фотобарабан 113R00670 DU для принтеров Xerox Phaser 5500, Phaser 5550 черный",True,19.33,1,от 10000 до 500 тыс,20,0,0.0,,0.0,0,0.0,0.0,,,14,0,0.0,0.0,0.0,30,28,0,0,68.0000000000000000,48,85,0,99,7,1,17329.0000,1,17329.0000,1,17329.0000,1,0,0.0,2026-08-01,17,0,17716.0,,23.8,13.2,4217.11,0.0565,188.3,82.1,62.8,no_impressions,S1,показов рекламы 20 за окно при ставке 19 ₽
930642100,0173,Картриджи 106R01335-106R01338 для принтеров Xerox Phaser 6125N,True,17.0,1,от 2000 до 5000,52,0,0.0,,0.0,0,0.0,0.0,,,17,0,0.0,0.0,0.0,37933,107,0,0,141.6666666666666667,103,234,0,56518,6,0,0,3,17151.0000,3,17151.0000,3,0,0.0,2026-07-12,37,0,5761.0,,23.22,12.6,1337.99,0.0394,41.4,17.3,0.3,no_impressions,S1,показов рекламы 52 за окно при ставке 17 ₽
3735041269,6882,"Картридж 006R04390 для принтеров Xerox C230, C235 желтый",True,21.96,1,Вне РК — спрос без рекламы (08.08),47,2,4.26,18.3,36.57,50,0.0,0.0,,0.0,8,2,36.57,0.0,0.0,4548,47,0,9826,90.5000000000000000,50,57,0,4558,7,1,16450.0000,1,16450.0000,1,16450.0000,1,0,0.0,2026-07-22,27,0,16118.0,,22.57,12.0,3638.54,0.0565,160.1,63.8,41.8,ad_eater,E2,"2 кликов, 0 рекламных заказов; но сам продаёт 16 450 ₽/90 дн; показов рекламы 47 за окно при ставке 22 ₽"
3735031554,6881,"Картридж 006R04389 для принтеров Xerox C230, C235 пурпурный",True,21.96,1,Вне РК — спрос без рекламы (08.08),60,1,1.67,18.2,18.16,25,0.0,0.0,,0.0,8,1,18.16,0.0,0.0,5500,54,0,9763,108.0000000000000000,41,67,0,5513,7,1,16404.0000,1,16404.0000,1,16404.0000,1,0,0.0,2026-07-22,27,0,16118.0,,22.57,12.0,3638.54,0.0565,160.1,63.8,41.8,ad_eater,E2,"1 кликов, 0 рекламных заказов; но сам продаёт 16 404 ₽/90 дн; показов рекламы 60 за окно при ставке 22 ₽"
2708833398,6472,"Фотобарабаны DR-512 для принтеров Konica Minolta Bizhub C224, Bizhub C284",True,20.93,1,от 10000 до 500 тыс,84,3,3.57,23.2,69.56,95,0.0,0.0,,0.0,17,2,51.37,0.0,0.0,276,114,0,0,56.6666666666666667,34,281,0,3316,6,0,0,1,16160.0000,2,32425.0000,2,0,0.0,2026-06-08,71,0,18289.0,,23.41,12.8,4281.86,0.0565,190.4,80.6,59.7,ad_eater,E2,"3 кликов, 0 рекламных заказов; но сам продаёт 16 160 ₽/90 дн; показов рекламы 84 за окно при ставке 21 ₽"
1897483756,5863,"Картриджи 842561-842564 для принтеров Ricoh IM C2010, IM C2510H",True,19.33,1,от 10000 до 500 тыс,33,2,6.06,11.3,22.54,31,0.0,0.0,,0.0,16,2,22.54,0.0,0.0,5866,57,0,0,45.3333333333333333,38,96,0,8789,6,1,15970.0000,1,15970.0000,1,15970.0000,1,0,0.0,2026-08-07,11,0,16579.0,,23.01,12.4,3815.47,0.0565,168.8,69.4,50.1,ad_eater,E2,"2 кликов, 0 рекламных заказов; но сам продаёт 15 970 ₽/90 дн; показов рекламы 33 за окно при ставке 19 ₽"
3785889196,6600,Картриджи TK-5480 для принтеров Kyocera ECOSYS MA2101cfx,True,12.89,1,Эксперимент1,79,5,6.33,8.2,41.11,56,0.0,0.0,,0.0,3,1,25.54,0.0,0.0,0,0,0,0,,,0,0,0,0,0,0,1,15273.0000,1,15273.0000,1,0,0.0,2026-06-03,76,0,14709.0,,23.56,13.0,3465.54,0.0565,154.3,66.5,53.6,ad_eater,E2,"5 кликов, 0 рекламных заказов; но сам продаёт 15 273 ₽/90 дн; показов рекламы 79 за окно при ставке 13 ₽"
1153214505,0397,Картридж Q5951A для принтеров HP и Color LaserJet 4700 голубой,True,12.89,1,Эксперимент1,91,0,0.0,,0.0,0,0.0,0.0,,,18,0,0.0,0.0,0.0,41,37,0,0,42.0000000000000000,18,93,0,5582,7,0,0,1,15119.0000,1,15119.0000,1,0,0.0,2026-06-21,58,0,,,,,,0.0676,,,,no_impressions,S1,показов рекламы 91 за окно при ставке 13 ₽
4160033171,7002,"Фотобарабан + картридж DK-1270+TK-1270 для принтеров Kyocera ECOSYS MA4000cifx, MA4000cix черный",True,21.96,1,Вне РК — спрос без рекламы (08.08),53,1,1.89,15.8,15.84,22,0.0,0.0,,0.0,9,1,15.84,0.0,0.0,3607,123,0,8905,47.0000000000000000,17,123,0,3607,4,1,15086.0000,1,15086.0000,1,15086.0000,1,0,0.0,2026-07-27,22,0,14729.0,,20.49,9.9,3018.62,0.0565,129.0,40.8,18.8,ad_eater,E2,"1 кликов, 0 рекламных заказов; но сам продаёт 15 086 ₽/90 дн; показов рекламы 53 за окно при ставке 22 ₽"
1155651345,3910,"Картридж W2031A для принтеров HP Color LaserJet M454dn, LJ Pro M454dw, M480f, M479dw, M479fdw голубой",True,13.0,1,от 2000 до 5000,75,0,0.0,,0.0,0,0.0,0.0,,,21,0,0.0,0.0,0.0,593,65,0,0,87.0000000000000000,64,102,0,695,7,1,2723.0000,5,15047.0000,5,15047.0000,4,0,0.0,2026-07-27,22,0,,,,,,0.0676,,,,no_impressions,S1,показов рекламы 75 за окно при ставке 13 ₽
866443918,2146,"Картридж SP4500HE для принтеров Ricoh SP 4510DN, SP 4510SF черный",True,20.93,1,от 2000 до 5000,81,0,0.0,,0.0,0,0.0,0.0,,,20,0,0.0,0.0,0.0,10846,62,0,0,55.0000000000000000,28,132,0,14107,7,0,0,6,14798.0000,6,14798.0000,2,0,0.0,2026-06-26,53,0,,,,,,0.0676,,,,no_impressions,S1,показов рекламы 81 за окно при ставке 21 ₽
864225664,1080,"Картридж 006R01519 для принтеров Xerox и WorkCentre 7525, WC 7535, WC 7545 пурпурный",True,20.0,1,от 2000 до 5000,48,1,2.08,13.2,13.16,18,0.0,0.0,,0.0,15,1,13.16,0.0,0.0,1616,59,0,0,57.2500000000000000,46,157,0,2609,7,0,0,4,14189.0000,4,14189.0000,3,0,0.0,2026-06-19,60,0,5396.0,,27.52,16.9,1484.79,0.0394,47.9,25.3,5.3,ad_eater,E2,"1 кликов, 0 рекламных заказов; но сам продаёт 14 189 ₽/90 дн; показов рекламы 48 за окно при ставке 20 ₽"
930640232,2641,"Картридж TN-324Y для принтеров Konica Minolta и Bizhub C258, Bizhub C308 желтый",True,9.0,1,Эксперимент1,91,1,1.1,8.7,8.73,12,1.0,4832.0,0.2,100.0,21,1,8.73,1.0,4832.0,6008,46,0,2920,88.2500000000000000,41,105,0,13973,7,1,4832.0000,3,14079.0000,4,18907.0000,4,0,0.0,2026-08-04,14,0,,,,,,0.0676,,,,no_impressions,S1,показов рекламы 91 за окно при ставке 9 ₽
873320322,3993,"Картридж CE038A для принтеров HP Designjet Z6200, DJ Z6800 красный",True,12.89,1,Эксперимент1,87,0,0.0,,0.0,0,0.0,0.0,,,14,0,0.0,0.0,0.0,2988,53,0,0,68.0000000000000000,11,95,0,6188,6,0,0,2,13978.0000,2,13978.0000,1,0,0.0,2026-07-03,46,0,57045.0,,20.61,10.0,11758.47,0.0565,503.4,161.3,148.4,no_impressions,S1,показов рекламы 87 за окно при ставке 13 ₽
1155651311,3911,"Картридж W2032A для принтеров HP Color LaserJet M454dn, LJ Pro M454dw, M480f, M479dw, M479fdw желтый",True,8.0,1,Эксперимент1,87,0,0.0,,0.0,0,0.0,0.0,,,21,0,0.0,0.0,0.0,311,84,0,0,85.5000000000000000,69,123,0,352,7,0,0,5,13787.0000,5,13787.0000,6,1,16.7,2026-07-11,38,0,3429.0,,30.27,19.7,1038.03,0.0407,35.3,20.5,12.5,bid_up,B,сам продаёт 13 787 ₽/90 дн; показов рекламы 87 за окно при ставке 8 ₽
1129396152,4642,Картридж TNP-51Y для принтеров Konica Minolta Bizhub C3110 желтый,True,12.89,1,Эксперимент1,16,0,0.0,,0.0,0,0.0,0.0,,,7,0,0.0,0.0,0.0,2798,11,0,0,105.3333333333333333,51,25,0,7963,6,2,13770.0000,2,13770.0000,2,13770.0000,1,0,0.0,2026-08-03,15,0,7726.0,,28.47,17.9,2199.61,0.0394,71.5,39.3,26.4,bid_up,B,сам продаёт 13 770 ₽/90 дн; показов рекламы 16 за окно при ставке 13 ₽
2919802361,6652,Фотобарабан + картридж PCM247+THM247 черный,True,12.89,1,Эксперимент1,95,1,1.05,19.2,19.24,26,0.0,0.0,,0.0,22,1,19.24,0.0,0.0,309,113,0,0,33.2500000000000000,20,216,0,529,7,0,0,1,13705.0000,1,13705.0000,1,0,0.0,2026-06-24,55,0,13800.0,,23.21,12.6,3203.01,0.0565,142.1,59.3,46.4,ad_eater,E2,"1 кликов, 0 рекламных заказов; но сам продаёт 13 705 ₽/90 дн; показов рекламы 95 за окно при ставке 13 ₽"
1261574043,5249,"Картридж TK-1200XL для принтеров Kyocera EcoSys M2235, M2735dn, M2835, P2335 черный",True,12.0,1,от 2000 до 5000,81,0,0.0,,0.0,0,0.0,0.0,,,21,0,0.0,0.0,0.0,1424,65,0,0,72.2500000000000000,44,137,0,4110,7,2,6856.0000,4,13624.0000,4,13624.0000,2,0,0.0,2026-07-22,27,0,3645.0,,26.15,15.5,953.31,0.0407,31.4,15.6,3.6,no_impressions,S1,показов рекламы 81 за окно при ставке 12 ₽
930614232,1313,"Картриджи TK-5150 для принтеров Kyocera ECOSYS M6035cdn, M6535cdn, P6135cdn",True,19.33,1,от 10000 до 500 тыс,82,1,1.22,17.3,17.26,24,1.0,13609.0,0.1,100.0,18,0,0.0,0.0,0.0,3338,65,0,8387,41.7500000000000000,22,108,0,3386,7,1,13609.0000,1,13609.0000,1,13609.0000,1,0,0.0,2026-07-30,19,0,,,,,,0.0676,,,,no_impressions,S1,показов рекламы 82 за окно при ставке 19 ₽
930608849,0261,"Фотобарабан 013R00589 DU для принтеров Xerox CopyCentre 133, CopyCentre C118, WC 128, WC-133, WC M118, WC M118i черный",True,19.33,1,от 10000 до 500 тыс,43,0,0.0,,0.0,0,0.0,0.0,,,17,0,0.0,0.0,0.0,53,42,0,0,37.0000000000000000,27,134,0,3020,7,0,0,1,13327.0000,1,13327.0000,1,0,0.0,2026-06-03,76,0,,,,,,0.0676,,,,no_impressions,S1,показов рекламы 43 за окно при ставке 19 ₽
870872126,2247,"Картриджи CF380A-CF383A для принтеров HP Color LaserJet Pro M476dn, LJ Pro M476dw",True,12.0,1,от 5000 до 10000,43,0,0.0,,0.0,0,0.0,0.0,,,13,0,0.0,0.0,0.0,10532,114,0,0,48.7500000000000000,32,147,0,13403,7,0,0,1,13245.0000,1,13245.0000,1,0,0.0,2026-07-01,48,0,14045.0,,23.61,13.0,3316.2,0.0565,147.8,63.5,51.5,no_impressions,S1,показов рекламы 43 за окно при ставке 12 ₽
1143062239,5130,Фотобарабан C612 для принтеров OKI Data C612 голубой,True,9.0,1,Эксперимент1,0,0,,,0,0,0,0,,,0,0,0,0,0,0,0,0,0,,,0,0,0,0,0,0,1,12909.0000,1,12909.0000,1,0,0.0,2026-05-21,89,0,,,,,,0.0676,,,,no_impressions,S0,показов рекламы 0 за окно при ставке 9 ₽
874374199,4272,"Фотобарабан 108R01420 DU для принтеров Xerox Phaser 6510, WC 6515 черный",True,20.93,1,от 10000 до 500 тыс,34,0,0.0,,0.0,0,0.0,0.0,,,16,0,0.0,0.0,0.0,2777,55,0,0,41.0000000000000000,28,105,0,2849,7,0,0,1,12335.1200,1,12335.1200,1,0,0.0,2026-06-18,61,0,14418.0,,25.23,14.6,3637.43,0.0565,164.9,78.3,57.4,no_impressions,S1,показов рекламы 34 за окно при ставке 21 ₽
873312923,3639,"Картриджи TK-5195 для принтеров Kyocera TASKalfa 306, TASKalfa 307",True,20.93,1,от 10000 до 500 тыс,36,1,2.78,1.0,1.0,1,0.0,0.0,,0.0,15,1,1.0,0.0,0.0,78,59,0,0,44.6666666666666667,21,133,0,364,6,0,0,1,12254.0000,1,12254.0000,1,0,0.0,2026-05-25,85,0,14743.0,,24.27,13.7,3578.57,0.0565,160.6,72.5,51.6,ad_eater,E2,"1 кликов, 0 рекламных заказов; но сам продаёт 12 254 ₽/90 дн; показов рекламы 36 за окно при ставке 21 ₽"
873313130,3715,"Картриджи 106R03887-106R03884 для принтеров Xerox VersaLink C500, C505",True,14.5,1,Эксперимент1,95,0,0.0,,0.0,0,0.0,0.0,,,20,0,0.0,0.0,0.0,1026,50,0,0,90.6666666666666667,58,146,0,3958,6,0,0,1,12211.0000,2,24422.0000,2,0,0.0,2026-06-01,78,0,,,,,,0.0676,,,,no_impressions,S1,показов рекламы 95 за окно при ставке 14 ₽
3953680419,6762,"Картридж PG-745XL для принтеров Canon iP2870, iP2872, MG2470, MG2570 черный",True,19.33,1,от 5000 до 10000,0,0,,,0,0,0,0,,,0,0,0,0,0,0,0,0,0,,,0,0,0,0,0,0,2,12152.0000,2,12152.0000,1,0,0.0,2026-06-28,51,0,7027.0,,28.3,17.7,1988.92,0.0394,64.5,35.2,15.9,bid_up,B,сам продаёт 12 152 ₽/90 дн; показов рекламы 0 за окно при ставке 19 ₽
1659447088,5529,"Картридж W1490A для принтеров HP LaserJet Pro 4002, LJ Pro 4102 черный",True,19.33,1,от 2000 до 5000,87,0,0.0,,0.0,0,0.0,0.0,,,21,0,0.0,0.0,0.0,4644,93,0,5518,63.5000000000000000,56,127,0,9938,7,2,7992.0000,3,12084.0000,3,12084.0000,2,0,0.0,2026-07-22,27,0,4199.0,,27.12,16.5,1138.62,0.0407,37.8,19.6,0.3,no_impressions,S1,показов рекламы 87 за окно при ставке 19 ₽
652453602,1377,"Картридж CF218A для принтеров HP LaserJet Pro M104w, LJ M133, LJ M132fw, LJet M104a",True,13.0,1,от 1000-2000,88,1,1.14,25.7,25.72,35,0.0,0.0,,0.0,19,0,0.0,0.0,0.0,193,92,0,2968,60.2500000000000000,50,238,0,11521,7,0,0,7,12012.0000,7,12012.0000,7,1,14.3,2026-07-14,35,1,1858.0,,24.41,13.8,453.55,0.0574,20.7,9.4,-3.6,ad_eater,E2,"1 кликов, 0 рекламных заказов; ставка 13 ₽ > потолка 9.4 ₽; но сам продаёт 12 012 ₽/90 дн; показов рекламы 88 за окно при ставке 13 ₽"
651913959,0024,"Картридж Q6511A для принтеров HP LaserJet 2410, LJ 2420, LJ 2430 черный",True,12.89,1,Эксперимент1,98,0,0.0,,0.0,0,0.0,0.0,,,21,0,0.0,0.0,0.0,131,109,0,0,58.0000000000000000,34,225,0,3895,7,1,4174.0000,3,11933.0000,4,15528.0000,4,0,0.0,2026-07-25,24,0,,,,,,0.0676,,,,no_impressions,S1,показов рекламы 98 за окно при ставке 13 ₽
873319623,3958,"Картридж для HP LaserJet Pro M430f, LJ M406, LJ Pro M304, LJ Pro M404",True,25.77,1,от 2000 до 5000,44,0,0.0,,0.0,0,0.0,0.0,,,19,0,0.0,0.0,0.0,135,63,0,0,90.7500000000000000,77,145,0,1821,7,1,4508.0000,3,11785.0000,3,11785.0000,4,1,25.0,2026-08-12,6,0,,,,,,0.0676,,,,no_impressions,S1,показов рекламы 44 за окно при ставке 26 ₽
3557210030,6318,Картридж W9220MC для принтеров HP Color LJ E78223 черный,True,21.96,1,Вне РК — спрос без рекламы (08.08),9,0,0.0,,0.0,0,0.0,0.0,,,6,0,0.0,0.0,0.0,1112,18,0,0,40.5000000000000000,26,26,0,3794,6,0,0,1,11700.0000,1,11700.0000,2,1,50.0,2026-06-19,60,0,17222.0,,24.11,13.5,4152.52,0.0565,186.1,82.8,60.8,no_impressions,S1,показов рекламы 9 за окно при ставке 22 ₽
930616580,0755,"Картридж CE273A для принтеров HP Color LaserJet CP5520, LJ-CP5525 пурпурный",True,12.89,1,Эксперимент1,75,0,0.0,,0.0,0,0.0,0.0,,,20,0,0.0,0.0,0.0,3311,53,0,0,77.5000000000000000,40,96,0,5499,7,0,0,1,11676.0000,1,11676.0000,1,0,0.0,2026-07-01,48,0,13377.0,,24.11,13.5,3225.29,0.0565,144.5,64.3,51.4,no_impressions,S1,показов рекламы 75 за окно при ставке 13 ₽
1155648923,0264,Картридж 106R01413 для принтеров Xerox WorkCentre 5222 черный,True,20.93,1,от 2000 до 5000,25,0,0.0,,0.0,0,0.0,0.0,,,13,0,0.0,0.0,0.0,2969,42,0,0,64.0000000000000000,31,135,0,8236,7,1,3885.0000,3,11575.0000,3,11575.0000,4,1,25.0,2026-08-07,11,0,4301.0,,28.98,18.4,1246.58,0.0407,42.0,23.4,2.5,bid_up,B,сам продаёт 11 575 ₽/90 дн; показов рекламы 25 за окно при ставке 21 ₽
1064611902,4752,"Фотобарабан C-EXV59 для принтеров Canon imageRUNNER 2625i, iR 2630i, iR 2645i черный",True,20.93,1,от 10000 до 500 тыс,44,0,0.0,,0.0,0,0.0,0.0,,,17,0,0.0,0.0,0.0,44,32,0,0,114.5000000000000000,68,122,0,164,7,0,0,1,11437.0000,1,11437.0000,1,0,0.0,2026-05-29,81,0,,,,,,0.0676,,,,no_impressions,S1,показов рекламы 44 за окно при ставке 21 ₽
1760574650,5768,"Картридж W2301X для принтеров HP Color LaserJet Pro 4203cdn, 4303dw голубой",True,21.96,1,Вне РК — спрос без рекламы (08.08),26,0,0.0,,0.0,0,0.0,0.0,,,7,0,0.0,0.0,0.0,2669,66,0,0,52.2500000000000000,36,129,0,2740,7,0,0,2,11081.8200,2,11081.8200,2,0,0.0,2026-07-08,41,0,6301.0,,30.02,19.4,1891.82,0.0394,62.1,35.8,13.8,bid_up,B,сам продаёт 11 082 ₽/90 дн; показов рекламы 26 за окно при ставке 22 ₽
1153738147,1984,"Картридж 006R01225 для принтеров Xerox DC240, DC250, WC7655, WC7665 пурпурный",True,12.0,1,Пустые РК,61,0,0.0,,0.0,0,0.0,0.0,,,19,0,0.0,0.0,0.0,5857,72,0,0,80.5000000000000000,46,119,0,10575,7,0,0,1,11074.0000,1,11074.0000,1,0,0.0,2026-07-08,41,0,11410.0,,23.93,13.3,2730.36,0.0565,122.1,53.5,41.5,no_impressions,S1,показов рекламы 61 за окно при ставке 12 ₽
1163041075,1983,"Картридж 006R01224 для принтеров Xerox DC240, DC250, WC7655, WC7665 желтый",True,12.0,1,Пустые РК,45,0,0.0,,0.0,0,0.0,0.0,,,19,0,0.0,0.0,0.0,3612,59,0,0,97.7500000000000000,75,109,0,5479,7,0,0,1,11074.0000,1,11074.0000,1,0,0.0,2026-07-08,41,0,,,,,,0.0676,,,,no_impressions,S1,показов рекламы 45 за окно при ставке 12 ₽
1163045998,1985,"Картридж 006R01226 для принтеров Xerox DC240, DC250, WC7655, WC7665 голубой",True,12.0,1,Пустые РК,55,0,0.0,,0.0,0,0.0,0.0,,,20,0,0.0,0.0,0.0,4570,68,0,0,71.2500000000000000,43,128,0,4632,7,0,0,1,11074.0000,1,11074.0000,1,0,0.0,2026-07-08,41,0,,,,,,0.0676,,,,no_impressions,S1,показов рекламы 55 за окно при ставке 12 ₽
1760605509,5770,"Картридж W2303X для принтеров HP Color LaserJet Pro 4203cdn, 4303dw пурпурный",True,21.96,1,Вне РК — спрос без рекламы (08.08),57,0,0.0,,0.0,0,0.0,0.0,,,7,0,0.0,0.0,0.0,2681,76,0,0,58.2500000000000000,35,133,0,5644,7,0,0,2,11039.8200,4,22712.8200,4,0,0.0,2026-07-08,41,0,6301.0,,30.66,20.1,1932.01,0.0394,63.7,37.5,15.5,bid_up,B,сам продаёт 11 040 ₽/90 дн; показов рекламы 57 за окно при ставке 22 ₽
930631215,1194,Картридж CF300A для принтеров HP Color LJ Flow M880z черный,True,12.89,1,Эксперимент1,37,0,0.0,,0.0,0,0.0,0.0,,,14,0,0.0,0.0,0.0,1128,35,0,0,81.0000000000000000,49,50,0,2059,7,1,10939.0000,1,10939.0000,1,10939.0000,1,0,0.0,2026-08-05,13,0,13293.0,,25.1,14.5,3336.38,0.0565,151.1,71.4,58.5,no_impressions,S1,показов рекламы 37 за окно при ставке 13 ₽
904484199,3966,"Картридж 46471107 для принтеров OKI Data C823, Data C833 голубой",True,12.89,1,Эксперимент1,76,0,0.0,,0.0,0,0.0,0.0,,,21,0,0.0,0.0,0.0,34,32,0,0,85.2500000000000000,7,61,0,2899,7,0,0,1,10758.0000,1,10758.0000,1,0,0.0,2026-05-26,84,0,8320.0,,27.31,16.7,2272.35,0.0394,73.2,38.4,25.5,no_impressions,S1,показов рекламы 76 за окно при ставке 13 ₽
1760597241,5769,"Картридж W2302X для принтеров HP Color LaserJet Pro 4203cdn, 4303dw желтый",True,21.96,1,Вне РК — спрос без рекламы (08.08),25,0,0.0,,0.0,0,0.0,0.0,,,7,0,0.0,0.0,0.0,2685,60,0,0,63.2500000000000000,46,130,0,5440,7,0,0,2,10704.8200,3,14999.8200,3,0,0.0,2026-07-08,41,0,6301.0,,29.78,19.2,1876.48,0.0394,61.5,35.3,13.3,bid_up,B,сам продаёт 10 705 ₽/90 дн; показов рекламы 25 за окно при ставке 22 ₽
5322433640,2638X2,"Комплект картриджей TN-324BK (2 шт.) на 56000 страниц для принтеров Konica Minolta Bizhub C258, Bizhub C308",True,21.96,1,Бандлы x2/x6 — старт (08.08),23,0,0.0,,0.0,0,0.0,0.0,,,9,0,0.0,0.0,0.0,3399,8,0,0,23.0000000000000000,23,8,0,3399,1,1,10522.0000,1,10522.0000,1,10522.0000,1,0,0.0,2026-08-06,12,0,10501.0,,37.9,27.3,3979.78,0.0565,195.3,132.4,110.4,bid_up,B,сам продаёт 10 522 ₽/90 дн; позиция 23 при спросе 3 399; показов рекламы 23 за окно при ставке 22 ₽
653450896,2412,"Картридж TK-8115C для принтеров Kyocera и Ecosys M8124cidn, M8130cidn голубой",True,19.33,1,от 2000 до 5000,48,0,0.0,,0.0,0,0.0,0.0,,,20,0,0.0,0.0,0.0,394,78,0,0,86.0000000000000000,51,214,0,1409,7,2,6776.0000,3,10492.0000,4,12991.0000,4,0,0.0,2026-08-07,11,0,3942.0,,29.36,18.8,1157.5,0.0407,39.1,22.1,2.8,bid_up,B,сам продаёт 10 492 ₽/90 дн; показов рекламы 48 за окно при ставке 19 ₽
4527378721,45429,Картридж для HP Laser 137FNW MFP,True,8.0,1,Эксперимент1,77,1,1.3,1.0,1.0,1,0.0,0.0,,0.0,21,1,1.0,0.0,0.0,157,127,0,0,77.5000000000000000,42,242,0,4003,7,0,0,4,10282.0000,4,10282.0000,4,1,25.0,2026-07-10,39,0,3376.0,,30.9,20.3,1043.3,0.0407,35.6,21.0,13.0,ad_eater,E2,"1 кликов, 0 рекламных заказов; но сам продаёт 10 282 ₽/90 дн; показов рекламы 77 за окно при ставке 8 ₽"
3535729644,6414,Картридж TK-5490B для принтеров Kyocera ECOSYS MA2101cfx черный,True,12.89,1,Эксперимент1,0,0,,,0,0,0,0,,,0,0,0,0,0,0,0,0,0,,,0,0,0,0,0,0,2,10282.0000,2,10282.0000,1,0,0.0,2026-05-28,82,0,7517.0,,28.25,17.6,2123.58,0.0394,68.9,37.3,24.4,bid_up,B,сам продаёт 10 282 ₽/90 дн; показов рекламы 0 за окно при ставке 13 ₽
904485635,3691,"Картридж 728XXL для принтеров HP DesignJet T730, DJ T830 пурпурный",True,12.0,1,от 5000 до 10000,74,0,0.0,,0.0,0,0.0,0.0,,,20,0,0.0,0.0,0.0,6556,93,0,0,104.2500000000000000,63,203,0,9529,7,0,0,1,10054.0000,1,10054.0000,1,0,0.0,2026-07-01,48,0,,,,,,0.0676,,,,no_impressions,S1,показов рекламы 74 за окно при ставке 12 ₽
1719237131,5404,"Картридж 057H для принтеров Canon i-SENSYS LBP 223, LBP 225, MF 443dw, MF 445dw черный",True,21.96,1,Вне РК — спрос без рекламы (08.08),30,0,0.0,,0.0,0,0.0,0.0,,,9,0,0.0,0.0,0.0,1642,30,0,0,104.2500000000000000,35,59,0,1689,7,0,0,3,9903.0000,3,9903.0000,1,0,0.0,2026-06-11,68,0,4132.0,,29.27,18.7,1209.37,0.0407,40.8,23.0,1.0,no_impressions,S1,показов рекламы 30 за окно при ставке 22 ₽
2262639321,6251,"Картридж W2221A для принтеров HP Color LaserJet Pro 3203, LJ Pro 3288 голубой",True,8.0,1,Эксперимент1,68,0,0.0,,0.0,0,0.0,0.0,,,22,0,0.0,0.0,0.0,4227,72,0,0,68.7500000000000000,39,108,0,4287,7,0,0,1,9862.0000,1,9862.0000,1,0,0.0,2026-07-06,43,0,9052.0,,25.84,15.2,2339.38,0.0394,74.3,36.4,28.4,no_impressions,S1,показов рекламы 68 за окно при ставке 8 ₽
2262640363,6252,"Картридж W2222A для принтеров HP Color LaserJet Pro 3203, LJ Pro 3288 желтый",True,8.0,1,Эксперимент1,90,0,0.0,,0.0,0,0.0,0.0,,,22,0,0.0,0.0,0.0,12392,62,0,0,102.0000000000000000,53,109,0,14385,7,0,0,1,9862.0000,1,9862.0000,1,0,0.0,2026-07-06,43,0,9052.0,,25.84,15.2,2339.38,0.0394,74.3,36.4,28.4,no_impressions,S1,показов рекламы 90 за окно при ставке 8 ₽
2262641011,6253,"Картридж W2223A для принтеров HP Color LaserJet Pro 3203, LJ Pro 3288 пурпурный",True,12.0,1,от 5000 до 10000,17,0,0.0,,0.0,0,0.0,0.0,,,10,0,0.0,0.0,0.0,7668,37,0,0,111.0000000000000000,72,74,0,10564,7,0,0,1,9862.0000,1,9862.0000,1,0,0.0,2026-07-06,43,0,9052.0,,25.84,15.2,2339.38,0.0394,74.3,36.4,24.4,no_impressions,S1,показов рекламы 17 за окно при ставке 12 ₽
930613370,0808,"Картридж CE410A для принтеров HP Color LaserJet Pro 300 M351a, M375nw, HP M451dn, HP-M451dw, HPM451nw, HP MFP M475dn черный",True,12.0,1,от 1000-2000,71,2,2.82,6.2,12.31,17,0.0,0.0,,0.0,22,0,0.0,0.0,0.0,6643,137,0,0,60.0000000000000000,46,338,0,7502,7,0,0,8,9859.0000,10,12391.0000,9,0,0.0,2026-07-12,37,0,,,,,,0.0676,,,,ad_eater,E2,"2 кликов, 0 рекламных заказов; но сам продаёт 9 859 ₽/90 дн; показов рекламы 71 за окно при ставке 12 ₽"
1153657157,1670,"Фотобарабан 4519313 DU для принтеров Konica Minolta PagePro 1300, PagePro1350W черный",True,19.33,1,от 5000 до 10000,70,3,4.29,14.0,42.04,57,0.0,0.0,,0.0,14,0,0.0,0.0,0.0,5391,137,0,0,29.5000000000000000,10,219,0,5502,7,0,0,1,9594.0000,1,9594.0000,2,1,50.0,2026-07-13,36,0,9192.0,,24.11,13.5,2216.48,0.0394,69.2,30.8,11.5,ad_eater,E4,"3 кликов, 0 рекламных заказов; отмены 50.0 %; показов рекламы 70 за окно при ставке 19 ₽"
864225062,0974,"Картриджи 88XL для принтеров HP OfficeJet Pro K5400, OfficeJet Pro K550",True,20.93,1,от 2000 до 5000,74,0,0.0,,0.0,0,0.0,0.0,,,21,0,0.0,0.0,0.0,8608,114,0,0,56.6666666666666667,45,358,0,9156,6,0,0,3,9444.0000,3,9444.0000,3,0,0.0,2026-06-20,59,0,3926.0,,29.87,19.3,1172.71,0.0407,39.7,22.8,1.9,bid_up,B,сам продаёт 9 444 ₽/90 дн; показов рекламы 74 за окно при ставке 21 ₽
4451994028,02772,Картридж для Samsung ML-2950,True,12.89,1,Эксперимент1,92,0,0.0,,0.0,0,0.0,0.0,,,22,0,0.0,0.0,0.0,3382,37,0,0,85.2500000000000000,48,121,0,9116,7,0,0,3,9389.0000,3,9389.0000,3,0,0.0,2026-06-24,55,0,3782.0,,32.54,21.9,1230.73,0.0407,42.4,26.0,13.1,bid_up,B,сам продаёт 9 389 ₽/90 дн; показов рекламы 92 за окно при ставке 13 ₽
930617286,2371,"Картридж MP-2014H для принтеров Ricoh Aficio MP-2014D, IM 2701, IM-2702",True,12.89,1,Эксперимент1,78,0,0.0,,0.0,0,0.0,0.0,,,20,0,0.0,0.0,0.0,2351,37,0,0,36.0000000000000000,34,106,0,2467,7,1,3021.0000,4,9322.0000,6,13536.0000,4,0,0.0,2026-08-06,12,0,,,,,,0.0676,,,,no_impressions,S1,показов рекламы 78 за окно при ставке 13 ₽
5322475969,5309X6,"Комплект тонера TN-420H (6 шт.) на 18000 страниц для принтеров M6700D, M6800FDW, M7100DN, M7200FD, M7300FDN, P3010D, P3300DN",True,21.96,1,Бандлы x2/x6 — старт (08.08),8,0,0.0,,0.0,0,0.0,0.0,,,5,0,0.0,0.0,0.0,17,12,0,0,91.0000000000000000,91,12,0,17,1,1,9310.0000,1,9310.0000,1,9310.0000,1,0,0.0,2026-08-07,11,0,9310.0,,45.02,34.4,4190.91,0.0394,146.8,107.9,85.9,bid_up,B,сам продаёт 9 310 ₽/90 дн; показов рекламы 8 за окно при ставке 22 ₽
1261466769,4749,"Картридж W1470X для принтеров HP LaserJet M610dn, M611dn, M634dn, M634h черный",True,20.93,2,от 5000 до 10000 / Эксперимент1,69,1,1.45,8.0,7.99,11,0.0,0.0,,0.0,20,1,7.99,0.0,0.0,6447,62,0,0,78.7500000000000000,54,137,0,11306,7,0,0,1,9215.0000,1,9215.0000,1,0,0.0,2026-06-29,50,0,9354.0,,25.97,15.4,2428.78,0.0394,77.3,38.3,17.4,ad_eater,E2,"1 кликов, 0 рекламных заказов; но сам продаёт 9 215 ₽/90 дн; показов рекламы 69 за окно при ставке 21 ₽"
3557209600,6441,"Картридж C-EXV64 для принтеров Canon imageRUNNER ADVANCE C3922, imageRUNNERC3926 черный",True,12.0,1,от 5000 до 10000,41,0,0.0,,0.0,0,0.0,0.0,,,16,0,0.0,0.0,0.0,1044,64,0,0,72.0000000000000000,26,179,0,4413,7,0,0,1,9214.0000,1,9214.0000,1,0,0.0,2026-07-13,36,0,9942.0,,25.28,14.7,2512.91,0.0394,79.5,38.0,26.0,no_impressions,S1,показов рекламы 41 за окно при ставке 12 ₽
1155649247,0765,Картридж CB380A для принтеров HP Color LaserJet CP6015N черный,True,12.0,1,от 5000 до 10000,25,0,0.0,,0.0,0,0.0,0.0,,,13,0,0.0,0.0,0.0,4295,28,0,0,76.0000000000000000,44,59,0,11933,7,0,0,1,9124.0000,1,9124.0000,1,0,0.0,2026-07-14,35,0,9835.0,,24.17,13.6,2377.35,0.0394,74.3,33.3,21.3,no_impressions,S1,показов рекламы 25 за окно при ставке 12 ₽
874373534,4534,"Картридж №981 для принтеров HP PageWide Color 556, PW Color MFP 586 dn пурпурный",True,20.93,1,от 5000 до 10000,35,0,0.0,,0.0,0,0.0,0.0,,,14,0,0.0,0.0,0.0,4971,23,0,0,69.0000000000000000,24,50,0,10590,7,0,0,1,9081.0000,1,9081.0000,1,0,0.0,2026-05-27,83,0,,,,,,0.0676,,,,no_impressions,S1,показов рекламы 35 за окно при ставке 21 ₽
4777815004,7051,Картридж PFI-5100MBK для принтеров Canon imagePROGRAF PRO-310 черный матовый,True,12.0,2,от 2000 до 5000 / Эксперимент1,0,0,,,0,0,0,0,,,0,0,0,0,0,0,0,0,0,,,0,0,0,0,0,0,2,9064.0000,2,9064.0000,1,0,0.0,2026-06-24,55,0,4532.0,,,,,0.0407,,,,no_impressions,S0,показов рекламы 0 за окно при ставке 12 ₽
1153736828,1982,"Картридж 006R01223 для принтеров Xerox DC240, DC250, WC7655, WC7665 черный",True,8.0,1,Эксперимент1,66,0,0.0,,0.0,0,0.0,0.0,,,20,0,0.0,0.0,0.0,7134,63,0,0,76.0000000000000000,66,114,0,11094,7,0,0,1,9036.0000,1,9036.0000,1,0,0.0,2026-07-08,41,0,10431.0,,23.76,13.2,2478.57,0.0565,110.6,48.4,40.4,no_impressions,S1,показов рекламы 66 за окно при ставке 8 ₽
652554832,1193,"Картридж CF287X для принтеров HP LJ M506dn, LJ-M506x, LJ M527c, LJM527dn черный",True,19.33,2,от 2000 до 5000 / Эксперимент1,61,0,0.0,,0.0,0,0.0,0.0,,,18,0,0.0,0.0,0.0,4480,34,0,0,85.2500000000000000,53,91,0,4552,7,0,0,2,8922.0000,2,8922.0000,1,0,0.0,2026-06-03,76,0,,,,,,0.0676,,,,no_impressions,S1,показов рекламы 61 за окно при ставке 19 ₽
1153731408,1995,"Фотобарабан DR-311C DU для принтеров Konica Minolta Bizhub C220, Bizhub C280 цветной",True,19.33,1,от 5000 до 10000,62,1,1.61,5.8,5.81,8,0.0,0.0,,0.0,21,0,0.0,0.0,0.0,4194,64,0,0,71.5000000000000000,29,131,0,5929,7,0,0,1,8919.0000,1,8919.0000,1,0,0.0,2026-05-25,85,0,10654.0,,24.87,14.3,2649.22,0.0565,119.7,56.0,36.7,ad_eater,E2,"1 кликов, 0 рекламных заказов; но сам продаёт 8 919 ₽/90 дн; показов рекламы 62 за окно при ставке 19 ₽"
5260010622,3669X2,Комплект картриджей 106R03765 (2 шт.) на 21400 страниц для принтеров Xerox VersaLink C7000,True,21.96,1,Бандлы x2/x6 — старт (08.08),22,0,0.0,,0.0,0,0.0,0.0,,,6,0,0.0,0.0,0.0,3405,9,0,0,149.0000000000000000,46,9,0,3405,2,1,8884.0000,1,8884.0000,1,8884.0000,1,0,0.0,2026-08-11,7,0,8649.0,,37.74,27.1,3263.76,0.0394,111.6,75.3,53.3,bid_up,B,сам продаёт 8 884 ₽/90 дн; показов рекламы 22 за окно при ставке 22 ₽
873320543,3801,"Картридж №913A BK для принтеров HP PageWide 377, PW Color 352, PW Pro 452, PW Pro 477 черный",True,20.0,1,от 2000 до 5000,37,0,0.0,,0.0,0,0.0,0.0,,,18,0,0.0,0.0,0.0,159,42,0,0,53.0000000000000000,25,155,0,652,7,0,0,2,8845.0000,2,8845.0000,2,0,0.0,2026-06-18,61,0,5440.0,,28.46,17.9,1548.14,0.0394,50.3,27.7,7.7,bid_up,B,сам продаёт 8 845 ₽/90 дн; показов рекламы 37 за окно при ставке 20 ₽
873320481,3745,"Картридж 408184 для принтеров Ricoh Aficio SPC360, SPC361 черный",True,20.93,1,от 2000 до 5000,54,1,1.85,13.7,13.72,19,0.0,0.0,,0.0,17,0,0.0,0.0,0.0,13474,53,0,0,57.7500000000000000,20,107,0,15942,7,0,0,2,8564.0000,2,8564.0000,2,0,0.0,2026-06-05,74,0,4998.0,,28.14,17.5,1406.21,0.0407,47.1,25.4,4.5,ad_eater,E2,"1 кликов, 0 рекламных заказов; но сам продаёт 8 564 ₽/90 дн; показов рекламы 54 за окно при ставке 21 ₽"
930633557,1195,Картридж CF301A для принтеров HP и Color LJ Flow M880z голубой,True,12.89,1,Эксперимент1,63,1,1.59,10.3,10.29,14,0.0,0.0,,0.0,17,1,10.29,0.0,0.0,24,23,0,0,68.7500000000000000,21,71,0,4703,7,0,0,1,8542.0000,1,8542.0000,1,0,0.0,2026-06-05,74,0,10863.0,,24.9,14.3,2705.03,0.0565,122.2,57.1,44.2,ad_eater,E2,"1 кликов, 0 рекламных заказов; но сам продаёт 8 542 ₽/90 дн; показов рекламы 63 за окно при ставке 13 ₽"
1261503614,4722,Картридж MPC2503 для принтеров Ricoh Aficio MPC2003 пурпурный,True,12.0,1,от 5000 до 10000,12,0,0.0,,0.0,0,0.0,0.0,,,8,0,0.0,0.0,0.0,7624,13,0,0,136.5000000000000000,47,13,0,7624,2,1,8523.0000,1,8523.0000,1,8523.0000,1,0,0.0,2026-07-20,29,0,8290.0,,25.96,15.4,2151.79,0.0394,68.5,34.0,22.0,no_impressions,S1,показов рекламы 12 за окно при ставке 12 ₽
1129396126,4641,Картридж TNP-51K для принтеров Konica Minolta Bizhub C3110 черный,True,12.89,1,Эксперимент1,68,0,0.0,,0.0,0,0.0,0.0,,,13,0,0.0,0.0,0.0,6486,67,0,0,45.3333333333333333,31,171,0,7011,6,0,0,1,8441.0000,1,8441.0000,1,0,0.0,2026-06-29,50,0,8650.0,,26.6,16.0,2301.25,0.0394,73.6,37.5,24.6,no_impressions,S1,показов рекламы 68 за окно при ставке 13 ₽
930619246,2037,"Картридж TN-512K для принтеров Konica Minolta Bizhub C454, Bizhub C554 черный",True,12.0,2,от 2000 до 5000 / Эксперимент1,77,0,0.0,,0.0,0,0.0,0.0,,,19,0,0.0,0.0,0.0,2601,44,0,0,66.0000000000000000,37,114,0,5904,7,0,0,2,8438.0000,2,8438.0000,2,0,0.0,2026-07-07,42,0,5538.0,,-2.63,-13.2,-145.83,0.0394,-16.7,-39.7,-51.7,no_impressions,S1,показов рекламы 77 за окно при ставке 12 ₽
930621549,1711,"Картридж TK-8600K для принтеров Kyocera FS-C8600DN, FS-C8650DNi черный",True,12.89,1,Эксперимент1,94,0,0.0,,0.0,0,0.0,0.0,,,17,0,0.0,0.0,0.0,7460,36,0,5555,52.2500000000000000,27,51,0,12151,7,1,8394.0000,1,8394.0000,1,8394.0000,1,0,0.0,2026-07-22,27,0,,,,,,0.0676,,,,no_impressions,S1,показов рекламы 94 за окно при ставке 13 ₽
1769210385,5617,"Картриджи 653 для принтеров HP DeskJet 2630, DeskJet2632, DJ 6075, DJ 6475, Envy 5055 All-in-One, OfficeJet 3830, OfficeJet3831",True,21.96,1,Вне РК — спрос без рекламы (08.08),44,1,2.27,15.3,15.32,21,0.0,0.0,,0.0,10,1,15.32,0.0,0.0,52,42,0,0,103.3333333333333333,51,92,0,2988,6,0,0,1,8324.0000,1,8324.0000,1,0,0.0,2026-06-03,76,0,10387.0,,25.54,14.9,2652.62,0.0565,120.6,58.1,36.1,ad_eater,E2,"1 кликов, 0 рекламных заказов; но сам продаёт 8 324 ₽/90 дн; показов рекламы 44 за окно при ставке 22 ₽"
1586847014,5499,"Картридж 842454 для принтеров Ricoh IM C2500, IM-C2000 черный",True,12.0,2,от 2000 до 5000 / Эксперимент1,92,2,2.17,10.3,20.55,28,0.0,0.0,,0.0,19,1,1.0,0.0,0.0,10077,91,0,0,44.7500000000000000,19,202,0,15117,7,0,0,2,8266.0000,2,8266.0000,2,0,0.0,2026-07-08,41,0,5292.0,,31.01,20.4,1641.04,0.0394,54.2,32.1,20.1,ad_eater,E2,"2 кликов, 0 рекламных заказов; но сам продаёт 8 266 ₽/90 дн; показов рекламы 92 за окно при ставке 12 ₽"
930613714,2294,"Картридж 045H BK для принтеров Canon и i-SENSYS LBP611, LBP613, MF631cn, MF633Cdw черный",True,8.0,1,Эксперимент1,63,0,0.0,,0.0,0,0.0,0.0,,,21,0,0.0,0.0,0.0,204,66,0,0,125.2500000000000000,89,210,0,3494,7,0,0,3,8121.0000,3,8121.0000,3,0,0.0,2026-06-24,55,0,3794.0,,11.19,0.6,424.57,0.0407,9.6,-6.8,-14.8,no_impressions,S1,показов рекламы 63 за окно при ставке 8 ₽
1261505490,4721,Картридж MPC2503 для принтеров Ricoh Aficio MPC2003 желтый,True,8.0,1,Эксперимент1,65,0,0.0,,0.0,0,0.0,0.0,,,22,0,0.0,0.0,0.0,1073,27,0,0,49.0000000000000000,21,67,0,2947,7,1,8076.0000,1,8076.0000,1,8076.0000,1,0,0.0,2026-07-20,29,0,8209.0,,25.93,15.3,2128.76,0.0394,67.7,33.3,25.3,no_impressions,S1,показов рекламы 65 за окно при ставке 8 ₽
5251829505,2411X2,"Комплект тонер-картриджей TK-8115BK (2 шт.) на 24000 страниц для принтеров Kyocera Ecosys M8124cidn, M8130cidn",True,21.96,1,Бандлы x2/x6 — старт (08.08),30,0,0.0,,0.0,0,0.0,0.0,,,9,0,0.0,0.0,0.0,31,15,0,0,239.0000000000000000,71,15,0,31,2,1,8066.0000,1,8066.0000,1,8066.0000,1,0,0.0,2026-07-30,19,0,8081.0,,38.74,28.1,3130.35,0.0394,107.4,73.6,51.6,bid_up,B,сам продаёт 8 066 ₽/90 дн; показов рекламы 30 за окно при ставке 22 ₽
863385712,5313,"Картридж C7115A для принтеров HP HP LaserJet 1200, LJ 1220, LJ 3300, LJ 3310",True,19.33,1,от 2000 до 5000,42,0,0.0,,0.0,0,0.0,0.0,,,16,0,0.0,0.0,0.0,2671,88,0,0,71.5000000000000000,41,291,0,8830,7,0,0,3,8043.0000,6,16170.0000,5,0,0.0,2026-06-28,51,0,,,,,,0.0676,,,,no_impressions,S1,показов рекламы 42 за окно при ставке 19 ₽
873314121,3614,"Картридж CF289A для принтеров HP LaserJet M507, LJ M528 черный",True,8.0,1,Эксперимент1,65,0,0.0,,0.0,0,0.0,0.0,,,18,0,0.0,0.0,0.0,7814,49,0,0,50.0000000000000000,46,64,0,7830,7,0,0,4,8032.0000,4,8032.0000,1,0,0.0,2026-07-07,42,0,,,,,,0.0676,,,,no_impressions,S1,показов рекламы 65 за окно при ставке 8 ₽
930607919,2894,"Картридж 842125 для принтеров Ricoh Aficio MP 3055, 2555, 3054, 3355, 3554, 3555, MP 2554, 3554",True,15.0,1,от 2000 до 5000,60,0,0.0,,0.0,0,0.0,0.0,,,22,0,0.0,0.0,0.0,3385,78,0,0,43.5000000000000000,31,172,0,3631,7,0,0,2,7989.0000,3,12028.0000,3,0,0.0,2026-07-02,47,0,,,,,,0.0676,,,,no_impressions,S1,показов рекламы 60 за окно при ставке 15 ₽
1163041193,2113,"Картридж MX23GTMA для принтеров Sharp MX-1810U, MX 2010U, MX2310U, MX-2314, MX2614, MX 3110U, MX 3114 пурпурный",True,8.0,1,Эксперимент1,93,0,0.0,,0.0,0,0.0,0.0,,,22,0,0.0,0.0,0.0,1381,61,0,0,63.0000000000000000,53,103,0,1560,7,0,0,1,7985.0000,1,7985.0000,1,0,0.0,2026-07-06,43,0,8099.0,,24.57,14.0,1989.75,0.0394,62.5,28.7,20.7,no_impressions,S1,показов рекламы 93 за окно при ставке 8 ₽
4480825295,08602,Картридж для Kyocera TASKalfa 3501i,True,12.89,1,Эксперимент1,59,1,1.69,6.8,6.84,9,0.0,0.0,,0.0,19,0,0.0,0.0,0.0,991,24,0,0,105.5000000000000000,8,36,0,1003,7,0,0,1,7943.0000,1,7943.0000,1,0,0.0,2026-06-15,64,0,9225.0,,24.58,14.0,2267.28,0.0394,71.2,32.7,19.8,ad_eater,E2,"1 кликов, 0 рекламных заказов; но сам продаёт 7 943 ₽/90 дн; показов рекламы 59 за окно при ставке 13 ₽"
930614199,1761,"Фотобарабан 44574307 DU для принтеров OKI B401dn, MB441dn, MB451dw черный",True,8.0,1,Эксперимент1,52,0,0.0,,0.0,0,0.0,0.0,,,20,0,0.0,0.0,0.0,5475,48,0,0,43.0000000000000000,29,98,0,10365,7,1,7787.0000,1,7787.0000,3,18317.0000,3,0,0.0,2026-08-11,7,0,,,,,,0.0676,,,,no_impressions,S1,показов рекламы 52 за окно при ставке 8 ₽
653422857,2636,"Картридж TN-221Y для принтеров Konica Minolta и Bizhub C227, Bizhub C287 желтый",True,8.0,1,Эксперимент1,73,2,2.74,8.5,17.02,23,2.0,7662.0,0.2,100.0,20,2,17.02,2.0,7662.0,12678,35,0,0,104.0000000000000000,89,69,0,12723,7,2,7662.0000,2,7662.0000,3,11808.0000,3,0,0.0,2026-08-14,4,0,,,,,,0.0676,,,,no_impressions,S1,показов рекламы 73 за окно при ставке 8 ₽
863386008,5339,"Картридж Q7553A для принтеров HP LaserJet P2015D, LJ M2727nf, LJ P2010, LJ-P2014",True,13.0,1,Эксперимент1,99,0,0.0,,0.0,0,0.0,0.0,,,20,0,0.0,0.0,0.0,147,62,0,0,80.0000000000000000,59,304,0,6376,7,0,0,3,7614.0000,4,10173.0000,4,0,0.0,2026-06-10,69,0,,,,,,0.0676,,,,no_impressions,S1,показов рекламы 99 за окно при ставке 13 ₽
870872628,2426,Картридж MPC2503K для принтеров Ricoh Aficio MPC2003 черный,True,14.0,1,от 2000 до 5000,25,0,0.0,,0.0,0,0.0,0.0,,,14,0,0.0,0.0,0.0,19,20,0,0,37.2500000000000000,29,61,0,64,7,1,4647.0000,2,7508.0000,2,7508.0000,2,0,0.0,2026-07-20,29,0,4199.0,,26.27,15.7,1103.29,0.0407,36.3,18.3,4.3,no_impressions,S1,показов рекламы 25 за окно при ставке 14 ₽
2908622775,6603,"Фотобарабан + картридж DL-420 XL+TL-420X для принтеров M6700D, M6800FDW, M7100DN, M7200FD, M7300FDN, P3010D, P3300DN черный",True,13.0,1,от 2000 до 5000,78,1,1.28,7.9,7.86,11,0.0,0.0,,0.0,20,1,7.86,0.0,0.0,352,174,0,0,80.5000000000000000,63,450,0,3493,7,0,0,2,7490.0000,4,15756.0000,3,0,0.0,2026-07-07,42,0,4583.0,,-4.55,-15.1,-208.32,0.0407,-17.8,-37.5,-50.5,ad_eater,E2,"1 кликов, 0 рекламных заказов; ставка 13 ₽ > потолка -37.5 ₽; но сам продаёт 7 490 ₽/90 дн; показов рекламы 78 за окно при ставке 13 ₽"
930630822,2225,"Картридж MLT-D709S для принтеров Samsung SCX-8123ND, SCX-8128ND черный",True,19.33,1,от 5000 до 10000,35,0,0.0,,0.0,0,0.0,0.0,,,17,0,0.0,0.0,0.0,7711,61,0,0,142.7500000000000000,107,128,0,11600,7,0,0,1,7462.0000,1,7462.0000,1,0,0.0,2026-07-08,41,0,10080.0,,23.9,13.3,2409.42,0.0565,107.7,47.3,28.0,no_impressions,S1,показов рекламы 35 за окно при ставке 19 ₽
5278411260,5418X2,"Комплект картриджей 067H Bk (2 шт.) на 6260 страниц для принтеров Canon i-SENSYS LBP-631CW, LBP633Cdw, MF651Cw, MF655Cdw",True,21.96,2,Бандлы x2/x6 — старт (08.08) / Вне РК — спрос без рекламы (08.08),82,1,1.22,0.1,0.1,0,0.0,0.0,,0.0,9,1,0.1,0.0,0.0,242,30,0,5355,60.5000000000000000,34,30,0,242,2,1,7387.0000,1,7387.0000,1,7387.0000,1,0,0.0,2026-08-04,14,0,7465.0,,39.12,28.5,2920.33,0.0394,100.4,69.1,47.1,ad_eater,E2,"1 кликов, 0 рекламных заказов; но сам продаёт 7 387 ₽/90 дн; показов рекламы 82 за окно при ставке 22 ₽"
1155649313,1268,Картриджи T0591-T0598 для принтеров Epson Stylus Photo R2400 набор cmyk lclm,True,20.93,1,от 5000 до 10000,69,1,1.45,1.9,1.92,3,0.0,0.0,,0.0,19,0,0.0,0.0,0.0,3555,45,0,0,70.0000000000000000,23,73,0,6454,6,0,0,1,7320.0000,1,7320.0000,1,0,0.0,2026-05-25,85,0,8431.0,,27.69,17.1,2334.78,0.0394,75.4,40.2,19.3,ad_eater,E2,"1 кликов, 0 рекламных заказов; но сам продаёт 7 320 ₽/90 дн; показов рекламы 69 за окно при ставке 21 ₽"
3199344922,3076,"Картридж №727 для принтеров HP DesignJet T1500, DJ-T1530, DJ T2500, DJT2530, DJ T920 черный матовый",True,19.33,1,от 5000 до 10000,67,1,1.49,23.9,23.92,33,0.0,0.0,,0.0,17,0,0.0,0.0,0.0,3222,106,0,0,86.5000000000000000,41,215,0,3668,7,0,0,1,7079.0000,1,7079.0000,1,0,0.0,2026-06-24,55,0,8451.0,,27.8,17.2,2349.21,0.0394,75.9,40.6,21.3,ad_eater,E2,"1 кликов, 0 рекламных заказов; но сам продаёт 7 079 ₽/90 дн; показов рекламы 67 за окно при ставке 19 ₽"
930635216,2360,"Картридж CF410X для принтеров HP LJ Color Pro M452nw, M377dw, M452dn, M477fdn, M477fdw",True,20.93,2,от 2000 до 5000 / Эксперимент1,90,0,0.0,,0.0,0,0.0,0.0,,,22,0,0.0,0.0,0.0,2574,14,0,0,116.5000000000000000,99,66,0,2645,7,0,0,2,7022.0000,2,7022.0000,1,0,0.0,2026-05-22,88,0,,,,,,0.0676,,,,no_impressions,S1,показов рекламы 90 за окно при ставке 21 ₽
652468917,0107,"Картридж CC533A для принтеров HP и Color LaserJet CM2320n, LJ CP2025, LJ-CP2025n, LJ CM2320fxi пурпурный",True,9.0,1,Эксперимент1,43,0,0.0,,0.0,0,0.0,0.0,,,17,0,0.0,0.0,0.0,49,38,0,0,63.0000000000000000,42,91,0,150,7,2,6938.0000,2,6938.0000,3,9742.0000,3,0,0.0,2026-08-12,6,0,3942.0,,30.28,19.7,1193.65,0.0407,40.5,23.6,14.6,bid_up,B,сам продаёт 6 938 ₽/90 дн; показов рекламы 43 за окно при ставке 9 ₽
4492324288,20554,Картридж для Ricoh Aficio MP4002,True,12.89,1,Эксперимент1,93,0,0.0,,0.0,0,0.0,0.0,,,20,0,0.0,0.0,0.0,6350,46,0,4365,102.2500000000000000,44,73,0,7302,7,0,0,1,6917.0000,1,6917.0000,1,0,0.0,2026-07-17,32,0,6823.0,,25.76,15.2,1757.83,0.0394,55.8,27.4,14.5,no_impressions,S1,показов рекламы 93 за окно при ставке 13 ₽
930641807,1107,Картридж 106R02312 для принтеров Xerox WorkCentre 3325 черный,True,19.0,1,Вне РК — спрос без рекламы (08.08),18,0,0.0,,0.0,0,0.0,0.0,,,8,0,0.0,0.0,0.0,4511,23,0,0,104.5000000000000000,40,68,0,4560,7,0,0,2,6900.0000,2,6900.0000,2,0,0.0,2026-06-08,71,0,5303.0,,27.12,16.5,1438.0,0.0394,46.2,24.0,5.0,no_impressions,S1,показов рекламы 18 за окно при ставке 19 ₽
2999122861,1322,"Картридж KX-FAT431A7 для принтеров Panasonic KX-MB2230RU, KX MB2270RU, KXMB2510RU, KX-MB2540RU черный",True,21.96,1,Вне РК — спрос без рекламы (08.08),73,0,0.0,,0.0,0,0.0,0.0,,,9,0,0.0,0.0,0.0,3574,45,0,0,99.0000000000000000,40,78,0,8766,7,0,0,1,6775.0000,1,6775.0000,1,0,0.0,2026-05-29,81,0,8204.0,,25.73,15.1,2111.04,0.0394,67.0,32.7,10.7,no_impressions,S1,показов рекламы 73 за окно при ставке 22 ₽
930613025,0607,Картридж 106R01415 для принтеров Xerox Phaser 3435 черный,True,19.33,1,от 2000 до 5000,38,0,0.0,,0.0,0,0.0,0.0,,,18,0,0.0,0.0,0.0,12158,87,0,4178,97.5000000000000000,53,156,0,13569,7,0,0,1,6626.0000,1,6626.0000,1,0,0.0,2026-07-17,32,0,4591.0,,25.51,14.9,1171.2,0.0407,38.3,18.5,-0.8,no_impressions,S1,показов рекламы 38 за окно при ставке 19 ₽
1586846966,54954,"Картридж для HP LaserJet Tank 2602dn, LJ Tank 1502w, LJ Tank 2502dw",True,7.0,1,Эксперимент1,98,1,1.02,1.0,1.0,1,1.0,1346.0,0.1,100.0,22,0,0.0,1.0,1346.0,4401,185,0,827,36.2500000000000000,21,376,0,6838,7,3,4038.0000,7,6584.0000,11,11518.0000,10,0,0.0,2026-08-13,5,0,1346.0,,28.2,17.6,379.55,0.0574,17.9,9.7,2.7,bid_up,A,реклама окупается (ДРР 0.1 %); сам продаёт 6 584 ₽/90 дн; показов рекламы 98 за окно при ставке 7 ₽
4515704911,33831,Фотобарабан для Canon iR-2204,True,12.89,1,Эксперимент1,61,0,0.0,,0.0,0,0.0,0.0,,,17,0,0.0,0.0,0.0,2077,34,0,0,78.2500000000000000,28,50,0,2094,7,0,0,1,6573.0000,1,6573.0000,1,0,0.0,2026-06-26,53,0,8552.0,,26.79,16.2,2291.22,0.0394,73.4,37.7,24.8,no_impressions,S1,показов рекламы 61 за окно при ставке 13 ₽
653379506,1325,"Картридж SP150HE для принтеров Ricoh SP150SUw, SP150W",True,12.89,1,Эксперимент1,70,0,0.0,,0.0,0,0.0,0.0,,,21,0,0.0,0.0,0.0,6923,88,0,0,56.2500000000000000,28,188,0,7358,7,0,0,2,6440.0000,2,6440.0000,2,0,0.0,2026-06-23,56,0,,,,,,0.0676,,,,no_impressions,S1,показов рекламы 70 за окно при ставке 13 ₽
1220115348,3818,"Картридж SPC250HC для принтеров Ricoh и MC250FW, PC301W голубой",True,14.5,1,Эксперимент1,72,0,0.0,,0.0,0,0.0,0.0,,,21,0,0.0,0.0,0.0,6433,41,0,0,66.5000000000000000,34,133,0,6967,7,0,0,1,6435.0000,1,6435.0000,1,0,0.0,2026-06-11,68,0,8489.0,,25.81,15.2,2191.23,0.0394,69.6,34.1,19.6,no_impressions,S1,показов рекламы 72 за окно при ставке 14 ₽
2912312752,6625,"Фотобарабан + картридж DR-12 DU+TN-14 для принтеров Brother DCP-L2551dn, HL-L2371DN, MFC-L2751 DW черный",True,19.33,1,от 2000 до 5000,28,0,0.0,,0.0,0,0.0,0.0,,,16,0,0.0,0.0,0.0,158,50,0,0,84.5000000000000000,30,127,0,539,7,0,0,2,6392.0000,2,6392.0000,1,0,0.0,2026-06-02,77,0,4283.0,,25.24,14.6,1080.87,0.0407,35.3,16.7,-2.6,no_impressions,S1,показов рекламы 28 за окно при ставке 19 ₽
4451994911,02773,Картридж для Samsung ML-2950ND,True,12.89,1,Эксперимент1,61,0,0.0,,0.0,0,0.0,0.0,,,19,0,0.0,0.0,0.0,6909,47,0,0,110.2500000000000000,60,125,0,13044,7,0,0,2,6300.0000,2,6300.0000,2,0,0.0,2026-06-22,57,0,3784.0,,32.05,21.4,1212.86,0.0407,41.6,25.2,12.3,bid_up,B,сам продаёт 6 300 ₽/90 дн; показов рекламы 61 за окно при ставке 13 ₽
904484204,3968,"Картридж 46471105 для принтеров OKI Data C823, Data C833 желтый",True,12.89,1,Эксперимент1,96,0,0.0,,0.0,0,0.0,0.0,,,21,0,0.0,0.0,0.0,15290,23,0,0,108.5000000000000000,53,53,0,17638,7,0,0,1,6242.0000,1,6242.0000,1,0,0.0,2026-05-26,84,0,,,,,,0.0676,,,,no_impressions,S1,показов рекламы 96 за окно при ставке 13 ₽
653230824,3115,"Картридж LC-665XLC для принтеров Brother MFC-J2320, MFC-J2720 голубой",True,7.0,1,Эксперимент1,55,0,0.0,,0.0,0,0.0,0.0,,,18,0,0.0,0.0,0.0,131,55,0,1264,45.0000000000000000,31,128,0,2694,7,2,4237.0000,3,6219.0000,3,6219.0000,3,0,0.0,2026-08-13,5,0,,,,,,0.0676,,,,no_impressions,S1,показов рекламы 55 за окно при ставке 7 ₽
930614120,0122,"Картридж TK-435 для принтеров Kyocera TASKalfa 180, TASKalfa 181 черный",True,19.33,1,от 2000 до 5000,51,0,0.0,,0.0,0,0.0,0.0,,,18,0,0.0,0.0,0.0,3540,81,0,0,62.7500000000000000,34,167,0,11571,7,0,0,2,6194.0000,3,8884.0000,3,0,0.0,2026-06-26,53,0,,,,,,0.0676,,,,no_impressions,S1,показов рекламы 51 за окно при ставке 19 ₽
2909671248,6618,Фотобарабан + картридж CE314A+CE310A-CE313A черный,True,19.33,1,от 5000 до 10000,46,1,2.17,6.4,6.43,9,0.0,0.0,,0.0,17,1,6.43,0.0,0.0,76,50,0,0,49.7500000000000000,22,161,0,230,7,0,0,1,6095.0000,1,6095.0000,1,0,0.0,2026-05-30,80,0,7797.0,,25.49,14.9,1987.75,0.0394,63.0,30.4,11.1,ad_eater,E2,"1 кликов, 0 рекламных заказов; но сам продаёт 6 095 ₽/90 дн; показов рекламы 46 за окно при ставке 19 ₽"
873319621,4137,"Картридж W1120A для принтеров HP Color Laser 150a, Laser 178nw черный",True,12.89,1,Эксперимент1,77,1,1.3,13.6,13.58,19,0.0,0.0,,0.0,20,1,13.58,0.0,0.0,3120,69,0,0,53.7500000000000000,34,156,0,4606,7,0,0,1,6081.0000,1,6081.0000,1,0,0.0,2026-06-28,51,1,,,,,,0.0676,,,,ad_eater,E2,"1 кликов, 0 рекламных заказов; но сам продаёт 6 081 ₽/90 дн; показов рекламы 77 за окно при ставке 13 ₽"
4867096884,7071,Картридж CT202952 для принтеров Fuji Xerox DocuCentre SC2022 черный,True,21.96,1,Вне РК — спрос без рекламы (08.08),43,0,0.0,,0.0,0,0.0,0.0,,,9,0,0.0,0.0,0.0,90846,287,0,0,124.2500000000000000,33,302,0,90862,6,0,0,1,6069.0000,1,6069.0000,1,0,0.0,2026-07-08,41,0,6661.0,,19.72,9.1,1313.76,0.0394,38.6,10.8,-11.2,no_impressions,S1,показов рекламы 43 за окно при ставке 22 ₽
904484060,3970,"Картридж 47095708 для принтеров OKI Data C824, Data C834 черный",True,12.89,1,Эксперимент1,72,0,0.0,,0.0,0,0.0,0.0,,,19,0,0.0,0.0,0.0,4360,62,0,0,82.7500000000000000,30,157,0,7760,7,0,0,1,6042.0000,1,6042.0000,1,0,0.0,2026-06-24,55,0,7928.0,,27.21,16.6,2157.52,0.0394,69.4,36.2,23.3,no_impressions,S1,показов рекламы 72 за окно при ставке 13 ₽
3557209894,6341,"Картридж 78C50M0 для принтеров Lexmark CS421, CX421, CX522, LP CS521, LP CS622 пурпурный",True,21.96,1,Вне РК — спрос без рекламы (08.08),71,0,0.0,,0.0,0,0.0,0.0,,,9,0,0.0,0.0,0.0,7414,21,0,0,75.3333333333333333,37,21,0,7414,4,1,6027.0000,1,6027.0000,1,6027.0000,1,0,0.0,2026-07-28,21,0,7100.0,,28.41,17.8,2017.32,0.0394,65.5,35.8,13.8,bid_up,B,сам продаёт 6 027 ₽/90 дн; показов рекламы 71 за окно при ставке 22 ₽
3557209900,6340,"Картридж 78C50C0 для принтеров Lexmark CS421, CX421, CX522, LP CS521, LP CS622 голубой",True,21.96,1,Вне РК — спрос без рекламы (08.08),69,0,0.0,,0.0,0,0.0,0.0,,,9,0,0.0,0.0,0.0,5457,19,0,0,63.3333333333333333,25,19,0,5457,4,1,6027.0000,1,6027.0000,1,6027.0000,1,0,0.0,2026-07-28,21,0,7100.0,,28.41,17.8,2017.32,0.0394,65.5,35.8,13.8,bid_up,B,сам продаёт 6 027 ₽/90 дн; показов рекламы 69 за окно при ставке 22 ₽
3557210581,6468,"Картридж 78C50Y0 для принтеров Lexmark CS421, CX421, CX522, LP CS521, LP CS622 желтый",True,21.96,1,Вне РК — спрос без рекламы (08.08),79,0,0.0,,0.0,0,0.0,0.0,,,9,0,0.0,0.0,0.0,7739,26,0,0,42.0000000000000000,10,26,0,7739,4,1,6027.0000,1,6027.0000,1,6027.0000,1,0,0.0,2026-07-28,21,0,7100.0,,28.41,17.8,2017.32,0.0394,65.5,35.8,13.8,bid_up,B,сам продаёт 6 027 ₽/90 дн; показов рекламы 79 за окно при ставке 22 ₽
3557209971,6339,"Картридж 78C50K0 для принтеров Lexmark CS421, CX421, CX522, LP CS521, LP CS622 черный",True,21.96,1,Вне РК — спрос без рекламы (08.08),84,0,0.0,,0.0,0,0.0,0.0,,,9,0,0.0,0.0,0.0,1107,22,0,0,63.5000000000000000,35,38,0,4537,6,1,5989.0000,1,5989.0000,2,11418.0000,2,0,0.0,2026-07-28,21,0,6557.0,,31.36,20.8,2056.35,0.0394,68.1,40.8,18.8,bid_up,B,сам продаёт 5 989 ₽/90 дн; показов рекламы 84 за окно при ставке 22 ₽
1153798915,2884,"Картридж C-EXV49C для принтеров Canon iR Advance C3320, iR Advance C3325 голубой",True,12.0,1,от 2000 до 5000,33,1,3.03,12.7,12.7,17,0.0,0.0,,0.0,16,0,0.0,0.0,0.0,2820,27,0,4267,106.7500000000000000,72,55,0,2859,7,0,0,1,5951.0000,1,5951.0000,1,0,0.0,2026-07-15,34,0,5881.0,,29.29,18.7,1722.29,0.0394,56.3,31.8,19.8,ad_eater,E2,"1 кликов, 0 рекламных заказов; но сам продаёт 5 951 ₽/90 дн; показов рекламы 33 за окно при ставке 12 ₽"
866442794,1341,"Картридж 006R01461 для принтеров Xerox WorkCentre 7120, WC-7125, WC 7220, WC7225 черный",True,8.0,1,Эксперимент1,55,0,0.0,,0.0,0,0.0,0.0,,,19,0,0.0,0.0,0.0,6328,15,0,3650,157.0000000000000000,89,41,0,6366,7,1,5933.0000,1,5933.0000,1,5933.0000,1,0,0.0,2026-07-30,19,0,,,,,,0.0676,,,,no_impressions,S1,показов рекламы 55 за окно при ставке 8 ₽
4543090802,68474,Картридж для HP LaserJet Managed E42540,True,12.89,1,Эксперимент1,0,0,,,0,0,0,0,,,0,0,0,0,0,0,0,0,0,,,0,0,0,0,0,0,1,5865.0000,1,5865.0000,1,0,0.0,2026-06-26,53,0,6404.0,,28.04,17.4,1795.86,0.0394,58.1,31.3,18.4,bid_up,B,сам продаёт 5 865 ₽/90 дн; показов рекламы 0 за окно при ставке 13 ₽
930634144,0207,"Картридж CE390X для принтеров HP LaserJet M4555, M602dn, M602n черный",True,8.0,1,Эксперимент1,65,0,0.0,,0.0,0,0.0,0.0,,,20,0,0.0,0.0,0.0,15765,21,0,0,55.0000000000000000,41,43,0,20423,7,0,0,1,5864.0000,1,5864.0000,1,0,0.0,2026-07-10,39,0,7199.0,,25.2,14.6,1814.03,0.0394,57.3,27.2,19.2,no_impressions,S1,показов рекламы 65 за окно при ставке 8 ₽
900989003,0429,"Картридж C4129X для принтеров HP LaserJet 5000, LJ 5100 черный",True,19.33,1,от 5000 до 10000,87,3,3.45,17.0,50.88,69,0.0,0.0,,0.0,18,1,1.0,0.0,0.0,18862,82,0,0,80.7500000000000000,49,168,0,27337,7,0,0,1,5850.0000,1,5850.0000,1,0,0.0,2026-06-24,55,0,7246.0,,27.31,16.7,1978.78,0.0394,63.7,33.4,14.1,ad_eater,E2,"3 кликов, 0 рекламных заказов; но сам продаёт 5 850 ₽/90 дн; показов рекламы 87 за окно при ставке 19 ₽"
1163041012,2114,"Картридж MX23GTYA для принтеров Sharp MX-1810U, MX 2010U, MX2310U, MX-2314, MX2614, MX 3110U, MX 3114 желтый",True,8.0,1,Эксперимент1,68,0,0.0,,0.0,0,0.0,0.0,,,22,0,0.0,0.0,0.0,3931,54,0,0,71.5000000000000000,40,111,0,4233,7,0,0,1,5774.0000,1,5774.0000,1,0,0.0,2026-07-06,43,0,6896.0,,26.16,15.6,1804.01,0.0394,57.5,28.8,20.8,no_impressions,S1,показов рекламы 68 за окно при ставке 8 ₽
930617902,2039,"Картридж TN-512Y для принтеров Konica Minolta Bizhub C454, Bizhub C554 желтый",True,12.89,1,Эксперимент1,91,0,0.0,,0.0,0,0.0,0.0,,,21,0,0.0,0.0,0.0,2809,16,0,0,89.2500000000000000,19,33,0,6045,7,1,5764.0000,1,5764.0000,1,5764.0000,1,0,0.0,2026-08-04,14,0,,,,,,0.0676,,,,no_impressions,S1,показов рекламы 91 за окно при ставке 13 ₽
1692505542,5618,"Картридж TK-3300 для принтеров Kyocera и ECOSYS MA4500ifx, MA4500ix черный",True,19.33,1,от 2000 до 5000,29,0,0.0,,0.0,0,0.0,0.0,,,15,0,0.0,0.0,0.0,74,50,0,0,35.2500000000000000,25,120,0,490,7,0,0,2,5716.0000,2,5716.0000,1,0,0.0,2026-06-19,60,0,3753.0,,30.02,19.4,1126.71,0.0407,38.2,22.0,2.7,bid_up,B,сам продаёт 5 716 ₽/90 дн; показов рекламы 29 за окно при ставке 19 ₽
864225656,1078,"Картридж 006R01517 для принтеров Xerox WorkCentre 7525, WC 7530, WC-7535, WC 7545 черный",True,13.0,1,от 2000 до 5000,29,0,0.0,,0.0,0,0.0,0.0,,,12,0,0.0,0.0,0.0,1645,60,0,0,64.7500000000000000,44,124,0,1719,7,0,0,1,5678.0000,2,10136.0000,3,1,33.3,2026-07-14,35,0,5630.0,,26.34,15.7,1482.9,0.0394,47.3,23.7,10.7,no_impressions,S1,показов рекламы 29 за окно при ставке 13 ₽
864225871,1281,"Картридж CF412A для принтеров HP LJ Color Pro M377dw, M452dn, M452nw, M477fdn, M477fdw желтый",True,10.0,1,Эксперимент1,98,1,1.02,8.0,8.04,11,0.0,0.0,,0.0,21,1,8.04,0.0,0.0,67,42,0,0,114.0000000000000000,64,100,0,758,7,0,0,2,5561.0000,2,5561.0000,2,0,0.0,2026-07-08,41,0,3498.0,,32.59,22.0,1140.04,0.0407,39.3,24.2,14.2,ad_eater,E2,"1 кликов, 0 рекламных заказов; но сам продаёт 5 561 ₽/90 дн; показов рекламы 98 за окно при ставке 10 ₽"
1153794925,2788,"Картридж 45862849 для принтеров OKI и MC 873, MC853 желтый",True,8.0,1,Эксперимент1,91,1,1.1,6.6,6.58,9,0.0,0.0,,0.0,21,1,6.58,0.0,0.0,2012,96,0,0,31.5000000000000000,27,148,0,4195,7,0,0,1,5516.0000,1,5516.0000,1,0,0.0,2026-07-10,39,0,,,,,,0.0676,,,,ad_eater,E2,"1 кликов, 0 рекламных заказов; но сам продаёт 5 516 ₽/90 дн; показов рекламы 91 за окно при ставке 8 ₽"
866443204,1573,"Картридж D8J08A для принтеров HP Officejet Color X555dn, Officejet Color X5585dn пурпурный",True,14.5,1,Эксперимент1,76,0,0.0,,0.0,0,0.0,0.0,,,21,0,0.0,0.0,0.0,2941,22,0,0,73.0000000000000000,30,52,0,3052,7,0,0,1,5374.3800,1,5374.3800,1,0,0.0,2026-06-10,69,0,6481.0,,28.87,18.3,1870.77,0.0394,61.0,34.0,19.5,bid_up,B,сам продаёт 5 374 ₽/90 дн; показов рекламы 76 за окно при ставке 14 ₽
866443020,1572,"Картридж D8J07A для принтеров HP Officejet Color X555dn, Officejet Color X5585dn голубой",True,14.5,1,Эксперимент1,91,0,0.0,,0.0,0,0.0,0.0,,,20,0,0.0,0.0,0.0,94,16,0,0,73.5000000000000000,12,50,0,137,7,0,0,1,5356.5000,1,5356.5000,1,0,0.0,2026-06-10,69,0,6481.0,,28.87,18.3,1870.77,0.0394,61.0,34.0,19.5,bid_up,B,сам продаёт 5 356 ₽/90 дн; показов рекламы 91 за окно при ставке 14 ₽
4543085498,67614,Картридж для HP LaserJet Pro MFP 3102fdw,True,12.89,1,Эксперимент1,92,0,0.0,,0.0,0,0.0,0.0,,,21,0,0.0,0.0,0.0,69,61,0,0,47.0000000000000000,28,72,0,80,7,0,0,1,5317.0000,1,5317.0000,1,0,0.0,2026-06-16,63,0,4625.0,,29.01,18.4,1341.62,0.0407,45.2,25.2,12.3,bid_up,B,сам продаёт 5 317 ₽/90 дн; показов рекламы 92 за окно при ставке 13 ₽
930624502,1728,"Картридж 62D0HA0/ 62D5H00 для принтеров Lexmark MX710, MX711, MX810, MX811 черный",True,12.89,1,Эксперимент1,72,0,0.0,,0.0,0,0.0,0.0,,,19,0,0.0,0.0,0.0,85,59,0,0,37.2500000000000000,28,141,0,5963,7,0,0,1,5237.0000,1,5237.0000,1,0,0.0,2026-06-22,57,0,,,,,,0.0676,,,,no_impressions,S1,показов рекламы 72 за окно при ставке 13 ₽
1744145189,5735,"Картридж BPGT20MA для принтеров Sharp и C-CUBE-BP10Р 20EU, BP20C20EU, BP20C25EU пурпурный",True,8.0,1,Эксперимент1,84,0,0.0,,0.0,0,0.0,0.0,,,21,0,0.0,0.0,0.0,773,94,0,0,75.7500000000000000,43,168,0,1179,7,0,0,1,5197.0000,1,5197.0000,1,0,0.0,2026-07-06,43,0,7883.0,,29.62,19.0,2335.14,0.0394,76.5,43.5,35.5,bid_up,B,сам продаёт 5 197 ₽/90 дн; показов рекламы 84 за окно при ставке 8 ₽
4493527052,23171,Картридж для Canon i-SENSYS LBP-351,True,8.0,1,Эксперимент1,56,0,0.0,,0.0,0,0.0,0.0,,,18,0,0.0,0.0,0.0,34,30,0,0,62.2500000000000000,15,34,0,41,6,0,0,1,5176.7600,1,5176.7600,1,0,0.0,2026-07-06,43,0,6532.0,,26.23,15.6,1713.59,0.0394,54.6,27.3,19.3,no_impressions,S1,показов рекламы 56 за окно при ставке 8 ₽
1155650091,2640,"Картридж TN-324M для принтеров Konica Minolta и Bizhub C258, Bizhub C308 пурпурный",True,14.5,1,Эксперимент1,95,0,0.0,,0.0,0,0.0,0.0,,,20,0,0.0,0.0,0.0,1295,47,0,0,76.5000000000000000,48,132,0,9479,7,0,0,1,5158.0000,1,5158.0000,1,0,0.0,2026-06-11,68,0,5810.0,,30.44,19.8,1768.7,0.0394,58.2,33.9,19.4,bid_up,B,сам продаёт 5 158 ₽/90 дн; показов рекламы 95 за окно при ставке 14 ₽
4515728038,36741,Картридж для Ricoh Aficio MP501,True,12.89,1,Эксперимент1,75,0,0.0,,0.0,0,0.0,0.0,,,22,0,0.0,0.0,0.0,3169,48,0,0,54.2500000000000000,20,121,0,5981,7,0,0,1,5145.0000,1,5145.0000,1,0,0.0,2026-06-19,60,0,5370.0,,29.17,18.6,1566.35,0.0394,51.1,28.8,15.9,bid_up,B,сам продаёт 5 145 ₽/90 дн; показов рекламы 75 за окно при ставке 13 ₽
3674688702,6596,Картридж TK-5480K для принтеров Kyocera ECOSYS MA2101cfx черный,True,12.89,1,Эксперимент1,12,0,0.0,,0.0,0,0.0,0.0,,,3,0,0.0,0.0,0.0,0,0,0,0,,,0,0,0,0,0,0,1,5108.0000,1,5108.0000,1,0,0.0,2026-06-03,76,0,5037.0,,28.71,18.1,1446.05,0.0394,47.1,26.0,13.1,bid_up,B,сам продаёт 5 108 ₽/90 дн; показов рекламы 12 за окно при ставке 13 ₽
4451984487,020238,Картридж для HP DeskJet 3059A,True,19.33,1,от 2000 до 5000,94,1,1.06,2.1,2.09,3,0.0,0.0,,0.0,21,1,2.09,0.0,0.0,537,100,0,0,167.2500000000000000,113,286,0,1412,7,0,0,1,5046.0000,1,5046.0000,1,0,0.0,2026-06-23,56,0,5728.0,,28.67,18.1,1642.49,0.0394,53.4,29.6,10.3,ad_eater,E2,"1 кликов, 0 рекламных заказов; но сам продаёт 5 046 ₽/90 дн; показов рекламы 94 за окно при ставке 19 ₽"
1770287598,57571,"Картридж для Kyocera TASKalfa MZ3200, MZ3200i",True,13.0,1,от 2000 до 5000,75,0,0.0,,0.0,0,0.0,0.0,,,19,0,0.0,0.0,0.0,123,104,0,0,38.0000000000000000,22,237,0,1155,7,0,0,1,5029.0000,1,5029.0000,1,0,0.0,2026-06-08,71,0,6116.0,,28.36,17.8,1734.53,0.0394,56.3,30.9,17.9,bid_up,B,сам продаёт 5 029 ₽/90 дн; показов рекламы 75 за окно при ставке 13 ₽
1999437759,5969,"Картридж TN-2510XL для принтеров Brother DCP-L2620DWR, DCP L2627DW, HL-L2400DWE, HL-L2445DW, HL L2447DW, HLL2865DW, MFC-L2800DW, MFC-L2827DW черный",True,12.0,1,от 2000 до 5000,73,0,0.0,,0.0,0,0.0,0.0,,,22,0,0.0,0.0,0.0,2985,119,0,0,39.5000000000000000,30,281,0,11001,7,1,2544.0000,2,5020.0000,9,18498.0000,5,0,0.0,2026-07-24,25,1,2960.0,,31.03,20.4,918.35,0.0407,31.3,18.5,6.5,bid_up,B,сам продаёт 5 020 ₽/90 дн; показов рекламы 73 за окно при ставке 12 ₽
930641469,0538,"Картридж TK-710 для принтеров Kyocera FS-9130DN, FS-9530DN черный",True,20.93,2,от 2000 до 5000 / Эксперимент1,86,0,0.0,,0.0,0,0.0,0.0,,,22,0,0.0,0.0,0.0,7001,41,0,0,49.2500000000000000,25,140,0,9395,7,0,0,1,5005.0000,1,5005.0000,1,0,0.0,2026-05-27,83,0,6208.0,,27.66,17.1,1717.18,0.0394,55.4,29.6,8.7,bid_up,B,сам продаёт 5 005 ₽/90 дн; показов рекламы 86 за окно при ставке 21 ₽
873320085,3760,"Фотобарабан DR-12 DU для принтеров Brother DCP-L2551dn, HL-L2371DN, MFC-L2751 DW черный",True,9.0,1,Эксперимент1,70,0,0.0,,0.0,0,0.0,0.0,,,20,0,0.0,0.0,0.0,1328,66,0,0,93.5000000000000000,48,146,0,4327,7,0,0,2,4974.0000,3,7136.0000,3,0,0.0,2026-07-03,46,0,,,,,,0.0676,,,,no_impressions,S1,показов рекламы 70 за окно при ставке 9 ₽
866443017,1574,"Картридж D8J09A для принтеров HP Officejet Color X555dn, Officejet Color X5585dn желтый",True,20.93,1,от 2000 до 5000,24,0,0.0,,0.0,0,0.0,0.0,,,11,0,0.0,0.0,0.0,7,7,0,0,171.5000000000000000,8,28,0,389,7,0,0,1,4973.1200,1,4973.1200,1,0,0.0,2026-06-10,69,0,6481.0,,28.87,18.3,1870.77,0.0394,61.0,34.0,13.1,bid_up,B,сам продаёт 4 973 ₽/90 дн; показов рекламы 24 за окно при ставке 21 ₽
1261569077,4893,"Картридж W1500A для HP LJ M111, LJ M141 черный",True,21.96,1,Вне РК — спрос без рекламы (08.08),25,0,0.0,,0.0,0,0.0,0.0,,,9,0,0.0,0.0,0.0,125,58,0,0,58.2500000000000000,44,136,0,296,7,0,0,2,4923.0000,2,4923.0000,2,0,0.0,2026-06-08,71,0,3073.0,,30.02,19.4,922.58,0.0407,31.3,18.0,-4.0,no_impressions,S1,показов рекламы 25 за окно при ставке 22 ₽
1911203514,5879,"Фотобарабан 55B0ZA0 для принтеров Lexmark MS331, MS431, MX331, MX431 черный",True,12.89,1,Эксперимент1,64,1,1.56,19.9,19.95,27,0.0,0.0,,0.0,21,1,19.95,0.0,0.0,3469,80,0,0,63.5000000000000000,21,215,0,4193,7,0,0,1,4879.0000,2,9510.0000,2,0,0.0,2026-06-26,53,0,6104.0,,29.08,18.5,1775.13,0.0394,57.9,32.5,19.6,ad_eater,E2,"1 кликов, 0 рекламных заказов; но сам продаёт 4 879 ₽/90 дн; показов рекламы 64 за окно при ставке 13 ₽"
930630401,2639,"Картридж TN-324C для принтеров Konica Minolta и Bizhub C258, Bizhub C308 голубой",True,12.0,1,от 2000 до 5000,50,0,0.0,,0.0,0,0.0,0.0,,,17,0,0.0,0.0,0.0,6978,70,0,3341,65.0000000000000000,43,109,0,7020,7,0,0,1,4818.0000,1,4818.0000,1,0,0.0,2026-07-14,35,0,5810.0,,28.65,18.0,1664.65,0.0394,54.2,29.8,17.8,bid_up,B,сам продаёт 4 818 ₽/90 дн; показов рекламы 50 за окно при ставке 12 ₽
1775290677,5776,"Фотобарабан DR-2400 для принтеров Brother DCP-L2510, L2530, HL-L2310, HL L2350, HLL2370, HL-L2375, L2710, L2730 черный",True,12.89,1,Эксперимент1,95,2,2.11,11.1,22.19,30,0.0,0.0,,0.0,21,2,22.19,0.0,0.0,67,46,0,0,69.2500000000000000,26,121,0,309,7,1,2583.0000,2,4791.0000,2,4791.0000,3,1,33.3,2026-08-13,5,1,2917.0,,31.34,20.7,914.19,0.0407,31.3,18.6,5.7,ad_eater,E2,"2 кликов, 0 рекламных заказов; но сам продаёт 4 791 ₽/90 дн; показов рекламы 95 за окно при ставке 13 ₽"
930613951,0575,"Картридж TN-135BK для принтеров Brother и DCP-9040CN, DCP 9045CN, HL-4040 cn, HL4050CDN, HL-4070, MFC-9440CN, MFC9450 черный",True,12.0,2,от 2000 до 5000 / Эксперимент1,76,0,0.0,,0.0,0,0.0,0.0,,,22,0,0.0,0.0,0.0,6801,58,0,3499,85.5000000000000000,56,80,0,9224,7,1,4783.0000,1,4783.0000,1,4783.0000,1,0,0.0,2026-07-23,26,0,,,,,,0.0676,,,,no_impressions,S1,показов рекламы 76 за окно при ставке 12 ₽
873320575,3746,"Картридж 408185 для принтеров Ricoh Aficio SPC360, SPC361 голубой",True,19.33,1,от 2000 до 5000,42,0,0.0,,0.0,0,1.0,4749.0,0.0,,18,0,0.0,0.0,0.0,4185,62,0,0,155.7500000000000000,37,103,0,7072,7,1,4749.0000,1,4749.0000,1,4749.0000,1,0,0.0,2026-07-27,22,0,,,,,,0.0676,,,,no_impressions,S1,показов рекламы 42 за окно при ставке 19 ₽
4450874067,001820,Картридж для Canon FC-330,True,21.96,1,Вне РК — спрос без рекламы (08.08),43,0,0.0,,0.0,0,0.0,0.0,,,9,0,0.0,0.0,0.0,26,27,0,0,100.0000000000000000,55,58,0,2467,7,0,0,1,4733.0000,1,4733.0000,1,0,0.0,2026-06-08,71,0,6028.0,,28.06,17.5,1691.73,0.0394,54.8,29.7,7.7,bid_up,B,сам продаёт 4 733 ₽/90 дн; показов рекламы 43 за окно при ставке 22 ₽
2262638561,6249,"Картридж TK240XL для принтеров Катюша M140, M240, P140 черный",True,18.0,1,Вне РК — спрос без рекламы (08.08),40,0,0.0,,0.0,0,0.0,0.0,,,8,0,0.0,0.0,0.0,105,82,0,0,51.0000000000000000,41,184,0,1060,7,0,0,1,4691.0000,1,4691.0000,2,1,50.0,2026-06-02,77,0,5020.0,,26.96,16.4,1353.58,0.0394,43.4,22.6,4.6,no_impressions,S1,показов рекламы 40 за окно при ставке 18 ₽
2129690208,6117,Фотобарабан + картридж TL-5126X+DL-5126 для принтеров BM5106ADN черный,True,12.0,1,от 2000 до 5000,71,0,0.0,,0.0,0,0.0,0.0,,,18,0,0.0,0.0,0.0,16668,122,0,0,59.0000000000000000,41,212,0,16861,7,1,4686.0000,1,4686.0000,1,4686.0000,1,0,0.0,2026-07-26,23,0,5211.0,,28.57,18.0,1488.98,0.0394,48.4,26.7,14.7,bid_up,B,сам продаёт 4 686 ₽/90 дн; показов рекламы 71 за окно при ставке 12 ₽
1153219507,0676,Картридж 106R01446 для принтеров Xerox Phaser 7500 черный,True,19.33,2,от 2000 до 5000 / Эксперимент1,80,0,0.0,,0.0,0,0.0,0.0,,,21,0,0.0,0.0,0.0,1008,33,0,0,72.7500000000000000,52,106,0,3911,7,0,0,1,4616.0000,1,4616.0000,1,0,0.0,2026-06-15,64,0,6355.0,,27.73,17.1,1762.49,0.0394,56.9,30.3,11.0,bid_up,B,сам продаёт 4 616 ₽/90 дн; показов рекламы 80 за окно при ставке 19 ₽
873314096,3370,"Картридж T8651 для принтеров Epson WorkForce Pro M5190, WF Pro M5690 черный",True,19.33,1,от 2000 до 5000,72,0,0.0,,0.0,0,0.0,0.0,,,21,0,0.0,0.0,0.0,7604,90,0,0,59.7500000000000000,36,196,0,8303,7,0,0,2,4530.0000,3,6889.0000,2,0,0.0,2026-05-20,90,0,,,,,,0.0676,,,,no_impressions,S1,показов рекламы 72 за окно при ставке 19 ₽
930641917,1129,"Картридж 006R01399 для принтеров Xerox WorkCentre 7425, WC-7428, WC 7435 черный",True,19.33,1,от 2000 до 5000,44,0,0.0,,0.0,0,0.0,0.0,,,19,0,0.0,0.0,0.0,77,60,0,0,50.2500000000000000,22,115,0,501,7,0,0,1,4473.0000,1,4473.0000,1,0,0.0,2026-06-30,49,0,10467.0,,24.83,14.2,2599.24,0.0565,117.3,54.4,35.1,no_impressions,S1,показов рекламы 44 за окно при ставке 19 ₽
4451995118,02792,Картридж для Samsung SCX-4833FD,True,21.96,1,Вне РК — спрос без рекламы (08.08),38,0,0.0,,0.0,0,0.0,0.0,,,9,0,0.0,0.0,0.0,40,36,0,0,51.0000000000000000,12,36,0,40,3,1,4364.0000,1,4364.0000,1,4364.0000,1,0,0.0,2026-07-31,18,0,4370.0,,34.21,23.6,1494.79,0.0407,51.9,33.1,11.1,bid_up,B,сам продаёт 4 364 ₽/90 дн; показов рекламы 38 за окно при ставке 22 ₽
930616484,2768,Картридж TK-8345Y для принтеров Kyocera TASKalfa 2552ci желтый,True,12.0,1,от 2000 до 5000,14,0,0.0,,0.0,0,0.0,0.0,,,8,0,0.0,0.0,0.0,6834,18,0,0,122.5000000000000000,43,51,0,6875,7,1,4342.0000,1,4342.0000,1,4342.0000,1,0,0.0,2026-07-28,21,0,,,,,,0.0676,,,,no_impressions,S1,показов рекламы 14 за окно при ставке 12 ₽
4450894367,00252,Картридж для HP LaserJet M3035 MFP,True,15.0,1,от 2000 до 5000,17,0,0.0,,0.0,0,0.0,0.0,,,11,0,0.0,0.0,0.0,62,47,0,0,79.0000000000000000,58,100,0,145,6,0,0,1,4305.0000,1,4305.0000,1,0,0.0,2026-07-03,46,0,5211.0,,22.99,12.4,1197.98,0.0394,36.9,15.2,0.2,no_impressions,S1,показов рекламы 17 за окно при ставке 15 ₽
4527394791,55271,Картридж для HP LaserJet Pro 3003dw,True,19.33,2,от 2000 до 5000 / Эксперимент1,0,0,,,0,0,0,0,,,0,0,0,0,0,0,0,0,0,,,0,0,0,0,0,0,1,4299.0000,1,4299.0000,1,0,0.0,2026-06-26,53,0,6981.0,,27.89,17.3,1946.89,0.0394,63.0,33.8,14.5,bid_up,B,сам продаёт 4 299 ₽/90 дн; показов рекламы 0 за окно при ставке 19 ₽
1155648826,0068,"Картриджи 934XL-935XL для принтеров HP OfficeJet Pro 6230, OfficeJet Pro 6830",True,8.0,1,Эксперимент1,55,0,0.0,,0.0,0,0.0,0.0,,,20,0,0.0,0.0,0.0,2971,53,0,0,59.0000000000000000,53,132,0,3152,6,0,0,1,4295.0000,1,4295.0000,2,1,50.0,2026-07-15,34,0,4247.0,,28.08,17.5,1192.42,0.0407,39.9,21.6,13.6,no_impressions,S1,показов рекламы 55 за окно при ставке 8 ₽
3199474078,5584,"Фотобарабан X-15000 для принтеров Huawei PixLab B5, PixLab X1 черный",True,21.96,1,Вне РК — спрос без рекламы (08.08),69,0,0.0,,0.0,0,0.0,0.0,,,9,0,0.0,0.0,0.0,2172,88,0,0,47.2500000000000000,33,214,0,4796,7,0,0,1,4292.0000,1,4292.0000,1,0,0.0,2026-06-08,71,0,4965.0,,27.91,17.3,1385.64,0.0407,46.3,24.8,2.8,bid_up,B,сам продаёт 4 292 ₽/90 дн; показов рекламы 69 за окно при ставке 22 ₽
870873014,2765,"Картридж TK8345K XL для принтеров Kyocera TASKalfa 2552ci, TASKalfa 2553 черный",True,19.33,1,от 2000 до 5000,79,1,1.27,14.0,14.03,19,0.0,0.0,,0.0,21,0,0.0,0.0,0.0,3576,133,0,2807,47.0000000000000000,33,206,0,3682,7,0,0,1,4291.0000,1,4291.0000,1,0,0.0,2026-07-13,36,0,,,,,,0.0676,,,,ad_eater,E2,"1 кликов, 0 рекламных заказов; но сам продаёт 4 291 ₽/90 дн; показов рекламы 79 за окно при ставке 19 ₽"
653317961,1106,"Картридж 106R02310 для принтеров Xerox WorkCentre 3315, WC 3325",True,12.0,1,от 2000 до 5000,33,0,0.0,,0.0,0,0.0,0.0,,,13,0,0.0,0.0,0.0,99,61,0,0,98.5000000000000000,51,161,0,1141,7,0,0,1,4250.0000,3,10412.0000,2,0,0.0,2026-07-01,48,0,,,,,,0.0676,,,,no_impressions,S1,показов рекламы 33 за окно при ставке 12 ₽
2913148341,6635,"Фотобарабан + картридж DR-3400+TN-3480 для принтеров Brother DCP-L5500, DCPL5600, HL-L5000, HL-L5100, HLL5200dw, HLL6200, HL L6250, HL L6400 MFC-L5700 MFC-L5750 черный",True,18.0,1,от 2000 до 5000,93,0,0.0,,0.0,0,0.0,0.0,,,21,0,0.0,0.0,0.0,260,160,0,0,62.5000000000000000,35,396,0,3306,7,0,0,1,4231.0000,1,4231.0000,1,0,0.0,2026-06-21,58,0,5489.0,,25.05,14.5,1374.89,0.0394,43.4,20.5,2.5,no_impressions,S1,показов рекламы 93 за окно при ставке 18 ₽
2129710172,6182,"Картридж 106R03487 для принтеров Xerox Phaser 6510, WC 6515 желтый",True,19.33,1,от 1000-2000,87,0,0.0,,0.0,0,0.0,0.0,,,22,0,0.0,0.0,0.0,3688,116,0,1422,51.0000000000000000,39,163,0,3791,7,1,2282.0000,2,4213.0000,2,4213.0000,2,0,0.0,2026-07-24,25,0,2350.0,,27.39,16.8,643.66,0.0407,21.4,11.3,-8.0,no_impressions,S1,показов рекламы 87 за окно при ставке 19 ₽
866442920,1415,"Картридж TK-8305Y для принтеров Kyocera TASKalfa 3050i, TASKalfa3051i желтый",True,20.93,1,от 2000 до 5000,31,0,0.0,,0.0,0,0.0,0.0,,,15,0,0.0,0.0,0.0,27,19,0,0,98.2500000000000000,13,48,0,1086,7,0,0,1,4205.0000,1,4205.0000,1,0,0.0,2026-05-20,90,0,5881.0,,27.48,16.9,1616.32,0.0394,52.1,27.6,6.7,no_impressions,S1,показов рекламы 31 за окно при ставке 21 ₽
2909556230,6615,"Фотобарабан + картридж DO-428+TL-428X для принтеров M7108DN, P3308DN черный",True,12.0,1,от 2000 до 5000,45,1,2.22,19.5,19.52,27,1.0,4200.0,0.5,100.0,19,1,19.52,1.0,4200.0,95,76,0,0,53.5000000000000000,22,187,0,307,7,1,4200.0000,1,4200.0000,1,4200.0000,1,0,0.0,2026-08-14,4,0,4601.0,,21.39,10.8,984.03,0.0407,30.7,10.9,-1.1,ad_eater,E3,ставка 12 ₽ > потолка 10.9 ₽; показов рекламы 45 за окно при ставке 12 ₽
930613391,0809,"Картридж CE411A для принтеров HP Color LaserJet Pro 300 M351a, M375nw, HP M451dn, HP-M451dw, HPM451nw, HP MFP M475dn голубой",True,8.0,1,Эксперимент1,80,0,0.0,,0.0,0,0.0,0.0,,,20,0,0.0,0.0,0.0,4024,45,0,3005,85.0000000000000000,38,123,0,5020,7,0,0,1,4162.0000,1,4162.0000,1,0,0.0,2026-07-14,35,0,3763.0,,30.62,20.0,1152.06,0.0407,39.2,23.0,15.0,bid_up,B,сам продаёт 4 162 ₽/90 дн; показов рекламы 80 за окно при ставке 8 ₽
930641177,0753,Картридж CE390A для принтеров HP LaserJet M4555 черный,True,19.33,1,от 2000 до 5000,26,0,0.0,,0.0,0,0.0,0.0,,,11,0,0.0,0.0,0.0,3526,24,0,0,185.3333333333333333,104,52,0,4377,7,0,0,1,4158.0000,1,4158.0000,1,0,0.0,2026-07-10,39,0,5440.0,,26.02,15.4,1415.34,0.0394,45.1,22.3,3.0,no_impressions,S1,показов рекламы 26 за окно при ставке 19 ₽
873313041,3635,"Картридж TK-5195Bk для принтеров Kyocera и TASKalfa 306, TASKalfa 307 черный",True,20.0,1,от 2000 до 5000,28,0,0.0,,0.0,0,0.0,0.0,,,15,0,0.0,0.0,0.0,38,32,0,0,93.7500000000000000,37,61,0,74,7,0,0,1,4140.0000,1,4140.0000,1,0,0.0,2026-05-25,85,0,5609.0,,27.32,16.7,1532.52,0.0394,49.3,25.9,5.9,no_impressions,S1,показов рекламы 28 за окно при ставке 20 ₽
4489630378,14303,Картридж для Ricoh Aficio SP311SFN,True,12.0,2,от 2000 до 5000 / Эксперимент1,72,1,1.39,7.5,7.5,10,0.0,0.0,,0.0,19,1,7.5,0.0,0.0,3463,50,0,0,70.0000000000000000,26,150,0,3689,7,0,0,1,4131.0000,1,4131.0000,1,0,0.0,2026-07-02,47,0,7693.0,,25.93,15.3,1995.09,0.0394,63.5,31.2,19.2,ad_eater,E2,"1 кликов, 0 рекламных заказов; но сам продаёт 4 131 ₽/90 дн; показов рекламы 72 за окно при ставке 12 ₽"
873313016,3423,"Картридж MLT-D103S для принтеров Samsung ML-2950, ML 2955, SCX-4727, SCX4728 черный",True,19.33,1,от 2000 до 5000,31,0,0.0,,0.0,0,0.0,0.0,,,13,0,0.0,0.0,0.0,84,67,0,0,100.2500000000000000,64,152,0,624,7,0,0,1,4128.0000,1,4128.0000,1,0,0.0,2026-07-02,47,0,,,,,,0.0676,,,,no_impressions,S1,показов рекламы 31 за окно при ставке 19 ₽
2929457423,6743,"Фотобарабан + картридж DL-425 DU+TL-425U для принтеров M7105DN, P3305DN черный",True,19.33,1,Пустые РК,60,1,1.67,8.8,8.79,12,0.0,0.0,,0.0,20,0,0.0,0.0,0.0,199,53,0,0,83.0000000000000000,27,91,0,310,7,1,4125.0000,1,4125.0000,1,4125.0000,1,0,0.0,2026-08-05,13,0,4757.0,,23.98,13.4,1140.85,0.0407,36.7,16.3,-3.0,ad_eater,E2,"1 кликов, 0 рекламных заказов; ставка 19 ₽ > потолка 16.3 ₽; но сам продаёт 4 125 ₽/90 дн; показов рекламы 60 за окно при ставке 19 ₽"
904483519,3747,"Картридж 408186 для принтеров Ricoh Aficio SPC360, SPC361 пурпурный",True,12.89,1,Эксперимент1,74,0,0.0,,0.0,0,0.0,0.0,,,22,0,0.0,0.0,0.0,2966,29,0,0,64.5000000000000000,39,62,0,3001,7,0,0,1,4092.0000,1,4092.0000,1,0,0.0,2026-06-05,74,0,,,,,,0.0676,,,,no_impressions,S1,показов рекламы 74 за окно при ставке 13 ₽
870872471,2283,"Картриджи 106R02763-106R02760 для принтеров Xerox Phaser 6020, Phaser6022, WC 6025, WC6027",True,19.33,1,от 2000 до 5000,37,0,0.0,,0.0,0,0.0,0.0,,,15,0,0.0,0.0,0.0,22170,100,0,0,96.7500000000000000,51,169,0,27495,7,0,0,1,4070.0000,1,4070.0000,1,0,0.0,2026-07-08,41,0,,,,,,0.0676,,,,no_impressions,S1,показов рекламы 37 за окно при ставке 19 ₽
864224808,0745,"Картридж CE255A для принтеров HP LJ P3015, LJ Pro M521dn",True,12.0,1,от 2000 до 5000,19,0,0.0,,0.0,0,0.0,0.0,,,14,0,0.0,0.0,0.0,2588,26,0,0,108.7500000000000000,56,72,0,3548,7,1,4008.0000,1,4008.0000,1,4008.0000,1,0,0.0,2026-08-10,8,0,,,,,,0.0676,,,,no_impressions,S1,показов рекламы 19 за окно при ставке 12 ₽
4736481388,7044,"Картридж TN-273M для принтеров Brother DCP-L3510CDW, DCP L3551CDW, HL-L3210CW, HLL3230CDN, hll3270cdw, HL L3290CDW, MFC-L3710CW, MFC-L3735CDN пурпурный",True,12.0,2,от 2000 до 5000 / Эксперимент1,0,0,,,0,0,0,0,,,0,0,0,0,0,0,0,0,0,,,0,0,0,0,0,0,1,3983.0000,1,3983.0000,1,0,0.0,2026-07-03,46,0,4410.0,,,,,0.0407,,,,no_impressions,S0,показов рекламы 0 за окно при ставке 12 ₽
4518320010,42645,Картридж для Xerox AltaLink C8055,True,12.89,1,Эксперимент1,79,0,0.0,,0.0,0,0.0,0.0,,,22,0,0.0,0.0,0.0,2049,23,0,0,69.0000000000000000,38,44,0,2070,7,0,0,1,3963.0000,1,3963.0000,1,0,0.0,2026-06-10,69,0,8191.0,,30.65,20.0,2510.81,0.0394,82.8,48.4,35.5,bid_up,B,сам продаёт 3 963 ₽/90 дн; показов рекламы 79 за окно при ставке 13 ₽
864225391,1079,"Картридж 006R01518 для принтеров Xerox и WorkCentre 7525, WC 7535, WC 7545 желтый",True,20.93,1,от 2000 до 5000,50,0,0.0,,0.0,0,0.0,0.0,,,17,0,0.0,0.0,0.0,102,67,0,0,65.5000000000000000,42,150,0,203,7,0,0,1,3950.0000,1,3950.0000,1,0,0.0,2026-05-22,88,0,5396.0,,29.18,18.6,1574.66,0.0394,51.4,28.9,8.0,bid_up,B,сам продаёт 3 950 ₽/90 дн; показов рекламы 50 за окно при ставке 21 ₽
863431258,0249,"Картридж TN-2275 для принтеров Brother DCP-7070DWR, FAX-2845, FAX 2940R, HL-2230, HL2240DR, HL2250DNR, HL 2270, MFC-7360NR, MFC-7860DWR DCP-7057R DCP7060DR",True,12.0,2,от 1000-2000 / Эксперимент1,62,0,0.0,,0.0,0,0.0,0.0,,,20,0,0.0,0.0,0.0,538,88,0,0,83.0000000000000000,64,171,0,3414,7,1,2125.0000,2,3924.0000,2,3924.0000,2,0,0.0,2026-07-28,21,0,,,,,,0.0676,,,,no_impressions,S1,показов рекламы 62 за окно при ставке 12 ₽
870872418,2361,"Картридж CF411X для принтеров HP LJ Color Pro M377dw, M452dn, M452nw, M477fdn, M477fdw голубой",True,14.0,1,Эксперимент1,96,0,0.0,,0.0,0,0.0,0.0,,,22,0,0.0,0.0,0.0,5984,23,0,0,98.7500000000000000,71,60,0,6029,7,0,0,1,3905.0000,1,3905.0000,1,0,0.0,2026-05-22,88,0,4241.0,,27.84,17.2,1180.58,0.0407,39.4,21.1,7.1,bid_up,B,сам продаёт 3 905 ₽/90 дн; показов рекламы 96 за окно при ставке 14 ₽
652352508,0816,"Картридж MLT-D115L для принтеров Samsung SL-M2880FW, SL-M2620D, SL M2670, SLM2820DW, SLM2830DW, SL M2870FD",True,12.0,2,от 2000 до 5000 / Эксперимент1,69,0,0.0,,0.0,0,0.0,0.0,,,19,0,0.0,0.0,0.0,120,91,0,0,64.0000000000000000,32,196,0,293,7,0,0,1,3871.0000,1,3871.0000,1,0,0.0,2026-07-16,33,0,,,,,,0.0676,,,,no_impressions,S1,показов рекламы 69 за окно при ставке 12 ₽
1139101709,5035,"Картридж 82 M для принтеров HP DesignJet 500, DJ 510, DJ 800 пурпурный",True,19.33,1,от 2000 до 5000,78,0,0.0,,0.0,0,0.0,0.0,,,15,0,0.0,0.0,0.0,747,90,0,0,67.2500000000000000,54,171,0,3546,7,0,0,1,3859.0000,1,3859.0000,1,0,0.0,2026-06-17,62,0,4282.0,,30.36,19.8,1299.84,0.0407,44.2,25.8,6.5,bid_up,B,сам продаёт 3 859 ₽/90 дн; показов рекламы 78 за окно при ставке 19 ₽
1139101724,5036,"Картридж 82 Y для принтеров HP DesignJet 500, DJ 510, DJ 800 желтый",True,19.33,1,от 2000 до 5000,98,0,0.0,,0.0,0,0.0,0.0,,,15,0,0.0,0.0,0.0,65,53,0,0,73.7500000000000000,34,135,0,3788,7,0,0,1,3859.0000,1,3859.0000,1,0,0.0,2026-06-17,62,0,4282.0,,30.36,19.8,1299.84,0.0407,44.2,25.8,6.5,bid_up,B,сам продаёт 3 859 ₽/90 дн; показов рекламы 98 за окно при ставке 19 ₽
652457973,3225,"Картридж W2031X для принтеров HP Color LaserJet M454dn, LJ Pro M454dw, M480f, M479dw, M479fdw голубой",True,14.5,1,Эксперимент1,93,0,0.0,,0.0,0,0.0,0.0,,,22,0,0.0,0.0,0.0,6006,55,0,0,117.2500000000000000,95,153,0,6155,7,0,0,1,3848.0000,1,3848.0000,1,0,0.0,2026-06-14,65,0,,,,,,0.0676,,,,no_impressions,S1,показов рекламы 93 за окно при ставке 14 ₽
652997543,0248,"Картридж для Brother DCP-7057R, DCP-7057WR, HL-2132R",True,8.0,1,Эксперимент1,61,0,0.0,,0.0,0,0.0,0.0,,,19,0,0.0,0.0,0.0,2852,54,0,0,155.7500000000000000,62,161,0,2976,7,0,0,2,3826.0000,2,3826.0000,2,0,0.0,2026-07-01,48,0,2291.0,,33.56,23.0,768.8,0.0407,26.6,16.8,8.8,bid_up,B,сам продаёт 3 826 ₽/90 дн; показов рекламы 61 за окно при ставке 8 ₽
2909352668,6611,"Фотобарабан + картридж DR-2335 DU+TN-2375X для принтеров Brother DCP-L2500, DCP L2520, HL-L2300, HLL2340, HL L2360, HL-L2365, HL L2380, MFC-L2700 MFCL2720DWR черный",True,12.89,1,Эксперимент1,96,0,0.0,,0.0,0,0.0,0.0,,,21,0,0.0,0.0,0.0,3345,141,0,0,99.5000000000000000,57,301,0,4482,7,0,0,1,3811.0000,1,3811.0000,1,0,0.0,2026-07-02,47,0,4987.0,,28.96,18.4,1444.03,0.0407,48.6,27.2,14.3,bid_up,B,сам продаёт 3 811 ₽/90 дн; показов рекламы 96 за окно при ставке 13 ₽
2509957954,5589,"Картридж TN-2480 для принтеров Brother DCP-L2550DW, HL-L2370DN, HL L2375DW, HLL2385DW, MFC-L2715DW, MFC-L2750DW черный",True,19.33,1,от 1000-2000,82,0,0.0,,0.0,0,0.0,0.0,,,21,0,0.0,0.0,0.0,1238,106,0,0,46.0000000000000000,21,243,0,1410,7,0,0,2,3804.0000,2,3804.0000,2,0,0.0,2026-07-03,46,0,2380.0,,29.39,18.8,699.39,0.0407,23.6,13.4,-5.9,no_impressions,S1,показов рекламы 82 за окно при ставке 19 ₽
1855059066,5704,"Картридж TN-1070 для принтеров Avision AM30A MFP, AP30A черный",True,13.0,2,от 2000 до 5000 / Эксперимент1,75,0,0.0,,0.0,0,0.0,0.0,,,21,0,0.0,0.0,0.0,233,83,0,0,34.0000000000000000,20,173,0,452,7,1,3801.0000,1,3801.0000,3,9577.0000,2,0,0.0,2026-07-20,29,0,4245.0,,27.31,16.7,1159.45,0.0407,38.5,20.2,7.2,no_impressions,S1,показов рекламы 75 за окно при ставке 13 ₽
873319973,3906,Картридж TK-7125 для принтеров Kyocera TASKalfa 3212i черный,True,20.93,1,от 2000 до 5000,50,2,4.0,11.6,23.25,32,0.0,0.0,,0.0,18,1,6.25,0.0,0.0,83,65,0,0,63.7500000000000000,35,196,0,2928,7,0,0,1,3759.0000,2,7557.0000,2,0,0.0,2026-06-17,62,0,4938.0,,27.47,16.9,1356.7,0.0407,45.1,23.9,3.0,ad_eater,E2,"2 кликов, 0 рекламных заказов; но сам продаёт 3 759 ₽/90 дн; показов рекламы 50 за окно при ставке 21 ₽"
870872436,2363,"Картридж CF413X для принтеров HP LJ Color Pro M377dw, M452dn, M452nw, M477fdn, M477fdw пурпурный",True,20.93,1,от 2000 до 5000,15,0,0.0,,0.0,0,0.0,0.0,,,10,0,0.0,0.0,0.0,1061,12,0,0,213.0000000000000000,129,40,0,1097,7,0,0,1,3683.0000,1,3683.0000,1,0,0.0,2026-05-22,88,0,,,,,,0.0676,,,,no_impressions,S1,показов рекламы 15 за окно при ставке 21 ₽
1719285984,5720,"Картридж 006R04370 для принтеров Xerox C310, C315 пурпурный",True,13.0,1,от 2000 до 5000,32,0,0.0,,0.0,0,0.0,0.0,,,17,0,0.0,0.0,0.0,36,28,0,1911,99.7500000000000000,42,73,0,978,7,1,3682.0000,1,3682.0000,2,7310.0000,2,0,0.0,2026-07-26,23,0,4529.0,,30.99,20.4,1403.42,0.0407,47.9,28.4,15.4,bid_up,B,сам продаёт 3 682 ₽/90 дн; показов рекламы 32 за окно при ставке 13 ₽
930641838,1073,"Картридж 006R01160 для принтеров Xerox WorkCentre 5330, WC 5335, WC 5325",True,19.33,1,от 2000 до 5000,48,0,0.0,,0.0,0,0.0,0.0,,,17,0,0.0,0.0,0.0,120,41,0,0,100.5000000000000000,45,84,0,2569,7,0,0,1,3679.0000,1,3679.0000,1,0,0.0,2026-06-06,73,0,4595.0,,28.2,17.6,1295.72,0.0407,43.4,23.6,4.3,bid_up,B,сам продаёт 3 679 ₽/90 дн; показов рекламы 48 за окно при ставке 19 ₽
1261504720,4736,"Картридж T9641 для принтеров Epson WorkForce Pro M5298, WF Pro M5299 черный",True,12.0,1,от 2000 до 5000,0,0,,,0,0,0,0,,,0,0,0,0,0,0,0,0,0,,,0,0,0,0,0,0,2,3634.0000,2,3634.0000,2,0,0.0,2026-07-03,46,0,1817.0,,,,,0.0574,,,,no_impressions,S0,показов рекламы 0 за окно при ставке 12 ₽
870872445,2362,"Картридж CF412X для принтеров HP LJ Color Pro M377dw, M452dn, M452nw, M477fdn, M477fdw желтый",True,14.5,1,Эксперимент1,60,0,0.0,,0.0,0,0.0,0.0,,,20,0,0.0,0.0,0.0,2902,23,0,0,170.5000000000000000,48,68,0,2961,7,0,0,1,3628.0000,1,3628.0000,1,0,0.0,2026-05-22,88,0,4487.0,,28.09,17.5,1260.59,0.0407,42.2,22.8,8.3,bid_up,B,сам продаёт 3 628 ₽/90 дн; показов рекламы 60 за окно при ставке 14 ₽
863385918,3789,"Картридж W1331X для принтеров HP Laser 408 dn, Laser 432 fdn черный",True,19.33,1,от 2000 до 5000,14,1,7.14,8.0,7.96,11,0.0,0.0,,0.0,9,0,0.0,0.0,0.0,41,27,0,0,53.7500000000000000,26,72,0,977,7,0,0,1,3627.0000,1,3627.0000,1,0,0.0,2026-06-17,62,0,4253.0,,27.85,17.2,1184.49,0.0407,39.5,21.1,1.8,ad_eater,E2,"1 кликов, 0 рекламных заказов; но сам продаёт 3 627 ₽/90 дн; показов рекламы 14 за окно при ставке 19 ₽"
1719288406,5721,"Картридж 006R04371 для принтеров Xerox C310, C315 желтый",True,12.0,1,от 2000 до 5000,34,0,0.0,,0.0,0,0.0,0.0,,,16,0,0.0,0.0,0.0,28,25,0,1873,52.2500000000000000,33,71,0,96,7,1,3612.0000,1,3612.0000,2,7240.0000,2,0,0.0,2026-07-26,23,0,4529.0,,30.98,20.4,1403.2,0.0407,47.9,28.4,16.4,bid_up,B,сам продаёт 3 612 ₽/90 дн; показов рекламы 34 за окно при ставке 12 ₽
930636404,0217,"Картридж 716C для принтеров Canon и i-SENSYS LBP-5050, LBP 5050N, MF-8030CN, MF8040CN, MF-8050CN, MF8080CW голубой",True,8.0,1,Эксперимент1,96,0,0.0,,0.0,0,0.0,0.0,,,21,0,0.0,0.0,0.0,4216,47,0,0,91.5000000000000000,71,123,0,10159,7,1,3598.0000,1,3598.0000,1,3598.0000,1,0,0.0,2026-08-14,4,0,1771.0,,8.0,-2.6,141.67,0.0574,3.1,-7.7,-15.7,no_impressions,S1,показов рекламы 96 за окно при ставке 8 ₽
3557210632,6806,"Картридж W1510A для принтеров HP LaserJet Pro 4003dn, LJ Pro 4103fdn черный",True,12.89,1,Эксперимент1,97,0,0.0,,0.0,0,0.0,0.0,,,19,0,0.0,0.0,0.0,1552,53,0,2584,133.2500000000000000,63,95,0,1614,7,1,3578.0000,1,3578.0000,1,3578.0000,1,0,0.0,2026-07-21,28,0,3706.0,,27.76,17.2,1028.7,0.0407,34.3,18.4,5.5,bid_up,B,сам продаёт 3 578 ₽/90 дн; показов рекламы 97 за окно при ставке 13 ₽
651909718,23554,"Картридж для Canon i-SENSYS MF-421dw, MF-426dw, MF 428x, MF429x, LBP-212dw, LBP-214dw",True,21.96,1,Вне РК — спрос без рекламы (08.08),94,0,0.0,,0.0,0,0.0,0.0,,,9,0,0.0,0.0,0.0,1591,34,0,0,57.5000000000000000,21,35,0,2807,5,1,3465.0000,1,3465.0000,4,11508.0000,2,0,0.0,2026-08-14,4,0,,,,,,0.0676,,,,no_impressions,S1,показов рекламы 94 за окно при ставке 22 ₽
4480824898,08718,Картридж для Kyocera EcoSys M6026cidn,True,19.33,2,от 2000 до 5000 / Эксперимент1,99,2,2.02,2.7,5.35,7,1.0,3450.0,0.2,50.0,20,0,0.0,0.0,0.0,73,33,0,0,45.5000000000000000,42,36,0,954,6,1,3450.0000,1,3450.0000,1,3450.0000,1,0,0.0,2026-08-03,15,0,4615.0,,27.16,16.6,1253.56,0.0407,41.6,21.8,2.5,no_impressions,S1,показов рекламы 99 за окно при ставке 19 ₽
863431275,02471,Картридж для Brother HL-2035R,True,12.89,1,Эксперимент1,77,1,1.3,15.5,15.52,21,0.0,0.0,,0.0,22,0,0.0,0.0,0.0,6233,43,0,0,48.7500000000000000,19,63,0,6345,7,0,0,2,3408.0000,4,7531.0000,4,0,0.0,2026-06-03,76,0,2818.0,,32.07,21.5,903.61,0.0407,31.0,18.9,6.0,ad_eater,E2,"1 кликов, 0 рекламных заказов; но сам продаёт 3 408 ₽/90 дн; показов рекламы 77 за окно при ставке 13 ₽"
1146702506,5221,Картридж TL-5126H для принтеров BM5106ADN черный,True,12.0,1,от 2000 до 5000,53,1,1.89,1.0,1.0,1,0.0,0.0,,0.0,17,1,1.0,0.0,0.0,3555,63,0,0,98.5000000000000000,47,110,0,6131,7,0,0,1,3379.0000,1,3379.0000,1,0,0.0,2026-07-08,41,0,,,,,,0.0676,,,,ad_eater,E2,"1 кликов, 0 рекламных заказов; но сам продаёт 3 379 ₽/90 дн; показов рекламы 53 за окно при ставке 12 ₽"
1153397897,0899,"Картриджи T7011-T7014 для принтеров Epson WF Pro WP-4015DN, WP 4095DN, WP4515DN, WP-4525DNF, WP4595DNF",True,20.93,1,от 2000 до 5000,65,1,1.54,15.4,15.4,21,0.0,0.0,,0.0,19,1,15.4,0.0,0.0,5322,67,0,0,67.0000000000000000,39,178,0,6113,6,0,0,1,3353.0000,1,3353.0000,2,1,50.0,2026-06-05,74,0,3926.0,,30.0,19.4,1177.71,0.0407,39.9,23.0,2.1,ad_eater,E4,"1 кликов, 0 рекламных заказов; отмены 50.0 %; показов рекламы 65 за окно при ставке 21 ₽"
930615296,1163,"Картридж CF400X для принтеров HP Color LJ Pro M252dw, LJ Pro M252n черный",True,9.0,1,Эксперимент1,60,0,0.0,,0.0,0,0.0,0.0,,,20,0,0.0,0.0,0.0,1049,29,0,0,365.5000000000000000,40,58,0,1097,7,1,3340.0000,1,3340.0000,1,3340.0000,1,0,0.0,2026-08-12,6,0,3794.0,,29.17,18.6,1106.7,0.0407,37.3,21.0,12.0,bid_up,B,сам продаёт 3 340 ₽/90 дн; показов рекламы 60 за окно при ставке 9 ₽
653450938,2365,"Картридж TK-1200 для принтеров Kyocera EcoSys M2235dn, M2735dn, M2835dw, P2335d",True,19.33,1,от 1000-2000,86,0,0.0,,0.0,0,0.0,0.0,,,20,0,0.0,0.0,0.0,2888,85,0,0,57.2500000000000000,48,258,0,8317,7,0,0,2,3326.0000,4,6700.0000,4,1,25.0,2026-06-05,74,0,,,,,,0.0676,,,,no_impressions,S1,показов рекламы 86 за окно при ставке 19 ₽
873312915,3470,"Картридж 106R03522 для принтеров Xerox и VersaLink C400, VersaLink C405 голубой",True,12.0,1,от 2000 до 5000,0,0,,,0,0,0,0,,,0,0,0,0,0,0,0,0,0,,,0,0,0,0,0,0,1,3282.0000,1,3282.0000,1,0,0.0,2026-07-02,47,0,3830.0,,,,,0.0407,,,,no_impressions,S0,показов рекламы 0 за окно при ставке 12 ₽
5322477276,5309X2,"Комплект тонера TN-420H (2 шт.) на 6000 страниц для принтеров M6700D, M6800FDW, M7100DN, M7200FD, M7300FDN, P3010D, P3300DN",True,20.0,1,Бандлы x2/x6 — старт (08.08),17,0,0.0,,0.0,0,0.0,0.0,,,5,0,0.0,0.0,0.0,83,10,0,0,144.0000000000000000,144,10,0,83,1,1,3276.0000,1,3276.0000,1,3276.0000,1,0,0.0,2026-08-06,12,0,3276.0,,37.32,26.7,1222.71,0.0407,43.1,28.9,8.9,bid_up,B,сам продаёт 3 276 ₽/90 дн; показов рекламы 17 за окно при ставке 20 ₽
653533496,0781,"Картридж TK-1110 для принтеров Kyocera FS-1120MFP, FS-1020MFP, FS-1040",True,12.0,1,от 1000-2000,84,0,0.0,,0.0,0,0.0,0.0,,,22,0,0.0,0.0,0.0,4513,187,0,0,63.7500000000000000,51,280,0,8112,7,0,0,2,3180.0000,2,3180.0000,1,0,0.0,2026-07-13,36,0,1449.0,,33.47,22.9,485.03,0.0574,23.7,14.9,2.9,bid_up,B,сам продаёт 3 180 ₽/90 дн; показов рекламы 84 за окно при ставке 12 ₽
930641275,0097,"Картриджи T0461-T0474 для принтеров Epson Stylus C63, Stylus C65",True,12.0,1,от 2000 до 5000,0,0,,,0,0,0,0,,,0,0,0,0,0,0,0,0,0,,,0,0,0,0,0,0,1,3161.00,1,3161.00,1,0,0.0,2026-07-02,47,0,4330.0,,,,,0.0407,,,,no_impressions,S0,показов рекламы 0 за окно при ставке 12 ₽
904483574,3536,"Картридж TN-910M для принтеров Brother и HL-L9310, MFC-L9570 пурпурный",True,14.5,1,Эксперимент1,49,0,0.0,,0.0,0,0.0,0.0,,,18,0,0.0,0.0,0.0,6534,24,0,0,89.5000000000000000,74,64,0,6577,7,0,0,1,3156.0000,1,3156.0000,1,0,0.0,2026-06-16,63,0,,,,,,0.0676,,,,no_impressions,S1,показов рекламы 49 за окно при ставке 14 ₽
864225317,0957,"Картриджи 933XL для принтеров HP OfficeJet 6100, Officejet 6600",True,19.33,1,от 2000 до 5000,82,0,0.0,,0.0,0,0.0,0.0,,,21,0,0.0,0.0,0.0,3009,80,0,0,76.5000000000000000,54,252,0,6354,7,0,0,1,3127.0000,1,3127.0000,1,0,0.0,2026-06-07,72,0,,,,,,0.0676,,,,no_impressions,S1,показов рекламы 82 за окно при ставке 19 ₽
4451299177,00392,Картридж для Samsung CLX-3160N,True,19.33,2,от 2000 до 5000 / Эксперимент1,0,0,,,0,0,0,0,,,0,0,0,0,0,0,0,0,0,,,0,0,0,0,0,0,1,3076.0000,1,3076.0000,1,0,0.0,2026-07-07,42,0,3420.0,,32.53,21.9,1112.48,0.0407,38.3,23.5,4.2,bid_up,B,сам продаёт 3 076 ₽/90 дн; показов рекламы 0 за окно при ставке 19 ₽
984583775,4726,Картридж 106R03772 для принтеров Xerox и VersaLink C7000 голубой,True,20.93,1,от 2000 до 5000,40,0,0.0,,0.0,0,0.0,0.0,,,20,0,0.0,0.0,0.0,349,36,0,0,124.5000000000000000,67,64,0,384,7,0,0,1,3057.0000,1,3057.0000,1,0,0.0,2026-05-22,88,0,,,,,,0.0676,,,,no_impressions,S1,показов рекламы 40 за окно при ставке 21 ₽
864225658,1227,"Картриджи LC563 для принтеров Brother и MFC-J2310, MFC J2510",True,12.0,1,от 2000 до 5000,79,1,1.27,1.0,1.0,1,0.0,0.0,,0.0,17,1,1.0,0.0,0.0,451,116,0,0,49.6666666666666667,31,156,0,929,6,0,0,1,3031.0000,1,3031.0000,1,0,0.0,2026-07-05,44,0,3436.0,,29.15,18.5,1001.59,0.0407,33.8,18.9,6.9,ad_eater,E2,"1 кликов, 0 рекламных заказов; но сам продаёт 3 031 ₽/90 дн; показов рекламы 79 за окно при ставке 12 ₽"
1510950802,5405,"Картридж W1500X для принтеров HP LaserJet M111, LJ M141 черный",True,21.96,1,Вне РК — спрос без рекламы (08.08),59,0,0.0,,0.0,0,0.0,0.0,,,9,0,0.0,0.0,0.0,202,43,0,0,92.2500000000000000,49,101,0,1267,7,0,0,1,2958.0000,1,2958.0000,1,0,0.0,2026-06-10,69,0,3385.0,,29.82,19.2,1009.51,0.0407,34.2,19.6,-2.4,no_impressions,S1,показов рекламы 59 за окно при ставке 22 ₽
864225693,1282,"Картридж CF413A для принтеров HP LJ Color Pro M377dw, M452dn, M452nw, M477fdn, M477fdw пурпурный",True,8.0,1,Эксперимент1,66,0,0.0,,0.0,0,0.0,0.0,,,20,0,0.0,0.0,0.0,31,27,0,0,98.2500000000000000,53,75,0,371,7,0,0,1,2941.0000,1,2941.0000,1,0,0.0,2026-07-08,41,0,,,,,,0.0676,,,,no_impressions,S1,показов рекламы 66 за окно при ставке 8 ₽
864225802,5370,"Картридж TN-118 для принтеров Konica Minolta BizhuB-215, Bizhub 164",True,10.0,1,Эксперимент1,94,0,0.0,,0.0,0,0.0,0.0,,,22,0,0.0,0.0,0.0,127,84,0,1924,51.7500000000000000,33,131,0,193,7,0,0,1,2933.0000,1,2933.0000,1,0,0.0,2026-07-17,32,0,2726.0,,30.92,20.3,842.95,0.0407,28.7,17.0,7.0,bid_up,B,сам продаёт 2 933 ₽/90 дн; показов рекламы 94 за окно при ставке 10 ₽
652692199,0729,Картридж C-EXV40 для принтеров Canon iR-1133 черный,True,8.0,1,Эксперимент1,59,0,0.0,,0.0,0,0.0,0.0,,,18,0,0.0,0.0,0.0,1227,35,0,0,129.5000000000000000,35,87,0,1305,7,1,2930.0000,1,2930.0000,1,2930.0000,1,0,0.0,2026-08-11,7,0,3463.0,,28.35,17.8,981.88,0.0407,32.9,18.0,10.0,bid_up,B,сам продаёт 2 930 ₽/90 дн; показов рекламы 59 за окно при ставке 8 ₽
906876631,2384,"Картридж TN-414 для принтеров Konica Minolta Bizhub 363, Bizhub 423",True,12.0,1,от 0 до 1000,60,0,0.0,,0.0,0,0.0,0.0,,,19,0,0.0,0.0,0.0,68,61,0,2144,37.2500000000000000,27,92,0,102,7,0,0,2,2924.0000,2,2924.0000,1,0,0.0,2026-07-15,34,0,1157.0,,11.09,0.5,128.31,0.0574,4.0,-3.0,-15.0,no_impressions,S1,показов рекламы 60 за окно при ставке 12 ₽
984584401,4727,Картридж 106R03771 для принтеров Xerox и VersaLink C7000 пурпурный,True,12.0,1,Пустые РК,0,0,,,0,0,0,0,,,0,0,0,0,0,0,0,0,0,,,0,0,0,0,0,0,1,2910.0000,1,2910.0000,1,0,0.0,2026-07-04,45,0,,,,,,0.0676,,,,no_impressions,S0,показов рекламы 0 за окно при ставке 12 ₽
1691956310,5545,"Картридж W1106X с чипом для принтеров HP Laser 107R, Laser 107W черный",True,20.93,1,от 2000 до 5000,45,0,0.0,,0.0,0,0.0,0.0,,,19,0,0.0,0.0,0.0,106,86,0,0,80.2500000000000000,37,197,0,3150,7,0,0,1,2757.0000,2,5559.0000,2,0,0.0,2026-06-29,50,0,3882.0,,32.33,21.7,1255.04,0.0407,43.2,26.4,5.5,bid_up,B,сам продаёт 2 757 ₽/90 дн; показов рекламы 45 за окно при ставке 21 ₽
4515703421,33675,Картридж для Brother HL-2140,True,8.0,1,Эксперимент1,58,0,0.0,,0.0,0,0.0,0.0,,,19,0,0.0,0.0,0.0,68,44,0,0,121.5000000000000000,61,79,0,1116,7,1,2740.0000,1,2740.0000,1,2740.0000,1,0,0.0,2026-07-19,30,0,2473.0,,24.62,14.0,608.96,0.0407,19.7,9.1,1.1,no_impressions,S1,показов рекламы 58 за окно при ставке 8 ₽
652454483,3232,"Картридж CF259A для принтеров HP LaserJet Pro M304, LJ Pro M404 черный",True,11.0,1,Эксперимент1,78,0,0.0,,0.0,0,0.0,0.0,,,21,0,0.0,0.0,0.0,1103,26,0,0,130.0000000000000000,101,52,0,1494,7,0,0,1,2723.0000,1,2723.0000,1,0,0.0,2026-06-30,49,0,,,,,,0.0676,,,,no_impressions,S1,показов рекламы 78 за окно при ставке 11 ₽
4451990321,02512,Картридж для Brother HL-5350DN,True,12.89,1,Эксперимент1,85,0,0.0,,0.0,0,0.0,0.0,,,21,0,0.0,0.0,0.0,44,37,0,0,132.7500000000000000,27,94,0,110,7,0,0,1,2642.0000,1,2642.0000,1,0,0.0,2026-06-23,56,0,2960.0,,30.25,19.6,895.38,0.0407,30.4,17.6,4.7,bid_up,B,сам продаёт 2 642 ₽/90 дн; показов рекламы 85 за окно при ставке 13 ₽
653072463,2316,"Фотобарабан DR-1095 DU для принтеров Brother DCP-1602, HL-1202 черный",True,19.33,1,от 1000-2000,65,0,0.0,,0.0,0,0.0,0.0,,,22,0,0.0,0.0,0.0,3351,91,0,1547,78.5000000000000000,33,156,0,3471,7,1,2500.0000,1,2500.0000,1,2500.0000,1,0,0.0,2026-07-21,28,0,,,,,,0.0676,,,,no_impressions,S1,показов рекламы 65 за окно при ставке 19 ₽
906874212,4180,"Картридж W1106X для принтеров HP Laser 107A, Laser107R черный",True,12.0,1,Эксперимент1,0,0,,,0,0,0,0,,,0,0,0,0,0,0,0,0,0,,,0,0,0,0,1,2487.0000,1,2487.0000,1,2487.0000,1,0,0.0,2026-07-24,25,0,2990.0,,33.43,22.8,999.65,0.0407,34.6,21.7,9.7,bid_up,B,сам продаёт 2 487 ₽/90 дн; показов рекламы 0 за окно при ставке 12 ₽
1659412524,5525,"Картридж W1450A для принтеров HP LaserJet Pro 3003 DN/DNE/DW/DWE/MFP, 3103 DN/DW/DWE черный",True,8.0,1,Эксперимент1,0,0,,,0,0,0,0,,,0,0,0,0,0,0,0,0,0,,,0,0,0,0,0,0,1,2456.0000,2,5028.0000,2,0,0.0,2026-06-06,73,0,6015.0,,,,,0.0394,,,,no_impressions,S0,показов рекламы 0 за окно при ставке 8 ₽
904483744,3350,"Картридж PC-310H для принтеров Pantum P3105DN, P3200D, P3205D, P3100D",True,12.0,1,от 2000 до 5000,0,0,,,0,0,0,0,,,0,0,0,0,0,0,0,0,0,,,0,0,0,0,0,0,1,2411.00,1,2411.00,1,0,0.0,2026-06-11,68,0,4685.0,,,,,0.0407,,,,no_impressions,S0,показов рекламы 0 за окно при ставке 12 ₽
653325375,1327,"Картридж CLT-C404S для принтеров Samsung SL-C430, SL C430W, SLC480, SL-C480FW, SLC480W голубой",True,11.0,1,Эксперимент1,76,0,0.0,,0.0,0,0.0,0.0,,,22,0,0.0,0.0,0.0,9988,36,0,0,390.2500000000000000,21,125,0,19080,7,0,0,1,2386.0000,1,2386.0000,1,0,0.0,2026-06-07,72,0,3137.0,,30.77,20.2,965.25,0.0407,32.9,19.4,8.4,bid_up,B,сам продаёт 2 386 ₽/90 дн; показов рекламы 76 за окно при ставке 11 ₽
1143060743,5216,"Картридж S015339 для принтеров Epson PLQ-20, PLQ-20M",True,21.96,1,Вне РК — спрос без рекламы (08.08),87,0,0.0,,0.0,0,0.0,0.0,,,8,0,0.0,0.0,0.0,287,184,0,0,10.5000000000000000,6,355,0,519,7,0,0,1,2329.0000,1,2329.0000,2,1,50.0,2026-05-26,84,0,3413.0,,31.24,20.6,1066.26,0.0407,36.4,21.7,-0.3,no_impressions,S1,показов рекламы 87 за окно при ставке 22 ₽
2522862925,6206,"Картридж TK-1270 для принтеров Kyocera ECOSYS MA4000cifx, MA4000cix черный",True,20.93,1,от 2000 до 5000,91,2,2.2,27.9,55.89,76,0.0,0.0,,0.0,20,2,55.89,0.0,0.0,208,152,0,0,30.5000000000000000,13,413,0,3346,7,0,0,1,2289.0000,1,2289.0000,3,2,66.7,2026-05-28,82,1,4076.0,,29.04,18.4,1183.7,0.0407,39.9,22.2,1.3,ad_eater,E4,"2 кликов, 0 рекламных заказов; отмены 66.7 %; показов рекламы 91 за окно при ставке 21 ₽"
1137066180,4998,"Картридж T7892 для принтеров Epson WorkForce Pro WF-5110, WF 5190, WF5620, WF-5690 голубой",True,11.28,1,Эксперимент1,84,0,0.0,,0.0,0,0.0,0.0,,,22,0,0.0,0.0,0.0,77,58,0,0,67.2500000000000000,38,108,0,158,7,0,0,1,2280.0000,1,2280.0000,1,0,0.0,2026-06-26,53,0,2290.0,,30.51,19.9,698.6,0.0407,23.8,13.9,2.6,bid_up,B,сам продаёт 2 280 ₽/90 дн; показов рекламы 84 за окно при ставке 11 ₽
930627557,1289,"Картридж C-EXV37 для принтеров Canon iR1730i, iR1740i черный",True,20.93,2,от 2000 до 5000 / Эксперимент1,80,0,0.0,,0.0,0,0.0,0.0,,,20,0,0.0,0.0,0.0,21,21,0,0,66.0000000000000000,21,50,0,2789,7,0,0,1,2266.0000,1,2266.0000,1,0,0.0,2026-05-28,82,0,3533.0,,29.47,18.9,1041.31,0.0407,35.2,20.0,-0.9,no_impressions,S1,показов рекламы 80 за окно при ставке 21 ₽
873313759,3618,"Картридж 719 для принтеров Canon i-SENSYS LBP-251dw, LBP 252dw, MF-411dw, MF416dw, MF-418x, MF419x, MF 5840dn, MF 5940dn MF5980dw MF6180dw черный",True,12.89,1,Эксперимент1,95,0,0.0,,0.0,0,0.0,0.0,,,20,0,0.0,0.0,0.0,96,82,0,0,115.2500000000000000,41,196,0,239,7,0,0,1,2242.0000,1,2242.0000,1,0,0.0,2026-05-30,80,0,3017.0,,30.52,19.9,920.82,0.0407,31.3,18.3,5.4,bid_up,B,сам продаёт 2 242 ₽/90 дн; показов рекламы 95 за окно при ставке 13 ₽
1775299553,5777,Картридж TN-2410 для принтеров Brother и HL-L2350 черный,True,12.89,1,Эксперимент1,97,1,1.03,11.0,11.04,15,0.0,0.0,,0.0,22,1,11.04,0.0,0.0,100,78,0,0,38.5000000000000000,14,134,0,164,7,0,0,1,2212.0000,1,2212.0000,1,0,0.0,2026-06-30,49,0,3888.0,,29.97,19.4,1165.37,0.0407,39.5,22.8,9.9,ad_eater,E2,"1 кликов, 0 рекламных заказов; но сам продаёт 2 212 ₽/90 дн; показов рекламы 97 за окно при ставке 13 ₽"
652454599,0825,"Картридж CF283A для принтеров HP LaserJet Pro M125, LJ Pro M126, LJ Pro M127",True,8.0,1,Эксперимент1,55,1,1.82,4.9,4.86,7,0.0,0.0,,0.0,20,0,0.0,0.0,0.0,416,79,0,0,72.5000000000000000,61,128,0,680,7,0,0,1,2203.0000,2,4009.0000,2,0,0.0,2026-07-03,46,0,2361.0,,30.23,19.6,713.75,0.0407,24.2,14.0,6.0,ad_eater,E2,"1 кликов, 0 рекламных заказов; но сам продаёт 2 203 ₽/90 дн; показов рекламы 55 за окно при ставке 8 ₽"
874374260,4331,"Фотобарабан DL-425 DU для принтеров M7105DN, P3305DN черный",True,19.33,1,от 2000 до 5000,43,0,0.0,,0.0,0,0.0,0.0,,,19,0,0.0,0.0,0.0,3518,43,0,0,67.2500000000000000,29,88,0,3624,7,0,0,1,2200.0000,1,2200.0000,1,0,0.0,2026-07-06,43,0,,,,,,0.0676,,,,no_impressions,S1,показов рекламы 43 за окно при ставке 19 ₽
873314252,3628,"Картридж CF279X для принтеров HP LaserJet Pro M12, LJ Pro M26 черный",True,12.0,2,от 1000-2000 / Эксперимент1,89,0,0.0,,0.0,0,0.0,0.0,,,21,0,0.0,0.0,0.0,120,72,0,0,64.2500000000000000,38,156,0,2623,7,1,2165.0000,1,2165.0000,1,2165.0000,1,0,0.0,2026-07-29,20,0,2395.0,,33.07,22.5,791.91,0.0407,27.4,17.1,5.1,bid_up,B,сам продаёт 2 165 ₽/90 дн; показов рекламы 89 за окно при ставке 12 ₽
863392466,3229,"Картридж W1106A для принтеров HP Laser 107A, Laser107R черный",True,21.96,1,Вне РК — спрос без рекламы (08.08),13,0,0.0,,0.0,0,0.0,0.0,,,6,0,0.0,0.0,0.0,1640,23,0,0,81.5000000000000000,16,54,0,5404,7,0,0,1,2164.0000,1,2164.0000,1,0,0.0,2026-06-03,76,0,,,,,,0.0676,,,,no_impressions,S1,показов рекламы 13 за окно при ставке 22 ₽
930613268,0663,Картридж 106R01481 для принтеров Xerox Phaser 6140 голубой,True,13.0,1,Эксперимент1,12,0,0.0,,0.0,0,0.0,0.0,,,7,0,0,0,0,12,11,0,0,124.6666666666666667,24,40,0,49,6,0,0,1,2132.0000,1,2132.0000,1,0,0.0,2026-05-21,89,0,3848.0,,29.24,18.6,1125.26,0.0407,38.0,21.3,8.3,bid_up,B,сам продаёт 2 132 ₽/90 дн; показов рекламы 12 за окно при ставке 13 ₽
4451921994,00815,Картридж для Brother MFC-7320R,True,12.89,1,Эксперимент1,96,1,1.04,18.4,18.45,25,0.0,0.0,,0.0,22,1,18.45,0.0,0.0,60,56,0,0,42.7500000000000000,33,95,0,104,7,0,0,1,2100.0000,1,2100.0000,1,0,0.0,2026-06-10,69,0,2482.0,,31.81,21.2,789.64,0.0407,27.1,16.4,3.5,ad_eater,E2,"1 кликов, 0 рекламных заказов; но сам продаёт 2 100 ₽/90 дн; показов рекламы 96 за окно при ставке 13 ₽"
653382718,3351,"Картридж SP-230H для принтеров Ricoh Aficio SP 230SFNw, SP 230FNw, 230DNw",True,19.33,1,от 1000-2000,34,0,0.0,,0.0,0,0.0,0.0,,,17,0,0.0,0.0,0.0,58,46,0,0,67.0000000000000000,44,137,0,159,7,0,0,1,2093.0000,1,2093.0000,1,0,0.0,2026-06-05,74,0,2681.0,,31.43,20.8,842.63,0.0407,28.8,17.2,-2.1,no_impressions,S1,показов рекламы 34 за окно при ставке 19 ₽
873314457,3261,"Картридж TL-420H для принтеров M6700D, M6800FDW, M7100DN, M7200FD, M7300FDN, P3010D, P3300DN черный",True,19.0,1,от 1000-2000,84,0,0.0,,0.0,0,0.0,0.0,,,20,0,0.0,0.0,0.0,315,118,0,0,111.5000000000000000,76,274,0,1577,7,0,0,1,2040.0000,3,6080.0000,2,0,0.0,2026-05-27,83,0,,,,,,0.0676,,,,no_impressions,S1,показов рекламы 84 за окно при ставке 19 ₽
1153413185,1184,"Картридж TK-1115 для принтеров Kyocera и FS-1041, FS 1220MFP, FS1320MF черный",True,10.0,2,от 1000-2000 / Эксперимент1,41,0,0.0,,0.0,0,0.0,0.0,,,17,0,0.0,0.0,0.0,45,22,0,0,34.0000000000000000,16,22,0,45,3,0,0,1,2039.0000,1,2039.0000,1,0,0.0,2026-07-17,32,0,,,,,,0.0676,,,,no_impressions,S1,показов рекламы 41 за окно при ставке 10 ₽
1692496540,5633,Картридж TK-5440Y для принтеров Kyocera ECOSYS MA2100cfx желтый,True,19.33,1,от 1000-2000,40,0,0.0,,0.0,0,0.0,0.0,,,19,0,0.0,0.0,0.0,347,48,0,0,60.2500000000000000,46,152,0,482,7,0,0,1,1962.0000,2,4092.0000,2,0,0.0,2026-05-28,82,0,2299.0,,32.84,22.2,755.1,0.0407,26.0,16.1,-3.2,no_impressions,S1,показов рекламы 40 за окно при ставке 19 ₽
930621980,1237,"Картриджи LC985 для принтеров Brother DCP-J125, DCP J140W, MFC-J220, MFCJ265W",True,8.0,1,Эксперимент1,77,0,0.0,,0.0,0,0.0,0.0,,,21,0,0.0,0.0,0.0,365,57,0,0,91.7500000000000000,62,100,0,408,7,0,0,1,1928.0000,1,1928.0000,1,0,0.0,2026-07-06,43,0,,,,,,0.0676,,,,no_impressions,S1,показов рекламы 77 за окно при ставке 8 ₽
652459847,1276,"Картридж CF283X для принтеров HP LaserJet Pro M201, LJ Pro M225 MFP черный",True,19.33,1,от 1000-2000,43,0,0.0,,0.0,0,0.0,0.0,,,17,0,0.0,0.0,0.0,5732,54,0,0,97.5000000000000000,83,102,0,6694,7,0,0,1,1922.0000,1,1922.0000,1,0,0.0,2026-05-27,83,0,,,,,,0.0676,,,,no_impressions,S1,показов рекламы 43 за окно при ставке 19 ₽
2203178987,0210,Картридж CE312A желтый,True,12.89,1,Эксперимент1,87,1,1.15,11.4,11.43,16,0.0,0.0,,0.0,22,1,11.43,0.0,0.0,310,25,0,0,75.5000000000000000,60,63,0,868,7,0,0,1,1880.0000,1,1880.0000,1,0,0.0,2026-05-29,81,0,2267.0,,31.22,20.6,707.71,0.0407,24.2,14.4,1.5,ad_eater,E2,"1 кликов, 0 рекламных заказов; но сам продаёт 1 880 ₽/90 дн; показов рекламы 87 за окно при ставке 13 ₽"
651919804,0211,Картридж CE313A пурпурный,True,12.89,1,Эксперимент1,54,0,0.0,,0.0,0,0.0,0.0,,,18,0,0.0,0.0,0.0,1433,19,0,0,100.5000000000000000,83,57,0,1588,6,0,0,1,1795.0000,1,1795.0000,1,0,0.0,2026-05-29,81,0,2283.0,,31.36,20.8,715.9,0.0407,24.5,14.7,1.8,bid_up,B,сам продаёт 1 795 ₽/90 дн; показов рекламы 54 за окно при ставке 13 ₽
1999662883,6002,"Лента TZE831 для принтеров Brother PT-D210, PT D210VP, PTD450VP, PT-D600VP, PTE110VP, PT E300VP",True,10.0,1,от 1000-2000,54,0,0.0,,0.0,0,0.0,0.0,,,19,0,0.0,0.0,0.0,79,63,0,0,110.2500000000000000,49,170,0,205,7,0,0,1,1786.0000,1,1786.0000,1,0,0.0,2026-07-08,41,0,2102.0,,28.1,17.5,590.71,0.0407,19.8,10.7,0.7,no_impressions,S1,показов рекламы 54 за окно при ставке 10 ₽
930626420,2737,"Лента TZe-231 для принтеров Brother PT-1000, PT 1005, PT1010, PT-1080, PT1090, PT 1100 черный",True,12.0,1,от 1000-2000,68,0,0.0,,0.0,0,0.0,0.0,,,20,0,0.0,0.0,0.0,77,67,0,0,102.7500000000000000,63,148,0,186,7,1,1756.0000,1,1756.0000,1,1756.0000,1,0,0.0,2026-08-10,8,0,,,,,,0.0676,,,,no_impressions,S1,показов рекламы 68 за окно при ставке 12 ₽
930609191,0238,"Картридж TK-1100 для принтеров Kyocera FS-1024MFP, FS 1110, FS1124MFP черный",True,11.0,1,от 1000-2000,39,0,0.0,,0.0,0,0.0,0.0,,,20,0,0.0,0.0,0.0,4455,54,0,1016,97.2500000000000000,51,127,0,5389,7,0,0,1,1693.0000,2,3140.0000,2,0,0.0,2026-07-16,33,0,1646.0,,26.46,15.9,435.59,0.0574,20.3,10.3,-0.7,no_impressions,S1,показов рекламы 39 за окно при ставке 11 ₽
930617062,0783,"Картридж CF350A для принтеров HP и Color LJ Pro M176n, LJ Pro M177fw черный",True,18.0,2,от 1000-2000 / Эксперимент1,79,1,1.27,17.8,17.76,24,0.0,0.0,,0.0,19,1,17.76,0.0,0.0,8137,41,0,0,100.5000000000000000,43,102,0,8224,7,0,0,1,1672.0000,2,3350.0000,2,0,0.0,2026-05-27,83,0,,,,,,0.0676,,,,ad_eater,E2,"1 кликов, 0 рекламных заказов; но сам продаёт 1 672 ₽/90 дн; показов рекламы 79 за окно при ставке 18 ₽"
863393818,0118,Картридж TK-120 для принтеров Kyocera FS-1030 черный,True,13.0,1,от 1000-2000,13,0,0.0,,0.0,0,0.0,0.0,,,9,0,0.0,0.0,0.0,24,20,0,0,63.7500000000000000,20,43,0,869,7,0,0,1,1656.0000,1,1656.0000,1,0,0.0,2026-06-24,55,0,1630.0,,27.82,17.2,453.52,0.0574,21.4,11.4,-1.6,no_impressions,S1,показов рекламы 13 за окно при ставке 13 ₽
653396827,1429,"Картридж MP301E для принтеров Ricoh Aficio MP 301SP, MP 301SPF черный",True,16.1,1,от 1000-2000,86,0,0.0,,0.0,0,0.0,0.0,,,20,0,0.0,0.0,0.0,3115,43,0,0,52.5000000000000000,32,113,0,5246,7,0,0,1,1629.0000,1,1629.0000,1,0,0.0,2026-06-17,62,0,,,,,,0.0676,,,,no_impressions,S1,показов рекламы 86 за окно при ставке 16 ₽
1569982713,5416,"Чернила GI-41Y для принтеров Canon и Pixma G1420, Pixma G2420 желтый",True,10.0,1,от 0 до 1000,72,0,0.0,,0.0,0,0.0,0.0,,,22,0,0.0,0.0,0.0,473,128,0,0,157.2500000000000000,117,328,0,1263,7,0,0,3,1588.0000,3,1588.0000,3,0,0.0,2026-06-21,58,0,744.0,,20.91,10.3,155.54,0.0676,8.0,2.7,-7.3,no_impressions,S1,показов рекламы 72 за окно при ставке 10 ₽
864225048,0980,"Картридж 44992404 для принтеров OKI MB451w, B401, MB441",True,16.0,1,от 1000-2000,34,0,0.0,,0.0,0,0.0,0.0,,,15,0,0.0,0.0,0.0,5407,37,0,0,59.5000000000000000,36,125,0,5506,7,0,0,1,1538.0000,1,1538.0000,1,0,0.0,2026-06-09,70,0,1968.0,,29.34,18.7,577.51,0.0574,27.5,15.5,-0.5,no_impressions,S1,показов рекламы 34 за окно при ставке 16 ₽
653078688,2315,"Картридж TN-1095 для принтеров Brother DCP-1602, HL-1202 черный",True,7.0,1,Эксперимент1,38,0,0.0,,0.0,0,0.0,0.0,,,17,0,0.0,0.0,0.0,6762,55,0,0,93.2500000000000000,45,165,0,8971,7,0,0,1,1526.0000,1,1526.0000,1,0,0.0,2026-07-01,48,0,1693.0,,31.4,20.8,531.61,0.0574,25.7,15.4,8.4,bid_up,B,сам продаёт 1 526 ₽/90 дн; показов рекламы 38 за окно при ставке 7 ₽
652618918,1265,"Картридж T0794 для принтеров Epson Stylus Photo 1400, Stylus Photo 1500W желтый",True,12.0,1,от 0 до 1000,87,0,0.0,,0.0,0,0.0,0.0,,,22,0,0.0,0.0,0.0,3095,98,0,0,74.5000000000000000,60,179,0,3184,7,1,716.0000,2,1481.0000,3,2191.0000,4,1,25.0,2026-07-26,23,0,734.0,,21.92,11.3,160.9,0.0676,8.4,3.1,-8.9,no_impressions,S1,показов рекламы 87 за окно при ставке 12 ₽
1659435372,5527,"Картридж W1450X для принтеров HP LaserJet Pro 3001dw, LJ Pro 3002dn черный",True,21.96,1,Вне РК — спрос без рекламы (08.08),0,0,,,0,0,0,0,,,0,0,0,0,0,0,0,0,0,,,0,0,0,0,0,0,1,1400.00,2,4263.0000,2,0,0.0,2026-06-16,63,0,6980.0,,27.89,17.3,1946.4,0.0394,63.0,33.8,11.8,bid_up,B,сам продаёт 1 400 ₽/90 дн; показов рекламы 0 за окно при ставке 22 ₽
4480825505,07811,Картридж для Kyocera FS-1040,True,12.0,2,от 1000-2000 / Эксперимент1,98,0,0.0,,0.0,0,0.0,0.0,,,21,0,0.0,0.0,0.0,165,122,0,0,62.5000000000000000,44,248,0,367,7,0,0,1,1370.0000,1,1370.0000,1,0,0.0,2026-06-25,54,0,1450.0,,29.77,19.2,431.61,0.0574,20.6,11.8,-0.2,no_impressions,S1,показов рекламы 98 за окно при ставке 12 ₽
866443682,1545,Картридж T966 для принтеров Epson и Stylus Photo R2880 светло-пурпурный,True,11.0,1,от 1000-2000,50,2,4.0,4.7,9.45,13,1.0,1346.0,0.7,50.0,12,1,1.0,1.0,1346.0,103,28,0,0,64.0000000000000000,43,57,0,133,6,1,1346.0000,1,1346.0000,2,2974.0000,2,0,0.0,2026-08-10,8,0,,,,,,0.0676,,,,no_impressions,S1,показов рекламы 50 за окно при ставке 11 ₽
906875000,0842,"Картридж T7011 для принтеров Epson и WF Pro WP-4015DN, WP 4095DN, WP4515DN, WP-4525DNF, WP4595DNF черный",True,12.0,1,от 1000-2000,59,0,0.0,,0.0,0,0.0,0.0,,,21,0,0.0,0.0,0.0,474,58,0,818,41.5000000000000000,22,93,0,767,7,1,1337.0000,1,1337.0000,1,1337.0000,1,0,0.0,2026-07-24,25,0,1346.0,,29.52,18.9,397.31,0.0574,19.0,10.7,-1.3,no_impressions,S1,показов рекламы 59 за окно при ставке 12 ₽
652585994,0843,"Картридж T7012 для принтеров Epson WF Pro WP-4015DN, WP 4095DN, WP4515DN, WP-4525DNF, WP4595DNF голубой",True,15.0,1,Вне РК — спрос без рекламы (08.08),21,0,0.0,,0.0,0,0.0,0.0,,,8,0,0.0,0.0,0.0,9,9,0,0,88.0000000000000000,20,28,0,57,6,0,0,1,1308.0000,1,1308.0000,1,0,0.0,2026-06-08,71,0,,,,,,0.0676,,,,no_impressions,S1,показов рекламы 21 за окно при ставке 15 ₽
866443315,1543,Картридж T964 для принтеров Epson и Stylus Photo R2880 желтый,True,10.0,1,Эксперимент1,72,1,1.39,1.0,1.0,1,2.0,2578.0,0.0,200.0,15,1,1.0,2.0,2578.0,29,23,0,0,23.6666666666666667,23,49,0,155,6,1,1289.0000,1,1289.0000,2,2877.0000,3,1,33.3,2026-08-10,8,0,,,,,,0.0676,,,,no_impressions,S1,показов рекламы 72 за окно при ставке 10 ₽
906875316,0945,"Картридж T0549 для принтеров Epson Stylus Photo R1800, Stylus Photo R800 синий",True,10.0,1,от 0 до 1000,43,0,0.0,,0.0,0,0.0,0.0,,,18,0,0.0,0.0,0.0,218,63,0,0,61.5000000000000000,31,110,0,368,7,0,0,1,1174.0000,1,1174.0000,1,0,0.0,2026-07-05,44,0,1149.0,,24.67,14.1,283.45,0.0574,13.0,6.0,-4.0,no_impressions,S1,показов рекламы 43 за окно при ставке 10 ₽
1153396313,0944,"Картридж T0548 для принтеров Epson Stylus Photo R1800, Stylus Photo R800 черный матовый",True,10.0,1,от 0 до 1000,15,0,0.0,,0.0,0,0.0,0.0,,,8,0,0.0,0.0,0.0,19,19,0,0,59.0000000000000000,39,51,0,81,6,0,0,1,1158.0000,1,1158.0000,1,0,0.0,2026-07-01,48,0,,,,,,0.0676,,,,no_impressions,S1,показов рекламы 15 за окно при ставке 10 ₽
863431965,0481,Картридж T036 Epson черный совместимый,True,10.0,1,от 0 до 1000,69,1,1.45,1.0,1.0,1,0.0,0.0,,0.0,21,1,1.0,0.0,0.0,241,83,0,0,50.2500000000000000,32,163,0,427,7,0,0,1,1068.0000,2,2099.0000,2,0,0.0,2026-06-17,62,0,,,,,,0.0676,,,,ad_eater,E2,"1 кликов, 0 рекламных заказов; но сам продаёт 1 068 ₽/90 дн; показов рекламы 69 за окно при ставке 10 ₽"
652561625,1445,"Картридж CLI-36 для принтеров Canon Pixma iP100, PixmaiP110 цветной",True,10.0,1,от 0 до 1000,35,0,0.0,,0.0,0,0.0,0.0,,,17,0,0.0,0.0,0.0,182,69,0,0,205.2500000000000000,114,142,0,1793,7,0,0,1,1018.0000,1,1018.0000,1,0,0.0,2026-06-30,49,0,,,,,,0.0676,,,,no_impressions,S1,показов рекламы 35 за окно при ставке 10 ₽
652454593,0950,"Картридж 951XL для принтеров HP OfficeJet Pro 251, OfficeJet Pro 276 dw пурпурный",True,12.0,1,от 0 до 1000,39,0,0.0,,0.0,0,0.0,0.0,,,22,0,0.0,0.0,0.0,55,45,0,0,74.5000000000000000,38,97,0,111,7,0,0,1,980.0000,1,980.0000,1,0,0.0,2026-05-22,88,0,,,,,,0.0676,,,,no_impressions,S1,показов рекламы 39 за окно при ставке 12 ₽
652550537,0325,"Картридж 920XLBK для принтеров HP OfficeJet 6000, OfficeJet 6500 черный",True,11.0,1,от 0 до 1000,59,0,0.0,,0.0,0,0.0,0.0,,,21,0,0.0,0.0,0.0,115,67,0,0,65.2500000000000000,43,130,0,184,7,0,0,1,964.0000,1,964.0000,1,0,0.0,2026-05-28,82,0,,,,,,0.0676,,,,no_impressions,S1,показов рекламы 59 за окно при ставке 11 ₽
930617769,3050,"Картридж CLI-481XXLPB для принтеров Canon Pixma TS8140, PixmaTS8240 фото-голубой",True,11.0,1,от 0 до 1000,53,0,0.0,,0.0,0,0.0,0.0,,,22,0,0.0,0.0,0.0,133,79,0,0,89.5000000000000000,46,161,0,253,7,0,0,1,953.0000,1,953.0000,1,0,0.0,2026-06-11,68,0,,,,,,0.0676,,,,no_impressions,S1,показов рекламы 53 за окно при ставке 11 ₽
1268493020,4747,"Лента ERC-09 purple для принтеров Epson HX-20, M-160, M 163, M164, M-180, M181, M 182, M 185 M190 M192 M 195 фиолетовый",True,15.0,1,Вне РК — спрос без рекламы (08.08),86,0,0.0,,0.0,0,0.0,0.0,,,9,0,0.0,0.0,0.0,26,24,0,0,48.7500000000000000,8,47,0,95,7,0,0,1,943.0000,1,943.0000,3,2,66.7,2026-06-04,75,0,1226.0,,27.86,17.3,341.58,0.0574,16.1,8.7,-6.3,no_impressions,S1,показов рекламы 86 за окно при ставке 15 ₽
652802423,3048,"Картридж CLI-481XXLC для принтеров Canon Pixma TR7540, Pixma TR8540 голубой",True,13.0,1,от 0 до 1000,69,0,0.0,,0.0,0,0.0,0.0,,,22,0,0.0,0.0,0.0,175,102,0,0,77.0000000000000000,53,227,0,368,7,0,0,1,926.0000,1,926.0000,1,0,0.0,2026-06-16,63,0,909.0,,23.06,12.5,209.59,0.0676,11.1,4.6,-8.4,no_impressions,S1,показов рекламы 69 за окно при ставке 13 ₽
652586720,3049,"Картридж CLI-481XXLM для принтеров Canon Pixma TR7540, Pixma TR8540 пурпурный",True,7.0,1,Эксперимент1,43,0,0.0,,0.0,0,0.0,0.0,,,19,0,0.0,0.0,0.0,104,57,0,0,76.7500000000000000,50,134,0,218,7,0,0,1,869.0000,1,869.0000,1,0,0.0,2026-05-22,88,0,909.0,,23.13,12.5,210.28,0.0676,11.1,4.6,-2.4,no_impressions,S1,показов рекламы 43 за окно при ставке 7 ₽
653123894,0594,"Картридж LC-1000Y для принтеров Brother DCP-130C, DCP 150C, MFC-230C, MFC-235C желтый",True,10.0,1,от 0 до 1000,69,2,2.9,11.4,22.75,31,0.0,0.0,,0.0,19,0,0.0,0.0,0.0,128,82,0,461,52.0000000000000000,48,132,0,191,7,0,0,1,815.0000,1,815.0000,1,0,0.0,2026-07-14,35,0,,,,,,0.0676,,,,ad_eater,E2,"2 кликов, 0 рекламных заказов; но сам продаёт 815 ₽/90 дн; показов рекламы 69 за окно при ставке 10 ₽"
1153218062,0590,"Картридж LC-900Y для принтеров Brother и DCP-110C, DCP 115C, FAX-1835C, FAX1840C, MFC-210C, MFC 215C желтый",True,10.0,1,от 0 до 1000,44,0,0.0,,0.0,0,0.0,0.0,,,18,0,0.0,0.0,0.0,64,48,0,370,70.0000000000000000,34,94,0,110,7,1,781.0000,1,781.0000,1,781.0000,1,0,0.0,2026-08-06,12,0,781.0,,22.65,12.0,176.87,0.0676,9.3,3.7,-6.3,no_impressions,S1,показов рекламы 44 за окно при ставке 10 ₽
930640538,0592,"Картридж LC-1000C для принтеров Brother DCP-130C, DCP 150C, MFC-230C, MFC-235C голубой",True,10.0,1,от 0 до 1000,36,1,2.78,10.4,10.4,14,0.0,0.0,,0.0,17,0,0.0,0.0,0.0,57,44,0,0,72.5000000000000000,54,82,0,99,7,1,688.0000,1,688.0000,1,688.0000,1,0,0.0,2026-07-22,27,0,,,,,,0.0676,,,,ad_eater,E2,"1 кликов, 0 рекламных заказов; но сам продаёт 688 ₽/90 дн; показов рекламы 36 за окно при ставке 10 ₽"
1232708857,0597,"Картридж LC-1100M для принтеров Brother DCP-145C, DCP 163C, MFC-250C, MFC290C пурпурный",True,12.0,1,от 0 до 1000,92,0,0.0,,0.0,0,0.0,0.0,,,22,0,0.0,0.0,0.0,159,101,0,0,73.7500000000000000,51,151,0,211,7,0,0,1,631.0000,2,1297.0000,2,0,0.0,2026-05-20,90,0,707.0,,20.14,9.5,142.4,0.0676,7.2,2.1,-9.9,no_impressions,S1,показов рекламы 92 за окно при ставке 12 ₽
653129110,0596,"Картридж LC-1100C для принтеров Brother DCP-145C, DCP 163C, MFC-250C, MFC290C голубой",True,12.0,1,от 0 до 1000,73,0,0.0,,0.0,0,0.0,0.0,,,22,0,0.0,0.0,0.0,113,74,0,0,69.5000000000000000,41,138,0,193,7,0,0,1,631.0000,3,1954.0000,3,0,0.0,2026-05-20,90,0,,,,,,0.0676,,,,no_impressions,S1,показов рекламы 73 за окно при ставке 12 ₽
930625931,0907,Картридж DS T0541 Epson фото-черный совместимый,True,10.0,1,от 0 до 1000,40,0,0.0,,0.0,0,0.0,0.0,,,18,0,0.0,0.0,0.0,4358,49,0,0,51.2500000000000000,36,75,0,4386,7,0,0,1,474.0000,1,474.0000,1,0,0.0,2026-07-05,44,0,,,,,,0.0676,,,,no_impressions,S1,показов рекламы 40 за окно при ставке 10 ₽
930641324,0940,Картридж DS T0542 Epson голубой совместимый,True,10.0,1,от 0 до 1000,34,1,2.94,10.1,10.07,14,0.0,0.0,,0.0,13,1,10.07,0.0,0.0,211,30,0,0,93.2500000000000000,37,105,0,2028,7,0,0,1,474.0000,1,474.0000,1,0,0.0,2026-07-01,48,0,,,,,,0.0676,,,,ad_eater,E2,"1 кликов, 0 рекламных заказов; но сам продаёт 474 ₽/90 дн; показов рекламы 34 за окно при ставке 10 ₽"
930625326,1248,Картридж T0345 для принтеров Epson Stylus Photo 2100 светло-голубой,True,11.0,1,от 0 до 1000,81,2,2.47,9.8,19.67,27,0.0,0.0,,0.0,19,0,0.0,0.0,0.0,7947,70,0,0,83.0000000000000000,38,100,0,7985,7,1,428.0000,1,428.0000,2,876.0000,2,0,0.0,2026-08-14,4,0,,,,,,0.0676,,,,ad_eater,E2,"2 кликов, 0 рекламных заказов; но сам продаёт 428 ₽/90 дн; показов рекламы 81 за окно при ставке 11 ₽"
930631263,1249,Картридж T0346 для принтеров Epson Stylus Photo 2100 светло-пурпурный,True,11.0,1,от 0 до 1000,84,2,2.38,5.4,10.84,15,0.0,0.0,,0.0,20,0,0.0,0.0,0.0,11135,77,0,0,99.0000000000000000,34,103,0,11165,7,1,428.0000,1,428.0000,2,876.0000,2,0,0.0,2026-08-14,4,0,419.0,,8.26,-2.3,34.61,0.0676,0.9,-2.1,-13.1,ad_eater,E2,"2 кликов, 0 рекламных заказов; ставка 11 ₽ > потолка -2.1 ₽; но сам продаёт 428 ₽/90 дн; показов рекламы 84 за окно при ставке 11 ₽"
863431156,0490,Картридж DS T0442 Epson голубой совместимый,True,11.0,1,от 0 до 1000,44,0,0.0,,0.0,0,0.0,0.0,,,19,0,0.0,0.0,0.0,576,53,0,0,92.7500000000000000,56,117,0,814,7,0,0,1,427.00,2,867.0000,2,0,0.0,2026-06-05,74,0,,,,,,0.0676,,,,no_impressions,S1,показов рекламы 44 за окно при ставке 11 ₽
3199351315,3133,Картридж T0599 для принтеров Epson Stylus Photo R2400 светло-серый,True,12.0,1,от 0 до 1000,84,0,0.0,,0.0,0,0.0,0.0,,,19,0,0.0,0.0,0.0,8543,86,0,0,62.2500000000000000,25,150,0,11500,7,1,419.0000,1,419.0000,1,419.0000,1,0,0.0,2026-08-09,9,0,419.0,,9.26,-1.3,38.8,0.0676,1.2,-1.8,-13.8,no_impressions,S1,показов рекламы 84 за окно при ставке 12 ₽
930615603,1259,Картридж T0596 для принтеров Epson и Stylus Photo R2400 светло-пурпурный,True,11.0,1,от 0 до 1000,99,6,6.06,12.1,72.67,99,1.0,419.0,17.3,16.67,21,6,72.67,1.0,419.0,3148,83,0,0,68.2500000000000000,41,135,0,3388,7,1,419.0000,1,419.0000,1,419.0000,1,0,0.0,2026-08-09,9,0,419.0,,9.26,-1.3,38.8,0.0676,1.2,-1.8,-12.8,ad_eater,E3,ДРР 17.3 %; ставка 11 ₽ > потолка -1.8 ₽; показов рекламы 99 за окно при ставке 11 ₽
1003270787,4824,"Фотобарабан A7U40TD для принтеров Konica Minolta Bizhub 308, Bizhub 458 цветной",True,12.0,1,от 10000 до 500 тыс,55,1,1.82,11.2,11.24,15,0.0,0.0,,0.0,20,1,11.24,0.0,0.0,3740,74,0,0,89.2500000000000000,22,169,0,15043,7,0,0,0,0,0,0,0,0,,,,0,,,,,,0.0676,,,,ad_eater,E1,"1 кликов, 0 рекламных заказов; продаж не было вовсе; показов рекламы 55 за окно при ставке 12 ₽"
1011524372,4825,"Фотобарабаны A7U40RD-A7U40TD для принтеров Konica Minolta Bizhub 308, Bizhub 458",True,19.33,1,от 10000 до 500 тыс,36,0,0.0,,0.0,0,0.0,0.0,,,14,0,0.0,0.0,0.0,238,50,0,0,42.6666666666666667,29,144,0,400,6,0,0,0,0,1,18846.0000,1,0,0.0,2026-05-13,97,0,31976.0,,24.08,13.5,7700.48,0.0565,344.9,153.7,134.4,no_impressions,S1,показов рекламы 36 за окно при ставке 19 ₽
1134976310,4951,"Картридж C-EXV47 для принтеров Canon и iR Advance C250, iR Advance C350 черный",True,12.0,1,от 2000 до 5000,18,0,0.0,,0.0,0,0.0,0.0,,,10,0,0.0,0.0,0.0,25,23,0,0,103.5000000000000000,47,32,0,51,7,0,0,0,0,0,0,0,0,,,,0,,,,,,0.0676,,,,no_impressions,S1,показов рекламы 18 за окно при ставке 12 ₽
1134976352,4970,Картридж CLI-42Y для принтеров Canon Pixma PRO-100 желтый,True,8.0,1,Эксперимент1,57,0,0.0,,0.0,0,0.0,0.0,,,18,0,0.0,0.0,0.0,34,34,0,0,102.7500000000000000,40,71,0,86,7,0,0,0,0,0,0,0,0,,,,0,,,,,,0.0676,,,,no_impressions,S1,показов рекламы 57 за окно при ставке 8 ₽
1134976716,4966,Картридж CLI-42LGY для принтеров Canon Pixma PRO-100 светло-серый,True,8.0,1,Эксперимент1,71,0,0.0,,0.0,0,0.0,0.0,,,22,0,0.0,0.0,0.0,45,44,0,0,112.5000000000000000,56,92,0,97,7,0,0,0,0,0,0,0,0,,,,0,1423.0,,28.93,18.3,411.68,0.0574,19.6,10.9,2.9,no_impressions,S1,показов рекламы 71 за окно при ставке 8 ₽
1137065958,4999,"Картридж T7893 для принтеров Epson WorkForce Pro WF-5110, WF 5190, WF5620, WF-5690 пурпурный",True,8.0,1,Эксперимент1,57,0,0.0,,0.0,0,0.0,0.0,,,15,0,0.0,0.0,0.0,332,41,0,0,89.7500000000000000,46,67,0,358,7,0,0,0,0,2,3590.0000,1,0,0.0,2026-05-06,104,0,2290.0,,30.51,19.9,698.6,0.0407,23.8,13.9,5.9,no_impressions,S1,показов рекламы 57 за окно при ставке 8 ₽
1141051363,5092,"Фотобарабан IUP18 для принтеров Konica Minolta Bizhub 3320, Bizhub 4020 черный",True,8.0,1,Эксперимент1,68,0,0.0,,0.0,0,0.0,0.0,,,21,0,0.0,0.0,0.0,2797,69,0,0,32.5000000000000000,30,159,0,4299,7,0,0,0,0,0,0,0,0,,,,0,12420.0,,24.83,14.2,3083.78,0.0565,139.2,64.6,56.6,no_impressions,S1,показов рекламы 68 за окно при ставке 8 ₽
1143059234,5123,Картридж 45862848 для принтеров OKI Data MC873 черный,True,8.0,1,Эксперимент1,28,0,0.0,,0.0,0,0.0,0.0,,,13,0,0.0,0.0,0.0,25,24,0,0,52.5000000000000000,49,47,0,55,6,0,0,0,0,0,0,0,0,,,,0,,,,,,0.0676,,,,no_impressions,S1,показов рекламы 28 за окно при ставке 8 ₽
1143060134,5162,Картридж SP-8400E для принтеров Ricoh и Aficio SP-8400 черный,True,9.0,1,Эксперимент1,65,0,0.0,,0.0,0,0.0,0.0,,,22,0,0.0,0.0,0.0,41,39,0,0,47.2500000000000000,33,66,0,1030,7,0,0,0,0,0,0,0,0,,,,0,,,,,,0.0676,,,,no_impressions,S1,показов рекламы 65 за окно при ставке 9 ₽
1143061185,5152,"Картридж TL-428H для принтеров M7108DN, P3308DN черный",True,8.0,1,Эксперимент1,53,1,1.89,1.0,1.0,1,0.0,0.0,,0.0,16,1,1.0,0.0,0.0,3971,55,0,0,61.2500000000000000,27,92,0,4060,7,0,0,0,0,0,0,0,0,,,,0,,,,,,0.0676,,,,ad_eater,E1,"1 кликов, 0 рекламных заказов; продаж не было вовсе; показов рекламы 53 за окно при ставке 8 ₽"
1153216564,0501,"Картридж 12036SE для принтеров Lexmark E120, E120n черный",True,12.0,1,от 2000 до 5000,27,0,0.0,,0.0,0,0.0,0.0,,,16,0,0.0,0.0,0.0,13419,72,0,0,146.0000000000000000,37,137,0,24204,7,0,0,0,0,0,0,0,0,,,,0,,,,,,0.0676,,,,no_impressions,S1,показов рекламы 27 за окно при ставке 12 ₽
1153219983,0568,"Картридж TN-6600 для принтеров Brother FAX-4750, FAX 5750, FAX8350P, HL-1030, HL-1230, HL 1240, HL1250, HL1430 HL 1440 черный",True,8.0,1,Эксперимент1,64,0,0.0,,0.0,0,0.0,0.0,,,22,0,0.0,0.0,0.0,1172,45,0,0,46.5000000000000000,26,78,0,5647,7,0,0,0,0,0,0,0,0,,,,0,,,,,,0.0676,,,,no_impressions,S1,показов рекламы 64 за окно при ставке 8 ₽
1153409601,1260,Картридж T0597 для принтеров Epson и Stylus Photo R2400 серый,True,7.0,1,Эксперимент1,82,1,1.22,9.6,9.6,13,0.0,0.0,,0.0,21,1,9.6,0.0,0.0,19,18,0,0,94.7500000000000000,27,28,0,29,7,0,0,0,0,0,0,0,0,,,,0,,,,,,0.0676,,,,ad_eater,E1,"1 кликов, 0 рекламных заказов; продаж не было вовсе; показов рекламы 82 за окно при ставке 7 ₽"
1153410240,1256,Картридж T0593 для принтеров Epson и Stylus Photo R2400 пурпурный,True,11.0,1,от 1000-2000,30,0,0.0,,0.0,0,0.0,0.0,,,18,0,0.0,0.0,0.0,32,31,0,0,67.0000000000000000,31,40,0,41,7,0,0,0,0,0,0,0,0,,,,0,,,,,,0.0676,,,,no_impressions,S1,показов рекламы 30 за окно при ставке 11 ₽
1153410352,1178,"Картридж CF323A для принтеров HP и Color LaserJet M680, LJ-M680z, LJM680dn, LJ M680f пурпурный",True,13.0,1,от 5000 до 10000,6,0,0.0,,0.0,0,0.0,0.0,,,5,0,0.0,0.0,0.0,993,19,0,0,54.0000000000000000,13,38,0,4580,7,0,0,0,0,0,0,0,0,,,,0,,,,,,0.0676,,,,no_impressions,S1,показов рекламы 6 за окно при ставке 13 ₽
1153419535,1452,Картридж PFI-703C для принтеров Canon и iPF iPF810 голубой,True,8.0,1,Эксперимент1,11,0,0.0,,0.0,0,0.0,0.0,,,3,0,0,0,0,0,0,0,0,,,0,0,0,0,0,0,0,0,0,0,0,0,,,,0,,,,,,0.0676,,,,no_impressions,S1,показов рекламы 11 за окно при ставке 8 ₽
1153667499,1727,"Картридж 60F5X00 для принтеров Lexmark MX510de, MX511, MX611de черный",True,12.0,1,от 2000 до 5000,49,0,0.0,,0.0,0,0.0,0.0,,,21,0,0.0,0.0,0.0,142,67,0,0,77.7500000000000000,45,206,0,1194,7,0,0,0,0,1,5290.0000,1,0,0.0,2026-05-01,109,0,,,,,,0.0676,,,,no_impressions,S1,показов рекламы 49 за окно при ставке 12 ₽
1153668799,1731,"Картридж 70C8HK0 для принтеров Lexmark CS310, CS410, CS510 черный",True,12.0,1,от 2000 до 5000,66,3,4.55,7.6,22.78,31,0.0,0.0,,0.0,18,1,1.0,0.0,0.0,3277,46,0,0,97.0000000000000000,58,78,0,3311,7,0,0,0,0,0,0,0,0,,,,0,,,,,,0.0676,,,,ad_eater,E1,"3 кликов, 0 рекламных заказов; продаж не было вовсе; показов рекламы 66 за окно при ставке 12 ₽"
1153669759,1748,"Картридж T650H21E для принтеров Lexmark T650, T652 черный",True,9.0,1,Эксперимент1,39,0,0.0,,0.0,0,0.0,0.0,,,18,0,0.0,0.0,0.0,108,44,0,0,118.5000000000000000,38,77,0,955,7,0,0,0,0,0,0,0,0,,,,0,9145.0,,24.56,14.0,2245.93,0.0394,70.5,32.4,23.4,no_impressions,S1,показов рекламы 39 за окно при ставке 9 ₽
1153669912,1800,"Картридж 44059107 для принтеров OKI C810, C830 голубой",True,9.0,1,Эксперимент1,67,0,0.0,,0.0,0,0.0,0.0,,,21,0,0.0,0.0,0.0,3882,10,0,0,132.7500000000000000,65,35,0,3909,7,0,0,0,0,0,0,0,0,,,,0,6609.0,,27.05,16.5,1787.43,0.0394,57.4,30.0,21.0,no_impressions,S1,показов рекламы 67 за окно при ставке 9 ₽
1153670788,1799,"Картридж 44059108 для принтеров OKI C810, C830 черный",True,8.0,1,Эксперимент1,51,0,0.0,,0.0,0,0.0,0.0,,,18,0,0.0,0.0,0.0,2793,11,0,0,66.0000000000000000,45,32,0,2815,6,0,0,0,0,0,0,0,0,,,,0,,,,,,0.0676,,,,no_impressions,S1,показов рекламы 51 за окно при ставке 8 ₽
1153720555,1937,"Картридж T6945 для принтеров Epson SureColor SC-SC-T7200, SC T3000, SCT3200, SC-T5000, SCT5200, SC T7000 черный матовый",True,19.33,1,от 10000 до 500 тыс,15,0,0.0,,0.0,0,0.0,0.0,,,3,0,0,0,0,0,0,0,0,,,0,0,0,0,0,0,0,0,1,15541.0000,1,0,0.0,2026-05-11,99,0,,,,,,0.0676,,,,no_impressions,S1,показов рекламы 15 за окно при ставке 19 ₽
1153731902,1994,"Фотобарабан DR-114 DU для принтеров Konica Minolta 7115, 7118, 7216, 7218, 7220, Bizhub 162, Bizhub 163, Di-152 Di 1611 Di-183 Di 2011 черный",True,12.0,1,от 10000 до 500 тыс,79,0,0.0,,0.0,0,0.0,0.0,,,21,0,0.0,0.0,0.0,441,93,0,0,52.7500000000000000,36,204,0,5846,7,0,0,0,0,0,0,0,0,,,,1,36324.0,,24.2,13.6,8789.63,0.0565,394.3,176.6,164.6,no_impressions,S1,показов рекламы 79 за окно при ставке 12 ₽
1153736550,2043,"Картридж TN-611Y для принтеров Konica Minolta Bizhub C451, Bizhub C550 желтый",True,12.0,1,Пустые РК,15,0,0.0,,0.0,0,0.0,0.0,,,9,0,0.0,0.0,0.0,33,30,0,0,51.0000000000000000,14,62,0,69,6,0,0,0,0,0,0,1,1,100.0,,,0,22340.0,,23.86,13.3,5329.72,0.0565,238.2,104.8,92.8,no_impressions,S1,показов рекламы 15 за окно при ставке 12 ₽
1153740852,2041,"Картридж TN-611C для принтеров Konica Minolta Bizhub C451, Bizhub C550 голубой",True,12.0,1,Пустые РК,23,0,0.0,,0.0,0,0.0,0.0,,,10,0,0.0,0.0,0.0,35,33,0,0,59.6666666666666667,43,58,0,68,6,0,0,0,0,0,0,1,1,100.0,,,0,22340.0,,23.86,13.3,5329.72,0.0565,238.2,104.8,92.8,no_impressions,S1,показов рекламы 23 за окно при ставке 12 ₽
1153742679,2096,Картридж SPC820Bk для принтеров Ricoh Aficio SPC820 черный,True,12.0,2,от 10000 до 500 тыс / Эксперимент1,59,0,0.0,,0.0,0,0.0,0.0,,,14,0,0.0,0.0,0.0,996,6,0,0,90.0000000000000000,34,9,0,1014,4,0,0,0,0,0,0,0,0,,,,0,14536.0,,23.56,13.0,3424.83,0.0565,152.5,65.7,53.7,no_impressions,S1,показов рекламы 59 за окно при ставке 12 ₽
1153750954,2125,"Картридж T-2507E для принтеров Toshiba и e-Studio 2006, e Studio 2007, eStudio 2506 черный",True,12.0,2,от 2000 до 5000 / Эксперимент1,79,0,0.0,,0.0,0,0.0,0.0,,,20,0,0.0,0.0,0.0,67,47,0,0,56.0000000000000000,35,98,0,997,7,0,0,0,0,0,0,0,0,,,,0,,,,,,0.0676,,,,no_impressions,S1,показов рекламы 79 за окно при ставке 12 ₽
1153751469,2206,"Картридж S015327BA для принтеров Epson FX-2190, LQ-2090 черный",True,10.0,1,от 1000-2000,55,1,1.82,10.2,10.16,14,0.0,0.0,,0.0,19,0,0.0,0.0,0.0,66,48,0,0,68.5000000000000000,38,110,0,137,7,0,0,0,0,0,0,0,0,,,,0,,,,,,0.0676,,,,ad_eater,E1,"1 кликов, 0 рекламных заказов; продаж не было вовсе; показов рекламы 55 за окно при ставке 10 ₽"
1153752044,2189,"Картридж 973XLC для принтеров HP PageWide P55250, PW P57750, PW Pro 452dw голубой",True,8.0,1,Эксперимент1,70,0,0.0,,0.0,0,0.0,0.0,,,19,0,0.0,0.0,0.0,3801,52,0,0,51.0000000000000000,35,96,0,3925,7,0,0,0,0,0,0,0,0,,,,0,,,,,,0.0676,,,,no_impressions,S1,показов рекламы 70 за окно при ставке 8 ₽
1153754272,2215,"Картридж ML182 для принтеров OKI ML-182, ML 192, ML280, ML-320, ML3311, ML 3320, ML 3390, ML3391 черный",True,11.0,1,от 0 до 1000,97,1,1.03,15.1,15.12,21,0.0,0.0,,0.0,22,1,15.12,0.0,0.0,109,94,0,0,39.2500000000000000,31,161,0,187,7,0,0,0,0,1,1235.0000,1,0,0.0,2026-05-15,95,0,995.0,,24.24,13.6,241.19,0.0676,12.9,5.8,-5.2,ad_eater,E1,"1 кликов, 0 рекламных заказов; ставка 11 ₽ > потолка 5.8 ₽; последняя продажа 2026-05-15; показов рекламы 97 за окно при ставке 11 ₽"
1153790956,2785,"Картридж 45862852 для принтеров OKI и MC 873, MC853 черный",True,8.0,1,Эксперимент1,52,2,3.85,10.1,20.13,27,0.0,0.0,,0.0,20,1,6.73,0.0,0.0,38,37,0,0,58.2500000000000000,45,73,0,372,7,0,0,0,0,0,0,0,0,,,,0,,,,,,0.0676,,,,ad_eater,E1,"2 кликов, 0 рекламных заказов; продаж не было вовсе; показов рекламы 52 за окно при ставке 8 ₽"
1153791623,2805,"Фотобарабан MLT-R704 DU для принтеров Samsung MultiXpress K3250NR, K3300NR черный",True,12.0,1,от 10000 до 500 тыс,35,1,2.86,12.4,12.39,17,0.0,0.0,,0.0,17,1,12.39,0.0,0.0,44,42,0,0,30.5000000000000000,10,85,0,96,7,0,0,0,0,0,0,0,0,,,,0,,,,,,0.0676,,,,ad_eater,E1,"1 кликов, 0 рекламных заказов; продаж не было вовсе; показов рекламы 35 за окно при ставке 12 ₽"
1153792143,2786,"Картридж 45862851 для принтеров OKI и MC 873, MC853 голубой",True,8.0,1,Эксперимент1,75,1,1.33,11.9,11.94,16,0.0,0.0,,0.0,20,0,0.0,0.0,0.0,45,43,0,0,44.5000000000000000,34,81,0,373,7,0,0,0,0,0,0,1,1,100.0,,,0,11063.0,,24.93,14.3,2758.42,0.0565,124.7,58.2,50.2,ad_eater,E1,"1 кликов, 0 рекламных заказов; продаж не было вовсе; показов рекламы 75 за окно при ставке 8 ₽"
1153793912,2776,"Картридж X746A1CG для принтеров Lexmark и X740s, X746 голубой",True,12.89,1,Эксперимент1,54,2,3.7,10.6,21.1,29,0.0,0.0,,0.0,14,2,21.1,0.0,0.0,87,29,0,0,118.6666666666666667,60,70,0,136,6,0,0,0,0,1,21547.0000,1,0,0.0,2026-05-13,97,0,25596.0,,23.97,13.4,6135.39,0.0565,274.5,121.6,108.7,ad_eater,E1,"2 кликов, 0 рекламных заказов; последняя продажа 2026-05-13; показов рекламы 54 за окно при ставке 13 ₽"
1153800028,2892,"Фотобарабан B0392214 DU для принтеров Ricoh Aficio 1015, 1018, 1113, 1115, 1600, Aficio 1900, 2000, 2001 2015 2020 2352 2500 2501 2510 2550 2851 2852 3010 3025 3030 3350 3351 MP1500 черный",True,13.0,1,от 10000 до 500 тыс,48,0,0.0,,0.0,0,0.0,0.0,,,19,0,0.0,0.0,0.0,109,89,0,0,53.7500000000000000,50,209,0,3159,7,0,0,0,0,0,0,0,0,,,,1,,,,,,0.0676,,,,no_impressions,S1,показов рекламы 48 за окно при ставке 13 ₽
1153801216,2967,"Картридж CF294X для принтеров HP LaserJet Pro M118dw, LJ Pro M148dw черный",True,12.0,2,от 2000 до 5000 / Эксперимент1,58,0,0.0,,0.0,0,0.0,0.0,,,21,0,0.0,0.0,0.0,1169,41,0,0,62.5000000000000000,42,73,0,1258,7,0,0,0,0,0,0,0,0,,,,0,,,,,,0.0676,,,,no_impressions,S1,показов рекламы 58 за окно при ставке 12 ₽
1153805332,3033,"Фотобарабан 43979002 DU для принтеров OKI B410, B430, B440, MB460, MB470 черный",True,12.0,1,от 5000 до 10000,34,0,0.0,,0.0,0,0.0,0.0,,,18,0,0.0,0.0,0.0,3437,39,0,0,79.7500000000000000,51,119,0,10739,7,0,0,0,0,0,0,0,0,,,,0,,,,,,0.0676,,,,no_impressions,S1,показов рекламы 34 за окно при ставке 12 ₽
1153805351,3088,"Картридж CF460X для принтеров HP и Color LJ M652dn, LJ M653dn черный",True,8.0,1,Эксперимент1,55,0,0.0,,0.0,0,0.0,0.0,,,19,0,0.0,0.0,0.0,14073,43,0,0,95.2500000000000000,73,86,0,19390,7,0,0,0,0,0,0,0,0,,,,0,14418.0,,25.87,15.3,3730.09,0.0565,170.1,84.0,76.0,no_impressions,S1,показов рекламы 55 за окно при ставке 8 ₽
1153807742,3146,Картридж 106R02608 для принтеров Xerox Phaser 7100 желтый,True,12.0,1,от 2000 до 5000,12,0,0.0,,0.0,0,0.0,0.0,,,8,0,0.0,0.0,0.0,16,16,0,0,120.5000000000000000,31,27,0,31,7,0,0,0,0,0,0,0,0,,,,0,,,,,,0.0676,,,,no_impressions,S1,показов рекламы 12 за окно при ставке 12 ₽
1153810360,3144,Картридж 106R02606 для принтеров Xerox Phaser 7100 голубой,True,20.93,1,от 2000 до 5000,47,0,0.0,,0.0,0,0.0,0.0,,,16,0,0.0,0.0,0.0,6926,40,0,0,138.7500000000000000,94,69,0,7801,7,0,0,0,0,1,3175.0000,1,0,0.0,2026-05-19,91,0,,,,,,0.0676,,,,no_impressions,S1,показов рекламы 47 за окно при ставке 21 ₽
1155649679,2438,"Картридж C-EXV39 для принтеров Canon iR Advance 4025i, iR Advance 4035i черный",True,8.0,1,Эксперимент1,64,0,0.0,,0.0,0,0.0,0.0,,,18,0,0.0,0.0,0.0,24,23,0,0,106.2500000000000000,46,42,0,46,7,0,0,0,0,0,0,0,0,,,,0,,,,,,0.0676,,,,no_impressions,S1,показов рекламы 64 за окно при ставке 8 ₽
1156701906,2959,"Фотобарабан C-EXV32 DU для принтеров Canon ImageRunner 2520, iR-2525, iR 2530, iR2535, iR2545 черный",True,19.33,1,от 10000 до 500 тыс,66,0,0.0,,0.0,0,0.0,0.0,,,22,0,0.0,0.0,0.0,3489,88,0,0,72.7500000000000000,40,208,0,3637,7,0,0,0,0,3,28833.0000,1,0,0.0,2026-05-11,99,0,,,,,,0.0676,,,,no_impressions,S1,показов рекламы 66 за окно при ставке 19 ₽
1156703707,2975,Картридж C950X2MGM для принтеров Lexmark Optra C950de пурпурный,True,12.0,1,от 10000 до 500 тыс,6,0,0.0,,0.0,0,0.0,0.0,,,4,0,0.0,0.0,0.0,68,11,0,0,203.0000000000000000,53,23,0,81,5,0,0,0,0,0,0,0,0,,,,0,19224.0,,23.89,13.3,4592.92,0.0565,205.3,90.2,78.2,no_impressions,S1,показов рекламы 6 за окно при ставке 12 ₽
1163041118,2042,"Картридж TN-611M для принтеров Konica Minolta Bizhub C451, Bizhub C550 пурпурный",True,12.0,1,Пустые РК,24,0,0.0,,0.0,0,0.0,0.0,,,10,0,0.0,0.0,0.0,46,39,0,0,71.6666666666666667,58,67,0,79,6,0,0,0,0,0,0,1,1,100.0,,,0,22340.0,,23.86,13.3,5329.72,0.0565,238.2,104.8,92.8,no_impressions,S1,показов рекламы 24 за окно при ставке 12 ₽
1163041319,2339,"Картридж TN-326C для принтеров Brother HL-L8250CDN, MFC-L8650CDW голубой",True,9.0,1,Эксперимент1,39,0,0.0,,0.0,0,0.0,0.0,,,13,0,0.0,0.0,0.0,5921,18,0,0,52.0000000000000000,34,18,0,5921,2,0,0,0,0,0,0,0,0,,,,0,4517.0,,28.12,17.5,1270.35,0.0407,42.5,23.0,14.0,no_impressions,S1,показов рекламы 39 за окно при ставке 9 ₽
1165086536,2780,Картридж 46507520 для принтеров OKI и C612 черный,True,12.89,1,Эксперимент1,65,0,0.0,,0.0,0,0.0,0.0,,,21,0,0.0,0.0,0.0,2105,39,0,0,51.0000000000000000,22,81,0,5897,7,0,0,0,0,1,6965.0000,1,0,0.0,2026-05-11,99,0,11864.0,,25.05,14.5,2972.44,0.0565,134.5,63.7,50.8,no_impressions,S1,показов рекламы 65 за окно при ставке 13 ₽
1167177870,3147,Картриджи 106R02606-106R02612 для принтеров Xerox Phaser 7100,True,12.89,1,Эксперимент1,96,0,0.0,,0.0,0,0.0,0.0,,,13,0,0.0,0.0,0.0,97,56,0,0,37.6666666666666667,19,104,0,150,6,0,0,0,0,1,12779.0000,1,0,0.0,2026-05-12,98,0,,,,,,0.0676,,,,no_impressions,S1,показов рекламы 96 за окно при ставке 13 ₽
1167177953,3252,"Картридж S015020 для принтеров Epson FX-100, FX 1000, FX105, FX-1050, FX1170, FX 1180, MX-100, RX-100 черный",True,8.0,1,Эксперимент1,77,0,0.0,,0.0,0,0.0,0.0,,,15,0,0.0,0.0,0.0,112,87,0,0,47.0000000000000000,23,214,0,257,7,0,0,0,0,0,0,0,0,,,,0,3229.0,,31.28,20.7,1010.07,0.0407,34.5,20.6,12.6,no_impressions,S1,показов рекламы 77 за окно при ставке 8 ₽
1220200132,5232,"Картридж 067H для принтеров Canon i-SENSYS LBP631CW, LBP633, MF651, MF651Cw желтый",True,8.0,1,Эксперимент1,92,0,0.0,,0.0,0,0.0,0.0,,,22,0,0.0,0.0,0.0,4522,54,0,0,98.2500000000000000,93,89,0,9777,7,0,0,0,0,0,0,0,0,,,,0,2967.0,,31.13,20.5,923.51,0.0407,31.5,18.7,10.7,no_impressions,S1,показов рекламы 92 за окно при ставке 8 ₽
1220702233,5235,"Картридж 069 для принтеров Canon i-SENSYS LBP673Cdw, MF752Cdw, MF754Cdw пурпурный",True,9.0,1,Эксперимент1,75,0,0.0,,0.0,0,0.0,0.0,,,22,0,0.0,0.0,0.0,110,66,0,0,102.0000000000000000,65,142,0,530,7,0,0,0,0,0,0,0,0,,,,0,,,,,,0.0676,,,,no_impressions,S1,показов рекламы 75 за окно при ставке 9 ₽
1220704750,5234,"Картридж 069 для принтеров Canon i-SENSYS LBP673Cdw, MF752Cdw, MF754Cdw желтый",True,9.0,1,Эксперимент1,82,1,1.22,7.5,7.53,10,0.0,0.0,,0.0,22,1,7.53,0.0,0.0,1197,65,0,0,94.0000000000000000,73,132,0,5009,7,0,0,0,0,0,0,0,0,,,,0,3540.0,,30.93,20.3,1094.85,0.0407,37.3,22.0,13.0,ad_eater,E1,"1 кликов, 0 рекламных заказов; продаж не было вовсе; показов рекламы 82 за окно при ставке 9 ₽"
1220706417,5236,"Картридж 069 для принтеров Canon i-SENSYS LBP673Cdw, MF752Cdw, MF754Cdw голубой",True,8.0,1,Эксперимент1,56,0,0.0,,0.0,0,0.0,0.0,,,22,0,0.0,0.0,0.0,69,39,0,0,121.0000000000000000,100,68,0,104,7,0,0,0,0,2,6282.0000,1,0,0.0,2026-05-05,105,0,3389.0,,30.06,19.5,1018.57,0.0407,34.6,20.0,12.0,no_impressions,S1,показов рекламы 56 за окно при ставке 8 ₽
1232681952,1290,"Картридж TNP-36 для принтеров Konica Minolta 3300P, Bizhub 3300 черный",True,12.0,1,от 2000 до 5000,32,1,3.12,11.8,11.82,16,0.0,0.0,,0.0,18,0,0.0,0.0,0.0,2601,29,0,0,54.5000000000000000,12,46,0,2621,7,0,0,0,0,0,0,0,0,,,,0,4007.0,,28.21,17.6,1130.48,0.0407,37.8,20.5,8.5,ad_eater,E1,"1 кликов, 0 рекламных заказов; продаж не было вовсе; показов рекламы 32 за окно при ставке 12 ₽"
1233358384,0007,Картриджи S051161-S051158 для принтеров Epson AcuLaser C2800N,True,12.0,2,от 10000 до 500 тыс / Эксперимент1,37,0,0.0,,0.0,0,0.0,0.0,,,17,0,0.0,0.0,0.0,54,27,0,0,31.3333333333333333,25,54,0,2951,6,0,0,0,0,0,0,0,0,,,,0,,,,,,0.0676,,,,no_impressions,S1,показов рекламы 37 за окно при ставке 12 ₽
1248939170,2792,"Фотобарабан SP-4500 DU для принтеров Ricoh и Aficio 3600SF, 3610SF, 4510DN, 4520 черный",True,8.0,1,Эксперимент1,68,1,1.47,14.4,14.45,20,0.0,0.0,,0.0,19,0,0.0,0.0,0.0,4307,62,0,0,96.0000000000000000,30,117,0,8771,7,0,0,0,0,0,0,0,0,,,,0,12185.0,,24.96,14.4,3041.34,0.0565,137.5,64.8,56.8,ad_eater,E1,"1 кликов, 0 рекламных заказов; продаж не было вовсе; показов рекламы 68 за окно при ставке 8 ₽"
1261462713,4699,"Картридж №761 для принтеров HP и DesignJet T7100, DJ T7200 желтый",True,12.0,1,от 10000 до 500 тыс,83,2,2.41,8.4,16.89,23,0.0,0.0,,0.0,14,0,0.0,0.0,0.0,64,40,0,0,98.3333333333333333,34,95,0,134,6,0,0,0,0,0,0,0,0,,,,0,22140.0,,24.14,13.5,5343.5,0.0565,239.6,106.4,94.4,ad_eater,E1,"2 кликов, 0 рекламных заказов; продаж не было вовсе; показов рекламы 83 за окно при ставке 12 ₽"
1261462904,4794,"Картриджи W2120A-W2123A для принтеров HP Color LaserJet M554, LJ-M555, LJ M578",True,13.0,2,от 10000 до 500 тыс / Эксперимент1,77,0,0.0,,0.0,0,0.0,0.0,,,17,0,0.0,0.0,0.0,318,35,0,0,108.6666666666666667,24,129,0,6080,6,0,0,0,0,0,0,0,0,,,,0,23706.0,,23.44,12.8,5556.62,0.0565,247.1,104.5,91.5,no_impressions,S1,показов рекламы 77 за окно при ставке 13 ₽
1261562713,4887,"Картридж W1500X для принтеров HP LaserJet M111, LJ M141 черный",True,13.0,2,от 2000 до 5000 / Эксперимент1,75,1,1.33,8.8,8.76,12,0.0,0.0,,0.0,22,1,8.76,0.0,0.0,5416,67,0,0,95.0000000000000000,82,165,0,5617,7,0,0,0,0,2,5426.0000,2,0,0.0,2026-05-08,102,0,3578.0,,30.14,19.5,1078.45,0.0407,36.6,21.1,8.1,ad_eater,E1,"1 кликов, 0 рекламных заказов; последняя продажа 2026-05-08; показов рекламы 75 за окно при ставке 13 ₽"
1261568225,4886,"Картридж 305XL для принтеров HP DeskJet 2120, DeskJet 2320, ENVY 6010, ENVY 6020 черный",True,8.0,1,Эксперимент1,94,0,0.0,,0.0,0,0.0,0.0,,,22,0,0.0,0.0,0.0,3764,90,0,0,145.0000000000000000,112,194,0,4106,7,0,0,0,0,1,5977.0000,1,0,0.0,2026-05-07,103,0,6860.0,,28.2,17.6,1934.64,0.0394,62.7,34.1,26.1,no_impressions,S1,показов рекламы 94 за окно при ставке 8 ₽
1277712086,4653,Картридж с термотрансферной лентой DS M21-1500427 Brady черный на белом,True,12.0,1,от 2000 до 5000,76,0,0.0,,0.0,0,0.0,0.0,,,21,0,0.0,0.0,0.0,165,107,0,0,50.0000000000000000,42,239,0,351,7,0,0,0,0,0,0,0,0,,,,0,4182.0,,30.31,19.7,1267.49,0.0407,43.1,25.0,13.0,no_impressions,S1,показов рекламы 76 за окно при ставке 12 ₽
1277712435,5250,"Фотобарабан DK-320 для принтеров Kyocera FS-2020, FS 3040, FS3140, FS-3540, FS3640, FS 3920 черный",True,12.0,1,от 10000 до 500 тыс,6,0,0.0,,0.0,0,0.0,0.0,,,3,0,0.0,0.0,0.0,0,0,0,0,,,0,0,0,0,0,0,0,0,0,0,0,0,,,,0,53204.0,,,,,0.0565,,,,no_impressions,S1,показов рекламы 6 за окно при ставке 12 ₽
1340720562,5363,"Картридж 729 для принтеров Canon и i-SENSYS LBP7010C, LBP7018C желтый",True,7.0,1,Эксперимент1,56,1,1.79,9.8,9.81,13,0.0,0.0,,0.0,20,1,9.81,0.0,0.0,6964,52,0,0,98.0000000000000000,81,100,0,9404,7,0,0,0,0,0,0,0,0,,,,0,2283.0,,28.82,18.2,657.89,0.0407,22.1,12.3,5.3,ad_eater,E1,"1 кликов, 0 рекламных заказов; продаж не было вовсе; показов рекламы 56 за окно при ставке 7 ₽"
1340723402,5361,"Картридж 729 для принтеров Canon и i-SENSYS LBP7010C, LBP7018C голубой",True,7.0,1,Эксперимент1,60,0,0.0,,0.0,0,0.0,0.0,,,20,0,0.0,0.0,0.0,5290,75,0,0,82.7500000000000000,65,125,0,6159,7,0,0,0,0,0,0,0,0,,,,0,2283.0,,28.82,18.2,657.89,0.0407,22.1,12.3,5.3,no_impressions,S1,показов рекламы 60 за окно при ставке 7 ₽
1341427985,4554,Картридж DS LK2WBN Epson C53S652003 черный на белом совместимый,True,8.0,1,Эксперимент1,80,0,0.0,,0.0,0,0.0,0.0,,,22,0,0.0,0.0,0.0,53,42,0,0,88.7500000000000000,68,111,0,238,7,0,0,0,0,0,0,0,0,,,,0,2448.0,,30.98,20.4,758.39,0.0407,25.9,15.3,7.3,no_impressions,S1,показов рекламы 80 за окно при ставке 8 ₽
1510949596,5365,"Картридж 106R01277 (2 в 1) для принтеров Xerox WorkCentre 5016, WC 5020 черный",True,12.0,1,от 2000 до 5000,42,0,0.0,,0.0,0,0.0,0.0,,,19,0,0.0,0.0,0.0,7090,53,0,0,81.0000000000000000,51,135,0,7195,7,0,0,0,0,0,0,0,0,,,,0,4811.0,,23.77,13.2,1143.52,0.0407,36.7,16.1,4.1,no_impressions,S1,показов рекламы 42 за окно при ставке 12 ₽
1510950751,5406,"Картридж W1510A для принтеров HP и LaserJet Pro 4003 dn, LJ Pro 4103fdn черный",True,20.93,2,от 2000 до 5000 / Эксперимент1,63,0,0.0,,0.0,0,0.0,0.0,,,20,0,0.0,0.0,0.0,1189,37,0,0,87.7500000000000000,81,83,0,4361,7,0,0,0,0,1,2708.0000,1,0,0.0,2026-05-14,96,0,3271.0,,29.82,19.2,975.43,0.0407,33.0,18.9,-2.0,no_impressions,S1,показов рекламы 63 за окно при ставке 21 ₽
1510951704,5408,"Картридж CLT-C804S для принтеров Samsung и SL-X3220, SL-X3280NR голубой",True,21.96,1,Вне РК — спрос без рекламы (08.08),12,0,0.0,,0.0,0,0.0,0.0,,,6,0,0.0,0.0,0.0,3413,11,0,0,73.0000000000000000,13,11,0,3413,2,0,0,0,0,0,0,0,0,,,,0,16361.0,,23.93,13.3,3915.93,0.0565,175.1,76.8,54.8,no_impressions,S1,показов рекламы 12 за окно при ставке 22 ₽
1547264054,5417,"Чернила GI-41 для принтеров Canon Pixma G1420, Pixma G2420",True,12.0,1,от 1000-2000,91,0,0.0,,0.0,0,0.0,0.0,,,22,0,0.0,0.0,0.0,3641,150,0,0,114.5000000000000000,90,362,0,7162,7,0,0,0,0,0,0,0,0,,,,0,2338.0,,30.78,20.2,719.58,0.0407,24.5,14.5,2.5,no_impressions,S1,показов рекламы 91 за окно при ставке 12 ₽
1548617454,5437,"Картридж 006R01831 для принтеров Xerox VersaLink C7120, VersaLinkC7125 желтый",True,8.0,1,Эксперимент1,30,0,0.0,,0.0,0,0.0,0.0,,,14,0,0.0,0.0,0.0,1590,29,0,0,46.2500000000000000,28,69,0,1641,7,0,0,0,0,0,0,0,0,,,,0,8474.0,,26.31,15.7,2229.28,0.0394,71.2,35.7,27.7,no_impressions,S1,показов рекламы 30 за окно при ставке 8 ₽
1549876075,5415,"Чернила GI-41M для принтеров Canon и Pixma G1420, Pixma G2420 пурпурный",True,6.0,1,Эксперимент1,75,0,0.0,,0.0,0,0.0,0.0,,,22,0,0.0,0.0,0.0,91,66,0,0,217.5000000000000000,102,137,0,346,7,0,0,0,0,0,0,0,0,,,,0,744.0,,21.91,11.3,162.98,0.0676,8.5,3.2,-2.8,no_impressions,S1,показов рекламы 75 за окно при ставке 6 ₽
1567180375,5482,Картридж TK-1248 для принтеров Kyocera MA 2001,True,7.0,1,Эксперимент1,33,0,0.0,,0.0,0,0.0,0.0,,,17,0,0.0,0.0,0.0,2892,75,0,0,38.5000000000000000,24,184,0,3036,7,0,0,0,0,0,0,0,0,,,,0,2283.0,,29.2,18.6,666.67,0.0407,22.5,12.6,5.6,no_impressions,S1,показов рекламы 33 за окно при ставке 7 ₽
1586846935,5495,"Картридж W1540A для принтеров HP LaserJet Tank 2602dn, LJ Tank 1502w, LJ Tank 2502dw, LJ Tank MFP 1602w, LaserJet Tank 2602sdw",True,10.0,1,от 1000-2000,56,0,0.0,,0.0,0,0.0,0.0,,,20,0,0.0,0.0,0.0,5436,70,0,0,66.2500000000000000,19,174,0,5568,7,0,0,0,0,4,4904.0000,2,0,0.0,2026-05-07,103,0,1346.0,,8.77,-1.8,118.06,0.0574,2.9,-5.3,-15.3,no_impressions,S1,показов рекламы 56 за окно при ставке 10 ₽
1672231457,5597,"Картридж W1510X для принтеров HP LaserJet Pro 4003 dn, LJ Pro 4103fdw черный",True,12.0,1,от 2000 до 5000,21,0,0.0,,0.0,0,0.0,0.0,,,12,0,0.0,0.0,0.0,56,38,0,0,85.7500000000000000,78,88,0,123,7,0,0,0,0,0,0,0,0,,,,0,5064.0,,27.54,16.9,1394.76,0.0394,45.0,23.7,11.7,no_impressions,S1,показов рекламы 21 за окно при ставке 12 ₽
1691989495,4561,"Картридж LK4BWV для принтеров Epson LabelWorks 1000P, LW 400, LW 600P, LW 700, LW K400, LW Z700, LW Z800 черный",True,8.0,1,Эксперимент1,8,0,0.0,,0.0,0,0.0,0.0,,,2,0,0,0,0,0,0,0,0,,,0,0,0,0,0,0,0,0,0,0,0,0,,,,0,2917.0,,30.94,20.3,902.38,0.0407,30.8,18.2,10.2,no_impressions,S1,показов рекламы 8 за окно при ставке 8 ₽
1692353560,5325,"Картридж DK-6115 для принтеров Kyocera и EcoSys M4125, M4132 черный",True,8.0,1,Эксперимент1,81,0,0.0,,0.0,0,0.0,0.0,,,22,0,0.0,0.0,0.0,89,66,0,0,25.5000000000000000,14,234,0,311,7,0,0,0,0,0,0,0,0,,,,0,53912.0,,21.49,10.9,11584.16,0.0565,502.6,179.8,171.8,no_impressions,S1,показов рекламы 81 за окно при ставке 8 ₽
1692456149,5579,"Картридж 070 для принтеров Canon i-SENSYS LBP243dw, LBP246dw, MF461dw, MF463dw черный",True,8.0,1,Эксперимент1,73,0,0.0,,0.0,0,0.0,0.0,,,21,0,0.0,0.0,0.0,141,90,0,0,74.7500000000000000,57,180,0,3473,7,0,0,0,0,0,0,0,0,,,,0,2937.0,,30.92,20.3,908.22,0.0407,31.0,18.3,10.3,no_impressions,S1,показов рекламы 73 за окно при ставке 8 ₽
1692457684,5580,"Картридж W1350A для принтеров HP LaserJet M209, LJ-M209dw, LJM209dwe черный",True,12.0,1,от 2000 до 5000,12,0,0.0,,0.0,0,0.0,0.0,,,10,0,0.0,0.0,0.0,3191,20,0,0,150.0000000000000000,53,36,0,3207,7,0,0,0,0,0,0,0,0,,,,0,3982.0,,29.5,18.9,1174.75,0.0407,39.7,22.5,10.5,no_impressions,S1,показов рекламы 12 за окно при ставке 12 ₽
1692460548,5582,"Картридж W1350X для принтеров HP LaserJet M209, LJ-M209dw, LJM209dwe черный",True,8.0,1,Эксперимент1,71,1,1.41,10.9,10.89,15,0.0,0.0,,0.0,22,1,10.89,0.0,0.0,35,31,0,0,165.7500000000000000,56,55,0,62,7,0,0,0,0,0,0,0,0,,,,0,4343.0,,29.09,18.5,1263.33,0.0407,42.6,23.9,15.9,ad_eater,E1,"1 кликов, 0 рекламных заказов; продаж не было вовсе; показов рекламы 71 за окно при ставке 8 ₽"
1692467906,5587,"Картридж W1520A для принтеров HP LaserJet 4004, LJ 4104fdw черный",True,13.0,2,от 5000 до 10000 / Эксперимент1,76,0,0.0,,0.0,0,0.0,0.0,,,22,0,0.0,0.0,0.0,7581,78,0,0,113.0000000000000000,57,127,0,13126,7,0,0,0,0,0,0,0,0,,,,0,8923.0,,24.84,14.2,2216.87,0.0394,69.8,32.4,19.4,no_impressions,S1,показов рекламы 76 за окно при ставке 13 ₽
1692481223,5596,"Картридж W1510A для принтеров HP LaserJet Pro 4003 dn, LJ Pro 4103fdn черный",True,12.0,1,от 2000 до 5000,26,0,0.0,,0.0,0,0.0,0.0,,,16,0,0.0,0.0,0.0,61,34,0,0,112.5000000000000000,25,95,0,1755,7,0,0,0,0,0,0,0,0,,,,0,4163.0,,28.72,18.1,1195.77,0.0407,40.2,22.2,10.2,no_impressions,S1,показов рекламы 26 за окно при ставке 12 ₽
1692606006,5602,"Картридж D320T24KK для принтеров Катюша D320, D330 черный",True,8.0,1,Эксперимент1,71,0,0.0,,0.0,0,0.0,0.0,,,20,0,0.0,0.0,0.0,71,30,0,0,72.5000000000000000,44,81,0,236,7,0,0,0,0,0,0,0,0,,,,0,7251.0,,27.94,17.3,2026.03,0.0394,65.6,35.1,27.1,no_impressions,S1,показов рекламы 71 за окно при ставке 8 ₽
1701784017,0345,"Картриджи CE410X-CE413A для принтеров HP Color LaserJet Pro 300 M351a, M375nw, HP M451dn, HP-M451dw, HPM451nw, HP MFP M475dn",True,8.0,1,Эксперимент1,56,0,0.0,,0.0,0,0.0,0.0,,,20,0,0.0,0.0,0.0,7248,55,0,0,83.2500000000000000,31,178,0,14601,7,0,0,0,0,0,0,0,0,,,,0,10738.0,,23.36,12.8,2508.46,0.0565,111.5,47.4,39.4,no_impressions,S1,показов рекламы 56 за окно при ставке 8 ₽
1716069616,4648,Картридж TK-8545M для принтеров Kyocera TASKalfa 4054ci пурпурный,True,13.0,1,Пустые РК,92,4,4.35,5.6,22.28,30,0.0,0.0,,0.0,20,4,22.28,0.0,0.0,7196,57,0,0,71.0000000000000000,33,132,0,12038,7,0,0,0,0,0,0,0,0,,,,0,8740.0,,26.52,15.9,2318.14,0.0394,74.1,37.5,24.5,ad_eater,E1,"4 кликов, 0 рекламных заказов; продаж не было вовсе; показов рекламы 92 за окно при ставке 13 ₽"
1717844452,5715,Картридж TK-7235 для принтеров Kyocera и TASKalfa MZ4000i черный,True,8.0,1,Эксперимент1,58,0,0.0,,0.0,0,0.0,0.0,,,20,0,0.0,0.0,0.0,78,48,0,0,90.7500000000000000,15,97,0,8151,7,0,0,0,0,2,14162.0000,1,0,0.0,2026-05-04,106,0,14187.0,,25.18,14.6,3571.6,0.0565,161.9,77.0,69.0,no_impressions,S1,показов рекламы 58 за окно при ставке 8 ₽
1719284167,5722,"Картридж 006R04369 для принтеров Xerox C310, C315 голубой",True,20.93,1,от 2000 до 5000,37,0,0.0,,0.0,0,0.0,0.0,,,16,0,0.0,0.0,0.0,3531,33,0,0,80.2500000000000000,38,90,0,3606,7,0,0,0,0,1,3628.0000,1,0,0.0,2026-05-15,95,0,3957.0,,30.02,19.4,1187.76,0.0407,40.3,23.2,2.3,no_impressions,S1,показов рекламы 37 за окно при ставке 21 ₽
1719302433,5703,"Фотобарабан DK-1240 для принтеров Kyocera MA2000, MA2001 черный",True,8.0,1,Эксперимент1,83,0,0.0,,0.0,0,0.0,0.0,,,22,0,0.0,0.0,0.0,177,105,0,0,51.0000000000000000,30,249,0,402,7,0,0,0,0,4,13520.0000,1,0,0.0,2026-05-06,104,0,3813.0,,29.38,18.8,1120.37,0.0407,37.8,21.4,13.4,no_impressions,S1,показов рекламы 83 за окно при ставке 8 ₽
1759746653,5742,"Картридж THM247 для принтеров Катюша M247, Р247 черный",True,8.0,1,Эксперимент1,81,0,0.0,,0.0,0,0.0,0.0,,,21,0,0.0,0.0,0.0,126,70,0,0,64.0000000000000000,50,191,0,354,7,0,0,0,0,0,0,0,0,,,,0,7747.0,,26.13,15.5,2024.05,0.0394,64.5,32.1,24.1,no_impressions,S1,показов рекламы 81 за окно при ставке 8 ₽
1760563354,5765,"Картридж CE278XL для принтеров HP LaserJet Pro P1560, LJ Pro P1566 черный",True,12.0,1,от 2000 до 5000,17,0,0.0,,0.0,0,0.0,0.0,,,9,0,0.0,0.0,0.0,133,42,0,0,87.0000000000000000,50,82,0,1032,7,0,0,0,0,0,0,1,1,100.0,,,1,5205.0,,27.15,16.5,1412.91,0.0394,45.4,23.6,11.6,no_impressions,S1,показов рекламы 17 за окно при ставке 12 ₽
1770287314,5757,"Картридж TK-7135 для принтеров Kyocera и TASKalfa MZ3200, MZ3200i черный",True,13.0,1,от 2000 до 5000,47,0,0.0,,0.0,0,0.0,0.0,,,20,0,0.0,0.0,0.0,65,62,0,0,68.0000000000000000,34,118,0,1015,7,0,0,0,0,1,4949.0000,1,0,0.0,2026-05-08,102,0,6115.0,,28.36,17.8,1734.04,0.0394,56.3,30.8,17.8,no_impressions,S1,показов рекламы 47 за окно при ставке 13 ₽
1815602734,5707,Лента M210-750-499 для принтеров Brady M210 белый,True,21.96,1,Вне РК — спрос без рекламы (08.08),77,1,1.3,21.6,21.57,29,0.0,0.0,,0.0,9,1,21.57,0.0,0.0,3479,50,0,0,92.2500000000000000,42,61,0,3494,7,0,0,0,0,0,0,0,0,,,,0,7772.0,,27.75,17.1,2156.46,0.0394,69.7,37.1,15.1,ad_eater,E1,"1 кликов, 0 рекламных заказов; продаж не было вовсе; показов рекламы 77 за окно при ставке 22 ₽"
1851967374,5822,"Картридж TN-1071V для принтеров Avision AM40, AP406 черный",True,12.0,1,от 2000 до 5000,42,0,0.0,,0.0,0,0.0,0.0,,,18,0,0.0,0.0,0.0,87,78,0,0,39.0000000000000000,29,157,0,178,7,0,0,0,0,0,0,0,0,,,,0,4648.0,,19.27,8.7,895.44,0.0407,27.0,7.0,-5.0,no_impressions,S1,показов рекламы 42 за окно при ставке 12 ₽
1851968264,5821,"Картриджи CTL-2000 для принтеров CM2200FDW, CP2200DW",True,12.0,2,от 10000 до 500 тыс / Эксперимент1,79,2,2.53,9.0,17.93,24,0.0,0.0,,0.0,20,0,0.0,0.0,0.0,10713,90,0,0,125.2500000000000000,26,177,0,13667,7,0,0,0,0,0,0,0,0,,,,0,51273.0,,21.28,10.7,10913.31,0.0565,471.9,165.2,153.2,ad_eater,E1,"2 кликов, 0 рекламных заказов; продаж не было вовсе; показов рекламы 79 за окно при ставке 12 ₽"
1869847956,5575,"Фотобарабан DR-1070U для принтеров Avision AM30A MFP, AP30A черный",True,14.5,1,Эксперимент1,99,0,0.0,,0.0,0,0.0,0.0,,,22,0,0.0,0.0,0.0,3479,73,0,0,31.5000000000000000,22,170,0,3864,7,0,0,0,0,1,3157.0000,1,0,0.0,2026-05-17,93,0,3679.0,,30.26,19.7,1113.44,0.0407,37.8,22.0,7.5,no_impressions,S1,показов рекламы 99 за окно при ставке 14 ₽
1897483833,5848,"Картридж W1580X для принтеров HP LaserJet Tank 1020w, LJ Tank 2506W черный",True,11.0,1,от 1000-2000,46,0,0.0,,0.0,0,0.0,0.0,,,17,0,0.0,0.0,0.0,161,69,0,0,158.2500000000000000,74,173,0,1103,7,0,0,0,0,0,0,0,0,,,,0,1693.0,,27.34,16.7,462.94,0.0574,21.7,11.4,0.4,no_impressions,S1,показов рекламы 46 за окно при ставке 11 ₽
1897483901,5869,"Картридж 842530 для принтеров Ricoh IM C4500LT, IM-C4510, IM C5510 черный",True,8.0,1,Эксперимент1,39,1,2.56,7.3,7.28,10,0.0,0.0,,0.0,14,1,7.28,0.0,0.0,3431,15,0,0,35.0000000000000000,25,35,0,3451,7,0,0,0,0,0,0,0,0,,,,0,6479.0,,27.43,16.8,1777.24,0.0394,57.3,30.1,22.1,ad_eater,E1,"1 кликов, 0 рекламных заказов; продаж не было вовсе; показов рекламы 39 за окно при ставке 8 ₽"
1999325856,5941,"Картридж W1390X для принтеров HP LaserJet Pro 3001dw, LJ Pro 3002dn черный",True,12.0,2,от 2000 до 5000 / Эксперимент1,1,0,0.0,,0.0,0,0.0,0.0,,,1,0,0.0,0.0,0.0,0,0,0,0,,,0,0,0,0,0,0,0,0,0,0,0,0,,,,0,3665.0,,,,,0.0407,,,,no_impressions,S1,показов рекламы 1 за окно при ставке 12 ₽
1999529482,6067,"Картридж 006R04380 для принтеров Xerox B305, B310, B315 черный",True,12.0,2,от 10000 до 500 тыс / Эксперимент1,93,0,0.0,,0.0,0,0.0,0.0,,,22,0,0.0,0.0,0.0,3513,96,0,0,67.0000000000000000,38,276,0,9345,7,0,0,0,0,0,0,0,0,,,,0,17605.0,,23.69,13.1,4171.23,0.0565,186.0,80.6,68.6,no_impressions,S1,показов рекламы 93 за окно при ставке 12 ₽
1999553855,6071,Картридж TK-6110 Азия для принтеров Kyocera Ecosys M4125idn черный,True,13.0,2,от 2000 до 5000 / Эксперимент1,82,0,0.0,,0.0,0,0.0,0.0,,,21,0,0.0,0.0,0.0,121,90,0,0,57.0000000000000000,31,178,0,3109,7,0,0,0,0,0,0,0,0,,,,0,8235.0,,27.06,16.5,2228.33,0.0394,71.6,37.3,24.3,no_impressions,S1,показов рекламы 82 за окно при ставке 13 ₽
1999574151,6051,"Фотобарабан DK-450 для принтеров Kyocera FS-6970, FS-6970DN черный",True,12.0,1,Пустые РК,16,0,0.0,,0.0,0,0.0,0.0,,,9,0,0.0,0.0,0.0,86,52,0,0,184.2500000000000000,28,139,0,264,7,0,0,0,0,0,0,0,0,,,,0,53444.0,,21.56,11.0,11520.04,0.0565,500.4,181.3,169.3,no_impressions,S1,показов рекламы 16 за окно при ставке 12 ₽
1999631953,6042,"Фотобарабан DK-8505 для принтеров Kyocera TASKalfa 3050ci, TASKalfa3051ci черный",True,21.96,1,Вне РК — спрос без рекламы (08.08),9,0,0.0,,0.0,0,0.0,0.0,,,6,0,0.0,0.0,0.0,176,80,0,0,38.5000000000000000,25,80,0,176,4,0,0,0,0,0,0,0,0,,,,0,51072.0,,21.2,10.6,10829.08,0.0565,467.8,161.7,139.7,no_impressions,S1,показов рекламы 9 за окно при ставке 22 ₽
2129693145,6120,"Фотобарабан DR-2405 для принтеров Brother DCP-L2535DW, DCP L2550DW, HL L2335D, HL-L2370DN, HLL2375DW, MFC-L2715DW, MFC-L2750DW черный",True,8.0,1,Эксперимент1,43,0,0.0,,0.0,0,0.0,0.0,,,16,0,0.0,0.0,0.0,75,49,0,0,114.0000000000000000,30,135,0,200,7,0,0,0,0,0,0,0,0,,,,0,3598.0,,29.25,18.6,1052.37,0.0407,35.5,19.9,11.9,no_impressions,S1,показов рекламы 43 за окно при ставке 8 ₽
2129695492,6130,"Фотобарабан DR-B020 для принтеров Brother DCP-B7500D, DCP B7520, HL-B2000, HLB2050, MFC-B7700, MFC B7720 черный",True,12.89,1,Эксперимент1,93,2,2.15,13.4,26.76,36,0.0,0.0,,0.0,18,2,26.76,0.0,0.0,213,44,0,0,87.5000000000000000,52,103,0,3150,7,0,0,0,0,3,17966.0000,2,0,0.0,2026-05-12,98,0,8411.0,,26.99,16.4,2269.97,0.0394,72.9,37.8,24.9,ad_eater,E1,"2 кликов, 0 рекламных заказов; последняя продажа 2026-05-12; показов рекламы 93 за окно при ставке 13 ₽"
2129702230,6173,Фотобарабан DR240 для принтеров Катюша M240 черный,True,8.0,1,Эксперимент1,84,0,0.0,,0.0,0,0.0,0.0,,,20,0,0.0,0.0,0.0,163,80,0,0,51.0000000000000000,41,230,0,1404,7,0,0,0,0,1,3995.0000,1,0,0.0,2026-05-04,106,0,4523.0,,28.17,17.6,1273.92,0.0407,42.6,23.2,15.2,no_impressions,S1,показов рекламы 84 за окно при ставке 8 ₽
2201276314,1278,"Картридж MLT-D111L для принтеров Samsung Xpress M2020, Xpress M2021, SLM2070 черный",True,8.0,1,Эксперимент1,42,0,0.0,,0.0,0,0.0,0.0,,,17,0,0.0,0.0,0.0,55,45,0,0,77.2500000000000000,65,209,0,4709,7,0,0,0,0,0,0,0,0,,,,0,2945.0,,29.14,18.5,858.06,0.0407,28.9,16.2,8.2,no_impressions,S1,показов рекламы 42 за окно при ставке 8 ₽
2203206777,2954,"Картридж CF218X для принтеров HP LaserJet Pro M103, LJ Pro M104a черный",True,12.0,1,от 1000-2000,27,1,3.7,18.5,18.5,25,0.0,0.0,,0.0,15,0,0.0,0.0,0.0,36,30,0,0,82.5000000000000000,72,64,0,104,7,0,0,0,0,0,0,0,0,,,,0,2361.0,,28.03,17.4,661.79,0.0407,22.1,11.9,-0.1,ad_eater,E1,"1 кликов, 0 рекламных заказов; ставка 12 ₽ > потолка 11.9 ₽; продаж не было вовсе; показов рекламы 27 за окно при ставке 12 ₽"
2203344720,3608,"Картриджи 045 для принтеров Canon i-SENSYS LBP-611, LBP613, MF631cn, MF633Cdw",True,12.0,1,от 5000 до 10000,19,0,0.0,,0.0,0,0.0,0.0,,,12,0,0.0,0.0,0.0,4403,32,0,0,196.0000000000000000,150,69,0,4440,7,0,0,0,0,0,0,1,1,100.0,,,0,9002.0,,24.13,13.5,2172.5,0.0394,67.9,30.2,18.2,no_impressions,S1,показов рекламы 19 за окно при ставке 12 ₽
2205679278,0989,"Картридж 44973542 для принтеров OKI C301dn, C321dn, MC332, MC342 пурпурный",True,8.0,1,Эксперимент1,97,0,0.0,,0.0,0,0.0,0.0,,,22,0,0.0,0.0,0.0,42,26,0,0,54.0000000000000000,22,57,0,1850,7,0,0,0,0,0,0,0,0,,,,0,2621.0,,28.37,17.8,743.68,0.0407,24.9,13.7,5.7,no_impressions,S1,показов рекламы 97 за окно при ставке 8 ₽
2226443522,4997,"Картридж T7891 для принтеров Epson WorkForce Pro WF-5110, WF 5190, WF5620, WF-5690 черный",True,12.89,1,Эксперимент1,84,1,1.19,10.1,10.06,14,0.0,0.0,,0.0,19,1,10.06,0.0,0.0,347,50,0,0,79.0000000000000000,51,100,0,400,7,0,0,0,0,2,3932.0000,2,0,0.0,2026-05-12,98,0,2621.0,,31.19,20.6,817.42,0.0407,27.9,16.6,3.7,ad_eater,E1,"1 кликов, 0 рекламных заказов; последняя продажа 2026-05-12; показов рекламы 84 за окно при ставке 13 ₽"
2226478970,1483,"Картридж PGI-1400XLBK для принтеров Canon MAXIFY MB2040, MB2050 черный",True,8.0,1,Эксперимент1,86,1,1.16,7.1,7.12,10,0.0,0.0,,0.0,21,0,0.0,0.0,0.0,112,85,0,0,101.7500000000000000,72,264,0,357,7,0,0,0,0,0,0,0,0,,,,0,1355.0,,28.61,18.0,387.64,0.0574,18.4,10.1,2.1,ad_eater,E1,"1 кликов, 0 рекламных заказов; продаж не было вовсе; показов рекламы 86 за окно при ставке 8 ₽"
2268545185,5001,"Картриджи T7891-T7894 для принтеров Epson WorkForce Pro WF-5110, WF 5190, WF5620, WF-5690",True,12.0,1,от 2000 до 5000,69,3,4.35,5.7,17.14,23,0.0,0.0,,0.0,16,1,6.46,0.0,0.0,62,53,0,0,56.0000000000000000,45,102,0,111,6,0,0,0,0,0,0,0,0,,,,0,6567.0,,27.79,17.2,1824.82,0.0394,59.0,31.6,19.6,ad_eater,E1,"3 кликов, 0 рекламных заказов; продаж не было вовсе; показов рекламы 69 за окно при ставке 12 ₽"
2493620667,6273,"Картриджи 76C0HK0-76C0HY0 для принтеров Lexmark CS921de, CS923de, CX921de, CX922de",True,12.0,2,от 10000 до 500 тыс / Эксперимент1,84,0,0.0,,0.0,0,0.0,0.0,,,20,0,0.0,0.0,0.0,7557,62,0,0,66.3333333333333333,58,156,0,21737,6,0,0,0,0,0,0,0,0,,,,0,42116.0,,21.34,10.7,8986.94,0.0565,389.1,135.7,123.7,no_impressions,S1,показов рекламы 84 за окно при ставке 12 ₽
2518946588,6289,"Картриджи PJIC1 - PJIC6 для принтеров Epson Discproducer PP-100, PP 100 Security, PP100AP, PP-100N, PP50",True,8.0,1,Эксперимент1,33,0,0.0,,0.0,0,0.0,0.0,,,8,0,0,0,0,41,29,0,0,31.6666666666666667,13,55,0,312,6,0,0,0,0,0,0,0,0,,,,0,62469.0,,21.6,11.0,13491.15,0.0565,586.3,211.9,203.9,no_impressions,S1,показов рекламы 33 за окно при ставке 8 ₽
2557329291,6294,Картридж TK-8555K для принтеров Kyocera TASKalfa 5054ci черный,True,12.0,1,Пустые РК,14,0,0.0,,0.0,0,0.0,0.0,,,9,0,0.0,0.0,0.0,1093,31,0,0,95.0000000000000000,19,71,0,3237,7,0,0,0,0,0,0,0,0,,,,0,9248.0,,25.09,14.5,2320.08,0.0394,73.2,34.6,22.6,no_impressions,S1,показов рекламы 14 за окно при ставке 12 ₽
2698069056,6408,"Картриджи CLI521 + PGI520 для принтеров Canon Pixma iP3600, Pixma iP4600",True,10.0,1,от 1000-2000,95,1,1.05,7.0,7.04,10,0.0,0.0,,0.0,22,0,0.0,0.0,0.0,131,98,0,0,100.0000000000000000,61,187,0,342,7,0,0,0,0,0,0,0,0,,,,0,2357.0,,29.74,19.1,700.9,0.0407,23.7,13.5,3.5,ad_eater,E1,"1 кликов, 0 рекламных заказов; продаж не было вовсе; показов рекламы 95 за окно при ставке 10 ₽"
2728924277,6485,"Фотобарабаны 44064009-44064012 для принтеров OKI C 810, C 821, C 830, C801, Data MC860, MC851",True,21.96,1,Вне РК — спрос без рекламы (08.08),11,0,0.0,,0.0,0,0.0,0.0,,,3,0,0.0,0.0,0.0,113,35,0,0,16.0000000000000000,12,43,0,122,4,0,0,0,0,0,0,0,0,,,,0,71634.0,,21.69,11.1,15535.22,0.0565,675.9,247.0,225.0,no_impressions,S1,показов рекламы 11 за окно при ставке 22 ₽
2785191533,5889,"Картриджи GC-41 для принтеров Ricoh Aficio SG2100N, SG3100SNw, SG3110 DNw, SG7100",True,13.0,1,Пустые РК,19,0,0.0,,0.0,0,0.0,0.0,,,8,0,0,0,0,28,25,0,0,51.3333333333333333,27,62,0,3039,6,0,0,0,0,0,0,0,0,,,,0,22352.0,,22.81,12.2,5098.26,0.0565,225.1,91.0,78.0,no_impressions,S1,показов рекламы 19 за окно при ставке 13 ₽
2816392395,4584,"Лента DK-11203 для принтеров Brother QL-1050, QL 1060N, QL500, QL-500A, QL550, QL 560, QL 580N, QL650TD QL710 QL 720 QL 810W QL820NBW белый",True,19.33,1,от 1000-2000,99,0,0.0,,0.0,0,0.0,0.0,,,21,0,0.0,0.0,0.0,169,118,0,0,68.2500000000000000,40,230,0,314,7,0,0,0,0,1,2016.0000,1,0,0.0,2026-05-19,91,0,2674.0,,30.07,19.5,804.08,0.0407,27.3,15.8,-3.5,no_impressions,S1,показов рекламы 99 за окно при ставке 19 ₽
2909188455,6607,"Фотобарабан + картридж DL-420+TL-420H для принтеров M6700D, M6800FDW, M7100DN, M7200FD, M7300FDN, P3010D, P3300DN черный",True,12.0,1,от 2000 до 5000,52,0,0.0,,0.0,0,0.0,0.0,,,18,0,0.0,0.0,0.0,313,162,0,0,97.0000000000000000,53,355,0,1499,7,0,0,0,0,1,3647.0000,1,0,0.0,2026-05-01,109,0,4241.0,,17.81,7.2,755.34,0.0407,22.1,3.8,-8.2,no_impressions,S1,показов рекламы 52 за окно при ставке 12 ₽
2909229333,6608,Фотобарабан + картридж SP-230H DU+SP-230H для принтеров Ricoh Aficio SP 230FNw черный,True,13.0,1,от 2000 до 5000,26,0,0.0,,0.0,0,0.0,0.0,,,13,0,0.0,0.0,0.0,3877,44,0,0,53.5000000000000000,26,125,0,4844,7,0,0,0,0,1,3949.0000,1,0,0.0,2026-05-06,104,0,5570.0,,25.33,14.7,1410.97,0.0394,44.6,21.3,8.3,no_impressions,S1,показов рекламы 26 за окно при ставке 13 ₽
2911970941,6621,"Фотобарабан + картридж DR-3100 DU+TN-3170 для принтеров Brother DCP-8060, DCP 8065DN, HL-5240, HL-5250DN, HL 5270DN, MFC-8460N, MFC 8860DN черный",True,12.0,1,от 2000 до 5000,83,1,1.2,5.8,5.84,8,0.0,0.0,,0.0,22,0,0.0,0.0,0.0,6080,73,0,0,60.0000000000000000,39,144,0,6168,7,0,0,0,0,0,0,0,0,,,,0,5140.0,,20.42,9.8,1049.81,0.0394,31.2,9.7,-2.3,ad_eater,E1,"1 кликов, 0 рекламных заказов; ставка 12 ₽ > потолка 9.7 ₽; продаж не было вовсе; показов рекламы 83 за окно при ставке 12 ₽"
2916033944,6639,"Фотобарабан + картридж DR-2405+TN-2424 для принтеров Brother DCP-L2510, DCP L2535DW, HL L2335D, HL-L2350DW, HL-L2370DN, HLL2375DW, MFC-L2710DW, MFC L2715DW черный",True,8.0,1,Эксперимент1,73,1,1.37,12.3,12.33,17,0.0,0.0,,0.0,15,0,0.0,0.0,0.0,3279,78,0,0,63.0000000000000000,29,185,0,3435,6,0,0,0,0,0,0,0,0,,,,0,6328.0,,26.1,15.5,1651.31,0.0394,52.6,26.2,18.2,ad_eater,E1,"1 кликов, 0 рекламных заказов; продаж не было вовсе; показов рекламы 73 за окно при ставке 8 ₽"
2917279982,6643,"Фотобарабан + картридж C-EXV33 DU+C-EXV33 для принтеров Canon ImageRunner 2520, iR-2525, iR 2530, iR2535, iR2545 черный",True,21.96,1,Вне РК — спрос без рекламы (08.08),32,0,0.0,,0.0,0,0.0,0.0,,,8,0,0.0,0.0,0.0,1132,55,0,0,36.0000000000000000,20,67,0,1144,7,0,0,0,0,0,0,0,0,,,,0,15442.0,,23.79,13.2,3674.14,0.0565,164.0,71.6,49.6,no_impressions,S1,показов рекламы 32 за окно при ставке 22 ₽
2920904121,6659,"Фотобарабан + картридж IUP16+TNP-39 для принтеров Konica Minolta Bizhub 3300, 3301P, 4000P, 4700P черный",True,8.0,1,Эксперимент1,51,0,0.0,,0.0,0,0.0,0.0,,,18,0,0.0,0.0,0.0,42,36,0,0,35.6666666666666667,32,76,0,96,6,0,0,0,0,0,0,0,0,,,,0,14089.0,,23.64,13.0,3330.97,0.0565,148.5,63.7,55.7,no_impressions,S1,показов рекламы 51 за окно при ставке 8 ₽
2923457960,6679,"Фотобарабан + картридж 44844408 DU+44844616 для принтеров OKI C 822, C 831, C 841 черный",True,9.0,1,Эксперимент1,67,0,0.0,,0.0,0,0.0,0.0,,,19,0,0.0,0.0,0.0,59,49,0,0,45.5000000000000000,31,115,0,129,7,0,0,0,0,0,0,0,0,,,,0,18817.0,,22.63,12.0,4257.35,0.0565,187.6,74.5,65.5,no_impressions,S1,показов рекламы 67 за окно при ставке 9 ₽
2924347562,6693,"Фотобарабан + картридж DK-3180+TK-3060 для принтеров Kyocera EcoSys M3145idn, M3645idn черный",True,8.0,1,Эксперимент1,97,1,1.03,3.7,3.67,5,0.0,0.0,,0.0,20,1,3.67,0.0,0.0,280,84,0,0,61.5000000000000000,27,211,0,451,7,0,0,0,0,0,0,0,0,,,,0,39349.0,,20.74,10.1,8162.57,0.0565,350.2,113.5,105.5,ad_eater,E1,"1 кликов, 0 рекламных заказов; продаж не было вовсе; показов рекламы 97 за окно при ставке 8 ₽"
2928768335,6726,"Фотобарабан + картридж W2004A+W2000A для принтеров HP Color LJ M751, LJ M776 черный",True,12.0,1,Пустые РК,20,0,0.0,,0.0,0,0.0,0.0,,,12,0,0.0,0.0,0.0,32,29,0,0,138.6666666666666667,44,67,0,73,6,0,0,0,0,0,0,0,0,,,,0,24434.0,,22.2,11.6,5425.35,0.0565,237.6,91.2,79.2,no_impressions,S1,показов рекламы 20 за окно при ставке 12 ₽
2929344409,6741,"Фотобарабан + картридж 013R00679 DU+006R01731 для принтеров Xerox B 1025, B-1022 черный",True,12.0,1,Пустые РК,7,0,0.0,,0.0,0,0.0,0.0,,,3,0,0.0,0.0,0.0,0,0,0,0,,,0,0,0,0,0,0,0,0,0,0,0,0,,,,0,35518.0,,24.01,13.4,8527.66,0.0565,381.7,168.7,156.7,no_impressions,S1,показов рекламы 7 за окно при ставке 12 ₽
2994162599,1221,"Картридж LC525XLY для принтеров Brother DCP-J100, DCP J105, MFC-J200 желтый",True,11.0,1,Пустые РК,81,0,0.0,,0.0,0,0.0,0.0,,,22,0,0.0,0.0,0.0,276,80,0,0,95.2500000000000000,50,133,0,3145,7,0,0,0,0,1,640.0000,1,0,0.0,2026-05-05,105,0,651.0,,18.79,8.2,122.29,0.0676,6.1,1.4,-9.6,no_impressions,S1,показов рекламы 81 за окно при ставке 11 ₽
2999084930,1086,"Фотобарабан 101R00432 DU для принтеров Xerox WorkCentre 5016, WC 5020 черный",True,8.0,1,Эксперимент1,49,0,0.0,,0.0,0,0.0,0.0,,,18,0,0.0,0.0,0.0,66,55,0,0,43.5000000000000000,34,134,0,154,7,0,0,0,0,0,0,0,0,,,,0,22221.0,,23.85,13.3,5300.18,0.0565,236.8,104.3,96.3,no_impressions,S1,показов рекламы 49 за окно при ставке 8 ₽
2999096121,1645,"Картридж S050583 для принтеров Epson AcuLaser M2300 MX20, M2400 черный",True,12.0,1,от 1000-2000,52,1,1.92,15.4,15.4,21,0.0,0.0,,0.0,19,0,0.0,0.0,0.0,479,45,0,0,49.5000000000000000,20,87,0,532,7,0,0,0,0,1,1404.0000,3,2,66.7,2026-05-17,93,0,1842.0,,24.76,14.2,456.06,0.0574,20.9,9.7,-2.3,ad_eater,E4,"1 кликов, 0 рекламных заказов; ставка 12 ₽ > потолка 9.7 ₽; отмены 66.7 %; показов рекламы 52 за окно при ставке 12 ₽"
2999199646,1231,"Картридж LC567XLBK для принтеров Brother MFC-J2310, MFC-J2510 черный",True,10.0,1,Пустые РК,38,0,0.0,,0.0,0,0.0,0.0,,,18,0,0.0,0.0,0.0,88,58,0,0,58.0000000000000000,40,95,0,127,7,0,0,0,0,0,0,0,0,,,,0,1046.0,,25.3,14.7,264.6,0.0574,12.2,5.8,-4.2,no_impressions,S1,показов рекламы 38 за окно при ставке 10 ₽
3006265875,1225,"Картридж LC563M для принтеров Brother MFC-J2310, MFC J2510 пурпурный",True,10.0,1,Пустые РК,32,0,0.0,,0.0,0,0.0,0.0,,,14,0,0.0,0.0,0.0,50,36,0,0,87.7500000000000000,74,61,0,76,7,0,0,0,0,0,0,0,0,,,,0,1080.0,,26.11,15.5,281.95,0.0574,13.1,6.5,-3.5,no_impressions,S1,показов рекламы 32 за окно при ставке 10 ₽
3006464917,2932,"Лента DX-2330/2430/817612 для принтеров Ricoh Priport DX 2330, Priport DX 2430 черный",True,13.0,1,Пустые РК,41,0,0.0,,0.0,0,0.0,0.0,,,12,0,0.0,0.0,0.0,121,63,0,0,29.6666666666666667,20,127,0,3167,6,0,0,0,0,0,0,0,0,,,,0,10129.0,,25.51,14.9,2584.28,0.0565,117.4,56.7,43.7,no_impressions,S1,показов рекламы 41 за окно при ставке 13 ₽
3006490473,4201,"Картридж CF259A для принтеров HP LaserJet Pro M304, LJ Pro M404 черный",True,12.0,1,от 2000 до 5000,18,0,0.0,,0.0,0,0.0,0.0,,,11,0,0.0,0.0,0.0,1161,25,0,0,155.5000000000000000,63,50,0,1206,7,0,0,0,0,0,0,0,0,,,,0,3787.0,,29.78,19.2,1127.92,0.0407,38.2,21.9,9.9,no_impressions,S1,показов рекламы 18 за окно при ставке 12 ₽
3006511904,5083,"Картридж TNP-49K для принтеров Konica Minolta Bizhub C3351, Bizhub C3851 черный",True,8.0,1,Эксперимент1,35,0,0.0,,0.0,0,0.0,0.0,,,15,0,0.0,0.0,0.0,37,35,0,0,67.2500000000000000,30,61,0,83,7,0,0,0,0,1,6175.0000,2,1,50.0,2026-05-04,106,0,7626.0,,27.47,16.9,2094.82,0.0394,67.5,35.8,27.8,no_impressions,S1,показов рекламы 35 за окно при ставке 8 ₽
3126540314,5240,"Картридж 069H для принтеров Canon i-SENSYS LBP-673Cdw, MF752Cdw, MF754Cdw голубой",True,12.0,1,от 2000 до 5000,25,0,0.0,,0.0,0,0.0,0.0,,,14,0,0.0,0.0,0.0,10729,70,0,0,81.0000000000000000,63,147,0,10837,7,0,0,0,0,0,0,0,0,,,,0,4667.0,,29.34,18.7,1369.23,0.0407,46.2,26.0,14.0,no_impressions,S1,показов рекламы 25 за окно при ставке 12 ₽
3199271505,1485,"Картридж PGI-1400XLM для принтеров Canon MAXIFY MB2040, MB2050 пурпурный",True,10.0,1,от 0 до 1000,51,0,0.0,,0.0,0,0.0,0.0,,,20,0,0.0,0.0,0.0,105,72,0,0,99.5000000000000000,60,198,0,249,7,0,0,0,0,0,0,0,0,,,,0,1055.0,,26.07,15.5,275.06,0.0574,12.8,6.4,-3.6,no_impressions,S1,показов рекламы 51 за окно при ставке 10 ₽
3199322808,2295,"Картридж 045H C для принтеров Canon i-SENSYS LBP-611, LBP613, MF631cn, MF633Cdw голубой",True,12.0,1,от 2000 до 5000,19,0,0.0,,0.0,0,0.0,0.0,,,10,0,0.0,0.0,0.0,283,24,0,0,182.5000000000000000,35,79,0,370,7,0,0,0,0,0,0,0,0,,,,0,3733.0,,30.16,19.6,1125.69,0.0407,38.2,22.2,10.2,no_impressions,S1,показов рекламы 19 за окно при ставке 12 ₽
3199333609,2296,"Картридж 045H M для принтеров Canon i-SENSYS LBP-611, LBP613, MF631cn, MF633Cdw пурпурный",True,12.0,1,от 2000 до 5000,14,0,0.0,,0.0,0,0.0,0.0,,,10,0,0.0,0.0,0.0,2861,20,0,0,122.5000000000000000,76,64,0,2911,7,0,0,0,0,0,0,0,0,,,,0,3382.0,,28.53,17.9,965.03,0.0407,32.4,17.8,5.8,no_impressions,S1,показов рекламы 14 за окно при ставке 12 ₽
3335884757,4857,"Фотобарабан 108R01484 для принтеров Xerox VersaLink C500, C505 черный",True,8.0,1,Эксперимент1,78,0,0.0,,0.0,0,0.0,0.0,,,22,0,0.0,0.0,0.0,3211,40,0,0,111.5000000000000000,32,92,0,3280,7,0,0,0,0,0,0,0,0,,,,0,14899.0,,25.58,15.0,3810.79,0.0565,173.3,84.2,76.2,no_impressions,S1,показов рекламы 78 за окно при ставке 8 ₽
3415746776,1050,"Картридж CLT-C504S для принтеров Samsung CLP-410, CLP 415N, CLX-4170, CLX-4195FN голубой",True,12.0,1,от 2000 до 5000,30,0,0.0,,0.0,0,0.0,0.0,,,16,0,0.0,0.0,0.0,1093,45,0,0,69.0000000000000000,42,99,0,3854,7,0,0,0,0,0,0,0,0,,,,0,4811.0,,27.35,16.8,1315.97,0.0407,43.7,23.1,11.1,no_impressions,S1,показов рекламы 30 за окно при ставке 12 ₽
3421529604,3459,"Картридж W2210X для принтеров HP LJ Pro Color M255 dw, LJ Pro Color M282 черный",True,12.0,2,от 2000 до 5000 / Эксперимент1,45,0,0.0,,0.0,0,0.0,0.0,,,16,0,0.0,0.0,0.0,22,17,0,0,103.7500000000000000,63,33,0,40,7,0,0,0,0,0,0,0,0,,,,0,3585.0,,28.73,18.1,1029.89,0.0407,34.6,19.1,7.1,no_impressions,S1,показов рекламы 45 за окно при ставке 12 ₽
3497929054,1363,"Картридж 106R02760 для принтеров Xerox Phaser 6020, Phaser6022, WC 6025, WC6027 голубой",True,10.0,2,от 1000-2000 / Эксперимент1,41,0,0.0,,0.0,0,0.0,0.0,,,18,0,0.0,0.0,0.0,365,64,0,0,147.2500000000000000,80,105,0,413,7,0,0,0,0,0,0,0,0,,,,0,1905.0,,29.41,18.8,560.2,0.0574,26.7,15.1,5.1,no_impressions,S1,показов рекламы 41 за окно при ставке 10 ₽
3557210540,6841,"Картридж CF289Y для принтеров HP LaserJet M507, LJ M528 черный",True,8.0,1,Эксперимент1,44,0,0.0,,0.0,0,0.0,0.0,,,18,0,0.0,0.0,0.0,4305,24,0,0,61.2500000000000000,18,50,0,5941,7,0,0,0,0,1,5897.0000,1,0,0.0,2026-05-05,105,0,7314.0,,27.33,16.7,1999.23,0.0394,64.4,33.7,25.7,no_impressions,S1,показов рекламы 44 за окно при ставке 8 ₽
3557210832,6817,"Картридж CF259X для принтеров HP LaserJet M406, LJ Pro M304, LJ Pro M404 черный",True,13.0,2,от 2000 до 5000 / Эксперимент1,36,0,0.0,,0.0,0,0.0,0.0,,,17,0,0.0,0.0,0.0,7669,34,0,0,127.5000000000000000,69,76,0,10500,7,0,0,0,0,0,0,0,0,,,,0,4511.0,,28.81,18.2,1299.65,0.0407,43.7,24.2,11.2,no_impressions,S1,показов рекламы 36 за окно при ставке 13 ₽
3557210969,6810,"Картридж 055H C для принтеров HP Color LaserJet M454dn, LJ Pro M454dw, M480f, M479dw, M479fdw, i-SENSYS LBP663cdw, MF 741, MF 743 голубой",True,12.0,2,от 2000 до 5000 / Эксперимент1,68,1,1.47,1.1,1.06,1,0.0,0.0,,0.0,21,1,1.06,0.0,0.0,8106,32,0,0,108.2500000000000000,49,64,0,8140,7,0,0,0,0,0,0,0,0,,,,0,4259.0,,27.86,17.3,1186.44,0.0407,39.6,21.3,9.3,ad_eater,E1,"1 кликов, 0 рекламных заказов; продаж не было вовсе; показов рекламы 68 за окно при ставке 12 ₽"
3557211010,6783,"Картридж 057H для принтеров Canon i-SENSYS LBP 223, LBP 225, MF 443dw, MF 445dw черный",True,12.0,2,от 2000 до 5000 / Эксперимент1,90,0,0.0,,0.0,0,0.0,0.0,,,22,0,0.0,0.0,0.0,72,57,0,0,112.5000000000000000,93,123,0,158,7,0,0,0,0,0,0,0,0,,,,0,4326.0,,29.54,18.9,1277.8,0.0407,43.2,24.5,12.5,no_impressions,S1,показов рекламы 90 за окно при ставке 12 ₽
3557211051,6542,"Картридж W1660A для принтеров HP LaserJet 1008, 1136A, MFP-1139, MFP 1188 черный",True,20.93,1,от 2000 до 5000,70,0,0.0,,0.0,0,0.0,0.0,,,19,0,0.0,0.0,0.0,4565,66,0,0,57.2500000000000000,23,118,0,7358,7,0,0,0,0,1,2638.0000,1,0,0.0,2026-05-10,100,0,3201.0,,30.02,19.4,960.97,0.0407,32.6,18.8,-2.1,no_impressions,S1,показов рекламы 70 за окно при ставке 21 ₽
3557211090,6761,"Картридж W1390X для принтеров HP LaserJet Pro 3001dw, LJ Pro 3002dn черный",True,13.0,2,от 2000 до 5000 / Эксперимент1,71,0,0.0,,0.0,0,0.0,0.0,,,20,0,0.0,0.0,0.0,6676,34,0,0,23.2500000000000000,19,73,0,6733,7,0,0,0,0,1,5256.0000,1,0,0.0,2026-05-05,105,0,4625.0,,29.01,18.4,1341.62,0.0407,45.2,25.2,12.2,bid_up,C,позиция 23 при спросе 6 676; показов рекламы 71 за окно при ставке 13 ₽
3651550683,6930,"Фотобарабан 46438004 для принтеров OKI Data C823, Data C833 черный",True,12.0,1,от 10000 до 500 тыс,4,0,0.0,,0.0,0,0.0,0.0,,,2,0,0.0,0.0,0.0,0,0,0,0,,,0,0,0,0,0,0,0,0,0,0,0,0,,,,0,22143.0,,,,,0.0565,,,,no_impressions,S1,показов рекламы 4 за окно при ставке 12 ₽
3651554092,6928,"Фотобарабан 46438002 для принтеров OKI Data C823, Data C833 пурпурный",True,13.0,1,от 10000 до 500 тыс,31,0,0.0,,0.0,0,0.0,0.0,,,15,0,0.0,0.0,0.0,98,60,0,0,59.0000000000000000,42,150,0,5877,7,0,0,0,0,2,43903.0000,2,0,0.0,2026-05-08,102,1,22139.0,,,,,0.0565,,,,no_impressions,S1,показов рекламы 31 за окно при ставке 13 ₽
5232941045,0024X6,"Комплект картриджей Q6511A (6 шт.) на 36000 страниц для принтеров HP LaserJet 2410, LJ 2420, LJ 2430",True,21.96,1,Бандлы x2/x6 — старт (08.08),27,0,0.0,,0.0,0,0.0,0.0,,,9,0,0.0,0.0,0.0,3441,25,0,0,34.0000000000000000,12,25,0,3441,2,0,0,0,0,0,0,0,0,,,,0,27346.0,,45.17,34.6,12353.06,0.0565,621.0,457.6,435.6,no_impressions,S1,показов рекламы 27 за окно при ставке 22 ₽
5232958111,0024X2,"Комплект картриджей Q6511A (2 шт.) на 12000 страниц для принтеров HP LaserJet 2410, LJ 2420, LJ 2430",True,21.96,1,Бандлы x2/x6 — старт (08.08),35,1,2.86,13.5,13.54,18,0.0,0.0,,0.0,9,1,13.54,0.0,0.0,10421,27,0,0,53.0000000000000000,26,27,0,10421,2,0,0,0,0,0,0,0,0,,,,0,9622.0,,37.77,27.2,3634.39,0.0394,124.3,84.2,62.2,ad_eater,E1,"1 кликов, 0 рекламных заказов; продаж не было вовсе; показов рекламы 35 за окно при ставке 22 ₽"
5233204361,5344X2,Комплект картриджей SCX-4100 (2 шт.) на 6000 страниц для принтеров Samsung SCX-4100,True,21.96,1,Бандлы x2/x6 — старт (08.08),47,0,0.0,,0.0,0,0.0,0.0,,,9,0,0.0,0.0,0.0,11,11,0,0,142.0000000000000000,60,11,0,11,2,0,0,0,0,0,0,0,0,,,,0,6939.0,,38.67,28.1,2683.59,0.0394,92.1,63.2,41.2,no_impressions,S1,показов рекламы 47 за окно при ставке 22 ₽
5233230021,0035X2,Комплект картриджей SCX-4200 (2 шт.) на 6000 страниц для принтеров Samsung SCX-4200,True,21.96,1,Бандлы x2/x6 — старт (08.08),38,0,0.0,,0.0,0,0.0,0.0,,,8,0,0.0,0.0,0.0,2077,25,0,0,120.0000000000000000,70,25,0,2077,2,0,0,0,0,0,0,0,0,,,,0,7311.0,,39.93,29.3,2919.58,0.0394,100.6,70.0,48.0,no_impressions,S1,показов рекламы 38 за окно при ставке 22 ₽
5233232474,0035X6,Комплект картриджей SCX-4200 (6 шт.) на 18000 страниц для принтеров Samsung SCX-4200,True,21.96,1,Бандлы x2/x6 — старт (08.08),35,0,0.0,,0.0,0,0.0,0.0,,,8,0,0.0,0.0,0.0,55,32,0,0,61.5000000000000000,48,32,0,55,2,0,0,0,0,0,0,0,0,,,,0,20779.0,,45.93,35.3,9544.67,0.0565,480.8,355.9,333.9,no_impressions,S1,показов рекламы 35 за окно при ставке 22 ₽
5233232895,5344X6,Комплект картриджей SCX-4100 (6 шт.) на 18000 страниц для принтеров Samsung SCX-4100,True,21.96,1,Бандлы x2/x6 — старт (08.08),14,0,0.0,,0.0,0,0.0,0.0,,,6,0,0.0,0.0,0.0,36,22,0,0,54.0000000000000000,42,22,0,36,2,0,0,0,0,0,0,0,0,,,,0,19721.0,,45.49,34.9,8971.22,0.0565,451.4,333.4,311.4,no_impressions,S1,показов рекламы 14 за окно при ставке 22 ₽
5237218561,0060X2,"Комплект картриджей 719H (2 шт.) на 12800 страниц для принтеров Canon i-SENSYS LBP-251dw, LBP 252dw, MF-411dw, MF416dw, MF-418x, MF419x, MF 5840d, MF 5880dn MF5980dw MF 6140dn MF6180dw",True,21.96,1,Бандлы x2/x6 — старт (08.08),51,0,0.0,,0.0,0,0.0,0.0,,,9,0,0.0,0.0,0.0,3471,36,0,0,51.0000000000000000,31,36,0,3471,2,0,0,0,0,0,0,0,0,,,,0,6580.0,,38.74,28.1,2548.99,0.0394,87.5,59.9,37.9,no_impressions,S1,показов рекламы 51 за окно при ставке 22 ₽
5237904591,0305X2,"Комплект картриджей 45 (2 шт.) на 1860 страниц для принтеров HP Color Copier 110, Copier 120, DJ 700, DJ 750",True,21.96,1,Бандлы x2/x6 — старт (08.08),56,0,0.0,,0.0,0,0.0,0.0,,,9,0,0.0,0.0,0.0,30,26,0,0,107.5000000000000000,65,26,0,30,2,0,0,0,0,0,0,0,0,,,,0,12348.0,,38.01,27.4,4693.35,0.0565,230.4,156.4,134.4,no_impressions,S1,показов рекламы 56 за окно при ставке 22 ₽
5237904935,0305X6,"Комплект картриджей 45 (6 шт.) на 5580 страниц для принтеров HP Color Copier 110, Copier 120, DJ 700, DJ 750",True,21.96,1,Бандлы x2/x6 — старт (08.08),40,0,0.0,,0.0,0,0.0,0.0,,,9,0,0.0,0.0,0.0,5999,28,0,0,98.0000000000000000,46,28,0,5999,2,0,0,0,0,0,0,0,0,,,,0,35095.0,,45.26,34.7,15882.89,0.0565,798.8,589.3,567.3,no_impressions,S1,показов рекламы 40 за окно при ставке 22 ₽
5238069051,0328X6,"Комплект картриджей 178XL (6 шт.) на 3300 страниц для принтеров HP DeskJet 3070A, DESKJET 3522 E, DeskJet3524, PhotoSmart 5510, PhotoSmart5515",True,21.96,1,Бандлы x2/x6 — старт (08.08),76,0,0.0,,0.0,0,0.0,0.0,,,9,0,0.0,0.0,0.0,80,44,0,0,100.0000000000000000,94,44,0,80,2,0,0,0,0,0,0,0,0,,,,0,4666.0,,43.64,33.0,2036.47,0.0407,73.4,53.2,31.2,no_impressions,S1,показов рекламы 76 за окно при ставке 22 ₽
5239372749,0429X2,"Комплект картриджей C4129X (2 шт.) на 20000 страниц для принтеров HP LaserJet 5000, LJ 5100",True,21.96,1,Бандлы x2/x6 — старт (08.08),12,0,0.0,,0.0,0,0.0,0.0,,,7,0,0.0,0.0,0.0,15,17,0,0,48.5000000000000000,13,17,0,15,2,0,0,0,0,0,0,0,0,,,,0,13767.0,,37.88,27.3,5214.37,0.0565,255.9,173.6,151.6,no_impressions,S1,показов рекламы 12 за окно при ставке 22 ₽
5239374018,0429X6,"Комплект картриджей C4129X (6 шт.) на 60000 страниц для принтеров HP LaserJet 5000, LJ 5100",True,21.96,1,Бандлы x2/x6 — старт (08.08),21,1,4.76,1.5,1.49,2,0.0,0.0,,0.0,8,1,1.49,0.0,0.0,19,21,0,0,30.5000000000000000,23,21,0,19,2,0,0,0,0,0,0,0,0,,,,0,39128.0,,45.21,34.6,17689.78,0.0565,889.5,654.8,632.8,ad_eater,E1,"1 кликов, 0 рекламных заказов; продаж не было вовсе; показов рекламы 21 за окно при ставке 22 ₽"
5239515821,0830X6,"Комплект картриджей C-EXV33 (6 шт.) на 90000 страниц для принтеров Canon iR-2520, IR2525, IR2530",True,21.96,1,Бандлы x2/x6 — старт (08.08),12,0,0.0,,0.0,0,0.0,0.0,,,5,0,0.0,0.0,0.0,0,0,0,0,,,0,0,0,0,0,0,0,0,0,0,0,0,,,,0,17588.0,,45.59,35.0,8017.97,0.0565,403.6,298.3,276.3,no_impressions,S1,показов рекламы 12 за окно при ставке 22 ₽
5239515856,0830X2,"Комплект картриджей C-EXV33 (2 шт.) на 30000 страниц для принтеров Canon iR-2520, IR2525, IR2530",True,21.96,1,Бандлы x2/x6 — старт (08.08),25,0,0.0,,0.0,0,0.0,0.0,,,9,0,0.0,0.0,0.0,17,17,0,0,64.0000000000000000,14,17,0,17,2,0,0,0,0,0,0,0,0,,,,0,6188.0,,38.95,28.4,2410.16,0.0394,82.8,57.1,35.1,no_impressions,S1,показов рекламы 25 за окно при ставке 22 ₽
5239522762,0832X2,"Комплект фотобарабанов C-EXV14 DU (2 шт.) на 100000 страниц для принтеров Canon iR-2016, iR 2018, iR-2020, iR2022, iR2030, iR 2318L",True,21.96,1,Бандлы x2/x6 — старт (08.08),33,0,0.0,,0.0,0,0.0,0.0,,,9,0,0.0,0.0,0.0,102,40,0,0,46.5000000000000000,34,40,0,102,2,0,0,0,0,0,0,0,0,,,,0,16085.0,,37.67,27.1,6059.63,0.0565,297.1,201.0,179.0,no_impressions,S1,показов рекламы 33 за окно при ставке 22 ₽
5239560160,0856X6,"Комплект картриджей TN-241BK (6 шт.) на 15000 страниц для принтеров Brother DCP-9020cdw, HL-3140cw, HL 3150, HL3170CDW, MFC-9140, MFC-9330",True,21.96,1,Бандлы x2/x6 — старт (08.08),25,0,0.0,,0.0,0,0.0,0.0,,,9,0,0.0,0.0,0.0,1101,24,0,0,31.5000000000000000,30,24,0,1101,2,0,0,0,0,0,0,0,0,,,,0,13419.0,,45.53,34.9,6109.18,0.0565,307.5,226.8,204.8,no_impressions,S1,показов рекламы 25 за окно при ставке 22 ₽
5239560720,0856X2,"Комплект картриджей TN-241BK (2 шт.) на 5000 страниц для принтеров Brother DCP-9020cdw, HL-3140cw, HL 3150, HL3170CDW, MFC-9140, MFC-9330",True,21.96,1,Бандлы x2/x6 — старт (08.08),63,1,1.59,10.7,10.65,15,0.0,0.0,,0.0,9,1,10.65,0.0,0.0,20,21,0,0,77.5000000000000000,24,21,0,20,2,0,0,0,0,0,0,0,0,,,,0,4722.0,,38.78,28.2,1831.02,0.0407,64.9,44.6,22.6,ad_eater,E1,"1 кликов, 0 рекламных заказов; продаж не было вовсе; показов рекламы 63 за окно при ставке 22 ₽"
5239587447,0871X2,"Комплект картриджей TK-590K (2 шт.) на 14000 страниц для принтеров Kyocera EcoSys M6026cdn, M6526cdn, FS-C2026, FS-C2126, FSC2526, FS C2626",True,21.96,1,Бандлы x2/x6 — старт (08.08),34,0,0.0,,0.0,0,0.0,0.0,,,9,0,0.0,0.0,0.0,22,20,0,0,53.5000000000000000,46,20,0,22,2,0,0,0,0,0,0,0,0,,,,0,8778.0,,37.93,27.3,3329.22,0.0394,113.9,77.1,55.1,no_impressions,S1,показов рекламы 34 за окно при ставке 22 ₽
5239587927,0871X6,"Комплект картриджей TK-590K (6 шт.) на 42000 страниц для принтеров Kyocera EcoSys M6026cdn, M6526cdn, FS-C2026, FS-C2126, FSC2526, FS C2626",True,21.96,1,Бандлы x2/x6 — старт (08.08),30,0,0.0,,0.0,0,0.0,0.0,,,8,0,0.0,0.0,0.0,0,0,0,0,,,0,0,0,0,0,0,0,0,0,0,0,0,,,,0,24948.0,,45.23,34.6,11283.45,0.0565,567.4,417.5,395.5,no_impressions,S1,показов рекламы 30 за окно при ставке 22 ₽
5239611568,0893X6,"Комплект картриджей CF325X (6 шт.) на 240000 страниц для принтеров HP LaserJet M806DN M806DN, LJ-M806X, M830z, LJM806X+",True,21.96,1,Бандлы x2/x6 — старт (08.08),11,0,0.0,,0.0,0,0.0,0.0,,,6,0,0.0,0.0,0.0,36,25,0,0,31.0000000000000000,18,25,0,36,2,0,0,0,0,0,0,0,0,,,,0,82064.0,,44.82,34.2,36783.57,0.0565,1847.4,1354.7,1332.7,no_impressions,S1,показов рекламы 11 за окно при ставке 22 ₽
5239611570,0893X2,"Комплект картриджей CF325X (2 шт.) на 80000 страниц для принтеров HP LaserJet M806DN M806DN, LJ-M806X, M830z, LJM806X+",True,21.96,1,Бандлы x2/x6 — старт (08.08),15,0,0.0,,0.0,0,0.0,0.0,,,6,0,0.0,0.0,0.0,40,29,0,0,114.5000000000000000,15,29,0,40,2,0,0,0,0,0,0,0,0,,,,0,28874.0,,36.78,26.2,10618.7,0.0565,518.8,346.1,324.1,no_impressions,S1,показов рекламы 15 за окно при ставке 22 ₽
5239655157,0980X6,"Комплект картриджей 44992404 (6 шт.) на 15000 страниц для принтеров OKI B401, MB441, MB451w",True,21.96,1,Бандлы x2/x6 — старт (08.08),40,0,0.0,,0.0,0,0.0,0.0,,,9,0,0.0,0.0,0.0,17,16,0,0,146.5000000000000000,64,16,0,17,2,0,0,0,0,0,0,0,0,,,,0,10627.0,,45.22,34.6,4805.76,0.0565,241.6,177.8,155.8,no_impressions,S1,показов рекламы 40 за окно при ставке 22 ₽
5239655202,0980X2,"Комплект картриджей 44992404 (2 шт.) на 5000 страниц для принтеров OKI B401, MB441, MB451w",True,21.96,1,Бандлы x2/x6 — старт (08.08),55,0,0.0,,0.0,0,0.0,0.0,,,9,0,0.0,0.0,0.0,13,12,0,0,161.5000000000000000,85,12,0,13,2,0,0,0,0,0,0,0,0,,,,0,3739.0,,37.91,27.3,1417.46,0.0407,50.1,33.9,11.9,no_impressions,S1,показов рекламы 55 за окно при ставке 22 ₽
5239712680,1042X2,Комплект картриджей MLT-D111S (2 шт.) на 2000 страниц для принтеров Samsung Xpress M2020,True,21.96,1,Бандлы x2/x6 — старт (08.08),28,0,0.0,,0.0,0,0.0,0.0,,,9,0,0.0,0.0,0.0,1016,11,0,0,90.5000000000000000,60,11,0,1016,2,0,0,0,0,0,0,0,0,,,,0,5094.0,,39.26,28.7,2000.01,0.0394,68.8,47.6,25.6,no_impressions,S1,показов рекламы 28 за окно при ставке 22 ₽
5239714349,1042X6,Комплект картриджей MLT-D111S (6 шт.) на 6000 страниц для принтеров Samsung Xpress M2020,True,21.96,1,Бандлы x2/x6 — старт (08.08),20,0,0.0,,0.0,0,0.0,0.0,,,9,0,0.0,0.0,0.0,3412,14,0,0,115.0000000000000000,52,14,0,3412,2,0,0,0,0,0,0,0,0,,,,0,14477.0,,45.7,35.1,6615.63,0.0565,333.1,246.4,224.4,no_impressions,S1,показов рекламы 20 за окно при ставке 22 ₽
5240087003,1279X6,"Комплект картриджей CF410A (6 шт.) на 13800 страниц для принтеров HP LJ Color Pro M377dw, M452dn, M452nw, M477fdn, M477fdw",True,21.96,1,Бандлы x2/x6 — старт (08.08),11,0,0.0,,0.0,0,0.0,0.0,,,4,0,0.0,0.0,0.0,22,17,0,0,31.0000000000000000,31,17,0,22,1,0,0,0,0,0,0,0,0,,,,0,19321.0,,45.67,35.1,8823.46,0.0565,444.2,328.8,306.8,no_impressions,S1,показов рекламы 11 за окно при ставке 22 ₽
5240087928,1279X2,"Комплект картриджей CF410A (2 шт.) на 4600 страниц для принтеров HP LJ Color Pro M377dw, M452dn, M452nw, M477fdn, M477fdw",True,21.96,1,Бандлы x2/x6 — старт (08.08),17,0,0.0,,0.0,0,0.0,0.0,,,8,0,0.0,0.0,0.0,2302,18,0,0,70.5000000000000000,28,18,0,2302,2,0,0,0,0,0,0,0,0,,,,0,6798.0,,39.18,28.6,2663.23,0.0394,91.6,63.2,41.2,no_impressions,S1,показов рекламы 17 за окно при ставке 22 ₽
5240181081,1307X6,"Комплект картриджей 50F5U00 (6 шт.) на 120000 страниц для принтеров Lexmark MS510dn, MS610de, MS610dn",True,21.96,1,Бандлы x2/x6 — старт (08.08),48,0,0.0,,0.0,0,0.0,0.0,,,9,0,0.0,0.0,0.0,38,32,0,0,37.0000000000000000,30,32,0,38,2,0,0,0,0,0,0,0,0,,,,0,26563.0,,45.25,34.6,12019.89,0.0565,604.4,444.5,422.5,no_impressions,S1,показов рекламы 48 за окно при ставке 22 ₽
5240181485,1307X2,"Комплект картриджей 50F5U00 (2 шт.) на 40000 страниц для принтеров Lexmark MS510dn, MS610de, MS610dn",True,21.96,1,Бандлы x2/x6 — старт (08.08),50,0,0.0,,0.0,0,0.0,0.0,,,9,0,0.0,0.0,0.0,18,17,0,0,89.5000000000000000,22,17,0,18,2,0,0,0,0,0,0,0,0,,,,0,9346.0,,37.99,27.4,3550.62,0.0394,121.5,82.5,60.5,no_impressions,S1,показов рекламы 50 за окно при ставке 22 ₽
5240259203,1320X2,"Комплект картриджей 45807111/45807121 (2 шт.) на 24000 страниц для принтеров OKI B412, B412dn, Data B432, B432dn, B512, B512dn, Kraftway KRP432, MB492 MB492dn MB562 MB562dnw",True,21.96,1,Бандлы x2/x6 — старт (08.08),89,1,1.12,17.0,16.97,23,0.0,0.0,,0.0,9,1,16.97,0.0,0.0,36,32,0,0,46.5000000000000000,39,32,0,36,2,0,0,0,0,0,0,0,0,,,,0,9073.0,,39.78,29.2,3609.33,0.0394,124.4,86.5,64.5,ad_eater,E1,"1 кликов, 0 рекламных заказов; продаж не было вовсе; показов рекламы 89 за окно при ставке 22 ₽"
5240260703,1320X6,"Комплект картриджей 45807111/45807121 (6 шт.) на 72000 страниц для принтеров OKI B412, B412dn, Data B432, B432dn, B512, B512dn, Kraftway KRP432, MB492 MB492dn MB562 MB562dnw",True,21.96,1,Бандлы x2/x6 — старт (08.08),61,0,0.0,,0.0,0,0.0,0.0,,,9,0,0.0,0.0,0.0,45,39,0,0,31.5000000000000000,20,39,0,45,2,0,0,0,0,0,0,0,0,,,,0,25785.0,,45.88,35.3,11830.18,0.0565,595.9,441.7,419.7,no_impressions,S1,показов рекламы 61 за окно при ставке 22 ₽
5241191759,1425X2,"Комплект картриджей 45807120 (2 шт.) на 14000 страниц для принтеров OKI B412, Data B432, B432dn, B512, Kraftway KRP432, MB472dnw, MB492, MB562 MB562dnw",True,21.96,1,Бандлы x2/x6 — старт (08.08),84,1,1.19,13.9,13.92,19,0.0,0.0,,0.0,9,1,13.92,0.0,0.0,1014,35,0,0,15.5000000000000000,7,35,0,1014,2,0,0,0,0,0,0,0,0,,,,0,7978.0,,38.28,27.7,3053.68,0.0394,104.6,71.4,49.4,ad_eater,E1,"1 кликов, 0 рекламных заказов; продаж не было вовсе; показов рекламы 84 за окно при ставке 22 ₽"
5241203195,1425X6,"Комплект картриджей 45807120 (6 шт.) на 42000 страниц для принтеров OKI B412, Data B432, B432dn, B512, Kraftway KRP432, MB472dnw, MB492, MB562 MB562dnw",True,21.96,1,Бандлы x2/x6 — старт (08.08),89,1,1.12,11.1,11.13,15,0.0,0.0,,0.0,9,1,11.13,0.0,0.0,55,50,0,0,39.5000000000000000,16,50,0,55,2,0,0,0,0,0,0,0,0,,,,0,22675.0,,45.35,34.8,10283.33,0.0565,517.3,382.0,360.0,ad_eater,E1,"1 кликов, 0 рекламных заказов; продаж не было вовсе; показов рекламы 89 за окно при ставке 22 ₽"
5244133963,1761X2,"Комплект фотобарабанов 44574307 DU (2 шт.) на 50000 страниц для принтеров OKI B401dn, MB441dn, MB451dw",True,21.96,1,Бандлы x2/x6 — старт (08.08),39,0,0.0,,0.0,0,0.0,0.0,,,9,0,0.0,0.0,0.0,38,25,0,0,34.5000000000000000,19,25,0,38,2,0,0,0,0,0,0,0,0,,,,0,14499.0,,37.56,27.0,5445.45,0.0565,266.9,180.3,158.3,no_impressions,S1,показов рекламы 39 за окно при ставке 22 ₽
5246303748,1835X2,Комплект картриджей SP3500XE (2 шт.) на 12800 страниц для принтеров Ricoh SP3510DN,True,21.96,1,Бандлы x2/x6 — старт (08.08),19,0,0.0,,0.0,0,0.0,0.0,,,9,0,0.0,0.0,0.0,12,5,0,0,232.0000000000000000,232,5,0,12,1,0,0,0,0,0,0,0,0,,,,0,6014.0,,34.91,24.3,2099.57,0.0394,70.9,45.7,23.7,no_impressions,S1,показов рекламы 19 за окно при ставке 22 ₽
5246303902,1835X6,Комплект картриджей SP3500XE (6 шт.) на 38400 страниц для принтеров Ricoh SP3510DN,True,21.96,1,Бандлы x2/x6 — старт (08.08),16,0,0.0,,0.0,0,0.0,0.0,,,8,0,0.0,0.0,0.0,3407,12,0,0,117.0000000000000000,29,12,0,3407,2,0,0,0,0,0,0,0,0,,,,0,17091.0,,44.17,33.6,7548.49,0.0565,378.5,276.3,254.3,no_impressions,S1,показов рекламы 16 за окно при ставке 22 ₽
5249698884,2135X2,"Комплект картриджей TK-5240BK (2 шт.) на 8000 страниц для принтеров Kyocera Ecosys M5526cdn, P5026cdn",True,21.96,1,Бандлы x2/x6 — старт (08.08),21,0,0.0,,0.0,0,0.0,0.0,,,7,0,0.0,0.0,0.0,18,16,0,0,47.5000000000000000,34,16,0,18,2,0,0,0,0,0,0,0,0,,,,0,5081.0,,38.92,28.3,1977.61,0.0394,67.9,46.7,24.7,no_impressions,S1,показов рекламы 21 за окно при ставке 22 ₽
5249702927,2135X6,"Комплект картриджей TK-5240BK (6 шт.) на 24000 страниц для принтеров Kyocera Ecosys M5526cdn, P5026cdn",True,21.96,1,Бандлы x2/x6 — старт (08.08),32,1,3.12,19.7,19.7,27,0.0,0.0,,0.0,10,1,19.7,0.0,0.0,3443,36,0,0,75.0000000000000000,42,36,0,3443,2,0,0,0,0,0,0,0,0,,,,0,14440.0,,45.58,35.0,6581.43,0.0565,331.3,244.9,222.9,ad_eater,E1,"1 кликов, 0 рекламных заказов; продаж не было вовсе; показов рекламы 32 за окно при ставке 22 ₽"
5249801464,2152X6,"Комплект картриджей CF540A (6 шт.) на 8400 страниц для принтеров HP LaserJet Pro Color M254dw, LJ Pro Color M280nw",True,21.96,1,Бандлы x2/x6 — старт (08.08),20,0,0.0,,0.0,0,0.0,0.0,,,8,0,0.0,0.0,0.0,18715,24,0,0,103.0000000000000000,48,24,0,18715,2,0,0,0,0,0,0,0,0,,,,0,16135.0,,45.57,35.0,7353.22,0.0565,370.1,273.7,251.7,no_impressions,S1,показов рекламы 20 за окно при ставке 22 ₽
5249805374,2152X2,"Комплект картриджей CF540A (2 шт.) на 2800 страниц для принтеров HP LaserJet Pro Color M254dw, LJ Pro Color M280nw",True,21.96,1,Бандлы x2/x6 — старт (08.08),14,0,0.0,,0.0,0,0.0,0.0,,,9,0,0.0,0.0,0.0,3074,12,0,0,124.5000000000000000,62,12,0,3074,2,0,0,0,0,0,0,0,0,,,,0,5677.0,,38.91,28.3,2208.79,0.0394,75.9,52.1,30.1,no_impressions,S1,показов рекламы 14 за окно при ставке 22 ₽
5250015064,2183X6,"Комплект картриджей 953XLBK (6 шт.) на 6000 страниц для принтеров HP OfficeJet Pro 7720, OfficeJet Pro 7730",True,21.96,1,Бандлы x2/x6 — старт (08.08),51,0,0.0,,0.0,0,0.0,0.0,,,9,0,0.0,0.0,0.0,44,41,0,0,50.5000000000000000,16,41,0,44,2,0,0,0,0,0,0,0,0,,,,0,11178.0,,45.31,34.7,5064.81,0.0565,254.7,187.7,165.7,no_impressions,S1,показов рекламы 51 за окно при ставке 22 ₽
5250016222,2183X2,"Комплект картриджей 953XLBK (2 шт.) на 2000 страниц для принтеров HP OfficeJet Pro 7720, OfficeJet Pro 7730",True,21.96,1,Бандлы x2/x6 — старт (08.08),54,0,0.0,,0.0,0,0.0,0.0,,,9,0,0.0,0.0,0.0,131,18,0,0,93.5000000000000000,35,18,0,131,2,0,0,0,0,0,0,0,0,,,,0,3933.0,,38.16,27.6,1500.9,0.0407,53.1,36.2,14.2,no_impressions,S1,показов рекламы 54 за окно при ставке 22 ₽
5250359910,2215X2,"Комплект картриджей ML182 (2 шт.) на для принтеров OKI ML-182, ML 192, ML280, ML-320, ML3311, ML 3320, ML 3390, ML3391",True,21.96,1,Бандлы x2/x6 — старт (08.08),63,0,0.0,,0.0,0,0.0,0.0,,,9,0,0.0,0.0,0.0,14,13,0,0,80.5000000000000000,28,13,0,14,2,0,0,0,0,0,0,0,0,,,,0,1891.0,,34.08,23.5,644.41,0.0574,31.6,20.1,-1.9,no_impressions,S1,показов рекламы 63 за окно при ставке 22 ₽
5250365294,2215X6,"Комплект картриджей ML182 (6 шт.) на для принтеров OKI ML-182, ML 192, ML280, ML-320, ML3311, ML 3320, ML 3390, ML3391",True,21.96,1,Бандлы x2/x6 — старт (08.08),44,0,0.0,,0.0,0,0.0,0.0,,,8,0,0.0,0.0,0.0,13,13,0,0,85.0000000000000000,27,13,0,13,2,0,0,0,0,0,0,0,0,,,,0,5373.0,,43.87,33.3,2357.25,0.0394,82.3,59.9,37.9,no_impressions,S1,показов рекламы 44 за окно при ставке 22 ₽
5250365403,2219X6,Комплект картриджей PR2 (6 шт.) на 12000000 знаков для принтеров Olivetti PR2,True,21.96,1,Бандлы x2/x6 — старт (08.08),86,0,0.0,,0.0,0,0.0,0.0,,,9,0,0.0,0.0,0.0,6832,71,0,0,58.5000000000000000,32,71,0,6832,2,0,0,0,0,0,0,0,0,,,,0,7868.0,,44.87,34.3,3530.57,0.0394,123.6,90.9,68.9,no_impressions,S1,показов рекламы 86 за окно при ставке 22 ₽
5250431384,2227X2,"Комплект фотобарабанов CF234A (2 шт.) на 18400 страниц для принтеров HP LaserJet Ultra M106, LJ Ultra MFP M134a",True,21.96,1,Бандлы x2/x6 — старт (08.08),30,0,0.0,,0.0,0,0.0,0.0,,,9,0,0.0,0.0,0.0,27,21,0,0,54.0000000000000000,27,21,0,27,2,0,0,0,0,0,0,0,0,,,,0,10997.0,,38.27,27.7,4208.77,0.0565,206.8,141.1,119.1,no_impressions,S1,показов рекламы 30 за окно при ставке 22 ₽
5250437175,2227X6,"Комплект фотобарабанов CF234A (6 шт.) на 55200 страниц для принтеров HP LaserJet Ultra M106, LJ Ultra MFP M134a",True,21.96,1,Бандлы x2/x6 — старт (08.08),16,0,0.0,,0.0,0,0.0,0.0,,,7,0,0.0,0.0,0.0,28,24,0,0,14.5000000000000000,14,24,0,28,2,0,0,0,0,0,0,0,0,,,,0,31255.0,,45.35,34.8,14173.95,0.0565,713.0,526.6,504.6,no_impressions,S1,показов рекламы 16 за окно при ставке 22 ₽
5251233431,2312X6,"Комплект картриджей 650 (6 шт.) на 2160 страниц для принтеров HP DeskJet 1015, DeskJet 1515, DJ2516, DJ 3545, DJ 4515, DJ 4645",True,21.96,1,Бандлы x2/x6 — старт (08.08),47,0,0.0,,0.0,0,0.0,0.0,,,9,0,0.0,0.0,0.0,112,35,0,0,76.0000000000000000,35,35,0,112,2,0,0,0,0,0,0,0,0,,,,0,27108.0,,45.17,34.6,12243.98,0.0565,615.6,453.6,431.6,no_impressions,S1,показов рекламы 47 за окно при ставке 22 ₽
5251235786,2312X2,"Комплект картриджей 650 (2 шт.) на 720 страниц для принтеров HP DeskJet 1015, DeskJet 1515, DJ2516, DJ 3545, DJ 4515, DJ 4645",True,21.96,1,Бандлы x2/x6 — старт (08.08),78,1,1.28,22.8,22.77,31,0.0,0.0,,0.0,9,1,22.77,0.0,0.0,59,21,0,0,194.5000000000000000,173,21,0,59,2,0,0,0,0,0,0,0,0,,,,0,9538.0,,37.75,27.1,3601.07,0.0394,123.1,83.1,61.1,ad_eater,E1,"1 кликов, 0 рекламных заказов; продаж не было вовсе; показов рекламы 78 за окно при ставке 22 ₽"
5251771172,2388X6,"Комплект картриджей TN-423BK (6 шт.) на 39000 страниц для принтеров Brother DCP-L8410CDW, HL-L8260CDW, HL L8360CDW, MFC-L8690CDW, MFCL8900CDW",True,21.96,1,Бандлы x2/x6 — старт (08.08),15,0,0.0,,0.0,0,0.0,0.0,,,6,0,0.0,0.0,0.0,1,1,0,0,72.0000000000000000,72,1,0,1,1,0,0,0,0,0,0,0,0,,,,0,15946.0,,45.18,34.6,7204.25,0.0565,362.2,266.8,244.8,no_impressions,S1,показов рекламы 15 за окно при ставке 22 ₽
5251771585,2388X2,"Комплект картриджей TN-423BK (2 шт.) на 13000 страниц для принтеров Brother DCP-L8410CDW, HL-L8260CDW, HL L8360CDW, MFC-L8690CDW, MFCL8900CDW",True,21.96,1,Бандлы x2/x6 — старт (08.08),29,0,0.0,,0.0,0,0.0,0.0,,,9,0,0.0,0.0,0.0,19,17,0,0,133.5000000000000000,32,17,0,19,2,0,0,0,0,0,0,0,0,,,,0,5611.0,,37.79,27.2,2120.33,0.0394,72.5,49.1,27.1,no_impressions,S1,показов рекламы 29 за окно при ставке 22 ₽
5251814016,2405X2,"Комплект картриджей TK-5280BK (2 шт.) на 26000 страниц для принтеров Kyocera Ecosys M6235cidn, M6635cidn",True,21.96,1,Бандлы x2/x6 — старт (08.08),17,0,0.0,,0.0,0,0.0,0.0,,,8,0,0.0,0.0,0.0,6,6,0,0,190.0000000000000000,9,6,0,6,2,0,0,0,0,0,0,0,0,,,,0,9014.0,,38.01,27.4,3426.31,0.0394,117.3,79.6,57.6,no_impressions,S1,показов рекламы 17 за окно при ставке 22 ₽
5251815462,2405X6,"Комплект картриджей TK-5280BK (6 шт.) на 78000 страниц для принтеров Kyocera Ecosys M6235cidn, M6635cidn",True,21.96,1,Бандлы x2/x6 — старт (08.08),27,0,0.0,,0.0,0,0.0,0.0,,,7,0,0.0,0.0,0.0,33,24,0,0,129.0000000000000000,37,24,0,33,2,0,0,0,0,0,0,0,0,,,,0,25618.0,,45.26,34.7,11594.03,0.0565,583.1,430.1,408.1,no_impressions,S1,показов рекламы 27 за окно при ставке 22 ₽
5251832337,2411X6,"Комплект тонер-картриджей TK-8115BK (6 шт.) на 72000 страниц для принтеров Kyocera Ecosys M8124cidn, M8130cidn",True,21.96,1,Бандлы x2/x6 — старт (08.08),32,0,0.0,,0.0,0,0.0,0.0,,,9,0,0.0,0.0,0.0,125,83,0,0,36.5000000000000000,21,83,0,125,2,0,0,0,0,0,0,0,0,,,,0,22966.0,,45.51,34.9,10452.48,0.0565,526.0,388.2,366.2,no_impressions,S1,показов рекламы 32 за окно при ставке 22 ₽
5251933158,2438X6,"Комплект картриджей C-EXV39 (6 шт.) на 181200 страниц для принтеров Canon iR Advance 4025i, iR Advance 4035i",True,21.96,1,Бандлы x2/x6 — старт (08.08),12,0,0.0,,0.0,0,0.0,0.0,,,6,0,0.0,0.0,0.0,22,18,0,0,64.0000000000000000,26,18,0,22,2,0,0,0,0,0,0,0,0,,,,0,34700.0,,45.29,34.7,15714.59,0.0565,790.4,582.6,560.6,no_impressions,S1,показов рекламы 12 за окно при ставке 22 ₽
5251933259,2438X2,"Комплект картриджей C-EXV39 (2 шт.) на 60400 страниц для принтеров Canon iR Advance 4025i, iR Advance 4035i",True,21.96,1,Бандлы x2/x6 — старт (08.08),13,0,0.0,,0.0,0,0.0,0.0,,,8,0,0.0,0.0,0.0,5,5,0,0,295.5000000000000000,38,5,0,5,2,0,0,0,0,0,0,0,0,,,,0,12209.0,,38.09,27.5,4650.97,0.0565,228.4,155.3,133.3,no_impressions,S1,показов рекламы 13 за окно при ставке 22 ₽
5251948552,2439X2,"Комплект картриджей C-EXV49Bk (2 шт.) на 72000 страниц для принтеров Canon iR Advance C3320, iR Advance C3325",True,21.96,1,Бандлы x2/x6 — старт (08.08),11,0,0.0,,0.0,0,0.0,0.0,,,7,0,0.0,0.0,0.0,15,15,0,0,116.0000000000000000,40,15,0,15,2,0,0,0,0,0,0,0,0,,,,0,11805.0,,38.21,27.6,4510.24,0.0565,221.6,150.8,128.8,no_impressions,S1,показов рекламы 11 за окно при ставке 22 ₽
5251949890,2439X6,"Комплект картриджей C-EXV49Bk (6 шт.) на 216000 страниц для принтеров Canon iR Advance C3320, iR Advance C3325",True,21.96,1,Бандлы x2/x6 — старт (08.08),18,0,0.0,,0.0,0,0.0,0.0,,,7,0,0.0,0.0,0.0,45,44,0,0,73.5000000000000000,32,44,0,45,2,0,0,0,0,0,0,0,0,,,,0,33550.0,,45.33,34.7,15206.89,0.0565,765.0,563.3,541.3,no_impressions,S1,показов рекламы 18 за окно при ставке 22 ₽
5255259852,2960X2,"Комплект фотобарабанов C-EXV33 DU (2 шт.) на 338000 страниц для принтеров Canon ImageRunner 2520, iR-2525, iR 2530, iR2535, iR2545",True,21.96,1,Бандлы x2/x6 — старт (08.08),35,1,2.86,19.3,19.3,26,0.0,0.0,,0.0,9,1,19.3,0.0,0.0,49,48,0,0,32.0000000000000000,19,48,0,49,2,0,0,0,0,0,0,0,0,,,,0,25451.0,,37.6,27.0,9568.88,0.0565,469.1,316.6,294.6,ad_eater,E1,"1 кликов, 0 рекламных заказов; продаж не было вовсе; показов рекламы 35 за окно при ставке 22 ₽"
5255262850,2960X6,"Комплект фотобарабанов C-EXV33 DU (6 шт.) на 1014000 страниц для принтеров Canon ImageRunner 2520, iR-2525, iR 2530, iR2535, iR2545",True,21.96,1,Бандлы x2/x6 — старт (08.08),39,0,0.0,,0.0,0,0.0,0.0,,,9,0,0.0,0.0,0.0,47,45,0,0,21.5000000000000000,20,45,0,47,2,0,0,0,0,0,0,0,0,,,,0,72333.0,,45.11,34.5,32630.76,0.0565,1640.2,1206.4,1184.4,no_impressions,S1,показов рекламы 39 за окно при ставке 22 ₽
5255275976,2965X2,"Комплект фотобарабанов DK-1150 DU (2 шт.) на 200000 страниц для принтеров Kyocera EcoSys M2040dn, M2135, M2540dn, M2635, M2640idw, M2735dw, P2235, P2335d",True,21.96,1,Бандлы x2/x6 — старт (08.08),62,0,0.0,,0.0,0,0.0,0.0,,,9,0,0.0,0.0,0.0,180,77,0,0,53.0000000000000000,48,77,0,180,2,0,0,0,0,0,0,0,0,,,,0,15569.0,,40.05,29.4,6234.8,0.0565,308.5,214.8,192.8,no_impressions,S1,показов рекламы 62 за окно при ставке 22 ₽
5255532466,2979X6,"Комплект картриджей 106R03745BK (6 шт.) на 141600 страниц для принтеров Xerox VersaLink C7020, VersaLinkC7025",True,21.96,1,Бандлы x2/x6 — старт (08.08),23,0,0.0,,0.0,0,0.0,0.0,,,8,0,0.0,0.0,0.0,44,40,0,0,47.0000000000000000,29,40,0,44,2,0,0,0,0,0,0,0,0,,,,0,33199.0,,45.24,34.6,15018.23,0.0565,755.3,555.6,533.6,no_impressions,S1,показов рекламы 23 за окно при ставке 22 ₽
5255536187,2984X2,"Комплект фотобарабанов CLT-R407 DU (2 шт.) на 48000 страниц для принтеров Samsung CLP-320, CLP 325, CLX-3180, CLX3185",True,21.96,1,Бандлы x2/x6 — старт (08.08),54,1,1.85,7.1,7.06,10,0.0,0.0,,0.0,9,1,7.06,0.0,0.0,33,32,0,0,45.5000000000000000,35,32,0,33,2,0,0,0,0,0,0,0,0,,,,0,22061.0,,36.56,26.0,8066.3,0.0565,393.6,261.9,239.9,ad_eater,E1,"1 кликов, 0 рекламных заказов; продаж не было вовсе; показов рекламы 54 за окно при ставке 22 ₽"
5255536563,2984X6,"Комплект фотобарабанов CLT-R407 DU (6 шт.) на 144000 страниц для принтеров Samsung CLP-320, CLP 325, CLX-3180, CLX3185",True,21.96,1,Бандлы x2/x6 — старт (08.08),25,0,0.0,,0.0,0,0.0,0.0,,,9,0,0.0,0.0,0.0,32,27,0,0,51.0000000000000000,36,27,0,32,2,0,0,0,0,0,0,0,0,,,,0,62699.0,,44.75,34.1,28056.67,0.0565,1409.0,1031.5,1009.5,no_impressions,S1,показов рекламы 25 за окно при ставке 22 ₽
5255536901,2979X2,"Комплект картриджей 106R03745BK (2 шт.) на 47200 страниц для принтеров Xerox VersaLink C7020, VersaLinkC7025",True,21.96,1,Бандлы x2/x6 — старт (08.08),14,0,0.0,,0.0,0,0.0,0.0,,,7,0,0.0,0.0,0.0,32,25,0,0,63.5000000000000000,13,25,0,32,2,0,0,0,0,0,0,0,0,,,,0,11681.0,,37.95,27.4,4433.24,0.0565,217.6,147.9,125.9,no_impressions,S1,показов рекламы 14 за окно при ставке 22 ₽
5256262452,3083X6,"Комплект картриджей 903XL (6 шт.) на 4950 страниц для принтеров HP OfficeJet 6950, OfficeJet Pro 6960",True,21.96,1,Бандлы x2/x6 — старт (08.08),55,0,0.0,,0.0,0,0.0,0.0,,,9,0,0.0,0.0,0.0,29,28,0,0,69.5000000000000000,23,28,0,29,2,0,0,0,0,0,0,0,0,,,,0,9693.0,,45.16,34.6,4377.32,0.0394,153.4,113.1,91.1,no_impressions,S1,показов рекламы 55 за окно при ставке 22 ₽
5256281781,3083X2,"Комплект картриджей 903XL (2 шт.) на 1650 страниц для принтеров HP OfficeJet 6950, OfficeJet Pro 6960",True,21.96,1,Бандлы x2/x6 — старт (08.08),71,0,0.0,,0.0,0,0.0,0.0,,,9,0,0.0,0.0,0.0,16,14,0,0,64.5000000000000000,44,14,0,16,2,0,0,0,0,0,0,0,0,,,,0,3411.0,,37.73,27.1,1287.12,0.0407,45.4,30.7,8.7,no_impressions,S1,показов рекламы 71 за окно при ставке 22 ₽
5258396253,3431X6,"Комплект картриджей TN-217BK (6 шт.) на 18000 страниц для принтеров Brother DCP-L3550CDW, HL-L3230CDW, hl-l3270cdw, MFC-L3770CDW",True,21.96,1,Бандлы x2/x6 — старт (08.08),29,0,0.0,,0.0,0,0.0,0.0,,,9,0,0.0,0.0,0.0,33,30,0,0,57.0000000000000000,14,30,0,33,2,0,0,0,0,0,0,0,0,,,,0,14845.0,,45.55,34.9,6761.65,0.0565,340.3,250.9,228.9,no_impressions,S1,показов рекламы 29 за окно при ставке 22 ₽
5258397359,3431X2,"Комплект картриджей TN-217BK (2 шт.) на 6000 страниц для принтеров Brother DCP-L3550CDW, HL-L3230CDW, hl-l3270cdw, MFC-L3770CDW",True,21.96,1,Бандлы x2/x6 — старт (08.08),38,0,0.0,,0.0,0,0.0,0.0,,,8,0,0.0,0.0,0.0,23,19,0,0,41.0000000000000000,23,19,0,23,2,0,0,0,0,0,0,0,0,,,,0,5223.0,,38.84,28.2,2028.46,0.0394,69.7,47.8,25.8,no_impressions,S1,показов рекламы 38 за окно при ставке 22 ₽
5258441875,3442X2,"Комплект картриджей T9661 (2 шт.) на 80000 страниц для принтеров Epson WorkForce Pro M5298, WF Pro M5299",True,21.96,1,Бандлы x2/x6 — старт (08.08),29,0,0.0,,0.0,0,0.0,0.0,,,8,0,0.0,0.0,0.0,36,30,0,0,84.5000000000000000,21,30,0,36,2,0,0,0,0,0,0,0,0,,,,0,14184.0,,38.96,28.4,5526.5,0.0565,272.3,187.6,165.6,no_impressions,S1,показов рекламы 29 за окно при ставке 22 ₽
5258442474,3442X6,"Комплект картриджей T9661 (6 шт.) на 240000 страниц для принтеров Epson WorkForce Pro M5298, WF Pro M5299",True,21.96,1,Бандлы x2/x6 — старт (08.08),30,0,0.0,,0.0,0,0.0,0.0,,,7,0,0.0,0.0,0.0,163,36,0,0,109.0000000000000000,52,36,0,163,2,0,0,0,0,0,0,0,0,,,,0,40311.0,,45.59,35.0,18378.71,0.0565,925.0,683.7,661.7,no_impressions,S1,показов рекламы 30 за окно при ставке 22 ₽
5259397653,3617X2,"Комплект фотобарабанов 101R00664 DU (2 шт.) на 20000 страниц для принтеров Xerox B-205, B 210, B215",True,21.96,1,Бандлы x2/x6 — старт (08.08),45,0,0.0,,0.0,0,0.0,0.0,,,8,0,0.0,0.0,0.0,3438,20,0,0,70.0000000000000000,19,20,0,3438,2,0,0,0,0,0,0,0,0,,,,0,5732.0,,38.76,28.2,2221.85,0.0394,76.3,52.4,30.4,no_impressions,S1,показов рекламы 45 за окно при ставке 22 ₽
5259400790,3617X6,"Комплект фотобарабанов 101R00664 DU (6 шт.) на 60000 страниц для принтеров Xerox B-205, B 210, B215",True,21.96,1,Бандлы x2/x6 — старт (08.08),45,0,0.0,,0.0,0,0.0,0.0,,,8,0,0.0,0.0,0.0,14,13,0,0,30.5000000000000000,28,13,0,14,2,0,0,0,0,0,0,0,0,,,,0,16292.0,,45.52,34.9,7416.45,0.0565,373.2,275.4,253.4,no_impressions,S1,показов рекламы 45 за окно при ставке 22 ₽
5259666189,3641X6,"Комплект фотобарабанов CF257A (6 шт.) на 480000 страниц для принтеров HP LaserJet M433, LJ M436",True,21.96,1,Бандлы x2/x6 — старт (08.08),24,0,0.0,,0.0,0,0.0,0.0,,,7,0,0.0,0.0,0.0,114,38,0,0,14.5000000000000000,14,38,0,114,2,0,0,0,0,0,0,0,0,,,,0,103324.0,,44.53,33.9,46012.64,0.0565,2309.1,1688.2,1666.2,bid_up,C,позиция 14 при спросе 114; показов рекламы 24 за окно при ставке 22 ₽
5259666747,3641X2,"Комплект фотобарабанов CF257A (2 шт.) на 160000 страниц для принтеров HP LaserJet M433, LJ M436",True,21.96,1,Бандлы x2/x6 — старт (08.08),34,0,0.0,,0.0,0,0.0,0.0,,,7,0,0.0,0.0,0.0,3140,34,0,0,20.5000000000000000,20,34,0,3140,2,0,0,0,0,0,0,0,0,,,,0,36355.0,,35.95,25.4,13069.71,0.0565,636.1,419.3,397.3,bid_up,C,позиция 20 при спросе 3 140; показов рекламы 34 за окно при ставке 22 ₽
5260010102,3669X6,Комплект картриджей 106R03765 (6 шт.) на 64200 страниц для принтеров Xerox VersaLink C7000,True,21.96,1,Бандлы x2/x6 — старт (08.08),22,0,0.0,,0.0,0,0.0,0.0,,,7,0,0.0,0.0,0.0,20,20,0,0,112.5000000000000000,42,20,0,20,2,0,0,0,0,0,0,0,0,,,,0,24581.0,,45.16,34.6,11100.92,0.0565,558.1,411.3,389.3,no_impressions,S1,показов рекламы 22 за окно при ставке 22 ₽
5260427107,3717X6,"Комплект картриджей 418481 (6 шт.) на 240000 страниц для принтеров Ricoh IM 600, IM-550, P 801, P-800",True,21.96,1,Бандлы x2/x6 — старт (08.08),17,0,0.0,,0.0,0,0.0,0.0,,,6,0,0.0,0.0,0.0,8,8,0,0,16.0000000000000000,10,8,0,8,2,0,0,0,0,0,0,0,0,,,,0,65291.0,,44.77,34.2,29230.71,0.0565,1468.0,1077.8,1055.8,no_impressions,S1,показов рекламы 17 за окно при ставке 22 ₽
5260429298,3717X2,"Комплект картриджей 418481 (2 шт.) на 80000 страниц для принтеров Ricoh IM 600, IM-550, P 801, P-800",True,21.96,1,Бандлы x2/x6 — старт (08.08),20,0,0.0,,0.0,0,0.0,0.0,,,9,0,0.0,0.0,0.0,40,10,0,0,105.5000000000000000,10,10,0,40,2,0,0,0,0,0,0,0,0,,,,0,22973.0,,36.63,26.0,8413.92,0.0565,410.8,272.7,250.7,no_impressions,S1,показов рекламы 20 за окно при ставке 22 ₽
5260594046,3743X6,Комплект фотобарабанов 113R00782 DU (6 шт.) на 493200 страниц для принтеров Xerox VersaLink C7000,True,21.96,1,Бандлы x2/x6 — старт (08.08),17,0,0.0,,0.0,0,0.0,0.0,,,5,0,0.0,0.0,0.0,3,3,0,0,98.0000000000000000,98,3,0,3,1,0,0,0,0,0,0,0,0,,,,0,39382.0,,41.95,31.4,16520.73,0.0565,822.7,587.8,565.8,no_impressions,S1,показов рекламы 17 за окно при ставке 22 ₽
5260612371,3743X2,Комплект фотобарабанов 113R00782 DU (2 шт.) на 164400 страниц для принтеров Xerox VersaLink C7000,True,21.96,1,Бандлы x2/x6 — старт (08.08),35,1,2.86,14.3,14.29,19,0.0,0.0,,0.0,9,1,14.29,0.0,0.0,45,8,0,0,48.5000000000000000,48,8,0,45,2,0,0,0,0,0,0,0,0,,,,0,13857.0,,28.61,18.0,3964.64,0.0565,185.0,101.8,79.8,ad_eater,E1,"1 кликов, 0 рекламных заказов; продаж не было вовсе; показов рекламы 35 за окно при ставке 22 ₽"
5262315376,3906X6,Комплект картриджей TK-7125 (6 шт.) на 120000 страниц для принтеров Kyocera TASKalfa 3212i,True,21.96,1,Бандлы x2/x6 — старт (08.08),19,0,0.0,,0.0,0,0.0,0.0,,,9,0,0.0,0.0,0.0,22,14,0,0,198.0000000000000000,48,14,0,22,2,0,0,0,0,0,0,0,0,,,,0,26665.0,,45.16,34.6,12041.07,0.0565,605.4,446.2,424.2,no_impressions,S1,показов рекламы 19 за окно при ставке 22 ₽
5262332691,3906X2,Комплект картриджей TK-7125 (2 шт.) на 40000 страниц для принтеров Kyocera TASKalfa 3212i,True,21.96,1,Бандлы x2/x6 — старт (08.08),13,0,0.0,,0.0,0,0.0,0.0,,,5,0,0.0,0.0,0.0,3406,10,0,0,110.0000000000000000,73,10,0,3406,2,0,0,0,0,0,0,0,0,,,,0,9382.0,,37.72,27.1,3539.33,0.0394,121.0,81.7,59.7,no_impressions,S1,показов рекламы 13 за окно при ставке 22 ₽
5263040598,3958X2,"Комплект картриджей CF259X (2 шт.) на 20000 страниц для принтеров HP LaserJet M406, LJ Pro M304, LJ Pro M404",True,21.96,1,Бандлы x2/x6 — старт (08.08),10,0,0.0,,0.0,0,0.0,0.0,,,6,0,0.0,0.0,0.0,18,14,0,0,267.0000000000000000,267,14,0,18,1,0,0,0,0,0,0,0,0,,,,0,8902.0,,38.45,27.9,3423.21,0.0394,117.3,80.3,58.3,no_impressions,S1,показов рекламы 10 за окно при ставке 22 ₽
5263043299,3958X6,"Комплект картриджей CF259X (6 шт.) на 60000 страниц для принтеров HP LaserJet M406, LJ Pro M304, LJ Pro M404",True,21.96,1,Бандлы x2/x6 — старт (08.08),9,0,0.0,,0.0,0,0.0,0.0,,,4,0,0.0,0.0,0.0,23,15,0,0,30.0000000000000000,30,15,0,23,1,0,0,0,0,0,0,0,0,,,,0,25299.0,,45.41,34.8,11489.11,0.0565,578.0,426.2,404.2,no_impressions,S1,показов рекламы 9 за окно при ставке 22 ₽
5265230747,4264X2,"Комплект картриджей 006R01701 (2 шт.) на 52000 страниц для принтеров Xerox AltaLink C8030, C8035",True,21.96,1,Бандлы x2/x6 — старт (08.08),25,0,0.0,,0.0,0,0.0,0.0,,,8,0,0.0,0.0,0.0,3426,13,0,0,164.0000000000000000,88,13,0,3426,2,0,0,0,0,0,0,0,0,,,,0,15502.0,,37.63,27.0,5833.84,0.0565,286.0,192.8,170.8,no_impressions,S1,показов рекламы 25 за окно при ставке 22 ₽
5265230897,4264X6,"Комплект картриджей 006R01701 (6 шт.) на 156000 страниц для принтеров Xerox AltaLink C8030, C8035",True,21.96,1,Бандлы x2/x6 — старт (08.08),27,0,0.0,,0.0,0,0.0,0.0,,,9,0,0.0,0.0,0.0,42,39,0,0,75.5000000000000000,4,39,0,42,2,0,0,0,0,0,0,0,0,,,,0,44059.0,,45.12,34.5,19881.4,0.0565,999.3,734.8,712.8,no_impressions,S1,показов рекламы 27 за окно при ставке 22 ₽
5265293082,4309X2,"Комплект картриджей TN-328K (2 шт.) на 56000 страниц для принтеров Konica Minolta Bizhub C250i, C300i, C360i",True,21.96,1,Бандлы x2/x6 — старт (08.08),25,0,0.0,,0.0,0,0.0,0.0,,,8,0,0.0,0.0,0.0,22,22,0,0,27.5000000000000000,25,22,0,22,2,0,0,0,0,0,0,0,0,,,,0,12348.0,,37.67,27.1,4651.35,0.0565,228.1,154.3,132.3,no_impressions,S1,показов рекламы 25 за окно при ставке 22 ₽
5265294832,4309X6,"Комплект картриджей TN-328K (6 шт.) на 168000 страниц для принтеров Konica Minolta Bizhub C250i, C300i, C360i",True,21.96,1,Бандлы x2/x6 — старт (08.08),26,0,0.0,,0.0,0,0.0,0.0,,,8,0,0.0,0.0,0.0,37,38,0,0,82.5000000000000000,13,38,0,37,2,0,0,0,0,0,0,0,0,,,,0,35095.0,,45.14,34.5,15840.89,0.0565,796.4,585.3,563.3,no_impressions,S1,показов рекламы 26 за окно при ставке 22 ₽
5265651639,4274X2,"Комплект картриджей W2410A (2 шт.) на 2100 страниц для принтеров HP Color LaserJet Pro M155a, Color LaserJet Pro M155nw",True,21.96,1,Бандлы x2/x6 — старт (08.08),28,0,0.0,,0.0,0,0.0,0.0,,,8,0,0.0,0.0,0.0,51,25,0,0,51.5000000000000000,27,25,0,51,2,0,0,0,0,0,0,0,0,,,,0,7233.0,,39.49,28.9,2856.21,0.0394,98.3,68.1,46.1,no_impressions,S1,показов рекламы 28 за окно при ставке 22 ₽
5265651727,4274X6,"Комплект картриджей W2410A (6 шт.) на 6300 страниц для принтеров HP Color LaserJet Pro M155a, Color LaserJet Pro M155nw",True,21.96,1,Бандлы x2/x6 — старт (08.08),38,1,2.63,14.2,14.15,19,0.0,0.0,,0.0,9,1,14.15,0.0,0.0,57,43,0,0,27.0000000000000000,17,43,0,57,2,0,0,0,0,0,0,0,0,,,,0,20558.0,,45.78,35.2,9410.95,0.0565,474.0,351.0,329.0,ad_eater,E1,"1 кликов, 0 рекламных заказов; продаж не было вовсе; показов рекламы 38 за окно при ставке 22 ₽"
5265967060,4433X6,"Комплект чернил №110 (6 шт.) на 36000 страниц для принтеров Epson EcoTank M1100, EcoTankM1120",True,21.96,1,Бандлы x2/x6 — старт (08.08),79,2,2.53,23.1,46.29,63,0.0,0.0,,0.0,9,2,46.29,0.0,0.0,15,13,0,0,55.0000000000000000,51,13,0,15,2,0,0,0,0,0,0,0,0,,,,0,4909.0,,43.67,33.1,2144.0,0.0407,77.2,56.1,34.1,ad_eater,E1,"2 кликов, 0 рекламных заказов; продаж не было вовсе; показов рекламы 79 за окно при ставке 22 ₽"
5269489374,4531X6,"Комплект фотобарабанов 013R00681 DU (6 шт.) на 1080000 страниц для принтеров Xerox AltaLink C8130, C8135",True,21.96,1,Бандлы x2/x6 — старт (08.08),50,0,0.0,,0.0,0,0.0,0.0,,,9,0,0.0,0.0,0.0,45,40,0,0,52.5000000000000000,10,40,0,45,2,0,0,0,0,0,0,0,0,,,,0,161541.0,,44.56,34.0,71980.35,0.0565,3612.9,2648.5,2626.5,no_impressions,S1,показов рекламы 50 за окно при ставке 22 ₽
5269489503,4531X2,"Комплект фотобарабанов 013R00681 DU (2 шт.) на 360000 страниц для принтеров Xerox AltaLink C8130, C8135",True,21.96,1,Бандлы x2/x6 — старт (08.08),30,0,0.0,,0.0,0,0.0,0.0,,,9,0,0.0,0.0,0.0,63,27,0,0,32.5000000000000000,32,27,0,63,2,0,0,0,0,0,0,0,0,,,,0,56839.0,,36.02,25.4,20476.06,0.0565,996.8,655.5,633.5,no_impressions,S1,показов рекламы 30 за окно при ставке 22 ₽
5269507640,4532X6,Комплект картриджей C-EXV60 (6 шт.) на 61200 страниц для принтеров Canon imageRUNNER 2425,True,21.96,1,Бандлы x2/x6 — старт (08.08),4,0,0.0,,0.0,0,0.0,0.0,,,4,0,0.0,0.0,0.0,0,0,0,0,,,0,0,0,0,0,0,0,0,0,0,0,0,,,,0,16405.0,,45.54,34.9,7471.04,0.0565,376.0,277.3,255.3,no_impressions,S1,показов рекламы 4 за окно при ставке 22 ₽
5269508204,4532X2,Комплект картриджей C-EXV60 (2 шт.) на 20400 страниц для принтеров Canon imageRUNNER 2425,True,21.96,1,Бандлы x2/x6 — старт (08.08),15,0,0.0,,0.0,0,0.0,0.0,,,9,0,0.0,0.0,0.0,504,5,0,0,124.5000000000000000,25,5,0,504,2,0,0,0,0,0,0,0,0,,,,0,5772.0,,38.82,28.2,2240.52,0.0394,76.9,52.8,30.8,no_impressions,S1,показов рекламы 15 за окно при ставке 22 ₽
5269571046,4542X6,"Комплект картриджей W1106XL (6 шт.) на 30000 страниц для принтеров HP Laser 107A, Laser107R",True,21.96,1,Бандлы x2/x6 — старт (08.08),11,0,0.0,,0.0,0,0.0,0.0,,,5,0,0.0,0.0,0.0,39,27,0,0,133.5000000000000000,31,27,0,39,2,0,0,0,0,0,0,0,0,,,,0,18619.0,,45.69,35.1,8507.13,0.0565,428.3,316.8,294.8,no_impressions,S1,показов рекламы 11 за окно при ставке 22 ₽
5269571597,4542X2,"Комплект картриджей W1106XL (2 шт.) на 10000 страниц для принтеров HP Laser 107A, Laser107R",True,21.96,1,Бандлы x2/x6 — старт (08.08),19,0,0.0,,0.0,0,0.0,0.0,,,7,0,0.0,0.0,0.0,3337,15,0,0,184.0000000000000000,129,15,0,3337,2,0,0,0,0,0,0,0,0,,,,0,6551.0,,39.24,28.6,2570.72,0.0394,88.4,60.9,38.9,no_impressions,S1,показов рекламы 19 за окно при ставке 22 ₽
5271777163,4730X2,Комплект картриджей TN-227K (2 шт.) на 48000 страниц для принтеров Konica Minolta Bizhub C257i,True,21.96,1,Бандлы x2/x6 — старт (08.08),7,1,14.29,11.5,11.52,16,0.0,0.0,,0.0,2,1,11.52,0.0,0.0,0,0,0,0,,,0,0,0,0,0,0,0,0,0,0,0,0,,,,0,45000.0,,44.05,33.4,19820.29,0.0565,993.5,722.5,700.5,ad_eater,E1,"1 кликов, 0 рекламных заказов; продаж не было вовсе; показов рекламы 7 за окно при ставке 22 ₽"
5271780255,4730X6,Комплект картриджей TN-227K (6 шт.) на 144000 страниц для принтеров Konica Minolta Bizhub C257i,True,21.96,1,Бандлы x2/x6 — старт (08.08),21,0,0.0,,0.0,0,0.0,0.0,,,4,0,0.0,0.0,0.0,0,0,0,0,,,0,0,0,0,0,0,0,0,0,0,0,0,,,,0,45000.0,,44.05,33.4,19820.29,0.0565,993.5,722.5,700.5,no_impressions,S1,показов рекламы 21 за окно при ставке 22 ₽
5272027515,4746X6,"Комплект картриджей PG-460XL (6 шт.) на 2400 страниц для принтеров Canon Pixma MG5740, Pixma MG6840",True,21.96,1,Бандлы x2/x6 — старт (08.08),70,0,0.0,,0.0,0,0.0,0.0,,,9,0,0.0,0.0,0.0,50,44,0,0,49.0000000000000000,33,44,0,50,2,0,0,0,0,0,0,0,0,,,,0,41396.0,,45.47,34.9,18822.44,0.0565,947.1,699.8,677.8,no_impressions,S1,показов рекламы 70 за окно при ставке 22 ₽
5272040408,4746X2,"Комплект картриджей PG-460XL (2 шт.) на 800 страниц для принтеров Canon Pixma MG5740, Pixma MG6840",True,21.96,1,Бандлы x2/x6 — старт (08.08),80,0,0.0,,0.0,0,0.0,0.0,,,10,0,0.0,0.0,0.0,28,23,0,0,71.5000000000000000,61,23,0,28,2,0,0,0,0,0,0,0,0,,,,0,14565.0,,38.61,28.0,5623.92,0.0565,276.8,189.4,167.4,no_impressions,S1,показов рекламы 80 за окно при ставке 22 ₽
5272497902,4821X2,"Комплект картриджей TL-420Е (2 шт.) на 2000 страниц для принтеров M6700D, M6800FDW, M7100DN, M7102DN, M7200FD, M7300FDN, M7302FDN, P3010D P3020D P3300DN P3302DN",True,21.96,1,Бандлы x2/x6 — старт (08.08),49,0,0.0,,0.0,0,0.0,0.0,,,9,0,0.0,0.0,0.0,40,23,0,0,93.0000000000000000,45,23,0,40,2,0,0,0,0,0,0,0,0,,,,0,5609.0,,39.57,29.0,2219.34,0.0394,76.4,53.1,31.1,no_impressions,S1,показов рекламы 49 за окно при ставке 22 ₽
5272533345,4821X6,"Комплект картриджей TL-420Е (6 шт.) на 6000 страниц для принтеров M6700D, M6800FDW, M7100DN, M7102DN, M7200FD, M7300FDN, M7302FDN, P3010D P3020D P3300DN P3302DN",True,21.96,1,Бандлы x2/x6 — старт (08.08),44,0,0.0,,0.0,0,0.0,0.0,,,9,0,0.0,0.0,0.0,8884,53,0,0,83.0000000000000000,26,53,0,8884,2,0,0,0,0,0,0,0,0,,,,0,15941.0,,45.81,35.2,7301.79,0.0565,367.8,272.2,250.2,no_impressions,S1,показов рекламы 44 за окно при ставке 22 ₽
5272584452,4830X2,"Комплект фотобарабанов W1104A (2 шт.) на 40000 страниц для принтеров HP Neverstop 1200 a, 1000a",True,21.96,1,Бандлы x2/x6 — старт (08.08),30,0,0.0,,0.0,0,0.0,0.0,,,9,0,0.0,0.0,0.0,26,23,0,0,33.5000000000000000,18,23,0,26,2,0,0,0,0,0,0,0,0,,,,0,17731.0,,36.41,25.8,6455.31,0.0565,314.9,208.5,186.5,no_impressions,S1,показов рекламы 30 за окно при ставке 22 ₽
5272587941,4830X6,"Комплект фотобарабанов W1104A (6 шт.) на 120000 страниц для принтеров HP Neverstop 1200 a, 1000a",True,21.96,1,Бандлы x2/x6 — старт (08.08),16,0,0.0,,0.0,0,0.0,0.0,,,6,0,0.0,0.0,0.0,11,9,0,0,32.0000000000000000,32,9,0,11,1,0,0,0,0,0,0,0,0,,,,0,50393.0,,44.69,34.1,22522.18,0.0565,1130.8,829.0,807.0,no_impressions,S1,показов рекламы 16 за окно при ставке 22 ₽
5272625999,4832X6,"Комплект картриджей CF289X (6 шт.) на 60000 страниц для принтеров HP LaserJet M507, LJ M528",True,21.96,1,Бандлы x2/x6 — старт (08.08),15,0,0.0,,0.0,0,0.0,0.0,,,6,0,0.0,0.0,0.0,9,6,0,0,241.0000000000000000,241,6,0,9,1,0,0,0,0,0,0,0,0,,,,0,26681.0,,45.27,34.7,12078.94,0.0565,607.4,448.0,426.0,no_impressions,S1,показов рекламы 15 за окно при ставке 22 ₽
5272628215,4832X2,"Комплект картриджей CF289X (2 шт.) на 20000 страниц для принтеров HP LaserJet M507, LJ M528",True,21.96,1,Бандлы x2/x6 — старт (08.08),25,0,0.0,,0.0,0,0.0,0.0,,,8,0,0.0,0.0,0.0,3,3,0,0,343.0000000000000000,343,3,0,3,1,0,0,0,0,0,0,0,0,,,,0,9388.0,,38.05,27.4,3572.28,0.0394,122.3,82.9,60.9,no_impressions,S1,показов рекламы 25 за окно при ставке 22 ₽
5276871530,5237X2,"Комплект картриджей 069 (2 шт.) на 4200 страниц для принтеров Canon i-SENSYS LBP-673Cdw, MF752Cdw, MF754Cdw",True,21.96,1,Бандлы x2/x6 — старт (08.08),23,0,0.0,,0.0,0,0.0,0.0,,,8,0,0.0,0.0,0.0,233,16,0,0,260.5000000000000000,179,16,0,233,2,0,0,0,0,0,0,0,0,,,,0,6439.0,,38.76,28.2,2495.63,0.0394,85.7,58.9,36.9,no_impressions,S1,показов рекламы 23 за окно при ставке 22 ₽
5276873456,5237X6,"Комплект картриджей 069 (6 шт.) на 12600 страниц для принтеров Canon i-SENSYS LBP-673Cdw, MF752Cdw, MF754Cdw",True,21.96,1,Бандлы x2/x6 — старт (08.08),22,0,0.0,,0.0,0,0.0,0.0,,,9,0,0.0,0.0,0.0,56,45,0,0,143.5000000000000000,74,45,0,56,2,0,0,0,0,0,0,0,0,,,,0,18301.0,,45.52,34.9,8330.7,0.0565,419.2,309.4,287.4,no_impressions,S1,показов рекламы 22 за окно при ставке 22 ₽
5277342337,5287X2,Комплект картриджей T1A (2 шт.) на 7000 страниц для принтеров Deli M2500AD,True,21.96,1,Бандлы x2/x6 — старт (08.08),71,0,0.0,,0.0,0,0.0,0.0,,,10,0,0.0,0.0,0.0,3520,31,0,0,55.0000000000000000,43,31,0,3520,2,0,0,0,0,0,0,0,0,,,,0,8480.0,,38.42,27.8,3257.63,0.0394,111.7,76.2,54.2,no_impressions,S1,показов рекламы 71 за окно при ставке 22 ₽
5278052028,5374X6,"Комплект картриджей 069H (6 шт.) на 45600 страниц для принтеров Canon i-SENSYS LBP-673Cdw, MF752Cdw, MF754Cdw",True,21.96,1,Бандлы x2/x6 — старт (08.08),37,0,0.0,,0.0,0,0.0,0.0,,,9,0,0.0,0.0,0.0,127,96,0,0,46.0000000000000000,42,96,0,127,2,0,0,0,0,0,0,0,0,,,,0,31169.0,,45.31,34.7,14122.64,0.0565,710.3,523.4,501.4,no_impressions,S1,показов рекламы 37 за окно при ставке 22 ₽
5278053645,5374X2,"Комплект картриджей 069H (2 шт.) на 15200 страниц для принтеров Canon i-SENSYS LBP-673Cdw, MF752Cdw, MF754Cdw",True,21.96,1,Бандлы x2/x6 — старт (08.08),34,0,0.0,,0.0,0,0.0,0.0,,,9,0,0.0,0.0,0.0,270,34,0,0,127.0000000000000000,86,34,0,270,2,0,0,0,0,0,0,0,0,,,,0,10967.0,,38.16,27.6,4185.01,0.0565,205.6,140.1,118.1,no_impressions,S1,показов рекламы 34 за окно при ставке 22 ₽
5278080751,5384X6,"Комплект картриджей 055H BK (6 шт.) на 45600 страниц для принтеров Canon i-SENSYS MF740, MF 741, MF742Cdw, MF 743",True,21.96,1,Бандлы x2/x6 — старт (08.08),21,0,0.0,,0.0,0,0.0,0.0,,,7,0,0.0,0.0,0.0,36,28,0,0,17.5000000000000000,12,28,0,36,2,0,0,0,0,0,0,0,0,,,,0,24619.0,,45.41,34.8,11179.61,0.0565,562.4,414.8,392.8,no_impressions,S1,показов рекламы 21 за окно при ставке 22 ₽
5278081521,5384X2,"Комплект картриджей 055H BK (2 шт.) на 15200 страниц для принтеров Canon i-SENSYS MF740, MF 741, MF742Cdw, MF 743",True,21.96,1,Бандлы x2/x6 — старт (08.08),21,0,0.0,,0.0,0,0.0,0.0,,,7,0,0.0,0.0,0.0,15,12,0,0,58.0000000000000000,58,12,0,15,1,0,0,0,0,0,0,0,0,,,,0,8662.0,,38.45,27.9,3330.15,0.0394,114.2,78.2,56.2,no_impressions,S1,показов рекламы 21 за окно при ставке 22 ₽
5278232384,5403X6,"Комплект картриджей 056H (6 шт.) на 126000 страниц для принтеров Canon i-SENSYS MF542x, MF543x, LBP-325",True,21.96,1,Бандлы x2/x6 — старт (08.08),36,0,0.0,,0.0,0,0.0,0.0,,,7,0,0.0,0.0,0.0,0,0,0,0,,,0,0,0,0,0,0,0,0,0,0,0,0,,,,0,45000.0,,44.67,34.1,20103.29,0.0565,1009.2,740.3,718.3,no_impressions,S1,показов рекламы 36 за окно при ставке 22 ₽
5278233239,5403X2,"Комплект картриджей 056H (2 шт.) на 42000 страниц для принтеров Canon i-SENSYS MF542x, MF543x, LBP-325",True,21.96,1,Бандлы x2/x6 — старт (08.08),34,0,0.0,,0.0,0,0.0,0.0,,,6,0,0.0,0.0,0.0,0,0,0,0,,,0,0,0,0,0,0,0,0,0,0,0,0,,,,0,45000.0,,44.67,34.1,20103.29,0.0565,1009.2,740.3,718.3,no_impressions,S1,показов рекламы 34 за окно при ставке 22 ₽
5278407951,5418X6,"Комплект картриджей 067H Bk (6 шт.) на 18780 страниц для принтеров Canon i-SENSYS LBP-631CW, LBP633Cdw, MF651Cw, MF655Cdw",True,21.96,1,Бандлы x2/x6 — старт (08.08),43,0,0.0,,0.0,0,0.0,0.0,,,9,0,0.0,0.0,0.0,143,99,0,0,30.0000000000000000,24,99,0,143,2,0,0,0,0,0,0,0,0,,,,0,21217.0,,45.65,35.0,9685.12,0.0565,487.6,359.9,337.9,bid_up,C,позиция 30 при спросе 143; показов рекламы 43 за окно при ставке 22 ₽
5279391142,5488X6,"Комплект картриджей 069 BK (6 шт.) на 12600 страниц для принтеров Canon i-SENSYS LBP-673Cdw, MF752Cdw, MF754Cdw",True,21.96,1,Бандлы x2/x6 — старт (08.08),31,0,0.0,,0.0,0,0.0,0.0,,,9,0,0.0,0.0,0.0,87,65,0,0,97.0000000000000000,78,65,0,87,2,0,0,0,0,0,0,0,0,,,,0,25364.0,,45.43,34.8,11523.09,0.0565,579.7,427.3,405.3,no_impressions,S1,показов рекламы 31 за окно при ставке 22 ₽
5279394909,5488X2,"Комплект картриджей 069 BK (2 шт.) на 4200 страниц для принтеров Canon i-SENSYS LBP-673Cdw, MF752Cdw, MF754Cdw",True,21.96,1,Бандлы x2/x6 — старт (08.08),17,0,0.0,,0.0,0,0.0,0.0,,,8,0,0.0,0.0,0.0,1315,22,0,0,236.5000000000000000,193,22,0,1315,2,0,0,0,0,0,0,0,0,,,,0,8924.0,,38.5,27.9,3436.03,0.0394,117.8,80.5,58.5,no_impressions,S1,показов рекламы 17 за окно при ставке 22 ₽
5279513850,5544X2,"Комплект фотобарабанов DR-421CL (2 шт.) на 100000 страниц для принтеров Brother DCP-L8410CDW, HL-L8260CDW, HL L8360CDW, HLL9310, MFC-L8690CDW, MFC-L8900CDW",True,21.96,1,Бандлы x2/x6 — старт (08.08),35,0,0.0,,0.0,0,0.0,0.0,,,8,0,0.0,0.0,0.0,97,30,0,0,37.0000000000000000,18,30,0,97,2,0,0,0,0,0,0,0,0,,,,0,43635.0,,35.93,25.3,15679.83,0.0565,763.0,500.8,478.8,no_impressions,S1,показов рекламы 35 за окно при ставке 22 ₽
5279550442,5521X6,"Комплект картриджей 071H (6 шт.) на 15000 страниц для принтеров Canon i-SENSYS LBP-120, LBP122dw, MF270, MF272dw",True,21.96,1,Бандлы x2/x6 — старт (08.08),67,1,1.49,23.4,23.43,32,0.0,0.0,,0.0,8,1,23.43,0.0,0.0,59,45,0,0,60.0000000000000000,8,45,0,59,2,0,0,0,0,0,0,0,0,,,,0,19613.0,,45.63,35.0,8950.09,0.0565,450.5,332.6,310.6,ad_eater,E1,"1 кликов, 0 рекламных заказов; продаж не было вовсе; показов рекламы 67 за окно при ставке 22 ₽"
5279551540,5521X2,"Комплект картриджей 071H (2 шт.) на 5000 страниц для принтеров Canon i-SENSYS LBP-120, LBP122dw, MF270, MF272dw",True,21.96,1,Бандлы x2/x6 — старт (08.08),37,0,0.0,,0.0,0,0.0,0.0,,,9,0,0.0,0.0,0.0,24,21,0,0,42.0000000000000000,25,21,0,24,2,0,0,0,0,0,0,0,0,,,,0,6901.0,,39.08,28.5,2696.89,0.0394,92.7,63.9,41.9,no_impressions,S1,показов рекламы 37 за окно при ставке 22 ₽
5279667146,5530X2,"Комплект картриджей W1510X (2 шт.) на 19400 страниц для принтеров HP LaserJet Pro 4003dn, LJ Pro 4103fdn",True,21.96,1,Бандлы x2/x6 — старт (08.08),8,0,0.0,,0.0,0,0.0,0.0,,,6,0,0.0,0.0,0.0,3055,8,0,0,243.0000000000000000,243,8,0,3055,1,0,0,0,0,0,0,0,0,,,,0,8696.0,,38.32,27.7,3331.88,0.0394,114.2,77.8,55.8,no_impressions,S1,показов рекламы 8 за окно при ставке 22 ₽
5279669988,5530X6,"Комплект картриджей W1510X (6 шт.) на 58200 страниц для принтеров HP LaserJet Pro 4003dn, LJ Pro 4103fdn",True,21.96,1,Бандлы x2/x6 — старт (08.08),12,0,0.0,,0.0,0,0.0,0.0,,,6,0,0.0,0.0,0.0,2877,14,0,0,268.0000000000000000,268,14,0,2877,1,0,0,0,0,0,0,0,0,,,,0,24716.0,,45.36,34.8,11212.33,0.0565,564.0,416.4,394.4,no_impressions,S1,показов рекламы 12 за окно при ставке 22 ₽
5280097888,5621X6,Комплект тонер-картриджей TK-5370K (6 шт.) на 42000 страниц для принтеров Kyocera ECOSYS MA3500cifx,True,21.96,1,Бандлы x2/x6 — старт (08.08),40,0,0.0,,0.0,0,0.0,0.0,,,9,0,0.0,0.0,0.0,74,42,0,0,51.5000000000000000,11,42,0,74,2,0,0,0,0,0,0,0,0,,,,0,23566.0,,45.49,34.9,10720.63,0.0565,539.4,398.4,376.4,no_impressions,S1,показов рекламы 40 за окно при ставке 22 ₽
5280100241,5621X2,Комплект тонер-картриджей TK-5370K (2 шт.) на 14000 страниц для принтеров Kyocera ECOSYS MA3500cifx,True,21.96,1,Бандлы x2/x6 — старт (08.08),34,0,0.0,,0.0,0,0.0,0.0,,,9,0,0.0,0.0,0.0,21,21,0,0,59.5000000000000000,22,21,0,21,2,0,0,0,0,0,0,0,0,,,,0,8292.0,,38.68,28.1,3207.15,0.0394,110.1,75.5,53.5,no_impressions,S1,показов рекламы 34 за окно при ставке 22 ₽
5280108109,5626X6,Комплект тонер-картриджей TK-5380K (6 шт.) на 78000 страниц для принтеров Kyocera ECOSYS MA4000cifx,True,21.96,1,Бандлы x2/x6 — старт (08.08),6,0,0.0,,0.0,0,0.0,0.0,,,2,0,0.0,0.0,0.0,0,0,0,0,,,0,0,0,0,0,0,0,0,0,0,0,0,,,,0,55010.0,,44.72,34.1,24601.35,0.0565,1235.3,905.0,883.0,no_impressions,S1,показов рекламы 6 за окно при ставке 22 ₽
5280108649,5626X2,Комплект тонер-картриджей TK-5380K (2 шт.) на 26000 страниц для принтеров Kyocera ECOSYS MA4000cifx,True,21.96,1,Бандлы x2/x6 — старт (08.08),18,0,0.0,,0.0,0,0.0,0.0,,,7,0,0.0,0.0,0.0,42,35,0,0,105.5000000000000000,22,35,0,42,2,0,0,0,0,0,0,0,0,,,,0,19355.0,,36.49,25.9,7062.18,0.0565,344.6,228.7,206.7,no_impressions,S1,показов рекламы 18 за окно при ставке 22 ₽
5280119825,5631X6,Комплект тонер-картриджей TK-5440K (6 шт.) на 15600 страниц для принтеров Kyocera ECOSYS MA2100cfx,True,21.96,1,Бандлы x2/x6 — старт (08.08),54,1,1.85,12.3,12.3,17,0.0,0.0,,0.0,9,1,12.3,0.0,0.0,24,21,0,0,62.0000000000000000,19,21,0,24,2,0,0,0,0,0,0,0,0,,,,0,12415.0,,45.5,34.9,5648.3,0.0565,284.3,209.9,187.9,ad_eater,E1,"1 кликов, 0 рекламных заказов; продаж не было вовсе; показов рекламы 54 за окно при ставке 22 ₽"
5280248444,5698X2,"Комплект картриджей 070H (2 шт.) на 20400 страниц для принтеров Canon i-SENSYS LBP-243dw, LBP246dw, MF461dw, MF463dw",True,21.96,1,Бандлы x2/x6 — старт (08.08),30,0,0.0,,0.0,0,0.0,0.0,,,8,0,0.0,0.0,0.0,262,26,0,0,61.5000000000000000,58,26,0,262,2,0,0,0,0,0,0,0,0,,,,0,9302.0,,38.01,27.4,3535.98,0.0394,121.0,82.1,60.1,no_impressions,S1,показов рекламы 30 за окно при ставке 22 ₽
5280251334,5698X6,"Комплект картриджей 070H (6 шт.) на 61200 страниц для принтеров Canon i-SENSYS LBP-243dw, LBP246dw, MF461dw, MF463dw",True,21.96,1,Бандлы x2/x6 — старт (08.08),34,0,0.0,,0.0,0,0.0,0.0,,,8,0,0.0,0.0,0.0,105,58,0,0,93.5000000000000000,17,58,0,105,2,0,0,0,0,0,0,0,0,,,,0,26438.0,,45.26,34.7,11965.4,0.0565,601.8,443.9,421.9,no_impressions,S1,показов рекламы 34 за окно при ставке 22 ₽
5280328623,5706X6,Комплект лент M210-750-488 (6 шт.) на 36 метров для принтеров Brady M210,True,21.96,1,Бандлы x2/x6 — старт (08.08),66,0,0.0,,0.0,0,0.0,0.0,,,9,0,0.0,0.0,0.0,58,39,0,0,23.5000000000000000,12,39,0,58,2,0,0,0,0,0,0,0,0,,,,0,26498.0,,45.27,34.7,11994.92,0.0565,603.3,444.9,422.9,bid_up,C,позиция 24 при спросе 58; показов рекламы 66 за окно при ставке 22 ₽
5280330631,5706X2,Комплект лент M210-750-488 (2 шт.) на 12 метров для принтеров Brady M210,True,21.96,1,Бандлы x2/x6 — старт (08.08),88,1,1.14,18.0,18.04,25,0.0,0.0,,0.0,9,1,18.04,0.0,0.0,37,23,0,0,65.0000000000000000,19,23,0,37,2,0,0,0,0,0,0,0,0,,,,0,9323.0,,38.04,27.4,3546.31,0.0394,121.4,82.3,60.3,ad_eater,E1,"1 кликов, 0 рекламных заказов; продаж не было вовсе; показов рекламы 88 за окно при ставке 22 ₽"
5280354500,5715X2,Комплект картриджей TK-7235 (2 шт.) на 70000 страниц для принтеров Kyocera TASKalfa MZ4000i,True,21.96,1,Бандлы x2/x6 — старт (08.08),23,0,0.0,,0.0,0,0.0,0.0,,,9,0,0.0,0.0,0.0,33,24,0,0,42.0000000000000000,5,24,0,33,2,0,0,0,0,0,0,0,0,,,,0,26955.0,,36.73,26.1,9901.72,0.0565,483.5,321.5,299.5,no_impressions,S1,показов рекламы 23 за окно при ставке 22 ₽
5280358718,5715X6,Комплект картриджей TK-7235 (6 шт.) на 210000 страниц для принтеров Kyocera TASKalfa MZ4000i,True,21.96,1,Бандлы x2/x6 — старт (08.08),21,0,0.0,,0.0,0,0.0,0.0,,,8,0,0.0,0.0,0.0,33,26,0,0,42.0000000000000000,17,26,0,33,2,0,0,0,0,0,0,0,0,,,,0,76610.0,,44.81,34.2,34327.67,0.0565,1724.2,1264.7,1242.7,no_impressions,S1,показов рекламы 21 за окно при ставке 22 ₽
5280360338,5725X6,"Комплект картриджей THM130 (6 шт.) на 18000 страниц для принтеров Катюша M130, P130",True,21.96,1,Бандлы x2/x6 — старт (08.08),38,0,0.0,,0.0,0,0.0,0.0,,,7,0,0.0,0.0,0.0,36,22,0,0,74.0000000000000000,24,22,0,36,2,0,0,0,0,0,0,0,0,,,,0,23495.0,,45.49,34.9,10688.7,0.0565,537.8,397.2,375.2,no_impressions,S1,показов рекламы 38 за окно при ставке 22 ₽
5280360411,5725X2,"Комплект картриджей THM130 (2 шт.) на 6000 страниц для принтеров Катюша M130, P130",True,21.96,1,Бандлы x2/x6 — старт (08.08),57,0,0.0,,0.0,0,0.0,0.0,,,9,0,0.0,0.0,0.0,1013,20,0,0,56.0000000000000000,45,20,0,1013,2,0,0,0,0,0,0,0,0,,,,0,8267.0,,38.68,28.1,3197.85,0.0394,109.7,75.3,53.3,no_impressions,S1,показов рекламы 57 за окно при ставке 22 ₽
5280423452,5730X6,"Комплект картриджей W1520X (6 шт.) на 58200 страниц для принтеров HP LaserJet 4104fdw, LJ Pro 4004dn",True,21.96,1,Бандлы x2/x6 — старт (08.08),13,0,0.0,,0.0,0,0.0,0.0,,,6,0,0.0,0.0,0.0,11,10,0,0,270.0000000000000000,270,10,0,11,1,0,0,0,0,0,0,0,0,,,,0,27400.0,,45.17,34.6,12377.62,0.0565,622.3,458.5,436.5,no_impressions,S1,показов рекламы 13 за окно при ставке 22 ₽
5280423590,5730X2,"Комплект картриджей W1520X (2 шт.) на 19400 страниц для принтеров HP LaserJet 4104fdw, LJ Pro 4004dn",True,21.96,1,Бандлы x2/x6 — старт (08.08),29,0,0.0,,0.0,0,0.0,0.0,,,9,0,0.0,0.0,0.0,2,2,0,0,511.0000000000000000,511,2,0,2,1,0,0,0,0,0,0,0,0,,,,0,9641.0,,37.77,27.2,3641.74,0.0394,124.5,84.3,62.3,no_impressions,S1,показов рекламы 29 за окно при ставке 22 ₽
5280732498,5767X6,"Комплект картриджей W2300X (6 шт.) на 45000 страниц для принтеров HP Color LaserJet Pro 4203cdn, 4303dw",True,21.96,1,Бандлы x2/x6 — старт (08.08),32,1,3.12,23.4,23.45,32,0.0,0.0,,0.0,8,1,23.45,0.0,0.0,3377,51,0,0,187.0000000000000000,176,51,0,3377,2,0,0,0,0,0,0,0,0,,,,0,38140.0,,45.2,34.6,17238.77,0.0565,866.8,638.2,616.2,ad_eater,E1,"1 кликов, 0 рекламных заказов; продаж не было вовсе; показов рекламы 32 за окно при ставке 22 ₽"
5280733748,5767X2,"Комплект картриджей W2300X (2 шт.) на 15000 страниц для принтеров HP Color LaserJet Pro 4203cdn, 4303dw",True,21.96,1,Бандлы x2/x6 — старт (08.08),21,0,0.0,,0.0,0,0.0,0.0,,,8,0,0.0,0.0,0.0,3075,24,0,0,137.0000000000000000,42,24,0,3075,2,0,0,0,0,0,0,0,0,,,,0,13420.0,,37.84,27.2,5078.68,0.0565,249.2,168.4,146.4,no_impressions,S1,показов рекламы 21 за окно при ставке 22 ₽
5280906350,5781X2,"Комплект фотобарабанов 013R00691 (2 шт.) на 24000 страниц для принтеров Xerox B225, B230, B235",True,21.96,1,Бандлы x2/x6 — старт (08.08),39,0,0.0,,0.0,0,0.0,0.0,,,8,0,0.0,0.0,0.0,31,28,0,0,42.5000000000000000,31,28,0,31,2,0,0,0,0,0,0,0,0,,,,0,10997.0,,37.99,27.4,4177.77,0.0565,205.1,139.3,117.3,no_impressions,S1,показов рекламы 39 за окно при ставке 22 ₽
5280908622,5781X6,"Комплект фотобарабанов 013R00691 (6 шт.) на 72000 страниц для принтеров Xerox B225, B230, B235",True,21.96,1,Бандлы x2/x6 — старт (08.08),25,1,4.0,21.0,21.03,29,0.0,0.0,,0.0,7,1,21.03,0.0,0.0,41,36,0,0,23.0000000000000000,23,36,0,41,1,0,0,0,0,0,0,0,0,,,,0,31255.0,,45.25,34.6,14142.95,0.0565,711.2,523.0,501.0,ad_eater,E1,"1 кликов, 0 рекламных заказов; продаж не было вовсе; показов рекламы 25 за окно при ставке 22 ₽"
5281036212,5807X6,"Комплект картриджей C-EXV65K (6 шт.) на 105000 страниц для принтеров Canon imageRUNNER C3326, iR C3326i",True,21.96,1,Бандлы x2/x6 — старт (08.08),17,0,0.0,,0.0,0,0.0,0.0,,,7,0,0.0,0.0,0.0,44,44,0,0,21.0000000000000000,19,44,0,44,2,0,0,0,0,0,0,0,0,,,,0,42811.0,,45.21,34.6,19353.5,0.0565,973.2,716.4,694.4,no_impressions,S1,показов рекламы 17 за окно при ставке 22 ₽
5281036331,5807X2,"Комплект картриджей C-EXV65K (2 шт.) на 35000 страниц для принтеров Canon imageRUNNER C3326, iR C3326i",True,21.96,1,Бандлы x2/x6 — старт (08.08),17,0,0.0,,0.0,0,0.0,0.0,,,8,0,0.0,0.0,0.0,20,19,0,0,16.0000000000000000,6,19,0,20,2,0,0,0,0,0,0,0,0,,,,0,15063.0,,37.87,27.3,5703.89,0.0565,279.9,189.9,167.9,no_impressions,S1,показов рекламы 17 за окно при ставке 22 ₽
5281110715,5824X6,"Комплект фотобарабанов W2004A (6 шт.) на 390000 страниц для принтеров HP Color LJ M751, LJ M776",True,21.96,1,Бандлы x2/x6 — старт (08.08),12,0,0.0,,0.0,0,0.0,0.0,,,7,0,0.0,0.0,0.0,13,7,0,0,76.5000000000000000,5,7,0,13,2,0,0,0,0,0,0,0,0,,,,0,70508.0,,44.79,34.2,31580.02,0.0565,1586.1,1164.0,1142.0,no_impressions,S1,показов рекламы 12 за окно при ставке 22 ₽
5281112985,5824X2,"Комплект фотобарабанов W2004A (2 шт.) на 130000 страниц для принтеров HP Color LJ M751, LJ M776",True,21.96,1,Бандлы x2/x6 — старт (08.08),17,0,0.0,,0.0,0,0.0,0.0,,,7,0,0.0,0.0,0.0,25,19,0,0,15.5000000000000000,4,19,0,25,2,0,0,0,0,0,0,0,0,,,,0,24808.0,,36.68,26.1,9099.58,0.0565,444.3,295.9,273.9,no_impressions,S1,показов рекламы 17 за окно при ставке 22 ₽
5281214851,5845X2,"Комплект тонер-картриджей 006R01819 (2 шт.) на 62000 страниц для принтеров Xerox VersaLink B7125, VersaLinkB7130",True,21.96,1,Бандлы x2/x6 — старт (08.08),12,0,0.0,,0.0,0,0.0,0.0,,,6,0,0.0,0.0,0.0,4,4,0,0,24.0000000000000000,24,4,0,4,1,0,0,0,0,0,0,0,0,,,,0,14849.0,,37.97,27.4,5637.62,0.0565,276.8,188.0,166.0,no_impressions,S1,показов рекламы 12 за окно при ставке 22 ₽
5281215543,5845X6,"Комплект тонер-картриджей 006R01819 (6 шт.) на 186000 страниц для принтеров Xerox VersaLink B7125, VersaLinkB7130",True,21.96,1,Бандлы x2/x6 — старт (08.08),35,1,2.86,13.1,13.11,18,0.0,0.0,,0.0,7,1,13.11,0.0,0.0,11,11,0,0,17.5000000000000000,17,11,0,11,2,0,0,0,0,0,0,0,0,,,,0,42201.0,,45.24,34.6,19092.43,0.0565,960.1,706.2,684.2,ad_eater,E1,"1 кликов, 0 рекламных заказов; продаж не было вовсе; показов рекламы 35 за окно при ставке 22 ₽"
5281503026,5940X6,"Комплект картриджей W1107XL (6 шт.) на 36000 страниц для принтеров HP Laser 107A, Laser107R",True,21.96,1,Бандлы x2/x6 — старт (08.08),18,0,0.0,,0.0,0,0.0,0.0,,,8,0,0.0,0.0,0.0,987,29,0,0,103.5000000000000000,14,29,0,987,2,0,0,0,0,0,0,0,0,,,,0,18517.0,,45.53,34.9,8430.96,0.0565,424.3,313.0,291.0,no_impressions,S1,показов рекламы 18 за окно при ставке 22 ₽
5281503137,5940X2,"Комплект картриджей W1107XL (2 шт.) на 12000 страниц для принтеров HP Laser 107A, Laser107R",True,21.96,1,Бандлы x2/x6 — старт (08.08),18,0,0.0,,0.0,0,0.0,0.0,,,8,0,0.0,0.0,0.0,17,16,0,0,142.0000000000000000,89,16,0,17,2,0,0,0,0,0,0,0,0,,,,0,6515.0,,38.79,28.2,2527.02,0.0394,86.8,59.6,37.6,no_impressions,S1,показов рекламы 18 за окно при ставке 22 ₽
5283263604,5953X6,Комплект тонер-картриджей THM348 (6 шт.) на 180000 страниц для принтеров Катюша М348,True,21.96,1,Бандлы x2/x6 — старт (08.08),14,0,0.0,,0.0,0,0.0,0.0,,,4,0,0.0,0.0,0.0,79,30,0,0,72.5000000000000000,50,30,0,79,2,0,0,0,0,0,0,0,0,,,,0,36337.0,,45.18,34.6,16415.85,0.0565,825.4,608.1,586.1,no_impressions,S1,показов рекламы 14 за окно при ставке 22 ₽
5284623615,6202X6,"Комплект тонер-картриджей TK-1060 (6 шт.) на 120000 страниц для принтеров Avision AM5630i, AM5640i, AM7630i, AM7640i",True,21.96,1,Бандлы x2/x6 — старт (08.08),15,0,0.0,,0.0,0,0.0,0.0,,,4,0,0.0,0.0,0.0,0,0,0,0,,,0,0,0,0,0,0,0,0,0,0,0,0,,,,0,42811.0,,45.11,34.5,19313.5,0.0565,970.8,714.0,692.0,no_impressions,S1,показов рекламы 15 за окно при ставке 22 ₽
5285082922,6231X2,"Комплект картриджей PC-212EV XL (2 шт.) на 12000 страниц для принтеров M6502, M6552NW, P2502",True,21.96,1,Бандлы x2/x6 — старт (08.08),43,0,0.0,,0.0,0,0.0,0.0,,,9,0,0.0,0.0,0.0,76,20,0,0,93.5000000000000000,33,20,0,76,2,0,0,0,0,0,0,0,0,,,,0,10076.0,,37.85,27.2,3813.72,0.0565,187.1,126.5,104.5,no_impressions,S1,показов рекламы 43 за окно при ставке 22 ₽
5285119952,6231X6,"Комплект картриджей PC-212EV XL (6 шт.) на 36000 страниц для принтеров M6502, M6552NW, P2502",True,21.96,1,Бандлы x2/x6 — старт (08.08),30,0,0.0,,0.0,0,0.0,0.0,,,9,0,0.0,0.0,0.0,74,14,0,0,99.0000000000000000,30,14,0,74,2,0,0,0,0,0,0,0,0,,,,0,28636.0,,45.2,34.6,12943.63,0.0565,650.8,479.2,457.2,no_impressions,S1,показов рекламы 30 за окно при ставке 22 ₽
5289413372,6820X6,"Комплект фотобарабанов 0IU40R4 (6 шт.) на 240000 страниц для принтеров F+ Imaging M40adn, P40dn",True,21.96,1,Бандлы x2/x6 — старт (08.08),41,0,0.0,,0.0,0,0.0,0.0,,,9,0,0.0,0.0,0.0,54,36,0,0,17.5000000000000000,10,36,0,54,2,0,0,0,0,0,0,0,0,,,,0,44032.0,,45.12,34.5,19869.12,0.0565,998.7,734.4,712.4,bid_up,C,позиция 18 при спросе 54; показов рекламы 41 за окно при ставке 22 ₽
5289416963,6820X2,"Комплект фотобарабанов 0IU40R4 (2 шт.) на 80000 страниц для принтеров F+ Imaging M40adn, P40dn",True,21.96,1,Бандлы x2/x6 — старт (08.08),38,0,0.0,,0.0,0,0.0,0.0,,,9,0,0.0,0.0,0.0,19,18,0,0,19.0000000000000000,10,18,0,19,2,0,0,0,0,0,0,0,0,,,,0,15493.0,,37.63,27.0,5830.41,0.0565,285.8,192.7,170.7,no_impressions,S1,показов рекламы 38 за окно при ставке 22 ₽
5289879276,6851X6,"Комплект картриджей 40STB15 (6 шт.) на 90000 страниц для принтеров F+ Imaging M40adn, M40adn20, P40dn",True,21.96,1,Бандлы x2/x6 — старт (08.08),67,0,0.0,,0.0,0,0.0,0.0,,,9,0,0.0,0.0,0.0,65,56,0,0,17.5000000000000000,10,56,0,65,2,0,0,0,0,0,0,0,0,,,,0,118228.0,,44.52,33.9,52635.11,0.0565,2641.5,1931.7,1909.7,bid_up,C,позиция 18 при спросе 65; показов рекламы 67 за окно при ставке 22 ₽
5289887575,6851X2,"Комплект картриджей 40STB15 (2 шт.) на 30000 страниц для принтеров F+ Imaging M40adn, M40adn20, P40dn",True,21.96,1,Бандлы x2/x6 — старт (08.08),75,1,1.33,2.3,2.31,3,0.0,0.0,,0.0,9,1,2.31,0.0,0.0,61,45,0,0,37.5000000000000000,12,45,0,61,2,0,0,0,0,0,0,0,0,,,,0,41599.0,,35.92,25.3,14940.3,0.0565,727.2,477.4,455.4,ad_eater,E1,"1 кликов, 0 рекламных заказов; продаж не было вовсе; показов рекламы 75 за окно при ставке 22 ₽"
5290531754,6885X6,Комплект фотобарабанов 60IU60S (6 шт.) на 360000 страниц для принтеров F+ Imaging M60ade,True,21.96,1,Бандлы x2/x6 — старт (08.08),23,0,0.0,,0.0,0,0.0,0.0,,,8,0,0.0,0.0,0.0,31,18,0,0,21.5000000000000000,20,18,0,31,2,0,0,0,0,0,0,0,0,,,,0,56808.0,,44.73,34.1,25410.81,0.0565,1276.0,934.6,912.6,no_impressions,S1,показов рекламы 23 за окно при ставке 22 ₽
5290540232,6885X2,Комплект фотобарабанов 60IU60S (2 шт.) на 120000 страниц для принтеров F+ Imaging M60ade,True,21.96,1,Бандлы x2/x6 — старт (08.08),27,0,0.0,,0.0,0,0.0,0.0,,,8,0,0.0,0.0,0.0,13,10,0,0,42.5000000000000000,22,10,0,13,2,0,0,0,0,0,0,0,0,,,,0,19988.0,,36.51,25.9,7298.56,0.0565,356.1,236.2,214.2,no_impressions,S1,показов рекламы 27 за окно при ставке 22 ₽
5293366504,5953X2,Комплект тонер-картриджей THM348 (2 шт.) на 60000 страниц для принтеров Катюша М348,True,21.96,1,Бандлы x2/x6 — старт (08.08),48,1,2.08,13.8,13.81,19,0.0,0.0,,0.0,8,1,13.81,0.0,0.0,12,9,0,0,151.0000000000000000,151,9,0,12,1,0,0,0,0,0,0,0,0,,,,0,12785.0,,37.78,27.2,4830.31,0.0565,236.9,160.5,138.5,ad_eater,E1,"1 кликов, 0 рекламных заказов; продаж не было вовсе; показов рекламы 48 за окно при ставке 22 ₽"
5322425091,2633X6,"Комплект картриджей TN-221K (6 шт.) на 144000 страниц для принтеров Konica Minolta Bizhub C227, Bizhub C287",True,21.96,1,Бандлы x2/x6 — старт (08.08),26,0,0.0,,0.0,0,0.0,0.0,,,9,0,0.0,0.0,0.0,21,22,0,0,66.0000000000000000,66,22,0,21,1,0,0,0,0,0,0,0,0,,,,0,32200.0,,45.52,34.9,14658.81,0.0565,737.6,544.3,522.3,no_impressions,S1,показов рекламы 26 за окно при ставке 22 ₽
5322425323,2633X2,"Комплект картриджей TN-221K (2 шт.) на 48000 страниц для принтеров Konica Minolta Bizhub C227, Bizhub C287",True,21.96,1,Бандлы x2/x6 — старт (08.08),20,0,0.0,,0.0,0,0.0,0.0,,,8,0,0.0,0.0,0.0,7,9,0,0,139.0000000000000000,139,9,0,7,1,0,0,0,0,0,0,0,0,,,,0,11330.0,,38.77,28.2,4392.58,0.0565,216.3,148.6,126.6,no_impressions,S1,показов рекламы 20 за окно при ставке 22 ₽
5322445688,3909X2,"Комплект картриджей W2030A (2 шт.) на 4800 страниц для принтеров HP Color LaserJet M454dn, LJ Pro M454dw, M480f, M479dw, LJ Pro M479 fdn",True,21.96,1,Бандлы x2/x6 — старт (08.08),16,0,0.0,,0.0,0,0.0,0.0,,,7,0,0.0,0.0,0.0,48,14,0,0,116.0000000000000000,116,14,0,48,1,0,0,0,0,0,0,0,0,,,,0,7568.0,,39.42,28.8,2983.0,0.0394,102.7,71.0,49.0,no_impressions,S1,показов рекламы 16 за окно при ставке 22 ₽
5322449538,4481X6,Комплект картриджей CTL-1100XK (6 шт.) на 18000 страниц,True,21.96,1,Бандлы x2/x6 — старт (08.08),37,0,0.0,,0.0,0,0.0,0.0,,,9,0,0.0,0.0,0.0,110,29,0,0,116.0000000000000000,116,29,0,110,1,0,0,0,0,0,0,0,0,,,,0,24791.0,,45.59,35.0,11301.22,0.0565,568.9,420.5,398.5,no_impressions,S1,показов рекламы 37 за окно при ставке 22 ₽
5322451343,4480X2,"Комплект картриджей W9025MC (2 шт.) на 66000 страниц для принтеров HP LaserJet E72425, LJ E72430",True,21.96,1,Бандлы x2/x6 — старт (08.08),8,0,0.0,,0.0,0,0.0,0.0,,,6,0,0.0,0.0,0.0,7,9,0,0,19.0000000000000000,19,9,0,7,1,0,0,0,0,0,0,0,0,,,,0,27843.0,,36.75,26.1,10233.54,0.0565,499.8,332.1,310.1,no_impressions,S1,показов рекламы 8 за окно при ставке 22 ₽
5322451814,4480X6,"Комплект картриджей W9025MC (6 шт.) на 198000 страниц для принтеров HP LaserJet E72425, LJ E72430",True,21.96,1,Бандлы x2/x6 — старт (08.08),7,0,0.0,,0.0,0,0.0,0.0,,,4,0,0.0,0.0,0.0,77,11,0,0,59.0000000000000000,59,11,0,77,1,0,0,0,0,0,0,0,0,,,,0,79132.0,,44.82,34.2,35463.28,0.0565,1781.4,1306.3,1284.3,no_impressions,S1,показов рекламы 7 за окно при ставке 22 ₽
5322452254,4481X2,Комплект картриджей CTL-1100XK (2 шт.) на 6000 страниц,True,21.96,1,Бандлы x2/x6 — старт (08.08),27,0,0.0,,0.0,0,0.0,0.0,,,9,0,0.0,0.0,0.0,89,14,0,0,172.0000000000000000,172,14,0,89,1,0,0,0,0,0,0,0,0,,,,0,8723.0,,38.94,28.3,3397.16,0.0394,116.7,80.1,58.1,no_impressions,S1,показов рекламы 27 за окно при ставке 22 ₽
5322458669,2638X6,"Комплект картриджей TN-324BK (6 шт.) на 168000 страниц для принтеров Konica Minolta Bizhub C258, Bizhub C308",True,21.96,1,Бандлы x2/x6 — старт (08.08),22,0,0.0,,0.0,0,0.0,0.0,,,9,0,0.0,0.0,0.0,22,18,0,0,19.0000000000000000,19,18,0,22,1,0,0,0,0,0,0,0,0,,,,0,29846.0,,45.22,34.6,13495.84,0.0565,678.6,499.5,477.5,no_impressions,S1,показов рекламы 22 за окно при ставке 22 ₽
5342050393,4837X6,"Комплект картриджей 3ED71A (6 шт.) на 480мл. для принтеров HP DesignJet Studio, DJ Studio Steel, DJ T210, DJ T230",True,21.96,1,Бандлы x2/x6 — старт (08.08),58,0,0.0,,0.0,0,0.0,0.0,,,9,0,0.0,0.0,0.0,40,40,0,0,79.0000000000000000,79,40,0,40,1,0,0,0,0,0,0,0,0,,,,0,45376.0,,44.92,34.3,20382.25,0.0565,1024.1,751.6,729.6,no_impressions,S1,показов рекламы 58 за окно при ставке 22 ₽
5342051985,4837X2,"Комплект картриджей 3ED71A (2 шт.) на 160мл. для принтеров HP DesignJet Studio, DJ Studio Steel, DJ T210, DJ T230",True,21.96,1,Бандлы x2/x6 — старт (08.08),59,0,0.0,,0.0,0,0.0,0.0,,,9,0,0.0,0.0,0.0,33,27,0,0,77.0000000000000000,77,27,0,33,1,0,0,0,0,0,0,0,0,,,,0,15966.0,,37.05,26.4,5915.09,0.0565,289.3,193.2,171.2,no_impressions,S1,показов рекламы 59 за окно при ставке 22 ₽
651909710,0198,"Картридж 140XL для принтеров HP PhotoSmart C4483, C4480, DeskJet D4260, DeskJetD4263, OfficeJet J5730,",True,8.0,1,Эксперимент1,98,3,3.06,9.9,29.73,41,0.0,0.0,,0.0,21,2,18.52,0.0,0.0,529,108,0,0,264.2500000000000000,154,157,0,3385,7,0,0,0,0,0,0,0,0,,,,0,3706.0,,31.03,20.4,1149.84,0.0407,39.3,23.2,15.2,ad_eater,E1,"3 кликов, 0 рекламных заказов; продаж не было вовсе; показов рекламы 98 за окно при ставке 8 ₽"
651911758,0027,"Картридж CE505X для принтеров HP LaserJet P2055, LJP2050",True,13.0,2,от 2000 до 5000 / Эксперимент1,74,0,0.0,,0.0,0,0.0,0.0,,,20,0,0.0,0.0,0.0,8700,63,0,0,96.0000000000000000,74,145,0,14049,7,0,0,0,0,0,0,1,1,100.0,,,0,,,,,,0.0676,,,,no_impressions,S1,показов рекламы 74 за окно при ставке 13 ₽
651943716,0196,"Картридж 130 для принтеров HP PhotoSmart C2573, PhotoSmart C2673, PhotoSmart D5063, PhotoSmart D5145, OfficeJet K7103, PhotoSmart 2573, PhotoSmart 2575, DeskJet 460wbt, DeskJet 5743, OfficeJet 6213",True,12.0,1,от 2000 до 5000,80,1,1.25,13.5,13.47,18,0.0,0.0,,0.0,21,1,13.47,0.0,0.0,3620,93,0,0,125.0000000000000000,87,237,0,6997,7,0,0,0,0,0,0,0,0,,,,0,3179.0,,31.16,20.6,990.6,0.0407,33.8,20.2,8.2,ad_eater,E1,"1 кликов, 0 рекламных заказов; продаж не было вовсе; показов рекламы 80 за окно при ставке 12 ₽"
651944847,0237,"Картридж TK-1140 для принтеров Kyocera EcoSys M2035DN, M2535, FS-1035, FS1135MFP, M2535DN, M2035",True,10.0,2,от 1000-2000 / Эксперимент1,95,1,1.05,6.0,6.05,8,0.0,0.0,,0.0,22,0,0.0,0.0,0.0,135,106,0,0,135.7500000000000000,49,224,0,1197,7,0,0,0,0,0,0,0,0,,,,0,,,,,,0.0676,,,,ad_eater,E1,"1 кликов, 0 рекламных заказов; продаж не было вовсе; показов рекламы 95 за окно при ставке 10 ₽"
652356537,0812,"Картридж CE320A для принтеров HP и LJ Pro Color CM1415fn, LJ Pro Color CP1525n черный",True,8.0,1,Эксперимент1,73,0,0.0,,0.0,0,0.0,0.0,,,20,0,0.0,0.0,0.0,3444,47,0,0,116.5000000000000000,38,102,0,3502,7,0,0,0,0,0,0,0,0,,,,0,3969.0,,30.7,20.1,1218.6,0.0407,41.5,24.4,16.4,no_impressions,S1,показов рекламы 73 за окно при ставке 8 ₽
652357181,0814,"Картридж CE322A для принтеров HP и LJ Pro Color CM1415fn, LJ Pro Color CP1525n желтый",True,12.0,1,от 2000 до 5000,39,0,0.0,,0.0,0,0.0,0.0,,,17,0,0.0,0.0,0.0,153,52,0,0,94.7500000000000000,59,139,0,7046,7,0,0,0,0,0,0,0,0,,,,0,,,,,,0.0676,,,,no_impressions,S1,показов рекламы 39 за окно при ставке 12 ₽
652453160,0091,"Картридж Q5942A для принтеров HP LaserJet 4240, LJ 4250, LJ 4350 черный",True,8.0,1,Эксперимент1,62,0,0.0,,0.0,0,0.0,0.0,,,18,0,0.0,0.0,0.0,4002,42,0,0,62.7500000000000000,45,96,0,5823,7,0,0,0,0,0,0,0,0,,,,0,6499.0,,27.11,16.5,1761.8,0.0394,56.6,29.5,21.5,no_impressions,S1,показов рекламы 62 за окно при ставке 8 ₽
652453171,2158,"Картридж CF541X для принтеров HP LaserJet M254dw, LJ M280nw, LJ Pro Color M281fdn голубой",True,8.0,1,Эксперимент1,75,0,0.0,,0.0,0,0.0,0.0,,,22,0,0.0,0.0,0.0,4723,27,0,0,140.7500000000000000,81,83,0,4801,7,0,0,0,0,0,0,0,0,,,,0,,,,,,0.0676,,,,no_impressions,S1,показов рекламы 75 за окно при ставке 8 ₽
652453178,1550,"Картридж №934XL для принтеров HP OfficeJet Pro 6230, OfficeJet Pro 6830 черный",True,10.0,1,от 0 до 1000,48,0,0.0,,0.0,0,0.0,0.0,,,20,0,0.0,0.0,0.0,2626,60,0,0,84.7500000000000000,48,170,0,6737,7,0,0,0,0,0,0,0,0,,,,0,,,,,,0.0676,,,,no_impressions,S1,показов рекламы 48 за окно при ставке 10 ₽
652453596,0303,"Картридж 27 для принтеров HP DeskJet 3650, DeskJet 3300, DeskJet 3745",True,8.0,1,Эксперимент1,58,1,1.72,8.3,8.31,11,0.0,0.0,,0.0,16,1,8.31,0.0,0.0,33,33,0,0,113.2500000000000000,24,92,0,548,7,0,0,0,0,0,0,0,0,,,,0,3807.0,,30.94,20.3,1177.77,0.0407,40.2,23.7,15.7,ad_eater,E1,"1 кликов, 0 рекламных заказов; продаж не было вовсе; показов рекламы 58 за окно при ставке 8 ₽"
652454452,2155,"Картридж CF543A для принтеров HP LaserJet Pro Color M254dw, LJ Pro Color M280nw пурпурный",True,8.0,1,Эксперимент1,91,1,1.1,7.4,7.41,10,0.0,0.0,,0.0,20,0,0.0,0.0,0.0,2050,21,0,0,102.5000000000000000,32,39,0,2071,7,0,0,0,0,0,0,0,0,,,,0,3005.0,,29.34,18.7,881.58,0.0407,29.8,16.8,8.8,ad_eater,E1,"1 кликов, 0 рекламных заказов; продаж не было вовсе; показов рекламы 91 за окно при ставке 8 ₽"
652454489,3233,"Картридж CF259X для принтеров HP LaserJet Pro M304, LJ Pro M404 черный",True,12.0,1,от 2000 до 5000,11,0,0.0,,0.0,0,0.0,0.0,,,8,0,0.0,0.0,0.0,52,24,0,0,152.0000000000000000,86,54,0,128,7,0,0,0,0,0,0,0,0,,,,0,,,,,,0.0676,,,,no_impressions,S1,показов рекламы 11 за окно при ставке 12 ₽
652454513,3901,"Картридж №912XL Y для принтеров HP OfficeJet 8012, OfficeJet8013 желтый",True,7.0,1,Эксперимент1,88,0,0.0,,0.0,0,0.0,0.0,,,21,0,0.0,0.0,0.0,6509,39,0,0,95.0000000000000000,58,90,0,6575,7,0,0,0,0,1,2091.0000,1,0,0.0,2026-05-04,106,0,,,,,,0.0676,,,,no_impressions,S1,показов рекламы 88 за окно при ставке 7 ₽
652456842,0897,"Картридж 655Y для принтеров HP DeskJet Ink Advantage 4625, DJ 3525, DJ 4615, DJ 5525, DJ 6525 желтый",True,10.0,1,от 0 до 1000,60,0,0.0,,0.0,0,0.0,0.0,,,22,0,0.0,0.0,0.0,129,75,0,0,162.7500000000000000,91,162,0,266,7,0,0,0,0,0,0,0,0,,,,0,,,,,,0.0676,,,,no_impressions,S1,показов рекламы 60 за окно при ставке 10 ₽
652457440,1277,"Картридж CF380A для принтеров HP Color LaserJet Pro M476dn, LJ Pro M476dw черный",True,8.0,1,Эксперимент1,33,0,0.0,,0.0,0,0.0,0.0,,,16,0,0.0,0.0,0.0,46,29,0,0,59.2500000000000000,41,63,0,89,7,0,0,0,0,0,0,0,0,,,,0,,,,,,0.0676,,,,no_impressions,S1,показов рекламы 33 за окно при ставке 8 ₽
652463361,53416,"Картридж для Samsung ML-2510, ML-2570, ML 2571, SCX-4321, SCX4521, ML-1610, ML1615, ML 1620, ML 2010 ML2015",True,8.0,1,Эксперимент1,72,0,0.0,,0.0,0,0.0,0.0,,,21,0,0.0,0.0,0.0,6888,71,0,0,81.2500000000000000,46,165,0,9837,7,0,0,0,0,0,0,0,0,,,,0,,,,,,0.0676,,,,no_impressions,S1,показов рекламы 72 за окно при ставке 8 ₽
652468928,2292,"Картридж CF531A для принтеров HP Color LJ Pro M154 a, LJ Pro M180n голубой",True,8.0,1,Эксперимент1,92,0,0.0,,0.0,0,0.0,0.0,,,22,0,0.0,0.0,0.0,8068,42,0,0,52.0000000000000000,38,73,0,9024,7,0,0,0,0,0,0,0,0,,,,0,3271.0,,29.03,18.4,949.43,0.0407,32.0,17.8,9.8,no_impressions,S1,показов рекламы 92 за окно при ставке 8 ₽
652470207,2291,"Картридж CF532A для принтеров HP Color LJ Pro M154 a, LJ Pro M180n желтый",True,10.0,1,Эксперимент1,89,0,0.0,,0.0,0,0.0,0.0,,,22,0,0.0,0.0,0.0,6732,34,0,0,68.5000000000000000,41,67,0,7046,7,0,0,0,0,0,0,0,0,,,,0,3271.0,,29.03,18.4,949.43,0.0407,32.0,17.8,7.8,no_impressions,S1,показов рекламы 89 за окно при ставке 10 ₽
652487349,3523,"Картридж CF289X для принтеров HP LaserJet M507, LJ M528 черный",True,12.0,2,от 2000 до 5000 / Эксперимент1,57,0,0.0,,0.0,0,0.0,0.0,,,17,0,0.0,0.0,0.0,993,28,0,0,55.0000000000000000,34,66,0,1044,7,0,0,0,0,0,0,0,0,,,,0,,,,,,0.0676,,,,no_impressions,S1,показов рекламы 57 за окно при ставке 12 ₽
652493747,3219,"Картридж W2030A для принтеров HP и Color LaserJet M480, LJ M455, LJ Pro M454, LJ Pro M479 fdn черный",True,8.0,1,Эксперимент1,10,0,0.0,,0.0,0,0.0,0.0,,,9,0,0.0,0.0,0.0,149,11,0,0,254.0000000000000000,134,22,0,187,7,0,0,0,0,0,0,0,0,,,,0,,,,,,0.0676,,,,no_impressions,S1,показов рекламы 10 за окно при ставке 8 ₽
652531143,0156,"Картридж T0921 для принтеров Epson и Stylus C240, Stylus C91 черный",True,10.0,1,от 0 до 1000,40,0,0.0,,0.0,0,0.0,0.0,,,18,0,0.0,0.0,0.0,127,54,0,0,120.2500000000000000,79,109,0,300,7,0,0,0,0,0,0,0,0,,,,0,,,,,,0.0676,,,,no_impressions,S1,показов рекламы 40 за окно при ставке 10 ₽
652547591,1253,"Картридж PGI-425PGBK для принтеров Canon Pixma iP4840, PixmaiP4940 черный",True,11.0,1,от 0 до 1000,64,0,0.0,,0.0,0,0.0,0.0,,,22,0,0.0,0.0,0.0,141,103,0,0,101.7500000000000000,64,206,0,457,7,0,0,0,0,2,1288.0000,1,0,0.0,2026-05-07,103,0,576.0,,17.44,6.8,100.44,0.0676,4.8,0.7,-10.3,no_impressions,S1,показов рекламы 64 за окно при ставке 11 ₽
652549135,0139,"Картридж PGI-5BK для принтеров Canon Pixma iP3300, PixmaiP3500 черный",True,10.0,1,от 0 до 1000,55,0,0.0,,0.0,0,0.0,0.0,,,19,0,0.0,0.0,0.0,108,57,0,0,96.7500000000000000,68,136,0,253,7,0,0,0,0,0,0,0,0,,,,0,,,,,,0.0676,,,,no_impressions,S1,показов рекламы 55 за окно при ставке 10 ₽
652549173,1489,"Картридж PGI-2400XLM для принтеров Canon и MAXIFY iB4040, iB4140, MB5040, MB5140 пурпурный",True,7.0,1,Эксперимент1,52,1,1.92,7.0,7.0,10,0.0,0.0,,0.0,18,1,7.0,0.0,0.0,52,47,0,0,63.2500000000000000,51,123,0,134,7,0,0,0,0,0,0,0,0,,,,0,1226.0,,27.67,17.1,339.18,0.0574,16.0,8.5,1.5,ad_eater,E1,"1 кликов, 0 рекламных заказов; продаж не было вовсе; показов рекламы 52 за окно при ставке 7 ₽"
652550333,1449,"Картридж CLI-471XLM для принтеров Canon и Pixma MG5740, Pixma MG6840 пурпурный",True,7.0,1,Эксперимент1,75,0,0.0,,0.0,0,0.0,0.0,,,20,0,0.0,0.0,0.0,198,51,0,0,108.5000000000000000,104,124,0,374,7,0,0,0,0,0,0,0,0,,,,0,,,,,,0.0676,,,,no_impressions,S1,показов рекламы 75 за окно при ставке 7 ₽
652554835,0797,"Картридж 177C для принтеров HP PhotoSmart 3110, PhotoSmart 3200 голубой",True,10.0,1,от 0 до 1000,47,0,0.0,,0.0,0,0.0,0.0,,,17,0,0.0,0.0,0.0,46,40,0,0,126.0000000000000000,52,82,0,94,7,0,0,0,0,0,0,1,1,100.0,,,0,790.0,,22.24,11.6,175.67,0.0676,9.2,3.5,-6.5,no_impressions,S1,показов рекламы 47 за окно при ставке 10 ₽
652576855,1487,"Картридж PGI-2400XLBK для принтеров Canon и MAXIFY iB4040, iB4140, MB5040, MB5140 черный",True,8.0,1,Эксперимент1,95,0,0.0,,0.0,0,0.0,0.0,,,21,0,0.0,0.0,0.0,67,60,0,0,84.5000000000000000,74,139,0,161,7,0,0,0,0,0,0,0,0,,,,0,,,,,,0.0676,,,,no_impressions,S1,показов рекламы 95 за окно при ставке 8 ₽
652576979,3475,"Картридж 055H C для принтеров Canon и i-SENSYS MF 741, MF 743 голубой",True,12.0,1,от 2000 до 5000,9,0,0.0,,0.0,0,0.0,0.0,,,7,0,0.0,0.0,0.0,9,9,0,0,182.0000000000000000,62,36,0,1673,7,0,0,0,0,0,0,0,0,,,,0,,,,,,0.0676,,,,no_impressions,S1,показов рекламы 9 за окно при ставке 12 ₽
652576989,0821,"Картридж CLI-451Y для принтеров Canon Pixma iP7240, Pixma iP8740 желтый",True,10.0,1,от 0 до 1000,51,0,0.0,,0.0,0,0.0,0.0,,,20,0,0.0,0.0,0.0,118,69,0,0,122.2500000000000000,70,220,0,366,7,0,0,0,0,0,0,0,0,,,,0,781.0,,22.95,12.3,179.28,0.0676,9.5,3.9,-6.1,no_impressions,S1,показов рекламы 51 за окно при ставке 10 ₽
652578902,0016,"Картридж CLI-426GY для принтеров Canon Pixma MG5140, PixmaMG5240 серый",True,10.0,1,от 0 до 1000,34,0,0.0,,0.0,0,0.0,0.0,,,17,0,0.0,0.0,0.0,134,59,0,0,126.7500000000000000,88,142,0,354,7,0,0,0,0,2,810.0000,1,0,0.0,2026-05-04,106,0,,,,,,0.0676,,,,no_impressions,S1,показов рекламы 34 за окно при ставке 10 ₽
652608565,0938,Картридж T5596 для принтеров Epson Stylus Photo RX700 светло-пурпурный,True,10.0,1,от 0 до 1000,99,0,0.0,,0.0,0,0.0,0.0,,,22,0,0.0,0.0,0.0,227,79,0,0,45.2500000000000000,17,93,0,251,7,0,0,0,0,1,2485.0000,1,0,0.0,2026-05-11,99,0,,,,,,0.0676,,,,no_impressions,S1,показов рекламы 99 за окно при ставке 10 ₽
652609044,2970,"Картридж 047 для принтеров Canon i-SENSYS LBP-110, LBP113, MF110, MF112, MF 113 черный",True,8.0,1,Эксперимент1,98,1,1.02,2.2,2.18,3,0.0,0.0,,0.0,22,1,2.18,0.0,0.0,1885,91,0,0,95.5000000000000000,61,135,0,6973,7,0,0,0,0,1,1942.0000,1,0,0.0,2026-05-04,106,0,,,,,,0.0676,,,,ad_eater,E1,"1 кликов, 0 рекламных заказов; последняя продажа 2026-05-04; показов рекламы 98 за окно при ставке 8 ₽"
652621030,0137,"Картридж CLI-8M для принтеров Canon Pixma iP3300, PixmaiP3500, Pro9000 Mark II пурпурный",True,7.0,1,Эксперимент1,95,0,0.0,,0.0,0,0.0,0.0,,,21,0,0.0,0.0,0.0,121,64,0,0,101.7500000000000000,56,147,0,266,7,0,0,0,0,0,0,0,0,,,,0,,,,,,0.0676,,,,no_impressions,S1,показов рекламы 95 за окно при ставке 7 ₽
652638204,1448,"Картридж CLI-471XLGY для принтеров Canon Pixma MG7740, Pixma TS8040 серый",True,11.0,1,от 0 до 1000,72,2,2.78,11.1,22.19,30,0.0,0.0,,0.0,21,0,0.0,0.0,0.0,223,111,0,0,72.7500000000000000,45,231,0,3310,7,0,0,0,0,0,0,0,0,,,,0,,,,,,0.0676,,,,ad_eater,E1,"2 кликов, 0 рекламных заказов; продаж не было вовсе; показов рекламы 72 за окно при ставке 11 ₽"
652687877,2111,"Картридж MX23GTBA для принтеров Sharp MX-1810U, MX 2010U, MX2310U, MX-2314, MX2614, MX 3110U, MX 3114 черный",True,8.0,1,Эксперимент1,52,0,0.0,,0.0,0,0.0,0.0,,,20,0,0.0,0.0,0.0,291,51,0,0,62.5000000000000000,52,139,0,722,7,0,0,0,0,0,0,0,0,,,,0,,,,,,0.0676,,,,no_impressions,S1,показов рекламы 52 за окно при ставке 8 ₽
652697920,0136,"Картридж CLI-8C для принтеров Canon Pixma iP3300, PixmaiP3500, Pro9000 Mark II голубой",True,7.0,1,Эксперимент1,73,1,1.37,6.3,6.35,9,0.0,0.0,,0.0,22,1,6.35,0.0,0.0,217,62,0,0,85.5000000000000000,65,126,0,379,7,0,0,0,0,0,0,0,0,,,,0,,,,,,0.0676,,,,ad_eater,E1,"1 кликов, 0 рекламных заказов; продаж не было вовсе; показов рекламы 73 за окно при ставке 7 ₽"
652731445,3476,"Картридж 055H M для принтеров Canon и i-SENSYS MF 741, MF 743 пурпурный",True,8.0,1,Эксперимент1,88,0,0.0,,0.0,0,0.0,0.0,,,22,0,0.0,0.0,0.0,21,14,0,0,250.0000000000000000,112,31,0,1671,7,0,0,0,0,0,0,0,0,,,,0,3929.0,,29.27,18.7,1150.11,0.0407,38.8,21.9,13.9,no_impressions,S1,показов рекламы 88 за окно при ставке 8 ₽
652801866,2403,"Картридж TK-5270Y для принтеров Kyocera и EcoSys M6230cidn, M6630cidn желтый",True,8.0,1,Эксперимент1,70,0,0.0,,0.0,0,0.0,0.0,,,19,0,0.0,0.0,0.0,4438,42,0,0,57.5000000000000000,38,138,0,4568,7,0,0,0,0,0,0,0,0,,,,0,3969.0,,30.76,20.2,1220.9,0.0407,41.6,24.5,16.5,no_impressions,S1,показов рекламы 70 за окно при ставке 8 ₽
652996048,1223,"Картридж LC563BK для принтеров Brother MFC-J2310, MFC J2510 черный",True,8.0,1,Эксперимент1,68,0,0.0,,0.0,0,0.0,0.0,,,19,0,0.0,0.0,0.0,370,43,0,0,89.0000000000000000,60,79,0,691,7,0,0,0,0,0,0,0,0,,,,0,,,,,,0.0676,,,,no_impressions,S1,показов рекламы 68 за окно при ставке 8 ₽
652998708,1467,"Картридж LC-1280XC для принтеров Brother MFC-J5910DW, MFC J6510 голубой",True,11.0,1,от 0 до 1000,57,0,0.0,,0.0,0,0.0,0.0,,,18,0,0.0,0.0,0.0,58,52,0,0,40.7500000000000000,27,85,0,92,7,0,0,0,0,0,0,0,0,,,,0,,,,,,0.0676,,,,no_impressions,S1,показов рекламы 57 за окно при ставке 11 ₽
653041342,0250,Фотобарабан DR-2275 DU для принтеров Brother DCP-7057 черный,True,8.0,1,Эксперимент1,85,0,0.0,,0.0,0,0.0,0.0,,,22,0,0.0,0.0,0.0,1426,44,0,0,81.2500000000000000,63,89,0,5881,7,0,0,0,0,0,0,0,0,,,,0,2681.0,,29.55,19.0,792.14,0.0407,26.8,15.3,7.3,no_impressions,S1,показов рекламы 85 за окно при ставке 8 ₽
653064682,3111,"Картридж LC-3619XLM для принтеров Brother MFC-J2330, MFC J2730 пурпурный",True,12.0,1,от 1000-2000,50,1,2.0,10.4,10.4,14,0.0,0.0,,0.0,19,1,10.4,0.0,0.0,3066,52,0,0,64.0000000000000000,58,136,0,8488,7,0,0,0,0,0,0,0,0,,,,0,1552.0,,29.29,18.7,454.51,0.0574,21.7,12.2,0.2,ad_eater,E1,"1 кликов, 0 рекламных заказов; продаж не было вовсе; показов рекламы 50 за окно при ставке 12 ₽"
653067261,1236,"Картридж LC985Y для принтеров Brother DCP-J125, DCP J140W, MFC-J220, MFCJ265W желтый",True,11.0,1,от 0 до 1000,53,0,0.0,,0.0,0,0.0,0.0,,,19,0,0.0,0.0,0.0,83,59,0,0,64.5000000000000000,37,103,0,137,7,0,0,0,0,1,684.0000,1,0,0.0,2026-05-17,93,0,,,,,,0.0676,,,,no_impressions,S1,показов рекламы 53 за окно при ставке 11 ₽
653123536,1233,"Картридж LC985BK для принтеров Brother DCP-J125, DCP J140W, MFC-J220, MFCJ265W черный",True,10.0,1,от 0 до 1000,33,0,0.0,,0.0,0,0.0,0.0,,,18,0,0.0,0.0,0.0,60,37,0,0,88.0000000000000000,34,75,0,98,7,0,0,0,0,0,0,0,0,,,,0,,,,,,0.0676,,,,no_impressions,S1,показов рекламы 33 за окно при ставке 10 ₽
653123869,1230,"Картридж LC565XLY для принтеров Brother MFC-J2310, MFC J2510 желтый",True,7.0,1,Эксперимент1,34,0,0.0,,0.0,0,0.0,0.0,,,16,0,0.0,0.0,0.0,39,34,0,0,88.0000000000000000,79,59,0,75,7,0,0,0,0,0,0,0,0,,,,0,1003.0,,24.77,14.2,248.45,0.0574,11.4,5.3,-1.7,no_impressions,S1,показов рекламы 34 за окно при ставке 7 ₽
653128170,1220,"Картридж LC525XLM для принтеров Brother DCP-J100, DCP J105, MFC-J200 пурпурный",True,11.0,1,от 0 до 1000,67,0,0.0,,0.0,0,0.0,0.0,,,22,0,0.0,0.0,0.0,111,69,0,0,115.2500000000000000,76,114,0,277,7,0,0,0,0,0,0,0,0,,,,0,651.0,,19.49,8.9,126.87,0.0676,6.4,1.7,-9.3,no_impressions,S1,показов рекламы 67 за окно при ставке 11 ₽
653128299,3700,"Фотобарабан DR-213CL для принтеров Brother DCP-L3550CDW, HL-L3230CDW, MFC-L3770CDW цветной",True,8.0,1,Эксперимент1,89,0,0.0,,0.0,0,0.0,0.0,,,21,0,0.0,0.0,0.0,6061,82,0,0,77.2500000000000000,56,185,0,6887,7,0,0,0,0,0,0,0,0,,,,0,2975.0,,30.28,19.7,900.76,0.0407,30.6,17.8,9.8,no_impressions,S1,показов рекламы 89 за окно при ставке 8 ₽
653133238,0598,"Картридж LC-1100Y для принтеров Brother DCP-145C, DCP 163C, MFC-250C, MFC290C желтый",True,10.0,1,от 0 до 1000,53,0,0.0,,0.0,0,0.0,0.0,,,21,0,0.0,0.0,0.0,63,41,0,0,91.2500000000000000,60,86,0,118,7,0,0,0,0,2,1297.0000,2,0,0.0,2026-05-14,96,0,707.0,,19.34,8.7,136.77,0.0676,6.9,1.8,-8.2,no_impressions,S1,показов рекламы 53 за окно при ставке 10 ₽
653133837,0595,"Картридж LC-1100BK для принтеров Brother DCP 385C, DCP 145C, DCP 163C, MFC 250C, MFC 290C",True,11.0,1,от 0 до 1000,52,0,0.0,,0.0,0,0.0,0.0,,,21,0,0.0,0.0,0.0,71,53,0,0,81.7500000000000000,48,107,0,252,7,0,0,0,0,2,1341.0000,2,0,0.0,2026-05-03,107,0,707.0,,20.34,9.7,143.84,0.0676,7.3,2.2,-8.8,no_impressions,S1,показов рекламы 52 за окно при ставке 11 ₽
653139608,1263,"Картридж T0792 для принтеров Epson Stylus Photo 1400, Stylus Photo 1500W голубой",True,10.0,1,от 0 до 1000,41,0,0.0,,0.0,0,0.0,0.0,,,19,0,0.0,0.0,0.0,135,47,0,0,87.7500000000000000,79,98,0,193,7,0,0,0,0,0,0,0,0,,,,0,,,,,,0.0676,,,,no_impressions,S1,показов рекламы 41 за окно при ставке 10 ₽
653277979,1235,"Картридж LC985M для принтеров Brother DCP-J125, DCP J140W, MFC-J220, MFCJ265W пурпурный",True,11.0,1,от 0 до 1000,63,0,0.0,,0.0,0,0.0,0.0,,,19,0,0.0,0.0,0.0,3312,89,0,0,53.7500000000000000,31,176,0,3418,7,0,0,0,0,1,483.0000,1,0,0.0,2026-05-17,93,0,,,,,,0.0676,,,,no_impressions,S1,показов рекламы 63 за окно при ставке 11 ₽
653294553,1228,"Картридж LC565XLC для принтеров Brother MFC-J2310, MFC J2510 голубой",True,7.0,1,Эксперимент1,45,0,0.0,,0.0,0,0.0,0.0,,,19,0,0.0,0.0,0.0,44,40,0,0,66.7500000000000000,56,71,0,83,7,0,0,0,0,1,919.0000,1,0,0.0,2026-05-11,99,0,1003.0,,25.77,15.2,258.48,0.0574,12.0,5.9,-1.1,no_impressions,S1,показов рекламы 45 за окно при ставке 7 ₽
653317601,0787,"Картридж 106R01634 для принтеров Xerox Phaser 6000, Phaser 6010, WC6015 черный",True,10.0,2,от 1000-2000 / Эксперимент1,52,0,0.0,,0.0,0,0.0,0.0,,,18,0,0.0,0.0,0.0,6717,38,0,0,69.2500000000000000,28,97,0,6804,7,0,0,0,0,0,0,0,0,,,,0,,,,,,0.0676,,,,no_impressions,S1,показов рекламы 52 за окно при ставке 10 ₽
653317616,1144,"Картридж 106R02778 для принтеров Xerox WorkCentre 3225, Phaser 3052, Phaser 3260, WC 3215,",True,8.0,1,Эксперимент1,57,0,0.0,,0.0,0,0.0,0.0,,,19,0,0.0,0.0,0.0,104,52,0,0,107.7500000000000000,77,124,0,202,7,0,0,0,0,0,0,0,0,,,,0,2749.0,,28.72,18.1,789.65,0.0407,26.5,14.7,6.7,no_impressions,S1,показов рекламы 57 за окно при ставке 8 ₽
653317940,5349,Картридж 113R00667 для принтеров Xerox и WorkCentre PE16 черный,True,12.0,2,от 2000 до 5000 / Эксперимент1,68,0,0.0,,0.0,0,0.0,0.0,,,18,0,0.0,0.0,0.0,2861,40,0,0,66.5000000000000000,44,87,0,4812,7,0,0,0,0,0,0,0,0,,,,0,,,,,,0.0676,,,,no_impressions,S1,показов рекламы 68 за окно при ставке 12 ₽
653324828,5341,Картридж MLT-D119S для принтеров Samsung ML1610 ML1615 ML1620 ML 1625 ML2010 ML2015 и ML2020 ML 2510 ML2570 ML 2571 SCX 4321 SCX 4521,True,8.0,1,Эксперимент1,69,0,0.0,,0.0,0,0.0,0.0,,,19,0,0.0,0.0,0.0,3504,83,0,0,105.2500000000000000,67,204,0,3695,7,0,0,0,0,1,1499.00,1,0,0.0,2026-05-04,106,0,,,,,,0.0676,,,,no_impressions,S1,показов рекламы 69 за окно при ставке 8 ₽
653328445,0793,"Картридж CLT-C406S для принтеров Samsung и CLP-360, CLP 362, CLX-3300, CLX3302, SL-C410, SL C460 голубой",True,9.0,1,Эксперимент1,94,1,1.06,8.4,8.37,11,0.0,0.0,,0.0,21,1,8.37,0.0,0.0,1483,39,0,0,73.2500000000000000,48,91,0,1553,7,0,0,0,0,0,0,0,0,,,,0,,,,,,0.0676,,,,ad_eater,E1,"1 кликов, 0 рекламных заказов; продаж не было вовсе; показов рекламы 94 за окно при ставке 9 ₽"
653346741,0788,"Картридж 106r01633 для принтеров Xerox и Phaser 6000, Phaser 6010, WC6015 желтый",True,10.0,1,от 1000-2000,12,0,0.0,,0.0,0,0.0,0.0,,,8,0,0.0,0.0,0.0,9855,30,0,0,92.2500000000000000,16,52,0,10795,7,0,0,0,0,0,0,0,0,,,,0,,,,,,0.0676,,,,no_impressions,S1,показов рекламы 12 за окно при ставке 10 ₽
653348183,5348,Картридж 109R00748 для принтеров Xerox и Phaser 3116 черный,True,12.0,1,от 2000 до 5000,30,0,0.0,,0.0,0,0.0,0.0,,,18,0,0.0,0.0,0.0,1147,46,0,0,82.0000000000000000,60,101,0,1209,7,0,0,0,0,0,0,0,0,,,,0,,,,,,0.0676,,,,no_impressions,S1,показов рекламы 30 за окно при ставке 12 ₽
653348217,1095,"Картридж 106R01604 для принтеров Xerox Phaser 6500, WC 6505 черный",True,7.0,1,Эксперимент1,29,0,0.0,,0.0,0,0.0,0.0,,,17,0,0.0,0.0,0.0,1469,19,0,0,183.5000000000000000,96,40,0,1490,7,0,0,0,0,0,0,0,0,,,,0,,,,,,0.0676,,,,no_impressions,S1,показов рекламы 29 за окно при ставке 7 ₽
653348226,1365,"Картридж 106R02762 для принтеров Xerox Phaser 6020, Phaser6022, WC 6025, WC6027 желтый",True,7.0,1,Эксперимент1,52,0,0.0,,0.0,0,0.0,0.0,,,17,0,0.0,0.0,0.0,2818,29,0,0,193.5000000000000000,86,69,0,3782,7,0,0,0,0,0,0,0,0,,,,0,,,,,,0.0676,,,,no_impressions,S1,показов рекламы 52 за окно при ставке 7 ₽
653349752,0919,"Картридж T1293 для принтеров Epson WF 3520, WF 3530 пурпурный",True,6.0,1,Эксперимент1,77,0,0.0,,0.0,0,0.0,0.0,,,22,0,0.0,0.0,0.0,2936,95,0,0,70.7500000000000000,52,168,0,3012,7,0,0,0,0,0,0,0,0,,,,1,,,,,,0.0676,,,,no_impressions,S1,показов рекламы 77 за окно при ставке 6 ₽
653387906,0789,"Картридж 106r01632 для принтеров Xerox и Phaser 6000, Phaser 6010, WC6015 пурпурный",True,10.0,1,от 1000-2000,12,0,0.0,,0.0,0,0.0,0.0,,,9,0,0.0,0.0,0.0,22,19,0,0,113.0000000000000000,50,42,0,861,7,0,0,0,0,0,0,0,0,,,,0,,,,,,0.0676,,,,no_impressions,S1,показов рекламы 12 за окно при ставке 10 ₽
653422859,2635,"Картридж TN-221M для принтеров Konica Minolta и Bizhub C227, Bizhub C287 пурпурный",True,8.0,1,Эксперимент1,74,0,0.0,,0.0,0,0.0,0.0,,,20,0,0.0,0.0,0.0,3131,26,0,0,132.7500000000000000,52,70,0,6835,7,0,0,0,0,2,7886.0000,1,0,0.0,2026-05-08,102,0,4571.0,,28.18,17.6,1287.92,0.0407,43.1,23.4,15.4,no_impressions,S1,показов рекламы 74 за окно при ставке 8 ₽
653423743,0113,Картридж 106R01334 для принтеров Xerox Phaser 6125N черный,True,7.0,1,Эксперимент1,43,0,0.0,,0.0,0,0.0,0.0,,,16,0,0.0,0.0,0.0,2809,19,0,0,157.7500000000000000,55,52,0,2860,7,0,0,0,0,0,0,0,0,,,,0,,,,,,0.0676,,,,no_impressions,S1,показов рекламы 43 за окно при ставке 7 ₽
653449243,2136,"Картридж TK-5240C для принтеров Kyocera Ecosys M5526cdn, P5026cdn голубой",True,8.0,1,Эксперимент1,66,0,0.0,,0.0,0,0.0,0.0,,,21,0,0.0,0.0,0.0,2845,44,0,0,89.7500000000000000,53,96,0,2911,7,0,0,0,0,0,0,0,0,,,,0,,,,,,0.0676,,,,no_impressions,S1,показов рекламы 66 за окно при ставке 8 ₽
653449260,0866,"Картридж TK-4105 для принтеров Kyocera TASKalfa 1800, TASKalfa1801 черный",True,12.0,2,от 2000 до 5000 / Эксперимент1,92,1,1.09,12.7,12.68,17,0.0,0.0,,0.0,21,0,0.0,0.0,0.0,93,84,0,0,89.2500000000000000,33,177,0,518,7,0,0,0,0,0,0,0,0,,,,0,,,,,,0.0676,,,,ad_eater,E1,"1 кликов, 0 рекламных заказов; продаж не было вовсе; показов рекламы 92 за окно при ставке 12 ₽"
653450891,2137,"Картридж TK-5240M для принтеров Kyocera Ecosys M5526cdn, P5026cdn пурпурный",True,8.0,1,Эксперимент1,62,0,0.0,,0.0,0,0.0,0.0,,,19,0,0.0,0.0,0.0,2843,41,0,0,82.0000000000000000,51,97,0,2922,7,0,0,0,0,0,0,0,0,,,,0,,,,,,0.0676,,,,no_impressions,S1,показов рекламы 62 за окно при ставке 8 ₽
653455369,0782,"Картридж TK-1120 для принтеров Kyocera FS-1060DN, FS-1125MFP",True,7.0,1,Эксперимент1,83,2,2.41,7.8,15.56,21,0.0,0.0,,0.0,22,0,0.0,0.0,0.0,2911,73,0,0,160.0000000000000000,92,158,0,3853,7,0,0,0,0,0,0,0,0,,,,0,,,,,,0.0676,,,,ad_eater,E1,"2 кликов, 0 рекламных заказов; продаж не было вовсе; показов рекламы 83 за окно при ставке 7 ₽"
863385754,3429,"Картридж TN-213Y для принтеров Brother и DCP-L3550, HL-L3230CDW, MFC-L3770CDW желтый",True,8.0,1,Эксперимент1,68,1,1.47,1.0,1.0,1,0.0,0.0,,0.0,19,1,1.0,0.0,0.0,92,63,0,0,65.0000000000000000,44,117,0,151,7,0,0,0,0,0,0,0,0,,,,0,3578.0,,28.86,18.3,1032.45,0.0407,34.7,19.4,11.4,ad_eater,E1,"1 кликов, 0 рекламных заказов; продаж не было вовсе; показов рекламы 68 за окно при ставке 8 ₽"
863385774,3383,"Фотобарабан C-EXV42 DU для принтеров Canon iR-2202, iR-2204 черный",True,8.0,1,Эксперимент1,74,1,1.35,11.2,11.15,15,0.0,0.0,,0.0,17,1,11.15,0.0,0.0,2970,67,0,0,73.7500000000000000,45,136,0,5537,7,0,0,0,0,0,0,0,0,,,,0,,,,,,0.0676,,,,ad_eater,E1,"1 кликов, 0 рекламных заказов; продаж не было вовсе; показов рекламы 74 за окно при ставке 8 ₽"
863385855,0029,Картридж Q7553X для принтеров HP LaserJet P2015 черный,True,8.0,1,Эксперимент1,68,0,0.0,,0.0,0,0.0,0.0,,,20,0,0.0,0.0,0.0,6146,42,0,0,51.0000000000000000,38,102,0,8941,7,0,0,0,0,0,0,0,0,,,,0,,,,,,0.0676,,,,no_impressions,S1,показов рекламы 68 за окно при ставке 8 ₽
863385964,0011,"Картридж CE505A для принтеров HP LaserJet P2035, LJ P2050, LJ-P2055, LJP2030",True,8.0,1,Эксперимент1,62,0,0.0,,0.0,0,0.0,0.0,,,20,0,0.0,0.0,0.0,3008,58,0,0,93.5000000000000000,57,142,0,5421,7,0,0,0,0,0,0,0,0,,,,0,,,,,,0.0676,,,,no_impressions,S1,показов рекламы 62 за окно при ставке 8 ₽
863386236,3790,"Картридж W1335A для принтеров HP LaserJet M438n, LJ M440, LJ-M442dn, LJM443nda черный",True,8.0,1,Эксперимент1,45,0,0.0,,0.0,0,0.0,0.0,,,19,0,0.0,0.0,0.0,4508,66,0,0,92.5000000000000000,35,158,0,7819,7,0,0,0,0,0,0,0,0,,,,0,3909.0,,29.32,18.7,1146.27,0.0407,38.7,21.8,13.8,no_impressions,S1,показов рекламы 45 за окно при ставке 8 ₽
863386670,0160,"Картриджи T0921-T0924 для принтеров Epson Stylus C240, Stylus C91",True,12.0,1,от 2000 до 5000,44,1,2.27,13.3,13.34,18,0.0,0.0,,0.0,16,1,13.34,0.0,0.0,14822,88,0,0,75.2500000000000000,52,186,0,23421,7,0,0,0,0,0,0,0,0,,,,0,2719.0,,31.25,20.6,849.66,0.0407,29.0,17.3,5.3,ad_eater,E1,"1 кликов, 0 рекламных заказов; продаж не было вовсе; показов рекламы 44 за окно при ставке 12 ₽"
863386849,3428,"Картридж TN-213M для принтеров Brother и DCP-L3550, HL-L3230CDW, MFC-L3770CDW пурпурный",True,8.0,1,Эксперимент1,68,0,0.0,,0.0,0,0.0,0.0,,,21,0,0.0,0.0,0.0,3299,43,0,0,110.5000000000000000,43,106,0,3370,7,0,0,0,0,0,0,0,0,,,,0,,,,,,0.0676,,,,no_impressions,S1,показов рекламы 68 за окно при ставке 8 ₽
863387408,3521,"Картридж T9444 для принтеров Epson и WorkForce Pro C5210, WF Pro C5215 желтый",True,12.0,1,от 1000-2000,47,0,0.0,,0.0,0,0.0,0.0,,,19,0,0.0,0.0,0.0,86,56,0,0,70.0000000000000000,47,114,0,174,7,0,0,0,0,0,0,0,0,,,,0,,,,,,0.0676,,,,no_impressions,S1,показов рекламы 47 за окно при ставке 12 ₽
863387569,2178,"Картридж 040H C для принтеров Canon i-SENSYS LBP-710CX, LBP712CX голубой",True,14.5,1,Эксперимент1,92,0,0.0,,0.0,0,0.0,0.0,,,22,0,0.0,0.0,0.0,63,35,0,0,96.7500000000000000,51,92,0,2019,7,0,0,0,0,1,5783.0000,1,0,0.0,2026-05-19,91,0,7789.0,,27.5,16.9,2141.89,0.0394,69.1,36.5,22.0,no_impressions,S1,показов рекламы 92 за окно при ставке 14 ₽
863388934,0179,"Картриджи CLT-609S для принтеров Samsung и CLP-770, CLP 770ND",True,12.0,2,от 10000 до 500 тыс / Эксперимент1,60,1,1.67,6.1,6.07,8,0.0,0.0,,0.0,17,1,6.07,0.0,0.0,2927,53,0,0,49.0000000000000000,42,53,0,2927,3,0,0,0,0,0,0,0,0,,,,0,31984.0,,23.61,13.0,7552.65,0.0565,336.5,144.7,132.7,ad_eater,E1,"1 кликов, 0 рекламных заказов; продаж не было вовсе; показов рекламы 60 за окно при ставке 12 ₽"
863389220,0177,"Картриджи 44318621-44318624 для принтеров OKI C710, C711",True,12.0,2,от 10000 до 500 тыс / Эксперимент1,52,0,0.0,,0.0,0,0.0,0.0,,,19,0,0.0,0.0,0.0,35,21,0,0,56.3333333333333333,49,56,0,83,6,0,0,0,0,0,0,0,0,,,,0,34491.0,,23.7,13.1,8172.87,0.0565,364.6,157.9,145.9,no_impressions,S1,показов рекламы 52 за окно при ставке 12 ₽
863390474,3427,"Картридж TN-213C для принтеров Brother и DCP-L3550, HL-L3230CDW, MFC-L3770CDW голубой",True,8.0,1,Эксперимент1,48,1,2.08,10.9,10.88,15,0.0,0.0,,0.0,19,1,10.88,0.0,0.0,64,46,0,0,87.2500000000000000,54,106,0,134,7,0,0,0,0,0,0,0,0,,,,0,3578.0,,28.86,18.3,1032.45,0.0407,34.7,19.4,11.4,ad_eater,E1,"1 кликов, 0 рекламных заказов; продаж не было вовсе; показов рекламы 48 за окно при ставке 8 ₽"
863392909,0051,"Картридж C4092A для принтеров HP LaserJet 1100, LJ 3200 черный",True,13.0,1,от 2000 до 5000,43,0,0.0,,0.0,0,0.0,0.0,,,18,0,0.0,0.0,0.0,6321,114,0,0,78.5000000000000000,39,193,0,10313,7,0,0,0,0,0,0,1,1,100.0,,,0,3632.0,,29.11,18.5,1057.12,0.0407,35.6,19.9,6.9,no_impressions,S1,показов рекламы 43 за окно при ставке 13 ₽
863393840,0088,"Картридж CE278A для принтеров HP LaserJet Pro M1536dnf, LJ Pro P1560 черный",True,8.0,1,Эксперимент1,56,0,0.0,,0.0,0,0.0,0.0,,,18,0,0.0,0.0,0.0,5935,70,0,0,89.2500000000000000,66,135,0,6973,7,0,0,0,0,0,0,0,0,,,,0,,,,,,0.0676,,,,no_impressions,S1,показов рекламы 56 за окно при ставке 8 ₽
863422768,4230,"Картридж 006R01646 XL для принтеров Xerox Versant 180, Versant 80 черный",True,13.0,1,от 10000 до 500 тыс,2,0,0.0,,0.0,0,0.0,0.0,,,2,0,0.0,0.0,0.0,0,0,0,0,,,0,0,0,0,0,0,0,0,0,0,0,0,,,,0,,,,,,0.0676,,,,no_impressions,S1,показов рекламы 2 за окно при ставке 13 ₽
863431074,0267,"Картридж CLT-M409S для принтеров Samsung и CLP-310, CLP 315, CLX-3170, CLX3175 пурпурный",True,12.0,1,от 2000 до 5000,68,1,1.47,12.4,12.4,17,0.0,0.0,,0.0,21,1,12.4,0.0,0.0,78,64,0,0,75.7500000000000000,56,119,0,139,7,0,0,0,0,0,0,0,0,,,,0,3659.0,,29.4,18.8,1075.77,0.0407,36.3,20.5,8.5,ad_eater,E1,"1 кликов, 0 рекламных заказов; продаж не было вовсе; показов рекламы 68 за окно при ставке 12 ₽"
863431273,0269,"Картридж CLT-K407S для принтеров Samsung CLP-320, CLP 325, CLX-3180, CLX3185 черный",True,12.0,1,от 2000 до 5000,52,0,0.0,,0.0,0,0.0,0.0,,,21,0,0.0,0.0,0.0,7523,66,0,0,77.0000000000000000,59,159,0,9534,7,0,0,0,0,1,3287.0000,1,0,0.0,2026-05-03,107,0,,,,,,0.0676,,,,no_impressions,S1,показов рекламы 52 за окно при ставке 12 ₽
863431395,0492,Картридж DS T0444 Epson желтый совместимый,True,11.0,1,от 0 до 1000,60,0,0.0,,0.0,0,0.0,0.0,,,20,0,0.0,0.0,0.0,778,164,0,0,68.0000000000000000,42,265,0,3659,7,0,0,0,0,1,440.0000,1,0,0.0,2026-05-03,107,0,,,,,,0.0676,,,,no_impressions,S1,показов рекламы 60 за окно при ставке 11 ₽
864221150,0561,"Картридж TK-475 для принтеров Kyocera FS-6525MFP, FS-6530MFP, TASKalfa 255, TASKalfa255b, FS6025MFP, FS 6030MFP",True,12.0,1,от 2000 до 5000,40,0,0.0,,0.0,0,0.0,0.0,,,19,0,0.0,0.0,0.0,93,80,0,0,124.5000000000000000,39,156,0,186,7,0,0,0,0,0,0,0,0,,,,0,3929.0,,29.27,18.7,1150.11,0.0407,38.8,21.9,9.9,no_impressions,S1,показов рекламы 40 за окно при ставке 12 ₽
864225009,1000,"Картридж 44469752 для принтеров OKI C510, C511, C530, C531, MC561, MC562 желтый",True,8.0,1,Эксперимент1,59,0,0.0,,0.0,0,0.0,0.0,,,21,0,0.0,0.0,0.0,57,36,0,0,80.0000000000000000,46,81,0,983,7,0,0,0,0,0,0,0,0,,,,0,4241.0,,27.84,17.2,1180.58,0.0407,39.4,21.1,13.1,no_impressions,S1,показов рекламы 59 за окно при ставке 8 ₽
864225144,0967,"Картридж 72GY для принтеров HP и Designjet T1100, DJ T1200, DJ T1300 серый",True,8.0,1,Эксперимент1,85,0,0.0,,0.0,0,0.0,0.0,,,21,0,0.0,0.0,0.0,2938,75,0,0,125.5000000000000000,29,204,0,6153,7,0,0,0,0,0,0,1,1,100.0,,,0,,,,,,0.0676,,,,no_impressions,S1,показов рекламы 85 за окно при ставке 8 ₽
864225233,0965,"Картридж 72M для принтеров HP и Designjet T1100, DJ T1200, DJ T1300 пурпурный",True,8.0,1,Эксперимент1,87,0,0.0,,0.0,0,0.0,0.0,,,21,0,0.0,0.0,0.0,6378,76,0,0,94.5000000000000000,40,171,0,6816,7,0,0,0,0,0,0,0,0,,,,0,4026.0,,27.18,16.6,1094.13,0.0407,36.3,19.0,11.0,no_impressions,S1,показов рекламы 87 за окно при ставке 8 ₽
864225267,0990,"Картридж 44973541 для принтеров OKI C301dn, C321dn, MC332, MC342 желтый",True,12.0,1,от 1000-2000,76,1,1.32,10.5,10.5,14,0.0,0.0,,0.0,19,1,10.5,0.0,0.0,9338,83,0,0,58.5000000000000000,41,112,0,9370,7,0,0,0,0,0,0,0,0,,,,0,,,,,,0.0676,,,,ad_eater,E1,"1 кликов, 0 рекламных заказов; продаж не было вовсе; показов рекламы 76 за окно при ставке 12 ₽"
864225354,0993,"Картридж 44469716 для принтеров OKI C310dn, c310n, c330, C330dn, C331, c331dn, C510, C511 c511dn C530 C531 c531dn mc351 MC351dn MC352dn MC561dn MC562dn голубой",True,8.0,1,Эксперимент1,85,1,1.18,1.0,1.0,1,0.0,0.0,,0.0,21,1,1.0,0.0,0.0,77,57,0,0,56.0000000000000000,33,119,0,146,7,0,0,0,0,0,0,0,0,,,,0,2741.0,,28.7,18.1,786.71,0.0407,26.4,14.6,6.6,ad_eater,E1,"1 кликов, 0 рекламных заказов; продаж не было вовсе; показов рекламы 85 за окно при ставке 8 ₽"
864225361,0982,"Картридж 43979202 для принтеров OKI B410, B430, B440, MB460, MB470 черный",True,8.0,1,Эксперимент1,71,2,2.82,7.0,14.07,19,0.0,0.0,,0.0,19,2,14.07,0.0,0.0,3208,37,0,0,290.2500000000000000,54,75,0,3251,7,0,0,0,0,0,0,0,0,,,,0,,,,,,0.0676,,,,ad_eater,E1,"2 кликов, 0 рекламных заказов; продаж не было вовсе; показов рекламы 71 за окно при ставке 8 ₽"
864225411,0998,"Картридж 44469754 для принтеров OKI и C531, Data C510, DataC511, MC561, MC562 голубой",True,8.0,1,Эксперимент1,37,0,0.0,,0.0,0,0.0,0.0,,,12,0,0.0,0.0,0.0,21,21,0,0,67.6666666666666667,43,56,0,57,6,0,0,0,0,0,0,0,0,,,,0,,,,,,0.0676,,,,no_impressions,S1,показов рекламы 37 за окно при ставке 8 ₽
864225496,1099,"Картриджи 106R01601-106R01604 для принтеров Xerox Phaser 6500, WC 6505",True,14.0,1,от 2000 до 5000,19,0,0.0,,0.0,0,0.0,0.0,,,10,0,0.0,0.0,0.0,93,36,0,0,105.0000000000000000,52,67,0,1619,7,0,0,0,0,1,3656.0000,1,0,0.0,2026-05-08,102,0,,,,,,0.0676,,,,no_impressions,S1,показов рекламы 19 за окно при ставке 14 ₽
864225502,0987,"Картридж 44973543 для принтеров OKI C301dn, C321dn, MC332, MC342 голубой",True,8.0,1,Эксперимент1,92,1,1.09,7.8,7.8,11,0.0,0.0,,0.0,21,1,7.8,0.0,0.0,5954,18,0,0,90.0000000000000000,77,43,0,5982,7,0,0,0,0,0,0,0,0,,,,0,,,,,,0.0676,,,,ad_eater,E1,"1 кликов, 0 рекламных заказов; продаж не было вовсе; показов рекламы 92 за окно при ставке 8 ₽"
864225529,1001,"Картриджи 44469810-44469752 для принтеров OKI C510, C511, C530, C531, MC561, MC562",True,20.93,1,от 10000 до 500 тыс,56,2,3.57,12.3,24.58,34,0.0,0.0,,0.0,12,0,0.0,0.0,0.0,33,32,0,0,47.3333333333333333,40,90,0,1585,6,0,0,0,0,1,11917.0000,1,0,0.0,2026-05-14,96,0,31179.0,,23.59,13.0,7353.66,0.0565,327.7,141.0,120.1,ad_eater,E1,"2 кликов, 0 рекламных заказов; последняя продажа 2026-05-14; показов рекламы 56 за окно при ставке 21 ₽"
864225643,1077,"Картриджи 006R01449-006R01452 для принтеров Xerox DocuColor 240, DocuColor 242, WC 7655, WC 7665",True,14.0,2,от 10000 до 500 тыс / Эксперимент1,99,3,3.03,14.5,43.53,59,0.0,0.0,,0.0,18,2,28.95,0.0,0.0,70,61,0,0,29.6666666666666667,22,144,0,2994,6,0,0,0,0,0,0,0,0,,,,0,,,,,,0.0676,,,,ad_eater,E1,"3 кликов, 0 рекламных заказов; продаж не было вовсе; показов рекламы 99 за окно при ставке 14 ₽"
864225678,1293,"Картридж TN-116 для принтеров Konica Minolta Bizhub 185, Bizhub 164, Bizhub 165",True,8.0,1,Эксперимент1,44,0,0.0,,0.0,0,0.0,0.0,,,17,0,0.0,0.0,0.0,53,40,0,0,55.2500000000000000,33,98,0,802,7,0,0,0,0,0,0,0,0,,,,0,2342.0,,27.47,16.9,643.44,0.0407,21.4,11.3,3.3,no_impressions,S1,показов рекламы 44 за окно при ставке 8 ₽
864225726,1292,"Картридж TN-114 для принтеров Konica Minolta Bizhub 162, Bizhub 163 черный",True,8.0,1,Эксперимент1,52,0,0.0,,0.0,0,0.0,0.0,,,19,0,0.0,0.0,0.0,5587,33,0,0,60.5000000000000000,11,64,0,9553,7,0,0,0,0,0,0,0,0,,,,0,,,,,,0.0676,,,,no_impressions,S1,показов рекламы 52 за окно при ставке 8 ₽
864225805,1311,"Картридж 52D5X00 для принтеров Lexmark MS812dn, MS811dn",True,8.0,1,Эксперимент1,54,0,0.0,,0.0,0,0.0,0.0,,,20,0,0.0,0.0,0.0,1161,43,0,0,83.0000000000000000,35,76,0,1201,7,0,0,0,0,0,0,0,0,,,,0,7084.0,,27.25,16.6,1930.09,0.0394,62.1,32.4,24.4,no_impressions,S1,показов рекламы 54 за окно при ставке 8 ₽
864225823,1307,"Картридж 50F5U00 для принтеров Lexmark MS510dn, MS610de, MS610dn черный",True,12.0,1,от 2000 до 5000,41,0,0.0,,0.0,0,0.0,0.0,,,17,0,0.0,0.0,0.0,4960,46,0,0,68.7500000000000000,43,122,0,7446,7,0,0,0,0,0,0,0,0,,,,0,4919.0,,27.35,16.8,1345.1,0.0407,44.7,23.6,11.6,no_impressions,S1,показов рекламы 41 за окно при ставке 12 ₽
864225853,1288,"Картридж C-EXV32 для принтеров Canon ImageRunner 2786, iR2535, iR2545 черный",True,20.0,1,от 2000 до 5000,34,0,0.0,,0.0,0,0.0,0.0,,,15,0,0.0,0.0,0.0,10594,32,0,0,91.2500000000000000,42,61,0,10627,7,0,0,0,0,4,13364.0000,1,0,0.0,2026-05-11,99,0,5385.0,,27.17,16.6,1463.33,0.0394,47.0,24.6,4.6,no_impressions,S1,показов рекламы 34 за окно при ставке 20 ₽
864225896,1330,"Картридж CLT-Y404S для принтеров Samsung SL-C430, SL C430W, SLC480, SL-C480FW, SLC480W желтый",True,9.0,1,Эксперимент1,83,0,0.0,,0.0,0,0.0,0.0,,,22,0,0.0,0.0,0.0,3223,48,0,0,176.7500000000000000,38,129,0,3936,7,0,0,0,0,0,0,1,1,100.0,,,0,3144.0,,28.78,18.2,904.96,0.0407,30.4,16.9,7.9,no_impressions,S1,показов рекламы 83 за окно при ставке 9 ₽
864226055,1308,"Картридж 50F5X00 для принтеров Lexmark MS410d, MS410dn, MS510dn, MS610de, MS610dn черный",True,13.0,1,от 2000 до 5000,59,0,0.0,,0.0,0,0.0,0.0,,,21,0,0.0,0.0,0.0,147,80,0,0,71.2500000000000000,37,185,0,1416,7,0,0,0,0,1,2859.0000,1,0,0.0,2026-05-08,102,0,4241.0,,27.84,17.2,1180.58,0.0407,39.4,21.1,8.1,no_impressions,S1,показов рекламы 59 за окно при ставке 13 ₽
866442721,1389,Картридж S050435 для принтеров Epson AcuLaser M2000 черный,True,8.0,1,Эксперимент1,74,1,1.35,1.0,1.0,1,0.0,0.0,,0.0,15,0,0.0,0.0,0.0,3057,79,0,0,27.6666666666666667,17,169,0,3157,6,0,0,0,0,0,0,0,0,,,,0,4775.0,,28.36,17.8,1354.27,0.0407,45.4,24.9,16.9,ad_eater,E1,"1 кликов, 0 рекламных заказов; продаж не было вовсе; показов рекламы 74 за окно при ставке 8 ₽"
866442746,1343,"Картридж 006R01463 для принтеров Xerox WorkCentre 7120, WC-7125, WC 7220, WC7225 пурпурный",True,8.0,1,Эксперимент1,80,0,0.0,,0.0,0,0.0,0.0,,,22,0,0.0,0.0,0.0,3495,23,0,0,125.7500000000000000,78,55,0,3533,7,0,0,0,0,0,0,0,0,,,,0,6317.0,,26.91,16.3,1699.8,0.0394,54.5,28.1,20.1,no_impressions,S1,показов рекламы 80 за окно при ставке 8 ₽
866442860,1383,"Картридж 731Y для принтеров Canon i-SENSYS LBP-7100Cn, LBP 7110, MF623cn, MF628cw, MF8230cn, MF8280cw желтый",True,12.0,1,от 2000 до 5000,48,0,0.0,,0.0,0,0.0,0.0,,,18,0,0.0,0.0,0.0,5790,78,0,0,81.5000000000000000,49,240,0,9038,7,0,0,0,0,0,0,0,0,,,,0,,,,,,0.0676,,,,no_impressions,S1,показов рекламы 48 за окно при ставке 12 ₽
866442889,1342,"Картридж 006R01462 для принтеров Xerox WorkCentre 7120, WC-7125, WC 7220, WC7225 желтый",True,8.0,1,Эксперимент1,81,1,1.23,1.0,1.0,1,0.0,0.0,,0.0,20,0,0.0,0.0,0.0,3522,38,0,0,152.6666666666666667,106,54,0,4351,7,0,0,0,0,0,0,0,0,,,,0,,,,,,0.0676,,,,ad_eater,E1,"1 кликов, 0 рекламных заказов; продаж не было вовсе; показов рекламы 81 за окно при ставке 8 ₽"
866443038,1553,"Картридж C2P26AE для принтеров HP OfficeJet Pro 6230, OfficeJet Pro 6830 желтый",True,8.0,1,Эксперимент1,61,0,0.0,,0.0,0,0.0,0.0,,,20,0,0.0,0.0,0.0,131,58,0,0,69.5000000000000000,21,122,0,262,7,0,0,0,0,2,2258.0000,4,2,50.0,2026-05-12,98,2,,,,,,0.0676,,,,no_impressions,S1,показов рекламы 61 за окно при ставке 8 ₽
866443217,1575,"Картридж D8J10A для принтеров HP Officejet Color X555dn, Officejet Color X5585dn черный",True,8.0,1,Эксперимент1,42,0,0.0,,0.0,0,0.0,0.0,,,19,0,0.0,0.0,0.0,2855,15,0,0,87.7500000000000000,48,29,0,3152,7,0,0,0,0,0,0,0,0,,,,0,,,,,,0.0676,,,,no_impressions,S1,показов рекламы 42 за окно при ставке 8 ₽
866443343,1361,"Картридж 106R02732 для принтеров Xerox Phaser 3610, WC 3615 черный",True,12.0,2,от 2000 до 5000 / Эксперимент1,29,0,0.0,,0.0,0,0.0,0.0,,,17,0,0.0,0.0,0.0,29,25,0,0,99.5000000000000000,32,65,0,1634,7,0,0,0,0,0,0,0,0,,,,0,,,,,,0.0676,,,,no_impressions,S1,показов рекламы 29 за окно при ставке 12 ₽
866443367,1606,"Картридж CLT-M609S для принтеров Samsung и CLP-770, CLP 770ND пурпурный",True,20.93,1,от 5000 до 10000,46,0,0.0,,0.0,0,0.0,0.0,,,20,0,0.0,0.0,0.0,9239,39,0,0,74.2500000000000000,33,75,0,9277,7,0,0,0,0,1,7643.0000,2,1,50.0,2026-05-15,95,0,,,,,,0.0676,,,,no_impressions,S1,показов рекламы 46 за окно при ставке 21 ₽
866443528,1564,"Картридж 70 для принтеров HP DesignJet Z2100, DJ Z3100, DJ Z3200 черный матовый",True,8.0,1,Эксперимент1,88,0,0.0,,0.0,0,0.0,0.0,,,22,0,0.0,0.0,0.0,255,61,0,0,94.5000000000000000,63,137,0,339,7,0,0,0,0,0,0,0,0,,,,0,4733.0,,29.83,19.2,1411.91,0.0407,47.8,27.3,19.3,no_impressions,S1,показов рекламы 88 за окно при ставке 8 ₽
866443659,1532,"Картридж T1031 для принтеров Epson Stylus Office T40, T40w, TX510, TX510fn, TX600, TX600fw, X550w черный",True,12.0,1,от 0 до 1000,89,0,0.0,,0.0,0,0.0,0.0,,,22,0,0.0,0.0,0.0,2663,143,0,0,62.7500000000000000,44,250,0,2906,7,0,0,0,0,0,0,0,0,,,,0,,,,,,0.0676,,,,no_impressions,S1,показов рекламы 89 за окно при ставке 12 ₽
866443695,1551del,"Картридж C2P24AE для принтеров HP OfficeJet Pro 6230, OfficeJet Pro 6830 голубой",True,10.0,1,от 0 до 1000,39,1,2.56,11.9,11.92,16,0.0,0.0,,0.0,16,0,0.0,0.0,0.0,111,53,0,0,73.2500000000000000,51,145,0,229,7,0,0,0,0,1,893.0000,2,1,50.0,2026-05-12,98,1,,,,,,0.0676,,,,ad_eater,E4,"1 кликов, 0 рекламных заказов; отмены 50.0 %; показов рекламы 39 за окно при ставке 10 ₽"
866443853,2145,"Картридж SP201HE для принтеров Ricoh Aficio SP220, SP211, SP213",True,8.0,1,Эксперимент1,53,0,0.0,,0.0,0,0.0,0.0,,,19,0,0.0,0.0,0.0,7334,27,0,0,115.2500000000000000,28,58,0,7374,7,0,0,0,0,0,0,0,0,,,,0,,,,,,0.0676,,,,no_impressions,S1,показов рекламы 53 за окно при ставке 8 ₽
866443909,2174,"Картридж TK-5230M для принтеров Kyocera Ecosys M5521cdn, P5021cdn пурпурный",True,9.0,1,Эксперимент1,98,0,0.0,,0.0,0,0.0,0.0,,,21,0,0.0,0.0,0.0,477,55,0,0,71.5000000000000000,22,107,0,551,7,0,0,0,0,0,0,0,0,,,,0,2342.0,,27.47,16.9,643.44,0.0407,21.4,11.3,2.3,no_impressions,S1,показов рекламы 98 за окно при ставке 9 ₽
866443914,2172,"Картридж TK-5230BK для принтеров Kyocera Ecosys M5521cdn, P5021cdn черный",True,8.0,1,Эксперимент1,66,0,0.0,,0.0,0,0.0,0.0,,,19,0,0.0,0.0,0.0,3018,25,0,0,72.5000000000000000,25,66,0,3063,7,0,0,0,0,0,0,0,0,,,,0,,,,,,0.0676,,,,no_impressions,S1,показов рекламы 66 за окно при ставке 8 ₽
870872409,2319,"Картридж 51B5000 для принтеров Lexmark MX317dn, LP MS417, LP MS517",True,8.0,1,Эксперимент1,88,0,0.0,,0.0,0,0.0,0.0,,,22,0,0.0,0.0,0.0,141,69,0,0,132.5000000000000000,27,144,0,1226,7,0,0,0,0,0,0,0,0,,,,0,,,,,,0.0676,,,,no_impressions,S1,показов рекламы 88 за окно при ставке 8 ₽
870872497,2245,"Картриджи CF350A-CF353A для принтеров HP Color LJ Pro M176n, LJ Pro M177fw",True,12.0,1,от 2000 до 5000,52,1,1.92,14.2,14.2,19,0.0,0.0,,0.0,17,0,0.0,0.0,0.0,11700,54,0,0,69.3333333333333333,42,135,0,25068,6,0,0,0,0,0,0,0,0,,,,0,6263.0,,25.09,14.5,1571.15,0.0394,49.6,23.4,11.4,ad_eater,E1,"1 кликов, 0 рекламных заказов; продаж не было вовсе; показов рекламы 52 за окно при ставке 12 ₽"
870872612,2654,Картриджи SPC250 для принтеров Ricoh Aficio SPC250DN,True,13.0,2,от 10000 до 500 тыс / Эксперимент1,63,1,1.59,5.8,5.84,8,0.0,0.0,,0.0,21,1,5.84,0.0,0.0,107,43,0,0,70.2500000000000000,53,111,0,194,7,0,0,0,0,1,19669.0000,1,0,0.0,2026-05-06,104,0,22029.0,,22.8,12.2,5023.65,0.0565,221.7,89.7,76.7,ad_eater,E1,"1 кликов, 0 рекламных заказов; последняя продажа 2026-05-06; показов рекламы 63 за окно при ставке 13 ₽"
873312854,3223,"Картриджи W2030A-W2033A для принтеров HP Color LaserJet M454dn, LJ Pro M454dw, M480f, M479dw, M479fdw",True,12.0,2,от 5000 до 10000 / Эксперимент1,30,1,3.33,10.4,10.37,14,0.0,0.0,,0.0,14,1,10.37,0.0,0.0,4567,36,0,0,136.0000000000000000,95,61,0,9814,7,0,0,0,0,0,0,0,0,,,,0,,,,,,0.0676,,,,ad_eater,E1,"1 кликов, 0 рекламных заказов; продаж не было вовсе; показов рекламы 30 за окно при ставке 12 ₽"
873312984,3361,"Картридж №907XL для принтеров HP OfficeJet 6950, OfficeJet Pro 6960 черный",True,8.0,1,Эксперимент1,90,0,0.0,,0.0,0,0.0,0.0,,,22,0,0.0,0.0,0.0,975,90,0,0,68.2500000000000000,44,149,0,1370,7,0,0,0,0,0,0,0,0,,,,0,3382.0,,30.76,20.2,1040.34,0.0407,35.4,20.9,12.9,no_impressions,S1,показов рекламы 90 за окно при ставке 8 ₽
873313025,3359,"Картридж №991XL для принтеров HP PageWide 755dn, PW 779dn, PW Color 774dn, PW Pro 750dw, PW Pro 772dn черный",True,13.0,1,от 10000 до 500 тыс,58,0,0.0,,0.0,0,0.0,0.0,,,19,0,0.0,0.0,0.0,94,78,0,0,41.2500000000000000,38,134,0,2985,7,0,0,0,0,0,0,0,0,,,,0,,,,,,0.0676,,,,no_impressions,S1,показов рекламы 58 за окно при ставке 13 ₽
873313235,3362,Картридж TK-8525K для принтеров Kyocera и Taskalfa 4052ci черный,True,8.0,1,Эксперимент1,50,0,0.0,,0.0,0,0.0,0.0,,,20,0,0.0,0.0,0.0,3778,23,0,0,125.5000000000000000,37,41,0,4730,7,0,0,0,0,0,0,0,0,,,,0,8451.0,,26.97,16.4,2279.54,0.0394,73.2,38.0,30.0,no_impressions,S1,показов рекламы 50 за окно при ставке 8 ₽
873313239,3667,"Картридж 106R03483 для принтеров Xerox Phaser 6510, WC 6515 желтый",True,8.0,1,Эксперимент1,51,0,0.0,,0.0,0,0.0,0.0,,,17,0,0.0,0.0,0.0,10157,11,0,0,82.5000000000000000,47,11,0,10157,2,0,0,0,0,0,0,0,0,,,,0,,,,,,0.0676,,,,no_impressions,S1,показов рекламы 51 за окно при ставке 8 ₽
873313267,3426,"Картридж TN-213BK для принтеров Brother и DCP-L3550, HL-L3230CDW, MFC-L3770CDW черный",True,10.0,1,Эксперимент1,81,1,1.23,10.5,10.46,14,0.0,0.0,,0.0,21,1,10.46,0.0,0.0,108,60,0,0,83.0000000000000000,49,138,0,200,7,0,0,0,0,1,2330.0000,1,0,0.0,2026-05-02,108,0,3540.0,,29.48,18.9,1043.75,0.0407,35.3,20.0,10.0,ad_eater,E1,"1 кликов, 0 рекламных заказов; последняя продажа 2026-05-02; показов рекламы 81 за окно при ставке 10 ₽"
873313306,3496,"Картридж PFI-1700C для принтеров Canon и iPF PRO 2000, iPF PRO 4000 голубой",True,12.0,1,от 10000 до 500 тыс,31,0,0.0,,0.0,0,0.0,0.0,,,15,0,0.0,0.0,0.0,54,41,0,0,151.2500000000000000,48,91,0,113,7,0,0,0,0,0,0,0,0,,,,0,18400.0,,24.12,13.5,4438.89,0.0565,198.9,88.4,76.4,no_impressions,S1,показов рекламы 31 за окно при ставке 12 ₽
873313307,3367,"Картридж TN-2135 для принтеров Brother и DCP-7030, DCP7032, HL-2140, HL2142, HL2150, HL 2170, MFC-7320, MFC 7440 черный",True,8.0,1,Эксперимент1,40,0,0.0,,0.0,0,0.0,0.0,,,18,0,0.0,0.0,0.0,4102,33,0,0,90.0000000000000000,55,65,0,4136,7,0,0,0,0,0,0,0,0,,,,0,,,,,,0.0676,,,,no_impressions,S1,показов рекламы 40 за окно при ставке 8 ₽
873313399,3405,"Фотобарабан E260X22G DU для принтеров Lexmark LaserPrinter E260, LP E360, LP E460, LP-E462, LP X264, LP X363, LPX364 черный",True,12.0,1,от 5000 до 10000,73,0,0.0,,0.0,0,0.0,0.0,,,15,0,0.0,0.0,0.0,3157,72,0,0,61.7500000000000000,24,139,0,3255,7,0,0,0,0,0,0,0,0,,,,0,8650.0,,25.85,15.3,2236.43,0.0394,71.1,35.1,23.1,no_impressions,S1,показов рекламы 73 за окно при ставке 12 ₽
873313461,3365,Картридж TK-8525Y для принтеров Kyocera и Taskalfa 4052ci желтый,True,13.0,1,от 2000 до 5000,11,0,0.0,,0.0,0,0.0,0.0,,,9,0,0.0,0.0,0.0,25,14,0,0,138.7500000000000000,27,29,0,41,7,0,0,0,0,0,0,0,0,,,,0,4591.0,,27.07,16.5,1242.75,0.0407,41.2,21.5,8.5,no_impressions,S1,показов рекламы 11 за окно при ставке 13 ₽
873313513,3533,"Фотобарабан DR-3000 DU для принтеров Brother DCP-8040, DCP 8045, HL-5130, HL5140, HL-5150, HL5170, MFC-8220, MFC 8440 черный",True,12.0,2,от 2000 до 5000 / Эксперимент1,59,0,0.0,,0.0,0,0.0,0.0,,,20,0,0.0,0.0,0.0,15752,45,0,0,71.2500000000000000,36,76,0,15790,7,0,0,0,0,0,0,0,0,,,,0,,,,,,0.0676,,,,no_impressions,S1,показов рекламы 59 за окно при ставке 12 ₽
873313549,3500,"Картридж PFI-1700PM для принтеров Canon и iPF PRO 2000, iPF PRO 4000 фото-пурпурный",True,12.0,1,от 10000 до 500 тыс,30,0,0.0,,0.0,0,0.0,0.0,,,15,0,0.0,0.0,0.0,43,38,0,0,62.7500000000000000,53,107,0,123,7,0,0,0,0,0,0,0,0,,,,0,18400.0,,24.12,13.5,4438.89,0.0565,198.9,88.4,76.4,no_impressions,S1,показов рекламы 30 за окно при ставке 12 ₽
873313553,3508,"Картридж T9072 для принтеров Epson и WorkForce Pro 6090, WF Pro 6590 голубой",True,8.0,1,Эксперимент1,58,0,0.0,,0.0,0,0.0,0.0,,,20,0,0.0,0.0,0.0,52,37,0,0,62.0000000000000000,32,59,0,75,7,0,0,0,0,0,0,0,0,,,,0,,,,,,0.0676,,,,no_impressions,S1,показов рекламы 58 за окно при ставке 8 ₽
873313558,3495,"Картридж PFI-1700PBK для принтеров Canon и iPF PRO 2000, iPF PRO 4000 фото-черный",True,12.0,1,от 10000 до 500 тыс,50,0,0.0,,0.0,0,0.0,0.0,,,20,0,0.0,0.0,0.0,119,67,0,0,52.0000000000000000,32,104,0,163,7,0,0,0,0,0,0,0,0,,,,0,,,,,,0.0676,,,,no_impressions,S1,показов рекламы 50 за окно при ставке 12 ₽
873313565,3519,"Картридж T9442 для принтеров Epson и WorkForce Pro C5210, WF Pro C5215 голубой",True,7.0,1,Эксперимент1,65,0,0.0,,0.0,0,0.0,0.0,,,20,0,0.0,0.0,0.0,314,26,0,0,79.0000000000000000,47,41,0,330,7,0,0,0,0,0,0,0,0,,,,0,,,,,,0.0676,,,,no_impressions,S1,показов рекламы 65 за окно при ставке 7 ₽
873313620,3363,Картридж TK-8525C для принтеров Kyocera и Taskalfa 4052ci голубой,True,12.0,1,от 2000 до 5000,7,0,0.0,,0.0,0,0.0,0.0,,,7,0,0.0,0.0,0.0,21,10,0,0,144.7500000000000000,25,28,0,2876,7,0,0,0,0,0,0,0,0,,,,0,,,,,,0.0676,,,,no_impressions,S1,показов рекламы 7 за окно при ставке 12 ₽
873313626,3717,"Картридж 418481 для принтеров Ricoh IM 600, IM-550, P 801, P-800 черный",True,13.0,2,от 10000 до 500 тыс / Эксперимент1,58,0,0.0,,0.0,0,0.0,0.0,,,21,0,0.0,0.0,0.0,30,29,0,0,45.7500000000000000,29,55,0,870,7,0,0,0,0,0,0,0,0,,,,0,,,,,,0.0676,,,,no_impressions,S1,показов рекламы 58 за окно при ставке 13 ₽
873313686,3644,"Картридж C-EXV51Bk для принтеров Canon и iR Advance C5535, iR Advance C5540 черный",True,8.0,1,Эксперимент1,74,0,0.0,,0.0,0,0.0,0.0,,,21,0,0.0,0.0,0.0,20,17,0,0,112.7500000000000000,41,41,0,48,7,0,0,0,0,0,0,0,0,,,,0,17222.0,,23.77,13.2,4094.11,0.0565,182.8,79.8,71.8,no_impressions,S1,показов рекламы 74 за окно при ставке 8 ₽
873313746,3656,"Картридж C2500HBk для принтеров Ricoh IM C2500, IM-C2000 черный",True,13.0,2,от 2000 до 5000 / Эксперимент1,74,0,0.0,,0.0,0,0.0,0.0,,,22,0,0.0,0.0,0.0,6279,22,0,0,84.2500000000000000,53,75,0,6345,7,0,0,0,0,2,5812.0000,1,0,0.0,2026-05-08,102,0,,,,,,0.0676,,,,no_impressions,S1,показов рекламы 74 за окно при ставке 13 ₽
873313784,3659,"Картридж C2500HY для принтеров Ricoh IM C2500, IM-C2000 желтый",True,8.0,1,Эксперимент1,84,0,0.0,,0.0,0,0.0,0.0,,,22,0,0.0,0.0,0.0,3703,22,0,0,91.7500000000000000,66,50,0,3738,7,0,0,0,0,0,0,0,0,,,,0,,,,,,0.0676,,,,no_impressions,S1,показов рекламы 84 за окно при ставке 8 ₽
873313792,3665,"Картридж 106R03481 для принтеров Xerox Phaser 6510, WC 6515 голубой",True,8.0,1,Эксперимент1,35,0,0.0,,0.0,0,0.0,0.0,,,16,0,0.0,0.0,0.0,25,7,0,0,71.0000000000000000,44,7,0,25,2,0,0,0,0,2,5344.0000,1,0,0.0,2026-05-04,106,0,,,,,,0.0676,,,,no_impressions,S1,показов рекламы 35 за окно при ставке 8 ₽
873313818,3663,"Фотобарабан W1332A для принтеров HP Laser 408 dn, Laser 432 fdn черный",True,8.0,1,Эксперимент1,92,1,1.09,10.5,10.51,14,0.0,0.0,,0.0,20,0,0.0,0.0,0.0,3239,39,0,0,45.0000000000000000,12,72,0,3876,7,0,0,0,0,0,0,0,0,,,,0,3861.0,,29.26,18.7,1129.66,0.0407,38.1,21.5,13.5,ad_eater,E1,"1 кликов, 0 рекламных заказов; продаж не было вовсе; показов рекламы 92 за окно при ставке 8 ₽"
873314089,3371,"Картридж 106R03484 для принтеров Xerox Phaser 6510, WC 6515 черный",True,8.0,1,Эксперимент1,87,0,0.0,,0.0,0,0.0,0.0,,,21,0,0.0,0.0,0.0,98,22,0,0,86.2500000000000000,33,45,0,140,7,0,0,0,0,5,10505.0000,1,0,0.0,2026-05-04,106,0,,,,,,0.0676,,,,no_impressions,S1,показов рекламы 87 за окно при ставке 8 ₽
873314183,3707,"Фотобарабан 113R00780 DU для принтеров Xerox VersaLink C7020, VersaLinkC7025 черный",True,12.0,2,от 5000 до 10000 / Эксперимент1,95,1,1.05,13.2,13.21,18,0.0,0.0,,0.0,21,0,0.0,0.0,0.0,69,50,0,0,69.2500000000000000,58,100,0,134,7,0,0,0,0,0,0,0,0,,,,0,,,,,,0.0676,,,,ad_eater,E1,"1 кликов, 0 рекламных заказов; продаж не было вовсе; показов рекламы 95 за окно при ставке 12 ₽"
873314195,3710,"Фотобарабан DK-1200 DU для принтеров Kyocera EcoSys M2235, M2735dn, M2835, P2335 черный",True,8.0,1,Эксперимент1,57,1,1.75,6.3,6.29,9,0.0,0.0,,0.0,21,1,6.29,0.0,0.0,5256,98,0,0,75.7500000000000000,46,223,0,5404,7,0,0,0,0,0,0,0,0,,,,0,,,,,,0.0676,,,,ad_eater,E1,"1 кликов, 0 рекламных заказов; продаж не было вовсе; показов рекламы 57 за окно при ставке 8 ₽"
873314229,3636,"Картридж TK-5195C для принтеров Kyocera и TASKalfa 306, TASKalfa 307 голубой",True,22.54,1,от 2000 до 5000,30,0,0.0,,0.0,0,0.0,0.0,,,16,0,0.0,0.0,0.0,1092,28,0,0,107.2500000000000000,49,59,0,1128,7,0,0,0,0,1,2981.0000,1,0,0.0,2026-05-17,93,0,,,,,,0.0676,,,,no_impressions,S1,показов рекламы 30 за окно при ставке 23 ₽
873319542,4144,"Картридж №963XL для принтеров HP OfficeJet Pro 9010, OfficeJet Pro 9013 пурпурный",True,12.0,1,от 2000 до 5000,80,0,0.0,,0.0,0,0.0,0.0,,,21,0,0.0,0.0,0.0,6375,114,0,0,89.5000000000000000,74,317,0,6668,7,0,0,0,0,2,6386.0000,3,1,33.3,2026-05-05,105,0,5271.0,,28.38,17.8,1495.93,0.0394,48.6,26.6,14.6,no_impressions,S1,показов рекламы 80 за окно при ставке 12 ₽
873319775,3841,"Чернила BT5000C для принтеров Brother DCP-T300, DCP T310, MFC-T800, MFC-T810 голубой",True,6.0,1,Эксперимент1,67,0,0.0,,0.0,0,0.0,0.0,,,20,0,0.0,0.0,0.0,104,45,0,0,93.0000000000000000,25,93,0,155,7,0,0,0,0,0,0,0,0,,,,0,,,,,,0.0676,,,,no_impressions,S1,показов рекламы 67 за окно при ставке 6 ₽
873319802,4130,"Картридж W1500A для принтеров HP LaserJet M141, M111 A",True,12.0,2,от 1000-2000 / Эксперимент1,65,0,0.0,,0.0,0,0.0,0.0,,,20,0,0.0,0.0,0.0,7050,78,0,0,109.0000000000000000,81,163,0,7229,7,0,0,0,0,0,0,0,0,,,,0,,,,,,0.0676,,,,no_impressions,S1,показов рекламы 65 за окно при ставке 12 ₽
873319935,3873,"Картридж C250 Bk для принтеров Ricoh и M-C250FWB, P-C300W черный",True,12.0,1,от 5000 до 10000,46,0,0.0,,0.0,0,0.0,0.0,,,18,0,0.0,0.0,0.0,14982,48,0,0,78.0000000000000000,28,86,0,18013,7,0,0,0,0,0,0,1,1,100.0,,,0,7799.0,,27.79,17.2,2167.06,0.0394,70.0,37.5,25.5,no_impressions,S1,показов рекламы 46 за окно при ставке 12 ₽
873319961,3866,"Картриджи MPC406 для принтеров Ricoh Aficio MPC306, MPC307",True,12.0,2,от 10000 до 500 тыс / Эксперимент1,68,0,0.0,,0.0,0,0.0,0.0,,,21,0,0.0,0.0,0.0,51,30,0,0,69.6666666666666667,65,78,0,2942,6,0,0,0,0,0,0,0,0,,,,0,17119.0,,23.38,12.8,4002.04,0.0565,177.9,75.5,63.5,no_impressions,S1,показов рекламы 68 за окно при ставке 12 ₽
873320062,3892,"Картридж LC-3239XLC для принтеров Brother HL-J6000DW, MFC-J5945DW, MFC J6945 голубой",True,8.0,1,Эксперимент1,80,0,0.0,,0.0,0,0.0,0.0,,,22,0,0.0,0.0,0.0,57,46,0,0,54.5000000000000000,48,95,0,432,7,0,0,0,0,0,0,0,0,,,,0,,,,,,0.0676,,,,no_impressions,S1,показов рекламы 80 за окно при ставке 8 ₽
873320073,3837,"Картридж MX-315GT для принтеров Sharp MX-M265, MX M266, MXM315, MX-M316, MXM356, MX M365 черный",True,12.0,1,от 5000 до 10000,81,1,1.23,18.6,18.64,25,0.0,0.0,,0.0,15,1,18.64,0.0,0.0,659,126,0,0,54.0000000000000000,44,290,0,3701,7,0,0,0,0,0,0,0,0,,,,0,13675.0,,25.5,14.9,3487.54,0.0565,158.5,76.5,64.5,ad_eater,E1,"1 кликов, 0 рекламных заказов; продаж не было вовсе; показов рекламы 81 за окно при ставке 12 ₽"
873320112,3861,"Картриджи 46490632-46490629 для принтеров OKI Data C532, Data C542, MC573",True,12.0,1,от 10000 до 500 тыс,15,0,0.0,,0.0,0,0.0,0.0,,,9,0,0.0,0.0,0.0,994,17,0,0,62.3333333333333333,21,38,0,3849,6,0,0,0,0,0,0,0,0,,,,0,,,,,,0.0676,,,,no_impressions,S1,показов рекламы 15 за окно при ставке 12 ₽
873320126,3813,"Картридж W2121X для принтеров HP Color LJ M554 dn, LJ M555 dn голубой",True,8.0,1,Эксперимент1,51,0,0.0,,0.0,0,0.0,0.0,,,19,0,0.0,0.0,0.0,10391,18,0,0,106.7500000000000000,21,36,0,10416,7,0,0,0,0,0,0,0,0,,,,0,,,,,,0.0676,,,,no_impressions,S1,показов рекламы 51 за окно при ставке 8 ₽
873320519,3814,"Картридж W2123X для принтеров HP Color LJ M554 dn, LJ M555 dn пурпурный",True,12.0,1,от 2000 до 5000,14,0,0.0,,0.0,0,0.0,0.0,,,11,0,0.0,0.0,0.0,3478,18,0,0,277.0000000000000000,46,37,0,5535,7,0,0,0,0,0,0,0,0,,,,0,5178.0,,27.63,17.0,1430.76,0.0394,46.2,24.5,12.5,no_impressions,S1,показов рекламы 14 за окно при ставке 12 ₽
873320528,3787,Картридж 842142 для принтеров Ricoh и Aficio MP305 черный,True,12.0,1,от 2000 до 5000,17,0,0.0,,0.0,0,0.0,0.0,,,10,0,0.0,0.0,0.0,2096,28,0,0,50.2500000000000000,32,80,0,5688,7,0,0,0,0,0,0,0,0,,,,0,5418.0,,27.77,17.2,1504.81,0.0394,48.6,26.0,14.0,no_impressions,S1,показов рекламы 17 за окно при ставке 12 ₽
873320531,3779,"Картридж TN-2420 для принтеров Brother DCP-L2510, HL-L2350DW, MFC-L2710K, MFC L2730DW черный",True,11.0,2,от 1000-2000 / Эксперимент1,51,3,5.88,7.9,23.79,32,0.0,0.0,,0.0,18,3,23.79,0.0,0.0,330,41,0,0,119.2500000000000000,53,102,0,394,7,0,0,0,0,1,1887.0000,1,0,0.0,2026-05-04,106,0,2236.0,,28.96,18.4,647.55,0.0407,21.8,12.2,1.2,ad_eater,E1,"3 кликов, 0 рекламных заказов; последняя продажа 2026-05-04; показов рекламы 51 за окно при ставке 11 ₽"
873320532,3815,"Картридж W2122X для принтеров HP Color LJ M554 dn, LJ M555 dn желтый",True,8.0,1,Эксперимент1,74,0,0.0,,0.0,0,0.0,0.0,,,20,0,0.0,0.0,0.0,1159,32,0,0,129.5000000000000000,57,60,0,1208,7,0,0,0,0,0,0,0,0,,,,0,5178.0,,27.63,17.0,1430.76,0.0394,46.2,24.5,16.5,no_impressions,S1,показов рекламы 74 за окно при ставке 8 ₽
873320589,3766,"Картридж W2070X для принтеров HP Color Laser 150a, HP Color Laser 150nw черный",True,13.0,1,от 2000 до 5000,51,0,0.0,,0.0,0,0.0,0.0,,,19,0,0.0,0.0,0.0,4734,73,0,0,128.0000000000000000,75,168,0,13085,7,0,0,0,0,0,0,0,0,,,,0,,,,,,0.0676,,,,no_impressions,S1,показов рекламы 51 за окно при ставке 13 ₽
873320606,3771,"Фотобарабан 101R00582 DU для принтеров Xerox VersaLink B600, VersaLinkB605 черный",True,8.0,1,Эксперимент1,29,0,0.0,,0.0,0,0.0,0.0,,,15,0,0.0,0.0,0.0,15,11,0,0,85.5000000000000000,46,34,0,47,4,0,0,0,0,0,0,1,1,100.0,,,0,26001.0,,24.1,13.5,6266.86,0.0565,280.8,124.9,116.9,no_impressions,S1,показов рекламы 29 за окно при ставке 8 ₽
873320644,3786,"Картриджи W2120A-W2123A для принтеров HP Color LJ M554 dn, LJ M555 dn",True,12.0,1,Пустые РК,54,1,1.85,23.0,22.96,31,0.0,0.0,,0.0,15,0,0.0,0.0,0.0,1178,57,0,0,101.6666666666666667,26,77,0,1221,6,0,0,0,0,0,0,0,0,,,,0,,,,,,0.0676,,,,ad_eater,E1,"1 кликов, 0 рекламных заказов; продаж не было вовсе; показов рекламы 54 за окно при ставке 12 ₽"
874207382,4432,"Чернила E-106 для принтеров Epson EcoTank 7700, EcoTank 7750, L7160, L7180",True,8.0,1,Эксперимент1,47,0,0.0,,0.0,0,0.0,0.0,,,17,0,0.0,0.0,0.0,278,44,0,0,195.6666666666666667,74,129,0,637,6,0,0,0,0,0,0,0,0,,,,0,2689.0,,31.11,20.5,836.53,0.0407,28.6,17.0,9.0,no_impressions,S1,показов рекламы 47 за окно при ставке 8 ₽
874373749,4424,"Картридж LC3617C для принтеров Brother и MFC-J2330DW, MFC J2730DW голубой",True,8.0,1,Эксперимент1,85,1,1.18,11.5,11.51,16,0.0,0.0,,0.0,22,1,11.51,0.0,0.0,57,45,0,0,53.0000000000000000,25,96,0,124,7,0,0,0,0,0,0,0,0,,,,0,1483.0,,29.41,18.8,436.09,0.0574,20.8,11.8,3.8,ad_eater,E1,"1 кликов, 0 рекламных заказов; продаж не было вовсе; показов рекламы 85 за окно при ставке 8 ₽"
874373906,4469,"Картриджи T41F2 - T41F5 для принтеров Epson SureColor SC-T3400, SureColor T5400",True,12.0,1,от 10000 до 500 тыс,73,2,2.74,4.5,9.03,12,0.0,0.0,,0.0,17,2,9.03,0.0,0.0,2680,106,0,0,17.3333333333333333,10,208,0,5618,6,0,0,0,0,0,0,0,0,,,,0,99474.0,,20.8,10.2,20687.74,0.0565,888.6,292.4,280.4,ad_eater,E1,"2 кликов, 0 рекламных заказов; продаж не было вовсе; показов рекламы 73 за окно при ставке 12 ₽"
874373940,4440,Картридж T2661 для принтеров Epson WorkForce WF-100W черный,True,8.0,1,Эксперимент1,69,0,0.0,,0.0,0,0.0,0.0,,,22,0,0.0,0.0,0.0,385,76,0,0,55.0000000000000000,27,162,0,474,7,0,0,0,0,1,1538.0000,1,0,0.0,2026-05-09,101,0,,,,,,0.0676,,,,no_impressions,S1,показов рекламы 69 за окно при ставке 8 ₽
874374049,4298,"Картридж W9100MC для принтеров HP Color LaserJet E77422, LJ E77428 черный",True,12.0,1,от 5000 до 10000,20,1,5.0,12.9,12.94,18,0.0,0.0,,0.0,11,1,12.94,0.0,0.0,3425,23,0,0,82.0000000000000000,32,57,0,5188,7,0,0,0,0,0,0,0,0,,,,0,,,,,,0.0676,,,,ad_eater,E1,"1 кликов, 0 рекламных заказов; продаж не было вовсе; показов рекламы 20 за окно при ставке 12 ₽"
874374141,4234,"Картридж 006R01649 для принтеров Xerox и Versant 180, Versant 80 желтый",True,8.0,1,Эксперимент1,59,0,0.0,,0.0,0,0.0,0.0,,,19,0,0.0,0.0,0.0,57,52,0,0,40.2500000000000000,31,145,0,175,7,0,0,0,0,1,10070.0000,3,2,66.7,2026-05-06,104,0,9964.0,,25.21,14.6,2512.11,0.0394,79.4,37.7,29.7,no_impressions,S1,показов рекламы 59 за окно при ставке 8 ₽
874374183,4267,"Картридж 006R01704 для принтеров Xerox и AltaLink C8030, C8035 желтый",True,12.89,1,Эксперимент1,92,0,0.0,,0.0,0,0.0,0.0,,,21,0,0.0,0.0,0.0,6127,29,0,0,79.2500000000000000,46,90,0,8608,7,0,0,0,0,2,10432.0000,1,0,0.0,2026-05-18,92,0,,,,,,0.0676,,,,no_impressions,S1,показов рекламы 92 за окно при ставке 13 ₽
874374187,4335,"Картридж №727 для принтеров HP DesignJet T1500, DJ-T1530, DJ T2530, DJ T920 голубой",True,8.0,1,Эксперимент1,87,0,0.0,,0.0,0,0.0,0.0,,,20,0,0.0,0.0,0.0,368,60,0,0,147.2500000000000000,126,120,0,492,7,0,0,0,0,0,0,0,0,,,,0,,,,,,0.0676,,,,no_impressions,S1,показов рекламы 87 за окно при ставке 8 ₽
874374189,4358,Картридж TK-8365K для принтеров Kyocera и TASKalfa 2554 черный,True,12.0,1,от 2000 до 5000,16,0,0.0,,0.0,0,0.0,0.0,,,11,0,0.0,0.0,0.0,25,22,0,0,154.7500000000000000,34,54,0,64,7,0,0,0,0,0,0,0,0,,,,0,5309.0,,28.01,17.4,1487.05,0.0394,48.1,25.9,13.9,no_impressions,S1,показов рекламы 16 за окно при ставке 12 ₽
874374274,4169,"Картридж W1360X для принтеров HP LaserJet M211 D, LJ M236D черный",True,13.0,2,от 2000 до 5000 / Эксперимент1,69,0,0.0,,0.0,0,0.0,0.0,,,21,0,0.0,0.0,0.0,1320,49,0,0,97.5000000000000000,65,156,0,1506,7,0,0,0,0,2,6011.0000,2,0,0.0,2026-05-07,103,0,,,,,,0.0676,,,,no_impressions,S1,показов рекламы 69 за окно при ставке 13 ₽
874374305,4343,"Картридж MK-4105 для принтеров Kyocera TASKalfa 1800, TASKalfa1801 черный",True,12.0,2,от 10000 до 500 тыс / Эксперимент1,79,0,0.0,,0.0,0,0.0,0.0,,,18,0,0.0,0.0,0.0,153,128,0,0,36.2500000000000000,24,136,0,162,5,0,0,0,0,0,0,0,0,,,,0,29808.0,,23.93,13.3,7133.24,0.0565,319.0,139.9,127.9,no_impressions,S1,показов рекламы 79 за окно при ставке 12 ₽
874374467,4473,"Картридж 730BK для принтеров HP DesignJet T1700, DJ T1700dr черный матовый",True,21.96,1,Вне РК — спрос без рекламы (08.08),2,0,0.0,,0.0,0,0.0,0.0,,,1,0,0.0,0.0,0.0,0,0,0,0,,,0,0,0,0,0,0,0,0,0,0,0,0,,,,0,,,,,,0.0676,,,,no_impressions,S1,показов рекламы 2 за окно при ставке 22 ₽
874374830,4436,"Картридж T01D2 для принтеров Epson WorkForce Pro C529R, WF Pro C579R голубой",True,9.0,1,Эксперимент1,89,0,0.0,,0.0,0,0.0,0.0,,,22,0,0.0,0.0,0.0,481,81,0,0,56.7500000000000000,20,169,0,605,7,0,0,0,0,0,0,0,0,,,,0,43415.0,,21.57,11.0,9366.14,0.0565,406.7,147.3,138.3,no_impressions,S1,показов рекламы 89 за окно при ставке 9 ₽
874374870,4236,"Картриджи 006R01646-006R01649 для принтеров Xerox и Versant 180, Versant 80",True,12.0,2,от 10000 до 500 тыс / Эксперимент1,3,0,0.0,,0.0,0,0.0,0.0,,,2,0,0.0,0.0,0.0,0,0,0,0,,,0,0,0,0,0,0,0,0,1,38035.0000,1,0,0.0,2026-05-08,102,0,,,,,,0.0676,,,,no_impressions,S1,показов рекламы 3 за окно при ставке 12 ₽
874375498,4276,"Картридж W2413A для принтеров HP Color LaserJet Pro M155a, Color LaserJet Pro M155nw пурпурный",True,8.0,1,Эксперимент1,97,0,0.0,,0.0,0,0.0,0.0,,,19,0,0.0,0.0,0.0,37,31,0,0,104.2500000000000000,51,84,0,421,7,0,0,0,0,0,0,0,0,,,,0,,,,,,0.0676,,,,no_impressions,S1,показов рекламы 97 за окно при ставке 8 ₽
874375881,4279,"Картридж W2210A для принтеров HP LJ Pro Color M255 dw, LJ Pro Color M282 черный",True,12.0,2,от 2000 до 5000 / Эксперимент1,53,0,0.0,,0.0,0,0.0,0.0,,,19,0,0.0,0.0,0.0,3248,19,0,0,103.7500000000000000,79,42,0,6014,7,0,0,0,0,0,0,0,0,,,,0,,,,,,0.0676,,,,no_impressions,S1,показов рекламы 53 за окно при ставке 12 ₽
874376050,4170,"Картридж ERC09B для принтеров Epson M-160, M-163, M 164, M180, M-181, M182, M 183, M 190, M191 M195 HX-20",True,10.0,1,от 0 до 1000,79,0,0.0,,0.0,0,0.0,0.0,,,22,0,0.0,0.0,0.0,71,62,0,0,42.0000000000000000,39,130,0,172,7,0,0,0,0,0,0,0,0,,,,0,875.0,,23.72,13.1,207.57,0.0676,11.1,4.8,-5.2,no_impressions,S1,показов рекламы 79 за окно при ставке 10 ₽
874376099,4277,"Картридж W2412A для принтеров HP Color LaserJet Pro M155a, Color LaserJet Pro M155nw желтый",True,10.0,1,Эксперимент1,60,0,0.0,,0.0,0,0.0,0.0,,,22,0,0.0,0.0,0.0,1082,40,0,0,116.0000000000000000,91,95,0,1174,7,0,0,0,0,0,0,0,0,,,,0,,,,,,0.0676,,,,no_impressions,S1,показов рекламы 60 за окно при ставке 10 ₽
874377307,4336,"Картридж №727 для принтеров HP DesignJet T1500, DJ-T1530, DJ T2530, DJ T920 пурпурный",True,13.0,1,от 5000 до 10000,37,0,0.0,,0.0,0,0.0,0.0,,,17,0,0.0,0.0,0.0,72,50,0,0,127.0000000000000000,72,104,0,133,7,0,0,0,0,0,0,0,0,,,,0,,,,,,0.0676,,,,no_impressions,S1,показов рекламы 37 за окно при ставке 13 ₽
874377687,4354,"Картридж 653 для принтеров HP DJ Ink Advantage 6000, DJ 6075, DJ 6475 черный",True,8.0,1,Эксперимент1,77,0,0.0,,0.0,0,0.0,0.0,,,21,0,0.0,0.0,0.0,266,67,0,0,140.0000000000000000,100,153,0,440,7,0,0,0,0,0,0,0,0,,,,0,6159.0,,28.89,18.3,1779.08,0.0394,58.0,32.3,24.3,no_impressions,S1,показов рекламы 77 за окно при ставке 8 ₽
874378448,4159,Картридж TL-5120H для принтеров BM5100ADN черный,True,8.0,1,Эксперимент1,91,1,1.1,7.2,7.21,10,0.0,0.0,,0.0,22,0,0.0,0.0,0.0,2627,46,0,0,177.5000000000000000,74,114,0,6150,7,0,0,0,0,0,0,0,0,,,,0,2561.0,,29.03,18.4,743.42,0.0407,25.0,14.0,6.0,ad_eater,E1,"1 кликов, 0 рекламных заказов; продаж не было вовсе; показов рекламы 91 за окно при ставке 8 ₽"
874380090,4157,"Картридж 808SK для принтеров Lexmark и CX310, CX410, CX510 черный",True,12.0,1,от 2000 до 5000,46,1,2.17,11.6,11.62,16,0.0,0.0,,0.0,20,1,11.62,0.0,0.0,5596,46,0,0,73.7500000000000000,24,81,0,5635,7,0,0,0,0,0,0,0,0,,,,0,,,,,,0.0676,,,,ad_eater,E1,"1 кликов, 0 рекламных заказов; продаж не было вовсе; показов рекламы 46 за окно при ставке 12 ₽"
901543987,4428,"Чернила №106 для принтеров Epson EcoTank 7700, EcoTank 7750, L7160, L7180 фото-черный",True,10.0,1,от 1000-2000,45,0,0.0,,0.0,0,0.0,0.0,,,20,0,0.0,0.0,0.0,186,66,0,0,138.5000000000000000,73,147,0,610,7,0,0,0,0,0,0,0,0,,,,0,837.0,,23.87,13.3,199.8,0.0676,10.7,4.7,-5.3,no_impressions,S1,показов рекламы 45 за окно при ставке 10 ₽
901559421,3570,"Картридж CF289Y для принтеров HP LaserJet M507, LJ M528 черный",True,14.0,1,от 2000 до 5000,31,1,3.23,12.4,12.45,17,0.0,0.0,,0.0,16,0,0.0,0.0,0.0,3756,33,0,0,45.7500000000000000,27,69,0,4747,7,0,0,0,0,0,0,0,0,,,,0,5565.0,,27.17,16.6,1511.88,0.0394,48.6,25.4,11.4,ad_eater,E1,"1 кликов, 0 рекламных заказов; продаж не было вовсе; показов рекламы 31 за окно при ставке 14 ₽"
904473036,1224,"Картридж LC563C для принтеров Brother и MFC-J2310, MFC J2510 голубой",True,7.0,1,Эксперимент1,50,0,0.0,,0.0,0,0.0,0.0,,,20,0,0.0,0.0,0.0,57,40,0,0,83.7500000000000000,66,68,0,94,7,0,0,0,0,0,0,0,0,,,,0,1080.0,,26.11,15.5,281.95,0.0574,13.1,6.5,-0.5,no_impressions,S1,показов рекламы 50 за окно при ставке 7 ₽
904483507,3822,"Картридж SJIC22PBK для принтеров Epson ColorWorks C3500, TM-C3500 черный",True,12.0,1,от 2000 до 5000,86,0,0.0,,0.0,0,0.0,0.0,,,21,0,0.0,0.0,0.0,2985,107,0,0,22.5000000000000000,20,180,0,3069,7,0,0,0,0,0,0,0,0,,,,0,,,,,,0.0676,,,,no_impressions,S1,показов рекламы 86 за окно при ставке 12 ₽
904483710,3497,"Картридж PFI-1700M для принтеров Canon и iPF PRO 2000, iPF PRO 4000 пурпурный",True,12.0,1,от 10000 до 500 тыс,45,0,0.0,,0.0,0,0.0,0.0,,,19,0,0.0,0.0,0.0,99,81,0,0,42.7500000000000000,32,179,0,358,7,0,0,0,0,0,0,0,0,,,,0,18400.0,,24.12,13.5,4438.89,0.0565,198.9,88.4,76.4,no_impressions,S1,показов рекламы 45 за окно при ставке 12 ₽
904483716,3520,"Картридж T9443 для принтеров Epson и WorkForce Pro C5210, WF Pro C5215 пурпурный",True,12.0,1,от 2000 до 5000,43,0,0.0,,0.0,0,0.0,0.0,,,19,0,0.0,0.0,0.0,359,55,0,0,55.7500000000000000,31,122,0,1936,7,0,0,0,0,0,0,0,0,,,,0,,,,,,0.0676,,,,no_impressions,S1,показов рекламы 43 за окно при ставке 12 ₽
904484090,3974,"Картриджи 47095705-47095708 для принтеров OKI Data C824, Data C834",True,12.0,2,от 10000 до 500 тыс / Эксперимент1,62,0,0.0,,0.0,0,0.0,0.0,,,16,0,0.0,0.0,0.0,35,34,0,0,58.0000000000000000,24,94,0,190,6,0,0,0,0,0,0,0,0,,,,0,22115.0,,23.35,12.8,5164.67,0.0565,229.4,97.5,85.5,no_impressions,S1,показов рекламы 62 за окно при ставке 12 ₽
904484095,4429,"Чернила №106 для принтеров Epson EcoTank 7700, EcoTank 7750, L7160, L7180 голубой",True,7.0,1,Эксперимент1,59,0,0.0,,0.0,0,0.0,0.0,,,17,0,0.0,0.0,0.0,161,47,0,0,189.2500000000000000,87,87,0,219,7,0,0,0,0,0,0,0,0,,,,0,837.0,,23.87,13.3,199.8,0.0676,10.7,4.7,-2.3,no_impressions,S1,показов рекламы 59 за окно при ставке 7 ₽
904484211,3859,"Картридж 46490630 для принтеров OKI Data C532, Data C542, MC573 пурпурный",True,12.0,1,от 2000 до 5000,12,0,0.0,,0.0,0,0.0,0.0,,,9,0,0.0,0.0,0.0,21,22,0,0,77.0000000000000000,17,55,0,933,7,0,0,0,0,0,0,0,0,,,,0,4766.0,,27.97,17.4,1333.09,0.0407,44.5,24.0,12.0,no_impressions,S1,показов рекламы 12 за окно при ставке 12 ₽
904533970,3842,"Чернила BT5000M для принтеров Brother DCP-T300, DCP T310, MFC-T800, MFC-T810 пурпурный",True,7.0,1,Эксперимент1,78,0,0.0,,0.0,0,0.0,0.0,,,22,0,0.0,0.0,0.0,118,49,0,0,88.0000000000000000,36,109,0,325,7,0,0,0,0,0,0,0,0,,,,0,,,,,,0.0676,,,,no_impressions,S1,показов рекламы 78 за окно при ставке 7 ₽
904543026,3845,"Чернила №103BK для принтеров Epson L 3101, L 3110 черный",True,10.0,1,от 0 до 1000,48,0,0.0,,0.0,0,0.0,0.0,,,21,0,0.0,0.0,0.0,915,144,0,0,160.2500000000000000,133,281,0,1569,7,0,0,0,0,0,0,0,0,,,,0,,,,,,0.0676,,,,no_impressions,S1,показов рекламы 48 за окно при ставке 10 ₽
906874489,0332,"Картридж 178XL для принтеров HP DeskJet 3070A, DESKJET 3522 E, DeskJet3524, PhotoSmart 5510, PhotoSmart5515 желтый",True,10.0,1,от 0 до 1000,93,0,0.0,,0.0,0,0.0,0.0,,,20,0,0.0,0.0,0.0,330,96,0,0,213.2500000000000000,125,176,0,586,7,0,0,0,0,0,0,0,0,,,,0,,,,,,0.0676,,,,no_impressions,S1,показов рекламы 93 за окно при ставке 10 ₽
906874784,0713,"Картридж C8543X для принтеров HP LaserJet 9000, LJ 9040, LJ 9050 черный",True,8.0,1,Эксперимент1,90,0,0.0,,0.0,0,0.0,0.0,,,21,0,0.0,0.0,0.0,6955,51,0,0,54.2500000000000000,21,85,0,8742,7,0,0,0,0,0,0,0,0,,,,0,,,,,,0.0676,,,,no_impressions,S1,показов рекламы 90 за окно при ставке 8 ₽
906874849,0742,"Картридж Q6002A для принтеров HP Color LaserJet 1600, LJ 2600, LJ-2605, LJ CM1015, LJCM1017 желтый",True,12.0,1,от 2000 до 5000,56,1,1.79,10.5,10.49,14,0.0,0.0,,0.0,22,1,10.49,0.0,0.0,4494,88,0,0,54.7500000000000000,24,168,0,7001,7,0,0,0,0,0,0,0,0,,,,0,,,,,,0.0676,,,,ad_eater,E1,"1 кликов, 0 рекламных заказов; продаж не было вовсе; показов рекламы 56 за окно при ставке 12 ₽"
906875071,0826,"Картридж MLT-D117S для принтеров Samsung SCX-4650N, SCX-4655, SCX-4650, SCX-4655FN",True,13.0,1,от 2000 до 5000,37,0,0.0,,0.0,0,0.0,0.0,,,16,0,0.0,0.0,0.0,3934,73,0,0,96.7500000000000000,42,201,0,4164,7,0,0,0,0,0,0,0,0,,,,0,,,,,,0.0676,,,,no_impressions,S1,показов рекламы 37 за окно при ставке 13 ₽
906875340,1460,"Картридж T1361Bk для принтеров Epson K101, K201, K301 черный",True,10.0,2,от 0 до 1000 / Эксперимент1,78,3,3.85,7.3,21.94,30,0.0,0.0,,0.0,22,3,21.94,0.0,0.0,129,50,0,0,66.0000000000000000,29,88,0,199,7,0,0,0,0,0,0,0,0,,,,0,,,,,,0.0676,,,,ad_eater,E1,"3 кликов, 0 рекламных заказов; продаж не было вовсе; показов рекламы 78 за окно при ставке 10 ₽"
906876836,2391,"Картридж TN-423Y для принтеров Brother и DCP-L8410CDW, HL-L8260CDW, HL L8360CDW, MFC-L8690CDW, MFCL8900CDW желтый",True,8.0,1,Эксперимент1,48,0,0.0,,0.0,0,0.0,0.0,,,16,0,0.0,0.0,0.0,29,25,0,0,44.7500000000000000,20,78,0,4727,7,0,0,0,0,0,0,0,0,,,,0,3328.0,,29.13,18.5,969.47,0.0407,32.7,18.3,10.3,no_impressions,S1,показов рекламы 48 за окно при ставке 8 ₽
906877367,3174,Картридж C-EXV54M для принтеров Canon ImageRunner C3025 пурпурный,True,12.0,1,от 2000 до 5000,21,0,0.0,,0.0,0,0.0,0.0,,,11,0,0.0,0.0,0.0,31,24,0,0,72.0000000000000000,23,57,0,70,7,0,0,0,0,0,0,0,0,,,,0,,,,,,0.0676,,,,no_impressions,S1,показов рекламы 21 за окно при ставке 12 ₽
906877559,3218,"Фотобарабан 051D для принтеров Canon i-SENSYS LBP-162, MF 264, MF 267 черный",True,12.0,1,от 1000-2000,38,0,0.0,,0.0,0,0.0,0.0,,,21,0,0.0,0.0,0.0,3229,57,0,0,42.2500000000000000,25,119,0,4216,7,0,0,0,0,0,0,0,0,,,,0,,,,,,0.0676,,,,no_impressions,S1,показов рекламы 38 за окно при ставке 12 ₽
906877959,3026,Картридж 006R01693 для принтеров Xerox DocuCentre-SC2020 черный,True,12.0,2,от 2000 до 5000 / Эксперимент1,57,0,0.0,,0.0,0,0.0,0.0,,,20,0,0.0,0.0,0.0,8915,72,0,0,59.7500000000000000,33,137,0,9954,7,0,0,0,0,0,0,0,0,,,,0,4339.0,,28.67,18.1,1243.79,0.0407,41.8,23.1,11.1,no_impressions,S1,показов рекламы 57 за окно при ставке 12 ₽
930606209,0437,Картридж 713 для принтеров Canon i-SENSYS LBP-3250 черный,True,12.0,2,от 1000-2000 / Эксперимент1,46,0,0.0,,0.0,0,0.0,0.0,,,18,0,0.0,0.0,0.0,3921,25,0,0,150.5000000000000000,19,47,0,4767,7,0,0,0,0,0,0,0,0,,,,0,2196.0,,27.49,16.9,603.62,0.0407,20.1,10.6,-1.4,no_impressions,S1,показов рекламы 46 за окно при ставке 12 ₽
930608018,1213,"Картридж TK-895M для принтеров Kyocera FS-C8020MFP, FS C8025MFP, FSC8520MFP, FS-C8525MFP пурпурный",True,12.0,1,от 2000 до 5000,51,0,0.0,,0.0,0,0.0,0.0,,,19,0,0.0,0.0,0.0,1140,63,0,0,105.2500000000000000,24,135,0,3145,7,0,0,0,0,0,0,0,0,,,,0,3470.0,,29.38,18.8,1019.32,0.0407,34.4,19.5,7.5,no_impressions,S1,показов рекламы 51 за окно при ставке 12 ₽
930608300,0025,"Картридж Q7551A для принтеров HP LaserJet M3027, LJ M3035 MFP, LJ P3005 черный",True,12.0,1,от 2000 до 5000,30,0,0.0,,0.0,0,0.0,0.0,,,16,0,0.0,0.0,0.0,2187,41,0,0,92.5000000000000000,50,91,0,2271,7,0,0,0,0,0,0,0,0,,,,0,,,,,,0.0676,,,,no_impressions,S1,показов рекламы 30 за окно при ставке 12 ₽
930608637,0242,"Картридж TK-350 для принтеров Kyocera FS-3920DN, FS-3040MFP, FS3140MFP, FS3540MFP, FS 3640MFP",True,8.0,1,Эксперимент1,60,0,0.0,,0.0,0,0.0,0.0,,,21,0,0.0,0.0,0.0,2151,41,0,0,167.2500000000000000,54,126,0,2265,7,0,0,0,0,0,0,0,0,,,,0,3497.0,,29.17,18.6,1020.08,0.0407,34.4,19.4,11.4,no_impressions,S1,показов рекламы 60 за окно при ставке 8 ₽
930608689,2301,"Картридж 046H BK для принтеров Canon и i-SENSYS LBP MF730, LBPMF732Cdw черный",True,12.0,2,от 2000 до 5000 / Эксперимент1,96,1,1.04,7.4,7.43,10,0.0,0.0,,0.0,22,0,0.0,0.0,0.0,3459,31,0,0,97.7500000000000000,87,67,0,3534,7,0,0,0,0,0,0,0,0,,,,0,,,,,,0.0676,,,,ad_eater,E1,"1 кликов, 0 рекламных заказов; продаж не было вовсе; показов рекламы 96 за окно при ставке 12 ₽"
930608697,1211,"Картридж TK-895C для принтеров Kyocera FS-C8020MFP, FS C8025MFP, FSC8520MFP, FS-C8525MFP голубой",True,14.5,1,Эксперимент1,93,0,0.0,,0.0,0,0.0,0.0,,,21,0,0.0,0.0,0.0,7689,46,0,0,95.0000000000000000,44,115,0,7777,7,0,0,0,0,1,3278.0000,1,0,0.0,2026-05-13,97,0,4332.0,,31.59,21.0,1368.31,0.0407,46.9,28.2,13.7,no_impressions,S1,показов рекламы 93 за окно при ставке 14 ₽
930608896,2425,"Картриджи MPC3503 для принтеров Ricoh Aficio MP C3003SP, MPC3004ASP",True,12.0,1,от 10000 до 500 тыс,11,0,0.0,,0.0,0,0.0,0.0,,,10,0,0.0,0.0,0.0,35,16,0,0,49.0000000000000000,44,37,0,2890,6,0,0,0,0,0,0,0,0,,,,0,,,,,,0.0676,,,,no_impressions,S1,показов рекламы 11 за окно при ставке 12 ₽
930612505,1255,Картридж T0592 для принтеров Epson и Stylus Photo R2400 голубой,True,11.0,1,от 0 до 1000,65,0,0.0,,0.0,0,0.0,0.0,,,19,0,0.0,0.0,0.0,3179,69,0,0,81.7500000000000000,49,107,0,3316,7,0,0,0,0,0,0,0,0,,,,0,419.0,,9.26,-1.3,38.8,0.0676,1.2,-1.8,-12.8,no_impressions,S1,показов рекламы 65 за окно при ставке 11 ₽
930612723,0612,Картридж 108R00796 для принтеров Xerox Phaser 3635 черный,True,12.0,2,от 2000 до 5000 / Эксперимент1,77,1,1.3,1.0,1.0,1,0.0,0.0,,0.0,19,0,0.0,0.0,0.0,269,68,0,0,101.2500000000000000,39,116,0,1216,7,0,0,0,0,0,0,0,0,,,,0,4433.0,,27.95,17.4,1239.03,0.0407,41.4,22.4,10.4,ad_eater,E1,"1 кликов, 0 рекламных заказов; продаж не было вовсе; показов рекламы 77 за окно при ставке 12 ₽"
930612784,05872,"Картридж для Brother DCP-115C (LC-900BK), DCP-110C, DCP 116C, FAX-1835C, FAX 1840C, MFC-210C, MFC215C",True,10.0,1,от 0 до 1000,74,2,2.7,6.4,12.75,17,0.0,0.0,,0.0,17,2,12.75,0.0,0.0,69,50,0,0,121.0000000000000000,84,88,0,115,7,0,0,0,0,0,0,0,0,,,,0,749.0,,22.18,11.6,166.13,0.0676,8.7,3.3,-6.7,ad_eater,E1,"2 кликов, 0 рекламных заказов; ставка 10 ₽ > потолка 3.3 ₽; продаж не было вовсе; показов рекламы 74 за окно при ставке 10 ₽"
930613006,0473,"Картридж S050630 для принтеров Epson AcuLaser 2900, CX29 черный",True,9.0,1,Эксперимент1,70,0,0.0,,0.0,0,0.0,0.0,,,13,0,0.0,0.0,0.0,1069,10,0,0,99.3333333333333333,55,33,0,1419,6,0,0,0,0,0,0,0,0,,,,0,,,,,,0.0676,,,,no_impressions,S1,показов рекламы 70 за окно при ставке 9 ₽
930613651,1152,"Картридж CF360X для принтеров HP и Color LJ M552dn, LJ-M553dn, LJM553n, LJ M553x черный",True,8.0,1,Эксперимент1,51,0,0.0,,0.0,0,0.0,0.0,,,19,0,0.0,0.0,0.0,5641,18,0,0,106.5000000000000000,55,37,0,5676,7,0,0,0,0,0,0,0,0,,,,0,7943.0,,26.61,16.0,2113.65,0.0394,67.6,34.4,26.4,no_impressions,S1,показов рекламы 51 за окно при ставке 8 ₽
930613804,2981,"Картридж 106R03747M для принтеров Xerox VersaLink C7020, VersaLinkC7025 пурпурный",True,8.0,1,Эксперимент1,37,0,0.0,,0.0,0,0.0,0.0,,,19,0,0.0,0.0,0.0,21,14,0,0,126.0000000000000000,82,43,0,1110,7,0,0,0,0,0,0,0,0,,,,0,,,,,,0.0676,,,,no_impressions,S1,показов рекламы 37 за окно при ставке 8 ₽
930614051,0119,"Картридж TK-130 для принтеров Kyocera FS-1128MFP, FS-1300D, FS1350DN",True,13.0,2,от 1000-2000 / Эксперимент1,68,0,0.0,,0.0,0,0.0,0.0,,,21,0,0.0,0.0,0.0,3915,54,0,0,89.5000000000000000,45,108,0,11523,7,0,0,0,0,1,1623.0000,1,0,0.0,2026-05-04,106,0,2086.0,,29.91,19.3,623.91,0.0407,21.1,12.1,-0.9,no_impressions,S1,показов рекламы 68 за окно при ставке 13 ₽
930614195,0618,Картридж 113R00668 для принтеров Xerox Phaser 5500 черный,True,13.0,2,от 2000 до 5000 / Эксперимент1,39,0,0.0,,0.0,0,0.0,0.0,,,19,0,0.0,0.0,0.0,69,31,0,0,118.0000000000000000,71,79,0,432,7,0,0,0,0,0,0,0,0,,,,0,5494.0,,27.25,16.6,1496.95,0.0394,48.2,25.1,12.1,no_impressions,S1,показов рекламы 39 за окно при ставке 13 ₽
930614459,1792,"Картридж 44643003 для принтеров OKI C801, C821 голубой",True,8.0,1,Эксперимент1,49,1,2.04,6.9,6.86,9,0.0,0.0,,0.0,14,0,0.0,0.0,0.0,3185,15,0,0,110.7500000000000000,43,51,0,4113,7,0,0,0,0,0,0,0,0,,,,0,,,,,,0.0676,,,,ad_eater,E1,"1 кликов, 0 рекламных заказов; продаж не было вовсе; показов рекламы 49 за окно при ставке 8 ₽"
930614527,1853,"Фотобарабан 101R00555 DU для принтеров Xerox Phaser 3330, WC-3335, WC 3345 MFP черный",True,12.89,1,Эксперимент1,95,0,0.0,,0.0,0,0.0,0.0,,,21,0,0.0,0.0,0.0,71,58,0,0,54.2500000000000000,33,123,0,5469,7,0,0,0,0,1,2545.0000,1,0,0.0,2026-05-19,91,0,,,,,,0.0676,,,,no_impressions,S1,показов рекламы 95 за окно при ставке 13 ₽
930614746,1145,"Картридж 106R02723 для принтеров Xerox Phaser 3610, WC 3615 черный",True,13.0,1,от 2000 до 5000,23,0,0.0,,0.0,0,0.0,0.0,,,16,0,0.0,0.0,0.0,73,36,0,0,112.7500000000000000,86,93,0,165,7,0,0,0,0,0,0,0,0,,,,0,,,,,,0.0676,,,,no_impressions,S1,показов рекламы 23 за окно при ставке 13 ₽
930614877,0278,Картридж ML-2850 для принтеров Samsung ML2851 черный,True,19.33,2,от 2000 до 5000 / Эксперимент1,95,0,0.0,,0.0,0,0.0,0.0,,,22,0,0.0,0.0,0.0,3503,56,0,0,53.5000000000000000,37,99,0,4226,7,0,0,0,0,1,2883.0000,1,0,0.0,2026-05-18,92,0,3882.0,,28.53,17.9,1107.46,0.0407,37.2,20.4,1.1,no_impressions,S1,показов рекламы 95 за окно при ставке 19 ₽
930614936,2980,"Картридж 106R03746 для принтеров Xerox VersaLink C7020, VersaLinkC7025 желтый",True,8.0,1,Эксперимент1,33,0,0.0,,0.0,0,0.0,0.0,,,17,0,0.0,0.0,0.0,24,17,0,0,123.2500000000000000,82,46,0,81,7,0,0,0,0,0,0,0,0,,,,0,,,,,,0.0676,,,,no_impressions,S1,показов рекламы 33 за окно при ставке 8 ₽
930615238,1132,"Картридж 006R01400 для принтеров Xerox WorkCentre 7425, WC-7428, WC 7435 желтый",True,12.0,1,от 2000 до 5000,34,1,2.94,1.0,1.0,1,0.0,0.0,,0.0,13,1,1.0,0.0,0.0,2842,29,0,0,189.5000000000000000,80,62,0,2878,7,0,0,0,0,0,0,0,0,,,,0,6499.0,,26.99,16.4,1754.32,0.0394,56.3,29.2,17.2,ad_eater,E1,"1 кликов, 0 рекламных заказов; продаж не было вовсе; показов рекламы 34 за окно при ставке 12 ₽"
930615543,1274,"Картриджи LC567XL-LC565XL для принтеров Brother MFC-J2310, MFC-J2510",True,12.0,1,от 2000 до 5000,22,0,0.0,,0.0,0,0.0,0.0,,,13,0,0.0,0.0,0.0,1793,36,0,0,81.3333333333333333,70,65,0,4298,6,0,0,0,0,0,0,0,0,,,,0,,,,,,0.0676,,,,no_impressions,S1,показов рекламы 22 за окно при ставке 12 ₽
930615586,0774,"Картридж C9732A для принтеров HP и Color LaserJet 5500, LJ 5550 желтый",True,8.0,1,Эксперимент1,46,0,0.0,,0.0,0,0.0,0.0,,,20,0,0.0,0.0,0.0,1140,36,0,0,54.7500000000000000,21,79,0,1206,7,0,0,0,0,0,0,0,0,,,,0,,,,,,0.0676,,,,no_impressions,S1,показов рекламы 46 за окно при ставке 8 ₽
930615655,2977,"Картридж 51B5X00 для принтеров Lexmark MS517dn, MS617dn, MX517de, MX617de черный",True,12.0,1,от 2000 до 5000,38,0,0.0,,0.0,0,0.0,0.0,,,19,0,0.0,0.0,0.0,3493,38,0,0,116.7500000000000000,66,109,0,4461,7,0,0,0,0,0,0,0,0,,,,0,6280.0,,26.89,16.3,1688.6,0.0394,54.2,28.0,16.0,no_impressions,S1,показов рекламы 38 за окно при ставке 12 ₽
930617502,2356,"Картридж CF231A для принтеров HP LaserJet M206dn Ultra, LJ M230fdw Ultra черный",True,8.0,1,Эксперимент1,27,0,0.0,,0.0,0,0.0,0.0,,,17,0,0.0,0.0,0.0,1107,32,0,0,49.5000000000000000,28,61,0,1146,7,0,0,0,0,2,4620.0000,2,0,0.0,2026-05-10,100,0,2824.0,,30.34,19.7,856.9,0.0407,29.1,16.9,8.9,no_impressions,S1,показов рекламы 27 за окно при ставке 8 ₽
930617530,0892,"Картридж CZ192A для принтеров HP LaserJet Pro M435, LJ Pro M701 черный",True,12.89,1,Эксперимент1,50,0,0.0,,0.0,0,0.0,0.0,,,18,0,0.0,0.0,0.0,2836,42,0,0,49.0000000000000000,33,93,0,4623,7,0,0,0,0,1,5525.0000,1,0,0.0,2026-05-12,98,0,7293.0,,27.33,16.7,1992.9,0.0394,64.2,33.6,20.7,no_impressions,S1,показов рекламы 50 за окно при ставке 13 ₽
930618255,0864,Картридж TK-3110 для принтеров Kyocera FS-4100DN черный,True,8.0,1,Эксперимент1,89,0,0.0,,0.0,0,0.0,0.0,,,21,0,0.0,0.0,0.0,42,32,0,0,77.2500000000000000,36,67,0,410,7,0,0,0,0,0,0,0,0,,,,0,,,,,,0.0676,,,,no_impressions,S1,показов рекламы 89 за окно при ставке 8 ₽
930618517,0889,"Картридж CF381A для принтеров HP Color LaserJet Pro M476dn, LJ Pro M476dw голубой",True,13.0,1,от 2000 до 5000,16,0,0.0,,0.0,0,0.0,0.0,,,8,0,0.0,0.0,0.0,347,19,0,0,127.3333333333333333,26,37,0,366,6,0,0,0,0,0,0,0,0,,,,0,3763.0,,27.97,17.4,1052.45,0.0407,35.2,19.0,6.0,no_impressions,S1,показов рекламы 16 за окно при ставке 13 ₽
930619573,3207,"Картридж CF363A для принтеров HP Color LaserJet Enterprise M552, M553 dn, LJ M577 пурпурный",True,8.0,1,Эксперимент1,62,0,0.0,,0.0,0,0.0,0.0,,,20,0,0.0,0.0,0.0,3348,20,0,0,116.7500000000000000,95,50,0,7404,7,0,0,0,0,0,0,0,0,,,,0,6426.0,,27.68,17.1,1778.41,0.0394,57.4,30.6,22.6,no_impressions,S1,показов рекламы 62 за окно при ставке 8 ₽
930619837,2107,"Картридж 6210D для принтеров Ricoh Aficio 1060, 1075, 2051, Aficio 2060, 2075, AP900, MP5500, MP6000 MP6001 MP7000 MP7001 MP8000 MP8001 MP9001 MP9002 PS9100 черный",True,9.0,1,Эксперимент1,77,0,0.0,,0.0,0,0.0,0.0,,,19,0,0.0,0.0,0.0,1184,108,0,0,48.2500000000000000,31,245,0,1345,7,0,0,0,0,0,0,0,0,,,,0,,,,,,0.0676,,,,no_impressions,S1,показов рекламы 77 за окно при ставке 9 ₽
930620161,0257,"Картридж 106R01412 для принтеров Xerox Phaser 3300, Phaser 3300 MFP черный",True,19.33,1,от 2000 до 5000,37,0,0.0,,0.0,0,0.0,0.0,,,17,0,0.0,0.0,0.0,1204,40,0,0,109.2500000000000000,75,78,0,1242,7,0,0,0,0,2,6397.0000,2,0,0.0,2026-05-13,97,0,,,,,,0.0676,,,,no_impressions,S1,показов рекламы 37 за окно при ставке 19 ₽
930620876,0224,Картридж C-EXV6 для принтеров Canon и NP 7161 черный,True,12.0,1,от 2000 до 5000,17,0,0.0,,0.0,0,0.0,0.0,,,9,0,0.0,0.0,0.0,1039,30,0,0,51.5000000000000000,12,69,0,1950,7,0,0,0,0,0,0,0,0,,,,0,3882.0,,30.74,20.1,1193.43,0.0407,40.7,23.9,11.9,no_impressions,S1,показов рекламы 17 за окно при ставке 12 ₽
930622634,2057,Картридж MPC2550EC для принтеров Ricoh Aficio MPC2030 голубой,True,12.0,1,от 2000 до 5000,3,0,0.0,,0.0,0,0.0,0.0,,,3,0,0.0,0.0,0.0,932,6,0,0,103.0000000000000000,20,19,0,5484,7,0,0,0,0,0,0,0,0,,,,0,5069.0,,26.85,16.2,1360.89,0.0394,43.6,22.4,10.4,no_impressions,S1,показов рекламы 3 за окно при ставке 12 ₽
930622851,3214,"Картридж TN-421M для принтеров Brother DCP-L8410CDW, HL-L8260CDW, HL L8360CDW, MFC-L8690CDW, MFCL8900CDW пурпурный",True,8.0,1,Эксперимент1,36,0,0.0,,0.0,0,0.0,0.0,,,18,0,0.0,0.0,0.0,7354,30,0,0,73.7500000000000000,37,80,0,7411,7,0,0,0,0,0,0,0,0,,,,0,,,,,,0.0676,,,,no_impressions,S1,показов рекламы 36 за окно при ставке 8 ₽
930623151,0121,"Картридж TK-420 для принтеров Kyocera KM-1635, KM-1650, KM 2020, KM2035, KM-2050, KM2550, KM 1620",True,12.0,1,от 2000 до 5000,48,0,0.0,,0.0,0,0.0,0.0,,,18,0,0.0,0.0,0.0,1630,57,0,0,69.7500000000000000,35,113,0,1687,7,0,0,0,0,0,0,0,0,,,,0,,,,,,0.0676,,,,no_impressions,S1,показов рекламы 48 за окно при ставке 12 ₽
930623198,1160,"Картридж CF402A для принтеров HP и Color LJ Pro M252dw, LJ Pro M252n желтый",True,8.0,1,Эксперимент1,68,0,0.0,,0.0,0,0.0,0.0,,,18,0,0.0,0.0,0.0,18,17,0,0,483.5000000000000000,95,42,0,372,7,0,0,0,0,0,0,0,0,,,,0,3328.0,,29.07,18.5,967.47,0.0407,32.6,18.3,10.3,no_impressions,S1,показов рекламы 68 за окно при ставке 8 ₽
930623283,1376,"Картридж CF217A для принтеров HP LaserJet Pro M102a, LJ Pro M102w черный",True,8.0,1,Эксперимент1,42,0,0.0,,0.0,0,0.0,0.0,,,21,0,0.0,0.0,0.0,9926,39,0,0,69.7500000000000000,51,96,0,12021,7,0,0,0,0,0,0,0,0,,,,0,2839.0,,28.95,18.4,821.92,0.0407,27.7,15.5,7.5,no_impressions,S1,показов рекламы 42 за окно при ставке 8 ₽
930623493,1430,Картридж SP311HE для принтеров Ricoh Aficio SP311DN черный,True,12.0,1,от 2000 до 5000,20,0,0.0,,0.0,0,0.0,0.0,,,14,0,0.0,0.0,0.0,4426,49,0,0,48.7500000000000000,20,100,0,4483,7,0,0,0,0,0,0,0,0,,,,0,7691.0,,26.74,16.1,2056.68,0.0394,65.9,33.6,21.6,no_impressions,S1,показов рекламы 20 за окно при ставке 12 ₽
930624154,1961,"Картридж C-EXV29Bk для принтеров Canon ImageRunner Advance C5235, iR Advance C5030 черный",True,12.0,1,от 5000 до 10000,26,1,3.85,16.9,16.86,23,0.0,0.0,,0.0,12,1,16.86,0.0,0.0,42,19,0,0,123.7500000000000000,90,54,0,83,7,0,0,0,0,0,0,0,0,,,,0,,,,,,0.0676,,,,ad_eater,E1,"1 кликов, 0 рекламных заказов; продаж не было вовсе; показов рекламы 26 за окно при ставке 12 ₽"
930625888,1615,"Картридж TN-3230 для принтеров Brother DCP-8070, DCP 8085DN, HL-5340D, HL5350DN, HL-5370DW, HL5380DN, MFC-8370, MFC 8880DN черный",True,10.0,1,Эксперимент1,30,0,0.0,,0.0,0,0.0,0.0,,,12,0,0.0,0.0,0.0,46,44,0,0,62.0000000000000000,52,143,0,180,6,0,0,0,0,0,0,0,0,,,,0,3844.0,,28.08,17.5,1079.29,0.0407,36.1,19.6,9.6,no_impressions,S1,показов рекламы 30 за окно при ставке 10 ₽
930626179,3057,"Картридж CF452A Y для принтеров HP и Color LJ M652, LJ-M653, LJ M681, LJM682 желтый",True,12.89,1,Эксперимент1,78,0,0.0,,0.0,0,0.0,0.0,,,22,0,0.0,0.0,0.0,37,27,0,0,72.2500000000000000,42,63,0,75,7,0,0,0,0,1,8648.0000,1,0,0.0,2026-05-18,92,0,,,,,,0.0676,,,,no_impressions,S1,показов рекламы 78 за окно при ставке 13 ₽
930626206,1177,"Картридж CF322A для принтеров HP и Color LaserJet M680, LJ-M680z, LJM680dn, LJ M680f желтый",True,9.0,1,Эксперимент1,79,0,0.0,,0.0,0,0.0,0.0,,,20,0,0.0,0.0,0.0,4299,34,0,0,56.2500000000000000,44,60,0,4639,7,0,0,0,0,0,0,0,0,,,,0,8403.0,,25.79,15.2,2166.93,0.0394,68.8,33.8,24.8,no_impressions,S1,показов рекламы 79 за окно при ставке 9 ₽
930626406,3056,"Картридж CF451A C для принтеров HP и Color LJ M652, LJ-M653, LJ M681, LJM682 голубой",True,12.89,1,Эксперимент1,59,0,0.0,,0.0,0,0.0,0.0,,,18,0,0.0,0.0,0.0,1095,27,0,0,110.7500000000000000,63,53,0,3971,7,0,0,0,0,1,8648.0000,1,0,0.0,2026-05-18,92,0,10200.0,,24.78,14.2,2527.89,0.0565,114.1,53.1,40.2,no_impressions,S1,показов рекламы 59 за окно при ставке 13 ₽
930626829,2232,Картридж TK-7300 для принтеров Kyocera ECOSYS P4040dn черный,True,20.93,1,от 2000 до 5000,19,0,0.0,,0.0,0,0.0,0.0,,,11,0,0.0,0.0,0.0,4240,36,0,0,72.0000000000000000,65,83,0,4298,7,0,0,0,0,1,3051.0000,1,0,0.0,2026-05-16,94,0,,,,,,0.0676,,,,no_impressions,S1,показов рекламы 19 за окно при ставке 21 ₽
930627427,2969,"Картридж 051H для принтеров Canon i-SENSYS LBP-160, LBP 162, MF260 ser, MF 264, MF 267 черный",True,8.0,1,Эксперимент1,55,0,0.0,,0.0,0,0.0,0.0,,,21,0,0.0,0.0,0.0,22,18,0,0,54.7500000000000000,20,52,0,71,7,0,0,0,0,0,0,0,0,,,,0,,,,,,0.0676,,,,no_impressions,S1,показов рекламы 55 за окно при ставке 8 ₽
930628721,1155,"Картридж CF363X для принтеров HP и Color LJ M552dn, LJ-M553dn, LJM553n, LJ M553x пурпурный",True,9.0,1,Эксперимент1,82,0,0.0,,0.0,0,0.0,0.0,,,22,0,0.0,0.0,0.0,2958,33,0,0,48.2500000000000000,42,53,0,2988,7,0,0,0,0,0,0,0,0,,,,0,,,,,,0.0676,,,,no_impressions,S1,показов рекламы 82 за окно при ставке 9 ₽
930629092,1949,"Фотобарабан DK-110 DU для принтеров Kyocera FS-1016MFP, FS 1116MFP, FS720, FS-820, FS920 черный",True,12.0,1,от 2000 до 5000,42,0,0.0,,0.0,0,0.0,0.0,,,20,0,0.0,0.0,0.0,4064,87,0,0,77.0000000000000000,34,225,0,4596,7,0,0,0,0,0,0,0,0,,,,0,8008.0,,26.84,16.2,2149.62,0.0394,68.9,35.3,23.3,no_impressions,S1,показов рекламы 42 за окно при ставке 12 ₽
930631124,1176,"Картридж CF321A для принтеров HP и Color LaserJet M680, LJ-M680z, LJM680dn, LJ M680f голубой",True,8.0,1,Эксперимент1,65,0,0.0,,0.0,0,0.0,0.0,,,21,0,0.0,0.0,0.0,25,18,0,0,78.2500000000000000,32,36,0,43,7,0,0,0,0,0,0,0,0,,,,0,12714.0,,25.17,14.6,3199.56,0.0565,145.0,69.0,61.0,no_impressions,S1,показов рекламы 65 за окно при ставке 8 ₽
930631637,0775,"Картридж C9731A для принтеров HP и Color LaserJet 5500, LJ 5550 голубой",True,8.0,1,Эксперимент1,75,0,0.0,,0.0,0,0.0,0.0,,,20,0,0.0,0.0,0.0,3007,44,0,0,39.0000000000000000,24,88,0,3073,7,0,0,0,0,0,0,0,0,,,,0,17844.0,,23.4,12.8,4175.18,0.0565,185.6,78.7,70.7,no_impressions,S1,показов рекламы 75 за окно при ставке 8 ₽
930631834,0872,"Картридж TK-590C для принтеров Kyocera и EcoSys M6026cdn, M6526cdn, FS-C2026, FS-C2126, FSC2526, FS C2626 голубой",True,8.0,1,Эксперимент1,73,0,0.0,,0.0,0,0.0,0.0,,,21,0,0.0,0.0,0.0,22198,67,0,0,58.7500000000000000,31,143,0,25356,7,0,0,0,0,0,0,0,0,,,,0,,,,,,0.0676,,,,no_impressions,S1,показов рекламы 73 за окно при ставке 8 ₽
930632286,3034,"Картридж SP311UXE для принтеров Ricoh Aficio SP311, SP325 черный",True,13.0,2,от 2000 до 5000 / Эксперимент1,91,0,0.0,,0.0,0,0.0,0.0,,,21,0,0.0,0.0,0.0,3058,45,0,0,40.0000000000000000,14,103,0,5278,7,0,0,0,0,0,0,0,0,,,,0,,,,,,0.0676,,,,no_impressions,S1,показов рекламы 91 за окно при ставке 13 ₽
930633662,2767,"Картридж TK-8345M для принтеров Kyocera TASKalfa 2552ci, TASKalfa 2553 пурпурный",True,8.0,1,Эксперимент1,91,0,0.0,,0.0,0,0.0,0.0,,,21,0,0.0,0.0,0.0,3205,23,0,0,104.0000000000000000,30,66,0,4958,7,0,0,0,0,0,0,0,0,,,,0,4721.0,,28.31,17.7,1336.7,0.0407,44.8,24.4,16.4,no_impressions,S1,показов рекламы 91 за окно при ставке 8 ₽
930634381,2591,"Картриджи T0601-T0604 для принтеров Epson Stylus C68, Stylus C88",True,10.0,1,от 1000-2000,84,2,2.38,4.7,9.42,13,0.0,0.0,,0.0,18,2,9.42,0.0,0.0,8382,81,0,0,46.3333333333333333,44,115,0,8416,6,0,0,0,0,1,1358.0000,1,0,0.0,2026-05-09,101,0,1543.0,,28.6,18.0,441.28,0.0574,20.9,11.5,1.5,ad_eater,E1,"2 кликов, 0 рекламных заказов; последняя продажа 2026-05-09; показов рекламы 84 за окно при ставке 10 ₽"
930637150,3172,Картридж C-EXV54BK для принтеров Canon ImageRunner C3025 черный,True,12.0,1,от 2000 до 5000,48,0,0.0,,0.0,0,0.0,0.0,,,18,0,0.0,0.0,0.0,57,44,0,0,62.2500000000000000,27,93,0,112,7,0,0,0,0,0,0,0,0,,,,0,4379.0,,29.1,18.5,1274.37,0.0407,42.9,24.1,12.1,no_impressions,S1,показов рекламы 48 за окно при ставке 12 ₽
930637503,2229,Картридж S050436 для принтеров Epson AcuLaser M2000 черный,True,12.0,1,от 2000 до 5000,17,0,0.0,,0.0,0,0.0,0.0,,,8,0,0.0,0.0,0.0,0,0,0,0,,,0,0,0,0,0,0,0,0,0,0,0,0,,,,0,4326.0,,28.65,18.0,1239.4,0.0407,41.6,22.9,10.9,no_impressions,S1,показов рекламы 17 за окно при ставке 12 ₽
930637839,2239,"Картриджи TN-325 для принтеров Brother DCP-9055, DCP 9270, HL-4140, HL4150, HL-4570 cdw, MFC-9460, MFC9465 CDN",True,15.0,2,от 5000 до 10000 / Эксперимент1,78,2,2.56,15.5,30.97,42,0.0,0.0,,0.0,18,2,30.97,0.0,0.0,3357,76,0,0,57.0000000000000000,35,162,0,19356,7,0,0,0,0,1,11329.0000,1,0,0.0,2026-05-08,102,0,,,,,,0.0676,,,,ad_eater,E1,"2 кликов, 0 рекламных заказов; последняя продажа 2026-05-08; показов рекламы 78 за окно при ставке 15 ₽"
930638331,2304,"Картридж 046HY для принтеров Canon и i-SENSYS LBP MF730, LBPMF732Cdw желтый",True,8.0,1,Эксперимент1,63,0,0.0,,0.0,0,0.0,0.0,,,21,0,0.0,0.0,0.0,1105,18,0,0,93.5000000000000000,64,33,0,1153,7,0,0,0,0,0,0,0,0,,,,0,3844.0,,28.08,17.5,1079.29,0.0407,36.1,19.6,11.6,no_impressions,S1,показов рекламы 63 за окно при ставке 8 ₽
930639137,2407,"Картридж TK-5280M для принтеров Kyocera Ecosys M6235cidn, M6635cidn пурпурный",True,13.0,1,от 2000 до 5000,16,0,0.0,,0.0,0,0.0,0.0,,,9,0,0.0,0.0,0.0,43,30,0,0,88.7500000000000000,32,74,0,977,7,0,0,0,0,0,0,0,0,,,,0,4727.0,,27.28,16.7,1289.65,0.0407,42.9,22.5,9.5,no_impressions,S1,показов рекламы 16 за окно при ставке 13 ₽
930639432,2389,"Картридж TN-423C для принтеров Brother и DCP-L8410CDW, HL-L8260CDW, HL L8360CDW, MFC-L8690CDW, MFCL8900CDW голубой",True,8.0,1,Эксперимент1,59,0,0.0,,0.0,0,0.0,0.0,,,19,0,0.0,0.0,0.0,27,25,0,0,51.7500000000000000,21,73,0,82,7,0,0,0,0,0,0,0,0,,,,0,,,,,,0.0676,,,,no_impressions,S1,показов рекламы 59 за окно при ставке 8 ₽
930639462,2347,"Картриджи 106R03488-106R03695 для принтеров Xerox Phaser 6510, WC 6515",True,8.0,1,Эксперимент1,69,0,0.0,,0.0,0,0.0,0.0,,,19,0,0.0,0.0,0.0,3506,46,0,0,129.5000000000000000,40,73,0,6567,7,0,0,0,0,0,0,0,0,,,,0,9982.0,,23.02,12.4,2297.57,0.0394,70.9,29.1,21.1,no_impressions,S1,показов рекламы 69 за окно при ставке 8 ₽
930640986,0717,"Картридж 718Y для принтеров Canon и i-SENSYS LBP7200Cdn, LBP7210Cdn, MF724Cdw, MF728Cdw, MF8330, MF8340Cdn желтый",True,8.0,1,Эксперимент1,88,1,1.14,6.7,6.71,9,0.0,0.0,,0.0,22,1,6.71,0.0,0.0,91,41,0,0,94.5000000000000000,22,92,0,172,7,0,0,0,0,0,0,0,0,,,,0,,,,,,0.0676,,,,ad_eater,E1,"1 кликов, 0 рекламных заказов; продаж не было вовсе; показов рекламы 88 за окно при ставке 8 ₽"
930641192,0738,"Картридж MLT-D305L для принтеров Samsung и ML-3750, ML-3750ND черный",True,12.0,1,от 2000 до 5000,31,1,3.23,12.2,12.18,17,0.0,0.0,,0.0,15,0,0.0,0.0,0.0,7440,37,0,0,95.2500000000000000,25,80,0,8297,7,0,0,0,0,0,0,0,0,,,,0,,,,,,0.0676,,,,ad_eater,E1,"1 кликов, 0 рекламных заказов; продаж не было вовсе; показов рекламы 31 за окно при ставке 12 ₽"
930641288,0868,"Картридж TK-580C для принтеров Kyocera и FS-C5150DN, ECOSYS P6021CDN голубой",True,8.0,1,Эксперимент1,95,0,0.0,,0.0,0,0.0,0.0,,,21,0,0.0,0.0,0.0,3278,40,0,0,92.0000000000000000,44,72,0,4232,7,0,0,0,0,1,4307.0000,1,0,0.0,2026-05-08,102,0,4038.0,,28.32,17.7,1143.73,0.0407,38.3,20.9,12.9,no_impressions,S1,показов рекламы 95 за окно при ставке 8 ₽
930641782,0776,"Картридж C9733A для принтеров HP и Color LaserJet 5500, LJ 5550 пурпурный",True,8.0,1,Эксперимент1,47,0,0.0,,0.0,0,0.0,0.0,,,21,0,0.0,0.0,0.0,55,42,0,0,39.7500000000000000,20,97,0,136,7,0,0,0,0,0,0,0,0,,,,0,15558.0,,23.03,12.4,3583.67,0.0565,158.6,65.1,57.1,no_impressions,S1,показов рекламы 47 за окно при ставке 8 ₽
930641902,3203,"Картридж 106R03396 для принтеров Xerox VersaLink B7025, VersaLinkB7030 черный",True,12.0,2,от 2000 до 5000 / Эксперимент1,92,1,1.09,7.2,7.21,10,0.0,0.0,,0.0,22,1,7.21,0.0,0.0,3324,21,0,0,102.7500000000000000,26,50,0,3365,7,0,0,0,0,0,0,0,0,,,,0,6557.0,,27.02,16.4,1771.86,0.0394,56.9,29.5,17.5,ad_eater,E1,"1 кликов, 0 рекламных заказов; продаж не было вовсе; показов рекламы 92 за окно при ставке 12 ₽"
930642074,0708,"Картридж ML-2250 для принтеров Samsung и ML 2251, ML2252 черный",True,12.0,2,от 2000 до 5000 / Эксперимент1,37,0,0.0,,0.0,0,0.0,0.0,,,15,0,0.0,0.0,0.0,1182,19,0,0,86.2500000000000000,42,45,0,1213,7,0,0,0,0,0,0,0,0,,,,0,4935.0,,27.46,16.9,1354.97,0.0407,45.1,23.9,11.9,no_impressions,S1,показов рекламы 37 за окно при ставке 12 ₽
930642183,0703,"Картридж SCX-5530 для принтеров Samsung SCX-5330N, SCX-5530FN",True,8.0,1,Эксперимент1,40,1,2.5,7.3,7.31,10,0.0,0.0,,0.0,19,1,7.31,0.0,0.0,2630,18,0,0,82.2500000000000000,9,45,0,13454,7,0,0,0,0,0,0,0,0,,,,0,5827.0,,27.45,16.9,1599.76,0.0394,51.6,27.3,19.3,ad_eater,E1,"1 кликов, 0 рекламных заказов; продаж не было вовсе; показов рекламы 40 за окно при ставке 8 ₽"
930642448,3151,"Картридж TN-241Y для принтеров Brother DCP-9020cdw, HL-3140cw, HL 3150, HL3170CDW, MFC-9140, MFC-9330 желтый",True,9.0,1,Эксперимент1,54,0,0.0,,0.0,0,0.0,0.0,,,19,0,0.0,0.0,0.0,38,33,0,0,98.5000000000000000,55,60,0,69,7,0,0,0,0,0,0,0,0,,,,0,,,,,,0.0676,,,,no_impressions,S1,показов рекламы 54 за окно при ставке 9 ₽
984583314,4716,"Фотобарабан 108R01121 BK DU для принтеров Xerox Phaser 6600, VersaLink C400, VersaLinkC405, WC 6605, WC 6655 черный",True,13.0,1,от 10000 до 500 тыс,29,0,0.0,,0.0,0,0.0,0.0,,,16,0,0.0,0.0,0.0,3769,68,0,0,50.7500000000000000,34,136,0,6691,7,0,0,0,0,0,0,0,0,,,,0,,,,,,0.0676,,,,no_impressions,S1,показов рекламы 29 за окно при ставке 13 ₽
2138961560,6204,"Картридж №62XL для принтеров HP Envy 5540, Envy5541, Officejet 200 Mobile, OfficeJet 202 черный",True,8.0,1,Эксперимент1,0,0,,,0,0,0,0,,,0,0,0,0,0,0,0,0,0,,,0,0,0,0,0,0,0,0,4,23656.0000,3,0,0.0,2026-05-15,95,0,7388.0,,,,,0.0394,,,,no_impressions,S0,показов рекламы 0 за окно при ставке 8 ₽
3557211025,6844,"Картриджи 006R04387 - 006R04390 для принтеров Xerox C230, C235",True,21.96,1,Вне РК — спрос без рекламы (08.08),0,0,,,0,0,0,0,,,0,0,0,0,0,124,102,0,0,21.0000000000000000,12,111,0,133,6,0,0,0,0,0,0,0,0,,,,0,57272.0,,21.36,10.8,12230.77,0.0565,529.7,187.8,165.8,no_impressions,S0,показов рекламы 0 за окно при ставке 22 ₽
930615195,1072,"Картридж AR-455 для принтеров Sharp AR-M351N, AR-M451N черный",True,9.0,1,Эксперимент1,0,0,,,0,0,0,0,,,0,0,0,0,0,0,0,0,0,,,0,0,0,0,0,0,0,0,1,9946.0000,1,0,0.0,2026-05-07,103,0,,,,,,0.0676,,,,no_impressions,S0,показов рекламы 0 за окно при ставке 9 ₽
873314092,3413,"Картридж T03 для принтеров Canon iR Advance 525i, iR Advance 615 черный",True,12.0,2,от 10000 до 500 тыс / Эксперимент1,0,0,,,0,0,0,0,,,0,0,0,0,0,0,0,0,0,,,0,0,0,0,0,0,0,0,1,19050.0000,1,0,0.0,2026-05-15,95,0,,,,,,0.0676,,,,no_impressions,S0,показов рекламы 0 за окно при ставке 12 ₽
3557210645,6846,"Картридж CF289A для принтеров HP LaserJet M507, LJ M528 черный",True,13.0,2,от 2000 до 5000 / Эксперимент1,0,0,,,0,0,0,0,,,0,0,0,0,0,0,0,0,0,,,0,0,0,0,0,0,0,0,1,3191.0000,1,0,0.0,2026-05-18,92,0,4274.0,,,,,0.0407,,,,no_impressions,S0,показов рекламы 0 за окно при ставке 13 ₽
863432497,0493,"Картридж T0461 для принтеров Epson и Stylus C63, Stylus C65 черный",True,9.0,1,Эксперимент1,0,0,,,0,0,0,0,,,0,0,0,0,0,0,0,0,0,,,0,0,0,0,0,0,0,0,1,1086.0000,1,0,0.0,2026-05-16,94,0,,,,,,0.0676,,,,no_impressions,S0,показов рекламы 0 за окно при ставке 9 ₽
1153756322,2338,"Картридж TN-326K для принтеров Brother HL-L8250CDN, MFC-L8650CDW черный",True,13.0,2,от 2000 до 5000 / Эксперимент1,0,0,,,0,0,0,0,,,0,0,0,0,0,0,0,0,0,,,0,0,0,0,0,0,0,0,1,3488.0000,1,0,0.0,2026-05-07,103,0,,,,,,0.0676,,,,no_impressions,S0,показов рекламы 0 за окно при ставке 13 ₽
1220194240,5229,"Картридж 067H для принтеров Canon i-SENSYS LBP631CW, LBP633, MF651, MF651Cw черный",True,12.0,1,Эксперимент1,0,0,,,0,0,0,0,,,0,0,0,0,0,0,0,0,0,,,0,0,0,0,0,0,0,0,1,4099.0000,1,0,0.0,2026-05-06,104,0,,,,,,0.0676,,,,no_impressions,S0,показов рекламы 0 за окно при ставке 12 ₽
906874622,0495,"Картридж T0473 для принтеров Epson Stylus C63, Stylus C65 пурпурный",True,7.0,1,Эксперимент1,0,0,,,0,0,0,0,,,0,0,0,0,0,0,0,0,0,,,0,0,0,0,0,0,0,0,1,1055.0000,1,0,0.0,2026-05-16,94,0,,,,,,0.0676,,,,no_impressions,S0,показов рекламы 0 за окно при ставке 7 ₽
