code,external_code,type,volume_ml,was,new,ms_name
5305cs,5305,Тонер,60,Заправочный комплект MLT-D111L Samsung тонер 60 гр. + чип черный,Тонер MLT-D111L для Samsung черный с чипом 60 г,Тонер Cactus CS-RK-MLT-D111L черный флакон 60гр. (в компл.:чип) для принтера Sam
7093cs,7093,Тонер,60,Заправочный комплект 106R02773 Xerox черный с чипом,Тонер 106R02773 для Xerox черный с чипом 60 г,Тонер Cactus CS-RK-106R02773 черный флакон 60гр. (в компл.:чип) для принтера Xer
7094cs,7094,Тонер,85,Заправочный комплект CE285A HP черный с чипом,Тонер CE285A для HP черный с чипом 85 г,Тонер Cactus CS-RK-CE285A черный флакон 85гр. (в компл.:чип) для принтера HP LJ 
7096cs,7096,Тонер,55,Заправочный комплект CF218A HP черный с чипом,Тонер CF218A для HP черный с чипом 55 г,Тонер Cactus CS-RK-CF218A черный флакон 55гр. (в компл.:чип) для принтера HP LJ 
7103cs,7103,Тонер,80,Заправочный комплект SP150HE Ricoh черный с чипом,Тонер SP150HE для Ricoh черный с чипом 80 г,Тонер Cactus CS-RK-SP150HE черный флакон 80гр. (в компл.:чип) для принтера Ricoh
3737sp,3737,Чернила,90,"Чернила пигментные  GT51 (M0H57AE) для HP (черный, 90 мл)",Чернила GT51 для HP M0H57AE черный 90 мл,"Чернила пигментные SP GT51 (M0H57AE) для HP (черный, 90 мл)"
3185cs,3185,Чернила,,Чернила T6733 Epson пурпурный,Чернила T6733 для Epson C13T67334A пурпурный,Чернила Cactus CS-EPT6733B T6733 пурпурный 100мл для Epson L800/L810/L850/L1800
3737sp,3737,Чернила,90,Чернила GT51 HP M0H57AE черный,Чернила GT51 для HP M0H57AE черный 90 мл,"Чернила водорастворимые SP GT51 (M0H57AE) для HP (черный, 100 мл)"
3737sf,3737,Чернила,90,Чернила GT51 HP M0H57AE черный,Чернила GT51 для HP M0H57AE черный 90 мл,Чернила M0H57AE (GT51) Black SF
3851cs,3851,Чернила,,Чернила №101C Epson C13T03V24A голубой,Чернила 101C для Epson C13T03V24A голубой,Чернила G&G GG-C13T03V24A 101C голубой70мл для Epson L4150/L4160/L6160/L6170
7143cs,7143,Тонер,100,Тонер TK-5270/TK-8335/TK-8345/TK-8515/TK-8525/TK-8800 для Kyocera голубой 100 г,Тонер TK5270/TK8335/TK8345/TK8515/TK8525/TK8800 для Kyocera голубой 100 г,Тонер Cactus CS-TKYCU2C-LT-100 голубой флакон 100гр. для принтера Kyocera Color 
7147cs,7147,Тонер,50,Тонер TK-5230/TK-5240/TK-5430/TK-5440 для Kyocera черный 50 г,Тонер TK-5230/TK-5240/TK-5430/TK-5440 K для Kyocera черный 50 г,Тонер Cactus CS-TKYCU2BK-LT-50 черный флакон 50гр. для принтера Kyocera Color Un
4547sk,4547,Чернила,,Чернила №103 /003 Epson C13T00V400 желтый,Чернила T003 для Epson C13T00V400 желтый,"C13T00V400 (103/003) контейнер с чернилами Sakura для Epson, желтый, 70 мл., 750"
3740sp,3740,Чернила,70,Чернила GT52 HP M0H56AE желтый,Чернила GT52 для HP M0H56AE желтый 70 мл,"Чернила SP GT52 (M0H56AE) для HP (желтый, 100 мл)"
5885cs,5885,Чернила,60,Чернила GI-43Y Canon желтый,Чернила GI-43Y для Canon 4689C001 желтый 60 мл,Чернила Cactus CS-GI43Y GI-43 желтый60мл для Canon Pixma G640/G540
2610ct,2610,Чернила,,Чернила T6644 YEpson C13T66444A желтый,Чернила T6644 Y для Epson C13T66444A желтый,Картридж T664Y CT
3841cs,3841,Чернила,,Чернила BT5000C Brother голубой,Чернила BT5000C для Brother голубой,"Чернила G&G GG-BT5000C фото голубой70мл для Brother HL-T4000DW, DCP-T510W, DCP-T"
3848cs,3848,Чернила,,Чернила №103Y Epson C13T00S44A желтый,Чернила 103Y для Epson C13T00S44A желтый,"Чернила G&G GG-C13T00S44A 103Y желтый 70мл для L1110, L3151, L3100, L3101, L3110"
5413cs,5413,Чернила,135,Чернила GI-41Bk Canon черный,Чернила GI-41Bk для Canon черный 135 мл,Чернила G&G GG-GI-41BK черный140мл для Canon PIXMA G1420/G2420/G2460/G3420/G3460
3738bs,3738,Чернила,70,Чернила GT52 HP M0H54AE голубой,Чернила GT52 для HP M0H54AE голубой 70 мл,Blossom BS-M0H54AE (GT52XL) Ёмкость с чернилами для HP DeskJet GT 5810/5820/Ink 
3738cs,3738,Чернила,70,Чернила GT52 HP M0H54AE голубой,Чернила GT52 для HP M0H54AE голубой 70 мл,Чернила G&G GG-GT52C голубой100мл для HP Ink Tank 110/115/116/118/310/315/316/31
7098cs,7098,Тонер,250,Заправочный комплект CF226X HP черный с чипом,Тонер CF226X для HP черный с чипом XL ресурс 250 г,Тонер Cactus CS-RK-CF226X черный флакон 250гр. (в компл.:чип) для принтера HP LJ
7099cs,7099,Тонер,120,Заправочный комплект CF230X HP черный с чипом,Тонер CF230X для HP черный с чипом XL ресурс 120 г,Тонер Cactus CS-RK-CF230X черный флакон 120гр. (в компл.:чип) для принтера HP LJ
5652t2,5652,Чернила,100,"IB-E100M Чернила T2 универсальные для Epson, цвет пурпурный (100мл.)",Чернила универсальные Epson M 100 мл. пурпурный 100 мл,"IB-E100M Чернила T2 универсальные для Epson, цвет пурпурный (100мл.)"
2610bs,2610,Чернила,,Чернила T6644 YEpson C13T66444A желтый,Чернила T6644 Y для Epson C13T66444A желтый,"Blossom BS-T6644/T6734-1L Чернила для Epson L100/L200/L800/L1800, yellow, 1000мл"
5029bs,5029,Чернила,1000,Чернила T7741-1L для Epson черный,Чернила T7741-1L для Epson черный 1000 мл,"Blossom BS-T7741-1L Емкость с чернилами для Epson M100/M200, 1000мл"
5761at,5761,Чернила,70,Чернила C13T09C44A (108) для Epson желтый,Чернила 108/008 Y для Epson C13T09C44A желтый 70 мл,Чернила для Epson C13T09C44A EcoTank L8050/L8150/L8058 108 Yellow 70 ml AQUAMARI
3737bt,3737,Чернила,90,Чернила GT51 HP M0H57AE черный,Чернила GT51 для HP M0H57AE черный 90 мл,Чернила HP DeskJet GT 5810 /  InkTank 115 /  310 /  415 /  SmartTank 519 GT51 (M
3737bt,3737,Чернила,90,Чернила GT51 HP M0H57AE черный,Чернила GT51 для HP M0H57AE черный 90 мл,Чернила HP DeskJet GT 5810/InkTank 115/310/415/SmartTank 519 GT51 (M0H57AA/AE/AN
5415cs,5415,Чернила,70,Чернила GI-41M Canon пурпурный,Чернила GI-41M для Canon 4544c001 пурпурный 70 мл,Чернила Cactus CS-GI41M GI-41 M пурпурный 70мл для Canon PIXMA G1420/G2420/G2460
3847cs,3847,Чернила,,Чернила №103M для Epson C13T00S34A пурпурный,Чернила 103M для Epson C13T00S34A пурпурный,Чернила Cactus CS-EPT00V3 003 C13T00V398 пурпурный 70мл для Epson Ecotank L1110/
3183bs,3183,Чернила,,Чернила T6731 Epson C13T67314A черный,Чернила T6731 для Epson C13T67314A черный,Чернила Epson T6641/T6731 Black BS
6078at,6078,Чернила,,Чернила №110 Epson C13T03P14A черный пигмент,Чернила 110 для Epson C13T03P14A пигментные черный,Картридж для Epson T03P14A EcoTank M-11хх/21хх/31хх ЧЕРНИЛА Black 6K пигм. AQUAM
2607sp,2607,Чернила,,Чернила T664KEpson C13T66414A черный,Чернила T6641 K для Epson C13T66414A черный,Чернила водорастворимые SK-E-T6641 Bk 4k 70ml SP
7097cs,7097,Тонер,140,Заправочный комплект CF226A HP черный с чипом,Тонер CF226A для HP черный с чипом 140 г,Тонер Cactus CS-RK-CF226A черный флакон 140гр. (в компл.:чип) для принтера HP LJ
4429bs,4429,Чернила,,Чернила №106 Epson C13T00R240 голубой,Чернила 106 для Epson C13T00R240 голубой,"Blossom BS-T00R240 Емкость с чернилами для Epson L7160/L7180, cyan, 70 мл."
2610cs,2610,Чернила,,Чернила T6644 YEpson C13T66444A желтый,Чернила T6644 Y для Epson C13T66444A желтый,"Чернила G&G GG-T6644Y желтый 100мл для Epson L100, L110, L120, L130, L132, L210,"
4430bs,4430,Чернила,,Чернила №106 Epson C13T00R340 пурпурный,Чернила 106 для Epson C13T00R340 пурпурный,"Blossom BS-T00R340 Емкость с чернилами для Epson L7160/L7180, magenta, 70 мл."
3846bs,3846,Чернила,,Чернила №103C Epson C13T00S24A голубой,Чернила 103C для Epson C13T00S24A голубой,Blossom BS-T00S24A Ёмкость с чернилами для Epson L1110/L3151/L1110 Ecotank/L3100
5760at,5760,Чернила,70,Чернила C13T09C34A (108) для Epson пурпурный,Чернила 108/008 M для Epson C13T09C34A пурпурный 70 мл,Чернила для Epson C13T09C34A EcoTank L8050/L8150/L8058 108 Magenta 70 ml AQUAMAR
7100cs,7100,Тонер,55,Заправочный комплект CF244A HP черный с чипом,Тонер CF244A для HP черный с чипом 55 г,Тонер Cactus CS-RK-CF244A черный флакон 55гр. (в компл.:чип) для принтера HP LJ 
7101cs,7101,Тонер,120,Заправочный комплект CF283X HP черный с чипом,Тонер CF283X для HP черный с чипом 120 г,Тонер Cactus CS-RK-CF283X черный флакон 120гр. (в компл.:чип) для принтера HP LJ
7131cs,7131,Тонер,100,Тонер W2072 для HP пурпурный 100 г,Тонер W2072A для HP пурпурный 100 г,Тонер Cactus CS-THPCWHUM-100 пурпурный флакон 100гр. для принтера HP Color W2070
5758cs,5758,Чернила,70,Чернила 108 для Epson черный,Чернила 108/008 BK для Epson C13T09C14A черный 70 мл,Чернила Cactus CS-EPT09D1 057 C13T09D198 черный 70мл для Epson Ecotank L8050/L18
5759cs,5759,Чернила,70,Чернила 108 для Epson голубой,Чернила 108/008 C для Epson C13T09C24A голубой 70 мл,Чернила Cactus CS-EPT09D2 057 C13T09D298 голубой 70мл для Epson Ecotank L8050/L1
5760cs,5760,Чернила,70,Чернила 108 для Epson пурпурный,Чернила 108/008 M для Epson C13T09C34A пурпурный 70 мл,Чернила Cactus CS-EPT09D3 057 C13T09D398 пурпурный 70мл для Epson Ecotank L8050/
3855cs,3855,Чернила,,Чернила №774 Epson черный,Чернила 774BK для Epson C13T77414A черный,Чернила Cactus CS-EPT7741 774 черный пигментный140мл для Epson M100/101/105/200/
5761cs,5761,Чернила,70,Чернила 108 для Epson желтый,Чернила 108/008 Y для Epson C13T09C44A желтый 70 мл,Чернила Cactus CS-EPT09D4 057 C13T09D498 желтый 70мл для Epson Ecotank L8050/L18
4412cs,4412,Чернила,,Чернила GI-40PGBK Canon черный пигментный,Чернила GI-40PGBK для Canon 3385C001 черный,Чернила Cactus CS-GI40PGBK GI-40 черный пигментный 140мл для Canon Pixma G5040/G
5762cs,5762,Чернила,70,Чернила 108 для Epson светло-голубой,Чернила 108/008 LC для Epson C13T09C54A светло-голубой 70 мл,Чернила Cactus CS-EPT09D5 057 C13T09D598 светло-голубой 70мл для Epson Ecotank L
3852cs,3852,Чернила,,Чернила №101M Epson C13T03V34A пурпурный,Чернила 101M для Epson C13T03V34A пурпурный,Чернила G&G GG-C13T03V34A 101M пурпурный70мл для Epson L4150/L4160/L6160/L6170
5763cs,5763,Чернила,70,Чернила 108 для Epson светло-пурпурный,Чернила 108/008 LM для Epson светло-пурпурный 70 мл,Чернила Cactus CS-EPT09D6 057 C13T09D698 светло-пурпурный 70мл для Epson Ecotank
6452cs,6452,Чернила,135,Чернила GI-46PGBK Canon черные пигментные,Чернила GI-46PGBK для Canon 4411C001 черный 135 мл,Чернила Cactus CS-GI46BK черный пигментный135мл для Canon MAXIFY GX6040/GX7040
3851bs,3851,Чернила,,Чернила №101C Epson C13T03V24A голубой,Чернила 101C для Epson C13T03V24A голубой,"Blossom BS-T03V24A Емкость с чернилами для Epson L4150/L4160/L6160/L6170/L6190, "
3738cs,3738,Чернила,70,Чернила GT52 HP M0H54AE голубой,Чернила GT52 для HP M0H54AE голубой 70 мл,Чернила Cactus CS-GT52CB M0H54AE голубой 100мл для DeskJet GT 5810/5820/5812/582
2609bs,2609,Чернила,,Чернила T6643 MEpson C13T66434A пурпурный,Чернила T6643 M для Epson C13T66434A пурпурный,"Blossom BS-T6643/T6733-1L Чернила для Epson L100/L200/L800/L1800, magenta, 1000м"
3757at,3757,Чернила,70,Чернила GI-490M Canon 0665C001 пурпурный,Чернила GI-490M для Canon 0665C001 пурпурный 70 мл,$$_СРОЧНО Картридж для Canon GI490M Pixma G1400/2400/3400 Magenta 70 ml AQUAMARI
3847cs,3847,Чернила,,Чернила №103M Epson пурпурный,Чернила 103M для Epson C13T00S34A пурпурный,Чернила Cactus CS-EPT00S34A 103M пурпурный 70мл для Epson L1110 Ecotank/L3100/L3
6078cs,6078,Чернила,,Картридж №110Epson T03P14A черный пигмент,Чернила 110 для Epson C13T03P14A пигментные черный,Чернила Cactus CS-T03P14A 110 BK черный пигментный 140мл для Epson M1100/M1120/M
2607cs,2607,Чернила,,Чернила T664KEpson C13T66414A черный,Чернила T6641 K для Epson C13T66414A черный,"Чернила Cactus CS-T6641BK 664 черный 70мл для Epson L130,L110,L100,L220,L200,L31"
3183bt,3183,Чернила,,Чернила T6731 Epson C13T67314A черный,Чернила T6731 для Epson C13T67314A черный,"Контейнер с чернилами (с клапаном) БУЛАТ T6731, C13T67314A для Epson L800, Чёрны"
5656at,5656,Чернила,100,Чернила для HP водные Dye ink универсальные голубые,Чернила универсальные HP С 100 мл. IB-H100C голубой 100 мл,Чернила для HP водные Dye ink универсальные 100 ml cyan AQUAMARINE
2610cs,2610,Чернила,,Чернила T6644 Epson  желтый,Чернила T6644 Y для Epson C13T66444A желтый,Чернила Cactus CS-EPT6644 T6644 желтый 100мл для Epson L100/L110/L120/L132/L200/
2609cs,2609,Чернила,,Чернила T6643 Epson пурпурный,Чернила T6643 M для Epson C13T66434A пурпурный,Чернила Cactus CS-EPT6643 T6643 пурпурный 100мл для Epson L100/L110/L120/L132/L2
3186cs,3186,Чернила,,Чернила T6734 Epson желтый,Чернила T6734 для Epson C13T67344A желтый,Чернила Cactus CS-EPT6734 T6734 желтый 100мл для Epson L800/L810/L850/L1800
3757sk,3757,Чернила,70,Чернила GI-490M Canon 0665C001 пурпурный,Чернила GI-490M для Canon 0665C001 пурпурный 70 мл,"Чернила Sakura 0665C001 для Canon, пурпурный, 9000 к., 100 мл."
3757cs,3757,Чернила,70,Чернила GI-490M Canon 0665C001 пурпурный,Чернила GI-490M для Canon 0665C001 пурпурный 70 мл,Чернила Cactus CS-GI490MB GI-490 пурпурный 100мл для Canon Pixma G1400/G2400/G34
3848cs,3848,Чернила,,Чернила №103Y Epson желтый,Чернила 103Y для Epson C13T00S44A желтый,Чернила Cactus CS-EPT00S44A 103Y желтый 70мл для Epson L1110 Ecotank/L3100/L3101
3186cs,3186,Чернила,,Чернила T6734 Epson C13T67344A желтый,Чернила T6734 для Epson C13T67344A желтый,"Чернила G&G GG-T6734Y желтый 100мл для Epson L800, L805, L810, L850"
4428bs,4428,Чернила,,Чернила №106 Epson C13T00R140 черный,Чернила 106 для Epson C13T00R140 фото-черный,"Blossom BS-T00Q140 Емкость с чернилами для Epson L7160/L7180, pigment black, 140"
2609cs,2609,Чернила,,Чернила T6643 Epson пурпурный,Чернила T6643 M для Epson C13T66434A пурпурный,Чернила Cactus CS-EPT6643B T6643 пурпурный 100мл для Epson L100/L110/L120/L132/L
2609ct,2609,Чернила,,Чернила T6643 MEpson C13T66434A пурпурный,Чернила T6643 M для Epson C13T66434A пурпурный,Картридж T664M CT
3183cs,3183,Чернила,,Чернила T6731 Epson C13T67314A черный,Чернила T6731 для Epson C13T67314A черный,"Чернила G&G GG-T6731BK черный 100мл для Epson L800, L805, L810, L850"
3845cs,3845,Чернила,,Чернила №103BK для Epson C13T00S14A черный,Чернила 103BK для Epson C13T00S14A черный,Чернила Cactus CS-EPT00V1 003 C13T00V198 черный 70мл для Epson Ecotank L1110/L31
3846cs,3846,Чернила,,Чернила №103C для Epson C13T00S24A голубой,Чернила 103C для Epson C13T00S24A голубой,Чернила Cactus CS-EPT00V2 003 C13T00V298 голубой 70мл для Epson Ecotank L1110/L3
6459at,6459,Чернила,70,Чернила 115 для Epson желтые,Чернила 115Y для Epson C13T07D44A желтый 70 мл,СРОЧНО Чернила для Epson C13T07D44A  EcoTank  L8160/L8180 115 Yellow 70 ml AQUAM
6240t2,6240,Чернила,100,Чернила универсальные Brother 100 мл. IB-B100C голубой,Чернила универсальные Brother 100 мл. голубой 100 мл,"IB-B100C Чернила T2 универсальные для Brother, цвет голубой (100мл.)"
3184cs,3184,Чернила,,Чернила T6732 Epson голубой,Чернила T6732 для Epson C13T67324A голубой,Чернила Cactus CS-EPT6732B T6732 голубой 100мл для Epson Epson L800/L810/L850/L1
5649at,5649,Чернила,100,Чернила для Epson водные Dye ink универсальные голубой,Чернила универсальные Epson С 100 мл. голубой 100 мл,Чернила для Epson водные Dye ink универсальные 100 ml cyan AQUAMARINE
6455at,6455,Чернила,70,Чернила 115 для Epson черные пигментные,Чернила 115PGBK для Epson C13T07C14A черный 70 мл,СРОЧНО Чернила для Epson C13T07C14A  EcoTank  L8160/L8180 115 Black pigment 70 m
3490cs,3490,Чернила,,Чернила T6736 Epson светло-пурпурный,Чернила T6736 для Epson C13T67364A светло-пурпурный,Чернила Cactus CS-EPT6736B T6736 светло-пурпурный 100мл для Epson L800/L810/L850
4418cs,4418,Чернила,,Чернила GI-40Y Canon желтый,Чернила GI-40Y для Canon 3402C001 желтый,Чернила Cactus CS-GI40Y GI-40 желтый 70мл для Canon Pixma G5040/G6040/GM2040
3853sp,3853,Чернила,,Чернила №101Y Epson C13T03V44A желтый,Чернила 101Y для Epson C13T03V44A желтый,"Чернила SP 101/103Y (C13T03V44A/C13T00S44A) для Epson (желтые, 100ml)"
3739cs,3739,Чернила,70,Чернила GT52 HP M0H55AE пурпурный,Чернила GT52 для HP M0H55AE пурпурный 70 мл,Чернила G&G GG-GT52M пурпурный100мл для HP Ink Tank 110/115/116/118/310/315/316/
5413cs,5413,Чернила,135,Чернила GI-41Bk Canon черный,Чернила GI-41Bk для Canon черный 135 мл,Чернила Cactus CS-GI41PGBK GI-41 PGBK черный пигментный 140мл для Canon PIXMA G1
3853sp,3853,Чернила,,Чернила №101Y Epson C13T03V44A желтый,Чернила 101Y для Epson C13T03V44A желтый,Чернила водорастворимые SK-E-101 Y 6k 70ml SP
2608sk,2608,Чернила,,Чернила T6642 CEpson C13T66424A голубой,Чернила T6642 C для Epson C13T66424A голубой,"Контейнер с чернилами Sakura C13T66424A (664 BK) для Epson, голубой, 6500 к., 70"
3850at,3850,Чернила,,Чернила №101BK Epson C13T03V14A черный,Чернила 101BK для Epson C13T03V14A черный,Картридж для Epson T03V14A L4150/L6160/L14150 ЧЕРНИЛА Black 140 ml AQUAMARINE (С
3755sp,3755,Чернила,135,Чернила GI-490PGBK Canon 0663C001 черный,Чернила GI-490PGBK для Canon 0663C001 черный 135 мл,Чернила для Canon GI490Bk Pixma G1400/2400/3400 Black 135 ml SP
3183cs,3183,Чернила,,Чернила T6731 Epson черный,Чернила T6731 для Epson C13T67314A черный,Чернила Cactus CS-EPT6731 T6731 черный 100мл для Epson L800/L810/L850/L1800
3845sf,3845,Чернила,,Чернила №103BK Epson C13T00S14A черный,Чернила 103BK для Epson C13T00S14A черный,"Чернила Epson T00S14A L1100/L3100/L5190 Black 4,5K SuperFine"
7181cs,7181,Тонер,300,Тонер TK-17 / TK-18 / TK-100 черный флакон 300гр. для принтеров Kyocera,Тонер TK-17 / TK-18 / TK-100 для Kyocera черный 300 г,Тонер Cactus CS-TKY-300 черный флакон 300гр. для принтера Kyocera Universal TK-1
7182cs,7182,Тонер,300,Тонер TK-1130 черный флакон 300гр. для принтеров Kyocera,Тонер TK-1130 для Kyocera черный 300 г,Тонер Cactus CS-TKY-300 черный флакон 300гр. для принтера Kyocera Universal TK-1
7183cs,7183,Тонер,300,Тонер TK-1140 черный флакон 300гр. для принтеров Kyocera,Тонер TK-1140 для Kyocera черный 300 г,Тонер Cactus CS-TKY-300 черный флакон 300гр. для принтера Kyocera Universal TK-1
3853sk,3853,Чернила,,Чернила №101Y Epson C13T03V44A желтый,Чернила 101Y для Epson C13T03V44A желтый,"Контейнер с чернилами Sakura C13T03V44A (101 Y) для Epson, желтый, 6000 к., 70 м"
7184cs,7184,Тонер,300,Тонер TK-1170 черный флакон 300гр. для принтеров Kyocera,Тонер TK-1170 для Kyocera черный 300 г,Тонер Cactus CS-TKY-300 черный флакон 300гр. для принтера Kyocera Universal TK-1
3843sk,3843,Чернила,,Чернила BT5000Y Brother желтый,Чернила BT5000Y для Brother желтый,"Чернила Sakura BT5000Y для Brother, желтый, 10000 к., 100 мл."
3855at,3855,Чернила,,Чернила №774BK Epson C13T77414A №774 BK черный,Чернила 774BK для Epson C13T77414A черный,СРОЧНО Картридж для Epson T7741 EcoTank M100/200/ L605/L1455 Dye Black 140 ml  A
5656t2,5656,Чернила,100,Чернила универсальные HP С 100 мл. IB-H100C голубой,Чернила универсальные HP С 100 мл. IB-H100C голубой 100 мл,"IB-H100C Чернила T2 универсальные для HP и Lexmark, цвет голубой (100мл.)"
3757cs,3757,Чернила,70,Чернила GI-490M Canon 0665C001 пурпурный,Чернила GI-490M для Canon 0665C001 пурпурный 70 мл,Чернила Cactus CS-GI490M GI-490 пурпурный 100мл для Canon Pixma G1400/G2400/G340
3758cs,3758,Чернила,70,Чернила GI-490Y Canon 0666C001 желтый,Чернила GI-490Y для Canon 0666C001 желтый 70 мл,Чернила Cactus CS-GI490Y GI-490 желтый 100мл для Canon Pixma G1400/G2400/G3400
3489cs,3489,Чернила,,Чернила T6735 Epson светло-голубой,Чернила T6735 для Epson C13T67354A светло-голубой,Чернила Cactus CS-EPT6735 T6735 светло-голубой 100мл для Epson L800/L810/L850/L1
7102cs,7102,Тонер,90,Заправочный комплект CF283X Samsung черный с чипом,Тонер MLT-D101S для Samsung черный с чипом 90 г,Тонер Cactus CS-RK-MLT-D101S черный флакон 90гр. (в компл.:чип) для принтера Sam
5307sk,5307,Тонер,380,Заправочный комплект TL-5120X Pantum тонер 380 гр. + чип,Тонер TL-5120X для Pantum черный с чипом XL ресурс 380 г,"Заправочный комплект тонера с чипом Sakura ZKTN-5120X  для Pantum , черный, 380г"
6459cs,6459,Чернила,70,Чернила 115 для Epson желтые,Чернила 115Y для Epson C13T07D44A желтый 70 мл,Чернила Cactus CS-EPT07D44 115Y желтый70мл для Epson ECOTANK L8160/8180
2608cs,2608,Чернила,,Чернила T6642 Epson  голубой,Чернила T6642 C для Epson C13T66424A голубой,Чернила Cactus CS-EPT6642 T6642 голубой 100мл для Epson L100/L110/L120/L132/L200
3490bt,3490,Чернила,,Чернила T6736 Epson C13T67364A светло-пурпурный,Чернила T6736 для Epson C13T67364A светло-пурпурный,Контейнер с чернилами (с клапаном) Epson L800 T6736/C13T67364A Light Magenta (10
3739cs,3739,Чернила,70,Чернила GT52 HP M0H55AE пурпурный,Чернила GT52 для HP M0H55AE пурпурный 70 мл,Чернила Cactus CS-GT52MB M0H55AE пурпурный 100мл для HP DeskJet GT 5810/5820/581
6747cs,6747,Чернила,100,Чернила №305 HP 3YM61BK черный,Чернила 305 для HP 3YM60BK черный 100 мл,Чернила Cactus CS-I-3YM61BK №305 черный 100мл для HP DeskJet 2710/2120/2721/2722
6367bt,6367,Чернила,135,Чернила GT53XL HP 1VV21AA черный XL ресурс,Чернила GT53XL для HP черный XL ресурс 135 мл,Чернила HP InkTank 319/419/SmartTank 500/615 GT53XL (1VV21AA/AE/AN/AL) Black (6k
2608sp,2608,Чернила,,Чернила T6642 CEpson C13T66424A голубой,Чернила T6642 C для Epson C13T66424A голубой,"Чернила водорастворимые SK-E-T6642 C 6,5k 70ml SP"
5763cs,5763,Чернила,70,Чернила 108 для Epson светло-пурпурный,Чернила 108/008 LM для Epson светло-пурпурный 70 мл,Чернила Cactus CS-EPT09C64 108 светло-пурпурный70мл для Epson Ecotank L8050/L180
5650t2,5650,Чернила,100,"IB-E100LC Чернила T2 универсальные для Epson, цвет светло-голубой (100мл.)",Чернила универсальные Epson LС 100 мл. светло-голубой 100 мл,"IB-E100LC Чернила T2 универсальные для Epson, цвет светло-голубой (100мл.)"
7104cs,7104,Тонер,80,Заправочный комплект TK1110 Kyocera черный с чипом,Тонер TK-1110 для Kyocera черный с чипом 80 г,Тонер Cactus CS-RK-TK1110 черный флакон 80гр. (в компл.:чип) для принтера Kyocer
7105cs,7105,Тонер,95,Заправочный комплект TK1120 Kyocera черный с чипом,Тонер TK-1120 для Kyocera черный с чипом 95 г,Тонер Cactus CS-RK-TK1120 черный флакон 95гр. (в компл.:чип) для принтера Kyocer
5759cs,5759,Чернила,70,Чернила 108 для Epson голубой,Чернила 108/008 C для Epson C13T09C24A голубой 70 мл,Чернила Cactus CS-EPT09C24 108 голубой70мл для Epson Ecotank L8050/L18050
7110cs,7110,Тонер,35,Заправочный комплект W1106A HP черный с чипом,Тонер W1106A для HP черный с чипом 35 г,Тонер Cactus CS-RK-W1106A черный флакон 35гр. (в компл.:чип) для принтера HP Las
3186cs,3186,Чернила,,Чернила T6734 Epson желтый,Чернила T6734 для Epson C13T67344A желтый,Чернила Cactus CS-EPT6734B T6734 желтый 100мл для Epson L800/L810/L850/L1800
7142cs,7142,Тонер,100,Тонер TK-5270/TK-8335/TK-8345/TK-8515/TK-8525/TK-8800 для Kyocera черный 100 г,Тонер TK5270/TK8335/TK8345/TK8515/TK8525/TK8800 для Kyocera черный 100 г,Тонер Cactus CS-TKYCU2BK-LT-100 черный флакон 100гр. для принтера Kyocera Color 
5414cs,5414,Чернила,70,Чернила GI-41C Canon голубой,Чернила GI-41C для Canon 4543C001 голубой 70 мл,Чернила Cactus CS-GI41C GI-41 C голубой 70мл для Canon PIXMA G1420/G2420/G2460/G
3738cs,3738,Чернила,70,Чернила GT52 HP M0H54AE голубой,Чернила GT52 для HP M0H54AE голубой 70 мл,Чернила Cactus CS-M0H54AE GT52 голубой 70мл для HP Ink Tank 110/115/116/118/310/
7144cs,7144,Тонер,100,Тонер TK-4105/TK-4145/TK-7310/TK-475/TK-7205/TK-7125 для Kyocera пурпурный 100 г,Тонер TK5270/TK8335/TK8345/TK8515/TK8525/TK8800 для Kyocera пурпурный 100 г,Тонер Cactus CS-TKYCU2M-LT-100 пурпурный флакон 100гр. для принтера Kyocera Colo
7145cs,7145,Тонер,100,Тонер TK-5270/TK-8335/TK-8345/TK-8515/TK-8525/TK-8800 для Kyocera желтый 100 г,Тонер TK5270/TK8335/TK8345/TK8515/TK8525/TK8800 для Kyocera желтый 100 г,Тонер Cactus CS-TKYCU2Y-LT-100 желтый флакон 100гр. для принтера Kyocera Color U
6456at,6456,Чернила,70,Чернила 115 для Epson фото черные,Чернила 115PBK для Epson C13T07D14A фото-черный 70 мл,Чернила для Epson C13T07D14A  EcoTank  L8160/L8180 115 PhotoBlackt 70 ml AQUAMAR
3845at,3845,Чернила,,Чернила №103BK Epson C13T00S14A черный,Чернила 103BK для Epson C13T00S14A черный,Картридж для Epson T00S14A L1100/L3100/L5190 ЧЕРНИЛА Black 70 ml AQUAMARINE (Сов
3737cs,3737,Чернила,90,Чернила GT51 HP M0H57AE черный,Чернила GT51 для HP M0H57AE черный 90 мл,Чернила Cactus CS-M0H57AE GT51 черный 90мл для HP Ink Tank 110/115/116/118/310/3
5657t2,5657,Чернила,100,Чернила универсальные HP M 100 мл. IB-H100M пурпурный,Чернила универсальные HP M 100 мл. IB-H100M пурпурный 100 мл,"IB-H100M Чернила T2 универсальные для HP и Lexmark, цвет пурпурный (100мл.)"
3843cs,3843,Чернила,,Чернила BT5000Y Brother желтый,Чернила BT5000Y для Brother желтый,Чернила Cactus CS-I-BT5000Y желтый 100мл для Brother DCP-T300/T500W/T700W/MFC-T8
3756at,3756,Чернила,70,Чернила GI-490C Canon 0664C001 голубой,Чернила GI-490C для Canon 0664C001 голубой 70 мл,СРОЧНО Картридж для Canon GI490C Pixma G1400/2400/3400 Cyan 70 ml AQUAMARINE (Со
2608cs,2608,Чернила,,Чернила T6642 Epson  голубой,Чернила T6642 C для Epson C13T66424A голубой,Чернила Cactus CS-EPT6642B T6642 голубой 100мл для Epson L100/L110/L120/L132/L20
4429cs,4429,Чернила,,Чернила №106 Epson C13T00R240 голубой,Чернила 106 для Epson C13T00R240 голубой,Чернила G&G GG-C13T00R240 голубой 70мл для Epson EcoTank 7700/7750
3489cs,3489,Чернила,,Чернила T6735 Epson C13T67354A светло-голубой,Чернила T6735 для Epson C13T67354A светло-голубой,"Чернила G&G GG-T6735LC светло-голубой 100мл для Epson L800, L805, L810, L850"
3852bs,3852,Чернила,,Чернила №101M Epson C13T03V34A пурпурный,Чернила 101M для Epson C13T03V34A пурпурный,"Blossom BS-T03V34A  Емкость с чернилами для Epson L4150/L4160/L6160/L6170/L6190,"
3843cs,3843,Чернила,,Чернила BT5000Y Brother желтый,Чернила BT5000Y для Brother желтый,"Чернила G&G GG-BT5000Y желтый70мл для Brother HL-T4000DW, DCP-T510W, DCP-T710W, "
5696bt,5696,Чернила,140,Чернила T7741 MEpson C13T77414A черный,Чернила T7741 для Epson черный 140 мл,"Чернила T7741, C13T77414A для Epson L1455, L605 , M100 (банка с колпачком), Чёрн"
2610sp,2610,Чернила,,Чернила T6644 YEpson C13T66444A желтый,Чернила T6644 Y для Epson C13T66444A желтый,"Чернила SP T6644 (C13T66444A)/T6734 (C13T67344A) желтые,100ml"
3840cs,3840,Чернила,,Чернила BT6000BK Brother черный,Чернила BT6000BK для Brother черный,Чернила G&G GG-BT6000BK черный108мл для Brother DCP-T300/T500W/T700W/MFC-T800W
4431bs,4431,Чернила,,Чернила №106 Epson C13T00R440 желтый,Чернила 106 для Epson C13T00R440 желтый,"Blossom BS-T00R440 Емкость с чернилами для Epson L7160/L7180, yellow, 70 мл."
3756sp,3756,Чернила,70,Чернила GI-490C Canon 0664C001 голубой,Чернила GI-490C для Canon 0664C001 голубой 70 мл,"Чернила SP GI-490C (0664C001) для Canon (голубой, 100 мл)"
3850sp,3850,Чернила,,Чернила №101BK Epson C13T03V14A черный,Чернила 101BK для Epson C13T03V14A черный,"Чернила SP-101/103Bk (C13T03V14A/C13T00S14A) для Epson (черные, 140ml)"
3184pl,3184,Чернила,,Чернила T6732 Epson C13T67324A голубой,Чернила T6732 для Epson C13T67324A голубой,Чернила Epson T6642/T6732 Cyan PL
4430cs,4430,Чернила,,Чернила №106 Epson C13T00R340 пурпурный,Чернила 106 для Epson C13T00R340 пурпурный,Чернила G&G GG-C13T00R340 пурпурный 70мл для Epson EcoTank 7700/7750
3850sp,3850,Чернила,,Чернила №101BK Epson C13T03V14A черный,Чернила 101BK для Epson C13T03V14A черный,Чернила пигментные SK-E-101 Bk 15k 127ml SP
5885sk,5885,Чернила,60,Чернила GI-43Y для Canon желтый,Чернила GI-43Y для Canon 4689C001 желтый 60 мл,"Чернила Sakura 4689C001 (GI-43Y) для Canon PIXMA G540/G640, желтый, водораствори"
2607sp,2607,Чернила,,Чернила T664KEpson C13T66414A черный,Чернила T6641 K для Epson C13T66414A черный,Чернила водорастворимые SK-E-T6641 Bk 4k 70ml SP
3851sp,3851,Чернила,,Чернила №101C Epson C13T03V24A голубой,Чернила 101C для Epson C13T03V24A голубой,Чернила водорастворимые SK-E-101 C 6k 70ml SP
3852sp,3852,Чернила,,Чернила №101M Epson C13T03V34A пурпурный,Чернила 101M для Epson C13T03V34A пурпурный,"Чернила SP 101/103М (C13T03V34A/C13T00S34A) для Epson (пурпурные, 100ml)"
3183sp,3183,Чернила,,Чернила T6731 Epson C13T67314A черный,Чернила T6731 для Epson C13T67314A черный,"Чернила водорастворимые SK-E-T6731 Bk 1,8k 70ml SP"
2609sp,2609,Чернила,,Чернила T6643 MEpson C13T66434A пурпурный,Чернила T6643 M для Epson C13T66434A пурпурный,"Чернила водорастворимые SK-E-T6643 M 6,5k 70ml SP"
5317cs,5317,Тонер,200,Заправочный комплект TL-5120H Pantum тонер 200 гр. + чип,Тонер TL-5120H для Pantum черный с чипом 200 г,Тонер Cactus CS-RK-TL-5120H черный флакон 200гр. (в компл.:чип) для принтера Pan
5758cs,5758,Чернила,70,Чернила 108 для Epson черный,Чернила 108/008 BK для Epson C13T09C14A черный 70 мл,Чернила Cactus CS-EPT09C14 108 черный70мл для Epson Ecotank L8050/L18050
3184cs,3184,Чернила,,Чернила T6732 Epson голубой,Чернила T6732 для Epson C13T67324A голубой,Чернила Cactus CS-EPT6732 T6732 голубой 100мл для Epson Epson L800/L810/L850/L18
3186sp,3186,Чернила,,Чернила T6734 Epson C13T67344A желтый,Чернила T6734 для Epson C13T67344A желтый,"Чернила водорастворимые SK-E-T6734 Y 1,8k 70ml SP"
3737cs,3737,Чернила,90,Чернила GT51 HP M0H57AE черный,Чернила GT51 для HP M0H57AE черный 90 мл,Чернила Cactus CS-GT51BK M0H57AE черный 100мл для DeskJet GT 5810/5820/5812/5822
5693cs,5693,Чернила,100,Чернила BTD60BK Brother черный,Чернила BTD60BK для Brother черный 100 мл,Чернила Cactus CS-I-BTD60BK черный100мл для Brother DCP-T310/510/710/810
3740cs,3740,Чернила,70,Чернила GT52 HP M0H56AE желтый,Чернила GT52 для HP M0H56AE желтый 70 мл,Чернила Cactus CS-M0H56AE GT52 желтый 70мл для HP Ink Tank 110/115/116/118/310/3
3489cs,3489,Чернила,,Чернила T6735 Epson C13T67354A светло-голубой,Чернила T6735 для Epson C13T67354A светло-голубой,Чернила Cactus CS-T6735LC 673 светло-голубой 70мл для Epson Inkjet Photo L800/L8
3490cs,3490,Чернила,,Чернила T6736 Epson C13T67364A светло-пурпурные,Чернила T6736 для Epson C13T67364A светло-пурпурный,Чернила Cactus CS-T6736LM 673 светло-пурпурный 70мл для Epson Inkjet Photo L800/
5227sk,5227,Чернила,100,Чернила 112 Epson C13T06C44A желтый,Чернила 112 для Epson C13T06C44A желтый 100 мл,"C13T06C44A (112 Y) контейнер с чернилами Sakura для Epson, желтый, 100 мл."
3842cs,3842,Чернила,,Чернила BT5000M Brother пурпурный,Чернила BT5000M для Brother пурпурный,"Чернила G&G GG-BT5000M пурпурный70мл для Brother HL-T4000DW, DCP-T510W, DCP-T710"
3739sk,3739,Чернила,70,Чернила GT52 HP M0H55AE пурпурный,Чернила GT52 для HP M0H55AE пурпурный 70 мл,"Чернила Sakura M0H55AE (№GT52 Magenta) для HP, пурпурный, 70 мл., 8000 к."
3758bs,3758,Чернила,70,Чернила GI-490Y Canon 0666C001 желтый,Чернила GI-490Y для Canon 0666C001 желтый 70 мл,"Blossom BS-GI490Y Емкость с чернилами для Canon PIXMA G1400/G2400/G3400, yellow"
3755cs,3755,Чернила,135,Чернила GI-490BK Canon 0663C001 черный,Чернила GI-490PGBK для Canon 0663C001 черный 135 мл,Чернила G&G GG-GI-490BK GI-490 черный пигментный 140мл для Canon Pixma G1400/G24
3739bs,3739,Чернила,70,Чернила GT52 HP M0H55AE пурпурный,Чернила GT52 для HP M0H55AE пурпурный 70 мл,Blossom BS-M0H55AE (GT52XL) Ёмкость с чернилами для HP DeskJet GT 5810/5820/Ink 
3740cs,3740,Чернила,70,Чернила GT52 HP M0H56AE желтый,Чернила GT52 для HP M0H56AE желтый 70 мл,Чернила G&G GG-GT52Y желтый100мл для HP Ink Tank 110/115/116/118/310/315/316/318
3740bs,3740,Чернила,70,Чернила GT52 HP M0H56AE желтый,Чернила GT52 для HP M0H56AE желтый 70 мл,Blossom BS-M0H56AE (GT52XL) Ёмкость с чернилами для HP DeskJet GT 5810/5820/Ink 
3183cs,3183,Чернила,,Чернила T6641K Epson C13T66414A черный,Чернила T6731 для Epson C13T67314A черный,"Чернила G&G GG-T6641BK черный 100мл для Epson L100, L110, L120, L130, L132, L210"
2608cs,2608,Чернила,,Чернила T6642C Epson C13T66424A голубой,Чернила T6642 C для Epson C13T66424A голубой,"Чернила G&G GG-T6642C голубой 100мл для Epson L100, L110, L120, L130, L132, L210"
2609cs,2609,Чернила,,Чернила T6643 MEpson C13T66434A пурпурный,Чернила T6643 M для Epson C13T66434A пурпурный,"Чернила G&G GG-T6643M пурпурный 100мл для Epson L100, L110, L120, L130, L132, L2"
3184cs,3184,Чернила,,Чернила T6732 Epson C13T67324A голубой,Чернила T6732 для Epson C13T67324A голубой,"Чернила G&G GG-T6732C голубой 100мл для Epson L800, L805, L810, L850"
3258-or,3258,Тонер,290,Тонер TN-420X для Pantum черный с чипом XL ресурс,Тонер TN-420X для Pantum черный с чипом XL ресурс 290 г,Тонер Pantum TN-420X черный флакон (в компл.:чип) для принтера Series P3010/M670
5655at,5655,Чернила,100,Чернила для HP водные Dye ink универсальные черные,Чернила универсальные HP BK 100 мл. IB-H100BK черный 100 мл,Чернила для HP водные Dye ink универсальные 100 ml black AQUAMARINE
3185cs,3185,Чернила,,Чернила T6733 Epson C13T67334A пурпурный,Чернила T6733 для Epson C13T67334A пурпурный,"Чернила G&G GG-T6733M пурпурный 100мл для Epson L800, L805, L810, L850"
3845bs,3845,Чернила,,Чернила №103BK Epson C13T00S14A черный,Чернила 103BK для Epson C13T00S14A черный,Blossom BS-T00S14A Ёмкость с чернилами для Epson L1110/L3151/L1110 Ecotank/L3100
3490cs,3490,Чернила,,Чернила T6736 Epson C13T67364A светло-пурпурные,Чернила T6736 для Epson C13T67364A светло-пурпурный,"Чернила G&G GG-T6736LM светло-пурпурный 100мл для Epson L800, L805, L810, L850"
3847bs,3847,Чернила,,Чернила №103M Epson C13T00S34A пурпурный,Чернила 103M для Epson C13T00S34A пурпурный,Blossom BS-T00S34A Ёмкость с чернилами для Epson L1110/L3151/L1110 Ecotank/L3100
3848bs,3848,Чернила,,Чернила №103Y Epson C13T00S44A желтый,Чернила 103Y для Epson C13T00S44A желтый,Blossom BS-T00S44A Ёмкость с чернилами для Epson L1110/L3151/L1110 Ecotank/L3100
3850bs,3850,Чернила,,Чернила №101BK Epson C13T03V14A черный,Чернила 101BK для Epson C13T03V14A черный,"Blossom BS-T03V14A Емкость с чернилами для Epson L4150/L4160/L6160/L6170/L6190, "
2608bs,2608,Чернила,,Чернила T6642 CEpson C13T66424A голубой,Чернила T6642 C для Epson C13T66424A голубой,"Blossom BS-T6642/T6732-1L Чернила для Epson L100/L200/L800/L1800, cyan, 1000мл."
5027bs,5027,Чернила,1000,Чернила T6735-1L для Epson светло-голубой,Чернила T6735-1L для Epson светло-голубой 1000 мл,"Blossom BS-T6735-1L Чернила для Epson L800/L1800, ight cyan, 1000мл."
3842sp,3842,Чернила,,Чернила BT5000M Brother пурпурный,Чернила BT5000M для Brother пурпурный,"Чернила SP BT5000M для Brother (пурпурный, 100 мл)"
3185sk,3185,Чернила,,Чернила T6733 Epson C13T67334A пурпурный,Чернила T6733 для Epson C13T67334A пурпурный,"Контейнер с чернилами Sakura C13T67334A (673 M) для Epson, пурпурный, 5400 к., 7"
4418at,4418,Чернила,,Чернила GI-40Y Canon желтый,Чернила GI-40Y для Canon 3402C001 желтый,Чернила для Canon GI40Y Pixma G5040/G6040/GM2040 Yellow 70 ml AQUAMARINE
6460at,6460,Чернила,70,Чернила 115 для Epson серые,Чернила 115GY для Epson C13T07D54A серый 70 мл,Чернила для Epson C13T07D54A  EcoTank  L8160/L8180 115 Gray 70 ml AQUAMARINE
6242t2,6242,Чернила,100,Чернила универсальные Brother 100 мл. IB-B100Y желтый,Чернила универсальные Brother 100 мл. IB-B100Y желтый 100 мл,"IB-B100Y Чернила T2 универсальные для Brother, цвет желтый (100мл.)"
3737sp,3737,Чернила,90,Чернила GT51 HP M0H57AE черный,Чернила GT51 для HP M0H57AE черный 90 мл,"Чернила водорастворимые SP GT51 (M0H57AE) для HP (черный, 100 мл)"
3739sp,3739,Чернила,70,Чернила GT52 HP M0H55AE пурпурный,Чернила GT52 для HP M0H55AE пурпурный 70 мл,"Чернила SP GT52 (M0H55AE) для HP (пурпурный, 70 мл)"
5647t2,5647,Чернила,100,Чернила универсальные пигментные Canon BK 100 мл. черный,Чернила универсальные пигментные Canon BK 100 мл. черный 100 мл,"IB-C100BK_PG Чернила T2 универсальные для Canon, цвет черный, пигментные (100мл."
7152cs,7152,Тонер,100,Тонер TK‑5230/TK‑5240/TK‑8115/TK‑5220/TK‑5270/TK‑8305/TK‑8315/TK‑8505/TK‑8600 для Kyocera черный 100 г,Тонер TK‑5230 / TK‑5240 / TK‑8305/ TK‑5220 для Kyocera черный 100 г,Тонер Cactus CS-TKYCUBK-100 черный флакон 100гр. для принтера Kyocera Color Univ
7159cs,7159,Тонер,120,Тонер MLT-D119S/MLT-D115S/SCX-4200D3/MLT-D117S для Samsung черный 120 г,Тонер MLT-D119S MLT-D115S SCX-4200D3 MLT-D117S для Samsung черный 120 г,Тонер Cactus CS-TSG1-120 черный флакон 120гр. для принтера MLT-D119S/MLT-D115S/S
7153cs,7153,Тонер,100,Тонер TK‑5230/TK‑5240/TK‑8115/TK‑5220/TK‑5270/TK‑8305/TK‑8315/TK‑8505/TK‑8600 для Kyocera голубой 100 г,Тонер TK‑5230 / TK‑5240 / TK‑8305 / TK‑5220 для Kyocera голубой 100 г,Тонер Cactus CS-TKYCUC-100 голубой флакон 100гр. для принтера Kyocera Color Univ
7154cs,7154,Тонер,100,Тонер TK‑5230/TK‑5240/TK‑8115/TK‑5220/TK‑5270/TK‑8305/TK‑8315/TK‑8505/TK‑8600 для Kyocera пурпурный 100 г,Тонер TK‑5230 / TK‑5240 / TK‑8305 / TK‑5220 для Kyocera пурпурный 100 г,Тонер Cactus CS-TKYCUM-100 пурпурный флакон 100гр. для принтера Kyocera Color Un
7157cs,7157,Тонер,100,Тонер PC-211P/PC-211EV/TL-420/TL-5120 для Pantum черные 100 г,Тонер PC-211P/PC-211EV/TL-420/TL-5120 для Pantum черный 100 г,Тонер Cactus CS-TPA211-100 черный флакон 100гр. для принтера Pantum PC-211/TL-42
5762sk,5762,Чернила,70,"Контейнер с чернилами C13T09C54A (108/008 LC) для Epson,светло-голубой, 70 мл.",Чернила 108/008 LC для Epson C13T09C54A светло-голубой 70 мл,"Контейнер с чернилами Sakura C13T09C54A (108/008 LC) для Epson,светло-голубой, 7"
5648at,5648,Чернила,100,Чернила для Epson водные Dye ink универсальные черный,Чернила универсальные Epson BK 100 мл. черный 100 мл,Чернила для Epson водные Dye ink универсальные 100 ml black AQUAMARINE
3738sp,3738,Чернила,70,Чернила GT52 HP M0H54AE голубой,Чернила GT52 для HP M0H54AE голубой 70 мл,"Чернила SP GT52 (M0H54AE) для HP (голубой, 100 мл)"
6456bt,6456,Чернила,70,Чернила 115PBK для Epson C13T07D14A фото-черный,Чернила 115PBK для Epson C13T07D14A фото-черный 70 мл,"Чернила БУЛАТ 115, C13T07D14A для Epson L8160 , L8180 (банка с колпачком), Чёрны"
3848at,3848,Чернила,,Чернила №103Y Epson C13T00S44A желтый,Чернила 103Y для Epson C13T00S44A желтый,СРОЧНО Картридж для Epson T00S44A L1100/L3100/L5190 ЧЕРНИЛА Yellow 70 ml  AQUAMA
7119cs,7119,Тонер,100,Тонер CF540X/CF400X/CF410X для HP голубой 100 г,Тонер CF541X / CF401X / CF411X для HP голубой XL ресурс 100 г,Тонер Cactus CS-THPCHUС-100 голубой флакон 100гр. для принтера HP Color Universa
3840sp,3840,Чернила,,Чернила BT6000BK Brother черный,Чернила BT6000BK для Brother черный,"Чернила SK-BT6000 для Brother (черный, 100 мл)"
3740at,3740,Чернила,70,Чернила GT52 HP M0H56AE желтый,Чернила GT52 для HP M0H56AE желтый 70 мл,Чернила (InkTank) для HP M0H56AE GT58xx/InkTank110 (70мл.) Yellow AQUAMARINE (Со
3185ct,3185,Чернила,,Чернила T6733 Epson C13T67334A пурпурный,Чернила T6733 для Epson C13T67334A пурпурный,Картридж T6733A/T6643A M CT
4550,4550,Чернила,70,Чернила №101 /001 Epson C13T03Y200 голубой,Чернила T101 /001 для Epson C13T03Y200 голубой 70 мл,Контейнер с чернилами C13T03Y200 (№101/001C) голубой
3490sp,3490,Чернила,,"Чернила SK-E-T6736 LM (C13T67364A) для Epson, светло-пурпурные (70 ml)",Чернила T6736 для Epson C13T67364A светло-пурпурный,"Чернила SK-E-T6736 LM (C13T67364A) для Epson, светло-пурпурные (70 ml)"
5660at,5660,Чернила,100,Чернила для HP пигментные Pigment ink универсальные черные,Чернила универсальные пигментные HP BK 100 мл. черный 100 мл,Чернила для HP пигментные Pigment ink универсальные 100 ml black AQUAMARINE
5305nv,5305,Тонер,60,Заправочный комплект MLT-D111L Samsung тонер 60 гр. + чип черный,Тонер MLT-D111L для Samsung черный с чипом 60 г,"Заправочный комплект NV PRINT для Samsung MLT-D111L, 60 гр, 1800 стр (тонер + чи"
5307nv,5307,Тонер,380,Заправочный комплект TL-5120X Pantum тонер 380 гр. + чип,Тонер TL-5120X для Pantum черный с чипом XL ресурс 380 г,"Заправочный комплект NV PRINT Pantum TL-5120X (PB5100, PM5100), 380 гр, 15 000 с"
4429cs,4429,Чернила,,Чернила №106 Epson голубой,Чернила 106 для Epson C13T00R240 голубой,Чернила Cactus CS-EPT00R240 106C голубой 70мл для Epson L7160/L7180
4430cs,4430,Чернила,,Чернила №106 Epson пурпурный,Чернила 106 для Epson C13T00R340 пурпурный,Чернила Cactus CS-EPT00R340 106M пурпурный 70мл для Epson L7160/L7180
4431cs,4431,Чернила,,Чернила №106 Epson желтый,Чернила 106 для Epson C13T00R440 желтый,Чернила Cactus CS-EPT00R440 106Y желтый 70мл для Epson L7160/L7180
5306nv,5306,Тонер,80,Заправочный комплект SCX-4200 Samsung тонер 80 гр. + чип черный,Тонер SCX-4200 для Samsung черный с чипом 80 г,"Заправочный комплект NV PRINT для Samsung SCX-4200, 80 гр, 3000 стр (тонер + чип"
3845cs,3845,Чернила,,Чернила №103BK Epson черный,Чернила 103BK для Epson C13T00S14A черный,Чернила Cactus CS-EPT00S14A 103BK черный 70мл для Epson L1110 Ecotank/L3100/L310
3846cs,3846,Чернила,,Чернила №103C Epson голубой,Чернила 103C для Epson C13T00S24A голубой,Чернила Cactus CS-EPT00S24A 103C голубой 70мл для Epson L1110 Ecotank/L3100/L310
7116cs,7116,Тонер,100,Тонер CF218A/CF230A/CF230X/CF233A/047/051 для HP черный 100 г,Тонер CB435A/CB436A/CE278A/CE285A/CF283A/CF244A для HP черный 100 г,Тонер Cactus CS-THP10-100 черный флакон 100гр. для принтера HP CF218A/CF230A/CF2
7117cs,7117,Тонер,75,Тонер CB435A/CB436A/CE278A/CE285A/CF283A/CF244A/CF283X для HP черный 75 г,Тонер W1470/CF237/CF281/CE390/CC364/CF214/C8543/Q5942 для HP черный 75 г,Тонер Cactus CS-THP4-75 черный флакон 75гр. для принтера CB436A/CE278A/CE285A/CF
7119cs,7119,Тонер,100,Тонер CF540X/CF400X/CF410X для HP черный 100 г,Тонер CF541X / CF401X / CF411X для HP голубой XL ресурс 100 г,Тонер Cactus CS-THPCHUBK-100 черный флакон 100гр. для принтера HP Color Universa
3490cs,3490,Чернила,,Чернила T6736 Epson C13T67364A светло-пурпурный,Чернила T6736 для Epson C13T67364A светло-пурпурный,Картридж T6736A CS
4428cs,4428,Чернила,,Чернила №106 Epson черный,Чернила 106 для Epson C13T00R140 фото-черный,Чернила Cactus CS-EPT00R140 106BK фото черный 70мл для Epson L7160/L7180
3840at,3840,Чернила,,Чернила BT6000BK Brother черный,Чернила BT6000BK для Brother черный,Картридж для Brother BT6000BK DCP-T300/500/700 MFC-T800 ЧЕРНИЛА 6K Black AQUAMAR
4422sp,4422,Чернила,115,Картридж BTD60BK Brother черный,Чернила BTD60BK для Brother черный 115 мл,"Чернила SP BTD60BK/ВТ6000BK для Brother (черный, 115 мл)"
5227cs,5227,Чернила,100,Чернила №112 Epson желтый,Чернила 112 для Epson C13T06C44A желтый 100 мл,Чернила Cactus CS-EPT06C44 112Y желтый пигментный 70мл для Epson L6550/6570/1116
3842cs,3842,Чернила,,Чернила BT5000M Brother пурпурный,Чернила BT5000M для Brother пурпурный,Чернила Cactus CS-I-BT5000M пурпурный 100мл для Brother DCP-T300/T500W/T700W/MFC
3848cs,3848,Чернила,,Чернила №103Y для Epson C13T00S44A желтый,Чернила 103Y для Epson C13T00S44A желтый,Чернила Cactus CS-EPT00V4 003 C13T00V498 желтый 70мл для Epson Ecotank L1110/L31
3850cs,3850,Чернила,,Чернила №101BK Epson черный,Чернила 101BK для Epson C13T03V14A черный,Чернила Cactus CS-EPT03V14A 101BK черный пигментный 127мл для Epson L4150/L4160/
7120cs,7120,Тонер,100,Тонер CF540X/CF400X/CF410X для HP голубой 100 г,Тонер CF540X/CF400X/CF410X для HP черный XL ресурс 100 г,Тонер Cactus CS-THPCHUС-100 голубой флакон 100гр. для принтера HP Color Universa
3489at,3489,Чернила,,Чернила T6735 Epson C13T67354A светло-голубой,Чернила T6735 для Epson C13T67354A светло-голубой,Картридж для Epson T6735A L800/L1800 Light Cyan 100 ml AQUAMARINE (Совместимый)
3490at,3490,Чернила,,Чернила T6736 Epson C13T67364A светло-пурпурный,Чернила T6736 для Epson C13T67364A светло-пурпурный,$$_СРОЧНО Картридж для Epson T6736A L800/L1800 Light Magenta 100 ml AQUAMARINE (
3852cs,3852,Чернила,,Чернила №101M Epson пурпурный,Чернила 101M для Epson C13T03V34A пурпурный,Чернила Cactus CS-EPT03V34A 101M пурпурный 70мл для Epson L4150/L4160/L6160/L617
3853cs,3853,Чернила,,Чернила №101Y Epson желтый,Чернила 101Y для Epson C13T03V44A желтый,Чернила Cactus CS-EPT03V44A 101Y желтый 70мл для Epson L4150/L4160/L6160/L6170
4412at,4412,Чернила,,Чернила GI-40PGBK Canon черные пигментные,Чернила GI-40PGBK для Canon 3385C001 черный,Чернила для Canon GI40PGBK Pixma G5040/G6040/GM2040 Black Pigment 70 ml AQUAMARI
5307bt,5307,Тонер,380,Заправочный комплект TL-5120X Pantum тонер 380 гр. + чип,Тонер TL-5120X для Pantum черный с чипом XL ресурс 380 г,"Заправочный комплект для Pantum TL-5120 (тонер+чип) 15K, GRAFIT"
4422cs,4422,Чернила,115,Картридж BTD60BK Brother черный,Чернила BTD60BK для Brother черный 115 мл,"Чернила G&G GG-BTD60BK черный135мл для Brother HL-T4000DW, DCP-T510W, DCP-T710W,"
5225cs,5225,Чернила,100,Чернила №112 Epson голубой,Чернила 112 для Epson C13T06C24A голубой 100 мл,Чернила Cactus CS-EPT06C24 112C голубой пигментный 70мл для Epson L6550/6570/111
6455cs,6455,Чернила,70,Чернила 115 для Epson черные пигментные,Чернила 115PGBK для Epson C13T07C14A черный 70 мл,Чернила Cactus CS-EPT07C14 115BK черный пигментный70мл для Epson ECOTANK L8160/8
3259cs,3259,Тонер,65,Тонер PX-110 для Pantum черный с чипом,Тонер PX-110 для Pantum черный с чипом 65 г,Тонер Pantum PX-110 черный флакон 2x (в компл.:2 чипа) для принтера P2000/M5000/
7121cs,7121,Тонер,100,Тонер CF540X/CF400X/CF410X для HP пурпурный 100 г,Тонер CF542X/ CF402X/ CF412X для HP пурпурный XL ресурс 100 г,Тонер Cactus CS-THPCHUM-100 пурпурный флакон 100гр. для принтера HP Color Univer
7122cs,7122,Тонер,100,Тонер CF540X/CF400X/CF410X для HP желтый 100 г,Тонер CF543X / CF403X/ CF413X для HP желтый XL ресурс 100 г,Тонер Cactus CS-THPCHUM-100 желтый флакон 100гр. для принтера HP Color Universal
7124cs,7124,Тонер,50,Тонер CF540A/CF400A/CF410A/CE310A для HP черный 50 г,Тонер CF540A / CF400A / CF410A / CE310A для HP черный 50 г,Тонер Cactus CS-THPCHUBK-50 черный флакон 50гр. для принтера HP Color Universal 
7125cs,7125,Тонер,45,Тонер CF541A/CF401A/CF411A/CE311A для HP голубой 45 г,Тонер CF541A / CF401A / CF411A / CE311A для HP голубой 45 г,Тонер Cactus CS-THPCHUC-45 голубой флакон 45гр. для принтера HP Color Universal 
7126cs,7126,Тонер,45,Тонер CF543A/CF403A/CF413A/CE313A для HP пурпурный 45 г,Тонер CF543A /CF403A /CF413A /CE313A для HP пурпурный 45 г,Тонер Cactus CS-THPCHUM-45 пурпурный флакон 45гр. для принтера HP Color Universa
7127cs,7127,Тонер,45,Тонер CF542A/CF402A/CF412A/CE312A для HP желтый 45 г,Тонер CF542A /CF402A /CF412A /CE312A для HP желтый 45 г,Тонер Cactus CS-THPCHUY-45 желтый флакон 45гр. для принтера HP Color Universal C
5762cs,5762,Чернила,70,Чернила 108 для Epson светло-голубой,Чернила 108/008 LC для Epson C13T09C54A светло-голубой 70 мл,Чернила Cactus CS-EPT09C54 108 светло-голубой70мл для Epson Ecotank L8050/L18050
2608bt,2608,Чернила,,Чернила T6642 CEpson C13T66424A голубой,Чернила T6642 C для Epson C13T66424A голубой,Контейнер с чернилами (с клапаном) Epson L100/L200/L300/L605/L1455 T6642/C13T664
4419cs,4419,Чернила,,Чернила GI-40C Canon голубой,Чернила GI-40C для Canon 3400C001 голубой,Чернила Cactus CS-GI40C GI-40 голубой 70мл для Canon Pixma G5040/G6040/GM2040
2609bt,2609,Чернила,,Чернила T6643 MEpson C13T66434A пурпурный,Чернила T6643 M для Epson C13T66434A пурпурный,Контейнер с чернилами (с клапаном) Epson L100/L200/L300/L605/L1455 T6643/C13T664
7120cs,7120,Тонер,100,Тонер CF540X/CF400X/CF410X для HP черный 100 г,Тонер CF540X/CF400X/CF410X для HP черный XL ресурс 100 г,Тонер Cactus CS-THPCHUBK-100 черный флакон 100гр. для принтера HP Color Universa
4416cs,4416,Чернила,60,Чернила GI-43C Canon голубой,Чернила GI-43C для Canon 4672C001 голубой 60 мл,Чернила Cactus CS-GI43C GI-43 голубой60мл для Canon Pixma G640/G540
4415cs,4415,Чернила,60,Чернила GI-43GY Canon серый,Чернила GI-43GY для Canon 4707C001 серый 60 мл,Чернила Cactus CS-GI43GY GI-43 серый60мл для Canon Pixma G640/G540
3756cs,3756,Чернила,70,Чернила GI-490C Canon 0664C001 голубой,Чернила GI-490C для Canon 0664C001 голубой 70 мл,Чернила Cactus CS-GI490CB GI-490 голубой 100мл для Canon Pixma G1400/G2400/G3400
3841sp,3841,Чернила,,Чернила BT5000C Brother голубой,Чернила BT5000C для Brother голубой,"Чернила SP BT5000C для Brother (голубой, 100 мл)"
3739cs,3739,Чернила,70,Чернила GT52 HP M0H55AE пурпурный,Чернила GT52 для HP M0H55AE пурпурный 70 мл,Чернила Cactus CS-M0H55AE GT52 пурпурный 70мл для HP Ink Tank 110/115/116/118/31
3258sk,3258,Тонер,290,Заправочный комплект TN-420X Pantum,Тонер TN-420X для Pantum черный с чипом XL ресурс 290 г,"Заправочный комплект Sakura TN-420XP длля Pantum P3010D, P3010DW, P3300DN, P3300"
2608cs,2608,Чернила,,Чернила T6642 CEpson C13T66424A голубой,Чернила T6642 C для Epson C13T66424A голубой,"Чернила Cactus CS-T6642C 664 голубой 70мл для Epson L130,L110,L100,L220,L200,L31"
2609cs,2609,Чернила,,Чернила T6643 MEpson C13T66434A пурпурный,Чернила T6643 M для Epson C13T66434A пурпурный,"Чернила Cactus CS-T6643M 664 пурпурный 70мл для Epson L130,L110,L100,L220,L200,L"
3739sp,3739,Чернила,70,Чернила GT52 HP M0H55AE пурпурный,Чернила GT52 для HP M0H55AE пурпурный 70 мл,"Чернила SP GT52 (M0H55AE) для HP (пурпурный, 100 мл)"
3846cs,3846,Чернила,,Чернила №103C Epson C13T00S24A голубой,Чернила 103C для Epson C13T00S24A голубой,"Чернила G&G GG-C13T00S24A 103C голубой 70мл для L1110, L3151, L3100, L3101, L311"
3847cs,3847,Чернила,,Чернила №103M Epson C13T00S34A пурпурный,Чернила 103M для Epson C13T00S34A пурпурный,"Чернила G&G GG-C13T00S34A 103M пурпурный 70мл для Epson L1110, L3151, L3100, L31"
3853cs,3853,Чернила,,Чернила №101Y Epson C13T03V44A желтый,Чернила 101Y для Epson C13T03V44A желтый,Чернила G&G GG-C13T03V44A 101Y желтый70мл для Epson L4150/L4160/L6160/L6170
5309sk,5309,Тонер,115,Заправочный комплект TN-420H Pantum тонер + чип,Тонер TN-420H для Pantum черный с чипом 115 г,"Заправочный комплект тонера с чипом Sakura ZKTN-420H  для Pantum , черный, 115гр"
3258sk,3258,Тонер,290,Заправочный комплект TN-420X Pantum тонер + чип,Тонер TN-420X для Pantum черный с чипом XL ресурс 290 г,"Заправочный комплект тонера с чипом Sakura ZKTN-420X  для Pantum , черный, 392гр"
3853bs,3853,Чернила,,Чернила №101Y Epson C13T03V44A желтый,Чернила 101Y для Epson C13T03V44A желтый,"Blossom BS-T03V44A  Емкость с чернилами для Epson L4150/L4160/L6160/L6170/L6190,"
2607bs,2607,Чернила,,Чернила T664KEpson C13T66414A черный,Чернила T6641 K для Epson C13T66414A черный,"Blossom BS-T6641/T6731-1L Чернила для Epson L100/L200/L800/L1800, black, 1000мл."
3855bs,3855,Чернила,,Чернила №774BK Epson C13T77414A №774 BK черный,Чернила 774BK для Epson C13T77414A черный,"Blossom BS-T7741 Емкость с чернилами для Epson M100/M200, 140мл"
5040bs,5040,Чернила,135,Чернила X4E40AE/ 1VV21AE HP GT51XL/ GT53XL черный XL ресурс,Чернила GT51XL для HP X4E40AE/ 1VV21AE черный 135 мл,Blossom BS-X4E40AE (GT51/53XL) Ёмкость с чернилами для HP DeskJet GT 5810/5820/I
3184at,3184,Чернила,,Чернила T6732A/T6642A Epson C13T67324A голубой,Чернила T6732 для Epson C13T67324A голубой,СРОЧНО Картридж для Epson T6732A/T6642A L100/L200/L800/L1800/L3070 Cyan 100 ml A
3185at,3185,Чернила,,Чернила T6733A/T6643A Epson C13T67334A пурпурный,Чернила T6733 для Epson C13T67334A пурпурный,Картридж для Epson T6733A/T6643A L100/L200/L800/L1800/L3070 Magenta 100 ml AQUAM
3186at,3186,Чернила,,Чернила T6734A/T6644A Epson C13T67344A желтый,Чернила T6734 для Epson C13T67344A желтый,Картридж для Epson T6734A/T6644A L100/L200/L800/L1800/L3070 Yellow 100 ml AQUAMA
6746cs,6746,Чернила,100,Чернила №305 HP 3YM60Y желтый,Чернила 305 для HP 3YM60Y желтый 100 мл,Чернила Cactus CS-I-3YM60Y №305 желтый 100мл для HP DeskJet 2710/2120/2721/2722/
6458cs,6458,Чернила,70,Чернила 115 для Epson пурпурные,Чернила 115M для Epson C13T07D34A пурпурный 70 мл,Чернила Cactus CS-EPT07D34 115M пурпурный70мл для Epson ECOTANK L8160/8180
6460cs,6460,Чернила,70,Чернила 115 для Epson серые,Чернила 115GY для Epson C13T07D54A серый 70 мл,Чернила Cactus CS-EPT07D54 115G серый70мл для Epson ECOTANK L8160/8180
3183cs,3183,Чернила,,Чернила T664 Epson черный,Чернила T6731 для Epson C13T67314A черный,Чернила Cactus CS-EPT6641 T664 черный 100мл для Epson L100/L110/L120/L132/L200/L
6452at,6452,Чернила,135,Чернила GI-46PGBK Canon черные пигментные,Чернила GI-46PGBK для Canon 4411C001 черный 135 мл,Чернила для Canon GI46PGBK Pixma GX6040/GX7040 Black Pigment135 ml AQUAMARINE
5416cs,5416,Чернила,70,Чернила GI-41Y Canon желтый,Чернила GI-41Y для Canon 4545C001 желтый 70 мл,Чернила Cactus CS-GI41Y GI-41 Y желтый 70мл для Canon PIXMA G1420/G2420/G2460/G3
4414cs,4414,Чернила,60,Чернила GI-43M Canon пурпурный,Чернила GI-43M для Canon 4680C001 пурпурный 60 мл,Чернила Cactus CS-GI43M GI-43 пурпурный60мл для Canon Pixma G640/G540
5886cs,5886,Чернила,60,Чернила GI-43R Canon красный,Чернила GI-43R для Canon 4716C001 красный 60 мл,Чернила Cactus CS-GI43R GI-43 красный60мл для Canon Pixma G640/G540
4429sk,4429,Чернила,,Чернила №106 Epson C13T00R240 голубой,Чернила 106 для Epson C13T00R240 голубой,"Контейнер с чернилами Sakura C13T00R240 (106 C) для Epson, голубой, 5000 к., 70 "
6451cs,6451,Чернила,135,Чернила GI-46M Canon пурпурный,Чернила GI-46M для Canon 4428C001 пурпурный 135 мл,Чернила Cactus CS-GI46M пурпурный пигментный135мл для Canon MAXIFY GX6040/GX7040
6453cs,6453,Чернила,135,Чернила GI-46Y Canon желтые,Чернила GI-46Y для Canon 4429C001 желтый 135 мл,Чернила Cactus CS-GI46Y желтый пигментный135мл для Canon MAXIFY GX6040/GX7040
3740cs,3740,Чернила,70,Чернила GT52 HP M0H56AE желтый,Чернила GT52 для HP M0H56AE желтый 70 мл,Чернила Cactus CS-GT52Y M0H56AE желтый 100мл для DeskJet GT 5810/5820/5812/5822
3840cs,3840,Чернила,,Чернила BT6000BK Brother черный,Чернила BT6000BK для Brother черный,Чернила Cactus CS-I-BT6000BK черный пигментный 100мл для Brother DCP-T300/T500W/
7132cs,7132,Тонер,100,Тонер W2073 для HP желтый 100 г,Тонер W2073A для HP желтый 100 г,Тонер Cactus CS-THPCWHUY-100 желтый флакон 100гр. для принтера HP Color W2070/1/
2610cs,2610,Чернила,,Чернила T6644 YEpson C13T66444A желтый,Чернила T6644 Y для Epson C13T66444A желтый,"Чернила Cactus CS-T6644Y 664 желтый 70мл для Epson L130,L110,L100,L220,L200,L310"
3183cs,3183,Чернила,,Чернила T6731 Epson C13T67314A черный,Чернила T6731 для Epson C13T67314A черный,Чернила Cactus CS-T6731BK 673 черный 70мл для Epson Inkjet Photo L800/L801/L810/
3184cs,3184,Чернила,,Чернила T6732 Epson C13T67324A голубой,Чернила T6732 для Epson C13T67324A голубой,Чернила Cactus CS-T6732C 673 голубой 70мл для Epson Inkjet Photo L800/L801/L810/
3185cs,3185,Чернила,,Чернила T6733 Epson C13T67334A пурпурный,Чернила T6733 для Epson C13T67334A пурпурный,Чернила Cactus CS-T6733M 673 пурпурный 70мл для Epson Inkjet Photo L800/L801/L81
3186cs,3186,Чернила,,Чернила T6734 Epson C13T67344A желтый,Чернила T6734 для Epson C13T67344A желтый,Чернила Cactus CS-T6734Y 673 желтый 70мл для Epson Inkjet Photo L800/L801/L810/L
4428cs,4428,Чернила,,Чернила №106 Epson C13T00R140 черный,Чернила 106 для Epson C13T00R140 фото-черный,Чернила G&G GG-C13T00R140 фото черный 70мл для Epson EcoTank 7700/7750
3737at,3737,Чернила,90,Чернила GT51 HP M0H57AE черный,Чернила GT51 для HP M0H57AE черный 90 мл,Чернила (InkTank) для HP M0H57AE GT58xx/InkTank110 (90мл.) Black AQUAMARINE (Сов
7129cs,7129,Тонер,100,Тонер W2070 для HP черный 100 г,Тонер W2070A для HP черный 100 г,Тонер Cactus CS-THPCWHUBK-100 черный флакон 100гр. для принтера HP Color W2070/1
7130cs,7130,Тонер,100,Тонер W2071 для HP голубой 100 г,Тонер W2071A для HP голубой 100 г,Тонер Cactus CS-THPCWHUC-100 голубой флакон 100гр. для принтера HP Color W2070/1
4428bs,4428,Чернила,,Чернила №106 Epson C13T00R140 черный,Чернила 106 для Epson C13T00R140 фото-черный,"Blossom BS-T00R140 Емкость с чернилами для Epson L7160/L7180, photo black, 70 мл"
7134cs,7134,Тонер,150,Тонер Q2612A/Q5949A/CE505A/C7115A/Q6511A/Q7516A/C4092A для HP черный,Тонер Q2612/Q5949/CE505/C7115/Q6511/Q7516/C4092 для HP черный 150 г,Тонер Cactus CS-THPU-150 черный флакон 150гр. для принтера HP Universal Q2612A/Q
7137cs,7137,Тонер,100,Тонер TK-1170/TK-1150/TK-1200/TK-1140/TK-1110/TK-1120/TK-1130/TK-1160 для Kyocera черный 100 г,Тонер TK1170 TK1150 TK1200 TK1140 TK1110 TK1120 TK1130 TK1160 для Kyocera черный 100 г,Тонер Cactus CS-TKY-100 черный флакон 100гр. для принтера Kyocera Universal TK-1
7138cs,7138,Тонер,120,Тонер TK-1150/TK-1200/TK-1110/TK-1120/TK-1130/TK-1100/TK-1160 для Kyocera черный 120 г,Тонер TK1150 TK1200 TK1110 TK1120 TK1130 TK1100 TK1160 для Kyocera черный XL ресурс 120 г,Тонер Cactus CS-TKY-120 черный флакон 120гр. для принтера Kyocera Universal TK-1
7139cs,7139,Тонер,50,Тонер TK-1170/TK-1150/TK-1200/TK-1140/TK-1120/TK-1130/TK-1160 для Kyocera черный 50 г,Тонер TK-1170/TK-1150 TK-1200/TK1140/TK-1120 TK-1130/TK1160 для Kyocera черный 50 г,Тонер Cactus CS-TKY-50 черный флакон 50гр. для принтера Kyocera Universal TK-117
7140cs,7140,Тонер,100,Тонер TK-475/TK-4105/TK-7125/TK-4145/TK-7205/TK-7310 для Kyocera черный 100 г,Тонер TK475/TK4105/TK7125/TK4145/TK7205/TK7310 для Kyocera черный 100 г,Тонер Cactus CS-TKY3-100 черный флакон 100гр. для принтера Kyoсera Universal TK4
7141cs,7141,Тонер,50,Тонер TK-3100 / TK-3160 / TK-3130 / TK-3190 / TK-3200 / TK-3400 для Kyocera черный 50 г,Тонер TK4105 TK4145 TK7310 TK475 TK7205 TK7125 для Kyocera черный 50 г,Тонер Cactus CS-TKY4-50 черный флакон 50гр. для принтера Kyocera TK-3060/3100/31
5028bs,5028,Чернила,1000,Чернила T6736-1L для Epson светло-пурпурный,Чернила T6736-1L для Epson светло-пурпурный 1000 мл,"Blossom BS-T6736-1L Чернила для Epson L800/L1800, ight magenta, 1000мл."
3852sp,3852,Чернила,,Чернила №101M Epson C13T03V34A пурпурный,Чернила 101M для Epson C13T03V34A пурпурный,"Чернила SP 101/103М (C13T03V34A/C13T00S34A) для Epson (пурпурные, 100ml)"
3855at,3855,Чернила,,Картридж T7741 Epson черный,Чернила 774BK для Epson C13T77414A черный,Картридж для Epson T7741 EcoTank M100/200/ L605/L1455 Pigment Black 140 ml  AQUA
4414sk,4414,Чернила,60,Чернила GI-43M Canon 4680C001 пурпурный,Чернила GI-43M для Canon 4680C001 пурпурный 60 мл,"Чернила Sakura 4680C001 для Canon, пурпурный, 3800 к., 60 мл."
4418sk,4418,Чернила,,Чернила GI-40Y Canon 3402C001 желтый,Чернила GI-40Y для Canon 3402C001 желтый,"Чернила Sakura 3402C001 для Canon, желтый, 7700 к., 70 мл."
4419sk,4419,Чернила,,Чернила GI-40C Canon 3400C001 голубой,Чернила GI-40C для Canon 3400C001 голубой,"Чернила Sakura 3400C001 для Canon, голубой, 7700 к., 70 мл."
4420sk,4420,Чернила,,Чернила GI-40M Canon 3401C001 пурпурный,Чернила GI-40M для Canon 3401C001 пурпурный,"Чернила Sakura 3401C001 для Canon, пурпурный, 7700 к., 70 мл."
3183cs,3183,Чернила,,Чернила T664 Epson черный,Чернила T6731 для Epson C13T67314A черный,Чернила Cactus CS-EPT6641B T6641 черный 100мл для Epson L100/L110/L120/L132/L200
2610cs,2610,Чернила,,Чернила T6644 Epson  желтый,Чернила T6644 Y для Epson C13T66444A желтый,Чернила Cactus CS-EPT6644B T6644 желтый 100мл для Epson L100/L110/L120/L132/L200
3185cs,3185,Чернила,,Чернила T6733 Epson пурпурный,Чернила T6733 для Epson C13T67334A пурпурный,Чернила Cactus CS-EPT6733 T6733 пурпурный 100мл для Epson L800/L810/L850/L1800
4420cs,4420,Чернила,,Чернила GI-40M Canon пурпурный,Чернила GI-40M для Canon 3401C001 пурпурный,Чернила Cactus CS-GI40M GI-40 пурпурный 70мл для Canon Pixma G5040/G6040/GM2040
2610bt,2610,Чернила,,Чернила T6644 YEpson C13T66444A желтый,Чернила T6644 Y для Epson C13T66444A желтый,Контейнер с чернилами (с клапаном) Epson L100/L200/L300/L605/L1455 T6644/C13T664
3489bt,3489,Чернила,,Чернила T6735 Epson C13T67354A светло-голубой,Чернила T6735 для Epson C13T67354A светло-голубой,Контейнер с чернилами (с клапаном) Epson L800 T6735/C13T67354A Light Cyan (100мл
3851sk,3851,Чернила,,Чернила №101C Epson C13T03V24A голубой,Чернила 101C для Epson C13T03V24A голубой,"Контейнер с чернилами Sakura C13T03V24A (101 C) для Epson, голубой, 6000 к., 70 "
5758at,5758,Чернила,70,Чернила C13T09C14A (108) для Epson черный,Чернила 108/008 BK для Epson C13T09C14A черный 70 мл,Чернила для Epson C13T09C14A EcoTank L8050/L8150/L8058 108 Black 70 ml AQUAMARIN
6450cs,6450,Чернила,135,Чернила GI-46C Canon голубой,Чернила GI-46C для Canon 4427C001 голубой 135 мл,Чернила Cactus CS-GI46C голубой пигментный135мл для Canon MAXIFY GX6040/GX7040
3755sp,3755,Чернила,135,Чернила GI-490PGBK Canon 0663C001 черный,Чернила GI-490PGBK для Canon 0663C001 черный 135 мл,Чернила для Canon GI490Bk Pixma G1400/2400/3400 Black 135 ml SP
3737cs,3737,Чернила,90,Чернила GT51 HP M0H57AE черный,Чернила GT51 для HP M0H57AE черный 90 мл,Чернила Cactus CS-GT51BKB M0H57AE черный 100мл для DeskJet GT 5810/5820/5812/582
3841cs,3841,Чернила,,Чернила BT5000C Brother голубой,Чернила BT5000C для Brother голубой,Чернила Cactus CS-I-BT5000C голубой 100мл для Brother DCP-T300/T500W/T700W/MFC-T
4431cs,4431,Чернила,,Чернила №106 Epson C13T00R440 желтый,Чернила 106 для Epson C13T00R440 желтый,Чернила G&G GG-C13T00R440 желтый 70мл для Epson EcoTank 7700/7750
3845cs,3845,Чернила,,Чернила №103BK Epson C13T00S14A черный,Чернила 103BK для Epson C13T00S14A черный,"Чернила G&G GG-C13T00S14A 103BK черный 70мл для L1110, L3151, L3100, L3101, L311"
3756bs,3756,Чернила,70,Чернила GI-490C Canon 0664C001 голубой,Чернила GI-490C для Canon 0664C001 голубой 70 мл,"Blossom BS-GI490C Емкость с чернилами для Canon PIXMA G1400/G2400/G3400, cyan"
5227cs,5227,Чернила,100,Чернила №112 Epson C13T06C44A желтый,Чернила 112 для Epson C13T06C44A желтый 100 мл,Чернила G&G GG-C13T06C44A №112 желтый пигментный70мл для Epson L6550/6570/11160/
6745cs,6745,Чернила,100,Чернила №305 HP 3YM60M пурпурный,Чернила 305 для HP 3YM60M пурпурный 100 мл,Чернила Cactus CS-I-3YM60M №305 пурпурный 100мл для HP DeskJet 2710/2120/2721/27
4428sk,4428,Чернила,,Чернила №106 Epson C13T00R140 черный,Чернила 106 для Epson C13T00R140 фото-черный,"Контейнер с чернилами Sakura C13T00R140 (106 PB) для Epson, фото-черный, 5000 к."
3855sp,3855,Чернила,,Чернила №774BK Epson C13T77414A №774 BK черный,Чернила 774BK для Epson C13T77414A черный,Чернила пигментные SK-E-T7741 Bk 6k 140ml SP
3851cs,3851,Чернила,,Чернила №101C Epson голубой,Чернила 101C для Epson C13T03V24A голубой,Чернила Cactus CS-EPT03V24A 101C голубой 70мл для Epson L4150/L4160/L6160/L6170
6456cs,6456,Чернила,70,Чернила 115 для Epson фото черные,Чернила 115PBK для Epson C13T07D14A фото-черный 70 мл,Чернила Cactus CS-EPT07D14 115PBK черный фото70мл для Epson ECOTANK L8160/8180
5760cs,5760,Чернила,70,Чернила 108 для Epson пурпурный,Чернила 108/008 M для Epson C13T09C34A пурпурный 70 мл,Чернила Cactus CS-EPT09C34 108 пурпурный70мл для Epson Ecotank L8050/L18050
5761cs,5761,Чернила,70,Чернила 108 для Epson желтый,Чернила 108/008 Y для Epson C13T09C44A желтый 70 мл,Чернила Cactus CS-EPT09C44 108 желтый70мл для Epson Ecotank L8050/L18050
3183cs,3183,Чернила,,Чернила T6731 Epson черный,Чернила T6731 для Epson C13T67314A черный,Чернила Cactus CS-EPT6731B T6731 черный 100мл для Epson L800/L810/L850/L1800
3755cs,3755,Чернила,135,Чернила GI-490BK Canon 0663C001 черный,Чернила GI-490PGBK для Canon 0663C001 черный 135 мл,Чернила Cactus CS-GI-490BK черный пигментный 135мл для Canon PIXMA G1400/G1410/G
3184bs,3184,Чернила,,Чернила T6732 Epson C13T67324A голубой,Чернила T6732 для Epson C13T67324A голубой,Чернила Epson T6642/T6732 Cyan BS
3756cs,3756,Чернила,70,Чернила GI-490C Canon 0664C001 голубой,Чернила GI-490C для Canon 0664C001 голубой 70 мл,Чернила Cactus CS-GI490C GI-490 голубой 100мл для Canon Pixma G1400/G2400/G3400
3758cs,3758,Чернила,70,Чернила GI-490Y Canon 0666C001 желтый,Чернила GI-490Y для Canon 0666C001 желтый 70 мл,Чернила Cactus CS-GI490YB GI-490 желтый 100мл для Canon Pixma G1400/G2400/G3400
3739cs,3739,Чернила,70,Чернила GT52 HP M0H55AE пурпурный,Чернила GT52 для HP M0H55AE пурпурный 70 мл,Чернила Cactus CS-GT52M M0H55AE пурпурный 100мл для HP DeskJet GT 5810/5820/5812
3740cs,3740,Чернила,70,Чернила GT52 HP M0H56AE желтый,Чернила GT52 для HP M0H56AE желтый 70 мл,Чернила Cactus CS-GT52YB M0H56AE желтый 100мл для DeskJet GT 5810/5820/5812/5822
6367cs,6367,Чернила,135,Чернила GT53XL HP 1VV21AA черный XL ресурс,Чернила GT53XL для HP черный XL ресурс 135 мл,Чернила Cactus CS-GT53XL 1VV21AE черный пигментный135мл для HP Smart Tank Wirele
2610sp,2610,Чернила,,Чернила T6644 YEpson C13T66444A желтый,Чернила T6644 Y для Epson C13T66444A желтый,"Чернила водорастворимые SK-E-T6644 Y 6,5k 70ml SP"
2608sp,2608,Чернила,,Чернила T6642 CEpson C13T66424A голубой,Чернила T6642 C для Epson C13T66424A голубой,"Чернила SP T6642 (C13T66424A)/T6732 (C13T67324A) голубые, 100 ml"
3850cs,3850,Чернила,,Чернила №101BK Epson C13T03V14A черный пигментный,Чернила 101BK для Epson C13T03V14A черный,Чернила G&G GG-C13T03V14A 101BK черный пигментный 127мл для Epson L4150/L4160/L6
6744cs,6744,Чернила,100,Чернила №305 HP 3YM60C голубой,Чернила 305 для HP 3YM60C голубой 100 мл,Чернила Cactus CS-I-3YM60C №305 голубой 100мл для HP DeskJet 2710/2120/2721/2722
6450at,6450,Чернила,135,Чернила GI-46C Canon голубой,Чернила GI-46C для Canon 4427C001 голубой 135 мл,Чернила для Canon GI46C Pixma GX6040/GX7040 Cyan 135 ml AQUAMARINE
3755sk,3755,Чернила,135,Чернила GI-490PGBK Canon 0663C001 черный,Чернила GI-490PGBK для Canon 0663C001 черный 135 мл,"Чернила Sakura 0663C001 для Canon, черный, 4400 к., 100 мл."
6451at,6451,Чернила,135,Чернила GI-46M Canon пурпурный,Чернила GI-46M для Canon 4428C001 пурпурный 135 мл,Чернила для Canon GI46M Pixma GX6040/GX7040 Magenta135 ml AQUAMARINE
6457cs,6457,Чернила,70,Чернила 115 для Epson голубые,Чернила 115C для Epson C13T07D24A голубой 70 мл,Чернила Cactus CS-EPT07D24 115C голубой70мл для Epson ECOTANK L8160/8180
3738sf,3738,Чернила,70,Чернила GT52 HP M0H54AE голубой,Чернила GT52 для HP M0H54AE голубой 70 мл,Чернила HP M0H54AE GT58xx/InkTank110 70ml Cyan SuperFine
3489cs,3489,Чернила,,Чернила T6735 Epson светло-голубой,Чернила T6735 для Epson C13T67354A светло-голубой,Чернила Cactus CS-EPT6735B E6735 светло-голубой 100мл для Epson L800/L810/L850/L
5413bt,5413,Чернила,135,Чернила GI-41Bk Canon черный,Чернила GI-41Bk для Canon черный 135 мл,Чернила Canon Pixma G1420/G2420/G3420 GI-41BK Black (6k/135мл) dye
3738cs,3738,Чернила,70,Чернила GT52 HP M0H54AE голубой,Чернила GT52 для HP M0H54AE голубой 70 мл,Чернила Cactus CS-GT52C M0H54AE голубой 100мл для HP DeskJet GT 5810/5820/5812/5
6242bt,6242,Чернила,100,Чернила UNIVERSAL Yellow 70мл dye желтый,Чернила универсальные Brother 100 мл. IB-B100Y желтый 100 мл,"Чернила HP, Epson, Lexmark, Canon UNIVERSAL (Жёлтые, банка - 100  мл) на водной "
5225cs,5225,Чернила,100,Чернила №112 Epson C13T06C24A голубой,Чернила 112 для Epson C13T06C24A голубой 100 мл,Чернила G&G GG-C13T06C24A №112 голубой пигментный70мл для Epson L6550/6570/11160
3755bs,3755,Чернила,135,Чернила GI-490PGBK Canon 0663C001 черный,Чернила GI-490PGBK для Canon 0663C001 черный 135 мл,"Blossom BS-GI490Bk Емкость с чернилами для Canon PIXMA G1400/G2400/G3400, black"
3757bs,3757,Чернила,70,Чернила GI-490M Canon 0665C001 пурпурный,Чернила GI-490M для Canon 0665C001 пурпурный 70 мл,"Blossom BS-GI490M Емкость с чернилами для Canon PIXMA G1400/G2400/G3400, magenta"
4415sk,4415,Чернила,60,Чернила GI-43GY Canon 4707C001 серый,Чернила GI-43GY для Canon 4707C001 серый 60 мл,"Чернила Sakura 4707C001 для Canon, серый, 3800 к., 60 мл."
5653t2,5653,Чернила,100,"IB-E100Y Чернила T2 универсальные для Epson, цвет желтый (100мл.)",Чернила универсальные Epson Y 100 мл. IB-E100Y желтый 100 мл,"IB-E100Y Чернила T2 универсальные для Epson, цвет желтый (100мл.)"
5885at,5885,Чернила,60,Чернила GI-43Y Canon желтый,Чернила GI-43Y для Canon 4689C001 желтый 60 мл,Чернила для Canon GI43Y Pixma Pixma G640/540 Yellow 70 ml AQUAMARINE
5309bs,5309,Тонер,115,Заправочный комплект TN-420H Pantum тонер + чип,Тонер TN-420H для Pantum черный с чипом 115 г,"Заправочный комплект Pantum TN-420H для M6700/P3010, Bk, 3K, + 1чип, Blossom"
2610sk,2610,Чернила,,Чернила T6644 YEpson C13T66444A желтый,Чернила T6644 Y для Epson C13T66444A желтый,"Контейнер с чернилами Sakura C13T66444A (664 Y) для Epson, желтый, 6500 к., 70 м"
3186sk,3186,Чернила,,Чернила T6734 Epson C13T67344A желтый,Чернила T6734 для Epson C13T67344A желтый,"Контейнер с чернилами Sakura C13T67344A (673 Y) для Epson, желтый, 5400 к., 70 м"
3490sk,3490,Чернила,,Чернила T6736 Epson C13T67364A светло-пурпурный,Чернила T6736 для Epson C13T67364A светло-пурпурный,"Контейнер с чернилами Sakura C13T67364A (673 LM) для Epson, светло-пурпурный, 54"
5655t2,5655,Чернила,100,Чернила универсальные HP BK 100 мл. IB-H100BK черный,Чернила универсальные HP BK 100 мл. IB-H100BK черный 100 мл,"IB-H100BK Чернила T2 универсальные для HP и Lexmark, цвет черный (100мл.)"
6078sk,6078,Чернила,,Картридж №110Epson C13T03P14A черный пигмент,Чернила 110 для Epson C13T03P14A пигментные черный,"Контейнер с чернилами Sakura C13T03P14A (110 BK) для Epson, черный, 6000 к., 127"
6239t2,6239,Чернила,100,Чернила универсальные Brother 100 мл. IB-B100BK черный,Чернила универсальные Brother 100 мл. черный 100 мл,"IB-B100BK Чернила T2 универсальные для Brother, цвет черный (100мл.)"
6241t2,6241,Чернила,100,Чернила универсальные Brother 100 мл. IB-B100M пурпурный,Чернила универсальные Brother 100 мл. пурпурный 100 мл,"IB-B100M Чернила T2 универсальные для Brother, цвет пурпурный (100мл.)"
3738at,3738,Чернила,70,Чернила GT52 HP M0H54AE голубой,Чернила GT52 для HP M0H54AE голубой 70 мл,СРОЧНО Чернила (InkTank) для HP M0H54AE GT58xx/InkTank110 (70мл.) Cyan AQUAMARIN
3755at,3755,Чернила,135,Чернила GI-490PGBK Canon 0663C001 черный,Чернила GI-490PGBK для Canon 0663C001 черный 135 мл,СРОЧНО Картридж для Canon GI490Bk Pixma G1400/2400/3400 Black 135 ml AQUAMARINE 
3847sk,3847,Чернила,,Чернила №103M Epson C13T00S34A пурпурный,Чернила 103M для Epson C13T00S34A пурпурный,"Контейнер с чернилами Sakura C13T00S34A (103 M) для Epson, пурпурный, 7500 к., 7"
3848sk,3848,Чернила,,Чернила №103Y Epson C13T00S44A желтый,Чернила 103Y для Epson C13T00S44A желтый,"Контейнер с чернилами Sakura C13T00S44A (103 Y) для Epson, желтый, 7500 к., 70 м"
5693sp,5693,Чернила,100,Чернила BTD60BK для Brother черный,Чернила BTD60BK для Brother черный 100 мл,"Чернила SK-BTD60BK для Brother (черный, 100 мл)"
3850sk,3850,Чернила,,Чернила №101BK Epson C13T03V14A черный,Чернила 101BK для Epson C13T03V14A черный,"Контейнер с чернилами Sakura C13T03V14A (101 BK) для Epson, черный, 7500 к., 127"
3756sk,3756,Чернила,70,Чернила GI-490C Canon 0664C001 голубой,Чернила GI-490C для Canon 0664C001 голубой 70 мл,"Чернила Sakura 0664C001 для Canon, голубой, 9000 к., 100 мл."
5292nv,5292,Тонер,125,Заправочный комплект TK-1200 Kyocera тонер 125 гр. + чип черный,Тонер TK-1200 для Kyocera черный с чипом 125 г,"Заправочный комплект NV PRINT для Kyocera ТK-1200, 125 гр, 3000 стр (тонер + чип"
6453at,6453,Чернила,135,Чернила GI-46Y Canon желтые,Чернила GI-46Y для Canon 4429C001 желтый 135 мл,Чернила для Canon GI46Y Pixma GX6040/GX7040 Yellow 135 ml AQUAMARINE
5306nv,5306,Тонер,80,Заправочный комплект SCX-4200 Samsung тонер 80 гр. + чип черный,Тонер SCX-4200 для Samsung черный с чипом 80 г,"Заправочный комплект NV PRINT для Samsung SCX-4200, 80 гр, 3000 стр (тонер + чип"
2609sk,2609,Чернила,,Чернила T6643 MEpson C13T66434A пурпурный,Чернила T6643 M для Epson C13T66434A пурпурный,"Контейнер с чернилами Sakura C13T66434A (664 M) для Epson, пурпурный, 6500 к., 7"
4415at,4415,Чернила,60,Чернила GI-43GY Canon серый,Чернила GI-43GY для Canon 4707C001 серый 60 мл,Чернила для Canon GI43GY Pixma Pixma G640/540 Gray 70 ml AQUAMARINE
3738sk,3738,Чернила,70,Чернила GT52 HP M0H54AE голубой,Чернила GT52 для HP M0H54AE голубой 70 мл,"Чернила Sakura M0H54AE (№GT52 Cyan) для HP, голубой, 70 мл., 8000 к."
5658t2,5658,Чернила,100,Чернила универсальные HP Y 100 мл. IB-H100Y желтый,Чернила универсальные HP Y 100 мл. IB-H100Y желтый 100 мл,"IB-H100Y Чернила T2 универсальные для HP и Lexmark, цвет желтый (100мл.)"
3185bs,3185,Чернила,,Чернила T6733 Epson C13T67334A пурпурный,Чернила T6733 для Epson C13T67334A пурпурный,Чернила Epson T6643/T6733 Magenta BS
4413at,4413,Чернила,60,Чернила GI-43BK Canon черный,Чернила GI-43BK для Canon 4698C001 черный 60 мл,Чернила для Canon GI43BK Pixma Pixma G640/540 Black 70 ml AQUAMARINE
3855sk,3855,Чернила,,Чернила №774BK Epson C13T77414A №774 BK черный,Чернила 774BK для Epson C13T77414A черный,"Контейнер с чернилами Sakura C13T77414A (774 BK) для Epson, черный, 7000 к., 140"
5651t2,5651,Чернила,100,"IB-E100LM Чернила T2 универсальные для Epson, цвет светло-пурпурный (100мл.)",Чернила универсальные Epson LM 100 мл. светло-пурпурный 100 мл,"IB-E100LM Чернила T2 универсальные для Epson, цвет светло-пурпурный (100мл.)"
3737sk,3737,Чернила,90,Чернила GT51 HP M0H57AE черный,Чернила GT51 для HP M0H57AE черный 90 мл,"Чернила Sakura M0H57AE (№GT51 Black) для HP, черный, 90 мл., 5000 к."
3740sk,3740,Чернила,70,Чернила GT52 HP M0H56AE желтый,Чернила GT52 для HP M0H56AE желтый 70 мл,"Чернила Sakura M0H56AE (№GT52 Yellow) для HP, желтый, 70 мл., 8000 к."
3843sp,3843,Чернила,,Чернила BT5000Y Brother желтый,Чернила BT5000Y для Brother желтый,"Чернила SP BT5000Y для Brother (желтый, 100 мл)"
5225sk,5225,Чернила,100,Чернила 112 Epson C13T06C24A голубой,Чернила 112 для Epson C13T06C24A голубой 100 мл,"C13T06C24A (112 C) контейнер с чернилами Sakura для Epson, голубой, 100 мл."
4413sk,4413,Чернила,60,Чернила GI-43BK Canon 4698C001 черный,Чернила GI-43BK для Canon 4698C001 черный 60 мл,"Чернила Sakura 4698C001 (43 BK) для Canon, черный, 60 мл., 3800 к."
4416at,4416,Чернила,60,Чернила GI-43C Canon голубой,Чернила GI-43C для Canon 4672C001 голубой 60 мл,Чернила для Canon GI43C Pixma Pixma G640/540 Cyan 70 ml AQUAMARINE
4414at,4414,Чернила,60,Чернила GI-43M Canon пурпурный,Чернила GI-43M для Canon 4680C001 пурпурный 60 мл,Чернила для Canon GI43M Pixma Pixma G640/540 Magenta 70 ml AQUAMARINE
5886at,5886,Чернила,60,Чернила GI-43R Canon красный,Чернила GI-43R для Canon 4716C001 красный 60 мл,Чернила для Canon GI43R Pixma Pixma G640/540 Red 70 ml AQUAMARINE
3845sk,3845,Чернила,,Чернила №103BK Epson C13T00S14A черный,Чернила 103BK для Epson C13T00S14A черный,"Контейнер с чернилами Sakura C13T00S14A (103 BK) для Epson, черный, 4500 к., 70 "
5227at,5227,Чернила,100,Чернила №112 Epson C13T06C14A желтый,Чернила 112 для Epson C13T06C44A желтый 100 мл,Чернила для Epson C13T06C14A  EcoTank L6550/6570/11160/15150/15160 112 Yellow 70
5657at,5657,Чернила,100,Чернила для HP водные Dye ink универсальные пурпурные,Чернила универсальные HP M 100 мл. IB-H100M пурпурный 100 мл,Чернила для HP водные Dye ink универсальные 100 ml magenta AQUAMARINE
5307nv,5307,Тонер,380,Заправочный комплект TL-5120X Pantum тонер 380 гр. + чип,Тонер TL-5120X для Pantum черный с чипом XL ресурс 380 г,"Заправочный комплект NV PRINT Pantum TL-5120X (PB5100, PM5100), 380 гр, 15 000 с"
5762at,5762,Чернила,70,Чернила C13T09C54A (108) для Epson светло-голубой,Чернила 108/008 LC для Epson C13T09C54A светло-голубой 70 мл,Чернила для Epson C13T09C54A EcoTank L8050/L8150/L8058 108 Light Cyan 70 ml AQUA
5763at,5763,Чернила,70,Чернила C13T09C64A (108) для Epson светло-пурпурный,Чернила 108/008 LM для Epson светло-пурпурный 70 мл,Чернила для Epson C13T09C64A EcoTank L8050/L8150/L8058 108 Light Magenta 70 ml A
2607sk,2607,Чернила,,Чернила T664KEpson C13T66414A черный,Чернила T6641 K для Epson C13T66414A черный,"Контейнер с чернилами Sakura C13T66414A (664 BK) для Epson, черный, 4000 к., 70 "
7106cs,7106,Тонер,125,Заправочный комплект TK1150 Kyocera черный с чипом,Тонер TK-1150 для Kyocera черный с чипом 125 г,Тонер Cactus CS-RK-TK1150 черный флакон 125гр. (в компл.:чип) для принтера Kyoce
7107cs,7107,Тонер,240,Заправочный комплект TK1170 Kyocera черный с чипом,Тонер TK-1170 для Kyocera черный с чипом 240 г,Тонер Cactus CS-RK-TK1170 черный флакон 240гр. (в компл.:чип) для принтера Kyoce
3841sk,3841,Чернила,,Чернила BT5000C Brother голубой,Чернила BT5000C для Brother голубой,"Чернила Sakura BT5000C для Brother, голубой, 10000 к., 100 мл."
7108cs,7108,Тонер,125,Заправочный комплект TK1200 Kyocera черный с чипом,Тонер TK1200 для Kyocera черный с чипом 125 г,Тонер Cactus CS-RK-TK1200 черный флакон 125гр. (в компл.:чип) для принтера Kyoce
7109cs,7109,Тонер,80,Заправочный комплект W1103A HP черный с чипом,Тонер W1103A для HP черный с чипом 80 г,Тонер Cactus CS-RK-W1103A черный флакон 80гр. (в компл.:чип) для принтера HP Nev
7111cs,7111,Тонер,100,Тонер TN-1075 / TN-1095 / TN-2375 / TN-2420 для Brother черный 100 г,Тонер TN-1075/TN-1095 TN-2375/TN2420 для Brother черный 100 г,Тонер Cactus CS-TBR-100 черный флакон 100гр. для принтера Brother Universal TN-1
7112cs,7112,Тонер,60,Тонер TN-241/TN-243/TN-247/TN-421/TN-423 для Brother голубой 60 г,Тонер TN-241/TN-243 TN-247/TN-421/TN423 C для Brother голубой 60 г,Тонер Cactus CS-TBRCHUC-60 голубой флакон 60гр. для принтера Brother Color Unive
7113cs,7113,Тонер,60,Тонер TN-241/TN-243/TN-247/TN-421/TN-423 для Brother пурпурный 60 г,Тонер TN241 TN243 TN247 TN421 TN423 M для Brother пурпурный 60 г,Тонер Cactus CS-TBRCHUM-60 пурпурный флакон 60гр. для принтера Brother Color Uni
3850sk,3850,Чернила,,Чернила №101BK Epson C13T03V14A черный,Чернила 101BK для Epson C13T03V14A черный,"Контейнер с чернилами Sakura C13T03Y100 / 101 для Epson, черный, 127 мл."
7114cs,7114,Тонер,60,Тонер TN-241/TN-243/TN-247/TN-421/TN-423 для Brother желтый 60 г,Тонер TN241 TN243 TN247 TN421 TN423 Y для Brother желтый 60 г,Тонер Cactus CS-TBRCHUY-60 желтый флакон 60гр. для принтера Brother Color Univer
3755bt,3755,Чернила,135,Чернила GI-490PGBK Canon 0663C001 черный,Чернила GI-490PGBK для Canon 0663C001 черный 135 мл,"Чернила Canon GI-490BK, Чёрные (135 мл) pigment"
3851sk,3851,Чернила,,Чернила №101C Epson C13T03V24A голубой,Чернила 101C для Epson C13T03V24A голубой,"Контейнер с чернилами Sakura C13T03Y200 / 101 для Epson, голубой, 70 мл."
7115cs,7115,Тонер,100,Тонер TN-3430/TN-3480/TN-3512/TN-3520 для Brother черный 100 г,Тонер TN-3430/TN-3480 TN-3512/TN3520 для Brother черный 100 г,Тонер Cactus CS-TBRHS-100 черный флакон 100гр. для принтера Brother TN-3430/3480
3489bt,3489,Чернила,,Чернила T6735 Epson C13T67354A светло-голубой,Чернила T6735 для Epson C13T67354A светло-голубой,"Контейнер с чернилами (с клапаном) БУЛАТ T6735, C13T67354A для Epson L800, Голуб"
3258bt,3258,Тонер,290,Заправочный комплект TN-420X Pantum тонер + чип,Тонер TN-420X для Pantum черный с чипом XL ресурс 290 г,Заправочный комплект Pantum P3010/M7100 TN-420X банка 200г/чип БУЛАТ
4431sk,4431,Чернила,,Чернила №106 Epson C13T00R440 желтый,Чернила 106 для Epson C13T00R440 желтый,"Контейнер с чернилами Sakura C13T00R440 (106 Y) для Epson, желтый, 5000 к., 70 м"
2609sp,2609,Чернила,,Чернила T6643 MEpson C13T66434A пурпурный,Чернила T6643 M для Epson C13T66434A пурпурный,"Чернила SP T6643 (C13T66434A)/T6733 (C13T67334A) пурпурные,100ml"
5305nv,5305,Тонер,60,Заправочный комплект MLT-D111L Samsung тонер 60 гр. + чип черный,Тонер MLT-D111L для Samsung черный с чипом 60 г,"Заправочный комплект NV PRINT для Samsung MLT-D111L, 60 гр, 1800 стр (тонер + чи"
3758sk,3758,Чернила,70,Чернила GI-490Y Canon 0666C001 желтый,Чернила GI-490Y для Canon 0666C001 желтый 70 мл,"Чернила Sakura 0666C001 для Canon, желтый, 9000 к., 100 мл."
5225at,5225,Чернила,100,Чернила №112 Epson C13T06C14A голубой,Чернила 112 для Epson C13T06C24A голубой 100 мл,Чернила для Epson C13T06C14A  EcoTank L6550/6570/11160/15150/15160 112 Cyan 70 m
6457at,6457,Чернила,70,Чернила 115 для Epson голубые,Чернила 115C для Epson C13T07D24A голубой 70 мл,СРОЧНО Чернила для Epson C13T07D24A  EcoTank  L8160/L8180 115 Cyan 70 ml AQUAMAR
6458at,6458,Чернила,70,Чернила 115 для Epson пурпурные,Чернила 115M для Epson C13T07D34A пурпурный 70 мл,Чернила для Epson C13T07D34A  EcoTank  L8160/L8180 115 Magenta 70 ml AQUAMARINE
3853sp,3853,Чернила,,Чернила №101Y Epson C13T03V44A желтый,Чернила 101Y для Epson C13T03V44A желтый,"Чернила SP 101/103Y (C13T03V44A/C13T00S44A) для Epson (желтые, 100ml)"
4412sk,4412,Чернила,,Чернила GI-40PGBK Canon 3385C001 черный,Чернила GI-40PGBK для Canon 3385C001 черный,"Чернила Sakura 3385C001 для Canon, черный, 5000 к., 140 мл."
4416sk,4416,Чернила,60,Чернила GI-43C Canon 4672C001 голубой,Чернила GI-43C для Canon 4672C001 голубой 60 мл,"Чернила Sakura 4672C001 для Canon, голубой, 3800 к., 60 мл."
6240bt,6240,Чернила,100,Чернила UNIVERSAL Cyan 100мл dye голубой,Чернила универсальные Brother 100 мл. голубой 100 мл,"Чернила HP, Epson, Lexmark, Canon UNIVERSAL (Голубые, банка - 100  мл) на водной"
6241bt,6241,Чернила,100,Чернила UNIVERSAL Magenta 100мл dye пурпурный,Чернила универсальные Brother 100 мл. пурпурный 100 мл,"Чернила HP, Epson, Lexmark, Canon UNIVERSAL (Пурпурные, банка - 100  мл) на водн"
4430sk,4430,Чернила,,Чернила №106 Epson C13T00R340 пурпурный,Чернила 106 для Epson C13T00R340 пурпурный,"Контейнер с чернилами Sakura C13T00R340 (106 M) для Epson, пурпурный, 5000 к., 7"
3846sk,3846,Чернила,,Чернила №103C Epson C13T00S24A голубой,Чернила 103C для Epson C13T00S24A голубой,"Контейнер с чернилами Sakura C13T00S24A (103 C) для Epson, голубой, 7500 к., 70 "
3737bt,3737,Чернила,90,Чернила GT51 HP M0H57AE черный,Чернила GT51 для HP M0H57AE черный 90 мл,"Чернила HP GT51 (M0H57AE), Чёрные (5000 стр., 90 мл) pigment"
3852sp,3852,Чернила,,Чернила №101M Epson C13T03V34A пурпурный,Чернила 101M для Epson C13T03V34A пурпурный,Чернила водорастворимые SK-E-101 M 6k 70ml SP
5759at,5759,Чернила,70,Чернила C13T09C24A (108) для Epson голубой,Чернила 108/008 C для Epson C13T09C24A голубой 70 мл,Чернила для Epson C13T09C24A EcoTank L8050/L8150/L8058 108 Cyan 70 ml AQUAMARINE
3755sp,3755,Чернила,135,Чернила GI-490PGBK Canon 0663C001 черный,Чернила GI-490PGBK для Canon 0663C001 черный 135 мл,"Чернила водорастворимые SP GI-490BK (0663C001) для Canon (черный, 135 мл)"
3184sk,3184,Чернила,,Чернила T6732 Epson C13T67324A голубой,Чернила T6732 для Epson C13T67324A голубой,"Контейнер с чернилами Sakura C13T67324A (673 C) для Epson, голубой, 5400 к., 70 "
3489sk,3489,Чернила,,Чернила T6735 Epson C13T67354A светло-голубой,Чернила T6735 для Epson C13T67354A светло-голубой,"Контейнер с чернилами Sakura C13T67354A (673 LC) для Epson, светло-голубой, 5400"
3842sk,3842,Чернила,,Чернила BT5000M Brother пурпурный,Чернила BT5000M для Brother пурпурный,"Чернила Sakura BT5000M для Brother, пурпурный, 10000 к., 100 мл."
3840sk,3840,Чернила,,Чернила BT6000BK Brother черный,Чернила BT6000BK для Brother черный,"Чернила Sakura BT6000BK для Brother, черный, 7300 к., 140 мл."
3184bt,3184,Чернила,,Чернила T6732 Epson C13T67324A голубой,Чернила T6732 для Epson C13T67324A голубой,"Контейнер с чернилами (с клапаном) БУЛАТ T6732, C13T67324A для Epson L800, Голуб"
3846sk,3846,Чернила,,Чернила №103C Epson C13T00S24A голубой,Чернила 103C для Epson C13T00S24A голубой,"Контейнер с чернилами Sakura C13T00V200 / 103 для Epson, голубой, 70 мл."
3490bt,3490,Чернила,,Чернила T6736 Epson C13T67364A светло-пурпурный,Чернила T6736 для Epson C13T67364A светло-пурпурный,"Контейнер с чернилами (с клапаном) БУЛАТ C13T67364A для Epson L800 T6736, Пурпур"
3183bt,3183,Чернила,,Чернила T6731 Epson C13T67314A черный,Чернила T6731 для Epson C13T67314A черный,"Контейнер с чернилами (с клапаном) БУЛАТ T6731, C13T67314A для Epson L800 Чёрный"
2608bt,2608,Чернила,,Чернила T6642 CEpson C13T66424A голубой,Чернила T6642 C для Epson C13T66424A голубой,"Контейнер с чернилами (с клапаном) БУЛАТ T6732, C13T67324A для Epson L800, Голуб"
3758at,3758,Чернила,70,Чернила GI-490Y Canon 0666C001 желтый,Чернила GI-490Y для Canon 0666C001 желтый 70 мл,Картридж для Canon GI490Y Pixma G1400/2400/3400 Yellow 70 ml AQUAMARINE (Совмест
4422sk,4422,Чернила,115,Картридж BTD60BK Brother черный,Чернила BTD60BK для Brother черный 115 мл,"Чернила Sakura BTD60BK для Brother, черный, 135 мл."
6239bt,6239,Чернила,100,Чернила UNIVERSAL Black 100мл dye черный,Чернила универсальные Brother 100 мл. черный 100 мл,"Чернила для HP, Epson, Lexmark, Canon UNIVERSAL (Чёрные, банка - 100  мл) на вод"
3850sf,3850,Чернила,,Чернила №101BK Epson C13T03V14A черный,Чернила 101BK для Epson C13T03V14A черный,"Чернила Epson T03V14A L4150/L6160/L14150 Black 7,5K SuperFine"
3738sp,3738,Чернила,70,Чернила GT52 HP M0H54AE голубой,Чернила GT52 для HP M0H54AE голубой 70 мл,"Чернила SP GT52 (M0H54AE) для HP (голубой, 70 мл)"
3852sk,3852,Чернила,,Чернила №101M Epson C13T03V34A пурпурный,Чернила 101M для Epson C13T03V34A пурпурный,"Контейнер с чернилами Sakura C13T03V34A (101 M) для Epson, пурпурный, 6000 к., 7"
3183sk,3183,Чернила,,Чернила T6731 Epson C13T67314A черный,Чернила T6731 для Epson C13T67314A черный,"Контейнер с чернилами Sakura C13T67314A (673 BK) для Epson, черный, 3000 к., 70 "
3740sf,3740,Чернила,70,Чернила GT52 HP M0H56AE желтый,Чернила GT52 для HP M0H56AE желтый 70 мл,Чернила HP M0H56AE GT58xx/InkTank110 70 ml Yellow SuperFine
3853sk,3853,Чернила,,Чернила №101Y Epson C13T03V44A желтый,Чернила 101Y для Epson C13T03V44A желтый,"Контейнер с чернилами Sakura C13T03Y400 / 101 для Epson, желтый, 70 мл."
3845sk,3845,Чернила,,Чернила №103BK Epson C13T00S14A черный,Чернила 103BK для Epson C13T00S14A черный,"Контейнер с чернилами Sakura C13T00V100 / 103 для Epson, черный, 70 мл."
3847sk,3847,Чернила,,Чернила №103M Epson C13T00S34A пурпурный,Чернила 103M для Epson C13T00S34A пурпурный,"Контейнер с чернилами Sakura C13T00V300 / 103 для Epson, пурпурный, 70 мл."
2609bt,2609,Чернила,,Чернила T6643 MEpson C13T66434A пурпурный,Чернила T6643 M для Epson C13T66434A пурпурный,"Контейнер с чернилами (с клапаном) БУЛАТ T6733, C13T67334A для Epson L800,  Пурп"
5886sk,5886,Чернила,60,Чернила GI-43R для Canon 4716C001 красный,Чернила GI-43R для Canon 4716C001 красный 60 мл,"Чернила Sakura 4716C001 (GI-43R) для Canon PIXMA G540/G640, красный, водораствор"
3840sp,3840,Чернила,,Чернила BT6000BK Brother черный,Чернила BT6000BK для Brother черный,"Чернила SK-BT6000 для Brother (черный, 100 мл)"
3186bs,3186,Чернила,,Чернила T6734 Epson C13T67344A желтый,Чернила T6734 для Epson C13T67344A желтый,Чернила Epson T6644/T6734 Yellow BS
4433sp,4433,Чернила,,"Чернила T114A (C13T01L14A)/T314A (C13T03P14A) для Epson, черные (120 ml)",Чернила 110 для Epson C13T03P14A водные черный,"Чернила SP T114A (C13T01L14A)/T314A (C13T03P14A) для Epson, черные (120 ml)"
3852sk,3852,Чернила,,Чернила №101M Epson C13T03V34A пурпурный,Чернила 101M для Epson C13T03V34A пурпурный,"Контейнер с чернилами Sakura C13T03Y300 / 101 для Epson, пурпурный, 70 мл."
3853sp,3853,Чернила,,Чернила №101Y Epson C13T03V44A желтый,Чернила 101Y для Epson C13T03V44A желтый,Чернила водорастворимые SK-E-101 Y 6k 70ml SP
3184sp,3184,Чернила,,Чернила T6732 Epson C13T67324A голубой,Чернила T6732 для Epson C13T67324A голубой,"Чернила водорастворимые SK-E-T6732 C 1,8k 70ml SP"
3185sp,3185,Чернила,,Чернила T6733 Epson C13T67334A пурпурный,Чернила T6733 для Epson C13T67334A пурпурный,"Чернила водорастворимые SK-E-T6733 M 1,8k 70ml SP"
3489sp,3489,Чернила,,Чернила T6735 Epson C13T67354A светло-голубой,Чернила T6735 для Epson C13T67354A светло-голубой,"Чернила SP T6735 (C13T67354A) LC для Epson, светло-голубые (100 ml) SP"
2609sp,2609,Чернила,,Чернила T6643 MEpson C13T66434A пурпурный,Чернила T6643 M для Epson C13T66434A пурпурный,"Чернила водорастворимые SK-E-T6643 M 6,5k 70ml SP"
3185pl,3185,Чернила,,Чернила T6733 Epson C13T67334A пурпурный,Чернила T6733 для Epson C13T67334A пурпурный,Чернила Epson T6643/T6733 Magenta PL
4422sp,4422,Чернила,115,Картридж BTD60BK Brother черный,Чернила BTD60BK для Brother черный 115 мл,"Чернила SP BTD60BK/ВТ6000BK для Brother (черный, 115 мл)"
3183sp,3183,Чернила,,Чернила T664KEpson C13T66414A черный,Чернила T6731 для Epson C13T67314A черный,"Чернила SP T6641 (C13T66414A)/T6731(C13T67314A) черные, 100ml"
3841sp,3841,Чернила,,Чернила BT5000C Brother голубой,Чернила BT5000C для Brother голубой,"Чернила SP BT5000C для Brother (голубой, 100 мл)"
3842sp,3842,Чернила,,Чернила BT5000M Brother пурпурный,Чернила BT5000M для Brother пурпурный,"Чернила SP BT5000M для Brother (пурпурный, 100 мл)"
3843sp,3843,Чернила,,Чернила BT5000Y Brother желтый,Чернила BT5000Y для Brother желтый,"Чернила SP BT5000Y для Brother (желтый, 100 мл)"
5693sp,5693,Чернила,100,"Чернила SK-BTD60BK для Brother черный, 100 мл",Чернила BTD60BK для Brother черный 100 мл,"Чернила SK-BTD60BK для Brother (черный, 100 мл)"
2608sp,2608,Чернила,,Чернила T6642 CEpson C13T66424A голубой,Чернила T6642 C для Epson C13T66424A голубой,"Чернила водорастворимые SK-E-T6642 C 6,5k 70ml SP"
3757sp,3757,Чернила,70,Чернила GI-490M Canon 0665C001 пурпурный,Чернила GI-490M для Canon 0665C001 пурпурный 70 мл,"Чернила SP GI-490M (0665C001) для Canon (пурпурный, 100 мл)"
3851sp,3851,Чернила,,Чернила №101C Epson C13T03V24A голубой,Чернила 101C для Epson C13T03V24A голубой,"Чернила SP 101/103C (C13T03V24A/C13T00S24A) для Epson (голубые, 100ml)"
3490sp,3490,Чернила,,Чернила T6736 Epson C13T67364A светло-пурпурный,Чернила T6736 для Epson C13T67364A светло-пурпурный,"Чернила SP T6736 (C13T67364A) LM для Epson, светло-пурпурные (100 ml)"
7160cs,7160,Тонер,100,Тонер MLT-D101S/MLT-D111/OPC-SAMML2160 для Samsung черный 100 г,Тонер MLT-D101 MLT-D111 для Samsung черный 100 г,Тонер Cactus CS-TSG2-100 черный флакон 100гр. для принтера Samsung MLT-D101S/MLT
3855cs,3855,Чернила,,Чернила №774BK Epson C13T77414A №774 BK черный,Чернила 774BK для Epson C13T77414A черный,Картридж струйный G&G GG-C13T77414A черный пигментный (140мл) для Epson M100/105
3758sp,3758,Чернила,70,Чернила GI-490Y Canon 0666C001 желтый,Чернила GI-490Y для Canon 0666C001 желтый 70 мл,"Чернила SP GI-490Y (0666C001) для Canon (желтый, 100 мл)"
3184sf,3184,Чернила,,Чернила T6732 Epson C13T67324A голубой,Чернила T6732 для Epson C13T67324A голубой,Чернила EPSON T6732A/6642A 100 ml Cyan SuperFine
2608sp,2608,Чернила,,Чернила T6642 CEpson C13T66424A голубой,Чернила T6642 C для Epson C13T66424A голубой,"Чернила SP T6642 (C13T66424A)/T6732 (C13T67324A) голубые, 100 ml"
2609sp,2609,Чернила,,Чернила T6643 MEpson C13T66434A пурпурный,Чернила T6643 M для Epson C13T66434A пурпурный,"Чернила SP T6643 (C13T66434A)/T6733 (C13T67334A) пурпурные,100ml"
3851sp,3851,Чернила,,Чернила №101C Epson C13T03V24A голубой,Чернила 101C для Epson C13T03V24A голубой,Чернила водорастворимые SK-E-101 C 6k 70ml SP
3739at,3739,Чернила,70,Чернила GT52 HP M0H55AE пурпурный,Чернила GT52 для HP M0H55AE пурпурный 70 мл,СРОЧНО Чернила (InkTank) для HP M0H55AE GT58xx/InkTank110 (70мл.) Magenta AQUAMA
3739sp,3739,Чернила,70,Чернила GT52 HP M0H55AE пурпурный,Чернила GT52 для HP M0H55AE пурпурный 70 мл,"Чернила SP GT52 (M0H55AE) для HP (пурпурный, 70 мл)"
5648ep,5648,Чернила,100,Чернила универсальные Epson BK 100 мл. IB-E100BK черный,Чернила универсальные Epson BK 100 мл. черный 100 мл,Чернила EasyPrint I-E100BK универсальные для Epson (100мл.) черный
3855sp,3855,Чернила,,Чернила №774BK Epson C13T77414A №774 BK черный,Чернила 774BK для Epson C13T77414A черный,Чернила пигментные SK-E-T7741 Bk 6k 140ml SP
7155cs,7155,Тонер,100,Тонер TK‑5230/TK‑5240/TK‑8115/TK‑5220/TK‑5270/TK‑8305/TK‑8315/TK‑8505/TK‑8600 для Kyocera желтый 100 г,Тонер TK‑5230/ TK‑5240/ TK‑8305/ TK‑5220 для Kyocera желтый 100 г,Тонер Cactus CS-TKYCUY-100 желтый флакон 100гр. для принтера Kyocera Color Unive
7158cs,7158,Тонер,80,Тонер KX-FAT411A7/KX-FC965/KX-FL501/KX-MB2020/KX-MB1500/KX-FLB758/KX-FL401/KX-MB262RU для Panasonic черный 80 г,Тонер KX-FAT411A KX-FAT400A KX-FAT410A KX-FAT421A KX-FAT430A KX-FAT431A для Panasonic черный 80 г,Тонер Cactus CS-TRHPU-80 черный флакон 80гр. для принтера Panasonic Universal
5661sp,5661,Чернила,100,Заправочный набор Canon CL-38/ CL-41/ CL-51 цветной,Чернила Epson Dye LM светло-пурпурный 100 мл,Заправочный набор Canon CL-38/ CL-41/ CL-51 (C/M/Y)
3490sp,3490,Чернила,,"Чернила SK-E-T6736 LM (C13T67364A) для Epson, светло-пурпурные (70 ml)",Чернила T6736 для Epson C13T67364A светло-пурпурный,"Чернила SK-E-T6736 LM (C13T67364A) для Epson, светло-пурпурные (70 ml)"
3184sp,3184,Чернила,,Чернила T6732 Epson C13T67324A голубой,Чернила T6732 для Epson C13T67324A голубой,"Чернила водорастворимые SK-E-T6732 C 1,8k 70ml SP"
3489sp,3489,Чернила,,Чернила T6735 Epson C13T67354A светло-голубой,Чернила T6735 для Epson C13T67354A светло-голубой,"Чернила SP T6735 (C13T67354A) LC для Epson, светло-голубые (100 ml) SP"
3490sp,3490,Чернила,,Чернила T6736 Epson C13T67364A светло-пурпурный,Чернила T6736 для Epson C13T67364A светло-пурпурный,"Чернила SP T6736 (C13T67364A) LM для Epson, светло-пурпурные (100 ml)"
5650at,5650,Чернила,100,Чернила для Epson водные Dye ink универсальные светло-голубой,Чернила универсальные Epson LС 100 мл. светло-голубой 100 мл,Чернила для Epson водные Dye ink универсальные 100 ml light cyan AQUAMARINE
3755sp,3755,Чернила,135,Чернила GI-490PGBK Canon 0663C001 черный,Чернила GI-490PGBK для Canon 0663C001 черный 135 мл,"Чернила водорастворимые SP GI-490BK (0663C001) для Canon (черный, 135 мл)"
5040at,5040,Чернила,135,Чернила X4E40AE/ 1VV21AE HP GT51XL/ GT53XL черный XL ресурс,Чернила GT51XL для HP X4E40AE/ 1VV21AE черный 135 мл,Картридж для HP GT-53XL 1VV21AE DeskJet-GT58xx/InkTank-110ser Black AQUAMARINE (
3183sp,3183,Чернила,,Чернила T6731 Epson C13T67314A черный,Чернила T6731 для Epson C13T67314A черный,"Чернила водорастворимые SK-E-T6731 Bk 1,8k 70ml SP"
3851sp,3851,Чернила,,Чернила №101C Epson C13T03V24A голубой,Чернила 101C для Epson C13T03V24A голубой,"Чернила SP 101/103C (C13T03V24A/C13T00S24A) для Epson (голубые, 100ml)"
4433at,4433,Чернила,,Чернила №110 Epson C13T03P14A черный водные,Чернила 110 для Epson C13T03P14A водные черный,Картридж для Epson T03P14A EcoTank M-11хх/21хх/31хх ЧЕРНИЛА Black 6K ВОДНЫЕ AQUA
6153ep,6153,Чернила,100,Чернила универсальные пигментные для Epson 100мл. черный,Чернила универсальные пигментные Epson 100 мл черный 100 мл,Чернила EasyPrint I-E100BK_PGMT универсальные пигментные для Epson (100мл.) черн
3848sf,3848,Чернила,,Чернила №103Y Epson C13T00S44A желтый,Чернила 103Y для Epson C13T00S44A желтый,"Чернила Epson T00S44A L1100/L3100/L5190 Yellow 7,5K SuperFine"
3737sp,3737,Чернила,90,"Чернила пигментные  GT51 (M0H57AE) для HP (черный, 90 мл)",Чернила GT51 для HP M0H57AE черный 90 мл,"Чернила пигментные SP GT51 (M0H57AE) для HP (черный, 90 мл)"
2610sp,2610,Чернила,,Чернила T6644 YEpson C13T66444A желтый,Чернила T6644 Y для Epson C13T66444A желтый,"Чернила водорастворимые SK-E-T6644 Y 6,5k 70ml SP"
3847sf,3847,Чернила,,Чернила №103M Epson C13T00S34A пурпурный,Чернила 103M для Epson C13T00S34A пурпурный,"Чернила Epson T00S34A L1100/L3100/L5190 Magenta 7,5K SuperFine"
2610sp,2610,Чернила,,Чернила T6644 YEpson C13T66444A желтый,Чернила T6644 Y для Epson C13T66444A желтый,"Чернила SP T6644 (C13T66444A)/T6734 (C13T67344A) желтые,100ml"
3185sp,3185,Чернила,,Чернила T6733 Epson C13T67334A пурпурный,Чернила T6733 для Epson C13T67334A пурпурный,"Чернила водорастворимые SK-E-T6733 M 1,8k 70ml SP"
3186sp,3186,Чернила,,Чернила T6734 Epson C13T67344A желтый,Чернила T6734 для Epson C13T67344A желтый,"Чернила водорастворимые SK-E-T6734 Y 1,8k 70ml SP"
3186ct,3186,Чернила,,Чернила T6734 Epson C13T67344A желтый,Чернила T6734 для Epson C13T67344A желтый,Картридж T6734A/T6644A Y CT
3841at,3841,Чернила,,Чернила BT5000C Brother голубой,Чернила BT5000C для Brother голубой,Картридж для Brother BT5000C DCP-T300/500/700 MFC-T800 ЧЕРНИЛА 5K Cyan AQUAMARIN
3852sp,3852,Чернила,,Чернила №101M Epson C13T03V34A пурпурный,Чернила 101M для Epson C13T03V34A пурпурный,Чернила водорастворимые SK-E-101 M 6k 70ml SP
3850sp,3850,Чернила,,Чернила №101BK Epson C13T03V14A черный,Чернила 101BK для Epson C13T03V14A черный,Чернила пигментные SK-E-101 Bk 15k 127ml SP
3855gp,3855,Чернила,,Чернила №774BK Epson C13T77414A №774 BK черный,Чернила 774BK для Epson C13T77414A черный,Емкость с чернилами GalaPrint C13T77414A Epson M-200
4413cs,4413,Чернила,60,Чернила GI-43BK Canon 4698C001 черный,Чернила GI-43BK для Canon 4698C001 черный 60 мл,"Чернила GI43-BK 4698C001 (43 BK) для Canon, черный, 60 мл., 3800 к. CS"
3489ct,3489,Чернила,,Чернила T6735 Epson C13T67354A светло-голубой,Чернила T6735 для Epson C13T67354A светло-голубой,Чернила T6735 (C13T67354A) светло-голубые CT
3489bs,3489,Чернила,,Чернила T6735 Epson C13T67354A светло-голубой,Чернила T6735 для Epson C13T67354A светло-голубой,Чернила Epson T6735 Light Cyan BS
3737sf,3737,Чернила,90,Чернила GT51 HP M0H57AE черный,Чернила GT51 для HP M0H57AE черный 90 мл,Картридж GT51XL Черный HP
4419at,4419,Чернила,,Чернила GI-40C Canon голубой,Чернила GI-40C для Canon 3400C001 голубой,Чернила для Canon GI40C Pixma G5040/G6040/GM2040 Cyan 70 ml AQUAMARINE
5648t2,5648,Чернила,100,Чернила универсальные Epson BK 100 мл. IB-E100BK черный,Чернила универсальные Epson BK 100 мл. черный 100 мл,"IB-E100BK Чернила T2 универсальные для Epson, цвет черный (100мл.)"
4422pl,4422,Чернила,115,Картридж BTD60BK Brother черный,Чернила BTD60BK для Brother черный 115 мл,Струйный картридж BTD60BK с чернилами на водной основе Black 108 мл ProfiLine
5653bt,5653,Чернила,100,Чернила UNIVERSAL Yellow 70мл dye желтый,Чернила универсальные Epson Y 100 мл. IB-E100Y желтый 100 мл,Чернила Epson Universal Yellow банка 100мл dye
5650ep,5650,Чернила,100,Чернила универсальные Epson LС 100 мл. светло-голубой,Чернила универсальные Epson LС 100 мл. светло-голубой 100 мл,Чернила EasyPrint I-E100LC универсальные для Epson (100мл.) светло-голубой
3739sp,3739,Чернила,70,Чернила GT52 HP M0H55AE пурпурный,Чернила GT52 для HP M0H55AE пурпурный 70 мл,"Чернила SP GT52 (M0H55AE) для HP (пурпурный, 100 мл)"
5652bt,5652,Чернила,100,Чернила UNIVERSAL Magenta 100мл dye пурпурный,Чернила универсальные Epson M 100 мл. пурпурный 100 мл,Чернила Epson Universal Magenta банка 100мл dye
3740sp,3740,Чернила,70,Чернила GT52 HP M0H56AE желтый,Чернила GT52 для HP M0H56AE желтый 70 мл,"Чернила SP GT52 (M0H56AE) для HP (желтый, 100 мл)"
3738sp,3738,Чернила,70,Чернила GT52 HP M0H54AE голубой,Чернила GT52 для HP M0H54AE голубой 70 мл,"Чернила SP GT52 (M0H54AE) для HP (голубой, 70 мл)"
3738sp,3738,Чернила,70,Чернила GT52 HP M0H54AE голубой,Чернила GT52 для HP M0H54AE голубой 70 мл,"Чернила SP GT52 (M0H54AE) для HP (голубой, 100 мл)"
5651ep,5651,Чернила,100,Чернила универсальные Epson LM 100 мл. светло-пурпурный,Чернила универсальные Epson LM 100 мл. светло-пурпурный 100 мл,Чернила EasyPrint I-E100LM универсальные для Epson (100мл.) светло-пурпурный
5655ep,5655,Чернила,100,Чернила универсальные HP BK 100 мл. IB-H100BK черный,Чернила универсальные HP BK 100 мл. IB-H100BK черный 100 мл,Чернила EasyPrint I-H100BK универсальные для HP и Lexmark (100мл.) черный
5658ep,5658,Чернила,100,Чернила универсальные HP Y 100 мл. IB-H100Y желтый,Чернила универсальные HP Y 100 мл. IB-H100Y желтый 100 мл,Чернила EasyPrint I-H100Y универсальные для HP и Lexmark (100мл.) желтый
5651at,5651,Чернила,100,Чернила для Epson водные Dye ink универсальные светло-пурпурный,Чернила универсальные Epson LM 100 мл. светло-пурпурный 100 мл,Чернила для Epson водные Dye ink универсальные 100 ml light magenta AQUAMARINE
2607ct,2607,Чернила,,Чернила T664KEpson C13T66414A черный,Чернила T6641 K для Epson C13T66414A черный,Картридж T6731A/T6641A BK CT
5309cs,5309,Тонер,115,Заправочный комплект TN-420H Pantum тонер + чип,Тонер TN-420H для Pantum черный с чипом 115 г,Тонер Cactus CS-RK-TL-420H черный флакон 100гр. (в компл.:чип) для принтера Pant
5656ep,5656,Чернила,100,Чернила универсальные HP С 100 мл. IB-H100C голубой,Чернила универсальные HP С 100 мл. IB-H100C голубой 100 мл,Чернила EasyPrint I-H100C универсальные для HP и Lexmark (100мл.) голубой
5647ep,5647,Чернила,100,Чернила универсальные пигментные Canon BK 100 мл. черный,Чернила универсальные пигментные Canon BK 100 мл. черный 100 мл,Чернила EasyPrint I-C100BK_PGMT универсальные пигментные для Canon (100мл.) черн
5657ep,5657,Чернила,100,Чернила универсальные HP M 100 мл. IB-H100M пурпурный,Чернила универсальные HP M 100 мл. IB-H100M пурпурный 100 мл,Чернила EasyPrint I-H100M универсальные для HP и Lexmark (100мл.) пурпурный
5660ep,5660,Чернила,100,Чернила универсальные пигментные HP BK 100 мл. черный,Чернила универсальные пигментные HP BK 100 мл. черный 100 мл,Чернила EasyPrint I-H100BK_PGMT универсальные пигментные для HP и Lexmark (100мл
2607ct,2607,Чернила,,Чернила T664KEpson C13T66414A черный,Чернила T6641 K для Epson C13T66414A черный,Картридж T664K CT
5760sk,5760,Чернила,70,"Контейнер с чернилами C13T09C34A (108/008M) для Epson, пурпурный, 70 мл.",Чернила 108/008 M для Epson C13T09C34A пурпурный 70 мл,"Контейнер с чернилами Sakura C13T09C34A (108/008M) для Epson, пурпурный, 70 мл."
3756sp,3756,Чернила,70,Чернила GI-490C Canon 0664C001 голубой,Чернила GI-490C для Canon 0664C001 голубой 70 мл,"Чернила SP GI-490C (0664C001) для Canon (голубой, 100 мл)"
5648bt,5648,Чернила,100,Чернила UNIVERSAL Black 100мл dye черный,Чернила универсальные Epson BK 100 мл. черный 100 мл,Чернила Epson Universal Black банка 100мл dye
3739sf,3739,Чернила,70,Чернила GT52 HP M0H55AE пурпурный,Чернила GT52 для HP M0H55AE пурпурный 70 мл,Чернила HP M0H55AE GT58xx/InkTank110 70 ml Magenta SuperFine
5759sk,5759,Чернила,70,"Контейнер с чернилами C13T09C24A (108/008 C) для Epson, голубой, 70 мл.",Чернила 108/008 C для Epson C13T09C24A голубой 70 мл,"Контейнер с чернилами Sakura C13T09C24A (108/008 C) для Epson, голубой, 70 мл."
3186sf,3186,Чернила,,Чернила T6734 Epson C13T67344A желтый,Чернила T6734 для Epson C13T67344A желтый,Чернила (Ink Tank) EPSON T6734A L800 70 ml Yellow SuperFine
5758sk,5758,Чернила,70,"Контейнер с чернилами C13T09C14A (108/008 BK) для Epson, черный, 70 мл.",Чернила 108/008 BK для Epson C13T09C14A черный 70 мл,"Контейнер с чернилами Sakura C13T09C14A (108/008 BK) для Epson, черный, 70 мл."
5761sk,5761,Чернила,70,"Контейнер с чернилами C13T09C44A (108/008 Y) для Epson, желтый, 70 мл.",Чернила 108/008 Y для Epson C13T09C44A желтый 70 мл,"Контейнер с чернилами Sakura C13T09C44A (108/008 Y) для Epson, желтый, 70 мл."
5763sk,5763,Чернила,70,"Контейнер с чернилами C13T09C64A (108/008 LM) для Epson, светло-пурпурный, 70 мл.",Чернила 108/008 LM для Epson светло-пурпурный 70 мл,"Контейнер с чернилами Sakura C13T09C64A (108/008 LM) для Epson, светло-пурпурный"
4433bs,4433,Чернила,,Картридж №110Epson C13T03P14A черный,Чернила 110 для Epson C13T03P14A водные черный,"Емкость с чернилами Epson T03P14A/C13T03P14A для M1100/1120/1140/1170/1180/2140,"
3490bs,3490,Чернила,,Чернила T6736 Epson C13T67364A светло-пурпурный,Чернила T6736 для Epson C13T67364A светло-пурпурный,Чернила Epson BS-T6736 Light Magenta BS
5661sp,5661,Чернила,100,Чернила Epson Dye LM светло-пурпурный,Чернила Epson Dye LM светло-пурпурный 100 мл,Заправочный набор Canon SK-C-CL-38/ CL-41/ CL-51 (C/M/Y)
3851at,3851,Чернила,,Чернила №101C Epson C13T03V24A голубой,Чернила 101C для Epson C13T03V24A голубой,СРОЧНО Картридж для Epson T03V24A L4150/L6160/L14150 ЧЕРНИЛА Cyan 70 ml AQUAMARI
5652at,5652,Чернила,100,Чернила для Epson водные Dye ink универсальные пурпурный,Чернила универсальные Epson M 100 мл. пурпурный 100 мл,Чернила для Epson водные Dye ink универсальные 100 ml magenta AQUAMARINE
3757sp,3757,Чернила,70,Чернила GI-490M Canon 0665C001 пурпурный,Чернила GI-490M для Canon 0665C001 пурпурный 70 мл,"Чернила SP GI-490M (0665C001) для Canon (пурпурный, 100 мл)"
3186pl,3186,Чернила,,Чернила T6734 Epson C13T67344A желтый,Чернила T6734 для Epson C13T67344A желтый,Чернила Epson T6644/T6734 Yellow PL
4420at,4420,Чернила,,Чернила GI-40M Canon пурпурный,Чернила GI-40M для Canon 3401C001 пурпурный,Чернила для Canon GI40M Pixma G5040/G6040/GM2040 Magenta 70 ml AQUAMARINE
6155ep,6155,Чернила,100,Чернила универсальные пигментные Epson 100 мл пурпурный,Чернила универсальные пигментные Epson 100 мл пурпурный 100 мл,Чернила EasyPrint I-E100M_PGMT универсальные пигментные для Epson (100мл.) пурпу
2608ct,2608,Чернила,,Чернила T6642 CEpson C13T66424A голубой,Чернила T6642 C для Epson C13T66424A голубой,Картридж T664C CT
5647at,5647,Чернила,100,Чернила для Canon пигментные Pigment ink универсальные черный,Чернила универсальные пигментные Canon BK 100 мл. черный 100 мл,Чернила для Canon пигментные Pigment ink универсальные 100 ml black AQUAMARI
3183sf,3183,Чернила,,Чернила T6731 Epson C13T67314A черный,Чернила T6731 для Epson C13T67314A черный,Чернила (Ink Tank) EPSON T6731A L800 70 ml Black SuperFine
3184sf,3184,Чернила,,Чернила T6732 Epson C13T67324A голубой,Чернила T6732 для Epson C13T67324A голубой,Чернила (Ink Tank) EPSON T6732A L800 70 ml Cyan SuperFine
3185sf,3185,Чернила,,Чернила T6733 Epson C13T67334A пурпурный,Чернила T6733 для Epson C13T67334A пурпурный,Чернила (Ink Tank) EPSON T6733A L800 70 ml Magenta SuperFine
3183sf,3183,Чернила,,Чернила T6731 Epson C13T67314A черный,Чернила T6731 для Epson C13T67314A черный,Чернила EPSON T6731A/6641A 100 ml Black SuperFine
3185sf,3185,Чернила,,Чернила T6733 Epson C13T67334A пурпурный,Чернила T6733 для Epson C13T67334A пурпурный,Чернила EPSON T6733A/6643A 100 ml Magenta SuperFine
3186sf,3186,Чернила,,Чернила T6734 Epson C13T67344A желтый,Чернила T6734 для Epson C13T67344A желтый,Чернила EPSON T6734A/6644A 100 ml Yellow SuperFine
4552,4552,Чернила,70,Чернила №101 /001 Epson C13T03Y400 желтый,Чернила T101 /001 для Epson C13T03Y400 желтый 70 мл,Контейнер с чернилами C13T03Y400 (№101/001Y) желтый
6157ep,6157,Чернила,100,Чернила универсальные пигментные Epson 100 мл светло-голубой,Чернила универсальные пигментные Epson 100 мл светло-голубой 100 мл,Чернила EasyPrint I-E100LC_PGMT универсальные пигментные для Epson (100мл.) свет
4551,4551,Чернила,70,Чернила №101 /001 Epson C13T03Y300 пурпурный,Чернила T101 /001 для Epson C13T03Y300 пурпурный 70 мл,Контейнер с чернилами C13T03Y300 (№101/001M) пурпурный
6158ep,6158,Чернила,100,Чернила универсальные пигментные Epson 100 мл светло-пурпурный,Чернила универсальные пигментные Epson 100 мл светло-пурпурный 100 мл,Чернила EasyPrint I-E100LM_PGMT универсальные пигментные для Epson (100мл.) свет
6154ep,6154,Чернила,100,Чернила универсальные пигментные Epson 100 мл голубой,Чернила универсальные пигментные Epson 100 мл голубой 100 мл,Чернила EasyPrint I-E100C_PGMT универсальные пигментные для Epson (100мл.) голуб
6156ep,6156,Чернила,100,Чернила универсальные пигментные Epson 100 мл желтый,Чернила универсальные пигментные Epson 100 мл желтый 100 мл,Чернила EasyPrint I-E100Y_PGMT универсальные пигментные для Epson (100мл.) желты
3758sp,3758,Чернила,70,Чернила GI-490Y Canon 0666C001 желтый,Чернила GI-490Y для Canon 0666C001 желтый 70 мл,"Чернила SP GI-490Y (0666C001) для Canon (желтый, 100 мл)"
4433sp,4433,Чернила,,"Чернила T114A (C13T01L14A)/T314A (C13T03P14A) для Epson, черные (120 ml)",Чернила 110 для Epson C13T03P14A водные черный,"Чернила SP T114A (C13T01L14A)/T314A (C13T03P14A) для Epson, черные (120 ml)"
3846at,3846,Чернила,,Чернила №103C Epson C13T00S24A голубой,Чернила 103C для Epson C13T00S24A голубой,СРОЧНО Картридж для Epson T00S24A L1100/L3100/L5190 ЧЕРНИЛА Cyan 70 ml AQUAMARIN
3840at,3840,Чернила,,Чернила BT6000BK Brother черный,Чернила BT6000BK для Brother черный,Картридж для Brother BT6000BK/BTD60BK DCP-T300/MFC-T800 ЧЕРНИЛА 6K Black AQUAMAR
3184ct,3184,Чернила,,Чернила T6732 Epson C13T67324A голубой,Чернила T6732 для Epson C13T67324A голубой,Картридж T6732A/T6642A C CT
3490ct,3490,Чернила,,Чернила T6736 Epson C13T67364A светло-пурпурный,Чернила T6736 для Epson C13T67364A светло-пурпурный,Чернила T6736 (C13T67364A) светло-пурпурные CT
5658at,5658,Чернила,100,Чернила для HP водные Dye ink универсальные желтые,Чернила универсальные HP Y 100 мл. IB-H100Y желтый 100 мл,Чернила для HP водные Dye ink универсальные 100 ml yellow AQUAMARINE
5292nv,5292,Тонер,125,Заправочный комплект TK-1200 Kyocera тонер 125 гр. + чип черный,Тонер TK-1200 для Kyocera черный с чипом 125 г,"Заправочный комплект NV PRINT для Kyocera ТK-1200, 125 гр, 3000 стр (тонер + чип"
5653at,5653,Чернила,100,Чернила для Epson водные Dye ink универсальные желтые,Чернила универсальные Epson Y 100 мл. IB-E100Y желтый 100 мл,Чернила для Epson водные Dye ink универсальные 100 ml yellow AQUAMARINE
3852at,3852,Чернила,,Чернила №101M Epson C13T03V34A пурпурный,Чернила 101M для Epson C13T03V34A пурпурный,СРОЧНО Картридж для Epson T03V34A L4150/L6160/L14150 ЧЕРНИЛА Magenta 70 ml  AQUA
3842at,3842,Чернила,,Чернила BT5000M Brother пурпурный,Чернила BT5000M для Brother пурпурный,СРОЧНО Картридж для Brother BT5000M DCP-T300/500/700 MFC-T800 ЧЕРНИЛА 5K Magenta
5649bt,5649,Чернила,100,Чернила UNIVERSAL Cyan 100мл dye голубой,Чернила универсальные Epson С 100 мл. голубой 100 мл,Чернила Epson Universal Cyan банка 100мл dye
6078cs,6078,Чернила,,Чернила C13T03P14A Epson 110BK черный пигментный,Чернила 110 для Epson C13T03P14A пигментные черный,Чернила G&G GG-C13T03P14A 110BK черный пигментный 140мл для Epson M1100/M1120/M1
3183at,3183,Чернила,,Чернила T6731A/T6641A черный,Чернила T6731 для Epson C13T67314A черный,Картридж для Epson T6731A/T6641A L100/L200/L800/L1800/L3070 Black 100 ml AQUAMAR
3183sp,3183,Чернила,,Чернила T664KEpson C13T66414A черный,Чернила T6731 для Epson C13T67314A черный,"Чернила SP T6641 (C13T66414A)/T6731(C13T67314A) черные, 100ml"
3183bt,3183,Чернила,,Чернила T664KEpson C13T66414A черный,Чернила T6731 для Epson C13T67314A черный,Контейнер с чернилами (с клапаном) Epson L100/L200/L300/L605/L1455 T6641/C13T664
3847at,3847,Чернила,,Чернила №103M Epson C13T00S34A пурпурный,Чернила 103M для Epson C13T00S34A пурпурный,СРОЧНО Картридж для Epson T00S34A L1100/L3100/L5190 ЧЕРНИЛА Magenta 70 ml  AQUAM
3850sp,3850,Чернила,,Чернила №101BK Epson C13T03V14A черный,Чернила 101BK для Epson C13T03V14A черный,"Чернила SP-101/103Bk (C13T03V14A/C13T00S14A) для Epson (черные, 140ml)"
5762cs,5762,Чернила,70,Чернила 108 для Epson светло-голубой,Чернила 108/008 LC для Epson C13T09C54A светло-голубой 70 мл,Чернила G&G GG-108LC C13T09C54A светло-голубой70мл для Epson Ecotank L8050/L1805
5759cs,5759,Чернила,70,Чернила 108 для Epson голубой,Чернила 108/008 C для Epson C13T09C24A голубой 70 мл,Чернила G&G GG-108C C13T09C24A голубой70мл для Epson Ecotank L8050/L18050
5763cs,5763,Чернила,70,Чернила 108 для Epson светло-пурпурный,Чернила 108/008 LM для Epson светло-пурпурный 70 мл,Чернила G&G GG-108LM C13T09C64A светло-пурпурный70мл для Epson Ecotank L8050/L18
5760cs,5760,Чернила,70,Чернила 108 для Epson пурпурный,Чернила 108/008 M для Epson C13T09C34A пурпурный 70 мл,Чернила G&G GG-108M C13T09C34A пурпурный70мл для Epson Ecotank L8050/L18050
5758cs,5758,Чернила,70,Чернила 108 для Epson черный,Чернила 108/008 BK для Epson C13T09C14A черный 70 мл,Чернила G&G GG-108BK C13T09C14A черный70мл для Epson Ecotank L8050/L18050
5761cs,5761,Чернила,70,Чернила 108 для Epson желтый,Чернила 108/008 Y для Epson C13T09C44A желтый 70 мл,Чернила G&G GG-108Y C13T09C44A желтый70мл для Epson Ecotank L8050/L18050
5413at,5413,Чернила,135,Чернила GI-41Bk Canon черный,Чернила GI-41Bk для Canon черный 135 мл,Картридж для Canon GI41Bk PIXMA G1420/G2420/G3420 Black 140 ml AQUAMARINE (Совме
5414at,5414,Чернила,70,Чернила GI-41C Canon голубой,Чернила GI-41C для Canon 4543C001 голубой 70 мл,Картридж для Canon GI41C PIXMA G1420/G2420/G3420 Cyan 70 ml AQUAMARINE (Совмести
5415at,5415,Чернила,70,Чернила GI-41M Canon пурпурный,Чернила GI-41M для Canon 4544c001 пурпурный 70 мл,Картридж для Canon GI41M PIXMA G1420/G2420/G3420 Magenta 70 ml AQUAMARINE (Совме
5416at,5416,Чернила,70,Чернила GI-41Y Canon желтый,Чернила GI-41Y для Canon 4545C001 желтый 70 мл,Картридж для Canon GI41Y PIXMA G1420/G2420/G3420 Yellow 70 ml AQUAMARINE (Совмес
3843at,3843,Чернила,,Чернила BT5000Y Brother желтый,Чернила BT5000Y для Brother желтый,СРОЧНО Картридж для Brother BT5000Y DCP-T300/500/700 MFC-T800 ЧЕРНИЛА 5K Yellow 
3853at,3853,Чернила,,Чернила №101Y Epson C13T03V44A желтый,Чернила 101Y для Epson C13T03V44A желтый,СРОЧНО Картридж для Epson T03V44A L4150/L6160/L14150 ЧЕРНИЛА Yellow 70 ml  AQUAM
5649t2,5649,Чернила,100,"IB-E100C Чернила T2 универсальные для Epson, цвет голубой (100мл.)",Чернила универсальные Epson С 100 мл. голубой 100 мл,"IB-E100C Чернила T2 универсальные для Epson, цвет голубой (100мл.)"
3258bs,3258,Тонер,290,Заправочный комплект TN-420X Pantum 2 флакона тонера + чип,Тонер TN-420X для Pantum черный с чипом XL ресурс 290 г,"Заправочный комплект Blossom BS-TN-420X для Pantum M6700/P3010 (О), 6K, + 1чип, "
