проблема;поставщик;склад;документ;дата;код МС;артикул;внешний код;наименование;категория;штук
карточка в архиве;easy_print;Кантемировская;easy_print_2024-11-24_p13;2024-11-24;5586ct;;5586;Картридж Colortek HP W1107A (107A);Картриджи/Картриджи HP;1.0
карточка в архиве;· ручные документы;Кантемировская;00003-00001;2022-04-24;0193at;ATR-CC644HE;0193;Картридж hp 121XL Col AT;Картриджи/Картриджи HP/струйные hp;1.0
карточка в архиве;· ручные документы;Кантемировская;00022-00001;2019-04-04;0196cg;;0196;* Восстановленный картридж hp 130 BK CG;Картриджи/Картриджи HP/струйные hp;5.0
карточка в архиве;· ручные документы;Кантемировская;00002-00048 (2)71;2023-05-11;2157sp;;2157;*Брак* Картридж CF540X/CF400X/C-054H/045H BK для для принтеров HP LJ M254dw/ M280nw/ M281fdn (3.2k);Картриджи/Картриджи HP;1.0
карточка в архиве;· ручные документы;Кантемировская;00002-00048 (2)71;2023-05-11;2158sp;;2158;*Брак* Картридж CF541X/CF401X/C-054H/045H C для для принтеров HP LJ M254dw/ M280nw/ M281fdn (2.5k);Картриджи/Картриджи HP;1.0
карточка в архиве;· ручные документы;Кантемировская;00002-00048 (2)71;2023-05-11;2159sp;;2159;*Брак* Картридж CF542X/CF402X/C-054H/045H Y для для принтеров HP LJ M254dw/ M280nw/ M281fdn (2.5k);Картриджи/Картриджи HP;1.0
карточка в архиве;· ручные документы;Кантемировская;00002-00048 (2)71;2023-05-11;2160sp;;2160;*Брак* Картридж CF543X/CF403X/C-054H/045H M для для принтеров HP LJ M254dw/ M280nw/ M281fdn (2.5k);Картриджи/Картриджи HP;1.0
карточка в архиве;· ручные документы;Звездный;09012025;2025-01-09;3624ep;;3624;*Брак* Картридж EasyPrint IH-335 №140 для HP Deskjet D4263/D5360/Officejet J5783/J6413, черный;Картриджи/Картриджи HP/струйные hp;1.0
карточка в архиве;· ручные документы;Звездный;09012025;2025-01-09;3625ep;;3625;*Брак*IC-H337 Картридж T2 №141 для HP Deskjet D4263/D5360/Officejet J5783/J6413/Photosmart C4273, цветной;Картриджи/Картриджи HP/струйные hp;2.0
карточка в архиве;· ручные документы;Кантемировская;12305-00001;2016-09-27;0198t2;;0198;IC-H336 Картридж T2 № 140XL для HP Deskjet D4263/D4363/D5360/Officejet J5783/J6413/Photosmart C4273/C4283/C4343/C4383/C4473/C4483/C4583/C5283/D5363, черный;Картриджи/Картриджи HP;2.0
карточка в архиве;· ручные документы;Кантемировская;00039-00001;2019-11-14;0377ds;;0377;Барабан DR-2075 DS;Картриджи/Картриджи Brother;1.0
карточка в архиве;· ручные документы;?;00025-00001;2015-04-10;0015ds;;0015;Картридж 013R00621 DS;Картриджи/Картриджи Xerox;1.0
карточка в архиве;· ручные документы;?;00020-00001;2015-03-18;0036cg;;0036;Картридж 013R00625 CG;Картриджи/Картриджи Xerox;1.0
карточка в архиве;· ручные документы;Кантемировская;00021-00001;2018-08-24;0036sq;;0036;Картридж 013R00625 DS;Картриджи/Картриджи Xerox;1.0
карточка в архиве;· ручные документы;Кантемировская;00002-00001;2018-01-20;0254sq;;0254;Картридж 108R00909 DS new;Картриджи/Картриджи Xerox;1.0
карточка в архиве;· ручные документы;Кантемировская;00011-00001;2019-02-01;0045sf;;0045;Картридж 6110/ CLP-300 M SF;Картриджи/Картриджи Xerox;1.0
карточка в архиве;· ручные документы;Кантемировская;00001-00001;2014-01-14;0043nv;;0043;Картридж 6110C NV;Картриджи/Картриджи Xerox;1.0
карточка в архиве;· ручные документы;Кантемировская;00004-00001;2018-04-10;0115ds;;0115;Картридж 6125 M DS;Картриджи/Картриджи Xerox;1.0
карточка в архиве;· ручные документы;Кантемировская;00039-00001;2015-10-22;0128;;0128;Картридж BCI-24 / BCI-21 черный;Картриджи/Картриджи Canon;6.0
карточка в архиве;· ручные документы;Кантемировская;00035-00001;2015-09-13;0128;;0128;Картридж BCI-24 / BCI-21 черный;Картриджи/Картриджи Canon;8.0
карточка в архиве;· ручные документы;Кантемировская;00035-00001;2015-09-13;0129;;0129;Картридж BCI-24/ BCI-21 цветной;Картриджи/Картриджи Canon;2.0
карточка в архиве;· ручные документы;?;00031-00001;2015-07-29;0051ds;;0051;Картридж C4092A DS;Картриджи/Картриджи HP;1.0
карточка в архиве;· ручные документы;?;00038-00001;2015-10-26;0051cg;;0051;Картридж C4092A/ EP-22 CG;Картриджи/Картриджи HP;1.0
карточка в архиве;· ручные документы;Кантемировская;00011-00001;2019-02-01;0087sq;;0087;Картридж CB435A/ CB436A/ CE285A/ Canon 712/ Canon 725 DS;Картриджи/Картриджи HP;1.0
карточка в архиве;· ручные документы;Кантемировская;00002-00001;2018-01-20;0205sq;;0205;Картридж CB435X/ CB436X/ CE285X/ Canon 712/ Canon 725 DS;Картриджи/Картриджи HP;1.0
карточка в архиве;· ручные документы;Кантемировская;00037-00001;2015-03-23;0088ds;;0088;Картридж CE278A/ Canon 728 DS;Картриджи/Картриджи HP;1.0
карточка в архиве;· ручные документы;Кантемировская;00036-00001;2015-09-22;0088st;;0088;Картридж CE278A/ Canon 728 STD SP;Картриджи/Картриджи HP;1.0
карточка в архиве;· ручные документы;Кантемировская;00001-00001;2014-01-14;0087pl;;0087;Картридж CE285A/ 725 PL;Картриджи/Картриджи HP;2.0
карточка в архиве;· ручные документы;Кантемировская;12285-00001;2016-02-11;0209ds;;0209;Картридж CE311A/ Canon 729 C DS;Картриджи/Картриджи HP;1.0
карточка в архиве;· ручные документы;Кантемировская;00011-00001;2019-02-01;0888sq;;0888;Картридж CF380X BK DS;Картриджи/Картриджи HP;1.0
карточка в архиве;· ручные документы;Кантемировская;00019-00001;2018-08-15;0888sq;;0888;Картридж CF380X BK DS;Картриджи/Картриджи HP;2.0
карточка в архиве;· ручные документы;Кантемировская;12305-00001;2016-09-27;0818t2;;0818;Картридж CLI-451BK XL T2;Картриджи/Картриджи Canon/струйные canon;1.0
карточка в архиве;· ручные документы;Кантемировская;12309-00001;2016-10-29;0132;;0132;Картридж CLI-521 голубой;Картриджи/Картриджи Canon/струйные canon;1.0
карточка в архиве;· ручные документы;Кантемировская;12302-00001;2016-09-21;0136ds;;0136;Картридж CLI-8 DS голубой;Картриджи/Картриджи Canon/струйные canon;1.0
карточка в архиве;· ручные документы;Кантемировская;12302-00001;2016-09-21;0138ds;;0138;Картридж CLI-8 DS желтый;Картриджи/Картриджи Canon/струйные canon;3.0
карточка в архиве;· ручные документы;Кантемировская;00005-00001;2018-04-15;0135ds;;0135;Картридж CLI-8 DS черный;Картриджи/Картриджи Canon/струйные canon;1.0
карточка в архиве;· ручные документы;Кантемировская;12302-00001;2016-09-21;0136;;0136;Картридж CLI-8 голубой;Картриджи/Картриджи Canon/струйные canon;5.0
карточка в архиве;· ручные документы;Кантемировская;12307-00001;2016-10-29;0136;;0136;Картридж CLI-8 голубой;Картриджи/Картриджи Canon/струйные canon;2.0
карточка в архиве;· ручные документы;Кантемировская;12302-00001;2016-09-21;0137;;0137;Картридж CLI-8 пурпурный;Картриджи/Картриджи Canon/струйные canon;2.0
карточка в архиве;· ручные документы;Кантемировская;12302-00001;2016-09-21;0135;;0135;Картридж CLI-8 черный;Картриджи/Картриджи Canon/струйные canon;4.0
карточка в архиве;· ручные документы;Кантемировская;00006-00001;2017-08-21;0135;;0135;Картридж CLI-8 черный;Картриджи/Картриджи Canon/струйные canon;3.0
карточка в архиве;· ручные документы;Кантемировская;00021-00001;2015-03-30;0041ds;;0041;Картридж CLP-M300A DS;Картриджи/Картриджи Samsung;1.0
карточка в архиве;· ручные документы;?;00011-00001;2014-06-23;0018cr;;0018;Картридж E30 carton;Картриджи/Картриджи Canon;1.0
карточка в архиве;· ручные документы;Кантемировская;00014-00001;2019-02-21;0062sq;;0062;Картридж EP-22/ C4092A DS;Картриджи/Картриджи Canon;3.0
карточка в архиве;· ручные документы;Кантемировская;12285-00001;2016-02-11;;;0234;Картридж FAT411A STD SP;Картриджи/Картриджи Panasonic;3.0
карточка в архиве;· ручные документы;Кантемировская;12296-00001;2016-08-15;0953t2;;0953;Картридж HP 932XL черный T2;Картриджи/Картриджи HP/струйные hp;1.0
карточка в архиве;· ручные документы;Кантемировская;00011-00002;2019-02-04;0196sf;;0196;Картридж HP C8767  № 130 black SuperFine;Картриджи/Картриджи HP;5.0
карточка в архиве;· ручные документы;Кантемировская;00005-00001;2017-07-25;0196sf;;0196;Картридж HP C8767  № 130 black SuperFine;Картриджи/Картриджи HP;2.0
карточка в архиве;· ручные документы;Кантемировская;12307-00001;2016-10-29;0593t2;;0593;Картридж LC-1000M T2;Картриджи/Картриджи Brother/струйные brother;1.0
карточка в архиве;· ручные документы;Кантемировская;12304-00001;2016-09-27;0901-pl;;0901;Картридж LC-1240 black PL;Картриджи/Картриджи Brother/струйные brother;1.0
карточка в архиве;· ручные документы;?;00043-00001;2015-12-20;0056pl;;0056;Картридж ML-1210 PL;Картриджи/Картриджи Samsung;2.0
карточка в архиве;· ручные документы;Кантемировская;00011-00001;2019-02-01;0014sq;;0014;Картридж ML-1610/ ML-2010/ SCX-4521/ 106R01159 DS;Картриджи/Картриджи Samsung;2.0
карточка в архиве;· ручные документы;Кантемировская;00032-00001;2019-08-28;0014sq;;0014;Картридж ML-1610/ ML-2010/ SCX-4521/ 106R01159 DS;Картриджи/Картриджи Samsung;1.0
карточка в архиве;· ручные документы;Кантемировская;00049-00001;2018-12-05;0033sq;;0033;Картридж ML-1710/ SCX-4100/ 109R00725 DS;Картриджи/Картриджи Samsung;2.0
карточка в архиве;· ручные документы;?;00026-00001;2015-04-02;0111ds;;0111;Картридж MLT-109S DS;Картриджи/Картриджи Samsung;1.0
карточка в архиве;· ручные документы;Кантемировская;00006-00100;2022-08-12;0274sp;;0274;Картридж MLT-D101S SP;Картриджи/Картриджи Samsung;1.0
карточка в архиве;· ручные документы;Кантемировская;00019-00001;2018-08-15;0110sq;;0110;Картридж MLT-D108S DS;Картриджи/Картриджи Samsung;1.0
карточка в архиве;· ручные документы;Кантемировская;00003-00001;2019-01-16;0111sq;;0111;Картридж MLT-D109S DS;Картриджи/Картриджи Samsung;2.0
карточка в архиве;· ручные документы;Кантемировская;00042-00001;2015-11-27;0823t2;;0823;Картридж PGI-450PGBK T2;Картриджи/Картриджи Canon/струйные canon;4.0
карточка в архиве;· ручные документы;?;00027-00001;2015-04-10;0139ds;;0139;Картридж PGI-5 DS черный;Картриджи/Картриджи Canon/струйные canon;1.0
карточка в архиве;· ручные документы;Кантемировская;12305-00001;2016-09-27;0139ds;;0139;Картридж PGI-5 DS черный;Картриджи/Картриджи Canon/струйные canon;1.0
карточка в архиве;· ручные документы;Кантемировская;00011-00001;2019-02-01;0002sq;;0002;Картридж Q2612A/ FX-10/ 703 DS;Картриджи/Картриджи HP;15.0
карточка в архиве;· ручные документы;Кантемировская;12285-00001;2016-02-11;0037ds;;0037;Картридж Q2612X DS;Картриджи/Картриджи HP;6.0
карточка в архиве;· ручные документы;?;00024-00001;2019-04-18;0012sq;;0012;Картридж Q5949A/ Q7553A/ Canon 708 DS совместимый для HP LJ 1160/ 1320/ 3390/ 3392/ P2015/ M2727 mfp/ LBP-3300/ 3360 (3000 стр.);Картриджи/Картриджи HP;1.0
карточка в архиве;· ручные документы;Кантемировская;00011-00001;2019-02-01;0028sq;;0028;Картридж Q7553X/ Q5949X/ Canon 708 DS;Картриджи/Картриджи HP;10.0
карточка в архиве;· ручные документы;Кантемировская;00044-00001;2018-11-26;0035sq;;0035;Картридж SCX-4200 DS;Картриджи/Картриджи Samsung;2.0
карточка в архиве;· ручные документы;Кантемировская;00006-00001;2014-06-09;0143ds;;0143;Картридж T038 BK DS;Картриджи/Картриджи Epson;1.0
карточка в архиве;· ручные документы;Кантемировская;00010-00001;2014-06-17;0143nv;;0143;Картридж T038 BK NV;Картриджи/Картриджи Epson;1.0
карточка в архиве;· ручные документы;Кантемировская;00006-00001;2014-06-09;0144ds;;0144;Картридж T039 Col DS;Картриджи/Картриджи Epson;1.0
карточка в архиве;· ручные документы;Кантемировская;00008-00001;2014-05-25;0291ds;;0291;Картридж T0481 DS черный;Картриджи/Картриджи Epson;1.0
карточка в архиве;· ручные документы;Кантемировская;12305-00001;2016-09-27;0148;;0148;Картридж T0633M;Картриджи/Картриджи Epson/струйные epson;2.0
карточка в архиве;· ручные документы;Кантемировская;00041-00001;2018-11-02;0149ds;;0149;Картридж T0634Y DS желтый;Картриджи/Картриджи Epson/струйные epson;2.0
карточка в архиве;· ручные документы;Кантемировская;00001-00001;2014-01-14;0162nv;;0162;Картридж T0822 C NV;Картриджи/Картриджи Epson/струйные epson;1.0
карточка в архиве;· ручные документы;?;00027-00001;2015-04-10;0163ds;;0163;Картридж T0823 M DS;Картриджи/Картриджи Epson;1.0
карточка в архиве;· ручные документы;Кантемировская;00032-00001;2015-07-08;0163nv;;0163;Картридж T0823 M NV;Картриджи/Картриджи Epson/струйные epson;1.0
карточка в архиве;· ручные документы;Кантемировская;12291-00001;2016-06-08;0156-pl;;0156;Картридж T0921 BK PL;Картриджи/Картриджи Epson/струйные epson;2.0
карточка в архиве;· ручные документы;Кантемировская;00001-00001;2014-01-14;0119pl;;0119;Картридж TK-130 PL;Картриджи/Картриджи Kyocera Mita;1.0
карточка в архиве;· ручные документы;Кантемировская;00019-00001;2018-08-15;0074sq;;0074;Картридж TN-2075/ TN-2085 DS;Картриджи/Картриджи Brother;1.0
карточка в архиве;· ручные документы;Кантемировская;00012-00001;2018-05-18;0081sq;;0081;Картридж TN-2175 DS;Картриджи/Картриджи Brother;1.0
карточка в архиве;· ручные документы;Кантемировская;12285-00001;2016-02-11;0249nv-;;0249;Картридж TN-2275 NV;Картриджи/Картриджи Brother;1.0
карточка в архиве;· ручные документы;Кантемировская;12301-00001;2016-09-09;0128pl;;0128;Картридж bci-21/24 black PL;Картриджи/Картриджи Canon/струйные canon;3.0
карточка в архиве;· ручные документы;Кантемировская;00005-00001;2018-04-15;0314-ct;;0314;Картридж hp 11 CT голубой;Картриджи/Картриджи HP/струйные hp;1.0
карточка в архиве;· ручные документы;?;00027-00001;2015-04-10;0193cg;;0193;Картридж hp 121XL Col CG;Картриджи/Картриджи HP/струйные hp;1.0
карточка в архиве;· ручные документы;Кантемировская;00005-00001;2018-04-15;0310sq;;0310;Картридж hp 134 Col DS;Картриджи/Картриджи HP/струйные hp;1.0
карточка в архиве;· ручные документы;Кантемировская;00002-00001;2014-02-05;0329ds;;0329;Картридж hp 178xl photo BK DS;Картриджи/Картриджи HP/струйные hp;1.0
карточка в архиве;· ручные документы;Кантемировская;12287-00001;2016-03-22;0194-pl;;0194;Картридж hp 56 BK PL;Картриджи/Картриджи HP/струйные hp;3.0
карточка в архиве;· ручные документы;Кантемировская;00009-00001;2017-08-28;0195sq;;0195;Картридж hp 57 Col DS;Картриджи/Картриджи HP/струйные hp;1.0
карточка в архиве;· ручные документы;Кантемировская;00012-00001;2014-07-04;0195-pl;;0195;Картридж hp 57 Col PL;Картриджи/Картриджи HP/струйные hp;1.0
карточка в архиве;· ручные документы;Кантемировская;00005-00001;2018-04-15;0894sq;;0894;Картридж hp 655 BK DS;Картриджи/Картриджи HP/струйные hp;2.0
карточка в архиве;· ручные документы;Кантемировская;00038-00001;2018-11-02;0895sq;;0895;Картридж hp 655 C DS;Картриджи/Картриджи HP/струйные hp;1.0
карточка в архиве;· ручные документы;Кантемировская;00038-00001;2018-11-02;0896sq;;0896;Картридж hp 655 M DS;Картриджи/Картриджи HP/струйные hp;1.0
карточка в архиве;· ручные документы;Кантемировская;00038-00002;2018-11-28;0897sq;;0897;Картридж hp 655 Y DS;Картриджи/Картриджи HP/струйные hp;1.0
карточка в архиве;· ручные документы;?;00019-00001;2015-03-01;0325ds;;0325;Картридж hp 920xl BK DS;Картриджи/Картриджи HP/струйные hp;2.0
карточка в архиве;· ручные документы;Кантемировская;12305-00001;2016-09-27;0326ds;;0326;Картридж hp 920xl C DS;Картриджи/Картриджи HP/струйные hp;1.0
карточка в архиве;· ручные документы;Кантемировская;00023-00001;2015-04-06;0322pl;;0322;Картридж hp 940XL C PL;Картриджи/Картриджи HP/струйные hp;1.0
карточка в архиве;· ручные документы;Кантемировская;00003-00001;2017-04-17;0324pl;;0324;Картридж hp 940XL Y PL;Картриджи/Картриджи HP/струйные hp;1.0
карточка в архиве;· ручные документы;Кантемировская;12303-00001;2016-09-23;0479t2;;0479;Картридж t026 BK T2;Картриджи/Картриджи Epson/струйные epson;1.0
карточка в архиве;· ручные документы;Кантемировская;12283-00001;2016-01-19;0274st;;0274;Картриджа MLT-D101S STD SP;Картриджи/Картриджи Samsung;1.0
карточка в архиве;· ручные документы;Звездный;030426-00001;2025-04-15;4751at;;4751;Набор совместимых картриджей DS 3711C004 (PG-460 + CL-461), увеличенный ресурс;Картриджи/Картриджи Canon/струйные canon;57.0
карточка в архиве;· ручные документы;Звездный;030625-00001;2025-06-03;4751hb;;4751;Набор совместимых картриджей DS 3711C004 (PG-460 + CL-461), увеличенный ресурс;Картриджи/Картриджи Canon/струйные canon;16.0
карточка в архиве;· ручные документы;Кантемировская;00001-00001;2014-01-14;0002-sp;;0002;Тонер Картридж Q2612A/ FX-9/ FX-10 U 2k SP;Картриджи/Картриджи HP;5.0
карточка в архиве;· ручные документы;Кантемировская;00044-00001;2015-12-22;0734-sp;;0734;Тонер-картридж 106R02183 SP;Картриджи/Картриджи Xerox;1.0
карточка в архиве;· ручные документы;Кантемировская;100827-00001;2025-09-03;3223sp;SP290095/290096/290097/290098;3223;Комплект картриджей SP W2030A-W2031A-W2032A-W2033A для HP (без чипов);Картриджи/Картриджи HP;1.0
карточка в архиве;· ручные документы;Звездный;00009-00001;2026-03-05;3223sp;SP290095/290096/290097/290098_MSK;3223;Комплект картриджей SP W2030A-W2031A-W2032A-W2033A для HP (без чипов);Картриджи/Картриджи HP;1.0
нет внешнего кода;blossom;Удаленный склад;blossom_2026-07-14_p21;2026-07-14;2205/2bs;BS-LQ-2080;2205/2;Матричный картридж Epson LQ-2080 для LQ-2070/2080/2170/2180/2190, FX-2170/2180;Оригинальные картриджи/Картриджи матричные;12.0
нет внешнего кода;blossom;Удаленный склад;blossom_2026-07-14_p12;2026-07-14;;BS-X106R02609;0KrdFzVZj1PiiuGo5FVpm3;Тонер-картридж Xerox 106R02609 для Phaser 7100, C, 4,5K, Blossom;Картриджи/Картриджи Xerox;5.0
нет внешнего кода;blossom;Удаленный склад;blossom_2026-07-14_p12;2026-07-14;;BS-X106R02610;qOCSPxRejUPOyO4WlrZpf0;Тонер-картридж Xerox 106R02610 для Phaser 7100 1 туба, M, 4,5K, Blossom;Картриджи/Картриджи Xerox;14.0
нет внешнего кода;blossom;Удаленный склад;blossom_2026-07-14_p12;2026-07-14;;BS-X106R02611;CMS3OXDhi9fe0cAaNLVV71;Тонер-картридж Xerox 106R02611 для Phaser 7100 1 туба, Y, 4,5K, Blossom;Картриджи/Картриджи Xerox;8.0
нет внешнего кода;blossom;Удаленный склад;blossom_2026-07-14_p21;2026-07-14;;DI152 ЯП 6702B;T8URA4dLiUDmCj93kt7MA1;Тонер Konica-Minolta Di152/183/211/1611/2011/bizhub 162/163/210/211  тип 106B/TN-114 (туба 413 гр.) ориг.;Картриджи/Картриджи Konica Minolta;8.0
нет внешнего кода;blossom;Удаленный склад;blossom_2026-07-14_p21;2026-07-14;;Q2613X;-v62UWyVjOJb0foZZ-w8K3;Q2613X  К-ж HP Smart Cartridge LJ 1300 ориг.;Оригинальные картриджи/Картриджи лазерные HP;6.0
нет внешнего кода;bulat;Удаленный склад;bulat_2026-08-18_p1;2026-08-18;;AFBRHL2140020;PZs7rJjejWNyRH3I4Inyd3;Драм-картридж 7Q DR-2175 для Brother HL-2140 (Чёрный, 12000 стр.);;50.0
нет внешнего кода;bulat;Удаленный склад;bulat_2026-08-18_p15;2026-08-18;;AFCNLBP325050;1Ox4QZZFh98KrKxmHGp6Q1;Тонер-картридж БУЛАТ 056L для Canon iSENSYS LBP-325, MF542 (Чёрный, 5100 стр., с чипом 7Q);;20.0
нет внешнего кода;bulat;Удаленный склад;bulat_2026-08-18_p16;2026-08-18;;AFHPE60055040;NeGtUkoAgf6CFiqA23zSk0;Тонер-картридж БУЛАТ s-Line W9004MC (OPC FUJI) для HP LJ E60055, E62575 (Чёрный, 50000 стр.), ref.;;20.0
нет внешнего кода;bulat;Удаленный склад;bulat_2026-08-18_p13;2026-08-18;;AFHPE72525030;T9MKIkx9in6Mnns2hy8f50;Драм-картридж БУЛАТ W9006MC для HP LJ E72525, E72425, ref.;;50.0
нет внешнего кода;bulat;Удаленный склад;bulat_2026-08-18_p13;2026-08-18;;AFHPE82540010;psxhcnQWiMbLS7jn1rqc81;Тонер-картридж БУЛАТ s-Line W9014MC-R для HP LJ E82540 (69000 стр.), ref.;;20.0
нет внешнего кода;bulat;Удаленный склад;bulat_2026-08-18_p10;2026-08-18;;AFKYEP2035010;K59un7mTjuI0yLUuKPhmG2;Блок проявки БУЛАТ DV-160 для Kyocera FS-1120d (Чёрный, 100000 стр.), ref.;;100.0
нет внешнего кода;bulat;Удаленный склад;bulat_2026-08-18_p10;2026-08-18;;AFKYFS1120020;eAFA97bZhEGf6RPa8GeWt1;Тонер-картридж БУЛАТ s-Line TK-160XL для Kyocera FS-1120d (Чёрный, 12500 стр.);;55.0
нет внешнего кода;bulat;Удаленный склад;bulat_2026-08-18_p10;2026-08-18;;AFKYFS1300030;fuGNxwBNg-JsDSAmLlZ5G0;Блок проявки БУЛАТ s-Line DV-130 для Kyocera FS-1300 (Чёрный, 100000 стр.), ref.;;20.0
нет внешнего кода;bulat;Удаленный склад;bulat_2026-08-18_p10;2026-08-18;;AFPM0P3010010;1ueVFMozgxLlDfzYxNsKE3;Тонер-картридж Булат TL-420X для Pantum P3010, M7100 (Чёрный, 6000 стр.), совместимый;;200.0
нет внешнего кода;bulat;Удаленный склад;bulat_2026-08-18_p2;2026-08-18;;BAMTFSC530010;70xjDEMghyYWckyrG7Wsk3;Тонер-картридж БУЛАТ s-Line TK-560K для Kyocera FS-C5300, FS-C5350, ECOSYS P6030C (Чёрный, 12000 стр.);;20.0
нет внешнего кода;bulat;Удаленный склад;bulat_2026-08-18_p2;2026-08-18;;BAMTFSC530040;QAtaRbqWhOdSP5RrtDfTr3;Тонер-картридж БУЛАТ s-Line TK-560Y для Kyocera FS-C5300, FS-C5350, ECOSYS P6030C (Жёлтый, 10000 стр.);;20.0
нет внешнего кода;bulat;Удаленный склад;bulat_2026-08-18_p15;2026-08-18;;BFCNLBP722010;ghh3dfBNibxE6QGWdfuV12;Тонер-картридж БУЛАТ 064 для Canon LBP-722, MF832 (Чёрный, 6000 стр.);;20.0
нет внешнего кода;bulat;Удаленный склад;bulat_2026-08-18_p2;2026-08-18;;BFHPLJM880010;nVvYvoRxgC5w5GP7bTHxy2;Тонер-картридж БУЛАТ s-Line CF300A для HP CLJ M880 (Чёрный, 29500 стр.), ref;;50.0
нет внешнего кода;bulat;Удаленный склад;bulat_2026-08-18_p14;2026-08-18;;BFKYEM6035090;jhUNAZq1i8qpRJ5V9QK3E2;Блок проявки БУЛАТ DV-5150 (302NS93010) для Kyocera ECOSYS M6035, P6235 (Чёрный), ref.;;20.0
нет внешнего кода;bulat;Удаленный склад;bulat_2026-08-18_p14;2026-08-18;;BFKYEM6035100;8rFw-5uzhhr8ryOyYJ2dK2;Блок проявки БУЛАТ DV-5150 (302NS93020) для Kyocera ECOSYS M6035, P6235 (Жёлтый), ref.;;20.0
нет внешнего кода;bulat;Удаленный склад;bulat_2026-08-18_p14;2026-08-18;;BFKYEM6035110;4wfziiyrjao9gucKbL-d-0;Блок проявки БУЛАТ DV-5150 (302NS93030) для Kyocera ECOSYS M6035, P6235 (Пурпурный), ref.;;20.0
нет внешнего кода;bulat;Удаленный склад;bulat_2026-08-18_p14;2026-08-18;;BFKYEM6035120;j-pskZeVjTCuJCiBrRh163;Блок проявки БУЛАТ DV-5150 (302NS93040) для Kyocera ECOSYS M6035, P6235  (Голубой), ref.;;20.0
нет внешнего кода;bulat;Удаленный склад;bulat_2026-08-18_p13;2026-08-18;;BFKYEP6130010;TPPoaD6vgupIWx6kxpZat2;Драм-юнит БУЛАТ s-Line DK-5140 для Kyocera ECOSYS P6130, P6035, P6230, P6235 (302NR93010, 302NR93011, 302NR93012, 302NR93013, 02NR93014), 100000 стр., ref.;;50.0
нет внешнего кода;bulat;Удаленный склад;bulat_2026-08-18_p14;2026-08-18;;BFKYFS8020110;a3BfgWFvibh5pxHLgTsTQ3;Блок проявки БУЛАТ DV-895, 896 (302MY93030, 302K93031, 302K093030) для Kyocera FS-C8020 (Пурпурный), ref.;;20.0
нет внешнего кода;bulat;Удаленный склад;bulat_2026-08-18_p13;2026-08-18;;BFLX0C2425010;BX-sxmedhu1XVuaObEXX-1;Тонер-картридж БУЛАТ s-Line C235HK0 Black для Lexmark C2425 (3000 стр.);;20.0
нет внешнего кода;bulat;Удаленный склад;bulat_2026-08-18_p13;2026-08-18;;BFLX0C2425020;GVTbmLrSiJ8RxPIOkbZw33;Тонер-картридж БУЛАТ s-Line C235HC0 Cyan для Lexmark C2425 (2300 стр.);;40.0
нет внешнего кода;bulat;Удаленный склад;bulat_2026-08-18_p13;2026-08-18;;BFLX0C2425030;88rbzInijUPSdUvRjgofR3;Тонер-картридж БУЛАТ s-Line C235HM0 для Lexmark C2425 (Пурпурный, 2300 стр.);;20.0
нет внешнего кода;bulat;Удаленный склад;bulat_2026-08-18_p13;2026-08-18;;BFLX0C2425040;thdSOhWAiguN6bX8FmmMW3;Тонер-картридж БУЛАТ s-Line C235HY0 Yellow для Lexmark C2425 (2300 стр.);;20.0
нет внешнего кода;bulat;Удаленный склад;bulat_2026-08-18_p2;2026-08-18;;BFOK0C3100020;BdCF0yo3hgywPlX8mPPFA3;Тонер-картридж БУЛАТ s-Line 44469716 для Oki C310, C510, C511, MC361, MC362 (Голубой, 2200 стр.);;20.0
нет внешнего кода;bulat;Удаленный склад;bulat_2026-08-18_p2;2026-08-18;;BFOK0C3100030;rp5SQyRBihPHgBBhIa6ar1;Тонер-картридж БУЛАТ s-Line 44469715 для Oki C310, C510, C511, MC361, MC362 (Пурпурный, 2000 стр.);;50.0
нет внешнего кода;bulat;Удаленный склад;bulat_2026-08-18_p2;2026-08-18;;BFOK0C8220020;31t5UAC7iWVpUm9WLnZm01;Тонер-картридж БУЛАТ s-Line 44844627, 44844615 для Oki C822 (Голубой, 7300 стр.), универсальный;;20.0
нет внешнего кода;bulat;Удаленный склад;bulat_2026-08-18_p2;2026-08-18;;BFOK0C8220030;Q5qaUpEmgI39MrLMHa5PL1;Тонер-картридж БУЛАТ s-Line 44844626, 44844614 для Oki C822 (Пурпурный, 7300 стр.), универсальный;;21.0
нет внешнего кода;bulat;Удаленный склад;bulat_2026-08-18_p2;2026-08-18;;BFOK0C8220040;1yQV8EjxgtkkusF1yHbbv1;Тонер-картридж БУЛАТ s-Line 44844625, 44844613 для Oki C822 (Жёлтый, 7300 стр.), универсальный;;20.0
нет внешнего кода;bulat;Удаленный склад;bulat_2026-08-18_p6;2026-08-18;;BFOK0C9110010;dmzOzQ-aiu1JwJPdW-cHx0;Тонер-картридж БУЛАТ s-Line 45536416 для Oki C911 (Чёрный, 24000 стр.);;20.0
нет внешнего кода;bulat;Удаленный склад;bulat_2026-08-18_p6;2026-08-18;;BFOK0C9110020;2VMwuXeRjCQ8a3B1y3jAE1;Тонер-картридж БУЛАТ s-Line 45536415 для Oki C911, (Голубой, 24000 стр.);;20.0
нет внешнего кода;bulat;Удаленный склад;bulat_2026-08-18_p2;2026-08-18;;BFOK0C9655040;yoOUSlidipTPod78aup9i1;Тонер-картридж БУЛАТ s-Line 43837133, 43837129 для Oki C9655 (Жёлтый, 22000 стр.), универсальный;;20.0
нет внешнего кода;bulat;Удаленный склад;bulat_2026-08-18_p4;2026-08-18;;BFRCSP3050010;gCmx0monirZECyHDwMGzb2;Тонер-картридж БУЛАТ s-Line MP C305E (841618) для Ricoh Aficio MP C305 (Чёрный, 12000 стр.);;20.0
нет внешнего кода;bulat;Удаленный склад;bulat_2026-08-18_p4;2026-08-18;;BFRCSP4300020;cc-Nv4zHhTSlMr9pGSwl82;Тонер-картридж БУЛАТ s-Line SPC430E (821097) для Ricoh Aficio SP C430, SP C431 (Голубой, 24000 стр.);;20.0
нет внешнего кода;bulat;Удаленный склад;bulat_2026-08-18_p4;2026-08-18;;BFRCSP4300030;kZw6fnMwj2oCSyZaE9xJI3;Тонер-картридж БУЛАТ s-Line SPC430E (821096) для Ricoh Aficio SP C430, SP C431 (Пурпурный, 24000 стр.);;20.0
нет внешнего кода;bulat;Удаленный склад;bulat_2026-08-18_p4;2026-08-18;;BFRCSP4300040;0K7cg1ZqiWVWJtM0YYTFw2;Тонер-картридж БУЛАТ s-Line SPC430E (821095) для Ricoh Aficio SP C430, SP C431 (Жёлтый, 24000 стр.);;20.0
нет внешнего кода;bulat;Удаленный склад;bulat_2026-08-18_p5;2026-08-18;;BFRCSP8300020;7h--z4EajmoLQ3wcEUWjP2;Тонер-картридж БУЛАТ s-Line SPC830DNE (821188) для Ricoh Aficio SP C830, SP C831 (Голубой, 27000 стр.);;20.0
нет внешнего кода;bulat;Удаленный склад;bulat_2026-08-18_p5;2026-08-18;;BFRCSP8300030;yqSBnGhQhqsYMry2A2Aj40;Тонер-картридж БУЛАТ s-Line SPC830DNE (821187) для Ricoh Aficio SP C830, SP C831 (Пурпурный, 27000 стр.);;20.0
нет внешнего кода;bulat;Удаленный склад;bulat_2026-08-18_p5;2026-08-18;;BFRCSP8300040;OV6VGGSLhzNWMBcN-B0Wy2;Тонер-картридж БУЛАТ s-Line SPC830DNE (821186) для Ricoh Aficio SP C830, SP C831 (Жёлтый, 27000 стр.);;20.0
нет внешнего кода;bulat;Удаленный склад;bulat_2026-08-18_p13;2026-08-18;;BFRCSPC352080;o9dnJOdNjnFkUhmpxiGlt0;Драм-картридж БУЛАТ 408224-Y для Ricoh SP C352, C360 SP C352 (Жёлтый, 12000 стр.), ref.;;50.0
нет внешнего кода;bulat;Удаленный склад;bulat_2026-08-18_p13;2026-08-18;;BFRCSPC361020;l9xR4KfFhRoRivLGlkY973;Тонер-картридж БУЛАТ s-Line 408251 Type SP C360X для Ricoh SP C361 (Голубой, 9000 стр.), совместимый;;20.0
нет внешнего кода;bulat;Удаленный склад;bulat_2026-08-18_p13;2026-08-18;;BFRCSPC361030;zLCCKvmjhsSTCu5PY-Epo1;Тонер-картридж БУЛАТ s-Line Type SP C360X (408252) для Ricoh SP C361 (Пурпурный, 9000 стр.), совместимый;;20.0
нет внешнего кода;bulat;Удаленный склад;bulat_2026-08-18_p13;2026-08-18;;BFRCSPC361040;S99vThZFj651hnDTCNBjy2;Тонер-картридж БУЛАТ s-Line Type SP C360X (408253) для Ricoh SP C361 (Жёлтый, 9000 стр.), совместимый;;20.0
нет внешнего кода;bulat;Удаленный склад;bulat_2026-08-18_p16;2026-08-18;;BFRX00C310050;sa1BFKaFhbJ0nHSMBuCXM2;Тонер-картридж БУЛАТ s-Line 006R04360 для Xerox C310 (Чёрный, 3000 стр.);;50.0
нет внешнего кода;bulat;Удаленный склад;bulat_2026-08-18_p5;2026-08-18;;BFRXPH6125100;jGqd34yMh4i4LF5YlFHRj0;Драм-юнит БУЛАТ s-Line 676K05360 для Xerox Phaser 6125 (Цветной, 30000 стр.), ref.;;50.0
нет внешнего кода;bulat;Удаленный склад;bulat_2026-08-18_p15;2026-08-18;;DFCNDX4825010;KM0nt0dTiC1NVSs8iIx9Y1;Тонер-картридж БУЛАТ s-Line C-EXV62 (Чёрный, 42000 стр.)  для Canon iR DX 4825i;;20.0
нет внешнего кода;bulat;Удаленный склад;bulat_2026-08-18_p15;2026-08-18;;DFKYEP2040100;Pd-PPdc6iIrnTXuTK5B6e2;Блок проявки БУЛАТ DV-1150 (302RV93020) для Kyocera ECOSYS P2040, M2040, P2235 (100000 стр.);;100.0
нет внешнего кода;bulat;Удаленный склад;bulat_2026-08-18_p11;2026-08-18;;DFKYEP4040020;fGDyeRiTgLKJMEvh9QXks3;Блок проявки БУЛАТ DV-7300 (302P793080) для Kyocera ECOSYS P4040;;20.0
нет внешнего кода;bulat;Удаленный склад;bulat_2026-08-18_p5;2026-08-18;;DFRCAF1015010;T5kNo0Y5hZIWDNJYbssw61;Драм-картридж БУЛАТ s-Line 2015, MP2000 (B2592210, B2592200) для Ricoh Aficio 1015, MP 1500, MP 1900 (Чёрный, 60000 стр.), в сборе с барабаном и девелопером, универсальный, ref.;;50.0
нет внешнего кода;bulat;Удаленный склад;bulat_2026-08-18_p8;2026-08-18;;DFRCAF1022030;sEir9bIvj6sV16McavAzP0;Блок проявки БУЛАТ s-Line MP3353 (нижняя часть) для Ricoh Aficio 1022, MP 3353 (Чёрный, 60000 стр.);;20.0
нет внешнего кода;bulat;Удаленный склад;bulat_2026-08-18_p8;2026-08-18;;DFRCMP2554020;rSD7Z7LMhSFPZA1tnXJT60;Драм-картридж БУЛАТ s-Line MP2554, MP3554 (D8690122, D2020124) для Ricoh Aficio MP 2554, MP 3554 (Чёрный, 50000 стр.) в сборе с барабаном и c девелопером, универсальный, ref.;;50.0
нет внешнего кода;bulat;Удаленный склад;bulat_2026-08-18_p12;2026-08-18;;DFRX000D95020;FV3GX0qljLR23AgglRRlF1;Драм-картридж БУЛАТ s-Line 013R00668, 013R00666 для Xerox D95, совместимый;;50.0
нет внешнего кода;bulat;Удаленный склад;bulat_2026-08-18_p16;2026-08-18;;DFRXVL7125020;HrM1VaK3h0-qCZTUtwVtk1;Драм-картридж БУЛАТ s-Line 013R00687 для Xerox VersaLink B7125 (Чёрный, 80000 стр.), ref.;;51.0
нет внешнего кода;bulat;Удаленный склад;bulat_2026-08-18_p10;2026-08-18;;DFRXWC5225030;r5zIGC0-gPqhb3LyXqMgS1;Драм-картридж БУЛАТ s-Line 101R00435 для Xerox WC 5225 (Чёрный, 80000 стр), ref.;;50.0
нет внешнего кода;bulat;Удаленный склад;bulat_2026-08-18_p6;2026-08-18;;DFSHMX2301010;11y9zyZ8gCUyCPth6j7r02;Тонер-картридж БУЛАТ s-Line MX-31GTBA для Sharp MX-2301 (Чёрный, 18000 стр.), совместимый;;20.0
нет внешнего кода;bulat;Удаленный склад;bulat_2026-08-18_p6;2026-08-18;;DFSHMX2301020;R37KZJJVgDehKb7PTl9023;Тонер-картридж БУЛАТ s-Line MX-31GTCA для Sharp MX-2301 (Голубой, 15000 стр.), совместимый;;20.0
нет внешнего кода;bulat;Удаленный склад;bulat_2026-08-18_p6;2026-08-18;;DFSHMX2301030;GODn5VDfgAf6cJa8abVGJ0;Тонер-картридж БУЛАТ s-Line MX-31GTMA для Sharp MX-2301 (Пурпурный, 15000 стр.), совместимый;;20.0
нет внешнего кода;bulat;Удаленный склад;bulat_2026-08-18_p10;2026-08-18;;DFTSES2822010;BFRDCtICgW9HEemDRF17z2;Тонер-картридж БУЛАТ s-Line T-2822E для Toshiba e-Studio 2822 (Чёрный, 17500 стр.), совместимый;;50.0
нет внешнего кода;bulat;Удаленный склад;bulat_2026-08-18_p5;2026-08-18;;EAMN00C654020;1YkUYLsJh0eaVdM61zINn3;Тонер-картридж БУЛАТ s-Line TNP711C для Konica Minolta bizhub C654, C754 (Голубой, 31500 стр.);;20.0
нет внешнего кода;bulat;Удаленный склад;bulat_2026-08-18_p5;2026-08-18;;EAMN00C654030;1R85UXgQgpck-wNyMwcUE1;Тонер-картридж БУЛАТ s-Line TNP711M для Konica Minolta bizhub C654, C754 (Пурпурный, 31500 стр.);;20.0
нет внешнего кода;bulat;Удаленный склад;bulat_2026-08-18_p5;2026-08-18;;EAMN00C654040;-DP-NtZCjlzgubFyKOK5e1;Тонер-картридж БУЛАТ s-Line TNP711Y для Konica Minolta bizhub C654, C754 (Жёлтый, 31500 стр.);;20.0
нет внешнего кода;bulat;Удаленный склад;bulat_2026-08-18_p5;2026-08-18;;EAMNBZ3350080;AJseZO4tiVoCaXhfe-NX51;Тонер-картридж БУЛАТ s-Line TNP48Y для Konica Minolta bizhub C3350, C3850 (Жёлтый, 10000 стр.);;20.0
нет внешнего кода;bulat;Удаленный склад;bulat_2026-08-18_p3;2026-08-18;;EARCMP4501020;UpdmFsKxgS5XuzLSUSY272;Тонер-картридж БУЛАТ s-Line MP C5501E (841459) для Ricoh Aficio MP C4501, MP C5501 (Голубой, 18000 стр.);;20.0
нет внешнего кода;bulat;Удаленный склад;bulat_2026-08-18_p3;2026-08-18;;EARCMP4501030;1qwVEjJnjhgd7iBIPvmYV2;Тонер-картридж БУЛАТ s-Line MP C5501E (841458) для Ricoh Aficio MP C4501, MP C5501 (Пурпурный, 18000 стр.);;20.0
нет внешнего кода;bulat;Удаленный склад;bulat_2026-08-18_p3;2026-08-18;;EARCMP4501040;x55stqt1jLKUMnoBMFLhq2;Тонер-картридж БУЛАТ s-Line MP C5501E (841457) для Ricoh Aficio MP C4501, MP C5501 (Жёлтый, 18000 стр.);;20.0
нет внешнего кода;bulat;Удаленный склад;bulat_2026-08-18_p2;2026-08-18;;EFCN0C5030010;-Zc9orQDj1b3cjevC98YS1;Тонер-картридж БУЛАТ s-Line C-EXV29K для Canon iR C5030 (Чёрный, 36000 стр.);;50.0
нет внешнего кода;bulat;Удаленный склад;bulat_2026-08-18_p16;2026-08-18;;EFCN0C5840050;fK8hvKBMjpDAWMNGNyeXh3;Тонер-картридж БУЛАТ s-Line C-EXV58L для Canon iR DX C5840i (Голубой, 26000 стр.);;20.0
нет внешнего кода;bulat;Удаленный склад;bulat_2026-08-18_p16;2026-08-18;;EFCN0C5840060;37rwIuHXi4i2TBz9kgjo01;Тонер-картридж БУЛАТ s-Line C-EXV58L для Canon iR DX C5840i (Пурпурный, 26000 стр.);;20.0
нет внешнего кода;bulat;Удаленный склад;bulat_2026-08-18_p16;2026-08-18;;EFCN0C5840070;VIYZSg48ijBlYC1PkxrYq2;Тонер-картридж БУЛАТ s-Line C-EXV58L для Canon iR DX C5840i (Жёлтый, 26000 стр.);;20.0
нет внешнего кода;bulat;Удаленный склад;bulat_2026-08-18_p9;2026-08-18;;EFCNIR1225050;vRNfITP7iTq6kYxfcol-y3;Драм-картридж БУЛАТ s-Line 034K для Canon iR C1225 (Чёрный, 34000 стр.), ref.;;50.0
нет внешнего кода;bulat;Удаленный склад;bulat_2026-08-18_p7;2026-08-18;;EFKM00C258070;CTW6-iLhiTOCW7AZsLc7q1;Блок проявки БУЛАТ s-Line DV313K для Konica Minolta bizhub C258 (Чёрный, 600000 стр.), ref.;;20.0
нет внешнего кода;bulat;Удаленный склад;bulat_2026-08-18_p7;2026-08-18;;EFKM00C258080;z6qNLCC0gTZ2f3qH4Gs5q3;Блок проявки БУЛАТ s-Line DV313C для Konica Minolta bizhub C258 (Голубой, 600000 стр.), ref.;;20.0
нет внешнего кода;bulat;Удаленный склад;bulat_2026-08-18_p7;2026-08-18;;EFKM00C258100;fVt7mU3KhdzvL-nCedaCz3;Блок проявки БУЛАТ s-Line DV313Y для Konica Minolta bizhub C258 (Жёлтый, 600000 cтр.), ref.;;50.0
нет внешнего кода;bulat;Удаленный склад;bulat_2026-08-18_p13;2026-08-18;;EFKMBZ3351050;MUtMqGhdhSRqec66PIDh90;Драм-картридж БУЛАТ IUP-24(A95X01D) для Konica Minolta bizhub C3351 (Чёрный, 60000 стр.), ref.;;20.0
нет внешнего кода;bulat;Удаленный склад;bulat_2026-08-18_p13;2026-08-18;;EFKMBZ3351070;k7PybIwFjTehhYSS6pF5N0;Драм-картридж БУЛАТ IUP-24 (A95X0CD) для Konica Minolta bizhub C3351 (Пурпурный, 50000 стр.), ref.;;20.0
нет внешнего кода;bulat;Удаленный склад;bulat_2026-08-18_p13;2026-08-18;;EFKMBZ3351080;Dq1OU4SJi7VyEXXFMK3mJ3;Драм-картридж БУЛАТ IUP-24(A95X06D) для Konica Minolta bizhub C3351 (Жёлтый, 50000 стр.), ref.;;20.0
нет внешнего кода;bulat;Удаленный склад;bulat_2026-08-18_p11;2026-08-18;;EFKMBZC659030;i74jVPPAiCdSRJtqdsv-P2;Тонер-картридж БУЛАТ s-Line TN713M для Konica Minolta bizhub C659 (Пурпурный, 33200 стр.);;20.0
нет внешнего кода;bulat;Удаленный склад;bulat_2026-08-18_p11;2026-08-18;;EFKMBZC659040;9CPSvcEQiDakzH7lH3QHE0;Тонер-картридж БУЛАТ s-Line TN713Y для Konica Minolta bizhub C659 (Жёлтый, 33200 стр.);;20.0
нет внешнего кода;bulat;Удаленный склад;bulat_2026-08-18_p13;2026-08-18;;EFKYEP8060170;87iIs6m9gDujkJPFjeIwb2;Драм-картридж БУЛАТ DK-8550 для Kyocera ECOSYS P8060c, TASKalfa 4052ci, ref.;;50.0
нет внешнего кода;bulat;Удаленный склад;bulat_2026-08-18_p12;2026-08-18;;EFLX0CS923060;lOTaAo2RigOJZ19qi6MlA0;Драм-картридж БУЛАТ s-Line 76C0PV0 для Lexmark CS, CX923 (Цветной, 90000 стр.), совместимый, под заказ;;20.0
нет внешнего кода;bulat;Удаленный склад;bulat_2026-08-18_p6;2026-08-18;;EFRC0C2030010;o5daEJK5iTOFumtWmSayU3;Блок фотобарабана в сборе с блоком проявки БУЛАТ s-Line MP C2030, MP C2051 (D0392040 + D8093001) для Ricoh Aficio MP C2030, MP C2051 (Чёрный, 240000 стр.), универсальный, ref.;;20.0
нет внешнего кода;bulat;Удаленный склад;bulat_2026-08-18_p6;2026-08-18;;EFRC0C2030020;M3Nl8UXqiwjnRrplWI6un2;Блок фотобарабана в сборе с блоком проявки БУЛАТ s-Line MP C2030, MP C2051 (D0392040 + D8093002) для Ricoh Aficio MP C2030, MP C2051 (Голубой, 240000 стр.), универсальный, ref.;;20.0
нет внешнего кода;bulat;Удаленный склад;bulat_2026-08-18_p13;2026-08-18;;EFRCMC2000050;geZ3zS-SiqpGcqPdkKnes1;Блок фотобарабана в сборе с блоком проявки БУЛАТ D0BK2200, IM C2500 для Ricoh M C2000, IM C2000 (Чёрный), ref.;;20.0
нет внешнего кода;bulat;Удаленный склад;bulat_2026-08-18_p13;2026-08-18;;EFRCMC2000070;AaduVGPxiKldsibN-llOJ3;Блок фотобарабана в сборе с блоком проявки БУЛАТ D0BK2202, IM C2500 для Ricoh M C2000, IM C2000 (Пурпурный), ref.;;20.0
нет внешнего кода;bulat;Удаленный склад;bulat_2026-08-18_p13;2026-08-18;;EFRCMC2000080;LHMogbZ2jAW1XWffp3cnV3;Блок фотобарабана в сборе с блоком проявки БУЛАТ D0BK2203, IM C2500 для Ricoh M C2000, IM C2000 (Жёлтый), ref.;;20.0
нет внешнего кода;bulat;Удаленный склад;bulat_2026-08-18_p15;2026-08-18;;EFRCMP2004050;lkMOdCQBg-RzRfXoBW2b41;Блок фотобарабана БУЛАТ s-Line PCDU (D2442207, D2442227) в сборе с блоком проявки для Ricoh MP C2004 (Жёлтый), ref.;;20.0
нет внешнего кода;bulat;Удаленный склад;bulat_2026-08-18_p13;2026-08-18;;EFRCMP3003020;26DqstxvgZ4OniKXqALyA0;Блок фотобарабана БУЛАТ D1862219, D1862229 для Ricoh MP C3003 (Цветной), ref.;;50.0
нет внешнего кода;bulat;Удаленный склад;bulat_2026-08-18_p13;2026-08-18;;EFRCMP3003030;1DbyqvgviSxiRb4yRyeve0;Блок фотобарабана в сборе с блоком проявки D1862275 для Ricoh MP C3003 (Чёрный), ref.;;20.0
нет внешнего кода;bulat;Удаленный склад;bulat_2026-08-18_p16;2026-08-18;;EFRCMP3004020;mWPAuwYHhOdHEYOpdEoao1;Блок фотобарабана в сборе с блоком проявки БУЛАТ для Ricoh MP C3004 (D2392285) Голубой, ref.;;20.0
нет внешнего кода;bulat;Удаленный склад;bulat_2026-08-18_p16;2026-08-18;;EFRCMP3004030;d6OrtYTBg6I7x59kwNuMb1;Блок фотобарабана в сборе с блоком проявки БУЛАТ для Ricoh MP C3004 (D2392286) Пурпурный, ref.;;20.0
нет внешнего кода;bulat;Удаленный склад;bulat_2026-08-18_p16;2026-08-18;;EFRCMP3004040;ZFSSed00ic7ECY3N37PmY3;Блок фотобарабана в сборе с блоком проявки БУЛАТ для Ricoh MP C3004 (D2392287) Жёлтый, ref.;;20.0
нет внешнего кода;bulat;Удаленный склад;bulat_2026-08-18_p15;2026-08-18;;EFRX00VS80060;GwjxaqlHinp-qQuM6wYZs3;Блок проявки БУЛАТ 948K16840 Цветной для  Xerox Versant 80, 2100 (Developer Housing Assembly), ref.;;20.0
нет внешнего кода;bulat;Удаленный склад;bulat_2026-08-18_p16;2026-08-18;;EFRXVL7120050;DOsTWi55h9jQvBizNPdZD2;Драм-картридж БУЛАТ s-Line Xerox 013R00688 для VersaLink C7120 (Цветной, 109000 стр.), ref.;;50.0
нет внешнего кода;bulat;Удаленный склад;bulat_2026-08-18_p6;2026-08-18;;EFSMSL4300010;NOGehteNgRs7whtg1GEcS3;Тонер-картридж БУЛАТ s-Line CLT-K808S для Samsung SL-X4300 (Чёрный, 23000 стр.), старая версия чипа;;20.0
нет внешнего кода;bulat;Удаленный склад;bulat_2026-08-18_p6;2026-08-18;;EFSMSL4300020;iISxdzgwh8mXYenHDOEsu3;Тонер-картридж БУЛАТ s-Line CLT-C808S для Samsung SL-X4300 (Голубой, 20000 стр.), старая версия чипа;;20.0
нет внешнего кода;bulat;Удаленный склад;bulat_2026-08-18_p6;2026-08-18;;EFSMSL4300030;KHE34H46gt4HbSVMYfiSS3;Тонер-картридж БУЛАТ s-Line CLT-M808S для Samsung SL-X4300 (Пурпурный, 20000 стр.), старая версия чипа;;20.0
нет внешнего кода;bulat;Удаленный склад;bulat_2026-08-18_p6;2026-08-18;;EFSMSL4300040;05r-4pTjj8a7yVRIpT0za1;Тонер-картридж БУЛАТ s-Line CLT-Y808S для Samsung SL-X4300 (Жёлтый, 20000 стр.), старая версия чипа;;20.0
нет внешнего кода;bulat;Удаленный склад;bulat_2026-08-18_p12;2026-08-18;;GAEP00L100010;scLOCG48ibNgZt5mhbQrY1;Поглотитель чернил (памперс) БУЛАТ 1627961 для Epson L100, L200 (10000 стр.);;100.0
нет внешнего кода;bulat;Удаленный склад;bulat_2026-08-18_p11;2026-08-18;;GAEP00M100010;PKz5KKuYgpPDNHGwBbpM91;Поглотитель чернил (памперс) БУЛАТ 1799792, 1746399, 1584721 для Epson M100, M200, L550, L555;;50.0
нет внешнего кода;bulat;Удаленный склад;bulat_2026-08-18_p12;2026-08-18;;GAEP0L6160020;bmkJpu1XjrNcgk1ImHHXI3;Поглотитель чернил (памперс) БУЛАТ T04D100, C13T04D100 для Epson M3170, L6160, M1140, L14150;;101.0
нет внешнего кода;bulat;Удаленный склад;bulat_2026-08-18_p12;2026-08-18;;GAEPSPR290010;qjEwxobVgDZLpnE4FPY3e3;Поглотитель чернил (памперс) БУЛАТ 1469197 для Epson StylusPhoto R290, L800;;51.0
нет внешнего кода;bulat;Удаленный склад;bulat_2026-08-18_p11;2026-08-18;;GDCN0G1420010;tfiLVGxPgsONHq8k3pYGZ3;Чернила Canon GI-41PGBK, Чёрные (6000 стр., 135 мл) pigment;;50.0
нет внешнего кода;bulat;Удаленный склад;bulat_2026-08-18_p11;2026-08-18;;GDCN0GI490010;tIdCvNI5gFof7RhL4cuDg1;Чернила Canon GI-490BK (0663C001), Чёрные (6000 стр., 135 мл) dye;;100.0
нет внешнего кода;bulat;Удаленный склад;bulat_2026-08-18_p11;2026-08-18;;GDCN0UNIV0010;5P-alZEbhioW5PeZ5582p1;Чернила Canon Universal, Чёрные банка 500 мл pigment;;20.0
нет внешнего кода;bulat;Удаленный склад;bulat_2026-08-18_p11;2026-08-18;;GDCN0UNIV0030;2NN-ejwPiidP21S9wBs473;Чернила Canon Universal, Голубые банка 500 мл dye;;20.0
нет внешнего кода;bulat;Удаленный склад;bulat_2026-08-18_p11;2026-08-18;;GDCN0UNIV0040;D5i6Dk44huhyXJmhc3t-20;Чернила Canon Universal, Пурпурные банка 500 мл dye;;20.0
нет внешнего кода;bulat;Удаленный склад;bulat_2026-08-18_p11;2026-08-18;;GDCN0UNIV0050;CHspJweVjsKSdfQYzplUD0;Чернила Canon Universal, Жёлтые банка 500 мл dye;;20.0
нет внешнего кода;bulat;Удаленный склад;bulat_2026-08-18_p14;2026-08-18;;GDCN0UNIV0060;7wZeKKKLjQrN-PokdNWXO2;Чернила Canon Universal, Чёрные банка 100 мл pigment;;50.0
нет внешнего кода;bulat;Удаленный склад;bulat_2026-08-18_p11;2026-08-18;;GDEP00L800030;PQw7mWmjgBDrhaBo43RZ81;Контейнер с чернилами (с клапаном) БУЛАТ T6733, C13T67334A для Epson L800, Пурпурный (70 мл) dye;;300.0
нет внешнего кода;bulat;Удаленный склад;bulat_2026-08-18_p11;2026-08-18;;GDEP00L800040;ta48gexVgSYcwmlleT7l11;Контейнер с чернилами (с клапаном) БУЛАТ T6734, C13T67344A для Epson L800, Жёлтый (70 мл) dye;;300.0
нет внешнего кода;bulat;Удаленный склад;bulat_2026-08-18_p11;2026-08-18;;GDEP00L800100;XlZXo-mLiewoeyixCuBlC3;Контейнер с чернилами (с клапаном) БУЛАТ C13T67344A  для Epson L800 T6734, Жёлтый (100 мл) dye;;301.0
нет внешнего кода;bulat;Удаленный склад;bulat_2026-08-18_p11;2026-08-18;;GDEP0L1455020;iqQfXVkxggidPUlDy2HRv0;Контейнер с чернилами БУЛАТ C13T77414A, T7741 для Epson L1455, L605, M100, Чёрный (6000 стр., 140 мл) pigment;;200.0
нет внешнего кода;bulat;Удаленный склад;bulat_2026-08-18_p11;2026-08-18;;GDEP0L4150010;gbAx4a0gjtkcPWnYiWAzh3;Контейнер с чернилами БУЛАТ C13T03V14A для Epson L4150, L6160 101, Чёрный (7500 стр., 127 мл);;202.0
нет внешнего кода;bulat;Удаленный склад;bulat_2026-08-18_p11;2026-08-18;;GDEP0L4150020;Jtp0hacejRc4JA1RsZRBI1;Контейнер с чернилами БУЛАТ C13T03V24A, E-101 для Epson L4150, L6160, Голубой (6000 стр., 70 мл);;200.0
нет внешнего кода;bulat;Удаленный склад;bulat_2026-08-18_p11;2026-08-18;;GDEP0L4150030;zIu5SGtej4WLb0EqyyGd21;Контейнер с чернилами БУЛАТ C13T03V34A для Epson L4150, L6160 101, Пурпурный (6000 стр., 70 мл);;200.0
нет внешнего кода;bulat;Удаленный склад;bulat_2026-08-18_p11;2026-08-18;;GDEP0L4150040;5eYM80Mij68GcPYM09Eh41;Контейнер с чернилами БУЛАТ C13T03V44A для Epson L4150, L6160, Жёлтый (6000 стр., 70 мл);;200.0
нет внешнего кода;bulat;Удаленный склад;bulat_2026-08-18_p14;2026-08-18;;GDEP0L8160010;SPwz1fsVgjZxHXnJCSg3T2;Чернила 115, C13T07C14A для Epson L8160, L8180 (банка с колпачком), Чёрные (6700 стр., 70 мл) pigment;;20.0
нет внешнего кода;bulat;Удаленный склад;bulat_2026-08-18_p14;2026-08-18;;GDEP0L8160020;YITexpo4j9f1RBL7SK8No0;Чернила БУЛАТ 115, C13T07D14A для Epson L8160 , L8180 (банка с колпачком), Чёрные (70 мл);;50.0
нет внешнего кода;bulat;Удаленный склад;bulat_2026-08-18_p11;2026-08-18;;GDEP0M1100010;zrOEGgTbgLuO0Om4lzu1d0;Контейнер с чернилами БУЛАТ C13T03P14A, E-110 для Epson M1100, M1170, M2140 Чёрный XL (6000 стр., 120 мл) pigment;;300.0
нет внешнего кода;bulat;Удаленный склад;bulat_2026-08-18_p12;2026-08-18;;GDEP0T7741010;G-zakYY-ioGglPqffBZ1S1;Чернила Epson T7741, C13T77414A, Чёрные банка 500 мл pigment;;52.0
нет внешнего кода;bulat;Удаленный склад;bulat_2026-08-18_p12;2026-08-18;;GDEP0UNIV0050;ZnMNj822gsrmmAFfJddnW3;Чернила Epson Universal Light, Голубые банка 100 мл dye;;50.0
нет внешнего кода;bulat;Удаленный склад;bulat_2026-08-18_p12;2026-08-18;;GDEP0UNIV0060;kHT7Lr9Ai906bc0iYaDvi2;Чернила Epson Universal Light, Пурпурные, банка 100 мл dye;;50.0
нет внешнего кода;bulat;Удаленный склад;bulat_2026-08-18_p12;2026-08-18;;GDEP0UNIV0080;zLoNwMzfgqYFGbVRxaQ5O0;Чернила Epson Universal, Голубые банка 500 мл dye;;100.0
нет внешнего кода;bulat;Удаленный склад;bulat_2026-08-18_p12;2026-08-18;;GDEP0UNIV0090;0erWUEGeiLZ4v1CEL8cGO0;Чернила Epson Universal, Пурпурные, банка 500 мл dye;;100.0
нет внешнего кода;bulat;Удаленный склад;bulat_2026-08-18_p12;2026-08-18;;GDEP0UNIV0100;L90BQro-huEydLq5aRguZ2;Чернила Epson Universal, Жёлтые, банка 500 мл dye;;100.0
нет внешнего кода;bulat;Удаленный склад;bulat_2026-08-18_p12;2026-08-18;;GDEP0UNIV0110;Cbby5EMniu55XcfPokg-K2;Чернила Epson Universal Light, Голубые, банка 500 мл dye;;50.0
нет внешнего кода;bulat;Удаленный склад;bulat_2026-08-18_p12;2026-08-18;;GDEP0UNIV0120;FbE421KghMOb58QyBWoOM3;Чернила Epson Universal Light, Пурпурные банка 500 мл dye;;50.0
нет внешнего кода;bulat;Удаленный склад;bulat_2026-08-18_p14;2026-08-18;;GDEPL15150010;ZfdpWE8njfBxXbZZxo8o02;Контейнер с чернилами БУЛАТ 112, C13T06C14A для Epson L15150, L6550, Pro L6580, M15140 (Чёрный, 7500 стр., 127 мл) pigment;;100.0
нет внешнего кода;bulat;Удаленный склад;bulat_2026-08-18_p14;2026-08-18;;GDHELCUNIV050;y9PBc7K6gIHyZ-VxwEFzL1;Чернила БУЛАТ чёрные, универсальные банка (70мл) dye для HP, Epson, Lexmark, Canon, Brother;;200.0
нет внешнего кода;bulat;Удаленный склад;bulat_2026-08-18_p12;2026-08-18;;GDHP00GT52040;kWa9YLaojsWqlaezyjOUc2;Чернила HP GT52 (M0H54AE), Голубые (100 мл) dye;;50.0
нет внешнего кода;bulat;Удаленный склад;bulat_2026-08-18_p12;2026-08-18;;GDHP00GT52050;GJ6-Qd6Zhsylapn-JN6e10;Чернила HP GT52 (M0H55AE), Пурпурные (100 мл) dye;;50.0
нет внешнего кода;bulat;Удаленный склад;bulat_2026-08-18_p12;2026-08-18;;GDHP00GT52060;Br2CZs65gl88fXm3mvrwP2;Чернила HP GT52 (M0H56AE), Жёлтые (100 мл) dye;;50.0
нет внешнего кода;bulat;Удаленный склад;bulat_2026-08-18_p12;2026-08-18;;GDHP0UNIV0010;Uy4m4kUghzubKyejBaRpQ2;Чернила HP Universal, Чёрные банка 500 мл pigment;;50.0
нет внешнего кода;bulat;Удаленный склад;bulat_2026-08-18_p12;2026-08-18;;GDHP0UNIV0020;8oNEVXC0hXS0MIid8pqRS0;Чернила HP Universal, Чёрные банка 500 мл dye;;50.0
нет внешнего кода;bulat;Удаленный склад;bulat_2026-08-18_p12;2026-08-18;;GDHP0UNIV0030;LuttSNV5gTe7ZREYVZy5-0;Чернила HP Universal, Голубые, банка 500 мл dye;;50.0
нет внешнего кода;bulat;Удаленный склад;bulat_2026-08-18_p12;2026-08-18;;GDHP0UNIV0040;3uel0k9DgNwuroWs6sVUR3;Чернила HP Universal, Пурпурные банка 500 мл dye;;50.0
нет внешнего кода;bulat;Удаленный склад;bulat_2026-08-18_p12;2026-08-18;;GDHP0UNIV0050;kj0Yae9djjFIGD6CuSDn83;Чернила HP Universal, Жёлтые банка 500 мл dye;;50.0
нет внешнего кода;bulat;Удаленный склад;bulat_2026-08-18_p15;2026-08-18;;GFCNIP1200010;4c0jndgPjxccJJ8SKhttd1;Струйный картридж БУЛАТ CL-41 Color (0617B025) для Canon Pixma iP1200, 2200, 6210, MP140, MX300 (Цветной, 18 мл), ref.;;20.0
нет внешнего кода;bulat;Удаленный склад;bulat_2026-08-18_p15;2026-08-18;;GFCNIP1200020;monqICZYgbF3P17pLp8hs1;Струйный картридж БУЛАТ PG-40 (0615B025) для Canon Pixma iP1200, 2200, 6210, MP140, MX300 (Чёрный, 18 мл), ref.;;50.0
нет внешнего кода;bulat;Удаленный склад;bulat_2026-08-18_p16;2026-08-18;;GFCNMG2110010;1Fkhza9LjhDzlmUSPe27A0;Струйный картридж PG-140XL (5200B001) для Canon Pixma MG2110, MX371, TS5110 (Чёрный, 300 стр., 18 мл), ref.;;50.0
нет внешнего кода;bulat;Удаленный склад;bulat_2026-08-18_p16;2026-08-18;;GFCNMG2110020;8XTxMbl0jrNrjE5zXgmkl1;Струйный картридж CL-141XL Color (5202B001) для Canon Pixma MG2110, MX371, TS5110 (Цветной, 400 стр.,18 мл), ref.;;50.0
нет внешнего кода;bulat;Удаленный склад;bulat_2026-08-18_p15;2026-08-18;;GFCNMG2140010;U4qEFPSajfe3YYFfwnpae1;Струйный картридж БУЛАТ PG-440XL (5216B001) для Canon Pixma MG2140, 3140 (Чёрный, 18 мл), ref.;;50.0
нет внешнего кода;bulat;Удаленный склад;bulat_2026-08-18_p15;2026-08-18;;GFCNMG2140020;7faVBGrrgmshBtKqEUatu0;Струйный картридж БУЛАТ CL-441XL Color (5220B001) для Canon Pixma MG2140, 3140 (Цветной, 18 мл), ref.;;50.0
нет внешнего кода;bulat;Удаленный склад;bulat_2026-08-18_p15;2026-08-18;;GFCNMG2440010;ZKyQfkksgJPnXycM2us4H3;Струйный картридж БУЛАТ PG-445XL (8282B001) для Canon Pixma MG2440, 2540, MX494, iP2840, TS204 (Чёрный, 14 мл), ref.;;20.0
нет внешнего кода;bulat;Удаленный склад;bulat_2026-08-18_p15;2026-08-18;;GFCNPFI102010;hEXS6ERFiR4NA0WnlA03l3;Струйный картридж БУЛАТ PFI-102BK (0895B001) для Canon imagePROGRAF iPF500, iPF600, iPF700, LP17 (Чёрный, 130 мл);;50.0
нет внешнего кода;bulat;Удаленный склад;bulat_2026-08-18_p15;2026-08-18;;GFCNPFI102020;DiW3uKDeib6LvFUHIPyxp0;Струйный картридж БУЛАТ PFI-102MBK (0894B001) для Canon imagePROGRAF iPF500, iPF600, iPF700, LP17 (Матовый чёрный, 130 мл) pigment;;50.0
нет внешнего кода;bulat;Удаленный склад;bulat_2026-08-18_p15;2026-08-18;;GFCNPFI102030;oIhrBO2LjXCYpvhQ0sKXP0;Струйный картридж БУЛАТ PFI-102C (0896B001) для Canon imagePROGRAF iPF500, iPF600, iPF700, LP17 (Голубой, 130 мл);;50.0
нет внешнего кода;bulat;Удаленный склад;bulat_2026-08-18_p15;2026-08-18;;GFCNPFI102050;DDHczKt9jWhoyJ9Z6QLq01;Струйный картридж БУЛАТ PFI-102Y (0898B001) для Canon imagePROGRAF iPF500, iPF600, iPF700, LP17 (Жёлтый, 130 мл);;50.0
нет внешнего кода;bulat;Удаленный склад;bulat_2026-08-18_p15;2026-08-18;;GFCNPFI104010;6u5yBXKTj8COa172aB2BI0;Струйный картридж БУЛАТ PFI-104M (3631B001) для Canon imagePROGRAF iPF650, iPF750 (Пурпурный, 130 мл) pigment;;20.0
нет внешнего кода;bulat;Удаленный склад;bulat_2026-08-18_p14;2026-08-18;;GFCNPFI320040;xjTm24moiaAQhwG0iiU6r1;Струйный картридж БУЛАТ PFI-320M (2892C001) для Canon imagePROGRAF TM-200, TM-300 (Пурпурный, 300 мл);;20.0
нет внешнего кода;bulat;Удаленный склад;bulat_2026-08-18_p15;2026-08-18;;GFCNPFI710020;e41pu9AYh3lm29m7QwNQJ3;Струйный картридж БУЛАТ PFI-710BK (2354C001), Чёрный, 700 мл, pigment для Canon imagePROGRAF TX-3000, TX-4000;;20.0
нет внешнего кода;bulat;Удаленный склад;bulat_2026-08-18_p15;2026-08-18;;GFCNPFI710030;fEunAd2wh6ILd9EMtm1jk0;Струйный картридж БУЛАТ PFI-710C (2355C001) Голубой, 700мл, pigment для Canon imagePROGRAF TX-3000, TX-4000;;20.0
нет внешнего кода;bulat;Удаленный склад;bulat_2026-08-18_p15;2026-08-18;;GFCNPFI710040;7DmWbz2FjbxKvp05whayH2;Струйный картридж БУЛАТ PFI-710M (2356C001), Пурпурный, 700 мл, pigment для Canon imagePROGRAF TX-3000, TX-4000;;20.0
нет внешнего кода;bulat;Удаленный склад;bulat_2026-08-18_p15;2026-08-18;;GFCNPFI710050;Op2qkyNPgj2IAKVve6uaI2;Струйный картридж БУЛАТ PFI-710Y (2357C001) Жёлтый, 700 мл, pigment для Canon imagePROGRAF TX-3000, TX-4000;;20.0
нет внешнего кода;bulat;Удаленный склад;bulat_2026-08-18_p11;2026-08-18;;GFEP0M5290010;5cZDVWQdhxHnbn3pkf0N60;Струйный картридж БУЛАТ Т9461, C13T946140 (XL) для Epson WorkForce Pro WF-C5290DW,  Чёрный (10000 стр.);;50.0
нет внешнего кода;bulat;Удаленный склад;bulat_2026-08-18_p11;2026-08-18;;GFEP0M5298010;aOEXLtwciqADiLZgK4nPf3;Струйный картридж БУЛАТ T9661, C13T966140 XXL для Epson WorkForce Pro WF-M5299, Чёрный (40000 стр.);;200.0
нет внешнего кода;bulat;Удаленный склад;bulat_2026-08-18_p13;2026-08-18;;GFEPM20590010;oti9ZlO8gn6sSn6kilfp-0;Струйный картридж БУЛАТ C13T04Q100 для Epson WorkForce WF-M20590D4TW E-04Q1 (60000 стр.);;20.0
нет внешнего кода;bulat;Удаленный склад;bulat_2026-08-18_p15;2026-08-18;;GFEPSP7700010;nQcNeGjZhlcpSaEMaKP7g1;Струйный картридж БУЛАТ T6361, C13T636100 Photo Black (700 мл) pigment для Epson Stylus Pro 7700, 7890, 7900, 9700, 9890, 9900, WT7900;;20.0
нет внешнего кода;bulat;Удаленный склад;bulat_2026-08-18_p15;2026-08-18;;GFEPSP7700020;XTJM9fhiiF0XnokXZltsQ2;Струйный картридж БУЛАТ T6362, C13T636200 Cyan (700мл) pigment для Epson Stylus Pro 7700, 7890, 7900, 9700, 9890, 9900, WT7900;;20.0
нет внешнего кода;bulat;Удаленный склад;bulat_2026-08-18_p15;2026-08-18;;GFEPSP7700030;r79JuGX4hkqnjdttN311d2;Струйный картридж БУЛАТ T6363, C13T636300 Magenta (700мл) pigment для Epson Stylus Pro 7700, 7890, 7900, 9700, 9890, 9900, WT7900;;20.0
нет внешнего кода;bulat;Удаленный склад;bulat_2026-08-18_p15;2026-08-18;;GFEPSP7700040;qKuq6ZvDiTSoT-In-ah3T0;Струйный картридж БУЛАТ T6364, C13T636400 Yellow (700мл) pigment для Epson Stylus Pro 7700, 7890, 7900, 9700, 9890, 9900, WT7900;;20.0
нет внешнего кода;bulat;Удаленный склад;bulat_2026-08-18_p15;2026-08-18;;GFEPSP7700050;SgNYCtxHgXmyno7-sYdvV0;Струйный картридж БУЛАТ T6368 / C13T636800 Matte Black (700мл) pigment для Epson Stylus Pro 7700, 7890, 7900, 9700, 9890, 9900, WT7900;;20.0
нет внешнего кода;bulat;Удаленный склад;bulat_2026-08-18_p15;2026-08-18;;GFEPSP7890010;7gMrTwEkhqhBQrdeqhx4x2;Струйный картридж БУЛАТ T6365, C13T636500 для Epson Stylus Pro 7890, 7900, 9700, 9890, 9900, WT7900 (Светло-голубой, 700 мл) pigment;;20.0
нет внешнего кода;bulat;Удаленный склад;bulat_2026-08-18_p15;2026-08-18;;GFEPSP7890020;tEDvUeXqhO53wmWYRv40F1;Струйный картридж БУЛАТ T6366, C13T636600 для Epson Stylus Pro 7890, 7900, 9700, 9890, 9900, WT7900 (Светло-пурпурный, 700 мл) pigment;;20.0
нет внешнего кода;bulat;Удаленный склад;bulat_2026-08-18_p15;2026-08-18;;GFEPSP7890030;pBuu2pjhhAzTNKCyhcXAx0;Струйный картридж БУЛАТ T6367, C13T636700 для Epson Stylus Pro 7890, 7900, 9700, 9890, 9900, WT7900 (Серый, 700 мл, pigment);;20.0
нет внешнего кода;bulat;Удаленный склад;bulat_2026-08-18_p16;2026-08-18;;GFEPSP7890040;GWxIKheSgvFhbGVaHkIMH1;Струйный картридж БУЛАТ T6369, C13T636900 для Epson Stylus Pro 7890, 7900, 9700, 9890, 9900, WT7900 (Светло-серый, 700 мл, pigment);;20.0
нет внешнего кода;bulat;Удаленный склад;bulat_2026-08-18_p14;2026-08-18;;GFEPWF6090020;bJghpGbSiCpDllOmn1r6F0;Струйный картридж БУЛАТ T9072, C13T907240 для Epson WorkForce Pro WF-6090, WF-6590 (Голубой, XXL, 7000 стр., 90 мл);;50.0
нет внешнего кода;bulat;Удаленный склад;bulat_2026-08-18_p14;2026-08-18;;GFEPWF8190010;75YH7Db6jYrfrZySkjNTC3;Струйный картридж БУЛАТ T04A1, C13T04A140 для Epson WorkForce Pro WF-C8190, WF-C8690 (Чёрный, XXL,11500 стр., 240 мл);;50.0
нет внешнего кода;bulat;Удаленный склад;bulat_2026-08-18_p14;2026-08-18;;GFEPWF8190030;HGHsmj33jMnwh2x00tK8R1;Струйный картридж БУЛАТ T04A3, C13T04A340 для Epson WorkForce Pro WF-C8190, WF-C8690 (Пурпурный, XXL, 8000 стр.);;20.0
нет внешнего кода;bulat;Удаленный склад;bulat_2026-08-18_p14;2026-08-18;;GFEPWF8190040;Igofs5fNhy1OuVqv6FDLd3;Струйный картридж БУЛАТ T04A4, C13T04A440 для Epson WorkForce Pro WF-C8190, WF-C8690 (Жёлтый, XXL, 8000 стр., 90 мл);;50.0
нет внешнего кода;bulat;Удаленный склад;bulat_2026-08-18_p14;2026-08-18;;GFEPWF8190060;rww4uhKciF4XjHz9Zncxk3;Струйный картридж БУЛАТ T04B2, C13T04B240 для Epson WorkForce Pro WF-C8190, WF-C8610, WF-C8690 (Голубой, XL, 4600 стр.);;50.0
нет внешнего кода;bulat;Удаленный склад;bulat_2026-08-18_p14;2026-08-18;;GFEPWF8190070;qd0yulq2gMHPHNf-O9ppT1;Струйный картридж БУЛАТ T04B3, C13T04B340 для Epson WorkForce Pro WF-C8190, WF-C8610, WF-C8690 (Пурпурный, XL, 4600 стр., 62 мл);;50.0
нет внешнего кода;bulat;Удаленный склад;bulat_2026-08-18_p14;2026-08-18;;GFEPWF8190080;oaZHmf4EgI3iWR-SNhnzP3;Струйный картридж БУЛАТ T04B4, C13T04B440 для Epson WorkForce Pro WF-C8190, WF-C8610, WF-C8690 (Жёлтый, XL, 4600 стр., 62мл);;50.0
нет внешнего кода;bulat;Удаленный склад;bulat_2026-08-18_p14;2026-08-18;;GFEPWFC869020;6fGJmN8Pi90rR5LduNEDc1;Струйный картридж БУЛАТ Т9732, C13T973200 для Epson WorkForce Pro WF-C869 (Голубой, 22000 стр., 192 мл);;50.0
нет внешнего кода;bulat;Удаленный склад;bulat_2026-08-18_p14;2026-08-18;;GFEPWFC869030;KloXJyVWhfV6E0ub103RH3;Струйный картридж БУЛАТ Т9733, C13T973300 для Epson WorkForce Pro WF-C869 (Пурпурный, 22000 стр., 192 мл);;50.0
нет внешнего кода;bulat;Удаленный склад;bulat_2026-08-18_p14;2026-08-18;;GFEPWFC869040;zFtsHoYEiMH8OjDrY3-0Z2;Струйный картридж БУЛАТ Т9734, C13T973400 для Epson WorkForce Pro WF-C869 (Жёлтый, 22000 стр., 192 мл);;50.0
нет внешнего кода;bulat;Удаленный склад;bulat_2026-08-18_p15;2026-08-18;;GFEPWFC869050;ezYYSu6eiftGasJ6Hm3wi3;Струйный картридж БУЛАТ Т9741, C13T974100 (XXL) Чёрный, 86000 стр., pigment для Epson WorkForce Pro WF-C869;;50.0
нет внешнего кода;bulat;Удаленный склад;bulat_2026-08-18_p14;2026-08-18;;GFEPWFC878010;lhxJSuSkg-JMg2GI4RsmG1;Струйный картридж БУЛАТ T05A1, C13T05A100 для Epson WorkForce Pro WF-C878, WF-C879 (Чёрный, 20000 стр., 420 мл);;50.0
нет внешнего кода;bulat;Удаленный склад;bulat_2026-08-18_p14;2026-08-18;;GFEPWFC878020;rG1gwB2KjLijjAswRV1hJ3;Струйный картридж БУЛАТ T05A2, C13T05A200 для Epson WorkForce Pro WF-C878, WF-C879 (Голубой, 20000 стр., 220 мл);;20.0
нет внешнего кода;bulat;Удаленный склад;bulat_2026-08-18_p14;2026-08-18;;GFEPWFC878030;RMBGnwveh61q3aSgkUfFI2;Струйный картридж БУЛАТ T05A3, C13T05A300 для Epson WorkForce Pro WF-C878, WF-C879 (Пурпурнный, 20000 стр., 220 мл);;20.0
нет внешнего кода;bulat;Удаленный склад;bulat_2026-08-18_p14;2026-08-18;;GFEPWFC878040;2jrWTzovgInF3qQSpTrG72;Струйный картридж БУЛАТ T05A4, C13T05A400 для Epson WorkForce Pro WF-C878, WF-C879 (Жёлтый, 20000 стр., 220 мл);;20.0
нет внешнего кода;bulat;Удаленный склад;bulat_2026-08-18_p16;2026-08-18;;GFHPDJ1015020;dTnoX095hEbceYLVFeC5R2;Струйный картридж БУЛАТ 650XL (CZ102AE) для HP DeskJet 1015, 2515, 3515, 4515 (Цветной, 18 мл), ref.;;20.0
нет внешнего кода;bulat;Удаленный склад;bulat_2026-08-18_p12;2026-08-18;;GFHPDJ110P010;8QnGDHiUgrBjwMkidnNuR2;Струйный картридж БУЛАТ HP-10Bk, C4844A для HP DesignJet 110 Plus, Чёрный (2500 стр.);;50.0
нет внешнего кода;bulat;Удаленный склад;bulat_2026-08-18_p12;2026-08-18;;GFHPDJ110P020;bHzX7i8JhqsNIrqb5Osio3;Струйный картридж БУЛАТ C4836A для HP DesignJet 110 Plus, Голубой (2350 стр.);;20.0
нет внешнего кода;bulat;Удаленный склад;bulat_2026-08-18_p16;2026-08-18;;GFHPDJ1600010;PhBH9dXajxXW-KnDBFGwH2;Струйный картридж БУЛАТ 730 (P2V71A) для HP DesignJet T1600, T1700, T2600 (Матовый чёрный, 300 мл);;50.0
нет внешнего кода;bulat;Удаленный склад;bulat_2026-08-18_p16;2026-08-18;;GFHPDJ1600040;atPB6cKghvFw-bFn-DD8W2;Струйный картридж БУЛАТ 730 (P2V69A) для HP DesignJet T1600, T1700, T2600 (Пурпурный, 300 мл);;50.0
нет внешнего кода;bulat;Удаленный склад;bulat_2026-08-18_p16;2026-08-18;;GFHPDJ1600050;aZ0W8UVpi8mm0uK1sCyUO2;Струйный картридж БУЛАТ 730 (P2V70A) для HP DesignJet T1600, T1700, T2600 (Жёлтый, 300 мл);;50.0
нет внешнего кода;bulat;Удаленный склад;bulat_2026-08-18_p16;2026-08-18;;GFHPDJ1600060;YVnrVaYThAv-cm5B6L-Cc1;Струйный картридж БУЛАТ 730 (P2V72A) для HP DesignJet T1600, T1700, T2600 (Серый, 300 мл);;50.0
нет внешнего кода;bulat;Удаленный склад;bulat_2026-08-18_p15;2026-08-18;;GFHPDJ3100030;mKrKgDJniTa7YtH9IP34J3;Струйный картридж БУЛАТ 70 (C9452A) Голубой,135 мл, pigment для HP DesignJet Z3100, Z3200;;50.0
нет внешнего кода;bulat;Удаленный склад;bulat_2026-08-18_p15;2026-08-18;;GFHPDJ3100040;qqa3YkprjW5s-id0ExhZb2;Струйный картридж БУЛАТ 70 (C9453A) Пурпурный, 135 мл, pigment для HP DesignJet Z3100, Z3200;;50.0
нет внешнего кода;bulat;Удаленный склад;bulat_2026-08-18_p15;2026-08-18;;GFHPDJ3100070;aqMnsXTBiEWWhegEqbmSu2;Струйный картридж БУЛАТ 70 (C9455A) Пурпурный Светлый, 135 мл, pigment для HP DesignJet Z3100, Z3200;;50.0
нет внешнего кода;bulat;Удаленный склад;bulat_2026-08-18_p13;2026-08-18;;GFHPDJ5743010;Zk1YW0HAhXqBvGGuLkM4O3;Струйный картридж БУЛАТ C8767HE для HP DeskJet 5743, OfficeJet 6313 130 (Чёрный, 860 стр.);;100.0
нет внешнего кода;bulat;Удаленный склад;bulat_2026-08-18_p16;2026-08-18;;GFHPDJT920070;MSEnHyL2hesKTiV-VBOiU0;Струйный картридж БУЛАТ 727 (B3P19A) для HP DesignJet T920, T1500, T2500 (Голуболй, 130 мл, 130 стр.);;50.0
нет внешнего кода;bulat;Удаленный склад;bulat_2026-08-18_p16;2026-08-18;;GFHPDJT920080;Tp93YS27iOpfWEX1xP-Ya2;Струйный картридж БУЛАТ 727 (B3P20A) для HP DesignJet T920, T1500, T2500 (Пурпурный, 130 мл, 130 стр.);;50.0
нет внешнего кода;bulat;Удаленный склад;bulat_2026-08-18_p16;2026-08-18;;GFHPDJT920090;8aatQXgsgouNhNqaffFK33;Струйный картридж БУЛАТ 727 (B3P21A) для HP DesignJet T920, T1500, T2500 (Жёлтый, 130 мл, 130 стр.);;20.0
нет внешнего кода;bulat;Удаленный склад;bulat_2026-08-18_p16;2026-08-18;;GFHPDJT920110;MVRS7OlngOUEiyVJkQDKm2;Струйный картридж БУЛАТ 727 (B3P23A) Photo Black для HP DesignJet T920, T1500, T2500 (130 мл, 130 стр.);;20.0
нет внешнего кода;bulat;Удаленный склад;bulat_2026-08-18_p16;2026-08-18;;GFHPDJT920120;6AIM0r5bhOlDT6buDHSgu2;Струйный картридж БУЛАТ 727 (B3P24A) для HP DesignJet T920, T1500, T2500 (Серый, 130 мл, 130 стр.);;20.0
нет внешнего кода;bulat;Удаленный склад;bulat_2026-08-18_p14;2026-08-18;;GFHPOJ6000020;Hs5Ckk0HiJ8GS8oQBOqt30;Струйный картридж Булат 920XL (CD972AE) для HP OfficeJet 6000 (Голубой 700 стр.);;50.0
нет внешнего кода;bulat;Удаленный склад;bulat_2026-08-18_p13;2026-08-18;;GFHPOJ6100030;Rojb2lnjhzaXdgRT4sOTK3;Струйный картридж БУЛАТ CN055AE для HP OfficeJet 6100 933XL (Пурпурный, 825 стр.);;50.0
нет внешнего кода;bulat;Удаленный склад;bulat_2026-08-18_p13;2026-08-18;;GFHPOJ6100040;j3P8D06shna0MydlPl0xl0;Струйный картридж БУЛАТ CN056AE для HP OfficeJet 6100 933XL (Жёлтый, 825 стр.);;50.0
нет внешнего кода;bulat;Удаленный склад;bulat_2026-08-18_p15;2026-08-18;;GFHPOJX451010;m8r8ie2Jghn9tL4jHDflV0;Струйный картридж БУЛАТ 970XL (CN625AE) Чёрный, 9200 стр., pigment для HP OfficeJet Pro X451, X476, X551, X576;;50.0
нет внешнего кода;bulat;Удаленный склад;bulat_2026-08-18_p15;2026-08-18;;GFHPOJX451020;U2cvagalhnZjHxadtbLz01;Струйный картридж БУЛАТ 971XL (CN626AM) Голубой, 6600 стр. / 83 мл, pigment для HP OfficeJet Pro X451, X476, X551, X576;;50.0
нет внешнего кода;bulat;Удаленный склад;bulat_2026-08-18_p15;2026-08-18;;GFHPOJX451030;LSb6eUU8jyQEVpa7p7WDL1;Струйный картридж БУЛАТ 971XL (CN627AM) Пурпурный, 6600 стр. / 83 мл, pigment для HP OfficeJet Pro X451, X476, X551, X576;;50.0
нет внешнего кода;bulat;Удаленный склад;bulat_2026-08-18_p15;2026-08-18;;GFHPOJX451040;vWHeOEvSicSA2vZJ6ySEt1;Струйный картридж БУЛАТ 971XL (CN628AM) Жёлтый, 6600 стр. / 83 мл, pigment для HP OfficeJet Pro X451, X476, X551, X576;;50.0
нет внешнего кода;bulat;Удаленный склад;bulat_2026-08-18_p13;2026-08-18;;GFHPPWP452010;gAOVdG0cg7Rg0Owti16SX0;Струйный картридж БУЛАТ L0S07AE для HP PageWide Pro 452 973X (Чёрный, 10000 стр.);;100.0
нет внешнего кода;bulat;Удаленный склад;bulat_2026-08-18_p13;2026-08-18;;GFHPPWP452020;yV3tR2FIhNcJmWI7aawRM0;Струйный картридж БУЛАТ F6T81AE для HP PageWide Pro 452 973X (Голубой, 7000 стр.);;50.0
нет внешнего кода;bulat;Удаленный склад;bulat_2026-08-18_p13;2026-08-18;;GFHPPWP452030;CDBfdndshDyjDz9EGZkve3;Струйный картридж БУЛАТ F6T82AE для HP PageWide Pro 452 973X (Пурпурный, 7000 стр.);;50.0
нет внешнего кода;bulat;Удаленный склад;bulat_2026-08-18_p13;2026-08-18;;GFHPPWP452040;iEtzd4w7iXZceWf9Hx4x71;Струйный картридж БУЛАТ F6T83AE для HP PageWide Pro 452 973X (Жёлтый, 7000 стр.);;50.0
нет внешнего кода;bulat;Кантемировская;bulat_2026-01-16_p20;2026-01-16;;;GROtCq2AhRkx5pVonpdoM1;Чип Lexmark E120 chip;Чипы;1.0
нет внешнего кода;bulat;Звездный;bulat_2025-04-04_p25;2025-04-04;;;VK3SOmb1jWFuMXsQJAJhE0;Чип для картриджа;Чипы;2.0
нет внешнего кода;bulat;Кантемировская;bulat_2025-04-11_p26;2025-04-11;;;VK3SOmb1jWFuMXsQJAJhE0;Чип для картриджа;Чипы;1.0
нет внешнего кода;bulat;Кантемировская;bulat_2025-03-14_p28;2025-03-14;;;VK3SOmb1jWFuMXsQJAJhE0;Чип для картриджа;Чипы;1.0
нет внешнего кода;bulat;Звездный;bulat_2025-03-21_p27;2025-03-21;;;3JJpVveJigibke7HmU9jG2;Чип для картриджа TK-580Bk;Чипы;1.0
нет внешнего кода;bulat;Звездный;bulat_2025-03-27_p25;2025-03-27;;;FMqkxVTMgv2vKm7ay-STa0;Чип для картриджа WB 006R01701;Чипы;1.0
нет внешнего кода;bulat;Звездный;bulat_2025-03-27_p25;2025-03-27;;;AUwLlIxFiQ-5hDODb2bas1;Чип для картриджа w2030a Булат;Чипы;1.0
нет внешнего кода;bulat;Звездный;bulat_2025-04-04_p25;2025-04-04;;Чип CF542X;-drnOJXQhIHG1m5EbzuwK0;Чип CF542X;Чипы;1.0
нет внешнего кода;bulat;Звездный;bulat_2025-04-04_p25;2025-04-04;;Чип CF543X;klb0ZOOdj1HcGaGEgBdf-1;Чип CF543X;Чипы;1.0
нет внешнего кода;colortek;Удаленный склад;colortek_2026-08-18_p7;2026-08-18;3965ct;139570;Hke5PZDahg3iIIJd-HMuq3;Картридж Colortek Oki 46471108 (C823) Black;Картриджи/Картриджи Oki;25.0
нет внешнего кода;colortek;Удаленный склад;colortek_2026-08-18_p10;2026-08-18;;1568-1;-k5dtyQggpP50sZRShzAH1;Картридж струйный Colortek Canon BC-20 bk;Картриджи/Картриджи Canon/струйные canon;25.0
нет внешнего кода;colortek;Удаленный склад;colortek_2026-08-18_p7;2026-08-18;;176606;OSyBh2vXiMj70K2my0bdn2;Картридж Colortek Pantum TL-425H 3k;Картриджи/Картриджи Pantum;6.0
нет внешнего кода;colortek;Удаленный склад;colortek_2026-08-18_p1;2026-08-18;5575ct;183431;ABpqmteXiEORU4YsT5ty00;Картридж Colortek Avision DR-1070U (015-0275-22);Картриджи/Картриджи Avision;100.0
нет внешнего кода;easy_print;Удаленный склад;easy_print_2026-08-18_p8;2026-08-18;;DK-3100;Gmt0n6uYh7FZxxv56tC162;Блок фотобарабана Kyocera DK-3100 302MS93025 ч/б:300000стр. для для FS-2100D/FS-2100DN / M3040dn/M3540dn Kyocera;Оригинальные картриджи/Картриджи лазерные Kyocera;46.0
нет внешнего кода;easy_print;Удаленный склад;easy_print_2026-08-18_p8;2026-08-18;;DK-3130;v4sQPasNg8em-jmxWHOk-3;Блок фотобарабана Kyocera 302LV93045 DK-3130 ч/б:500000стр. для FS-4100DN/4200DN/4300DN Kyocera;Оригинальные картриджи/Картриджи лазерные Kyocera;30.0
нет внешнего кода;easy_print;Удаленный склад;easy_print_2026-08-18_p2;2026-08-18;3224ep;LH-W2030X_NC;3224ep;W2030X Картридж EasyPrint LH-W2030X_NC для HP CLJ Pro M454/455/M479/480/Canon LBP663/664/MF742/744/746 (7600 стр.) черный, БЕЗ ЧИПА;Картриджи/Картриджи HP;27.0
нет внешнего кода;easy_print;Удаленный склад;easy_print_2026-08-18_p6;2026-08-18;;ML-D2850B;vnRH7BnTg5XZuNDxR2a6P3;К-ж ML-D2850B Samsung  к ML-2850D/2851ND увеличенный оригинал;Оригинальные картриджи/Картриджи лазерные Samsung;80.0
нет внешнего кода;easy_print;Удаленный склад;easy_print_2026-08-18_p6;2026-08-18;;ML-D3470B;HaqSjblZiPZ6DJUZc7msn3;К-ж ML-D3470B Samsung  к ML-3470D увеличенный, оригинал;Оригинальные картриджи/Картриджи лазерные Samsung;43.0
нет внешнего кода;easy_print;Кантемировская;easy_print_2024-11-20_p13;2024-11-20;;;VK3SOmb1jWFuMXsQJAJhE0;Чип для картриджа;Чипы;1.0
нет внешнего кода;easy_print;Удаленный склад;easy_print_2026-08-18_p5;2026-08-18;;TK-160;TeUcr9udghvlB0ZIFfZJ93;Тонер к-ж Kyocera TK-160 к FS-1120D/DN, P2035d, 2500 стр (о);Оригинальные картриджи/Картриджи лазерные Kyocera;40.0
нет внешнего кода;easy_print;Удаленный склад;easy_print_2026-08-18_p5;2026-08-18;;TK-170;5euLPXSzjOYzIQWuyDD1o1;Тонер К-ж Kyocera TK-170 к FS-1320D, 7200 стр (о);Оригинальные картриджи/Картриджи лазерные Kyocera;52.0
нет внешнего кода;easy_print;Удаленный склад;easy_print_2026-08-18_p4;2026-08-18;;TK-3110;4ROvNNBmiUz8MG1meU6xt3;Тонер К-ж Kyocera TK-3110 FS-4100DN, 15500 стр (оригинал) арт. 1T02MT0NLV;Оригинальные картриджи/Картриджи лазерные Kyocera;8.0
нет внешнего кода;easy_print;Удаленный склад;easy_print_2026-08-18_p4;2026-08-18;;TK-3130;hRRKmOrQjONBZjlOySFUV0;Тонер К-ж Kyocera TK-3130 FS-4200DN/FS-4300DN, 25000 стр (о);Оригинальные картриджи/Картриджи лазерные Kyocera;14.0
нет внешнего кода;kaktus_msk;Удаленный склад;kaktus_msk_2026-08-18_p10;2026-08-18;;CS-3JA29AE;rAKyunpcgKUn00259Q21k2;Картридж струйный Cactus CS-3JA29AE 963XL желт.пигм. (25.5мл) для HP OfficeJet Pro 9010/9010e/9012/9014/9015/9016/9019 с чипом;Оригинальные картриджи/Картриджи струйные HP;12.0
нет внешнего кода;kaktus_msk;Удаленный склад;kaktus_msk_2026-08-18_p10;2026-08-18;;CS-3JA30AE;y5GkOT4Gjwf-ogdE2jxLG2;Картридж струйный Cactus CS-3JA30AE 963XL черный пигментный (58мл) для HP OfficeJet Pro 9010/9010e/9012/9014/9015/9016/9019 с чипом;Оригинальные картриджи/Картриджи струйные HP;19.0
нет внешнего кода;kaktus_msk;Удаленный склад;kaktus_msk_2026-08-18_p7;2026-08-18;;CS-C067BK;CbyZS3JwjCIrV5Eyxutmf2;Картридж лазерный Cactus CS-C067BK 067BK черный (1350стр.) для Canon i-SENSYS LBP631Cw/LBP633Cdw/MF651Cw/MF655Cdw/MF657Cdw;Картриджи/Картриджи Canon;500.0
нет внешнего кода;kaktus_msk;Удаленный склад;kaktus_msk_2026-08-18_p7;2026-08-18;;CS-C067C;NuEXKQHOiXSYc9iI71VYW1;Картридж лазерный Cactus CS-C067C 067C голубой (1250стр.) для Canon i-SENSYS LBP631Cw/LBP633Cdw/MF651Cw/MF655Cdw/MF657Cdw;Картриджи/Картриджи Canon;451.0
нет внешнего кода;kaktus_msk;Удаленный склад;kaktus_msk_2026-08-18_p7;2026-08-18;;CS-C067M;5dAWvvf2g-ZmV53Bh4SOV1;Картридж лазерный Cactus CS-C067M 067M пурпурный (1250стр.) для Canon i-SENSYS LBP631Cw/LBP633Cdw/MF651Cw/MF655Cdw/MF657Cdw;Картриджи/Картриджи Canon;461.0
нет внешнего кода;kaktus_msk;Удаленный склад;kaktus_msk_2026-08-18_p7;2026-08-18;;CS-C067Y;4giBSy1qgfBV44wF6iIUC2;Картридж лазерный Cactus CS-C067Y 067Y желтый (1250стр.) для Canon i-SENSYS LBP631Cw/LBP633Cdw/MF651Cw/MF655Cdw/MF657Cdw;Картриджи/Картриджи Canon;425.0
нет внешнего кода;kaktus_msk;Удаленный склад;kaktus_msk_2026-08-18_p11;2026-08-18;;CS-C9351;yUr7XLt0jJwvJZJNUBY7s0;Картридж струйный Cactus CS-C9351 №21 черный (17мл) для HP DJ 3920/3940/D1360/D1460/D1470/D1560/D2330/D2360/D2430/D2460/F370/F375/F380/F2180/F2187/F2224/F2280/F2290/F4140/F4172/F4180/F4190 с чипом;Картриджи/Картриджи HP/струйные hp;148.0
нет внешнего кода;kaktus_msk;Удаленный склад;kaktus_msk_2026-08-18_p11;2026-08-18;;CS-C9352;Zwn4WQdIggfNFCZcz3QLO2;Картридж струйный Cactus CS-C9352 №22 многоцветный (11.4мл) для HP DJ 3920/3940/D1360/D1460/D1470/D1560/D2330/D2360/D2430/D2460/F370/F375/F380/F2180/F2187/F2224/F2280/F2290/F4140/F4172/F4180/F4190 с чипом;Картриджи/Картриджи HP/струйные hp;59.0
нет внешнего кода;kaktus_msk;Удаленный склад;kaktus_msk_2026-08-18_p13;2026-08-18;;CS-CE278AD;Y3IqoE5fj28bff2rCrW8o0;Картридж лазерный Cactus CS-CE278AD черный двойная упак. (2100стр.) для HP LJ P1566/P1606w;Картриджи/Картриджи HP;158.0
нет внешнего кода;kaktus_msk;Удаленный склад;kaktus_msk_2026-08-18_p13;2026-08-18;;CS-CE285AD;lXXeyIgdguIybCYxehlUo3;Картридж лазерный Cactus CS-CE285AD черный двойная упак. (1600стр.) для HP LJ P1102/P1102W/M1130/M1132;Картриджи/Картриджи HP;500.0
нет внешнего кода;kaktus_msk;Удаленный склад;kaktus_msk_2026-08-18_p14;2026-08-18;;CS-CF283AD;855DbJBMjHGO3NQjX8noI1;Картридж лазерный Cactus CS-CF283AD черный двойная упак. (1500стр.) для HP LJ Pro M125nw/M127fw;Картриджи/Картриджи HP;500.0
нет внешнего кода;kaktus_msk;Удаленный склад;kaktus_msk_2026-08-18_p14;2026-08-18;;CS-CF283XD;HMsGu7WOjZoTC9Ry2fwk50;Картридж лазерный Cactus CS-CF283XD черный двойная упак. (2200стр.) для HP LJ Pro M225dn/M201/M202;Картриджи/Картриджи HP;12.0
нет внешнего кода;kaktus_msk;Удаленный склад;kaktus_msk_2026-08-18_p6;2026-08-18;;CS-CLI521C/M/Y;eWNgYL9ajCxr9jEwJ1pZC1;Картридж струйный Cactus CS-CLI521C/M/Y голубой/пурпурный/желтый набор (25.2мл) для Canon Pixma iP3600/iP4600/iP4700/MP540/MP550/MP560/MP620/MP630/MP640/MP980/MP990/MX860/MX870 с чипом;Картриджи/Картриджи Canon/струйные canon;39.0
нет внешнего кода;kaktus_msk;Удаленный склад;kaktus_msk_2026-08-18_p6;2026-08-18;;CS-CLI8C/M/Y;TFEMkcN6iyAkwmjEhjmOY0;Картридж струйный Cactus CS-CLI8C/M/Y CLI-8C/M/Y голубой/пурпурный/желтый набор (36мл) для Canon MP470/500/530/600/800/810/830/970/MX850/iP4200/4300/520 с чипом;Картриджи/Картриджи Canon/струйные canon;1.0
нет внешнего кода;kaktus_msk;Удаленный склад;kaktus_msk_2026-08-18_p22;2026-08-18;3263 cs;CS-DL-420;LpVyk4Npg-5a5IgeX663D1;Блок фотобарабана Cactus CS-DL-420 DL-420/DL-420P черный ч/б:30000стр. для M6700D/DW/M6800FDW/M7100DN/DW/M7102DN/M7103DN/M7107DN/DW/M7200FD/FDN/FDW/M7300FDN/FDW/M7302FDN/FDW/M7310DN/DW/P3010D/DW/P3020/P3300DN/DW/P3302DN/P3303DN Pantum;Оригинальные картриджи/Картриджи лазерные Pantum;500.0
нет внешнего кода;kaktus_msk;Удаленный склад;kaktus_msk_2026-08-18_p14;2026-08-18;;CS-Q2612AD;3k5f1AyvioSSiwYYX06P10;Картридж лазерный Cactus CS-Q2612AD черный двойная упак. (2000стр.) для HP 1010/1012/1015/1018/1020/1022/3015/3020;Картриджи/Картриджи HP;173.0
нет внешнего кода;kaktus_msk;Удаленный склад;kaktus_msk_2026-08-18_p18;2026-08-18;;CS-TN320;xCZ-wGkvjwrBMrz-echT63;Картридж лазерный Cactus CS-TN320 черный (20000стр.) для Konica Minolta bizhub 36/42;Картриджи/Картриджи Konica Minolta;8.0
нет внешнего кода;odissey;Звездный;odissey_2025-07-15_p15;2025-07-15;;;o25PcbtNhlrRKWZn9ogTy2;Чип для Oki C810/C830, Magenta, 8K;Чипы;1.0
нет внешнего кода;profiline;Удаленный склад;profiline_2026-08-18_p16;2026-08-18;;GP_W1106X;57vETzYAhZcmecdl1USd41;*Не продаем* Картридж GP-W1106X (№106X) 2k GP;Картриджи/Картриджи HP;1757.0
нет внешнего кода;profiline;Удаленный склад;profiline_2026-08-18_p3;2026-08-18;;PL_Tape_13*10_BKS_1p;hIVSq8XIjdfpPIlbaK4qa0;Лента 13мм*10м черная прямая упаковка (1шт) PL;Картриджи/Ленточные картриджи;5.0
нет внешнего кода;ramis;Удаленный склад;ramis_2026-08-18_p1;2026-08-18;;5211210000;q7zBAN7QiVQHxPc3uyNpk0;Картридж для (121XL) HP DJ D2563/F4283 CC641HE (восстановленный) Black Unijet;Картриджи/Картриджи HP/струйные hp;548.0
нет внешнего кода;ramis;Удаленный склад;ramis_2026-08-18_p1;2026-08-18;;5212210000;BmTGWEysgY7KjvEpmeY193;Картридж для (123XL) HP DeskJet 2130 F6V19AE (восстановленный) Black UNIjet;Картриджи/Картриджи HP/струйные hp;38.0
нет внешнего кода;ramis;Удаленный склад;ramis_2026-08-18_p1;2026-08-18;;5215310000;Uh66D4qxi6QhyQIx5jJYb1;Картридж для (123XL) HP DeskJet 2130 F6V18AE (восстановленный) Color UNIjet;Картриджи/Картриджи HP/струйные hp;10.0
нет внешнего кода;ramis;Удаленный склад;ramis_2026-08-18_p1;2026-08-18;;5223370000;bkzoLmYehvuvaZB5bSshf1;Картридж для (130) HP Photosmart 8153  C8767HE (восстановленный) Black (23ml) Unijet;Картриджи/Картриджи HP/струйные hp;93.0
нет внешнего кода;ramis;Удаленный склад;ramis_2026-08-18_p1;2026-08-18;;5223390000;ngYRq5Chi79gmPXJB6IZm0;Картридж для (132) HP DJ 5443/ PSC 2573 C9362HE (восстановленный) Black (5ml) Unijet;Картриджи/Картриджи HP/струйные hp;155.0
нет внешнего кода;ramis;Удаленный склад;ramis_2026-08-18_p1;2026-08-18;;5223420000;A40DPpyyg4GKYfm39gqYS3;Картридж для (141XL) HP DJ D4263 CB338  (восстановленный) Color Unijet;Картриджи/Картриджи HP/струйные hp;221.0
нет внешнего кода;ramis;Удаленный склад;ramis_2026-08-18_p1;2026-08-18;;5223440000;cEQEwaP6i4396SQJEJJ5b1;Картридж для (140XL) HP DJ D4263 CB336 (восстановленный) Black Unijet;Картриджи/Картриджи HP/струйные hp;245.0
нет внешнего кода;rapid;Удаленный склад;rapid_2026-08-18_p11;2026-08-18;;SF-DL5120;ZN93ZpXKjHNwbVxe0rePA1;Картридж Pantum DL-5120 DRUM BP5100/BM5100 30K SuperFine;Картриджи/Картриджи Pantum;15.0
нет внешнего кода;rapid;Удаленный склад;rapid_2026-08-18_p12;2026-08-18;;SFR-3YM74AE;8YGMYKJohAOl5q7Xq8Rw41;Картридж HP 3YM74AE №653 Deskjet 6000-ser/6075/6400-ser/6475 Color SuperFine;Картриджи/Картриджи HP/струйные hp;95.0
нет внешнего кода;rapid;Удаленный склад;rapid_2026-08-18_p12;2026-08-18;;SFR-3YM75AE;5OOPKKuWive44LYu-Jvh-3;Картридж HP 3YM75AE №653 Deskjet 6000-ser/6075/6400-ser/6475 Black SuperFine;Картриджи/Картриджи HP/струйные hp;62.0
нет внешнего кода;s_print_msk;Удаленный склад;s_print_msk_2026-08-18_p1;2026-08-18;0593sp;SP46264_MSK;593;Картридж SP LC-970 M/LC-1000 M для Brother, пурпурный;Картриджи/Картриджи Brother/струйные brother;9.0
нет внешнего кода;s_print_spb;Кантемировская;s_print_spb_2026-04-29_p10;2026-04-29;;;VK3SOmb1jWFuMXsQJAJhE0;Чип для картриджа;Чипы;1.0
нет внешнего кода;s_print_spb;Удаленный склад;s_print_spb_2026-08-18_p5;2026-08-18;3909sp;SP350639;Tpbqu37EhRAJYK5i1behd0;Цветной тонер-картридж SolutionPrint SP-H-415A (W2030A) Bk 2,4k;Картриджи/Картриджи HP;19.0
нет внешнего кода;s_print_spb;Удаленный склад;s_print_spb_2026-08-18_p5;2026-08-18;3910sp;SP350640;VXNmiriEjML1BDK2gjR442;Цветной тонер-картридж SolutionPrint SP-H-415A (W2031A) C 2,1k;Картриджи/Картриджи HP;17.0
нет внешнего кода;s_print_spb;Удаленный склад;s_print_spb_2026-08-18_p5;2026-08-18;3911sp;SP350641;bIRRzNqBhwvB-N7hGwV3b3;Цветной тонер-картридж SolutionPrint SP-H-415A (W2032A) Y 2,1k;Картриджи/Картриджи HP;18.0
нет внешнего кода;s_print_spb;Удаленный склад;s_print_spb_2026-08-18_p5;2026-08-18;3912sp;SP350642;9Zd9kRmKifVW9dZorCFap1;Цветной тонер-картридж SolutionPrint SP-H-415A (W2033A) M 2,1k;Картриджи/Картриджи HP;17.0
нет внешнего кода;s_print_spb;Удаленный склад;s_print_spb_2026-08-18_p1;2026-08-18;0593sp;SP46264;593;Картридж SP LC-970 M/LC-1000 M для Brother, пурпурный;Картриджи/Картриджи Brother/струйные brother;53.0
нет внешнего кода;sakura;Удаленный склад;sakura_2026-08-18_p11;2026-08-18;;SI3YM74AE;WrgA2-iRiQ7m5kc2YhUpc1;*Восстановленный* Струйный картридж Sakura 3YM74AE (№653 Tri-colour) для HP, триколор, 11 мл., 600 к.;Картриджи/Картриджи HP/струйные hp;100.0
нет внешнего кода;sakura;Удаленный склад;sakura_2026-08-18_p11;2026-08-18;;SI3YM75AE;jxnniDlTjSU3VAxukaVUj1;*Восстановленный* Струйный картридж Sakura 3YM75AE (№653 Black) для HP, черный, 11 мл., 600 к.;Картриджи/Картриджи HP/струйные hp;100.0
нет внешнего кода;sakura;Удаленный склад;sakura_2026-08-18_p12;2026-08-18;;SIC13T11174A10;sAhersjvgXqd1N5Q-uwRT2;Струйный картридж Sakura C13T11174A10 (T0817) для Epson, мультипак, 13,8 мл., 400 к.;Картриджи/Картриджи Epson/струйные epson;52.0
нет внешнего кода;sakura;Удаленный склад;sakura_2026-08-18_p12;2026-08-18;;SIC13T671600;ODyymXOViI--SYflInhHN2;Емкость для Epson C13T671600 (T6716/PXMB8);Картриджи/Картриджи Epson/струйные epson;72.0
нет внешнего кода;vtt;Удаленный склад;vtt_2026-08-18_p5;2026-08-18;;101131379;eA6V0xxki4a3RY2WFI02m3;Тонер-картридж Hi-Black (HB-C-EXV55 C) для Canon iR Adv C256/256i/356i/356P, C, 18К;;3.0
нет внешнего кода;vtt;Удаленный склад;vtt_2026-08-18_p5;2026-08-18;;101131380;rdoualDYhq92JchhNCxCb2;Тонер-картридж Hi-Black (HB-C-EXV55 M) для Canon iR Adv C256/256i/356i/356P, M, 18К;;3.0
нет внешнего кода;vtt;Удаленный склад;vtt_2026-08-18_p5;2026-08-18;;101131381;zDmDCGcyhyU6bohJY0i3C3;Тонер-картридж Hi-Black (HB-C-EXV55 Y) для Canon iR Adv C256/256i/356i/356P, Y, 18К;;3.0
нет внешнего кода;vtt;Удаленный склад;vtt_2026-08-18_p5;2026-08-18;;101131383;25awcFlLhQWWerMEGVtgN0;Тонер-картридж Hi-Black (HB-C-EXV50) для Canon iR1435/1435i/1435iF/1435P, 14K;;61.0
нет внешнего кода;vtt;Удаленный склад;vtt_2026-08-18_p1;2026-08-18;;104090960;GYrXsAbmjC9bM9us5fhnG3;Драм-юнит Hi-Black (HB-C-EXV18D) для Canon iR 1018/1020, 21K;;24.0
нет внешнего кода;vtt;Удаленный склад;vtt_2026-08-18_p1;2026-08-18;;150010115;jAN60HhNhJg9uHs-tT3421;Картридж Hi-Black (HB-Q6000A) для HP CLJ 1600/2600/2605, Восстановленный, Bk, 2,5K;;76.0
нет внешнего кода;vtt;Удаленный склад;vtt_2026-08-18_p1;2026-08-18;;150010116;hue8gA2Eik7SwZdwe2gFQ1;Картридж Hi-Black (HB-Q6003A) для HP CLJ 1600/2600/2605, Восстановленный, M, 2K;;68.0
нет внешнего кода;vtt;Удаленный склад;vtt_2026-08-18_p1;2026-08-18;;150010117;0lsTx4GfiUTW0az-b8UD81;Картридж Hi-Black (HB-Q6002A) для HP CLJ 1600/2600/2605, Восстановленный, Y, 2K;;65.0
нет внешнего кода;vtt;Удаленный склад;vtt_2026-08-18_p1;2026-08-18;;150010118;fGEQ2u5QgupaQVyLRYIVk0;Картридж Hi-Black (HB-Q6001A) для HP CLJ 1600/2600/2605, Восстановленный, C, 2K;;65.0
нет внешнего кода;vtt;Удаленный склад;vtt_2026-08-18_p12;2026-08-18;;161011;kGChbsRhjK93474J076e-1;Лента Hi-Black для матричного картриджа (мебиус левый) STD, Bk, 12,7мм/7м;;103.0
нет внешнего кода;vtt;Удаленный склад;vtt_2026-08-18_p1;2026-08-18;;2011039010;RTeiF72Fi57xk3pXukz-Z1;Картридж Hi-Black (HB-Q6470A) для HP CLJ 3600/3800/CP3505 Универс., Восстанов., Bk, 6K;;27.0
нет внешнего кода;vtt;Удаленный склад;vtt_2026-08-18_p1;2026-08-18;;2011039013;gvp9XNcKisjcBA-vJWfF03;Картридж Hi-Black (HB-Q6473A) для HP CLJ 3600, Восстановленный, M, 4K;;23.0
нет внешнего кода;vtt;Удаленный склад;vtt_2026-08-18_p1;2026-08-18;;220095911;oKfZ8R4sjV4Ujy6izb3Io3;Драм-юнит Hi-Black (HB-44574302) для OKI B411/412/431/512/MB461/471/472/491/492/562, 25K;;435.0
нет внешнего кода;vtt;Удаленный склад;vtt_2026-08-18_p1;2026-08-18;;2200959296;ViE0EjCjjw-55Gn8bri8p3;Драм-юнит Hi-Black (HB-№049) для Canon i-SENSYS LBP112w/113w/MF112/113w, 12K;;229.0
нет внешнего кода;vtt;Удаленный склад;vtt_2026-08-18_p5;2026-08-18;;220095931;v8Ey2AImhZUAtcSSSCmqy1;Тонер-картридж Hi-Black (HB-44315323/44315307) для OKI C610, C, 6K;;18.0
нет внешнего кода;vtt;Удаленный склад;vtt_2026-08-18_p5;2026-08-18;;220095954;qr6WsrO6g0ymMl2793ryJ3;Тонер-картридж Hi-Black (HB-45862852) для OKI MC853/873, Восстановленный, Bk, 7К;;20.0
нет внешнего кода;vtt;Удаленный склад;vtt_2026-08-18_p5;2026-08-18;;220095955;4nxh4utKiIfFcO2DKdGz52;Тонер-картридж Hi-Black (HB-45862851) для OKI MC853/873, Восстановленный, C, 7,3К;;35.0
нет внешнего кода;vtt;Удаленный склад;vtt_2026-08-18_p5;2026-08-18;;220095956;qf-fWYGNhBgdvTya0T9qP1;Тонер-картридж Hi-Black (HB-45862850) для OKI MC853/873, Восстановленный, M, 7,3К;;46.0
нет внешнего кода;vtt;Удаленный склад;vtt_2026-08-18_p5;2026-08-18;;220095957;6b0yHSqLiZQ7Het-RgPWP1;Тонер-картридж Hi-Black (HB-45862849) для OKI MC853/873, Восстановленный, Y, 7,3К;;35.0
нет внешнего кода;vtt;Удаленный склад;vtt_2026-08-18_p2;2026-08-18;;309600;rdZXI8abh4WiI24VkLjth2;Картридж NetProduct (N-CF214X) для HP LJ Pro 700 M712n/dn/xh/M715/M725dn, 17,5K;;187.0
нет внешнего кода;vtt;Удаленный склад;vtt_2026-08-18_p6;2026-08-18;;4100603236;A0QJxFaai06SsS3rA5tAT3;Тонер-картридж NetProduct (N-TK-5140M) для Kyocera ECOSYS M6030cdn/M6530cdn, M, 5K;;4.0
нет внешнего кода;vtt;Удаленный склад;vtt_2026-08-18_p2;2026-08-18;;4629751;YvgSvgomjD28pVuy9qxTE0;Картридж Hi-Black (HB-CE271A) для HP CLJ CP5520/5525/Enterprise M750, Восстанов, C, 15K;;57.0
нет внешнего кода;vtt;Удаленный склад;vtt_2026-08-18_p2;2026-08-18;;4629754;08MAG-RNhhnBY758Nfeym2;Картридж Hi-Black (HB-CE340A) для HP CLJ Enterprise MFP M775dn/775f/775z, №651A, Восстан, Bk, 13,5K;;256.0
нет внешнего кода;vtt;Удаленный склад;vtt_2026-08-18_p2;2026-08-18;;4629755;j4fLVo3GisfvDDDndK8yw1;Картридж Hi-Black (HB-CE341A) для HP CLJ Enterprise MFP M775dn/775f/775z, №651A, Восстан, C, 16K;;63.0
нет внешнего кода;vtt;Удаленный склад;vtt_2026-08-18_p2;2026-08-18;;4629756;nx7B-nJrjkCYGT7jBeRLD0;Картридж Hi-Black (HB-CE343A) для HP CLJ Enterprise MFP M775dn/775f/775z, №651A, Восстан, M, 16K;;69.0
нет внешнего кода;vtt;Удаленный склад;vtt_2026-08-18_p2;2026-08-18;;4629757;Rs6RuoJxhUTKMMpFCIT6L3;Картридж Hi-Black (HB-CE342A) для HP CLJ Enterprise MFP M775dn/775f/775z, №651A, Восстан, Y, 16K;;66.0
нет внешнего кода;vtt;Удаленный склад;vtt_2026-08-18_p6;2026-08-18;;703030;0mH-e-iYjaoQ5Vw2pkaOJ2;Тонер-картридж Hi-Black (HB-106R01604) для Xerox Phaser 6500/WC 6505, Bk, 3K;;106.0
нет внешнего кода;vtt;Удаленный склад;vtt_2026-08-18_p6;2026-08-18;;797026755;n3h10SZ8iiMDr36ijXzzi2;Тонер-картридж Hi-Black (HB-006R04369) для Xerox C310/C315, C, 5,5K;;155.0
нет внешнего кода;vtt;Удаленный склад;vtt_2026-08-18_p6;2026-08-18;;797026756;uwjljEQsjA7hi-OEnRUdt3;Тонер-картридж Hi-Black (HB-006R04370) для Xerox C310/C315, M, 5,5K;;155.0
нет внешнего кода;vtt;Удаленный склад;vtt_2026-08-18_p6;2026-08-18;;797026757;0g9-WL-5hQWyuvtsK-QSX3;Тонер-картридж Hi-Black (HB-006R04371) для Xerox C310/C315, Y, 5,5K;;143.0
нет внешнего кода;vtt;Удаленный склад;vtt_2026-08-18_p1;2026-08-18;;80112;JTFfxLiljwbKrSMs9ouHj2;Драм-юнит Hi-Black (HB-W1104A) для HP Neverstop Laser 1000a/1000w/1200a/1200w, 20K;;357.0
нет внешнего кода;vtt;Удаленный склад;vtt_2026-08-18_p1;2026-08-18;;93927242;Lp-CqFjVhK5yMyfsqxUeO2;Драм-юнит NetProduct (N-№049) для Canon i-SENSYS LBP112w/113w/MF112/113w, 12K;;94.0
нет внешнего кода;vtt;Удаленный склад;vtt_2026-08-18_p2;2026-08-18;;96001057;xFsakUcNhLV7hYw80553Q3;Картридж Hi-Black (HB-ML-D3050B) для Samsung ML-3050/3051N/ND, 8K;;8.0
нет внешнего кода;vtt;Удаленный склад;vtt_2026-08-18_p7;2026-08-18;;970850;5KZ6VFBBgutimi0Q29X4c3;Тонер-картридж NetProduct (N-T-2450E) для Toshiba e-Studio 195/223/225/243/245, 24K;;3.0
нет внешнего кода;vtt;Удаленный склад;vtt_2026-08-18_p1;2026-08-18;;980109120;aQlXeYe7iIfEg2hPNoSVo3;Драм-юнит Hi-Black (HB-KX-FAD412A) для Panasonic KX-MB1900/2000/2020/2030/2051/2061, 6K;;162.0
нет внешнего кода;vtt;Удаленный склад;vtt_2026-08-18_p1;2026-08-18;;9801091200;BYD5I6QLixXiA37T4wCAe2;Драм-юнит NetProduct (N-KX-FAD412A) для Panasonic KX-MB1900/2000/2020/2030/2051, 10K;;239.0
нет внешнего кода;vtt;Удаленный склад;vtt_2026-08-18_p2;2026-08-18;;9805201040;82D8SbvaiudSHWBS6F8E61;Картридж NetProduct (N-MLT-D203E) для Samsung SL-M3820/3870/4020/4070, 10K (новая прошивка);;463.0
нет внешнего кода;vtt;Удаленный склад;vtt_2026-08-18_p7;2026-08-18;;98052090122;AmR7SrQdi3lEaIPuHcctR1;Тонер-картридж Hi-Black (HB-106R01272) для Xerox Phaser 6110, M, 1K;;26.0
нет внешнего кода;vtt;Удаленный склад;vtt_2026-08-18_p1;2026-08-18;;984002211;YumeaZYhgDa3rtY4LvGjM1;Драм-юнит Hi-Black (HB-DR-1095) для Brother HL-1202/DCP1602, 10K;;479.0
нет внешнего кода;vtt;Удаленный склад;vtt_2026-08-18_p1;2026-08-18;;984002213;Su9qYPIrgXum9YT-Etkxt2;Драм-юнит NetProduct (N-DR-1095) для Brother HL-1202/DCP1602, 10K;;270.0
нет внешнего кода;vtt;Удаленный склад;vtt_2026-08-18_p1;2026-08-18;;98402327;JaJ1kfkihXq97FPbqipWb0;Драм-юнит Hi-Black (HB-DR-2080) для Brother HL-2130R/DCP-7055WR, 12K;;203.0
нет внешнего кода;vtt;Удаленный склад;vtt_2026-08-18_p1;2026-08-18;;984023270;KFG6TwR1hawsvxeSUC0sp0;Драм-юнит NetProduct (N-DR-2080) для Brother HL-2130R/DCP-7055WR, 12K;;336.0
нет внешнего кода;vtt;Удаленный склад;vtt_2026-08-18_p1;2026-08-18;;9840237;Gs1fGlkJjakajpQFburRm2;Драм-юнит Hi-Black (HB-DR-2075) для Brother HL-2030/2040/2070/ DCP-7010/7420/7820, 12K;;214.0
нет внешнего кода;vtt;Удаленный склад;vtt_2026-08-18_p1;2026-08-18;;98402370;iOv957-7i3970yd6znrEa2;Драм-юнит NetProduct (N-DR-2075) для Brother HL-2030/2040/2070/ DCP-7010/7420/7820, 12K;;377.0
нет внешнего кода;vtt;Удаленный склад;vtt_2026-08-18_p1;2026-08-18;;9840240;rNFcgcjWjnNSuH99vscSo2;Драм-юнит Hi-Black (HB-DR-2175) для Brother HL-2140/2150/2170/7030/7040, 12K;;353.0
нет внешнего кода;vtt;Удаленный склад;vtt_2026-08-18_p1;2026-08-18;;984271031;vZU0KB3DjeMGJgQfWZXsd0;Драм-юнит Hi-Black (HB-E260X22G) для Lexmark E260/E360/E460, 30K;;8.0
нет внешнего кода;vtt;Удаленный склад;vtt_2026-08-18_p1;2026-08-18;;9842710310;7B5SYMQhj9PWula7EEy610;Драм-юнит NetProduct (N-E260X22G) для Lexmark E260/E360/E460, 30K;;11.0
нет внешнего кода;vtt;Удаленный склад;vtt_2026-08-18_p7;2026-08-18;;989030605;IUXKbNNwgftPlwBIGXbkl2;Тонер-картридж Hi-Black (HB-AR016LT) для Sharp AR-5015/5120/5320/5316, 9К;;28.0
нет внешнего кода;vtt;Удаленный склад;vtt_2026-08-18_p1;2026-08-18;;989560009;F147rOo3gl03Vn8slaHGK2;Драм-юнит Hi-Black (HB-DR-3100) для Brother HL-5240/5250/5270DN/5340D/5350DN/8370DN, 25K;;15.0
нет внешнего кода;vtt;Удаленный склад;vtt_2026-08-18_p1;2026-08-18;;9895601000;EqE2CsMDhHawXRUvVVCYW3;Драм-юнит NetProduct (N-DR-3300) для Brother HL-5440D/5445D/5450DN/6180DW/DCP-8110DN, 30K;;59.0
нет внешнего кода;vtt;Удаленный склад;vtt_2026-08-18_p3;2026-08-18;;98956310061;-Nahg-yuhfaiH5DYth0hq1;Картридж Hi-Black (HB-106R01412) для Xerox Phaser 3300, 8K;;86.0
нет внешнего кода;vtt;Удаленный склад;vtt_2026-08-18_p7;2026-08-18;;98956310340;xB4m6Ur0gjZoUwy3Gmi2X1;Тонер-картридж Hi-Black (HB-106R01338/106R01334) для Xerox Phaser 6125, Восстанов., Bk, 2K;;7.0
нет внешнего кода;vtt;Удаленный склад;vtt_2026-08-18_p7;2026-08-18;;98956310343;KSGynQosgcmH9OeWtzFyM3;Тонер-картридж Hi-Black (HB-106R01336/106R01332) для Xerox Phaser 6125, Восстанов., M, 1K;;9.0
нет внешнего кода;vtt;Удаленный склад;vtt_2026-08-18_p7;2026-08-18;;98960700145;JV02Y9TViW9jU1unbmgXm2;Тонер-картридж Hi-Black (HB-TK-8305C) для Kyocera TASKalfa 3050ci/3051/3550, C, 15K;;26.0
нет внешнего кода;vtt;Удаленный склад;vtt_2026-08-18_p7;2026-08-18;;98960700166;bbAe2R9AhPehqS84liGhR3;Тонер-картридж Hi-Black (HB-TK-8505M) для Kyocera TASKalfa 4550ci/4551/5550, M, 20K;;14.0
нет внешнего кода;vtt;Удаленный склад;vtt_2026-08-18_p7;2026-08-18;;98960700167;0nCUWBNjjPVLNLItrJu7S1;Тонер-картридж Hi-Black (HB-TK-8505Y) для Kyocera TASKalfa 4550ci/4551/5550, Y, 20K;;17.0
нет внешнего кода;vtt;Удаленный склад;vtt_2026-08-18_p8;2026-08-18;;9896923;lXDYTZW8ijic5QIy4ATOS1;Тонер-картридж Hi-Black (HB-SPC352E Y) для Ricoh Aficio SP C352DN, Y, 6,5K;;4.0
нет внешнего кода;vtt;Удаленный склад;vtt_2026-08-18_p8;2026-08-18;;9896974;VxqqHVlXidPoNjyCgARCd0;Тонер-картридж Hi-Black (HB-TN-328K) для Konica-Minolta bizhub C250i/C300i/C360i, Bk, 28К;;21.0
нет внешнего кода;vtt;Удаленный склад;vtt_2026-08-18_p8;2026-08-18;;9896977;pqjst477jhnZq3ByoWTex1;Тонер-картридж Hi-Black (HB-TN-328Y) для Konica-Minolta bizhub C250i/C300i/C360i, Y, 28К;;11.0
нет внешнего кода;vtt;Удаленный склад;vtt_2026-08-18_p8;2026-08-18;;98970234;yoFONl5Qggf5M1BHuj4nv0;Тонер-картридж Hi-Black (HB-TN-227K) для Konica-Minolta bizhub C257i, Bk, 24K;;28.0
нет внешнего кода;vtt;Удаленный склад;vtt_2026-08-18_p1;2026-08-18;;98970238;EKsJ0USngA-zbbAqgcj1M3;Драм-юнит Hi-Black (HB-101R00554) для Xerox VersaLink B400/405, 65К;;219.0
нет внешнего кода;vtt;Удаленный склад;vtt_2026-08-18_p1;2026-08-18;;98971458;K5XAMzLVi6Qo3xe94n-lJ0;Драм-юнит Hi-Black (HB-DL-425X) для Pantum P3305DN/P3305DW/M7105, 25К;;6.0
нет внешнего кода;vtt;Удаленный склад;vtt_2026-08-18_p1;2026-08-18;;9897148;Id7UDW7ngX2B7QVpB2bL43;Драм-юнит NetProduct (N-101R00435) для Xerox WorkCentre 5222/5225/5230/pro 5225, Восст., 80К;;24.0
нет внешнего кода;vtt;Удаленный склад;vtt_2026-08-18_p1;2026-08-18;;9897149;MLei-7gTg0uIpyP2ir84N1;Драм-юнит NetProduct (N-013R00670) для Xerox WorkCentre 5019/5021/5022/5024, 80К;;19.0
нет внешнего кода;vtt;Удаленный склад;vtt_2026-08-18_p1;2026-08-18;;9897151;MF-r516OjSxyvbg7MMJ0C0;Драм-юнит NetProduct (N-DK-3130) для Kyocera FS-4100DN/4200DN, Восстановленный, 500К;;23.0
нет внешнего кода;vtt;Удаленный склад;vtt_2026-08-18_p1;2026-08-18;;9897164;zz6o2hMdixHKEnbmnMtIc0;Драм-юнит Hi-Black (HB-DK-3170) для Kyocera P3045dn/M3145dn/M3645dn, Восстановленный, 300К;;10.0
нет внешнего кода;vtt;Удаленный склад;vtt_2026-08-18_p1;2026-08-18;;9897218;lqozowgyhfpjLd63fQmmJ1;Драм-юнит Hi-Black (HB-013R00662) для Xerox WC 7525/7530/7535/7545/7556/7830/7835, 125K;;180.0
нет внешнего кода;vtt;Удаленный склад;vtt_2026-08-18_p8;2026-08-18;;9897219;9X7No0pShWFHZM5crYk8q3;Тонер-картридж Hi-Black (HB-W9014MC) для HP LJ MFP E82540/E82550/E82560, 69K;;14.0
нет внешнего кода;vtt;Удаленный склад;vtt_2026-08-18_p8;2026-08-18;;989999183080;MwMSHCMzjuM5MYnUs0Xjy1;Тонер-картридж NetProduct (N-106R01631) для Xerox Phaser 6000/6010/WC6015, C, 1K;;394.0
нет внешнего кода;vtt;Удаленный склад;vtt_2026-08-18_p8;2026-08-18;;9899991977;9bcwDe5ugaAF72CQiFBBB3;Тонер-картридж Hi-Black (HB-106R03396) для Xerox VersaLink B7025/B7030/B7035, 31K;;331.0
нет внешнего кода;vtt;Удаленный склад;vtt_2026-08-18_p9;2026-08-18;;9911302840;7L0W0c9-jEbyIRCbJ9aJ91;Тонер-картридж NetProduct (N-TN-116/TN-118) для Konica Minolta Bizhub 164, 5,5K;;80.0
нет внешнего кода;vtt;Удаленный склад;vtt_2026-08-18_p9;2026-08-18;;99620040;FsKhs-gyiUWqhli3TyVjC0;Тонер-картридж Hi-Black (HB-CB380A/CB390A) для HP CLJ CP6015dn/CM6030, Bk, 16,5K/19,5K;;7.0
нет внешнего кода;vtt;Удаленный склад;vtt_2026-08-18_p9;2026-08-18;;99620050;v0kB7bcyigKkbe6iB9ODk3;Тонер-картридж Hi-Black (HB-CB381A) для HP CLJ CP6015dn/CM6030/6040MFP, Восстанов, C, 21K;;5.0
нет внешнего кода;vtt;Удаленный склад;vtt_2026-08-18_p9;2026-08-18;;99620060;lVMEuiDcg2saKpjTEhfNp2;Тонер-картридж Hi-Black (HB-CB382A) для HP CLJ CP6015dn/CM6030/6040MFP, Восстанов, Y, 21K;;6.0
нет внешнего кода;vtt;Удаленный склад;vtt_2026-08-18_p9;2026-08-18;;99620070;sjchLUgsimd-754uBA0C93;Тонер-картридж Hi-Black (HB-CB383A) для HP CLJ CP6015dn/CM6030/6040MFP, Восстанов, M, 21K;;6.0
нет внешнего кода;vtt;Удаленный склад;vtt_2026-08-18_p1;2026-08-18;;99690866;AzYzewCZjXa0tvWilItbj2;Драм-юнит Hi-Black (HB-C-EXV14D/NPG-28/GPR-18) для Canon iR 2016/2020/2320, 45K;;93.0
нет внешнего кода;vtt;Удаленный склад;vtt_2026-08-18_p1;2026-08-18;;996908660;Fynsvhhji6oxCD2wK5iUy3;Драм-юнит NetProduct (N-C-EXV14D/NPG-28/GPR-18) для Canon iR 2016/2020/2320, 45K;;64.0
нет внешнего кода;vtt;Удаленный склад;vtt_2026-08-18_p1;2026-08-18;;99690867;9cPlL8ZThh8iGRNqRohQW3;Драм-юнит Hi-Black (HB-C-EXV32/33D) для Canon iR 2520/25/35/45, 70K;;4.0
нет внешнего кода;vtt;Удаленный склад;vtt_2026-08-18_p4;2026-08-18;;997015911;hqyyWYmOj17K3ohmWyAUc2;Картридж Hi-Black (HB-CE250X) для HP CLJ CP3525/CM3530, Восстановленный, Bk, 10,5K;;15.0
нет внешнего кода;vtt;Удаленный склад;vtt_2026-08-18_p4;2026-08-18;;9970159111;BwScTcP1gCl8wejcY3vw80;Картридж NetProduct (N-CE251A) для HP CLJ CP3525/CM3530, Восстановленный, C, 7K;;9.0
нет внешнего кода;vtt;Удаленный склад;vtt_2026-08-18_p4;2026-08-18;;9970159112;K0J-yzvLidcXnvHsG2IZo3;Картридж NetProduct (N-CE252A) для HP CLJ CP3525/CM3530, Восстановленный, Y, 7K;;14.0
нет внешнего кода;vtt;Удаленный склад;vtt_2026-08-18_p4;2026-08-18;;997015912;Hf18Mplthe95lsdAa-kVY1;Картридж Hi-Black (HB-CE251A) для HP CLJ CP3525/CM3530, Восстановленный, C, 7K;;18.0
нет внешнего кода;vtt;Удаленный склад;vtt_2026-08-18_p4;2026-08-18;;997015913;I5IDuXMphY-gZvyAEuIOt0;Картридж Hi-Black (HB-CE252A) для HP CLJ CP3525/CM3530, Восстановленный, Y, 7K;;17.0
нет внешнего кода;vtt;Удаленный склад;vtt_2026-08-18_p4;2026-08-18;;997015914;IHii9xGGj1ripSy34ywcJ0;Картридж Hi-Black (HB-CE253A) для HP CLJ CP3525/CM3530, Восстановленный, M, 7K;;15.0
нет внешнего кода;vtt;Удаленный склад;vtt_2026-08-18_p1;2026-08-18;;9970159550;-xvfL6uniO5znmS8xulJ93;Драм-юнит NetProduct (N-CE314A) для HP CLJ CP1025/CP1025nw/M175/176/177/275, 14K/7K;;197.0
нет внешнего кода;vtt;Удаленный склад;vtt_2026-08-18_p4;2026-08-18;;997015958;xw3kTkaohA3Vo9OoseLQ73;Картридж Hi-Black (HB-CE260X) для HP CLJ CP4025/4525, Восстановленный, Bk, 17K;;80.0
нет внешнего кода;vtt;Удаленный склад;vtt_2026-08-18_p4;2026-08-18;;9970159580;Yus4va5DiMOTQEw7Yyj3s0;Картридж Hi-Black (HB-CE262A) для HP CLJ CP4025/4525, Восстановленный, Y, 11K;;126.0
нет внешнего кода;vtt;Удаленный склад;vtt_2026-08-18_p4;2026-08-18;;9970159581;-w0HF9lkgzap2EKpmiSj20;Картридж Hi-Black (HB-CE263A) для HP CLJ CP4025/4525, Восстановленный, M, 11K;;41.0
нет внешнего кода;vtt;Удаленный склад;vtt_2026-08-18_p4;2026-08-18;;997015959;9X0HNNdljTGEjhdAxRq-61;Картридж Hi-Black (HB-CE261A) для HP CLJ CP4025/4525, Восстановленный, C, 11K;;128.0
нет внешнего кода;vtt;Удаленный склад;vtt_2026-08-18_p4;2026-08-18;;9970159590;XgsQawJghxLdvAbzIC4TU1;Картридж NetProduct (N-CE260X) для HP CLJ CP4025/4525, Восстановленный, Bk, 17K;;20.0
нет внешнего кода;vtt;Удаленный склад;vtt_2026-08-18_p4;2026-08-18;;9970159591;Bsfn5rAXhdT4le47Avald2;Картридж NetProduct (N-CE261A) для HP CLJ CP4025/4525, Восстановленный, C, 11K;;19.0
нет внешнего кода;vtt;Удаленный склад;vtt_2026-08-18_p4;2026-08-18;;9970159592;GtibGaD8hrNEKtttPItY40;Картридж NetProduct (N-CE263A) для HP CLJ CP4025/4525, Восстановленный, M, 11K;;18.0
нет внешнего кода;vtt;Удаленный склад;vtt_2026-08-18_p4;2026-08-18;;9970159593;lVppJUSFjjxHXgCy9U3j82;Картридж NetProduct (N-CE262A) для HP CLJ CP4025/4525, Восстановленный, Y, 11K;;19.0
нет внешнего кода;vtt;Удаленный склад;vtt_2026-08-18_p4;2026-08-18;;999010044;dqYNs2wGhfZ7mNOvyfc4P2;Картридж Hi-Black (HB-CF330X) для HP CLJ M651n/651dn/651xh, №654X, Восстанов., Bk, 20,5K;;18.0
нет внешнего кода;vtt;Удаленный склад;vtt_2026-08-18_p9;2026-08-18;;CF289X;fYHaY3LriRg3A7dZaDWmN1;Тонер-картридж 89X для HP LJ M507/MFP M528, 10К чёрный CF289X;Оригинальные картриджи/Картриджи лазерные HP;12.0
нет внешнего кода;vtt;Удаленный склад;vtt_2026-08-18_p9;2026-08-18;;W1103AD;51j9-Ye4gQjbTWVvzRh8k3;Заправочный комплект тонера 103AD HP Neverstop Laser 1000a/1000w/1200a/1200w, 2X2,5К W1103AD;;102.0
нет внешнего кода;· ручные документы;Кантемировская;00001-00001;2023-03-29;;1559-1;nicQrbu4iQnWf3l8qr2Mq0;Картридж bci-6 iM (красный)  CT;Картриджи/Картриджи Canon/струйные canon;1.0
нет внешнего кода;· ручные документы;Кантемировская;00007-00001;2023-10-17;1609712-SALE;1609712-SALE;YIGM0ScggtXMsmOSRoAbK3;*УЦЕНКА* Доска магнитно-маркерная Buro лак 90x120см алюминиевая рама лоток для аксессуаров;;1.0
нет внешнего кода;· ручные документы;Кантемировская;00026-00002;2018-09-14;;162х229;JpInfKCgiDihLCj3WcIV02;Почтовый пакет 162х229;Упаковка;68.0
нет внешнего кода;· ручные документы;Кантемировская;00004-00001;2020-04-10;;229х324;1-PYJmTOiis83G8JUncEu2;Почтовый пакет 229х324;Упаковка;17.0
нет внешнего кода;· ручные документы;Кантемировская;00026-00002;2018-09-14;;229х324;1-PYJmTOiis83G8JUncEu2;Почтовый пакет 229х324;Упаковка;92.0
нет внешнего кода;· ручные документы;Кантемировская;00026-00002;2018-09-14;;360х500;dmPqk40Vi76jnbuyPKueD2;Почтовый пакет 360х500;Упаковка;92.0
нет внешнего кода;· ручные документы;Кантемировская;00026-00002;2018-09-14;;500х545;0kgtpNVvgce2ADrGGkTh11;Почтовый пакет 500х545;Упаковка;44.0
нет внешнего кода;· ручные документы;Кантемировская;00010-00015;2020-08-24;1231-or;LC567XLBK;vkNCIDSti1nyEACEY7MPi0;Картридж BROTHER LC567XLBK черный;Оригинальные картриджи/Картриджи струйные Brother;1.0
нет внешнего кода;· ручные документы;Кантемировская;02743455-0212-1;2023-08-23;LIN-1054374;LIN-1054374-SALE;UbBhR2xzg5PGN8cUxpdS62;*УЦЕНКА* Триммер бензиновый Patriot PT 443 The One (1+1) 1840Вт 2.5л.с. неразборная штанга, леска/нож;;1.0
нет внешнего кода;· ручные документы;Кантемировская;02743455-0212-1;2023-08-23;LIN-1133841;LIN-1133841-SALE;qDr6Z6g3j6Ec1LDKksg6i3;*УЦЕНКА* Кусторез/ножницы для травы Gardena ClassicCutаккум. (в компл.:телескопич.рук.) (09855-20.000.00), царапины на ноже;;1.0
нет внешнего кода;· ручные документы;Кантемировская;00007-00001;2024-04-24;;;hO9rotqMiAfWJvVjS0Ifo1;*Нет в наличии* Картридж HP C8727  № 27 black SuperFine;Картриджи/Картриджи HP/струйные hp;2.0
нет внешнего кода;· ручные документы;Кантемировская;00004-00001;2020-04-10;;;YWn5v-THhdfWGX665OT4H1;Крафт пакет бурый с плоской ручкой 24*14*28;Упаковка;21.0
нет внешнего кода;· ручные документы;Кантемировская;00004-00001;2020-04-10;;;oeBsjM8dgSYrPUUUD7YIc3;Крафт пакет бурый с плоской ручкой 37*32*20;Упаковка;19.0
нет внешнего кода;· ручные документы;Кантемировская;00002-00048 (2)47;2023-05-05;9999mrv;;9999mrv;Монитор жидкокристаллический NEC Multisync E241N-BK 23.8;;1.0
нет внешнего кода;· ручные документы;Кантемировская;00050-00002;2018-10-15;;;0w77RYVygBXakVG5Oupxy2;Пленка стретч многослойная UNIBOB 450ммх140м 17мкм 1кг;Упаковка;40.0
нет внешнего кода;· ручные документы;Кантемировская;00004-00001;2020-04-10;;;aiE6EL6SjFwC3hsaHWTed0;Скотч;Упаковка;47.0
нет внешнего кода;· ручные документы;Кантемировская;00025-00002;2018-08-30;;;aiE6EL6SjFwC3hsaHWTed0;Скотч;Упаковка;26.0
нет внешнего кода;· ручные документы;Кантемировская;071025;2024-10-07;;;VK3SOmb1jWFuMXsQJAJhE0;Чип для картриджа;Чипы;1.0
нет внешнего кода;· ручные документы;Кантемировская;00002-00071;2022-02-25;;;VK3SOmb1jWFuMXsQJAJhE0;Чип для картриджа;Чипы;2.0
нет внешнего кода;· ручные документы;Кантемировская;00009-00002;2022-09-29;;;VK3SOmb1jWFuMXsQJAJhE0;Чип для картриджа;Чипы;1.0
нет внешнего кода;· ручные документы;Кантемировская;00009-00003;2022-09-30;;;VK3SOmb1jWFuMXsQJAJhE0;Чип для картриджа;Чипы;3.0
нет внешнего кода;· ручные документы;Кантемировская;00004-00002 (2)17;2022-05-31;;;VK3SOmb1jWFuMXsQJAJhE0;Чип для картриджа;Чипы;1.0
нет внешнего кода;· ручные документы;Кантемировская;00006-00016;2022-07-05;;;VK3SOmb1jWFuMXsQJAJhE0;Чип для картриджа;Чипы;1.0
нет внешнего кода;· ручные документы;Кантемировская;00006 (2)61;2022-01-28;;;VK3SOmb1jWFuMXsQJAJhE0;Чип для картриджа;Чипы;1.0
нет внешнего кода;· ручные документы;Кантемировская;00002-00163;2022-04-13;;;VK3SOmb1jWFuMXsQJAJhE0;Чип для картриджа;Чипы;1.0
нет внешнего кода;· ручные документы;Кантемировская;00007-00003;2022-08-18;;;VK3SOmb1jWFuMXsQJAJhE0;Чип для картриджа;Чипы;1.0
нет внешнего кода;· ручные документы;Кантемировская;00040-00002;2019-12-24;;Oki B410/430;FHg5N5Sfg2gmLzjyHdARn3;Чип Oki B410/430;Чипы;1.0
нет внешнего кода;· ручные документы;Кантемировская;060525;2024-05-06;wb1gs9v2t8;wb1gs9v2t8;wb1gs9v2t8;Браслет из розового золото с пером;;1.0
нет внешнего кода;· ручные документы;Кантемировская;060525;2024-05-06;wb1tifh84c;wb1tifh84c;wb1tifh84c;Серебряный браслет шарики с сердцем;;2.0
нет внешнего кода;· ручные документы;Кантемировская;060525;2024-05-06;wb1xoxddpc;wb1xoxddpc;wb1xoxddpc;Браслет цепочка с кольцами;;2.0
нет внешнего кода;· ручные документы;Кантемировская;060525;2024-05-06;wb2co03s8w;wb2co03s8w;wb2co03s8w;Серьги кольца (хупы) с натуральными камнями;;1.0
нет внешнего кода;· ручные документы;Кантемировская;060525;2024-05-06;wb2voro23g;wb2voro23g;wb2voro23g;Винтажное ожерелье с сердцем на цепочке Box Chain;;1.0
нет внешнего кода;· ручные документы;Кантемировская;060525;2024-05-06;wb492kn4fw;wb492kn4fw;wb492kn4fw;Треугольные серьги-кольца;;1.0
нет внешнего кода;· ручные документы;Кантемировская;060525;2024-05-06;wb4mhhiymk;wb4mhhiymk;wb4mhhiymk;Браслет из натурального жемчуга и лазурита с сердцем;;2.0
нет внешнего кода;· ручные документы;Кантемировская;060525;2024-05-06;wb4ze8omy8;wb4ze8omy8;wb4ze8omy8;Браслет из ракушек каури;;1.0
нет внешнего кода;· ручные документы;Кантемировская;060525;2024-05-06;wb5f74e0k4;wb5f74e0k4;wb5f74e0k4;Браслет из кораллов со спиралью;;1.0
нет внешнего кода;· ручные документы;Кантемировская;060525;2024-05-06;wb5z1skws;wb5z1skws;wb5z1skws;"Браслет из натурального агата со знаком ""Peace""";;3.0
нет внешнего кода;· ручные документы;Кантемировская;060525;2024-05-06;wb693sft90;wb693sft90;wb693sft90;"Браслет из белого агата ""Рука Фатимы""";;1.0
нет внешнего кода;· ручные документы;Кантемировская;060525;2024-05-06;wb6ao3okck;wb6ao3okck;wb6ao3okck;Макраме браслет с аметистом;;1.0
нет внешнего кода;· ручные документы;Кантемировская;060525;2024-05-06;wb6oydgmao;wb6oydgmao;wb6oydgmao;Браслет из розового агата;;1.0
нет внешнего кода;· ручные документы;Кантемировская;060525;2024-05-06;wb72f09je8;wb72f09je8;wb72f09je8;Браслет розовое серебро;;1.0
нет внешнего кода;· ручные документы;Кантемировская;060525;2024-05-06;wb7bp28uro;wb7bp28uro;wb7bp28uro;Кожаный браслет-шнурок серебряными бусинами;;1.0
нет внешнего кода;· ручные документы;Кантемировская;060525;2024-05-06;wb7k8mfylc;wb7k8mfylc;wb7k8mfylc;Браслет из черного агата и деревом жизни;;1.0
нет внешнего кода;· ручные документы;Кантемировская;060525;2024-05-06;wbn3zjc5c;wbn3zjc5c;wbn3zjc5c;Серьги люстры с натуральным жемчугом;;1.0
нет внешнего кода;· ручные документы;Кантемировская;060525;2024-05-06;wbnsrh1as;wbnsrh1as;wbnsrh1as;Браслет из натурального жемчуга с бесконечностью;;1.0
нет внешнего кода + карточка в архиве;bulat;Кантемировская;bulat_2025-04-22_p26;2025-04-22;;;WTzL4-8Wg-NQzcM3pGtHH1;Картридж для HP W1490X HP LJ Pro 4002/4102 9.5K ЧИП БезЛИМИТ White Box (Совместимый);Картриджи/Картриджи HP;1.0
нет внешнего кода + карточка в архиве;· ручные документы;Кантемировская;38366610-0087-1;2023-09-06;LIN-1123275-SALE;LIN-1123275-SALE;LIN-1123275-SALE;*УЦЕНКА* Вытяжка козырьковая Lex S 500 IX нержавеющая сталь управление: кнопочное (1 мотор);;1.0
нет внешнего кода + карточка в архиве;· ручные документы;Кантемировская;00007-00001;2022-08-18;MRV-EDA50-HB-R;MRV-EDA50-HB-R;MRV-EDA50-HB-R;Зарядное устройство HONEYWELL EDA50-HB-R;;1.0
нет внешнего кода + карточка в архиве;· ручные документы;Звездный;25032026;2026-03-25;;;5XqBPel8gWtQNOAWJ11hz3;$_СРОЧНО Фотобарабан Sakura PCM130 для принтера Катюша (Katusha) P130/M130, черный, 30000к.;Картриджи/Картриджи Катюша;5.0
нет внешнего кода + карточка в архиве;· ручные документы;Кантемировская;00007-00015;2020-07-03;;;AvNgRnypiDVfAI3GBL0y81;* Восстановленный картридж F6V19AE (№123XL) BK AT;Картриджи/Картриджи HP/струйные hp;5.0
нет внешнего кода + карточка в архиве;· ручные документы;Кантемировская;00027-00001;2019-05-30;0137ct;;bYgYOP7MjUnukhtKI4rj71;*Не продаем* Картридж CLI-8 magenta CT без чипа;Картриджи/Картриджи Canon/струйные canon;1.0
нет внешнего кода + карточка в архиве;· ручные документы;Кантемировская;00039-00001;2018-11-02;0137ct;;bYgYOP7MjUnukhtKI4rj71;*Не продаем* Картридж CLI-8 magenta CT без чипа;Картриджи/Картриджи Canon/струйные canon;1.0
нет внешнего кода + карточка в архиве;· ручные документы;Кантемировская;00002-00001;2018-01-20;0137ct;;bYgYOP7MjUnukhtKI4rj71;*Не продаем* Картридж CLI-8 magenta CT без чипа;Картриджи/Картриджи Canon/струйные canon;1.0
нет внешнего кода + карточка в архиве;· ручные документы;Звездный;080425;2025-04-08;;;fkDr0d55jutao-XyX0ylY2;*Не продаем* Картридж Sakura 067HBK ECO (5106C0022) для Canon i-SENSYS LBP631/LBP633/MF651/MF655/MF657, черный, 3130 к. ECO (чип без счетчика копий) - без счетчика;Картриджи/Картриджи Canon;1.0
нет внешнего кода + карточка в архиве;· ручные документы;Звездный;100725-00001;2025-07-10;;;TmHs9p1Egy5P44396fxt60;IC-CPG-460XL+CL-461XL_MP Комплект картриджей T2 для Canon: IC-CPG-460XL черный + IC-CCL-461XL цветной;Картриджи/Картриджи Canon/струйные canon;15.0
нет внешнего кода + карточка в архиве;· ручные документы;Звездный;25032026;2026-03-25;;;0YMeDIPbjnB6v6CM6doHX0;К-ж ML-D3050B Samsung  к ML-3050/3051 увеличенный, оригинал;Оригинальные картриджи/Картриджи лазерные Samsung;1.0
нет внешнего кода + карточка в архиве;· ручные документы;Кантемировская;00005-00001;2018-04-15;;;6KsdNXaQhvZL5ZzLai7VC0;Картридж BCI-6C SF;Картриджи/Картриджи Canon/струйные canon;1.0
нет внешнего кода + карточка в архиве;· ручные документы;Кантемировская;00028-00001;2019-06-04;;;zRYT0bcehqAQObkyWmmkJ1;Картридж Colortek HP CE285A (85A);Картриджи/Картриджи HP;3.0
нет внешнего кода + карточка в архиве;· ручные документы;Кантемировская;00004-00002 (2)325;2021-11-17;;;8vXegTjogg7q8sHr04Cf00;Картридж KX-FAT411A/461/FAT92 GP;Картриджи/Картриджи Panasonic;6.0
нет внешнего кода + карточка в архиве;· ручные документы;Кантемировская;00040-00001;2018-11-02;;;n7r5SfCeiyUbNAaJrQWte2;Картридж LC529xl BK SF;Картриджи/Картриджи Brother/струйные brother;1.0
нет внешнего кода + карточка в архиве;· ручные документы;Кантемировская;00008-00001;2019-01-28;;;n7r5SfCeiyUbNAaJrQWte2;Картридж LC529xl BK SF;Картриджи/Картриджи Brother/струйные brother;1.0
нет внешнего кода + карточка в архиве;· ручные документы;Кантемировская;12288-00001;2016-04-08;0151ds;;151;Картридж T0731 DS черный;Картриджи/Картриджи Epson;2.0
нет внешнего кода + карточка в архиве;· ручные документы;Кантемировская;00011-00001;2018-05-18;;;H6OPZZ4ri1PNSo5J30e-Y2;Картридж TN-2175 NV;Картриджи/Картриджи Brother;1.0
нет внешнего кода + карточка в архиве;· ручные документы;Кантемировская;00028-00001;2019-06-04;;;H6OPZZ4ri1PNSo5J30e-Y2;Картридж TN-2175 NV;Картриджи/Картриджи Brother;1.0
нет внешнего кода + карточка в архиве;· ручные документы;Звездный;1906202510;2025-06-19;;;B59XNlmTiZY7ukDJSQkFb3;Картридж для Canon 055H Bk LBP660ser/MF740ser Black 7.6K ЧИП БезСчетчика White Box (Совместимый);Картриджи/Картриджи Canon;1.0
нет внешнего кода + карточка в архиве;· ручные документы;Звездный;1906202510;2025-06-19;;;RTt-ol9Ehx0DcDkO28H4g3;Картридж для Canon 070H LBP243/246/MF465/461 Black 10.2K ЧИП БезЛимит AQUAMARINE (Совместимый);Картриджи/Картриджи Canon;1.0
нет внешнего кода + карточка в архиве;· ручные документы;Звездный;080425;2025-04-08;;;ErykOYMDguQqAhBf0HwoP2;Картридж для Canon C 067HBk LBP630ser/MF650ser Black 2,3K ЧИП БезЛИМИТ WhiteBox (Совместимый);Картриджи/Картриджи Canon;2.0
нет внешнего кода + карточка в архиве;· ручные документы;Звездный;100835-00001;2025-09-23;;;IXaGbp4viWND2IEWVogyD1;Картридж для Canon C 069HY LBP673/MF750 Yellow 5.5K ЧИП БезЛимит WhiteBox (Совместимый);Картриджи/Картриджи Canon;1.0
нет внешнего кода + карточка в архиве;· ручные документы;Звездный;180825;2025-08-18;;;v0N0sDngiFkhggoQyeFA20;Картридж для HP W1470A HP LJ M610/611/612/634/635/636 10.5K ЧИП БезСчетBlack White Box (Совместимый);Картриджи/Картриджи HP;1.0
нет внешнего кода + карточка в архиве;· ручные документы;Звездный;180825;2025-08-18;;;WTzL4-8Wg-NQzcM3pGtHH1;Картридж для HP W1490X HP LJ Pro 4002/4102 9.5K ЧИП БезЛИМИТ White Box (Совместимый);Картриджи/Картриджи HP;1.0
нет внешнего кода + карточка в архиве;· ручные документы;Звездный;25032026;2026-03-25;;;W3GTR7EghwW2DUWu4gBhy1;Картридж для КАТЮША P130/M130 DRUM 30K White Box (Совместимый);Картриджи/Картриджи Катюша;2.0
нет внешнего кода + карточка в архиве;· ручные документы;?;00022-00001;2015-04-06;пакет;;пакет;Пакет бумажный;Упаковка;32.0
нет внешнего кода + карточка в архиве;· ручные документы;?;00029-00001;2015-06-05;пакет;;пакет;Пакет бумажный;Упаковка;39.0
нет внешнего кода + карточка в архиве;· ручные документы;?;00013-00001;2014-08-19;пакет;;пакет;Пакет бумажный;Упаковка;52.0
нет внешнего кода + карточка в архиве;· ручные документы;Кантемировская;060525;2024-05-06;wb7lcevdr4;wb7lcevdr4;wb7lcevdr4;Браслет из натурального жемчуга с сердцем;;1.0
нет внешнего кода + карточка в архиве;· ручные документы;Звездный;100830-00001;2025-09-11;;тест;-7dmspmHiBPxoWSugo3i53;Картридж для HP CE505X/CF280X/Canon 719H/CEXV-40 2055/Pro400/M425DN 6.9K White Box (Совместимый);Картриджи/Картриджи HP;1.0
нет внешнего кода + карточка в архиве;· ручные документы;Звездный;10062025;2025-06-10;;тест;-7dmspmHiBPxoWSugo3i53;Картридж для HP CE505X/CF280X/Canon 719H/CEXV-40 2055/Pro400/M425DN 6.9K White Box (Совместимый);Картриджи/Картриджи HP;2.0
