external_code;группа;наш_ДхШхВ_см;вариантов_короба;расхождение_между_источниками_мм;все_источники;сверка_справочных_мм;варианты_ДхШхВ_мм и кто даёт;карточек_wb_acc1;карточек_wb_acc2
2320;В;37.0x20.0x15.0;3;290.0;cactus,izi,sakura;solutionsprint:60.0;390.0x300.0x180.0 ← izi | 350.0x300.0x145.0 ← cactus | 100.0x100.0x100.0 ← sakura;6;6
5602;В;50.0x9.0x8.0;2;260.0;cactus,izi;нет данных;300.0x140.0x110.0 ← cactus | 560.0x85.0x85.0 ← izi;1;3
5603;В;50.0x9.0x8.0;2;260.0;cactus,izi;нет данных;300.0x140.0x110.0 ← cactus | 560.0x85.0x85.0 ← izi;1;1
5604;В;50.0x9.0x8.0;2;260.0;cactus,izi;нет данных;300.0x140.0x110.0 ← cactus | 560.0x85.0x85.0 ← izi;1;1
5605;В;50.0x9.0x8.0;2;260.0;cactus,izi;нет данных;300.0x140.0x110.0 ← cactus | 560.0x85.0x85.0 ← izi;1;1
5419;В;32.0x10.0x9.0;4;230.0;cactus,izi,sakura;нет данных;350.0x135.0x110.0 ← izi | 320.0x100.0x90.0 ← cactus | 305.0x90.0x90.0 ← cactus | 120.0x110.0x95.0 ← sakura;1;1
5420;В;32.0x10.0x9.0;4;230.0;cactus,izi,sakura;нет данных;350.0x135.0x110.0 ← izi | 305.0x90.0x90.0 ← cactus | 320.0x100.0x90.0 ← cactus | 120.0x110.0x95.0 ← sakura;1;1
5421;В;32.0x10.0x9.0;4;230.0;cactus,izi,sakura;нет данных;350.0x135.0x110.0 ← izi | 320.0x100.0x90.0 ← cactus | 305.0x90.0x90.0 ← cactus | 120.0x110.0x95.0 ← sakura;1;1
0184;В;15.0x10.0x8.0;2;218.0;izi,sakura;solutionsprint:150.0;320.0x100.0x92.0 ← izi | 102.0x50.0x18.0 ← sakura;9;9
0185;В;15.0x10.0x8.0;2;218.0;cactus,izi,sakura;solutionsprint:68.0;102.0x50.0x18.0 ← cactus,sakura | 320.0x100.0x92.0 ← izi;1;1
0186;В;15.0x10.0x8.0;2;218.0;cactus,izi,sakura;solutionsprint:68.0;102.0x50.0x18.0 ← cactus,sakura | 320.0x100.0x92.0 ← izi;1;1
0187;В;11.0x9.0x5.0;2;218.0;cactus,izi,sakura;solutionsprint:68.0;102.0x50.0x18.0 ← cactus,sakura | 320.0x100.0x92.0 ← izi;1;1
5418;В;32.0x10.0x9.0;4;200.0;cactus,izi,sakura;нет данных;320.0x135.0x100.0 ← izi | 305.0x90.0x90.0 ← cactus | 320.0x100.0x90.0 ← cactus | 120.0x110.0x95.0 ← sakura;5;6
1485;В;8.0x5.0x5.0;2;195.0;cactus,sakura;solutionsprint:195.0;285.0x125.0x35.0 ← cactus | 90.0x68.0x24.0 ← sakura;1;1
1486;В;8.0x5.0x5.0;2;195.0;cactus,sakura;solutionsprint:195.0;285.0x125.0x35.0 ← cactus | 90.0x68.0x24.0 ← sakura;1;1
0766;Б;58.0x20.0x13.0;2;185.0;cactus,sakura;solutionsprint:150.0;500.0x180.0x110.0 ← cactus | 315.0x150.0x90.0 ← sakura;1;1
0767;Б;58.0x20.0x13.0;2;185.0;cactus,sakura;solutionsprint:150.0;500.0x180.0x110.0 ← cactus | 315.0x150.0x90.0 ← sakura;1;1
0768;Б;58.0x20.0x13.0;2;185.0;cactus,sakura;solutionsprint:150.0;500.0x180.0x110.0 ← cactus | 315.0x150.0x90.0 ← sakura;1;1
1310;В;37.0x20.0x15.0;3;180.0;cactus,izi,sakura;solutionsprint:130.0;500.0x200.0x160.0 ← izi | 320.0x155.0x140.0 ← cactus | 374.0x250.0x152.0 ← sakura;5;5
2639;Б;37.0x20.0x15.0;4;180.0;cactus,izi,sakura;нет данных;370.0x150.0x90.0 ← sakura | 550.0x95.0x95.0 ← cactus | 550.0x93.0x93.0 ← cactus | 495.0x80.0x80.0 ← izi;1;1
2640;Б;37.0x20.0x15.0;4;180.0;cactus,izi,sakura;нет данных;370.0x150.0x90.0 ← sakura | 550.0x93.0x93.0 ← cactus | 550.0x95.0x95.0 ← cactus | 495.0x80.0x80.0 ← izi;1;1
2641;Б;37.0x20.0x15.0;4;180.0;cactus,izi,sakura;нет данных;370.0x150.0x90.0 ← sakura | 550.0x93.0x93.0 ← cactus | 550.0x95.0x95.0 ← cactus | 495.0x80.0x80.0 ← izi;1;1
0234;В;30.0x8.0x5.0;3;170.0;cactus,izi,sakura;нет данных;345.0x235.0x125.0 ← izi | 280.0x65.0x60.0 ← cactus | 300.0x70.0x60.0 ← sakura;12;12
3203;Б;37.0x20.0x15.0;3;169.0;cactus,sakura;нет данных;585.0x135.0x85.0 ← cactus | 550.0x95.0x95.0 ← cactus | 416.0x90.0x86.0 ← sakura;1;1
1173;Б;37.0x20.0x15.0;5;165.0;cactus,izi,sakura;solutionsprint:255.0;345.0x235.0x125.0 ← izi | 430.0x80.0x65.0 ← cactus | 420.0x75.0x75.0 ← cactus | 430.0x70.0x65.0 ← cactus | 431.0x73.0x69.0 ← sakura;3;3
5724;В;35.0x25.0x9.0;2;160.0;cactus,izi;нет данных;510.0x260.0x120.0 ← cactus | 350.0x300.0x150.0 ← izi;1;1
0122;В;51.0x20.0x12.0;3;155.0;cactus,izi,sakura;solutionsprint:110.0;470.0x252.0x126.0 ← sakura | 500.0x195.0x125.0 ← cactus | 345.0x235.0x125.0 ← izi;5;5
1083;Б;37.0x20.0x15.0;3;155.0;cactus,izi,sakura;solutionsprint:155.0;345.0x235.0x125.0 ← izi | 465.0x90.0x90.0 ← cactus | 460.0x80.0x80.0 ← sakura;3;3
1694;В;37.0x20.0x15.0;3;155.0;cactus,sakura;нет данных;430.0x210.0x150.0 ← sakura | 585.0x135.0x85.0 ← cactus | 485.0x145.0x115.0 ← cactus;1;1
1696;В;37.0x20.0x15.0;3;155.0;cactus,sakura;нет данных;430.0x210.0x150.0 ← sakura | 585.0x135.0x85.0 ← cactus | 485.0x145.0x115.0 ← cactus;1;1
1697;В;37.0x20.0x15.0;3;155.0;cactus,sakura;нет данных;430.0x210.0x150.0 ← sakura | 585.0x135.0x85.0 ← cactus | 485.0x145.0x115.0 ← cactus;1;1
1149;Б;37.0x20.0x15.0;2;150.0;cactus,sakura;нет данных;370.0x255.0x115.0 ← sakura | 435.0x105.0x100.0 ← cactus;35;34
1289;Б;37.0x20.0x15.0;2;146.0;izi,sakura;нет данных;345.0x235.0x125.0 ← izi | 449.0x89.0x89.0 ← sakura;4;4
1279;Б;37.0x20.0x15.0;5;145.0;cactus,izi,sakura;solutionsprint:85.0;345.0x235.0x125.0 ← izi | 305.0x90.0x90.0 ← cactus | 305.0x95.0x95.0 ← cactus | 327.0x113.0x105.0 ← sakura | 330.0x114.0x107.0 ← sakura;7;1
1280;Б;37.0x20.0x15.0;4;145.0;cactus,izi,sakura;solutionsprint:125.0;345.0x235.0x125.0 ← izi | 305.0x90.0x90.0 ← cactus | 305.0x95.0x95.0 ← cactus | 327.0x114.0x102.0 ← sakura;1;1
1281;Б;37.0x20.0x15.0;4;145.0;cactus,izi,sakura;solutionsprint:125.0;345.0x235.0x125.0 ← izi | 305.0x95.0x95.0 ← cactus | 305.0x90.0x90.0 ← cactus | 327.0x114.0x102.0 ← sakura;1;1
1282;Б;37.0x20.0x15.0;4;145.0;cactus,izi,sakura;solutionsprint:75.0;345.0x235.0x125.0 ← izi | 305.0x90.0x90.0 ← cactus | 305.0x95.0x95.0 ← cactus | 327.0x114.0x102.0 ← sakura;1;1
0618;В;37.0x20.0x15.0;3;142.0;cactus,sakura;solutionsprint:103.0;465.0x247.0x124.0 ← sakura | 435.0x105.0x100.0 ← cactus | 485.0x145.0x115.0 ← cactus;2;2
1145;В;37.0x20.0x15.0;2;140.0;cactus,izi;нет данных;350.0x250.0x130.0 ← izi | 320.0x110.0x110.0 ← cactus;3;3
2301;Б;37.0x20.0x15.0;4;140.0;cactus,izi,sakura;solutionsprint:195.0;345.0x235.0x125.0 ← izi | 315.0x95.0x95.0 ← cactus | 305.0x120.0x100.0 ← cactus | 323.0x115.0x101.0 ← sakura;6;8
2302;Б;37.0x20.0x15.0;5;140.0;cactus,izi,sakura;solutionsprint:195.0;345.0x235.0x125.0 ← izi | 315.0x95.0x95.0 ← cactus | 320.0x140.0x100.0 ← cactus | 305.0x120.0x100.0 ← cactus | 328.0x114.0x101.0 ← sakura;1;1
2303;Б;37.0x20.0x15.0;5;140.0;cactus,izi,sakura;solutionsprint:195.0;345.0x235.0x125.0 ← izi | 315.0x95.0x95.0 ← cactus | 320.0x140.0x100.0 ← cactus | 305.0x120.0x100.0 ← cactus | 328.0x114.0x101.0 ← sakura;1;1
2304;Б;37.0x20.0x15.0;5;140.0;cactus,izi,sakura;solutionsprint:195.0;345.0x235.0x125.0 ← izi | 315.0x95.0x95.0 ← cactus | 320.0x140.0x100.0 ← cactus | 305.0x120.0x100.0 ← cactus | 328.0x114.0x101.0 ← sakura;1;1
1073;В;37.0x20.0x15.0;3;135.0;cactus,izi,sakura;solutionsprint:111.0;465.0x255.0x115.0 ← sakura | 425.0x120.0x120.0 ← cactus | 425.0x140.0x130.0 ← izi;4;4
4428;В;15.0x5.0x5.0;2;135.0;cactus,sakura;нет данных;285.0x125.0x35.0 ← cactus | 150.0x48.0x48.0 ← sakura;5;5
0103;Б;41.0x31.0x18.0;5;133.0;cactus,sakura;нет данных;437.0x282.0x160.0 ← sakura | 335.0x290.0x150.0 ← cactus | 340.0x290.0x170.0 ← cactus | 342.0x290.0x172.0 ← cactus | 422.0x157.0x117.0 ← sakura;3;1
1211;Б;37.0x20.0x15.0;4;130.0;cactus,izi,sakura;solutionsprint:140.0;460.0x175.0x110.0 ← cactus | 485.0x145.0x115.0 ← cactus | 590.0x100.0x100.0 ← izi | 580.0x90.0x90.0 ← sakura;1;1
1212;Б;37.0x20.0x15.0;4;130.0;cactus,izi,sakura;solutionsprint:140.0;460.0x175.0x110.0 ← cactus | 485.0x145.0x115.0 ← cactus | 590.0x100.0x100.0 ← izi | 585.0x93.0x91.0 ← sakura;1;1
1213;Б;37.0x20.0x15.0;4;130.0;cactus,izi,sakura;solutionsprint:140.0;460.0x175.0x110.0 ← cactus | 485.0x145.0x115.0 ← cactus | 590.0x100.0x100.0 ← izi | 585.0x94.0x91.0 ← sakura;1;1
1312;В;37.0x20.0x15.0;4;130.0;cactus,izi,sakura;нет данных;450.0x182.0x136.0 ← izi | 320.0x155.0x140.0 ← cactus | 331.0x168.0x125.0 ← sakura | 350.0x170.0x120.0 ← sakura;4;5
3635;Б;37.0x20.0x15.0;2;130.0;izi,sakura;solutionsprint:100.0;555.0x120.0x100.0 ← izi | 425.0x100.0x85.0 ← sakura;3;3
3636;Б;37.0x20.0x15.0;2;130.0;izi,sakura;solutionsprint:30.0;425.0x115.0x90.0 ← sakura | 555.0x80.0x80.0 ← izi;1;1
3637;Б;37.0x20.0x15.0;2;130.0;izi,sakura;solutionsprint:100.0;555.0x80.0x80.0 ← izi | 425.0x90.0x85.0 ← sakura;1;1
3638;Б;37.0x20.0x15.0;2;130.0;izi,sakura;solutionsprint:100.0;555.0x80.0x80.0 ← izi | 425.0x90.0x85.0 ← sakura;1;1
2188;В;10.0x8.0x5.0;2;128.5;cactus,sakura;solutionsprint:5.0;225.0x60.0x50.0 ← sakura | 96.5x47.0x18.5 ← cactus;5;5
1483;В;8.0x5.0x5.0;2;127.0;cactus,sakura;solutionsprint:117.0;217.0x50.0x28.0 ← cactus | 90.0x68.0x37.0 ← sakura;7;7
1484;В;8.0x5.0x5.0;2;127.0;cactus,sakura;solutionsprint:127.0;217.0x50.0x28.0 ← cactus | 90.0x68.0x24.0 ← sakura;1;1
0264;В;36.0x22.0x12.0;2;125.0;cactus,sakura;нет данных;460.0x245.0x120.0 ← sakura | 425.0x120.0x120.0 ← cactus;2;2
0617;В;37.0x20.0x15.0;3;125.0;cactus,sakura;нет данных;460.0x245.0x120.0 ← sakura | 425.0x120.0x120.0 ← cactus | 485.0x145.0x115.0 ← cactus;2;2
0626;В;37.0x20.0x15.0;2;125.0;cactus,sakura;нет данных;460.0x245.0x120.0 ← sakura | 425.0x120.0x120.0 ← cactus;2;3
0863;Б;37.0x20.0x15.0;4;125.0;cactus,izi,sakura;solutionsprint:65.0;345.0x235.0x125.0 ← izi | 320.0x110.0x110.0 ← cactus | 315.0x140.0x110.0 ← cactus | 331.0x168.0x123.0 ← sakura;5;4
0875;Б;36.0x20.0x15.0;5;125.0;cactus,izi,sakura;solutionsprint:75.0;345.0x235.0x125.0 ← izi | 270.0x150.0x115.0 ← cactus | 315.0x140.0x110.0 ← cactus | 320.0x110.0x110.0 ← cactus | 332.0x122.0x114.0 ← sakura;3;3
1210;Б;37.0x20.0x15.0;3;125.0;cactus,sakura;solutionsprint:140.0;460.0x175.0x110.0 ← cactus | 485.0x145.0x115.0 ← cactus | 585.0x95.0x95.0 ← sakura;5;5
2164;Б;37.0x20.0x15.0;7;125.0;cactus,izi,sakura;solutionsprint:65.0;345.0x235.0x125.0 ← izi | 352.0x165.0x122.0 ← cactus | 315.0x140.0x110.0 ← cactus | 320.0x110.0x110.0 ← cactus | 315.0x145.0x115.0 ← cactus | 330.0x160.0x130.0 ← izi | 332.0x124.0x115.0 ← sakura;2;2
2189;Б;10.0x8.0x5.0;2;125.0;cactus,sakura;solutionsprint:5.0;225.0x50.0x35.0 ← cactus,sakura | 100.0x54.0x18.0 ← cactus;1;1
2190;Б;10.0x8.0x5.0;2;125.0;cactus,sakura;solutionsprint:5.0;225.0x50.0x35.0 ← sakura | 100.0x54.0x18.0 ← cactus;1;1
2191;Б;10.0x8.0x5.0;2;125.0;cactus,sakura;solutionsprint:5.0;225.0x50.0x35.0 ← sakura | 100.0x54.0x18.0 ← cactus;1;1
2354;Б;37.0x20.0x15.0;4;125.0;cactus,izi,sakura;solutionsprint:75.0;345.0x235.0x125.0 ← izi | 310.0x110.0x100.0 ← cactus | 315.0x140.0x110.0 ← cactus | 328.0x116.0x103.0 ← sakura;3;3
0856;В;35.0x16.0x12.0;3;120.0;cactus,izi,sakura;solutionsprint:63.0;345.0x235.0x125.0 ← izi | 330.0x115.0x105.0 ← cactus | 331.0x116.0x104.0 ← sakura;8;8
0858;В;35.0x16.0x12.0;2;120.0;izi,sakura;solutionsprint:63.0;345.0x235.0x125.0 ← izi | 317.0x115.0x104.0 ← sakura;1;1
1306;Б;37.0x20.0x15.0;3;120.0;cactus,izi,sakura;solutionsprint:80.0;440.0x170.0x130.0 ← izi | 320.0x155.0x140.0 ← cactus | 333.0x168.0x123.0 ← sakura;3;3
1973;Б;37.0x20.0x15.0;3;120.0;cactus,izi,sakura;нет данных;490.0x110.0x110.0 ← izi | 370.0x90.0x90.0 ← cactus | 465.0x107.0x102.0 ← sakura;4;4
3065;В;27.0x9.0x3.0;2;120.0;cactus,sakura;solutionsprint:280.0;405.0x125.0x35.0 ← cactus | 285.0x85.0x35.0 ← sakura;6;6
5446;В;33.0x12.0x12.0;6;120.0;cactus,izi,sakura;solutionsprint:140.0;260.0x260.0x120.0 ← sakura | 320.0x140.0x120.0 ← cactus | 315.0x140.0x110.0 ← cactus | 320.0x140.0x110.0 ← cactus | 285.0x185.0x135.0 ← izi | 260.0x160.0x125.0 ← izi;2;3
5719;В;14.0x11.0x8.0;3;120.0;cactus,izi,sakura;solutionsprint:78.0;260.0x95.0x90.0 ← izi | 155.0x115.0x90.0 ← cactus | 140.0x100.0x70.0 ← sakura;3;3
0857;В;35.0x16.0x12.0;2;119.0;izi,sakura;solutionsprint:63.0;345.0x235.0x125.0 ← izi | 332.0x116.0x103.0 ← sakura;1;1
0859;В;35.0x16.0x12.0;2;119.0;izi,sakura;solutionsprint:63.0;345.0x235.0x125.0 ← izi | 331.0x116.0x105.0 ← sakura;1;1
1153;В;37.0x20.0x15.0;3;118.0;cactus,sakura;solutionsprint:60.0;370.0x250.0x140.0 ← sakura | 345.0x132.0x104.0 ← cactus | 350.0x165.0x120.0 ← cactus;1;1
1155;В;37.0x20.0x15.0;4;118.0;cactus,sakura;solutionsprint:60.0;370.0x250.0x140.0 ← sakura | 345.0x165.0x120.0 ← cactus | 345.0x132.0x104.0 ← cactus | 352.0x148.0x120.0 ← sakura;1;1
4216;В;58.0x9.0x9.0;3;117.0;cactus,izi;нет данных;550.0x93.0x93.0 ← cactus | 433.0x73.0x69.0 ← cactus | 550.0x80.0x80.0 ← izi;3;3
0681;Б;37.0x20.0x15.0;2;116.0;cactus,sakura;solutionsprint:85.0;420.0x75.0x75.0 ← cactus | 304.0x71.0x65.0 ← sakura;4;4
0873;Б;37.0x20.0x15.0;3;115.0;cactus,izi,sakura;solutionsprint:62.0;345.0x235.0x125.0 ← izi | 310.0x120.0x110.0 ← cactus | 330.0x169.0x123.0 ← sakura;1;1
1095;Б;37.0x20.0x15.0;3;115.0;cactus,sakura;нет данных;315.0x140.0x110.0 ← cactus | 200.0x65.0x45.0 ← cactus | 300.0x70.0x60.0 ← sakura;3;3
1096;Б;37.0x20.0x15.0;3;115.0;cactus,sakura;solutionsprint:123.0;315.0x140.0x110.0 ← cactus | 200.0x65.0x45.0 ← cactus | 300.0x70.0x60.0 ← sakura;1;1
1097;Б;37.0x20.0x15.0;3;115.0;cactus,sakura;solutionsprint:46.0;315.0x140.0x110.0 ← cactus | 200.0x65.0x45.0 ← cactus | 300.0x70.0x60.0 ← sakura;1;1
1098;Б;37.0x20.0x15.0;3;115.0;cactus,sakura;solutionsprint:123.0;315.0x140.0x110.0 ← cactus | 200.0x65.0x45.0 ← cactus | 300.0x70.0x60.0 ← sakura;1;1
1969;В;37.0x13.0x12.0;4;115.0;cactus,sakura;нет данных;470.0x180.0x150.0 ← cactus | 450.0x75.0x75.0 ← cactus | 550.0x95.0x95.0 ← cactus | 447.0x65.0x62.0 ← sakura;1;1
0244;В;36.0x22.0x12.0;2;114.0;cactus,sakura;нет данных;466.0x252.0x125.0 ← sakura | 352.0x165.0x122.0 ← cactus;2;2
1966;В;37.0x13.0x12.0;4;114.0;cactus,sakura;solutionsprint:160.0;470.0x180.0x150.0 ← cactus | 550.0x95.0x95.0 ← cactus | 450.0x75.0x75.0 ← cactus | 445.0x66.0x65.0 ← sakura;9;9
2166;Б;37.0x20.0x15.0;5;114.0;cactus,izi,sakura;solutionsprint:65.0;345.0x235.0x125.0 ← izi | 315.0x145.0x115.0 ← cactus | 320.0x140.0x120.0 ← cactus | 315.0x140.0x110.0 ← cactus | 331.0x121.0x117.0 ← sakura;3;3
1050;Б;37.0x20.0x15.0;3;113.0;cactus,izi,sakura;solutionsprint:63.0;345.0x235.0x125.0 ← izi | 345.0x130.0x105.0 ← cactus | 332.0x122.0x117.0 ← sakura;1;1
1052;Б;37.0x20.0x15.0;3;113.0;cactus,izi,sakura;solutionsprint:63.0;345.0x235.0x125.0 ← izi | 345.0x130.0x105.0 ← cactus | 332.0x122.0x117.0 ← sakura;1;1
1049;Б;37.0x20.0x15.0;3;111.0;cactus,izi,sakura;solutionsprint:63.0;345.0x235.0x125.0 ← izi | 345.0x130.0x105.0 ← cactus | 331.0x124.0x116.0 ← sakura;9;7
0866;В;37.0x20.0x15.0;4;110.0;cactus,sakura;solutionsprint:166.0;466.0x250.0x131.0 ← sakura | 395.0x145.0x130.0 ← cactus | 385.0x140.0x122.0 ← cactus | 485.0x145.0x115.0 ← cactus;5;5
2136;Б;37.0x20.0x15.0;4;110.0;cactus,sakura;нет данных;295.0x120.0x100.0 ← sakura | 205.0x97.0x90.0 ← cactus | 185.0x95.0x85.0 ← cactus | 210.0x120.0x95.0 ← cactus;1;1
2137;Б;37.0x20.0x15.0;5;110.0;cactus,sakura;нет данных;295.0x120.0x100.0 ← sakura | 185.0x95.0x85.0 ← cactus | 210.0x105.0x90.0 ← cactus | 205.0x97.0x90.0 ← cactus | 210.0x120.0x95.0 ← cactus;1;1
2451;В;37.0x20.0x15.0;4;110.0;cactus,izi,sakura;solutionsprint:70.0;430.0x275.0x160.0 ← sakura | 335.0x260.0x120.0 ← cactus | 320.0x255.0x110.0 ← cactus | 360.0x250.0x125.0 ← izi;1;1
3817;Б;37.0x20.0x15.0;3;110.0;izi,sakura;нет данных;354.0x174.0x120.0 ← sakura | 340.0x165.0x90.0 ← izi | 450.0x100.0x100.0 ← sakura;5;5
2410;В;37.0x20.0x15.0;4;107.0;cactus,sakura;solutionsprint:169.0;469.0x252.0x128.0 ← sakura | 430.0x180.0x125.0 ← cactus | 485.0x145.0x115.0 ← cactus | 450.0x235.0x100.0 ← cactus;3;3
0093;В;36.0x30.0x18.0;4;105.0;cactus,izi,sakura;нет данных;445.0x285.0x155.0 ← izi | 350.0x300.0x145.0 ← cactus | 340.0x280.0x150.0 ← cactus | 430.0x280.0x160.0 ← sakura;2;2
1051;Б;37.0x20.0x15.0;2;105.0;cactus,izi;solutionsprint:63.0;345.0x235.0x125.0 ← izi | 345.0x130.0x105.0 ← cactus;1;1
1695;Б;37.0x20.0x15.0;3;105.0;cactus,sakura;нет данных;485.0x145.0x115.0 ← cactus | 585.0x135.0x85.0 ← cactus | 590.0x100.0x100.0 ← sakura;2;2
2138;Б;37.0x20.0x15.0;5;105.0;cactus,izi,sakura;нет данных;295.0x120.0x100.0 ← sakura | 213.0x125.0x95.0 ← cactus | 210.0x120.0x95.0 ← cactus | 205.0x97.0x90.0 ← cactus | 190.0x125.0x60.0 ← izi;1;1
2174;Б;37.0x20.0x15.0;3;105.0;cactus,sakura;нет данных;290.0x120.0x100.0 ← sakura | 185.0x90.0x70.0 ← cactus | 205.0x97.0x90.0 ← cactus;1;1
2175;Б;37.0x20.0x15.0;3;105.0;cactus,sakura;нет данных;290.0x120.0x100.0 ← sakura | 185.0x90.0x70.0 ← cactus | 205.0x97.0x90.0 ← cactus;1;1
3057;В;37.0x20.0x15.0;3;105.0;cactus,izi,sakura;solutionsprint:135.0;355.0x250.0x130.0 ← izi | 365.0x190.0x115.0 ← cactus | 350.0x145.0x120.0 ← sakura;1;1
4159;В;37.0x15.0x12.0;5;105.0;cactus,izi,sakura;нет данных;355.0x200.0x170.0 ← sakura | 305.0x135.0x90.0 ← cactus | 320.0x140.0x100.0 ← cactus | 345.0x240.0x110.0 ← izi | 310.0x155.0x80.0 ← sakura;7;7
5313;В;35.0x16.0x13.0;5;105.0;cactus,izi,sakura;нет данных;345.0x235.0x125.0 ← izi | 345.0x130.0x105.0 ← cactus | 320.0x140.0x100.0 ← cactus | 333.0x168.0x97.0 ← sakura | 333.0x170.0x95.0 ← sakura;8;8
1968;Б;37.0x13.0x12.0;3;104.0;cactus,sakura;нет данных;550.0x95.0x95.0 ← cactus | 450.0x75.0x75.0 ← cactus | 446.0x66.0x62.0 ← sakura;1;1
1176;В;37.0x20.0x15.0;2;103.0;cactus,sakura;solutionsprint:140.0;360.0x250.0x130.0 ← cactus | 353.0x147.0x123.0 ← sakura;1;1
0862;В;37.0x20.0x15.0;3;102.0;cactus,sakura;нет данных;460.0x247.0x120.0 ← sakura | 510.0x205.0x120.0 ← cactus | 485.0x145.0x115.0 ← cactus;2;2
1177;В;37.0x20.0x15.0;2;102.0;cactus,sakura;solutionsprint:140.0;360.0x250.0x130.0 ← cactus | 355.0x148.0x118.0 ← sakura;1;1
0882;В;37.0x20.0x15.0;2;101.0;cactus,sakura;solutionsprint:13.0;360.0x250.0x130.0 ← cactus | 355.0x149.0x127.0 ← sakura;1;1
1967;Б;37.0x13.0x12.0;3;100.0;cactus,sakura;нет данных;550.0x95.0x95.0 ← cactus | 450.0x75.0x75.0 ← cactus | 450.0x64.0x64.0 ← sakura;1;1
2439;Б;37.0x20.0x15.0;4;100.0;cactus,sakura;solutionsprint:45.0;550.0x95.0x95.0 ← cactus | 550.0x90.0x80.0 ← cactus | 550.0x93.0x93.0 ← cactus | 450.0x80.0x80.0 ← sakura;7;7
3565;Б;37.0x20.0x15.0;4;100.0;cactus,izi,sakura;нет данных;345.0x240.0x110.0 ← izi | 310.0x140.0x70.0 ← cactus | 310.0x163.0x100.0 ← cactus | 328.0x167.0x92.0 ← sakura;1;1
4203;В;33.0x18.0x14.0;3;100.0;cactus,sakura;solutionsprint:30.0;355.0x200.0x170.0 ← sakura | 305.0x135.0x90.0 ← cactus | 310.0x140.0x70.0 ← cactus;1;1
0881;В;37.0x20.0x15.0;2;99.0;cactus,sakura;solutionsprint:13.0;360.0x250.0x130.0 ← cactus | 357.0x151.0x122.0 ← sakura;1;1
0880;В;37.0x20.0x15.0;2;98.0;cactus,sakura;solutionsprint:13.0;360.0x250.0x130.0 ← cactus | 359.0x152.0x125.0 ← sakura;4;5
0883;В;37.0x20.0x15.0;2;98.0;cactus,sakura;solutionsprint:13.0;360.0x250.0x130.0 ← cactus | 356.0x152.0x123.0 ← sakura;1;1
0207;В;36.0x22.0x12.0;5;97.0;cactus,izi,sakura;solutionsprint:57.0;437.0x279.0x155.0 ← sakura | 342.0x290.0x172.0 ← cactus | 340.0x290.0x170.0 ← cactus | 355.0x290.0x155.0 ← izi | 350.0x300.0x160.0 ← izi;7;6
1728;В;20.0x17.0x15.0;2;96.0;cactus,sakura;нет данных;377.0x251.0x146.0 ← sakura | 320.0x155.0x140.0 ← cactus;2;2
0739;В;37.0x20.0x15.0;2;95.0;cactus,izi;нет данных;560.0x150.0x140.0 ← cactus | 465.0x165.0x145.0 ← izi;3;3
0864;Б;37.0x20.0x15.0;4;95.0;cactus,izi,sakura;solutionsprint:55.0;345.0x235.0x125.0 ← izi | 330.0x165.0x105.0 ← cactus | 315.0x140.0x110.0 ← cactus | 331.0x168.0x124.0 ← sakura;2;2
0865;Б;37.0x20.0x15.0;5;95.0;cactus,izi,sakura;solutionsprint:55.0;345.0x235.0x125.0 ← izi | 330.0x165.0x105.0 ← cactus | 320.0x140.0x120.0 ← cactus | 315.0x140.0x110.0 ← cactus | 331.0x168.0x127.0 ← sakura;3;3
1325;Б;37.0x20.0x15.0;4;95.0;cactus,izi,sakura;solutionsprint:245.0;345.0x235.0x125.0 ← izi | 305.0x170.0x85.0 ← cactus | 320.0x140.0x100.0 ← cactus | 331.0x168.0x93.0 ← sakura;5;5
2135;Б;37.0x20.0x15.0;5;95.0;cactus,izi,sakura;solutionsprint:37.0;295.0x120.0x100.0 ← sakura | 214.0x124.0x91.0 ← cactus | 205.0x97.0x90.0 ← cactus | 210.0x120.0x95.0 ← cactus | 200.0x100.0x100.0 ← izi;5;5
2178;В;37.0x20.0x15.0;4;95.0;cactus,izi,sakura;нет данных;396.0x240.0x165.0 ← cactus | 390.0x190.0x150.0 ← cactus | 335.0x240.0x130.0 ← izi | 350.0x145.0x120.0 ← sakura;1;1
2179;В;37.0x20.0x15.0;3;95.0;cactus,sakura;нет данных;396.0x240.0x165.0 ← cactus | 390.0x190.0x150.0 ← cactus | 351.0x145.0x120.0 ← sakura;1;1
2180;В;37.0x20.0x15.0;4;95.0;cactus,izi,sakura;нет данных;396.0x240.0x165.0 ← cactus | 390.0x190.0x150.0 ← cactus | 335.0x240.0x130.0 ← izi | 355.0x145.0x121.0 ← sakura;1;1
4280;В;36.0x11.0x10.0;3;95.0;cactus,sakura;нет данных;400.0x150.0x100.0 ← sakura | 305.0x124.162x90.0 ← cactus | 305.0x90.0x90.0 ← cactus;1;1
4281;В;36.0x11.0x10.0;3;95.0;cactus,sakura;нет данных;400.0x150.0x100.0 ← sakura | 305.0x121.469x90.0 ← cactus | 305.0x90.0x90.0 ← cactus;1;1
4282;В;36.0x11.0x10.0;3;95.0;cactus,sakura;нет данных;400.0x150.0x100.0 ← sakura | 305.0x122.816x90.0 ← cactus | 305.0x90.0x90.0 ← cactus;1;1
3616;В;37.0x20.0x15.0;4;94.0;cactus,izi,sakura;нет данных;579.0x192.0x187.0 ← sakura | 490.0x215.0x190.0 ← cactus | 485.0x205.0x125.0 ← izi | 578.9x192.4x187.4 ← sakura;1;1
2981;Б;37.0x20.0x15.0;4;93.3;cactus,sakura;solutionsprint:90.0;550.0x95.0x95.0 ← cactus | 470.0x85.0x85.0 ← cactus | 550.0x93.0x93.0 ← cactus | 456.7x91.9x80.7 ← sakura;1;1
0877;В;36.0x20.0x15.0;3;92.0;cactus,sakura;solutionsprint:62.0;432.0x280.0x160.0 ← sakura | 350.0x290.0x170.0 ← cactus | 340.0x290.0x170.0 ← cactus;10;10
0236;Б;35.0x16.0x13.0;6;90.0;cactus,izi,sakura;solutionsprint:63.0;345.0x132.0x104.0 ← cactus | 290.0x85.0x85.0 ← cactus | 260.0x100.0x95.0 ← cactus | 285.0x125.0x95.0 ← izi | 261.0x98.0x88.0 ← sakura | 255.0x95.0x95.0 ← izi;5;5
0676;Б;37.0x20.0x15.0;3;90.0;cactus,sakura;solutionsprint:88.0;550.0x93.0x93.0 ← cactus | 465.0x75.0x75.0 ← cactus | 460.0x100.0x100.0 ← sakura;2;2
0677;Б;37.0x20.0x15.0;3;90.0;cactus,sakura;solutionsprint:88.0;550.0x93.0x93.0 ← cactus | 465.0x75.0x75.0 ← cactus | 460.0x100.0x100.0 ← sakura;1;1
0678;Б;37.0x20.0x15.0;3;90.0;cactus,sakura;solutionsprint:88.0;550.0x93.0x93.0 ← cactus | 465.0x75.0x75.0 ← cactus | 460.0x100.0x100.0 ← sakura;1;1
0679;Б;37.0x20.0x15.0;4;90.0;cactus,sakura;solutionsprint:88.0;550.0x95.0x95.0 ← cactus | 465.0x75.0x75.0 ← cactus | 550.0x93.0x93.0 ← cactus | 460.0x100.0x100.0 ← sakura;1;1
0976;Б;37.0x20.0x15.0;2;90.0;cactus,izi,sakura;solutionsprint:75.0;225.0x50.0x35.0 ← cactus,sakura | 135.0x88.0x35.0 ← izi;1;1
0977;Б;37.0x20.0x15.0;2;90.0;cactus,izi,sakura;solutionsprint:75.0;225.0x50.0x35.0 ← cactus,sakura | 135.0x88.0x35.0 ← izi;1;1
0978;Б;37.0x20.0x15.0;2;90.0;cactus,izi,sakura;solutionsprint:75.0;225.0x50.0x35.0 ← cactus,sakura | 135.0x88.0x35.0 ← izi;1;1
1078;Б;37.0x20.0x15.0;4;90.0;cactus,sakura;нет данных;550.0x95.0x95.0 ← cactus | 550.0x93.0x93.0 ← cactus | 470.0x85.0x85.0 ← cactus | 460.0x100.0x100.0 ← sakura;5;5
1079;Б;37.0x20.0x15.0;4;90.0;cactus,sakura;solutionsprint:90.0;550.0x95.0x95.0 ← cactus | 550.0x93.0x93.0 ← cactus | 470.0x85.0x85.0 ← cactus | 460.0x100.0x100.0 ← sakura;1;1
1080;Б;37.0x20.0x15.0;4;90.0;cactus,sakura;solutionsprint:90.0;550.0x95.0x95.0 ← cactus | 470.0x85.0x85.0 ← cactus | 550.0x93.0x93.0 ← cactus | 460.0x100.0x100.0 ← sakura;1;1
1081;Б;37.0x20.0x15.0;4;90.0;cactus,sakura;solutionsprint:90.0;550.0x95.0x95.0 ← cactus | 550.0x93.0x93.0 ← cactus | 470.0x85.0x85.0 ← cactus | 460.0x100.0x100.0 ← sakura;1;1
1138;Б;37.0x20.0x15.0;3;90.0;cactus,sakura;solutionsprint:85.0;550.0x95.0x95.0 ← cactus | 550.0x93.0x93.0 ← cactus | 460.0x100.0x100.0 ← sakura;2;2
1139;Б;37.0x20.0x15.0;3;90.0;cactus,sakura;solutionsprint:85.0;550.0x95.0x95.0 ← cactus | 550.0x93.0x93.0 ← cactus | 460.0x100.0x100.0 ← sakura;1;1
1140;Б;37.0x20.0x15.0;3;90.0;cactus,sakura;solutionsprint:85.0;550.0x95.0x95.0 ← cactus | 550.0x93.0x93.0 ← cactus | 460.0x100.0x100.0 ← sakura;1;1
1141;Б;37.0x20.0x15.0;3;90.0;cactus,sakura;solutionsprint:85.0;550.0x95.0x95.0 ← cactus | 550.0x93.0x93.0 ← cactus | 460.0x100.0x100.0 ← sakura;1;1
1341;Б;37.0x20.0x15.0;4;90.0;cactus,sakura;solutionsprint:90.0;550.0x95.0x95.0 ← cactus | 550.0x93.0x93.0 ← cactus | 510.0x95.0x88.0 ← cactus | 460.0x100.0x100.0 ← sakura;4;5
1342;Б;37.0x20.0x15.0;4;90.0;cactus,sakura;solutionsprint:80.0;550.0x95.0x95.0 ← cactus | 510.0x95.0x88.0 ← cactus | 550.0x93.0x93.0 ← cactus | 460.0x100.0x100.0 ← sakura;1;1
1343;Б;37.0x20.0x15.0;4;90.0;cactus,sakura;solutionsprint:80.0;550.0x95.0x95.0 ← cactus | 510.0x95.0x88.0 ← cactus | 550.0x93.0x93.0 ← cactus | 460.0x100.0x100.0 ← sakura;1;1
1344;Б;37.0x20.0x15.0;4;90.0;cactus,sakura;solutionsprint:80.0;550.0x95.0x95.0 ← cactus | 550.0x93.0x93.0 ← cactus | 510.0x95.0x88.0 ← cactus | 460.0x100.0x100.0 ← sakura;1;1
2167;Б;37.0x20.0x15.0;3;90.0;cactus,sakura;solutionsprint:55.0;295.0x120.0x100.0 ← sakura | 210.0x120.0x95.0 ← cactus | 205.0x97.0x90.0 ← cactus;5;5
2317;В;37.0x20.0x15.0;4;90.0;cactus,izi,sakura;нет данных;390.0x300.0x190.0 ← izi | 340.0x290.0x170.0 ← cactus | 430.0x283.0x161.0 ← sakura | 376.0x257.0x144.0 ← sakura;3;3
2638;Б;37.0x20.0x15.0;4;90.0;cactus,izi,sakura;нет данных;585.0x96.0x95.0 ← sakura | 550.0x93.0x93.0 ← cactus | 550.0x95.0x95.0 ← cactus | 495.0x80.0x80.0 ← izi;4;4
3110;Б;15.0x10.0x8.0;2;90.0;cactus,izi,sakura;нет данных;90.0x80.0x18.0 ← cactus,sakura | 180.0x90.0x35.0 ← izi;1;1
3111;Б;15.0x10.0x8.0;2;90.0;izi,sakura;нет данных;180.0x90.0x35.0 ← izi | 90.0x80.0x18.0 ← sakura;1;1
3112;Б;15.0x10.0x8.0;2;90.0;cactus,izi,sakura;нет данных;90.0x80.0x18.0 ← cactus,sakura | 180.0x90.0x35.0 ← izi;1;1
3548;В;37.0x20.0x15.0;3;90.0;cactus,sakura;нет данных;500.0x260.0x160.0 ← cactus | 510.0x250.0x110.0 ← cactus | 520.0x235.0x70.0 ← sakura;2;2
0751;В;39.0x21.0x16.0;4;89.0;cactus,sakura;нет данных;377.0x254.0x146.0 ← sakura | 352.0x165.0x122.0 ← cactus | 390.0x190.0x140.0 ← cactus | 376.0x250.0x144.0 ← sakura;1;1
0750;В;39.0x21.0x16.0;4;87.0;cactus,sakura;нет данных;370.0x240.0x160.0 ← sakura | 352.0x165.0x122.0 ← cactus | 390.0x190.0x140.0 ← cactus | 376.0x252.0x144.0 ← sakura;1;1
0748;В;39.0x21.0x16.0;3;86.0;cactus,sakura;solutionsprint:23.0;376.0x251.0x153.0 ← sakura | 390.0x190.0x140.0 ← cactus | 352.0x165.0x122.0 ← cactus;6;6
0752;В;39.0x21.0x16.0;4;86.0;cactus,sakura;нет данных;379.0x251.0x148.0 ← sakura | 352.0x165.0x122.0 ← cactus | 390.0x190.0x150.0 ← cactus | 379.0x250.0x147.0 ← sakura;1;1
0235;В;34.0x18.0x14.0;3;85.0;cactus,izi,sakura;нет данных;350.0x250.0x130.0 ← izi | 352.0x165.0x122.0 ← cactus | 350.0x170.0x120.0 ← sakura;1;1
0237;В;35.0x10.0x9.0;5;85.0;cactus,izi,sakura;solutionsprint:55.0;345.0x132.0x104.0 ← cactus | 290.0x85.0x85.0 ← cactus | 260.0x100.0x90.0 ← cactus | 310.0x100.0x95.0 ← izi | 260.0x97.0x90.0 ← sakura;5;5
0682;Б;37.0x20.0x15.0;3;85.0;cactus,izi,sakura;solutionsprint:85.0;420.0x75.0x75.0 ← cactus | 338.0x73.0x71.0 ← sakura | 335.0x70.0x70.0 ← izi;14;10
1146;В;37.0x20.0x15.0;2;85.0;cactus,sakura;нет данных;455.0x250.0x145.0 ← cactus | 370.0x255.0x145.0 ← sakura;4;4
3760;В;37.0x15.0x12.0;2;85.0;izi,sakura;нет данных;300.0x150.0x150.0 ← sakura | 320.0x215.0x65.0 ← izi;1;1
4831;Б;36.0x20.0x10.0;3;85.0;cactus,sakura;нет данных;320.0x165.0x100.0 ← cactus | 320.0x110.0x100.0 ← cactus | 305.0x195.0x87.0 ← sakura;1;1
5447;В;33.0x16.0x14.0;5;85.0;cactus,izi,sakura;solutionsprint:280.0;280.0x240.0x190.0 ← izi | 352.0x165.0x122.0 ← cactus | 320.0x155.0x140.0 ← cactus | 350.0x170.0x120.0 ← cactus | 325.0x165.0x120.0 ← sakura;3;3
3109;Б;15.0x10.0x8.0;2;84.0;izi,sakura;нет данных;180.0x90.0x35.0 ← izi | 96.0x85.0x55.0 ← sakura;5;5
6173;В;30.0x15.0x9.0;3;83.0;cactus,izi,sakura;solutionsprint:83.0;327.0x166.0x148.0 ← cactus | 315.0x200.0x70.0 ← sakura | 320.0x210.0x65.0 ← izi;2;2
2980;Б;37.0x20.0x15.0;4;80.3;cactus,sakura;solutionsprint:90.0;550.0x95.0x95.0 ← cactus | 470.0x85.0x85.0 ← cactus | 550.0x93.0x93.0 ← cactus | 469.7x91.3x82.0 ← sakura;1;1
0092;Б;36.0x30.0x18.0;2;80.0;cactus,sakura;нет данных;430.0x280.0x160.0 ← sakura | 350.0x300.0x145.0 ← cactus;2;2
2979;Б;37.0x20.0x15.0;4;80.0;cactus,sakura;solutionsprint:90.0;550.0x95.0x95.0 ← cactus | 550.0x93.0x93.0 ← cactus | 470.0x85.0x85.0 ← cactus | 471.3x100.0x90.0 ← sakura;4;2
2982;Б;37.0x20.0x15.0;4;80.0;cactus,sakura;solutionsprint:90.0;550.0x95.0x95.0 ← cactus | 550.0x93.0x93.0 ← cactus | 470.0x85.0x85.0 ← cactus | 471.2x92.3x81.1 ← sakura;1;1
4147;Б;24.0x15.0x10.0;2;80.0;cactus,izi;нет данных;190.0x80.0x50.0 ← izi | 110.0x80.0x65.0 ← cactus;1;1
1108;В;26.0x10.0x9.0;2;78.0;cactus,sakura;нет данных;210.0x120.0x95.0 ← cactus | 288.0x75.0x74.0 ← sakura;2;2
2163;Б;37.0x20.0x15.0;4;77.0;cactus,izi,sakura;solutionsprint:42.0;332.0x166.0x95.0 ← sakura | 320.0x110.0x110.0 ← cactus | 315.0x98.0x95.0 ← cactus | 255.0x95.0x95.0 ← izi;3;3
2168;Б;37.0x20.0x15.0;5;77.0;cactus,sakura;solutionsprint:110.0;210.0x120.0x95.0 ← cactus | 185.0x95.0x85.0 ← cactus | 205.0x97.0x90.0 ← cactus | 210.0x105.0x90.0 ← cactus | 262.0x97.0x88.0 ← sakura;1;1
2169;Б;37.0x20.0x15.0;5;77.0;cactus,sakura;solutionsprint:110.0;210.0x120.0x95.0 ← cactus | 210.0x105.0x90.0 ← cactus | 205.0x97.0x90.0 ← cactus | 185.0x95.0x85.0 ← cactus | 262.0x98.0x89.0 ← sakura;1;1
6078;В;15.0x5.0x5.0;4;77.0;cactus,sakura;нет данных;125.0x125.0x60.0 ← cactus | 125.0x125.0x59.5 ← cactus | 130.0x52.0x52.0 ← cactus | 150.0x48.0x48.0 ← sakura;1;1
0731;В;37.0x20.0x15.0;2;76.0;cactus,sakura;нет данных;365.0x277.0x122.0 ← cactus | 338.0x201.0x92.0 ← sakura;2;2
1276;В;34.0x13.0x10.0;7;76.0;cactus,sakura;нет данных;330.0x165.0x110.0 ← cactus | 300.0x100.0x95.0 ← cactus | 320.0x110.0x110.0 ← cactus | 315.0x98.0x95.0 ← cactus | 305.0x90.0x90.0 ← cactus | 309.0x90.0x90.0 ← sakura | 308.0x89.0x88.0 ← sakura;2;2
2348;Б;37.0x20.0x15.0;3;76.0;cactus,sakura;solutionsprint:35.0;315.0x140.0x110.0 ← cactus | 295.0x120.0x75.0 ← cactus | 291.0x99.0x34.0 ← sakura;3;3
0749;В;39.0x21.0x16.0;3;75.0;cactus,sakura;нет данных;370.0x240.0x160.0 ← sakura | 390.0x190.0x140.0 ← cactus | 352.0x165.0x122.0 ← cactus;1;1
1195;В;37.0x20.0x15.0;3;75.0;cactus,izi;solutionsprint:110.0;580.0x190.0x130.0 ← cactus | 550.0x175.0x110.0 ← cactus | 505.0x120.0x100.0 ← izi;1;1
1196;В;37.0x20.0x15.0;3;75.0;cactus,izi;solutionsprint:110.0;580.0x190.0x130.0 ← cactus | 550.0x175.0x110.0 ← cactus | 505.0x120.0x100.0 ← izi;1;1
1197;В;37.0x20.0x15.0;3;75.0;cactus,izi;solutionsprint:110.0;580.0x190.0x130.0 ← cactus | 550.0x175.0x110.0 ← cactus | 505.0x120.0x100.0 ← izi;1;1
1327;Б;37.0x20.0x15.0;5;75.0;cactus,izi,sakura;solutionsprint:245.0;345.0x236.0x125.0 ← izi | 315.0x170.0x85.0 ← cactus | 315.0x175.0x50.0 ← cactus | 320.0x165.0x100.0 ← cactus | 330.0x170.0x100.0 ← sakura;1;1
1328;Б;37.0x20.0x15.0;5;75.0;cactus,izi,sakura;solutionsprint:245.0;345.0x235.0x125.0 ← izi | 320.0x165.0x100.0 ← cactus | 315.0x175.0x50.0 ← cactus | 315.0x170.0x85.0 ← cactus | 330.0x170.0x100.0 ← sakura;6;6
1329;Б;37.0x20.0x15.0;5;75.0;cactus,izi,sakura;solutionsprint:245.0;345.0x237.0x125.0 ← izi | 315.0x170.0x85.0 ← cactus | 320.0x165.0x100.0 ← cactus | 315.0x175.0x50.0 ← cactus | 330.0x170.0x100.0 ← sakura;1;1
1330;Б;37.0x20.0x15.0;4;75.0;cactus,izi,sakura;solutionsprint:245.0;345.0x238.0x125.0 ← izi | 320.0x165.0x100.0 ← cactus | 315.0x175.0x50.0 ← cactus | 330.0x170.0x100.0 ← sakura;1;1
4538;Б;12.0x11.0x4.0;3;75.0;cactus,izi,sakura;нет данных;120.0x85.0x40.0 ← izi | 150.0x48.0x48.0 ← cactus | 75.0x65.0x36.0 ← sakura;1;1
5361;Б;36.0x22.0x12.0;2;75.0;cactus,sakura;solutionsprint:51.0;310.0x150.0x90.0 ← sakura | 305.0x75.0x75.0 ← cactus;1;1
5362;Б;36.0x22.0x12.0;2;75.0;cactus,sakura;solutionsprint:51.0;310.0x150.0x90.0 ← sakura | 305.0x75.0x75.0 ← cactus;1;1
5363;Б;36.0x22.0x12.0;3;75.0;cactus,sakura;solutionsprint:51.0;310.0x150.0x90.0 ← sakura | 305.0x75.0x75.0 ← cactus | 300.0x110.0x100.0 ← cactus;1;1
6301;В;31.0x15.0x9.0;2;75.0;cactus,izi;solutionsprint:50.0;320.0x155.0x140.0 ← cactus | 320.0x210.0x65.0 ← izi;1;1
0102;Б;37.0x30.0x18.0;4;73.0;cactus,izi,sakura;нет данных;375.0x325.0x150.0 ← izi | 350.0x300.0x145.0 ← cactus | 376.0x255.0x144.0 ← sakura | 375.0x252.0x143.0 ← sakura;2;2
0765;Б;58.0x20.0x13.0;2;73.0;cactus,sakura;solutionsprint:350.0;550.0x180.0x110.0 ← cactus | 514.0x107.0x69.0 ← sakura;4;4
1036;В;37.0x20.0x15.0;3;73.0;cactus,sakura;solutionsprint:52.0;376.0x263.0x117.0 ← sakura | 310.0x190.0x90.0 ← cactus | 370.0x260.0x120.0 ← sakura;6;7
2173;Б;37.0x20.0x15.0;4;73.0;cactus,sakura;нет данных;210.0x120.0x95.0 ← cactus | 185.0x90.0x70.0 ← cactus | 205.0x97.0x90.0 ← cactus | 258.0x98.0x91.0 ← sakura;1;1
0208;Б;36.0x22.0x12.0;6;72.0;cactus,izi,sakura;solutionsprint:32.0;350.0x140.0x110.0 ← izi | 320.0x75.0x75.0 ← cactus | 305.0x90.0x90.0 ← cactus | 280.0x101.0x84.0 ← sakura | 305.0x68.0x62.0 ← sakura | 305.0x69.0x62.0 ← sakura;7;7
0209;Б;36.0x22.0x12.0;6;72.0;cactus,izi,sakura;нет данных;350.0x140.0x110.0 ← izi | 305.0x90.0x90.0 ← cactus | 300.0x75.0x55.0 ← izi | 301.1x68.0x61.0 ← sakura | 301.0x71.0x59.0 ← sakura | 300.0x70.0x60.0 ← sakura;1;1
0986;Б;37.0x20.0x15.0;2;72.0;cactus,sakura;нет данных;332.0x167.0x121.0 ← sakura | 305.0x95.0x95.0 ← cactus;5;5
4639;В;10.0x8.0x5.0;3;72.0;cactus,izi,sakura;solutionsprint:25.0;140.0x120.0x40.0 ← izi | 150.0x48.0x48.0 ← cactus | 95.0x85.0x40.0 ← sakura;1;1
0992;Б;37.0x20.0x15.0;2;71.0;cactus,sakura;нет данных;330.0x166.0x125.0 ← sakura | 305.0x95.0x95.0 ← cactus;14;17
1190;Б;37.0x20.0x15.0;4;70.0;cactus,izi,sakura;нет данных;345.0x235.0x125.0 ← izi | 320.0x165.0x100.0 ← cactus | 329.0x168.0x92.0 ← sakura | 324.0x169.0x91.0 ← sakura;3;1
1206;Б;37.0x20.0x15.0;2;70.0;cactus,sakura;solutionsprint:130.0;550.0x175.0x110.0 ← cactus | 510.0x105.0x61.0 ← sakura;1;1
1207;Б;37.0x20.0x15.0;2;70.0;cactus,sakura;solutionsprint:130.0;550.0x175.0x110.0 ← cactus | 512.0x105.0x62.0 ← sakura;1;1
2388;Б;37.0x20.0x15.0;3;70.0;cactus,izi,sakura;solutionsprint:190.0;340.0x180.0x130.0 ← izi | 320.0x110.0x110.0 ← cactus | 332.0x167.0x93.0 ← sakura;6;6
2389;Б;37.0x20.0x15.0;3;70.0;cactus,izi,sakura;solutionsprint:190.0;340.0x180.0x130.0 ← izi | 320.0x110.0x110.0 ← cactus | 331.0x168.0x94.0 ← sakura;1;1
2390;Б;37.0x20.0x15.0;3;70.0;cactus,izi,sakura;solutionsprint:190.0;340.0x180.0x130.0 ← izi | 320.0x110.0x110.0 ← cactus | 331.0x168.0x94.0 ← sakura;1;1
2391;Б;37.0x20.0x15.0;3;70.0;cactus,izi,sakura;solutionsprint:190.0;340.0x180.0x130.0 ← izi | 320.0x110.0x110.0 ← cactus | 331.0x168.0x94.0 ← sakura;1;1
2725;Б;37.0x20.0x15.0;2;70.0;cactus,sakura;нет данных;330.0x170.0x120.0 ← sakura | 315.0x100.0x95.0 ← cactus;3;3
3489;Б;20.0x10.0x10.0;3;70.0;cactus,sakura;solutionsprint:15.0;130.0x45.0x45.0 ← cactus,sakura | 150.0x115.0x30.0 ← cactus | 122.5x46.3x46.3 ← cactus;1;1
3490;В;10.0x8.0x5.0;3;70.0;cactus,sakura;solutionsprint:15.0;130.0x45.0x45.0 ← cactus,sakura | 150.0x115.0x30.0 ← cactus | 130.0x52.0x52.0 ← cactus;1;1
4137;В;37.0x15.0x12.0;3;70.0;cactus,izi,sakura;solutionsprint:30.0;330.0x250.0x130.0 ← izi | 315.0x250.0x115.0 ← cactus | 380.0x180.0x70.0 ← sakura;1;1
5341;Б;36.0x20.0x15.0;6;70.0;cactus,izi,sakura;solutionsprint:68.0;345.0x235.0x125.0 ← izi | 340.0x165.0x120.0 ← cactus | 330.0x165.0x105.0 ← cactus | 333.0x168.0x97.0 ← sakura | 332.0x168.0x96.0 ← sakura | 333.0x169.0x97.0 ← sakura;9;9
5389;Б;36.0x20.0x15.0;3;70.0;cactus,izi;нет данных;345.0x235.0x125.0 ← izi | 340.0x165.0x120.0 ← cactus | 320.0x185.0x100.0 ← cactus;1;1
0227;Б;35.0x16.0x13.0;3;68.0;cactus,izi,sakura;solutionsprint:24.0;370.0x112.0x77.0 ← izi | 370.0x85.0x70.0 ← cactus | 438.0x78.0x74.0 ← sakura;15;15
1205;Б;37.0x20.0x15.0;2;68.0;cactus,sakura;solutionsprint:130.0;550.0x175.0x110.0 ← cactus | 513.0x107.0x62.0 ← sakura;4;4
5369;Б;37.0x20.0x15.0;4;68.0;cactus,sakura;нет данных;331.0x166.0x105.0 ← sakura | 315.0x100.0x95.0 ← cactus | 320.0x110.0x110.0 ← cactus | 315.0x98.0x95.0 ← cactus;4;4
3762;В;37.0x15.0x12.0;3;67.5;izi,sakura;нет данных;357.0x174.0x122.0 ← sakura | 295.0x120.0x55.0 ← izi | 356.7x174.1x122.5 ← sakura;1;1
0245;В;35.0x16.0x12.0;3;67.0;izi,sakura;нет данных;345.0x235.0x125.0 ← izi | 331.0x168.0x95.0 ← sakura | 334.0x169.0x93.0 ← sakura;4;4
0867;Б;37.0x20.0x15.0;2;67.0;izi,sakura;solutionsprint:115.0;345.0x235.0x125.0 ← izi | 331.0x168.0x122.0 ← sakura;3;3
0868;Б;37.0x20.0x15.0;2;67.0;izi,sakura;solutionsprint:115.0;345.0x235.0x125.0 ← izi | 332.0x168.0x123.0 ← sakura;1;1
0869;Б;37.0x20.0x15.0;2;67.0;izi,sakura;solutionsprint:115.0;345.0x235.0x125.0 ← izi | 333.0x168.0x122.0 ← sakura;1;1
1216;Б;37.0x20.0x15.0;3;67.0;cactus,izi,sakura;нет данных;345.0x235.0x125.0 ← izi | 320.0x210.0x110.0 ← cactus | 324.0x168.0x94.0 ← sakura;2;2
4638;В;10.0x8.0x5.0;3;67.0;cactus,izi,sakura;solutionsprint:0.0;115.0x115.0x40.0 ← izi | 150.0x48.0x48.0 ← cactus | 105.0x60.0x25.0 ← sakura;1;1
0870;Б;37.0x20.0x15.0;2;66.0;izi,sakura;solutionsprint:115.0;345.0x235.0x125.0 ← izi | 330.0x169.0x125.0 ← sakura;1;1
1208;Б;37.0x20.0x15.0;2;66.0;cactus,sakura;solutionsprint:130.0;550.0x175.0x110.0 ← cactus | 512.0x109.0x64.0 ← sakura;1;1
3532;Б;37.0x20.0x15.0;2;66.0;cactus,sakura;solutionsprint:66.0;376.0x220.0x118.0 ← sakura | 310.0x200.0x145.0 ← cactus;4;4
0958;Б;15.0x10.0x8.0;3;65.0;cactus,izi,sakura;solutionsprint:20.0;150.0x115.0x30.0 ← cactus | 85.0x75.0x38.0 ← izi | 105.0x60.0x35.0 ← sakura;3;3
0963;В;10.0x8.0x5.0;2;65.0;cactus,sakura;solutionsprint:30.0;180.0x100.0x55.0 ← cactus | 115.0x95.0x40.0 ← sakura;12;10
1285;В;35.0x16.0x12.0;3;65.0;izi,sakura;нет данных;370.0x250.0x150.0 ← izi | 356.0x209.0x113.0 ← sakura | 305.0x205.0x100.0 ← izi;9;9
3840;Б;15.0x10.0x10.0;3;65.0;cactus,sakura;нет данных;130.0x60.0x60.0 ← cactus,sakura | 125.0x125.0x46.0 ← cactus | 125.0x125.0x46.5 ← cactus;5;5
5445;В;33.0x12.0x12.0;5;65.0;cactus,izi,sakura;solutionsprint:40.0;330.0x160.0x100.0 ← izi | 320.0x140.0x110.0 ← cactus | 320.0x110.0x110.0 ← cactus | 300.0x130.0x120.0 ← izi | 265.0x120.0x100.0 ← sakura;3;3
0755;В;39.0x23.0x19.0;3;64.0;cactus,izi,sakura;нет данных;490.0x215.0x190.0 ← cactus | 466.0x251.0x126.0 ← sakura | 480.0x250.0x135.0 ← izi;1;1
0760;В;39.0x23.0x19.0;3;64.0;cactus,izi,sakura;нет данных;490.0x215.0x190.0 ← cactus | 466.0x251.0x126.0 ← sakura | 480.0x250.0x135.0 ← izi;6;6
0761;В;39.0x23.0x19.0;3;64.0;cactus,izi,sakura;нет данных;490.0x215.0x190.0 ← cactus | 466.0x251.0x126.0 ← sakura | 480.0x250.0x135.0 ← izi;1;1
0762;В;39.0x23.0x19.0;3;64.0;cactus,izi,sakura;нет данных;490.0x215.0x190.0 ← cactus | 466.0x251.0x126.0 ← sakura | 480.0x250.0x135.0 ← izi;1;1
5360;Б;36.0x22.0x12.0;3;64.0;cactus,izi,sakura;нет данных;350.0x135.0x107.0 ← izi | 320.0x75.0x75.0 ← cactus | 309.0x71.0x64.0 ← sakura;3;3
2170;Б;37.0x20.0x15.0;5;63.0;cactus,sakura;solutionsprint:110.0;210.0x120.0x95.0 ← cactus | 185.0x95.0x85.0 ← cactus | 210.0x105.0x90.0 ← cactus | 205.0x97.0x90.0 ← cactus | 248.0x98.0x91.0 ← sakura;1;1
3056;В;37.0x20.0x15.0;2;63.0;cactus,sakura;solutionsprint:138.0;376.0x253.0x140.0 ← sakura | 365.0x190.0x115.0 ← cactus;1;1
0410;В;37.0x20.0x15.0;2;62.0;cactus,sakura;solutionsprint:15.0;376.0x252.0x143.0 ← sakura | 390.0x190.0x140.0 ← cactus;1;1
3055;В;37.0x20.0x15.0;2;62.0;cactus,sakura;solutionsprint:137.0;375.0x252.0x146.0 ← sakura | 365.0x190.0x115.0 ← cactus;5;5
4790;Б;40.0x16.0x15.0;2;62.0;cactus,sakura;нет данных;352.0x165.0x122.0 ← cactus | 350.0x160.0x60.0 ← sakura;1;1
5618;В;30.0x13.0x12.0;4;62.0;cactus,izi,sakura;solutionsprint:28.0;322.0x148.0x117.0 ← cactus | 300.0x130.0x120.0 ← izi | 265.0x120.0x100.0 ← sakura | 260.0x160.0x120.0 ← izi;2;2
0407;В;37.0x20.0x15.0;2;61.0;cactus,sakura;solutionsprint:14.0;376.0x251.0x144.0 ← sakura | 390.0x190.0x140.0 ← cactus;3;3
0884;В;37.0x20.0x15.0;2;61.0;cactus,sakura;нет данных;490.0x215.0x190.0 ← cactus | 466.0x252.0x129.0 ← sakura;5;5
2356;Б;37.0x20.0x15.0;3;60.0;cactus,izi,sakura;solutionsprint:20.0;360.0x150.0x130.0 ← izi | 300.0x100.0x95.0 ← cactus | 307.0x93.0x91.0 ← sakura;4;4
2371;Б;37.0x20.0x15.0;2;60.0;cactus,izi;solutionsprint:10.0;370.0x90.0x90.0 ← cactus | 430.0x75.0x75.0 ← izi;5;5
2988;В;37.0x20.0x15.0;4;60.0;cactus,izi,sakura;solutionsprint:184.0;350.0x250.0x130.0 ← izi | 310.0x190.0x100.0 ← cactus | 315.0x195.0x90.0 ← cactus | 338.0x198.0x90.0 ← sakura;2;2
3262;Б;37.0x17.0x12.0;4;60.0;cactus,izi,sakura;нет данных;360.0x140.0x120.0 ← izi | 320.0x140.0x100.0 ← cactus | 300.0x110.0x100.0 ← sakura | 330.0x166.0x100.0 ← izi;15;15
3630;Б;37.0x20.0x15.0;2;60.0;cactus,sakura;solutionsprint:45.0;485.0x145.0x115.0 ← cactus | 425.0x115.0x100.0 ← sakura;1;2
3631;Б;37.0x20.0x15.0;2;60.0;cactus,sakura;solutionsprint:45.0;485.0x145.0x115.0 ← cactus | 425.0x90.0x85.0 ← sakura;1;1
3632;Б;37.0x20.0x15.0;2;60.0;cactus,sakura;solutionsprint:45.0;485.0x145.0x115.0 ← cactus | 425.0x90.0x85.0 ← sakura;1;1
3633;Б;37.0x20.0x15.0;2;60.0;cactus,sakura;solutionsprint:45.0;485.0x145.0x115.0 ← cactus | 425.0x90.0x85.0 ← sakura;1;1
4333;Б;36.0x15.0x12.0;2;60.0;izi,sakura;нет данных;320.0x170.0x100.0 ← izi | 300.0x110.0x100.0 ← sakura;4;4
4893;Б;38.0x16.0x15.0;5;60.0;cactus,izi,sakura;нет данных;360.0x120.0x100.0 ← sakura | 300.0x100.0x90.0 ← cactus | 305.0x90.0x90.0 ← cactus | 300.0x110.0x100.0 ← izi | 320.0x120.0x100.0 ← izi;1;1
5521;Б;37.0x14.0x11.0;3;60.0;cactus,izi;нет данных;320.0x160.0x100.0 ← izi | 320.0x110.0x110.0 ← cactus | 300.0x100.0x100.0 ← izi;6;6
5584;В;28.0x19.0x7.0;4;60.0;cactus,izi,sakura;нет данных;325.0x160.0x147.0 ← cactus | 330.0x210.0x105.0 ← izi | 305.0x195.0x87.0 ← sakura | 335.0x210.0x105.0 ← izi;1;1
5845;В;35.0x14.0x10.0;2;60.0;cactus,izi;solutionsprint:40.0;490.0x110.0x110.0 ← izi | 550.0x95.0x95.0 ← cactus;4;4
6384;Б;36.0x20.0x17.0;3;60.0;cactus,izi,sakura;нет данных;342.0x195.0x130.0 ← cactus | 315.0x140.0x140.0 ← izi | 315.0x160.0x80.0 ← sakura;1;1
0409;В;37.0x20.0x15.0;2;59.0;cactus,sakura;solutionsprint:23.0;377.0x249.0x153.0 ← sakura | 390.0x190.0x140.0 ← cactus;1;1
1293;Б;37.0x20.0x15.0;3;59.0;cactus,izi,sakura;нет данных;370.0x90.0x90.0 ← cactus | 320.0x85.0x85.0 ← izi | 311.0x90.0x89.0 ← sakura;4;4
3058;В;37.0x20.0x15.0;2;59.0;cactus,sakura;solutionsprint:134.0;375.0x249.0x150.0 ← sakura | 365.0x190.0x115.0 ← cactus;1;1
3214;Б;37.0x20.0x15.0;2;59.0;cactus,sakura;solutionsprint:183.0;333.0x169.0x94.0 ← sakura | 320.0x110.0x110.0 ← cactus;1;1
3215;Б;37.0x20.0x15.0;2;59.0;cactus,sakura;solutionsprint:183.0;333.0x169.0x94.0 ← sakura | 320.0x110.0x110.0 ← cactus;1;1
2177;В;37.0x20.0x15.0;3;58.0;cactus,sakura;нет данных;396.0x240.0x165.0 ← cactus | 390.0x190.0x150.0 ← cactus | 374.0x248.0x143.0 ← sakura;3;3
2337;В;35.0x16.0x12.0;3;58.0;cactus,sakura;нет данных;378.0x257.0x116.0 ← sakura | 330.0x210.0x105.0 ← cactus | 320.0x255.0x110.0 ← cactus;1;1
3212;Б;37.0x20.0x15.0;2;58.0;cactus,sakura;solutionsprint:182.0;332.0x168.0x95.0 ← sakura | 320.0x110.0x110.0 ← cactus;1;1
3213;Б;37.0x15.0x12.0;2;58.0;cactus,sakura;solutionsprint:182.0;332.0x168.0x94.0 ← sakura | 320.0x110.0x110.0 ← cactus;1;1
3370;В;15.0x10.0x8.0;3;58.0;cactus,izi,sakura;solutionsprint:20.0;165.0x125.0x100.0 ← cactus,sakura | 140.0x100.0x42.0 ← cactus | 140.0x100.0x80.0 ← izi;3;3
2172;Б;37.0x20.0x15.0;3;57.0;cactus,sakura;solutionsprint:35.0;210.0x120.0x95.0 ← cactus | 205.0x97.0x90.0 ← cactus | 262.0x97.0x92.0 ← sakura;1;1
4434;В;13.0x6.0x6.0;2;57.0;cactus,sakura;нет данных;178.0x58.0x58.0 ← sakura | 150.0x115.0x30.0 ← cactus;11;11
5226;В;13.0x6.0x6.0;2;57.0;cactus,sakura;solutionsprint:24.0;178.0x58.0x58.0 ← sakura | 150.0x115.0x30.0 ← cactus;2;2
5227;В;13.0x6.0x6.0;2;57.0;cactus,sakura;нет данных;178.0x58.0x58.0 ← sakura | 150.0x115.0x30.0 ← cactus;1;1
1369;В;37.0x20.0x15.0;2;56.0;cactus,sakura;solutionsprint:126.0;382.0x336.0x181.0 ← sakura | 340.0x280.0x150.0 ← cactus;2;2
2987;В;37.0x20.0x15.0;3;56.0;cactus,sakura;solutionsprint:20.0;376.0x257.0x145.0 ← sakura | 320.0x240.0x125.0 ← cactus | 350.0x240.0x150.0 ← cactus;2;2
3425;В;37.0x20.0x15.0;2;56.0;cactus,sakura;нет данных;320.0x260.0x140.0 ← cactus | 376.0x261.0x117.0 ← sakura;1;1
3789;Б;37.0x20.0x15.0;3;56.0;cactus,izi,sakura;нет данных;330.0x225.0x130.0 ← izi | 342.0x195.0x130.0 ← cactus | 330.0x169.0x135.0 ← sakura;1;1
0051;Б;36.0x20.0x15.0;3;55.0;cactus,sakura;нет данных;350.0x165.0x120.0 ← sakura | 305.0x120.0x100.0 ← cactus | 320.0x110.0x110.0 ← cactus;3;3
0279;В;37.0x20.0x15.0;3;55.0;cactus,sakura;solutionsprint:22.0;375.0x260.0x125.0 ← sakura | 320.0x260.0x140.0 ← cactus | 320.0x255.0x110.0 ← cactus;10;10
0379;Б;50.0x27.0x16.0;4;55.0;cactus,izi,sakura;нет данных;445.0x285.0x155.0 ← izi | 470.0x250.0x122.0 ← cactus | 500.0x240.0x135.0 ← cactus | 460.0x250.0x120.0 ← sakura;6;6
0747;Б;37.0x20.0x15.0;5;55.0;cactus,izi,sakura;нет данных;350.0x240.0x130.0 ← izi | 321.0x185.0x100.0 ← cactus | 320.0x190.0x100.0 ← cactus | 320.0x185.0x100.0 ← cactus | 311.0x197.0x85.0 ← sakura;1;1
0774;Б;50.0x27.0x16.0;4;55.0;cactus,izi,sakura;нет данных;445.0x285.0x155.0 ← izi | 500.0x240.0x135.0 ← cactus | 470.0x250.0x122.0 ← cactus | 460.0x250.0x120.0 ← sakura;1;1
0775;Б;50.0x27.0x16.0;4;55.0;cactus,izi,sakura;нет данных;445.0x285.0x155.0 ← izi | 470.0x250.0x122.0 ← cactus | 500.0x240.0x135.0 ← cactus | 460.0x250.0x120.0 ← sakura;1;1
0776;Б;50.0x27.0x16.0;4;55.0;cactus,izi,sakura;нет данных;445.0x285.0x155.0 ← izi | 500.0x240.0x135.0 ← cactus | 470.0x250.0x122.0 ← cactus | 460.0x250.0x120.0 ← sakura;1;1
0959;Б;15.0x10.0x8.0;2;55.0;cactus,sakura;solutionsprint:20.0;150.0x115.0x30.0 ← cactus | 105.0x60.0x25.0 ← sakura;1;1
0960;Б;15.0x10.0x8.0;2;55.0;cactus,sakura;solutionsprint:20.0;150.0x115.0x30.0 ← cactus | 105.0x60.0x25.0 ← sakura;1;1
1152;Б;37.0x20.0x15.0;5;55.0;cactus,izi,sakura;solutionsprint:49.0;400.0x160.0x150.0 ← izi | 345.0x132.0x104.0 ← cactus | 350.0x165.0x120.0 ← cactus | 350.0x145.0x120.0 ← sakura | 355.0x144.0x122.0 ← sakura;6;6
1154;Б;37.0x20.0x15.0;5;55.0;cactus,izi,sakura;solutionsprint:50.0;400.0x160.0x150.0 ← izi | 350.0x165.0x120.0 ← cactus | 345.0x132.0x104.0 ← cactus | 354.0x148.0x119.0 ← sakura | 356.0x147.0x121.0 ← sakura;1;1
1192;В;37.0x20.0x15.0;3;55.0;cactus,sakura;solutionsprint:170.0;370.0x250.0x140.0 ← sakura | 315.0x195.0x90.0 ← cactus | 335.0x199.0x89.0 ← sakura;1;2
1194;Б;37.0x20.0x15.0;2;55.0;cactus,izi;solutionsprint:130.0;550.0x175.0x110.0 ← cactus | 505.0x120.0x100.0 ← izi;2;2
2633;Б;37.0x20.0x15.0;4;55.0;cactus,izi,sakura;нет данных;550.0x95.0x95.0 ← cactus | 550.0x93.0x93.0 ← cactus | 538.0x84.0x77.0 ← sakura | 495.0x80.0x80.0 ← izi;3;3
2634;Б;37.0x20.0x15.0;3;55.0;cactus,izi,sakura;solutionsprint:20.0;550.0x95.0x95.0 ← cactus | 539.0x88.0x76.0 ← sakura | 495.0x80.0x80.0 ← izi;1;1
2635;Б;37.0x20.0x15.0;4;55.0;cactus,izi,sakura;solutionsprint:20.0;550.0x95.0x95.0 ← cactus | 550.0x93.0x93.0 ← cactus | 537.0x85.0x78.0 ← sakura | 495.0x80.0x80.0 ← izi;1;1
2636;Б;37.0x20.0x15.0;4;55.0;cactus,izi,sakura;solutionsprint:20.0;550.0x95.0x95.0 ← cactus | 550.0x93.0x93.0 ← cactus | 540.0x85.0x80.0 ← sakura | 495.0x80.0x80.0 ← izi;1;1
2894;В;15.0x5.0x5.0;2;55.0;cactus,izi;нет данных;500.0x170.0x130.0 ← izi | 505.0x115.0x115.0 ← cactus;8;8
3958;В;37.0x15.0x12.0;4;55.0;cactus,izi,sakura;нет данных;340.0x250.0x120.0 ← cactus | 315.0x195.0x90.0 ← cactus | 305.0x195.0x87.0 ← sakura | 305.0x205.0x100.0 ← izi;3;3
4500;В;30.0x16.0x4.0;2;55.0;cactus,sakura;нет данных;260.0x206.0x90.0 ← sakura | 300.0x160.0x35.0 ← cactus;1;1
4501;В;30.0x15.0x9.0;2;55.0;cactus,sakura;нет данных;260.0x206.0x90.0 ← sakura | 300.0x160.0x35.0 ← cactus;1;1
4502;В;30.0x15.0x9.0;2;55.0;cactus,sakura;нет данных;260.0x206.0x90.0 ← sakura | 300.0x160.0x35.0 ← cactus;1;1
4503;В;30.0x15.0x9.0;2;55.0;cactus,sakura;нет данных;260.0x206.0x90.0 ← sakura | 300.0x160.0x35.0 ← cactus;1;1
1193;В;37.0x20.0x15.0;5;54.0;cactus,izi,sakura;solutionsprint:150.0;350.0x270.0x155.0 ← izi | 320.0x255.0x110.0 ← cactus | 340.0x250.0x120.0 ← cactus | 370.0x252.0x141.0 ← sakura | 374.0x258.0x119.0 ← sakura;6;6
5742;В;31.0x15.0x9.0;3;54.0;cactus,izi,sakura;нет данных;330.0x190.0x160.0 ← sakura | 320.0x149.0x106.0 ← cactus | 345.0x150.0x120.0 ← izi;3;3
5526;В;24.0x9.0x8.0;3;53.0;cactus,izi,sakura;нет данных;213.0x123.0x93.0 ← cactus | 190.0x70.0x45.0 ← izi | 185.0x70.0x50.0 ← sakura;1;1
1368;В;37.0x20.0x15.0;2;52.0;cactus,sakura;solutionsprint:31.0;372.0x258.0x119.0 ← sakura | 320.0x210.0x140.0 ← cactus;1;1
3856;В;37.0x15.0x12.0;2;52.0;izi,sakura;нет данных;350.0x250.0x130.0 ← izi | 337.0x198.0x90.0 ← sakura;1;1
3907;Б;37.0x20.0x15.0;5;52.0;cactus,izi,sakura;нет данных;360.0x135.0x100.0 ← izi | 320.0x140.0x100.0 ← cactus | 320.0x120.0x110.0 ← cactus | 320.0x110.0x110.0 ← cactus | 308.0x115.0x101.0 ← sakura;1;1
2182;В;37.0x20.0x15.0;2;51.0;cactus,sakura;нет данных;371.0x256.0x119.0 ← sakura | 320.0x250.0x120.0 ← cactus;2;2
3144;Б;37.0x20.0x15.0;2;51.0;cactus,sakura;нет данных;210.0x120.0x95.0 ← cactus | 196.0x69.0x68.0 ← sakura;1;1
3168;Б;37.0x20.0x15.0;2;51.0;cactus,sakura;нет данных;348.0x163.0x126.0 ← cactus | 325.0x112.0x102.0 ← sakura;1;1
0037;Б;36.0x22.0x12.0;2;50.0;cactus,sakura;solutionsprint:40.0;350.0x130.0x110.0 ← sakura | 300.0x108.0x98.0 ← cactus;1;1
0255;В;36.0x22.0x12.0;4;50.0;cactus,izi,sakura;solutionsprint:6.0;350.0x260.0x130.0 ← izi | 340.0x250.0x120.0 ← cactus | 320.0x255.0x110.0 ← cactus | 370.0x235.0x115.0 ← sakura;3;3
0261;В;36.0x22.0x12.0;2;50.0;cactus,sakura;нет данных;480.0x190.0x150.0 ← sakura | 460.0x140.0x140.0 ← cactus;1;1
0263;В;36.0x22.0x12.0;2;50.0;cactus,izi;нет данных;455.0x250.0x145.0 ← cactus | 470.0x200.0x125.0 ← izi;1;1
0270;Б;36.0x20.0x15.0;3;50.0;cactus,izi,sakura;нет данных;350.0x210.0x110.0 ← sakura | 305.0x170.0x85.0 ← cactus | 350.0x160.0x110.0 ← izi;1;1
0538;В;37.0x20.0x15.0;3;50.0;cactus,sakura;solutionsprint:380.0;460.0x270.0x120.0 ← cactus | 510.0x250.0x110.0 ← cactus | 460.0x250.0x120.0 ← sakura;3;3
0561;В;37.0x20.0x15.0;2;50.0;cactus,sakura;solutionsprint:66.0;467.0x253.0x130.0 ← sakura | 470.0x230.0x80.0 ← cactus;8;8
0770;Б;58.0x20.0x13.0;3;50.0;cactus,sakura;solutionsprint:30.0;360.0x240.0x160.0 ← sakura | 350.0x215.0x110.0 ← cactus | 370.0x260.0x120.0 ← sakura;12;12
0771;Б;58.0x20.0x13.0;2;50.0;cactus,sakura;solutionsprint:30.0;365.0x240.0x160.0 ← sakura | 350.0x215.0x110.0 ← cactus;1;1
0772;Б;58.0x20.0x13.0;2;50.0;cactus,sakura;solutionsprint:30.0;365.0x240.0x160.0 ← sakura | 350.0x215.0x110.0 ← cactus;1;1
0773;Б;58.0x20.0x13.0;2;50.0;cactus,sakura;solutionsprint:68.0;365.0x240.0x160.0 ← sakura | 350.0x215.0x110.0 ← cactus;1;1
1044;В;37.0x20.0x15.0;4;50.0;cactus,izi,sakura;solutionsprint:15.0;345.0x270.0x160.0 ← izi | 320.0x255.0x110.0 ← cactus | 320.0x240.0x125.0 ← cactus | 370.0x260.0x120.0 ← sakura;5;5
1163;Б;37.0x20.0x15.0;6;50.0;cactus,izi,sakura;solutionsprint:20.0;350.0x135.0x107.0 ← izi | 315.0x98.0x95.0 ← cactus | 320.0x100.0x90.0 ← cactus | 300.0x95.0x90.0 ← izi | 327.0x111.0x103.0 ← sakura | 327.0x114.0x103.0 ← sakura;1;1
1164;Б;37.0x20.0x15.0;7;50.0;cactus,izi,sakura;solutionsprint:37.0;350.0x135.0x107.0 ← izi | 315.0x98.0x95.0 ← cactus | 305.0x90.0x90.0 ← cactus | 320.0x100.0x90.0 ← cactus | 300.0x95.0x90.0 ← izi | 330.0x110.0x105.0 ← sakura | 320.0x110.0x100.0 ← sakura;1;1
1165;Б;37.0x20.0x15.0;7;50.0;cactus,izi,sakura;нет данных;350.0x135.0x107.0 ← izi | 315.0x98.0x95.0 ← cactus | 305.0x90.0x90.0 ← cactus | 320.0x100.0x90.0 ← cactus | 300.0x95.0x90.0 ← izi | 330.0x110.0x105.0 ← sakura | 320.0x110.0x100.0 ← sakura;1;1
1166;Б;37.0x20.0x15.0;7;50.0;cactus,izi,sakura;solutionsprint:37.0;350.0x135.0x107.0 ← izi | 320.0x100.0x90.0 ← cactus | 315.0x98.0x95.0 ← cactus | 305.0x90.0x90.0 ← cactus | 300.0x95.0x90.0 ← izi | 330.0x110.0x105.0 ← sakura | 320.0x110.0x100.0 ← sakura;1;1
1168;Б;37.0x20.0x15.0;4;50.0;cactus,izi,sakura;нет данных;350.0x140.0x110.0 ← izi | 300.0x100.0x95.0 ← cactus | 315.0x98.0x95.0 ← cactus | 308.0x92.0x91.0 ← sakura;14;14
1171;Б;37.0x20.0x15.0;5;50.0;cactus,izi,sakura;нет данных;350.0x160.0x100.0 ← izi | 305.0x130.0x80.0 ← cactus | 310.0x140.0x70.0 ← cactus | 300.0x137.0x90.0 ← izi | 332.0x167.0x95.0 ← sakura;1;1
1278;Б;37.0x20.0x15.0;5;50.0;cactus,izi,sakura;нет данных;350.0x135.0x107.0 ← izi | 320.0x140.0x100.0 ← cactus | 320.0x110.0x110.0 ← cactus | 300.0x100.0x90.0 ← cactus | 307.0x114.0x104.0 ← sakura;1;1
1412;Б;37.0x20.0x15.0;3;50.0;cactus,sakura;нет данных;510.0x165.0x130.0 ← cactus | 505.0x115.0x115.0 ← cactus | 500.0x135.0x130.0 ← sakura;5;5
1413;Б;37.0x20.0x15.0;3;50.0;cactus,sakura;нет данных;510.0x165.0x130.0 ← cactus | 505.0x115.0x115.0 ← cactus | 500.0x135.0x130.0 ← sakura;1;1
1414;Б;37.0x20.0x15.0;3;50.0;cactus,sakura;solutionsprint:90.0;510.0x165.0x130.0 ← cactus | 505.0x115.0x115.0 ← cactus | 500.0x135.0x130.0 ← sakura;1;1
1415;Б;37.0x20.0x15.0;3;50.0;cactus,sakura;нет данных;510.0x165.0x130.0 ← cactus | 505.0x115.0x115.0 ← cactus | 500.0x135.0x130.0 ← sakura;1;1
1614;Б;37.0x20.0x15.0;3;50.0;cactus,sakura;solutionsprint:14.0;370.0x255.0x115.0 ← sakura | 335.0x260.0x120.0 ← cactus | 320.0x255.0x110.0 ← cactus;1;1
1853;В;37.0x20.0x15.0;4;50.0;cactus,izi,sakura;solutionsprint:18.0;350.0x250.0x130.0 ← izi | 320.0x255.0x110.0 ← cactus | 340.0x240.0x110.0 ← cactus | 370.0x255.0x115.0 ← sakura;1;1
2321;В;37.0x20.0x15.0;2;50.0;cactus,sakura;solutionsprint:50.0;350.0x300.0x145.0 ← cactus | 370.0x250.0x140.0 ← sakura;11;12
2369;Б;37.0x20.0x15.0;3;50.0;cactus,izi,sakura;нет данных;345.0x240.0x110.0 ← izi | 310.0x190.0x100.0 ← cactus | 338.0x201.0x92.0 ← sakura;3;3
3032;Б;37.0x20.0x15.0;4;50.0;cactus,izi,sakura;нет данных;350.0x160.0x110.0 ← izi | 315.0x140.0x110.0 ← cactus | 320.0x110.0x110.0 ← cactus | 330.0x132.0x114.0 ← sakura;3;2
3085;Б;10.0x8.0x5.0;2;50.0;cactus,izi;solutionsprint:50.0;120.0x110.0x20.0 ← izi | 105.0x60.0x25.0 ← cactus;1;1
3145;Б;37.0x20.0x15.0;2;50.0;cactus,sakura;нет данных;210.0x120.0x95.0 ← cactus | 196.0x70.0x69.0 ← sakura;1;1
3146;Б;37.0x20.0x15.0;2;50.0;cactus,sakura;нет данных;210.0x120.0x95.0 ← cactus | 197.0x70.0x69.0 ← sakura;1;1
3192;Б;37.0x20.0x15.0;5;50.0;cactus,izi,sakura;нет данных;350.0x135.0x107.0 ← izi | 320.0x100.0x90.0 ← cactus | 305.0x90.0x90.0 ← cactus | 300.0x95.0x90.0 ← izi | 323.0x114.0x104.0 ← sakura;11;11
3361;В;10.0x8.0x5.0;2;50.0;cactus,izi;solutionsprint:0.0;120.0x110.0x50.0 ← izi | 105.0x60.0x50.0 ← cactus;1;1
4332;Б;37.0x25.0x12.0;5;50.0;cactus,izi,sakura;нет данных;345.0x240.0x110.0 ← izi | 330.0x235.0x100.0 ← cactus | 360.0x230.0x100.0 ← cactus | 310.0x220.0x90.0 ← sakura | 330.0x230.0x100.0 ← sakura;1;1
4795;Б;37.0x28.0x12.0;2;50.0;cactus,sakura;нет данных;370.0x255.0x115.0 ← sakura | 320.0x255.0x110.0 ← cactus;1;1
4802;В;36.0x15.0x10.0;4;50.0;cactus,izi,sakura;нет данных;330.0x150.0x110.0 ← izi | 340.0x160.0x100.0 ← cactus | 320.0x150.0x100.0 ← izi | 300.0x110.0x100.0 ← sakura;6;6
5335;Б;35.0x16.0x13.0;4;50.0;cactus,izi,sakura;нет данных;350.0x135.0x107.0 ← izi | 300.0x110.0x100.0 ← cactus | 300.0x108.0x98.0 ← cactus | 307.0x115.0x100.0 ← sakura;18;18
5353;Б;36.0x20.0x15.0;5;50.0;cactus,izi,sakura;нет данных;350.0x140.0x110.0 ← izi | 315.0x100.0x95.0 ← cactus | 305.0x90.0x90.0 ← cactus | 315.0x98.0x95.0 ← cactus | 350.0x130.0x105.0 ← sakura;7;7
5385;Б;37.0x20.0x15.0;3;50.0;cactus,izi,sakura;нет данных;330.0x150.0x95.0 ← izi | 315.0x100.0x95.0 ← cactus | 325.0x112.0x102.0 ← sakura;1;1
5403;Б;37.0x20.0x15.0;2;50.0;cactus,sakura;нет данных;370.0x255.0x115.0 ← sakura | 320.0x255.0x110.0 ← cactus;1;1
5482;Б;37.0x15.0x12.0;3;50.0;cactus,izi,sakura;нет данных;320.0x150.0x115.0 ← cactus | 305.0x125.0x65.0 ← izi | 300.0x110.0x100.0 ← sakura;5;5
5579;В;32.0x12.0x10.0;2;50.0;izi,sakura;нет данных;300.0x200.0x100.0 ← sakura | 300.0x150.0x90.0 ← izi;1;1
5625;В;30.0x10.0x10.0;4;50.0;cactus,izi,sakura;solutionsprint:10.0;320.0x140.0x120.0 ← sakura | 320.0x140.0x100.0 ← cactus | 315.0x140.0x110.0 ← cactus | 325.0x100.0x70.0 ← izi;1;1
5793;В;32.0x20.0x9.0;2;50.0;izi,sakura;solutionsprint:7.0;350.0x185.0x120.0 ← izi | 300.0x200.0x95.0 ← sakura;3;9
6100;Б;34.0x16.0x9.0;3;50.0;cactus,izi,sakura;нет данных;315.0x140.0x110.0 ← cactus | 300.0x150.0x60.0 ← sakura | 305.0x135.0x60.0 ← izi;1;1
0785;Б;37.0x20.0x15.0;4;49.0;cactus,izi,sakura;нет данных;335.0x115.0x105.0 ← izi | 320.0x75.0x75.0 ← cactus | 305.0x90.0x90.0 ← cactus | 303.0x66.0x63.0 ← sakura;1;1
2970;Б;37.0x20.0x15.0;4;49.0;cactus,izi,sakura;нет данных;350.0x140.0x110.0 ← izi | 315.0x100.0x95.0 ← cactus | 315.0x98.0x95.0 ← cactus | 307.0x91.0x91.0 ← sakura;7;6
0377;В;35.0x16.0x12.0;3;48.0;cactus,izi,sakura;нет данных;345.0x245.0x125.0 ← izi | 330.0x205.0x100.0 ← cactus | 339.0x197.0x88.0 ← sakura;1;1
0784;Б;37.0x20.0x15.0;4;48.0;cactus,izi,sakura;нет данных;335.0x115.0x105.0 ← izi | 320.0x75.0x75.0 ← cactus | 305.0x90.0x90.0 ← cactus | 300.0x67.0x60.0 ← sakura;1;1
2165;Б;37.0x20.0x15.0;4;48.0;cactus,izi,sakura;solutionsprint:15.0;327.0x170.0x125.0 ← izi | 320.0x140.0x120.0 ← cactus | 315.0x140.0x110.0 ← cactus | 332.0x122.0x116.0 ← sakura;2;2
3641;В;37.0x20.0x15.0;2;47.8;izi,sakura;нет данных;480.0x180.0x145.0 ← izi | 506.1x132.2x122.3 ← sakura;1;1
0280;Б;37.0x20.0x15.0;3;47.0;cactus,izi,sakura;solutionsprint:10.0;350.0x135.0x107.0 ← izi | 320.0x110.0x110.0 ← cactus | 303.0x111.0x108.0 ← sakura;15;15
0874;Б;37.0x20.0x15.0;2;47.0;cactus,sakura;solutionsprint:35.0;332.0x167.0x124.0 ← sakura | 310.0x120.0x110.0 ← cactus;1;1
2750;Б;37.0x20.0x15.0;2;47.0;izi,sakura;нет данных;345.0x245.0x125.0 ← izi | 341.0x198.0x89.0 ← sakura;1;1
4481;Б;40.0x13.0x13.0;3;47.0;cactus,izi;нет данных;320.0x145.0x100.0 ← izi | 315.0x98.0x95.0 ← cactus | 330.0x105.0x95.0 ← cactus;7;7
5355;Б;36.0x20.0x15.0;4;47.0;cactus,izi,sakura;нет данных;350.0x140.0x110.0 ← izi | 315.0x100.0x95.0 ← cactus | 315.0x98.0x95.0 ← cactus | 309.0x93.0x90.0 ← sakura;15;15
0243;Б;36.0x22.0x12.0;2;46.0;cactus,sakura;нет данных;348.0x163.0x126.0 ← cactus | 302.0x123.0x102.0 ← sakura;2;2
2343;Б;37.0x20.0x15.0;2;46.0;cactus,sakura;solutionsprint:55.0;210.0x120.0x95.0 ← cactus | 195.0x74.0x70.0 ← sakura;3;3
3264;Б;37.0x20.0x15.0;5;45.2;cactus,izi,sakura;solutionsprint:35.2;335.0x185.0x105.0 ← sakura | 320.0x140.0x100.0 ← cactus | 335.3x185.2x105.3 ← sakura | 310.0x155.0x80.0 ← sakura | 330.0x160.0x100.0 ← izi;15;15
0020;В;36.0x20.0x15.0;3;45.0;cactus,sakura;solutionsprint:30.0;375.0x263.0x120.0 ← sakura | 330.0x250.0x130.0 ← cactus | 373.0x258.0x120.0 ← sakura;3;3
0247;Б;36.0x22.0x12.0;4;45.0;cactus,izi,sakura;нет данных;350.0x160.0x110.0 ← izi | 330.0x165.0x105.0 ← cactus | 305.0x170.0x85.0 ← cactus | 331.0x168.0x94.0 ← sakura;2;2
0466;Б;37.0x20.0x15.0;2;45.0;cactus,sakura;нет данных;345.0x95.0x88.0 ← cactus | 300.0x70.0x60.0 ← sakura;1;1
0467;Б;37.0x20.0x15.0;2;45.0;cactus,sakura;нет данных;345.0x95.0x88.0 ← cactus | 300.0x70.0x60.0 ← sakura;1;1
0783;Б;37.0x20.0x15.0;4;45.0;cactus,izi,sakura;нет данных;335.0x115.0x105.0 ← izi | 305.0x90.0x90.0 ← cactus | 320.0x75.0x75.0 ← cactus | 300.0x72.0x60.0 ← sakura;3;3
0786;Б;37.0x20.0x15.0;4;45.0;cactus,izi,sakura;нет данных;335.0x115.0x105.0 ← izi | 320.0x75.0x75.0 ← cactus | 305.0x90.0x90.0 ← cactus | 300.0x70.0x61.0 ← sakura;1;1
0809;Б;37.0x20.0x15.0;4;45.0;cactus,izi,sakura;нет данных;350.0x135.0x107.0 ← izi | 305.0x95.0x95.0 ← cactus | 315.0x98.0x95.0 ← cactus | 331.0x115.0x106.0 ← sakura;1;1
0810;Б;37.0x20.0x15.0;4;45.0;cactus,izi,sakura;нет данных;350.0x135.0x107.0 ← izi | 305.0x95.0x95.0 ← cactus | 315.0x98.0x95.0 ← cactus | 330.0x114.0x104.0 ← sakura;1;1
0852;В;35.0x16.0x12.0;4;45.0;cactus,izi,sakura;solutionsprint:40.0;345.0x245.0x125.0 ← izi | 330.0x210.0x105.0 ← cactus | 305.0x205.0x100.0 ← izi | 337.0x200.0x90.0 ← sakura;7;7
0888;Б;37.0x20.0x15.0;3;45.0;cactus,izi,sakura;нет данных;350.0x135.0x107.0 ← izi | 305.0x95.0x95.0 ← cactus | 324.0x113.0x106.0 ← sakura;4;4
0889;Б;37.0x20.0x15.0;3;45.0;cactus,izi,sakura;нет данных;350.0x135.0x107.0 ← izi | 305.0x95.0x95.0 ← cactus | 328.0x113.0x107.0 ← sakura;1;1
0890;Б;37.0x20.0x15.0;3;45.0;cactus,izi,sakura;нет данных;350.0x135.0x107.0 ← izi | 305.0x95.0x95.0 ← cactus | 325.0x115.0x101.0 ← sakura;1;1
0891;Б;37.0x20.0x15.0;3;45.0;cactus,izi,sakura;нет данных;350.0x135.0x107.0 ← izi | 305.0x95.0x95.0 ← cactus | 328.0x115.0x103.0 ← sakura;1;1
1084;В;37.0x20.0x15.0;2;45.0;izi,sakura;solutionsprint:99.0;525.0x170.0x160.0 ← izi | 480.0x185.0x150.0 ← sakura;1;1
1286;В;37.0x20.0x15.0;3;45.0;cactus,izi,sakura;нет данных;370.0x250.0x150.0 ← izi | 330.0x210.0x105.0 ← cactus | 349.0x209.0x113.0 ← sakura;7;7
1324;Б;37.0x20.0x15.0;4;45.0;cactus,izi,sakura;нет данных;350.0x200.0x110.0 ← sakura | 310.0x190.0x100.0 ← cactus | 315.0x205.0x100.0 ← cactus | 320.0x160.0x100.0 ← izi;4;4
1355;Б;37.0x20.0x15.0;3;45.0;cactus,sakura;нет данных;325.0x120.0x110.0 ← sakura | 345.0x95.0x88.0 ← cactus | 370.0x90.0x90.0 ← cactus;1;1
1356;Б;37.0x20.0x15.0;3;45.0;cactus,sakura;нет данных;325.0x120.0x110.0 ← sakura | 345.0x95.0x88.0 ← cactus | 370.0x90.0x90.0 ← cactus;1;1
1357;Б;37.0x20.0x15.0;3;45.0;cactus,sakura;нет данных;325.0x120.0x110.0 ← sakura | 345.0x95.0x88.0 ← cactus | 370.0x90.0x90.0 ← cactus;1;1
1358;Б;37.0x20.0x15.0;3;45.0;cactus,sakura;нет данных;325.0x120.0x110.0 ← sakura | 345.0x95.0x88.0 ← cactus | 370.0x90.0x90.0 ← cactus;1;1
1367;Б;37.0x20.0x15.0;4;45.0;cactus,izi,sakura;solutionsprint:25.0;350.0x135.0x107.0 ← izi | 305.0x130.0x80.0 ← cactus | 320.0x110.0x110.0 ← cactus | 305.0x113.0x99.0 ← sakura;3;6
2055;Б;37.0x20.0x15.0;2;45.0;cactus,izi;нет данных;415.0x110.0x110.0 ← izi | 370.0x90.0x90.0 ← cactus;9;9
2157;Б;37.0x20.0x15.0;4;45.0;cactus,izi,sakura;нет данных;350.0x135.0x107.0 ← izi | 320.0x100.0x90.0 ← cactus | 305.0x90.0x90.0 ← cactus | 328.0x111.0x103.0 ← sakura;4;4
2158;Б;37.0x20.0x15.0;4;45.0;cactus,izi,sakura;нет данных;350.0x135.0x107.0 ← izi | 320.0x100.0x90.0 ← cactus | 305.0x90.0x90.0 ← cactus | 325.0x111.0x102.0 ← sakura;1;1
2159;Б;37.0x20.0x15.0;5;45.0;cactus,izi,sakura;solutionsprint:37.0;350.0x135.0x107.0 ← izi | 305.0x90.0x90.0 ← cactus | 320.0x100.0x90.0 ← cactus | 305.0x95.0x95.0 ← cactus | 327.0x112.0x102.0 ← sakura;1;1
2160;Б;37.0x20.0x15.0;4;45.0;cactus,izi,sakura;нет данных;350.0x135.0x107.0 ← izi | 320.0x100.0x90.0 ← cactus | 305.0x90.0x90.0 ← cactus | 328.0x111.0x101.0 ← sakura;1;1
2290;Б;37.0x20.0x15.0;4;45.0;cactus,izi,sakura;solutionsprint:150.0;350.0x135.0x107.0 ← izi | 320.0x100.0x90.0 ← cactus | 305.0x90.0x90.0 ← cactus | 330.0x120.0x100.0 ← sakura;1;1
2291;Б;37.0x20.0x15.0;3;45.0;cactus,izi;solutionsprint:150.0;350.0x135.0x107.0 ← izi | 320.0x100.0x90.0 ← cactus | 305.0x90.0x90.0 ← cactus;1;1
2292;Б;37.0x20.0x15.0;3;45.0;cactus,izi;solutionsprint:150.0;350.0x135.0x107.0 ← izi | 320.0x100.0x90.0 ← cactus | 305.0x90.0x90.0 ← cactus;1;1
2293;Б;37.0x20.0x15.0;4;45.0;cactus,izi,sakura;solutionsprint:150.0;350.0x135.0x107.0 ← izi | 320.0x100.0x90.0 ← cactus | 305.0x90.0x90.0 ← cactus | 330.0x120.0x100.0 ← sakura;4;4
2294;Б;37.0x20.0x15.0;4;45.0;cactus,izi,sakura;нет данных;350.0x135.0x107.0 ← izi | 305.0x90.0x90.0 ← cactus | 320.0x100.0x90.0 ← cactus | 330.0x110.0x100.0 ← sakura;7;7
2295;Б;37.0x20.0x15.0;5;45.0;cactus,izi,sakura;нет данных;350.0x135.0x107.0 ← izi | 320.0x100.0x90.0 ← cactus | 305.0x95.0x95.0 ← cactus | 305.0x90.0x90.0 ← cactus | 328.0x114.0x102.0 ← sakura;1;1
2296;Б;37.0x20.0x15.0;5;45.0;cactus,izi,sakura;нет данных;350.0x135.0x107.0 ← izi | 320.0x100.0x90.0 ← cactus | 305.0x95.0x95.0 ← cactus | 305.0x90.0x90.0 ← cactus | 328.0x114.0x99.0 ← sakura;1;1
2297;Б;37.0x20.0x15.0;5;45.0;cactus,izi,sakura;нет данных;350.0x135.0x107.0 ← izi | 320.0x100.0x90.0 ← cactus | 305.0x90.0x90.0 ← cactus | 305.0x95.0x95.0 ← cactus | 328.0x114.0x99.0 ← sakura;1;1
2315;Б;35.0x16.0x12.0;3;45.0;cactus,izi,sakura;нет данных;350.0x135.0x107.0 ← izi | 305.0x95.0x95.0 ← cactus | 305.0x93.0x70.0 ← sakura;5;5
2362;Б;37.0x20.0x15.0;5;45.0;cactus,izi,sakura;solutionsprint:25.0;350.0x135.0x105.0 ← izi | 320.0x110.0x110.0 ← cactus | 305.0x120.0x100.0 ← cactus | 320.0x140.0x100.0 ← cactus | 320.0x110.0x100.0 ← sakura;1;1
2978;В;37.0x20.0x15.0;5;45.0;cactus,izi,sakura;solutionsprint:60.0;370.0x230.0x160.0 ← izi | 355.0x270.0x115.0 ← cactus | 335.0x240.0x130.0 ← izi | 345.0x235.0x125.0 ← izi | 376.0x259.0x118.0 ← sakura;6;6
3025;Б;37.0x20.0x15.0;3;45.0;cactus,sakura;solutionsprint:45.0;585.0x135.0x85.0 ← cactus | 550.0x93.0x93.0 ← cactus | 550.0x90.0x85.0 ← sakura;4;3
3201;Б;37.0x20.0x15.0;3;45.0;cactus,izi,sakura;нет данных;330.0x115.0x70.0 ← cactus | 320.0x80.0x75.0 ← izi | 365.0x72.0x66.0 ← sakura;5;5
3261;Б;37.0x20.0x15.0;5;45.0;cactus,izi,sakura;solutionsprint:15.0;330.0x180.0x100.0 ← izi | 305.0x135.0x90.0 ← cactus | 310.0x140.0x70.0 ← cactus | 310.0x155.0x80.0 ← sakura | 325.0x165.0x93.0 ← sakura;1;1
5530;Б;36.0x23.0x10.0;3;45.0;cactus,izi,sakura;нет данных;305.0x205.0x100.0 ← izi | 315.0x195.0x90.0 ← cactus | 330.0x160.0x105.0 ← sakura;1;2
5720;В;14.0x11.0x7.0;3;45.0;cactus,izi,sakura;solutionsprint:0.0;180.0x125.0x65.0 ← izi | 135.0x100.0x70.0 ← cactus | 140.0x100.0x70.0 ← sakura;1;1
5721;В;14.0x11.0x7.0;3;45.0;cactus,izi,sakura;solutionsprint:0.0;180.0x125.0x65.0 ← izi | 135.0x100.0x70.0 ← cactus | 140.0x100.0x70.0 ← sakura;1;1
5722;В;14.0x11.0x7.0;3;45.0;cactus,izi,sakura;solutionsprint:0.0;180.0x125.0x65.0 ← izi | 135.0x100.0x70.0 ← cactus | 140.0x100.0x70.0 ← sakura;1;1
5847;В;35.0x14.0x10.0;3;45.0;cactus,izi,sakura;нет данных;370.0x160.0x160.0 ← sakura | 325.0x180.0x130.0 ← cactus | 345.0x190.0x120.0 ← izi;3;3
5963;Б;35.0x15.0x10.0;4;45.0;cactus,izi,sakura;solutionsprint:25.0;315.0x140.0x110.0 ← cactus | 290.0x130.0x100.0 ← izi | 310.0x120.0x80.0 ← sakura | 280.0x95.0x85.0 ← izi;1;1
0088;Б;36.0x20.0x15.0;6;44.0;cactus,izi,sakura;нет данных;350.0x140.0x110.0 ← izi | 315.0x100.0x95.0 ← cactus | 315.0x98.0x95.0 ← cactus | 350.0x135.0x107.0 ← izi | 320.0x110.0x100.0 ← sakura | 311.0x96.0x91.0 ← sakura;5;5
0250;В;35.0x16.0x12.0;4;44.0;cactus,izi,sakura;нет данных;345.0x245.0x125.0 ← izi | 320.0x210.0x90.0 ← cactus | 305.0x205.0x100.0 ← izi | 336.0x201.0x91.0 ← sakura;1;1
0376;В;35.0x16.0x12.0;4;44.0;cactus,izi,sakura;нет данных;345.0x245.0x125.0 ← izi | 330.0x205.0x100.0 ← cactus | 305.0x205.0x100.0 ← izi | 339.0x201.0x88.0 ← sakura;1;1
2318;В;37.0x20.0x15.0;2;44.0;izi,sakura;нет данных;374.0x258.0x123.0 ← sakura | 350.0x214.0x135.0 ← izi;1;1
2969;Б;37.0x20.0x15.0;2;43.0;cactus,sakura;solutionsprint:12.0;358.0x135.0x108.0 ← sakura | 315.0x100.0x95.0 ← cactus;7;6
3232;Б;37.0x20.0x15.0;3;43.0;izi,sakura;нет данных;363.0x197.0x103.0 ← sakura | 362.7x197.4x103.3 ← sakura | 320.0x160.0x100.0 ← izi;4;4
5352;Б;36.0x20.0x14.0;2;43.0;izi,sakura;нет данных;350.0x140.0x100.0 ← izi | 307.0x114.0x103.0 ← sakura;3;3
0855;В;35.0x16.0x12.0;2;42.0;cactus,sakura;нет данных;377.0x261.0x116.0 ← sakura | 335.0x260.0x120.0 ← cactus;4;4
5351;Б;36.0x20.0x15.0;4;42.0;cactus,izi,sakura;нет данных;350.0x140.0x110.0 ← izi | 315.0x100.0x95.0 ← cactus | 315.0x98.0x95.0 ← cactus | 330.0x120.0x110.0 ← sakura;8;8
5354;Б;36.0x20.0x15.0;5;42.0;cactus,izi,sakura;нет данных;350.0x135.0x107.0 ← izi | 315.0x98.0x95.0 ← cactus | 315.0x100.0x95.0 ← cactus | 310.0x93.0x91.0 ← sakura | 311.0x93.0x92.0 ← sakura;3;4
5817;Б;41.0x13.0x12.0;2;42.0;cactus,sakura;нет данных;345.0x132.0x104.0 ← cactus | 310.0x90.0x90.0 ← sakura;1;1
5818;Б;41.0x13.0x12.0;2;42.0;cactus,sakura;нет данных;345.0x132.0x104.0 ← cactus | 310.0x90.0x90.0 ← sakura;1;1
5819;Б;41.0x13.0x12.0;2;42.0;cactus,sakura;нет данных;345.0x132.0x104.0 ← cactus | 310.0x90.0x90.0 ← sakura;1;1
5820;Б;41.0x13.0x12.0;2;42.0;cactus,sakura;нет данных;345.0x132.0x104.0 ← cactus | 310.0x90.0x90.0 ← sakura;1;1
0242;Б;36.0x22.0x12.0;2;41.0;cactus,sakura;solutionsprint:9.0;340.0x145.0x120.0 ← cactus | 299.0x121.0x99.0 ← sakura;8;8
0854;Б;37.0x20.0x15.0;2;41.0;cactus,sakura;solutionsprint:40.0;330.0x210.0x105.0 ← cactus | 331.0x169.0x122.0 ← sakura;5;5
2671;Б;37.0x20.0x15.0;2;41.0;cactus,sakura;solutionsprint:46.0;356.0x207.0x111.0 ← sakura | 315.0x205.0x100.0 ← cactus;16;17
3351;Б;37.0x20.0x15.0;2;41.0;izi,sakura;нет данных;330.0x210.0x100.0 ← izi | 332.0x169.0x94.0 ← sakura;4;4
6077;В;51.0x20.0x12.0;2;41.0;cactus,sakura;нет данных;471.0x251.0x125.0 ← sakura | 500.0x210.0x130.0 ← cactus;1;1
0021;Б;35.0x16.0x13.0;4;40.0;cactus,sakura;нет данных;330.0x170.0x100.0 ← sakura | 345.0x130.0x105.0 ← cactus | 320.0x140.0x100.0 ← cactus | 333.0x168.0x96.0 ← sakura;7;7
0024;В;35.0x16.0x13.0;2;40.0;cactus,sakura;solutionsprint:40.0;370.0x250.0x120.0 ← sakura | 335.0x210.0x115.0 ← cactus;2;2
0025;В;36.0x20.0x15.0;2;40.0;cactus,sakura;solutionsprint:70.0;370.0x260.0x120.0 ← sakura | 335.0x220.0x115.0 ← cactus;11;10
0048;В;35.0x16.0x13.0;2;40.0;cactus,sakura;solutionsprint:19.0;375.0x260.0x115.0 ← sakura | 335.0x260.0x110.0 ← cactus;2;2
0257;В;36.0x22.0x12.0;3;40.0;cactus,izi,sakura;solutionsprint:20.0;350.0x260.0x130.0 ← izi | 330.0x230.0x110.0 ← cactus | 370.0x255.0x115.0 ← sakura;2;2
0276;Б;36.0x20.0x15.0;4;40.0;cactus,izi,sakura;solutionsprint:19.0;350.0x160.0x110.0 ← izi | 310.0x165.0x85.0 ← cactus | 320.0x165.0x100.0 ← cactus | 334.0x169.0x98.0 ← sakura;13;13
0277;Б;36.0x22.0x12.0;3;40.0;cactus,sakura;solutionsprint:9.0;350.0x165.0x120.0 ← cactus | 310.0x190.0x100.0 ← cactus | 331.0x174.0x95.0 ← sakura;15;15
0404;В;37.0x20.0x15.0;2;40.0;cactus,sakura;solutionsprint:30.0;365.0x240.0x160.0 ← sakura | 340.0x220.0x120.0 ← cactus;1;1
0405;В;37.0x20.0x15.0;2;40.0;cactus,sakura;solutionsprint:30.0;365.0x240.0x160.0 ← sakura | 340.0x220.0x120.0 ← cactus;1;1
0606;Б;37.0x20.0x15.0;2;40.0;cactus,sakura;нет данных;375.0x255.0x115.0 ← sakura | 335.0x260.0x120.0 ← cactus;2;2
0709;В;37.0x20.0x15.0;2;40.0;cactus,sakura;нет данных;378.0x260.0x119.0 ← sakura | 342.0x220.0x122.0 ← cactus;5;5
0729;Б;37.0x20.0x15.0;2;40.0;cactus,sakura;нет данных;350.0x200.0x110.0 ← sakura | 310.0x195.0x90.0 ← cactus;4;4
0738;В;37.0x20.0x15.0;3;40.0;cactus,izi,sakura;solutionsprint:10.0;345.0x270.0x160.0 ← izi | 340.0x250.0x120.0 ← cactus | 374.0x249.0x160.0 ← sakura;3;3
0746;Б;37.0x20.0x15.0;4;40.0;cactus,izi,sakura;нет данных;350.0x160.0x110.0 ← izi | 310.0x165.0x85.0 ← cactus | 315.0x155.0x90.0 ← cactus | 330.0x170.0x100.0 ← sakura;9;9
0753;В;37.0x20.0x15.0;4;40.0;cactus,izi,sakura;нет данных;375.0x249.0x152.0 ← sakura | 335.0x245.0x135.0 ← cactus | 335.0x240.0x130.0 ← izi | 355.0x270.0x125.0 ← izi;8;4
0782;Б;35.0x10.0x9.0;4;40.0;cactus,izi,sakura;solutionsprint:37.0;195.0x130.0x95.0 ← cactus | 190.0x125.0x60.0 ← cactus | 187.0x120.0x55.0 ← sakura | 190.0x120.0x58.0 ← izi;4;4
0787;Б;37.0x20.0x15.0;2;40.0;izi,sakura;solutionsprint:60.0;170.0x110.0x100.0 ← sakura | 170.0x80.0x60.0 ← izi;4;4
0998;Б;37.0x20.0x15.0;2;40.0;cactus,sakura;нет данных;345.0x95.0x85.0 ← cactus | 305.0x71.0x63.0 ← sakura;1;1
0999;Б;37.0x20.0x15.0;2;40.0;cactus,sakura;нет данных;345.0x95.0x85.0 ← cactus | 305.0x71.0x63.0 ← sakura;1;1
1000;Б;37.0x20.0x15.0;2;40.0;cactus,sakura;нет данных;345.0x95.0x85.0 ← cactus | 305.0x69.0x64.0 ← sakura;1;1
1107;В;37.0x20.0x15.0;3;40.0;cactus,izi,sakura;solutionsprint:15.0;340.0x270.0x160.0 ← izi | 340.0x250.0x120.0 ← cactus | 371.0x250.0x143.0 ← sakura;2;2
1144;Б;37.0x20.0x15.0;4;40.0;cactus,izi,sakura;нет данных;350.0x160.0x110.0 ← izi | 315.0x155.0x90.0 ← cactus | 310.0x140.0x70.0 ← cactus | 328.0x167.0x91.0 ← sakura;5;5
1395;В;37.0x20.0x15.0;2;40.0;izi,sakura;нет данных;507.0x222.0x160.0 ← izi | 467.0x251.0x125.0 ← sakura;2;2
2145;В;37.0x20.0x15.0;2;40.0;cactus,sakura;нет данных;375.0x261.0x117.0 ← sakura | 335.0x230.0x110.0 ← cactus;4;4
2358;В;37.0x20.0x15.0;4;40.0;cactus,izi,sakura;нет данных;500.0x220.0x160.0 ← izi | 485.0x200.0x125.0 ← cactus | 500.0x240.0x135.0 ← cactus | 499.0x203.0x130.0 ← sakura;3;3
2403;Б;36.0x20.0x15.0;4;40.0;cactus,izi,sakura;solutionsprint:165.0;315.0x140.0x140.0 ← izi | 310.0x135.0x100.0 ← cactus | 315.0x140.0x110.0 ← cactus | 330.0x125.0x115.0 ← sakura;1;1
3066;В;12.0x12.0x5.0;2;40.0;cactus,sakura;solutionsprint:160.0;285.0x125.0x35.0 ← cactus | 285.0x85.0x35.0 ← sakura;1;1
3070;В;14.0x5.0x5.0;2;40.0;cactus,sakura;solutionsprint:160.0;285.0x125.0x35.0 ← cactus,sakura | 285.0x85.0x35.0 ← cactus;1;1
3263;В;37.0x20.0x15.0;4;40.0;cactus,izi,sakura;нет данных;340.0x260.0x130.0 ← izi | 330.0x235.0x100.0 ← cactus | 360.0x230.0x100.0 ← cactus | 370.0x255.0x115.0 ← sakura;1;1
3431;Б;35.0x16.0x12.0;3;40.0;cactus,izi,sakura;solutionsprint:211.0;300.0x150.0x100.0 ← izi | 335.0x110.0x70.0 ← cactus | 327.0x114.0x104.0 ← sakura;2;2
3432;Б;35.0x16.0x12.0;4;40.0;cactus,izi,sakura;solutionsprint:211.0;300.0x150.0x100.0 ← izi | 335.0x110.0x70.0 ← cactus | 330.0x120.0x100.0 ← sakura | 320.0x115.0x100.0 ← izi;1;1
3433;Б;35.0x16.0x12.0;3;40.0;cactus,izi,sakura;solutionsprint:211.0;300.0x150.0x100.0 ← izi | 335.0x110.0x70.0 ← cactus | 330.0x120.0x100.0 ← sakura;1;1
3434;Б;35.0x16.0x12.0;4;40.0;cactus,izi,sakura;solutionsprint:211.0;300.0x150.0x100.0 ← izi | 335.0x110.0x70.0 ← cactus | 330.0x120.0x100.0 ← sakura | 320.0x115.0x100.0 ← izi;1;1
3617;В;37.0x20.0x15.0;2;40.0;cactus,sakura;нет данных;350.0x295.0x120.0 ← cactus | 310.0x260.0x118.0 ← sakura;1;1
3674;Б;37.0x20.0x15.0;2;40.0;cactus,izi;нет данных;330.0x180.0x120.0 ← izi | 315.0x140.0x110.0 ← cactus;5;5
3744;В;37.0x20.0x15.0;2;40.0;izi,sakura;solutionsprint:55.0;380.0x250.0x140.0 ← sakura | 340.0x260.0x125.0 ← izi;9;9
3898;Б;15.0x10.0x8.0;2;40.0;cactus,izi,sakura;solutionsprint:5.0;105.0x60.0x50.0 ← cactus,sakura | 135.0x100.0x35.0 ← izi;4;4
4143;Б;15.0x10.0x8.0;3;40.0;cactus,izi,sakura;solutionsprint:5.0;105.0x60.0x25.0 ← cactus,sakura | 110.0x100.0x35.0 ← izi | 75.0x65.0x36.0 ← cactus;1;1
4144;Б;15.0x10.0x8.0;3;40.0;cactus,izi,sakura;solutionsprint:5.0;105.0x60.0x25.0 ← cactus,sakura | 110.0x100.0x35.0 ← izi | 75.0x65.0x36.0 ← cactus;1;1
4145;Б;15.0x10.0x8.0;3;40.0;cactus,izi,sakura;solutionsprint:5.0;105.0x60.0x25.0 ← cactus,sakura | 110.0x100.0x35.0 ← izi | 75.0x65.0x36.0 ← cactus;1;1
4146;Б;15.0x10.0x8.0;3;40.0;cactus,izi,sakura;solutionsprint:10.0;105.0x60.0x35.0 ← cactus,sakura | 110.0x100.0x35.0 ← izi | 82.0x75.0x40.0 ← cactus;4;4
4896;В;31.0x13.0x12.0;3;40.0;cactus,sakura;нет данных;360.0x180.0x140.0 ← cactus | 320.0x155.0x140.0 ← cactus | 330.0x170.0x120.0 ← sakura;1;1
5375;В;32.0x12.0x10.0;3;40.0;cactus,izi,sakura;нет данных;350.0x135.0x110.0 ← izi | 320.0x110.0x110.0 ← cactus | 360.0x120.0x90.0 ← sakura;1;1
5376;В;32.0x12.0x10.0;3;40.0;cactus,izi,sakura;нет данных;350.0x135.0x110.0 ← izi | 320.0x110.0x110.0 ← cactus | 360.0x120.0x90.0 ← sakura;1;1
5377;В;32.0x12.0x10.0;3;40.0;cactus,izi,sakura;нет данных;350.0x135.0x110.0 ← izi | 320.0x110.0x110.0 ← cactus | 360.0x120.0x90.0 ← sakura;1;1
5485;В;32.0x12.0x10.0;2;40.0;cactus,sakura;нет данных;360.0x120.0x90.0 ← sakura | 320.0x110.0x110.0 ← cactus;1;1
5486;В;32.0x12.0x10.0;2;40.0;cactus,sakura;нет данных;360.0x120.0x90.0 ← sakura | 320.0x110.0x110.0 ← cactus;1;1
5487;В;32.0x12.0x10.0;2;40.0;cactus,sakura;нет данных;360.0x120.0x90.0 ← sakura | 320.0x110.0x110.0 ← cactus;1;1
5488;В;32.0x12.0x10.0;2;40.0;cactus,sakura;нет данных;360.0x120.0x90.0 ← sakura | 320.0x110.0x110.0 ← cactus;1;1
5550;В;36.0x12.0x12.0;2;40.0;izi,sakura;нет данных;330.0x160.0x100.0 ← izi | 360.0x120.0x120.0 ← sakura;3;4
0026;В;36.0x20.0x15.0;3;39.0;cactus,sakura;нет данных;377.0x259.0x131.0 ← sakura | 342.0x220.0x122.0 ← cactus | 376.0x257.0x126.0 ← sakura;3;3
0230;Б;35.0x16.0x13.0;2;39.0;cactus,sakura;нет данных;345.0x95.0x88.0 ← cactus | 306.0x67.0x62.0 ← sakura;8;8
0232;Б;35.0x16.0x13.0;2;39.0;cactus,sakura;нет данных;345.0x95.0x88.0 ← cactus | 306.0x69.0x63.0 ← sakura;10;10
3364;Б;37.0x20.0x15.0;3;39.0;cactus,sakura;solutionsprint:39.0;589.0x96.0x90.0 ← sakura | 550.0x93.0x93.0 ← cactus | 550.0x95.0x95.0 ← cactus;1;1
0032;Б;36.0x28.0x14.0;3;38.0;cactus,sakura;solutionsprint:70.0;350.0x240.0x150.0 ← cactus | 340.0x250.0x120.0 ← cactus | 378.0x258.0x123.0 ← sakura;1;2
0406;В;37.0x20.0x15.0;2;38.0;cactus,sakura;solutionsprint:30.0;365.0x240.0x160.0 ← sakura | 342.0x220.0x122.0 ← cactus;1;1
0736;В;37.0x20.0x15.0;3;38.0;cactus,izi,sakura;solutionsprint:17.0;373.0x259.0x129.0 ← sakura | 335.0x250.0x115.0 ← cactus | 345.0x255.0x125.0 ← izi;6;6
3034;Б;37.0x20.0x15.0;2;38.0;izi,sakura;solutionsprint:50.0;345.0x240.0x110.0 ← izi | 338.0x202.0x91.0 ← sakura;3;3
3381;В;37.0x20.0x15.0;2;38.0;cactus,sakura;solutionsprint:33.0;373.0x255.0x117.0 ← sakura | 335.0x230.0x110.0 ← cactus;1;1
5384;Б;37.0x20.0x15.0;2;38.0;izi,sakura;нет данных;330.0x150.0x95.0 ← izi | 325.0x112.0x102.0 ← sakura;1;1
5386;Б;37.0x20.0x15.0;2;38.0;izi,sakura;нет данных;330.0x150.0x95.0 ← izi | 325.0x112.0x102.0 ← sakura;1;1
5387;Б;37.0x20.0x15.0;2;38.0;izi,sakura;нет данных;330.0x150.0x95.0 ← izi | 325.0x112.0x102.0 ← sakura;1;1
0052;Б;36.0x20.0x15.0;5;37.0;cactus,izi,sakura;solutionsprint:37.0;350.0x135.0x107.0 ← izi | 315.0x98.0x95.0 ← cactus | 330.0x116.0x104.0 ← sakura | 320.0x110.0x100.0 ← sakura | 330.0x115.0x105.0 ← sakura;8;8
0053;Б;36.0x20.0x15.0;4;37.0;cactus,izi,sakura;нет данных;350.0x135.0x107.0 ← izi | 315.0x98.0x95.0 ← cactus | 350.0x130.0x105.0 ← sakura | 331.0x116.0x104.0 ← sakura;1;1
0054;Б;36.0x20.0x15.0;5;37.0;cactus,izi,sakura;нет данных;350.0x135.0x107.0 ← izi | 320.0x100.0x90.0 ← cactus | 315.0x98.0x95.0 ← cactus | 350.0x130.0x105.0 ← sakura | 328.0x114.0x105.0 ← sakura;1;1
0055;Б;36.0x20.0x15.0;5;37.0;cactus,izi,sakura;нет данных;350.0x135.0x107.0 ← izi | 320.0x100.0x90.0 ← cactus | 315.0x98.0x95.0 ← cactus | 350.0x130.0x105.0 ← sakura | 331.0x115.0x104.0 ← sakura;1;1
0248;Б;35.0x16.0x12.0;3;37.0;cactus,sakura;solutionsprint:21.0;331.0x167.0x96.0 ← sakura | 305.0x130.0x80.0 ← cactus | 320.0x165.0x100.0 ← cactus;4;4
0724;Б;37.0x20.0x15.0;4;37.0;cactus,izi,sakura;нет данных;350.0x135.0x107.0 ← izi | 315.0x98.0x95.0 ← cactus | 326.0x113.0x100.0 ← sakura | 328.0x116.0x101.0 ← sakura;6;6
0725;Б;37.0x20.0x15.0;5;37.0;cactus,izi,sakura;нет данных;350.0x135.0x107.0 ← izi | 320.0x100.0x90.0 ← cactus | 315.0x98.0x95.0 ← cactus | 330.0x110.0x105.0 ← sakura | 327.0x113.0x102.0 ← sakura;1;1
0726;Б;37.0x20.0x15.0;5;37.0;cactus,izi,sakura;нет данных;350.0x135.0x107.0 ← izi | 320.0x100.0x90.0 ← cactus | 315.0x98.0x95.0 ← cactus | 327.0x113.0x102.0 ← sakura | 330.0x110.0x105.0 ← sakura;1;1
0727;Б;37.0x20.0x15.0;5;37.0;cactus,izi,sakura;нет данных;350.0x135.0x107.0 ← izi | 330.0x115.0x105.0 ← cactus | 315.0x98.0x95.0 ← cactus | 330.0x110.0x105.0 ← sakura | 327.0x113.0x102.0 ← sakura;1;1
0737;В;37.0x20.0x15.0;2;37.0;cactus,sakura;нет данных;377.0x264.0x118.0 ← sakura | 340.0x250.0x120.0 ← cactus;10;10
0764;Б;38.0x13.0x11.0;4;37.0;cactus,izi,sakura;нет данных;350.0x135.0x107.0 ← izi | 330.0x115.0x105.0 ← cactus | 315.0x98.0x95.0 ← cactus | 330.0x114.0x106.0 ← sakura;8;8
0811;Б;37.0x20.0x15.0;4;37.0;cactus,izi,sakura;нет данных;350.0x135.0x107.0 ← izi | 330.0x115.0x105.0 ← cactus | 315.0x98.0x95.0 ← cactus | 331.0x117.0x106.0 ← sakura;1;1
0997;Б;37.0x20.0x15.0;2;37.0;cactus,sakura;нет данных;331.0x167.0x125.0 ← sakura | 345.0x130.0x105.0 ← cactus;4;4
2093;Б;37.0x20.0x15.0;2;37.0;izi,sakura;нет данных;354.0x174.0x127.0 ← sakura | 340.0x165.0x90.0 ← izi;7;7
2428;Б;37.0x20.0x15.0;3;37.0;cactus,sakura;нет данных;587.0x94.0x93.0 ← sakura | 550.0x95.0x95.0 ← cactus | 550.0x90.0x80.0 ← cactus;1;1
3015;Б;37.0x20.0x15.0;3;37.0;cactus,izi,sakura;нет данных;320.0x155.0x140.0 ← cactus | 300.0x130.0x120.0 ← izi | 331.0x167.0x124.0 ← sakura;1;1
3790;В;37.0x20.0x15.0;3;37.0;cactus,sakura;нет данных;500.0x240.0x135.0 ← cactus | 500.0x220.0x130.0 ← cactus | 506.0x203.0x129.0 ← sakura;1;1
4482;Б;40.0x13.0x13.0;3;37.0;cactus,izi;нет данных;320.0x135.0x100.0 ← izi | 330.0x105.0x95.0 ← cactus | 315.0x98.0x95.0 ← cactus;1;1
4483;Б;40.0x13.0x13.0;3;37.0;cactus,izi;нет данных;320.0x135.0x100.0 ← izi | 315.0x98.0x95.0 ← cactus | 330.0x105.0x95.0 ← cactus;1;1
4484;Б;40.0x13.0x13.0;3;37.0;cactus,izi;нет данных;320.0x135.0x100.0 ← izi | 315.0x98.0x95.0 ← cactus | 330.0x105.0x95.0 ← cactus;1;1
0278;В;36.0x22.0x12.0;3;36.0;cactus,sakura;нет данных;370.0x260.0x120.0 ← sakura | 340.0x250.0x120.0 ← cactus | 376.0x255.0x117.0 ← sakura;5;5
0515;Б;37.0x20.0x15.0;2;36.0;cactus,sakura;нет данных;330.0x115.0x105.0 ← cactus | 294.0x82.0x79.0 ← sakura;2;2
1032;Б;37.0x20.0x15.0;4;36.0;cactus,izi,sakura;нет данных;345.0x235.0x125.0 ← izi | 315.0x205.0x100.0 ← cactus | 332.0x200.0x97.0 ← sakura | 337.0x202.0x89.0 ← sakura;7;9
1366;Б;37.0x20.0x15.0;3;36.0;cactus,sakura;нет данных;167.0x104.0x101.0 ← sakura | 170.0x85.0x70.0 ← cactus | 175.0x80.0x65.0 ← cactus;5;5
2770;Б;37.0x20.0x15.0;3;36.0;cactus,sakura;solutionsprint:15.0;550.0x95.0x95.0 ← cactus | 550.0x93.0x93.0 ← cactus | 586.0x92.0x84.0 ← sakura;3;3
2773;Б;37.0x20.0x15.0;3;36.0;cactus,sakura;solutionsprint:36.0;586.0x94.0x92.0 ← sakura | 550.0x93.0x93.0 ← cactus | 550.0x95.0x95.0 ← cactus;1;1
3663;В;37.0x20.0x15.0;2;36.0;cactus,sakura;нет данных;350.0x295.0x120.0 ← cactus | 376.0x259.0x115.0 ← sakura;1;1
4231;В;50.0x21.0x14.0;3;36.0;cactus,sakura;нет данных;500.0x240.0x135.0 ← cactus | 500.0x220.0x130.0 ← cactus | 506.0x204.0x131.0 ← sakura;1;1
0022;Б;35.0x16.0x13.0;3;35.0;cactus,sakura;нет данных;330.0x175.0x105.0 ← cactus | 320.0x140.0x100.0 ← cactus | 330.0x170.0x100.0 ← sakura;1;1
0212;Б;50.0x27.0x16.0;2;35.0;cactus,sakura;нет данных;385.0x140.0x122.0 ← cactus | 350.0x170.0x110.0 ← sakura;3;3
0792;Б;37.0x20.0x15.0;3;35.0;cactus,izi,sakura;solutionsprint:31.0;330.0x165.0x105.0 ← sakura | 310.0x165.0x70.0 ← cactus | 330.0x160.0x70.0 ← izi;27;27
0793;Б;37.0x20.0x15.0;2;35.0;cactus,izi,sakura;нет данных;330.0x165.0x105.0 ← cactus,sakura | 330.0x160.0x70.0 ← izi;1;1
0794;Б;37.0x20.0x15.0;2;35.0;cactus,izi,sakura;нет данных;330.0x165.0x105.0 ← cactus,sakura | 330.0x160.0x70.0 ← izi;1;1
0795;Б;37.0x20.0x15.0;3;35.0;cactus,izi,sakura;нет данных;330.0x165.0x105.0 ← cactus,sakura | 320.0x165.0x100.0 ← cactus | 330.0x160.0x70.0 ← izi;1;1
0812;Б;35.0x16.0x13.0;3;35.0;cactus,izi,sakura;нет данных;350.0x135.0x107.0 ← izi | 320.0x100.0x90.0 ← cactus | 330.0x114.0x103.0 ← sakura;5;5
1106;В;37.0x20.0x15.0;3;35.0;cactus,izi,sakura;solutionsprint:32.0;375.0x257.0x118.0 ← sakura | 340.0x250.0x120.0 ← cactus | 345.0x255.0x125.0 ← izi;2;2
1169;В;37.0x20.0x15.0;3;35.0;cactus,izi,sakura;solutionsprint:20.0;350.0x250.0x130.0 ← izi | 335.0x230.0x110.0 ← cactus | 370.0x255.0x115.0 ← sakura;1;1
1170;Б;35.0x16.0x12.0;4;35.0;cactus,sakura;нет данных;315.0x100.0x95.0 ← cactus | 315.0x98.0x95.0 ← cactus | 290.0x100.0x60.0 ← cactus | 306.0x95.0x71.0 ← sakura;9;12
1301;Б;37.0x20.0x15.0;3;35.0;cactus,sakura;solutionsprint:80.0;330.0x170.0x120.0 ← sakura | 330.0x135.0x115.0 ← cactus | 315.0x140.0x110.0 ← cactus;4;4
1359;В;37.0x20.0x15.0;2;35.0;cactus,sakura;solutionsprint:20.0;350.0x270.0x150.0 ← cactus | 370.0x256.0x115.0 ← sakura;1;1
1404;Б;37.0x20.0x15.0;3;35.0;cactus,sakura;нет данных;330.0x170.0x120.0 ← sakura | 315.0x135.0x135.0 ← cactus | 315.0x140.0x110.0 ← cactus;3;3
1487;В;8.0x5.0x5.0;2;35.0;cactus,izi;solutionsprint:25.0;145.0x90.0x30.0 ← izi | 110.0x90.0x35.0 ← cactus;7;7
2193;В;37.0x8.0x8.0;5;35.0;cactus,izi,sakura;нет данных;300.0x110.0x100.0 ← sakura | 315.0x100.0x95.0 ← cactus | 315.0x98.0x95.0 ← cactus | 300.0x87.0x65.0 ← izi | 305.0x95.0x95.0 ← izi;3;3
2349;Б;37.0x20.0x15.0;3;35.0;cactus,sakura;solutionsprint:35.0;315.0x140.0x110.0 ← cactus | 295.0x120.0x75.0 ← cactus | 299.0x122.0x77.0 ← sakura;1;1
2350;Б;37.0x20.0x15.0;3;35.0;cactus,sakura;solutionsprint:35.0;315.0x140.0x110.0 ← cactus | 295.0x120.0x75.0 ← cactus | 299.0x122.0x76.0 ← sakura;1;1
2351;Б;37.0x20.0x15.0;3;35.0;cactus,sakura;solutionsprint:35.0;315.0x140.0x110.0 ← cactus | 295.0x120.0x75.0 ← cactus | 300.0x121.0x75.0 ← sakura;1;1
2427;Б;37.0x20.0x15.0;3;35.0;cactus,sakura;нет данных;585.0x96.0x93.0 ← sakura | 550.0x95.0x95.0 ← cactus | 550.0x90.0x80.0 ← cactus;1;1
2771;Б;37.0x20.0x15.0;3;35.0;cactus,sakura;solutionsprint:35.0;585.0x94.0x91.0 ← sakura | 550.0x93.0x93.0 ← cactus | 550.0x95.0x95.0 ← cactus;1;1
3177;В;37.0x20.0x15.0;2;35.0;cactus,izi;нет данных;375.0x330.0x180.0 ← cactus | 355.0x295.0x150.0 ← izi;7;7
3193;Б;37.0x20.0x15.0;6;35.0;cactus,izi,sakura;нет данных;335.0x115.0x105.0 ← izi | 315.0x95.0x95.0 ← cactus | 305.0x90.0x90.0 ← cactus | 305.0x95.0x95.0 ← cactus | 300.0x95.0x90.0 ← izi | 327.0x113.0x103.0 ← sakura;1;1
3194;Б;37.0x20.0x15.0;6;35.0;cactus,izi,sakura;нет данных;335.0x115.0x105.0 ← izi | 305.0x90.0x90.0 ← cactus | 315.0x95.0x95.0 ← cactus | 305.0x95.0x95.0 ← cactus | 300.0x95.0x90.0 ← izi | 327.0x114.0x102.0 ← sakura;1;1
3195;Б;37.0x20.0x15.0;6;35.0;cactus,izi,sakura;нет данных;335.0x115.0x105.0 ← izi | 315.0x95.0x95.0 ← cactus | 305.0x95.0x95.0 ← cactus | 305.0x90.0x90.0 ← cactus | 300.0x95.0x90.0 ← izi | 327.0x115.0x101.0 ← sakura;1;1
3363;Б;37.0x20.0x15.0;3;35.0;cactus,sakura;solutionsprint:35.0;585.0x96.0x95.0 ← sakura | 550.0x93.0x93.0 ← cactus | 550.0x95.0x95.0 ← cactus;1;1
3429;Б;37.0x20.0x15.0;2;35.0;cactus,sakura;нет данных;331.0x115.0x105.0 ← sakura | 335.0x110.0x70.0 ← cactus;1;1
3518;В;10.0x8.0x5.0;2;35.0;cactus,sakura;solutionsprint:160.0;285.0x85.0x35.0 ← cactus,sakura | 270.0x120.0x58.0 ← cactus;1;1
3519;В;10.0x8.0x5.0;2;35.0;cactus,sakura;solutionsprint:160.0;285.0x85.0x35.0 ← cactus,sakura | 270.0x120.0x58.0 ← cactus;1;1
3520;В;10.0x8.0x5.0;2;35.0;cactus,sakura;solutionsprint:160.0;285.0x85.0x35.0 ← cactus,sakura | 270.0x120.0x58.0 ← cactus;1;1
3521;В;10.0x8.0x5.0;2;35.0;cactus,sakura;solutionsprint:160.0;285.0x85.0x35.0 ← cactus,sakura | 270.0x120.0x58.0 ← cactus;1;1
4050;В;10.0x10.0x8.0;2;35.0;cactus,sakura;solutionsprint:100.0;230.0x120.0x40.0 ← sakura | 195.0x100.0x50.0 ← cactus;1;1
4051;В;10.0x10.0x8.0;2;35.0;cactus,sakura;solutionsprint:100.0;230.0x120.0x40.0 ← sakura | 195.0x100.0x50.0 ← cactus;1;1
4052;В;10.0x10.0x8.0;2;35.0;cactus,sakura;solutionsprint:100.0;230.0x120.0x40.0 ← sakura | 195.0x100.0x50.0 ← cactus;1;1
4053;В;10.0x10.0x8.0;2;35.0;cactus,sakura;solutionsprint:100.0;230.0x120.0x40.0 ← sakura | 195.0x100.0x50.0 ← cactus;5;5
4054;В;10.0x10.0x8.0;2;35.0;cactus,sakura;solutionsprint:100.0;230.0x120.0x40.0 ← sakura | 195.0x100.0x50.0 ← cactus;1;1
5630;В;18.0x13.0x7.0;6;35.0;cactus,izi,sakura;solutionsprint:20.0;210.0x120.0x100.0 ← cactus | 210.0x120.0x95.0 ← cactus | 205.0x97.0x90.0 ← cactus | 180.0x125.0x65.0 ← izi | 185.0x90.0x90.0 ← sakura | 215.0x110.0x95.0 ← izi;1;1
5632;В;18.0x13.0x7.0;6;35.0;cactus,izi,sakura;solutionsprint:20.0;210.0x120.0x100.0 ← cactus | 210.0x120.0x95.0 ← cactus | 205.0x97.0x90.0 ← cactus | 180.0x125.0x65.0 ← izi | 185.0x90.0x90.0 ← sakura | 215.0x110.0x95.0 ← izi;1;1
5633;В;18.0x13.0x7.0;6;35.0;cactus,izi,sakura;solutionsprint:20.0;210.0x120.0x100.0 ← cactus | 205.0x97.0x90.0 ← cactus | 210.0x120.0x95.0 ← cactus | 180.0x125.0x65.0 ← izi | 185.0x90.0x90.0 ← sakura | 215.0x110.0x95.0 ← izi;1;1
5757;В;30.0x14.0x11.0;2;35.0;cactus,izi;solutionsprint:120.0;510.0x250.0x110.0 ← cactus | 525.0x240.0x75.0 ← izi;2;3
5767;В;35.0x14.0x10.0;4;35.0;cactus,izi,sakura;solutionsprint:30.0;325.0x145.0x110.0 ← cactus | 320.0x110.0x110.0 ← cactus | 320.0x130.0x100.0 ← izi | 300.0x110.0x100.0 ← sakura;5;7
5773;Б;37.0x22.0x12.0;3;35.0;cactus,izi,sakura;нет данных;300.0x200.0x100.0 ← sakura | 320.0x165.0x100.0 ← cactus | 305.0x170.0x85.0 ← izi;5;6
5825;Б;36.0x30.0x12.0;2;35.0;izi,sakura;solutionsprint:7.0;360.0x255.0x130.0 ← izi | 325.0x255.0x110.0 ← sakura;1;1
0047;В;35.0x16.0x13.0;2;34.0;cactus,sakura;нет данных;365.0x190.0x115.0 ← cactus | 331.0x197.0x88.0 ← sakura;4;4
0383;В;37.0x20.0x15.0;2;34.0;cactus,sakura;solutionsprint:120.0;380.0x275.0x150.0 ← cactus | 378.0x260.0x116.0 ← sakura;1;1
0612;В;37.0x20.0x15.0;3;34.0;cactus,izi,sakura;solutionsprint:20.0;340.0x250.0x140.0 ← izi | 340.0x240.0x110.0 ← cactus | 374.0x258.0x117.0 ← sakura;2;2
0745;В;37.0x20.0x15.0;2;34.0;cactus,sakura;solutionsprint:11.0;350.0x240.0x150.0 ← cactus | 376.0x263.0x116.0 ← sakura;9;9
0871;Б;37.0x20.0x15.0;2;34.0;cactus,sakura;solutionsprint:36.0;331.0x169.0x122.0 ← sakura | 315.0x135.0x135.0 ← cactus;11;11
0872;Б;37.0x20.0x15.0;2;34.0;cactus,sakura;solutionsprint:36.0;331.0x169.0x124.0 ← sakura | 315.0x135.0x135.0 ← cactus;1;1
0885;В;37.0x20.0x15.0;2;34.0;cactus,sakura;нет данных;500.0x260.0x160.0 ← cactus | 466.0x252.0x129.0 ← sakura;1;1
0886;В;37.0x20.0x15.0;2;34.0;cactus,sakura;нет данных;500.0x260.0x160.0 ← cactus | 466.0x252.0x129.0 ← sakura;1;1
0887;В;37.0x20.0x15.0;2;34.0;cactus,sakura;нет данных;500.0x260.0x160.0 ← cactus | 466.0x252.0x129.0 ← sakura;1;1
0990;Б;37.0x20.0x15.0;2;34.0;cactus,sakura;нет данных;305.0x95.0x95.0 ← cactus | 304.0x69.0x61.0 ← sakura;1;1
2426;Б;37.0x20.0x15.0;3;34.0;cactus,sakura;нет данных;584.0x94.0x93.0 ← sakura | 550.0x95.0x95.0 ← cactus | 550.0x90.0x80.0 ← cactus;6;6
2765;Б;37.0x20.0x15.0;2;34.0;cactus,sakura;solutionsprint:41.0;584.0x94.0x91.0 ← sakura | 550.0x95.0x95.0 ← cactus;2;2
3362;Б;37.0x20.0x15.0;3;34.0;cactus,sakura;solutionsprint:34.0;584.0x93.0x93.0 ← sakura | 550.0x93.0x93.0 ← cactus | 550.0x95.0x95.0 ← cactus;2;2
3365;Б;37.0x20.0x15.0;3;34.0;cactus,sakura;solutionsprint:34.0;584.0x95.0x90.0 ← sakura | 550.0x95.0x95.0 ← cactus | 550.0x93.0x93.0 ← cactus;1;1
3426;Б;37.0x20.0x15.0;2;34.0;cactus,sakura;solutionsprint:246.0;330.0x115.0x104.0 ← sakura | 335.0x110.0x70.0 ← cactus;4;4
0273;Б;36.0x20.0x15.0;2;33.0;cactus,sakura;solutionsprint:124.0;365.0x190.0x115.0 ← cactus | 332.0x168.0x94.0 ← sakura;2;2
0301;Б;15.0x10.0x8.0;3;33.0;cactus,izi,sakura;solutionsprint:60.0;110.0x100.0x20.0 ← sakura | 90.0x68.0x18.0 ← cactus | 87.0x67.0x22.0 ← izi;1;1
0382;В;37.0x20.0x15.0;2;33.0;cactus,sakura;solutionsprint:120.0;380.0x275.0x150.0 ← cactus | 374.0x261.0x117.0 ← sakura;1;1
0987;Б;37.0x20.0x15.0;2;33.0;cactus,sakura;нет данных;305.0x95.0x95.0 ← cactus | 307.0x71.0x62.0 ← sakura;1;1
1105;В;37.0x20.0x15.0;2;33.0;cactus,sakura;solutionsprint:32.0;373.0x255.0x118.0 ← sakura | 340.0x250.0x120.0 ← cactus;3;3
1296;Б;37.0x20.0x15.0;3;33.0;cactus,izi,sakura;solutionsprint:182.0;332.0x168.0x123.0 ← sakura | 310.0x135.0x120.0 ← cactus | 320.0x160.0x110.0 ← izi;4;4
1297;Б;37.0x20.0x15.0;2;33.0;cactus,sakura;solutionsprint:182.0;332.0x168.0x123.0 ← sakura | 310.0x135.0x100.0 ← cactus;1;1
1298;Б;37.0x20.0x15.0;3;33.0;cactus,izi,sakura;solutionsprint:182.0;332.0x168.0x123.0 ← sakura | 310.0x135.0x100.0 ← cactus | 320.0x160.0x110.0 ← izi;1;1
1299;Б;37.0x20.0x15.0;3;33.0;cactus,izi,sakura;solutionsprint:182.0;332.0x168.0x123.0 ← sakura | 310.0x135.0x100.0 ← cactus | 320.0x160.0x110.0 ← izi;1;1
2319;Б;37.0x20.0x15.0;2;33.0;cactus,sakura;нет данных;353.0x166.0x129.0 ← sakura | 320.0x155.0x140.0 ← cactus;15;15
2405;Б;37.0x20.0x15.0;4;33.0;cactus,sakura;solutionsprint:23.0;333.0x168.0x123.0 ← sakura | 310.0x135.0x120.0 ← cactus | 320.0x140.0x120.0 ← cactus | 315.0x140.0x110.0 ← cactus;4;4
2429;Б;37.0x20.0x15.0;3;33.0;cactus,sakura;нет данных;583.0x95.0x92.0 ← sakura | 550.0x95.0x95.0 ← cactus | 550.0x90.0x80.0 ← cactus;1;1
4354;В;11.0x6.0x3.0;2;33.0;cactus,izi;нет данных;120.0x85.0x40.0 ← izi | 130.0x52.0x52.0 ← cactus;4;4
4355;В;11.0x6.0x3.0;2;33.0;cactus,izi;нет данных;120.0x85.0x40.0 ← izi | 130.0x52.0x52.0 ← cactus;1;1
0241;Б;36.0x22.0x12.0;2;32.0;cactus,sakura;solutionsprint:45.0;325.0x145.0x110.0 ← cactus | 305.0x113.0x102.0 ← sakura;3;3
0298;Б;15.0x10.0x8.0;2;32.0;cactus,sakura;solutionsprint:60.0;110.0x100.0x20.0 ← sakura | 90.0x68.0x18.0 ← cactus;1;1
0299;В;8.0x5.0x5.0;2;32.0;cactus,sakura;solutionsprint:60.0;110.0x100.0x20.0 ← sakura | 90.0x68.0x18.0 ← cactus;1;1
0300;Б;15.0x10.0x8.0;2;32.0;cactus,sakura;solutionsprint:60.0;110.0x100.0x20.0 ← sakura | 90.0x68.0x18.0 ← cactus;1;1
0302;Б;15.0x10.0x8.0;2;32.0;cactus,sakura;solutionsprint:60.0;110.0x100.0x20.0 ← sakura | 90.0x68.0x18.0 ← cactus;1;1
0381;В;37.0x20.0x15.0;2;32.0;cactus,sakura;solutionsprint:120.0;380.0x275.0x150.0 ← cactus | 379.0x257.0x118.0 ← sakura;2;2
0744;В;37.0x20.0x15.0;3;32.0;cactus,sakura;solutionsprint:64.0;350.0x240.0x150.0 ← cactus | 360.0x230.0x130.0 ← cactus | 377.0x260.0x118.0 ← sakura;1;1
0989;Б;37.0x20.0x15.0;2;32.0;cactus,sakura;нет данных;305.0x95.0x95.0 ← cactus | 305.0x71.0x63.0 ← sakura;1;1
0994;Б;37.0x20.0x15.0;2;32.0;cactus,sakura;нет данных;305.0x95.0x95.0 ← cactus | 303.0x69.0x63.0 ← sakura;1;1
0995;Б;37.0x20.0x15.0;2;32.0;cactus,sakura;нет данных;305.0x95.0x95.0 ← cactus | 304.0x71.0x63.0 ← sakura;1;1
1100;Б;37.0x20.0x15.0;2;32.0;cactus,sakura;нет данных;310.0x130.0x70.0 ← cactus | 293.0x98.0x41.0 ← sakura;3;3
1101;Б;37.0x20.0x15.0;2;32.0;cactus,sakura;solutionsprint:70.0;310.0x130.0x70.0 ← cactus | 289.0x98.0x44.0 ← sakura;1;1
1102;Б;37.0x20.0x15.0;2;32.0;cactus,sakura;solutionsprint:70.0;310.0x130.0x70.0 ← cactus | 291.0x98.0x40.0 ← sakura;1;1
1189;Б;37.0x20.0x15.0;3;32.0;cactus,sakura;нет данных;352.0x165.0x122.0 ← cactus | 320.0x140.0x100.0 ← cactus | 337.0x168.0x94.0 ← sakura;2;3
1664;Б;37.0x20.0x15.0;2;32.0;cactus,sakura;нет данных;510.0x105.0x95.0 ← cactus | 515.0x110.0x63.0 ← sakura;3;3
1718;В;29.0x13.0x10.0;5;32.0;cactus,izi,sakura;solutionsprint:40.0;330.0x115.0x105.0 ← sakura | 315.0x100.0x95.0 ← cactus | 315.0x98.0x95.0 ← cactus | 300.0x130.0x95.0 ← izi | 300.0x130.0x100.0 ← izi;6;6
2766;Б;37.0x20.0x15.0;2;32.0;cactus,sakura;solutionsprint:43.0;582.0x93.0x92.0 ← sakura | 550.0x95.0x95.0 ← cactus;1;1
2767;Б;37.0x20.0x15.0;2;32.0;cactus,sakura;solutionsprint:43.0;582.0x93.0x92.0 ← sakura | 550.0x95.0x95.0 ← cactus;1;1
2768;Б;37.0x20.0x15.0;2;32.0;cactus,sakura;solutionsprint:43.0;582.0x93.0x92.0 ← sakura | 550.0x95.0x95.0 ← cactus;1;1
2977;Б;37.0x20.0x15.0;2;32.0;izi,sakura;нет данных;332.0x167.0x126.0 ← sakura | 300.0x135.0x120.0 ← izi;1;1
0535;Б;37.0x20.0x15.0;2;31.0;cactus,sakura;solutionsprint:10.0;325.0x145.0x110.0 ← cactus | 294.0x124.0x101.0 ← sakura;2;2
1103;Б;37.0x20.0x15.0;2;31.0;cactus,sakura;solutionsprint:70.0;310.0x130.0x70.0 ← cactus | 291.0x99.0x41.0 ← sakura;1;1
0036;Б;36.0x22.0x12.0;3;30.0;cactus,izi,sakura;solutionsprint:20.0;350.0x160.0x110.0 ← izi | 320.0x165.0x100.0 ← cactus | 325.0x165.0x90.0 ← sakura;2;2
0062;Б;36.0x20.0x14.0;4;30.0;cactus,izi,sakura;нет данных;350.0x140.0x110.0 ← izi | 320.0x110.0x110.0 ← cactus | 350.0x135.0x107.0 ← izi | 330.0x126.0x114.0 ← sakura;8;8
0111;Б;36.0x20.0x15.0;4;30.0;cactus,izi,sakura;solutionsprint:14.0;350.0x160.0x110.0 ← izi | 320.0x165.0x100.0 ← cactus | 320.0x160.0x100.0 ← izi | 329.0x169.0x98.0 ← sakura;2;2
0249;Б;36.0x22.0x12.0;3;30.0;cactus,izi,sakura;нет данных;350.0x160.0x110.0 ← izi | 320.0x165.0x100.0 ← cactus | 331.0x167.0x94.0 ← sakura;11;11
0254;Б;36.0x22.0x12.0;3;30.0;cactus,izi,sakura;solutionsprint:20.0;350.0x160.0x110.0 ← izi | 320.0x165.0x100.0 ← cactus | 330.0x169.0x91.0 ← sakura;4;4
0306;Б;15.0x10.0x8.0;2;30.0;cactus,izi;нет данных;115.0x95.0x45.0 ← cactus | 85.0x75.0x38.0 ← izi;19;20
0586;Б;37.0x20.0x15.0;2;30.0;cactus,sakura;нет данных;330.0x170.0x100.0 ← sakura | 320.0x140.0x100.0 ← cactus;1;1
0666;Б;37.0x20.0x15.0;2;30.0;cactus,sakura;нет данных;342.0x195.0x104.0 ← cactus | 350.0x165.0x115.0 ← sakura;1;1
0993;Б;37.0x20.0x15.0;2;30.0;cactus,sakura;нет данных;305.0x95.0x95.0 ← cactus | 304.0x69.0x65.0 ← sakura;1;1
1070;В;37.0x20.0x15.0;2;30.0;cactus,izi;нет данных;465.0x165.0x145.0 ← izi | 485.0x145.0x115.0 ← cactus;7;7
1221;Б;15.0x10.0x8.0;2;30.0;cactus,izi;нет данных;120.0x110.0x20.0 ← izi | 90.0x80.0x18.0 ← cactus;1;1
1228;Б;15.0x10.0x8.0;2;30.0;cactus,izi,sakura;нет данных;90.0x80.0x18.0 ← cactus,sakura | 120.0x95.0x25.0 ← izi;1;1
1229;Б;15.0x10.0x8.0;2;30.0;cactus,izi,sakura;нет данных;90.0x80.0x18.0 ← cactus,sakura | 120.0x95.0x25.0 ← izi;1;1
1230;Б;15.0x10.0x8.0;2;30.0;cactus,izi,sakura;нет данных;90.0x80.0x18.0 ← cactus,sakura | 120.0x95.0x25.0 ← izi;1;1
1231;Б;15.0x10.0x8.0;2;30.0;cactus,izi,sakura;solutionsprint:80.0;90.0x80.0x26.0 ← cactus,sakura | 120.0x95.0x25.0 ← izi;3;3
1300;Б;37.0x20.0x15.0;3;30.0;cactus,sakura;solutionsprint:175.0;325.0x165.0x120.0 ← sakura | 315.0x140.0x110.0 ← cactus | 330.0x135.0x115.0 ← cactus;1;1
1302;Б;37.0x20.0x15.0;3;30.0;cactus,sakura;solutionsprint:175.0;325.0x165.0x120.0 ← sakura | 330.0x135.0x115.0 ← cactus | 315.0x140.0x110.0 ← cactus;1;1
1303;Б;37.0x20.0x15.0;3;30.0;cactus,sakura;solutionsprint:175.0;325.0x165.0x120.0 ← sakura | 330.0x135.0x115.0 ← cactus | 315.0x140.0x110.0 ← cactus;1;1
1405;Б;37.0x20.0x15.0;3;30.0;cactus,sakura;нет данных;325.0x165.0x120.0 ← sakura | 315.0x135.0x135.0 ← cactus | 315.0x140.0x110.0 ← cactus;1;1
1406;Б;37.0x20.0x15.0;3;30.0;cactus,sakura;нет данных;325.0x165.0x120.0 ← sakura | 315.0x135.0x135.0 ← cactus | 315.0x140.0x110.0 ← cactus;1;1
1407;Б;37.0x20.0x15.0;3;30.0;cactus,sakura;нет данных;325.0x165.0x120.0 ← sakura | 315.0x135.0x135.0 ← cactus | 315.0x140.0x110.0 ← cactus;1;1
1684;В;37.0x20.0x15.0;2;30.0;cactus,izi;нет данных;510.0x250.0x110.0 ← cactus | 535.0x245.0x80.0 ← izi;3;3
1698;Б;37.0x20.0x15.0;2;30.0;cactus,sakura;нет данных;550.0x95.0x95.0 ← cactus | 580.0x90.0x90.0 ← sakura;1;1
1700;Б;37.0x20.0x15.0;2;30.0;cactus,sakura;нет данных;550.0x95.0x95.0 ← cactus | 580.0x90.0x90.0 ← sakura;1;1
2194;Б;37.0x20.0x15.0;6;30.0;cactus,izi,sakura;нет данных;315.0x100.0x95.0 ← cactus | 315.0x98.0x95.0 ← cactus | 300.0x87.0x65.0 ← izi | 304.0x94.0x68.0 ← sakura | 304.0x92.0x69.0 ← sakura | 305.0x95.0x95.0 ← izi;3;3
2360;Б;37.0x20.0x15.0;5;30.0;cactus,izi,sakura;solutionsprint:25.0;350.0x135.0x107.0 ← izi | 320.0x110.0x110.0 ← cactus | 320.0x140.0x100.0 ← cactus | 329.0x114.0x106.0 ← sakura | 328.0x113.0x105.0 ← sakura;7;7
2361;Б;37.0x20.0x15.0;5;30.0;cactus,izi,sakura;solutionsprint:25.0;350.0x135.0x107.0 ← izi | 320.0x110.0x110.0 ← cactus | 320.0x140.0x100.0 ← cactus | 327.0x113.0x101.0 ← sakura | 329.0x115.0x105.0 ← sakura;1;1
2363;Б;37.0x20.0x15.0;5;30.0;cactus,izi,sakura;solutionsprint:25.0;350.0x135.0x107.0 ← izi | 320.0x140.0x100.0 ← cactus | 320.0x110.0x110.0 ← cactus | 327.0x114.0x102.0 ← sakura | 328.0x112.0x110.0 ← sakura;1;1
2401;Б;36.0x20.0x15.0;3;30.0;cactus,izi,sakura;solutionsprint:165.0;315.0x140.0x140.0 ← izi | 315.0x140.0x110.0 ← cactus | 331.0x124.0x117.0 ← sakura;1;1
2402;Б;36.0x20.0x15.0;3;30.0;cactus,izi,sakura;solutionsprint:165.0;315.0x140.0x140.0 ← izi | 315.0x140.0x110.0 ← cactus | 333.0x122.0x115.0 ← sakura;1;1
2772;Б;37.0x20.0x15.0;2;30.0;cactus,sakura;solutionsprint:15.0;550.0x95.0x95.0 ← cactus | 580.0x90.0x90.0 ← sakura;1;1
3171;Б;37.0x20.0x15.0;4;30.0;cactus,sakura;solutionsprint:84.7;341.0x125.0x125.0 ← sakura | 345.0x132.0x104.0 ← cactus | 315.0x140.0x110.0 ← cactus | 341.1x125.3x124.8 ← sakura;1;1
3218;Б;37.0x20.0x15.0;2;30.0;cactus,izi;solutionsprint:45.0;315.0x98.0x95.0 ← cactus | 300.0x87.0x65.0 ← izi;1;1
3368;Б;37.0x20.0x15.0;2;30.0;cactus,sakura;solutionsprint:22.0;332.0x170.0x94.0 ← sakura | 330.0x140.0x80.0 ← cactus;3;3
4436;В;29.0x13.0x4.0;2;30.0;cactus,izi,sakura;нет данных;285.0x125.0x35.0 ← cactus,sakura | 265.0x155.0x40.0 ← izi;1;1
4437;В;29.0x13.0x4.0;2;30.0;cactus,izi,sakura;нет данных;285.0x125.0x35.0 ← cactus,sakura | 265.0x155.0x40.0 ← izi;1;1
4438;В;29.0x13.0x4.0;2;30.0;cactus,izi,sakura;нет данных;285.0x125.0x35.0 ← cactus,sakura | 265.0x155.0x40.0 ← izi;1;1
5749;Б;34.0x19.0x11.0;2;30.0;izi,sakura;нет данных;325.0x165.0x93.0 ← sakura | 305.0x135.0x65.0 ← izi;4;4
5806;В;31.0x19.0x9.0;2;30.0;izi,sakura;solutionsprint:7.0;350.0x185.0x120.0 ← izi | 330.0x190.0x90.0 ← sakura;1;3
6231;В;30.0x11.0x10.0;3;30.0;izi,sakura;нет данных;330.0x150.0x110.0 ← izi | 320.0x150.0x100.0 ← izi | 300.0x130.0x100.0 ← sakura;1;1
6805;Б;37.0x22.0x12.0;2;30.0;izi,sakura;нет данных;300.0x200.0x100.0 ← sakura | 315.0x170.0x90.0 ← izi;1;1
0050;Б;36.0x20.0x15.0;2;29.0;cactus,sakura;нет данных;334.0x120.0x116.0 ← sakura | 305.0x120.0x100.0 ← cactus;15;13
0239;Б;35.0x16.0x13.0;3;29.0;cactus,izi,sakura;solutionsprint:25.0;285.0x125.0x95.0 ← izi | 260.0x100.0x95.0 ← cactus | 263.0x96.0x87.0 ← sakura;4;4
0584;Б;37.0x20.0x15.0;2;29.0;cactus,sakura;solutionsprint:31.0;330.0x169.0x95.0 ← sakura | 320.0x140.0x100.0 ← cactus;1;1
0585;Б;37.0x20.0x15.0;2;29.0;cactus,sakura;solutionsprint:25.0;330.0x169.0x95.0 ← sakura | 320.0x140.0x100.0 ← cactus;1;1
1371;Б;37.0x20.0x15.0;2;29.0;cactus,sakura;solutionsprint:43.0;340.0x195.0x130.0 ← cactus | 325.0x166.0x125.0 ← sakura;1;1
2400;Б;37.0x20.0x15.0;2;29.0;cactus,sakura;solutionsprint:178.0;328.0x169.0x128.0 ← sakura | 315.0x140.0x110.0 ← cactus;5;5
2722;Б;37.0x20.0x15.0;2;29.0;cactus,sakura;solutionsprint:73.0;337.0x169.0x122.0 ← sakura | 315.0x140.0x110.0 ← cactus;1;1
2723;Б;37.0x20.0x15.0;2;29.0;cactus,sakura;solutionsprint:72.0;336.0x169.0x120.0 ← sakura | 315.0x140.0x110.0 ← cactus;1;1
3845;Б;15.0x10.0x10.0;2;29.0;cactus,sakura;нет данных;150.0x48.0x48.0 ← cactus,sakura | 121.0x37.0x37.0 ← cactus;9;10
3846;Б;15.0x10.0x10.0;2;29.0;cactus,sakura;нет данных;150.0x48.0x48.0 ← cactus,sakura | 121.0x37.0x37.0 ← cactus;1;1
3847;Б;15.0x10.0x10.0;2;29.0;cactus,sakura;нет данных;150.0x48.0x48.0 ← cactus,sakura | 121.0x37.0x37.0 ← cactus;1;1
3848;Б;15.0x10.0x10.0;3;29.0;cactus,sakura;нет данных;150.0x48.0x48.0 ← sakura | 140.0x48.0x48.0 ← cactus | 121.0x37.0x37.0 ← cactus;1;1
3850;Б;15.0x10.0x10.0;3;29.0;cactus,sakura;solutionsprint:10.0;150.0x60.0x60.0 ← sakura | 121.0x37.0x37.0 ← cactus | 140.0x48.0x48.0 ← cactus;8;8
3851;Б;15.0x10.0x10.0;3;29.0;cactus,sakura;solutionsprint:5.0;150.0x48.0x48.0 ← sakura | 140.0x48.0x48.0 ← cactus | 121.0x37.0x37.0 ← cactus;1;1
3852;Б;15.0x10.0x10.0;3;29.0;cactus,sakura;solutionsprint:5.0;150.0x48.0x48.0 ← sakura | 140.0x48.0x48.0 ← cactus | 121.0x37.0x37.0 ← cactus;1;1
3853;Б;15.0x10.0x10.0;3;29.0;cactus,sakura;solutionsprint:5.0;150.0x48.0x48.0 ← sakura | 121.0x37.0x37.0 ← cactus | 140.0x48.0x48.0 ← cactus;1;1
0853;В;35.0x16.0x12.0;2;28.0;cactus,sakura;solutionsprint:28.0;340.0x195.0x130.0 ← cactus | 331.0x167.0x125.0 ← sakura;10;11
0876;В;36.0x20.0x15.0;3;28.0;cactus,izi,sakura;solutionsprint:40.0;373.0x250.0x143.0 ← sakura | 350.0x240.0x150.0 ← cactus | 345.0x235.0x125.0 ← izi;3;4
1835;Б;37.0x20.0x15.0;2;28.0;cactus,sakura;нет данных;338.0x202.0x89.0 ← sakura | 310.0x190.0x100.0 ← cactus;5;5
2050;Б;37.0x20.0x15.0;2;28.0;cactus,sakura;solutionsprint:152.0;345.0x155.0x125.0 ← cactus | 335.0x168.0x97.0 ← sakura;1;1
2365;Б;37.0x20.0x15.0;3;28.0;cactus,sakura;нет данных;328.0x117.0x107.0 ← sakura | 300.0x100.0x95.0 ← cactus | 315.0x98.0x95.0 ← cactus;7;7
2720;Б;37.0x20.0x15.0;2;28.0;cactus,sakura;solutionsprint:70.0;334.0x168.0x126.0 ← sakura | 315.0x140.0x110.0 ← cactus;2;2
0240;Б;35.0x16.0x13.0;3;27.0;cactus,izi,sakura;solutionsprint:25.0;285.0x125.0x95.0 ← izi | 260.0x100.0x95.0 ← cactus | 258.0x98.0x90.0 ← sakura;6;6
0583;Б;35.0x16.0x12.0;2;27.0;cactus,sakura;solutionsprint:30.0;331.0x167.0x96.0 ← sakura | 320.0x140.0x100.0 ← cactus;8;9
0892;В;37.0x20.0x15.0;2;27.0;cactus,sakura;solutionsprint:157.0;467.0x253.0x125.0 ← sakura | 440.0x250.0x125.0 ← cactus;3;4
1042;Б;37.0x20.0x15.0;4;27.0;cactus,izi,sakura;нет данных;320.0x140.0x100.0 ← cactus | 305.0x120.0x100.0 ← cactus | 305.0x135.0x90.0 ← izi | 307.0x113.0x105.0 ← sakura;14;14
1430;Б;37.0x20.0x15.0;2;27.0;cactus,sakura;solutionsprint:17.0;337.0x201.0x90.0 ← sakura | 310.0x190.0x100.0 ← cactus;5;5
1616;Б;37.0x20.0x15.0;2;27.0;cactus,sakura;нет данных;340.0x195.0x130.0 ← cactus | 332.0x168.0x120.0 ← sakura;3;3
3788;Б;37.0x20.0x15.0;2;27.0;cactus,sakura;нет данных;342.0x195.0x130.0 ← cactus | 332.0x168.0x121.0 ← sakura;1;1
1158;Б;37.0x20.0x15.0;4;26.0;cactus,sakura;solutionsprint:57.0;331.0x115.0x102.0 ← sakura | 320.0x110.0x110.0 ← cactus | 305.0x90.0x90.0 ← cactus | 326.0x115.0x102.0 ← sakura;4;5
3094;В;10.0x8.0x5.0;2;26.0;cactus,sakura;solutionsprint:75.0;365.0x190.0x115.0 ← cactus | 361.0x164.0x127.0 ← sakura;1;1
3095;В;10.0x8.0x5.0;2;26.0;cactus,sakura;solutionsprint:75.0;365.0x190.0x115.0 ← cactus | 366.0x164.0x127.0 ← sakura;1;1
0229;Б;43.0x9.0x5.0;2;25.0;cactus,sakura;нет данных;280.0x70.0x65.0 ← cactus | 305.0x71.0x47.0 ← sakura;6;6
0238;Б;35.0x10.0x9.0;3;25.0;cactus,izi,sakura;solutionsprint:25.0;255.0x95.0x95.0 ← izi | 280.0x85.0x85.0 ← cactus | 261.0x97.0x90.0 ← sakura;4;4
0384;В;37.0x20.0x15.0;2;25.0;cactus,sakura;нет данных;380.0x275.0x150.0 ← cactus | 380.0x261.0x125.0 ← sakura;1;1
0436;Б;37.0x20.0x15.0;2;25.0;cactus,sakura;нет данных;330.0x172.0x129.0 ← sakura | 330.0x165.0x104.0 ← cactus;6;6
0565;Б;37.0x20.0x15.0;2;25.0;cactus,sakura;solutionsprint:23.0;365.0x190.0x115.0 ← cactus | 340.0x198.0x90.0 ← sakura;1;1
0655;Б;37.0x20.0x15.0;2;25.0;cactus,sakura;solutionsprint:36.0;350.0x115.0x105.0 ← sakura | 370.0x90.0x90.0 ← cactus;1;1
0740;Б;58.0x20.0x13.0;2;25.0;cactus,sakura;нет данных;345.0x155.0x125.0 ← cactus | 350.0x170.0x100.0 ← sakura;8;8
0830;Б;37.0x20.0x15.0;2;25.0;cactus,sakura;solutionsprint:5.0;440.0x95.0x90.0 ← cactus | 440.0x70.0x70.0 ← sakura;3;3
0902;Б;15.0x10.0x8.0;2;25.0;cactus,izi;нет данных;105.0x80.0x25.0 ← izi | 130.0x75.0x20.0 ← cactus;1;1
0903;Б;15.0x10.0x8.0;2;25.0;cactus,izi;нет данных;105.0x80.0x25.0 ← izi | 130.0x75.0x20.0 ← cactus;1;1
0904;Б;15.0x10.0x8.0;2;25.0;cactus,izi;нет данных;105.0x80.0x25.0 ← izi | 130.0x75.0x20.0 ← cactus;1;1
1287;Б;37.0x20.0x15.0;2;25.0;cactus,sakura;solutionsprint:45.0;355.0x208.0x115.0 ← sakura | 330.0x210.0x105.0 ← cactus;5;5
1320;Б;37.0x20.0x15.0;2;25.0;izi,sakura;нет данных;315.0x85.0x75.0 ← izi | 290.0x70.0x70.0 ← sakura;5;6
1467;Б;15.0x10.0x8.0;2;25.0;cactus,izi;нет данных;105.0x80.0x25.0 ← izi | 130.0x75.0x20.0 ← cactus;1;1
1468;Б;15.0x10.0x8.0;2;25.0;cactus,izi;нет данных;105.0x80.0x25.0 ← izi | 130.0x75.0x20.0 ← cactus;1;1
1469;Б;15.0x10.0x8.0;2;25.0;cactus,izi;нет данных;105.0x80.0x25.0 ← izi | 130.0x75.0x20.0 ← cactus;1;1
1702;Б;37.0x20.0x15.0;3;25.0;cactus,sakura;нет данных;510.0x140.0x120.0 ← cactus | 505.0x115.0x115.0 ← cactus | 500.0x135.0x110.0 ← sakura;1;1
1703;Б;37.0x20.0x15.0;3;25.0;cactus,sakura;нет данных;500.0x135.0x130.0 ← sakura | 510.0x140.0x120.0 ← cactus | 505.0x115.0x115.0 ← cactus;5;5
1704;Б;37.0x20.0x15.0;3;25.0;cactus,sakura;нет данных;510.0x140.0x120.0 ← cactus | 505.0x115.0x115.0 ← cactus | 500.0x135.0x110.0 ← sakura;1;1
1705;Б;37.0x20.0x15.0;3;25.0;cactus,sakura;нет данных;510.0x140.0x120.0 ← cactus | 505.0x115.0x115.0 ← cactus | 500.0x135.0x110.0 ← sakura;1;1
3945;Б;37.0x15.0x12.0;4;25.0;cactus,sakura;нет данных;330.0x165.0x105.0 ← cactus | 320.0x165.0x100.0 ← cactus | 305.0x170.0x85.0 ← cactus | 305.0x165.0x87.0 ← sakura;4;4
5840;Б;37.0x15.0x12.0;2;25.0;cactus,izi;нет данных;330.0x160.0x120.0 ← izi | 320.0x135.0x122.0 ← cactus;1;3
0112;Б;34.0x22.0x10.0;3;24.0;cactus,izi,sakura;нет данных;332.0x168.0x124.0 ← sakura | 330.0x165.0x105.0 ← cactus | 320.0x180.0x100.0 ← izi;10;10
0723;Б;37.0x20.0x15.0;4;24.0;cactus,sakura;нет данных;329.0x115.0x100.0 ← sakura | 320.0x100.0x90.0 ← cactus | 315.0x98.0x95.0 ← cactus | 305.0x95.0x95.0 ← cactus;4;4
1160;Б;37.0x20.0x15.0;4;24.0;cactus,sakura;solutionsprint:58.0;327.0x114.0x104.0 ← sakura | 315.0x95.0x95.0 ← cactus | 305.0x90.0x90.0 ← cactus | 327.0x112.0x103.0 ← sakura;1;1
1161;Б;37.0x20.0x15.0;4;24.0;cactus,sakura;solutionsprint:59.0;327.0x113.0x105.0 ← sakura | 320.0x110.0x110.0 ← cactus | 305.0x90.0x90.0 ← cactus | 324.0x114.0x104.0 ← sakura;1;1
2227;Б;37.0x20.0x15.0;2;24.0;cactus,sakura;нет данных;328.0x169.0x123.0 ← sakura | 325.0x145.0x110.0 ← cactus;1;1
3096;В;10.0x8.0x5.0;2;24.0;cactus,sakura;solutionsprint:75.0;365.0x190.0x115.0 ← cactus | 362.0x166.0x127.0 ← sakura;1;1
3191;Б;37.0x20.0x15.0;3;24.0;cactus,izi,sakura;нет данных;320.0x160.0x110.0 ← izi | 320.0x165.0x100.0 ← cactus | 304.0x168.0x86.0 ← sakura;1;1
1159;Б;37.0x20.0x15.0;4;23.0;cactus,sakura;solutionsprint:62.0;320.0x110.0x110.0 ← cactus | 305.0x90.0x90.0 ← cactus | 325.0x112.0x102.0 ← sakura | 324.0x113.0x102.0 ← sakura;1;1
1191;Б;37.0x20.0x15.0;3;23.0;cactus,izi,sakura;solutionsprint:41.0;320.0x190.0x110.0 ← izi | 315.0x195.0x90.0 ← cactus | 307.0x199.0x87.0 ← sakura;7;7
3088;В;10.0x8.0x5.0;2;23.0;cactus,sakura;solutionsprint:75.0;365.0x190.0x115.0 ← cactus | 363.0x167.0x126.0 ← sakura;2;3
3090;В;10.0x8.0x5.0;2;23.0;cactus,sakura;solutionsprint:75.0;365.0x190.0x115.0 ← cactus | 362.0x167.0x128.0 ← sakura;1;1
3233;Б;37.0x20.0x15.0;2;23.0;izi,sakura;solutionsprint:25.0;320.0x215.0x110.0 ← izi | 305.0x195.0x87.0 ← sakura;1;1
5350;Б;36.0x22.0x12.0;3;23.0;cactus,izi,sakura;нет данных;350.0x160.0x110.0 ← izi | 342.0x175.0x95.0 ← cactus | 327.0x169.0x94.0 ← sakura;4;4
1615;Б;37.0x20.0x15.0;2;22.0;cactus,sakura;нет данных;332.0x170.0x120.0 ← sakura | 310.0x160.0x100.0 ← cactus;1;1
2406;Б;37.0x20.0x15.0;5;22.0;cactus,izi,sakura;нет данных;320.0x145.0x120.0 ← izi | 310.0x135.0x100.0 ← cactus | 320.0x140.0x100.0 ← cactus | 315.0x140.0x110.0 ← cactus | 332.0x123.0x116.0 ← sakura;1;1
2408;Б;37.0x20.0x15.0;4;22.0;cactus,izi,sakura;нет данных;320.0x145.0x120.0 ← izi | 310.0x135.0x100.0 ← cactus | 315.0x140.0x110.0 ← cactus | 332.0x123.0x115.0 ← sakura;1;1
3089;В;10.0x8.0x5.0;2;22.0;cactus,sakura;solutionsprint:75.0;365.0x190.0x115.0 ← cactus | 363.0x168.0x127.0 ← sakura;1;1
3091;В;10.0x8.0x5.0;2;22.0;cactus,sakura;solutionsprint:75.0;365.0x190.0x115.0 ← cactus | 361.0x168.0x127.0 ← sakura;1;1
3909;Б;37.0x15.0x12.0;3;22.0;cactus,sakura;нет данных;325.0x112.0x102.0 ← sakura | 305.0x110.0x90.0 ← cactus | 305.0x90.0x90.0 ← cactus;3;3
3910;Б;37.0x15.0x12.0;3;22.0;cactus,sakura;нет данных;325.0x112.0x102.0 ← sakura | 305.0x110.0x90.0 ← cactus | 305.0x90.0x90.0 ← cactus;1;1
3911;Б;37.0x15.0x12.0;3;22.0;cactus,sakura;нет данных;325.0x112.0x102.0 ← sakura | 305.0x110.0x90.0 ← cactus | 305.0x90.0x90.0 ← cactus;1;1
3912;Б;37.0x15.0x12.0;3;22.0;cactus,sakura;нет данных;325.0x112.0x102.0 ← sakura | 305.0x110.0x90.0 ← cactus | 305.0x90.0x90.0 ← cactus;1;1
2323;В;37.0x20.0x15.0;2;21.0;cactus,sakura;solutionsprint:197.0;376.0x263.0x117.0 ← sakura | 355.0x270.0x115.0 ← cactus;4;4
2357;В;37.0x20.0x15.0;2;21.0;cactus,sakura;solutionsprint:45.0;506.0x200.0x125.0 ← sakura | 485.0x200.0x125.0 ← cactus;2;2
2407;Б;37.0x20.0x15.0;5;21.0;cactus,izi,sakura;нет данных;320.0x145.0x120.0 ← izi | 310.0x135.0x100.0 ← cactus | 320.0x140.0x100.0 ← cactus | 315.0x140.0x110.0 ← cactus | 331.0x124.0x115.0 ← sakura;1;1
