external_code;наш_Д;наш_Ш;наш_В;внеш_Д;внеш_Ш;внеш_В;расхождение_по_сторонам;наш_объём_л;внеш_объём_л;разница_объёма_л;число_источников;группа;карточек_wb_acc1;src_file;src_locator;src_sha256
0001;;;;37.0;25.0;14.0;карточки расходятся между собой (2 разных короба);;;;2;Г;3;/opt/mp-analytics/incoming/gab/САКУРА АБДУЛ 05.06.xlsx;Лазерная Sakura!r264;ddbb1c580ba3ed878627b3d8dbea6c97710c4682804b2638b792149bf490915a
0002;35.0;16.0;13.0;35.0;14.0;11.0;0.0 / 2.0 / 2.0;7.28;5.39;1.89;3;А;17;/opt/mp-analytics/incoming/gab/Изи.xlsx;Данные по картриджам!r661;4064fa397384d687b0349dbae769c7d4a21c54bf65a712f6c31981a966b8f971
0003;61.0;32.0;17.0;57.0;25.0;15.0;4.0 / 7.0 / 2.0;33.184;21.375;11.809;2;Б;1;/opt/mp-analytics/incoming/gab/Вся расходка Китай РФ Cactus GG PR.xlsx;Лист1!r3298;d0488dd393f71b9cb95cf51390c2aba1ef902bcac7a8eb2f95247679cc1d25fc
0004;35.0;16.0;13.0;34.0;17.5;9.5;1.0 / -1.5 / 3.5;7.28;5.652;1.628;1;Б;4;/opt/mp-analytics/incoming/gab/Вся расходка Китай РФ Cactus GG PR.xlsx;Лист1!r271;d0488dd393f71b9cb95cf51390c2aba1ef902bcac7a8eb2f95247679cc1d25fc
0011;35.0;16.0;13.0;33.0;16.0;10.0;2.0 / 0.0 / 3.0;7.28;5.28;2.0;3;Б;3;/opt/mp-analytics/incoming/gab/Изи.xlsx;Данные по картриджам!r671;4064fa397384d687b0349dbae769c7d4a21c54bf65a712f6c31981a966b8f971
0015;35.0;16.0;13.0;32.5;16.5;9.0;2.5 / -0.5 / 4.0;7.28;4.826;2.454;2;Б;2;/opt/mp-analytics/incoming/gab/САКУРА АБДУЛ 05.06.xlsx;Лазерная Sakura!r898;ddbb1c580ba3ed878627b3d8dbea6c97710c4682804b2638b792149bf490915a
0016;15.0;10.0;8.0;9.2;5.2;2.9;5.8 / 4.8 / 5.1;1.2;0.139;1.061;4;Б;1;/opt/mp-analytics/incoming/gab/Изи.xlsx;Данные по картриджам!r922;4064fa397384d687b0349dbae769c7d4a21c54bf65a712f6c31981a966b8f971
0018;;;;35.0;16.0;11.0;карточки расходятся между собой (2 разных короба);;;;3;Г;62;/opt/mp-analytics/incoming/gab/Изи.xlsx;Данные по картриджам!r52;4064fa397384d687b0349dbae769c7d4a21c54bf65a712f6c31981a966b8f971
0019;35.0;16.0;13.0;35.0;16.0;11.0;0.0 / 0.0 / 2.0;7.28;6.16;1.12;4;А;16;/opt/mp-analytics/incoming/gab/Изи.xlsx;Данные по картриджам!r54;4064fa397384d687b0349dbae769c7d4a21c54bf65a712f6c31981a966b8f971
0020;36.0;20.0;15.0;37.5;26.3;12.0;-1.5 / -6.3 / 3.0;10.8;11.835;-1.035;3;В;3;/opt/mp-analytics/incoming/gab/САКУРА АБДУЛ 05.06.xlsx;Лазерная Sakura!r300;ddbb1c580ba3ed878627b3d8dbea6c97710c4682804b2638b792149bf490915a
0021;35.0;16.0;13.0;33.0;17.0;10.0;2.0 / -1.0 / 3.0;7.28;5.61;1.67;2;Б;7;/opt/mp-analytics/incoming/gab/САКУРА АБДУЛ 05.06.xlsx;Лазерная Sakura!r704;ddbb1c580ba3ed878627b3d8dbea6c97710c4682804b2638b792149bf490915a
0022;35.0;16.0;13.0;33.0;17.5;10.5;2.0 / -1.5 / 2.5;7.28;6.064;1.216;2;Б;1;/opt/mp-analytics/incoming/gab/Вся расходка Китай РФ Cactus GG PR.xlsx;Лист1!r115;d0488dd393f71b9cb95cf51390c2aba1ef902bcac7a8eb2f95247679cc1d25fc
0024;35.0;16.0;13.0;37.0;25.0;12.0;-2.0 / -9.0 / 1.0;7.28;11.1;-3.82;3;В;2;/opt/mp-analytics/incoming/gab/САКУРА АБДУЛ 05.06.xlsx;Лазерная Sakura!r356;ddbb1c580ba3ed878627b3d8dbea6c97710c4682804b2638b792149bf490915a
0025;36.0;20.0;15.0;37.0;26.0;12.0;-1.0 / -6.0 / 3.0;10.8;11.544;-0.744;3;В;11;/opt/mp-analytics/incoming/gab/САКУРА АБДУЛ 05.06.xlsx;Лазерная Sakura!r292;ddbb1c580ba3ed878627b3d8dbea6c97710c4682804b2638b792149bf490915a
0026;36.0;20.0;15.0;37.7;25.9;13.1;-1.7 / -5.9 / 1.9;10.8;12.791;-1.991;2;В;3;/opt/mp-analytics/incoming/gab/САКУРА АБДУЛ 05.06.xlsx;Лазерная Sakura!r266;ddbb1c580ba3ed878627b3d8dbea6c97710c4682804b2638b792149bf490915a
0028;36.0;22.0;12.0;35.0;20.0;11.0;1.0 / 2.0 / 1.0;9.504;7.7;1.804;3;А;7;/opt/mp-analytics/incoming/gab/САКУРА АБДУЛ 05.06.xlsx;Лазерная Sakura!r450;ddbb1c580ba3ed878627b3d8dbea6c97710c4682804b2638b792149bf490915a
0029;36.0;22.0;12.0;33.0;19.0;10.0;3.0 / 3.0 / 2.0;9.504;6.27;3.234;3;Б;2;/opt/mp-analytics/incoming/gab/Изи.xlsx;Данные по картриджам!r692;4064fa397384d687b0349dbae769c7d4a21c54bf65a712f6c31981a966b8f971
0030;36.0;28.0;14.0;35.0;25.0;13.0;1.0 / 3.0 / 1.0;14.112;11.375;2.737;3;Б;10;/opt/mp-analytics/incoming/gab/Вся расходка Китай РФ Cactus GG PR.xlsx;Лист1!r111;d0488dd393f71b9cb95cf51390c2aba1ef902bcac7a8eb2f95247679cc1d25fc
0032;36.0;28.0;14.0;35.0;24.0;15.0;1.0 / 4.0 / -1.0;14.112;12.6;1.512;3;Б;1;/opt/mp-analytics/incoming/gab/Вся расходка Китай РФ Cactus GG PR.xlsx;Лист1!r2914;d0488dd393f71b9cb95cf51390c2aba1ef902bcac7a8eb2f95247679cc1d25fc
0033;36.0;21.0;12.0;33.0;16.9;9.5;3.0 / 4.1 / 2.5;9.072;5.298;3.774;2;Б;11;/opt/mp-analytics/incoming/gab/САКУРА АБДУЛ 05.06.xlsx;Лазерная Sakura!r806;ddbb1c580ba3ed878627b3d8dbea6c97710c4682804b2638b792149bf490915a
0035;36.0;21.0;12.0;32.0;16.5;10.0;4.0 / 4.5 / 2.0;9.072;5.28;3.792;3;Б;2;/opt/mp-analytics/incoming/gab/Вся расходка Китай РФ Cactus GG PR.xlsx;Лист1!r2925;d0488dd393f71b9cb95cf51390c2aba1ef902bcac7a8eb2f95247679cc1d25fc
0036;36.0;22.0;12.0;35.0;16.0;11.0;1.0 / 6.0 / 1.0;9.504;6.16;3.344;4;Б;2;/opt/mp-analytics/incoming/gab/Изи.xlsx;Данные по картриджам!r886;4064fa397384d687b0349dbae769c7d4a21c54bf65a712f6c31981a966b8f971
0037;36.0;22.0;12.0;35.0;13.0;11.0;1.0 / 9.0 / 1.0;9.504;5.005;4.499;3;Б;1;/opt/mp-analytics/incoming/gab/САКУРА АБДУЛ 05.06.xlsx;Лазерная Sakura!r884;ddbb1c580ba3ed878627b3d8dbea6c97710c4682804b2638b792149bf490915a
0047;35.0;16.0;13.0;36.5;19.0;11.5;-1.5 / -3.0 / 1.5;7.28;7.975;-0.695;2;В;4;/opt/mp-analytics/incoming/gab/Вся расходка Китай РФ Cactus GG PR.xlsx;Лист1!r537;d0488dd393f71b9cb95cf51390c2aba1ef902bcac7a8eb2f95247679cc1d25fc
0048;35.0;16.0;13.0;37.5;26.0;11.5;-2.5 / -10.0 / 1.5;7.28;11.213;-3.933;3;В;2;/opt/mp-analytics/incoming/gab/САКУРА АБДУЛ 05.06.xlsx;Лазерная Sakura!r350;ddbb1c580ba3ed878627b3d8dbea6c97710c4682804b2638b792149bf490915a
0049;35.0;16.0;13.0;34.2;19.5;13.0;0.8 / -3.5 / 0.0;7.28;8.67;-1.39;2;В;3;/opt/mp-analytics/incoming/gab/Вся расходка Китай РФ Cactus GG PR.xlsx;Лист1!r814;d0488dd393f71b9cb95cf51390c2aba1ef902bcac7a8eb2f95247679cc1d25fc
0050;36.0;20.0;15.0;33.4;12.0;11.6;2.6 / 8.0 / 3.4;10.8;4.649;6.151;2;Б;15;/opt/mp-analytics/incoming/gab/САКУРА АБДУЛ 05.06.xlsx;Лазерная Sakura!r929;ddbb1c580ba3ed878627b3d8dbea6c97710c4682804b2638b792149bf490915a
0051;36.0;20.0;15.0;35.0;16.5;12.0;1.0 / 3.5 / 3.0;10.8;6.93;3.87;2;Б;3;/opt/mp-analytics/incoming/gab/САКУРА АБДУЛ 05.06.xlsx;Лазерная Sakura!r531;ddbb1c580ba3ed878627b3d8dbea6c97710c4682804b2638b792149bf490915a
0052;36.0;20.0;15.0;35.0;13.5;10.7;1.0 / 6.5 / 4.3;10.8;5.056;5.744;4;Б;8;/opt/mp-analytics/incoming/gab/Изи.xlsx;Данные по картриджам!r159;4064fa397384d687b0349dbae769c7d4a21c54bf65a712f6c31981a966b8f971
0053;36.0;20.0;15.0;35.0;13.5;10.7;1.0 / 6.5 / 4.3;10.8;5.056;5.744;3;Б;1;/opt/mp-analytics/incoming/gab/Изи.xlsx;Данные по картриджам!r160;4064fa397384d687b0349dbae769c7d4a21c54bf65a712f6c31981a966b8f971
0054;36.0;20.0;15.0;35.0;13.5;10.7;1.0 / 6.5 / 4.3;10.8;5.056;5.744;3;Б;1;/opt/mp-analytics/incoming/gab/Изи.xlsx;Данные по картриджам!r161;4064fa397384d687b0349dbae769c7d4a21c54bf65a712f6c31981a966b8f971
0055;36.0;20.0;15.0;35.0;13.5;10.7;1.0 / 6.5 / 4.3;10.8;5.056;5.744;3;Б;1;/opt/mp-analytics/incoming/gab/Изи.xlsx;Данные по картриджам!r162;4064fa397384d687b0349dbae769c7d4a21c54bf65a712f6c31981a966b8f971
0056;36.0;21.0;12.0;35.0;16.0;11.0;1.0 / 5.0 / 1.0;9.072;6.16;2.912;3;Б;8;/opt/mp-analytics/incoming/gab/Изи.xlsx;Данные по картриджам!r281;4064fa397384d687b0349dbae769c7d4a21c54bf65a712f6c31981a966b8f971
0060;36.0;22.0;12.0;35.0;22.0;12.0;1.0 / 0.0 / 0.0;9.504;9.24;0.264;2;А;20;/opt/mp-analytics/incoming/gab/Вся расходка Китай РФ Cactus GG PR.xlsx;Лист1!r4233;d0488dd393f71b9cb95cf51390c2aba1ef902bcac7a8eb2f95247679cc1d25fc
0061;36.0;28.0;14.0;35.0;25.0;13.0;1.0 / 3.0 / 1.0;14.112;11.375;2.737;1;Б;2;/opt/mp-analytics/incoming/gab/Вся расходка Китай РФ Cactus GG PR.xlsx;Лист1!r773;d0488dd393f71b9cb95cf51390c2aba1ef902bcac7a8eb2f95247679cc1d25fc
0062;36.0;20.0;14.0;35.0;14.0;11.0;1.0 / 6.0 / 3.0;10.08;5.39;4.69;3;Б;8;/opt/mp-analytics/incoming/gab/Изи.xlsx;Данные по картриджам!r53;4064fa397384d687b0349dbae769c7d4a21c54bf65a712f6c31981a966b8f971
0074;35.0;16.0;12.0;35.0;16.0;11.0;0.0 / 0.0 / 1.0;6.72;6.16;0.56;3;А;15;/opt/mp-analytics/incoming/gab/Изи.xlsx;Данные по картриджам!r19;4064fa397384d687b0349dbae769c7d4a21c54bf65a712f6c31981a966b8f971
0078;10.0;10.0;10.0;15.0;14.0;5.5;-5.0 / -4.0 / 4.5;1.0;1.155;-0.155;3;В;1;/opt/mp-analytics/incoming/gab/Изи.xlsx;Данные по картриджам!r1185;4064fa397384d687b0349dbae769c7d4a21c54bf65a712f6c31981a966b8f971
0079;10.0;10.0;10.0;15.0;14.0;5.5;-5.0 / -4.0 / 4.5;1.0;1.155;-0.155;1;В;1;/opt/mp-analytics/incoming/gab/Изи.xlsx;Данные по картриджам!r1210;4064fa397384d687b0349dbae769c7d4a21c54bf65a712f6c31981a966b8f971
0080;10.0;10.0;10.0;15.0;14.0;5.5;-5.0 / -4.0 / 4.5;1.0;1.155;-0.155;2;В;1;/opt/mp-analytics/incoming/gab/Изи.xlsx;Данные по картриджам!r1229;4064fa397384d687b0349dbae769c7d4a21c54bf65a712f6c31981a966b8f971
0081;35.0;16.0;12.0;35.0;16.0;11.0;0.0 / 0.0 / 1.0;6.72;6.16;0.56;4;А;12;/opt/mp-analytics/incoming/gab/Изи.xlsx;Данные по картриджам!r630;4064fa397384d687b0349dbae769c7d4a21c54bf65a712f6c31981a966b8f971
0087;36.0;20.0;15.0;30.0;11.0;10.0;6.0 / 9.0 / 5.0;10.8;3.3;7.5;2;Б;16;/opt/mp-analytics/incoming/gab/САКУРА АБДУЛ 05.06.xlsx;Лазерная Sakura!r901;ddbb1c580ba3ed878627b3d8dbea6c97710c4682804b2638b792149bf490915a
0088;36.0;20.0;15.0;35.0;14.0;11.0;1.0 / 6.0 / 4.0;10.8;5.39;5.41;3;Б;5;/opt/mp-analytics/incoming/gab/Изи.xlsx;Данные по картриджам!r1282;4064fa397384d687b0349dbae769c7d4a21c54bf65a712f6c31981a966b8f971
0089;36.0;30.0;18.0;44.5;28.5;15.5;-8.5 / 1.5 / 2.5;19.44;19.658;-0.218;1;В;2;/opt/mp-analytics/incoming/gab/Изи.xlsx;Данные по картриджам!r689;4064fa397384d687b0349dbae769c7d4a21c54bf65a712f6c31981a966b8f971
0090;36.0;30.0;18.0;43.0;28.0;16.0;-7.0 / 2.0 / 2.0;19.44;19.264;0.176;1;Б;2;/opt/mp-analytics/incoming/gab/САКУРА АБДУЛ 05.06.xlsx;Лазерная Sakura!r67;ddbb1c580ba3ed878627b3d8dbea6c97710c4682804b2638b792149bf490915a
0091;36.0;22.0;12.0;43.4;27.9;15.4;-7.4 / -5.9 / -3.4;9.504;18.647;-9.143;1;В;7;/opt/mp-analytics/incoming/gab/САКУРА АБДУЛ 05.06.xlsx;Лазерная Sakura!r68;ddbb1c580ba3ed878627b3d8dbea6c97710c4682804b2638b792149bf490915a
0092;36.0;30.0;18.0;43.0;28.0;16.0;-7.0 / 2.0 / 2.0;19.44;19.264;0.176;2;Б;2;/opt/mp-analytics/incoming/gab/САКУРА АБДУЛ 05.06.xlsx;Лазерная Sakura!r70;ddbb1c580ba3ed878627b3d8dbea6c97710c4682804b2638b792149bf490915a
0093;36.0;30.0;18.0;44.5;28.5;15.5;-8.5 / 1.5 / 2.5;19.44;19.658;-0.218;3;В;2;/opt/mp-analytics/incoming/gab/Изи.xlsx;Данные по картриджам!r93;4064fa397384d687b0349dbae769c7d4a21c54bf65a712f6c31981a966b8f971
0102;37.0;30.0;18.0;37.5;32.5;15.0;-0.5 / -2.5 / 3.0;19.98;18.281;1.699;3;Б;2;/opt/mp-analytics/incoming/gab/Изи.xlsx;Данные по картриджам!r2018;4064fa397384d687b0349dbae769c7d4a21c54bf65a712f6c31981a966b8f971
0103;41.0;31.0;18.0;43.7;28.2;16.0;-2.7 / 2.8 / 2.0;22.878;19.717;3.161;2;Б;3;/opt/mp-analytics/incoming/gab/САКУРА АБДУЛ 05.06.xlsx;Лазерная Sakura!r56;ddbb1c580ba3ed878627b3d8dbea6c97710c4682804b2638b792149bf490915a
0104;36.0;14.0;12.0;35.0;13.5;10.7;1.0 / 0.5 / 1.3;6.048;5.056;0.992;3;А;11;/opt/mp-analytics/incoming/gab/Изи.xlsx;Данные по картриджам!r155;4064fa397384d687b0349dbae769c7d4a21c54bf65a712f6c31981a966b8f971
0105;36.0;14.0;12.0;35.0;13.5;10.7;1.0 / 0.5 / 1.3;6.048;5.056;0.992;3;А;1;/opt/mp-analytics/incoming/gab/Изи.xlsx;Данные по картриджам!r156;4064fa397384d687b0349dbae769c7d4a21c54bf65a712f6c31981a966b8f971
0106;36.0;14.0;12.0;35.0;13.5;10.7;1.0 / 0.5 / 1.3;6.048;5.056;0.992;3;А;1;/opt/mp-analytics/incoming/gab/Изи.xlsx;Данные по картриджам!r710;4064fa397384d687b0349dbae769c7d4a21c54bf65a712f6c31981a966b8f971
0107;36.0;14.0;12.0;35.0;13.5;10.7;1.0 / 0.5 / 1.3;6.048;5.056;0.992;3;А;1;/opt/mp-analytics/incoming/gab/Изи.xlsx;Данные по картриджам!r158;4064fa397384d687b0349dbae769c7d4a21c54bf65a712f6c31981a966b8f971
0109;35.0;17.0;12.0;32.0;16.5;10.0;3.0 / 0.5 / 2.0;7.14;5.28;1.86;1;Б;5;/opt/mp-analytics/incoming/gab/Вся расходка Китай РФ Cactus GG PR.xlsx;Лист1!r437;d0488dd393f71b9cb95cf51390c2aba1ef902bcac7a8eb2f95247679cc1d25fc
0110;35.0;17.0;12.0;32.0;18.5;10.0;3.0 / -1.5 / 2.0;7.14;5.92;1.22;3;Б;6;/opt/mp-analytics/incoming/gab/Вся расходка Китай РФ Cactus GG PR.xlsx;Лист1!r2928;d0488dd393f71b9cb95cf51390c2aba1ef902bcac7a8eb2f95247679cc1d25fc
0111;36.0;20.0;15.0;35.0;16.0;11.0;1.0 / 4.0 / 4.0;10.8;6.16;4.64;4;Б;2;/opt/mp-analytics/incoming/gab/Изи.xlsx;Данные по картриджам!r291;4064fa397384d687b0349dbae769c7d4a21c54bf65a712f6c31981a966b8f971
0112;34.0;22.0;10.0;33.2;16.8;12.4;0.8 / 5.2 / -2.4;7.48;6.916;0.564;3;Б;10;/opt/mp-analytics/incoming/gab/САКУРА АБДУЛ 05.06.xlsx;Лазерная Sakura!r521;ddbb1c580ba3ed878627b3d8dbea6c97710c4682804b2638b792149bf490915a
0113;19.0;7.0;7.0;20.0;6.5;4.5;-1.0 / 0.5 / 2.5;0.931;0.585;0.346;2;Б;2;/opt/mp-analytics/incoming/gab/Вся расходка Китай РФ Cactus GG PR.xlsx;Лист1!r83;d0488dd393f71b9cb95cf51390c2aba1ef902bcac7a8eb2f95247679cc1d25fc
0114;19.0;7.0;7.0;20.0;6.5;4.5;-1.0 / 0.5 / 2.5;0.931;0.585;0.346;2;Б;1;/opt/mp-analytics/incoming/gab/Вся расходка Китай РФ Cactus GG PR.xlsx;Лист1!r80;d0488dd393f71b9cb95cf51390c2aba1ef902bcac7a8eb2f95247679cc1d25fc
0115;19.0;7.0;7.0;20.0;6.5;4.5;-1.0 / 0.5 / 2.5;0.931;0.585;0.346;2;Б;1;/opt/mp-analytics/incoming/gab/Вся расходка Китай РФ Cactus GG PR.xlsx;Лист1!r81;d0488dd393f71b9cb95cf51390c2aba1ef902bcac7a8eb2f95247679cc1d25fc
0116;19.0;7.0;7.0;20.0;6.5;4.5;-1.0 / 0.5 / 2.5;0.931;0.585;0.346;2;Б;1;/opt/mp-analytics/incoming/gab/Вся расходка Китай РФ Cactus GG PR.xlsx;Лист1!r82;d0488dd393f71b9cb95cf51390c2aba1ef902bcac7a8eb2f95247679cc1d25fc
0117;27.0;10.0;10.0;26.1;9.6;8.9;0.9 / 0.4 / 1.1;2.7;2.23;0.47;2;А;6;/opt/mp-analytics/incoming/gab/САКУРА АБДУЛ 05.06.xlsx;Лазерная Sakura!r310;ddbb1c580ba3ed878627b3d8dbea6c97710c4682804b2638b792149bf490915a
0119;27.0;10.0;10.0;26.1;9.6;9.6;0.9 / 0.4 / 0.4;2.7;2.405;0.295;4;А;6;/opt/mp-analytics/incoming/gab/САКУРА АБДУЛ 05.06.xlsx;Лазерная Sakura!r311;ddbb1c580ba3ed878627b3d8dbea6c97710c4682804b2638b792149bf490915a
0120;27.0;10.0;10.0;26.0;10.0;9.0;1.0 / 0.0 / 1.0;2.7;2.34;0.36;1;А;3;/opt/mp-analytics/incoming/gab/САКУРА АБДУЛ 05.06.xlsx;Лазерная Sakura!r1247;ddbb1c580ba3ed878627b3d8dbea6c97710c4682804b2638b792149bf490915a
0121;49.0;21.0;14.0;51.0;20.5;12.0;-2.0 / 0.5 / 2.0;14.406;12.546;1.86;2;А;8;/opt/mp-analytics/incoming/gab/Вся расходка Китай РФ Cactus GG PR.xlsx;Лист1!r790;d0488dd393f71b9cb95cf51390c2aba1ef902bcac7a8eb2f95247679cc1d25fc
0122;51.0;20.0;12.0;47.0;25.2;12.6;4.0 / -5.2 / -0.6;12.24;14.923;-2.683;4;В;5;/opt/mp-analytics/incoming/gab/САКУРА АБДУЛ 05.06.xlsx;Лазерная Sakura!r122;ddbb1c580ba3ed878627b3d8dbea6c97710c4682804b2638b792149bf490915a
0128;10.0;8.0;5.0;9.2;5.2;2.9;0.8 / 2.8 / 2.1;0.4;0.139;0.261;3;Б;65;/opt/mp-analytics/incoming/gab/Изи.xlsx;Данные по картриджам!r384;4064fa397384d687b0349dbae769c7d4a21c54bf65a712f6c31981a966b8f971
0129;10.0;8.0;5.0;9.2;5.2;2.9;0.8 / 2.8 / 2.1;0.4;0.139;0.261;2;Б;1;/opt/mp-analytics/incoming/gab/Изи.xlsx;Данные по картриджам!r385;4064fa397384d687b0349dbae769c7d4a21c54bf65a712f6c31981a966b8f971
0130;14.0;8.0;5.0;9.2;5.2;2.9;4.8 / 2.8 / 2.1;0.56;0.139;0.421;3;Б;15;/opt/mp-analytics/incoming/gab/Изи.xlsx;Данные по картриджам!r427;4064fa397384d687b0349dbae769c7d4a21c54bf65a712f6c31981a966b8f971
0131;8.0;5.0;5.0;10.0;6.0;3.0;-2.0 / -1.0 / 2.0;0.2;0.18;0.02;3;А;1;/opt/mp-analytics/incoming/gab/Изи.xlsx;Данные по картриджам!r933;4064fa397384d687b0349dbae769c7d4a21c54bf65a712f6c31981a966b8f971
0132;8.0;5.0;5.0;10.0;6.0;3.0;-2.0 / -1.0 / 2.0;0.2;0.18;0.02;3;А;1;/opt/mp-analytics/incoming/gab/Изи.xlsx;Данные по картриджам!r934;4064fa397384d687b0349dbae769c7d4a21c54bf65a712f6c31981a966b8f971
0133;8.0;5.0;5.0;10.0;6.0;3.0;-2.0 / -1.0 / 2.0;0.2;0.18;0.02;3;А;1;/opt/mp-analytics/incoming/gab/Изи.xlsx;Данные по картриджам!r935;4064fa397384d687b0349dbae769c7d4a21c54bf65a712f6c31981a966b8f971
0134;8.0;5.0;5.0;10.0;6.0;3.0;-2.0 / -1.0 / 2.0;0.2;0.18;0.02;3;А;1;/opt/mp-analytics/incoming/gab/Изи.xlsx;Данные по картриджам!r936;4064fa397384d687b0349dbae769c7d4a21c54bf65a712f6c31981a966b8f971
0135;8.0;5.0;5.0;9.2;5.2;2.9;-1.2 / -0.2 / 2.1;0.2;0.139;0.061;3;Б;30;/opt/mp-analytics/incoming/gab/Изи.xlsx;Данные по картриджам!r416;4064fa397384d687b0349dbae769c7d4a21c54bf65a712f6c31981a966b8f971
0136;8.0;5.0;5.0;9.2;5.2;2.9;-1.2 / -0.2 / 2.1;0.2;0.139;0.061;2;Б;1;/opt/mp-analytics/incoming/gab/Изи.xlsx;Данные по картриджам!r417;4064fa397384d687b0349dbae769c7d4a21c54bf65a712f6c31981a966b8f971
0137;8.0;5.0;5.0;9.2;5.2;2.9;-1.2 / -0.2 / 2.1;0.2;0.139;0.061;2;Б;1;/opt/mp-analytics/incoming/gab/Изи.xlsx;Данные по картриджам!r939;4064fa397384d687b0349dbae769c7d4a21c54bf65a712f6c31981a966b8f971
0138;8.0;5.0;5.0;9.2;5.2;2.9;-1.2 / -0.2 / 2.1;0.2;0.139;0.061;2;Б;1;/opt/mp-analytics/incoming/gab/Изи.xlsx;Данные по картриджам!r421;4064fa397384d687b0349dbae769c7d4a21c54bf65a712f6c31981a966b8f971
0139;8.0;5.0;5.0;10.5;6.0;2.5;-2.5 / -1.0 / 2.5;0.2;0.158;0.042;1;Б;2;/opt/mp-analytics/incoming/gab/Вся расходка Китай РФ Cactus GG PR.xlsx;Лист1!r1297;d0488dd393f71b9cb95cf51390c2aba1ef902bcac7a8eb2f95247679cc1d25fc
0141;9.0;9.0;6.0;20.0;13.0;2.5;-11.0 / -4.0 / 3.5;0.486;0.65;-0.164;1;В;1;/opt/mp-analytics/incoming/gab/Вся расходка Китай РФ Cactus GG PR.xlsx;Лист1!r1015;d0488dd393f71b9cb95cf51390c2aba1ef902bcac7a8eb2f95247679cc1d25fc
0146;10.0;8.0;5.0;8.7;6.7;2.2;1.3 / 1.3 / 2.8;0.4;0.128;0.272;3;Б;6;/opt/mp-analytics/incoming/gab/Изи.xlsx;Данные по картриджам!r439;4064fa397384d687b0349dbae769c7d4a21c54bf65a712f6c31981a966b8f971
0147;10.0;8.0;5.0;8.7;6.7;2.2;1.3 / 1.3 / 2.8;0.4;0.128;0.272;3;Б;1;/opt/mp-analytics/incoming/gab/Изи.xlsx;Данные по картриджам!r440;4064fa397384d687b0349dbae769c7d4a21c54bf65a712f6c31981a966b8f971
0148;10.0;8.0;5.0;8.7;6.7;2.2;1.3 / 1.3 / 2.8;0.4;0.128;0.272;3;Б;1;/opt/mp-analytics/incoming/gab/Изи.xlsx;Данные по картриджам!r441;4064fa397384d687b0349dbae769c7d4a21c54bf65a712f6c31981a966b8f971
0149;10.0;8.0;5.0;8.7;6.7;2.2;1.3 / 1.3 / 2.8;0.4;0.128;0.272;3;Б;1;/opt/mp-analytics/incoming/gab/Изи.xlsx;Данные по картриджам!r442;4064fa397384d687b0349dbae769c7d4a21c54bf65a712f6c31981a966b8f971
0150;5.0;5.0;2.0;13.5;9.0;4.5;-8.5 / -4.0 / -2.5;0.05;0.547;-0.497;2;В;1;/opt/mp-analytics/incoming/gab/Изи.xlsx;Данные по картриджам!r1366;4064fa397384d687b0349dbae769c7d4a21c54bf65a712f6c31981a966b8f971
0151;10.0;8.0;5.0;9.0;7.0;3.0;1.0 / 1.0 / 2.0;0.4;0.189;0.211;3;А;40;/opt/mp-analytics/incoming/gab/Изи.xlsx;Данные по картриджам!r443;4064fa397384d687b0349dbae769c7d4a21c54bf65a712f6c31981a966b8f971
0152;10.0;8.0;5.0;9.0;7.0;3.0;1.0 / 1.0 / 2.0;0.4;0.189;0.211;2;А;1;/opt/mp-analytics/incoming/gab/Изи.xlsx;Данные по картриджам!r444;4064fa397384d687b0349dbae769c7d4a21c54bf65a712f6c31981a966b8f971
0153;10.0;8.0;5.0;9.0;7.0;3.0;1.0 / 1.0 / 2.0;0.4;0.189;0.211;3;А;1;/opt/mp-analytics/incoming/gab/Изи.xlsx;Данные по картриджам!r445;4064fa397384d687b0349dbae769c7d4a21c54bf65a712f6c31981a966b8f971
0154;10.0;8.0;5.0;9.0;7.0;3.0;1.0 / 1.0 / 2.0;0.4;0.189;0.211;3;А;1;/opt/mp-analytics/incoming/gab/Изи.xlsx;Данные по картриджам!r960;4064fa397384d687b0349dbae769c7d4a21c54bf65a712f6c31981a966b8f971
0155;10.0;5.0;5.0;15.0;14.0;5.5;-5.0 / -9.0 / -0.5;0.25;1.155;-0.905;3;В;1;/opt/mp-analytics/incoming/gab/Изи.xlsx;Данные по картриджам!r1209;4064fa397384d687b0349dbae769c7d4a21c54bf65a712f6c31981a966b8f971
0156;10.0;8.0;5.0;9.0;7.0;3.0;1.0 / 1.0 / 2.0;0.4;0.189;0.211;3;А;10;/opt/mp-analytics/incoming/gab/Изи.xlsx;Данные по картриджам!r467;4064fa397384d687b0349dbae769c7d4a21c54bf65a712f6c31981a966b8f971
0157;10.0;8.0;5.0;9.0;7.0;3.0;1.0 / 1.0 / 2.0;0.4;0.189;0.211;3;А;1;/opt/mp-analytics/incoming/gab/Изи.xlsx;Данные по картриджам!r974;4064fa397384d687b0349dbae769c7d4a21c54bf65a712f6c31981a966b8f971
0158;10.0;8.0;5.0;9.0;7.0;3.0;1.0 / 1.0 / 2.0;0.4;0.189;0.211;3;А;1;/opt/mp-analytics/incoming/gab/Изи.xlsx;Данные по картриджам!r975;4064fa397384d687b0349dbae769c7d4a21c54bf65a712f6c31981a966b8f971
0159;10.0;8.0;5.0;9.0;7.0;3.0;1.0 / 1.0 / 2.0;0.4;0.189;0.211;3;А;1;/opt/mp-analytics/incoming/gab/Изи.xlsx;Данные по картриджам!r976;4064fa397384d687b0349dbae769c7d4a21c54bf65a712f6c31981a966b8f971
0160;10.0;8.0;5.0;15.0;14.0;5.5;-5.0 / -6.0 / -0.5;0.4;1.155;-0.755;1;В;1;/opt/mp-analytics/incoming/gab/Изи.xlsx;Данные по картриджам!r1212;4064fa397384d687b0349dbae769c7d4a21c54bf65a712f6c31981a966b8f971
0161;10.0;8.0;5.0;9.0;7.0;3.0;1.0 / 1.0 / 2.0;0.4;0.189;0.211;3;А;17;/opt/mp-analytics/incoming/gab/Изи.xlsx;Данные по картриджам!r453;4064fa397384d687b0349dbae769c7d4a21c54bf65a712f6c31981a966b8f971
0162;10.0;8.0;5.0;9.0;7.0;3.0;1.0 / 1.0 / 2.0;0.4;0.189;0.211;3;А;1;/opt/mp-analytics/incoming/gab/Изи.xlsx;Данные по картриджам!r968;4064fa397384d687b0349dbae769c7d4a21c54bf65a712f6c31981a966b8f971
0163;10.0;8.0;5.0;9.0;7.0;3.0;1.0 / 1.0 / 2.0;0.4;0.189;0.211;3;А;1;/opt/mp-analytics/incoming/gab/Изи.xlsx;Данные по картриджам!r969;4064fa397384d687b0349dbae769c7d4a21c54bf65a712f6c31981a966b8f971
0164;10.0;8.0;5.0;9.0;7.0;3.0;1.0 / 1.0 / 2.0;0.4;0.189;0.211;3;А;1;/opt/mp-analytics/incoming/gab/Изи.xlsx;Данные по картриджам!r456;4064fa397384d687b0349dbae769c7d4a21c54bf65a712f6c31981a966b8f971
0165;10.0;8.0;5.0;9.0;7.0;3.0;1.0 / 1.0 / 2.0;0.4;0.189;0.211;3;А;1;/opt/mp-analytics/incoming/gab/Изи.xlsx;Данные по картриджам!r457;4064fa397384d687b0349dbae769c7d4a21c54bf65a712f6c31981a966b8f971
0166;10.0;8.0;5.0;9.0;7.0;3.0;1.0 / 1.0 / 2.0;0.4;0.189;0.211;3;А;1;/opt/mp-analytics/incoming/gab/Изи.xlsx;Данные по картриджам!r458;4064fa397384d687b0349dbae769c7d4a21c54bf65a712f6c31981a966b8f971
0168;15.0;10.0;8.0;15.0;14.0;5.5;0.0 / -4.0 / 2.5;1.2;1.155;0.045;1;Б;1;/opt/mp-analytics/incoming/gab/Изи.xlsx;Данные по картриджам!r1211;4064fa397384d687b0349dbae769c7d4a21c54bf65a712f6c31981a966b8f971
0180;36.0;22.0;12.0;57.0;25.0;15.0;-21.0 / -3.0 / -3.0;9.504;21.375;-11.871;2;В;1;/opt/mp-analytics/incoming/gab/Вся расходка Китай РФ Cactus GG PR.xlsx;Лист1!r3299;d0488dd393f71b9cb95cf51390c2aba1ef902bcac7a8eb2f95247679cc1d25fc
0181;35.0;16.0;13.0;36.0;18.0;11.5;-1.0 / -2.0 / 1.5;7.28;7.452;-0.172;2;А;3;/opt/mp-analytics/incoming/gab/Вся расходка Китай РФ Cactus GG PR.xlsx;Лист1!r785;d0488dd393f71b9cb95cf51390c2aba1ef902bcac7a8eb2f95247679cc1d25fc
0182;15.0;10.0;8.0;8.2;7.5;4.0;6.8 / 2.5 / 4.0;1.2;0.246;0.954;2;Б;28;/opt/mp-analytics/incoming/gab/САКУРА АБДУЛ 05.06.xlsx;Струйная Sakura!r154;ddbb1c580ba3ed878627b3d8dbea6c97710c4682804b2638b792149bf490915a
0183;13.0;8.0;5.0;8.2;7.5;4.0;4.8 / 0.5 / 1.0;0.52;0.246;0.274;3;Б;2;/opt/mp-analytics/incoming/gab/САКУРА АБДУЛ 05.06.xlsx;Струйная Sakura!r155;ddbb1c580ba3ed878627b3d8dbea6c97710c4682804b2638b792149bf490915a
0184;15.0;10.0;8.0;32.0;10.0;9.2;-17.0 / 0.0 / -1.2;1.2;2.944;-1.744;3;В;9;/opt/mp-analytics/incoming/gab/Изи.xlsx;Данные по картриджам!r920;4064fa397384d687b0349dbae769c7d4a21c54bf65a712f6c31981a966b8f971
0185;15.0;10.0;8.0;32.0;10.0;9.2;-17.0 / 0.0 / -1.2;1.2;2.944;-1.744;4;В;1;/opt/mp-analytics/incoming/gab/Изи.xlsx;Данные по картриджам!r921;4064fa397384d687b0349dbae769c7d4a21c54bf65a712f6c31981a966b8f971
0186;15.0;10.0;8.0;32.0;10.0;9.2;-17.0 / 0.0 / -1.2;1.2;2.944;-1.744;4;В;1;/opt/mp-analytics/incoming/gab/Изи.xlsx;Данные по картриджам!r923;4064fa397384d687b0349dbae769c7d4a21c54bf65a712f6c31981a966b8f971
0187;11.0;9.0;5.0;32.0;10.0;9.2;-21.0 / -1.0 / -4.2;0.495;2.944;-2.449;4;В;1;/opt/mp-analytics/incoming/gab/Изи.xlsx;Данные по картриджам!r924;4064fa397384d687b0349dbae769c7d4a21c54bf65a712f6c31981a966b8f971
0188;15.0;10.0;8.0;9.0;7.0;3.0;6.0 / 3.0 / 5.0;1.2;0.189;1.011;3;Б;10;/opt/mp-analytics/incoming/gab/Изи.xlsx;Данные по картриджам!r981;4064fa397384d687b0349dbae769c7d4a21c54bf65a712f6c31981a966b8f971
0189;15.0;10.0;8.0;9.0;7.0;3.0;6.0 / 3.0 / 5.0;1.2;0.189;1.011;3;Б;1;/opt/mp-analytics/incoming/gab/Изи.xlsx;Данные по картриджам!r982;4064fa397384d687b0349dbae769c7d4a21c54bf65a712f6c31981a966b8f971
0190;7.0;5.0;5.0;9.0;7.0;3.0;-2.0 / -2.0 / 2.0;0.175;0.189;-0.014;3;А;1;/opt/mp-analytics/incoming/gab/Изи.xlsx;Данные по картриджам!r983;4064fa397384d687b0349dbae769c7d4a21c54bf65a712f6c31981a966b8f971
0191;15.0;10.0;8.0;9.0;7.0;3.0;6.0 / 3.0 / 5.0;1.2;0.189;1.011;3;Б;2;/opt/mp-analytics/incoming/gab/Изи.xlsx;Данные по картриджам!r984;4064fa397384d687b0349dbae769c7d4a21c54bf65a712f6c31981a966b8f971
0192;12.0;12.0;5.0;8.5;7.5;3.8;3.5 / 4.5 / 1.2;0.72;0.242;0.478;2;Б;46;/opt/mp-analytics/incoming/gab/Изи.xlsx;Данные по картриджам!r503;4064fa397384d687b0349dbae769c7d4a21c54bf65a712f6c31981a966b8f971
0193;12.0;12.0;5.0;8.5;7.5;3.8;3.5 / 4.5 / 1.2;0.72;0.242;0.478;2;Б;1;/opt/mp-analytics/incoming/gab/Изи.xlsx;Данные по картриджам!r504;4064fa397384d687b0349dbae769c7d4a21c54bf65a712f6c31981a966b8f971
0194;12.0;12.0;5.0;8.5;7.8;3.8;3.5 / 4.2 / 1.2;0.72;0.252;0.468;2;Б;77;/opt/mp-analytics/incoming/gab/Изи.xlsx;Данные по картриджам!r999;4064fa397384d687b0349dbae769c7d4a21c54bf65a712f6c31981a966b8f971
0195;12.0;12.0;5.0;9.0;8.0;4.0;3.0 / 4.0 / 1.0;0.72;0.288;0.432;1;Б;9;/opt/mp-analytics/incoming/gab/Изи.xlsx;Данные по картриджам!r509;4064fa397384d687b0349dbae769c7d4a21c54bf65a712f6c31981a966b8f971
0196;12.0;12.0;5.0;8.5;7.5;3.8;3.5 / 4.5 / 1.2;0.72;0.242;0.478;2;Б;30;/opt/mp-analytics/incoming/gab/Изи.xlsx;Данные по картриджам!r1006;4064fa397384d687b0349dbae769c7d4a21c54bf65a712f6c31981a966b8f971
0197;;;;8.5;7.5;3.8;карточки расходятся между собой (2 разных короба);;;;2;Г;11;/opt/mp-analytics/incoming/gab/Изи.xlsx;Данные по картриджам!r512;4064fa397384d687b0349dbae769c7d4a21c54bf65a712f6c31981a966b8f971
0198;12.0;12.0;5.0;8.5;7.5;3.8;3.5 / 4.5 / 1.2;0.72;0.242;0.478;2;Б;67;/opt/mp-analytics/incoming/gab/Изи.xlsx;Данные по картриджам!r991;4064fa397384d687b0349dbae769c7d4a21c54bf65a712f6c31981a966b8f971
0199;12.0;12.0;5.0;8.5;7.8;3.8;3.5 / 4.2 / 1.2;0.72;0.252;0.468;2;Б;1;/opt/mp-analytics/incoming/gab/Изи.xlsx;Данные по картриджам!r993;4064fa397384d687b0349dbae769c7d4a21c54bf65a712f6c31981a966b8f971
0200;12.0;12.0;5.0;8.5;7.5;3.8;3.5 / 4.5 / 1.2;0.72;0.242;0.478;4;Б;97;/opt/mp-analytics/incoming/gab/Изи.xlsx;Данные по картриджам!r515;4064fa397384d687b0349dbae769c7d4a21c54bf65a712f6c31981a966b8f971
0201;12.0;12.0;5.0;8.5;7.5;3.8;3.5 / 4.5 / 1.2;0.72;0.242;0.478;3;Б;1;/opt/mp-analytics/incoming/gab/Изи.xlsx;Данные по картриджам!r516;4064fa397384d687b0349dbae769c7d4a21c54bf65a712f6c31981a966b8f971
0202;12.0;12.0;5.0;8.5;7.5;4.0;3.5 / 4.5 / 1.0;0.72;0.255;0.465;3;Б;60;/opt/mp-analytics/incoming/gab/Изи.xlsx;Данные по картриджам!r995;4064fa397384d687b0349dbae769c7d4a21c54bf65a712f6c31981a966b8f971
0203;12.0;12.0;5.0;8.5;7.5;4.0;3.5 / 4.5 / 1.0;0.72;0.255;0.465;3;Б;1;/opt/mp-analytics/incoming/gab/Изи.xlsx;Данные по картриджам!r996;4064fa397384d687b0349dbae769c7d4a21c54bf65a712f6c31981a966b8f971
0204;9.0;9.0;6.0;15.0;14.0;5.5;-6.0 / -5.0 / 0.5;0.486;1.155;-0.669;1;В;1;/opt/mp-analytics/incoming/gab/Изи.xlsx;Данные по картриджам!r1180;4064fa397384d687b0349dbae769c7d4a21c54bf65a712f6c31981a966b8f971
0207;36.0;22.0;12.0;43.7;27.9;15.5;-7.7 / -5.9 / -3.5;9.504;18.898;-9.394;4;В;7;/opt/mp-analytics/incoming/gab/САКУРА АБДУЛ 05.06.xlsx;Лазерная Sakura!r61;ddbb1c580ba3ed878627b3d8dbea6c97710c4682804b2638b792149bf490915a
0208;36.0;22.0;12.0;35.0;14.0;11.0;1.0 / 8.0 / 1.0;9.504;5.39;4.114;4;Б;7;/opt/mp-analytics/incoming/gab/Изи.xlsx;Данные по картриджам!r131;4064fa397384d687b0349dbae769c7d4a21c54bf65a712f6c31981a966b8f971
0209;36.0;22.0;12.0;35.0;14.0;11.0;1.0 / 8.0 / 1.0;9.504;5.39;4.114;3;Б;1;/opt/mp-analytics/incoming/gab/Изи.xlsx;Данные по картриджам!r132;4064fa397384d687b0349dbae769c7d4a21c54bf65a712f6c31981a966b8f971
0210;35.0;16.0;13.0;35.0;14.0;11.0;0.0 / 2.0 / 2.0;7.28;5.39;1.89;3;А;1;/opt/mp-analytics/incoming/gab/Изи.xlsx;Данные по картриджам!r133;4064fa397384d687b0349dbae769c7d4a21c54bf65a712f6c31981a966b8f971
0211;35.0;16.0;13.0;35.0;14.0;11.0;0.0 / 2.0 / 2.0;7.28;5.39;1.89;3;А;1;/opt/mp-analytics/incoming/gab/Изи.xlsx;Данные по картриджам!r134;4064fa397384d687b0349dbae769c7d4a21c54bf65a712f6c31981a966b8f971
0212;50.0;27.0;16.0;38.5;14.0;12.2;11.5 / 13.0 / 3.8;21.6;6.576;15.024;2;Б;3;/opt/mp-analytics/incoming/gab/Вся расходка Китай РФ Cactus GG PR.xlsx;Лист1!r819;d0488dd393f71b9cb95cf51390c2aba1ef902bcac7a8eb2f95247679cc1d25fc
0213;50.0;27.0;16.0;38.5;14.0;12.2;11.5 / 13.0 / 3.8;21.6;6.576;15.024;1;Б;1;/opt/mp-analytics/incoming/gab/Вся расходка Китай РФ Cactus GG PR.xlsx;Лист1!r818;d0488dd393f71b9cb95cf51390c2aba1ef902bcac7a8eb2f95247679cc1d25fc
0214;50.0;27.0;16.0;38.5;14.0;12.2;11.5 / 13.0 / 3.8;21.6;6.576;15.024;1;Б;1;/opt/mp-analytics/incoming/gab/Вся расходка Китай РФ Cactus GG PR.xlsx;Лист1!r816;d0488dd393f71b9cb95cf51390c2aba1ef902bcac7a8eb2f95247679cc1d25fc
0215;50.0;27.0;16.0;38.5;14.0;12.2;11.5 / 13.0 / 3.8;21.6;6.576;15.024;1;Б;1;/opt/mp-analytics/incoming/gab/Вся расходка Китай РФ Cactus GG PR.xlsx;Лист1!r817;d0488dd393f71b9cb95cf51390c2aba1ef902bcac7a8eb2f95247679cc1d25fc
0216;36.0;20.0;15.0;35.0;13.5;11.0;1.0 / 6.5 / 4.0;10.8;5.197;5.603;3;Б;6;/opt/mp-analytics/incoming/gab/Изи.xlsx;Данные по картриджам!r1129;4064fa397384d687b0349dbae769c7d4a21c54bf65a712f6c31981a966b8f971
0217;36.0;20.0;15.0;35.0;13.5;11.0;1.0 / 6.5 / 4.0;10.8;5.197;5.603;4;Б;1;/opt/mp-analytics/incoming/gab/Изи.xlsx;Данные по картриджам!r1130;4064fa397384d687b0349dbae769c7d4a21c54bf65a712f6c31981a966b8f971
0218;36.0;20.0;15.0;35.0;13.5;11.0;1.0 / 6.5 / 4.0;10.8;5.197;5.603;4;Б;1;/opt/mp-analytics/incoming/gab/Изи.xlsx;Данные по картриджам!r1131;4064fa397384d687b0349dbae769c7d4a21c54bf65a712f6c31981a966b8f971
0219;36.0;20.0;15.0;35.0;13.5;11.0;1.0 / 6.5 / 4.0;10.8;5.197;5.603;4;Б;1;/opt/mp-analytics/incoming/gab/Изи.xlsx;Данные по картриджам!r1132;4064fa397384d687b0349dbae769c7d4a21c54bf65a712f6c31981a966b8f971
0220;36.0;20.0;15.0;31.5;9.8;9.5;4.5 / 10.2 / 5.5;10.8;2.933;7.867;2;Б;2;/opt/mp-analytics/incoming/gab/Вся расходка Китай РФ Cactus GG PR.xlsx;Лист1!r782;d0488dd393f71b9cb95cf51390c2aba1ef902bcac7a8eb2f95247679cc1d25fc
0223;70.0;43.0;15.0;43.3;7.2;6.9;26.7 / 35.8 / 8.1;45.15;2.151;42.999;2;Б;2;/opt/mp-analytics/incoming/gab/САКУРА АБДУЛ 05.06.xlsx;Лазерная Sakura!r1260;ddbb1c580ba3ed878627b3d8dbea6c97710c4682804b2638b792149bf490915a
0227;35.0;16.0;13.0;37.0;11.2;7.7;-2.0 / 4.8 / 5.3;7.28;3.191;4.089;4;Б;15;/opt/mp-analytics/incoming/gab/Изи.xlsx;Данные по картриджам!r667;4064fa397384d687b0349dbae769c7d4a21c54bf65a712f6c31981a966b8f971
0229;43.0;9.0;5.0;28.0;7.0;6.5;15.0 / 2.0 / -1.5;1.935;1.274;0.661;2;Б;6;/opt/mp-analytics/incoming/gab/Вся расходка Китай РФ Cactus GG PR.xlsx;Лист1!r840;d0488dd393f71b9cb95cf51390c2aba1ef902bcac7a8eb2f95247679cc1d25fc
0230;35.0;16.0;13.0;34.5;9.5;8.8;0.5 / 6.5 / 4.2;7.28;2.884;4.396;2;Б;8;/opt/mp-analytics/incoming/gab/Вся расходка Китай РФ Cactus GG PR.xlsx;Лист1!r479;d0488dd393f71b9cb95cf51390c2aba1ef902bcac7a8eb2f95247679cc1d25fc
0231;34.0;18.0;14.0;33.5;16.8;12.2;0.5 / 1.2 / 1.8;8.568;6.866;1.702;1;А;1;/opt/mp-analytics/incoming/gab/САКУРА АБДУЛ 05.06.xlsx;Лазерная Sakura!r548;ddbb1c580ba3ed878627b3d8dbea6c97710c4682804b2638b792149bf490915a
0232;35.0;16.0;13.0;34.5;9.5;8.8;0.5 / 6.5 / 4.2;7.28;2.884;4.396;2;Б;10;/opt/mp-analytics/incoming/gab/Вся расходка Китай РФ Cactus GG PR.xlsx;Лист1!r480;d0488dd393f71b9cb95cf51390c2aba1ef902bcac7a8eb2f95247679cc1d25fc
0233;34.0;18.0;14.0;33.5;16.8;12.0;0.5 / 1.2 / 2.0;8.568;6.754;1.814;1;А;1;/opt/mp-analytics/incoming/gab/САКУРА АБДУЛ 05.06.xlsx;Лазерная Sakura!r564;ddbb1c580ba3ed878627b3d8dbea6c97710c4682804b2638b792149bf490915a
0234;30.0;8.0;5.0;34.5;23.5;12.5;-4.5 / -15.5 / -7.5;1.2;10.134;-8.934;3;В;12;/opt/mp-analytics/incoming/gab/Изи.xlsx;Данные по картриджам!r257;4064fa397384d687b0349dbae769c7d4a21c54bf65a712f6c31981a966b8f971
0235;34.0;18.0;14.0;35.0;25.0;13.0;-1.0 / -7.0 / 1.0;8.568;11.375;-2.807;3;В;1;/opt/mp-analytics/incoming/gab/Изи.xlsx;Данные по картриджам!r617;4064fa397384d687b0349dbae769c7d4a21c54bf65a712f6c31981a966b8f971
0236;35.0;16.0;13.0;34.5;13.2;10.4;0.5 / 2.8 / 2.6;7.28;4.736;2.544;4;Б;5;/opt/mp-analytics/incoming/gab/Вся расходка Китай РФ Cactus GG PR.xlsx;Лист1!r2731;d0488dd393f71b9cb95cf51390c2aba1ef902bcac7a8eb2f95247679cc1d25fc
0237;35.0;10.0;9.0;34.5;13.2;10.4;0.5 / -3.2 / -1.4;3.15;4.736;-1.586;4;В;5;/opt/mp-analytics/incoming/gab/Вся расходка Китай РФ Cactus GG PR.xlsx;Лист1!r2957;d0488dd393f71b9cb95cf51390c2aba1ef902bcac7a8eb2f95247679cc1d25fc
0238;35.0;10.0;9.0;25.5;9.5;9.5;9.5 / 0.5 / -0.5;3.15;2.301;0.849;4;Б;4;/opt/mp-analytics/incoming/gab/Изи.xlsx;Данные по картриджам!r207;4064fa397384d687b0349dbae769c7d4a21c54bf65a712f6c31981a966b8f971
0239;35.0;16.0;13.0;28.5;12.5;9.5;6.5 / 3.5 / 3.5;7.28;3.384;3.896;4;Б;4;/opt/mp-analytics/incoming/gab/Изи.xlsx;Данные по картриджам!r784;4064fa397384d687b0349dbae769c7d4a21c54bf65a712f6c31981a966b8f971
0240;35.0;16.0;13.0;28.5;12.5;9.5;6.5 / 3.5 / 3.5;7.28;3.384;3.896;4;Б;6;/opt/mp-analytics/incoming/gab/Изи.xlsx;Данные по картриджам!r785;4064fa397384d687b0349dbae769c7d4a21c54bf65a712f6c31981a966b8f971
0241;36.0;22.0;12.0;32.5;14.5;11.0;3.5 / 7.5 / 1.0;9.504;5.184;4.32;3;Б;3;/opt/mp-analytics/incoming/gab/Вся расходка Китай РФ Cactus GG PR.xlsx;Лист1!r446;d0488dd393f71b9cb95cf51390c2aba1ef902bcac7a8eb2f95247679cc1d25fc
0242;36.0;22.0;12.0;34.0;14.5;12.0;2.0 / 7.5 / 0.0;9.504;5.916;3.588;3;Б;8;/opt/mp-analytics/incoming/gab/Вся расходка Китай РФ Cactus GG PR.xlsx;Лист1!r433;d0488dd393f71b9cb95cf51390c2aba1ef902bcac7a8eb2f95247679cc1d25fc
0243;36.0;22.0;12.0;34.8;16.3;12.6;1.2 / 5.7 / -0.6;9.504;7.147;2.357;2;Б;2;/opt/mp-analytics/incoming/gab/Вся расходка Китай РФ Cactus GG PR.xlsx;Лист1!r445;d0488dd393f71b9cb95cf51390c2aba1ef902bcac7a8eb2f95247679cc1d25fc
0244;36.0;22.0;12.0;46.6;25.2;12.5;-10.6 / -3.2 / -0.5;9.504;14.679;-5.175;2;В;2;/opt/mp-analytics/incoming/gab/САКУРА АБДУЛ 05.06.xlsx;Лазерная Sakura!r135;ddbb1c580ba3ed878627b3d8dbea6c97710c4682804b2638b792149bf490915a
0245;35.0;16.0;12.0;34.5;23.5;12.5;0.5 / -7.5 / -0.5;6.72;10.134;-3.414;2;В;4;/opt/mp-analytics/incoming/gab/Изи.xlsx;Данные по картриджам!r20;4064fa397384d687b0349dbae769c7d4a21c54bf65a712f6c31981a966b8f971
0246;35.0;16.0;12.0;32.0;21.0;10.0;3.0 / -5.0 / 2.0;6.72;6.72;0.0;2;А;1;/opt/mp-analytics/incoming/gab/Изи.xlsx;Данные по картриджам!r1568;4064fa397384d687b0349dbae769c7d4a21c54bf65a712f6c31981a966b8f971
0247;36.0;22.0;12.0;35.0;16.0;11.0;1.0 / 6.0 / 1.0;9.504;6.16;3.344;3;Б;2;/opt/mp-analytics/incoming/gab/Изи.xlsx;Данные по картриджам!r21;4064fa397384d687b0349dbae769c7d4a21c54bf65a712f6c31981a966b8f971
0248;35.0;16.0;12.0;33.1;16.7;9.6;1.9 / -0.7 / 2.4;6.72;5.307;1.413;3;Б;4;/opt/mp-analytics/incoming/gab/САКУРА АБДУЛ 05.06.xlsx;Лазерная Sakura!r648;ddbb1c580ba3ed878627b3d8dbea6c97710c4682804b2638b792149bf490915a
0249;36.0;22.0;12.0;35.0;16.0;11.0;1.0 / 6.0 / 1.0;9.504;6.16;3.344;3;Б;11;/opt/mp-analytics/incoming/gab/Изи.xlsx;Данные по картриджам!r631;4064fa397384d687b0349dbae769c7d4a21c54bf65a712f6c31981a966b8f971
0250;35.0;16.0;12.0;34.5;24.5;12.5;0.5 / -8.5 / -0.5;6.72;10.566;-3.846;3;В;1;/opt/mp-analytics/incoming/gab/Изи.xlsx;Данные по картриджам!r6;4064fa397384d687b0349dbae769c7d4a21c54bf65a712f6c31981a966b8f971
0251;35.0;16.0;12.0;33.3;16.8;12.1;1.7 / -0.8 / -0.1;6.72;6.769;-0.049;2;А;13;/opt/mp-analytics/incoming/gab/САКУРА АБДУЛ 05.06.xlsx;Лазерная Sakura!r563;ddbb1c580ba3ed878627b3d8dbea6c97710c4682804b2638b792149bf490915a
0252;36.0;22.0;12.0;34.5;23.5;12.5;1.5 / -1.5 / -0.5;9.504;10.134;-0.63;4;А;2;/opt/mp-analytics/incoming/gab/Изи.xlsx;Данные по картриджам!r319;4064fa397384d687b0349dbae769c7d4a21c54bf65a712f6c31981a966b8f971
0254;36.0;22.0;12.0;35.0;16.0;11.0;1.0 / 6.0 / 1.0;9.504;6.16;3.344;4;Б;4;/opt/mp-analytics/incoming/gab/Изи.xlsx;Данные по картриджам!r321;4064fa397384d687b0349dbae769c7d4a21c54bf65a712f6c31981a966b8f971
0255;36.0;22.0;12.0;35.0;26.0;13.0;1.0 / -4.0 / -1.0;9.504;11.83;-2.326;4;В;3;/opt/mp-analytics/incoming/gab/Изи.xlsx;Данные по картриджам!r889;4064fa397384d687b0349dbae769c7d4a21c54bf65a712f6c31981a966b8f971
0257;36.0;22.0;12.0;35.0;26.0;13.0;1.0 / -4.0 / -1.0;9.504;11.83;-2.326;4;В;2;/opt/mp-analytics/incoming/gab/Изи.xlsx;Данные по картриджам!r326;4064fa397384d687b0349dbae769c7d4a21c54bf65a712f6c31981a966b8f971
0258;36.0;22.0;12.0;36.0;25.0;13.0;0.0 / -3.0 / -1.0;9.504;11.7;-2.196;3;В;1;/opt/mp-analytics/incoming/gab/Вся расходка Китай РФ Cactus GG PR.xlsx;Лист1!r613;d0488dd393f71b9cb95cf51390c2aba1ef902bcac7a8eb2f95247679cc1d25fc
0261;36.0;22.0;12.0;48.0;19.0;15.0;-12.0 / 3.0 / -3.0;9.504;13.68;-4.176;2;В;1;/opt/mp-analytics/incoming/gab/САКУРА АБДУЛ 05.06.xlsx;Лазерная Sakura!r5;ddbb1c580ba3ed878627b3d8dbea6c97710c4682804b2638b792149bf490915a
0262;36.0;22.0;12.0;34.5;23.5;12.5;1.5 / -1.5 / -0.5;9.504;10.134;-0.63;2;А;3;/opt/mp-analytics/incoming/gab/Изи.xlsx;Данные по картриджам!r898;4064fa397384d687b0349dbae769c7d4a21c54bf65a712f6c31981a966b8f971
0263;36.0;22.0;12.0;45.5;25.0;14.5;-9.5 / -3.0 / -2.5;9.504;16.494;-6.99;2;В;1;/opt/mp-analytics/incoming/gab/Вся расходка Китай РФ Cactus GG PR.xlsx;Лист1!r487;d0488dd393f71b9cb95cf51390c2aba1ef902bcac7a8eb2f95247679cc1d25fc
0264;36.0;22.0;12.0;46.0;24.5;12.0;-10.0 / -2.5 / 0.0;9.504;13.524;-4.02;2;В;2;/opt/mp-analytics/incoming/gab/САКУРА АБДУЛ 05.06.xlsx;Лазерная Sakura!r239;ddbb1c580ba3ed878627b3d8dbea6c97710c4682804b2638b792149bf490915a
0265;36.0;20.0;15.0;30.5;17.0;8.5;5.5 / 3.0 / 6.5;10.8;4.407;6.393;1;Б;5;/opt/mp-analytics/incoming/gab/Вся расходка Китай РФ Cactus GG PR.xlsx;Лист1!r595;d0488dd393f71b9cb95cf51390c2aba1ef902bcac7a8eb2f95247679cc1d25fc
0266;36.0;22.0;12.0;30.5;17.0;8.5;5.5 / 5.0 / 3.5;9.504;4.407;5.097;1;Б;1;/opt/mp-analytics/incoming/gab/Вся расходка Китай РФ Cactus GG PR.xlsx;Лист1!r596;d0488dd393f71b9cb95cf51390c2aba1ef902bcac7a8eb2f95247679cc1d25fc
0267;36.0;22.0;12.0;30.5;17.0;8.5;5.5 / 5.0 / 3.5;9.504;4.407;5.097;1;Б;1;/opt/mp-analytics/incoming/gab/Вся расходка Китай РФ Cactus GG PR.xlsx;Лист1!r594;d0488dd393f71b9cb95cf51390c2aba1ef902bcac7a8eb2f95247679cc1d25fc
0268;36.0;22.0;12.0;30.5;17.0;8.5;5.5 / 5.0 / 3.5;9.504;4.407;5.097;1;Б;1;/opt/mp-analytics/incoming/gab/Вся расходка Китай РФ Cactus GG PR.xlsx;Лист1!r593;d0488dd393f71b9cb95cf51390c2aba1ef902bcac7a8eb2f95247679cc1d25fc
0269;36.0;22.0;12.0;35.0;21.0;11.0;1.0 / 1.0 / 1.0;9.504;8.085;1.419;3;А;4;/opt/mp-analytics/incoming/gab/САКУРА АБДУЛ 05.06.xlsx;Лазерная Sakura!r414;ddbb1c580ba3ed878627b3d8dbea6c97710c4682804b2638b792149bf490915a
0270;36.0;20.0;15.0;35.0;21.0;11.0;1.0 / -1.0 / 4.0;10.8;8.085;2.715;3;Б;1;/opt/mp-analytics/incoming/gab/САКУРА АБДУЛ 05.06.xlsx;Лазерная Sakura!r413;ddbb1c580ba3ed878627b3d8dbea6c97710c4682804b2638b792149bf490915a
0271;36.0;22.0;12.0;35.0;21.0;11.0;1.0 / 1.0 / 1.0;9.504;8.085;1.419;3;А;1;/opt/mp-analytics/incoming/gab/САКУРА АБДУЛ 05.06.xlsx;Лазерная Sakura!r415;ddbb1c580ba3ed878627b3d8dbea6c97710c4682804b2638b792149bf490915a
0272;36.0;22.0;12.0;35.0;21.0;11.0;1.0 / 1.0 / 1.0;9.504;8.085;1.419;3;А;1;/opt/mp-analytics/incoming/gab/САКУРА АБДУЛ 05.06.xlsx;Лазерная Sakura!r416;ddbb1c580ba3ed878627b3d8dbea6c97710c4682804b2638b792149bf490915a
0273;36.0;20.0;15.0;36.5;19.0;11.5;-0.5 / 1.0 / 3.5;10.8;7.975;2.825;3;Б;2;/opt/mp-analytics/incoming/gab/Вся расходка Китай РФ Cactus GG PR.xlsx;Лист1!r592;d0488dd393f71b9cb95cf51390c2aba1ef902bcac7a8eb2f95247679cc1d25fc
0274;;;;35.0;13.5;10.7;карточки расходятся между собой (2 разных короба);;;;3;Г;11;/opt/mp-analytics/incoming/gab/Изи.xlsx;Данные по картриджам!r854;4064fa397384d687b0349dbae769c7d4a21c54bf65a712f6c31981a966b8f971
0275;36.0;20.0;15.0;32.0;16.5;10.0;4.0 / 3.5 / 5.0;10.8;5.28;5.52;2;Б;7;/opt/mp-analytics/incoming/gab/Вся расходка Китай РФ Cactus GG PR.xlsx;Лист1!r200;d0488dd393f71b9cb95cf51390c2aba1ef902bcac7a8eb2f95247679cc1d25fc
0276;36.0;20.0;15.0;35.0;16.0;11.0;1.0 / 4.0 / 4.0;10.8;6.16;4.64;4;Б;13;/opt/mp-analytics/incoming/gab/Изи.xlsx;Данные по картриджам!r857;4064fa397384d687b0349dbae769c7d4a21c54bf65a712f6c31981a966b8f971
0277;36.0;22.0;12.0;35.0;16.5;12.0;1.0 / 5.5 / 0.0;9.504;6.93;2.574;3;Б;15;/opt/mp-analytics/incoming/gab/Вся расходка Китай РФ Cactus GG PR.xlsx;Лист1!r203;d0488dd393f71b9cb95cf51390c2aba1ef902bcac7a8eb2f95247679cc1d25fc
0278;36.0;22.0;12.0;37.0;26.0;12.0;-1.0 / -4.0 / 0.0;9.504;11.544;-2.04;2;В;5;/opt/mp-analytics/incoming/gab/САКУРА АБДУЛ 05.06.xlsx;Лазерная Sakura!r328;ddbb1c580ba3ed878627b3d8dbea6c97710c4682804b2638b792149bf490915a
0279;37.0;20.0;15.0;37.5;26.0;12.5;-0.5 / -6.0 / 2.5;11.1;12.188;-1.088;3;В;10;/opt/mp-analytics/incoming/gab/САКУРА АБДУЛ 05.06.xlsx;Лазерная Sakura!r283;ddbb1c580ba3ed878627b3d8dbea6c97710c4682804b2638b792149bf490915a
0280;37.0;20.0;15.0;35.0;13.5;10.7;2.0 / 6.5 / 4.3;11.1;5.056;6.044;4;Б;15;/opt/mp-analytics/incoming/gab/Изи.xlsx;Данные по картриджам!r856;4064fa397384d687b0349dbae769c7d4a21c54bf65a712f6c31981a966b8f971
0282;8.0;5.0;5.0;10.5;6.0;2.5;-2.5 / -1.0 / 2.5;0.2;0.158;0.042;2;Б;32;/opt/mp-analytics/incoming/gab/Вся расходка Китай РФ Cactus GG PR.xlsx;Лист1!r1288;d0488dd393f71b9cb95cf51390c2aba1ef902bcac7a8eb2f95247679cc1d25fc
0283;8.0;5.0;5.0;9.0;8.0;4.0;-1.0 / -3.0 / 1.0;0.2;0.288;-0.088;1;В;5;/opt/mp-analytics/incoming/gab/Изи.xlsx;Данные по картриджам!r382;4064fa397384d687b0349dbae769c7d4a21c54bf65a712f6c31981a966b8f971
0284;8.0;5.0;5.0;8.2;7.5;4.0;-0.2 / -2.5 / 1.0;0.2;0.246;-0.046;1;В;1;/opt/mp-analytics/incoming/gab/Вся расходка Китай РФ Cactus GG PR.xlsx;Лист1!r1356;d0488dd393f71b9cb95cf51390c2aba1ef902bcac7a8eb2f95247679cc1d25fc
0285;8.0;5.0;5.0;7.5;6.5;3.6;0.5 / -1.5 / 1.4;0.2;0.175;0.025;2;А;1;/opt/mp-analytics/incoming/gab/САКУРА АБДУЛ 05.06.xlsx;Струйная Sakura!r122;ddbb1c580ba3ed878627b3d8dbea6c97710c4682804b2638b792149bf490915a
0286;15.0;10.0;8.0;9.5;8.5;4.0;5.5 / 1.5 / 4.0;1.2;0.323;0.877;3;Б;24;/opt/mp-analytics/incoming/gab/САКУРА АБДУЛ 05.06.xlsx;Струйная Sakura!r123;ddbb1c580ba3ed878627b3d8dbea6c97710c4682804b2638b792149bf490915a
0287;8.0;5.0;5.0;7.5;6.5;3.6;0.5 / -1.5 / 1.4;0.2;0.175;0.025;2;А;1;/opt/mp-analytics/incoming/gab/САКУРА АБДУЛ 05.06.xlsx;Струйная Sakura!r125;ddbb1c580ba3ed878627b3d8dbea6c97710c4682804b2638b792149bf490915a
0288;15.0;10.0;8.0;8.5;7.5;3.8;6.5 / 2.5 / 4.2;1.2;0.242;0.958;3;Б;1;/opt/mp-analytics/incoming/gab/Изи.xlsx;Данные по картриджам!r377;4064fa397384d687b0349dbae769c7d4a21c54bf65a712f6c31981a966b8f971
0291;15.0;10.0;8.0;8.7;6.7;2.2;6.3 / 3.3 / 5.8;1.2;0.128;1.072;3;Б;9;/opt/mp-analytics/incoming/gab/Изи.xlsx;Данные по картриджам!r951;4064fa397384d687b0349dbae769c7d4a21c54bf65a712f6c31981a966b8f971
0292;15.0;10.0;8.0;8.7;6.7;2.2;6.3 / 3.3 / 5.8;1.2;0.128;1.072;3;Б;1;/opt/mp-analytics/incoming/gab/Изи.xlsx;Данные по картриджам!r952;4064fa397384d687b0349dbae769c7d4a21c54bf65a712f6c31981a966b8f971
0293;8.0;5.0;5.0;8.7;6.7;2.2;-0.7 / -1.7 / 2.8;0.2;0.128;0.072;3;Б;1;/opt/mp-analytics/incoming/gab/Изи.xlsx;Данные по картриджам!r431;4064fa397384d687b0349dbae769c7d4a21c54bf65a712f6c31981a966b8f971
0294;15.0;10.0;8.0;8.7;6.7;2.2;6.3 / 3.3 / 5.8;1.2;0.128;1.072;3;Б;1;/opt/mp-analytics/incoming/gab/Изи.xlsx;Данные по картриджам!r954;4064fa397384d687b0349dbae769c7d4a21c54bf65a712f6c31981a966b8f971
0295;15.0;10.0;8.0;8.7;6.7;2.2;6.3 / 3.3 / 5.8;1.2;0.128;1.072;3;Б;1;/opt/mp-analytics/incoming/gab/Изи.xlsx;Данные по картриджам!r955;4064fa397384d687b0349dbae769c7d4a21c54bf65a712f6c31981a966b8f971
0296;15.0;10.0;8.0;8.7;6.7;2.2;6.3 / 3.3 / 5.8;1.2;0.128;1.072;3;Б;1;/opt/mp-analytics/incoming/gab/Изи.xlsx;Данные по картриджам!r956;4064fa397384d687b0349dbae769c7d4a21c54bf65a712f6c31981a966b8f971
0297;15.0;10.0;8.0;11.0;10.0;2.0;4.0 / 0.0 / 6.0;1.2;0.22;0.98;2;Б;17;/opt/mp-analytics/incoming/gab/САКУРА АБДУЛ 05.06.xlsx;Струйная Sakura!r352;ddbb1c580ba3ed878627b3d8dbea6c97710c4682804b2638b792149bf490915a
0298;15.0;10.0;8.0;11.0;10.0;2.0;4.0 / 0.0 / 6.0;1.2;0.22;0.98;3;Б;1;/opt/mp-analytics/incoming/gab/САКУРА АБДУЛ 05.06.xlsx;Струйная Sakura!r353;ddbb1c580ba3ed878627b3d8dbea6c97710c4682804b2638b792149bf490915a
0299;8.0;5.0;5.0;11.0;10.0;2.0;-3.0 / -5.0 / 3.0;0.2;0.22;-0.02;3;В;1;/opt/mp-analytics/incoming/gab/САКУРА АБДУЛ 05.06.xlsx;Струйная Sakura!r354;ddbb1c580ba3ed878627b3d8dbea6c97710c4682804b2638b792149bf490915a
0300;15.0;10.0;8.0;11.0;10.0;2.0;4.0 / 0.0 / 6.0;1.2;0.22;0.98;3;Б;1;/opt/mp-analytics/incoming/gab/САКУРА АБДУЛ 05.06.xlsx;Струйная Sakura!r355;ddbb1c580ba3ed878627b3d8dbea6c97710c4682804b2638b792149bf490915a
0301;15.0;10.0;8.0;11.0;10.0;2.0;4.0 / 0.0 / 6.0;1.2;0.22;0.98;4;Б;1;/opt/mp-analytics/incoming/gab/САКУРА АБДУЛ 05.06.xlsx;Струйная Sakura!r356;ddbb1c580ba3ed878627b3d8dbea6c97710c4682804b2638b792149bf490915a
0302;15.0;10.0;8.0;11.0;10.0;2.0;4.0 / 0.0 / 6.0;1.2;0.22;0.98;3;Б;1;/opt/mp-analytics/incoming/gab/САКУРА АБДУЛ 05.06.xlsx;Струйная Sakura!r357;ddbb1c580ba3ed878627b3d8dbea6c97710c4682804b2638b792149bf490915a
0303;15.0;10.0;8.0;8.5;7.5;3.8;6.5 / 2.5 / 4.2;1.2;0.242;0.958;2;Б;23;/opt/mp-analytics/incoming/gab/Изи.xlsx;Данные по картриджам!r510;4064fa397384d687b0349dbae769c7d4a21c54bf65a712f6c31981a966b8f971
0304;15.0;10.0;8.0;8.5;7.5;3.8;6.5 / 2.5 / 4.2;1.2;0.242;0.958;2;Б;1;/opt/mp-analytics/incoming/gab/Изи.xlsx;Данные по картриджам!r511;4064fa397384d687b0349dbae769c7d4a21c54bf65a712f6c31981a966b8f971
0305;15.0;10.0;8.0;11.5;9.5;4.5;3.5 / 0.5 / 3.5;1.2;0.492;0.708;1;Б;70;/opt/mp-analytics/incoming/gab/Вся расходка Китай РФ Cactus GG PR.xlsx;Лист1!r1177;d0488dd393f71b9cb95cf51390c2aba1ef902bcac7a8eb2f95247679cc1d25fc
0306;15.0;10.0;8.0;11.5;9.5;4.5;3.5 / 0.5 / 3.5;1.2;0.492;0.708;2;Б;19;/opt/mp-analytics/incoming/gab/Вся расходка Китай РФ Cactus GG PR.xlsx;Лист1!r1290;d0488dd393f71b9cb95cf51390c2aba1ef902bcac7a8eb2f95247679cc1d25fc
0307;15.0;10.0;8.0;8.5;7.5;3.8;6.5 / 2.5 / 4.2;1.2;0.242;0.958;2;Б;7;/opt/mp-analytics/incoming/gab/Изи.xlsx;Данные по картриджам!r520;4064fa397384d687b0349dbae769c7d4a21c54bf65a712f6c31981a966b8f971
0308;;;;8.5;7.5;3.8;карточки расходятся между собой (2 разных короба);;;;2;Г;10;/opt/mp-analytics/incoming/gab/Изи.xlsx;Данные по картриджам!r1005;4064fa397384d687b0349dbae769c7d4a21c54bf65a712f6c31981a966b8f971
0309;15.0;10.0;8.0;8.5;7.5;3.8;6.5 / 2.5 / 4.2;1.2;0.242;0.958;3;Б;2;/opt/mp-analytics/incoming/gab/Изи.xlsx;Данные по картриджам!r518;4064fa397384d687b0349dbae769c7d4a21c54bf65a712f6c31981a966b8f971
0310;15.0;10.0;8.0;8.5;7.5;3.8;6.5 / 2.5 / 4.2;1.2;0.242;0.958;2;Б;2;/opt/mp-analytics/incoming/gab/Изи.xlsx;Данные по картриджам!r519;4064fa397384d687b0349dbae769c7d4a21c54bf65a712f6c31981a966b8f971
0311;15.0;10.0;8.0;8.5;7.8;3.8;6.5 / 2.2 / 4.2;1.2;0.252;0.948;2;Б;1;/opt/mp-analytics/incoming/gab/Изи.xlsx;Данные по картриджам!r1009;4064fa397384d687b0349dbae769c7d4a21c54bf65a712f6c31981a966b8f971
0312;8.0;5.0;5.0;8.5;7.5;3.8;-0.5 / -2.5 / 1.2;0.2;0.242;-0.042;1;В;1;/opt/mp-analytics/incoming/gab/Изи.xlsx;Данные по картриджам!r522;4064fa397384d687b0349dbae769c7d4a21c54bf65a712f6c31981a966b8f971
0313;12.0;9.0;4.0;11.5;9.5;4.5;0.5 / -0.5 / -0.5;0.432;0.492;-0.06;4;А;33;/opt/mp-analytics/incoming/gab/Вся расходка Китай РФ Cactus GG PR.xlsx;Лист1!r1172;d0488dd393f71b9cb95cf51390c2aba1ef902bcac7a8eb2f95247679cc1d25fc
0314;8.0;5.0;5.0;11.5;9.5;4.5;-3.5 / -4.5 / 0.5;0.2;0.492;-0.292;2;В;1;/opt/mp-analytics/incoming/gab/САКУРА АБДУЛ 05.06.xlsx;Струйная Sakura!r35;ddbb1c580ba3ed878627b3d8dbea6c97710c4682804b2638b792149bf490915a
0315;15.0;10.0;8.0;11.5;9.5;4.5;3.5 / 0.5 / 3.5;1.2;0.492;0.708;2;Б;1;/opt/mp-analytics/incoming/gab/САКУРА АБДУЛ 05.06.xlsx;Струйная Sakura!r36;ddbb1c580ba3ed878627b3d8dbea6c97710c4682804b2638b792149bf490915a
0316;15.0;10.0;8.0;11.5;9.5;4.5;3.5 / 0.5 / 3.5;1.2;0.492;0.708;2;Б;1;/opt/mp-analytics/incoming/gab/САКУРА АБДУЛ 05.06.xlsx;Струйная Sakura!r37;ddbb1c580ba3ed878627b3d8dbea6c97710c4682804b2638b792149bf490915a
0317;8.0;5.0;5.0;11.5;9.5;4.5;-3.5 / -4.5 / 0.5;0.2;0.492;-0.292;4;В;1;/opt/mp-analytics/incoming/gab/Вся расходка Китай РФ Cactus GG PR.xlsx;Лист1!r1171;d0488dd393f71b9cb95cf51390c2aba1ef902bcac7a8eb2f95247679cc1d25fc
0318;8.0;5.0;5.0;11.5;9.5;4.5;-3.5 / -4.5 / 0.5;0.2;0.492;-0.292;4;В;10;/opt/mp-analytics/incoming/gab/Вся расходка Китай РФ Cactus GG PR.xlsx;Лист1!r1170;d0488dd393f71b9cb95cf51390c2aba1ef902bcac7a8eb2f95247679cc1d25fc
0319;8.0;5.0;5.0;11.5;9.5;4.5;-3.5 / -4.5 / 0.5;0.2;0.492;-0.292;4;В;1;/opt/mp-analytics/incoming/gab/Вся расходка Китай РФ Cactus GG PR.xlsx;Лист1!r1169;d0488dd393f71b9cb95cf51390c2aba1ef902bcac7a8eb2f95247679cc1d25fc
0320;8.0;5.0;5.0;11.5;9.5;4.5;-3.5 / -4.5 / 0.5;0.2;0.492;-0.292;3;В;5;/opt/mp-analytics/incoming/gab/Вся расходка Китай РФ Cactus GG PR.xlsx;Лист1!r1109;d0488dd393f71b9cb95cf51390c2aba1ef902bcac7a8eb2f95247679cc1d25fc
0321;15.0;10.0;8.0;11.5;9.5;4.5;3.5 / 0.5 / 3.5;1.2;0.492;0.708;1;Б;4;/opt/mp-analytics/incoming/gab/Вся расходка Китай РФ Cactus GG PR.xlsx;Лист1!r1229;d0488dd393f71b9cb95cf51390c2aba1ef902bcac7a8eb2f95247679cc1d25fc
0322;15.0;10.0;8.0;9.5;8.6;3.4;5.5 / 1.4 / 4.6;1.2;0.278;0.922;2;Б;1;/opt/mp-analytics/incoming/gab/Изи.xlsx;Данные по картриджам!r561;4064fa397384d687b0349dbae769c7d4a21c54bf65a712f6c31981a966b8f971
0323;15.0;10.0;8.0;9.5;8.6;3.4;5.5 / 1.4 / 4.6;1.2;0.278;0.922;2;Б;1;/opt/mp-analytics/incoming/gab/Изи.xlsx;Данные по картриджам!r562;4064fa397384d687b0349dbae769c7d4a21c54bf65a712f6c31981a966b8f971
0324;15.0;10.0;8.0;9.5;8.6;3.4;5.5 / 1.4 / 4.6;1.2;0.278;0.922;2;Б;1;/opt/mp-analytics/incoming/gab/Изи.xlsx;Данные по картриджам!r563;4064fa397384d687b0349dbae769c7d4a21c54bf65a712f6c31981a966b8f971
0325;15.0;10.0;8.0;10.5;6.0;5.0;4.5 / 4.0 / 3.0;1.2;0.315;0.885;3;Б;7;/opt/mp-analytics/incoming/gab/Вся расходка Китай РФ Cactus GG PR.xlsx;Лист1!r1124;d0488dd393f71b9cb95cf51390c2aba1ef902bcac7a8eb2f95247679cc1d25fc
0326;15.0;10.0;8.0;9.0;5.0;4.0;6.0 / 5.0 / 4.0;1.2;0.18;1.02;4;Б;1;/opt/mp-analytics/incoming/gab/Изи.xlsx;Данные по картриджам!r1040;4064fa397384d687b0349dbae769c7d4a21c54bf65a712f6c31981a966b8f971
0327;15.0;10.0;8.0;9.0;5.0;4.0;6.0 / 5.0 / 4.0;1.2;0.18;1.02;4;Б;1;/opt/mp-analytics/incoming/gab/Изи.xlsx;Данные по картриджам!r1041;4064fa397384d687b0349dbae769c7d4a21c54bf65a712f6c31981a966b8f971
0329;15.0;10.0;8.0;9.2;5.2;2.9;5.8 / 4.8 / 5.1;1.2;0.139;1.061;2;Б;2;/opt/mp-analytics/incoming/gab/Изи.xlsx;Данные по картриджам!r552;4064fa397384d687b0349dbae769c7d4a21c54bf65a712f6c31981a966b8f971
0330;15.0;10.0;8.0;8.5;7.5;3.8;6.5 / 2.5 / 4.2;1.2;0.242;0.958;2;Б;1;/opt/mp-analytics/incoming/gab/Изи.xlsx;Данные по картриджам!r553;4064fa397384d687b0349dbae769c7d4a21c54bf65a712f6c31981a966b8f971
0331;8.0;5.0;5.0;8.5;7.5;3.8;-0.5 / -2.5 / 1.2;0.2;0.242;-0.042;2;В;1;/opt/mp-analytics/incoming/gab/Изи.xlsx;Данные по картриджам!r1031;4064fa397384d687b0349dbae769c7d4a21c54bf65a712f6c31981a966b8f971
0332;8.0;5.0;5.0;8.5;7.5;3.8;-0.5 / -2.5 / 1.2;0.2;0.242;-0.042;2;В;1;/opt/mp-analytics/incoming/gab/Изи.xlsx;Данные по картриджам!r1032;4064fa397384d687b0349dbae769c7d4a21c54bf65a712f6c31981a966b8f971
0333;10.0;10.0;10.0;12.5;4.5;4.5;-2.5 / 5.5 / 5.5;1.0;0.253;0.747;1;Б;1;/opt/mp-analytics/incoming/gab/Изи.xlsx;Данные по картриджам!r1694;4064fa397384d687b0349dbae769c7d4a21c54bf65a712f6c31981a966b8f971
0337;10.0;10.0;10.0;15.0;8.5;4.0;-5.0 / 1.5 / 6.0;1.0;0.51;0.49;1;Б;1;/opt/mp-analytics/incoming/gab/Изи.xlsx;Данные по картриджам!r1816;4064fa397384d687b0349dbae769c7d4a21c54bf65a712f6c31981a966b8f971
0342;10.0;10.0;10.0;15.0;14.0;5.5;-5.0 / -4.0 / 4.5;1.0;1.155;-0.155;1;В;1;/opt/mp-analytics/incoming/gab/Изи.xlsx;Данные по картриджам!r1228;4064fa397384d687b0349dbae769c7d4a21c54bf65a712f6c31981a966b8f971
0343;10.0;10.0;10.0;15.0;14.0;5.5;-5.0 / -4.0 / 4.5;1.0;1.155;-0.155;1;В;1;/opt/mp-analytics/incoming/gab/Изи.xlsx;Данные по картриджам!r1227;4064fa397384d687b0349dbae769c7d4a21c54bf65a712f6c31981a966b8f971
0344;10.0;10.0;10.0;12.5;4.5;4.5;-2.5 / 5.5 / 5.5;1.0;0.253;0.747;1;Б;1;/opt/mp-analytics/incoming/gab/Изи.xlsx;Данные по картриджам!r1668;4064fa397384d687b0349dbae769c7d4a21c54bf65a712f6c31981a966b8f971
0346;37.0;20.0;15.0;36.0;17.0;12.0;1.0 / 3.0 / 3.0;11.1;7.344;3.756;2;Б;4;/opt/mp-analytics/incoming/gab/Вся расходка Китай РФ Cactus GG PR.xlsx;Лист1!r322;d0488dd393f71b9cb95cf51390c2aba1ef902bcac7a8eb2f95247679cc1d25fc
0347;37.0;20.0;15.0;39.0;20.0;13.0;-2.0 / 0.0 / 2.0;11.1;10.14;0.96;3;А;7;/opt/mp-analytics/incoming/gab/Изи.xlsx;Данные по картриджам!r724;4064fa397384d687b0349dbae769c7d4a21c54bf65a712f6c31981a966b8f971
0348;37.0;20.0;15.0;39.0;20.0;13.0;-2.0 / 0.0 / 2.0;11.1;10.14;0.96;3;А;1;/opt/mp-analytics/incoming/gab/Изи.xlsx;Данные по картриджам!r725;4064fa397384d687b0349dbae769c7d4a21c54bf65a712f6c31981a966b8f971
0349;37.0;20.0;15.0;39.0;20.0;13.0;-2.0 / 0.0 / 2.0;11.1;10.14;0.96;3;А;1;/opt/mp-analytics/incoming/gab/Изи.xlsx;Данные по картриджам!r726;4064fa397384d687b0349dbae769c7d4a21c54bf65a712f6c31981a966b8f971
0350;37.0;20.0;15.0;39.0;20.0;13.0;-2.0 / 0.0 / 2.0;11.1;10.14;0.96;3;А;1;/opt/mp-analytics/incoming/gab/Изи.xlsx;Данные по картриджам!r727;4064fa397384d687b0349dbae769c7d4a21c54bf65a712f6c31981a966b8f971
0376;35.0;16.0;12.0;34.5;24.5;12.5;0.5 / -8.5 / -0.5;6.72;10.566;-3.846;3;В;1;/opt/mp-analytics/incoming/gab/Изи.xlsx;Данные по картриджам!r5;4064fa397384d687b0349dbae769c7d4a21c54bf65a712f6c31981a966b8f971
0377;35.0;16.0;12.0;34.5;24.5;12.5;0.5 / -8.5 / -0.5;6.72;10.566;-3.846;3;В;1;/opt/mp-analytics/incoming/gab/Изи.xlsx;Данные по картриджам!r3;4064fa397384d687b0349dbae769c7d4a21c54bf65a712f6c31981a966b8f971
0379;50.0;27.0;16.0;44.5;28.5;15.5;5.5 / -1.5 / 0.5;21.6;19.658;1.942;3;Б;6;/opt/mp-analytics/incoming/gab/Изи.xlsx;Данные по картриджам!r736;4064fa397384d687b0349dbae769c7d4a21c54bf65a712f6c31981a966b8f971
0380;15.0;10.0;8.0;9.0;5.0;4.0;6.0 / 5.0 / 4.0;1.2;0.18;1.02;4;Б;1;/opt/mp-analytics/incoming/gab/Изи.xlsx;Данные по картриджам!r1042;4064fa397384d687b0349dbae769c7d4a21c54bf65a712f6c31981a966b8f971
0381;37.0;20.0;15.0;38.0;27.5;15.0;-1.0 / -7.5 / 0.0;11.1;15.675;-4.575;3;В;2;/opt/mp-analytics/incoming/gab/Вся расходка Китай РФ Cactus GG PR.xlsx;Лист1!r4332;d0488dd393f71b9cb95cf51390c2aba1ef902bcac7a8eb2f95247679cc1d25fc
0382;37.0;20.0;15.0;38.0;27.5;15.0;-1.0 / -7.5 / 0.0;11.1;15.675;-4.575;3;В;1;/opt/mp-analytics/incoming/gab/Вся расходка Китай РФ Cactus GG PR.xlsx;Лист1!r4333;d0488dd393f71b9cb95cf51390c2aba1ef902bcac7a8eb2f95247679cc1d25fc
0383;37.0;20.0;15.0;38.0;27.5;15.0;-1.0 / -7.5 / 0.0;11.1;15.675;-4.575;3;В;1;/opt/mp-analytics/incoming/gab/Вся расходка Китай РФ Cactus GG PR.xlsx;Лист1!r4334;d0488dd393f71b9cb95cf51390c2aba1ef902bcac7a8eb2f95247679cc1d25fc
0384;37.0;20.0;15.0;38.0;27.5;15.0;-1.0 / -7.5 / 0.0;11.1;15.675;-4.575;2;В;1;/opt/mp-analytics/incoming/gab/Вся расходка Китай РФ Cactus GG PR.xlsx;Лист1!r4335;d0488dd393f71b9cb95cf51390c2aba1ef902bcac7a8eb2f95247679cc1d25fc
0385;37.0;20.0;15.0;35.0;17.0;12.0;2.0 / 3.0 / 3.0;11.1;7.14;3.96;1;Б;5;/opt/mp-analytics/incoming/gab/САКУРА АБДУЛ 05.06.xlsx;Лазерная Sakura!r488;ddbb1c580ba3ed878627b3d8dbea6c97710c4682804b2638b792149bf490915a
0387;37.0;20.0;15.0;35.0;17.0;12.0;2.0 / 3.0 / 3.0;11.1;7.14;3.96;1;Б;1;/opt/mp-analytics/incoming/gab/САКУРА АБДУЛ 05.06.xlsx;Лазерная Sakura!r490;ddbb1c580ba3ed878627b3d8dbea6c97710c4682804b2638b792149bf490915a
0388;37.0;20.0;15.0;35.0;17.0;12.0;2.0 / 3.0 / 3.0;11.1;7.14;3.96;1;Б;1;/opt/mp-analytics/incoming/gab/САКУРА АБДУЛ 05.06.xlsx;Лазерная Sakura!r491;ddbb1c580ba3ed878627b3d8dbea6c97710c4682804b2638b792149bf490915a
0394;37.0;20.0;15.0;35.0;17.0;12.0;2.0 / 3.0 / 3.0;11.1;7.14;3.96;1;Б;1;/opt/mp-analytics/incoming/gab/САКУРА АБДУЛ 05.06.xlsx;Лазерная Sakura!r500;ddbb1c580ba3ed878627b3d8dbea6c97710c4682804b2638b792149bf490915a
0396;37.0;20.0;15.0;40.0;25.5;14.0;-3.0 / -5.5 / 1.0;11.1;14.28;-3.18;2;В;2;/opt/mp-analytics/incoming/gab/Вся расходка Китай РФ Cactus GG PR.xlsx;Лист1!r794;d0488dd393f71b9cb95cf51390c2aba1ef902bcac7a8eb2f95247679cc1d25fc
0397;37.0;20.0;15.0;40.0;25.5;14.0;-3.0 / -5.5 / 1.0;11.1;14.28;-3.18;2;В;1;/opt/mp-analytics/incoming/gab/Вся расходка Китай РФ Cactus GG PR.xlsx;Лист1!r793;d0488dd393f71b9cb95cf51390c2aba1ef902bcac7a8eb2f95247679cc1d25fc
0398;37.0;20.0;15.0;40.0;25.5;14.0;-3.0 / -5.5 / 1.0;11.1;14.28;-3.18;2;В;1;/opt/mp-analytics/incoming/gab/Вся расходка Китай РФ Cactus GG PR.xlsx;Лист1!r792;d0488dd393f71b9cb95cf51390c2aba1ef902bcac7a8eb2f95247679cc1d25fc
0399;37.0;20.0;15.0;40.0;25.5;14.0;-3.0 / -5.5 / 1.0;11.1;14.28;-3.18;2;В;1;/opt/mp-analytics/incoming/gab/Вся расходка Китай РФ Cactus GG PR.xlsx;Лист1!r791;d0488dd393f71b9cb95cf51390c2aba1ef902bcac7a8eb2f95247679cc1d25fc
0404;37.0;20.0;15.0;36.5;24.0;16.0;0.5 / -4.0 / -1.0;11.1;14.016;-2.916;3;В;1;/opt/mp-analytics/incoming/gab/САКУРА АБДУЛ 05.06.xlsx;Лазерная Sakura!r167;ddbb1c580ba3ed878627b3d8dbea6c97710c4682804b2638b792149bf490915a
0405;37.0;20.0;15.0;36.5;24.0;16.0;0.5 / -4.0 / -1.0;11.1;14.016;-2.916;3;В;1;/opt/mp-analytics/incoming/gab/САКУРА АБДУЛ 05.06.xlsx;Лазерная Sakura!r168;ddbb1c580ba3ed878627b3d8dbea6c97710c4682804b2638b792149bf490915a
0406;37.0;20.0;15.0;36.5;24.0;16.0;0.5 / -4.0 / -1.0;11.1;14.016;-2.916;3;В;1;/opt/mp-analytics/incoming/gab/САКУРА АБДУЛ 05.06.xlsx;Лазерная Sakura!r169;ddbb1c580ba3ed878627b3d8dbea6c97710c4682804b2638b792149bf490915a
0407;37.0;20.0;15.0;37.6;25.1;14.4;-0.6 / -5.1 / 0.6;11.1;13.59;-2.49;3;В;3;/opt/mp-analytics/incoming/gab/САКУРА АБДУЛ 05.06.xlsx;Лазерная Sakura!r147;ddbb1c580ba3ed878627b3d8dbea6c97710c4682804b2638b792149bf490915a
0408;37.0;20.0;15.0;39.0;19.0;14.0;-2.0 / 1.0 / 1.0;11.1;10.374;0.726;3;А;1;/opt/mp-analytics/incoming/gab/Вся расходка Китай РФ Cactus GG PR.xlsx;Лист1!r127;d0488dd393f71b9cb95cf51390c2aba1ef902bcac7a8eb2f95247679cc1d25fc
0409;37.0;20.0;15.0;37.7;24.9;15.3;-0.7 / -4.9 / -0.3;11.1;14.363;-3.263;3;В;1;/opt/mp-analytics/incoming/gab/САКУРА АБДУЛ 05.06.xlsx;Лазерная Sakura!r150;ddbb1c580ba3ed878627b3d8dbea6c97710c4682804b2638b792149bf490915a
0410;37.0;20.0;15.0;37.6;25.2;14.3;-0.6 / -5.2 / 0.7;11.1;13.55;-2.45;3;В;1;/opt/mp-analytics/incoming/gab/САКУРА АБДУЛ 05.06.xlsx;Лазерная Sakura!r151;ddbb1c580ba3ed878627b3d8dbea6c97710c4682804b2638b792149bf490915a
0411;37.0;20.0;15.0;37.8;25.8;12.1;-0.8 / -5.8 / 2.9;11.1;11.8;-0.7;1;В;4;/opt/mp-analytics/incoming/gab/САКУРА АБДУЛ 05.06.xlsx;Лазерная Sakura!r302;ddbb1c580ba3ed878627b3d8dbea6c97710c4682804b2638b792149bf490915a
0416;37.0;20.0;15.0;34.2;22.0;12.2;2.8 / -2.0 / 2.8;11.1;9.179;1.921;1;Б;12;/opt/mp-analytics/incoming/gab/Вся расходка Китай РФ Cactus GG PR.xlsx;Лист1!r138;d0488dd393f71b9cb95cf51390c2aba1ef902bcac7a8eb2f95247679cc1d25fc
0417;37.0;20.0;15.0;35.0;27.0;15.0;2.0 / -7.0 / 0.0;11.1;14.175;-3.075;1;В;7;/opt/mp-analytics/incoming/gab/Вся расходка Китай РФ Cactus GG PR.xlsx;Лист1!r799;d0488dd393f71b9cb95cf51390c2aba1ef902bcac7a8eb2f95247679cc1d25fc
0424;15.0;10.0;8.0;11.0;8.0;4.0;4.0 / 2.0 / 4.0;1.2;0.352;0.848;1;Б;8;/opt/mp-analytics/incoming/gab/Изи.xlsx;Данные по картриджам!r1522;4064fa397384d687b0349dbae769c7d4a21c54bf65a712f6c31981a966b8f971
0426;15.0;10.0;8.0;11.0;8.0;4.0;4.0 / 2.0 / 4.0;1.2;0.352;0.848;2;Б;3;/opt/mp-analytics/incoming/gab/Изи.xlsx;Данные по картриджам!r1520;4064fa397384d687b0349dbae769c7d4a21c54bf65a712f6c31981a966b8f971
0430;15.0;10.0;8.0;11.5;9.5;4.5;3.5 / 0.5 / 3.5;1.2;0.492;0.708;1;Б;13;/opt/mp-analytics/incoming/gab/Вся расходка Китай РФ Cactus GG PR.xlsx;Лист1!r1443;d0488dd393f71b9cb95cf51390c2aba1ef902bcac7a8eb2f95247679cc1d25fc
0434;15.0;10.0;8.0;8.5;7.5;4.0;6.5 / 2.5 / 4.0;1.2;0.255;0.945;2;Б;11;/opt/mp-analytics/incoming/gab/Изи.xlsx;Данные по картриджам!r505;4064fa397384d687b0349dbae769c7d4a21c54bf65a712f6c31981a966b8f971
0435;37.0;20.0;15.0;43.8;10.4;10.4;-6.8 / 9.6 / 4.6;11.1;4.737;6.363;3;Б;5;/opt/mp-analytics/incoming/gab/САКУРА АБДУЛ 05.06.xlsx;Лазерная Sakura!r928;ddbb1c580ba3ed878627b3d8dbea6c97710c4682804b2638b792149bf490915a
0436;37.0;20.0;15.0;33.0;17.2;12.9;4.0 / 2.8 / 2.1;11.1;7.322;3.778;2;Б;6;/opt/mp-analytics/incoming/gab/САКУРА АБДУЛ 05.06.xlsx;Лазерная Sakura!r478;ddbb1c580ba3ed878627b3d8dbea6c97710c4682804b2638b792149bf490915a
0437;37.0;20.0;15.0;30.7;11.3;10.2;6.3 / 8.7 / 4.8;11.1;3.538;7.562;2;Б;2;/opt/mp-analytics/incoming/gab/САКУРА АБДУЛ 05.06.xlsx;Лазерная Sakura!r1162;ddbb1c580ba3ed878627b3d8dbea6c97710c4682804b2638b792149bf490915a
0438;37.0;20.0;15.0;35.7;14.8;12.1;1.3 / 5.2 / 2.9;11.1;6.393;4.707;1;Б;2;/opt/mp-analytics/incoming/gab/САКУРА АБДУЛ 05.06.xlsx;Лазерная Sakura!r606;ddbb1c580ba3ed878627b3d8dbea6c97710c4682804b2638b792149bf490915a
0439;37.0;20.0;15.0;36.5;15.1;12.0;0.5 / 4.9 / 3.0;11.1;6.614;4.486;1;Б;1;/opt/mp-analytics/incoming/gab/САКУРА АБДУЛ 05.06.xlsx;Лазерная Sakura!r605;ddbb1c580ba3ed878627b3d8dbea6c97710c4682804b2638b792149bf490915a
0440;37.0;20.0;15.0;35.9;14.9;12.0;1.1 / 5.1 / 3.0;11.1;6.419;4.681;1;Б;1;/opt/mp-analytics/incoming/gab/САКУРА АБДУЛ 05.06.xlsx;Лазерная Sakura!r603;ddbb1c580ba3ed878627b3d8dbea6c97710c4682804b2638b792149bf490915a
0441;37.0;20.0;15.0;35.8;14.8;12.2;1.2 / 5.2 / 2.8;11.1;6.464;4.636;1;Б;1;/opt/mp-analytics/incoming/gab/САКУРА АБДУЛ 05.06.xlsx;Лазерная Sakura!r604;ddbb1c580ba3ed878627b3d8dbea6c97710c4682804b2638b792149bf490915a
0442;37.0;20.0;15.0;33.0;13.5;11.5;4.0 / 6.5 / 3.5;11.1;5.123;5.977;1;Б;12;/opt/mp-analytics/incoming/gab/Вся расходка Китай РФ Cactus GG PR.xlsx;Лист1!r141;d0488dd393f71b9cb95cf51390c2aba1ef902bcac7a8eb2f95247679cc1d25fc
0443;37.0;20.0;15.0;36.0;12.5;11.5;1.0 / 7.5 / 3.5;11.1;5.175;5.925;1;Б;6;/opt/mp-analytics/incoming/gab/САКУРА АБДУЛ 05.06.xlsx;Лазерная Sakura!r855;ddbb1c580ba3ed878627b3d8dbea6c97710c4682804b2638b792149bf490915a
0444;37.0;20.0;15.0;43.5;10.5;10.0;-6.5 / 9.5 / 5.0;11.1;4.567;6.533;1;Б;3;/opt/mp-analytics/incoming/gab/Вся расходка Китай РФ Cactus GG PR.xlsx;Лист1!r810;d0488dd393f71b9cb95cf51390c2aba1ef902bcac7a8eb2f95247679cc1d25fc
0448;15.0;10.0;8.0;10.5;6.0;1.8;4.5 / 4.0 / 6.2;1.2;0.113;1.087;1;Б;1;/opt/mp-analytics/incoming/gab/Вся расходка Китай РФ Cactus GG PR.xlsx;Лист1!r1360;d0488dd393f71b9cb95cf51390c2aba1ef902bcac7a8eb2f95247679cc1d25fc
0449;10.0;8.0;5.0;10.5;6.0;1.8;-0.5 / 2.0 / 3.2;0.4;0.113;0.287;2;Б;2;/opt/mp-analytics/incoming/gab/Вся расходка Китай РФ Cactus GG PR.xlsx;Лист1!r1286;d0488dd393f71b9cb95cf51390c2aba1ef902bcac7a8eb2f95247679cc1d25fc
0450;10.0;8.0;5.0;10.5;6.0;1.8;-0.5 / 2.0 / 3.2;0.4;0.113;0.287;2;Б;1;/opt/mp-analytics/incoming/gab/Вся расходка Китай РФ Cactus GG PR.xlsx;Лист1!r1359;d0488dd393f71b9cb95cf51390c2aba1ef902bcac7a8eb2f95247679cc1d25fc
0451;10.0;8.0;5.0;9.2;5.2;2.9;0.8 / 2.8 / 2.1;0.4;0.139;0.261;3;Б;30;/opt/mp-analytics/incoming/gab/Изи.xlsx;Данные по картриджам!r387;4064fa397384d687b0349dbae769c7d4a21c54bf65a712f6c31981a966b8f971
0465;37.0;20.0;15.0;34.5;9.5;8.8;2.5 / 10.5 / 6.2;11.1;2.884;8.216;1;Б;1;/opt/mp-analytics/incoming/gab/Вся расходка Китай РФ Cactus GG PR.xlsx;Лист1!r804;d0488dd393f71b9cb95cf51390c2aba1ef902bcac7a8eb2f95247679cc1d25fc
0466;37.0;20.0;15.0;34.5;9.5;8.8;2.5 / 10.5 / 6.2;11.1;2.884;8.216;2;Б;1;/opt/mp-analytics/incoming/gab/Вся расходка Китай РФ Cactus GG PR.xlsx;Лист1!r803;d0488dd393f71b9cb95cf51390c2aba1ef902bcac7a8eb2f95247679cc1d25fc
0467;37.0;20.0;15.0;34.5;9.5;8.8;2.5 / 10.5 / 6.2;11.1;2.884;8.216;2;Б;1;/opt/mp-analytics/incoming/gab/Вся расходка Китай РФ Cactus GG PR.xlsx;Лист1!r802;d0488dd393f71b9cb95cf51390c2aba1ef902bcac7a8eb2f95247679cc1d25fc
0468;37.0;20.0;15.0;34.5;9.5;8.8;2.5 / 10.5 / 6.2;11.1;2.884;8.216;1;Б;3;/opt/mp-analytics/incoming/gab/Вся расходка Китай РФ Cactus GG PR.xlsx;Лист1!r801;d0488dd393f71b9cb95cf51390c2aba1ef902bcac7a8eb2f95247679cc1d25fc
0497;10.0;8.0;5.0;8.7;6.7;2.2;1.3 / 1.3 / 2.8;0.4;0.128;0.272;3;Б;6;/opt/mp-analytics/incoming/gab/Изи.xlsx;Данные по картриджам!r435;4064fa397384d687b0349dbae769c7d4a21c54bf65a712f6c31981a966b8f971
0498;10.0;8.0;5.0;8.7;6.7;2.2;1.3 / 1.3 / 2.8;0.4;0.128;0.272;3;Б;1;/opt/mp-analytics/incoming/gab/Изи.xlsx;Данные по картриджам!r436;4064fa397384d687b0349dbae769c7d4a21c54bf65a712f6c31981a966b8f971
0499;10.0;8.0;5.0;8.7;6.7;2.2;1.3 / 1.3 / 2.8;0.4;0.128;0.272;3;Б;1;/opt/mp-analytics/incoming/gab/Изи.xlsx;Данные по картриджам!r437;4064fa397384d687b0349dbae769c7d4a21c54bf65a712f6c31981a966b8f971
0500;15.0;10.0;8.0;8.7;6.7;2.2;6.3 / 3.3 / 5.8;1.2;0.128;1.072;3;Б;1;/opt/mp-analytics/incoming/gab/Изи.xlsx;Данные по картриджам!r438;4064fa397384d687b0349dbae769c7d4a21c54bf65a712f6c31981a966b8f971
0502;37.0;20.0;15.0;33.0;16.8;11.2;4.0 / 3.2 / 3.8;11.1;6.209;4.891;1;Б;6;/opt/mp-analytics/incoming/gab/САКУРА АБДУЛ 05.06.xlsx;Лазерная Sakura!r127;ddbb1c580ba3ed878627b3d8dbea6c97710c4682804b2638b792149bf490915a
0503;37.0;20.0;15.0;37.1;24.4;16.4;-0.1 / -4.4 / -1.4;11.1;14.846;-3.746;1;В;7;/opt/mp-analytics/incoming/gab/САКУРА АБДУЛ 05.06.xlsx;Лазерная Sakura!r126;ddbb1c580ba3ed878627b3d8dbea6c97710c4682804b2638b792149bf490915a
0506;37.0;20.0;15.0;35.7;20.8;11.3;1.3 / -0.8 / 3.7;11.1;8.391;2.709;1;Б;9;/opt/mp-analytics/incoming/gab/САКУРА АБДУЛ 05.06.xlsx;Лазерная Sakura!r322;ddbb1c580ba3ed878627b3d8dbea6c97710c4682804b2638b792149bf490915a
0515;37.0;20.0;15.0;33.0;11.5;10.5;4.0 / 8.5 / 4.5;11.1;3.985;7.115;2;Б;2;/opt/mp-analytics/incoming/gab/Вся расходка Китай РФ Cactus GG PR.xlsx;Лист1!r69;d0488dd393f71b9cb95cf51390c2aba1ef902bcac7a8eb2f95247679cc1d25fc
0521;37.0;20.0;15.0;43.5;8.5;5.5;-6.5 / 11.5 / 9.5;11.1;2.034;9.066;1;Б;3;/opt/mp-analytics/incoming/gab/Вся расходка Китай РФ Cactus GG PR.xlsx;Лист1!r821;d0488dd393f71b9cb95cf51390c2aba1ef902bcac7a8eb2f95247679cc1d25fc
0522;37.0;20.0;15.0;43.5;8.5;5.5;-6.5 / 11.5 / 9.5;11.1;2.034;9.066;1;Б;1;/opt/mp-analytics/incoming/gab/Вся расходка Китай РФ Cactus GG PR.xlsx;Лист1!r822;d0488dd393f71b9cb95cf51390c2aba1ef902bcac7a8eb2f95247679cc1d25fc
0523;37.0;20.0;15.0;43.5;8.5;5.5;-6.5 / 11.5 / 9.5;11.1;2.034;9.066;1;Б;1;/opt/mp-analytics/incoming/gab/Вся расходка Китай РФ Cactus GG PR.xlsx;Лист1!r823;d0488dd393f71b9cb95cf51390c2aba1ef902bcac7a8eb2f95247679cc1d25fc
0524;37.0;20.0;15.0;43.5;8.5;5.5;-6.5 / 11.5 / 9.5;11.1;2.034;9.066;1;Б;1;/opt/mp-analytics/incoming/gab/Вся расходка Китай РФ Cactus GG PR.xlsx;Лист1!r824;d0488dd393f71b9cb95cf51390c2aba1ef902bcac7a8eb2f95247679cc1d25fc
0525;37.0;20.0;15.0;30.6;7.4;6.3;6.4 / 12.6 / 8.7;11.1;1.427;9.673;1;Б;14;/opt/mp-analytics/incoming/gab/САКУРА АБДУЛ 05.06.xlsx;Лазерная Sakura!r1298;ddbb1c580ba3ed878627b3d8dbea6c97710c4682804b2638b792149bf490915a
0530;37.0;20.0;15.0;29.8;12.1;10.4;7.2 / 7.9 / 4.6;11.1;3.75;7.35;1;Б;2;/opt/mp-analytics/incoming/gab/САКУРА АБДУЛ 05.06.xlsx;Лазерная Sakura!r1127;ddbb1c580ba3ed878627b3d8dbea6c97710c4682804b2638b792149bf490915a
0531;37.0;20.0;15.0;34.0;16.0;12.0;3.0 / 4.0 / 3.0;11.1;6.528;4.572;1;Б;3;/opt/mp-analytics/incoming/gab/САКУРА АБДУЛ 05.06.xlsx;Лазерная Sakura!r611;ddbb1c580ba3ed878627b3d8dbea6c97710c4682804b2638b792149bf490915a
0534;37.0;20.0;15.0;30.7;11.7;10.4;6.3 / 8.3 / 4.6;11.1;3.736;7.364;2;Б;2;/opt/mp-analytics/incoming/gab/САКУРА АБДУЛ 05.06.xlsx;Лазерная Sakura!r312;ddbb1c580ba3ed878627b3d8dbea6c97710c4682804b2638b792149bf490915a
0535;37.0;20.0;15.0;32.5;14.5;11.0;4.5 / 5.5 / 4.0;11.1;5.184;5.916;3;Б;2;/opt/mp-analytics/incoming/gab/Вся расходка Китай РФ Cactus GG PR.xlsx;Лист1!r434;d0488dd393f71b9cb95cf51390c2aba1ef902bcac7a8eb2f95247679cc1d25fc
0536;37.0;20.0;15.0;30.1;12.2;10.0;6.9 / 7.8 / 5.0;11.1;3.672;7.428;2;Б;2;/opt/mp-analytics/incoming/gab/САКУРА АБДУЛ 05.06.xlsx;Лазерная Sakura!r481;ddbb1c580ba3ed878627b3d8dbea6c97710c4682804b2638b792149bf490915a
0538;37.0;20.0;15.0;46.0;27.0;12.0;-9.0 / -7.0 / 3.0;11.1;14.904;-3.804;3;В;3;/opt/mp-analytics/incoming/gab/Вся расходка Китай РФ Cactus GG PR.xlsx;Лист1!r820;d0488dd393f71b9cb95cf51390c2aba1ef902bcac7a8eb2f95247679cc1d25fc
0539;37.0;20.0;15.0;46.0;25.0;12.0;-9.0 / -5.0 / 3.0;11.1;13.8;-2.7;2;В;4;/opt/mp-analytics/incoming/gab/САКУРА АБДУЛ 05.06.xlsx;Лазерная Sakura!r194;ddbb1c580ba3ed878627b3d8dbea6c97710c4682804b2638b792149bf490915a
0552;37.0;20.0;15.0;31.5;13.5;13.5;5.5 / 6.5 / 1.5;11.1;5.741;5.359;2;Б;2;/opt/mp-analytics/incoming/gab/Вся расходка Китай РФ Cactus GG PR.xlsx;Лист1!r549;d0488dd393f71b9cb95cf51390c2aba1ef902bcac7a8eb2f95247679cc1d25fc
0553;37.0;20.0;15.0;31.5;13.5;13.5;5.5 / 6.5 / 1.5;11.1;5.741;5.359;1;Б;1;/opt/mp-analytics/incoming/gab/Вся расходка Китай РФ Cactus GG PR.xlsx;Лист1!r548;d0488dd393f71b9cb95cf51390c2aba1ef902bcac7a8eb2f95247679cc1d25fc
0554;37.0;20.0;15.0;31.5;13.5;13.5;5.5 / 6.5 / 1.5;11.1;5.741;5.359;1;Б;1;/opt/mp-analytics/incoming/gab/Вся расходка Китай РФ Cactus GG PR.xlsx;Лист1!r547;d0488dd393f71b9cb95cf51390c2aba1ef902bcac7a8eb2f95247679cc1d25fc
0555;37.0;20.0;15.0;31.5;13.5;13.5;5.5 / 6.5 / 1.5;11.1;5.741;5.359;1;Б;1;/opt/mp-analytics/incoming/gab/Вся расходка Китай РФ Cactus GG PR.xlsx;Лист1!r546;d0488dd393f71b9cb95cf51390c2aba1ef902bcac7a8eb2f95247679cc1d25fc
0561;37.0;20.0;15.0;46.7;25.3;13.0;-9.7 / -5.3 / 2.0;11.1;15.36;-4.26;3;В;8;/opt/mp-analytics/incoming/gab/САКУРА АБДУЛ 05.06.xlsx;Лазерная Sakura!r109;ddbb1c580ba3ed878627b3d8dbea6c97710c4682804b2638b792149bf490915a
0564;36.0;20.0;15.0;33.2;16.9;12.1;2.8 / 3.1 / 2.9;10.8;6.789;4.011;3;Б;10;/opt/mp-analytics/incoming/gab/САКУРА АБДУЛ 05.06.xlsx;Лазерная Sakura!r560;ddbb1c580ba3ed878627b3d8dbea6c97710c4682804b2638b792149bf490915a
0565;37.0;20.0;15.0;36.5;19.0;11.5;0.5 / 1.0 / 3.5;11.1;7.975;3.125;3;Б;1;/opt/mp-analytics/incoming/gab/Вся расходка Китай РФ Cactus GG PR.xlsx;Лист1!r667;d0488dd393f71b9cb95cf51390c2aba1ef902bcac7a8eb2f95247679cc1d25fc
0566;37.0;20.0;15.0;36.0;22.0;15.0;1.0 / -2.0 / 0.0;11.1;11.88;-0.78;3;А;1;/opt/mp-analytics/incoming/gab/Изи.xlsx;Данные по картриджам!r1123;4064fa397384d687b0349dbae769c7d4a21c54bf65a712f6c31981a966b8f971
0567;37.0;20.0;15.0;34.2;13.2;11.5;2.8 / 6.8 / 3.5;11.1;5.192;5.908;2;Б;2;/opt/mp-analytics/incoming/gab/Вся расходка Китай РФ Cactus GG PR.xlsx;Лист1!r800;d0488dd393f71b9cb95cf51390c2aba1ef902bcac7a8eb2f95247679cc1d25fc
0568;37.0;20.0;15.0;33.0;16.5;10.4;4.0 / 3.5 / 4.6;11.1;5.663;5.437;2;Б;30;/opt/mp-analytics/incoming/gab/Вся расходка Китай РФ Cactus GG PR.xlsx;Лист1!r146;d0488dd393f71b9cb95cf51390c2aba1ef902bcac7a8eb2f95247679cc1d25fc
0579;37.0;20.0;15.0;34.5;13.0;10.5;2.5 / 7.0 / 4.5;11.1;4.709;6.391;3;Б;6;/opt/mp-analytics/incoming/gab/Вся расходка Китай РФ Cactus GG PR.xlsx;Лист1!r153;d0488dd393f71b9cb95cf51390c2aba1ef902bcac7a8eb2f95247679cc1d25fc
0580;37.0;20.0;15.0;34.5;13.0;10.5;2.5 / 7.0 / 4.5;11.1;4.709;6.391;3;Б;1;/opt/mp-analytics/incoming/gab/Вся расходка Китай РФ Cactus GG PR.xlsx;Лист1!r64;d0488dd393f71b9cb95cf51390c2aba1ef902bcac7a8eb2f95247679cc1d25fc
0581;37.0;20.0;15.0;34.5;13.0;10.5;2.5 / 7.0 / 4.5;11.1;4.709;6.391;3;Б;1;/opt/mp-analytics/incoming/gab/Вся расходка Китай РФ Cactus GG PR.xlsx;Лист1!r63;d0488dd393f71b9cb95cf51390c2aba1ef902bcac7a8eb2f95247679cc1d25fc
0582;37.0;20.0;15.0;34.5;13.0;10.5;2.5 / 7.0 / 4.5;11.1;4.709;6.391;3;Б;1;/opt/mp-analytics/incoming/gab/Вся расходка Китай РФ Cactus GG PR.xlsx;Лист1!r62;d0488dd393f71b9cb95cf51390c2aba1ef902bcac7a8eb2f95247679cc1d25fc
0583;35.0;16.0;12.0;33.1;16.7;9.6;1.9 / -0.7 / 2.4;6.72;5.307;1.413;3;Б;8;/opt/mp-analytics/incoming/gab/САКУРА АБДУЛ 05.06.xlsx;Лазерная Sakura!r714;ddbb1c580ba3ed878627b3d8dbea6c97710c4682804b2638b792149bf490915a
0584;37.0;20.0;15.0;33.0;16.9;9.5;4.0 / 3.1 / 5.5;11.1;5.298;5.802;3;Б;1;/opt/mp-analytics/incoming/gab/САКУРА АБДУЛ 05.06.xlsx;Лазерная Sakura!r716;ddbb1c580ba3ed878627b3d8dbea6c97710c4682804b2638b792149bf490915a
0585;37.0;20.0;15.0;33.0;16.9;9.5;4.0 / 3.1 / 5.5;11.1;5.298;5.802;3;Б;1;/opt/mp-analytics/incoming/gab/САКУРА АБДУЛ 05.06.xlsx;Лазерная Sakura!r717;ddbb1c580ba3ed878627b3d8dbea6c97710c4682804b2638b792149bf490915a
0586;37.0;20.0;15.0;33.0;17.0;10.0;4.0 / 3.0 / 5.0;11.1;5.61;5.49;2;Б;1;/opt/mp-analytics/incoming/gab/САКУРА АБДУЛ 05.06.xlsx;Лазерная Sakura!r715;ddbb1c580ba3ed878627b3d8dbea6c97710c4682804b2638b792149bf490915a
0587;10.0;8.0;5.0;8.5;6.5;3.6;1.5 / 1.5 / 1.4;0.4;0.199;0.201;1;А;27;/opt/mp-analytics/incoming/gab/Вся расходка Китай РФ Cactus GG PR.xlsx;Лист1!r1216;d0488dd393f71b9cb95cf51390c2aba1ef902bcac7a8eb2f95247679cc1d25fc
0588;10.0;8.0;5.0;8.5;6.5;3.0;1.5 / 1.5 / 2.0;0.4;0.166;0.234;2;А;1;/opt/mp-analytics/incoming/gab/Вся расходка Китай РФ Cactus GG PR.xlsx;Лист1!r1215;d0488dd393f71b9cb95cf51390c2aba1ef902bcac7a8eb2f95247679cc1d25fc
0589;10.0;8.0;5.0;8.5;6.5;3.0;1.5 / 1.5 / 2.0;0.4;0.166;0.234;2;А;1;/opt/mp-analytics/incoming/gab/Вся расходка Китай РФ Cactus GG PR.xlsx;Лист1!r1214;d0488dd393f71b9cb95cf51390c2aba1ef902bcac7a8eb2f95247679cc1d25fc
0590;10.0;8.0;5.0;8.5;6.5;3.0;1.5 / 1.5 / 2.0;0.4;0.166;0.234;2;А;1;/opt/mp-analytics/incoming/gab/Вся расходка Китай РФ Cactus GG PR.xlsx;Лист1!r1213;d0488dd393f71b9cb95cf51390c2aba1ef902bcac7a8eb2f95247679cc1d25fc
0591;15.0;10.0;8.0;9.5;8.0;2.2;5.5 / 2.0 / 5.8;1.2;0.167;1.033;2;Б;30;/opt/mp-analytics/incoming/gab/Вся расходка Китай РФ Cactus GG PR.xlsx;Лист1!r1242;d0488dd393f71b9cb95cf51390c2aba1ef902bcac7a8eb2f95247679cc1d25fc
0592;10.0;8.0;5.0;9.5;8.0;2.2;0.5 / 0.0 / 2.8;0.4;0.167;0.233;2;Б;1;/opt/mp-analytics/incoming/gab/Вся расходка Китай РФ Cactus GG PR.xlsx;Лист1!r1241;d0488dd393f71b9cb95cf51390c2aba1ef902bcac7a8eb2f95247679cc1d25fc
0593;15.0;10.0;8.0;9.5;8.0;2.2;5.5 / 2.0 / 5.8;1.2;0.167;1.033;2;Б;1;/opt/mp-analytics/incoming/gab/Вся расходка Китай РФ Cactus GG PR.xlsx;Лист1!r1240;d0488dd393f71b9cb95cf51390c2aba1ef902bcac7a8eb2f95247679cc1d25fc
0594;15.0;10.0;8.0;9.5;8.0;2.2;5.5 / 2.0 / 5.8;1.2;0.167;1.033;2;Б;1;/opt/mp-analytics/incoming/gab/Вся расходка Китай РФ Cactus GG PR.xlsx;Лист1!r1239;d0488dd393f71b9cb95cf51390c2aba1ef902bcac7a8eb2f95247679cc1d25fc
0595;15.0;10.0;8.0;10.5;8.0;2.5;4.5 / 2.0 / 5.5;1.2;0.21;0.99;3;Б;26;/opt/mp-analytics/incoming/gab/Изи.xlsx;Данные по картриджам!r348;4064fa397384d687b0349dbae769c7d4a21c54bf65a712f6c31981a966b8f971
0596;15.0;10.0;8.0;10.5;8.0;2.5;4.5 / 2.0 / 5.5;1.2;0.21;0.99;3;Б;1;/opt/mp-analytics/incoming/gab/Изи.xlsx;Данные по картриджам!r349;4064fa397384d687b0349dbae769c7d4a21c54bf65a712f6c31981a966b8f971
0597;10.0;8.0;5.0;10.5;8.0;2.5;-0.5 / 0.0 / 2.5;0.4;0.21;0.19;3;Б;1;/opt/mp-analytics/incoming/gab/Изи.xlsx;Данные по картриджам!r350;4064fa397384d687b0349dbae769c7d4a21c54bf65a712f6c31981a966b8f971
0598;15.0;10.0;8.0;10.5;8.0;2.5;4.5 / 2.0 / 5.5;1.2;0.21;0.99;3;Б;1;/opt/mp-analytics/incoming/gab/Изи.xlsx;Данные по картриджам!r351;4064fa397384d687b0349dbae769c7d4a21c54bf65a712f6c31981a966b8f971
0601;37.0;20.0;15.0;32.0;18.7;10.0;5.0 / 1.3 / 5.0;11.1;5.984;5.116;2;Б;1;/opt/mp-analytics/incoming/gab/Вся расходка Китай РФ Cactus GG PR.xlsx;Лист1!r225;d0488dd393f71b9cb95cf51390c2aba1ef902bcac7a8eb2f95247679cc1d25fc
0603;37.0;20.0;15.0;31.0;16.0;9.5;6.0 / 4.0 / 5.5;11.1;4.712;6.388;1;Б;2;/opt/mp-analytics/incoming/gab/Вся расходка Китай РФ Cactus GG PR.xlsx;Лист1!r451;d0488dd393f71b9cb95cf51390c2aba1ef902bcac7a8eb2f95247679cc1d25fc
0605;37.0;20.0;15.0;36.0;25.0;12.0;1.0 / -5.0 / 3.0;11.1;10.8;0.3;2;Б;3;/opt/mp-analytics/incoming/gab/САКУРА АБДУЛ 05.06.xlsx;Лазерная Sakura!r247;ddbb1c580ba3ed878627b3d8dbea6c97710c4682804b2638b792149bf490915a
0606;37.0;20.0;15.0;37.5;25.5;11.5;-0.5 / -5.5 / 3.5;11.1;10.997;0.103;2;Б;2;/opt/mp-analytics/incoming/gab/САКУРА АБДУЛ 05.06.xlsx;Лазерная Sakura!r362;ddbb1c580ba3ed878627b3d8dbea6c97710c4682804b2638b792149bf490915a
0607;37.0;20.0;15.0;35.0;25.0;13.0;2.0 / -5.0 / 2.0;11.1;11.375;-0.275;2;В;2;/opt/mp-analytics/incoming/gab/Изи.xlsx;Данные по картриджам!r1095;4064fa397384d687b0349dbae769c7d4a21c54bf65a712f6c31981a966b8f971
0608;37.0;20.0;15.0;37.0;25.5;14.0;0.0 / -5.5 / 1.0;11.1;13.209;-2.109;1;В;2;/opt/mp-analytics/incoming/gab/САКУРА АБДУЛ 05.06.xlsx;Лазерная Sakura!r245;ddbb1c580ba3ed878627b3d8dbea6c97710c4682804b2638b792149bf490915a
0609;37.0;20.0;15.0;37.0;25.5;14.0;0.0 / -5.5 / 1.0;11.1;13.209;-2.109;1;В;2;/opt/mp-analytics/incoming/gab/САКУРА АБДУЛ 05.06.xlsx;Лазерная Sakura!r249;ddbb1c580ba3ed878627b3d8dbea6c97710c4682804b2638b792149bf490915a
0610;37.0;20.0;15.0;37.0;25.0;14.0;0.0 / -5.0 / 1.0;11.1;12.95;-1.85;1;В;2;/opt/mp-analytics/incoming/gab/САКУРА АБДУЛ 05.06.xlsx;Лазерная Sakura!r263;ddbb1c580ba3ed878627b3d8dbea6c97710c4682804b2638b792149bf490915a
0612;37.0;20.0;15.0;34.0;25.0;14.0;3.0 / -5.0 / 1.0;11.1;11.9;-0.8;4;В;2;/opt/mp-analytics/incoming/gab/Изи.xlsx;Данные по картриджам!r897;4064fa397384d687b0349dbae769c7d4a21c54bf65a712f6c31981a966b8f971
0614;37.0;20.0;15.0;37.3;24.8;15.0;-0.3 / -4.8 / 0.0;11.1;13.876;-2.776;2;В;2;/opt/mp-analytics/incoming/gab/САКУРА АБДУЛ 05.06.xlsx;Лазерная Sakura!r190;ddbb1c580ba3ed878627b3d8dbea6c97710c4682804b2638b792149bf490915a
0615;37.0;20.0;15.0;37.5;30.0;18.5;-0.5 / -10.0 / -3.5;11.1;20.812;-9.712;1;В;2;/opt/mp-analytics/incoming/gab/Вся расходка Китай РФ Cactus GG PR.xlsx;Лист1!r768;d0488dd393f71b9cb95cf51390c2aba1ef902bcac7a8eb2f95247679cc1d25fc
0616;37.0;20.0;15.0;46.0;25.0;12.4;-9.0 / -5.0 / 2.6;11.1;14.26;-3.16;1;В;2;/opt/mp-analytics/incoming/gab/САКУРА АБДУЛ 05.06.xlsx;Лазерная Sakura!r153;ddbb1c580ba3ed878627b3d8dbea6c97710c4682804b2638b792149bf490915a
0617;37.0;20.0;15.0;46.0;24.5;12.0;-9.0 / -4.5 / 3.0;11.1;13.524;-2.424;2;В;2;/opt/mp-analytics/incoming/gab/САКУРА АБДУЛ 05.06.xlsx;Лазерная Sakura!r156;ddbb1c580ba3ed878627b3d8dbea6c97710c4682804b2638b792149bf490915a
0618;37.0;20.0;15.0;46.5;24.7;12.4;-9.5 / -4.7 / 2.6;11.1;14.242;-3.142;3;В;2;/opt/mp-analytics/incoming/gab/САКУРА АБДУЛ 05.06.xlsx;Лазерная Sakura!r155;ddbb1c580ba3ed878627b3d8dbea6c97710c4682804b2638b792149bf490915a
0619;37.0;20.0;15.0;48.1;18.7;15.3;-11.1 / 1.3 / -0.3;11.1;13.762;-2.662;1;В;1;/opt/mp-analytics/incoming/gab/САКУРА АБДУЛ 05.06.xlsx;Лазерная Sakura!r154;ddbb1c580ba3ed878627b3d8dbea6c97710c4682804b2638b792149bf490915a
0620;37.0;20.0;15.0;37.0;25.5;14.0;0.0 / -5.5 / 1.0;11.1;13.209;-2.109;2;В;4;/opt/mp-analytics/incoming/gab/САКУРА АБДУЛ 05.06.xlsx;Лазерная Sakura!r248;ddbb1c580ba3ed878627b3d8dbea6c97710c4682804b2638b792149bf490915a
0621;37.0;20.0;15.0;42.5;12.0;12.0;-5.5 / 8.0 / 3.0;11.1;6.12;4.98;1;Б;10;/opt/mp-analytics/incoming/gab/Вся расходка Китай РФ Cactus GG PR.xlsx;Лист1!r436;d0488dd393f71b9cb95cf51390c2aba1ef902bcac7a8eb2f95247679cc1d25fc
0626;37.0;20.0;15.0;46.0;24.5;12.0;-9.0 / -4.5 / 3.0;11.1;13.524;-2.424;2;В;2;/opt/mp-analytics/incoming/gab/САКУРА АБДУЛ 05.06.xlsx;Лазерная Sakura!r238;ddbb1c580ba3ed878627b3d8dbea6c97710c4682804b2638b792149bf490915a
0652;37.0;20.0;15.0;37.0;9.0;9.0;0.0 / 11.0 / 6.0;11.1;2.997;8.103;1;Б;2;/opt/mp-analytics/incoming/gab/Вся расходка Китай РФ Cactus GG PR.xlsx;Лист1!r2409;d0488dd393f71b9cb95cf51390c2aba1ef902bcac7a8eb2f95247679cc1d25fc
0653;37.0;20.0;15.0;37.0;9.0;9.0;0.0 / 11.0 / 6.0;11.1;2.997;8.103;2;Б;1;/opt/mp-analytics/incoming/gab/Вся расходка Китай РФ Cactus GG PR.xlsx;Лист1!r2410;d0488dd393f71b9cb95cf51390c2aba1ef902bcac7a8eb2f95247679cc1d25fc
0654;37.0;20.0;15.0;35.0;11.0;10.0;2.0 / 9.0 / 5.0;11.1;3.85;7.25;3;Б;1;/opt/mp-analytics/incoming/gab/САКУРА АБДУЛ 05.06.xlsx;Лазерная Sakura!r979;ddbb1c580ba3ed878627b3d8dbea6c97710c4682804b2638b792149bf490915a
0655;37.0;20.0;15.0;35.0;11.5;10.5;2.0 / 8.5 / 4.5;11.1;4.226;6.874;3;Б;1;/opt/mp-analytics/incoming/gab/САКУРА АБДУЛ 05.06.xlsx;Лазерная Sakura!r980;ddbb1c580ba3ed878627b3d8dbea6c97710c4682804b2638b792149bf490915a
0656;37.0;20.0;15.0;19.5;7.0;5.0;17.5 / 13.0 / 10.0;11.1;0.682;10.418;1;Б;2;/opt/mp-analytics/incoming/gab/Вся расходка Китай РФ Cactus GG PR.xlsx;Лист1!r554;d0488dd393f71b9cb95cf51390c2aba1ef902bcac7a8eb2f95247679cc1d25fc
0657;37.0;20.0;15.0;19.5;7.0;5.0;17.5 / 13.0 / 10.0;11.1;0.682;10.418;1;Б;1;/opt/mp-analytics/incoming/gab/Вся расходка Китай РФ Cactus GG PR.xlsx;Лист1!r551;d0488dd393f71b9cb95cf51390c2aba1ef902bcac7a8eb2f95247679cc1d25fc
0658;37.0;20.0;15.0;19.5;7.0;5.0;17.5 / 13.0 / 10.0;11.1;0.682;10.418;1;Б;1;/opt/mp-analytics/incoming/gab/Вся расходка Китай РФ Cactus GG PR.xlsx;Лист1!r552;d0488dd393f71b9cb95cf51390c2aba1ef902bcac7a8eb2f95247679cc1d25fc
0659;37.0;20.0;15.0;19.5;7.0;5.0;17.5 / 13.0 / 10.0;11.1;0.682;10.418;1;Б;1;/opt/mp-analytics/incoming/gab/Вся расходка Китай РФ Cactus GG PR.xlsx;Лист1!r553;d0488dd393f71b9cb95cf51390c2aba1ef902bcac7a8eb2f95247679cc1d25fc
0660;37.0;20.0;15.0;20.0;6.5;4.5;17.0 / 13.5 / 10.5;11.1;0.585;10.515;2;Б;2;/opt/mp-analytics/incoming/gab/Вся расходка Китай РФ Cactus GG PR.xlsx;Лист1!r79;d0488dd393f71b9cb95cf51390c2aba1ef902bcac7a8eb2f95247679cc1d25fc
0661;37.0;20.0;15.0;20.0;6.5;4.5;17.0 / 13.5 / 10.5;11.1;0.585;10.515;2;Б;1;/opt/mp-analytics/incoming/gab/Вся расходка Китай РФ Cactus GG PR.xlsx;Лист1!r76;d0488dd393f71b9cb95cf51390c2aba1ef902bcac7a8eb2f95247679cc1d25fc
0662;37.0;20.0;15.0;20.0;6.5;4.5;17.0 / 13.5 / 10.5;11.1;0.585;10.515;2;Б;1;/opt/mp-analytics/incoming/gab/Вся расходка Китай РФ Cactus GG PR.xlsx;Лист1!r77;d0488dd393f71b9cb95cf51390c2aba1ef902bcac7a8eb2f95247679cc1d25fc
0663;37.0;20.0;15.0;20.0;6.5;4.5;17.0 / 13.5 / 10.5;11.1;0.585;10.515;2;Б;1;/opt/mp-analytics/incoming/gab/Вся расходка Китай РФ Cactus GG PR.xlsx;Лист1!r78;d0488dd393f71b9cb95cf51390c2aba1ef902bcac7a8eb2f95247679cc1d25fc
0664;37.0;20.0;15.0;34.2;19.5;10.4;2.8 / 0.5 / 4.6;11.1;6.936;4.164;1;Б;2;/opt/mp-analytics/incoming/gab/Вся расходка Китай РФ Cactus GG PR.xlsx;Лист1!r193;d0488dd393f71b9cb95cf51390c2aba1ef902bcac7a8eb2f95247679cc1d25fc
0665;37.0;20.0;15.0;34.2;19.5;10.4;2.8 / 0.5 / 4.6;11.1;6.936;4.164;1;Б;1;/opt/mp-analytics/incoming/gab/Вся расходка Китай РФ Cactus GG PR.xlsx;Лист1!r190;d0488dd393f71b9cb95cf51390c2aba1ef902bcac7a8eb2f95247679cc1d25fc
0666;37.0;20.0;15.0;34.2;19.5;10.4;2.8 / 0.5 / 4.6;11.1;6.936;4.164;2;Б;1;/opt/mp-analytics/incoming/gab/Вся расходка Китай РФ Cactus GG PR.xlsx;Лист1!r191;d0488dd393f71b9cb95cf51390c2aba1ef902bcac7a8eb2f95247679cc1d25fc
0667;37.0;20.0;15.0;34.2;19.5;10.4;2.8 / 0.5 / 4.6;11.1;6.936;4.164;1;Б;1;/opt/mp-analytics/incoming/gab/Вся расходка Китай РФ Cactus GG PR.xlsx;Лист1!r192;d0488dd393f71b9cb95cf51390c2aba1ef902bcac7a8eb2f95247679cc1d25fc
0672;37.0;20.0;15.0;43.5;8.5;5.5;-6.5 / 11.5 / 9.5;11.1;2.034;9.066;1;Б;2;/opt/mp-analytics/incoming/gab/Вся расходка Китай РФ Cactus GG PR.xlsx;Лист1!r949;d0488dd393f71b9cb95cf51390c2aba1ef902bcac7a8eb2f95247679cc1d25fc
0676;37.0;20.0;15.0;55.0;9.3;9.3;-18.0 / 10.7 / 5.7;11.1;4.757;6.343;3;Б;2;/opt/mp-analytics/incoming/gab/Вся расходка Китай РФ Cactus GG PR.xlsx;Лист1!r2403;d0488dd393f71b9cb95cf51390c2aba1ef902bcac7a8eb2f95247679cc1d25fc
0677;37.0;20.0;15.0;55.0;9.3;9.3;-18.0 / 10.7 / 5.7;11.1;4.757;6.343;3;Б;1;/opt/mp-analytics/incoming/gab/Вся расходка Китай РФ Cactus GG PR.xlsx;Лист1!r2404;d0488dd393f71b9cb95cf51390c2aba1ef902bcac7a8eb2f95247679cc1d25fc
0678;37.0;20.0;15.0;55.0;9.3;9.3;-18.0 / 10.7 / 5.7;11.1;4.757;6.343;3;Б;1;/opt/mp-analytics/incoming/gab/Вся расходка Китай РФ Cactus GG PR.xlsx;Лист1!r2402;d0488dd393f71b9cb95cf51390c2aba1ef902bcac7a8eb2f95247679cc1d25fc
0679;37.0;20.0;15.0;55.0;9.5;9.5;-18.0 / 10.5 / 5.5;11.1;4.964;6.136;3;Б;1;/opt/mp-analytics/incoming/gab/Вся расходка Китай РФ Cactus GG PR.xlsx;Лист1!r3768;d0488dd393f71b9cb95cf51390c2aba1ef902bcac7a8eb2f95247679cc1d25fc
0680;37.0;20.0;15.0;33.5;8.5;8.5;3.5 / 11.5 / 6.5;11.1;2.42;8.68;2;Б;4;/opt/mp-analytics/incoming/gab/Вся расходка Китай РФ Cactus GG PR.xlsx;Лист1!r813;d0488dd393f71b9cb95cf51390c2aba1ef902bcac7a8eb2f95247679cc1d25fc
0681;37.0;20.0;15.0;42.0;7.5;7.5;-5.0 / 12.5 / 7.5;11.1;2.362;8.738;3;Б;4;/opt/mp-analytics/incoming/gab/Вся расходка Китай РФ Cactus GG PR.xlsx;Лист1!r2418;d0488dd393f71b9cb95cf51390c2aba1ef902bcac7a8eb2f95247679cc1d25fc
0682;37.0;20.0;15.0;42.0;7.5;7.5;-5.0 / 12.5 / 7.5;11.1;2.362;8.738;4;Б;14;/opt/mp-analytics/incoming/gab/Вся расходка Китай РФ Cactus GG PR.xlsx;Лист1!r2417;d0488dd393f71b9cb95cf51390c2aba1ef902bcac7a8eb2f95247679cc1d25fc
0683;37.0;20.0;15.0;37.0;9.0;9.0;0.0 / 11.0 / 6.0;11.1;2.997;8.103;2;Б;21;/opt/mp-analytics/incoming/gab/Вся расходка Китай РФ Cactus GG PR.xlsx;Лист1!r2419;d0488dd393f71b9cb95cf51390c2aba1ef902bcac7a8eb2f95247679cc1d25fc
0685;37.0;20.0;15.0;37.0;9.0;9.0;0.0 / 11.0 / 6.0;11.1;2.997;8.103;1;Б;5;/opt/mp-analytics/incoming/gab/Вся расходка Китай РФ Cactus GG PR.xlsx;Лист1!r2420;d0488dd393f71b9cb95cf51390c2aba1ef902bcac7a8eb2f95247679cc1d25fc
0702;37.0;20.0;15.0;34.2;19.5;13.0;2.8 / 0.5 / 2.0;11.1;8.67;2.43;2;Б;5;/opt/mp-analytics/incoming/gab/Вся расходка Китай РФ Cactus GG PR.xlsx;Лист1!r812;d0488dd393f71b9cb95cf51390c2aba1ef902bcac7a8eb2f95247679cc1d25fc
0704;37.0;20.0;15.0;37.9;25.1;14.3;-0.9 / -5.1 / 0.7;11.1;13.603;-2.503;1;В;8;/opt/mp-analytics/incoming/gab/САКУРА АБДУЛ 05.06.xlsx;Лазерная Sakura!r208;ddbb1c580ba3ed878627b3d8dbea6c97710c4682804b2638b792149bf490915a
0705;37.0;20.0;15.0;36.9;24.3;17.2;0.1 / -4.3 / -2.2;11.1;15.423;-4.323;1;В;6;/opt/mp-analytics/incoming/gab/САКУРА АБДУЛ 05.06.xlsx;Лазерная Sakura!r108;ddbb1c580ba3ed878627b3d8dbea6c97710c4682804b2638b792149bf490915a
0709;37.0;20.0;15.0;37.8;26.0;11.9;-0.8 / -6.0 / 3.1;11.1;11.695;-0.595;2;В;5;/opt/mp-analytics/incoming/gab/САКУРА АБДУЛ 05.06.xlsx;Лазерная Sakura!r306;ddbb1c580ba3ed878627b3d8dbea6c97710c4682804b2638b792149bf490915a
0710;37.0;20.0;15.0;53.5;21.0;19.5;-16.5 / -1.0 / -4.5;11.1;21.908;-10.808;1;В;10;/opt/mp-analytics/incoming/gab/Изи.xlsx;Данные по картриджам!r308;4064fa397384d687b0349dbae769c7d4a21c54bf65a712f6c31981a966b8f971
0714;37.0;20.0;15.0;34.0;16.5;12.0;3.0 / 3.5 / 3.0;11.1;6.732;4.368;1;Б;18;/opt/mp-analytics/incoming/gab/Вся расходка Китай РФ Cactus GG PR.xlsx;Лист1!r180;d0488dd393f71b9cb95cf51390c2aba1ef902bcac7a8eb2f95247679cc1d25fc
0715;37.0;20.0;15.0;34.0;16.5;12.0;3.0 / 3.5 / 3.0;11.1;6.732;4.368;1;Б;1;/opt/mp-analytics/incoming/gab/Вся расходка Китай РФ Cactus GG PR.xlsx;Лист1!r179;d0488dd393f71b9cb95cf51390c2aba1ef902bcac7a8eb2f95247679cc1d25fc
0716;37.0;20.0;15.0;34.0;16.5;12.0;3.0 / 3.5 / 3.0;11.1;6.732;4.368;1;Б;1;/opt/mp-analytics/incoming/gab/Вся расходка Китай РФ Cactus GG PR.xlsx;Лист1!r178;d0488dd393f71b9cb95cf51390c2aba1ef902bcac7a8eb2f95247679cc1d25fc
0717;37.0;20.0;15.0;34.0;16.5;12.0;3.0 / 3.5 / 3.0;11.1;6.732;4.368;1;Б;1;/opt/mp-analytics/incoming/gab/Вся расходка Китай РФ Cactus GG PR.xlsx;Лист1!r177;d0488dd393f71b9cb95cf51390c2aba1ef902bcac7a8eb2f95247679cc1d25fc
0723;37.0;20.0;15.0;32.9;11.5;10.0;4.1 / 8.5 / 5.0;11.1;3.783;7.317;2;Б;4;/opt/mp-analytics/incoming/gab/САКУРА АБДУЛ 05.06.xlsx;Лазерная Sakura!r1098;ddbb1c580ba3ed878627b3d8dbea6c97710c4682804b2638b792149bf490915a
0724;37.0;20.0;15.0;35.0;13.5;10.7;2.0 / 6.5 / 4.3;11.1;5.056;6.044;3;Б;6;/opt/mp-analytics/incoming/gab/Изи.xlsx;Данные по картриджам!r119;4064fa397384d687b0349dbae769c7d4a21c54bf65a712f6c31981a966b8f971
0725;37.0;20.0;15.0;35.0;13.5;10.7;2.0 / 6.5 / 4.3;11.1;5.056;6.044;3;Б;1;/opt/mp-analytics/incoming/gab/Изи.xlsx;Данные по картриджам!r120;4064fa397384d687b0349dbae769c7d4a21c54bf65a712f6c31981a966b8f971
0726;37.0;20.0;15.0;35.0;13.5;10.7;2.0 / 6.5 / 4.3;11.1;5.056;6.044;3;Б;1;/opt/mp-analytics/incoming/gab/Изи.xlsx;Данные по картриджам!r121;4064fa397384d687b0349dbae769c7d4a21c54bf65a712f6c31981a966b8f971
0727;37.0;20.0;15.0;35.0;13.5;10.7;2.0 / 6.5 / 4.3;11.1;5.056;6.044;3;Б;1;/opt/mp-analytics/incoming/gab/Изи.xlsx;Данные по картриджам!r122;4064fa397384d687b0349dbae769c7d4a21c54bf65a712f6c31981a966b8f971
0729;37.0;20.0;15.0;35.0;20.0;11.0;2.0 / 0.0 / 4.0;11.1;7.7;3.4;2;Б;4;/opt/mp-analytics/incoming/gab/САКУРА АБДУЛ 05.06.xlsx;Лазерная Sakura!r442;ddbb1c580ba3ed878627b3d8dbea6c97710c4682804b2638b792149bf490915a
0730;37.0;20.0;15.0;37.8;26.0;12.3;-0.8 / -6.0 / 2.7;11.1;12.088;-0.988;1;В;2;/opt/mp-analytics/incoming/gab/САКУРА АБДУЛ 05.06.xlsx;Лазерная Sakura!r286;ddbb1c580ba3ed878627b3d8dbea6c97710c4682804b2638b792149bf490915a
0731;37.0;20.0;15.0;36.5;27.7;12.2;0.5 / -7.7 / 2.8;11.1;12.335;-1.235;2;В;2;/opt/mp-analytics/incoming/gab/Вся расходка Китай РФ Cactus GG PR.xlsx;Лист1!r789;d0488dd393f71b9cb95cf51390c2aba1ef902bcac7a8eb2f95247679cc1d25fc
0735;37.0;20.0;15.0;36.0;25.0;13.0;1.0 / -5.0 / 2.0;11.1;11.7;-0.6;3;В;2;/opt/mp-analytics/incoming/gab/Вся расходка Китай РФ Cactus GG PR.xlsx;Лист1!r603;d0488dd393f71b9cb95cf51390c2aba1ef902bcac7a8eb2f95247679cc1d25fc
0736;37.0;20.0;15.0;37.3;25.9;12.9;-0.3 / -5.9 / 2.1;11.1;12.462;-1.362;4;В;6;/opt/mp-analytics/incoming/gab/САКУРА АБДУЛ 05.06.xlsx;Лазерная Sakura!r273;ddbb1c580ba3ed878627b3d8dbea6c97710c4682804b2638b792149bf490915a
0737;37.0;20.0;15.0;37.7;26.4;11.8;-0.7 / -6.4 / 3.2;11.1;11.744;-0.644;2;В;10;/opt/mp-analytics/incoming/gab/САКУРА АБДУЛ 05.06.xlsx;Лазерная Sakura!r284;ddbb1c580ba3ed878627b3d8dbea6c97710c4682804b2638b792149bf490915a
0738;37.0;20.0;15.0;34.5;27.0;16.0;2.5 / -7.0 / -1.0;11.1;14.904;-3.804;4;В;3;/opt/mp-analytics/incoming/gab/Изи.xlsx;Данные по картриджам!r868;4064fa397384d687b0349dbae769c7d4a21c54bf65a712f6c31981a966b8f971
0739;37.0;20.0;15.0;56.0;15.0;14.0;-19.0 / 5.0 / 1.0;11.1;11.76;-0.66;2;В;3;/opt/mp-analytics/incoming/gab/Вся расходка Китай РФ Cactus GG PR.xlsx;Лист1!r614;d0488dd393f71b9cb95cf51390c2aba1ef902bcac7a8eb2f95247679cc1d25fc
0740;58.0;20.0;13.0;34.5;15.5;12.5;23.5 / 4.5 / 0.5;15.08;6.684;8.396;2;Б;8;/opt/mp-analytics/incoming/gab/Вся расходка Китай РФ Cactus GG PR.xlsx;Лист1!r568;d0488dd393f71b9cb95cf51390c2aba1ef902bcac7a8eb2f95247679cc1d25fc
0741;35.0;16.0;13.0;34.5;15.5;12.5;0.5 / 0.5 / 0.5;7.28;6.684;0.596;3;А;1;/opt/mp-analytics/incoming/gab/Вся расходка Китай РФ Cactus GG PR.xlsx;Лист1!r567;d0488dd393f71b9cb95cf51390c2aba1ef902bcac7a8eb2f95247679cc1d25fc
0742;58.0;20.0;13.0;34.5;15.5;12.5;23.5 / 4.5 / 0.5;15.08;6.684;8.396;3;Б;1;/opt/mp-analytics/incoming/gab/Вся расходка Китай РФ Cactus GG PR.xlsx;Лист1!r566;d0488dd393f71b9cb95cf51390c2aba1ef902bcac7a8eb2f95247679cc1d25fc
0743;35.0;16.0;13.0;34.5;15.5;12.5;0.5 / 0.5 / 0.5;7.28;6.684;0.596;3;А;1;/opt/mp-analytics/incoming/gab/Вся расходка Китай РФ Cactus GG PR.xlsx;Лист1!r565;d0488dd393f71b9cb95cf51390c2aba1ef902bcac7a8eb2f95247679cc1d25fc
0744;37.0;20.0;15.0;35.0;24.0;15.0;2.0 / -4.0 / 0.0;11.1;12.6;-1.5;3;В;1;/opt/mp-analytics/incoming/gab/Вся расходка Китай РФ Cactus GG PR.xlsx;Лист1!r22;d0488dd393f71b9cb95cf51390c2aba1ef902bcac7a8eb2f95247679cc1d25fc
0745;37.0;20.0;15.0;35.0;24.0;15.0;2.0 / -4.0 / 0.0;11.1;12.6;-1.5;3;В;9;/opt/mp-analytics/incoming/gab/Вся расходка Китай РФ Cactus GG PR.xlsx;Лист1!r23;d0488dd393f71b9cb95cf51390c2aba1ef902bcac7a8eb2f95247679cc1d25fc
0746;37.0;20.0;15.0;35.0;16.0;11.0;2.0 / 4.0 / 4.0;11.1;6.16;4.94;3;Б;9;/opt/mp-analytics/incoming/gab/Изи.xlsx;Данные по картриджам!r102;4064fa397384d687b0349dbae769c7d4a21c54bf65a712f6c31981a966b8f971
0747;37.0;20.0;15.0;35.0;24.0;13.0;2.0 / -4.0 / 2.0;11.1;10.92;0.18;3;Б;1;/opt/mp-analytics/incoming/gab/Изи.xlsx;Данные по картриджам!r103;4064fa397384d687b0349dbae769c7d4a21c54bf65a712f6c31981a966b8f971
0748;39.0;21.0;16.0;37.6;25.1;15.3;1.4 / -4.1 / 0.7;13.104;14.44;-1.336;3;В;6;/opt/mp-analytics/incoming/gab/САКУРА АБДУЛ 05.06.xlsx;Лазерная Sakura!r137;ddbb1c580ba3ed878627b3d8dbea6c97710c4682804b2638b792149bf490915a
0749;39.0;21.0;16.0;37.0;24.0;16.0;2.0 / -3.0 / 0.0;13.104;14.208;-1.104;2;В;1;/opt/mp-analytics/incoming/gab/САКУРА АБДУЛ 05.06.xlsx;Лазерная Sakura!r140;ddbb1c580ba3ed878627b3d8dbea6c97710c4682804b2638b792149bf490915a
0750;39.0;21.0;16.0;37.0;24.0;16.0;2.0 / -3.0 / 0.0;13.104;14.208;-1.104;2;В;1;/opt/mp-analytics/incoming/gab/САКУРА АБДУЛ 05.06.xlsx;Лазерная Sakura!r143;ddbb1c580ba3ed878627b3d8dbea6c97710c4682804b2638b792149bf490915a
0751;39.0;21.0;16.0;37.7;25.4;14.6;1.3 / -4.4 / 1.4;13.104;13.981;-0.877;2;В;1;/opt/mp-analytics/incoming/gab/САКУРА АБДУЛ 05.06.xlsx;Лазерная Sakura!r145;ddbb1c580ba3ed878627b3d8dbea6c97710c4682804b2638b792149bf490915a
0752;39.0;21.0;16.0;37.9;25.1;14.8;1.1 / -4.1 / 1.2;13.104;14.079;-0.975;2;В;1;/opt/mp-analytics/incoming/gab/САКУРА АБДУЛ 05.06.xlsx;Лазерная Sakura!r138;ddbb1c580ba3ed878627b3d8dbea6c97710c4682804b2638b792149bf490915a
0753;37.0;20.0;15.0;37.5;24.9;15.2;-0.5 / -4.9 / -0.2;11.1;14.193;-3.093;3;В;8;/opt/mp-analytics/incoming/gab/САКУРА АБДУЛ 05.06.xlsx;Лазерная Sakura!r60;ddbb1c580ba3ed878627b3d8dbea6c97710c4682804b2638b792149bf490915a
0755;39.0;23.0;19.0;49.0;21.5;19.0;-10.0 / 1.5 / 0.0;17.043;20.017;-2.974;3;В;1;/opt/mp-analytics/incoming/gab/Вся расходка Китай РФ Cactus GG PR.xlsx;Лист1!r579;d0488dd393f71b9cb95cf51390c2aba1ef902bcac7a8eb2f95247679cc1d25fc
0757;8.0;5.0;5.0;9.2;5.2;2.9;-1.2 / -0.2 / 2.1;0.2;0.139;0.061;3;Б;1;/opt/mp-analytics/incoming/gab/Изи.xlsx;Данные по картриджам!r419;4064fa397384d687b0349dbae769c7d4a21c54bf65a712f6c31981a966b8f971
0758;8.0;5.0;5.0;9.2;5.2;2.9;-1.2 / -0.2 / 2.1;0.2;0.139;0.061;3;Б;1;/opt/mp-analytics/incoming/gab/Изи.xlsx;Данные по картриджам!r420;4064fa397384d687b0349dbae769c7d4a21c54bf65a712f6c31981a966b8f971
0759;8.0;5.0;5.0;10.2;5.0;1.8;-2.2 / 0.0 / 3.2;0.2;0.092;0.108;2;Б;1;/opt/mp-analytics/incoming/gab/САКУРА АБДУЛ 05.06.xlsx;Струйная Sakura!r166;ddbb1c580ba3ed878627b3d8dbea6c97710c4682804b2638b792149bf490915a
0760;39.0;23.0;19.0;49.0;21.5;19.0;-10.0 / 1.5 / 0.0;17.043;20.017;-2.974;3;В;6;/opt/mp-analytics/incoming/gab/Вся расходка Китай РФ Cactus GG PR.xlsx;Лист1!r582;d0488dd393f71b9cb95cf51390c2aba1ef902bcac7a8eb2f95247679cc1d25fc
0761;39.0;23.0;19.0;49.0;21.5;19.0;-10.0 / 1.5 / 0.0;17.043;20.017;-2.974;3;В;1;/opt/mp-analytics/incoming/gab/Вся расходка Китай РФ Cactus GG PR.xlsx;Лист1!r581;d0488dd393f71b9cb95cf51390c2aba1ef902bcac7a8eb2f95247679cc1d25fc
0762;39.0;23.0;19.0;49.0;21.5;19.0;-10.0 / 1.5 / 0.0;17.043;20.017;-2.974;3;В;1;/opt/mp-analytics/incoming/gab/Вся расходка Китай РФ Cactus GG PR.xlsx;Лист1!r580;d0488dd393f71b9cb95cf51390c2aba1ef902bcac7a8eb2f95247679cc1d25fc
0764;38.0;13.0;11.0;35.0;13.5;10.7;3.0 / -0.5 / 0.3;5.434;5.056;0.378;3;Б;8;/opt/mp-analytics/incoming/gab/Изи.xlsx;Данные по картриджам!r151;4064fa397384d687b0349dbae769c7d4a21c54bf65a712f6c31981a966b8f971
0765;58.0;20.0;13.0;55.0;18.0;11.0;3.0 / 2.0 / 2.0;15.08;10.89;4.19;3;Б;4;/opt/mp-analytics/incoming/gab/Вся расходка Китай РФ Cactus GG PR.xlsx;Лист1!r3295;d0488dd393f71b9cb95cf51390c2aba1ef902bcac7a8eb2f95247679cc1d25fc
0766;58.0;20.0;13.0;50.0;18.0;11.0;8.0 / 2.0 / 2.0;15.08;9.9;5.18;3;Б;1;/opt/mp-analytics/incoming/gab/Вся расходка Китай РФ Cactus GG PR.xlsx;Лист1!r4329;d0488dd393f71b9cb95cf51390c2aba1ef902bcac7a8eb2f95247679cc1d25fc
0767;58.0;20.0;13.0;50.0;18.0;11.0;8.0 / 2.0 / 2.0;15.08;9.9;5.18;3;Б;1;/opt/mp-analytics/incoming/gab/Вся расходка Китай РФ Cactus GG PR.xlsx;Лист1!r4330;d0488dd393f71b9cb95cf51390c2aba1ef902bcac7a8eb2f95247679cc1d25fc
0768;58.0;20.0;13.0;50.0;18.0;11.0;8.0 / 2.0 / 2.0;15.08;9.9;5.18;3;Б;1;/opt/mp-analytics/incoming/gab/Вся расходка Китай РФ Cactus GG PR.xlsx;Лист1!r4331;d0488dd393f71b9cb95cf51390c2aba1ef902bcac7a8eb2f95247679cc1d25fc
0770;58.0;20.0;13.0;36.0;24.0;16.0;22.0 / -4.0 / -3.0;15.08;13.824;1.256;3;Б;12;/opt/mp-analytics/incoming/gab/САКУРА АБДУЛ 05.06.xlsx;Лазерная Sakura!r159;ddbb1c580ba3ed878627b3d8dbea6c97710c4682804b2638b792149bf490915a
0771;58.0;20.0;13.0;36.5;24.0;16.0;21.5 / -4.0 / -3.0;15.08;14.016;1.064;3;Б;1;/opt/mp-analytics/incoming/gab/САКУРА АБДУЛ 05.06.xlsx;Лазерная Sakura!r161;ddbb1c580ba3ed878627b3d8dbea6c97710c4682804b2638b792149bf490915a
0772;58.0;20.0;13.0;36.5;24.0;16.0;21.5 / -4.0 / -3.0;15.08;14.016;1.064;3;Б;1;/opt/mp-analytics/incoming/gab/САКУРА АБДУЛ 05.06.xlsx;Лазерная Sakura!r164;ddbb1c580ba3ed878627b3d8dbea6c97710c4682804b2638b792149bf490915a
0773;58.0;20.0;13.0;36.5;24.0;16.0;21.5 / -4.0 / -3.0;15.08;14.016;1.064;3;Б;1;/opt/mp-analytics/incoming/gab/САКУРА АБДУЛ 05.06.xlsx;Лазерная Sakura!r166;ddbb1c580ba3ed878627b3d8dbea6c97710c4682804b2638b792149bf490915a
0774;50.0;27.0;16.0;44.5;28.5;15.5;5.5 / -1.5 / 0.5;21.6;19.658;1.942;3;Б;1;/opt/mp-analytics/incoming/gab/Изи.xlsx;Данные по картриджам!r738;4064fa397384d687b0349dbae769c7d4a21c54bf65a712f6c31981a966b8f971
0775;50.0;27.0;16.0;44.5;28.5;15.5;5.5 / -1.5 / 0.5;21.6;19.658;1.942;3;Б;1;/opt/mp-analytics/incoming/gab/Изи.xlsx;Данные по картриджам!r737;4064fa397384d687b0349dbae769c7d4a21c54bf65a712f6c31981a966b8f971
0776;50.0;27.0;16.0;44.5;28.5;15.5;5.5 / -1.5 / 0.5;21.6;19.658;1.942;3;Б;1;/opt/mp-analytics/incoming/gab/Изи.xlsx;Данные по картриджам!r739;4064fa397384d687b0349dbae769c7d4a21c54bf65a712f6c31981a966b8f971
0777;49.0;22.0;19.0;49.0;21.5;19.0;0.0 / 0.5 / 0.0;20.482;20.017;0.465;3;А;5;/opt/mp-analytics/incoming/gab/Вся расходка Китай РФ Cactus GG PR.xlsx;Лист1!r572;d0488dd393f71b9cb95cf51390c2aba1ef902bcac7a8eb2f95247679cc1d25fc
0778;49.0;22.0;19.0;49.0;21.5;19.0;0.0 / 0.5 / 0.0;20.482;20.017;0.465;3;А;1;/opt/mp-analytics/incoming/gab/Вся расходка Китай РФ Cactus GG PR.xlsx;Лист1!r571;d0488dd393f71b9cb95cf51390c2aba1ef902bcac7a8eb2f95247679cc1d25fc
0779;49.0;22.0;19.0;49.0;21.5;19.0;0.0 / 0.5 / 0.0;20.482;20.017;0.465;3;А;1;/opt/mp-analytics/incoming/gab/Вся расходка Китай РФ Cactus GG PR.xlsx;Лист1!r570;d0488dd393f71b9cb95cf51390c2aba1ef902bcac7a8eb2f95247679cc1d25fc
0780;49.0;22.0;19.0;49.0;21.5;19.0;0.0 / 0.5 / 0.0;20.482;20.017;0.465;3;А;1;/opt/mp-analytics/incoming/gab/Вся расходка Китай РФ Cactus GG PR.xlsx;Лист1!r569;d0488dd393f71b9cb95cf51390c2aba1ef902bcac7a8eb2f95247679cc1d25fc
0781;35.0;10.0;9.0;19.0;12.5;6.0;16.0 / -2.5 / 3.0;3.15;1.425;1.725;3;Б;4;/opt/mp-analytics/incoming/gab/Вся расходка Китай РФ Cactus GG PR.xlsx;Лист1!r34;d0488dd393f71b9cb95cf51390c2aba1ef902bcac7a8eb2f95247679cc1d25fc
0782;35.0;10.0;9.0;19.5;13.0;9.5;15.5 / -3.0 / -0.5;3.15;2.408;0.742;4;Б;4;/opt/mp-analytics/incoming/gab/Вся расходка Китай РФ Cactus GG PR.xlsx;Лист1!r33;d0488dd393f71b9cb95cf51390c2aba1ef902bcac7a8eb2f95247679cc1d25fc
0783;37.0;20.0;15.0;33.5;11.5;10.5;3.5 / 8.5 / 4.5;11.1;4.045;7.055;3;Б;3;/opt/mp-analytics/incoming/gab/Изи.xlsx;Данные по картриджам!r720;4064fa397384d687b0349dbae769c7d4a21c54bf65a712f6c31981a966b8f971
0784;37.0;20.0;15.0;33.5;11.5;10.5;3.5 / 8.5 / 4.5;11.1;4.045;7.055;3;Б;1;/opt/mp-analytics/incoming/gab/Изи.xlsx;Данные по картриджам!r144;4064fa397384d687b0349dbae769c7d4a21c54bf65a712f6c31981a966b8f971
0785;37.0;20.0;15.0;33.5;11.5;10.5;3.5 / 8.5 / 4.5;11.1;4.045;7.055;3;Б;1;/opt/mp-analytics/incoming/gab/Изи.xlsx;Данные по картриджам!r145;4064fa397384d687b0349dbae769c7d4a21c54bf65a712f6c31981a966b8f971
0786;37.0;20.0;15.0;33.5;11.5;10.5;3.5 / 8.5 / 4.5;11.1;4.045;7.055;3;Б;1;/opt/mp-analytics/incoming/gab/Изи.xlsx;Данные по картриджам!r723;4064fa397384d687b0349dbae769c7d4a21c54bf65a712f6c31981a966b8f971
0787;37.0;20.0;15.0;17.0;11.0;10.0;20.0 / 9.0 / 5.0;11.1;1.87;9.23;3;Б;4;/opt/mp-analytics/incoming/gab/САКУРА АБДУЛ 05.06.xlsx;Лазерная Sakura!r1268;ddbb1c580ba3ed878627b3d8dbea6c97710c4682804b2638b792149bf490915a
0788;37.0;20.0;15.0;17.0;7.0;7.0;20.0 / 13.0 / 8.0;11.1;0.833;10.267;3;Б;1;/opt/mp-analytics/incoming/gab/САКУРА АБДУЛ 05.06.xlsx;Лазерная Sakura!r1267;ddbb1c580ba3ed878627b3d8dbea6c97710c4682804b2638b792149bf490915a
0789;37.0;20.0;15.0;17.0;7.0;7.0;20.0 / 13.0 / 8.0;11.1;0.833;10.267;3;Б;1;/opt/mp-analytics/incoming/gab/САКУРА АБДУЛ 05.06.xlsx;Лазерная Sakura!r1266;ddbb1c580ba3ed878627b3d8dbea6c97710c4682804b2638b792149bf490915a
0790;37.0;20.0;15.0;17.0;7.0;7.0;20.0 / 13.0 / 8.0;11.1;0.833;10.267;4;Б;1;/opt/mp-analytics/incoming/gab/САКУРА АБДУЛ 05.06.xlsx;Лазерная Sakura!r1265;ddbb1c580ba3ed878627b3d8dbea6c97710c4682804b2638b792149bf490915a
0792;37.0;20.0;15.0;33.0;16.5;10.5;4.0 / 3.5 / 4.5;11.1;5.717;5.383;4;Б;27;/opt/mp-analytics/incoming/gab/САКУРА АБДУЛ 05.06.xlsx;Лазерная Sakura!r696;ddbb1c580ba3ed878627b3d8dbea6c97710c4682804b2638b792149bf490915a
0793;37.0;20.0;15.0;33.0;16.5;10.5;4.0 / 3.5 / 4.5;11.1;5.717;5.383;3;Б;1;/opt/mp-analytics/incoming/gab/Вся расходка Китай РФ Cactus GG PR.xlsx;Лист1!r100;d0488dd393f71b9cb95cf51390c2aba1ef902bcac7a8eb2f95247679cc1d25fc
0794;37.0;20.0;15.0;33.0;16.5;10.5;4.0 / 3.5 / 4.5;11.1;5.717;5.383;3;Б;1;/opt/mp-analytics/incoming/gab/Вся расходка Китай РФ Cactus GG PR.xlsx;Лист1!r96;d0488dd393f71b9cb95cf51390c2aba1ef902bcac7a8eb2f95247679cc1d25fc
0795;37.0;20.0;15.0;33.0;16.5;10.5;4.0 / 3.5 / 4.5;11.1;5.717;5.383;3;Б;1;/opt/mp-analytics/incoming/gab/Вся расходка Китай РФ Cactus GG PR.xlsx;Лист1!r94;d0488dd393f71b9cb95cf51390c2aba1ef902bcac7a8eb2f95247679cc1d25fc
0796;15.0;10.0;8.0;8.0;5.5;4.0;7.0 / 4.5 / 4.0;1.2;0.176;1.024;3;Б;30;/opt/mp-analytics/incoming/gab/Вся расходка Китай РФ Cactus GG PR.xlsx;Лист1!r1166;d0488dd393f71b9cb95cf51390c2aba1ef902bcac7a8eb2f95247679cc1d25fc
0797;15.0;10.0;8.0;7.0;5.5;4.5;8.0 / 4.5 / 3.5;1.2;0.173;1.027;3;Б;1;/opt/mp-analytics/incoming/gab/Изи.xlsx;Данные по картриджам!r575;4064fa397384d687b0349dbae769c7d4a21c54bf65a712f6c31981a966b8f971
0798;15.0;10.0;8.0;7.0;5.5;4.5;8.0 / 4.5 / 3.5;1.2;0.173;1.027;3;Б;1;/opt/mp-analytics/incoming/gab/Изи.xlsx;Данные по картриджам!r576;4064fa397384d687b0349dbae769c7d4a21c54bf65a712f6c31981a966b8f971
0799;15.0;10.0;8.0;7.0;5.5;4.5;8.0 / 4.5 / 3.5;1.2;0.173;1.027;3;Б;1;/opt/mp-analytics/incoming/gab/Изи.xlsx;Данные по картриджам!r577;4064fa397384d687b0349dbae769c7d4a21c54bf65a712f6c31981a966b8f971
0800;15.0;10.0;8.0;7.0;5.5;4.5;8.0 / 4.5 / 3.5;1.2;0.173;1.027;3;Б;1;/opt/mp-analytics/incoming/gab/Изи.xlsx;Данные по картриджам!r578;4064fa397384d687b0349dbae769c7d4a21c54bf65a712f6c31981a966b8f971
0801;15.0;10.0;8.0;7.0;5.5;4.5;8.0 / 4.5 / 3.5;1.2;0.173;1.027;3;Б;1;/opt/mp-analytics/incoming/gab/Изи.xlsx;Данные по картриджам!r579;4064fa397384d687b0349dbae769c7d4a21c54bf65a712f6c31981a966b8f971
0808;37.0;20.0;15.0;33.0;11.5;10.4;4.0 / 8.5 / 4.6;11.1;3.947;7.153;2;Б;1;/opt/mp-analytics/incoming/gab/Вся расходка Китай РФ Cactus GG PR.xlsx;Лист1!r119;d0488dd393f71b9cb95cf51390c2aba1ef902bcac7a8eb2f95247679cc1d25fc
0809;37.0;20.0;15.0;35.0;13.5;10.7;2.0 / 6.5 / 4.3;11.1;5.056;6.044;3;Б;1;/opt/mp-analytics/incoming/gab/Изи.xlsx;Данные по картриджам!r152;4064fa397384d687b0349dbae769c7d4a21c54bf65a712f6c31981a966b8f971
0810;37.0;20.0;15.0;35.0;13.5;10.7;2.0 / 6.5 / 4.3;11.1;5.056;6.044;3;Б;1;/opt/mp-analytics/incoming/gab/Изи.xlsx;Данные по картриджам!r153;4064fa397384d687b0349dbae769c7d4a21c54bf65a712f6c31981a966b8f971
0811;37.0;20.0;15.0;35.0;13.5;10.7;2.0 / 6.5 / 4.3;11.1;5.056;6.044;3;Б;1;/opt/mp-analytics/incoming/gab/Изи.xlsx;Данные по картриджам!r154;4064fa397384d687b0349dbae769c7d4a21c54bf65a712f6c31981a966b8f971
0812;35.0;16.0;13.0;35.0;13.5;10.7;0.0 / 2.5 / 2.3;7.28;5.056;2.224;3;Б;5;/opt/mp-analytics/incoming/gab/Изи.xlsx;Данные по картриджам!r135;4064fa397384d687b0349dbae769c7d4a21c54bf65a712f6c31981a966b8f971
0813;35.0;16.0;13.0;35.0;14.0;11.0;0.0 / 2.0 / 2.0;7.28;5.39;1.89;3;А;1;/opt/mp-analytics/incoming/gab/Изи.xlsx;Данные по картриджам!r136;4064fa397384d687b0349dbae769c7d4a21c54bf65a712f6c31981a966b8f971
0814;35.0;16.0;13.0;35.0;14.0;11.0;0.0 / 2.0 / 2.0;7.28;5.39;1.89;3;А;1;/opt/mp-analytics/incoming/gab/Изи.xlsx;Данные по картриджам!r137;4064fa397384d687b0349dbae769c7d4a21c54bf65a712f6c31981a966b8f971
0815;35.0;16.0;13.0;35.0;14.0;11.0;0.0 / 2.0 / 2.0;7.28;5.39;1.89;3;А;1;/opt/mp-analytics/incoming/gab/Изи.xlsx;Данные по картриджам!r138;4064fa397384d687b0349dbae769c7d4a21c54bf65a712f6c31981a966b8f971
0816;35.0;16.0;13.0;33.0;17.0;11.0;2.0 / -1.0 / 2.0;7.28;6.171;1.109;3;А;9;/opt/mp-analytics/incoming/gab/САКУРА АБДУЛ 05.06.xlsx;Лазерная Sakura!r632;ddbb1c580ba3ed878627b3d8dbea6c97710c4682804b2638b792149bf490915a
0817;30.0;8.0;8.0;15.0;14.0;5.5;15.0 / -6.0 / 2.5;1.92;1.155;0.765;1;Б;1;/opt/mp-analytics/incoming/gab/Изи.xlsx;Данные по картриджам!r1214;4064fa397384d687b0349dbae769c7d4a21c54bf65a712f6c31981a966b8f971
0818;8.0;5.0;5.0;9.2;5.2;2.9;-1.2 / -0.2 / 2.1;0.2;0.139;0.061;4;Б;13;/opt/mp-analytics/incoming/gab/Изи.xlsx;Данные по картриджам!r397;4064fa397384d687b0349dbae769c7d4a21c54bf65a712f6c31981a966b8f971
0819;8.0;5.0;5.0;9.2;5.2;2.9;-1.2 / -0.2 / 2.1;0.2;0.139;0.061;4;Б;1;/opt/mp-analytics/incoming/gab/Изи.xlsx;Данные по картриджам!r398;4064fa397384d687b0349dbae769c7d4a21c54bf65a712f6c31981a966b8f971
0820;8.0;5.0;5.0;11.0;5.2;2.9;-3.0 / -0.2 / 2.1;0.2;0.166;0.034;4;Б;1;/opt/mp-analytics/incoming/gab/Изи.xlsx;Данные по картриджам!r400;4064fa397384d687b0349dbae769c7d4a21c54bf65a712f6c31981a966b8f971
0821;8.0;5.0;5.0;11.0;5.2;2.9;-3.0 / -0.2 / 2.1;0.2;0.166;0.034;4;Б;1;/opt/mp-analytics/incoming/gab/Изи.xlsx;Данные по картриджам!r401;4064fa397384d687b0349dbae769c7d4a21c54bf65a712f6c31981a966b8f971
0822;8.0;5.0;5.0;11.0;5.2;2.9;-3.0 / -0.2 / 2.1;0.2;0.166;0.034;4;Б;1;/opt/mp-analytics/incoming/gab/Изи.xlsx;Данные по картриджам!r399;4064fa397384d687b0349dbae769c7d4a21c54bf65a712f6c31981a966b8f971
0823;8.0;5.0;5.0;11.5;5.8;3.5;-3.5 / -0.8 / 1.5;0.2;0.233;-0.033;3;В;1;/opt/mp-analytics/incoming/gab/Вся расходка Китай РФ Cactus GG PR.xlsx;Лист1!r1195;d0488dd393f71b9cb95cf51390c2aba1ef902bcac7a8eb2f95247679cc1d25fc
0825;34.0;13.0;10.0;35.0;14.0;11.0;-1.0 / -1.0 / -1.0;4.42;5.39;-0.97;3;А;11;/opt/mp-analytics/incoming/gab/Изи.xlsx;Данные по картриджам!r683;4064fa397384d687b0349dbae769c7d4a21c54bf65a712f6c31981a966b8f971
0826;36.0;17.0;11.0;32.0;18.5;10.0;4.0 / -1.5 / 1.0;6.732;5.92;0.812;3;Б;5;/opt/mp-analytics/incoming/gab/Вся расходка Китай РФ Cactus GG PR.xlsx;Лист1!r3864;d0488dd393f71b9cb95cf51390c2aba1ef902bcac7a8eb2f95247679cc1d25fc
0829;37.0;20.0;15.0;30.5;17.0;8.5;6.5 / 3.0 / 6.5;11.1;4.407;6.693;1;Б;2;/opt/mp-analytics/incoming/gab/Вся расходка Китай РФ Cactus GG PR.xlsx;Лист1!r597;d0488dd393f71b9cb95cf51390c2aba1ef902bcac7a8eb2f95247679cc1d25fc
0830;37.0;20.0;15.0;44.0;9.5;9.0;-7.0 / 10.5 / 6.0;11.1;3.762;7.338;3;Б;3;/opt/mp-analytics/incoming/gab/Вся расходка Китай РФ Cactus GG PR.xlsx;Лист1!r402;d0488dd393f71b9cb95cf51390c2aba1ef902bcac7a8eb2f95247679cc1d25fc
0832;37.0;20.0;15.0;44.0;8.2;7.7;-7.0 / 11.8 / 7.3;11.1;2.778;8.322;2;Б;1;/opt/mp-analytics/incoming/gab/Изи.xlsx;Данные по картриджам!r8;4064fa397384d687b0349dbae769c7d4a21c54bf65a712f6c31981a966b8f971
0833;37.0;20.0;15.0;37.0;11.2;7.7;0.0 / 8.8 / 7.3;11.1;3.191;7.909;1;Б;1;/opt/mp-analytics/incoming/gab/Изи.xlsx;Данные по картриджам!r9;4064fa397384d687b0349dbae769c7d4a21c54bf65a712f6c31981a966b8f971
0838;15.0;10.0;8.0;8.7;6.7;2.2;6.3 / 3.3 / 5.8;1.2;0.128;1.072;1;Б;14;/opt/mp-analytics/incoming/gab/Изи.xlsx;Данные по картриджам!r484;4064fa397384d687b0349dbae769c7d4a21c54bf65a712f6c31981a966b8f971
0839;15.0;10.0;8.0;8.7;6.7;2.2;6.3 / 3.3 / 5.8;1.2;0.128;1.072;2;Б;1;/opt/mp-analytics/incoming/gab/Изи.xlsx;Данные по картриджам!r485;4064fa397384d687b0349dbae769c7d4a21c54bf65a712f6c31981a966b8f971
0840;15.0;10.0;8.0;8.7;6.7;2.2;6.3 / 3.3 / 5.8;1.2;0.128;1.072;2;Б;1;/opt/mp-analytics/incoming/gab/Изи.xlsx;Данные по картриджам!r486;4064fa397384d687b0349dbae769c7d4a21c54bf65a712f6c31981a966b8f971
0841;15.0;10.0;8.0;8.7;6.7;2.2;6.3 / 3.3 / 5.8;1.2;0.128;1.072;2;Б;1;/opt/mp-analytics/incoming/gab/Изи.xlsx;Данные по картриджам!r487;4064fa397384d687b0349dbae769c7d4a21c54bf65a712f6c31981a966b8f971
0847;15.0;10.0;8.0;8.5;7.5;3.8;6.5 / 2.5 / 4.2;1.2;0.242;0.958;2;Б;1;/opt/mp-analytics/incoming/gab/Изи.xlsx;Данные по картриджам!r506;4064fa397384d687b0349dbae769c7d4a21c54bf65a712f6c31981a966b8f971
0851;35.0;16.0;12.0;31.5;15.5;9.0;3.5 / 0.5 / 3.0;6.72;4.394;2.326;2;Б;13;/opt/mp-analytics/incoming/gab/Вся расходка Китай РФ Cactus GG PR.xlsx;Лист1!r253;d0488dd393f71b9cb95cf51390c2aba1ef902bcac7a8eb2f95247679cc1d25fc
0852;35.0;16.0;12.0;34.5;24.5;12.5;0.5 / -8.5 / -0.5;6.72;10.566;-3.846;4;В;7;/opt/mp-analytics/incoming/gab/Изи.xlsx;Данные по картриджам!r7;4064fa397384d687b0349dbae769c7d4a21c54bf65a712f6c31981a966b8f971
0853;35.0;16.0;12.0;34.0;19.5;13.0;1.0 / -3.5 / -1.0;6.72;8.619;-1.899;3;В;10;/opt/mp-analytics/incoming/gab/Вся расходка Китай РФ Cactus GG PR.xlsx;Лист1!r148;d0488dd393f71b9cb95cf51390c2aba1ef902bcac7a8eb2f95247679cc1d25fc
0854;37.0;20.0;15.0;33.0;21.0;10.5;4.0 / -1.0 / 4.5;11.1;7.277;3.823;3;Б;5;/opt/mp-analytics/incoming/gab/Вся расходка Китай РФ Cactus GG PR.xlsx;Лист1!r147;d0488dd393f71b9cb95cf51390c2aba1ef902bcac7a8eb2f95247679cc1d25fc
0855;35.0;16.0;12.0;37.7;26.1;11.6;-2.7 / -10.1 / 0.4;6.72;11.414;-4.694;2;В;4;/opt/mp-analytics/incoming/gab/САКУРА АБДУЛ 05.06.xlsx;Лазерная Sakura!r336;ddbb1c580ba3ed878627b3d8dbea6c97710c4682804b2638b792149bf490915a
0856;35.0;16.0;12.0;34.5;23.5;12.5;0.5 / -7.5 / -0.5;6.72;10.134;-3.414;4;В;8;/opt/mp-analytics/incoming/gab/Изи.xlsx;Данные по картриджам!r637;4064fa397384d687b0349dbae769c7d4a21c54bf65a712f6c31981a966b8f971
0857;35.0;16.0;12.0;34.5;23.5;12.5;0.5 / -7.5 / -0.5;6.72;10.134;-3.414;3;В;1;/opt/mp-analytics/incoming/gab/Изи.xlsx;Данные по картриджам!r638;4064fa397384d687b0349dbae769c7d4a21c54bf65a712f6c31981a966b8f971
0858;35.0;16.0;12.0;34.5;23.5;12.5;0.5 / -7.5 / -0.5;6.72;10.134;-3.414;3;В;1;/opt/mp-analytics/incoming/gab/Изи.xlsx;Данные по картриджам!r639;4064fa397384d687b0349dbae769c7d4a21c54bf65a712f6c31981a966b8f971
0859;35.0;16.0;12.0;34.5;23.5;12.5;0.5 / -7.5 / -0.5;6.72;10.134;-3.414;3;В;1;/opt/mp-analytics/incoming/gab/Изи.xlsx;Данные по картриджам!r640;4064fa397384d687b0349dbae769c7d4a21c54bf65a712f6c31981a966b8f971
0861;37.0;20.0;15.0;48.5;14.5;11.5;-11.5 / 5.5 / 3.5;11.1;8.087;3.013;1;Б;5;/opt/mp-analytics/incoming/gab/Вся расходка Китай РФ Cactus GG PR.xlsx;Лист1!r2447;d0488dd393f71b9cb95cf51390c2aba1ef902bcac7a8eb2f95247679cc1d25fc
0862;37.0;20.0;15.0;46.0;24.7;12.0;-9.0 / -4.7 / 3.0;11.1;13.634;-2.534;2;В;2;/opt/mp-analytics/incoming/gab/САКУРА АБДУЛ 05.06.xlsx;Лазерная Sakura!r207;ddbb1c580ba3ed878627b3d8dbea6c97710c4682804b2638b792149bf490915a
0863;37.0;20.0;15.0;34.5;23.5;12.5;2.5 / -3.5 / 2.5;11.1;10.134;0.966;4;Б;5;/opt/mp-analytics/incoming/gab/Изи.xlsx;Данные по картриджам!r786;4064fa397384d687b0349dbae769c7d4a21c54bf65a712f6c31981a966b8f971
0864;37.0;20.0;15.0;34.5;23.5;12.5;2.5 / -3.5 / 2.5;11.1;10.134;0.966;4;Б;2;/opt/mp-analytics/incoming/gab/Изи.xlsx;Данные по картриджам!r787;4064fa397384d687b0349dbae769c7d4a21c54bf65a712f6c31981a966b8f971
0865;37.0;20.0;15.0;34.5;23.5;12.5;2.5 / -3.5 / 2.5;11.1;10.134;0.966;4;Б;3;/opt/mp-analytics/incoming/gab/Изи.xlsx;Данные по картриджам!r788;4064fa397384d687b0349dbae769c7d4a21c54bf65a712f6c31981a966b8f971
0866;37.0;20.0;15.0;46.6;25.0;13.1;-9.6 / -5.0 / 1.9;11.1;15.261;-4.161;3;В;5;/opt/mp-analytics/incoming/gab/САКУРА АБДУЛ 05.06.xlsx;Лазерная Sakura!r113;ddbb1c580ba3ed878627b3d8dbea6c97710c4682804b2638b792149bf490915a
0867;37.0;20.0;15.0;34.5;23.5;12.5;2.5 / -3.5 / 2.5;11.1;10.134;0.966;3;Б;3;/opt/mp-analytics/incoming/gab/Изи.xlsx;Данные по картриджам!r811;4064fa397384d687b0349dbae769c7d4a21c54bf65a712f6c31981a966b8f971
0868;37.0;20.0;15.0;34.5;23.5;12.5;2.5 / -3.5 / 2.5;11.1;10.134;0.966;3;Б;1;/opt/mp-analytics/incoming/gab/Изи.xlsx;Данные по картриджам!r810;4064fa397384d687b0349dbae769c7d4a21c54bf65a712f6c31981a966b8f971
0869;37.0;20.0;15.0;34.5;23.5;12.5;2.5 / -3.5 / 2.5;11.1;10.134;0.966;3;Б;1;/opt/mp-analytics/incoming/gab/Изи.xlsx;Данные по картриджам!r812;4064fa397384d687b0349dbae769c7d4a21c54bf65a712f6c31981a966b8f971
0870;37.0;20.0;15.0;34.5;23.5;12.5;2.5 / -3.5 / 2.5;11.1;10.134;0.966;3;Б;1;/opt/mp-analytics/incoming/gab/Изи.xlsx;Данные по картриджам!r813;4064fa397384d687b0349dbae769c7d4a21c54bf65a712f6c31981a966b8f971
0871;37.0;20.0;15.0;33.1;16.9;12.2;3.9 / 3.1 / 2.8;11.1;6.825;4.275;3;Б;11;/opt/mp-analytics/incoming/gab/САКУРА АБДУЛ 05.06.xlsx;Лазерная Sakura!r526;ddbb1c580ba3ed878627b3d8dbea6c97710c4682804b2638b792149bf490915a
0872;37.0;20.0;15.0;33.1;16.9;12.4;3.9 / 3.1 / 2.6;11.1;6.936;4.164;3;Б;1;/opt/mp-analytics/incoming/gab/САКУРА АБДУЛ 05.06.xlsx;Лазерная Sakura!r528;ddbb1c580ba3ed878627b3d8dbea6c97710c4682804b2638b792149bf490915a
0873;37.0;20.0;15.0;34.5;23.5;12.5;2.5 / -3.5 / 2.5;11.1;10.134;0.966;4;Б;1;/opt/mp-analytics/incoming/gab/Изи.xlsx;Данные по картриджам!r246;4064fa397384d687b0349dbae769c7d4a21c54bf65a712f6c31981a966b8f971
0874;37.0;20.0;15.0;33.2;16.7;12.4;3.8 / 3.3 / 2.6;11.1;6.875;4.225;3;Б;1;/opt/mp-analytics/incoming/gab/САКУРА АБДУЛ 05.06.xlsx;Лазерная Sakura!r527;ddbb1c580ba3ed878627b3d8dbea6c97710c4682804b2638b792149bf490915a
0875;36.0;20.0;15.0;34.5;23.5;12.5;1.5 / -3.5 / 2.5;10.8;10.134;0.666;4;Б;3;/opt/mp-analytics/incoming/gab/Изи.xlsx;Данные по картриджам!r223;4064fa397384d687b0349dbae769c7d4a21c54bf65a712f6c31981a966b8f971
0876;36.0;20.0;15.0;37.3;25.0;14.3;-1.3 / -5.0 / 0.7;10.8;13.335;-2.535;4;В;3;/opt/mp-analytics/incoming/gab/САКУРА АБДУЛ 05.06.xlsx;Лазерная Sakura!r64;ddbb1c580ba3ed878627b3d8dbea6c97710c4682804b2638b792149bf490915a
0877;36.0;20.0;15.0;43.2;28.0;16.0;-7.2 / -8.0 / -1.0;10.8;19.354;-8.554;3;В;10;/opt/mp-analytics/incoming/gab/САКУРА АБДУЛ 05.06.xlsx;Лазерная Sakura!r65;ddbb1c580ba3ed878627b3d8dbea6c97710c4682804b2638b792149bf490915a
0878;37.0;20.0;15.0;47.0;25.5;12.0;-10.0 / -5.5 / 3.0;11.1;14.382;-3.282;2;В;1;/opt/mp-analytics/incoming/gab/САКУРА АБДУЛ 05.06.xlsx;Лазерная Sakura!r124;ddbb1c580ba3ed878627b3d8dbea6c97710c4682804b2638b792149bf490915a
0880;37.0;20.0;15.0;36.0;25.0;13.0;1.0 / -5.0 / 2.0;11.1;11.7;-0.6;3;В;4;/opt/mp-analytics/incoming/gab/Вся расходка Китай РФ Cactus GG PR.xlsx;Лист1!r527;d0488dd393f71b9cb95cf51390c2aba1ef902bcac7a8eb2f95247679cc1d25fc
0881;37.0;20.0;15.0;36.0;25.0;13.0;1.0 / -5.0 / 2.0;11.1;11.7;-0.6;3;В;1;/opt/mp-analytics/incoming/gab/Вся расходка Китай РФ Cactus GG PR.xlsx;Лист1!r526;d0488dd393f71b9cb95cf51390c2aba1ef902bcac7a8eb2f95247679cc1d25fc
0882;37.0;20.0;15.0;36.0;25.0;13.0;1.0 / -5.0 / 2.0;11.1;11.7;-0.6;3;В;1;/opt/mp-analytics/incoming/gab/Вся расходка Китай РФ Cactus GG PR.xlsx;Лист1!r525;d0488dd393f71b9cb95cf51390c2aba1ef902bcac7a8eb2f95247679cc1d25fc
0883;37.0;20.0;15.0;36.0;25.0;13.0;1.0 / -5.0 / 2.0;11.1;11.7;-0.6;3;В;1;/opt/mp-analytics/incoming/gab/Вся расходка Китай РФ Cactus GG PR.xlsx;Лист1!r524;d0488dd393f71b9cb95cf51390c2aba1ef902bcac7a8eb2f95247679cc1d25fc
0884;37.0;20.0;15.0;49.0;21.5;19.0;-12.0 / -1.5 / -4.0;11.1;20.017;-8.917;2;В;5;/opt/mp-analytics/incoming/gab/Вся расходка Китай РФ Cactus GG PR.xlsx;Лист1!r528;d0488dd393f71b9cb95cf51390c2aba1ef902bcac7a8eb2f95247679cc1d25fc
0885;37.0;20.0;15.0;50.0;26.0;16.0;-13.0 / -6.0 / -1.0;11.1;20.8;-9.7;2;В;1;/opt/mp-analytics/incoming/gab/Вся расходка Китай РФ Cactus GG PR.xlsx;Лист1!r780;d0488dd393f71b9cb95cf51390c2aba1ef902bcac7a8eb2f95247679cc1d25fc
0886;37.0;20.0;15.0;50.0;26.0;16.0;-13.0 / -6.0 / -1.0;11.1;20.8;-9.7;2;В;1;/opt/mp-analytics/incoming/gab/Вся расходка Китай РФ Cactus GG PR.xlsx;Лист1!r779;d0488dd393f71b9cb95cf51390c2aba1ef902bcac7a8eb2f95247679cc1d25fc
0887;37.0;20.0;15.0;50.0;26.0;16.0;-13.0 / -6.0 / -1.0;11.1;20.8;-9.7;2;В;1;/opt/mp-analytics/incoming/gab/Вся расходка Китай РФ Cactus GG PR.xlsx;Лист1!r778;d0488dd393f71b9cb95cf51390c2aba1ef902bcac7a8eb2f95247679cc1d25fc
0888;37.0;20.0;15.0;35.0;13.5;10.7;2.0 / 6.5 / 4.3;11.1;5.056;6.044;3;Б;4;/opt/mp-analytics/incoming/gab/Изи.xlsx;Данные по картриджам!r1563;4064fa397384d687b0349dbae769c7d4a21c54bf65a712f6c31981a966b8f971
0889;37.0;20.0;15.0;35.0;13.5;10.7;2.0 / 6.5 / 4.3;11.1;5.056;6.044;3;Б;1;/opt/mp-analytics/incoming/gab/Изи.xlsx;Данные по картриджам!r1564;4064fa397384d687b0349dbae769c7d4a21c54bf65a712f6c31981a966b8f971
0890;37.0;20.0;15.0;35.0;13.5;10.7;2.0 / 6.5 / 4.3;11.1;5.056;6.044;3;Б;1;/opt/mp-analytics/incoming/gab/Изи.xlsx;Данные по картриджам!r1565;4064fa397384d687b0349dbae769c7d4a21c54bf65a712f6c31981a966b8f971
0891;37.0;20.0;15.0;35.0;13.5;10.7;2.0 / 6.5 / 4.3;11.1;5.056;6.044;3;Б;1;/opt/mp-analytics/incoming/gab/Изи.xlsx;Данные по картриджам!r1566;4064fa397384d687b0349dbae769c7d4a21c54bf65a712f6c31981a966b8f971
0892;37.0;20.0;15.0;46.7;25.3;12.5;-9.7 / -5.3 / 2.5;11.1;14.769;-3.669;3;В;3;/opt/mp-analytics/incoming/gab/САКУРА АБДУЛ 05.06.xlsx;Лазерная Sakura!r129;ddbb1c580ba3ed878627b3d8dbea6c97710c4682804b2638b792149bf490915a
0894;15.0;10.0;8.0;8.5;7.5;3.8;6.5 / 2.5 / 4.2;1.2;0.242;0.958;4;Б;5;/opt/mp-analytics/incoming/gab/Изи.xlsx;Данные по картриджам!r1021;4064fa397384d687b0349dbae769c7d4a21c54bf65a712f6c31981a966b8f971
0895;15.0;10.0;8.0;8.5;7.5;3.8;6.5 / 2.5 / 4.2;1.2;0.242;0.958;4;Б;1;/opt/mp-analytics/incoming/gab/Изи.xlsx;Данные по картриджам!r1022;4064fa397384d687b0349dbae769c7d4a21c54bf65a712f6c31981a966b8f971
0896;15.0;10.0;8.0;8.5;7.5;3.8;6.5 / 2.5 / 4.2;1.2;0.242;0.958;4;Б;1;/opt/mp-analytics/incoming/gab/Изи.xlsx;Данные по картриджам!r541;4064fa397384d687b0349dbae769c7d4a21c54bf65a712f6c31981a966b8f971
0897;15.0;10.0;8.0;8.5;7.5;3.8;6.5 / 2.5 / 4.2;1.2;0.242;0.958;4;Б;1;/opt/mp-analytics/incoming/gab/Изи.xlsx;Данные по картриджам!r1024;4064fa397384d687b0349dbae769c7d4a21c54bf65a712f6c31981a966b8f971
0898;;;;15.0;14.0;5.5;нет карточек wb_acc1;;;;1;Г;0;/opt/mp-analytics/incoming/gab/Изи.xlsx;Данные по картриджам!r1225;4064fa397384d687b0349dbae769c7d4a21c54bf65a712f6c31981a966b8f971
0900;10.0;10.0;10.0;16.5;12.5;1.7;-6.5 / -2.5 / 8.3;1.0;0.351;0.649;1;Б;1;/opt/mp-analytics/incoming/gab/Вся расходка Китай РФ Cactus GG PR.xlsx;Лист1!r1188;d0488dd393f71b9cb95cf51390c2aba1ef902bcac7a8eb2f95247679cc1d25fc
0901;;;;13.0;7.5;2.5;карточки расходятся между собой (2 разных короба);;;;1;Г;11;/opt/mp-analytics/incoming/gab/Вся расходка Китай РФ Cactus GG PR.xlsx;Лист1!r1224;d0488dd393f71b9cb95cf51390c2aba1ef902bcac7a8eb2f95247679cc1d25fc
0902;15.0;10.0;8.0;10.5;8.0;2.5;4.5 / 2.0 / 5.5;1.2;0.21;0.99;2;Б;1;/opt/mp-analytics/incoming/gab/Изи.xlsx;Данные по картриджам!r353;4064fa397384d687b0349dbae769c7d4a21c54bf65a712f6c31981a966b8f971
0903;15.0;10.0;8.0;10.5;8.0;2.5;4.5 / 2.0 / 5.5;1.2;0.21;0.99;2;Б;1;/opt/mp-analytics/incoming/gab/Изи.xlsx;Данные по картриджам!r354;4064fa397384d687b0349dbae769c7d4a21c54bf65a712f6c31981a966b8f971
0904;15.0;10.0;8.0;10.5;8.0;2.5;4.5 / 2.0 / 5.5;1.2;0.21;0.99;2;Б;1;/opt/mp-analytics/incoming/gab/Изи.xlsx;Данные по картриджам!r355;4064fa397384d687b0349dbae769c7d4a21c54bf65a712f6c31981a966b8f971
0906;10.0;8.0;5.0;9.0;6.8;1.8;1.0 / 1.2 / 3.2;0.4;0.11;0.29;1;Б;1;/opt/mp-analytics/incoming/gab/Вся расходка Китай РФ Cactus GG PR.xlsx;Лист1!r1334;d0488dd393f71b9cb95cf51390c2aba1ef902bcac7a8eb2f95247679cc1d25fc
0907;10.0;8.0;5.0;9.0;6.8;1.8;1.0 / 1.2 / 3.2;0.4;0.11;0.29;1;Б;2;/opt/mp-analytics/incoming/gab/Вся расходка Китай РФ Cactus GG PR.xlsx;Лист1!r1333;d0488dd393f71b9cb95cf51390c2aba1ef902bcac7a8eb2f95247679cc1d25fc
0908;10.0;8.0;5.0;8.7;6.7;2.2;1.3 / 1.3 / 2.8;0.4;0.128;0.272;1;Б;1;/opt/mp-analytics/incoming/gab/Изи.xlsx;Данные по картриджам!r459;4064fa397384d687b0349dbae769c7d4a21c54bf65a712f6c31981a966b8f971
0909;10.0;8.0;5.0;8.7;6.7;2.2;1.3 / 1.3 / 2.8;0.4;0.128;0.272;1;Б;2;/opt/mp-analytics/incoming/gab/Изи.xlsx;Данные по картриджам!r460;4064fa397384d687b0349dbae769c7d4a21c54bf65a712f6c31981a966b8f971
0910;10.0;8.0;5.0;8.7;6.7;2.2;1.3 / 1.3 / 2.8;0.4;0.128;0.272;1;Б;1;/opt/mp-analytics/incoming/gab/Изи.xlsx;Данные по картриджам!r461;4064fa397384d687b0349dbae769c7d4a21c54bf65a712f6c31981a966b8f971
0911;10.0;8.0;5.0;8.7;6.7;2.2;1.3 / 1.3 / 2.8;0.4;0.128;0.272;1;Б;1;/opt/mp-analytics/incoming/gab/Изи.xlsx;Данные по картриджам!r462;4064fa397384d687b0349dbae769c7d4a21c54bf65a712f6c31981a966b8f971
0912;10.0;8.0;5.0;8.7;6.7;2.2;1.3 / 1.3 / 2.8;0.4;0.128;0.272;1;Б;1;/opt/mp-analytics/incoming/gab/Изи.xlsx;Данные по картриджам!r463;4064fa397384d687b0349dbae769c7d4a21c54bf65a712f6c31981a966b8f971
0913;10.0;8.0;5.0;8.7;6.7;2.2;1.3 / 1.3 / 2.8;0.4;0.128;0.272;1;Б;1;/opt/mp-analytics/incoming/gab/Изи.xlsx;Данные по картриджам!r464;4064fa397384d687b0349dbae769c7d4a21c54bf65a712f6c31981a966b8f971
0914;10.0;8.0;5.0;8.7;6.7;2.2;1.3 / 1.3 / 2.8;0.4;0.128;0.272;1;Б;1;/opt/mp-analytics/incoming/gab/Изи.xlsx;Данные по картриджам!r465;4064fa397384d687b0349dbae769c7d4a21c54bf65a712f6c31981a966b8f971
0915;10.0;8.0;5.0;8.7;6.7;2.2;1.3 / 1.3 / 2.8;0.4;0.128;0.272;1;Б;1;/opt/mp-analytics/incoming/gab/Изи.xlsx;Данные по картриджам!r466;4064fa397384d687b0349dbae769c7d4a21c54bf65a712f6c31981a966b8f971
0917;15.0;10.0;8.0;9.0;7.0;3.0;6.0 / 3.0 / 5.0;1.2;0.189;1.011;3;Б;21;/opt/mp-analytics/incoming/gab/Изи.xlsx;Данные по картриджам!r475;4064fa397384d687b0349dbae769c7d4a21c54bf65a712f6c31981a966b8f971
0918;15.0;10.0;8.0;9.0;7.0;3.0;6.0 / 3.0 / 5.0;1.2;0.189;1.011;3;Б;1;/opt/mp-analytics/incoming/gab/Изи.xlsx;Данные по картриджам!r476;4064fa397384d687b0349dbae769c7d4a21c54bf65a712f6c31981a966b8f971
0919;15.0;10.0;8.0;9.0;7.0;3.0;6.0 / 3.0 / 5.0;1.2;0.189;1.011;3;Б;1;/opt/mp-analytics/incoming/gab/Изи.xlsx;Данные по картриджам!r477;4064fa397384d687b0349dbae769c7d4a21c54bf65a712f6c31981a966b8f971
0920;15.0;10.0;8.0;9.0;7.0;3.0;6.0 / 3.0 / 5.0;1.2;0.189;1.011;3;Б;1;/opt/mp-analytics/incoming/gab/Изи.xlsx;Данные по картриджам!r478;4064fa397384d687b0349dbae769c7d4a21c54bf65a712f6c31981a966b8f971
0922;15.0;10.0;8.0;8.0;6.0;3.0;7.0 / 4.0 / 5.0;1.2;0.144;1.056;2;Б;14;/opt/mp-analytics/incoming/gab/Изи.xlsx;Данные по картриджам!r479;4064fa397384d687b0349dbae769c7d4a21c54bf65a712f6c31981a966b8f971
0923;10.0;8.0;5.0;9.0;7.0;3.0;1.0 / 1.0 / 2.0;0.4;0.189;0.211;2;А;1;/opt/mp-analytics/incoming/gab/Изи.xlsx;Данные по картриджам!r480;4064fa397384d687b0349dbae769c7d4a21c54bf65a712f6c31981a966b8f971
0924;15.0;10.0;8.0;9.0;7.0;3.0;6.0 / 3.0 / 5.0;1.2;0.189;1.011;2;Б;1;/opt/mp-analytics/incoming/gab/Изи.xlsx;Данные по картриджам!r481;4064fa397384d687b0349dbae769c7d4a21c54bf65a712f6c31981a966b8f971
0925;15.0;10.0;8.0;9.0;7.0;3.0;6.0 / 3.0 / 5.0;1.2;0.189;1.011;2;Б;1;/opt/mp-analytics/incoming/gab/Изи.xlsx;Данные по картриджам!r482;4064fa397384d687b0349dbae769c7d4a21c54bf65a712f6c31981a966b8f971
0927;15.0;10.0;8.0;11.5;5.8;3.5;3.5 / 4.2 / 4.5;1.2;0.233;0.967;2;Б;9;/opt/mp-analytics/incoming/gab/Вся расходка Китай РФ Cactus GG PR.xlsx;Лист1!r1108;d0488dd393f71b9cb95cf51390c2aba1ef902bcac7a8eb2f95247679cc1d25fc
0928;15.0;10.0;8.0;10.5;4.5;3.3;4.5 / 5.5 / 4.7;1.2;0.156;1.044;3;Б;1;/opt/mp-analytics/incoming/gab/Изи.xlsx;Данные по картриджам!r489;4064fa397384d687b0349dbae769c7d4a21c54bf65a712f6c31981a966b8f971
0929;15.0;10.0;8.0;10.5;4.5;3.3;4.5 / 5.5 / 4.7;1.2;0.156;1.044;3;Б;1;/opt/mp-analytics/incoming/gab/Изи.xlsx;Данные по картриджам!r490;4064fa397384d687b0349dbae769c7d4a21c54bf65a712f6c31981a966b8f971
0930;15.0;10.0;8.0;10.5;4.5;3.3;4.5 / 5.5 / 4.7;1.2;0.156;1.044;3;Б;1;/opt/mp-analytics/incoming/gab/Изи.xlsx;Данные по картриджам!r491;4064fa397384d687b0349dbae769c7d4a21c54bf65a712f6c31981a966b8f971
0931;15.0;10.0;8.0;10.5;4.5;3.3;4.5 / 5.5 / 4.7;1.2;0.156;1.044;3;Б;1;/opt/mp-analytics/incoming/gab/Изи.xlsx;Данные по картриджам!r492;4064fa397384d687b0349dbae769c7d4a21c54bf65a712f6c31981a966b8f971
0940;10.0;8.0;5.0;9.0;6.8;1.8;1.0 / 1.2 / 3.2;0.4;0.11;0.29;1;Б;1;/opt/mp-analytics/incoming/gab/Вся расходка Китай РФ Cactus GG PR.xlsx;Лист1!r1332;d0488dd393f71b9cb95cf51390c2aba1ef902bcac7a8eb2f95247679cc1d25fc
0941;10.0;8.0;5.0;9.0;6.8;1.8;1.0 / 1.2 / 3.2;0.4;0.11;0.29;1;Б;1;/opt/mp-analytics/incoming/gab/Вся расходка Китай РФ Cactus GG PR.xlsx;Лист1!r1331;d0488dd393f71b9cb95cf51390c2aba1ef902bcac7a8eb2f95247679cc1d25fc
0942;10.0;8.0;5.0;9.0;6.8;1.8;1.0 / 1.2 / 3.2;0.4;0.11;0.29;1;Б;1;/opt/mp-analytics/incoming/gab/Вся расходка Китай РФ Cactus GG PR.xlsx;Лист1!r1330;d0488dd393f71b9cb95cf51390c2aba1ef902bcac7a8eb2f95247679cc1d25fc
0943;10.0;8.0;5.0;9.0;6.8;1.8;1.0 / 1.2 / 3.2;0.4;0.11;0.29;1;Б;1;/opt/mp-analytics/incoming/gab/Вся расходка Китай РФ Cactus GG PR.xlsx;Лист1!r1329;d0488dd393f71b9cb95cf51390c2aba1ef902bcac7a8eb2f95247679cc1d25fc
0944;10.0;8.0;5.0;9.0;6.8;1.8;1.0 / 1.2 / 3.2;0.4;0.11;0.29;1;Б;1;/opt/mp-analytics/incoming/gab/Вся расходка Китай РФ Cactus GG PR.xlsx;Лист1!r1328;d0488dd393f71b9cb95cf51390c2aba1ef902bcac7a8eb2f95247679cc1d25fc
0945;10.0;8.0;5.0;9.0;6.8;1.8;1.0 / 1.2 / 3.2;0.4;0.11;0.29;1;Б;1;/opt/mp-analytics/incoming/gab/Вся расходка Китай РФ Cactus GG PR.xlsx;Лист1!r1327;d0488dd393f71b9cb95cf51390c2aba1ef902bcac7a8eb2f95247679cc1d25fc
0947;10.0;8.0;5.0;8.5;7.5;3.8;1.5 / 0.5 / 1.2;0.4;0.242;0.158;1;А;12;/opt/mp-analytics/incoming/gab/Изи.xlsx;Данные по картриджам!r493;4064fa397384d687b0349dbae769c7d4a21c54bf65a712f6c31981a966b8f971
0948;15.0;10.0;8.0;10.7;6.5;3.5;4.3 / 3.5 / 4.5;1.2;0.243;0.957;3;Б;12;/opt/mp-analytics/incoming/gab/Вся расходка Китай РФ Cactus GG PR.xlsx;Лист1!r1123;d0488dd393f71b9cb95cf51390c2aba1ef902bcac7a8eb2f95247679cc1d25fc
0949;15.0;10.0;8.0;10.0;6.0;3.0;5.0 / 4.0 / 5.0;1.2;0.18;1.02;3;Б;1;/opt/mp-analytics/incoming/gab/Изи.xlsx;Данные по картриджам!r1014;4064fa397384d687b0349dbae769c7d4a21c54bf65a712f6c31981a966b8f971
0950;15.0;10.0;8.0;10.0;6.0;3.0;5.0 / 4.0 / 5.0;1.2;0.18;1.02;3;Б;1;/opt/mp-analytics/incoming/gab/Изи.xlsx;Данные по картриджам!r533;4064fa397384d687b0349dbae769c7d4a21c54bf65a712f6c31981a966b8f971
0951;15.0;10.0;8.0;10.0;6.0;3.0;5.0 / 4.0 / 5.0;1.2;0.18;1.02;3;Б;1;/opt/mp-analytics/incoming/gab/Изи.xlsx;Данные по картриджам!r534;4064fa397384d687b0349dbae769c7d4a21c54bf65a712f6c31981a966b8f971
0952;10.0;10.0;10.0;15.0;14.0;5.5;-5.0 / -4.0 / 4.5;1.0;1.155;-0.155;1;В;1;/opt/mp-analytics/incoming/gab/Изи.xlsx;Данные по картриджам!r1224;4064fa397384d687b0349dbae769c7d4a21c54bf65a712f6c31981a966b8f971
0953;15.0;10.0;8.0;9.0;6.8;3.7;6.0 / 3.2 / 4.3;1.2;0.226;0.974;4;Б;7;/opt/mp-analytics/incoming/gab/САКУРА АБДУЛ 05.06.xlsx;Струйная Sakura!r42;ddbb1c580ba3ed878627b3d8dbea6c97710c4682804b2638b792149bf490915a
0954;15.0;10.0;8.0;10.0;6.0;2.5;5.0 / 4.0 / 5.5;1.2;0.15;1.05;4;Б;1;/opt/mp-analytics/incoming/gab/Изи.xlsx;Данные по картриджам!r536;4064fa397384d687b0349dbae769c7d4a21c54bf65a712f6c31981a966b8f971
0955;15.0;10.0;8.0;10.0;6.0;2.5;5.0 / 4.0 / 5.5;1.2;0.15;1.05;4;Б;1;/opt/mp-analytics/incoming/gab/Изи.xlsx;Данные по картриджам!r537;4064fa397384d687b0349dbae769c7d4a21c54bf65a712f6c31981a966b8f971
0956;15.0;10.0;8.0;10.0;6.0;2.5;5.0 / 4.0 / 5.5;1.2;0.15;1.05;4;Б;1;/opt/mp-analytics/incoming/gab/Изи.xlsx;Данные по картриджам!r1020;4064fa397384d687b0349dbae769c7d4a21c54bf65a712f6c31981a966b8f971
0957;10.0;10.0;10.0;12.5;7.5;7.0;-2.5 / 2.5 / 3.0;1.0;0.656;0.344;1;Б;1;/opt/mp-analytics/incoming/gab/Изи.xlsx;Данные по картриджам!r1364;4064fa397384d687b0349dbae769c7d4a21c54bf65a712f6c31981a966b8f971
0958;15.0;10.0;8.0;15.0;11.5;3.0;0.0 / -1.5 / 5.0;1.2;0.517;0.683;4;Б;3;/opt/mp-analytics/incoming/gab/Вся расходка Китай РФ Cactus GG PR.xlsx;Лист1!r2770;d0488dd393f71b9cb95cf51390c2aba1ef902bcac7a8eb2f95247679cc1d25fc
0959;15.0;10.0;8.0;15.0;11.5;3.0;0.0 / -1.5 / 5.0;1.2;0.517;0.683;3;Б;1;/opt/mp-analytics/incoming/gab/Вся расходка Китай РФ Cactus GG PR.xlsx;Лист1!r2771;d0488dd393f71b9cb95cf51390c2aba1ef902bcac7a8eb2f95247679cc1d25fc
0960;15.0;10.0;8.0;15.0;11.5;3.0;0.0 / -1.5 / 5.0;1.2;0.517;0.683;3;Б;1;/opt/mp-analytics/incoming/gab/Вся расходка Китай РФ Cactus GG PR.xlsx;Лист1!r2772;d0488dd393f71b9cb95cf51390c2aba1ef902bcac7a8eb2f95247679cc1d25fc
0961;15.0;10.0;8.0;15.0;11.5;6.0;0.0 / -1.5 / 2.0;1.2;1.035;0.165;3;А;1;/opt/mp-analytics/incoming/gab/Вся расходка Китай РФ Cactus GG PR.xlsx;Лист1!r2773;d0488dd393f71b9cb95cf51390c2aba1ef902bcac7a8eb2f95247679cc1d25fc
0962;10.0;10.0;10.0;15.0;14.0;5.5;-5.0 / -4.0 / 4.5;1.0;1.155;-0.155;1;В;1;/opt/mp-analytics/incoming/gab/Изи.xlsx;Данные по картриджам!r1226;4064fa397384d687b0349dbae769c7d4a21c54bf65a712f6c31981a966b8f971
0963;10.0;8.0;5.0;18.0;10.0;5.5;-8.0 / -2.0 / -0.5;0.4;0.99;-0.59;3;В;12;/opt/mp-analytics/incoming/gab/Вся расходка Китай РФ Cactus GG PR.xlsx;Лист1!r1161;d0488dd393f71b9cb95cf51390c2aba1ef902bcac7a8eb2f95247679cc1d25fc
0964;10.0;8.0;5.0;18.0;10.0;5.5;-8.0 / -2.0 / -0.5;0.4;0.99;-0.59;3;В;1;/opt/mp-analytics/incoming/gab/Вся расходка Китай РФ Cactus GG PR.xlsx;Лист1!r1160;d0488dd393f71b9cb95cf51390c2aba1ef902bcac7a8eb2f95247679cc1d25fc
0965;10.0;8.0;5.0;18.0;10.0;5.5;-8.0 / -2.0 / -0.5;0.4;0.99;-0.59;3;В;1;/opt/mp-analytics/incoming/gab/Вся расходка Китай РФ Cactus GG PR.xlsx;Лист1!r1159;d0488dd393f71b9cb95cf51390c2aba1ef902bcac7a8eb2f95247679cc1d25fc
0966;10.0;8.0;5.0;18.0;10.0;5.5;-8.0 / -2.0 / -0.5;0.4;0.99;-0.59;3;В;1;/opt/mp-analytics/incoming/gab/Вся расходка Китай РФ Cactus GG PR.xlsx;Лист1!r1158;d0488dd393f71b9cb95cf51390c2aba1ef902bcac7a8eb2f95247679cc1d25fc
0967;10.0;8.0;5.0;18.0;10.0;5.5;-8.0 / -2.0 / -0.5;0.4;0.99;-0.59;3;В;1;/opt/mp-analytics/incoming/gab/Вся расходка Китай РФ Cactus GG PR.xlsx;Лист1!r1157;d0488dd393f71b9cb95cf51390c2aba1ef902bcac7a8eb2f95247679cc1d25fc
0968;10.0;8.0;5.0;18.0;10.0;5.5;-8.0 / -2.0 / -0.5;0.4;0.99;-0.59;2;В;2;/opt/mp-analytics/incoming/gab/Вся расходка Китай РФ Cactus GG PR.xlsx;Лист1!r1152;d0488dd393f71b9cb95cf51390c2aba1ef902bcac7a8eb2f95247679cc1d25fc
0970;10.0;8.0;5.0;11.5;9.5;4.5;-1.5 / -1.5 / 0.5;0.4;0.492;-0.092;1;А;9;/opt/mp-analytics/incoming/gab/Вся расходка Китай РФ Cactus GG PR.xlsx;Лист1!r1153;d0488dd393f71b9cb95cf51390c2aba1ef902bcac7a8eb2f95247679cc1d25fc
0971;10.0;8.0;5.0;9.5;8.6;3.4;0.5 / -0.6 / 1.6;0.4;0.278;0.122;2;А;1;/opt/mp-analytics/incoming/gab/Изи.xlsx;Данные по картриджам!r585;4064fa397384d687b0349dbae769c7d4a21c54bf65a712f6c31981a966b8f971
0972;10.0;8.0;5.0;9.5;8.6;3.4;0.5 / -0.6 / 1.6;0.4;0.278;0.122;2;А;1;/opt/mp-analytics/incoming/gab/Изи.xlsx;Данные по картриджам!r586;4064fa397384d687b0349dbae769c7d4a21c54bf65a712f6c31981a966b8f971
0973;10.0;8.0;5.0;9.5;9.0;3.5;0.5 / -1.0 / 1.5;0.4;0.299;0.101;2;А;1;/opt/mp-analytics/incoming/gab/Изи.xlsx;Данные по картриджам!r587;4064fa397384d687b0349dbae769c7d4a21c54bf65a712f6c31981a966b8f971
0975;15.0;10.0;8.0;22.5;6.0;5.0;-7.5 / 4.0 / 3.0;1.2;0.675;0.525;3;Б;5;/opt/mp-analytics/incoming/gab/САКУРА АБДУЛ 05.06.xlsx;Струйная Sakura!r63;ddbb1c580ba3ed878627b3d8dbea6c97710c4682804b2638b792149bf490915a
0976;37.0;20.0;15.0;13.5;8.8;3.5;23.5 / 11.2 / 11.5;11.1;0.416;10.684;4;Б;1;/opt/mp-analytics/incoming/gab/Изи.xlsx;Данные по картриджам!r570;4064fa397384d687b0349dbae769c7d4a21c54bf65a712f6c31981a966b8f971
0977;37.0;20.0;15.0;13.5;8.8;3.5;23.5 / 11.2 / 11.5;11.1;0.416;10.684;4;Б;1;/opt/mp-analytics/incoming/gab/Изи.xlsx;Данные по картриджам!r571;4064fa397384d687b0349dbae769c7d4a21c54bf65a712f6c31981a966b8f971
0978;37.0;20.0;15.0;13.5;8.8;3.5;23.5 / 11.2 / 11.5;11.1;0.416;10.684;4;Б;1;/opt/mp-analytics/incoming/gab/Изи.xlsx;Данные по картриджам!r572;4064fa397384d687b0349dbae769c7d4a21c54bf65a712f6c31981a966b8f971
0980;37.0;20.0;15.0;28.3;7.9;7.6;8.7 / 12.1 / 7.4;11.1;1.699;9.401;1;Б;4;/opt/mp-analytics/incoming/gab/САКУРА АБДУЛ 05.06.xlsx;Лазерная Sakura!r1285;ddbb1c580ba3ed878627b3d8dbea6c97710c4682804b2638b792149bf490915a
0981;37.0;20.0;15.0;37.7;24.9;14.8;-0.7 / -4.9 / 0.2;11.1;13.893;-2.793;1;В;2;/opt/mp-analytics/incoming/gab/САКУРА АБДУЛ 05.06.xlsx;Лазерная Sakura!r186;ddbb1c580ba3ed878627b3d8dbea6c97710c4682804b2638b792149bf490915a
0986;37.0;20.0;15.0;33.2;16.7;12.1;3.8 / 3.3 / 2.9;11.1;6.709;4.391;2;Б;5;/opt/mp-analytics/incoming/gab/САКУРА АБДУЛ 05.06.xlsx;Лазерная Sakura!r583;ddbb1c580ba3ed878627b3d8dbea6c97710c4682804b2638b792149bf490915a
0987;37.0;20.0;15.0;30.5;9.5;9.5;6.5 / 10.5 / 5.5;11.1;2.753;8.347;2;Б;1;/opt/mp-analytics/incoming/gab/Вся расходка Китай РФ Cactus GG PR.xlsx;Лист1!r561;d0488dd393f71b9cb95cf51390c2aba1ef902bcac7a8eb2f95247679cc1d25fc
0989;37.0;20.0;15.0;30.5;9.5;9.5;6.5 / 10.5 / 5.5;11.1;2.753;8.347;2;Б;1;/opt/mp-analytics/incoming/gab/Вся расходка Китай РФ Cactus GG PR.xlsx;Лист1!r560;d0488dd393f71b9cb95cf51390c2aba1ef902bcac7a8eb2f95247679cc1d25fc
0990;37.0;20.0;15.0;30.5;9.5;9.5;6.5 / 10.5 / 5.5;11.1;2.753;8.347;2;Б;1;/opt/mp-analytics/incoming/gab/Вся расходка Китай РФ Cactus GG PR.xlsx;Лист1!r559;d0488dd393f71b9cb95cf51390c2aba1ef902bcac7a8eb2f95247679cc1d25fc
0992;37.0;20.0;15.0;33.0;16.6;12.5;4.0 / 3.4 / 2.5;11.1;6.848;4.252;2;Б;14;/opt/mp-analytics/incoming/gab/САКУРА АБДУЛ 05.06.xlsx;Лазерная Sakura!r533;ddbb1c580ba3ed878627b3d8dbea6c97710c4682804b2638b792149bf490915a
0993;37.0;20.0;15.0;30.5;9.5;9.5;6.5 / 10.5 / 5.5;11.1;2.753;8.347;2;Б;1;/opt/mp-analytics/incoming/gab/Вся расходка Китай РФ Cactus GG PR.xlsx;Лист1!r557;d0488dd393f71b9cb95cf51390c2aba1ef902bcac7a8eb2f95247679cc1d25fc
0994;37.0;20.0;15.0;30.5;9.5;9.5;6.5 / 10.5 / 5.5;11.1;2.753;8.347;2;Б;1;/opt/mp-analytics/incoming/gab/Вся расходка Китай РФ Cactus GG PR.xlsx;Лист1!r556;d0488dd393f71b9cb95cf51390c2aba1ef902bcac7a8eb2f95247679cc1d25fc
0995;37.0;20.0;15.0;30.5;9.5;9.5;6.5 / 10.5 / 5.5;11.1;2.753;8.347;2;Б;1;/opt/mp-analytics/incoming/gab/Вся расходка Китай РФ Cactus GG PR.xlsx;Лист1!r555;d0488dd393f71b9cb95cf51390c2aba1ef902bcac7a8eb2f95247679cc1d25fc
0997;37.0;20.0;15.0;33.1;16.7;12.5;3.9 / 3.3 / 2.5;11.1;6.91;4.19;2;Б;4;/opt/mp-analytics/incoming/gab/САКУРА АБДУЛ 05.06.xlsx;Лазерная Sakura!r537;ddbb1c580ba3ed878627b3d8dbea6c97710c4682804b2638b792149bf490915a
0998;37.0;20.0;15.0;34.5;9.5;8.5;2.5 / 10.5 / 6.5;11.1;2.786;8.314;2;Б;1;/opt/mp-analytics/incoming/gab/Вся расходка Китай РФ Cactus GG PR.xlsx;Лист1!r103;d0488dd393f71b9cb95cf51390c2aba1ef902bcac7a8eb2f95247679cc1d25fc
0999;37.0;20.0;15.0;34.5;9.5;8.5;2.5 / 10.5 / 6.5;11.1;2.786;8.314;2;Б;1;/opt/mp-analytics/incoming/gab/Вся расходка Китай РФ Cactus GG PR.xlsx;Лист1!r102;d0488dd393f71b9cb95cf51390c2aba1ef902bcac7a8eb2f95247679cc1d25fc
1000;37.0;20.0;15.0;34.5;9.5;8.5;2.5 / 10.5 / 6.5;11.1;2.786;8.314;2;Б;1;/opt/mp-analytics/incoming/gab/Вся расходка Китай РФ Cactus GG PR.xlsx;Лист1!r101;d0488dd393f71b9cb95cf51390c2aba1ef902bcac7a8eb2f95247679cc1d25fc
1018;;;;31.0;10.0;6.2;нет карточек wb_acc1;;;;1;Г;0;/opt/mp-analytics/incoming/gab/Вся расходка Китай РФ Cactus GG PR.xlsx;Лист1!r777;d0488dd393f71b9cb95cf51390c2aba1ef902bcac7a8eb2f95247679cc1d25fc
1019;;;;31.0;10.0;6.2;нет карточек wb_acc1;;;;1;Г;0;/opt/mp-analytics/incoming/gab/Вся расходка Китай РФ Cactus GG PR.xlsx;Лист1!r776;d0488dd393f71b9cb95cf51390c2aba1ef902bcac7a8eb2f95247679cc1d25fc
1020;;;;31.0;10.0;6.2;нет карточек wb_acc1;;;;1;Г;0;/opt/mp-analytics/incoming/gab/Вся расходка Китай РФ Cactus GG PR.xlsx;Лист1!r775;d0488dd393f71b9cb95cf51390c2aba1ef902bcac7a8eb2f95247679cc1d25fc
1032;37.0;20.0;15.0;34.5;23.5;12.5;2.5 / -3.5 / 2.5;11.1;10.134;0.966;3;Б;7;/opt/mp-analytics/incoming/gab/Изи.xlsx;Данные по картриджам!r256;4064fa397384d687b0349dbae769c7d4a21c54bf65a712f6c31981a966b8f971
1034;37.0;20.0;15.0;33.9;19.6;9.3;3.1 / 0.4 / 5.7;11.1;6.179;4.921;1;Б;3;/opt/mp-analytics/incoming/gab/САКУРА АБДУЛ 05.06.xlsx;Лазерная Sakura!r631;ddbb1c580ba3ed878627b3d8dbea6c97710c4682804b2638b792149bf490915a
1035;37.0;20.0;15.0;37.5;26.1;11.9;-0.5 / -6.1 / 3.1;11.1;11.647;-0.547;1;В;6;/opt/mp-analytics/incoming/gab/САКУРА АБДУЛ 05.06.xlsx;Лазерная Sakura!r307;ddbb1c580ba3ed878627b3d8dbea6c97710c4682804b2638b792149bf490915a
1036;37.0;20.0;15.0;37.6;26.3;11.7;-0.6 / -6.3 / 3.3;11.1;11.57;-0.47;3;В;6;/opt/mp-analytics/incoming/gab/САКУРА АБДУЛ 05.06.xlsx;Лазерная Sakura!r318;ddbb1c580ba3ed878627b3d8dbea6c97710c4682804b2638b792149bf490915a
1037;37.0;20.0;15.0;55.0;9.3;9.3;-18.0 / 10.7 / 5.7;11.1;4.757;6.343;1;Б;7;/opt/mp-analytics/incoming/gab/Вся расходка Китай РФ Cactus GG PR.xlsx;Лист1!r2357;d0488dd393f71b9cb95cf51390c2aba1ef902bcac7a8eb2f95247679cc1d25fc
1038;37.0;20.0;15.0;55.0;9.3;9.3;-18.0 / 10.7 / 5.7;11.1;4.757;6.343;1;Б;1;/opt/mp-analytics/incoming/gab/Вся расходка Китай РФ Cactus GG PR.xlsx;Лист1!r2356;d0488dd393f71b9cb95cf51390c2aba1ef902bcac7a8eb2f95247679cc1d25fc
1039;37.0;20.0;15.0;55.0;9.3;9.3;-18.0 / 10.7 / 5.7;11.1;4.757;6.343;1;Б;1;/opt/mp-analytics/incoming/gab/Вся расходка Китай РФ Cactus GG PR.xlsx;Лист1!r2358;d0488dd393f71b9cb95cf51390c2aba1ef902bcac7a8eb2f95247679cc1d25fc
1040;37.0;20.0;15.0;55.0;9.3;9.3;-18.0 / 10.7 / 5.7;11.1;4.757;6.343;1;Б;1;/opt/mp-analytics/incoming/gab/Вся расходка Китай РФ Cactus GG PR.xlsx;Лист1!r2359;d0488dd393f71b9cb95cf51390c2aba1ef902bcac7a8eb2f95247679cc1d25fc
1042;37.0;20.0;15.0;32.0;14.0;10.0;5.0 / 6.0 / 5.0;11.1;4.48;6.62;3;Б;14;/opt/mp-analytics/incoming/gab/Вся расходка Китай РФ Cactus GG PR.xlsx;Лист1!r2923;d0488dd393f71b9cb95cf51390c2aba1ef902bcac7a8eb2f95247679cc1d25fc
1044;37.0;20.0;15.0;34.5;27.0;16.0;2.5 / -7.0 / -1.0;11.1;14.904;-3.804;4;В;5;/opt/mp-analytics/incoming/gab/Изи.xlsx;Данные по картриджам!r863;4064fa397384d687b0349dbae769c7d4a21c54bf65a712f6c31981a966b8f971
1046;37.0;20.0;15.0;37.4;24.2;16.6;-0.4 / -4.2 / -1.6;11.1;15.024;-3.924;2;В;7;/opt/mp-analytics/incoming/gab/САКУРА АБДУЛ 05.06.xlsx;Лазерная Sakura!r120;ddbb1c580ba3ed878627b3d8dbea6c97710c4682804b2638b792149bf490915a
1049;37.0;20.0;15.0;34.5;23.5;12.5;2.5 / -3.5 / 2.5;11.1;10.134;0.966;4;Б;9;/opt/mp-analytics/incoming/gab/Изи.xlsx;Данные по картриджам!r877;4064fa397384d687b0349dbae769c7d4a21c54bf65a712f6c31981a966b8f971
1050;37.0;20.0;15.0;34.5;23.5;12.5;2.5 / -3.5 / 2.5;11.1;10.134;0.966;4;Б;1;/opt/mp-analytics/incoming/gab/Изи.xlsx;Данные по картриджам!r878;4064fa397384d687b0349dbae769c7d4a21c54bf65a712f6c31981a966b8f971
1051;37.0;20.0;15.0;34.5;23.5;12.5;2.5 / -3.5 / 2.5;11.1;10.134;0.966;3;Б;1;/opt/mp-analytics/incoming/gab/Изи.xlsx;Данные по картриджам!r879;4064fa397384d687b0349dbae769c7d4a21c54bf65a712f6c31981a966b8f971
1052;37.0;20.0;15.0;34.5;23.5;12.5;2.5 / -3.5 / 2.5;11.1;10.134;0.966;4;Б;1;/opt/mp-analytics/incoming/gab/Изи.xlsx;Данные по картриджам!r880;4064fa397384d687b0349dbae769c7d4a21c54bf65a712f6c31981a966b8f971
1070;37.0;20.0;15.0;46.5;16.5;14.5;-9.5 / 3.5 / 0.5;11.1;11.125;-0.025;2;В;7;/opt/mp-analytics/incoming/gab/Изи.xlsx;Данные по картриджам!r312;4064fa397384d687b0349dbae769c7d4a21c54bf65a712f6c31981a966b8f971
1073;37.0;20.0;15.0;46.5;25.5;11.5;-9.5 / -5.5 / 3.5;11.1;13.636;-2.536;4;В;4;/opt/mp-analytics/incoming/gab/САКУРА АБДУЛ 05.06.xlsx;Лазерная Sakura!r206;ddbb1c580ba3ed878627b3d8dbea6c97710c4682804b2638b792149bf490915a
1074;37.0;20.0;15.0;58.5;13.5;8.5;-21.5 / 6.5 / 6.5;11.1;6.713;4.387;1;Б;8;/opt/mp-analytics/incoming/gab/Вся расходка Китай РФ Cactus GG PR.xlsx;Лист1!r643;d0488dd393f71b9cb95cf51390c2aba1ef902bcac7a8eb2f95247679cc1d25fc
1075;37.0;20.0;15.0;58.5;13.5;8.5;-21.5 / 6.5 / 6.5;11.1;6.713;4.387;1;Б;1;/opt/mp-analytics/incoming/gab/Вся расходка Китай РФ Cactus GG PR.xlsx;Лист1!r641;d0488dd393f71b9cb95cf51390c2aba1ef902bcac7a8eb2f95247679cc1d25fc
1076;37.0;20.0;15.0;58.5;13.5;8.5;-21.5 / 6.5 / 6.5;11.1;6.713;4.387;2;Б;1;/opt/mp-analytics/incoming/gab/Вся расходка Китай РФ Cactus GG PR.xlsx;Лист1!r640;d0488dd393f71b9cb95cf51390c2aba1ef902bcac7a8eb2f95247679cc1d25fc
1078;37.0;20.0;15.0;55.0;9.5;9.5;-18.0 / 10.5 / 5.5;11.1;4.964;6.136;2;Б;5;/opt/mp-analytics/incoming/gab/Вся расходка Китай РФ Cactus GG PR.xlsx;Лист1!r3775;d0488dd393f71b9cb95cf51390c2aba1ef902bcac7a8eb2f95247679cc1d25fc
1079;37.0;20.0;15.0;55.0;9.5;9.5;-18.0 / 10.5 / 5.5;11.1;4.964;6.136;3;Б;1;/opt/mp-analytics/incoming/gab/Вся расходка Китай РФ Cactus GG PR.xlsx;Лист1!r3778;d0488dd393f71b9cb95cf51390c2aba1ef902bcac7a8eb2f95247679cc1d25fc
1080;37.0;20.0;15.0;55.0;9.5;9.5;-18.0 / 10.5 / 5.5;11.1;4.964;6.136;3;Б;1;/opt/mp-analytics/incoming/gab/Вся расходка Китай РФ Cactus GG PR.xlsx;Лист1!r3777;d0488dd393f71b9cb95cf51390c2aba1ef902bcac7a8eb2f95247679cc1d25fc
1081;37.0;20.0;15.0;55.0;9.5;9.5;-18.0 / 10.5 / 5.5;11.1;4.964;6.136;3;Б;1;/opt/mp-analytics/incoming/gab/Вся расходка Китай РФ Cactus GG PR.xlsx;Лист1!r3776;d0488dd393f71b9cb95cf51390c2aba1ef902bcac7a8eb2f95247679cc1d25fc
1083;37.0;20.0;15.0;34.5;23.5;12.5;2.5 / -3.5 / 2.5;11.1;10.134;0.966;4;Б;3;/opt/mp-analytics/incoming/gab/Изи.xlsx;Данные по картриджам!r900;4064fa397384d687b0349dbae769c7d4a21c54bf65a712f6c31981a966b8f971
1084;37.0;20.0;15.0;52.5;17.0;16.0;-15.5 / 3.0 / -1.0;11.1;14.28;-3.18;3;В;1;/opt/mp-analytics/incoming/gab/Изи.xlsx;Данные по картриджам!r624;4064fa397384d687b0349dbae769c7d4a21c54bf65a712f6c31981a966b8f971
1085;37.0;20.0;15.0;48.5;18.0;18.0;-11.5 / 2.0 / -3.0;11.1;15.714;-4.614;2;В;1;/opt/mp-analytics/incoming/gab/Изи.xlsx;Данные по картриджам!r622;4064fa397384d687b0349dbae769c7d4a21c54bf65a712f6c31981a966b8f971
1086;49.0;22.0;18.0;60.0;25.0;12.0;-11.0 / -3.0 / 6.0;19.404;18.0;1.404;1;Б;1;/opt/mp-analytics/incoming/gab/Изи.xlsx;Данные по картриджам!r621;4064fa397384d687b0349dbae769c7d4a21c54bf65a712f6c31981a966b8f971
1088;37.0;20.0;15.0;37.0;9.0;9.0;0.0 / 11.0 / 6.0;11.1;2.997;8.103;1;Б;2;/opt/mp-analytics/incoming/gab/Вся расходка Китай РФ Cactus GG PR.xlsx;Лист1!r2405;d0488dd393f71b9cb95cf51390c2aba1ef902bcac7a8eb2f95247679cc1d25fc
1089;37.0;20.0;15.0;37.0;9.0;9.0;0.0 / 11.0 / 6.0;11.1;2.997;8.103;2;Б;1;/opt/mp-analytics/incoming/gab/Вся расходка Китай РФ Cactus GG PR.xlsx;Лист1!r2406;d0488dd393f71b9cb95cf51390c2aba1ef902bcac7a8eb2f95247679cc1d25fc
1090;37.0;20.0;15.0;37.0;9.0;9.0;0.0 / 11.0 / 6.0;11.1;2.997;8.103;2;Б;1;/opt/mp-analytics/incoming/gab/Вся расходка Китай РФ Cactus GG PR.xlsx;Лист1!r2407;d0488dd393f71b9cb95cf51390c2aba1ef902bcac7a8eb2f95247679cc1d25fc
1091;37.0;20.0;15.0;37.0;9.0;9.0;0.0 / 11.0 / 6.0;11.1;2.997;8.103;2;Б;1;/opt/mp-analytics/incoming/gab/Вся расходка Китай РФ Cactus GG PR.xlsx;Лист1!r2408;d0488dd393f71b9cb95cf51390c2aba1ef902bcac7a8eb2f95247679cc1d25fc
1094;37.0;20.0;15.0;39.0;25.5;14.0;-2.0 / -5.5 / 1.0;11.1;13.923;-2.823;2;В;2;/opt/mp-analytics/incoming/gab/САКУРА АБДУЛ 05.06.xlsx;Лазерная Sakura!r185;ddbb1c580ba3ed878627b3d8dbea6c97710c4682804b2638b792149bf490915a
1095;37.0;20.0;15.0;31.5;14.0;11.0;5.5 / 6.0 / 4.0;11.1;4.851;6.249;2;Б;3;/opt/mp-analytics/incoming/gab/Вся расходка Китай РФ Cactus GG PR.xlsx;Лист1!r3731;d0488dd393f71b9cb95cf51390c2aba1ef902bcac7a8eb2f95247679cc1d25fc
1096;37.0;20.0;15.0;31.5;14.0;11.0;5.5 / 6.0 / 4.0;11.1;4.851;6.249;3;Б;1;/opt/mp-analytics/incoming/gab/Вся расходка Китай РФ Cactus GG PR.xlsx;Лист1!r3732;d0488dd393f71b9cb95cf51390c2aba1ef902bcac7a8eb2f95247679cc1d25fc
1097;37.0;20.0;15.0;31.5;14.0;11.0;5.5 / 6.0 / 4.0;11.1;4.851;6.249;3;Б;1;/opt/mp-analytics/incoming/gab/Вся расходка Китай РФ Cactus GG PR.xlsx;Лист1!r3733;d0488dd393f71b9cb95cf51390c2aba1ef902bcac7a8eb2f95247679cc1d25fc
1098;37.0;20.0;15.0;31.5;14.0;11.0;5.5 / 6.0 / 4.0;11.1;4.851;6.249;3;Б;1;/opt/mp-analytics/incoming/gab/Вся расходка Китай РФ Cactus GG PR.xlsx;Лист1!r3734;d0488dd393f71b9cb95cf51390c2aba1ef902bcac7a8eb2f95247679cc1d25fc
1100;37.0;20.0;15.0;31.0;13.0;7.0;6.0 / 7.0 / 8.0;11.1;2.821;8.279;2;Б;3;/opt/mp-analytics/incoming/gab/Вся расходка Китай РФ Cactus GG PR.xlsx;Лист1!r346;d0488dd393f71b9cb95cf51390c2aba1ef902bcac7a8eb2f95247679cc1d25fc
1101;37.0;20.0;15.0;31.0;13.0;7.0;6.0 / 7.0 / 8.0;11.1;2.821;8.279;3;Б;1;/opt/mp-analytics/incoming/gab/Вся расходка Китай РФ Cactus GG PR.xlsx;Лист1!r345;d0488dd393f71b9cb95cf51390c2aba1ef902bcac7a8eb2f95247679cc1d25fc
1102;37.0;20.0;15.0;31.0;13.0;7.0;6.0 / 7.0 / 8.0;11.1;2.821;8.279;3;Б;1;/opt/mp-analytics/incoming/gab/Вся расходка Китай РФ Cactus GG PR.xlsx;Лист1!r344;d0488dd393f71b9cb95cf51390c2aba1ef902bcac7a8eb2f95247679cc1d25fc
1103;37.0;20.0;15.0;31.0;13.0;7.0;6.0 / 7.0 / 8.0;11.1;2.821;8.279;3;Б;1;/opt/mp-analytics/incoming/gab/Вся расходка Китай РФ Cactus GG PR.xlsx;Лист1!r343;d0488dd393f71b9cb95cf51390c2aba1ef902bcac7a8eb2f95247679cc1d25fc
1105;37.0;20.0;15.0;37.3;25.5;11.8;-0.3 / -5.5 / 3.2;11.1;11.224;-0.124;3;В;3;/opt/mp-analytics/incoming/gab/САКУРА АБДУЛ 05.06.xlsx;Лазерная Sakura!r349;ddbb1c580ba3ed878627b3d8dbea6c97710c4682804b2638b792149bf490915a
1106;37.0;20.0;15.0;37.5;25.7;11.8;-0.5 / -5.7 / 3.2;11.1;11.372;-0.272;4;В;2;/opt/mp-analytics/incoming/gab/САКУРА АБДУЛ 05.06.xlsx;Лазерная Sakura!r243;ddbb1c580ba3ed878627b3d8dbea6c97710c4682804b2638b792149bf490915a
1107;37.0;20.0;15.0;34.0;27.0;16.0;3.0 / -7.0 / -1.0;11.1;14.688;-3.588;4;В;2;/opt/mp-analytics/incoming/gab/Изи.xlsx;Данные по картриджам!r1271;4064fa397384d687b0349dbae769c7d4a21c54bf65a712f6c31981a966b8f971
1108;26.0;10.0;9.0;21.0;12.0;9.5;5.0 / -2.0 / -0.5;2.34;2.394;-0.054;2;В;2;/opt/mp-analytics/incoming/gab/Вся расходка Китай РФ Cactus GG PR.xlsx;Лист1!r772;d0488dd393f71b9cb95cf51390c2aba1ef902bcac7a8eb2f95247679cc1d25fc
1109;37.0;20.0;15.0;29.2;7.5;7.3;7.8 / 12.5 / 7.7;11.1;1.599;9.501;1;Б;1;/opt/mp-analytics/incoming/gab/САКУРА АБДУЛ 05.06.xlsx;Лазерная Sakura!r1286;ddbb1c580ba3ed878627b3d8dbea6c97710c4682804b2638b792149bf490915a
1110;37.0;20.0;15.0;28.7;7.5;7.4;8.3 / 12.5 / 7.6;11.1;1.593;9.507;1;Б;1;/opt/mp-analytics/incoming/gab/САКУРА АБДУЛ 05.06.xlsx;Лазерная Sakura!r1287;ddbb1c580ba3ed878627b3d8dbea6c97710c4682804b2638b792149bf490915a
1111;37.0;20.0;15.0;29.3;7.6;7.5;7.7 / 12.4 / 7.5;11.1;1.67;9.43;1;Б;1;/opt/mp-analytics/incoming/gab/САКУРА АБДУЛ 05.06.xlsx;Лазерная Sakura!r1288;ddbb1c580ba3ed878627b3d8dbea6c97710c4682804b2638b792149bf490915a
1113;37.0;20.0;15.0;58.5;13.5;8.5;-21.5 / 6.5 / 6.5;11.1;6.713;4.387;1;Б;1;/opt/mp-analytics/incoming/gab/Вся расходка Китай РФ Cactus GG PR.xlsx;Лист1!r642;d0488dd393f71b9cb95cf51390c2aba1ef902bcac7a8eb2f95247679cc1d25fc
1125;37.0;20.0;15.0;32.5;12.0;11.0;4.5 / 8.0 / 4.0;11.1;4.29;6.81;1;Б;1;/opt/mp-analytics/incoming/gab/САКУРА АБДУЛ 05.06.xlsx;Лазерная Sakura!r970;ddbb1c580ba3ed878627b3d8dbea6c97710c4682804b2638b792149bf490915a
1126;37.0;20.0;15.0;32.5;12.0;11.0;4.5 / 8.0 / 4.0;11.1;4.29;6.81;1;Б;1;/opt/mp-analytics/incoming/gab/САКУРА АБДУЛ 05.06.xlsx;Лазерная Sakura!r971;ddbb1c580ba3ed878627b3d8dbea6c97710c4682804b2638b792149bf490915a
1138;37.0;20.0;15.0;55.0;9.5;9.5;-18.0 / 10.5 / 5.5;11.1;4.964;6.136;3;Б;2;/opt/mp-analytics/incoming/gab/Вся расходка Китай РФ Cactus GG PR.xlsx;Лист1!r3771;d0488dd393f71b9cb95cf51390c2aba1ef902bcac7a8eb2f95247679cc1d25fc
1139;37.0;20.0;15.0;55.0;9.5;9.5;-18.0 / 10.5 / 5.5;11.1;4.964;6.136;3;Б;1;/opt/mp-analytics/incoming/gab/Вся расходка Китай РФ Cactus GG PR.xlsx;Лист1!r3772;d0488dd393f71b9cb95cf51390c2aba1ef902bcac7a8eb2f95247679cc1d25fc
1140;37.0;20.0;15.0;55.0;9.5;9.5;-18.0 / 10.5 / 5.5;11.1;4.964;6.136;3;Б;1;/opt/mp-analytics/incoming/gab/Вся расходка Китай РФ Cactus GG PR.xlsx;Лист1!r3773;d0488dd393f71b9cb95cf51390c2aba1ef902bcac7a8eb2f95247679cc1d25fc
1141;37.0;20.0;15.0;55.0;9.5;9.5;-18.0 / 10.5 / 5.5;11.1;4.964;6.136;3;Б;1;/opt/mp-analytics/incoming/gab/Вся расходка Китай РФ Cactus GG PR.xlsx;Лист1!r3774;d0488dd393f71b9cb95cf51390c2aba1ef902bcac7a8eb2f95247679cc1d25fc
1144;37.0;20.0;15.0;35.0;16.0;11.0;2.0 / 4.0 / 4.0;11.1;6.16;4.94;3;Б;5;/opt/mp-analytics/incoming/gab/Изи.xlsx;Данные по картриджам!r325;4064fa397384d687b0349dbae769c7d4a21c54bf65a712f6c31981a966b8f971
1145;37.0;20.0;15.0;35.0;25.0;13.0;2.0 / -5.0 / 2.0;11.1;11.375;-0.275;2;В;3;/opt/mp-analytics/incoming/gab/Изи.xlsx;Данные по картриджам!r1096;4064fa397384d687b0349dbae769c7d4a21c54bf65a712f6c31981a966b8f971
1146;37.0;20.0;15.0;45.5;25.0;14.5;-8.5 / -5.0 / 0.5;11.1;16.494;-5.394;2;В;4;/opt/mp-analytics/incoming/gab/Вся расходка Китай РФ Cactus GG PR.xlsx;Лист1!r485;d0488dd393f71b9cb95cf51390c2aba1ef902bcac7a8eb2f95247679cc1d25fc
1149;37.0;20.0;15.0;37.0;25.5;11.5;0.0 / -5.5 / 3.5;11.1;10.85;0.25;2;Б;35;/opt/mp-analytics/incoming/gab/САКУРА АБДУЛ 05.06.xlsx;Лазерная Sakura!r381;ddbb1c580ba3ed878627b3d8dbea6c97710c4682804b2638b792149bf490915a
1152;37.0;20.0;15.0;40.0;16.0;15.0;-3.0 / 4.0 / 0.0;11.1;9.6;1.5;4;Б;6;/opt/mp-analytics/incoming/gab/Изи.xlsx;Данные по картриджам!r749;4064fa397384d687b0349dbae769c7d4a21c54bf65a712f6c31981a966b8f971
1153;37.0;20.0;15.0;37.0;25.0;14.0;0.0 / -5.0 / 1.0;11.1;12.95;-1.85;3;В;1;/opt/mp-analytics/incoming/gab/САКУРА АБДУЛ 05.06.xlsx;Лазерная Sakura!r223;ddbb1c580ba3ed878627b3d8dbea6c97710c4682804b2638b792149bf490915a
1154;37.0;20.0;15.0;40.0;16.0;15.0;-3.0 / 4.0 / 0.0;11.1;9.6;1.5;4;Б;1;/opt/mp-analytics/incoming/gab/Изи.xlsx;Данные по картриджам!r751;4064fa397384d687b0349dbae769c7d4a21c54bf65a712f6c31981a966b8f971
1155;37.0;20.0;15.0;37.0;25.0;14.0;0.0 / -5.0 / 1.0;11.1;12.95;-1.85;3;В;1;/opt/mp-analytics/incoming/gab/САКУРА АБДУЛ 05.06.xlsx;Лазерная Sakura!r225;ddbb1c580ba3ed878627b3d8dbea6c97710c4682804b2638b792149bf490915a
1157;37.0;20.0;15.0;32.0;10.0;10.0;5.0 / 10.0 / 5.0;11.1;3.2;7.9;1;Б;3;/opt/mp-analytics/incoming/gab/Вся расходка Китай РФ Cactus GG PR.xlsx;Лист1!r3301;d0488dd393f71b9cb95cf51390c2aba1ef902bcac7a8eb2f95247679cc1d25fc
1158;37.0;20.0;15.0;33.1;11.5;10.2;3.9 / 8.5 / 4.8;11.1;3.883;7.217;3;Б;4;/opt/mp-analytics/incoming/gab/САКУРА АБДУЛ 05.06.xlsx;Лазерная Sakura!r1082;ddbb1c580ba3ed878627b3d8dbea6c97710c4682804b2638b792149bf490915a
1159;37.0;20.0;15.0;32.0;11.0;11.0;5.0 / 9.0 / 4.0;11.1;3.872;7.228;3;Б;1;/opt/mp-analytics/incoming/gab/Вся расходка Китай РФ Cactus GG PR.xlsx;Лист1!r261;d0488dd393f71b9cb95cf51390c2aba1ef902bcac7a8eb2f95247679cc1d25fc
1160;37.0;20.0;15.0;32.7;11.4;10.4;4.3 / 8.6 / 4.6;11.1;3.877;7.223;3;Б;1;/opt/mp-analytics/incoming/gab/САКУРА АБДУЛ 05.06.xlsx;Лазерная Sakura!r1086;ddbb1c580ba3ed878627b3d8dbea6c97710c4682804b2638b792149bf490915a
1161;37.0;20.0;15.0;32.7;11.3;10.5;4.3 / 8.7 / 4.5;11.1;3.88;7.22;3;Б;1;/opt/mp-analytics/incoming/gab/САКУРА АБДУЛ 05.06.xlsx;Лазерная Sakura!r1096;ddbb1c580ba3ed878627b3d8dbea6c97710c4682804b2638b792149bf490915a
1163;37.0;20.0;15.0;35.0;13.5;10.7;2.0 / 6.5 / 4.3;11.1;5.056;6.044;4;Б;1;/opt/mp-analytics/incoming/gab/Изи.xlsx;Данные по картриджам!r753;4064fa397384d687b0349dbae769c7d4a21c54bf65a712f6c31981a966b8f971
1164;37.0;20.0;15.0;35.0;13.5;10.7;2.0 / 6.5 / 4.3;11.1;5.056;6.044;4;Б;1;/opt/mp-analytics/incoming/gab/Изи.xlsx;Данные по картриджам!r754;4064fa397384d687b0349dbae769c7d4a21c54bf65a712f6c31981a966b8f971
1165;37.0;20.0;15.0;35.0;13.5;10.7;2.0 / 6.5 / 4.3;11.1;5.056;6.044;3;Б;1;/opt/mp-analytics/incoming/gab/Изи.xlsx;Данные по картриджам!r185;4064fa397384d687b0349dbae769c7d4a21c54bf65a712f6c31981a966b8f971
1166;37.0;20.0;15.0;35.0;13.5;10.7;2.0 / 6.5 / 4.3;11.1;5.056;6.044;4;Б;1;/opt/mp-analytics/incoming/gab/Изи.xlsx;Данные по картриджам!r756;4064fa397384d687b0349dbae769c7d4a21c54bf65a712f6c31981a966b8f971
1168;37.0;20.0;15.0;35.0;14.0;11.0;2.0 / 6.0 / 4.0;11.1;5.39;5.71;3;Б;14;/opt/mp-analytics/incoming/gab/Изи.xlsx;Данные по картриджам!r665;4064fa397384d687b0349dbae769c7d4a21c54bf65a712f6c31981a966b8f971
1169;37.0;20.0;15.0;35.0;25.0;13.0;2.0 / -5.0 / 2.0;11.1;11.375;-0.275;4;В;1;/opt/mp-analytics/incoming/gab/Изи.xlsx;Данные по картриджам!r619;4064fa397384d687b0349dbae769c7d4a21c54bf65a712f6c31981a966b8f971
1170;35.0;16.0;12.0;31.5;10.0;9.5;3.5 / 6.0 / 2.5;6.72;2.993;3.727;2;Б;9;/opt/mp-analytics/incoming/gab/Вся расходка Китай РФ Cactus GG PR.xlsx;Лист1!r48;d0488dd393f71b9cb95cf51390c2aba1ef902bcac7a8eb2f95247679cc1d25fc
1171;37.0;20.0;15.0;35.0;16.0;10.0;2.0 / 4.0 / 5.0;11.1;5.6;5.5;3;Б;1;/opt/mp-analytics/incoming/gab/Изи.xlsx;Данные по картриджам!r2;4064fa397384d687b0349dbae769c7d4a21c54bf65a712f6c31981a966b8f971
1173;37.0;20.0;15.0;34.5;23.5;12.5;2.5 / -3.5 / 2.5;11.1;10.134;0.966;4;Б;3;/opt/mp-analytics/incoming/gab/Изи.xlsx;Данные по картриджам!r669;4064fa397384d687b0349dbae769c7d4a21c54bf65a712f6c31981a966b8f971
1174;37.0;20.0;15.0;37.4;25.2;14.4;-0.4 / -5.2 / 0.6;11.1;13.572;-2.472;3;В;1;/opt/mp-analytics/incoming/gab/САКУРА АБДУЛ 05.06.xlsx;Лазерная Sakura!r209;ddbb1c580ba3ed878627b3d8dbea6c97710c4682804b2638b792149bf490915a
1175;37.0;20.0;15.0;35.2;15.0;12.0;1.8 / 5.0 / 3.0;11.1;6.336;4.764;2;Б;5;/opt/mp-analytics/incoming/gab/САКУРА АБДУЛ 05.06.xlsx;Лазерная Sakura!r210;ddbb1c580ba3ed878627b3d8dbea6c97710c4682804b2638b792149bf490915a
1176;37.0;20.0;15.0;36.0;25.0;13.0;1.0 / -5.0 / 2.0;11.1;11.7;-0.6;3;В;1;/opt/mp-analytics/incoming/gab/Вся расходка Китай РФ Cactus GG PR.xlsx;Лист1!r657;d0488dd393f71b9cb95cf51390c2aba1ef902bcac7a8eb2f95247679cc1d25fc
1177;37.0;20.0;15.0;36.0;25.0;13.0;1.0 / -5.0 / 2.0;11.1;11.7;-0.6;3;В;1;/opt/mp-analytics/incoming/gab/Вся расходка Китай РФ Cactus GG PR.xlsx;Лист1!r656;d0488dd393f71b9cb95cf51390c2aba1ef902bcac7a8eb2f95247679cc1d25fc
1178;37.0;20.0;15.0;37.0;25.0;14.0;0.0 / -5.0 / 1.0;11.1;12.95;-1.85;3;В;1;/opt/mp-analytics/incoming/gab/САКУРА АБДУЛ 05.06.xlsx;Лазерная Sakura!r213;ddbb1c580ba3ed878627b3d8dbea6c97710c4682804b2638b792149bf490915a
1185;37.0;20.0;15.0;35.0;17.1;13.0;2.0 / 2.9 / 2.0;11.1;7.78;3.32;2;Б;2;/opt/mp-analytics/incoming/gab/САКУРА АБДУЛ 05.06.xlsx;Лазерная Sakura!r441;ddbb1c580ba3ed878627b3d8dbea6c97710c4682804b2638b792149bf490915a
1187;37.0;20.0;15.0;33.9;19.8;9.3;3.1 / 0.2 / 5.7;11.1;6.242;4.858;1;Б;3;/opt/mp-analytics/incoming/gab/САКУРА АБДУЛ 05.06.xlsx;Лазерная Sakura!r628;ddbb1c580ba3ed878627b3d8dbea6c97710c4682804b2638b792149bf490915a
1189;37.0;20.0;15.0;35.2;16.5;12.2;1.8 / 3.5 / 2.8;11.1;7.086;4.014;2;Б;2;/opt/mp-analytics/incoming/gab/Вся расходка Китай РФ Cactus GG PR.xlsx;Лист1!r510;d0488dd393f71b9cb95cf51390c2aba1ef902bcac7a8eb2f95247679cc1d25fc
1190;37.0;20.0;15.0;34.5;23.5;12.5;2.5 / -3.5 / 2.5;11.1;10.134;0.966;3;Б;3;/opt/mp-analytics/incoming/gab/Изи.xlsx;Данные по картриджам!r88;4064fa397384d687b0349dbae769c7d4a21c54bf65a712f6c31981a966b8f971
1191;37.0;20.0;15.0;32.0;19.0;11.0;5.0 / 1.0 / 4.0;11.1;6.688;4.412;4;Б;7;/opt/mp-analytics/incoming/gab/Изи.xlsx;Данные по картриджам!r89;4064fa397384d687b0349dbae769c7d4a21c54bf65a712f6c31981a966b8f971
1192;37.0;20.0;15.0;37.0;25.0;14.0;0.0 / -5.0 / 1.0;11.1;12.95;-1.85;3;В;1;/opt/mp-analytics/incoming/gab/САКУРА АБДУЛ 05.06.xlsx;Лазерная Sakura!r254;ddbb1c580ba3ed878627b3d8dbea6c97710c4682804b2638b792149bf490915a
1193;37.0;20.0;15.0;35.0;27.0;15.5;2.0 / -7.0 / -0.5;11.1;14.648;-3.548;4;В;6;/opt/mp-analytics/incoming/gab/Изи.xlsx;Данные по картриджам!r110;4064fa397384d687b0349dbae769c7d4a21c54bf65a712f6c31981a966b8f971
1194;37.0;20.0;15.0;55.0;17.5;11.0;-18.0 / 2.5 / 4.0;11.1;10.588;0.512;3;Б;2;/opt/mp-analytics/incoming/gab/Вся расходка Китай РФ Cactus GG PR.xlsx;Лист1!r835;d0488dd393f71b9cb95cf51390c2aba1ef902bcac7a8eb2f95247679cc1d25fc
1195;37.0;20.0;15.0;58.0;19.0;13.0;-21.0 / 1.0 / 2.0;11.1;14.326;-3.226;3;В;1;/opt/mp-analytics/incoming/gab/Вся расходка Китай РФ Cactus GG PR.xlsx;Лист1!r2101;d0488dd393f71b9cb95cf51390c2aba1ef902bcac7a8eb2f95247679cc1d25fc
1196;37.0;20.0;15.0;58.0;19.0;13.0;-21.0 / 1.0 / 2.0;11.1;14.326;-3.226;3;В;1;/opt/mp-analytics/incoming/gab/Вся расходка Китай РФ Cactus GG PR.xlsx;Лист1!r2099;d0488dd393f71b9cb95cf51390c2aba1ef902bcac7a8eb2f95247679cc1d25fc
1197;37.0;20.0;15.0;58.0;19.0;13.0;-21.0 / 1.0 / 2.0;11.1;14.326;-3.226;3;В;1;/opt/mp-analytics/incoming/gab/Вся расходка Китай РФ Cactus GG PR.xlsx;Лист1!r2093;d0488dd393f71b9cb95cf51390c2aba1ef902bcac7a8eb2f95247679cc1d25fc
1200;37.0;20.0;15.0;35.4;13.4;10.9;1.6 / 6.6 / 4.1;11.1;5.171;5.929;1;Б;3;/opt/mp-analytics/incoming/gab/САКУРА АБДУЛ 05.06.xlsx;Лазерная Sakura!r754;ddbb1c580ba3ed878627b3d8dbea6c97710c4682804b2638b792149bf490915a
1201;37.0;20.0;15.0;35.6;13.6;10.7;1.4 / 6.4 / 4.3;11.1;5.181;5.919;1;Б;1;/opt/mp-analytics/incoming/gab/САКУРА АБДУЛ 05.06.xlsx;Лазерная Sakura!r755;ddbb1c580ba3ed878627b3d8dbea6c97710c4682804b2638b792149bf490915a
1202;37.0;20.0;15.0;33.4;17.2;9.4;3.6 / 2.8 / 5.6;11.1;5.4;5.7;1;Б;1;/opt/mp-analytics/incoming/gab/САКУРА АБДУЛ 05.06.xlsx;Лазерная Sakura!r756;ddbb1c580ba3ed878627b3d8dbea6c97710c4682804b2638b792149bf490915a
1203;37.0;20.0;15.0;35.7;13.5;10.8;1.3 / 6.5 / 4.2;11.1;5.205;5.895;1;Б;1;/opt/mp-analytics/incoming/gab/САКУРА АБДУЛ 05.06.xlsx;Лазерная Sakura!r757;ddbb1c580ba3ed878627b3d8dbea6c97710c4682804b2638b792149bf490915a
1205;37.0;20.0;15.0;55.0;17.5;11.0;-18.0 / 2.5 / 4.0;11.1;10.588;0.512;3;Б;4;/opt/mp-analytics/incoming/gab/Вся расходка Китай РФ Cactus GG PR.xlsx;Лист1!r839;d0488dd393f71b9cb95cf51390c2aba1ef902bcac7a8eb2f95247679cc1d25fc
1206;37.0;20.0;15.0;55.0;17.5;11.0;-18.0 / 2.5 / 4.0;11.1;10.588;0.512;3;Б;1;/opt/mp-analytics/incoming/gab/Вся расходка Китай РФ Cactus GG PR.xlsx;Лист1!r838;d0488dd393f71b9cb95cf51390c2aba1ef902bcac7a8eb2f95247679cc1d25fc
1207;37.0;20.0;15.0;55.0;17.5;11.0;-18.0 / 2.5 / 4.0;11.1;10.588;0.512;3;Б;1;/opt/mp-analytics/incoming/gab/Вся расходка Китай РФ Cactus GG PR.xlsx;Лист1!r837;d0488dd393f71b9cb95cf51390c2aba1ef902bcac7a8eb2f95247679cc1d25fc
1208;37.0;20.0;15.0;55.0;17.5;11.0;-18.0 / 2.5 / 4.0;11.1;10.588;0.512;3;Б;1;/opt/mp-analytics/incoming/gab/Вся расходка Китай РФ Cactus GG PR.xlsx;Лист1!r836;d0488dd393f71b9cb95cf51390c2aba1ef902bcac7a8eb2f95247679cc1d25fc
1210;37.0;20.0;15.0;46.0;17.5;11.0;-9.0 / 2.5 / 4.0;11.1;8.855;2.245;3;Б;5;/opt/mp-analytics/incoming/gab/Вся расходка Китай РФ Cactus GG PR.xlsx;Лист1!r3046;d0488dd393f71b9cb95cf51390c2aba1ef902bcac7a8eb2f95247679cc1d25fc
1211;37.0;20.0;15.0;46.0;17.5;11.0;-9.0 / 2.5 / 4.0;11.1;8.855;2.245;4;Б;1;/opt/mp-analytics/incoming/gab/Вся расходка Китай РФ Cactus GG PR.xlsx;Лист1!r3047;d0488dd393f71b9cb95cf51390c2aba1ef902bcac7a8eb2f95247679cc1d25fc
1212;37.0;20.0;15.0;46.0;17.5;11.0;-9.0 / 2.5 / 4.0;11.1;8.855;2.245;4;Б;1;/opt/mp-analytics/incoming/gab/Вся расходка Китай РФ Cactus GG PR.xlsx;Лист1!r3049;d0488dd393f71b9cb95cf51390c2aba1ef902bcac7a8eb2f95247679cc1d25fc
1213;37.0;20.0;15.0;46.0;17.5;11.0;-9.0 / 2.5 / 4.0;11.1;8.855;2.245;4;Б;1;/opt/mp-analytics/incoming/gab/Вся расходка Китай РФ Cactus GG PR.xlsx;Лист1!r3048;d0488dd393f71b9cb95cf51390c2aba1ef902bcac7a8eb2f95247679cc1d25fc
1216;37.0;20.0;15.0;34.5;23.5;12.5;2.5 / -3.5 / 2.5;11.1;10.134;0.966;3;Б;2;/opt/mp-analytics/incoming/gab/Изи.xlsx;Данные по картриджам!r267;4064fa397384d687b0349dbae769c7d4a21c54bf65a712f6c31981a966b8f971
1218;15.0;10.0;8.0;9.0;8.0;4.7;6.0 / 2.0 / 3.3;1.2;0.338;0.862;2;Б;4;/opt/mp-analytics/incoming/gab/Вся расходка Китай РФ Cactus GG PR.xlsx;Лист1!r984;d0488dd393f71b9cb95cf51390c2aba1ef902bcac7a8eb2f95247679cc1d25fc
1219;15.0;10.0;8.0;10.5;8.0;2.5;4.5 / 2.0 / 5.5;1.2;0.21;0.99;2;Б;1;/opt/mp-analytics/incoming/gab/Изи.xlsx;Данные по картриджам!r360;4064fa397384d687b0349dbae769c7d4a21c54bf65a712f6c31981a966b8f971
1220;15.0;10.0;8.0;10.5;8.0;2.5;4.5 / 2.0 / 5.5;1.2;0.21;0.99;2;Б;1;/opt/mp-analytics/incoming/gab/Изи.xlsx;Данные по картриджам!r361;4064fa397384d687b0349dbae769c7d4a21c54bf65a712f6c31981a966b8f971
1221;15.0;10.0;8.0;12.0;11.0;2.0;3.0 / -1.0 / 6.0;1.2;0.264;0.936;2;Б;1;/opt/mp-analytics/incoming/gab/Изи.xlsx;Данные по картриджам!r362;4064fa397384d687b0349dbae769c7d4a21c54bf65a712f6c31981a966b8f971
1228;15.0;10.0;8.0;12.0;9.5;2.5;3.0 / 0.5 / 5.5;1.2;0.285;0.915;3;Б;1;/opt/mp-analytics/incoming/gab/Изи.xlsx;Данные по картриджам!r364;4064fa397384d687b0349dbae769c7d4a21c54bf65a712f6c31981a966b8f971
1229;15.0;10.0;8.0;12.0;9.5;2.5;3.0 / 0.5 / 5.5;1.2;0.285;0.915;3;Б;1;/opt/mp-analytics/incoming/gab/Изи.xlsx;Данные по картриджам!r365;4064fa397384d687b0349dbae769c7d4a21c54bf65a712f6c31981a966b8f971
1230;15.0;10.0;8.0;12.0;9.5;2.5;3.0 / 0.5 / 5.5;1.2;0.285;0.915;3;Б;1;/opt/mp-analytics/incoming/gab/Изи.xlsx;Данные по картриджам!r366;4064fa397384d687b0349dbae769c7d4a21c54bf65a712f6c31981a966b8f971
1231;15.0;10.0;8.0;12.0;9.5;2.5;3.0 / 0.5 / 5.5;1.2;0.285;0.915;4;Б;3;/opt/mp-analytics/incoming/gab/Изи.xlsx;Данные по картриджам!r367;4064fa397384d687b0349dbae769c7d4a21c54bf65a712f6c31981a966b8f971
1232;15.0;10.0;8.0;11.0;8.0;5.5;4.0 / 2.0 / 2.5;1.2;0.484;0.716;2;Б;3;/opt/mp-analytics/incoming/gab/Изи.xlsx;Данные по картриджам!r1433;4064fa397384d687b0349dbae769c7d4a21c54bf65a712f6c31981a966b8f971
1233;15.0;10.0;8.0;12.0;9.0;2.5;3.0 / 1.0 / 5.5;1.2;0.27;0.93;2;Б;9;/opt/mp-analytics/incoming/gab/Изи.xlsx;Данные по картриджам!r368;4064fa397384d687b0349dbae769c7d4a21c54bf65a712f6c31981a966b8f971
1234;15.0;10.0;8.0;12.0;9.0;2.5;3.0 / 1.0 / 5.5;1.2;0.27;0.93;3;Б;1;/opt/mp-analytics/incoming/gab/Изи.xlsx;Данные по картриджам!r369;4064fa397384d687b0349dbae769c7d4a21c54bf65a712f6c31981a966b8f971
1235;15.0;10.0;8.0;12.0;9.0;2.5;3.0 / 1.0 / 5.5;1.2;0.27;0.93;3;Б;1;/opt/mp-analytics/incoming/gab/Изи.xlsx;Данные по картриджам!r370;4064fa397384d687b0349dbae769c7d4a21c54bf65a712f6c31981a966b8f971
1236;15.0;10.0;8.0;12.0;9.0;2.5;3.0 / 1.0 / 5.5;1.2;0.27;0.93;3;Б;1;/opt/mp-analytics/incoming/gab/Изи.xlsx;Данные по картриджам!r371;4064fa397384d687b0349dbae769c7d4a21c54bf65a712f6c31981a966b8f971
1238;10.0;8.0;5.0;14.5;9.5;4.8;-4.5 / -1.5 / 0.2;0.4;0.661;-0.261;3;В;17;/opt/mp-analytics/incoming/gab/Вся расходка Китай РФ Cactus GG PR.xlsx;Лист1!r1375;d0488dd393f71b9cb95cf51390c2aba1ef902bcac7a8eb2f95247679cc1d25fc
1239;10.0;8.0;5.0;14.5;9.5;4.8;-4.5 / -1.5 / 0.2;0.4;0.661;-0.261;3;В;1;/opt/mp-analytics/incoming/gab/Вся расходка Китай РФ Cactus GG PR.xlsx;Лист1!r1379;d0488dd393f71b9cb95cf51390c2aba1ef902bcac7a8eb2f95247679cc1d25fc
1240;10.0;8.0;5.0;14.5;9.5;4.8;-4.5 / -1.5 / 0.2;0.4;0.661;-0.261;3;В;1;/opt/mp-analytics/incoming/gab/Вся расходка Китай РФ Cactus GG PR.xlsx;Лист1!r1378;d0488dd393f71b9cb95cf51390c2aba1ef902bcac7a8eb2f95247679cc1d25fc
1241;10.0;8.0;5.0;14.5;9.5;4.8;-4.5 / -1.5 / 0.2;0.4;0.661;-0.261;3;В;1;/opt/mp-analytics/incoming/gab/Вся расходка Китай РФ Cactus GG PR.xlsx;Лист1!r1377;d0488dd393f71b9cb95cf51390c2aba1ef902bcac7a8eb2f95247679cc1d25fc
1242;10.0;8.0;5.0;14.5;9.5;4.8;-4.5 / -1.5 / 0.2;0.4;0.661;-0.261;3;В;1;/opt/mp-analytics/incoming/gab/Вся расходка Китай РФ Cactus GG PR.xlsx;Лист1!r1380;d0488dd393f71b9cb95cf51390c2aba1ef902bcac7a8eb2f95247679cc1d25fc
1253;8.0;5.0;5.0;9.2;5.2;2.9;-1.2 / -0.2 / 2.1;0.2;0.139;0.061;3;Б;1;/opt/mp-analytics/incoming/gab/Изи.xlsx;Данные по картриджам!r947;4064fa397384d687b0349dbae769c7d4a21c54bf65a712f6c31981a966b8f971
1276;34.0;13.0;10.0;33.0;16.5;11.0;1.0 / -3.5 / -1.0;4.42;5.989;-1.569;2;В;2;/opt/mp-analytics/incoming/gab/Вся расходка Китай РФ Cactus GG PR.xlsx;Лист1!r3274;d0488dd393f71b9cb95cf51390c2aba1ef902bcac7a8eb2f95247679cc1d25fc
1277;37.0;20.0;15.0;32.2;11.4;10.4;4.8 / 8.6 / 4.6;11.1;3.818;7.282;1;Б;1;/opt/mp-analytics/incoming/gab/САКУРА АБДУЛ 05.06.xlsx;Лазерная Sakura!r1033;ddbb1c580ba3ed878627b3d8dbea6c97710c4682804b2638b792149bf490915a
1278;37.0;20.0;15.0;35.0;13.5;10.7;2.0 / 6.5 / 4.3;11.1;5.056;6.044;3;Б;1;/opt/mp-analytics/incoming/gab/Изи.xlsx;Данные по картриджам!r860;4064fa397384d687b0349dbae769c7d4a21c54bf65a712f6c31981a966b8f971
1279;37.0;20.0;15.0;34.5;23.5;12.5;2.5 / -3.5 / 2.5;11.1;10.134;0.966;4;Б;7;/opt/mp-analytics/incoming/gab/Изи.xlsx;Данные по картриджам!r757;4064fa397384d687b0349dbae769c7d4a21c54bf65a712f6c31981a966b8f971
1280;37.0;20.0;15.0;34.5;23.5;12.5;2.5 / -3.5 / 2.5;11.1;10.134;0.966;4;Б;1;/opt/mp-analytics/incoming/gab/Изи.xlsx;Данные по картриджам!r759;4064fa397384d687b0349dbae769c7d4a21c54bf65a712f6c31981a966b8f971
1281;37.0;20.0;15.0;34.5;23.5;12.5;2.5 / -3.5 / 2.5;11.1;10.134;0.966;4;Б;1;/opt/mp-analytics/incoming/gab/Изи.xlsx;Данные по картриджам!r761;4064fa397384d687b0349dbae769c7d4a21c54bf65a712f6c31981a966b8f971
1282;37.0;20.0;15.0;34.5;23.5;12.5;2.5 / -3.5 / 2.5;11.1;10.134;0.966;4;Б;1;/opt/mp-analytics/incoming/gab/Изи.xlsx;Данные по картриджам!r763;4064fa397384d687b0349dbae769c7d4a21c54bf65a712f6c31981a966b8f971
1285;35.0;16.0;12.0;37.0;25.0;15.0;-2.0 / -9.0 / -3.0;6.72;13.875;-7.155;2;В;9;/opt/mp-analytics/incoming/gab/Изи.xlsx;Данные по картриджам!r647;4064fa397384d687b0349dbae769c7d4a21c54bf65a712f6c31981a966b8f971
1286;37.0;20.0;15.0;37.0;25.0;15.0;0.0 / -5.0 / 0.0;11.1;13.875;-2.775;3;В;7;/opt/mp-analytics/incoming/gab/Изи.xlsx;Данные по картриджам!r1049;4064fa397384d687b0349dbae769c7d4a21c54bf65a712f6c31981a966b8f971
1287;37.0;20.0;15.0;35.5;20.8;11.5;1.5 / -0.8 / 3.5;11.1;8.492;2.608;3;Б;5;/opt/mp-analytics/incoming/gab/САКУРА АБДУЛ 05.06.xlsx;Лазерная Sakura!r347;ddbb1c580ba3ed878627b3d8dbea6c97710c4682804b2638b792149bf490915a
1288;37.0;20.0;15.0;45.1;8.8;8.8;-8.1 / 11.2 / 6.2;11.1;3.493;7.607;1;Б;7;/opt/mp-analytics/incoming/gab/САКУРА АБДУЛ 05.06.xlsx;Лазерная Sakura!r1197;ddbb1c580ba3ed878627b3d8dbea6c97710c4682804b2638b792149bf490915a
1289;37.0;20.0;15.0;34.5;23.5;12.5;2.5 / -3.5 / 2.5;11.1;10.134;0.966;2;Б;4;/opt/mp-analytics/incoming/gab/Изи.xlsx;Данные по картриджам!r59;4064fa397384d687b0349dbae769c7d4a21c54bf65a712f6c31981a966b8f971
1290;37.0;20.0;15.0;33.4;16.8;12.8;3.6 / 3.2 / 2.2;11.1;7.182;3.918;1;Б;2;/opt/mp-analytics/incoming/gab/САКУРА АБДУЛ 05.06.xlsx;Лазерная Sakura!r479;ddbb1c580ba3ed878627b3d8dbea6c97710c4682804b2638b792149bf490915a
1292;37.0;20.0;15.0;37.0;9.0;9.0;0.0 / 11.0 / 6.0;11.1;2.997;8.103;1;Б;5;/opt/mp-analytics/incoming/gab/Вся расходка Китай РФ Cactus GG PR.xlsx;Лист1!r3642;d0488dd393f71b9cb95cf51390c2aba1ef902bcac7a8eb2f95247679cc1d25fc
1293;37.0;20.0;15.0;37.0;9.0;9.0;0.0 / 11.0 / 6.0;11.1;2.997;8.103;3;Б;4;/opt/mp-analytics/incoming/gab/Вся расходка Китай РФ Cactus GG PR.xlsx;Лист1!r2509;d0488dd393f71b9cb95cf51390c2aba1ef902bcac7a8eb2f95247679cc1d25fc
1295;37.0;20.0;15.0;31.5;13.5;13.5;5.5 / 6.5 / 1.5;11.1;5.741;5.359;2;Б;2;/opt/mp-analytics/incoming/gab/Вся расходка Китай РФ Cactus GG PR.xlsx;Лист1!r590;d0488dd393f71b9cb95cf51390c2aba1ef902bcac7a8eb2f95247679cc1d25fc
1296;37.0;20.0;15.0;33.2;16.8;12.3;3.8 / 3.2 / 2.7;11.1;6.86;4.24;4;Б;4;/opt/mp-analytics/incoming/gab/САКУРА АБДУЛ 05.06.xlsx;Лазерная Sakura!r550;ddbb1c580ba3ed878627b3d8dbea6c97710c4682804b2638b792149bf490915a
1297;37.0;20.0;15.0;33.2;16.8;12.3;3.8 / 3.2 / 2.7;11.1;6.86;4.24;3;Б;1;/opt/mp-analytics/incoming/gab/САКУРА АБДУЛ 05.06.xlsx;Лазерная Sakura!r551;ddbb1c580ba3ed878627b3d8dbea6c97710c4682804b2638b792149bf490915a
1298;37.0;20.0;15.0;33.2;16.8;12.3;3.8 / 3.2 / 2.7;11.1;6.86;4.24;4;Б;1;/opt/mp-analytics/incoming/gab/САКУРА АБДУЛ 05.06.xlsx;Лазерная Sakura!r553;ddbb1c580ba3ed878627b3d8dbea6c97710c4682804b2638b792149bf490915a
1299;37.0;20.0;15.0;33.2;16.8;12.3;3.8 / 3.2 / 2.7;11.1;6.86;4.24;4;Б;1;/opt/mp-analytics/incoming/gab/САКУРА АБДУЛ 05.06.xlsx;Лазерная Sakura!r552;ddbb1c580ba3ed878627b3d8dbea6c97710c4682804b2638b792149bf490915a
1300;37.0;20.0;15.0;32.5;16.5;12.0;4.5 / 3.5 / 3.0;11.1;6.435;4.665;3;Б;1;/opt/mp-analytics/incoming/gab/САКУРА АБДУЛ 05.06.xlsx;Лазерная Sakura!r567;ddbb1c580ba3ed878627b3d8dbea6c97710c4682804b2638b792149bf490915a
1301;37.0;20.0;15.0;33.0;17.0;12.0;4.0 / 3.0 / 3.0;11.1;6.732;4.368;3;Б;4;/opt/mp-analytics/incoming/gab/САКУРА АБДУЛ 05.06.xlsx;Лазерная Sakura!r566;ddbb1c580ba3ed878627b3d8dbea6c97710c4682804b2638b792149bf490915a
1302;37.0;20.0;15.0;32.5;16.5;12.0;4.5 / 3.5 / 3.0;11.1;6.435;4.665;3;Б;1;/opt/mp-analytics/incoming/gab/САКУРА АБДУЛ 05.06.xlsx;Лазерная Sakura!r568;ddbb1c580ba3ed878627b3d8dbea6c97710c4682804b2638b792149bf490915a
1303;37.0;20.0;15.0;32.5;16.5;12.0;4.5 / 3.5 / 3.0;11.1;6.435;4.665;3;Б;1;/opt/mp-analytics/incoming/gab/САКУРА АБДУЛ 05.06.xlsx;Лазерная Sakura!r569;ddbb1c580ba3ed878627b3d8dbea6c97710c4682804b2638b792149bf490915a
1305;37.0;20.0;15.0;33.0;16.8;12.5;4.0 / 3.2 / 2.5;11.1;6.93;4.17;2;Б;19;/opt/mp-analytics/incoming/gab/САКУРА АБДУЛ 05.06.xlsx;Лазерная Sakura!r530;ddbb1c580ba3ed878627b3d8dbea6c97710c4682804b2638b792149bf490915a
1306;37.0;20.0;15.0;44.0;17.0;13.0;-7.0 / 3.0 / 2.0;11.1;9.724;1.376;4;Б;3;/opt/mp-analytics/incoming/gab/Изи.xlsx;Данные по картриджам!r826;4064fa397384d687b0349dbae769c7d4a21c54bf65a712f6c31981a966b8f971
1307;37.0;20.0;15.0;33.1;17.1;13.1;3.9 / 2.9 / 1.9;11.1;7.415;3.685;3;Б;5;/opt/mp-analytics/incoming/gab/САКУРА АБДУЛ 05.06.xlsx;Лазерная Sakura!r81;ddbb1c580ba3ed878627b3d8dbea6c97710c4682804b2638b792149bf490915a
1308;37.0;20.0;15.0;32.0;15.5;14.0;5.0 / 4.5 / 1.0;11.1;6.944;4.156;3;Б;3;/opt/mp-analytics/incoming/gab/Вся расходка Китай РФ Cactus GG PR.xlsx;Лист1!r2339;d0488dd393f71b9cb95cf51390c2aba1ef902bcac7a8eb2f95247679cc1d25fc
1309;37.0;20.0;15.0;37.8;25.2;14.6;-0.8 / -5.2 / 0.4;11.1;13.907;-2.807;2;В;1;/opt/mp-analytics/incoming/gab/САКУРА АБДУЛ 05.06.xlsx;Лазерная Sakura!r74;ddbb1c580ba3ed878627b3d8dbea6c97710c4682804b2638b792149bf490915a
1310;37.0;20.0;15.0;50.0;20.0;16.0;-13.0 / 0.0 / -1.0;11.1;16.0;-4.9;4;В;5;/opt/mp-analytics/incoming/gab/Изи.xlsx;Данные по картриджам!r827;4064fa397384d687b0349dbae769c7d4a21c54bf65a712f6c31981a966b8f971
1311;37.0;20.0;15.0;32.0;15.5;14.0;5.0 / 4.5 / 1.0;11.1;6.944;4.156;1;Б;7;/opt/mp-analytics/incoming/gab/Вся расходка Китай РФ Cactus GG PR.xlsx;Лист1!r2343;d0488dd393f71b9cb95cf51390c2aba1ef902bcac7a8eb2f95247679cc1d25fc
1312;37.0;20.0;15.0;45.0;18.2;13.6;-8.0 / 1.8 / 1.4;11.1;11.138;-0.038;3;В;4;/opt/mp-analytics/incoming/gab/Изи.xlsx;Данные по картриджам!r828;4064fa397384d687b0349dbae769c7d4a21c54bf65a712f6c31981a966b8f971
1316;37.0;20.0;15.0;33.8;20.1;8.9;3.2 / -0.1 / 6.1;11.1;6.046;5.054;1;Б;3;/opt/mp-analytics/incoming/gab/САКУРА АБДУЛ 05.06.xlsx;Лазерная Sakura!r654;ddbb1c580ba3ed878627b3d8dbea6c97710c4682804b2638b792149bf490915a
1317;37.0;20.0;15.0;29.2;8.0;7.6;7.8 / 12.0 / 7.4;11.1;1.775;9.325;1;Б;2;/opt/mp-analytics/incoming/gab/САКУРА АБДУЛ 05.06.xlsx;Лазерная Sakura!r189;ddbb1c580ba3ed878627b3d8dbea6c97710c4682804b2638b792149bf490915a
1318;37.0;20.0;15.0;31.5;8.5;7.5;5.5 / 11.5 / 7.5;11.1;2.008;9.092;2;Б;1;/opt/mp-analytics/incoming/gab/Изи.xlsx;Данные по картриджам!r1087;4064fa397384d687b0349dbae769c7d4a21c54bf65a712f6c31981a966b8f971
1319;37.0;20.0;15.0;28.8;7.9;7.6;8.2 / 12.1 / 7.4;11.1;1.729;9.371;1;Б;6;/opt/mp-analytics/incoming/gab/САКУРА АБДУЛ 05.06.xlsx;Лазерная Sakura!r1270;ddbb1c580ba3ed878627b3d8dbea6c97710c4682804b2638b792149bf490915a
1320;37.0;20.0;15.0;31.5;8.5;7.5;5.5 / 11.5 / 7.5;11.1;2.008;9.092;2;Б;5;/opt/mp-analytics/incoming/gab/Изи.xlsx;Данные по картриджам!r1088;4064fa397384d687b0349dbae769c7d4a21c54bf65a712f6c31981a966b8f971
1321;37.0;20.0;15.0;34.0;20.0;8.7;3.0 / 0.0 / 6.3;11.1;5.916;5.184;1;Б;1;/opt/mp-analytics/incoming/gab/САКУРА АБДУЛ 05.06.xlsx;Лазерная Sakura!r444;ddbb1c580ba3ed878627b3d8dbea6c97710c4682804b2638b792149bf490915a
1322;37.0;20.0;15.0;35.0;20.0;11.0;2.0 / 0.0 / 4.0;11.1;7.7;3.4;1;Б;5;/opt/mp-analytics/incoming/gab/САКУРА АБДУЛ 05.06.xlsx;Лазерная Sakura!r445;ddbb1c580ba3ed878627b3d8dbea6c97710c4682804b2638b792149bf490915a
1323;37.0;20.0;15.0;30.4;7.0;6.3;6.6 / 13.0 / 8.7;11.1;1.341;9.759;2;Б;13;/opt/mp-analytics/incoming/gab/САКУРА АБДУЛ 05.06.xlsx;Лазерная Sakura!r655;ddbb1c580ba3ed878627b3d8dbea6c97710c4682804b2638b792149bf490915a
1324;37.0;20.0;15.0;35.0;20.0;11.0;2.0 / 0.0 / 4.0;11.1;7.7;3.4;3;Б;4;/opt/mp-analytics/incoming/gab/САКУРА АБДУЛ 05.06.xlsx;Лазерная Sakura!r455;ddbb1c580ba3ed878627b3d8dbea6c97710c4682804b2638b792149bf490915a
1325;37.0;20.0;15.0;34.5;23.5;12.5;2.5 / -3.5 / 2.5;11.1;10.134;0.966;4;Б;5;/opt/mp-analytics/incoming/gab/Изи.xlsx;Данные по картриджам!r268;4064fa397384d687b0349dbae769c7d4a21c54bf65a712f6c31981a966b8f971
1327;37.0;20.0;15.0;34.5;23.6;12.5;2.5 / -3.6 / 2.5;11.1;10.178;0.922;4;Б;1;/opt/mp-analytics/incoming/gab/Изи.xlsx;Данные по картриджам!r293;4064fa397384d687b0349dbae769c7d4a21c54bf65a712f6c31981a966b8f971
1328;37.0;20.0;15.0;34.5;23.5;12.5;2.5 / -3.5 / 2.5;11.1;10.134;0.966;4;Б;6;/opt/mp-analytics/incoming/gab/Изи.xlsx;Данные по картриджам!r292;4064fa397384d687b0349dbae769c7d4a21c54bf65a712f6c31981a966b8f971
1329;37.0;20.0;15.0;34.5;23.7;12.5;2.5 / -3.7 / 2.5;11.1;10.221;0.879;4;Б;1;/opt/mp-analytics/incoming/gab/Изи.xlsx;Данные по картриджам!r294;4064fa397384d687b0349dbae769c7d4a21c54bf65a712f6c31981a966b8f971
1330;37.0;20.0;15.0;34.5;23.8;12.5;2.5 / -3.8 / 2.5;11.1;10.264;0.836;4;Б;1;/opt/mp-analytics/incoming/gab/Изи.xlsx;Данные по картриджам!r295;4064fa397384d687b0349dbae769c7d4a21c54bf65a712f6c31981a966b8f971
1333;37.0;20.0;15.0;48.0;11.5;11.0;-11.0 / 8.5 / 4.0;11.1;6.072;5.028;1;Б;9;/opt/mp-analytics/incoming/gab/Изи.xlsx;Данные по картриджам!r313;4064fa397384d687b0349dbae769c7d4a21c54bf65a712f6c31981a966b8f971
1341;37.0;20.0;15.0;55.0;9.5;9.5;-18.0 / 10.5 / 5.5;11.1;4.964;6.136;3;Б;4;/opt/mp-analytics/incoming/gab/Вся расходка Китай РФ Cactus GG PR.xlsx;Лист1!r3743;d0488dd393f71b9cb95cf51390c2aba1ef902bcac7a8eb2f95247679cc1d25fc
1342;37.0;20.0;15.0;55.0;9.5;9.5;-18.0 / 10.5 / 5.5;11.1;4.964;6.136;3;Б;1;/opt/mp-analytics/incoming/gab/Вся расходка Китай РФ Cactus GG PR.xlsx;Лист1!r3746;d0488dd393f71b9cb95cf51390c2aba1ef902bcac7a8eb2f95247679cc1d25fc
1343;37.0;20.0;15.0;55.0;9.5;9.5;-18.0 / 10.5 / 5.5;11.1;4.964;6.136;3;Б;1;/opt/mp-analytics/incoming/gab/Вся расходка Китай РФ Cactus GG PR.xlsx;Лист1!r3745;d0488dd393f71b9cb95cf51390c2aba1ef902bcac7a8eb2f95247679cc1d25fc
1344;37.0;20.0;15.0;55.0;9.5;9.5;-18.0 / 10.5 / 5.5;11.1;4.964;6.136;3;Б;1;/opt/mp-analytics/incoming/gab/Вся расходка Китай РФ Cactus GG PR.xlsx;Лист1!r3744;d0488dd393f71b9cb95cf51390c2aba1ef902bcac7a8eb2f95247679cc1d25fc
1349;37.0;20.0;15.0;37.0;25.0;14.0;0.0 / -5.0 / 1.0;11.1;12.95;-1.85;1;В;1;/opt/mp-analytics/incoming/gab/САКУРА АБДУЛ 05.06.xlsx;Лазерная Sakura!r262;ddbb1c580ba3ed878627b3d8dbea6c97710c4682804b2638b792149bf490915a
1355;37.0;20.0;15.0;32.5;12.0;11.0;4.5 / 8.0 / 4.0;11.1;4.29;6.81;2;Б;1;/opt/mp-analytics/incoming/gab/САКУРА АБДУЛ 05.06.xlsx;Лазерная Sakura!r973;ddbb1c580ba3ed878627b3d8dbea6c97710c4682804b2638b792149bf490915a
1356;37.0;20.0;15.0;32.5;12.0;11.0;4.5 / 8.0 / 4.0;11.1;4.29;6.81;2;Б;1;/opt/mp-analytics/incoming/gab/САКУРА АБДУЛ 05.06.xlsx;Лазерная Sakura!r974;ddbb1c580ba3ed878627b3d8dbea6c97710c4682804b2638b792149bf490915a
1357;37.0;20.0;15.0;32.5;12.0;11.0;4.5 / 8.0 / 4.0;11.1;4.29;6.81;2;Б;1;/opt/mp-analytics/incoming/gab/САКУРА АБДУЛ 05.06.xlsx;Лазерная Sakura!r975;ddbb1c580ba3ed878627b3d8dbea6c97710c4682804b2638b792149bf490915a
1358;37.0;20.0;15.0;32.5;12.0;11.0;4.5 / 8.0 / 4.0;11.1;4.29;6.81;2;Б;1;/opt/mp-analytics/incoming/gab/САКУРА АБДУЛ 05.06.xlsx;Лазерная Sakura!r976;ddbb1c580ba3ed878627b3d8dbea6c97710c4682804b2638b792149bf490915a
1359;37.0;20.0;15.0;35.0;27.0;15.0;2.0 / -7.0 / 0.0;11.1;14.175;-3.075;3;В;1;/opt/mp-analytics/incoming/gab/Вся расходка Китай РФ Cactus GG PR.xlsx;Лист1!r59;d0488dd393f71b9cb95cf51390c2aba1ef902bcac7a8eb2f95247679cc1d25fc
1361;37.0;20.0;15.0;32.0;11.0;11.0;5.0 / 9.0 / 4.0;11.1;3.872;7.228;2;Б;1;/opt/mp-analytics/incoming/gab/Вся расходка Китай РФ Cactus GG PR.xlsx;Лист1!r327;d0488dd393f71b9cb95cf51390c2aba1ef902bcac7a8eb2f95247679cc1d25fc
1362;37.0;20.0;15.0;34.8;16.3;12.6;2.2 / 3.7 / 2.4;11.1;7.147;3.953;2;Б;2;/opt/mp-analytics/incoming/gab/Вся расходка Китай РФ Cactus GG PR.xlsx;Лист1!r484;d0488dd393f71b9cb95cf51390c2aba1ef902bcac7a8eb2f95247679cc1d25fc
1363;37.0;20.0;15.0;17.7;7.2;6.8;19.3 / 12.8 / 8.2;11.1;0.867;10.233;2;Б;1;/opt/mp-analytics/incoming/gab/САКУРА АБДУЛ 05.06.xlsx;Лазерная Sakura!r1276;ddbb1c580ba3ed878627b3d8dbea6c97710c4682804b2638b792149bf490915a
1364;37.0;20.0;15.0;17.6;7.1;7.0;19.4 / 12.9 / 8.0;11.1;0.875;10.225;2;Б;1;/opt/mp-analytics/incoming/gab/САКУРА АБДУЛ 05.06.xlsx;Лазерная Sakura!r1277;ddbb1c580ba3ed878627b3d8dbea6c97710c4682804b2638b792149bf490915a
1365;37.0;20.0;15.0;17.7;7.2;6.7;19.3 / 12.8 / 8.3;11.1;0.854;10.246;2;Б;1;/opt/mp-analytics/incoming/gab/САКУРА АБДУЛ 05.06.xlsx;Лазерная Sakura!r1278;ddbb1c580ba3ed878627b3d8dbea6c97710c4682804b2638b792149bf490915a
1366;37.0;20.0;15.0;16.7;10.4;10.1;20.3 / 9.6 / 4.9;11.1;1.754;9.346;2;Б;5;/opt/mp-analytics/incoming/gab/САКУРА АБДУЛ 05.06.xlsx;Лазерная Sakura!r1279;ddbb1c580ba3ed878627b3d8dbea6c97710c4682804b2638b792149bf490915a
1367;37.0;20.0;15.0;35.0;13.5;10.7;2.0 / 6.5 / 4.3;11.1;5.056;6.044;4;Б;3;/opt/mp-analytics/incoming/gab/Изи.xlsx;Данные по картриджам!r318;4064fa397384d687b0349dbae769c7d4a21c54bf65a712f6c31981a966b8f971
1368;37.0;20.0;15.0;37.2;25.8;11.9;-0.2 / -5.8 / 3.1;11.1;11.421;-0.321;3;В;1;/opt/mp-analytics/incoming/gab/САКУРА АБДУЛ 05.06.xlsx;Лазерная Sakura!r335;ddbb1c580ba3ed878627b3d8dbea6c97710c4682804b2638b792149bf490915a
1369;37.0;20.0;15.0;38.2;33.6;18.1;-1.2 / -13.6 / -3.1;11.1;23.232;-12.132;3;В;2;/opt/mp-analytics/incoming/gab/САКУРА АБДУЛ 05.06.xlsx;Лазерная Sakura!r46;ddbb1c580ba3ed878627b3d8dbea6c97710c4682804b2638b792149bf490915a
1371;37.0;20.0;15.0;34.0;19.5;13.0;3.0 / 0.5 / 2.0;11.1;8.619;2.481;3;Б;1;/opt/mp-analytics/incoming/gab/Вся расходка Китай РФ Cactus GG PR.xlsx;Лист1!r355;d0488dd393f71b9cb95cf51390c2aba1ef902bcac7a8eb2f95247679cc1d25fc
1372;37.0;20.0;15.0;35.0;20.0;16.0;2.0 / 0.0 / -1.0;11.1;11.2;-0.1;3;А;4;/opt/mp-analytics/incoming/gab/Изи.xlsx;Данные по картриджам!r895;4064fa397384d687b0349dbae769c7d4a21c54bf65a712f6c31981a966b8f971
1375;37.0;20.0;15.0;47.0;24.0;16.0;-10.0 / -4.0 / -1.0;11.1;18.048;-6.948;2;В;5;/opt/mp-analytics/incoming/gab/Вся расходка Китай РФ Cactus GG PR.xlsx;Лист1!r4328;d0488dd393f71b9cb95cf51390c2aba1ef902bcac7a8eb2f95247679cc1d25fc
1376;37.0;20.0;15.0;30.6;9.0;8.8;6.4 / 11.0 / 6.2;11.1;2.424;8.676;1;Б;3;/opt/mp-analytics/incoming/gab/САКУРА АБДУЛ 05.06.xlsx;Лазерная Sakura!r1244;ddbb1c580ba3ed878627b3d8dbea6c97710c4682804b2638b792149bf490915a
1377;37.0;20.0;15.0;30.0;11.0;10.0;7.0 / 9.0 / 5.0;11.1;3.3;7.8;3;Б;9;/opt/mp-analytics/incoming/gab/Изи.xlsx;Данные по картриджам!r114;4064fa397384d687b0349dbae769c7d4a21c54bf65a712f6c31981a966b8f971
1380;37.0;20.0;15.0;30.3;11.3;10.0;6.7 / 8.7 / 5.0;11.1;3.424;7.676;2;Б;4;/opt/mp-analytics/incoming/gab/САКУРА АБДУЛ 05.06.xlsx;Лазерная Sakura!r559;ddbb1c580ba3ed878627b3d8dbea6c97710c4682804b2638b792149bf490915a
1381;37.0;20.0;15.0;33.0;11.5;10.4;4.0 / 8.5 / 4.6;11.1;3.947;7.153;2;Б;1;/opt/mp-analytics/incoming/gab/САКУРА АБДУЛ 05.06.xlsx;Лазерная Sakura!r1055;ddbb1c580ba3ed878627b3d8dbea6c97710c4682804b2638b792149bf490915a
1382;37.0;20.0;15.0;33.0;11.5;10.5;4.0 / 8.5 / 4.5;11.1;3.985;7.115;2;Б;1;/opt/mp-analytics/incoming/gab/Вся расходка Китай РФ Cactus GG PR.xlsx;Лист1!r2;d0488dd393f71b9cb95cf51390c2aba1ef902bcac7a8eb2f95247679cc1d25fc
1383;37.0;20.0;15.0;33.0;11.5;10.4;4.0 / 8.5 / 4.6;11.1;3.947;7.153;2;Б;1;/opt/mp-analytics/incoming/gab/САКУРА АБДУЛ 05.06.xlsx;Лазерная Sakura!r1057;ddbb1c580ba3ed878627b3d8dbea6c97710c4682804b2638b792149bf490915a
1389;37.0;20.0;15.0;32.0;11.0;11.0;5.0 / 9.0 / 4.0;11.1;3.872;7.228;1;Б;3;/opt/mp-analytics/incoming/gab/Вся расходка Китай РФ Cactus GG PR.xlsx;Лист1!r140;d0488dd393f71b9cb95cf51390c2aba1ef902bcac7a8eb2f95247679cc1d25fc
1395;37.0;20.0;15.0;50.7;22.2;16.0;-13.7 / -2.2 / -1.0;11.1;18.009;-6.909;2;В;2;/opt/mp-analytics/incoming/gab/Изи.xlsx;Данные по картриджам!r1270;4064fa397384d687b0349dbae769c7d4a21c54bf65a712f6c31981a966b8f971
1404;37.0;20.0;15.0;33.0;17.0;12.0;4.0 / 3.0 / 3.0;11.1;6.732;4.368;2;Б;3;/opt/mp-analytics/incoming/gab/САКУРА АБДУЛ 05.06.xlsx;Лазерная Sakura!r570;ddbb1c580ba3ed878627b3d8dbea6c97710c4682804b2638b792149bf490915a
1405;37.0;20.0;15.0;32.5;16.5;12.0;4.5 / 3.5 / 3.0;11.1;6.435;4.665;2;Б;1;/opt/mp-analytics/incoming/gab/САКУРА АБДУЛ 05.06.xlsx;Лазерная Sakura!r571;ddbb1c580ba3ed878627b3d8dbea6c97710c4682804b2638b792149bf490915a
1406;37.0;20.0;15.0;32.5;16.5;12.0;4.5 / 3.5 / 3.0;11.1;6.435;4.665;2;Б;1;/opt/mp-analytics/incoming/gab/САКУРА АБДУЛ 05.06.xlsx;Лазерная Sakura!r572;ddbb1c580ba3ed878627b3d8dbea6c97710c4682804b2638b792149bf490915a
1407;37.0;20.0;15.0;32.5;16.5;12.0;4.5 / 3.5 / 3.0;11.1;6.435;4.665;2;Б;1;/opt/mp-analytics/incoming/gab/САКУРА АБДУЛ 05.06.xlsx;Лазерная Sakura!r573;ddbb1c580ba3ed878627b3d8dbea6c97710c4682804b2638b792149bf490915a
1410;37.0;20.0;15.0;32.5;16.5;12.0;4.5 / 3.5 / 3.0;11.1;6.435;4.665;1;Б;1;/opt/mp-analytics/incoming/gab/САКУРА АБДУЛ 05.06.xlsx;Лазерная Sakura!r621;ddbb1c580ba3ed878627b3d8dbea6c97710c4682804b2638b792149bf490915a
1412;37.0;20.0;15.0;51.0;16.5;13.0;-14.0 / 3.5 / 2.0;11.1;10.94;0.16;2;Б;5;/opt/mp-analytics/incoming/gab/Вся расходка Китай РФ Cactus GG PR.xlsx;Лист1!r602;d0488dd393f71b9cb95cf51390c2aba1ef902bcac7a8eb2f95247679cc1d25fc
1413;37.0;20.0;15.0;51.0;16.5;13.0;-14.0 / 3.5 / 2.0;11.1;10.94;0.16;2;Б;1;/opt/mp-analytics/incoming/gab/Вся расходка Китай РФ Cactus GG PR.xlsx;Лист1!r601;d0488dd393f71b9cb95cf51390c2aba1ef902bcac7a8eb2f95247679cc1d25fc
1414;37.0;20.0;15.0;51.0;16.5;13.0;-14.0 / 3.5 / 2.0;11.1;10.94;0.16;3;Б;1;/opt/mp-analytics/incoming/gab/Вся расходка Китай РФ Cactus GG PR.xlsx;Лист1!r599;d0488dd393f71b9cb95cf51390c2aba1ef902bcac7a8eb2f95247679cc1d25fc
1415;37.0;20.0;15.0;51.0;16.5;13.0;-14.0 / 3.5 / 2.0;11.1;10.94;0.16;2;Б;1;/opt/mp-analytics/incoming/gab/Вся расходка Китай РФ Cactus GG PR.xlsx;Лист1!r600;d0488dd393f71b9cb95cf51390c2aba1ef902bcac7a8eb2f95247679cc1d25fc
1416;37.0;20.0;15.0;33.9;12.8;9.5;3.1 / 7.2 / 5.5;11.1;4.122;6.978;1;Б;2;/opt/mp-analytics/incoming/gab/САКУРА АБДУЛ 05.06.xlsx;Лазерная Sakura!r443;ddbb1c580ba3ed878627b3d8dbea6c97710c4682804b2638b792149bf490915a
1425;37.0;20.0;15.0;29.0;8.5;8.5;8.0 / 11.5 / 6.5;11.1;2.095;9.005;1;Б;1;/opt/mp-analytics/incoming/gab/Вся расходка Китай РФ Cactus GG PR.xlsx;Лист1!r211;d0488dd393f71b9cb95cf51390c2aba1ef902bcac7a8eb2f95247679cc1d25fc
1429;37.0;20.0;15.0;43.8;7.7;7.5;-6.8 / 12.3 / 7.5;11.1;2.529;8.571;2;Б;3;/opt/mp-analytics/incoming/gab/САКУРА АБДУЛ 05.06.xlsx;Лазерная Sakura!r1231;ddbb1c580ba3ed878627b3d8dbea6c97710c4682804b2638b792149bf490915a
1430;37.0;20.0;15.0;33.7;20.1;9.0;3.3 / -0.1 / 6.0;11.1;6.096;5.004;3;Б;5;/opt/mp-analytics/incoming/gab/САКУРА АБДУЛ 05.06.xlsx;Лазерная Sakura!r629;ddbb1c580ba3ed878627b3d8dbea6c97710c4682804b2638b792149bf490915a
1434;37.0;20.0;15.0;48.0;11.5;11.0;-11.0 / 8.5 / 4.0;11.1;6.072;5.028;2;Б;9;/opt/mp-analytics/incoming/gab/Изи.xlsx;Данные по картриджам!r314;4064fa397384d687b0349dbae769c7d4a21c54bf65a712f6c31981a966b8f971
1438;37.0;20.0;15.0;46.0;10.0;10.0;-9.0 / 10.0 / 5.0;11.1;4.6;6.5;1;Б;3;/opt/mp-analytics/incoming/gab/САКУРА АБДУЛ 05.06.xlsx;Лазерная Sakura!r949;ddbb1c580ba3ed878627b3d8dbea6c97710c4682804b2638b792149bf490915a
1444;10.0;10.0;10.0;15.0;14.0;5.5;-5.0 / -4.0 / 4.5;1.0;1.155;-0.155;1;В;1;/opt/mp-analytics/incoming/gab/Изи.xlsx;Данные по картриджам!r1182;4064fa397384d687b0349dbae769c7d4a21c54bf65a712f6c31981a966b8f971
1445;10.0;8.0;5.0;9.0;5.0;3.5;1.0 / 3.0 / 1.5;0.4;0.158;0.242;3;Б;3;/opt/mp-analytics/incoming/gab/Вся расходка Китай РФ Cactus GG PR.xlsx;Лист1!r1202;d0488dd393f71b9cb95cf51390c2aba1ef902bcac7a8eb2f95247679cc1d25fc
1446;15.0;10.0;8.0;11.0;5.2;2.9;4.0 / 4.8 / 5.1;1.2;0.166;1.034;4;Б;8;/opt/mp-analytics/incoming/gab/Изи.xlsx;Данные по картриджам!r402;4064fa397384d687b0349dbae769c7d4a21c54bf65a712f6c31981a966b8f971
1447;10.0;8.0;5.0;11.0;5.2;2.9;-1.0 / 2.8 / 2.1;0.4;0.166;0.234;3;Б;1;/opt/mp-analytics/incoming/gab/Изи.xlsx;Данные по картриджам!r403;4064fa397384d687b0349dbae769c7d4a21c54bf65a712f6c31981a966b8f971
1448;10.0;8.0;5.0;11.0;5.2;2.9;-1.0 / 2.8 / 2.1;0.4;0.166;0.234;4;Б;1;/opt/mp-analytics/incoming/gab/Изи.xlsx;Данные по картриджам!r404;4064fa397384d687b0349dbae769c7d4a21c54bf65a712f6c31981a966b8f971
1449;10.0;8.0;5.0;11.0;5.2;2.9;-1.0 / 2.8 / 2.1;0.4;0.166;0.234;4;Б;1;/opt/mp-analytics/incoming/gab/Изи.xlsx;Данные по картриджам!r405;4064fa397384d687b0349dbae769c7d4a21c54bf65a712f6c31981a966b8f971
1450;10.0;8.0;5.0;11.0;5.2;2.9;-1.0 / 2.8 / 2.1;0.4;0.166;0.234;3;Б;1;/opt/mp-analytics/incoming/gab/Изи.xlsx;Данные по картриджам!r932;4064fa397384d687b0349dbae769c7d4a21c54bf65a712f6c31981a966b8f971
1456;8.0;5.0;5.0;9.0;8.0;4.0;-1.0 / -3.0 / 1.0;0.2;0.288;-0.088;1;В;11;/opt/mp-analytics/incoming/gab/Изи.xlsx;Данные по картриджам!r378;4064fa397384d687b0349dbae769c7d4a21c54bf65a712f6c31981a966b8f971
1457;10.0;8.0;5.0;9.0;5.0;3.5;1.0 / 3.0 / 1.5;0.4;0.158;0.242;2;Б;3;/opt/mp-analytics/incoming/gab/Вся расходка Китай РФ Cactus GG PR.xlsx;Лист1!r1282;d0488dd393f71b9cb95cf51390c2aba1ef902bcac7a8eb2f95247679cc1d25fc
1458;8.0;5.0;5.0;11.2;5.0;3.3;-3.2 / 0.0 / 1.7;0.2;0.185;0.015;1;Б;1;/opt/mp-analytics/incoming/gab/Вся расходка Китай РФ Cactus GG PR.xlsx;Лист1!r2758;d0488dd393f71b9cb95cf51390c2aba1ef902bcac7a8eb2f95247679cc1d25fc
1460;10.0;8.0;5.0;7.8;5.8;3.0;2.2 / 2.2 / 2.0;0.4;0.136;0.264;2;Б;4;/opt/mp-analytics/incoming/gab/Изи.xlsx;Данные по картриджам!r483;4064fa397384d687b0349dbae769c7d4a21c54bf65a712f6c31981a966b8f971
1466;15.0;10.0;8.0;13.0;7.5;4.2;2.0 / 2.5 / 3.8;1.2;0.409;0.791;1;Б;3;/opt/mp-analytics/incoming/gab/Вся расходка Китай РФ Cactus GG PR.xlsx;Лист1!r1220;d0488dd393f71b9cb95cf51390c2aba1ef902bcac7a8eb2f95247679cc1d25fc
1467;15.0;10.0;8.0;10.5;8.0;2.5;4.5 / 2.0 / 5.5;1.2;0.21;0.99;2;Б;1;/opt/mp-analytics/incoming/gab/Изи.xlsx;Данные по картриджам!r1193;4064fa397384d687b0349dbae769c7d4a21c54bf65a712f6c31981a966b8f971
1468;15.0;10.0;8.0;10.5;8.0;2.5;4.5 / 2.0 / 5.5;1.2;0.21;0.99;2;Б;1;/opt/mp-analytics/incoming/gab/Изи.xlsx;Данные по картриджам!r1194;4064fa397384d687b0349dbae769c7d4a21c54bf65a712f6c31981a966b8f971
1469;15.0;10.0;8.0;10.5;8.0;2.5;4.5 / 2.0 / 5.5;1.2;0.21;0.99;2;Б;1;/opt/mp-analytics/incoming/gab/Изи.xlsx;Данные по картриджам!r1195;4064fa397384d687b0349dbae769c7d4a21c54bf65a712f6c31981a966b8f971
1476;10.0;8.0;5.0;7.0;5.0;3.0;3.0 / 3.0 / 2.0;0.4;0.105;0.295;2;Б;4;/opt/mp-analytics/incoming/gab/Вся расходка Китай РФ Cactus GG PR.xlsx;Лист1!r1204;d0488dd393f71b9cb95cf51390c2aba1ef902bcac7a8eb2f95247679cc1d25fc
1477;10.0;8.0;5.0;7.0;5.0;3.0;3.0 / 3.0 / 2.0;0.4;0.105;0.295;2;Б;3;/opt/mp-analytics/incoming/gab/Вся расходка Китай РФ Cactus GG PR.xlsx;Лист1!r1203;d0488dd393f71b9cb95cf51390c2aba1ef902bcac7a8eb2f95247679cc1d25fc
1478;8.0;5.0;5.0;9.0;8.0;4.0;-1.0 / -3.0 / 1.0;0.2;0.288;-0.088;1;В;1;/opt/mp-analytics/incoming/gab/Изи.xlsx;Данные по картриджам!r372;4064fa397384d687b0349dbae769c7d4a21c54bf65a712f6c31981a966b8f971
1483;8.0;5.0;5.0;21.7;5.0;2.8;-13.7 / 0.0 / 2.2;0.2;0.304;-0.104;3;В;7;/opt/mp-analytics/incoming/gab/Вся расходка Китай РФ Cactus GG PR.xlsx;Лист1!r2774;d0488dd393f71b9cb95cf51390c2aba1ef902bcac7a8eb2f95247679cc1d25fc
1484;8.0;5.0;5.0;21.7;5.0;2.8;-13.7 / 0.0 / 2.2;0.2;0.304;-0.104;3;В;1;/opt/mp-analytics/incoming/gab/Вся расходка Китай РФ Cactus GG PR.xlsx;Лист1!r2775;d0488dd393f71b9cb95cf51390c2aba1ef902bcac7a8eb2f95247679cc1d25fc
1485;8.0;5.0;5.0;28.5;12.5;3.5;-20.5 / -7.5 / 1.5;0.2;1.247;-1.047;3;В;1;/opt/mp-analytics/incoming/gab/Вся расходка Китай РФ Cactus GG PR.xlsx;Лист1!r2776;d0488dd393f71b9cb95cf51390c2aba1ef902bcac7a8eb2f95247679cc1d25fc
1486;8.0;5.0;5.0;28.5;12.5;3.5;-20.5 / -7.5 / 1.5;0.2;1.247;-1.047;3;В;1;/opt/mp-analytics/incoming/gab/Вся расходка Китай РФ Cactus GG PR.xlsx;Лист1!r2777;d0488dd393f71b9cb95cf51390c2aba1ef902bcac7a8eb2f95247679cc1d25fc
1487;8.0;5.0;5.0;14.5;9.0;3.0;-6.5 / -4.0 / 2.0;0.2;0.392;-0.192;3;В;7;/opt/mp-analytics/incoming/gab/Изи.xlsx;Данные по картриджам!r1200;4064fa397384d687b0349dbae769c7d4a21c54bf65a712f6c31981a966b8f971
1488;8.0;5.0;5.0;11.5;9.0;2.0;-3.5 / -4.0 / 3.0;0.2;0.207;-0.007;3;В;1;/opt/mp-analytics/incoming/gab/Изи.xlsx;Данные по картриджам!r1201;4064fa397384d687b0349dbae769c7d4a21c54bf65a712f6c31981a966b8f971
1489;8.0;5.0;5.0;11.5;9.0;2.0;-3.5 / -4.0 / 3.0;0.2;0.207;-0.007;3;В;1;/opt/mp-analytics/incoming/gab/Изи.xlsx;Данные по картриджам!r1202;4064fa397384d687b0349dbae769c7d4a21c54bf65a712f6c31981a966b8f971
1490;8.0;5.0;5.0;11.5;9.0;2.0;-3.5 / -4.0 / 3.0;0.2;0.207;-0.007;3;В;1;/opt/mp-analytics/incoming/gab/Изи.xlsx;Данные по картриджам!r1203;4064fa397384d687b0349dbae769c7d4a21c54bf65a712f6c31981a966b8f971
1503;8.0;5.0;5.0;10.2;5.0;2.5;-2.2 / 0.0 / 2.5;0.2;0.128;0.072;1;Б;1;/opt/mp-analytics/incoming/gab/Вся расходка Китай РФ Cactus GG PR.xlsx;Лист1!r1298;d0488dd393f71b9cb95cf51390c2aba1ef902bcac7a8eb2f95247679cc1d25fc
1515;37.0;20.0;15.0;34.2;21.0;12.2;2.8 / -1.0 / 2.8;11.1;8.762;2.338;1;Б;8;/opt/mp-analytics/incoming/gab/Вся расходка Китай РФ Cactus GG PR.xlsx;Лист1!r145;d0488dd393f71b9cb95cf51390c2aba1ef902bcac7a8eb2f95247679cc1d25fc
1516;37.0;20.0;15.0;34.2;21.0;12.2;2.8 / -1.0 / 2.8;11.1;8.762;2.338;1;Б;1;/opt/mp-analytics/incoming/gab/Вся расходка Китай РФ Cactus GG PR.xlsx;Лист1!r144;d0488dd393f71b9cb95cf51390c2aba1ef902bcac7a8eb2f95247679cc1d25fc
1517;37.0;20.0;15.0;34.2;21.0;12.2;2.8 / -1.0 / 2.8;11.1;8.762;2.338;1;Б;1;/opt/mp-analytics/incoming/gab/Вся расходка Китай РФ Cactus GG PR.xlsx;Лист1!r143;d0488dd393f71b9cb95cf51390c2aba1ef902bcac7a8eb2f95247679cc1d25fc
1518;37.0;20.0;15.0;34.2;21.0;12.2;2.8 / -1.0 / 2.8;11.1;8.762;2.338;1;Б;1;/opt/mp-analytics/incoming/gab/Вся расходка Китай РФ Cactus GG PR.xlsx;Лист1!r142;d0488dd393f71b9cb95cf51390c2aba1ef902bcac7a8eb2f95247679cc1d25fc
1519;37.0;20.0;15.0;32.0;18.7;10.0;5.0 / 1.3 / 5.0;11.1;5.984;5.116;1;Б;3;/opt/mp-analytics/incoming/gab/Вся расходка Китай РФ Cactus GG PR.xlsx;Лист1!r774;d0488dd393f71b9cb95cf51390c2aba1ef902bcac7a8eb2f95247679cc1d25fc
1525;37.0;20.0;15.0;17.0;15.0;13.0;20.0 / 5.0 / 2.0;11.1;3.315;7.785;1;Б;15;/opt/mp-analytics/incoming/gab/Вся расходка Китай РФ Cactus GG PR.xlsx;Лист1!r809;d0488dd393f71b9cb95cf51390c2aba1ef902bcac7a8eb2f95247679cc1d25fc
1526;37.0;20.0;15.0;15.0;13.0;9.5;22.0 / 7.0 / 5.5;11.1;1.853;9.247;1;Б;1;/opt/mp-analytics/incoming/gab/Вся расходка Китай РФ Cactus GG PR.xlsx;Лист1!r808;d0488dd393f71b9cb95cf51390c2aba1ef902bcac7a8eb2f95247679cc1d25fc
1527;37.0;20.0;15.0;15.0;13.0;9.5;22.0 / 7.0 / 5.5;11.1;1.853;9.247;1;Б;1;/opt/mp-analytics/incoming/gab/Вся расходка Китай РФ Cactus GG PR.xlsx;Лист1!r807;d0488dd393f71b9cb95cf51390c2aba1ef902bcac7a8eb2f95247679cc1d25fc
1528;37.0;20.0;15.0;15.0;13.0;9.5;22.0 / 7.0 / 5.5;11.1;1.853;9.247;1;Б;1;/opt/mp-analytics/incoming/gab/Вся расходка Китай РФ Cactus GG PR.xlsx;Лист1!r806;d0488dd393f71b9cb95cf51390c2aba1ef902bcac7a8eb2f95247679cc1d25fc
1532;10.0;8.0;5.0;14.0;11.0;4.0;-4.0 / -3.0 / 1.0;0.4;0.616;-0.216;2;В;9;/opt/mp-analytics/incoming/gab/Изи.xlsx;Данные по картриджам!r977;4064fa397384d687b0349dbae769c7d4a21c54bf65a712f6c31981a966b8f971
1534;10.0;8.0;5.0;14.0;11.0;4.0;-4.0 / -3.0 / 1.0;0.4;0.616;-0.216;2;В;1;/opt/mp-analytics/incoming/gab/Изи.xlsx;Данные по картриджам!r979;4064fa397384d687b0349dbae769c7d4a21c54bf65a712f6c31981a966b8f971
1535;10.0;8.0;5.0;14.0;11.0;4.0;-4.0 / -3.0 / 1.0;0.4;0.616;-0.216;2;В;1;/opt/mp-analytics/incoming/gab/Изи.xlsx;Данные по картриджам!r980;4064fa397384d687b0349dbae769c7d4a21c54bf65a712f6c31981a966b8f971
1536;15.0;10.0;8.0;9.0;6.8;1.8;6.0 / 3.2 / 6.2;1.2;0.11;1.09;1;Б;9;/opt/mp-analytics/incoming/gab/Вся расходка Китай РФ Cactus GG PR.xlsx;Лист1!r1420;d0488dd393f71b9cb95cf51390c2aba1ef902bcac7a8eb2f95247679cc1d25fc
1540;15.0;10.0;8.0;9.0;6.8;1.8;6.0 / 3.2 / 6.2;1.2;0.11;1.09;2;Б;2;/opt/mp-analytics/incoming/gab/Вся расходка Китай РФ Cactus GG PR.xlsx;Лист1!r1259;d0488dd393f71b9cb95cf51390c2aba1ef902bcac7a8eb2f95247679cc1d25fc
1541;15.0;10.0;8.0;9.0;6.8;1.8;6.0 / 3.2 / 6.2;1.2;0.11;1.09;2;Б;1;/opt/mp-analytics/incoming/gab/Вся расходка Китай РФ Cactus GG PR.xlsx;Лист1!r1258;d0488dd393f71b9cb95cf51390c2aba1ef902bcac7a8eb2f95247679cc1d25fc
1542;10.0;8.0;5.0;9.0;6.8;1.8;1.0 / 1.2 / 3.2;0.4;0.11;0.29;2;Б;1;/opt/mp-analytics/incoming/gab/Вся расходка Китай РФ Cactus GG PR.xlsx;Лист1!r1257;d0488dd393f71b9cb95cf51390c2aba1ef902bcac7a8eb2f95247679cc1d25fc
1543;10.0;8.0;5.0;9.0;6.8;1.8;1.0 / 1.2 / 3.2;0.4;0.11;0.29;2;Б;1;/opt/mp-analytics/incoming/gab/Вся расходка Китай РФ Cactus GG PR.xlsx;Лист1!r1256;d0488dd393f71b9cb95cf51390c2aba1ef902bcac7a8eb2f95247679cc1d25fc
1544;15.0;10.0;8.0;9.0;6.8;1.8;6.0 / 3.2 / 6.2;1.2;0.11;1.09;2;Б;1;/opt/mp-analytics/incoming/gab/Вся расходка Китай РФ Cactus GG PR.xlsx;Лист1!r1255;d0488dd393f71b9cb95cf51390c2aba1ef902bcac7a8eb2f95247679cc1d25fc
1545;10.0;8.0;5.0;9.0;6.8;1.8;1.0 / 1.2 / 3.2;0.4;0.11;0.29;1;Б;1;/opt/mp-analytics/incoming/gab/Вся расходка Китай РФ Cactus GG PR.xlsx;Лист1!r1254;d0488dd393f71b9cb95cf51390c2aba1ef902bcac7a8eb2f95247679cc1d25fc
1546;15.0;10.0;8.0;9.0;6.8;1.8;6.0 / 3.2 / 6.2;1.2;0.11;1.09;2;Б;1;/opt/mp-analytics/incoming/gab/Вся расходка Китай РФ Cactus GG PR.xlsx;Лист1!r1253;d0488dd393f71b9cb95cf51390c2aba1ef902bcac7a8eb2f95247679cc1d25fc
1547;10.0;8.0;5.0;9.0;6.8;1.8;1.0 / 1.2 / 3.2;0.4;0.11;0.29;2;Б;1;/opt/mp-analytics/incoming/gab/Вся расходка Китай РФ Cactus GG PR.xlsx;Лист1!r1252;d0488dd393f71b9cb95cf51390c2aba1ef902bcac7a8eb2f95247679cc1d25fc
1548;15.0;10.0;8.0;9.0;6.8;1.8;6.0 / 3.2 / 6.2;1.2;0.11;1.09;2;Б;1;/opt/mp-analytics/incoming/gab/Вся расходка Китай РФ Cactus GG PR.xlsx;Лист1!r1251;d0488dd393f71b9cb95cf51390c2aba1ef902bcac7a8eb2f95247679cc1d25fc
1550;15.0;10.0;8.0;10.5;6.0;5.0;4.5 / 4.0 / 3.0;1.2;0.315;0.885;2;Б;3;/opt/mp-analytics/incoming/gab/САКУРА АБДУЛ 05.06.xlsx;Струйная Sakura!r46;ddbb1c580ba3ed878627b3d8dbea6c97710c4682804b2638b792149bf490915a
1551;10.0;8.0;5.0;10.0;6.0;3.5;0.0 / 2.0 / 1.5;0.4;0.21;0.19;3;А;1;/opt/mp-analytics/incoming/gab/Изи.xlsx;Данные по картриджам!r596;4064fa397384d687b0349dbae769c7d4a21c54bf65a712f6c31981a966b8f971
1552;10.0;8.0;5.0;10.0;6.0;3.5;0.0 / 2.0 / 1.5;0.4;0.21;0.19;3;А;1;/opt/mp-analytics/incoming/gab/Изи.xlsx;Данные по картриджам!r597;4064fa397384d687b0349dbae769c7d4a21c54bf65a712f6c31981a966b8f971
1553;10.0;8.0;5.0;10.0;6.0;3.5;0.0 / 2.0 / 1.5;0.4;0.21;0.19;3;А;1;/opt/mp-analytics/incoming/gab/Изи.xlsx;Данные по картриджам!r598;4064fa397384d687b0349dbae769c7d4a21c54bf65a712f6c31981a966b8f971
1554;10.0;8.0;5.0;17.5;12.0;5.8;-7.5 / -4.0 / -0.8;0.4;1.218;-0.818;1;В;1;/opt/mp-analytics/incoming/gab/Вся расходка Китай РФ Cactus GG PR.xlsx;Лист1!r1233;d0488dd393f71b9cb95cf51390c2aba1ef902bcac7a8eb2f95247679cc1d25fc
1555;10.0;8.0;5.0;17.5;12.0;5.8;-7.5 / -4.0 / -0.8;0.4;1.218;-0.818;1;В;1;/opt/mp-analytics/incoming/gab/Вся расходка Китай РФ Cactus GG PR.xlsx;Лист1!r1235;d0488dd393f71b9cb95cf51390c2aba1ef902bcac7a8eb2f95247679cc1d25fc
1556;10.0;8.0;5.0;17.5;12.0;5.8;-7.5 / -4.0 / -0.8;0.4;1.218;-0.818;1;В;1;/opt/mp-analytics/incoming/gab/Вся расходка Китай РФ Cactus GG PR.xlsx;Лист1!r1236;d0488dd393f71b9cb95cf51390c2aba1ef902bcac7a8eb2f95247679cc1d25fc
1557;10.0;8.0;5.0;17.5;12.0;5.8;-7.5 / -4.0 / -0.8;0.4;1.218;-0.818;1;В;4;/opt/mp-analytics/incoming/gab/Вся расходка Китай РФ Cactus GG PR.xlsx;Лист1!r1234;d0488dd393f71b9cb95cf51390c2aba1ef902bcac7a8eb2f95247679cc1d25fc
1558;10.0;8.0;5.0;11.5;9.5;4.5;-1.5 / -1.5 / 0.5;0.4;0.492;-0.092;2;А;9;/opt/mp-analytics/incoming/gab/Вся расходка Китай РФ Cactus GG PR.xlsx;Лист1!r1168;d0488dd393f71b9cb95cf51390c2aba1ef902bcac7a8eb2f95247679cc1d25fc
1559;10.0;8.0;5.0;10.0;9.5;2.8;0.0 / -1.5 / 2.2;0.4;0.266;0.134;1;Б;1;/opt/mp-analytics/incoming/gab/Вся расходка Китай РФ Cactus GG PR.xlsx;Лист1!r1151;d0488dd393f71b9cb95cf51390c2aba1ef902bcac7a8eb2f95247679cc1d25fc
1560;10.0;8.0;5.0;10.0;9.5;2.8;0.0 / -1.5 / 2.2;0.4;0.266;0.134;1;Б;1;/opt/mp-analytics/incoming/gab/Вся расходка Китай РФ Cactus GG PR.xlsx;Лист1!r1150;d0488dd393f71b9cb95cf51390c2aba1ef902bcac7a8eb2f95247679cc1d25fc
1561;10.0;8.0;5.0;11.5;9.5;4.5;-1.5 / -1.5 / 0.5;0.4;0.492;-0.092;1;А;1;/opt/mp-analytics/incoming/gab/Вся расходка Китай РФ Cactus GG PR.xlsx;Лист1!r1149;d0488dd393f71b9cb95cf51390c2aba1ef902bcac7a8eb2f95247679cc1d25fc
1562;10.0;8.0;5.0;11.5;9.5;4.5;-1.5 / -1.5 / 0.5;0.4;0.492;-0.092;1;А;1;/opt/mp-analytics/incoming/gab/Вся расходка Китай РФ Cactus GG PR.xlsx;Лист1!r1148;d0488dd393f71b9cb95cf51390c2aba1ef902bcac7a8eb2f95247679cc1d25fc
1563;15.0;10.0;8.0;11.5;9.5;4.5;3.5 / 0.5 / 3.5;1.2;0.492;0.708;1;Б;1;/opt/mp-analytics/incoming/gab/Вся расходка Китай РФ Cactus GG PR.xlsx;Лист1!r1147;d0488dd393f71b9cb95cf51390c2aba1ef902bcac7a8eb2f95247679cc1d25fc
1564;10.0;8.0;5.0;18.0;10.0;5.5;-8.0 / -2.0 / -0.5;0.4;0.99;-0.59;1;В;1;/opt/mp-analytics/incoming/gab/Вся расходка Китай РФ Cactus GG PR.xlsx;Лист1!r1146;d0488dd393f71b9cb95cf51390c2aba1ef902bcac7a8eb2f95247679cc1d25fc
1565;10.0;8.0;5.0;18.0;10.0;5.5;-8.0 / -2.0 / -0.5;0.4;0.99;-0.59;1;В;6;/opt/mp-analytics/incoming/gab/Вся расходка Китай РФ Cactus GG PR.xlsx;Лист1!r1145;d0488dd393f71b9cb95cf51390c2aba1ef902bcac7a8eb2f95247679cc1d25fc
1566;10.0;8.0;5.0;18.0;10.0;5.5;-8.0 / -2.0 / -0.5;0.4;0.99;-0.59;1;В;1;/opt/mp-analytics/incoming/gab/Вся расходка Китай РФ Cactus GG PR.xlsx;Лист1!r1144;d0488dd393f71b9cb95cf51390c2aba1ef902bcac7a8eb2f95247679cc1d25fc
1567;10.0;8.0;5.0;18.0;10.0;5.5;-8.0 / -2.0 / -0.5;0.4;0.99;-0.59;1;В;1;/opt/mp-analytics/incoming/gab/Вся расходка Китай РФ Cactus GG PR.xlsx;Лист1!r1143;d0488dd393f71b9cb95cf51390c2aba1ef902bcac7a8eb2f95247679cc1d25fc
1568;10.0;8.0;5.0;18.0;10.0;5.5;-8.0 / -2.0 / -0.5;0.4;0.99;-0.59;1;В;1;/opt/mp-analytics/incoming/gab/Вся расходка Китай РФ Cactus GG PR.xlsx;Лист1!r1142;d0488dd393f71b9cb95cf51390c2aba1ef902bcac7a8eb2f95247679cc1d25fc
1569;10.0;8.0;5.0;18.0;10.0;5.5;-8.0 / -2.0 / -0.5;0.4;0.99;-0.59;1;В;1;/opt/mp-analytics/incoming/gab/Вся расходка Китай РФ Cactus GG PR.xlsx;Лист1!r1141;d0488dd393f71b9cb95cf51390c2aba1ef902bcac7a8eb2f95247679cc1d25fc
1570;10.0;8.0;5.0;18.0;10.0;5.5;-8.0 / -2.0 / -0.5;0.4;0.99;-0.59;1;В;1;/opt/mp-analytics/incoming/gab/Вся расходка Китай РФ Cactus GG PR.xlsx;Лист1!r1140;d0488dd393f71b9cb95cf51390c2aba1ef902bcac7a8eb2f95247679cc1d25fc
1571;10.0;8.0;5.0;18.0;10.0;5.5;-8.0 / -2.0 / -0.5;0.4;0.99;-0.59;1;В;1;/opt/mp-analytics/incoming/gab/Вся расходка Китай РФ Cactus GG PR.xlsx;Лист1!r989;d0488dd393f71b9cb95cf51390c2aba1ef902bcac7a8eb2f95247679cc1d25fc
1572;10.0;8.0;5.0;22.0;3.0;3.0;-12.0 / 5.0 / 2.0;0.4;0.198;0.202;1;Б;1;/opt/mp-analytics/incoming/gab/Изи.xlsx;Данные по картриджам!r1516;4064fa397384d687b0349dbae769c7d4a21c54bf65a712f6c31981a966b8f971
1573;10.0;8.0;5.0;22.0;3.0;3.0;-12.0 / 5.0 / 2.0;0.4;0.198;0.202;1;Б;1;/opt/mp-analytics/incoming/gab/Изи.xlsx;Данные по картриджам!r1517;4064fa397384d687b0349dbae769c7d4a21c54bf65a712f6c31981a966b8f971
1574;10.0;8.0;5.0;22.0;3.0;3.0;-12.0 / 5.0 / 2.0;0.4;0.198;0.202;1;Б;1;/opt/mp-analytics/incoming/gab/Изи.xlsx;Данные по картриджам!r1518;4064fa397384d687b0349dbae769c7d4a21c54bf65a712f6c31981a966b8f971
1575;10.0;8.0;5.0;22.0;5.0;5.0;-12.0 / 3.0 / 0.0;0.4;0.55;-0.15;1;В;3;/opt/mp-analytics/incoming/gab/Изи.xlsx;Данные по картриджам!r1515;4064fa397384d687b0349dbae769c7d4a21c54bf65a712f6c31981a966b8f971
1597;37.0;20.0;15.0;33.2;16.5;9.5;3.8 / 3.5 / 5.5;11.1;5.204;5.896;1;Б;4;/opt/mp-analytics/incoming/gab/САКУРА АБДУЛ 05.06.xlsx;Лазерная Sakura!r845;ddbb1c580ba3ed878627b3d8dbea6c97710c4682804b2638b792149bf490915a
1602;37.0;20.0;15.0;36.5;27.7;12.2;0.5 / -7.7 / 2.8;11.1;12.335;-1.235;2;В;1;/opt/mp-analytics/incoming/gab/Вся расходка Китай РФ Cactus GG PR.xlsx;Лист1!r952;d0488dd393f71b9cb95cf51390c2aba1ef902bcac7a8eb2f95247679cc1d25fc
1604;37.0;20.0;15.0;37.8;26.0;12.8;-0.8 / -6.0 / 2.2;11.1;12.58;-1.48;2;В;5;/opt/mp-analytics/incoming/gab/САКУРА АБДУЛ 05.06.xlsx;Лазерная Sakura!r268;ddbb1c580ba3ed878627b3d8dbea6c97710c4682804b2638b792149bf490915a
1606;37.0;20.0;15.0;36.5;27.7;12.2;0.5 / -7.7 / 2.8;11.1;12.335;-1.235;2;В;1;/opt/mp-analytics/incoming/gab/Вся расходка Китай РФ Cactus GG PR.xlsx;Лист1!r951;d0488dd393f71b9cb95cf51390c2aba1ef902bcac7a8eb2f95247679cc1d25fc
1608;37.0;20.0;15.0;36.5;27.7;12.2;0.5 / -7.7 / 2.8;11.1;12.335;-1.235;2;В;1;/opt/mp-analytics/incoming/gab/Вся расходка Китай РФ Cactus GG PR.xlsx;Лист1!r950;d0488dd393f71b9cb95cf51390c2aba1ef902bcac7a8eb2f95247679cc1d25fc
1609;37.0;20.0;15.0;33.0;16.5;10.5;4.0 / 3.5 / 4.5;11.1;5.717;5.383;3;Б;1;/opt/mp-analytics/incoming/gab/Вся расходка Китай РФ Cactus GG PR.xlsx;Лист1!r452;d0488dd393f71b9cb95cf51390c2aba1ef902bcac7a8eb2f95247679cc1d25fc
1610;37.0;20.0;15.0;33.5;26.0;12.0;3.5 / -6.0 / 3.0;11.1;10.452;0.648;2;Б;3;/opt/mp-analytics/incoming/gab/Вся расходка Китай РФ Cactus GG PR.xlsx;Лист1!r478;d0488dd393f71b9cb95cf51390c2aba1ef902bcac7a8eb2f95247679cc1d25fc
1612;37.0;20.0;15.0;37.0;25.5;11.5;0.0 / -5.5 / 3.5;11.1;10.85;0.25;2;Б;1;/opt/mp-analytics/incoming/gab/САКУРА АБДУЛ 05.06.xlsx;Лазерная Sakura!r374;ddbb1c580ba3ed878627b3d8dbea6c97710c4682804b2638b792149bf490915a
1614;37.0;20.0;15.0;37.0;25.5;11.5;0.0 / -5.5 / 3.5;11.1;10.85;0.25;3;Б;1;/opt/mp-analytics/incoming/gab/САКУРА АБДУЛ 05.06.xlsx;Лазерная Sakura!r383;ddbb1c580ba3ed878627b3d8dbea6c97710c4682804b2638b792149bf490915a
1615;37.0;20.0;15.0;33.2;17.0;12.0;3.8 / 3.0 / 3.0;11.1;6.773;4.327;2;Б;1;/opt/mp-analytics/incoming/gab/САКУРА АБДУЛ 05.06.xlsx;Лазерная Sakura!r562;ddbb1c580ba3ed878627b3d8dbea6c97710c4682804b2638b792149bf490915a
1616;37.0;20.0;15.0;34.0;19.5;13.0;3.0 / 0.5 / 2.0;11.1;8.619;2.481;2;Б;3;/opt/mp-analytics/incoming/gab/Вся расходка Китай РФ Cactus GG PR.xlsx;Лист1!r149;d0488dd393f71b9cb95cf51390c2aba1ef902bcac7a8eb2f95247679cc1d25fc
1632;37.0;20.0;15.0;33.0;17.0;11.0;4.0 / 3.0 / 4.0;11.1;6.171;4.929;1;Б;1;/opt/mp-analytics/incoming/gab/САКУРА АБДУЛ 05.06.xlsx;Лазерная Sakura!r634;ddbb1c580ba3ed878627b3d8dbea6c97710c4682804b2638b792149bf490915a
1662;37.0;20.0;15.0;57.0;25.0;15.0;-20.0 / -5.0 / 0.0;11.1;21.375;-10.275;1;В;1;/opt/mp-analytics/incoming/gab/Вся расходка Китай РФ Cactus GG PR.xlsx;Лист1!r3296;d0488dd393f71b9cb95cf51390c2aba1ef902bcac7a8eb2f95247679cc1d25fc
1663;37.0;20.0;15.0;57.0;25.0;15.0;-20.0 / -5.0 / 0.0;11.1;21.375;-10.275;2;В;1;/opt/mp-analytics/incoming/gab/Вся расходка Китай РФ Cactus GG PR.xlsx;Лист1!r3297;d0488dd393f71b9cb95cf51390c2aba1ef902bcac7a8eb2f95247679cc1d25fc
1664;37.0;20.0;15.0;51.0;10.5;9.5;-14.0 / 9.5 / 5.5;11.1;5.087;6.013;2;Б;3;/opt/mp-analytics/incoming/gab/Вся расходка Китай РФ Cactus GG PR.xlsx;Лист1!r425;d0488dd393f71b9cb95cf51390c2aba1ef902bcac7a8eb2f95247679cc1d25fc
1665;37.0;20.0;15.0;31.0;10.0;9.5;6.0 / 10.0 / 5.5;11.1;2.945;8.155;3;Б;1;/opt/mp-analytics/incoming/gab/Изи.xlsx;Данные по картриджам!r1567;4064fa397384d687b0349dbae769c7d4a21c54bf65a712f6c31981a966b8f971
1666;37.0;20.0;15.0;30.0;11.0;10.0;7.0 / 9.0 / 5.0;11.1;3.3;7.8;3;Б;9;/opt/mp-analytics/incoming/gab/Изи.xlsx;Данные по картриджам!r115;4064fa397384d687b0349dbae769c7d4a21c54bf65a712f6c31981a966b8f971
1684;37.0;20.0;15.0;51.0;25.0;11.0;-14.0 / -5.0 / 4.0;11.1;14.025;-2.925;2;В;3;/opt/mp-analytics/incoming/gab/Вся расходка Китай РФ Cactus GG PR.xlsx;Лист1!r2450;d0488dd393f71b9cb95cf51390c2aba1ef902bcac7a8eb2f95247679cc1d25fc
1685;37.0;20.0;15.0;46.3;25.0;13.1;-9.3 / -5.0 / 1.9;11.1;15.163;-4.063;2;В;3;/opt/mp-analytics/incoming/gab/САКУРА АБДУЛ 05.06.xlsx;Лазерная Sakura!r114;ddbb1c580ba3ed878627b3d8dbea6c97710c4682804b2638b792149bf490915a
1694;37.0;20.0;15.0;43.0;21.0;15.0;-6.0 / -1.0 / 0.0;11.1;13.545;-2.445;2;В;1;/opt/mp-analytics/incoming/gab/САКУРА АБДУЛ 05.06.xlsx;Лазерная Sakura!r236;ddbb1c580ba3ed878627b3d8dbea6c97710c4682804b2638b792149bf490915a
1695;37.0;20.0;15.0;48.5;14.5;11.5;-11.5 / 5.5 / 3.5;11.1;8.087;3.013;2;Б;2;/opt/mp-analytics/incoming/gab/Вся расходка Китай РФ Cactus GG PR.xlsx;Лист1!r2465;d0488dd393f71b9cb95cf51390c2aba1ef902bcac7a8eb2f95247679cc1d25fc
1696;37.0;20.0;15.0;43.0;21.0;15.0;-6.0 / -1.0 / 0.0;11.1;13.545;-2.445;2;В;1;/opt/mp-analytics/incoming/gab/САКУРА АБДУЛ 05.06.xlsx;Лазерная Sakura!r235;ddbb1c580ba3ed878627b3d8dbea6c97710c4682804b2638b792149bf490915a
1697;37.0;20.0;15.0;43.0;21.0;15.0;-6.0 / -1.0 / 0.0;11.1;13.545;-2.445;2;В;1;/opt/mp-analytics/incoming/gab/САКУРА АБДУЛ 05.06.xlsx;Лазерная Sakura!r237;ddbb1c580ba3ed878627b3d8dbea6c97710c4682804b2638b792149bf490915a
1698;37.0;20.0;15.0;55.0;9.5;9.5;-18.0 / 10.5 / 5.5;11.1;4.964;6.136;2;Б;1;/opt/mp-analytics/incoming/gab/Вся расходка Китай РФ Cactus GG PR.xlsx;Лист1!r731;d0488dd393f71b9cb95cf51390c2aba1ef902bcac7a8eb2f95247679cc1d25fc
1700;37.0;20.0;15.0;55.0;9.5;9.5;-18.0 / 10.5 / 5.5;11.1;4.964;6.136;2;Б;1;/opt/mp-analytics/incoming/gab/Вся расходка Китай РФ Cactus GG PR.xlsx;Лист1!r730;d0488dd393f71b9cb95cf51390c2aba1ef902bcac7a8eb2f95247679cc1d25fc
1702;37.0;20.0;15.0;51.0;14.0;12.0;-14.0 / 6.0 / 3.0;11.1;8.568;2.532;2;Б;1;/opt/mp-analytics/incoming/gab/Вся расходка Китай РФ Cactus GG PR.xlsx;Лист1!r893;d0488dd393f71b9cb95cf51390c2aba1ef902bcac7a8eb2f95247679cc1d25fc
1703;37.0;20.0;15.0;50.0;13.5;13.0;-13.0 / 6.5 / 2.0;11.1;8.775;2.325;2;Б;5;/opt/mp-analytics/incoming/gab/САКУРА АБДУЛ 05.06.xlsx;Лазерная Sakura!r405;ddbb1c580ba3ed878627b3d8dbea6c97710c4682804b2638b792149bf490915a
1704;37.0;20.0;15.0;51.0;14.0;12.0;-14.0 / 6.0 / 3.0;11.1;8.568;2.532;2;Б;1;/opt/mp-analytics/incoming/gab/Вся расходка Китай РФ Cactus GG PR.xlsx;Лист1!r892;d0488dd393f71b9cb95cf51390c2aba1ef902bcac7a8eb2f95247679cc1d25fc
1705;37.0;20.0;15.0;51.0;14.0;12.0;-14.0 / 6.0 / 3.0;11.1;8.568;2.532;2;Б;1;/opt/mp-analytics/incoming/gab/Вся расходка Китай РФ Cactus GG PR.xlsx;Лист1!r891;d0488dd393f71b9cb95cf51390c2aba1ef902bcac7a8eb2f95247679cc1d25fc
1710;37.0;20.0;15.0;50.5;11.5;11.5;-13.5 / 8.5 / 3.5;11.1;6.679;4.421;1;Б;1;/opt/mp-analytics/incoming/gab/Вся расходка Китай РФ Cactus GG PR.xlsx;Лист1!r3573;d0488dd393f71b9cb95cf51390c2aba1ef902bcac7a8eb2f95247679cc1d25fc
1711;37.0;20.0;15.0;50.5;11.5;11.5;-13.5 / 8.5 / 3.5;11.1;6.679;4.421;1;Б;3;/opt/mp-analytics/incoming/gab/Вся расходка Китай РФ Cactus GG PR.xlsx;Лист1!r2493;d0488dd393f71b9cb95cf51390c2aba1ef902bcac7a8eb2f95247679cc1d25fc
1712;37.0;20.0;15.0;50.5;11.5;11.5;-13.5 / 8.5 / 3.5;11.1;6.679;4.421;1;Б;1;/opt/mp-analytics/incoming/gab/Вся расходка Китай РФ Cactus GG PR.xlsx;Лист1!r3574;d0488dd393f71b9cb95cf51390c2aba1ef902bcac7a8eb2f95247679cc1d25fc
1713;37.0;20.0;15.0;50.5;11.5;11.5;-13.5 / 8.5 / 3.5;11.1;6.679;4.421;1;Б;1;/opt/mp-analytics/incoming/gab/Вся расходка Китай РФ Cactus GG PR.xlsx;Лист1!r3575;d0488dd393f71b9cb95cf51390c2aba1ef902bcac7a8eb2f95247679cc1d25fc
1718;29.0;13.0;10.0;33.0;11.5;10.5;-4.0 / 1.5 / -0.5;3.77;3.985;-0.215;4;В;6;/opt/mp-analytics/incoming/gab/САКУРА АБДУЛ 05.06.xlsx;Лазерная Sakura!r279;ddbb1c580ba3ed878627b3d8dbea6c97710c4682804b2638b792149bf490915a
1726;37.0;20.0;15.0;37.7;25.3;14.6;-0.7 / -5.3 / 0.4;11.1;13.926;-2.826;2;В;3;/opt/mp-analytics/incoming/gab/САКУРА АБДУЛ 05.06.xlsx;Лазерная Sakura!r73;ddbb1c580ba3ed878627b3d8dbea6c97710c4682804b2638b792149bf490915a
1727;37.0;20.0;15.0;32.0;15.5;14.0;5.0 / 4.5 / 1.0;11.1;6.944;4.156;3;Б;3;/opt/mp-analytics/incoming/gab/Вся расходка Китай РФ Cactus GG PR.xlsx;Лист1!r2345;d0488dd393f71b9cb95cf51390c2aba1ef902bcac7a8eb2f95247679cc1d25fc
1728;20.0;17.0;15.0;37.7;25.1;14.6;-17.7 / -8.1 / 0.4;5.1;13.816;-8.716;2;В;2;/opt/mp-analytics/incoming/gab/САКУРА АБДУЛ 05.06.xlsx;Лазерная Sakura!r76;ddbb1c580ba3ed878627b3d8dbea6c97710c4682804b2638b792149bf490915a
1729;37.0;20.0;15.0;37.7;25.2;14.6;-0.7 / -5.2 / 0.4;11.1;13.871;-2.771;1;В;5;/opt/mp-analytics/incoming/gab/САКУРА АБДУЛ 05.06.xlsx;Лазерная Sakura!r77;ddbb1c580ba3ed878627b3d8dbea6c97710c4682804b2638b792149bf490915a
1835;37.0;20.0;15.0;33.8;20.2;8.9;3.2 / -0.2 / 6.1;11.1;6.077;5.023;2;Б;5;/opt/mp-analytics/incoming/gab/САКУРА АБДУЛ 05.06.xlsx;Лазерная Sakura!r649;ddbb1c580ba3ed878627b3d8dbea6c97710c4682804b2638b792149bf490915a
1838;37.0;20.0;15.0;35.0;17.2;12.6;2.0 / 2.8 / 2.4;11.1;7.585;3.515;1;Б;3;/opt/mp-analytics/incoming/gab/САКУРА АБДУЛ 05.06.xlsx;Лазерная Sakura!r462;ddbb1c580ba3ed878627b3d8dbea6c97710c4682804b2638b792149bf490915a
1839;37.0;20.0;15.0;35.0;14.9;12.2;2.0 / 5.1 / 2.8;11.1;6.362;4.738;1;Б;1;/opt/mp-analytics/incoming/gab/САКУРА АБДУЛ 05.06.xlsx;Лазерная Sakura!r465;ddbb1c580ba3ed878627b3d8dbea6c97710c4682804b2638b792149bf490915a
1840;37.0;20.0;15.0;35.6;14.7;12.2;1.4 / 5.3 / 2.8;11.1;6.385;4.715;1;Б;1;/opt/mp-analytics/incoming/gab/САКУРА АБДУЛ 05.06.xlsx;Лазерная Sakura!r464;ddbb1c580ba3ed878627b3d8dbea6c97710c4682804b2638b792149bf490915a
1841;37.0;20.0;15.0;34.9;17.2;12.5;2.1 / 2.8 / 2.5;11.1;7.503;3.597;1;Б;1;/opt/mp-analytics/incoming/gab/САКУРА АБДУЛ 05.06.xlsx;Лазерная Sakura!r463;ddbb1c580ba3ed878627b3d8dbea6c97710c4682804b2638b792149bf490915a
1847;56.0;17.0;16.0;51.0;13.5;13.5;5.0 / 3.5 / 2.5;15.232;9.295;5.937;2;Б;1;/opt/mp-analytics/incoming/gab/Вся расходка Китай РФ Cactus GG PR.xlsx;Лист1!r491;d0488dd393f71b9cb95cf51390c2aba1ef902bcac7a8eb2f95247679cc1d25fc
1848;56.0;17.0;16.0;51.0;13.5;13.5;5.0 / 3.5 / 2.5;15.232;9.295;5.937;2;Б;1;/opt/mp-analytics/incoming/gab/Вся расходка Китай РФ Cactus GG PR.xlsx;Лист1!r488;d0488dd393f71b9cb95cf51390c2aba1ef902bcac7a8eb2f95247679cc1d25fc
1849;56.0;17.0;16.0;51.0;13.5;13.5;5.0 / 3.5 / 2.5;15.232;9.295;5.937;2;Б;1;/opt/mp-analytics/incoming/gab/Вся расходка Китай РФ Cactus GG PR.xlsx;Лист1!r490;d0488dd393f71b9cb95cf51390c2aba1ef902bcac7a8eb2f95247679cc1d25fc
1850;56.0;17.0;16.0;51.0;13.5;13.5;5.0 / 3.5 / 2.5;15.232;9.295;5.937;2;Б;1;/opt/mp-analytics/incoming/gab/Вся расходка Китай РФ Cactus GG PR.xlsx;Лист1!r489;d0488dd393f71b9cb95cf51390c2aba1ef902bcac7a8eb2f95247679cc1d25fc
1851;37.0;20.0;15.0;56.0;15.0;14.0;-19.0 / 5.0 / 1.0;11.1;11.76;-0.66;1;В;1;/opt/mp-analytics/incoming/gab/Вся расходка Китай РФ Cactus GG PR.xlsx;Лист1!r690;d0488dd393f71b9cb95cf51390c2aba1ef902bcac7a8eb2f95247679cc1d25fc
1853;37.0;20.0;15.0;35.0;25.0;13.0;2.0 / -5.0 / 2.0;11.1;11.375;-0.275;4;В;1;/opt/mp-analytics/incoming/gab/Изи.xlsx;Данные по картриджам!r620;4064fa397384d687b0349dbae769c7d4a21c54bf65a712f6c31981a966b8f971
1854;37.0;20.0;15.0;37.0;25.5;14.0;0.0 / -5.5 / 1.0;11.1;13.209;-2.109;1;В;1;/opt/mp-analytics/incoming/gab/САКУРА АБДУЛ 05.06.xlsx;Лазерная Sakura!r246;ddbb1c580ba3ed878627b3d8dbea6c97710c4682804b2638b792149bf490915a
1860;37.0;20.0;15.0;20.0;6.5;4.5;17.0 / 13.5 / 10.5;11.1;0.585;10.515;1;Б;1;/opt/mp-analytics/incoming/gab/Вся расходка Китай РФ Cactus GG PR.xlsx;Лист1!r957;d0488dd393f71b9cb95cf51390c2aba1ef902bcac7a8eb2f95247679cc1d25fc
1861;37.0;20.0;15.0;20.0;6.5;4.5;17.0 / 13.5 / 10.5;11.1;0.585;10.515;1;Б;1;/opt/mp-analytics/incoming/gab/Вся расходка Китай РФ Cactus GG PR.xlsx;Лист1!r956;d0488dd393f71b9cb95cf51390c2aba1ef902bcac7a8eb2f95247679cc1d25fc
1862;37.0;20.0;15.0;20.0;6.5;4.5;17.0 / 13.5 / 10.5;11.1;0.585;10.515;1;Б;1;/opt/mp-analytics/incoming/gab/Вся расходка Китай РФ Cactus GG PR.xlsx;Лист1!r955;d0488dd393f71b9cb95cf51390c2aba1ef902bcac7a8eb2f95247679cc1d25fc
1863;37.0;20.0;15.0;20.0;6.5;4.5;17.0 / 13.5 / 10.5;11.1;0.585;10.515;1;Б;2;/opt/mp-analytics/incoming/gab/Вся расходка Китай РФ Cactus GG PR.xlsx;Лист1!r958;d0488dd393f71b9cb95cf51390c2aba1ef902bcac7a8eb2f95247679cc1d25fc
1864;37.0;20.0;15.0;49.0;11.0;10.5;-12.0 / 9.0 / 4.5;11.1;5.66;5.44;2;Б;1;/opt/mp-analytics/incoming/gab/Вся расходка Китай РФ Cactus GG PR.xlsx;Лист1!r3886;d0488dd393f71b9cb95cf51390c2aba1ef902bcac7a8eb2f95247679cc1d25fc
1873;10.0;8.0;5.0;14.5;9.5;4.8;-4.5 / -1.5 / 0.2;0.4;0.661;-0.261;3;В;7;/opt/mp-analytics/incoming/gab/Вся расходка Китай РФ Cactus GG PR.xlsx;Лист1!r1376;d0488dd393f71b9cb95cf51390c2aba1ef902bcac7a8eb2f95247679cc1d25fc
1874;10.0;8.0;5.0;14.5;9.5;4.8;-4.5 / -1.5 / 0.2;0.4;0.661;-0.261;3;В;1;/opt/mp-analytics/incoming/gab/Вся расходка Китай РФ Cactus GG PR.xlsx;Лист1!r1373;d0488dd393f71b9cb95cf51390c2aba1ef902bcac7a8eb2f95247679cc1d25fc
1875;10.0;8.0;5.0;14.5;9.5;4.8;-4.5 / -1.5 / 0.2;0.4;0.661;-0.261;3;В;1;/opt/mp-analytics/incoming/gab/Вся расходка Китай РФ Cactus GG PR.xlsx;Лист1!r1372;d0488dd393f71b9cb95cf51390c2aba1ef902bcac7a8eb2f95247679cc1d25fc
1876;10.0;8.0;5.0;14.5;9.5;4.8;-4.5 / -1.5 / 0.2;0.4;0.661;-0.261;3;В;1;/opt/mp-analytics/incoming/gab/Вся расходка Китай РФ Cactus GG PR.xlsx;Лист1!r1374;d0488dd393f71b9cb95cf51390c2aba1ef902bcac7a8eb2f95247679cc1d25fc
1877;10.0;8.0;5.0;14.5;9.5;4.8;-4.5 / -1.5 / 0.2;0.4;0.661;-0.261;3;В;1;/opt/mp-analytics/incoming/gab/Вся расходка Китай РФ Cactus GG PR.xlsx;Лист1!r1371;d0488dd393f71b9cb95cf51390c2aba1ef902bcac7a8eb2f95247679cc1d25fc
1922;10.0;8.0;5.0;33.5;13.0;5.5;-23.5 / -5.0 / -0.5;0.4;2.395;-1.995;2;В;1;/opt/mp-analytics/incoming/gab/САКУРА АБДУЛ 05.06.xlsx;Струйная Sakura!r275;ddbb1c580ba3ed878627b3d8dbea6c97710c4682804b2638b792149bf490915a
1923;10.0;8.0;5.0;33.5;13.0;5.5;-23.5 / -5.0 / -0.5;0.4;2.395;-1.995;2;В;1;/opt/mp-analytics/incoming/gab/САКУРА АБДУЛ 05.06.xlsx;Струйная Sakura!r276;ddbb1c580ba3ed878627b3d8dbea6c97710c4682804b2638b792149bf490915a
1924;10.0;8.0;5.0;33.5;13.0;5.5;-23.5 / -5.0 / -0.5;0.4;2.395;-1.995;2;В;1;/opt/mp-analytics/incoming/gab/САКУРА АБДУЛ 05.06.xlsx;Струйная Sakura!r277;ddbb1c580ba3ed878627b3d8dbea6c97710c4682804b2638b792149bf490915a
1925;10.0;8.0;5.0;33.5;13.0;5.5;-23.5 / -5.0 / -0.5;0.4;2.395;-1.995;2;В;1;/opt/mp-analytics/incoming/gab/САКУРА АБДУЛ 05.06.xlsx;Струйная Sakura!r278;ddbb1c580ba3ed878627b3d8dbea6c97710c4682804b2638b792149bf490915a
1926;10.0;8.0;5.0;33.5;13.0;5.5;-23.5 / -5.0 / -0.5;0.4;2.395;-1.995;2;В;1;/opt/mp-analytics/incoming/gab/САКУРА АБДУЛ 05.06.xlsx;Струйная Sakura!r279;ddbb1c580ba3ed878627b3d8dbea6c97710c4682804b2638b792149bf490915a
1927;10.0;8.0;5.0;33.5;13.0;5.5;-23.5 / -5.0 / -0.5;0.4;2.395;-1.995;2;В;1;/opt/mp-analytics/incoming/gab/САКУРА АБДУЛ 05.06.xlsx;Струйная Sakura!r280;ddbb1c580ba3ed878627b3d8dbea6c97710c4682804b2638b792149bf490915a
1928;10.0;8.0;5.0;33.5;13.0;5.5;-23.5 / -5.0 / -0.5;0.4;2.395;-1.995;2;В;1;/opt/mp-analytics/incoming/gab/САКУРА АБДУЛ 05.06.xlsx;Струйная Sakura!r281;ddbb1c580ba3ed878627b3d8dbea6c97710c4682804b2638b792149bf490915a
1929;10.0;8.0;5.0;33.5;13.0;5.5;-23.5 / -5.0 / -0.5;0.4;2.395;-1.995;2;В;1;/opt/mp-analytics/incoming/gab/САКУРА АБДУЛ 05.06.xlsx;Струйная Sakura!r282;ddbb1c580ba3ed878627b3d8dbea6c97710c4682804b2638b792149bf490915a
1930;10.0;8.0;5.0;33.5;13.0;5.5;-23.5 / -5.0 / -0.5;0.4;2.395;-1.995;2;В;1;/opt/mp-analytics/incoming/gab/САКУРА АБДУЛ 05.06.xlsx;Струйная Sakura!r283;ddbb1c580ba3ed878627b3d8dbea6c97710c4682804b2638b792149bf490915a
1931;10.0;8.0;5.0;33.5;13.0;5.5;-23.5 / -5.0 / -0.5;0.4;2.395;-1.995;2;В;1;/opt/mp-analytics/incoming/gab/САКУРА АБДУЛ 05.06.xlsx;Струйная Sakura!r284;ddbb1c580ba3ed878627b3d8dbea6c97710c4682804b2638b792149bf490915a
1932;10.0;8.0;5.0;33.5;13.0;5.5;-23.5 / -5.0 / -0.5;0.4;2.395;-1.995;2;В;1;/opt/mp-analytics/incoming/gab/САКУРА АБДУЛ 05.06.xlsx;Струйная Sakura!r285;ddbb1c580ba3ed878627b3d8dbea6c97710c4682804b2638b792149bf490915a
1933;10.0;8.0;5.0;34.5;15.0;6.0;-24.5 / -7.0 / -1.0;0.4;3.105;-2.705;3;В;7;/opt/mp-analytics/incoming/gab/Вся расходка Китай РФ Cactus GG PR.xlsx;Лист1!r1587;d0488dd393f71b9cb95cf51390c2aba1ef902bcac7a8eb2f95247679cc1d25fc
1934;10.0;8.0;5.0;34.5;15.0;6.0;-24.5 / -7.0 / -1.0;0.4;3.105;-2.705;3;В;1;/opt/mp-analytics/incoming/gab/Вся расходка Китай РФ Cactus GG PR.xlsx;Лист1!r1590;d0488dd393f71b9cb95cf51390c2aba1ef902bcac7a8eb2f95247679cc1d25fc
1935;10.0;8.0;5.0;34.5;15.0;6.0;-24.5 / -7.0 / -1.0;0.4;3.105;-2.705;3;В;1;/opt/mp-analytics/incoming/gab/Вся расходка Китай РФ Cactus GG PR.xlsx;Лист1!r1588;d0488dd393f71b9cb95cf51390c2aba1ef902bcac7a8eb2f95247679cc1d25fc
1936;10.0;8.0;5.0;34.5;15.0;6.0;-24.5 / -7.0 / -1.0;0.4;3.105;-2.705;3;В;1;/opt/mp-analytics/incoming/gab/Вся расходка Китай РФ Cactus GG PR.xlsx;Лист1!r1589;d0488dd393f71b9cb95cf51390c2aba1ef902bcac7a8eb2f95247679cc1d25fc
1937;10.0;8.0;5.0;34.5;15.0;6.0;-24.5 / -7.0 / -1.0;0.4;3.105;-2.705;2;В;1;/opt/mp-analytics/incoming/gab/Вся расходка Китай РФ Cactus GG PR.xlsx;Лист1!r1586;d0488dd393f71b9cb95cf51390c2aba1ef902bcac7a8eb2f95247679cc1d25fc
1944;37.0;20.0;15.0;35.0;24.0;12.0;2.0 / -4.0 / 3.0;11.1;10.08;1.02;1;Б;1;/opt/mp-analytics/incoming/gab/Изи.xlsx;Данные по картриджам!r1753;4064fa397384d687b0349dbae769c7d4a21c54bf65a712f6c31981a966b8f971
1945;37.0;20.0;15.0;38.0;18.0;17.0;-1.0 / 2.0 / -2.0;11.1;11.628;-0.528;2;А;3;/opt/mp-analytics/incoming/gab/Вся расходка Китай РФ Cactus GG PR.xlsx;Лист1!r716;d0488dd393f71b9cb95cf51390c2aba1ef902bcac7a8eb2f95247679cc1d25fc
1946;37.0;20.0;15.0;35.0;16.0;10.0;2.0 / 4.0 / 5.0;11.1;5.6;5.5;1;Б;4;/opt/mp-analytics/incoming/gab/Изи.xlsx;Данные по картриджам!r1573;4064fa397384d687b0349dbae769c7d4a21c54bf65a712f6c31981a966b8f971
1966;37.0;13.0;12.0;47.0;18.0;15.0;-10.0 / -5.0 / -3.0;5.772;12.69;-6.918;3;В;9;/opt/mp-analytics/incoming/gab/Вся расходка Китай РФ Cactus GG PR.xlsx;Лист1!r4342;d0488dd393f71b9cb95cf51390c2aba1ef902bcac7a8eb2f95247679cc1d25fc
1967;37.0;13.0;12.0;55.0;9.5;9.5;-18.0 / 3.5 / 2.5;5.772;4.964;0.808;2;Б;1;/opt/mp-analytics/incoming/gab/Вся расходка Китай РФ Cactus GG PR.xlsx;Лист1!r3627;d0488dd393f71b9cb95cf51390c2aba1ef902bcac7a8eb2f95247679cc1d25fc
1968;37.0;13.0;12.0;55.0;9.5;9.5;-18.0 / 3.5 / 2.5;5.772;4.964;0.808;2;Б;1;/opt/mp-analytics/incoming/gab/Вся расходка Китай РФ Cactus GG PR.xlsx;Лист1!r3628;d0488dd393f71b9cb95cf51390c2aba1ef902bcac7a8eb2f95247679cc1d25fc
1969;37.0;13.0;12.0;47.0;18.0;15.0;-10.0 / -5.0 / -3.0;5.772;12.69;-6.918;2;В;1;/opt/mp-analytics/incoming/gab/Вся расходка Китай РФ Cactus GG PR.xlsx;Лист1!r4345;d0488dd393f71b9cb95cf51390c2aba1ef902bcac7a8eb2f95247679cc1d25fc
1973;37.0;20.0;15.0;49.0;11.0;11.0;-12.0 / 9.0 / 4.0;11.1;5.929;5.171;3;Б;4;/opt/mp-analytics/incoming/gab/Изи.xlsx;Данные по картриджам!r670;4064fa397384d687b0349dbae769c7d4a21c54bf65a712f6c31981a966b8f971
1987;37.0;20.0;15.0;58.5;13.5;8.5;-21.5 / 6.5 / 6.5;11.1;6.713;4.387;1;Б;5;/opt/mp-analytics/incoming/gab/Вся расходка Китай РФ Cactus GG PR.xlsx;Лист1!r676;d0488dd393f71b9cb95cf51390c2aba1ef902bcac7a8eb2f95247679cc1d25fc
1988;37.0;20.0;15.0;58.5;13.5;8.5;-21.5 / 6.5 / 6.5;11.1;6.713;4.387;1;Б;1;/opt/mp-analytics/incoming/gab/Вся расходка Китай РФ Cactus GG PR.xlsx;Лист1!r673;d0488dd393f71b9cb95cf51390c2aba1ef902bcac7a8eb2f95247679cc1d25fc
1989;37.0;20.0;15.0;58.5;13.5;8.5;-21.5 / 6.5 / 6.5;11.1;6.713;4.387;1;Б;1;/opt/mp-analytics/incoming/gab/Вся расходка Китай РФ Cactus GG PR.xlsx;Лист1!r674;d0488dd393f71b9cb95cf51390c2aba1ef902bcac7a8eb2f95247679cc1d25fc
1990;37.0;20.0;15.0;58.5;13.5;8.5;-21.5 / 6.5 / 6.5;11.1;6.713;4.387;1;Б;1;/opt/mp-analytics/incoming/gab/Вся расходка Китай РФ Cactus GG PR.xlsx;Лист1!r675;d0488dd393f71b9cb95cf51390c2aba1ef902bcac7a8eb2f95247679cc1d25fc
1998;37.0;20.0;15.0;54.0;12.0;10.0;-17.0 / 8.0 / 5.0;11.1;6.48;4.62;1;Б;1;/opt/mp-analytics/incoming/gab/Вся расходка Китай РФ Cactus GG PR.xlsx;Лист1!r4340;d0488dd393f71b9cb95cf51390c2aba1ef902bcac7a8eb2f95247679cc1d25fc
1999;37.0;20.0;15.0;54.0;12.0;10.0;-17.0 / 8.0 / 5.0;11.1;6.48;4.62;1;Б;1;/opt/mp-analytics/incoming/gab/Вся расходка Китай РФ Cactus GG PR.xlsx;Лист1!r4341;d0488dd393f71b9cb95cf51390c2aba1ef902bcac7a8eb2f95247679cc1d25fc
2009;37.0;20.0;15.0;59.3;10.6;10.0;-22.3 / 9.4 / 5.0;11.1;6.286;4.814;1;Б;1;/opt/mp-analytics/incoming/gab/САКУРА АБДУЛ 05.06.xlsx;Лазерная Sakura!r588;ddbb1c580ba3ed878627b3d8dbea6c97710c4682804b2638b792149bf490915a
2010;37.0;20.0;15.0;59.2;10.8;10.4;-22.2 / 9.2 / 4.6;11.1;6.649;4.451;1;Б;3;/opt/mp-analytics/incoming/gab/САКУРА АБДУЛ 05.06.xlsx;Лазерная Sakura!r587;ddbb1c580ba3ed878627b3d8dbea6c97710c4682804b2638b792149bf490915a
2011;37.0;20.0;15.0;59.3;10.6;10.0;-22.3 / 9.4 / 5.0;11.1;6.286;4.814;1;Б;1;/opt/mp-analytics/incoming/gab/САКУРА АБДУЛ 05.06.xlsx;Лазерная Sakura!r589;ddbb1c580ba3ed878627b3d8dbea6c97710c4682804b2638b792149bf490915a
2012;37.0;20.0;15.0;59.3;10.6;10.0;-22.3 / 9.4 / 5.0;11.1;6.286;4.814;1;Б;1;/opt/mp-analytics/incoming/gab/САКУРА АБДУЛ 05.06.xlsx;Лазерная Sakura!r590;ddbb1c580ba3ed878627b3d8dbea6c97710c4682804b2638b792149bf490915a
2017;37.0;20.0;15.0;55.0;9.5;9.5;-18.0 / 10.5 / 5.5;11.1;4.964;6.136;2;Б;1;/opt/mp-analytics/incoming/gab/Вся расходка Китай РФ Cactus GG PR.xlsx;Лист1!r3649;d0488dd393f71b9cb95cf51390c2aba1ef902bcac7a8eb2f95247679cc1d25fc
2018;37.0;20.0;15.0;55.0;9.5;9.5;-18.0 / 10.5 / 5.5;11.1;4.964;6.136;2;Б;4;/opt/mp-analytics/incoming/gab/Вся расходка Китай РФ Cactus GG PR.xlsx;Лист1!r3648;d0488dd393f71b9cb95cf51390c2aba1ef902bcac7a8eb2f95247679cc1d25fc
2019;37.0;20.0;15.0;55.0;9.5;9.5;-18.0 / 10.5 / 5.5;11.1;4.964;6.136;2;Б;1;/opt/mp-analytics/incoming/gab/Вся расходка Китай РФ Cactus GG PR.xlsx;Лист1!r3650;d0488dd393f71b9cb95cf51390c2aba1ef902bcac7a8eb2f95247679cc1d25fc
2020;37.0;20.0;15.0;55.0;9.5;9.5;-18.0 / 10.5 / 5.5;11.1;4.964;6.136;2;Б;1;/opt/mp-analytics/incoming/gab/Вся расходка Китай РФ Cactus GG PR.xlsx;Лист1!r3651;d0488dd393f71b9cb95cf51390c2aba1ef902bcac7a8eb2f95247679cc1d25fc
2036;;;;55.0;9.3;9.3;нет карточек wb_acc1;;;;1;Г;0;/opt/mp-analytics/incoming/gab/Вся расходка Китай РФ Cactus GG PR.xlsx;Лист1!r2529;d0488dd393f71b9cb95cf51390c2aba1ef902bcac7a8eb2f95247679cc1d25fc
2037;37.0;20.0;15.0;55.0;9.3;9.3;-18.0 / 10.7 / 5.7;11.1;4.757;6.343;1;Б;1;/opt/mp-analytics/incoming/gab/Вся расходка Китай РФ Cactus GG PR.xlsx;Лист1!r2530;d0488dd393f71b9cb95cf51390c2aba1ef902bcac7a8eb2f95247679cc1d25fc
2038;;;;55.0;9.3;9.3;нет карточек wb_acc1;;;;1;Г;0;/opt/mp-analytics/incoming/gab/Вся расходка Китай РФ Cactus GG PR.xlsx;Лист1!r2531;d0488dd393f71b9cb95cf51390c2aba1ef902bcac7a8eb2f95247679cc1d25fc
2039;;;;55.0;9.3;9.3;нет карточек wb_acc1;;;;1;Г;0;/opt/mp-analytics/incoming/gab/Вся расходка Китай РФ Cactus GG PR.xlsx;Лист1!r2532;d0488dd393f71b9cb95cf51390c2aba1ef902bcac7a8eb2f95247679cc1d25fc
2050;37.0;20.0;15.0;34.5;15.5;12.5;2.5 / 4.5 / 2.5;11.1;6.684;4.416;3;Б;1;/opt/mp-analytics/incoming/gab/Вся расходка Китай РФ Cactus GG PR.xlsx;Лист1!r714;d0488dd393f71b9cb95cf51390c2aba1ef902bcac7a8eb2f95247679cc1d25fc
2053;37.0;20.0;15.0;37.0;9.0;9.0;0.0 / 11.0 / 6.0;11.1;2.997;8.103;1;Б;4;/opt/mp-analytics/incoming/gab/Вся расходка Китай РФ Cactus GG PR.xlsx;Лист1!r3613;d0488dd393f71b9cb95cf51390c2aba1ef902bcac7a8eb2f95247679cc1d25fc
2054;37.0;20.0;15.0;42.0;7.5;7.5;-5.0 / 12.5 / 7.5;11.1;2.362;8.738;1;Б;3;/opt/mp-analytics/incoming/gab/Вся расходка Китай РФ Cactus GG PR.xlsx;Лист1!r2348;d0488dd393f71b9cb95cf51390c2aba1ef902bcac7a8eb2f95247679cc1d25fc
2055;37.0;20.0;15.0;41.5;11.0;11.0;-4.5 / 9.0 / 4.0;11.1;5.021;6.079;2;Б;9;/opt/mp-analytics/incoming/gab/Изи.xlsx;Данные по картриджам!r1333;4064fa397384d687b0349dbae769c7d4a21c54bf65a712f6c31981a966b8f971
2056;37.0;20.0;15.0;37.0;9.0;9.0;0.0 / 11.0 / 6.0;11.1;2.997;8.103;1;Б;5;/opt/mp-analytics/incoming/gab/Вся расходка Китай РФ Cactus GG PR.xlsx;Лист1!r2353;d0488dd393f71b9cb95cf51390c2aba1ef902bcac7a8eb2f95247679cc1d25fc
2057;37.0;20.0;15.0;37.0;9.0;9.0;0.0 / 11.0 / 6.0;11.1;2.997;8.103;1;Б;1;/opt/mp-analytics/incoming/gab/Вся расходка Китай РФ Cactus GG PR.xlsx;Лист1!r2352;d0488dd393f71b9cb95cf51390c2aba1ef902bcac7a8eb2f95247679cc1d25fc
2058;37.0;20.0;15.0;37.0;9.0;9.0;0.0 / 11.0 / 6.0;11.1;2.997;8.103;1;Б;1;/opt/mp-analytics/incoming/gab/Вся расходка Китай РФ Cactus GG PR.xlsx;Лист1!r2354;d0488dd393f71b9cb95cf51390c2aba1ef902bcac7a8eb2f95247679cc1d25fc
2059;37.0;20.0;15.0;37.0;9.0;9.0;0.0 / 11.0 / 6.0;11.1;2.997;8.103;1;Б;1;/opt/mp-analytics/incoming/gab/Вся расходка Китай РФ Cactus GG PR.xlsx;Лист1!r2355;d0488dd393f71b9cb95cf51390c2aba1ef902bcac7a8eb2f95247679cc1d25fc
2072;37.0;20.0;15.0;55.0;9.3;9.3;-18.0 / 10.7 / 5.7;11.1;4.757;6.343;1;Б;3;/opt/mp-analytics/incoming/gab/Вся расходка Китай РФ Cactus GG PR.xlsx;Лист1!r2368;d0488dd393f71b9cb95cf51390c2aba1ef902bcac7a8eb2f95247679cc1d25fc
2073;37.0;20.0;15.0;55.0;9.3;9.3;-18.0 / 10.7 / 5.7;11.1;4.757;6.343;1;Б;1;/opt/mp-analytics/incoming/gab/Вся расходка Китай РФ Cactus GG PR.xlsx;Лист1!r2369;d0488dd393f71b9cb95cf51390c2aba1ef902bcac7a8eb2f95247679cc1d25fc
2074;37.0;20.0;15.0;55.0;9.3;9.3;-18.0 / 10.7 / 5.7;11.1;4.757;6.343;1;Б;1;/opt/mp-analytics/incoming/gab/Вся расходка Китай РФ Cactus GG PR.xlsx;Лист1!r2370;d0488dd393f71b9cb95cf51390c2aba1ef902bcac7a8eb2f95247679cc1d25fc
2075;37.0;20.0;15.0;55.0;9.3;9.3;-18.0 / 10.7 / 5.7;11.1;4.757;6.343;1;Б;1;/opt/mp-analytics/incoming/gab/Вся расходка Китай РФ Cactus GG PR.xlsx;Лист1!r2371;d0488dd393f71b9cb95cf51390c2aba1ef902bcac7a8eb2f95247679cc1d25fc
2076;37.0;20.0;15.0;55.0;9.0;8.0;-18.0 / 11.0 / 7.0;11.1;3.96;7.14;1;Б;13;/opt/mp-analytics/incoming/gab/Вся расходка Китай РФ Cactus GG PR.xlsx;Лист1!r976;d0488dd393f71b9cb95cf51390c2aba1ef902bcac7a8eb2f95247679cc1d25fc
2077;37.0;20.0;15.0;55.0;9.0;8.0;-18.0 / 11.0 / 7.0;11.1;3.96;7.14;1;Б;1;/opt/mp-analytics/incoming/gab/Вся расходка Китай РФ Cactus GG PR.xlsx;Лист1!r973;d0488dd393f71b9cb95cf51390c2aba1ef902bcac7a8eb2f95247679cc1d25fc
2078;37.0;20.0;15.0;55.0;9.0;8.0;-18.0 / 11.0 / 7.0;11.1;3.96;7.14;1;Б;1;/opt/mp-analytics/incoming/gab/Вся расходка Китай РФ Cactus GG PR.xlsx;Лист1!r974;d0488dd393f71b9cb95cf51390c2aba1ef902bcac7a8eb2f95247679cc1d25fc
2092;37.0;20.0;15.0;34.0;16.5;9.0;3.0 / 3.5 / 6.0;11.1;5.049;6.051;1;Б;1;/opt/mp-analytics/incoming/gab/Изи.xlsx;Данные по картриджам!r1898;4064fa397384d687b0349dbae769c7d4a21c54bf65a712f6c31981a966b8f971
2093;37.0;20.0;15.0;35.4;17.4;12.7;1.6 / 2.6 / 2.3;11.1;7.823;3.277;2;Б;7;/opt/mp-analytics/incoming/gab/САКУРА АБДУЛ 05.06.xlsx;Лазерная Sakura!r437;ddbb1c580ba3ed878627b3d8dbea6c97710c4682804b2638b792149bf490915a
2094;37.0;20.0;15.0;34.0;16.5;9.0;3.0 / 3.5 / 6.0;11.1;5.049;6.051;1;Б;1;/opt/mp-analytics/incoming/gab/Изи.xlsx;Данные по картриджам!r1897;4064fa397384d687b0349dbae769c7d4a21c54bf65a712f6c31981a966b8f971
2095;37.0;20.0;15.0;34.0;16.5;9.0;3.0 / 3.5 / 6.0;11.1;5.049;6.051;2;Б;1;/opt/mp-analytics/incoming/gab/Изи.xlsx;Данные по картриджам!r1899;4064fa397384d687b0349dbae769c7d4a21c54bf65a712f6c31981a966b8f971
2096;37.0;20.0;15.0;55.0;9.3;9.3;-18.0 / 10.7 / 5.7;11.1;4.757;6.343;1;Б;3;/opt/mp-analytics/incoming/gab/Вся расходка Китай РФ Cactus GG PR.xlsx;Лист1!r2430;d0488dd393f71b9cb95cf51390c2aba1ef902bcac7a8eb2f95247679cc1d25fc
2097;37.0;20.0;15.0;55.0;9.3;9.3;-18.0 / 10.7 / 5.7;11.1;4.757;6.343;1;Б;1;/opt/mp-analytics/incoming/gab/Вся расходка Китай РФ Cactus GG PR.xlsx;Лист1!r2431;d0488dd393f71b9cb95cf51390c2aba1ef902bcac7a8eb2f95247679cc1d25fc
2098;37.0;20.0;15.0;55.0;9.3;9.3;-18.0 / 10.7 / 5.7;11.1;4.757;6.343;1;Б;1;/opt/mp-analytics/incoming/gab/Вся расходка Китай РФ Cactus GG PR.xlsx;Лист1!r2432;d0488dd393f71b9cb95cf51390c2aba1ef902bcac7a8eb2f95247679cc1d25fc
2099;37.0;20.0;15.0;55.0;9.3;9.3;-18.0 / 10.7 / 5.7;11.1;4.757;6.343;1;Б;1;/opt/mp-analytics/incoming/gab/Вся расходка Китай РФ Cactus GG PR.xlsx;Лист1!r2433;d0488dd393f71b9cb95cf51390c2aba1ef902bcac7a8eb2f95247679cc1d25fc
2107;37.0;20.0;15.0;50.5;11.5;11.5;-13.5 / 8.5 / 3.5;11.1;6.679;4.421;1;Б;24;/opt/mp-analytics/incoming/gab/Вся расходка Китай РФ Cactus GG PR.xlsx;Лист1!r2425;d0488dd393f71b9cb95cf51390c2aba1ef902bcac7a8eb2f95247679cc1d25fc
2109;37.0;20.0;15.0;43.0;21.0;14.5;-6.0 / -1.0 / 0.5;11.1;13.094;-1.994;1;В;6;/opt/mp-analytics/incoming/gab/Изи.xlsx;Данные по картриджам!r311;4064fa397384d687b0349dbae769c7d4a21c54bf65a712f6c31981a966b8f971
2110;37.0;20.0;15.0;48.5;14.5;11.5;-11.5 / 5.5 / 3.5;11.1;8.087;3.013;1;Б;8;/opt/mp-analytics/incoming/gab/Вся расходка Китай РФ Cactus GG PR.xlsx;Лист1!r2394;d0488dd393f71b9cb95cf51390c2aba1ef902bcac7a8eb2f95247679cc1d25fc
2115;37.0;20.0;15.0;51.0;25.0;11.0;-14.0 / -5.0 / 4.0;11.1;14.025;-2.925;1;В;11;/opt/mp-analytics/incoming/gab/Вся расходка Китай РФ Cactus GG PR.xlsx;Лист1!r2395;d0488dd393f71b9cb95cf51390c2aba1ef902bcac7a8eb2f95247679cc1d25fc
2124;37.0;20.0;15.0;48.0;11.5;11.0;-11.0 / 8.5 / 4.0;11.1;6.072;5.028;2;Б;7;/opt/mp-analytics/incoming/gab/Изи.xlsx;Данные по картриджам!r315;4064fa397384d687b0349dbae769c7d4a21c54bf65a712f6c31981a966b8f971
2135;37.0;20.0;15.0;29.5;12.0;10.0;7.5 / 8.0 / 5.0;11.1;3.54;7.56;4;Б;5;/opt/mp-analytics/incoming/gab/САКУРА АБДУЛ 05.06.xlsx;Лазерная Sakura!r1185;ddbb1c580ba3ed878627b3d8dbea6c97710c4682804b2638b792149bf490915a
2136;37.0;20.0;15.0;29.5;12.0;10.0;7.5 / 8.0 / 5.0;11.1;3.54;7.56;2;Б;1;/opt/mp-analytics/incoming/gab/САКУРА АБДУЛ 05.06.xlsx;Лазерная Sakura!r1186;ddbb1c580ba3ed878627b3d8dbea6c97710c4682804b2638b792149bf490915a
2137;37.0;20.0;15.0;29.5;12.0;10.0;7.5 / 8.0 / 5.0;11.1;3.54;7.56;2;Б;1;/opt/mp-analytics/incoming/gab/САКУРА АБДУЛ 05.06.xlsx;Лазерная Sakura!r1187;ddbb1c580ba3ed878627b3d8dbea6c97710c4682804b2638b792149bf490915a
2138;37.0;20.0;15.0;29.5;12.0;10.0;7.5 / 8.0 / 5.0;11.1;3.54;7.56;3;Б;1;/opt/mp-analytics/incoming/gab/САКУРА АБДУЛ 05.06.xlsx;Лазерная Sakura!r1188;ddbb1c580ba3ed878627b3d8dbea6c97710c4682804b2638b792149bf490915a
2145;37.0;20.0;15.0;37.5;26.1;11.7;-0.5 / -6.1 / 3.3;11.1;11.451;-0.351;2;В;4;/opt/mp-analytics/incoming/gab/САКУРА АБДУЛ 05.06.xlsx;Лазерная Sakura!r332;ddbb1c580ba3ed878627b3d8dbea6c97710c4682804b2638b792149bf490915a
2146;37.0;20.0;15.0;33.0;16.7;12.8;4.0 / 3.3 / 2.2;11.1;7.054;4.046;3;Б;3;/opt/mp-analytics/incoming/gab/САКУРА АБДУЛ 05.06.xlsx;Лазерная Sakura!r397;ddbb1c580ba3ed878627b3d8dbea6c97710c4682804b2638b792149bf490915a
2152;37.0;20.0;15.0;33.0;11.4;10.5;4.0 / 8.6 / 4.5;11.1;3.95;7.15;2;Б;3;/opt/mp-analytics/incoming/gab/САКУРА АБДУЛ 05.06.xlsx;Лазерная Sakura!r1042;ddbb1c580ba3ed878627b3d8dbea6c97710c4682804b2638b792149bf490915a
2153;37.0;20.0;15.0;32.7;11.1;10.1;4.3 / 8.9 / 4.9;11.1;3.666;7.434;2;Б;1;/opt/mp-analytics/incoming/gab/САКУРА АБДУЛ 05.06.xlsx;Лазерная Sakura!r1044;ddbb1c580ba3ed878627b3d8dbea6c97710c4682804b2638b792149bf490915a
2154;37.0;20.0;15.0;32.8;11.3;10.1;4.2 / 8.7 / 4.9;11.1;3.743;7.357;2;Б;1;/opt/mp-analytics/incoming/gab/САКУРА АБДУЛ 05.06.xlsx;Лазерная Sakura!r1046;ddbb1c580ba3ed878627b3d8dbea6c97710c4682804b2638b792149bf490915a
2155;37.0;20.0;15.0;32.7;11.3;10.1;4.3 / 8.7 / 4.9;11.1;3.732;7.368;2;Б;1;/opt/mp-analytics/incoming/gab/САКУРА АБДУЛ 05.06.xlsx;Лазерная Sakura!r1048;ddbb1c580ba3ed878627b3d8dbea6c97710c4682804b2638b792149bf490915a
2157;37.0;20.0;15.0;35.0;13.5;10.7;2.0 / 6.5 / 4.3;11.1;5.056;6.044;3;Б;4;/opt/mp-analytics/incoming/gab/Изи.xlsx;Данные по картриджам!r199;4064fa397384d687b0349dbae769c7d4a21c54bf65a712f6c31981a966b8f971
2158;37.0;20.0;15.0;35.0;13.5;10.7;2.0 / 6.5 / 4.3;11.1;5.056;6.044;3;Б;1;/opt/mp-analytics/incoming/gab/Изи.xlsx;Данные по картриджам!r200;4064fa397384d687b0349dbae769c7d4a21c54bf65a712f6c31981a966b8f971
2159;37.0;20.0;15.0;35.0;13.5;10.7;2.0 / 6.5 / 4.3;11.1;5.056;6.044;4;Б;1;/opt/mp-analytics/incoming/gab/Изи.xlsx;Данные по картриджам!r771;4064fa397384d687b0349dbae769c7d4a21c54bf65a712f6c31981a966b8f971
2160;37.0;20.0;15.0;35.0;13.5;10.7;2.0 / 6.5 / 4.3;11.1;5.056;6.044;3;Б;1;/opt/mp-analytics/incoming/gab/Изи.xlsx;Данные по картриджам!r202;4064fa397384d687b0349dbae769c7d4a21c54bf65a712f6c31981a966b8f971
2163;37.0;20.0;15.0;33.2;16.6;9.5;3.8 / 3.4 / 5.5;11.1;5.236;5.864;4;Б;3;/opt/mp-analytics/incoming/gab/САКУРА АБДУЛ 05.06.xlsx;Лазерная Sakura!r280;ddbb1c580ba3ed878627b3d8dbea6c97710c4682804b2638b792149bf490915a
2164;37.0;20.0;15.0;34.5;23.5;12.5;2.5 / -3.5 / 2.5;11.1;10.134;0.966;4;Б;2;/opt/mp-analytics/incoming/gab/Изи.xlsx;Данные по картриджам!r789;4064fa397384d687b0349dbae769c7d4a21c54bf65a712f6c31981a966b8f971
2165;37.0;20.0;15.0;32.7;17.0;12.5;4.3 / 3.0 / 2.5;11.1;6.949;4.151;4;Б;2;/opt/mp-analytics/incoming/gab/Изи.xlsx;Данные по картриджам!r790;4064fa397384d687b0349dbae769c7d4a21c54bf65a712f6c31981a966b8f971
2166;37.0;20.0;15.0;34.5;23.5;12.5;2.5 / -3.5 / 2.5;11.1;10.134;0.966;4;Б;3;/opt/mp-analytics/incoming/gab/Изи.xlsx;Данные по картриджам!r791;4064fa397384d687b0349dbae769c7d4a21c54bf65a712f6c31981a966b8f971
2167;37.0;20.0;15.0;29.5;12.0;10.0;7.5 / 8.0 / 5.0;11.1;3.54;7.56;3;Б;5;/opt/mp-analytics/incoming/gab/САКУРА АБДУЛ 05.06.xlsx;Лазерная Sakura!r1181;ddbb1c580ba3ed878627b3d8dbea6c97710c4682804b2638b792149bf490915a
2168;37.0;20.0;15.0;21.0;12.0;9.5;16.0 / 8.0 / 5.5;11.1;2.394;8.706;3;Б;1;/opt/mp-analytics/incoming/gab/Вся расходка Китай РФ Cactus GG PR.xlsx;Лист1!r3505;d0488dd393f71b9cb95cf51390c2aba1ef902bcac7a8eb2f95247679cc1d25fc
2169;37.0;20.0;15.0;21.0;12.0;9.5;16.0 / 8.0 / 5.5;11.1;2.394;8.706;3;Б;1;/opt/mp-analytics/incoming/gab/Вся расходка Китай РФ Cactus GG PR.xlsx;Лист1!r3506;d0488dd393f71b9cb95cf51390c2aba1ef902bcac7a8eb2f95247679cc1d25fc
2170;37.0;20.0;15.0;21.0;12.0;9.5;16.0 / 8.0 / 5.5;11.1;2.394;8.706;3;Б;1;/opt/mp-analytics/incoming/gab/Вся расходка Китай РФ Cactus GG PR.xlsx;Лист1!r3507;d0488dd393f71b9cb95cf51390c2aba1ef902bcac7a8eb2f95247679cc1d25fc
2172;37.0;20.0;15.0;21.0;12.0;9.5;16.0 / 8.0 / 5.5;11.1;2.394;8.706;3;Б;1;/opt/mp-analytics/incoming/gab/Вся расходка Китай РФ Cactus GG PR.xlsx;Лист1!r3508;d0488dd393f71b9cb95cf51390c2aba1ef902bcac7a8eb2f95247679cc1d25fc
2173;37.0;20.0;15.0;21.0;12.0;9.5;16.0 / 8.0 / 5.5;11.1;2.394;8.706;2;Б;1;/opt/mp-analytics/incoming/gab/Вся расходка Китай РФ Cactus GG PR.xlsx;Лист1!r3509;d0488dd393f71b9cb95cf51390c2aba1ef902bcac7a8eb2f95247679cc1d25fc
2174;37.0;20.0;15.0;29.0;12.0;10.0;8.0 / 8.0 / 5.0;11.1;3.48;7.62;2;Б;1;/opt/mp-analytics/incoming/gab/САКУРА АБДУЛ 05.06.xlsx;Лазерная Sakura!r1199;ddbb1c580ba3ed878627b3d8dbea6c97710c4682804b2638b792149bf490915a
2175;37.0;20.0;15.0;29.0;12.0;10.0;8.0 / 8.0 / 5.0;11.1;3.48;7.62;2;Б;1;/opt/mp-analytics/incoming/gab/САКУРА АБДУЛ 05.06.xlsx;Лазерная Sakura!r1200;ddbb1c580ba3ed878627b3d8dbea6c97710c4682804b2638b792149bf490915a
2177;37.0;20.0;15.0;39.6;24.0;16.5;-2.6 / -4.0 / -1.5;11.1;15.682;-4.582;2;В;3;/opt/mp-analytics/incoming/gab/Вся расходка Китай РФ Cactus GG PR.xlsx;Лист1!r2255;d0488dd393f71b9cb95cf51390c2aba1ef902bcac7a8eb2f95247679cc1d25fc
2178;37.0;20.0;15.0;39.6;24.0;16.5;-2.6 / -4.0 / -1.5;11.1;15.682;-4.582;3;В;1;/opt/mp-analytics/incoming/gab/Вся расходка Китай РФ Cactus GG PR.xlsx;Лист1!r2254;d0488dd393f71b9cb95cf51390c2aba1ef902bcac7a8eb2f95247679cc1d25fc
2179;37.0;20.0;15.0;39.6;24.0;16.5;-2.6 / -4.0 / -1.5;11.1;15.682;-4.582;2;В;1;/opt/mp-analytics/incoming/gab/Вся расходка Китай РФ Cactus GG PR.xlsx;Лист1!r2253;d0488dd393f71b9cb95cf51390c2aba1ef902bcac7a8eb2f95247679cc1d25fc
2180;37.0;20.0;15.0;39.6;24.0;16.5;-2.6 / -4.0 / -1.5;11.1;15.682;-4.582;3;В;1;/opt/mp-analytics/incoming/gab/Вся расходка Китай РФ Cactus GG PR.xlsx;Лист1!r2257;d0488dd393f71b9cb95cf51390c2aba1ef902bcac7a8eb2f95247679cc1d25fc
2182;37.0;20.0;15.0;37.1;25.6;11.9;-0.1 / -5.6 / 3.1;11.1;11.302;-0.202;2;В;2;/opt/mp-analytics/incoming/gab/САКУРА АБДУЛ 05.06.xlsx;Лазерная Sakura!r259;ddbb1c580ba3ed878627b3d8dbea6c97710c4682804b2638b792149bf490915a
2183;15.0;10.0;8.0;10.7;6.5;3.5;4.3 / 3.5 / 4.5;1.2;0.243;0.957;3;Б;11;/opt/mp-analytics/incoming/gab/Вся расходка Китай РФ Cactus GG PR.xlsx;Лист1!r1370;d0488dd393f71b9cb95cf51390c2aba1ef902bcac7a8eb2f95247679cc1d25fc
2184;15.0;10.0;8.0;10.5;6.0;2.5;4.5 / 4.0 / 5.5;1.2;0.158;1.042;4;Б;1;/opt/mp-analytics/incoming/gab/САКУРА АБДУЛ 05.06.xlsx;Струйная Sakura!r56;ddbb1c580ba3ed878627b3d8dbea6c97710c4682804b2638b792149bf490915a
2185;15.0;10.0;8.0;10.5;6.0;2.5;4.5 / 4.0 / 5.5;1.2;0.158;1.042;4;Б;1;/opt/mp-analytics/incoming/gab/САКУРА АБДУЛ 05.06.xlsx;Струйная Sakura!r57;ddbb1c580ba3ed878627b3d8dbea6c97710c4682804b2638b792149bf490915a
2186;15.0;10.0;8.0;10.5;6.0;2.5;4.5 / 4.0 / 5.5;1.2;0.158;1.042;4;Б;1;/opt/mp-analytics/incoming/gab/САКУРА АБДУЛ 05.06.xlsx;Струйная Sakura!r58;ddbb1c580ba3ed878627b3d8dbea6c97710c4682804b2638b792149bf490915a
2188;10.0;8.0;5.0;22.5;6.0;5.0;-12.5 / 2.0 / 0.0;0.4;0.675;-0.275;3;В;5;/opt/mp-analytics/incoming/gab/САКУРА АБДУЛ 05.06.xlsx;Струйная Sakura!r67;ddbb1c580ba3ed878627b3d8dbea6c97710c4682804b2638b792149bf490915a
2189;10.0;8.0;5.0;22.5;5.0;3.5;-12.5 / 3.0 / 1.5;0.4;0.394;0.006;3;Б;1;/opt/mp-analytics/incoming/gab/Вся расходка Китай РФ Cactus GG PR.xlsx;Лист1!r1365;d0488dd393f71b9cb95cf51390c2aba1ef902bcac7a8eb2f95247679cc1d25fc
2190;10.0;8.0;5.0;22.5;5.0;3.5;-12.5 / 3.0 / 1.5;0.4;0.394;0.006;3;Б;1;/opt/mp-analytics/incoming/gab/САКУРА АБДУЛ 05.06.xlsx;Струйная Sakura!r69;ddbb1c580ba3ed878627b3d8dbea6c97710c4682804b2638b792149bf490915a
2191;10.0;8.0;5.0;22.5;5.0;3.5;-12.5 / 3.0 / 1.5;0.4;0.394;0.006;3;Б;1;/opt/mp-analytics/incoming/gab/САКУРА АБДУЛ 05.06.xlsx;Струйная Sakura!r70;ddbb1c580ba3ed878627b3d8dbea6c97710c4682804b2638b792149bf490915a
2193;37.0;8.0;8.0;30.0;11.0;10.0;7.0 / -3.0 / -2.0;2.368;3.3;-0.932;3;В;3;/opt/mp-analytics/incoming/gab/САКУРА АБДУЛ 05.06.xlsx;Лазерная Sakura!r1212;ddbb1c580ba3ed878627b3d8dbea6c97710c4682804b2638b792149bf490915a
2194;37.0;20.0;15.0;31.5;10.0;9.5;5.5 / 10.0 / 5.5;11.1;2.993;8.107;3;Б;3;/opt/mp-analytics/incoming/gab/Вся расходка Китай РФ Cactus GG PR.xlsx;Лист1!r369;d0488dd393f71b9cb95cf51390c2aba1ef902bcac7a8eb2f95247679cc1d25fc
2195;37.0;20.0;15.0;31.0;10.0;10.0;6.0 / 10.0 / 5.0;11.1;3.1;8.0;4;Б;5;/opt/mp-analytics/incoming/gab/Изи.xlsx;Данные по картриджам!r740;4064fa397384d687b0349dbae769c7d4a21c54bf65a712f6c31981a966b8f971
2196;37.0;20.0;15.0;14.0;9.5;2.8;23.0 / 10.5 / 12.2;11.1;0.372;10.728;1;Б;2;/opt/mp-analytics/incoming/gab/Вся расходка Китай РФ Cactus GG PR.xlsx;Лист1!r1906;d0488dd393f71b9cb95cf51390c2aba1ef902bcac7a8eb2f95247679cc1d25fc
2197;10.0;8.0;5.0;51.5;15.0;4.3;-41.5 / -7.0 / 0.7;0.4;3.322;-2.922;1;В;4;/opt/mp-analytics/incoming/gab/Вся расходка Китай РФ Cactus GG PR.xlsx;Лист1!r1902;d0488dd393f71b9cb95cf51390c2aba1ef902bcac7a8eb2f95247679cc1d25fc
2198;10.0;8.0;5.0;58.0;12.7;4.0;-48.0 / -4.7 / 1.0;0.4;2.946;-2.546;1;В;2;/opt/mp-analytics/incoming/gab/Вся расходка Китай РФ Cactus GG PR.xlsx;Лист1!r1905;d0488dd393f71b9cb95cf51390c2aba1ef902bcac7a8eb2f95247679cc1d25fc
2200;10.0;8.0;5.0;16.0;8.8;3.7;-6.0 / -0.8 / 1.3;0.4;0.521;-0.121;1;В;3;/opt/mp-analytics/incoming/gab/Вся расходка Китай РФ Cactus GG PR.xlsx;Лист1!r1887;d0488dd393f71b9cb95cf51390c2aba1ef902bcac7a8eb2f95247679cc1d25fc
2201;10.0;8.0;5.0;12.8;7.8;2.8;-2.8 / 0.2 / 2.2;0.4;0.28;0.12;1;Б;12;/opt/mp-analytics/incoming/gab/Вся расходка Китай РФ Cactus GG PR.xlsx;Лист1!r1893;d0488dd393f71b9cb95cf51390c2aba1ef902bcac7a8eb2f95247679cc1d25fc
2202;10.0;8.0;5.0;12.0;4.5;2.8;-2.0 / 3.5 / 2.2;0.4;0.151;0.249;1;Б;10;/opt/mp-analytics/incoming/gab/Вся расходка Китай РФ Cactus GG PR.xlsx;Лист1!r1894;d0488dd393f71b9cb95cf51390c2aba1ef902bcac7a8eb2f95247679cc1d25fc
2203;10.0;8.0;5.0;12.8;7.8;2.8;-2.8 / 0.2 / 2.2;0.4;0.28;0.12;1;Б;11;/opt/mp-analytics/incoming/gab/Вся расходка Китай РФ Cactus GG PR.xlsx;Лист1!r1892;d0488dd393f71b9cb95cf51390c2aba1ef902bcac7a8eb2f95247679cc1d25fc
2204;10.0;8.0;5.0;20.5;8.7;3.0;-10.5 / -0.7 / 2.0;0.4;0.535;-0.135;1;В;7;/opt/mp-analytics/incoming/gab/Вся расходка Китай РФ Cactus GG PR.xlsx;Лист1!r1907;d0488dd393f71b9cb95cf51390c2aba1ef902bcac7a8eb2f95247679cc1d25fc
2205;10.0;8.0;5.0;51.2;12.5;4.0;-41.2 / -4.5 / 1.0;0.4;2.56;-2.16;1;В;29;/opt/mp-analytics/incoming/gab/Вся расходка Китай РФ Cactus GG PR.xlsx;Лист1!r1890;d0488dd393f71b9cb95cf51390c2aba1ef902bcac7a8eb2f95247679cc1d25fc
2206;10.0;8.0;5.0;47.5;8.0;3.2;-37.5 / 0.0 / 1.8;0.4;1.216;-0.816;2;В;3;/opt/mp-analytics/incoming/gab/Вся расходка Китай РФ Cactus GG PR.xlsx;Лист1!r1895;d0488dd393f71b9cb95cf51390c2aba1ef902bcac7a8eb2f95247679cc1d25fc
2207;10.0;8.0;5.0;30.0;8.0;3.2;-20.0 / 0.0 / 1.8;0.4;0.768;-0.368;2;В;3;/opt/mp-analytics/incoming/gab/Вся расходка Китай РФ Cactus GG PR.xlsx;Лист1!r1899;d0488dd393f71b9cb95cf51390c2aba1ef902bcac7a8eb2f95247679cc1d25fc
2209;10.0;8.0;5.0;9.3;6.8;2.5;0.7 / 1.2 / 2.5;0.4;0.158;0.242;1;Б;3;/opt/mp-analytics/incoming/gab/Вся расходка Китай РФ Cactus GG PR.xlsx;Лист1!r1885;d0488dd393f71b9cb95cf51390c2aba1ef902bcac7a8eb2f95247679cc1d25fc
2210;10.0;8.0;5.0;47.5;8.0;3.2;-37.5 / 0.0 / 1.8;0.4;1.216;-0.816;1;В;6;/opt/mp-analytics/incoming/gab/Вся расходка Китай РФ Cactus GG PR.xlsx;Лист1!r1904;d0488dd393f71b9cb95cf51390c2aba1ef902bcac7a8eb2f95247679cc1d25fc
2211;10.0;8.0;5.0;30.0;8.3;3.5;-20.0 / -0.3 / 1.5;0.4;0.872;-0.472;1;В;4;/opt/mp-analytics/incoming/gab/Вся расходка Китай РФ Cactus GG PR.xlsx;Лист1!r1898;d0488dd393f71b9cb95cf51390c2aba1ef902bcac7a8eb2f95247679cc1d25fc
2212;10.0;8.0;5.0;30.0;8.0;3.2;-20.0 / 0.0 / 1.8;0.4;0.768;-0.368;1;В;16;/opt/mp-analytics/incoming/gab/Вся расходка Китай РФ Cactus GG PR.xlsx;Лист1!r1891;d0488dd393f71b9cb95cf51390c2aba1ef902bcac7a8eb2f95247679cc1d25fc
2213;10.0;8.0;5.0;30.0;8.0;3.2;-20.0 / 0.0 / 1.8;0.4;0.768;-0.368;1;В;4;/opt/mp-analytics/incoming/gab/Вся расходка Китай РФ Cactus GG PR.xlsx;Лист1!r1908;d0488dd393f71b9cb95cf51390c2aba1ef902bcac7a8eb2f95247679cc1d25fc
2215;10.0;8.0;5.0;9.3;6.8;2.5;0.7 / 1.2 / 2.5;0.4;0.158;0.242;2;Б;11;/opt/mp-analytics/incoming/gab/Вся расходка Китай РФ Cactus GG PR.xlsx;Лист1!r1888;d0488dd393f71b9cb95cf51390c2aba1ef902bcac7a8eb2f95247679cc1d25fc
2216;10.0;8.0;5.0;9.3;6.8;2.5;0.7 / 1.2 / 2.5;0.4;0.158;0.242;1;Б;3;/opt/mp-analytics/incoming/gab/Вся расходка Китай РФ Cactus GG PR.xlsx;Лист1!r1910;d0488dd393f71b9cb95cf51390c2aba1ef902bcac7a8eb2f95247679cc1d25fc
2217;10.0;8.0;5.0;24.0;12.1;2.6;-14.0 / -4.1 / 2.4;0.4;0.755;-0.355;1;В;2;/opt/mp-analytics/incoming/gab/Изи.xlsx;Данные по картриджам!r1385;4064fa397384d687b0349dbae769c7d4a21c54bf65a712f6c31981a966b8f971
2218;10.0;8.0;5.0;13.2;11.7;2.7;-3.2 / -3.7 / 2.3;0.4;0.417;-0.017;1;В;11;/opt/mp-analytics/incoming/gab/Вся расходка Китай РФ Cactus GG PR.xlsx;Лист1!r1900;d0488dd393f71b9cb95cf51390c2aba1ef902bcac7a8eb2f95247679cc1d25fc
2219;10.0;8.0;5.0;35.0;6.5;2.9;-25.0 / 1.5 / 2.1;0.4;0.66;-0.26;1;В;1;/opt/mp-analytics/incoming/gab/Вся расходка Китай РФ Cactus GG PR.xlsx;Лист1!r1889;d0488dd393f71b9cb95cf51390c2aba1ef902bcac7a8eb2f95247679cc1d25fc
2221;10.0;8.0;5.0;13.0;9.0;3.4;-3.0 / -1.0 / 1.6;0.4;0.398;0.002;1;Б;3;/opt/mp-analytics/incoming/gab/Вся расходка Китай РФ Cactus GG PR.xlsx;Лист1!r1896;d0488dd393f71b9cb95cf51390c2aba1ef902bcac7a8eb2f95247679cc1d25fc
2222;10.0;8.0;5.0;12.8;7.8;2.8;-2.8 / 0.2 / 2.2;0.4;0.28;0.12;1;Б;6;/opt/mp-analytics/incoming/gab/Вся расходка Китай РФ Cactus GG PR.xlsx;Лист1!r1909;d0488dd393f71b9cb95cf51390c2aba1ef902bcac7a8eb2f95247679cc1d25fc
2227;37.0;20.0;15.0;32.8;16.9;12.3;4.2 / 3.1 / 2.7;11.1;6.818;4.282;2;Б;1;/opt/mp-analytics/incoming/gab/САКУРА АБДУЛ 05.06.xlsx;Лазерная Sakura!r558;ddbb1c580ba3ed878627b3d8dbea6c97710c4682804b2638b792149bf490915a
2229;37.0;20.0;15.0;32.0;11.0;11.0;5.0 / 9.0 / 4.0;11.1;3.872;7.228;1;Б;1;/opt/mp-analytics/incoming/gab/Вся расходка Китай РФ Cactus GG PR.xlsx;Лист1!r139;d0488dd393f71b9cb95cf51390c2aba1ef902bcac7a8eb2f95247679cc1d25fc
2250;10.0;10.0;10.0;15.0;14.0;5.5;-5.0 / -4.0 / 4.5;1.0;1.155;-0.155;1;В;1;/opt/mp-analytics/incoming/gab/Изи.xlsx;Данные по картриджам!r1205;4064fa397384d687b0349dbae769c7d4a21c54bf65a712f6c31981a966b8f971
2290;37.0;20.0;15.0;35.0;13.5;10.7;2.0 / 6.5 / 4.3;11.1;5.056;6.044;4;Б;1;/opt/mp-analytics/incoming/gab/Изи.xlsx;Данные по картриджам!r198;4064fa397384d687b0349dbae769c7d4a21c54bf65a712f6c31981a966b8f971
2291;37.0;20.0;15.0;35.0;13.5;10.7;2.0 / 6.5 / 4.3;11.1;5.056;6.044;3;Б;1;/opt/mp-analytics/incoming/gab/Изи.xlsx;Данные по картриджам!r767;4064fa397384d687b0349dbae769c7d4a21c54bf65a712f6c31981a966b8f971
2292;37.0;20.0;15.0;35.0;13.5;10.7;2.0 / 6.5 / 4.3;11.1;5.056;6.044;3;Б;1;/opt/mp-analytics/incoming/gab/Изи.xlsx;Данные по картриджам!r766;4064fa397384d687b0349dbae769c7d4a21c54bf65a712f6c31981a966b8f971
2293;37.0;20.0;15.0;35.0;13.5;10.7;2.0 / 6.5 / 4.3;11.1;5.056;6.044;4;Б;4;/opt/mp-analytics/incoming/gab/Изи.xlsx;Данные по картриджам!r765;4064fa397384d687b0349dbae769c7d4a21c54bf65a712f6c31981a966b8f971
2294;37.0;20.0;15.0;35.0;13.5;10.7;2.0 / 6.5 / 4.3;11.1;5.056;6.044;3;Б;7;/opt/mp-analytics/incoming/gab/Изи.xlsx;Данные по картриджам!r648;4064fa397384d687b0349dbae769c7d4a21c54bf65a712f6c31981a966b8f971
2295;37.0;20.0;15.0;35.0;13.5;10.7;2.0 / 6.5 / 4.3;11.1;5.056;6.044;3;Б;1;/opt/mp-analytics/incoming/gab/Изи.xlsx;Данные по картриджам!r649;4064fa397384d687b0349dbae769c7d4a21c54bf65a712f6c31981a966b8f971
2296;37.0;20.0;15.0;35.0;13.5;10.7;2.0 / 6.5 / 4.3;11.1;5.056;6.044;3;Б;1;/opt/mp-analytics/incoming/gab/Изи.xlsx;Данные по картриджам!r65;4064fa397384d687b0349dbae769c7d4a21c54bf65a712f6c31981a966b8f971
2297;37.0;20.0;15.0;35.0;13.5;10.7;2.0 / 6.5 / 4.3;11.1;5.056;6.044;3;Б;1;/opt/mp-analytics/incoming/gab/Изи.xlsx;Данные по картриджам!r66;4064fa397384d687b0349dbae769c7d4a21c54bf65a712f6c31981a966b8f971
2298;10.0;10.0;10.0;12.5;4.5;4.5;-2.5 / 5.5 / 5.5;1.0;0.253;0.747;1;Б;1;/opt/mp-analytics/incoming/gab/Изи.xlsx;Данные по картриджам!r1691;4064fa397384d687b0349dbae769c7d4a21c54bf65a712f6c31981a966b8f971
2299;10.0;10.0;10.0;12.5;4.5;4.5;-2.5 / 5.5 / 5.5;1.0;0.253;0.747;1;Б;1;/opt/mp-analytics/incoming/gab/Изи.xlsx;Данные по картриджам!r1709;4064fa397384d687b0349dbae769c7d4a21c54bf65a712f6c31981a966b8f971
2300;10.0;10.0;10.0;12.5;4.5;4.5;-2.5 / 5.5 / 5.5;1.0;0.253;0.747;1;Б;2;/opt/mp-analytics/incoming/gab/Изи.xlsx;Данные по картриджам!r1693;4064fa397384d687b0349dbae769c7d4a21c54bf65a712f6c31981a966b8f971
2301;37.0;20.0;15.0;34.5;23.5;12.5;2.5 / -3.5 / 2.5;11.1;10.134;0.966;4;Б;6;/opt/mp-analytics/incoming/gab/Изи.xlsx;Данные по картриджам!r67;4064fa397384d687b0349dbae769c7d4a21c54bf65a712f6c31981a966b8f971
2302;37.0;20.0;15.0;34.5;23.5;12.5;2.5 / -3.5 / 2.5;11.1;10.134;0.966;4;Б;1;/opt/mp-analytics/incoming/gab/Изи.xlsx;Данные по картриджам!r68;4064fa397384d687b0349dbae769c7d4a21c54bf65a712f6c31981a966b8f971
2303;37.0;20.0;15.0;34.5;23.5;12.5;2.5 / -3.5 / 2.5;11.1;10.134;0.966;4;Б;1;/opt/mp-analytics/incoming/gab/Изи.xlsx;Данные по картриджам!r69;4064fa397384d687b0349dbae769c7d4a21c54bf65a712f6c31981a966b8f971
2304;37.0;20.0;15.0;34.5;23.5;12.5;2.5 / -3.5 / 2.5;11.1;10.134;0.966;4;Б;1;/opt/mp-analytics/incoming/gab/Изи.xlsx;Данные по картриджам!r70;4064fa397384d687b0349dbae769c7d4a21c54bf65a712f6c31981a966b8f971
2314;10.0;10.0;10.0;12.5;4.5;4.5;-2.5 / 5.5 / 5.5;1.0;0.253;0.747;1;Б;1;/opt/mp-analytics/incoming/gab/Изи.xlsx;Данные по картриджам!r1615;4064fa397384d687b0349dbae769c7d4a21c54bf65a712f6c31981a966b8f971
2315;35.0;16.0;12.0;35.0;13.5;10.7;0.0 / 2.5 / 1.3;6.72;5.056;1.664;3;Б;5;/opt/mp-analytics/incoming/gab/Изи.xlsx;Данные по картриджам!r627;4064fa397384d687b0349dbae769c7d4a21c54bf65a712f6c31981a966b8f971
2316;35.0;16.0;12.0;32.9;16.7;9.4;2.1 / -0.7 / 2.6;6.72;5.165;1.555;1;Б;1;/opt/mp-analytics/incoming/gab/САКУРА АБДУЛ 05.06.xlsx;Лазерная Sakura!r864;ddbb1c580ba3ed878627b3d8dbea6c97710c4682804b2638b792149bf490915a
2317;37.0;20.0;15.0;39.0;30.0;19.0;-2.0 / -10.0 / -4.0;11.1;22.23;-11.13;3;В;3;/opt/mp-analytics/incoming/gab/Изи.xlsx;Данные по картриджам!r1054;4064fa397384d687b0349dbae769c7d4a21c54bf65a712f6c31981a966b8f971
2318;37.0;20.0;15.0;37.4;25.8;12.3;-0.4 / -5.8 / 2.7;11.1;11.869;-0.769;2;В;1;/opt/mp-analytics/incoming/gab/САКУРА АБДУЛ 05.06.xlsx;Лазерная Sakura!r295;ddbb1c580ba3ed878627b3d8dbea6c97710c4682804b2638b792149bf490915a
2319;37.0;20.0;15.0;35.3;16.6;12.9;1.7 / 3.4 / 2.1;11.1;7.559;3.541;2;Б;15;/opt/mp-analytics/incoming/gab/САКУРА АБДУЛ 05.06.xlsx;Лазерная Sakura!r83;ddbb1c580ba3ed878627b3d8dbea6c97710c4682804b2638b792149bf490915a
2320;37.0;20.0;15.0;39.0;30.0;18.0;-2.0 / -10.0 / -3.0;11.1;21.06;-9.96;4;В;6;/opt/mp-analytics/incoming/gab/Изи.xlsx;Данные по картриджам!r1062;4064fa397384d687b0349dbae769c7d4a21c54bf65a712f6c31981a966b8f971
2321;37.0;20.0;15.0;35.0;30.0;14.5;2.0 / -10.0 / 0.5;11.1;15.225;-4.125;3;В;11;/opt/mp-analytics/incoming/gab/Вся расходка Китай РФ Cactus GG PR.xlsx;Лист1!r329;d0488dd393f71b9cb95cf51390c2aba1ef902bcac7a8eb2f95247679cc1d25fc
2323;37.0;20.0;15.0;37.6;26.3;11.7;-0.6 / -6.3 / 3.3;11.1;11.57;-0.47;3;В;4;/opt/mp-analytics/incoming/gab/САКУРА АБДУЛ 05.06.xlsx;Лазерная Sakura!r319;ddbb1c580ba3ed878627b3d8dbea6c97710c4682804b2638b792149bf490915a
2337;35.0;16.0;12.0;37.8;25.7;11.6;-2.8 / -9.7 / 0.4;6.72;11.269;-4.549;2;В;1;/opt/mp-analytics/incoming/gab/САКУРА АБДУЛ 05.06.xlsx;Лазерная Sakura!r343;ddbb1c580ba3ed878627b3d8dbea6c97710c4682804b2638b792149bf490915a
2338;37.0;20.0;15.0;33.2;16.8;9.3;3.8 / 3.2 / 5.7;11.1;5.187;5.913;1;Б;3;/opt/mp-analytics/incoming/gab/САКУРА АБДУЛ 05.06.xlsx;Лазерная Sakura!r811;ddbb1c580ba3ed878627b3d8dbea6c97710c4682804b2638b792149bf490915a
2339;37.0;20.0;15.0;33.2;16.8;9.3;3.8 / 3.2 / 5.7;11.1;5.187;5.913;1;Б;1;/opt/mp-analytics/incoming/gab/САКУРА АБДУЛ 05.06.xlsx;Лазерная Sakura!r812;ddbb1c580ba3ed878627b3d8dbea6c97710c4682804b2638b792149bf490915a
2340;37.0;20.0;15.0;33.2;16.8;9.3;3.8 / 3.2 / 5.7;11.1;5.187;5.913;1;Б;1;/opt/mp-analytics/incoming/gab/САКУРА АБДУЛ 05.06.xlsx;Лазерная Sakura!r813;ddbb1c580ba3ed878627b3d8dbea6c97710c4682804b2638b792149bf490915a
2341;37.0;20.0;15.0;33.2;16.8;9.3;3.8 / 3.2 / 5.7;11.1;5.187;5.913;1;Б;1;/opt/mp-analytics/incoming/gab/САКУРА АБДУЛ 05.06.xlsx;Лазерная Sakura!r814;ddbb1c580ba3ed878627b3d8dbea6c97710c4682804b2638b792149bf490915a
2343;37.0;20.0;15.0;21.0;12.0;9.5;16.0 / 8.0 / 5.5;11.1;2.394;8.706;3;Б;3;/opt/mp-analytics/incoming/gab/Вся расходка Китай РФ Cactus GG PR.xlsx;Лист1!r3735;d0488dd393f71b9cb95cf51390c2aba1ef902bcac7a8eb2f95247679cc1d25fc
2344;37.0;20.0;15.0;20.0;7.0;7.0;17.0 / 13.0 / 8.0;11.1;0.98;10.12;2;Б;1;/opt/mp-analytics/incoming/gab/САКУРА АБДУЛ 05.06.xlsx;Лазерная Sakura!r1343;ddbb1c580ba3ed878627b3d8dbea6c97710c4682804b2638b792149bf490915a
2345;37.0;20.0;15.0;19.6;7.3;6.8;17.4 / 12.7 / 8.2;11.1;0.973;10.127;2;Б;1;/opt/mp-analytics/incoming/gab/САКУРА АБДУЛ 05.06.xlsx;Лазерная Sakura!r1344;ddbb1c580ba3ed878627b3d8dbea6c97710c4682804b2638b792149bf490915a
2346;37.0;20.0;15.0;20.0;7.0;7.0;17.0 / 13.0 / 8.0;11.1;0.98;10.12;3;Б;1;/opt/mp-analytics/incoming/gab/САКУРА АБДУЛ 05.06.xlsx;Лазерная Sakura!r1345;ddbb1c580ba3ed878627b3d8dbea6c97710c4682804b2638b792149bf490915a
2348;37.0;20.0;15.0;31.5;14.0;11.0;5.5 / 6.0 / 4.0;11.1;4.851;6.249;3;Б;3;/opt/mp-analytics/incoming/gab/Вся расходка Китай РФ Cactus GG PR.xlsx;Лист1!r2541;d0488dd393f71b9cb95cf51390c2aba1ef902bcac7a8eb2f95247679cc1d25fc
2349;37.0;20.0;15.0;31.5;14.0;11.0;5.5 / 6.0 / 4.0;11.1;4.851;6.249;3;Б;1;/opt/mp-analytics/incoming/gab/Вся расходка Китай РФ Cactus GG PR.xlsx;Лист1!r3742;d0488dd393f71b9cb95cf51390c2aba1ef902bcac7a8eb2f95247679cc1d25fc
2350;37.0;20.0;15.0;31.5;14.0;11.0;5.5 / 6.0 / 4.0;11.1;4.851;6.249;3;Б;1;/opt/mp-analytics/incoming/gab/Вся расходка Китай РФ Cactus GG PR.xlsx;Лист1!r3740;d0488dd393f71b9cb95cf51390c2aba1ef902bcac7a8eb2f95247679cc1d25fc
2351;37.0;20.0;15.0;31.5;14.0;11.0;5.5 / 6.0 / 4.0;11.1;4.851;6.249;3;Б;1;/opt/mp-analytics/incoming/gab/Вся расходка Китай РФ Cactus GG PR.xlsx;Лист1!r3741;d0488dd393f71b9cb95cf51390c2aba1ef902bcac7a8eb2f95247679cc1d25fc
2354;37.0;20.0;15.0;34.5;23.5;12.5;2.5 / -3.5 / 2.5;11.1;10.134;0.966;4;Б;3;/opt/mp-analytics/incoming/gab/Изи.xlsx;Данные по картриджам!r1114;4064fa397384d687b0349dbae769c7d4a21c54bf65a712f6c31981a966b8f971
2355;37.0;20.0;15.0;32.0;19.0;10.0;5.0 / 1.0 / 5.0;11.1;6.08;5.02;3;Б;8;/opt/mp-analytics/incoming/gab/Изи.xlsx;Данные по картриджам!r43;4064fa397384d687b0349dbae769c7d4a21c54bf65a712f6c31981a966b8f971
2356;37.0;20.0;15.0;36.0;15.0;13.0;1.0 / 5.0 / 2.0;11.1;7.02;4.08;4;Б;4;/opt/mp-analytics/incoming/gab/Изи.xlsx;Данные по картриджам!r1284;4064fa397384d687b0349dbae769c7d4a21c54bf65a712f6c31981a966b8f971
2357;37.0;20.0;15.0;50.6;20.0;12.5;-13.6 / 0.0 / 2.5;11.1;12.65;-1.55;3;В;2;/opt/mp-analytics/incoming/gab/САКУРА АБДУЛ 05.06.xlsx;Лазерная Sakura!r252;ddbb1c580ba3ed878627b3d8dbea6c97710c4682804b2638b792149bf490915a
2358;37.0;20.0;15.0;50.0;22.0;16.0;-13.0 / -2.0 / -1.0;11.1;17.6;-6.5;3;В;3;/opt/mp-analytics/incoming/gab/Изи.xlsx;Данные по картриджам!r695;4064fa397384d687b0349dbae769c7d4a21c54bf65a712f6c31981a966b8f971
2359;37.0;20.0;15.0;30.3;11.0;10.1;6.7 / 9.0 / 4.9;11.1;3.366;7.734;1;Б;5;/opt/mp-analytics/incoming/gab/САКУРА АБДУЛ 05.06.xlsx;Лазерная Sakura!r1215;ddbb1c580ba3ed878627b3d8dbea6c97710c4682804b2638b792149bf490915a
2360;37.0;20.0;15.0;35.0;13.5;10.7;2.0 / 6.5 / 4.3;11.1;5.056;6.044;4;Б;7;/opt/mp-analytics/incoming/gab/Изи.xlsx;Данные по картриджам!r188;4064fa397384d687b0349dbae769c7d4a21c54bf65a712f6c31981a966b8f971
2361;37.0;20.0;15.0;35.0;13.5;10.7;2.0 / 6.5 / 4.3;11.1;5.056;6.044;4;Б;1;/opt/mp-analytics/incoming/gab/Изи.xlsx;Данные по картриджам!r760;4064fa397384d687b0349dbae769c7d4a21c54bf65a712f6c31981a966b8f971
2362;37.0;20.0;15.0;35.0;13.5;10.5;2.0 / 6.5 / 4.5;11.1;4.961;6.139;4;Б;1;/opt/mp-analytics/incoming/gab/Изи.xlsx;Данные по картриджам!r762;4064fa397384d687b0349dbae769c7d4a21c54bf65a712f6c31981a966b8f971
2363;37.0;20.0;15.0;35.0;13.5;10.7;2.0 / 6.5 / 4.3;11.1;5.056;6.044;4;Б;1;/opt/mp-analytics/incoming/gab/Изи.xlsx;Данные по картриджам!r764;4064fa397384d687b0349dbae769c7d4a21c54bf65a712f6c31981a966b8f971
2365;37.0;20.0;15.0;32.8;11.7;10.7;4.2 / 8.3 / 4.3;11.1;4.106;6.994;2;Б;7;/opt/mp-analytics/incoming/gab/САКУРА АБДУЛ 05.06.xlsx;Лазерная Sakura!r999;ddbb1c580ba3ed878627b3d8dbea6c97710c4682804b2638b792149bf490915a
2366;37.0;20.0;15.0;42.5;11.5;10.0;-5.5 / 8.5 / 5.0;11.1;4.888;6.212;2;Б;2;/opt/mp-analytics/incoming/gab/САКУРА АБДУЛ 05.06.xlsx;Лазерная Sakura!r890;ddbb1c580ba3ed878627b3d8dbea6c97710c4682804b2638b792149bf490915a
2369;37.0;20.0;15.0;34.5;24.0;11.0;2.5 / -4.0 / 4.0;11.1;9.108;1.992;3;Б;3;/opt/mp-analytics/incoming/gab/Изи.xlsx;Данные по картриджам!r274;4064fa397384d687b0349dbae769c7d4a21c54bf65a712f6c31981a966b8f971
2371;37.0;20.0;15.0;37.0;9.0;9.0;0.0 / 11.0 / 6.0;11.1;2.997;8.103;3;Б;5;/opt/mp-analytics/incoming/gab/Вся расходка Китай РФ Cactus GG PR.xlsx;Лист1!r3610;d0488dd393f71b9cb95cf51390c2aba1ef902bcac7a8eb2f95247679cc1d25fc
2372;37.0;20.0;15.0;55.0;9.3;9.3;-18.0 / 10.7 / 5.7;11.1;4.757;6.343;1;Б;7;/opt/mp-analytics/incoming/gab/Вся расходка Китай РФ Cactus GG PR.xlsx;Лист1!r2385;d0488dd393f71b9cb95cf51390c2aba1ef902bcac7a8eb2f95247679cc1d25fc
2373;37.0;20.0;15.0;55.0;9.3;9.3;-18.0 / 10.7 / 5.7;11.1;4.757;6.343;1;Б;1;/opt/mp-analytics/incoming/gab/Вся расходка Китай РФ Cactus GG PR.xlsx;Лист1!r2386;d0488dd393f71b9cb95cf51390c2aba1ef902bcac7a8eb2f95247679cc1d25fc
2374;37.0;20.0;15.0;55.0;9.3;9.3;-18.0 / 10.7 / 5.7;11.1;4.757;6.343;1;Б;1;/opt/mp-analytics/incoming/gab/Вся расходка Китай РФ Cactus GG PR.xlsx;Лист1!r2387;d0488dd393f71b9cb95cf51390c2aba1ef902bcac7a8eb2f95247679cc1d25fc
2375;37.0;20.0;15.0;55.0;9.3;9.3;-18.0 / 10.7 / 5.7;11.1;4.757;6.343;1;Б;1;/opt/mp-analytics/incoming/gab/Вся расходка Китай РФ Cactus GG PR.xlsx;Лист1!r2388;d0488dd393f71b9cb95cf51390c2aba1ef902bcac7a8eb2f95247679cc1d25fc
2386;15.0;10.0;10.0;9.3;6.8;2.5;5.7 / 3.2 / 7.5;1.5;0.158;1.342;1;Б;3;/opt/mp-analytics/incoming/gab/Вся расходка Китай РФ Cactus GG PR.xlsx;Лист1!r1911;d0488dd393f71b9cb95cf51390c2aba1ef902bcac7a8eb2f95247679cc1d25fc
2388;37.0;20.0;15.0;34.0;18.0;13.0;3.0 / 2.0 / 2.0;11.1;7.956;3.144;4;Б;6;/opt/mp-analytics/incoming/gab/Изи.xlsx;Данные по картриджам!r1170;4064fa397384d687b0349dbae769c7d4a21c54bf65a712f6c31981a966b8f971
2389;37.0;20.0;15.0;34.0;18.0;13.0;3.0 / 2.0 / 2.0;11.1;7.956;3.144;4;Б;1;/opt/mp-analytics/incoming/gab/Изи.xlsx;Данные по картриджам!r1171;4064fa397384d687b0349dbae769c7d4a21c54bf65a712f6c31981a966b8f971
2390;37.0;20.0;15.0;34.0;18.0;13.0;3.0 / 2.0 / 2.0;11.1;7.956;3.144;4;Б;1;/opt/mp-analytics/incoming/gab/Изи.xlsx;Данные по картриджам!r1172;4064fa397384d687b0349dbae769c7d4a21c54bf65a712f6c31981a966b8f971
2391;37.0;20.0;15.0;34.0;18.0;13.0;3.0 / 2.0 / 2.0;11.1;7.956;3.144;4;Б;1;/opt/mp-analytics/incoming/gab/Изи.xlsx;Данные по картриджам!r1173;4064fa397384d687b0349dbae769c7d4a21c54bf65a712f6c31981a966b8f971
2395;8.0;8.0;5.0;8.2;7.5;4.0;-0.2 / 0.5 / 1.0;0.32;0.246;0.074;2;А;18;/opt/mp-analytics/incoming/gab/Вся расходка Китай РФ Cactus GG PR.xlsx;Лист1!r1419;d0488dd393f71b9cb95cf51390c2aba1ef902bcac7a8eb2f95247679cc1d25fc
2396;37.0;20.0;15.0;56.5;24.0;14.5;-19.5 / -4.0 / 0.5;11.1;19.662;-8.562;2;В;1;/opt/mp-analytics/incoming/gab/Вся расходка Китай РФ Cactus GG PR.xlsx;Лист1!r4348;d0488dd393f71b9cb95cf51390c2aba1ef902bcac7a8eb2f95247679cc1d25fc
2397;37.0;20.0;15.0;56.5;24.0;14.5;-19.5 / -4.0 / 0.5;11.1;19.662;-8.562;2;В;1;/opt/mp-analytics/incoming/gab/Вся расходка Китай РФ Cactus GG PR.xlsx;Лист1!r4349;d0488dd393f71b9cb95cf51390c2aba1ef902bcac7a8eb2f95247679cc1d25fc
2398;37.0;20.0;15.0;56.5;24.0;14.5;-19.5 / -4.0 / 0.5;11.1;19.662;-8.562;2;В;1;/opt/mp-analytics/incoming/gab/Вся расходка Китай РФ Cactus GG PR.xlsx;Лист1!r4350;d0488dd393f71b9cb95cf51390c2aba1ef902bcac7a8eb2f95247679cc1d25fc
2400;37.0;20.0;15.0;32.8;16.9;12.8;4.2 / 3.1 / 2.2;11.1;7.095;4.005;3;Б;5;/opt/mp-analytics/incoming/gab/САКУРА АБДУЛ 05.06.xlsx;Лазерная Sakura!r507;ddbb1c580ba3ed878627b3d8dbea6c97710c4682804b2638b792149bf490915a
2401;36.0;20.0;15.0;31.5;14.0;14.0;4.5 / 6.0 / 1.0;10.8;6.174;4.626;4;Б;1;/opt/mp-analytics/incoming/gab/Изи.xlsx;Данные по картриджам!r1075;4064fa397384d687b0349dbae769c7d4a21c54bf65a712f6c31981a966b8f971
2402;36.0;20.0;15.0;31.5;14.0;14.0;4.5 / 6.0 / 1.0;10.8;6.174;4.626;4;Б;1;/opt/mp-analytics/incoming/gab/Изи.xlsx;Данные по картриджам!r1077;4064fa397384d687b0349dbae769c7d4a21c54bf65a712f6c31981a966b8f971
2403;36.0;20.0;15.0;31.5;14.0;14.0;4.5 / 6.0 / 1.0;10.8;6.174;4.626;4;Б;1;/opt/mp-analytics/incoming/gab/Изи.xlsx;Данные по картриджам!r1078;4064fa397384d687b0349dbae769c7d4a21c54bf65a712f6c31981a966b8f971
2405;37.0;20.0;15.0;33.3;16.8;12.3;3.7 / 3.2 / 2.7;11.1;6.881;4.219;3;Б;4;/opt/mp-analytics/incoming/gab/САКУРА АБДУЛ 05.06.xlsx;Лазерная Sakura!r544;ddbb1c580ba3ed878627b3d8dbea6c97710c4682804b2638b792149bf490915a
2406;37.0;20.0;15.0;32.0;14.5;12.0;5.0 / 5.5 / 3.0;11.1;5.568;5.532;3;Б;1;/opt/mp-analytics/incoming/gab/Изи.xlsx;Данные по картриджам!r1348;4064fa397384d687b0349dbae769c7d4a21c54bf65a712f6c31981a966b8f971
2407;37.0;20.0;15.0;32.0;14.5;12.0;5.0 / 5.5 / 3.0;11.1;5.568;5.532;3;Б;1;/opt/mp-analytics/incoming/gab/Изи.xlsx;Данные по картриджам!r1349;4064fa397384d687b0349dbae769c7d4a21c54bf65a712f6c31981a966b8f971
2408;37.0;20.0;15.0;32.0;14.5;12.0;5.0 / 5.5 / 3.0;11.1;5.568;5.532;3;Б;1;/opt/mp-analytics/incoming/gab/Изи.xlsx;Данные по картриджам!r1350;4064fa397384d687b0349dbae769c7d4a21c54bf65a712f6c31981a966b8f971
2410;37.0;20.0;15.0;46.9;25.2;12.8;-9.9 / -5.2 / 2.2;11.1;15.128;-4.028;3;В;3;/opt/mp-analytics/incoming/gab/САКУРА АБДУЛ 05.06.xlsx;Лазерная Sakura!r119;ddbb1c580ba3ed878627b3d8dbea6c97710c4682804b2638b792149bf490915a
2416;37.0;20.0;15.0;55.0;9.3;9.3;-18.0 / 10.7 / 5.7;11.1;4.757;6.343;1;Б;3;/opt/mp-analytics/incoming/gab/Вся расходка Китай РФ Cactus GG PR.xlsx;Лист1!r2380;d0488dd393f71b9cb95cf51390c2aba1ef902bcac7a8eb2f95247679cc1d25fc
2417;37.0;20.0;15.0;55.0;9.0;8.0;-18.0 / 11.0 / 7.0;11.1;3.96;7.14;1;Б;1;/opt/mp-analytics/incoming/gab/Вся расходка Китай РФ Cactus GG PR.xlsx;Лист1!r975;d0488dd393f71b9cb95cf51390c2aba1ef902bcac7a8eb2f95247679cc1d25fc
2426;37.0;20.0;15.0;58.4;9.4;9.3;-21.4 / 10.6 / 5.7;11.1;5.105;5.995;2;Б;6;/opt/mp-analytics/incoming/gab/САКУРА АБДУЛ 05.06.xlsx;Лазерная Sakura!r827;ddbb1c580ba3ed878627b3d8dbea6c97710c4682804b2638b792149bf490915a
2427;37.0;20.0;15.0;58.5;9.6;9.3;-21.5 / 10.4 / 5.7;11.1;5.223;5.877;2;Б;1;/opt/mp-analytics/incoming/gab/САКУРА АБДУЛ 05.06.xlsx;Лазерная Sakura!r830;ddbb1c580ba3ed878627b3d8dbea6c97710c4682804b2638b792149bf490915a
2428;37.0;20.0;15.0;58.7;9.4;9.3;-21.7 / 10.6 / 5.7;11.1;5.132;5.968;2;Б;1;/opt/mp-analytics/incoming/gab/САКУРА АБДУЛ 05.06.xlsx;Лазерная Sakura!r828;ddbb1c580ba3ed878627b3d8dbea6c97710c4682804b2638b792149bf490915a
2429;37.0;20.0;15.0;58.3;9.5;9.2;-21.3 / 10.5 / 5.8;11.1;5.095;6.005;2;Б;1;/opt/mp-analytics/incoming/gab/САКУРА АБДУЛ 05.06.xlsx;Лазерная Sakura!r829;ddbb1c580ba3ed878627b3d8dbea6c97710c4682804b2638b792149bf490915a
2439;37.0;20.0;15.0;55.0;9.5;9.5;-18.0 / 10.5 / 5.5;11.1;4.964;6.136;3;Б;7;/opt/mp-analytics/incoming/gab/Вся расходка Китай РФ Cactus GG PR.xlsx;Лист1!r3630;d0488dd393f71b9cb95cf51390c2aba1ef902bcac7a8eb2f95247679cc1d25fc
2451;37.0;20.0;15.0;43.0;27.5;16.0;-6.0 / -7.5 / -1.0;11.1;18.92;-7.82;4;В;1;/opt/mp-analytics/incoming/gab/САКУРА АБДУЛ 05.06.xlsx;Лазерная Sakura!r78;ddbb1c580ba3ed878627b3d8dbea6c97710c4682804b2638b792149bf490915a
2483;37.0;20.0;15.0;37.8;25.6;14.4;-0.8 / -5.6 / 0.6;11.1;13.935;-2.835;2;В;3;/opt/mp-analytics/incoming/gab/САКУРА АБДУЛ 05.06.xlsx;Лазерная Sakura!r158;ddbb1c580ba3ed878627b3d8dbea6c97710c4682804b2638b792149bf490915a
2485;37.0;20.0;15.0;33.0;16.8;12.9;4.0 / 3.2 / 2.1;11.1;7.152;3.948;1;Б;9;/opt/mp-analytics/incoming/gab/САКУРА АБДУЛ 05.06.xlsx;Лазерная Sakura!r485;ddbb1c580ba3ed878627b3d8dbea6c97710c4682804b2638b792149bf490915a
2507;37.0;20.0;15.0;51.0;25.0;11.0;-14.0 / -5.0 / 4.0;11.1;14.025;-2.925;1;В;3;/opt/mp-analytics/incoming/gab/Вся расходка Китай РФ Cactus GG PR.xlsx;Лист1!r2452;d0488dd393f71b9cb95cf51390c2aba1ef902bcac7a8eb2f95247679cc1d25fc
2607;20.0;10.0;10.0;13.0;4.5;4.5;7.0 / 5.5 / 5.5;2.0;0.263;1.737;2;Б;31;/opt/mp-analytics/incoming/gab/Вся расходка Китай РФ Cactus GG PR.xlsx;Лист1!r3351;d0488dd393f71b9cb95cf51390c2aba1ef902bcac7a8eb2f95247679cc1d25fc
2608;10.0;8.0;5.0;13.0;4.5;4.5;-3.0 / 3.5 / 0.5;0.4;0.263;0.137;3;Б;1;/opt/mp-analytics/incoming/gab/Вся расходка Китай РФ Cactus GG PR.xlsx;Лист1!r3352;d0488dd393f71b9cb95cf51390c2aba1ef902bcac7a8eb2f95247679cc1d25fc
2609;10.0;8.0;5.0;13.0;4.5;4.5;-3.0 / 3.5 / 0.5;0.4;0.263;0.137;3;Б;1;/opt/mp-analytics/incoming/gab/Вся расходка Китай РФ Cactus GG PR.xlsx;Лист1!r3353;d0488dd393f71b9cb95cf51390c2aba1ef902bcac7a8eb2f95247679cc1d25fc
2610;10.0;8.0;5.0;13.0;6.0;6.0;-3.0 / 2.0 / -1.0;0.4;0.468;-0.068;3;В;1;/opt/mp-analytics/incoming/gab/Вся расходка Китай РФ Cactus GG PR.xlsx;Лист1!r2790;d0488dd393f71b9cb95cf51390c2aba1ef902bcac7a8eb2f95247679cc1d25fc
2611;10.0;10.0;10.0;20.0;13.0;5.0;-10.0 / -3.0 / 5.0;1.0;1.3;-0.3;2;В;1;/opt/mp-analytics/incoming/gab/Вся расходка Китай РФ Cactus GG PR.xlsx;Лист1!r1748;d0488dd393f71b9cb95cf51390c2aba1ef902bcac7a8eb2f95247679cc1d25fc
2627;60.0;32.0;17.0;56.5;24.0;14.5;3.5 / 8.0 / 2.5;32.64;19.662;12.978;2;Б;2;/opt/mp-analytics/incoming/gab/Вся расходка Китай РФ Cactus GG PR.xlsx;Лист1!r4347;d0488dd393f71b9cb95cf51390c2aba1ef902bcac7a8eb2f95247679cc1d25fc
2633;37.0;20.0;15.0;55.0;9.5;9.5;-18.0 / 10.5 / 5.5;11.1;4.964;6.136;3;Б;3;/opt/mp-analytics/incoming/gab/Вся расходка Китай РФ Cactus GG PR.xlsx;Лист1!r3652;d0488dd393f71b9cb95cf51390c2aba1ef902bcac7a8eb2f95247679cc1d25fc
2634;37.0;20.0;15.0;55.0;9.5;9.5;-18.0 / 10.5 / 5.5;11.1;4.964;6.136;4;Б;1;/opt/mp-analytics/incoming/gab/Вся расходка Китай РФ Cactus GG PR.xlsx;Лист1!r3653;d0488dd393f71b9cb95cf51390c2aba1ef902bcac7a8eb2f95247679cc1d25fc
2635;37.0;20.0;15.0;55.0;9.5;9.5;-18.0 / 10.5 / 5.5;11.1;4.964;6.136;4;Б;1;/opt/mp-analytics/incoming/gab/Вся расходка Китай РФ Cactus GG PR.xlsx;Лист1!r3654;d0488dd393f71b9cb95cf51390c2aba1ef902bcac7a8eb2f95247679cc1d25fc
2636;37.0;20.0;15.0;55.0;9.5;9.5;-18.0 / 10.5 / 5.5;11.1;4.964;6.136;4;Б;1;/opt/mp-analytics/incoming/gab/Вся расходка Китай РФ Cactus GG PR.xlsx;Лист1!r3655;d0488dd393f71b9cb95cf51390c2aba1ef902bcac7a8eb2f95247679cc1d25fc
2638;37.0;20.0;15.0;58.5;9.6;9.5;-21.5 / 10.4 / 5.5;11.1;5.335;5.765;3;Б;4;/opt/mp-analytics/incoming/gab/САКУРА АБДУЛ 05.06.xlsx;Лазерная Sakura!r777;ddbb1c580ba3ed878627b3d8dbea6c97710c4682804b2638b792149bf490915a
2639;37.0;20.0;15.0;37.0;15.0;9.0;0.0 / 5.0 / 6.0;11.1;4.995;6.105;3;Б;1;/opt/mp-analytics/incoming/gab/САКУРА АБДУЛ 05.06.xlsx;Лазерная Sakura!r778;ddbb1c580ba3ed878627b3d8dbea6c97710c4682804b2638b792149bf490915a
2640;37.0;20.0;15.0;37.0;15.0;9.0;0.0 / 5.0 / 6.0;11.1;4.995;6.105;3;Б;1;/opt/mp-analytics/incoming/gab/САКУРА АБДУЛ 05.06.xlsx;Лазерная Sakura!r779;ddbb1c580ba3ed878627b3d8dbea6c97710c4682804b2638b792149bf490915a
2641;37.0;20.0;15.0;37.0;15.0;9.0;0.0 / 5.0 / 6.0;11.1;4.995;6.105;3;Б;1;/opt/mp-analytics/incoming/gab/САКУРА АБДУЛ 05.06.xlsx;Лазерная Sakura!r780;ddbb1c580ba3ed878627b3d8dbea6c97710c4682804b2638b792149bf490915a
2650;37.0;20.0;15.0;35.2;17.3;12.1;1.8 / 2.7 / 2.9;11.1;7.368;3.732;2;Б;5;/opt/mp-analytics/incoming/gab/САКУРА АБДУЛ 05.06.xlsx;Лазерная Sakura!r466;ddbb1c580ba3ed878627b3d8dbea6c97710c4682804b2638b792149bf490915a
2651;36.0;20.0;15.0;34.9;17.4;12.3;1.1 / 2.6 / 2.7;10.8;7.469;3.331;2;Б;1;/opt/mp-analytics/incoming/gab/САКУРА АБДУЛ 05.06.xlsx;Лазерная Sakura!r467;ddbb1c580ba3ed878627b3d8dbea6c97710c4682804b2638b792149bf490915a
2652;36.0;20.0;15.0;34.9;17.4;12.3;1.1 / 2.6 / 2.7;10.8;7.469;3.331;2;Б;1;/opt/mp-analytics/incoming/gab/САКУРА АБДУЛ 05.06.xlsx;Лазерная Sakura!r468;ddbb1c580ba3ed878627b3d8dbea6c97710c4682804b2638b792149bf490915a
2653;36.0;20.0;15.0;34.9;17.4;12.3;1.1 / 2.6 / 2.7;10.8;7.469;3.331;2;Б;1;/opt/mp-analytics/incoming/gab/САКУРА АБДУЛ 05.06.xlsx;Лазерная Sakura!r469;ddbb1c580ba3ed878627b3d8dbea6c97710c4682804b2638b792149bf490915a
2671;37.0;20.0;15.0;35.6;20.7;11.1;1.4 / -0.7 / 3.9;11.1;8.18;2.92;3;Б;16;/opt/mp-analytics/incoming/gab/САКУРА АБДУЛ 05.06.xlsx;Лазерная Sakura!r344;ddbb1c580ba3ed878627b3d8dbea6c97710c4682804b2638b792149bf490915a
2672;37.0;20.0;15.0;33.2;16.9;12.5;3.8 / 3.1 / 2.5;11.1;7.014;4.086;2;Б;8;/opt/mp-analytics/incoming/gab/САКУРА АБДУЛ 05.06.xlsx;Лазерная Sakura!r520;ddbb1c580ba3ed878627b3d8dbea6c97710c4682804b2638b792149bf490915a
2705;15.0;10.0;8.0;8.5;7.5;4.0;6.5 / 2.5 / 4.0;1.2;0.255;0.945;3;Б;9;/opt/mp-analytics/incoming/gab/Изи.xlsx;Данные по картриджам!r528;4064fa397384d687b0349dbae769c7d4a21c54bf65a712f6c31981a966b8f971
2706;15.0;10.0;8.0;8.5;7.5;4.0;6.5 / 2.5 / 4.0;1.2;0.255;0.945;3;Б;1;/opt/mp-analytics/incoming/gab/Изи.xlsx;Данные по картриджам!r527;4064fa397384d687b0349dbae769c7d4a21c54bf65a712f6c31981a966b8f971
2707;10.0;10.0;10.0;12.5;4.5;4.5;-2.5 / 5.5 / 5.5;1.0;0.253;0.747;1;Б;1;/opt/mp-analytics/incoming/gab/Изи.xlsx;Данные по картриджам!r1613;4064fa397384d687b0349dbae769c7d4a21c54bf65a712f6c31981a966b8f971
2720;37.0;20.0;15.0;33.4;16.8;12.6;3.6 / 3.2 / 2.4;11.1;7.07;4.03;3;Б;2;/opt/mp-analytics/incoming/gab/САКУРА АБДУЛ 05.06.xlsx;Лазерная Sakura!r511;ddbb1c580ba3ed878627b3d8dbea6c97710c4682804b2638b792149bf490915a
2721;37.0;20.0;15.0;31.5;14.0;11.0;5.5 / 6.0 / 4.0;11.1;4.851;6.249;2;Б;1;/opt/mp-analytics/incoming/gab/Вся расходка Китай РФ Cactus GG PR.xlsx;Лист1!r3501;d0488dd393f71b9cb95cf51390c2aba1ef902bcac7a8eb2f95247679cc1d25fc
2722;37.0;20.0;15.0;33.7;16.9;12.2;3.3 / 3.1 / 2.8;11.1;6.948;4.152;3;Б;1;/opt/mp-analytics/incoming/gab/САКУРА АБДУЛ 05.06.xlsx;Лазерная Sakura!r514;ddbb1c580ba3ed878627b3d8dbea6c97710c4682804b2638b792149bf490915a
2723;37.0;20.0;15.0;33.6;16.9;12.0;3.4 / 3.1 / 3.0;11.1;6.814;4.286;3;Б;1;/opt/mp-analytics/incoming/gab/САКУРА АБДУЛ 05.06.xlsx;Лазерная Sakura!r513;ddbb1c580ba3ed878627b3d8dbea6c97710c4682804b2638b792149bf490915a
2725;37.0;20.0;15.0;33.0;17.0;12.0;4.0 / 3.0 / 3.0;11.1;6.732;4.368;2;Б;3;/opt/mp-analytics/incoming/gab/САКУРА АБДУЛ 05.06.xlsx;Лазерная Sakura!r574;ddbb1c580ba3ed878627b3d8dbea6c97710c4682804b2638b792149bf490915a
2726;37.0;20.0;15.0;30.6;7.1;6.2;6.4 / 12.9 / 8.8;11.1;1.347;9.753;2;Б;1;/opt/mp-analytics/incoming/gab/САКУРА АБДУЛ 05.06.xlsx;Лазерная Sakura!r575;ddbb1c580ba3ed878627b3d8dbea6c97710c4682804b2638b792149bf490915a
2727;37.0;20.0;15.0;30.4;7.1;6.3;6.6 / 12.9 / 8.7;11.1;1.36;9.74;2;Б;1;/opt/mp-analytics/incoming/gab/САКУРА АБДУЛ 05.06.xlsx;Лазерная Sakura!r576;ddbb1c580ba3ed878627b3d8dbea6c97710c4682804b2638b792149bf490915a
2728;37.0;20.0;15.0;30.6;7.0;6.2;6.4 / 13.0 / 8.8;11.1;1.328;9.772;2;Б;1;/opt/mp-analytics/incoming/gab/САКУРА АБДУЛ 05.06.xlsx;Лазерная Sakura!r577;ddbb1c580ba3ed878627b3d8dbea6c97710c4682804b2638b792149bf490915a
2730;10.0;8.0;5.0;9.3;7.0;2.3;0.7 / 1.0 / 2.7;0.4;0.15;0.25;2;Б;103;/opt/mp-analytics/incoming/gab/Вся расходка Китай РФ Cactus GG PR.xlsx;Лист1!r1920;d0488dd393f71b9cb95cf51390c2aba1ef902bcac7a8eb2f95247679cc1d25fc
2731;10.0;8.0;5.0;9.3;7.0;2.3;0.7 / 1.0 / 2.7;0.4;0.15;0.25;2;Б;1;/opt/mp-analytics/incoming/gab/Вся расходка Китай РФ Cactus GG PR.xlsx;Лист1!r1953;d0488dd393f71b9cb95cf51390c2aba1ef902bcac7a8eb2f95247679cc1d25fc
2732;10.0;8.0;5.0;9.3;7.0;2.3;0.7 / 1.0 / 2.7;0.4;0.15;0.25;2;Б;1;/opt/mp-analytics/incoming/gab/Вся расходка Китай РФ Cactus GG PR.xlsx;Лист1!r1940;d0488dd393f71b9cb95cf51390c2aba1ef902bcac7a8eb2f95247679cc1d25fc
2733;10.0;8.0;5.0;9.3;7.0;2.7;0.7 / 1.0 / 2.3;0.4;0.176;0.224;2;Б;1;/opt/mp-analytics/incoming/gab/Вся расходка Китай РФ Cactus GG PR.xlsx;Лист1!r1947;d0488dd393f71b9cb95cf51390c2aba1ef902bcac7a8eb2f95247679cc1d25fc
2735;10.0;8.0;5.0;9.3;7.0;2.3;0.7 / 1.0 / 2.7;0.4;0.15;0.25;2;Б;1;/opt/mp-analytics/incoming/gab/Вся расходка Китай РФ Cactus GG PR.xlsx;Лист1!r1933;d0488dd393f71b9cb95cf51390c2aba1ef902bcac7a8eb2f95247679cc1d25fc
2736;10.0;8.0;5.0;9.3;7.0;2.3;0.7 / 1.0 / 2.7;0.4;0.15;0.25;2;Б;1;/opt/mp-analytics/incoming/gab/Вся расходка Китай РФ Cactus GG PR.xlsx;Лист1!r1917;d0488dd393f71b9cb95cf51390c2aba1ef902bcac7a8eb2f95247679cc1d25fc
2737;10.0;8.0;5.0;9.3;7.0;2.3;0.7 / 1.0 / 2.7;0.4;0.15;0.25;2;Б;1;/opt/mp-analytics/incoming/gab/Вся расходка Китай РФ Cactus GG PR.xlsx;Лист1!r1916;d0488dd393f71b9cb95cf51390c2aba1ef902bcac7a8eb2f95247679cc1d25fc
2738;10.0;8.0;5.0;9.3;7.0;2.7;0.7 / 1.0 / 2.3;0.4;0.176;0.224;2;Б;1;/opt/mp-analytics/incoming/gab/Вся расходка Китай РФ Cactus GG PR.xlsx;Лист1!r1918;d0488dd393f71b9cb95cf51390c2aba1ef902bcac7a8eb2f95247679cc1d25fc
2739;10.0;8.0;5.0;9.3;7.0;3.3;0.7 / 1.0 / 1.7;0.4;0.215;0.185;2;А;1;/opt/mp-analytics/incoming/gab/Вся расходка Китай РФ Cactus GG PR.xlsx;Лист1!r1925;d0488dd393f71b9cb95cf51390c2aba1ef902bcac7a8eb2f95247679cc1d25fc
2742;10.0;8.0;5.0;9.3;7.0;2.3;0.7 / 1.0 / 2.7;0.4;0.15;0.25;2;Б;1;/opt/mp-analytics/incoming/gab/Вся расходка Китай РФ Cactus GG PR.xlsx;Лист1!r1941;d0488dd393f71b9cb95cf51390c2aba1ef902bcac7a8eb2f95247679cc1d25fc
2745;10.0;8.0;5.0;9.3;7.0;2.3;0.7 / 1.0 / 2.7;0.4;0.15;0.25;2;Б;1;/opt/mp-analytics/incoming/gab/Вся расходка Китай РФ Cactus GG PR.xlsx;Лист1!r1936;d0488dd393f71b9cb95cf51390c2aba1ef902bcac7a8eb2f95247679cc1d25fc
2746;10.0;8.0;5.0;9.3;7.0;2.3;0.7 / 1.0 / 2.7;0.4;0.15;0.25;2;Б;1;/opt/mp-analytics/incoming/gab/Вся расходка Китай РФ Cactus GG PR.xlsx;Лист1!r1931;d0488dd393f71b9cb95cf51390c2aba1ef902bcac7a8eb2f95247679cc1d25fc
2747;10.0;8.0;5.0;9.3;7.0;2.3;0.7 / 1.0 / 2.7;0.4;0.15;0.25;2;Б;1;/opt/mp-analytics/incoming/gab/Вся расходка Китай РФ Cactus GG PR.xlsx;Лист1!r1922;d0488dd393f71b9cb95cf51390c2aba1ef902bcac7a8eb2f95247679cc1d25fc
2748;10.0;8.0;5.0;9.3;7.0;2.7;0.7 / 1.0 / 2.3;0.4;0.176;0.224;2;Б;1;/opt/mp-analytics/incoming/gab/Вся расходка Китай РФ Cactus GG PR.xlsx;Лист1!r1939;d0488dd393f71b9cb95cf51390c2aba1ef902bcac7a8eb2f95247679cc1d25fc
2749;10.0;8.0;5.0;9.3;7.0;3.3;0.7 / 1.0 / 1.7;0.4;0.215;0.185;2;А;1;/opt/mp-analytics/incoming/gab/Вся расходка Китай РФ Cactus GG PR.xlsx;Лист1!r1928;d0488dd393f71b9cb95cf51390c2aba1ef902bcac7a8eb2f95247679cc1d25fc
2750;37.0;20.0;15.0;34.5;24.5;12.5;2.5 / -4.5 / 2.5;11.1;10.566;0.534;2;Б;1;/opt/mp-analytics/incoming/gab/Изи.xlsx;Данные по картриджам!r4;4064fa397384d687b0349dbae769c7d4a21c54bf65a712f6c31981a966b8f971
2759;37.0;20.0;15.0;33.1;16.6;12.3;3.9 / 3.4 / 2.7;11.1;6.758;4.342;1;Б;4;/opt/mp-analytics/incoming/gab/САКУРА АБДУЛ 05.06.xlsx;Лазерная Sakura!r483;ddbb1c580ba3ed878627b3d8dbea6c97710c4682804b2638b792149bf490915a
2765;37.0;20.0;15.0;58.4;9.4;9.1;-21.4 / 10.6 / 5.9;11.1;4.996;6.104;3;Б;2;/opt/mp-analytics/incoming/gab/САКУРА АБДУЛ 05.06.xlsx;Лазерная Sakura!r885;ddbb1c580ba3ed878627b3d8dbea6c97710c4682804b2638b792149bf490915a
2766;37.0;20.0;15.0;58.2;9.3;9.2;-21.2 / 10.7 / 5.8;11.1;4.98;6.12;3;Б;1;/opt/mp-analytics/incoming/gab/САКУРА АБДУЛ 05.06.xlsx;Лазерная Sakura!r886;ddbb1c580ba3ed878627b3d8dbea6c97710c4682804b2638b792149bf490915a
2767;37.0;20.0;15.0;58.2;9.3;9.2;-21.2 / 10.7 / 5.8;11.1;4.98;6.12;3;Б;1;/opt/mp-analytics/incoming/gab/САКУРА АБДУЛ 05.06.xlsx;Лазерная Sakura!r887;ddbb1c580ba3ed878627b3d8dbea6c97710c4682804b2638b792149bf490915a
2768;37.0;20.0;15.0;58.2;9.3;9.2;-21.2 / 10.7 / 5.8;11.1;4.98;6.12;3;Б;1;/opt/mp-analytics/incoming/gab/САКУРА АБДУЛ 05.06.xlsx;Лазерная Sakura!r888;ddbb1c580ba3ed878627b3d8dbea6c97710c4682804b2638b792149bf490915a
2770;37.0;20.0;15.0;55.0;9.5;9.5;-18.0 / 10.5 / 5.5;11.1;4.964;6.136;3;Б;3;/opt/mp-analytics/incoming/gab/Вся расходка Китай РФ Cactus GG PR.xlsx;Лист1!r3564;d0488dd393f71b9cb95cf51390c2aba1ef902bcac7a8eb2f95247679cc1d25fc
2771;37.0;20.0;15.0;58.5;9.4;9.1;-21.5 / 10.6 / 5.9;11.1;5.004;6.096;3;Б;1;/opt/mp-analytics/incoming/gab/САКУРА АБДУЛ 05.06.xlsx;Лазерная Sakura!r879;ddbb1c580ba3ed878627b3d8dbea6c97710c4682804b2638b792149bf490915a
2772;37.0;20.0;15.0;55.0;9.5;9.5;-18.0 / 10.5 / 5.5;11.1;4.964;6.136;3;Б;1;/opt/mp-analytics/incoming/gab/Вся расходка Китай РФ Cactus GG PR.xlsx;Лист1!r3566;d0488dd393f71b9cb95cf51390c2aba1ef902bcac7a8eb2f95247679cc1d25fc
2773;37.0;20.0;15.0;58.6;9.4;9.2;-21.6 / 10.6 / 5.8;11.1;5.068;6.032;3;Б;1;/opt/mp-analytics/incoming/gab/САКУРА АБДУЛ 05.06.xlsx;Лазерная Sakura!r878;ddbb1c580ba3ed878627b3d8dbea6c97710c4682804b2638b792149bf490915a
2790;37.0;20.0;15.0;33.5;16.9;12.0;3.5 / 3.1 / 3.0;11.1;6.794;4.306;1;Б;3;/opt/mp-analytics/incoming/gab/САКУРА АБДУЛ 05.06.xlsx;Лазерная Sakura!r518;ddbb1c580ba3ed878627b3d8dbea6c97710c4682804b2638b792149bf490915a
2792;37.0;20.0;15.0;33.0;23.0;13.0;4.0 / -3.0 / 2.0;11.1;9.867;1.233;1;Б;1;/opt/mp-analytics/incoming/gab/САКУРА АБДУЛ 05.06.xlsx;Лазерная Sakura!r394;ddbb1c580ba3ed878627b3d8dbea6c97710c4682804b2638b792149bf490915a
2860;10.0;8.0;5.0;15.5;9.0;4.0;-5.5 / -1.0 / 1.0;0.4;0.558;-0.158;3;В;1;/opt/mp-analytics/incoming/gab/Вся расходка Китай РФ Cactus GG PR.xlsx;Лист1!r1863;d0488dd393f71b9cb95cf51390c2aba1ef902bcac7a8eb2f95247679cc1d25fc
2861;10.0;8.0;5.0;15.5;9.0;4.0;-5.5 / -1.0 / 1.0;0.4;0.558;-0.158;3;В;1;/opt/mp-analytics/incoming/gab/Вся расходка Китай РФ Cactus GG PR.xlsx;Лист1!r1862;d0488dd393f71b9cb95cf51390c2aba1ef902bcac7a8eb2f95247679cc1d25fc
2862;10.0;8.0;5.0;15.5;9.0;4.0;-5.5 / -1.0 / 1.0;0.4;0.558;-0.158;3;В;1;/opt/mp-analytics/incoming/gab/Вся расходка Китай РФ Cactus GG PR.xlsx;Лист1!r1861;d0488dd393f71b9cb95cf51390c2aba1ef902bcac7a8eb2f95247679cc1d25fc
2863;10.0;8.0;5.0;15.5;9.0;4.0;-5.5 / -1.0 / 1.0;0.4;0.558;-0.158;3;В;1;/opt/mp-analytics/incoming/gab/Вся расходка Китай РФ Cactus GG PR.xlsx;Лист1!r1860;d0488dd393f71b9cb95cf51390c2aba1ef902bcac7a8eb2f95247679cc1d25fc
2864;10.0;8.0;5.0;15.5;9.0;4.0;-5.5 / -1.0 / 1.0;0.4;0.558;-0.158;3;В;1;/opt/mp-analytics/incoming/gab/Вся расходка Китай РФ Cactus GG PR.xlsx;Лист1!r1859;d0488dd393f71b9cb95cf51390c2aba1ef902bcac7a8eb2f95247679cc1d25fc
2865;10.0;8.0;5.0;23.0;12.0;4.0;-13.0 / -4.0 / 1.0;0.4;1.104;-0.704;2;В;1;/opt/mp-analytics/incoming/gab/Вся расходка Китай РФ Cactus GG PR.xlsx;Лист1!r1581;d0488dd393f71b9cb95cf51390c2aba1ef902bcac7a8eb2f95247679cc1d25fc
2884;37.0;20.0;15.0;55.0;9.5;9.5;-18.0 / 10.5 / 5.5;11.1;4.964;6.136;3;Б;1;/opt/mp-analytics/incoming/gab/Вся расходка Китай РФ Cactus GG PR.xlsx;Лист1!r3631;d0488dd393f71b9cb95cf51390c2aba1ef902bcac7a8eb2f95247679cc1d25fc
2885;37.0;20.0;15.0;55.0;9.5;9.5;-18.0 / 10.5 / 5.5;11.1;4.964;6.136;3;Б;1;/opt/mp-analytics/incoming/gab/Вся расходка Китай РФ Cactus GG PR.xlsx;Лист1!r3632;d0488dd393f71b9cb95cf51390c2aba1ef902bcac7a8eb2f95247679cc1d25fc
2886;37.0;20.0;15.0;55.0;9.5;9.5;-18.0 / 10.5 / 5.5;11.1;4.964;6.136;3;Б;1;/opt/mp-analytics/incoming/gab/Вся расходка Китай РФ Cactus GG PR.xlsx;Лист1!r3633;d0488dd393f71b9cb95cf51390c2aba1ef902bcac7a8eb2f95247679cc1d25fc
2894;15.0;5.0;5.0;50.0;17.0;13.0;-35.0 / -12.0 / -8.0;0.375;11.05;-10.675;2;В;8;/opt/mp-analytics/incoming/gab/Изи.xlsx;Данные по картриджам!r1352;4064fa397384d687b0349dbae769c7d4a21c54bf65a712f6c31981a966b8f971
2949;37.0;20.0;15.0;55.0;9.5;9.5;-18.0 / 10.5 / 5.5;11.1;4.964;6.136;1;Б;4;/opt/mp-analytics/incoming/gab/Вся расходка Китай РФ Cactus GG PR.xlsx;Лист1!r3646;d0488dd393f71b9cb95cf51390c2aba1ef902bcac7a8eb2f95247679cc1d25fc
2954;37.0;20.0;15.0;30.0;10.0;9.5;7.0 / 10.0 / 5.5;11.1;2.85;8.25;3;Б;3;/opt/mp-analytics/incoming/gab/Вся расходка Китай РФ Cactus GG PR.xlsx;Лист1!r330;d0488dd393f71b9cb95cf51390c2aba1ef902bcac7a8eb2f95247679cc1d25fc
2960;37.0;20.0;15.0;56.0;21.0;16.0;-19.0 / -1.0 / -1.0;11.1;18.816;-7.716;1;В;1;/opt/mp-analytics/incoming/gab/Изи.xlsx;Данные по картриджам!r1048;4064fa397384d687b0349dbae769c7d4a21c54bf65a712f6c31981a966b8f971
2961;37.0;20.0;15.0;42.5;9.0;8.5;-5.5 / 11.0 / 6.5;11.1;3.251;7.849;2;Б;1;/opt/mp-analytics/incoming/gab/САКУРА АБДУЛ 05.06.xlsx;Лазерная Sakura!r891;ddbb1c580ba3ed878627b3d8dbea6c97710c4682804b2638b792149bf490915a
2962;37.0;20.0;15.0;42.5;9.0;8.5;-5.5 / 11.0 / 6.5;11.1;3.251;7.849;2;Б;1;/opt/mp-analytics/incoming/gab/САКУРА АБДУЛ 05.06.xlsx;Лазерная Sakura!r892;ddbb1c580ba3ed878627b3d8dbea6c97710c4682804b2638b792149bf490915a
2963;37.0;20.0;15.0;42.5;9.0;8.5;-5.5 / 11.0 / 6.5;11.1;3.251;7.849;2;Б;1;/opt/mp-analytics/incoming/gab/САКУРА АБДУЛ 05.06.xlsx;Лазерная Sakura!r893;ddbb1c580ba3ed878627b3d8dbea6c97710c4682804b2638b792149bf490915a
2965;37.0;20.0;15.0;38.0;19.0;17.0;-1.0 / 1.0 / -2.0;11.1;12.274;-1.174;2;А;1;/opt/mp-analytics/incoming/gab/САКУРА АБДУЛ 05.06.xlsx;Лазерная Sakura!r278;ddbb1c580ba3ed878627b3d8dbea6c97710c4682804b2638b792149bf490915a
2968;37.0;20.0;15.0;37.8;25.6;14.6;-0.8 / -5.6 / 0.4;11.1;14.128;-3.028;2;В;1;/opt/mp-analytics/incoming/gab/САКУРА АБДУЛ 05.06.xlsx;Лазерная Sakura!r157;ddbb1c580ba3ed878627b3d8dbea6c97710c4682804b2638b792149bf490915a
2969;37.0;20.0;15.0;35.8;13.5;10.8;1.2 / 6.5 / 4.2;11.1;5.22;5.88;3;Б;7;/opt/mp-analytics/incoming/gab/САКУРА АБДУЛ 05.06.xlsx;Лазерная Sakura!r837;ddbb1c580ba3ed878627b3d8dbea6c97710c4682804b2638b792149bf490915a
2970;37.0;20.0;15.0;35.0;14.0;11.0;2.0 / 6.0 / 4.0;11.1;5.39;5.71;3;Б;7;/opt/mp-analytics/incoming/gab/Изи.xlsx;Данные по картриджам!r40;4064fa397384d687b0349dbae769c7d4a21c54bf65a712f6c31981a966b8f971
2971;37.0;20.0;15.0;30.6;11.5;9.6;6.4 / 8.5 / 5.4;11.1;3.378;7.722;3;Б;1;/opt/mp-analytics/incoming/gab/САКУРА АБДУЛ 05.06.xlsx;Лазерная Sakura!r1214;ddbb1c580ba3ed878627b3d8dbea6c97710c4682804b2638b792149bf490915a
2972;37.0;20.0;15.0;55.0;9.5;9.5;-18.0 / 10.5 / 5.5;11.1;4.964;6.136;1;Б;1;/opt/mp-analytics/incoming/gab/Вся расходка Китай РФ Cactus GG PR.xlsx;Лист1!r3713;d0488dd393f71b9cb95cf51390c2aba1ef902bcac7a8eb2f95247679cc1d25fc
2973;37.0;20.0;15.0;55.0;9.5;9.5;-18.0 / 10.5 / 5.5;11.1;4.964;6.136;1;Б;1;/opt/mp-analytics/incoming/gab/Вся расходка Китай РФ Cactus GG PR.xlsx;Лист1!r3715;d0488dd393f71b9cb95cf51390c2aba1ef902bcac7a8eb2f95247679cc1d25fc
2975;37.0;20.0;15.0;55.0;9.5;9.5;-18.0 / 10.5 / 5.5;11.1;4.964;6.136;1;Б;1;/opt/mp-analytics/incoming/gab/Вся расходка Китай РФ Cactus GG PR.xlsx;Лист1!r3714;d0488dd393f71b9cb95cf51390c2aba1ef902bcac7a8eb2f95247679cc1d25fc
2977;37.0;20.0;15.0;33.2;16.7;12.6;3.8 / 3.3 / 2.4;11.1;6.986;4.114;2;Б;1;/opt/mp-analytics/incoming/gab/САКУРА АБДУЛ 05.06.xlsx;Лазерная Sakura!r85;ddbb1c580ba3ed878627b3d8dbea6c97710c4682804b2638b792149bf490915a
2978;37.0;20.0;15.0;37.0;23.0;16.0;0.0 / -3.0 / -1.0;11.1;13.616;-2.516;4;В;6;/opt/mp-analytics/incoming/gab/Изи.xlsx;Данные по картриджам!r2020;4064fa397384d687b0349dbae769c7d4a21c54bf65a712f6c31981a966b8f971
2979;37.0;20.0;15.0;55.0;9.5;9.5;-18.0 / 10.5 / 5.5;11.1;4.964;6.136;3;Б;4;/opt/mp-analytics/incoming/gab/Вся расходка Китай РФ Cactus GG PR.xlsx;Лист1!r3755;d0488dd393f71b9cb95cf51390c2aba1ef902bcac7a8eb2f95247679cc1d25fc
2980;37.0;20.0;15.0;55.0;9.5;9.5;-18.0 / 10.5 / 5.5;11.1;4.964;6.136;3;Б;1;/opt/mp-analytics/incoming/gab/Вся расходка Китай РФ Cactus GG PR.xlsx;Лист1!r3758;d0488dd393f71b9cb95cf51390c2aba1ef902bcac7a8eb2f95247679cc1d25fc
2981;37.0;20.0;15.0;55.0;9.5;9.5;-18.0 / 10.5 / 5.5;11.1;4.964;6.136;3;Б;1;/opt/mp-analytics/incoming/gab/Вся расходка Китай РФ Cactus GG PR.xlsx;Лист1!r3757;d0488dd393f71b9cb95cf51390c2aba1ef902bcac7a8eb2f95247679cc1d25fc
2982;37.0;20.0;15.0;55.0;9.5;9.5;-18.0 / 10.5 / 5.5;11.1;4.964;6.136;3;Б;1;/opt/mp-analytics/incoming/gab/Вся расходка Китай РФ Cactus GG PR.xlsx;Лист1!r3756;d0488dd393f71b9cb95cf51390c2aba1ef902bcac7a8eb2f95247679cc1d25fc
2987;37.0;20.0;15.0;37.6;25.7;14.5;-0.6 / -5.7 / 0.5;11.1;14.012;-2.912;3;В;2;/opt/mp-analytics/incoming/gab/САКУРА АБДУЛ 05.06.xlsx;Лазерная Sakura!r176;ddbb1c580ba3ed878627b3d8dbea6c97710c4682804b2638b792149bf490915a
2988;37.0;20.0;15.0;35.0;25.0;13.0;2.0 / -5.0 / 2.0;11.1;11.375;-0.275;4;В;2;/opt/mp-analytics/incoming/gab/Изи.xlsx;Данные по картриджам!r1177;4064fa397384d687b0349dbae769c7d4a21c54bf65a712f6c31981a966b8f971
2989;37.0;20.0;15.0;33.7;20.2;9.3;3.3 / -0.2 / 5.7;11.1;6.331;4.769;2;Б;1;/opt/mp-analytics/incoming/gab/САКУРА АБДУЛ 05.06.xlsx;Лазерная Sakura!r625;ddbb1c580ba3ed878627b3d8dbea6c97710c4682804b2638b792149bf490915a
3015;37.0;20.0;15.0;32.0;15.5;14.0;5.0 / 4.5 / 1.0;11.1;6.944;4.156;3;Б;1;/opt/mp-analytics/incoming/gab/Вся расходка Китай РФ Cactus GG PR.xlsx;Лист1!r2341;d0488dd393f71b9cb95cf51390c2aba1ef902bcac7a8eb2f95247679cc1d25fc
3016;37.0;20.0;15.0;48.5;14.5;11.5;-11.5 / 5.5 / 3.5;11.1;8.087;3.013;1;Б;9;/opt/mp-analytics/incoming/gab/Вся расходка Китай РФ Cactus GG PR.xlsx;Лист1!r2396;d0488dd393f71b9cb95cf51390c2aba1ef902bcac7a8eb2f95247679cc1d25fc
3018;37.0;20.0;15.0;42.0;7.0;7.0;-5.0 / 13.0 / 8.0;11.1;2.058;9.042;2;Б;1;/opt/mp-analytics/incoming/gab/Изи.xlsx;Данные по картриджам!r1308;4064fa397384d687b0349dbae769c7d4a21c54bf65a712f6c31981a966b8f971
3019;37.0;20.0;15.0;42.0;7.0;7.0;-5.0 / 13.0 / 8.0;11.1;2.058;9.042;2;Б;1;/opt/mp-analytics/incoming/gab/Изи.xlsx;Данные по картриджам!r1307;4064fa397384d687b0349dbae769c7d4a21c54bf65a712f6c31981a966b8f971
3020;37.0;20.0;15.0;42.0;7.0;7.0;-5.0 / 13.0 / 8.0;11.1;2.058;9.042;2;Б;1;/opt/mp-analytics/incoming/gab/Изи.xlsx;Данные по картриджам!r1306;4064fa397384d687b0349dbae769c7d4a21c54bf65a712f6c31981a966b8f971
3021;37.0;20.0;15.0;42.0;7.0;7.0;-5.0 / 13.0 / 8.0;11.1;2.058;9.042;3;Б;4;/opt/mp-analytics/incoming/gab/Изи.xlsx;Данные по картриджам!r1305;4064fa397384d687b0349dbae769c7d4a21c54bf65a712f6c31981a966b8f971
3024;37.0;20.0;15.0;51.5;17.0;13.5;-14.5 / 3.0 / 1.5;11.1;11.819;-0.719;2;В;1;/opt/mp-analytics/incoming/gab/Вся расходка Китай РФ Cactus GG PR.xlsx;Лист1!r3885;d0488dd393f71b9cb95cf51390c2aba1ef902bcac7a8eb2f95247679cc1d25fc
3025;37.0;20.0;15.0;58.5;13.5;8.5;-21.5 / 6.5 / 6.5;11.1;6.713;4.387;3;Б;4;/opt/mp-analytics/incoming/gab/Вся расходка Китай РФ Cactus GG PR.xlsx;Лист1!r699;d0488dd393f71b9cb95cf51390c2aba1ef902bcac7a8eb2f95247679cc1d25fc
3026;37.0;20.0;15.0;55.0;9.5;9.5;-18.0 / 10.5 / 5.5;11.1;4.964;6.136;2;Б;2;/opt/mp-analytics/incoming/gab/Вся расходка Китай РФ Cactus GG PR.xlsx;Лист1!r3747;d0488dd393f71b9cb95cf51390c2aba1ef902bcac7a8eb2f95247679cc1d25fc
3027;37.0;20.0;15.0;55.0;9.3;9.3;-18.0 / 10.7 / 5.7;11.1;4.757;6.343;1;Б;1;/opt/mp-analytics/incoming/gab/Вся расходка Китай РФ Cactus GG PR.xlsx;Лист1!r2422;d0488dd393f71b9cb95cf51390c2aba1ef902bcac7a8eb2f95247679cc1d25fc
3028;37.0;20.0;15.0;55.0;9.5;9.5;-18.0 / 10.5 / 5.5;11.1;4.964;6.136;1;Б;1;/opt/mp-analytics/incoming/gab/Вся расходка Китай РФ Cactus GG PR.xlsx;Лист1!r3749;d0488dd393f71b9cb95cf51390c2aba1ef902bcac7a8eb2f95247679cc1d25fc
3029;47.0;9.0;8.0;55.0;9.5;9.5;-8.0 / -0.5 / -1.5;3.384;4.964;-1.58;1;В;1;/opt/mp-analytics/incoming/gab/Вся расходка Китай РФ Cactus GG PR.xlsx;Лист1!r3750;d0488dd393f71b9cb95cf51390c2aba1ef902bcac7a8eb2f95247679cc1d25fc
3032;37.0;20.0;15.0;35.0;16.0;11.0;2.0 / 4.0 / 4.0;11.1;6.16;4.94;3;Б;3;/opt/mp-analytics/incoming/gab/Изи.xlsx;Данные по картриджам!r1070;4064fa397384d687b0349dbae769c7d4a21c54bf65a712f6c31981a966b8f971
3034;37.0;20.0;15.0;34.5;24.0;11.0;2.5 / -4.0 / 4.0;11.1;9.108;1.992;3;Б;3;/opt/mp-analytics/incoming/gab/Изи.xlsx;Данные по картриджам!r272;4064fa397384d687b0349dbae769c7d4a21c54bf65a712f6c31981a966b8f971
3047;8.0;8.0;5.0;11.0;5.2;2.9;-3.0 / 2.8 / 2.1;0.32;0.166;0.154;4;Б;8;/opt/mp-analytics/incoming/gab/Изи.xlsx;Данные по картриджам!r407;4064fa397384d687b0349dbae769c7d4a21c54bf65a712f6c31981a966b8f971
3048;8.0;8.0;5.0;11.0;5.2;2.9;-3.0 / 2.8 / 2.1;0.32;0.166;0.154;4;Б;1;/opt/mp-analytics/incoming/gab/Изи.xlsx;Данные по картриджам!r408;4064fa397384d687b0349dbae769c7d4a21c54bf65a712f6c31981a966b8f971
3049;8.0;8.0;5.0;11.0;5.2;2.9;-3.0 / 2.8 / 2.1;0.32;0.166;0.154;4;Б;1;/opt/mp-analytics/incoming/gab/Изи.xlsx;Данные по картриджам!r409;4064fa397384d687b0349dbae769c7d4a21c54bf65a712f6c31981a966b8f971
3050;10.0;8.0;5.0;11.0;5.2;2.9;-1.0 / 2.8 / 2.1;0.4;0.166;0.234;4;Б;1;/opt/mp-analytics/incoming/gab/Изи.xlsx;Данные по картриджам!r410;4064fa397384d687b0349dbae769c7d4a21c54bf65a712f6c31981a966b8f971
3051;12.0;12.0;5.0;11.0;5.2;2.9;1.0 / 6.8 / 2.1;0.72;0.166;0.554;4;Б;1;/opt/mp-analytics/incoming/gab/Изи.xlsx;Данные по картриджам!r411;4064fa397384d687b0349dbae769c7d4a21c54bf65a712f6c31981a966b8f971
3053;10.0;10.0;10.0;22.0;9.0;5.0;-12.0 / 1.0 / 5.0;1.0;0.99;0.01;1;Б;1;/opt/mp-analytics/incoming/gab/Изи.xlsx;Данные по картриджам!r1362;4064fa397384d687b0349dbae769c7d4a21c54bf65a712f6c31981a966b8f971
3054;37.0;20.0;15.0;29.0;9.5;9.3;8.0 / 10.5 / 5.7;11.1;2.562;8.538;3;Б;5;/opt/mp-analytics/incoming/gab/Вся расходка Китай РФ Cactus GG PR.xlsx;Лист1!r514;d0488dd393f71b9cb95cf51390c2aba1ef902bcac7a8eb2f95247679cc1d25fc
3055;37.0;20.0;15.0;37.5;25.2;14.6;-0.5 / -5.2 / 0.4;11.1;13.797;-2.697;3;В;5;/opt/mp-analytics/incoming/gab/САКУРА АБДУЛ 05.06.xlsx;Лазерная Sakura!r177;ddbb1c580ba3ed878627b3d8dbea6c97710c4682804b2638b792149bf490915a
3056;37.0;20.0;15.0;37.6;25.3;14.0;-0.6 / -5.3 / 1.0;11.1;13.318;-2.218;3;В;1;/opt/mp-analytics/incoming/gab/САКУРА АБДУЛ 05.06.xlsx;Лазерная Sakura!r178;ddbb1c580ba3ed878627b3d8dbea6c97710c4682804b2638b792149bf490915a
3057;37.0;20.0;15.0;35.5;25.0;13.0;1.5 / -5.0 / 2.0;11.1;11.537;-0.437;4;В;1;/opt/mp-analytics/incoming/gab/Изи.xlsx;Данные по картриджам!r1067;4064fa397384d687b0349dbae769c7d4a21c54bf65a712f6c31981a966b8f971
3058;37.0;20.0;15.0;37.5;24.9;15.0;-0.5 / -4.9 / 0.0;11.1;14.006;-2.906;3;В;1;/opt/mp-analytics/incoming/gab/САКУРА АБДУЛ 05.06.xlsx;Лазерная Sakura!r180;ddbb1c580ba3ed878627b3d8dbea6c97710c4682804b2638b792149bf490915a
3060;37.0;20.0;15.0;32.5;16.5;12.0;4.5 / 3.5 / 3.0;11.1;6.435;4.665;1;Б;2;/opt/mp-analytics/incoming/gab/САКУРА АБДУЛ 05.06.xlsx;Лазерная Sakura!r615;ddbb1c580ba3ed878627b3d8dbea6c97710c4682804b2638b792149bf490915a
3061;37.0;20.0;15.0;32.0;14.0;12.0;5.0 / 6.0 / 3.0;11.1;5.376;5.724;2;Б;1;/opt/mp-analytics/incoming/gab/Вся расходка Китай РФ Cactus GG PR.xlsx;Лист1!r905;d0488dd393f71b9cb95cf51390c2aba1ef902bcac7a8eb2f95247679cc1d25fc
3062;37.0;20.0;15.0;32.0;14.0;12.0;5.0 / 6.0 / 3.0;11.1;5.376;5.724;2;Б;1;/opt/mp-analytics/incoming/gab/Вся расходка Китай РФ Cactus GG PR.xlsx;Лист1!r904;d0488dd393f71b9cb95cf51390c2aba1ef902bcac7a8eb2f95247679cc1d25fc
3063;37.0;20.0;15.0;32.0;14.0;12.0;5.0 / 6.0 / 3.0;11.1;5.376;5.724;2;Б;1;/opt/mp-analytics/incoming/gab/Вся расходка Китай РФ Cactus GG PR.xlsx;Лист1!r903;d0488dd393f71b9cb95cf51390c2aba1ef902bcac7a8eb2f95247679cc1d25fc
3065;27.0;9.0;3.0;40.5;12.5;3.5;-13.5 / -3.5 / -0.5;0.729;1.772;-1.043;3;В;6;/opt/mp-analytics/incoming/gab/Вся расходка Китай РФ Cactus GG PR.xlsx;Лист1!r2782;d0488dd393f71b9cb95cf51390c2aba1ef902bcac7a8eb2f95247679cc1d25fc
3066;12.0;12.0;5.0;28.5;12.5;3.5;-16.5 / -0.5 / 1.5;0.72;1.247;-0.527;3;В;1;/opt/mp-analytics/incoming/gab/Вся расходка Китай РФ Cactus GG PR.xlsx;Лист1!r2783;d0488dd393f71b9cb95cf51390c2aba1ef902bcac7a8eb2f95247679cc1d25fc
3067;27.0;9.0;4.0;27.0;9.0;3.5;0.0 / 0.0 / 0.5;0.972;0.851;0.121;4;А;1;/opt/mp-analytics/incoming/gab/Изи.xlsx;Данные по картриджам!r1503;4064fa397384d687b0349dbae769c7d4a21c54bf65a712f6c31981a966b8f971
3068;27.0;9.0;4.0;27.0;9.0;3.5;0.0 / 0.0 / 0.5;0.972;0.851;0.121;4;А;1;/opt/mp-analytics/incoming/gab/Изи.xlsx;Данные по картриджам!r1504;4064fa397384d687b0349dbae769c7d4a21c54bf65a712f6c31981a966b8f971
3070;14.0;5.0;5.0;28.5;12.5;3.5;-14.5 / -7.5 / 1.5;0.35;1.247;-0.897;3;В;1;/opt/mp-analytics/incoming/gab/Вся расходка Китай РФ Cactus GG PR.xlsx;Лист1!r1845;d0488dd393f71b9cb95cf51390c2aba1ef902bcac7a8eb2f95247679cc1d25fc
3071;15.0;10.0;8.0;15.5;9.0;4.0;-0.5 / 1.0 / 4.0;1.2;0.558;0.642;2;Б;1;/opt/mp-analytics/incoming/gab/Вся расходка Китай РФ Cactus GG PR.xlsx;Лист1!r1850;d0488dd393f71b9cb95cf51390c2aba1ef902bcac7a8eb2f95247679cc1d25fc
3072;15.0;10.0;8.0;15.5;9.0;4.0;-0.5 / 1.0 / 4.0;1.2;0.558;0.642;2;Б;1;/opt/mp-analytics/incoming/gab/Вся расходка Китай РФ Cactus GG PR.xlsx;Лист1!r1851;d0488dd393f71b9cb95cf51390c2aba1ef902bcac7a8eb2f95247679cc1d25fc
3073;15.0;10.0;8.0;15.5;9.0;4.0;-0.5 / 1.0 / 4.0;1.2;0.558;0.642;2;Б;1;/opt/mp-analytics/incoming/gab/Вся расходка Китай РФ Cactus GG PR.xlsx;Лист1!r1852;d0488dd393f71b9cb95cf51390c2aba1ef902bcac7a8eb2f95247679cc1d25fc
3074;15.0;10.0;8.0;23.0;12.0;4.0;-8.0 / -2.0 / 4.0;1.2;1.104;0.096;3;Б;3;/opt/mp-analytics/incoming/gab/Вся расходка Китай РФ Cactus GG PR.xlsx;Лист1!r1853;d0488dd393f71b9cb95cf51390c2aba1ef902bcac7a8eb2f95247679cc1d25fc
3076;15.0;10.0;8.0;15.5;9.0;4.0;-0.5 / 1.0 / 4.0;1.2;0.558;0.642;3;Б;6;/opt/mp-analytics/incoming/gab/Вся расходка Китай РФ Cactus GG PR.xlsx;Лист1!r1858;d0488dd393f71b9cb95cf51390c2aba1ef902bcac7a8eb2f95247679cc1d25fc
3083;10.0;8.0;5.0;10.5;6.0;5.0;-0.5 / 2.0 / 0.0;0.4;0.315;0.085;3;А;5;/opt/mp-analytics/incoming/gab/Вся расходка Китай РФ Cactus GG PR.xlsx;Лист1!r1840;d0488dd393f71b9cb95cf51390c2aba1ef902bcac7a8eb2f95247679cc1d25fc
3084;10.0;8.0;5.0;10.5;6.0;2.5;-0.5 / 2.0 / 2.5;0.4;0.158;0.242;2;Б;1;/opt/mp-analytics/incoming/gab/Вся расходка Китай РФ Cactus GG PR.xlsx;Лист1!r1856;d0488dd393f71b9cb95cf51390c2aba1ef902bcac7a8eb2f95247679cc1d25fc
3085;10.0;8.0;5.0;12.0;11.0;2.0;-2.0 / -3.0 / 3.0;0.4;0.264;0.136;3;Б;1;/opt/mp-analytics/incoming/gab/Изи.xlsx;Данные по картриджам!r605;4064fa397384d687b0349dbae769c7d4a21c54bf65a712f6c31981a966b8f971
3086;10.0;8.0;5.0;10.5;6.0;2.5;-0.5 / 2.0 / 2.5;0.4;0.158;0.242;2;Б;1;/opt/mp-analytics/incoming/gab/Вся расходка Китай РФ Cactus GG PR.xlsx;Лист1!r1854;d0488dd393f71b9cb95cf51390c2aba1ef902bcac7a8eb2f95247679cc1d25fc
3087;10.0;10.0;10.0;19.0;8.0;5.0;-9.0 / 2.0 / 5.0;1.0;0.76;0.24;1;Б;1;/opt/mp-analytics/incoming/gab/Изи.xlsx;Данные по картриджам!r1697;4064fa397384d687b0349dbae769c7d4a21c54bf65a712f6c31981a966b8f971
3088;10.0;8.0;5.0;36.5;19.0;11.5;-26.5 / -11.0 / -6.5;0.4;7.975;-7.575;3;В;2;/opt/mp-analytics/incoming/gab/Вся расходка Китай РФ Cactus GG PR.xlsx;Лист1!r750;d0488dd393f71b9cb95cf51390c2aba1ef902bcac7a8eb2f95247679cc1d25fc
3089;10.0;8.0;5.0;36.5;19.0;11.5;-26.5 / -11.0 / -6.5;0.4;7.975;-7.575;3;В;1;/opt/mp-analytics/incoming/gab/Вся расходка Китай РФ Cactus GG PR.xlsx;Лист1!r748;d0488dd393f71b9cb95cf51390c2aba1ef902bcac7a8eb2f95247679cc1d25fc
3090;10.0;8.0;5.0;36.5;19.0;11.5;-26.5 / -11.0 / -6.5;0.4;7.975;-7.575;3;В;1;/opt/mp-analytics/incoming/gab/Вся расходка Китай РФ Cactus GG PR.xlsx;Лист1!r749;d0488dd393f71b9cb95cf51390c2aba1ef902bcac7a8eb2f95247679cc1d25fc
3091;10.0;8.0;5.0;36.5;19.0;11.5;-26.5 / -11.0 / -6.5;0.4;7.975;-7.575;3;В;1;/opt/mp-analytics/incoming/gab/Вся расходка Китай РФ Cactus GG PR.xlsx;Лист1!r744;d0488dd393f71b9cb95cf51390c2aba1ef902bcac7a8eb2f95247679cc1d25fc
3093;10.0;8.0;5.0;36.5;19.0;11.5;-26.5 / -11.0 / -6.5;0.4;7.975;-7.575;3;В;3;/opt/mp-analytics/incoming/gab/Вся расходка Китай РФ Cactus GG PR.xlsx;Лист1!r743;d0488dd393f71b9cb95cf51390c2aba1ef902bcac7a8eb2f95247679cc1d25fc
3094;10.0;8.0;5.0;36.5;19.0;11.5;-26.5 / -11.0 / -6.5;0.4;7.975;-7.575;3;В;1;/opt/mp-analytics/incoming/gab/Вся расходка Китай РФ Cactus GG PR.xlsx;Лист1!r742;d0488dd393f71b9cb95cf51390c2aba1ef902bcac7a8eb2f95247679cc1d25fc
3095;10.0;8.0;5.0;36.5;19.0;11.5;-26.5 / -11.0 / -6.5;0.4;7.975;-7.575;3;В;1;/opt/mp-analytics/incoming/gab/Вся расходка Китай РФ Cactus GG PR.xlsx;Лист1!r741;d0488dd393f71b9cb95cf51390c2aba1ef902bcac7a8eb2f95247679cc1d25fc
3096;10.0;8.0;5.0;36.5;19.0;11.5;-26.5 / -11.0 / -6.5;0.4;7.975;-7.575;3;В;1;/opt/mp-analytics/incoming/gab/Вся расходка Китай РФ Cactus GG PR.xlsx;Лист1!r740;d0488dd393f71b9cb95cf51390c2aba1ef902bcac7a8eb2f95247679cc1d25fc
3104;37.0;20.0;15.0;36.5;19.0;11.5;0.5 / 1.0 / 3.5;11.1;7.975;3.125;1;Б;1;/opt/mp-analytics/incoming/gab/Вся расходка Китай РФ Cactus GG PR.xlsx;Лист1!r532;d0488dd393f71b9cb95cf51390c2aba1ef902bcac7a8eb2f95247679cc1d25fc
3105;37.0;20.0;15.0;36.5;19.0;11.5;0.5 / 1.0 / 3.5;11.1;7.975;3.125;1;Б;1;/opt/mp-analytics/incoming/gab/Вся расходка Китай РФ Cactus GG PR.xlsx;Лист1!r531;d0488dd393f71b9cb95cf51390c2aba1ef902bcac7a8eb2f95247679cc1d25fc
3106;37.0;20.0;15.0;36.5;19.0;11.5;0.5 / 1.0 / 3.5;11.1;7.975;3.125;1;Б;1;/opt/mp-analytics/incoming/gab/Вся расходка Китай РФ Cactus GG PR.xlsx;Лист1!r530;d0488dd393f71b9cb95cf51390c2aba1ef902bcac7a8eb2f95247679cc1d25fc
3107;37.0;20.0;15.0;36.5;19.0;11.5;0.5 / 1.0 / 3.5;11.1;7.975;3.125;1;Б;1;/opt/mp-analytics/incoming/gab/Вся расходка Китай РФ Cactus GG PR.xlsx;Лист1!r529;d0488dd393f71b9cb95cf51390c2aba1ef902bcac7a8eb2f95247679cc1d25fc
3109;15.0;10.0;8.0;18.0;9.0;3.5;-3.0 / 1.0 / 4.5;1.2;0.567;0.633;2;Б;5;/opt/mp-analytics/incoming/gab/Изи.xlsx;Данные по картриджам!r356;4064fa397384d687b0349dbae769c7d4a21c54bf65a712f6c31981a966b8f971
3110;15.0;10.0;8.0;18.0;9.0;3.5;-3.0 / 1.0 / 4.5;1.2;0.567;0.633;3;Б;1;/opt/mp-analytics/incoming/gab/Изи.xlsx;Данные по картриджам!r357;4064fa397384d687b0349dbae769c7d4a21c54bf65a712f6c31981a966b8f971
3111;15.0;10.0;8.0;18.0;9.0;3.5;-3.0 / 1.0 / 4.5;1.2;0.567;0.633;2;Б;1;/opt/mp-analytics/incoming/gab/Изи.xlsx;Данные по картриджам!r358;4064fa397384d687b0349dbae769c7d4a21c54bf65a712f6c31981a966b8f971
3112;15.0;10.0;8.0;18.0;9.0;3.5;-3.0 / 1.0 / 4.5;1.2;0.567;0.633;3;Б;1;/opt/mp-analytics/incoming/gab/Изи.xlsx;Данные по картриджам!r359;4064fa397384d687b0349dbae769c7d4a21c54bf65a712f6c31981a966b8f971
3141;10.0;8.0;5.0;8.5;7.5;3.8;1.5 / 0.5 / 1.2;0.4;0.242;0.158;1;А;20;/opt/mp-analytics/incoming/gab/Изи.xlsx;Данные по картриджам!r521;4064fa397384d687b0349dbae769c7d4a21c54bf65a712f6c31981a966b8f971
3142;10.0;8.0;5.0;33.1;16.8;12.7;-23.1 / -8.8 / -7.7;0.4;7.062;-6.662;2;В;7;/opt/mp-analytics/incoming/gab/САКУРА АБДУЛ 05.06.xlsx;Лазерная Sakura!r79;ddbb1c580ba3ed878627b3d8dbea6c97710c4682804b2638b792149bf490915a
3143;10.0;8.0;5.0;37.6;24.8;14.9;-27.6 / -16.8 / -9.9;0.4;13.894;-13.494;1;В;6;/opt/mp-analytics/incoming/gab/САКУРА АБДУЛ 05.06.xlsx;Лазерная Sakura!r75;ddbb1c580ba3ed878627b3d8dbea6c97710c4682804b2638b792149bf490915a
3144;37.0;20.0;15.0;21.0;12.0;9.5;16.0 / 8.0 / 5.5;11.1;2.394;8.706;2;Б;1;/opt/mp-analytics/incoming/gab/Вся расходка Китай РФ Cactus GG PR.xlsx;Лист1!r771;d0488dd393f71b9cb95cf51390c2aba1ef902bcac7a8eb2f95247679cc1d25fc
3145;37.0;20.0;15.0;21.0;12.0;9.5;16.0 / 8.0 / 5.5;11.1;2.394;8.706;2;Б;1;/opt/mp-analytics/incoming/gab/Вся расходка Китай РФ Cactus GG PR.xlsx;Лист1!r769;d0488dd393f71b9cb95cf51390c2aba1ef902bcac7a8eb2f95247679cc1d25fc
3146;37.0;20.0;15.0;21.0;12.0;9.5;16.0 / 8.0 / 5.5;11.1;2.394;8.706;2;Б;1;/opt/mp-analytics/incoming/gab/Вся расходка Китай РФ Cactus GG PR.xlsx;Лист1!r770;d0488dd393f71b9cb95cf51390c2aba1ef902bcac7a8eb2f95247679cc1d25fc
3148;37.0;20.0;15.0;33.0;17.1;12.7;4.0 / 2.9 / 2.3;11.1;7.167;3.933;1;Б;3;/opt/mp-analytics/incoming/gab/САКУРА АБДУЛ 05.06.xlsx;Лазерная Sakura!r87;ddbb1c580ba3ed878627b3d8dbea6c97710c4682804b2638b792149bf490915a
3149;37.0;20.0;15.0;33.0;12.0;12.0;4.0 / 8.0 / 3.0;11.1;4.752;6.348;3;Б;1;/opt/mp-analytics/incoming/gab/Вся расходка Китай РФ Cactus GG PR.xlsx;Лист1!r2091;d0488dd393f71b9cb95cf51390c2aba1ef902bcac7a8eb2f95247679cc1d25fc
3150;37.0;20.0;15.0;33.0;12.0;12.0;4.0 / 8.0 / 3.0;11.1;4.752;6.348;3;Б;1;/opt/mp-analytics/incoming/gab/Вся расходка Китай РФ Cactus GG PR.xlsx;Лист1!r2092;d0488dd393f71b9cb95cf51390c2aba1ef902bcac7a8eb2f95247679cc1d25fc
3151;37.0;20.0;15.0;33.0;12.0;12.0;4.0 / 8.0 / 3.0;11.1;4.752;6.348;3;Б;1;/opt/mp-analytics/incoming/gab/Вся расходка Китай РФ Cactus GG PR.xlsx;Лист1!r2088;d0488dd393f71b9cb95cf51390c2aba1ef902bcac7a8eb2f95247679cc1d25fc
3155;37.0;20.0;15.0;39.0;19.0;14.0;-2.0 / 1.0 / 1.0;11.1;10.374;0.726;3;А;3;/opt/mp-analytics/incoming/gab/Вся расходка Китай РФ Cactus GG PR.xlsx;Лист1!r128;d0488dd393f71b9cb95cf51390c2aba1ef902bcac7a8eb2f95247679cc1d25fc
3168;37.0;20.0;15.0;34.8;16.3;12.6;2.2 / 3.7 / 2.4;11.1;7.147;3.953;2;Б;1;/opt/mp-analytics/incoming/gab/Вся расходка Китай РФ Cactus GG PR.xlsx;Лист1!r477;d0488dd393f71b9cb95cf51390c2aba1ef902bcac7a8eb2f95247679cc1d25fc
3170;37.0;20.0;15.0;31.5;13.5;13.5;5.5 / 6.5 / 1.5;11.1;5.741;5.359;2;Б;1;/opt/mp-analytics/incoming/gab/Вся расходка Китай РФ Cactus GG PR.xlsx;Лист1!r708;d0488dd393f71b9cb95cf51390c2aba1ef902bcac7a8eb2f95247679cc1d25fc
3171;37.0;20.0;15.0;34.1;12.5;12.5;2.9 / 7.5 / 2.5;11.1;5.328;5.772;3;Б;1;/opt/mp-analytics/incoming/gab/САКУРА АБДУЛ 05.06.xlsx;Лазерная Sakura!r33;ddbb1c580ba3ed878627b3d8dbea6c97710c4682804b2638b792149bf490915a
3172;16.0;16.0;14.0;55.0;9.5;9.5;-39.0 / 6.5 / 4.5;3.584;4.964;-1.38;4;В;2;/opt/mp-analytics/incoming/gab/Вся расходка Китай РФ Cactus GG PR.xlsx;Лист1!r3634;d0488dd393f71b9cb95cf51390c2aba1ef902bcac7a8eb2f95247679cc1d25fc
3173;16.0;16.0;14.0;55.0;9.5;9.5;-39.0 / 6.5 / 4.5;3.584;4.964;-1.38;3;В;1;/opt/mp-analytics/incoming/gab/Вся расходка Китай РФ Cactus GG PR.xlsx;Лист1!r3635;d0488dd393f71b9cb95cf51390c2aba1ef902bcac7a8eb2f95247679cc1d25fc
3174;16.0;16.0;14.0;55.0;9.5;9.5;-39.0 / 6.5 / 4.5;3.584;4.964;-1.38;3;В;1;/opt/mp-analytics/incoming/gab/Вся расходка Китай РФ Cactus GG PR.xlsx;Лист1!r3636;d0488dd393f71b9cb95cf51390c2aba1ef902bcac7a8eb2f95247679cc1d25fc
3175;16.0;16.0;14.0;55.0;9.5;9.5;-39.0 / 6.5 / 4.5;3.584;4.964;-1.38;3;В;1;/opt/mp-analytics/incoming/gab/Вся расходка Китай РФ Cactus GG PR.xlsx;Лист1!r3637;d0488dd393f71b9cb95cf51390c2aba1ef902bcac7a8eb2f95247679cc1d25fc
3177;37.0;20.0;15.0;37.5;33.0;18.0;-0.5 / -13.0 / -3.0;11.1;22.275;-11.175;2;В;7;/opt/mp-analytics/incoming/gab/Вся расходка Китай РФ Cactus GG PR.xlsx;Лист1!r3402;d0488dd393f71b9cb95cf51390c2aba1ef902bcac7a8eb2f95247679cc1d25fc
3178;37.0;20.0;15.0;43.0;27.5;16.0;-6.0 / -7.5 / -1.0;11.1;18.92;-7.82;1;В;1;/opt/mp-analytics/incoming/gab/САКУРА АБДУЛ 05.06.xlsx;Лазерная Sakura!r71;ddbb1c580ba3ed878627b3d8dbea6c97710c4682804b2638b792149bf490915a
3183;10.0;8.0;5.0;14.0;4.8;4.8;-4.0 / 3.2 / 0.2;0.4;0.323;0.077;3;Б;6;/opt/mp-analytics/incoming/gab/Вся расходка Китай РФ Cactus GG PR.xlsx;Лист1!r2787;d0488dd393f71b9cb95cf51390c2aba1ef902bcac7a8eb2f95247679cc1d25fc
3184;20.0;10.0;10.0;13.0;6.0;6.0;7.0 / 4.0 / 4.0;2.0;0.468;1.532;2;Б;1;/opt/mp-analytics/incoming/gab/Вся расходка Китай РФ Cactus GG PR.xlsx;Лист1!r2792;d0488dd393f71b9cb95cf51390c2aba1ef902bcac7a8eb2f95247679cc1d25fc
3185;10.0;8.0;5.0;13.0;4.5;4.5;-3.0 / 3.5 / 0.5;0.4;0.263;0.137;2;Б;1;/opt/mp-analytics/incoming/gab/САКУРА АБДУЛ 05.06.xlsx;Струйная Sakura!r218;ddbb1c580ba3ed878627b3d8dbea6c97710c4682804b2638b792149bf490915a
3186;20.0;10.0;10.0;13.0;4.5;4.5;7.0 / 5.5 / 5.5;2.0;0.263;1.737;2;Б;1;/opt/mp-analytics/incoming/gab/САКУРА АБДУЛ 05.06.xlsx;Струйная Sakura!r219;ddbb1c580ba3ed878627b3d8dbea6c97710c4682804b2638b792149bf490915a
3188;37.0;20.0;15.0;29.0;9.5;9.3;8.0 / 10.5 / 5.7;11.1;2.562;8.538;1;Б;1;/opt/mp-analytics/incoming/gab/Вся расходка Китай РФ Cactus GG PR.xlsx;Лист1!r511;d0488dd393f71b9cb95cf51390c2aba1ef902bcac7a8eb2f95247679cc1d25fc
3189;37.0;20.0;15.0;29.4;8.2;7.6;7.6 / 11.8 / 7.4;11.1;1.832;9.268;1;Б;4;/opt/mp-analytics/incoming/gab/САКУРА АБДУЛ 05.06.xlsx;Лазерная Sakura!r188;ddbb1c580ba3ed878627b3d8dbea6c97710c4682804b2638b792149bf490915a
3191;37.0;20.0;15.0;32.0;16.0;11.0;5.0 / 4.0 / 4.0;11.1;5.632;5.468;3;Б;1;/opt/mp-analytics/incoming/gab/Изи.xlsx;Данные по картриджам!r42;4064fa397384d687b0349dbae769c7d4a21c54bf65a712f6c31981a966b8f971
3192;37.0;20.0;15.0;35.0;13.5;10.7;2.0 / 6.5 / 4.3;11.1;5.056;6.044;3;Б;11;/opt/mp-analytics/incoming/gab/Изи.xlsx;Данные по картриджам!r71;4064fa397384d687b0349dbae769c7d4a21c54bf65a712f6c31981a966b8f971
3193;37.0;20.0;15.0;33.5;11.5;10.5;3.5 / 8.5 / 4.5;11.1;4.045;7.055;3;Б;1;/opt/mp-analytics/incoming/gab/Изи.xlsx;Данные по картриджам!r1051;4064fa397384d687b0349dbae769c7d4a21c54bf65a712f6c31981a966b8f971
3194;37.0;20.0;15.0;33.5;11.5;10.5;3.5 / 8.5 / 4.5;11.1;4.045;7.055;3;Б;1;/opt/mp-analytics/incoming/gab/Изи.xlsx;Данные по картриджам!r1052;4064fa397384d687b0349dbae769c7d4a21c54bf65a712f6c31981a966b8f971
3195;37.0;20.0;15.0;33.5;11.5;10.5;3.5 / 8.5 / 4.5;11.1;4.045;7.055;3;Б;1;/opt/mp-analytics/incoming/gab/Изи.xlsx;Данные по картриджам!r1053;4064fa397384d687b0349dbae769c7d4a21c54bf65a712f6c31981a966b8f971
3198;37.0;20.0;15.0;33.3;17.0;12.4;3.7 / 3.0 / 2.6;11.1;7.02;4.08;1;Б;2;/opt/mp-analytics/incoming/gab/САКУРА АБДУЛ 05.06.xlsx;Лазерная Sakura!r516;ddbb1c580ba3ed878627b3d8dbea6c97710c4682804b2638b792149bf490915a
3199;37.0;20.0;15.0;32.9;27.7;11.6;4.1 / -7.7 / 3.4;11.1;10.571;0.529;1;Б;3;/opt/mp-analytics/incoming/gab/САКУРА АБДУЛ 05.06.xlsx;Лазерная Sakura!r392;ddbb1c580ba3ed878627b3d8dbea6c97710c4682804b2638b792149bf490915a
3201;37.0;20.0;15.0;33.0;11.5;7.0;4.0 / 8.5 / 8.0;11.1;2.656;8.444;3;Б;5;/opt/mp-analytics/incoming/gab/Вся расходка Китай РФ Cactus GG PR.xlsx;Лист1!r313;d0488dd393f71b9cb95cf51390c2aba1ef902bcac7a8eb2f95247679cc1d25fc
3203;37.0;20.0;15.0;58.5;13.5;8.5;-21.5 / 6.5 / 6.5;11.1;6.713;4.387;2;Б;1;/opt/mp-analytics/incoming/gab/Вся расходка Китай РФ Cactus GG PR.xlsx;Лист1!r685;d0488dd393f71b9cb95cf51390c2aba1ef902bcac7a8eb2f95247679cc1d25fc
3212;37.0;20.0;15.0;33.2;16.8;9.5;3.8 / 3.2 / 5.5;11.1;5.299;5.801;3;Б;1;/opt/mp-analytics/incoming/gab/САКУРА АБДУЛ 05.06.xlsx;Лазерная Sakura!r22;ddbb1c580ba3ed878627b3d8dbea6c97710c4682804b2638b792149bf490915a
3213;37.0;15.0;12.0;33.2;16.8;9.4;3.8 / -1.8 / 2.6;6.66;5.243;1.417;3;Б;1;/opt/mp-analytics/incoming/gab/САКУРА АБДУЛ 05.06.xlsx;Лазерная Sakura!r25;ddbb1c580ba3ed878627b3d8dbea6c97710c4682804b2638b792149bf490915a
3214;37.0;20.0;15.0;33.3;16.9;9.4;3.7 / 3.1 / 5.6;11.1;5.29;5.81;3;Б;1;/opt/mp-analytics/incoming/gab/САКУРА АБДУЛ 05.06.xlsx;Лазерная Sakura!r23;ddbb1c580ba3ed878627b3d8dbea6c97710c4682804b2638b792149bf490915a
3215;37.0;20.0;15.0;33.3;16.9;9.4;3.7 / 3.1 / 5.6;11.1;5.29;5.81;3;Б;1;/opt/mp-analytics/incoming/gab/САКУРА АБДУЛ 05.06.xlsx;Лазерная Sakura!r24;ddbb1c580ba3ed878627b3d8dbea6c97710c4682804b2638b792149bf490915a
3218;37.0;20.0;15.0;31.5;9.8;9.5;5.5 / 10.2 / 5.5;11.1;2.933;8.167;3;Б;1;/opt/mp-analytics/incoming/gab/Вся расходка Китай РФ Cactus GG PR.xlsx;Лист1!r4351;d0488dd393f71b9cb95cf51390c2aba1ef902bcac7a8eb2f95247679cc1d25fc
3225;37.0;20.0;15.0;36.0;12.0;12.0;1.0 / 8.0 / 3.0;11.1;5.184;5.916;1;Б;1;/opt/mp-analytics/incoming/gab/Изи.xlsx;Данные по картриджам!r1297;4064fa397384d687b0349dbae769c7d4a21c54bf65a712f6c31981a966b8f971
3226;37.0;20.0;15.0;36.0;12.0;12.0;1.0 / 8.0 / 3.0;11.1;5.184;5.916;1;Б;1;/opt/mp-analytics/incoming/gab/Изи.xlsx;Данные по картриджам!r1298;4064fa397384d687b0349dbae769c7d4a21c54bf65a712f6c31981a966b8f971
3227;37.0;20.0;15.0;36.0;12.0;12.0;1.0 / 8.0 / 3.0;11.1;5.184;5.916;1;Б;1;/opt/mp-analytics/incoming/gab/Изи.xlsx;Данные по картриджам!r1299;4064fa397384d687b0349dbae769c7d4a21c54bf65a712f6c31981a966b8f971
3229;37.0;20.0;15.0;30.0;14.0;9.0;7.0 / 6.0 / 6.0;11.1;3.78;7.32;1;Б;1;/opt/mp-analytics/incoming/gab/Изи.xlsx;Данные по картриджам!r1398;4064fa397384d687b0349dbae769c7d4a21c54bf65a712f6c31981a966b8f971
3232;37.0;20.0;15.0;36.3;19.7;10.3;0.7 / 0.3 / 4.7;11.1;7.366;3.734;2;Б;4;/opt/mp-analytics/incoming/gab/САКУРА АБДУЛ 05.06.xlsx;Лазерная Sakura!r472;ddbb1c580ba3ed878627b3d8dbea6c97710c4682804b2638b792149bf490915a
3233;37.0;20.0;15.0;32.0;21.5;11.0;5.0 / -1.5 / 4.0;11.1;7.568;3.532;3;Б;1;/opt/mp-analytics/incoming/gab/Изи.xlsx;Данные по картриджам!r1526;4064fa397384d687b0349dbae769c7d4a21c54bf65a712f6c31981a966b8f971
3257;20.0;7.0;7.0;20.0;7.0;7.0;0.0 / 0.0 / 0.0;0.98;0.98;0.0;2;А;4;/opt/mp-analytics/incoming/gab/САКУРА АБДУЛ 05.06.xlsx;Лазерная Sakura!r1218;ddbb1c580ba3ed878627b3d8dbea6c97710c4682804b2638b792149bf490915a
3261;37.0;20.0;15.0;33.0;18.0;10.0;4.0 / 2.0 / 5.0;11.1;5.94;5.16;4;Б;1;/opt/mp-analytics/incoming/gab/Изи.xlsx;Данные по картриджам!r1293;4064fa397384d687b0349dbae769c7d4a21c54bf65a712f6c31981a966b8f971
3262;37.0;17.0;12.0;36.0;14.0;12.0;1.0 / 3.0 / 0.0;7.548;6.048;1.5;3;Б;15;/opt/mp-analytics/incoming/gab/Изи.xlsx;Данные по картриджам!r1292;4064fa397384d687b0349dbae769c7d4a21c54bf65a712f6c31981a966b8f971
3263;37.0;20.0;15.0;34.0;26.0;13.0;3.0 / -6.0 / 2.0;11.1;11.492;-0.392;3;В;1;/opt/mp-analytics/incoming/gab/Изи.xlsx;Данные по картриджам!r1372;4064fa397384d687b0349dbae769c7d4a21c54bf65a712f6c31981a966b8f971
3264;37.0;20.0;15.0;33.5;18.5;10.5;3.5 / 1.5 / 4.5;11.1;6.507;4.593;4;Б;15;/opt/mp-analytics/incoming/gab/САКУРА АБДУЛ 05.06.xlsx;Лазерная Sakura!r367;ddbb1c580ba3ed878627b3d8dbea6c97710c4682804b2638b792149bf490915a
3351;37.0;20.0;15.0;33.0;21.0;10.0;4.0 / -1.0 / 5.0;11.1;6.93;4.17;2;Б;4;/opt/mp-analytics/incoming/gab/Изи.xlsx;Данные по картриджам!r1389;4064fa397384d687b0349dbae769c7d4a21c54bf65a712f6c31981a966b8f971
3355;10.0;8.0;5.0;10.7;6.5;3.5;-0.7 / 1.5 / 1.5;0.4;0.243;0.157;3;А;2;/opt/mp-analytics/incoming/gab/Вся расходка Китай РФ Cactus GG PR.xlsx;Лист1!r1838;d0488dd393f71b9cb95cf51390c2aba1ef902bcac7a8eb2f95247679cc1d25fc
3356;10.0;8.0;5.0;22.0;5.0;5.0;-12.0 / 3.0 / 0.0;0.4;0.55;-0.15;1;В;1;/opt/mp-analytics/incoming/gab/Изи.xlsx;Данные по картриджам!r1473;4064fa397384d687b0349dbae769c7d4a21c54bf65a712f6c31981a966b8f971
3357;10.0;8.0;5.0;22.0;5.0;5.0;-12.0 / 3.0 / 0.0;0.4;0.55;-0.15;1;В;1;/opt/mp-analytics/incoming/gab/Изи.xlsx;Данные по картриджам!r1474;4064fa397384d687b0349dbae769c7d4a21c54bf65a712f6c31981a966b8f971
3358;10.0;8.0;5.0;22.0;5.0;5.0;-12.0 / 3.0 / 0.0;0.4;0.55;-0.15;1;В;1;/opt/mp-analytics/incoming/gab/Изи.xlsx;Данные по картриджам!r1475;4064fa397384d687b0349dbae769c7d4a21c54bf65a712f6c31981a966b8f971
3359;10.0;8.0;5.0;22.0;5.0;5.0;-12.0 / 3.0 / 0.0;0.4;0.55;-0.15;1;В;7;/opt/mp-analytics/incoming/gab/Изи.xlsx;Данные по картриджам!r1472;4064fa397384d687b0349dbae769c7d4a21c54bf65a712f6c31981a966b8f971
3361;10.0;8.0;5.0;12.0;11.0;5.0;-2.0 / -3.0 / 0.0;0.4;0.66;-0.26;3;В;1;/opt/mp-analytics/incoming/gab/Изи.xlsx;Данные по картриджам!r608;4064fa397384d687b0349dbae769c7d4a21c54bf65a712f6c31981a966b8f971
3362;37.0;20.0;15.0;58.4;9.3;9.3;-21.4 / 10.7 / 5.7;11.1;5.051;6.049;3;Б;2;/opt/mp-analytics/incoming/gab/САКУРА АБДУЛ 05.06.xlsx;Лазерная Sakura!r773;ddbb1c580ba3ed878627b3d8dbea6c97710c4682804b2638b792149bf490915a
3363;37.0;20.0;15.0;58.5;9.6;9.5;-21.5 / 10.4 / 5.5;11.1;5.335;5.765;3;Б;1;/opt/mp-analytics/incoming/gab/САКУРА АБДУЛ 05.06.xlsx;Лазерная Sakura!r774;ddbb1c580ba3ed878627b3d8dbea6c97710c4682804b2638b792149bf490915a
3364;37.0;20.0;15.0;58.9;9.6;9.0;-21.9 / 10.4 / 6.0;11.1;5.089;6.011;3;Б;1;/opt/mp-analytics/incoming/gab/САКУРА АБДУЛ 05.06.xlsx;Лазерная Sakura!r776;ddbb1c580ba3ed878627b3d8dbea6c97710c4682804b2638b792149bf490915a
3365;37.0;20.0;15.0;58.4;9.5;9.0;-21.4 / 10.5 / 6.0;11.1;4.993;6.107;3;Б;1;/opt/mp-analytics/incoming/gab/САКУРА АБДУЛ 05.06.xlsx;Лазерная Sakura!r775;ddbb1c580ba3ed878627b3d8dbea6c97710c4682804b2638b792149bf490915a
3367;37.0;20.0;15.0;31.0;18.0;9.0;6.0 / 2.0 / 6.0;11.1;5.022;6.078;2;Б;15;/opt/mp-analytics/incoming/gab/Вся расходка Китай РФ Cactus GG PR.xlsx;Лист1!r441;d0488dd393f71b9cb95cf51390c2aba1ef902bcac7a8eb2f95247679cc1d25fc
3368;37.0;20.0;15.0;33.2;17.0;9.4;3.8 / 3.0 / 5.6;11.1;5.305;5.795;3;Б;3;/opt/mp-analytics/incoming/gab/САКУРА АБДУЛ 05.06.xlsx;Лазерная Sakura!r647;ddbb1c580ba3ed878627b3d8dbea6c97710c4682804b2638b792149bf490915a
3369;37.0;20.0;15.0;31.5;15.5;9.0;5.5 / 4.5 / 6.0;11.1;4.394;6.706;2;Б;2;/opt/mp-analytics/incoming/gab/Вся расходка Китай РФ Cactus GG PR.xlsx;Лист1!r254;d0488dd393f71b9cb95cf51390c2aba1ef902bcac7a8eb2f95247679cc1d25fc
3370;15.0;10.0;8.0;16.5;12.5;10.0;-1.5 / -2.5 / -2.0;1.2;2.062;-0.862;4;В;3;/opt/mp-analytics/incoming/gab/САКУРА АБДУЛ 05.06.xlsx;Струйная Sakura!r230;ddbb1c580ba3ed878627b3d8dbea6c97710c4682804b2638b792149bf490915a
3371;37.0;20.0;15.0;19.0;6.5;6.0;18.0 / 13.5 / 9.0;11.1;0.741;10.359;2;Б;1;/opt/mp-analytics/incoming/gab/Вся расходка Китай РФ Cactus GG PR.xlsx;Лист1!r348;d0488dd393f71b9cb95cf51390c2aba1ef902bcac7a8eb2f95247679cc1d25fc
3377;37.0;20.0;15.0;43.5;8.5;5.5;-6.5 / 11.5 / 9.5;11.1;2.034;9.066;2;Б;1;/opt/mp-analytics/incoming/gab/Вся расходка Китай РФ Cactus GG PR.xlsx;Лист1!r948;d0488dd393f71b9cb95cf51390c2aba1ef902bcac7a8eb2f95247679cc1d25fc
3378;37.0;20.0;15.0;43.5;8.5;5.5;-6.5 / 11.5 / 9.5;11.1;2.034;9.066;2;Б;1;/opt/mp-analytics/incoming/gab/Вся расходка Китай РФ Cactus GG PR.xlsx;Лист1!r947;d0488dd393f71b9cb95cf51390c2aba1ef902bcac7a8eb2f95247679cc1d25fc
3379;37.0;20.0;15.0;43.5;8.5;5.5;-6.5 / 11.5 / 9.5;11.1;2.034;9.066;2;Б;1;/opt/mp-analytics/incoming/gab/Вся расходка Китай РФ Cactus GG PR.xlsx;Лист1!r946;d0488dd393f71b9cb95cf51390c2aba1ef902bcac7a8eb2f95247679cc1d25fc
3381;37.0;20.0;15.0;37.3;25.5;11.7;-0.3 / -5.5 / 3.3;11.1;11.128;-0.028;3;В;1;/opt/mp-analytics/incoming/gab/САКУРА АБДУЛ 05.06.xlsx;Лазерная Sakura!r242;ddbb1c580ba3ed878627b3d8dbea6c97710c4682804b2638b792149bf490915a
3382;37.0;20.0;15.0;33.2;16.6;13.0;3.8 / 3.4 / 2.0;11.1;7.165;3.935;1;Б;1;/opt/mp-analytics/incoming/gab/САКУРА АБДУЛ 05.06.xlsx;Лазерная Sakura!r484;ddbb1c580ba3ed878627b3d8dbea6c97710c4682804b2638b792149bf490915a
3383;37.0;20.0;15.0;50.0;22.0;13.0;-13.0 / -2.0 / 2.0;11.1;14.3;-3.2;1;В;2;/opt/mp-analytics/incoming/gab/Вся расходка Китай РФ Cactus GG PR.xlsx;Лист1!r3403;d0488dd393f71b9cb95cf51390c2aba1ef902bcac7a8eb2f95247679cc1d25fc
3384;37.0;20.0;15.0;32.5;11.2;10.2;4.5 / 8.8 / 4.8;11.1;3.713;7.387;2;Б;1;/opt/mp-analytics/incoming/gab/САКУРА АБДУЛ 05.06.xlsx;Лазерная Sakura!r35;ddbb1c580ba3ed878627b3d8dbea6c97710c4682804b2638b792149bf490915a
3385;37.0;20.0;15.0;30.5;12.0;10.0;6.5 / 8.0 / 5.0;11.1;3.66;7.44;2;Б;1;/opt/mp-analytics/incoming/gab/Вся расходка Китай РФ Cactus GG PR.xlsx;Лист1!r737;d0488dd393f71b9cb95cf51390c2aba1ef902bcac7a8eb2f95247679cc1d25fc
3386;37.0;20.0;15.0;33.0;19.0;15.5;4.0 / 1.0 / -0.5;11.1;9.719;1.381;2;Б;1;/opt/mp-analytics/incoming/gab/САКУРА АБДУЛ 05.06.xlsx;Лазерная Sakura!r1379;ddbb1c580ba3ed878627b3d8dbea6c97710c4682804b2638b792149bf490915a
3400;37.0;20.0;15.0;32.7;11.4;10.1;4.3 / 8.6 / 4.9;11.1;3.765;7.335;2;Б;1;/opt/mp-analytics/incoming/gab/САКУРА АБДУЛ 05.06.xlsx;Лазерная Sakura!r1114;ddbb1c580ba3ed878627b3d8dbea6c97710c4682804b2638b792149bf490915a
3401;37.0;20.0;15.0;32.8;11.4;10.2;4.2 / 8.6 / 4.8;11.1;3.814;7.286;2;Б;1;/opt/mp-analytics/incoming/gab/САКУРА АБДУЛ 05.06.xlsx;Лазерная Sakura!r1115;ddbb1c580ba3ed878627b3d8dbea6c97710c4682804b2638b792149bf490915a
3402;37.0;20.0;15.0;32.4;11.4;10.3;4.6 / 8.6 / 4.7;11.1;3.804;7.296;2;Б;1;/opt/mp-analytics/incoming/gab/САКУРА АБДУЛ 05.06.xlsx;Лазерная Sakura!r1116;ddbb1c580ba3ed878627b3d8dbea6c97710c4682804b2638b792149bf490915a
3403;37.0;20.0;15.0;32.7;11.3;10.1;4.3 / 8.7 / 4.9;11.1;3.732;7.368;2;Б;1;/opt/mp-analytics/incoming/gab/САКУРА АБДУЛ 05.06.xlsx;Лазерная Sakura!r1117;ddbb1c580ba3ed878627b3d8dbea6c97710c4682804b2638b792149bf490915a
3405;37.0;20.0;15.0;37.7;26.0;11.8;-0.7 / -6.0 / 3.2;11.1;11.566;-0.466;1;В;4;/opt/mp-analytics/incoming/gab/САКУРА АБДУЛ 05.06.xlsx;Лазерная Sakura!r320;ddbb1c580ba3ed878627b3d8dbea6c97710c4682804b2638b792149bf490915a
3408;37.0;20.0;15.0;55.0;9.3;9.3;-18.0 / 10.7 / 5.7;11.1;4.757;6.343;1;Б;2;/opt/mp-analytics/incoming/gab/Вся расходка Китай РФ Cactus GG PR.xlsx;Лист1!r2497;d0488dd393f71b9cb95cf51390c2aba1ef902bcac7a8eb2f95247679cc1d25fc
3409;37.0;20.0;15.0;55.0;9.5;9.5;-18.0 / 10.5 / 5.5;11.1;4.964;6.136;2;Б;1;/opt/mp-analytics/incoming/gab/Вся расходка Китай РФ Cactus GG PR.xlsx;Лист1!r3577;d0488dd393f71b9cb95cf51390c2aba1ef902bcac7a8eb2f95247679cc1d25fc
3410;37.0;20.0;15.0;55.0;9.5;9.5;-18.0 / 10.5 / 5.5;11.1;4.964;6.136;2;Б;1;/opt/mp-analytics/incoming/gab/Вся расходка Китай РФ Cactus GG PR.xlsx;Лист1!r3578;d0488dd393f71b9cb95cf51390c2aba1ef902bcac7a8eb2f95247679cc1d25fc
3411;37.0;20.0;15.0;55.0;9.5;9.5;-18.0 / 10.5 / 5.5;11.1;4.964;6.136;2;Б;1;/opt/mp-analytics/incoming/gab/Вся расходка Китай РФ Cactus GG PR.xlsx;Лист1!r3579;d0488dd393f71b9cb95cf51390c2aba1ef902bcac7a8eb2f95247679cc1d25fc
3412;36.0;34.0;28.0;55.0;9.5;9.5;-19.0 / 24.5 / 18.5;34.272;4.964;29.308;1;Б;1;/opt/mp-analytics/incoming/gab/Вся расходка Китай РФ Cactus GG PR.xlsx;Лист1!r3576;d0488dd393f71b9cb95cf51390c2aba1ef902bcac7a8eb2f95247679cc1d25fc
3423;37.0;20.0;15.0;35.0;16.5;12.0;2.0 / 3.5 / 3.0;11.1;6.93;4.17;2;Б;1;/opt/mp-analytics/incoming/gab/Вся расходка Китай РФ Cactus GG PR.xlsx;Лист1!r202;d0488dd393f71b9cb95cf51390c2aba1ef902bcac7a8eb2f95247679cc1d25fc
3424;37.0;20.0;15.0;31.0;24.0;13.0;6.0 / -4.0 / 2.0;11.1;9.672;1.428;2;Б;1;/opt/mp-analytics/incoming/gab/Вся расходка Китай РФ Cactus GG PR.xlsx;Лист1!r475;d0488dd393f71b9cb95cf51390c2aba1ef902bcac7a8eb2f95247679cc1d25fc
3425;37.0;20.0;15.0;32.0;26.0;14.0;5.0 / -6.0 / 1.0;11.1;11.648;-0.548;2;В;1;/opt/mp-analytics/incoming/gab/Вся расходка Китай РФ Cactus GG PR.xlsx;Лист1!r198;d0488dd393f71b9cb95cf51390c2aba1ef902bcac7a8eb2f95247679cc1d25fc
3426;37.0;20.0;15.0;33.0;11.5;10.4;4.0 / 8.5 / 4.6;11.1;3.947;7.153;3;Б;4;/opt/mp-analytics/incoming/gab/САКУРА АБДУЛ 05.06.xlsx;Лазерная Sakura!r763;ddbb1c580ba3ed878627b3d8dbea6c97710c4682804b2638b792149bf490915a
3427;37.0;20.0;15.0;33.0;11.6;10.4;4.0 / 8.4 / 4.6;11.1;3.981;7.119;1;Б;1;/opt/mp-analytics/incoming/gab/САКУРА АБДУЛ 05.06.xlsx;Лазерная Sakura!r764;ddbb1c580ba3ed878627b3d8dbea6c97710c4682804b2638b792149bf490915a
3428;37.0;20.0;15.0;32.5;11.5;10.3;4.5 / 8.5 / 4.7;11.1;3.85;7.25;1;Б;1;/opt/mp-analytics/incoming/gab/САКУРА АБДУЛ 05.06.xlsx;Лазерная Sakura!r765;ddbb1c580ba3ed878627b3d8dbea6c97710c4682804b2638b792149bf490915a
3429;37.0;20.0;15.0;33.1;11.5;10.5;3.9 / 8.5 / 4.5;11.1;3.997;7.103;2;Б;1;/opt/mp-analytics/incoming/gab/САКУРА АБДУЛ 05.06.xlsx;Лазерная Sakura!r766;ddbb1c580ba3ed878627b3d8dbea6c97710c4682804b2638b792149bf490915a
3431;35.0;16.0;12.0;30.0;15.0;10.0;5.0 / 1.0 / 2.0;6.72;4.5;2.22;4;Б;2;/opt/mp-analytics/incoming/gab/Изи.xlsx;Данные по картриджам!r1149;4064fa397384d687b0349dbae769c7d4a21c54bf65a712f6c31981a966b8f971
3432;35.0;16.0;12.0;30.0;15.0;10.0;5.0 / 1.0 / 2.0;6.72;4.5;2.22;4;Б;1;/opt/mp-analytics/incoming/gab/Изи.xlsx;Данные по картриджам!r1150;4064fa397384d687b0349dbae769c7d4a21c54bf65a712f6c31981a966b8f971
3433;35.0;16.0;12.0;30.0;15.0;10.0;5.0 / 1.0 / 2.0;6.72;4.5;2.22;4;Б;1;/opt/mp-analytics/incoming/gab/Изи.xlsx;Данные по картриджам!r1151;4064fa397384d687b0349dbae769c7d4a21c54bf65a712f6c31981a966b8f971
3434;35.0;16.0;12.0;30.0;15.0;10.0;5.0 / 1.0 / 2.0;6.72;4.5;2.22;4;Б;1;/opt/mp-analytics/incoming/gab/Изи.xlsx;Данные по картриджам!r1152;4064fa397384d687b0349dbae769c7d4a21c54bf65a712f6c31981a966b8f971
3436;35.0;16.0;12.0;33.2;16.7;9.3;1.8 / -0.7 / 2.7;6.72;5.156;1.564;1;Б;2;/opt/mp-analytics/incoming/gab/САКУРА АБДУЛ 05.06.xlsx;Лазерная Sakura!r807;ddbb1c580ba3ed878627b3d8dbea6c97710c4682804b2638b792149bf490915a
3441;28.0;14.0;4.0;28.5;12.5;3.5;-0.5 / 1.5 / 0.5;1.568;1.247;0.321;3;А;4;/opt/mp-analytics/incoming/gab/Вся расходка Китай РФ Cactus GG PR.xlsx;Лист1!r1776;d0488dd393f71b9cb95cf51390c2aba1ef902bcac7a8eb2f95247679cc1d25fc
3459;37.0;20.0;15.0;36.0;11.0;10.0;1.0 / 9.0 / 5.0;11.1;3.96;7.14;1;Б;1;/opt/mp-analytics/incoming/gab/Изи.xlsx;Данные по картриджам!r1300;4064fa397384d687b0349dbae769c7d4a21c54bf65a712f6c31981a966b8f971
3460;37.0;20.0;15.0;36.0;11.0;10.0;1.0 / 9.0 / 5.0;11.1;3.96;7.14;1;Б;1;/opt/mp-analytics/incoming/gab/Изи.xlsx;Данные по картриджам!r1301;4064fa397384d687b0349dbae769c7d4a21c54bf65a712f6c31981a966b8f971
3461;37.0;20.0;15.0;36.0;11.0;10.0;1.0 / 9.0 / 5.0;11.1;3.96;7.14;1;Б;1;/opt/mp-analytics/incoming/gab/Изи.xlsx;Данные по картриджам!r1303;4064fa397384d687b0349dbae769c7d4a21c54bf65a712f6c31981a966b8f971
3462;37.0;20.0;15.0;36.0;11.0;10.0;1.0 / 9.0 / 5.0;11.1;3.96;7.14;1;Б;1;/opt/mp-analytics/incoming/gab/Изи.xlsx;Данные по картриджам!r1302;4064fa397384d687b0349dbae769c7d4a21c54bf65a712f6c31981a966b8f971
3464;37.0;20.0;15.0;35.0;11.0;10.0;2.0 / 9.0 / 5.0;11.1;3.85;7.25;1;Б;3;/opt/mp-analytics/incoming/gab/Изи.xlsx;Данные по картриджам!r1286;4064fa397384d687b0349dbae769c7d4a21c54bf65a712f6c31981a966b8f971
3465;37.0;20.0;15.0;35.0;11.0;10.0;2.0 / 9.0 / 5.0;11.1;3.85;7.25;1;Б;1;/opt/mp-analytics/incoming/gab/Изи.xlsx;Данные по картриджам!r1287;4064fa397384d687b0349dbae769c7d4a21c54bf65a712f6c31981a966b8f971
3466;37.0;20.0;15.0;35.0;11.0;10.0;2.0 / 9.0 / 5.0;11.1;3.85;7.25;1;Б;1;/opt/mp-analytics/incoming/gab/Изи.xlsx;Данные по картриджам!r1289;4064fa397384d687b0349dbae769c7d4a21c54bf65a712f6c31981a966b8f971
3467;37.0;20.0;15.0;35.0;11.0;10.0;2.0 / 9.0 / 5.0;11.1;3.85;7.25;1;Б;1;/opt/mp-analytics/incoming/gab/Изи.xlsx;Данные по картриджам!r1288;4064fa397384d687b0349dbae769c7d4a21c54bf65a712f6c31981a966b8f971
3474;37.0;20.0;15.0;36.0;12.0;12.0;1.0 / 8.0 / 3.0;11.1;5.184;5.916;1;Б;11;/opt/mp-analytics/incoming/gab/Изи.xlsx;Данные по картриджам!r1272;4064fa397384d687b0349dbae769c7d4a21c54bf65a712f6c31981a966b8f971
3475;37.0;20.0;15.0;36.0;12.0;12.0;1.0 / 8.0 / 3.0;11.1;5.184;5.916;1;Б;1;/opt/mp-analytics/incoming/gab/Изи.xlsx;Данные по картриджам!r1273;4064fa397384d687b0349dbae769c7d4a21c54bf65a712f6c31981a966b8f971
3476;37.0;20.0;15.0;36.0;12.0;12.0;1.0 / 8.0 / 3.0;11.1;5.184;5.916;1;Б;1;/opt/mp-analytics/incoming/gab/Изи.xlsx;Данные по картриджам!r1274;4064fa397384d687b0349dbae769c7d4a21c54bf65a712f6c31981a966b8f971
3477;37.0;20.0;15.0;36.0;12.0;12.0;1.0 / 8.0 / 3.0;11.1;5.184;5.916;1;Б;1;/opt/mp-analytics/incoming/gab/Изи.xlsx;Данные по картриджам!r1275;4064fa397384d687b0349dbae769c7d4a21c54bf65a712f6c31981a966b8f971
3484;8.0;8.0;5.0;8.2;7.5;4.0;-0.2 / 0.5 / 1.0;0.32;0.246;0.074;3;А;2;/opt/mp-analytics/incoming/gab/Вся расходка Китай РФ Cactus GG PR.xlsx;Лист1!r1636;d0488dd393f71b9cb95cf51390c2aba1ef902bcac7a8eb2f95247679cc1d25fc
3485;10.0;10.0;10.0;12.5;4.5;4.5;-2.5 / 5.5 / 5.5;1.0;0.253;0.747;1;Б;1;/opt/mp-analytics/incoming/gab/Изи.xlsx;Данные по картриджам!r1701;4064fa397384d687b0349dbae769c7d4a21c54bf65a712f6c31981a966b8f971
3488;10.0;10.0;10.0;12.5;4.5;4.5;-2.5 / 5.5 / 5.5;1.0;0.253;0.747;1;Б;1;/opt/mp-analytics/incoming/gab/Изи.xlsx;Данные по картриджам!r1702;4064fa397384d687b0349dbae769c7d4a21c54bf65a712f6c31981a966b8f971
3489;20.0;10.0;10.0;15.0;11.5;3.0;5.0 / -1.5 / 7.0;2.0;0.517;1.483;3;Б;1;/opt/mp-analytics/incoming/gab/Вся расходка Китай РФ Cactus GG PR.xlsx;Лист1!r2795;d0488dd393f71b9cb95cf51390c2aba1ef902bcac7a8eb2f95247679cc1d25fc
3490;10.0;8.0;5.0;15.0;11.5;3.0;-5.0 / -3.5 / 2.0;0.4;0.517;-0.117;3;В;1;/opt/mp-analytics/incoming/gab/Вся расходка Китай РФ Cactus GG PR.xlsx;Лист1!r2796;d0488dd393f71b9cb95cf51390c2aba1ef902bcac7a8eb2f95247679cc1d25fc
3493;37.0;20.0;15.0;33.0;23.0;11.0;4.0 / -3.0 / 4.0;11.1;8.349;2.751;1;Б;1;/opt/mp-analytics/incoming/gab/Изи.xlsx;Данные по картриджам!r1247;4064fa397384d687b0349dbae769c7d4a21c54bf65a712f6c31981a966b8f971
3494;10.0;8.0;5.0;30.0;13.0;4.5;-20.0 / -5.0 / 0.5;0.4;1.755;-1.355;1;В;6;/opt/mp-analytics/incoming/gab/Изи.xlsx;Данные по картриджам!r1550;4064fa397384d687b0349dbae769c7d4a21c54bf65a712f6c31981a966b8f971
3495;10.0;8.0;5.0;30.0;13.0;4.5;-20.0 / -5.0 / 0.5;0.4;1.755;-1.355;1;В;1;/opt/mp-analytics/incoming/gab/Изи.xlsx;Данные по картриджам!r1551;4064fa397384d687b0349dbae769c7d4a21c54bf65a712f6c31981a966b8f971
3496;10.0;8.0;5.0;30.0;13.0;4.5;-20.0 / -5.0 / 0.5;0.4;1.755;-1.355;1;В;1;/opt/mp-analytics/incoming/gab/Изи.xlsx;Данные по картриджам!r1546;4064fa397384d687b0349dbae769c7d4a21c54bf65a712f6c31981a966b8f971
3497;10.0;8.0;5.0;30.0;13.0;4.5;-20.0 / -5.0 / 0.5;0.4;1.755;-1.355;1;В;1;/opt/mp-analytics/incoming/gab/Изи.xlsx;Данные по картриджам!r1549;4064fa397384d687b0349dbae769c7d4a21c54bf65a712f6c31981a966b8f971
3498;10.0;8.0;5.0;30.0;13.0;4.5;-20.0 / -5.0 / 0.5;0.4;1.755;-1.355;1;В;1;/opt/mp-analytics/incoming/gab/Изи.xlsx;Данные по картриджам!r1556;4064fa397384d687b0349dbae769c7d4a21c54bf65a712f6c31981a966b8f971
3499;10.0;8.0;5.0;30.0;13.0;4.5;-20.0 / -5.0 / 0.5;0.4;1.755;-1.355;1;В;1;/opt/mp-analytics/incoming/gab/Изи.xlsx;Данные по картриджам!r1552;4064fa397384d687b0349dbae769c7d4a21c54bf65a712f6c31981a966b8f971
3500;10.0;8.0;5.0;30.0;13.0;4.5;-20.0 / -5.0 / 0.5;0.4;1.755;-1.355;1;В;1;/opt/mp-analytics/incoming/gab/Изи.xlsx;Данные по картриджам!r1554;4064fa397384d687b0349dbae769c7d4a21c54bf65a712f6c31981a966b8f971
3501;10.0;8.0;5.0;30.0;13.0;4.5;-20.0 / -5.0 / 0.5;0.4;1.755;-1.355;1;В;1;/opt/mp-analytics/incoming/gab/Изи.xlsx;Данные по картриджам!r1548;4064fa397384d687b0349dbae769c7d4a21c54bf65a712f6c31981a966b8f971
3502;10.0;8.0;5.0;30.0;13.0;4.5;-20.0 / -5.0 / 0.5;0.4;1.755;-1.355;1;В;1;/opt/mp-analytics/incoming/gab/Изи.xlsx;Данные по картриджам!r1553;4064fa397384d687b0349dbae769c7d4a21c54bf65a712f6c31981a966b8f971
3503;10.0;8.0;5.0;30.0;13.0;4.5;-20.0 / -5.0 / 0.5;0.4;1.755;-1.355;1;В;1;/opt/mp-analytics/incoming/gab/Изи.xlsx;Данные по картриджам!r1555;4064fa397384d687b0349dbae769c7d4a21c54bf65a712f6c31981a966b8f971
3504;10.0;8.0;5.0;30.0;13.0;4.5;-20.0 / -5.0 / 0.5;0.4;1.755;-1.355;1;В;1;/opt/mp-analytics/incoming/gab/Изи.xlsx;Данные по картриджам!r1545;4064fa397384d687b0349dbae769c7d4a21c54bf65a712f6c31981a966b8f971
3505;10.0;8.0;5.0;30.0;13.0;4.5;-20.0 / -5.0 / 0.5;0.4;1.755;-1.355;1;В;1;/opt/mp-analytics/incoming/gab/Изи.xlsx;Данные по картриджам!r1547;4064fa397384d687b0349dbae769c7d4a21c54bf65a712f6c31981a966b8f971
3517;37.0;20.0;15.0;32.0;11.0;11.0;5.0 / 9.0 / 4.0;11.1;3.872;7.228;1;Б;4;/opt/mp-analytics/incoming/gab/Вся расходка Китай РФ Cactus GG PR.xlsx;Лист1!r467;d0488dd393f71b9cb95cf51390c2aba1ef902bcac7a8eb2f95247679cc1d25fc
3518;10.0;8.0;5.0;27.0;12.0;5.8;-17.0 / -4.0 / -0.8;0.4;1.879;-1.479;3;В;1;/opt/mp-analytics/incoming/gab/Вся расходка Китай РФ Cactus GG PR.xlsx;Лист1!r2824;d0488dd393f71b9cb95cf51390c2aba1ef902bcac7a8eb2f95247679cc1d25fc
3519;10.0;8.0;5.0;27.0;12.0;5.8;-17.0 / -4.0 / -0.8;0.4;1.879;-1.479;3;В;1;/opt/mp-analytics/incoming/gab/Вся расходка Китай РФ Cactus GG PR.xlsx;Лист1!r2825;d0488dd393f71b9cb95cf51390c2aba1ef902bcac7a8eb2f95247679cc1d25fc
3520;10.0;8.0;5.0;27.0;12.0;5.8;-17.0 / -4.0 / -0.8;0.4;1.879;-1.479;3;В;1;/opt/mp-analytics/incoming/gab/Вся расходка Китай РФ Cactus GG PR.xlsx;Лист1!r2826;d0488dd393f71b9cb95cf51390c2aba1ef902bcac7a8eb2f95247679cc1d25fc
3521;10.0;8.0;5.0;27.0;12.0;5.8;-17.0 / -4.0 / -0.8;0.4;1.879;-1.479;3;В;1;/opt/mp-analytics/incoming/gab/Вся расходка Китай РФ Cactus GG PR.xlsx;Лист1!r2827;d0488dd393f71b9cb95cf51390c2aba1ef902bcac7a8eb2f95247679cc1d25fc
3523;37.0;20.0;15.0;36.0;22.0;10.0;1.0 / -2.0 / 5.0;11.1;7.92;3.18;1;Б;3;/opt/mp-analytics/incoming/gab/Изи.xlsx;Данные по картриджам!r704;4064fa397384d687b0349dbae769c7d4a21c54bf65a712f6c31981a966b8f971
3530;37.0;20.0;15.0;35.0;33.0;15.0;2.0 / -13.0 / 0.0;11.1;17.325;-6.225;2;В;5;/opt/mp-analytics/incoming/gab/Вся расходка Китай РФ Cactus GG PR.xlsx;Лист1!r882;d0488dd393f71b9cb95cf51390c2aba1ef902bcac7a8eb2f95247679cc1d25fc
3532;37.0;20.0;15.0;37.6;22.0;11.8;-0.6 / -2.0 / 3.2;11.1;9.761;1.339;3;Б;4;/opt/mp-analytics/incoming/gab/САКУРА АБДУЛ 05.06.xlsx;Лазерная Sakura!r331;ddbb1c580ba3ed878627b3d8dbea6c97710c4682804b2638b792149bf490915a
3534;35.0;16.0;12.0;33.0;11.5;10.5;2.0 / 4.5 / 1.5;6.72;3.985;2.735;2;Б;3;/opt/mp-analytics/incoming/gab/Вся расходка Китай РФ Cactus GG PR.xlsx;Лист1!r298;d0488dd393f71b9cb95cf51390c2aba1ef902bcac7a8eb2f95247679cc1d25fc
3535;37.0;20.0;15.0;33.0;11.5;10.5;4.0 / 8.5 / 4.5;11.1;3.985;7.115;2;Б;1;/opt/mp-analytics/incoming/gab/Вся расходка Китай РФ Cactus GG PR.xlsx;Лист1!r297;d0488dd393f71b9cb95cf51390c2aba1ef902bcac7a8eb2f95247679cc1d25fc
3536;37.0;20.0;15.0;33.0;11.5;10.5;4.0 / 8.5 / 4.5;11.1;3.985;7.115;2;Б;1;/opt/mp-analytics/incoming/gab/Вся расходка Китай РФ Cactus GG PR.xlsx;Лист1!r296;d0488dd393f71b9cb95cf51390c2aba1ef902bcac7a8eb2f95247679cc1d25fc
3537;37.0;20.0;15.0;33.0;11.5;10.5;4.0 / 8.5 / 4.5;11.1;3.985;7.115;2;Б;1;/opt/mp-analytics/incoming/gab/Вся расходка Китай РФ Cactus GG PR.xlsx;Лист1!r295;d0488dd393f71b9cb95cf51390c2aba1ef902bcac7a8eb2f95247679cc1d25fc
3539;37.0;20.0;15.0;31.6;15.9;8.2;5.4 / 4.1 / 6.8;11.1;4.12;6.98;1;Б;1;/opt/mp-analytics/incoming/gab/САКУРА АБДУЛ 05.06.xlsx;Лазерная Sakura!r653;ddbb1c580ba3ed878627b3d8dbea6c97710c4682804b2638b792149bf490915a
3540;37.0;20.0;15.0;30.0;10.0;9.0;7.0 / 10.0 / 6.0;11.1;2.7;8.4;1;Б;1;/opt/mp-analytics/incoming/gab/Вся расходка Китай РФ Cactus GG PR.xlsx;Лист1!r303;d0488dd393f71b9cb95cf51390c2aba1ef902bcac7a8eb2f95247679cc1d25fc
3542;;;;8.5;7.5;3.8;нет карточек wb_acc1;;;;1;Г;0;/opt/mp-analytics/incoming/gab/Изи.xlsx;Данные по картриджам!r551;4064fa397384d687b0349dbae769c7d4a21c54bf65a712f6c31981a966b8f971
3547;37.0;20.0;15.0;51.0;20.5;13.0;-14.0 / -0.5 / 2.0;11.1;13.591;-2.491;2;В;3;/opt/mp-analytics/incoming/gab/Изи.xlsx;Данные по картриджам!r1179;4064fa397384d687b0349dbae769c7d4a21c54bf65a712f6c31981a966b8f971
3548;37.0;20.0;15.0;50.0;26.0;16.0;-13.0 / -6.0 / -1.0;11.1;20.8;-9.7;2;В;2;/opt/mp-analytics/incoming/gab/Вся расходка Китай РФ Cactus GG PR.xlsx;Лист1!r884;d0488dd393f71b9cb95cf51390c2aba1ef902bcac7a8eb2f95247679cc1d25fc
3549;37.0;20.0;15.0;55.0;9.3;9.3;-18.0 / 10.7 / 5.7;11.1;4.757;6.343;1;Б;1;/opt/mp-analytics/incoming/gab/Вся расходка Китай РФ Cactus GG PR.xlsx;Лист1!r2534;d0488dd393f71b9cb95cf51390c2aba1ef902bcac7a8eb2f95247679cc1d25fc
3550;37.0;20.0;15.0;55.0;9.3;9.3;-18.0 / 10.7 / 5.7;11.1;4.757;6.343;1;Б;1;/opt/mp-analytics/incoming/gab/Вся расходка Китай РФ Cactus GG PR.xlsx;Лист1!r2533;d0488dd393f71b9cb95cf51390c2aba1ef902bcac7a8eb2f95247679cc1d25fc
3551;37.0;20.0;15.0;55.0;9.3;9.3;-18.0 / 10.7 / 5.7;11.1;4.757;6.343;1;Б;1;/opt/mp-analytics/incoming/gab/Вся расходка Китай РФ Cactus GG PR.xlsx;Лист1!r2535;d0488dd393f71b9cb95cf51390c2aba1ef902bcac7a8eb2f95247679cc1d25fc
3552;37.0;20.0;15.0;55.0;9.3;9.3;-18.0 / 10.7 / 5.7;11.1;4.757;6.343;1;Б;1;/opt/mp-analytics/incoming/gab/Вся расходка Китай РФ Cactus GG PR.xlsx;Лист1!r2536;d0488dd393f71b9cb95cf51390c2aba1ef902bcac7a8eb2f95247679cc1d25fc
3554;10.0;8.0;5.0;11.5;5.8;3.5;-1.5 / 2.2 / 1.5;0.4;0.233;0.167;3;Б;5;/opt/mp-analytics/incoming/gab/Вся расходка Китай РФ Cactus GG PR.xlsx;Лист1!r1873;d0488dd393f71b9cb95cf51390c2aba1ef902bcac7a8eb2f95247679cc1d25fc
3558;10.0;8.0;5.0;8.5;6.5;3.5;1.5 / 1.5 / 1.5;0.4;0.193;0.207;1;А;1;/opt/mp-analytics/incoming/gab/Вся расходка Китай РФ Cactus GG PR.xlsx;Лист1!r1773;d0488dd393f71b9cb95cf51390c2aba1ef902bcac7a8eb2f95247679cc1d25fc
3559;10.0;8.0;5.0;14.5;9.5;4.8;-4.5 / -1.5 / 0.2;0.4;0.661;-0.261;2;В;5;/opt/mp-analytics/incoming/gab/САКУРА АБДУЛ 05.06.xlsx;Струйная Sakura!r168;ddbb1c580ba3ed878627b3d8dbea6c97710c4682804b2638b792149bf490915a
3560;10.0;8.0;5.0;14.5;9.5;4.8;-4.5 / -1.5 / 0.2;0.4;0.661;-0.261;3;В;1;/opt/mp-analytics/incoming/gab/САКУРА АБДУЛ 05.06.xlsx;Струйная Sakura!r167;ddbb1c580ba3ed878627b3d8dbea6c97710c4682804b2638b792149bf490915a
3561;10.0;8.0;5.0;14.5;9.5;4.8;-4.5 / -1.5 / 0.2;0.4;0.661;-0.261;3;В;1;/opt/mp-analytics/incoming/gab/Вся расходка Китай РФ Cactus GG PR.xlsx;Лист1!r3828;d0488dd393f71b9cb95cf51390c2aba1ef902bcac7a8eb2f95247679cc1d25fc
3562;10.0;8.0;5.0;14.5;9.5;4.8;-4.5 / -1.5 / 0.2;0.4;0.661;-0.261;3;В;1;/opt/mp-analytics/incoming/gab/Вся расходка Китай РФ Cactus GG PR.xlsx;Лист1!r3829;d0488dd393f71b9cb95cf51390c2aba1ef902bcac7a8eb2f95247679cc1d25fc
3563;10.0;8.0;5.0;14.5;9.5;4.8;-4.5 / -1.5 / 0.2;0.4;0.661;-0.261;3;В;1;/opt/mp-analytics/incoming/gab/Вся расходка Китай РФ Cactus GG PR.xlsx;Лист1!r3830;d0488dd393f71b9cb95cf51390c2aba1ef902bcac7a8eb2f95247679cc1d25fc
3565;37.0;20.0;15.0;34.5;24.0;11.0;2.5 / -4.0 / 4.0;11.1;9.108;1.992;3;Б;1;/opt/mp-analytics/incoming/gab/Изи.xlsx;Данные по картриджам!r1601;4064fa397384d687b0349dbae769c7d4a21c54bf65a712f6c31981a966b8f971
3585;37.0;20.0;15.0;37.3;24.9;14.6;-0.3 / -4.9 / 0.4;11.1;13.56;-2.46;1;В;3;/opt/mp-analytics/incoming/gab/САКУРА АБДУЛ 05.06.xlsx;Лазерная Sakura!r214;ddbb1c580ba3ed878627b3d8dbea6c97710c4682804b2638b792149bf490915a
3587;37.0;20.0;15.0;37.3;24.9;14.6;-0.3 / -4.9 / 0.4;11.1;13.56;-2.46;1;В;1;/opt/mp-analytics/incoming/gab/САКУРА АБДУЛ 05.06.xlsx;Лазерная Sakura!r216;ddbb1c580ba3ed878627b3d8dbea6c97710c4682804b2638b792149bf490915a
3604;10.0;8.0;5.0;32.3;11.5;10.1;-22.3 / -3.5 / -5.1;0.4;3.752;-3.352;1;В;1;/opt/mp-analytics/incoming/gab/САКУРА АБДУЛ 05.06.xlsx;Лазерная Sakura!r1118;ddbb1c580ba3ed878627b3d8dbea6c97710c4682804b2638b792149bf490915a
3605;10.0;8.0;5.0;32.6;11.5;10.2;-22.6 / -3.5 / -5.2;0.4;3.824;-3.424;1;В;1;/opt/mp-analytics/incoming/gab/САКУРА АБДУЛ 05.06.xlsx;Лазерная Sakura!r1119;ddbb1c580ba3ed878627b3d8dbea6c97710c4682804b2638b792149bf490915a
3606;10.0;8.0;5.0;32.5;11.2;10.3;-22.5 / -3.2 / -5.3;0.4;3.749;-3.349;1;В;1;/opt/mp-analytics/incoming/gab/САКУРА АБДУЛ 05.06.xlsx;Лазерная Sakura!r1120;ddbb1c580ba3ed878627b3d8dbea6c97710c4682804b2638b792149bf490915a
3607;10.0;8.0;5.0;32.6;11.5;10.2;-22.6 / -3.5 / -5.2;0.4;3.824;-3.424;1;В;1;/opt/mp-analytics/incoming/gab/САКУРА АБДУЛ 05.06.xlsx;Лазерная Sakura!r1121;ddbb1c580ba3ed878627b3d8dbea6c97710c4682804b2638b792149bf490915a
3616;37.0;20.0;15.0;57.9;19.2;18.7;-20.9 / 0.8 / -3.7;11.1;20.788;-9.688;3;В;1;/opt/mp-analytics/incoming/gab/САКУРА АБДУЛ 05.06.xlsx;Лазерная Sakura!r54;ddbb1c580ba3ed878627b3d8dbea6c97710c4682804b2638b792149bf490915a
3617;37.0;20.0;15.0;35.0;29.5;12.0;2.0 / -9.5 / 3.0;11.1;12.39;-1.29;2;В;1;/opt/mp-analytics/incoming/gab/Вся расходка Китай РФ Cactus GG PR.xlsx;Лист1!r492;d0488dd393f71b9cb95cf51390c2aba1ef902bcac7a8eb2f95247679cc1d25fc
3618;37.0;20.0;15.0;33.4;16.9;9.4;3.6 / 3.1 / 5.6;11.1;5.306;5.794;1;Б;2;/opt/mp-analytics/incoming/gab/САКУРА АБДУЛ 05.06.xlsx;Лазерная Sakura!r435;ddbb1c580ba3ed878627b3d8dbea6c97710c4682804b2638b792149bf490915a
3619;37.0;20.0;15.0;37.7;25.7;12.3;-0.7 / -5.7 / 2.7;11.1;11.917;-0.817;1;В;6;/opt/mp-analytics/incoming/gab/САКУРА АБДУЛ 05.06.xlsx;Лазерная Sakura!r285;ddbb1c580ba3ed878627b3d8dbea6c97710c4682804b2638b792149bf490915a
3620;37.0;20.0;15.0;33.0;11.5;10.4;4.0 / 8.5 / 4.6;11.1;3.947;7.153;1;Б;1;/opt/mp-analytics/incoming/gab/САКУРА АБДУЛ 05.06.xlsx;Лазерная Sakura!r1054;ddbb1c580ba3ed878627b3d8dbea6c97710c4682804b2638b792149bf490915a
3622;15.0;10.0;8.0;8.0;5.5;4.0;7.0 / 4.5 / 4.0;1.2;0.176;1.024;2;Б;1;/opt/mp-analytics/incoming/gab/Вся расходка Китай РФ Cactus GG PR.xlsx;Лист1!r1444;d0488dd393f71b9cb95cf51390c2aba1ef902bcac7a8eb2f95247679cc1d25fc
3626;10.0;10.0;10.0;15.0;8.0;4.0;-5.0 / 2.0 / 6.0;1.0;0.48;0.52;1;Б;1;/opt/mp-analytics/incoming/gab/Изи.xlsx;Данные по картриджам!r1815;4064fa397384d687b0349dbae769c7d4a21c54bf65a712f6c31981a966b8f971
3630;37.0;20.0;15.0;48.5;14.5;11.5;-11.5 / 5.5 / 3.5;11.1;8.087;3.013;3;Б;1;/opt/mp-analytics/incoming/gab/Вся расходка Китай РФ Cactus GG PR.xlsx;Лист1!r4257;d0488dd393f71b9cb95cf51390c2aba1ef902bcac7a8eb2f95247679cc1d25fc
3631;37.0;20.0;15.0;48.5;14.5;11.5;-11.5 / 5.5 / 3.5;11.1;8.087;3.013;3;Б;1;/opt/mp-analytics/incoming/gab/Вся расходка Китай РФ Cactus GG PR.xlsx;Лист1!r4256;d0488dd393f71b9cb95cf51390c2aba1ef902bcac7a8eb2f95247679cc1d25fc
3632;37.0;20.0;15.0;48.5;14.5;11.5;-11.5 / 5.5 / 3.5;11.1;8.087;3.013;3;Б;1;/opt/mp-analytics/incoming/gab/Вся расходка Китай РФ Cactus GG PR.xlsx;Лист1!r4258;d0488dd393f71b9cb95cf51390c2aba1ef902bcac7a8eb2f95247679cc1d25fc
3633;37.0;20.0;15.0;48.5;14.5;11.5;-11.5 / 5.5 / 3.5;11.1;8.087;3.013;3;Б;1;/opt/mp-analytics/incoming/gab/Вся расходка Китай РФ Cactus GG PR.xlsx;Лист1!r4259;d0488dd393f71b9cb95cf51390c2aba1ef902bcac7a8eb2f95247679cc1d25fc
3635;37.0;20.0;15.0;55.5;12.0;10.0;-18.5 / 8.0 / 5.0;11.1;6.66;4.44;3;Б;3;/opt/mp-analytics/incoming/gab/Изи.xlsx;Данные по картриджам!r1831;4064fa397384d687b0349dbae769c7d4a21c54bf65a712f6c31981a966b8f971
3636;37.0;20.0;15.0;42.5;11.5;9.0;-5.5 / 8.5 / 6.0;11.1;4.399;6.701;3;Б;1;/opt/mp-analytics/incoming/gab/САКУРА АБДУЛ 05.06.xlsx;Лазерная Sakura!r963;ddbb1c580ba3ed878627b3d8dbea6c97710c4682804b2638b792149bf490915a
3637;37.0;20.0;15.0;55.5;8.0;8.0;-18.5 / 12.0 / 7.0;11.1;3.552;7.548;3;Б;1;/opt/mp-analytics/incoming/gab/Изи.xlsx;Данные по картриджам!r1833;4064fa397384d687b0349dbae769c7d4a21c54bf65a712f6c31981a966b8f971
3638;37.0;20.0;15.0;55.5;8.0;8.0;-18.5 / 12.0 / 7.0;11.1;3.552;7.548;3;Б;1;/opt/mp-analytics/incoming/gab/Изи.xlsx;Данные по картриджам!r1834;4064fa397384d687b0349dbae769c7d4a21c54bf65a712f6c31981a966b8f971
3641;37.0;20.0;15.0;48.0;18.0;14.5;-11.0 / 2.0 / 0.5;11.1;12.528;-1.428;2;В;1;/opt/mp-analytics/incoming/gab/Изи.xlsx;Данные по картриджам!r1374;4064fa397384d687b0349dbae769c7d4a21c54bf65a712f6c31981a966b8f971
3642;37.0;20.0;15.0;38.7;13.5;13.3;-1.7 / 6.5 / 1.7;11.1;6.949;4.151;1;Б;1;/opt/mp-analytics/incoming/gab/Вся расходка Китай РФ Cactus GG PR.xlsx;Лист1!r4358;d0488dd393f71b9cb95cf51390c2aba1ef902bcac7a8eb2f95247679cc1d25fc
3644;37.0;20.0;15.0;57.0;10.0;9.0;-20.0 / 10.0 / 6.0;11.1;5.13;5.97;3;Б;5;/opt/mp-analytics/incoming/gab/Изи.xlsx;Данные по картриджам!r1562;4064fa397384d687b0349dbae769c7d4a21c54bf65a712f6c31981a966b8f971
3645;37.0;20.0;15.0;57.0;10.0;9.0;-20.0 / 10.0 / 6.0;11.1;5.13;5.97;2;Б;1;/opt/mp-analytics/incoming/gab/Изи.xlsx;Данные по картриджам!r1559;4064fa397384d687b0349dbae769c7d4a21c54bf65a712f6c31981a966b8f971
3646;37.0;20.0;15.0;57.0;10.0;9.0;-20.0 / 10.0 / 6.0;11.1;5.13;5.97;3;Б;1;/opt/mp-analytics/incoming/gab/Изи.xlsx;Данные по картриджам!r1560;4064fa397384d687b0349dbae769c7d4a21c54bf65a712f6c31981a966b8f971
3647;37.0;20.0;15.0;57.0;10.0;9.0;-20.0 / 10.0 / 6.0;11.1;5.13;5.97;3;Б;1;/opt/mp-analytics/incoming/gab/Изи.xlsx;Данные по картриджам!r1561;4064fa397384d687b0349dbae769c7d4a21c54bf65a712f6c31981a966b8f971
3649;37.0;20.0;15.0;42.0;7.5;7.5;-5.0 / 12.5 / 7.5;11.1;2.362;8.738;1;Б;3;/opt/mp-analytics/incoming/gab/Вся расходка Китай РФ Cactus GG PR.xlsx;Лист1!r2321;d0488dd393f71b9cb95cf51390c2aba1ef902bcac7a8eb2f95247679cc1d25fc
3650;37.0;20.0;15.0;42.0;7.5;7.5;-5.0 / 12.5 / 7.5;11.1;2.362;8.738;1;Б;1;/opt/mp-analytics/incoming/gab/Вся расходка Китай РФ Cactus GG PR.xlsx;Лист1!r2322;d0488dd393f71b9cb95cf51390c2aba1ef902bcac7a8eb2f95247679cc1d25fc
3651;37.0;20.0;15.0;42.0;7.5;7.5;-5.0 / 12.5 / 7.5;11.1;2.362;8.738;1;Б;1;/opt/mp-analytics/incoming/gab/Вся расходка Китай РФ Cactus GG PR.xlsx;Лист1!r2323;d0488dd393f71b9cb95cf51390c2aba1ef902bcac7a8eb2f95247679cc1d25fc
3652;37.0;20.0;15.0;42.0;7.5;7.5;-5.0 / 12.5 / 7.5;11.1;2.362;8.738;1;Б;1;/opt/mp-analytics/incoming/gab/Вся расходка Китай РФ Cactus GG PR.xlsx;Лист1!r2324;d0488dd393f71b9cb95cf51390c2aba1ef902bcac7a8eb2f95247679cc1d25fc
3656;37.0;20.0;15.0;55.0;9.5;9.5;-18.0 / 10.5 / 5.5;11.1;4.964;6.136;1;Б;3;/opt/mp-analytics/incoming/gab/Вся расходка Китай РФ Cactus GG PR.xlsx;Лист1!r3618;d0488dd393f71b9cb95cf51390c2aba1ef902bcac7a8eb2f95247679cc1d25fc
3657;37.0;20.0;15.0;55.0;9.5;9.5;-18.0 / 10.5 / 5.5;11.1;4.964;6.136;1;Б;1;/opt/mp-analytics/incoming/gab/Вся расходка Китай РФ Cactus GG PR.xlsx;Лист1!r3619;d0488dd393f71b9cb95cf51390c2aba1ef902bcac7a8eb2f95247679cc1d25fc
3658;37.0;20.0;15.0;55.0;9.5;9.5;-18.0 / 10.5 / 5.5;11.1;4.964;6.136;1;Б;1;/opt/mp-analytics/incoming/gab/Вся расходка Китай РФ Cactus GG PR.xlsx;Лист1!r3620;d0488dd393f71b9cb95cf51390c2aba1ef902bcac7a8eb2f95247679cc1d25fc
3659;37.0;20.0;15.0;55.0;9.5;9.5;-18.0 / 10.5 / 5.5;11.1;4.964;6.136;1;Б;1;/opt/mp-analytics/incoming/gab/Вся расходка Китай РФ Cactus GG PR.xlsx;Лист1!r3621;d0488dd393f71b9cb95cf51390c2aba1ef902bcac7a8eb2f95247679cc1d25fc
3661;37.0;20.0;15.0;37.7;26.3;11.5;-0.7 / -6.3 / 3.5;11.1;11.402;-0.302;1;В;1;/opt/mp-analytics/incoming/gab/САКУРА АБДУЛ 05.06.xlsx;Лазерная Sakura!r272;ddbb1c580ba3ed878627b3d8dbea6c97710c4682804b2638b792149bf490915a
3663;37.0;20.0;15.0;35.0;29.5;12.0;2.0 / -9.5 / 3.0;11.1;12.39;-1.29;2;В;1;/opt/mp-analytics/incoming/gab/Вся расходка Китай РФ Cactus GG PR.xlsx;Лист1!r4354;d0488dd393f71b9cb95cf51390c2aba1ef902bcac7a8eb2f95247679cc1d25fc
3669;37.0;20.0;15.0;55.0;9.5;9.5;-18.0 / 10.5 / 5.5;11.1;4.964;6.136;2;Б;2;/opt/mp-analytics/incoming/gab/Вся расходка Китай РФ Cactus GG PR.xlsx;Лист1!r3751;d0488dd393f71b9cb95cf51390c2aba1ef902bcac7a8eb2f95247679cc1d25fc
3670;37.0;20.0;15.0;55.0;9.3;9.3;-18.0 / 10.7 / 5.7;11.1;4.757;6.343;2;Б;1;/opt/mp-analytics/incoming/gab/Вся расходка Китай РФ Cactus GG PR.xlsx;Лист1!r2554;d0488dd393f71b9cb95cf51390c2aba1ef902bcac7a8eb2f95247679cc1d25fc
3671;37.0;20.0;15.0;55.0;9.5;9.5;-18.0 / 10.5 / 5.5;11.1;4.964;6.136;2;Б;1;/opt/mp-analytics/incoming/gab/Вся расходка Китай РФ Cactus GG PR.xlsx;Лист1!r3753;d0488dd393f71b9cb95cf51390c2aba1ef902bcac7a8eb2f95247679cc1d25fc
3672;37.0;20.0;15.0;55.0;9.5;9.5;-18.0 / 10.5 / 5.5;11.1;4.964;6.136;2;Б;1;/opt/mp-analytics/incoming/gab/Вся расходка Китай РФ Cactus GG PR.xlsx;Лист1!r3754;d0488dd393f71b9cb95cf51390c2aba1ef902bcac7a8eb2f95247679cc1d25fc
3674;37.0;20.0;15.0;33.0;18.0;12.0;4.0 / 2.0 / 3.0;11.1;7.128;3.972;2;Б;5;/opt/mp-analytics/incoming/gab/Изи.xlsx;Данные по картриджам!r1295;4064fa397384d687b0349dbae769c7d4a21c54bf65a712f6c31981a966b8f971
3676;15.0;10.0;8.0;29.5;13.0;4.5;-14.5 / -3.0 / 3.5;1.2;1.726;-0.526;1;В;4;/opt/mp-analytics/incoming/gab/Изи.xlsx;Данные по картриджам!r1459;4064fa397384d687b0349dbae769c7d4a21c54bf65a712f6c31981a966b8f971
3677;15.0;10.0;8.0;29.5;13.0;4.5;-14.5 / -3.0 / 3.5;1.2;1.726;-0.526;1;В;1;/opt/mp-analytics/incoming/gab/Изи.xlsx;Данные по картриджам!r1460;4064fa397384d687b0349dbae769c7d4a21c54bf65a712f6c31981a966b8f971
3678;15.0;10.0;8.0;29.5;13.0;4.5;-14.5 / -3.0 / 3.5;1.2;1.726;-0.526;1;В;1;/opt/mp-analytics/incoming/gab/Изи.xlsx;Данные по картриджам!r1461;4064fa397384d687b0349dbae769c7d4a21c54bf65a712f6c31981a966b8f971
3679;15.0;10.0;8.0;29.5;13.0;4.5;-14.5 / -3.0 / 3.5;1.2;1.726;-0.526;1;В;1;/opt/mp-analytics/incoming/gab/Изи.xlsx;Данные по картриджам!r1463;4064fa397384d687b0349dbae769c7d4a21c54bf65a712f6c31981a966b8f971
3680;15.0;10.0;8.0;29.5;13.0;4.5;-14.5 / -3.0 / 3.5;1.2;1.726;-0.526;2;В;1;/opt/mp-analytics/incoming/gab/Изи.xlsx;Данные по картриджам!r1462;4064fa397384d687b0349dbae769c7d4a21c54bf65a712f6c31981a966b8f971
3682;15.0;5.0;4.0;28.5;12.5;3.5;-13.5 / -7.5 / 0.5;0.3;1.247;-0.947;1;В;3;/opt/mp-analytics/incoming/gab/Вся расходка Китай РФ Cactus GG PR.xlsx;Лист1!r1627;d0488dd393f71b9cb95cf51390c2aba1ef902bcac7a8eb2f95247679cc1d25fc
3683;28.0;9.0;4.0;28.5;8.5;3.5;-0.5 / 0.5 / 0.5;1.008;0.848;0.16;1;А;1;/opt/mp-analytics/incoming/gab/Вся расходка Китай РФ Cactus GG PR.xlsx;Лист1!r1626;d0488dd393f71b9cb95cf51390c2aba1ef902bcac7a8eb2f95247679cc1d25fc
3684;28.0;9.0;4.0;28.5;8.5;3.5;-0.5 / 0.5 / 0.5;1.008;0.848;0.16;1;А;1;/opt/mp-analytics/incoming/gab/Вся расходка Китай РФ Cactus GG PR.xlsx;Лист1!r1625;d0488dd393f71b9cb95cf51390c2aba1ef902bcac7a8eb2f95247679cc1d25fc
3685;28.0;9.0;4.0;28.5;8.5;3.5;-0.5 / 0.5 / 0.5;1.008;0.848;0.16;1;А;1;/opt/mp-analytics/incoming/gab/Вся расходка Китай РФ Cactus GG PR.xlsx;Лист1!r1624;d0488dd393f71b9cb95cf51390c2aba1ef902bcac7a8eb2f95247679cc1d25fc
3690;10.0;8.0;5.0;23.0;12.0;4.0;-13.0 / -4.0 / 1.0;0.4;1.104;-0.704;2;В;1;/opt/mp-analytics/incoming/gab/САКУРА АБДУЛ 05.06.xlsx;Струйная Sakura!r93;ddbb1c580ba3ed878627b3d8dbea6c97710c4682804b2638b792149bf490915a
3691;10.0;8.0;5.0;23.0;12.0;4.0;-13.0 / -4.0 / 1.0;0.4;1.104;-0.704;2;В;1;/opt/mp-analytics/incoming/gab/САКУРА АБДУЛ 05.06.xlsx;Струйная Sakura!r92;ddbb1c580ba3ed878627b3d8dbea6c97710c4682804b2638b792149bf490915a
3692;10.0;8.0;5.0;23.0;12.0;4.0;-13.0 / -4.0 / 1.0;0.4;1.104;-0.704;2;В;1;/opt/mp-analytics/incoming/gab/САКУРА АБДУЛ 05.06.xlsx;Струйная Sakura!r91;ddbb1c580ba3ed878627b3d8dbea6c97710c4682804b2638b792149bf490915a
3707;37.0;20.0;15.0;56.0;15.0;14.0;-19.0 / 5.0 / 1.0;11.1;11.76;-0.66;1;В;1;/opt/mp-analytics/incoming/gab/Вся расходка Китай РФ Cactus GG PR.xlsx;Лист1!r668;d0488dd393f71b9cb95cf51390c2aba1ef902bcac7a8eb2f95247679cc1d25fc
3708;37.0;20.0;15.0;26.0;12.2;5.0;11.0 / 7.8 / 10.0;11.1;1.586;9.514;1;Б;1;/opt/mp-analytics/incoming/gab/САКУРА АБДУЛ 05.06.xlsx;Лазерная Sakura!r258;ddbb1c580ba3ed878627b3d8dbea6c97710c4682804b2638b792149bf490915a
3711;37.0;20.0;15.0;20.4;9.2;9.1;16.6 / 10.8 / 5.9;11.1;1.708;9.392;2;Б;1;/opt/mp-analytics/incoming/gab/САКУРА АБДУЛ 05.06.xlsx;Лазерная Sakura!r1275;ddbb1c580ba3ed878627b3d8dbea6c97710c4682804b2638b792149bf490915a
3712;37.0;20.0;15.0;20.3;9.5;9.2;16.7 / 10.5 / 5.8;11.1;1.774;9.326;2;Б;1;/opt/mp-analytics/incoming/gab/САКУРА АБДУЛ 05.06.xlsx;Лазерная Sakura!r1272;ddbb1c580ba3ed878627b3d8dbea6c97710c4682804b2638b792149bf490915a
3713;37.0;20.0;15.0;20.4;9.4;9.2;16.6 / 10.6 / 5.8;11.1;1.764;9.336;2;Б;1;/opt/mp-analytics/incoming/gab/САКУРА АБДУЛ 05.06.xlsx;Лазерная Sakura!r1273;ddbb1c580ba3ed878627b3d8dbea6c97710c4682804b2638b792149bf490915a
3714;37.0;20.0;15.0;20.6;9.2;9.1;16.4 / 10.8 / 5.9;11.1;1.725;9.375;1;Б;1;/opt/mp-analytics/incoming/gab/САКУРА АБДУЛ 05.06.xlsx;Лазерная Sakura!r1274;ddbb1c580ba3ed878627b3d8dbea6c97710c4682804b2638b792149bf490915a
3716;37.0;20.0;15.0;31.5;14.0;11.0;5.5 / 6.0 / 4.0;11.1;4.851;6.249;1;Б;5;/opt/mp-analytics/incoming/gab/Вся расходка Китай РФ Cactus GG PR.xlsx;Лист1!r3401;d0488dd393f71b9cb95cf51390c2aba1ef902bcac7a8eb2f95247679cc1d25fc
3719;30.0;19.0;13.0;33.0;17.0;12.0;-3.0 / 2.0 / 1.0;7.41;6.732;0.678;1;Б;1;/opt/mp-analytics/incoming/gab/САКУРА АБДУЛ 05.06.xlsx;Лазерная Sakura!r1420;ddbb1c580ba3ed878627b3d8dbea6c97710c4682804b2638b792149bf490915a
3723;10.0;8.0;5.0;13.0;8.0;3.5;-3.0 / 0.0 / 1.5;0.4;0.364;0.036;2;Б;1;/opt/mp-analytics/incoming/gab/Изи.xlsx;Данные по картриджам!r1254;4064fa397384d687b0349dbae769c7d4a21c54bf65a712f6c31981a966b8f971
3737;17.0;5.0;4.0;15.0;4.8;4.8;2.0 / 0.2 / -0.8;0.34;0.346;-0.006;3;А;9;/opt/mp-analytics/incoming/gab/САКУРА АБДУЛ 05.06.xlsx;Струйная Sakura!r19;ddbb1c580ba3ed878627b3d8dbea6c97710c4682804b2638b792149bf490915a
3738;14.0;5.0;5.0;15.0;4.8;4.8;-1.0 / 0.2 / 0.2;0.35;0.346;0.004;3;А;6;/opt/mp-analytics/incoming/gab/САКУРА АБДУЛ 05.06.xlsx;Струйная Sakura!r20;ddbb1c580ba3ed878627b3d8dbea6c97710c4682804b2638b792149bf490915a
3739;14.0;5.0;5.0;15.0;4.8;4.8;-1.0 / 0.2 / 0.2;0.35;0.346;0.004;3;А;1;/opt/mp-analytics/incoming/gab/САКУРА АБДУЛ 05.06.xlsx;Струйная Sakura!r21;ddbb1c580ba3ed878627b3d8dbea6c97710c4682804b2638b792149bf490915a
3740;14.0;5.0;5.0;15.0;4.8;4.8;-1.0 / 0.2 / 0.2;0.35;0.346;0.004;3;А;1;/opt/mp-analytics/incoming/gab/САКУРА АБДУЛ 05.06.xlsx;Струйная Sakura!r22;ddbb1c580ba3ed878627b3d8dbea6c97710c4682804b2638b792149bf490915a
3741;17.0;10.0;10.0;20.0;13.0;5.0;-3.0 / -3.0 / 5.0;1.7;1.3;0.4;1;Б;1;/opt/mp-analytics/incoming/gab/Вся расходка Китай РФ Cactus GG PR.xlsx;Лист1!r1745;d0488dd393f71b9cb95cf51390c2aba1ef902bcac7a8eb2f95247679cc1d25fc
3742;37.0;20.0;15.0;35.5;28.0;15.0;1.5 / -8.0 / 0.0;11.1;14.91;-3.81;2;В;1;/opt/mp-analytics/incoming/gab/Изи.xlsx;Данные по картриджам!r1913;4064fa397384d687b0349dbae769c7d4a21c54bf65a712f6c31981a966b8f971
3744;37.0;20.0;15.0;38.0;25.0;14.0;-1.0 / -5.0 / 1.0;11.1;13.3;-2.2;3;В;9;/opt/mp-analytics/incoming/gab/САКУРА АБДУЛ 05.06.xlsx;Лазерная Sakura!r1416;ddbb1c580ba3ed878627b3d8dbea6c97710c4682804b2638b792149bf490915a
3745;37.0;15.0;12.0;37.0;9.0;9.0;0.0 / 6.0 / 3.0;6.66;2.997;3.663;1;Б;3;/opt/mp-analytics/incoming/gab/Вся расходка Китай РФ Cactus GG PR.xlsx;Лист1!r2426;d0488dd393f71b9cb95cf51390c2aba1ef902bcac7a8eb2f95247679cc1d25fc
3746;37.0;15.0;12.0;37.0;9.0;9.0;0.0 / 6.0 / 3.0;6.66;2.997;3.663;1;Б;1;/opt/mp-analytics/incoming/gab/Вся расходка Китай РФ Cactus GG PR.xlsx;Лист1!r2427;d0488dd393f71b9cb95cf51390c2aba1ef902bcac7a8eb2f95247679cc1d25fc
3747;37.0;15.0;12.0;37.0;9.0;9.0;0.0 / 6.0 / 3.0;6.66;2.997;3.663;1;Б;1;/opt/mp-analytics/incoming/gab/Вся расходка Китай РФ Cactus GG PR.xlsx;Лист1!r2428;d0488dd393f71b9cb95cf51390c2aba1ef902bcac7a8eb2f95247679cc1d25fc
3748;37.0;15.0;12.0;37.0;9.0;9.0;0.0 / 6.0 / 3.0;6.66;2.997;3.663;1;Б;1;/opt/mp-analytics/incoming/gab/Вся расходка Китай РФ Cactus GG PR.xlsx;Лист1!r2429;d0488dd393f71b9cb95cf51390c2aba1ef902bcac7a8eb2f95247679cc1d25fc
3755;15.0;10.0;10.0;14.0;6.0;6.0;1.0 / 4.0 / 4.0;1.5;0.504;0.996;3;Б;15;/opt/mp-analytics/incoming/gab/Вся расходка Китай РФ Cactus GG PR.xlsx;Лист1!r3373;d0488dd393f71b9cb95cf51390c2aba1ef902bcac7a8eb2f95247679cc1d25fc
3756;15.0;10.0;10.0;13.0;5.2;5.2;2.0 / 4.8 / 4.8;1.5;0.352;1.148;3;Б;1;/opt/mp-analytics/incoming/gab/САКУРА АБДУЛ 05.06.xlsx;Струйная Sakura!r157;ddbb1c580ba3ed878627b3d8dbea6c97710c4682804b2638b792149bf490915a
3757;15.0;10.0;10.0;13.0;5.2;5.2;2.0 / 4.8 / 4.8;1.5;0.352;1.148;3;Б;1;/opt/mp-analytics/incoming/gab/САКУРА АБДУЛ 05.06.xlsx;Струйная Sakura!r158;ddbb1c580ba3ed878627b3d8dbea6c97710c4682804b2638b792149bf490915a
3758;15.0;10.0;10.0;13.0;5.2;5.2;2.0 / 4.8 / 4.8;1.5;0.352;1.148;3;Б;1;/opt/mp-analytics/incoming/gab/САКУРА АБДУЛ 05.06.xlsx;Струйная Sakura!r159;ddbb1c580ba3ed878627b3d8dbea6c97710c4682804b2638b792149bf490915a
3759;15.0;15.0;15.0;18.5;14.0;6.0;-3.5 / 1.0 / 9.0;3.375;1.554;1.821;1;Б;1;/opt/mp-analytics/incoming/gab/Вся расходка Китай РФ Cactus GG PR.xlsx;Лист1!r3377;d0488dd393f71b9cb95cf51390c2aba1ef902bcac7a8eb2f95247679cc1d25fc
3760;37.0;15.0;12.0;30.0;15.0;15.0;7.0 / 0.0 / -3.0;6.66;6.75;-0.09;2;В;1;/opt/mp-analytics/incoming/gab/САКУРА АБДУЛ 05.06.xlsx;Лазерная Sakura!r456;ddbb1c580ba3ed878627b3d8dbea6c97710c4682804b2638b792149bf490915a
3762;37.0;15.0;12.0;35.7;17.4;12.2;1.3 / -2.4 / -0.2;6.66;7.578;-0.918;2;В;1;/opt/mp-analytics/incoming/gab/САКУРА АБДУЛ 05.06.xlsx;Лазерная Sakura!r457;ddbb1c580ba3ed878627b3d8dbea6c97710c4682804b2638b792149bf490915a
3763;37.0;15.0;12.0;39.0;29.0;19.0;-2.0 / -14.0 / -7.0;6.66;21.489;-14.829;1;В;7;/opt/mp-analytics/incoming/gab/Изи.xlsx;Данные по картриджам!r1947;4064fa397384d687b0349dbae769c7d4a21c54bf65a712f6c31981a966b8f971
3764;37.0;15.0;12.0;37.0;28.0;18.0;0.0 / -13.0 / -6.0;6.66;18.648;-11.988;1;В;1;/opt/mp-analytics/incoming/gab/САКУРА АБДУЛ 05.06.xlsx;Лазерная Sakura!r93;ddbb1c580ba3ed878627b3d8dbea6c97710c4682804b2638b792149bf490915a
3766;37.0;15.0;12.0;32.0;16.5;10.0;5.0 / -1.5 / 2.0;6.66;5.28;1.38;2;Б;1;/opt/mp-analytics/incoming/gab/Вся расходка Китай РФ Cactus GG PR.xlsx;Лист1!r931;d0488dd393f71b9cb95cf51390c2aba1ef902bcac7a8eb2f95247679cc1d25fc
3767;37.0;15.0;12.0;32.0;16.5;10.0;5.0 / -1.5 / 2.0;6.66;5.28;1.38;2;Б;1;/opt/mp-analytics/incoming/gab/Вся расходка Китай РФ Cactus GG PR.xlsx;Лист1!r929;d0488dd393f71b9cb95cf51390c2aba1ef902bcac7a8eb2f95247679cc1d25fc
3768;37.0;15.0;12.0;32.0;16.5;10.0;5.0 / -1.5 / 2.0;6.66;5.28;1.38;2;Б;1;/opt/mp-analytics/incoming/gab/Вся расходка Китай РФ Cactus GG PR.xlsx;Лист1!r925;d0488dd393f71b9cb95cf51390c2aba1ef902bcac7a8eb2f95247679cc1d25fc
3769;37.0;15.0;12.0;32.0;16.5;10.0;5.0 / -1.5 / 2.0;6.66;5.28;1.38;2;Б;1;/opt/mp-analytics/incoming/gab/Вся расходка Китай РФ Cactus GG PR.xlsx;Лист1!r927;d0488dd393f71b9cb95cf51390c2aba1ef902bcac7a8eb2f95247679cc1d25fc
3770;37.0;37.0;15.0;32.0;17.5;17.0;5.0 / 19.5 / -2.0;20.535;9.52;11.015;1;Б;1;/opt/mp-analytics/incoming/gab/Вся расходка Китай РФ Cactus GG PR.xlsx;Лист1!r3123;d0488dd393f71b9cb95cf51390c2aba1ef902bcac7a8eb2f95247679cc1d25fc
3779;37.0;15.0;12.0;30.0;13.5;9.0;7.0 / 1.5 / 3.0;6.66;3.645;3.015;2;Б;4;/opt/mp-analytics/incoming/gab/Изи.xlsx;Данные по картриджам!r1906;4064fa397384d687b0349dbae769c7d4a21c54bf65a712f6c31981a966b8f971
3781;37.0;15.0;12.0;30.7;9.1;8.9;6.3 / 5.9 / 3.1;6.66;2.486;4.174;1;Б;1;/opt/mp-analytics/incoming/gab/САКУРА АБДУЛ 05.06.xlsx;Лазерная Sakura!r1209;ddbb1c580ba3ed878627b3d8dbea6c97710c4682804b2638b792149bf490915a
3787;37.0;15.0;12.0;37.0;9.0;9.0;0.0 / 6.0 / 3.0;6.66;2.997;3.663;1;Б;2;/opt/mp-analytics/incoming/gab/Вся расходка Китай РФ Cactus GG PR.xlsx;Лист1!r3616;d0488dd393f71b9cb95cf51390c2aba1ef902bcac7a8eb2f95247679cc1d25fc
3788;37.0;20.0;15.0;34.2;19.5;13.0;2.8 / 0.5 / 2.0;11.1;8.67;2.43;2;Б;1;/opt/mp-analytics/incoming/gab/Вся расходка Китай РФ Cactus GG PR.xlsx;Лист1!r3142;d0488dd393f71b9cb95cf51390c2aba1ef902bcac7a8eb2f95247679cc1d25fc
3789;37.0;20.0;15.0;33.0;22.5;13.0;4.0 / -2.5 / 2.0;11.1;9.652;1.448;3;Б;1;/opt/mp-analytics/incoming/gab/Изи.xlsx;Данные по картриджам!r1216;4064fa397384d687b0349dbae769c7d4a21c54bf65a712f6c31981a966b8f971
3790;37.0;20.0;15.0;50.0;24.0;13.5;-13.0 / -4.0 / 1.5;11.1;16.2;-5.1;2;В;1;/opt/mp-analytics/incoming/gab/Вся расходка Китай РФ Cactus GG PR.xlsx;Лист1!r3144;d0488dd393f71b9cb95cf51390c2aba1ef902bcac7a8eb2f95247679cc1d25fc
3791;15.0;10.0;10.0;16.5;12.5;5.5;-1.5 / -2.5 / 4.5;1.5;1.134;0.366;3;Б;3;/opt/mp-analytics/incoming/gab/Изи.xlsx;Данные по картриджам!r1646;4064fa397384d687b0349dbae769c7d4a21c54bf65a712f6c31981a966b8f971
3792;15.0;10.0;10.0;16.5;12.5;3.0;-1.5 / -2.5 / 7.0;1.5;0.619;0.881;3;Б;1;/opt/mp-analytics/incoming/gab/Изи.xlsx;Данные по картриджам!r1647;4064fa397384d687b0349dbae769c7d4a21c54bf65a712f6c31981a966b8f971
3793;15.0;10.0;10.0;16.5;12.5;3.0;-1.5 / -2.5 / 7.0;1.5;0.619;0.881;3;Б;1;/opt/mp-analytics/incoming/gab/Изи.xlsx;Данные по картриджам!r1648;4064fa397384d687b0349dbae769c7d4a21c54bf65a712f6c31981a966b8f971
3794;15.0;10.0;10.0;16.5;12.5;3.0;-1.5 / -2.5 / 7.0;1.5;0.619;0.881;3;Б;1;/opt/mp-analytics/incoming/gab/Изи.xlsx;Данные по картриджам!r1649;4064fa397384d687b0349dbae769c7d4a21c54bf65a712f6c31981a966b8f971
3796;15.0;10.0;10.0;15.0;11.5;3.0;0.0 / -1.5 / 7.0;1.5;0.517;0.983;1;Б;1;/opt/mp-analytics/incoming/gab/Вся расходка Китай РФ Cactus GG PR.xlsx;Лист1!r1719;d0488dd393f71b9cb95cf51390c2aba1ef902bcac7a8eb2f95247679cc1d25fc
3797;15.0;10.0;10.0;15.0;11.5;3.0;0.0 / -1.5 / 7.0;1.5;0.517;0.983;1;Б;1;/opt/mp-analytics/incoming/gab/Вся расходка Китай РФ Cactus GG PR.xlsx;Лист1!r1718;d0488dd393f71b9cb95cf51390c2aba1ef902bcac7a8eb2f95247679cc1d25fc
3798;15.0;10.0;10.0;15.0;11.5;3.0;0.0 / -1.5 / 7.0;1.5;0.517;0.983;1;Б;1;/opt/mp-analytics/incoming/gab/Вся расходка Китай РФ Cactus GG PR.xlsx;Лист1!r1717;d0488dd393f71b9cb95cf51390c2aba1ef902bcac7a8eb2f95247679cc1d25fc
3799;15.0;10.0;10.0;15.0;11.5;3.0;0.0 / -1.5 / 7.0;1.5;0.517;0.983;1;Б;1;/opt/mp-analytics/incoming/gab/Вся расходка Китай РФ Cactus GG PR.xlsx;Лист1!r1716;d0488dd393f71b9cb95cf51390c2aba1ef902bcac7a8eb2f95247679cc1d25fc
3801;15.0;10.0;10.0;22.5;5.0;3.5;-7.5 / 5.0 / 6.5;1.5;0.394;1.106;3;Б;5;/opt/mp-analytics/incoming/gab/САКУРА АБДУЛ 05.06.xlsx;Струйная Sakura!r71;ddbb1c580ba3ed878627b3d8dbea6c97710c4682804b2638b792149bf490915a
3802;15.0;10.0;10.0;22.5;5.0;3.5;-7.5 / 5.0 / 6.5;1.5;0.394;1.106;3;Б;1;/opt/mp-analytics/incoming/gab/САКУРА АБДУЛ 05.06.xlsx;Струйная Sakura!r72;ddbb1c580ba3ed878627b3d8dbea6c97710c4682804b2638b792149bf490915a
3803;15.0;10.0;10.0;22.5;5.0;3.5;-7.5 / 5.0 / 6.5;1.5;0.394;1.106;3;Б;1;/opt/mp-analytics/incoming/gab/САКУРА АБДУЛ 05.06.xlsx;Струйная Sakura!r73;ddbb1c580ba3ed878627b3d8dbea6c97710c4682804b2638b792149bf490915a
3804;15.0;10.0;10.0;22.5;5.0;3.5;-7.5 / 5.0 / 6.5;1.5;0.394;1.106;3;Б;1;/opt/mp-analytics/incoming/gab/САКУРА АБДУЛ 05.06.xlsx;Струйная Sakura!r74;ddbb1c580ba3ed878627b3d8dbea6c97710c4682804b2638b792149bf490915a
3806;37.0;15.0;12.0;36.0;18.5;12.0;1.0 / -3.5 / 0.0;6.66;7.992;-1.332;1;В;1;/opt/mp-analytics/incoming/gab/Изи.xlsx;Данные по картриджам!r1424;4064fa397384d687b0349dbae769c7d4a21c54bf65a712f6c31981a966b8f971
3808;20.0;10.0;10.0;13.4;9.7;9.1;6.6 / 0.3 / 0.9;2.0;1.183;0.817;1;Б;7;/opt/mp-analytics/incoming/gab/САКУРА АБДУЛ 05.06.xlsx;Лазерная Sakura!r1300;ddbb1c580ba3ed878627b3d8dbea6c97710c4682804b2638b792149bf490915a
3809;20.0;10.0;10.0;14.9;10.3;8.9;5.1 / -0.3 / 1.1;2.0;1.366;0.634;1;Б;1;/opt/mp-analytics/incoming/gab/САКУРА АБДУЛ 05.06.xlsx;Лазерная Sakura!r1301;ddbb1c580ba3ed878627b3d8dbea6c97710c4682804b2638b792149bf490915a
3810;20.0;10.0;10.0;14.8;10.0;9.1;5.2 / 0.0 / 0.9;2.0;1.347;0.653;1;Б;1;/opt/mp-analytics/incoming/gab/САКУРА АБДУЛ 05.06.xlsx;Лазерная Sakura!r1303;ddbb1c580ba3ed878627b3d8dbea6c97710c4682804b2638b792149bf490915a
3811;20.0;10.0;10.0;14.9;10.0;9.1;5.1 / 0.0 / 0.9;2.0;1.356;0.644;1;Б;1;/opt/mp-analytics/incoming/gab/САКУРА АБДУЛ 05.06.xlsx;Лазерная Sakura!r1302;ddbb1c580ba3ed878627b3d8dbea6c97710c4682804b2638b792149bf490915a
3813;37.0;15.0;12.0;36.0;18.5;12.0;1.0 / -3.5 / 0.0;6.66;7.992;-1.332;1;В;1;/opt/mp-analytics/incoming/gab/Изи.xlsx;Данные по картриджам!r1425;4064fa397384d687b0349dbae769c7d4a21c54bf65a712f6c31981a966b8f971
3814;37.0;15.0;12.0;36.0;18.5;12.0;1.0 / -3.5 / 0.0;6.66;7.992;-1.332;1;В;1;/opt/mp-analytics/incoming/gab/Изи.xlsx;Данные по картриджам!r1427;4064fa397384d687b0349dbae769c7d4a21c54bf65a712f6c31981a966b8f971
3815;37.0;15.0;12.0;36.0;18.5;12.0;1.0 / -3.5 / 0.0;6.66;7.992;-1.332;1;В;1;/opt/mp-analytics/incoming/gab/Изи.xlsx;Данные по картриджам!r1426;4064fa397384d687b0349dbae769c7d4a21c54bf65a712f6c31981a966b8f971
3817;37.0;20.0;15.0;35.4;17.4;12.0;1.6 / 2.6 / 3.0;11.1;7.392;3.708;2;Б;5;/opt/mp-analytics/incoming/gab/САКУРА АБДУЛ 05.06.xlsx;Лазерная Sakura!r474;ddbb1c580ba3ed878627b3d8dbea6c97710c4682804b2638b792149bf490915a
3839;37.0;15.0;12.0;35.2;16.5;12.2;1.8 / -1.5 / -0.2;6.66;7.086;-0.426;3;А;3;/opt/mp-analytics/incoming/gab/Вся расходка Китай РФ Cactus GG PR.xlsx;Лист1!r3447;d0488dd393f71b9cb95cf51390c2aba1ef902bcac7a8eb2f95247679cc1d25fc
3840;15.0;10.0;10.0;12.5;12.5;4.6;2.5 / -2.5 / 5.4;1.5;0.719;0.781;2;Б;5;/opt/mp-analytics/incoming/gab/Вся расходка Китай РФ Cactus GG PR.xlsx;Лист1!r1412;d0488dd393f71b9cb95cf51390c2aba1ef902bcac7a8eb2f95247679cc1d25fc
3845;15.0;10.0;10.0;15.0;4.8;4.8;0.0 / 5.2 / 5.2;1.5;0.346;1.154;2;Б;9;/opt/mp-analytics/incoming/gab/САКУРА АБДУЛ 05.06.xlsx;Струйная Sakura!r203;ddbb1c580ba3ed878627b3d8dbea6c97710c4682804b2638b792149bf490915a
3846;15.0;10.0;10.0;15.0;4.8;4.8;0.0 / 5.2 / 5.2;1.5;0.346;1.154;2;Б;1;/opt/mp-analytics/incoming/gab/САКУРА АБДУЛ 05.06.xlsx;Струйная Sakura!r204;ddbb1c580ba3ed878627b3d8dbea6c97710c4682804b2638b792149bf490915a
3847;15.0;10.0;10.0;15.0;4.8;4.8;0.0 / 5.2 / 5.2;1.5;0.346;1.154;2;Б;1;/opt/mp-analytics/incoming/gab/САКУРА АБДУЛ 05.06.xlsx;Струйная Sakura!r205;ddbb1c580ba3ed878627b3d8dbea6c97710c4682804b2638b792149bf490915a
3848;15.0;10.0;10.0;15.0;4.8;4.8;0.0 / 5.2 / 5.2;1.5;0.346;1.154;2;Б;1;/opt/mp-analytics/incoming/gab/САКУРА АБДУЛ 05.06.xlsx;Струйная Sakura!r206;ddbb1c580ba3ed878627b3d8dbea6c97710c4682804b2638b792149bf490915a
3849;15.0;15.0;10.0;20.0;13.0;5.0;-5.0 / 2.0 / 5.0;2.25;1.3;0.95;1;Б;1;/opt/mp-analytics/incoming/gab/Вся расходка Китай РФ Cactus GG PR.xlsx;Лист1!r1744;d0488dd393f71b9cb95cf51390c2aba1ef902bcac7a8eb2f95247679cc1d25fc
3850;15.0;10.0;10.0;15.0;6.0;6.0;0.0 / 4.0 / 4.0;1.5;0.54;0.96;3;Б;8;/opt/mp-analytics/incoming/gab/САКУРА АБДУЛ 05.06.xlsx;Струйная Sakura!r208;ddbb1c580ba3ed878627b3d8dbea6c97710c4682804b2638b792149bf490915a
3851;15.0;10.0;10.0;15.0;4.8;4.8;0.0 / 5.2 / 5.2;1.5;0.346;1.154;3;Б;1;/opt/mp-analytics/incoming/gab/САКУРА АБДУЛ 05.06.xlsx;Струйная Sakura!r302;ddbb1c580ba3ed878627b3d8dbea6c97710c4682804b2638b792149bf490915a
3852;15.0;10.0;10.0;15.0;4.8;4.8;0.0 / 5.2 / 5.2;1.5;0.346;1.154;3;Б;1;/opt/mp-analytics/incoming/gab/САКУРА АБДУЛ 05.06.xlsx;Струйная Sakura!r210;ddbb1c580ba3ed878627b3d8dbea6c97710c4682804b2638b792149bf490915a
3853;15.0;10.0;10.0;15.0;4.8;4.8;0.0 / 5.2 / 5.2;1.5;0.346;1.154;3;Б;1;/opt/mp-analytics/incoming/gab/САКУРА АБДУЛ 05.06.xlsx;Струйная Sakura!r211;ddbb1c580ba3ed878627b3d8dbea6c97710c4682804b2638b792149bf490915a
3856;37.0;15.0;12.0;35.0;25.0;13.0;2.0 / -10.0 / -1.0;6.66;11.375;-4.715;2;В;1;/opt/mp-analytics/incoming/gab/Изи.xlsx;Данные по картриджам!r618;4064fa397384d687b0349dbae769c7d4a21c54bf65a712f6c31981a966b8f971
3857;37.0;15.0;12.0;30.6;11.5;10.2;6.4 / 3.5 / 1.8;6.66;3.589;3.071;1;Б;4;/opt/mp-analytics/incoming/gab/САКУРА АБДУЛ 05.06.xlsx;Лазерная Sakura!r1131;ddbb1c580ba3ed878627b3d8dbea6c97710c4682804b2638b792149bf490915a
3858;37.0;15.0;12.0;30.8;11.5;10.1;6.2 / 3.5 / 1.9;6.66;3.577;3.083;1;Б;1;/opt/mp-analytics/incoming/gab/САКУРА АБДУЛ 05.06.xlsx;Лазерная Sakura!r1130;ddbb1c580ba3ed878627b3d8dbea6c97710c4682804b2638b792149bf490915a
3859;37.0;15.0;12.0;30.7;11.7;10.0;6.3 / 3.3 / 2.0;6.66;3.592;3.068;1;Б;1;/opt/mp-analytics/incoming/gab/САКУРА АБДУЛ 05.06.xlsx;Лазерная Sakura!r1129;ddbb1c580ba3ed878627b3d8dbea6c97710c4682804b2638b792149bf490915a
3860;37.0;15.0;12.0;31.0;11.8;10.2;6.0 / 3.2 / 1.8;6.66;3.731;2.929;1;Б;1;/opt/mp-analytics/incoming/gab/САКУРА АБДУЛ 05.06.xlsx;Лазерная Sakura!r1128;ddbb1c580ba3ed878627b3d8dbea6c97710c4682804b2638b792149bf490915a
3862;37.0;15.0;12.0;42.5;7.5;7.5;-5.5 / 7.5 / 4.5;6.66;2.391;4.269;2;Б;4;/opt/mp-analytics/incoming/gab/Изи.xlsx;Данные по картриджам!r1338;4064fa397384d687b0349dbae769c7d4a21c54bf65a712f6c31981a966b8f971
3863;37.0;15.0;12.0;42.5;7.5;7.5;-5.5 / 7.5 / 4.5;6.66;2.391;4.269;2;Б;1;/opt/mp-analytics/incoming/gab/Изи.xlsx;Данные по картриджам!r1339;4064fa397384d687b0349dbae769c7d4a21c54bf65a712f6c31981a966b8f971
3864;37.0;15.0;12.0;42.5;7.5;7.5;-5.5 / 7.5 / 4.5;6.66;2.391;4.269;2;Б;1;/opt/mp-analytics/incoming/gab/Изи.xlsx;Данные по картриджам!r1340;4064fa397384d687b0349dbae769c7d4a21c54bf65a712f6c31981a966b8f971
3865;37.0;15.0;12.0;42.5;7.5;7.5;-5.5 / 7.5 / 4.5;6.66;2.391;4.269;2;Б;1;/opt/mp-analytics/incoming/gab/Изи.xlsx;Данные по картриджам!r1341;4064fa397384d687b0349dbae769c7d4a21c54bf65a712f6c31981a966b8f971
3881;15.0;10.0;8.0;42.0;13.0;4.0;-27.0 / -3.0 / 4.0;1.2;2.184;-0.984;2;В;3;/opt/mp-analytics/incoming/gab/Изи.xlsx;Данные по картриджам!r1505;4064fa397384d687b0349dbae769c7d4a21c54bf65a712f6c31981a966b8f971
3882;15.0;10.0;8.0;27.0;13.0;4.0;-12.0 / -3.0 / 4.0;1.2;1.404;-0.204;2;В;1;/opt/mp-analytics/incoming/gab/Изи.xlsx;Данные по картриджам!r1506;4064fa397384d687b0349dbae769c7d4a21c54bf65a712f6c31981a966b8f971
3883;15.0;10.0;8.0;27.0;13.0;4.0;-12.0 / -3.0 / 4.0;1.2;1.404;-0.204;2;В;1;/opt/mp-analytics/incoming/gab/Изи.xlsx;Данные по картриджам!r1507;4064fa397384d687b0349dbae769c7d4a21c54bf65a712f6c31981a966b8f971
3884;15.0;10.0;8.0;27.0;13.0;4.0;-12.0 / -3.0 / 4.0;1.2;1.404;-0.204;3;В;1;/opt/mp-analytics/incoming/gab/Изи.xlsx;Данные по картриджам!r1508;4064fa397384d687b0349dbae769c7d4a21c54bf65a712f6c31981a966b8f971
3891;15.0;10.0;10.0;27.0;12.0;5.8;-12.0 / -2.0 / 4.2;1.5;1.879;-0.379;1;В;1;/opt/mp-analytics/incoming/gab/Вся расходка Китай РФ Cactus GG PR.xlsx;Лист1!r2846;d0488dd393f71b9cb95cf51390c2aba1ef902bcac7a8eb2f95247679cc1d25fc
3892;15.0;10.0;10.0;14.0;13.0;4.0;1.0 / -3.0 / 6.0;1.5;0.728;0.772;1;Б;1;/opt/mp-analytics/incoming/gab/Изи.xlsx;Данные по картриджам!r1497;4064fa397384d687b0349dbae769c7d4a21c54bf65a712f6c31981a966b8f971
3893;15.0;10.0;10.0;14.0;13.0;4.0;1.0 / -3.0 / 6.0;1.5;0.728;0.772;1;Б;1;/opt/mp-analytics/incoming/gab/Изи.xlsx;Данные по картриджам!r1498;4064fa397384d687b0349dbae769c7d4a21c54bf65a712f6c31981a966b8f971
3894;15.0;10.0;10.0;14.0;13.0;4.0;1.0 / -3.0 / 6.0;1.5;0.728;0.772;1;Б;1;/opt/mp-analytics/incoming/gab/Изи.xlsx;Данные по картриджам!r1499;4064fa397384d687b0349dbae769c7d4a21c54bf65a712f6c31981a966b8f971
3898;15.0;10.0;8.0;13.5;10.0;3.5;1.5 / 0.0 / 4.5;1.2;0.472;0.728;4;Б;4;/opt/mp-analytics/incoming/gab/Изи.xlsx;Данные по картриджам!r1492;4064fa397384d687b0349dbae769c7d4a21c54bf65a712f6c31981a966b8f971
3899;11.0;11.0;5.0;11.0;10.0;3.0;0.0 / 1.0 / 2.0;0.605;0.33;0.275;4;А;1;/opt/mp-analytics/incoming/gab/Изи.xlsx;Данные по картриджам!r1493;4064fa397384d687b0349dbae769c7d4a21c54bf65a712f6c31981a966b8f971
3900;11.0;11.0;5.0;11.0;10.0;3.0;0.0 / 1.0 / 2.0;0.605;0.33;0.275;4;А;2;/opt/mp-analytics/incoming/gab/Изи.xlsx;Данные по картриджам!r1494;4064fa397384d687b0349dbae769c7d4a21c54bf65a712f6c31981a966b8f971
3901;11.0;11.0;5.0;11.0;10.0;3.0;0.0 / 1.0 / 2.0;0.605;0.33;0.275;4;А;2;/opt/mp-analytics/incoming/gab/Изи.xlsx;Данные по картриджам!r1495;4064fa397384d687b0349dbae769c7d4a21c54bf65a712f6c31981a966b8f971
3902;4.0;4.0;2.0;19.0;8.0;5.0;-15.0 / -4.0 / -3.0;0.032;0.76;-0.728;2;В;1;/opt/mp-analytics/incoming/gab/Изи.xlsx;Данные по картриджам!r1698;4064fa397384d687b0349dbae769c7d4a21c54bf65a712f6c31981a966b8f971
3906;37.0;15.0;12.0;50.0;26.0;16.0;-13.0 / -11.0 / -4.0;6.66;20.8;-14.14;1;В;2;/opt/mp-analytics/incoming/gab/Вся расходка Китай РФ Cactus GG PR.xlsx;Лист1!r877;d0488dd393f71b9cb95cf51390c2aba1ef902bcac7a8eb2f95247679cc1d25fc
3907;37.0;20.0;15.0;36.0;13.5;10.0;1.0 / 6.5 / 5.0;11.1;4.86;6.24;3;Б;1;/opt/mp-analytics/incoming/gab/Изи.xlsx;Данные по картриджам!r1142;4064fa397384d687b0349dbae769c7d4a21c54bf65a712f6c31981a966b8f971
3908;37.0;20.0;15.0;33.1;16.8;9.6;3.9 / 3.2 / 5.4;11.1;5.338;5.762;2;Б;1;/opt/mp-analytics/incoming/gab/САКУРА АБДУЛ 05.06.xlsx;Лазерная Sakura!r727;ddbb1c580ba3ed878627b3d8dbea6c97710c4682804b2638b792149bf490915a
3909;37.0;15.0;12.0;32.5;11.2;10.2;4.5 / 3.8 / 1.8;6.66;3.713;2.947;2;Б;3;/opt/mp-analytics/incoming/gab/САКУРА АБДУЛ 05.06.xlsx;Лазерная Sakura!r746;ddbb1c580ba3ed878627b3d8dbea6c97710c4682804b2638b792149bf490915a
3910;37.0;15.0;12.0;32.5;11.2;10.2;4.5 / 3.8 / 1.8;6.66;3.713;2.947;2;Б;1;/opt/mp-analytics/incoming/gab/САКУРА АБДУЛ 05.06.xlsx;Лазерная Sakura!r747;ddbb1c580ba3ed878627b3d8dbea6c97710c4682804b2638b792149bf490915a
3911;37.0;15.0;12.0;32.5;11.2;10.2;4.5 / 3.8 / 1.8;6.66;3.713;2.947;2;Б;1;/opt/mp-analytics/incoming/gab/САКУРА АБДУЛ 05.06.xlsx;Лазерная Sakura!r748;ddbb1c580ba3ed878627b3d8dbea6c97710c4682804b2638b792149bf490915a
3912;37.0;15.0;12.0;32.5;11.2;10.2;4.5 / 3.8 / 1.8;6.66;3.713;2.947;2;Б;1;/opt/mp-analytics/incoming/gab/САКУРА АБДУЛ 05.06.xlsx;Лазерная Sakura!r749;ddbb1c580ba3ed878627b3d8dbea6c97710c4682804b2638b792149bf490915a
3914;15.0;8.0;8.0;55.0;9.5;9.5;-40.0 / -1.5 / -1.5;0.96;4.964;-4.004;2;В;1;/opt/mp-analytics/incoming/gab/Вся расходка Китай РФ Cactus GG PR.xlsx;Лист1!r3234;d0488dd393f71b9cb95cf51390c2aba1ef902bcac7a8eb2f95247679cc1d25fc
3915;15.0;8.0;8.0;55.0;9.5;9.5;-40.0 / -1.5 / -1.5;0.96;4.964;-4.004;2;В;1;/opt/mp-analytics/incoming/gab/Вся расходка Китай РФ Cactus GG PR.xlsx;Лист1!r3235;d0488dd393f71b9cb95cf51390c2aba1ef902bcac7a8eb2f95247679cc1d25fc
3916;15.0;8.0;8.0;55.0;9.5;9.5;-40.0 / -1.5 / -1.5;0.96;4.964;-4.004;2;В;1;/opt/mp-analytics/incoming/gab/Вся расходка Китай РФ Cactus GG PR.xlsx;Лист1!r3236;d0488dd393f71b9cb95cf51390c2aba1ef902bcac7a8eb2f95247679cc1d25fc
3917;15.0;8.0;8.0;55.0;9.5;9.5;-40.0 / -1.5 / -1.5;0.96;4.964;-4.004;2;В;2;/opt/mp-analytics/incoming/gab/Вся расходка Китай РФ Cactus GG PR.xlsx;Лист1!r3233;d0488dd393f71b9cb95cf51390c2aba1ef902bcac7a8eb2f95247679cc1d25fc
3929;50.0;15.0;10.0;10.0;9.0;8.5;40.0 / 6.0 / 1.5;7.5;0.765;6.735;2;Б;12;/opt/mp-analytics/incoming/gab/Вся расходка Китай РФ Cactus GG PR.xlsx;Лист1!r1926;d0488dd393f71b9cb95cf51390c2aba1ef902bcac7a8eb2f95247679cc1d25fc
3930;50.0;15.0;10.0;10.0;8.5;4.2;40.0 / 6.5 / 5.8;7.5;0.357;7.143;2;Б;1;/opt/mp-analytics/incoming/gab/Вся расходка Китай РФ Cactus GG PR.xlsx;Лист1!r1934;d0488dd393f71b9cb95cf51390c2aba1ef902bcac7a8eb2f95247679cc1d25fc
3931;50.0;15.0;10.0;10.0;9.0;8.5;40.0 / 6.0 / 1.5;7.5;0.765;6.735;2;Б;1;/opt/mp-analytics/incoming/gab/Вся расходка Китай РФ Cactus GG PR.xlsx;Лист1!r1923;d0488dd393f71b9cb95cf51390c2aba1ef902bcac7a8eb2f95247679cc1d25fc
3932;50.0;15.0;10.0;10.0;9.0;8.5;40.0 / 6.0 / 1.5;7.5;0.765;6.735;2;Б;1;/opt/mp-analytics/incoming/gab/Вся расходка Китай РФ Cactus GG PR.xlsx;Лист1!r1924;d0488dd393f71b9cb95cf51390c2aba1ef902bcac7a8eb2f95247679cc1d25fc
3933;50.0;15.0;10.0;10.0;8.5;5.5;40.0 / 6.5 / 4.5;7.5;0.468;7.032;2;Б;1;/opt/mp-analytics/incoming/gab/Вся расходка Китай РФ Cactus GG PR.xlsx;Лист1!r1938;d0488dd393f71b9cb95cf51390c2aba1ef902bcac7a8eb2f95247679cc1d25fc
3934;50.0;15.0;10.0;10.0;9.0;7.7;40.0 / 6.0 / 2.3;7.5;0.693;6.807;2;Б;1;/opt/mp-analytics/incoming/gab/Вся расходка Китай РФ Cactus GG PR.xlsx;Лист1!r1921;d0488dd393f71b9cb95cf51390c2aba1ef902bcac7a8eb2f95247679cc1d25fc
3935;50.0;15.0;10.0;9.3;7.0;2.3;40.7 / 8.0 / 7.7;7.5;0.15;7.35;2;Б;1;/opt/mp-analytics/incoming/gab/Вся расходка Китай РФ Cactus GG PR.xlsx;Лист1!r1937;d0488dd393f71b9cb95cf51390c2aba1ef902bcac7a8eb2f95247679cc1d25fc
3936;50.0;15.0;10.0;9.3;7.0;2.3;40.7 / 8.0 / 7.7;7.5;0.15;7.35;2;Б;1;/opt/mp-analytics/incoming/gab/Вся расходка Китай РФ Cactus GG PR.xlsx;Лист1!r1930;d0488dd393f71b9cb95cf51390c2aba1ef902bcac7a8eb2f95247679cc1d25fc
3937;50.0;15.0;10.0;9.3;7.0;2.3;40.7 / 8.0 / 7.7;7.5;0.15;7.35;2;Б;1;/opt/mp-analytics/incoming/gab/Вся расходка Китай РФ Cactus GG PR.xlsx;Лист1!r1935;d0488dd393f71b9cb95cf51390c2aba1ef902bcac7a8eb2f95247679cc1d25fc
3940;37.0;15.0;12.0;32.5;11.2;10.2;4.5 / 3.8 / 1.8;6.66;3.713;2.947;1;Б;1;/opt/mp-analytics/incoming/gab/САКУРА АБДУЛ 05.06.xlsx;Лазерная Sakura!r1140;ddbb1c580ba3ed878627b3d8dbea6c97710c4682804b2638b792149bf490915a
3941;37.0;15.0;12.0;32.5;11.2;10.2;4.5 / 3.8 / 1.8;6.66;3.713;2.947;1;Б;1;/opt/mp-analytics/incoming/gab/САКУРА АБДУЛ 05.06.xlsx;Лазерная Sakura!r1141;ddbb1c580ba3ed878627b3d8dbea6c97710c4682804b2638b792149bf490915a
3942;37.0;15.0;12.0;32.5;11.2;10.2;4.5 / 3.8 / 1.8;6.66;3.713;2.947;1;Б;1;/opt/mp-analytics/incoming/gab/САКУРА АБДУЛ 05.06.xlsx;Лазерная Sakura!r1142;ddbb1c580ba3ed878627b3d8dbea6c97710c4682804b2638b792149bf490915a
3943;37.0;15.0;12.0;32.5;11.2;10.2;4.5 / 3.8 / 1.8;6.66;3.713;2.947;1;Б;1;/opt/mp-analytics/incoming/gab/САКУРА АБДУЛ 05.06.xlsx;Лазерная Sakura!r1143;ddbb1c580ba3ed878627b3d8dbea6c97710c4682804b2638b792149bf490915a
3945;37.0;15.0;12.0;33.0;16.5;10.5;4.0 / -1.5 / 1.5;6.66;5.717;0.943;2;Б;4;/opt/mp-analytics/incoming/gab/Вся расходка Китай РФ Cactus GG PR.xlsx;Лист1!r286;d0488dd393f71b9cb95cf51390c2aba1ef902bcac7a8eb2f95247679cc1d25fc
3956;37.0;15.0;12.0;48.0;16.0;16.0;-11.0 / -1.0 / -4.0;6.66;12.288;-5.628;2;В;6;/opt/mp-analytics/incoming/gab/Вся расходка Китай РФ Cactus GG PR.xlsx;Лист1!r4336;d0488dd393f71b9cb95cf51390c2aba1ef902bcac7a8eb2f95247679cc1d25fc
3958;37.0;15.0;12.0;34.0;25.0;12.0;3.0 / -10.0 / 0.0;6.66;10.2;-3.54;3;В;3;/opt/mp-analytics/incoming/gab/Вся расходка Китай РФ Cactus GG PR.xlsx;Лист1!r3224;d0488dd393f71b9cb95cf51390c2aba1ef902bcac7a8eb2f95247679cc1d25fc
3982;37.0;20.0;15.0;33.1;16.9;9.7;3.9 / 3.1 / 5.3;11.1;5.426;5.674;2;Б;1;/opt/mp-analytics/incoming/gab/САКУРА АБДУЛ 05.06.xlsx;Лазерная Sakura!r730;ddbb1c580ba3ed878627b3d8dbea6c97710c4682804b2638b792149bf490915a
3986;10.0;10.0;8.0;13.0;6.0;6.0;-3.0 / 4.0 / 2.0;0.8;0.468;0.332;1;Б;1;/opt/mp-analytics/incoming/gab/Вся расходка Китай РФ Cactus GG PR.xlsx;Лист1!r2862;d0488dd393f71b9cb95cf51390c2aba1ef902bcac7a8eb2f95247679cc1d25fc
3987;10.0;10.0;8.0;7.5;6.5;3.6;2.5 / 3.5 / 4.4;0.8;0.175;0.625;1;Б;1;/opt/mp-analytics/incoming/gab/Вся расходка Китай РФ Cactus GG PR.xlsx;Лист1!r2857;d0488dd393f71b9cb95cf51390c2aba1ef902bcac7a8eb2f95247679cc1d25fc
3988;10.0;10.0;8.0;7.5;6.5;3.6;2.5 / 3.5 / 4.4;0.8;0.175;0.625;1;Б;1;/opt/mp-analytics/incoming/gab/Вся расходка Китай РФ Cactus GG PR.xlsx;Лист1!r2856;d0488dd393f71b9cb95cf51390c2aba1ef902bcac7a8eb2f95247679cc1d25fc
3989;10.0;10.0;8.0;13.0;4.5;4.5;-3.0 / 5.5 / 3.5;0.8;0.263;0.537;1;Б;1;/opt/mp-analytics/incoming/gab/Вся расходка Китай РФ Cactus GG PR.xlsx;Лист1!r2863;d0488dd393f71b9cb95cf51390c2aba1ef902bcac7a8eb2f95247679cc1d25fc
3990;10.0;10.0;8.0;13.0;6.0;6.0;-3.0 / 4.0 / 2.0;0.8;0.468;0.332;1;Б;1;/opt/mp-analytics/incoming/gab/Вся расходка Китай РФ Cactus GG PR.xlsx;Лист1!r2861;d0488dd393f71b9cb95cf51390c2aba1ef902bcac7a8eb2f95247679cc1d25fc
3991;10.0;10.0;8.0;8.2;7.5;4.0;1.8 / 2.5 / 4.0;0.8;0.246;0.554;1;Б;6;/opt/mp-analytics/incoming/gab/Вся расходка Китай РФ Cactus GG PR.xlsx;Лист1!r2859;d0488dd393f71b9cb95cf51390c2aba1ef902bcac7a8eb2f95247679cc1d25fc
3992;10.0;10.0;8.0;8.2;7.5;4.0;1.8 / 2.5 / 4.0;0.8;0.246;0.554;1;Б;1;/opt/mp-analytics/incoming/gab/Вся расходка Китай РФ Cactus GG PR.xlsx;Лист1!r2860;d0488dd393f71b9cb95cf51390c2aba1ef902bcac7a8eb2f95247679cc1d25fc
3993;10.0;10.0;8.0;11.5;9.5;4.5;-1.5 / 0.5 / 3.5;0.8;0.492;0.308;1;Б;1;/opt/mp-analytics/incoming/gab/Вся расходка Китай РФ Cactus GG PR.xlsx;Лист1!r2858;d0488dd393f71b9cb95cf51390c2aba1ef902bcac7a8eb2f95247679cc1d25fc
4050;10.0;10.0;8.0;23.0;12.0;4.0;-13.0 / -2.0 / 4.0;0.8;1.104;-0.304;3;В;1;/opt/mp-analytics/incoming/gab/САКУРА АБДУЛ 05.06.xlsx;Струйная Sakura!r174;ddbb1c580ba3ed878627b3d8dbea6c97710c4682804b2638b792149bf490915a
4051;10.0;10.0;8.0;23.0;12.0;4.0;-13.0 / -2.0 / 4.0;0.8;1.104;-0.304;3;В;1;/opt/mp-analytics/incoming/gab/САКУРА АБДУЛ 05.06.xlsx;Струйная Sakura!r175;ddbb1c580ba3ed878627b3d8dbea6c97710c4682804b2638b792149bf490915a
4052;10.0;10.0;8.0;23.0;12.0;4.0;-13.0 / -2.0 / 4.0;0.8;1.104;-0.304;3;В;1;/opt/mp-analytics/incoming/gab/САКУРА АБДУЛ 05.06.xlsx;Струйная Sakura!r176;ddbb1c580ba3ed878627b3d8dbea6c97710c4682804b2638b792149bf490915a
4053;10.0;10.0;8.0;23.0;12.0;4.0;-13.0 / -2.0 / 4.0;0.8;1.104;-0.304;3;В;5;/opt/mp-analytics/incoming/gab/САКУРА АБДУЛ 05.06.xlsx;Струйная Sakura!r173;ddbb1c580ba3ed878627b3d8dbea6c97710c4682804b2638b792149bf490915a
4054;10.0;10.0;8.0;23.0;12.0;4.0;-13.0 / -2.0 / 4.0;0.8;1.104;-0.304;3;В;1;/opt/mp-analytics/incoming/gab/САКУРА АБДУЛ 05.06.xlsx;Струйная Sakura!r172;ddbb1c580ba3ed878627b3d8dbea6c97710c4682804b2638b792149bf490915a
4130;37.0;15.0;12.0;30.5;11.0;10.0;6.5 / 4.0 / 2.0;6.66;3.355;3.305;1;Б;3;/opt/mp-analytics/incoming/gab/Изи.xlsx;Данные по картриджам!r1481;4064fa397384d687b0349dbae769c7d4a21c54bf65a712f6c31981a966b8f971
4136;37.0;15.0;12.0;50.0;24.0;13.5;-13.0 / -9.0 / -1.5;6.66;16.2;-9.54;2;В;3;/opt/mp-analytics/incoming/gab/Вся расходка Китай РФ Cactus GG PR.xlsx;Лист1!r3176;d0488dd393f71b9cb95cf51390c2aba1ef902bcac7a8eb2f95247679cc1d25fc
4137;37.0;15.0;12.0;33.0;25.0;13.0;4.0 / -10.0 / -1.0;6.66;10.725;-4.065;4;В;1;/opt/mp-analytics/incoming/gab/Изи.xlsx;Данные по картриджам!r1734;4064fa397384d687b0349dbae769c7d4a21c54bf65a712f6c31981a966b8f971
4138;10.0;8.0;8.0;10.5;6.0;2.5;-0.5 / 2.0 / 5.5;0.64;0.158;0.482;1;Б;1;/opt/mp-analytics/incoming/gab/Вся расходка Китай РФ Cactus GG PR.xlsx;Лист1!r1857;d0488dd393f71b9cb95cf51390c2aba1ef902bcac7a8eb2f95247679cc1d25fc
4143;15.0;10.0;8.0;11.0;10.0;3.5;4.0 / 0.0 / 4.5;1.2;0.385;0.815;4;Б;1;/opt/mp-analytics/incoming/gab/Изи.xlsx;Данные по картриджам!r1395;4064fa397384d687b0349dbae769c7d4a21c54bf65a712f6c31981a966b8f971
4144;15.0;10.0;8.0;11.0;10.0;3.5;4.0 / 0.0 / 4.5;1.2;0.385;0.815;4;Б;1;/opt/mp-analytics/incoming/gab/Изи.xlsx;Данные по картриджам!r1396;4064fa397384d687b0349dbae769c7d4a21c54bf65a712f6c31981a966b8f971
4145;15.0;10.0;8.0;11.0;10.0;3.5;4.0 / 0.0 / 4.5;1.2;0.385;0.815;4;Б;1;/opt/mp-analytics/incoming/gab/Изи.xlsx;Данные по картриджам!r1397;4064fa397384d687b0349dbae769c7d4a21c54bf65a712f6c31981a966b8f971
4146;15.0;10.0;8.0;11.0;10.0;3.5;4.0 / 0.0 / 4.5;1.2;0.385;0.815;4;Б;4;/opt/mp-analytics/incoming/gab/Изи.xlsx;Данные по картриджам!r1394;4064fa397384d687b0349dbae769c7d4a21c54bf65a712f6c31981a966b8f971
4147;24.0;15.0;10.0;19.0;8.0;5.0;5.0 / 7.0 / 5.0;3.6;0.76;2.84;2;Б;1;/opt/mp-analytics/incoming/gab/Изи.xlsx;Данные по картриджам!r1699;4064fa397384d687b0349dbae769c7d4a21c54bf65a712f6c31981a966b8f971
4151;35.0;22.0;12.0;36.0;25.0;13.0;-1.0 / -3.0 / -1.0;9.24;11.7;-2.46;3;В;1;/opt/mp-analytics/incoming/gab/Вся расходка Китай РФ Cactus GG PR.xlsx;Лист1!r605;d0488dd393f71b9cb95cf51390c2aba1ef902bcac7a8eb2f95247679cc1d25fc
4153;37.0;15.0;12.0;33.2;17.0;12.2;3.8 / -2.0 / -0.2;6.66;6.886;-0.226;1;В;4;/opt/mp-analytics/incoming/gab/САКУРА АБДУЛ 05.06.xlsx;Лазерная Sakura!r486;ddbb1c580ba3ed878627b3d8dbea6c97710c4682804b2638b792149bf490915a
4159;37.0;15.0;12.0;35.5;20.0;17.0;1.5 / -5.0 / -5.0;6.66;12.07;-5.41;3;В;7;/opt/mp-analytics/incoming/gab/САКУРА АБДУЛ 05.06.xlsx;Лазерная Sakura!r289;ddbb1c580ba3ed878627b3d8dbea6c97710c4682804b2638b792149bf490915a
4160;37.0;15.0;12.0;56.0;15.0;14.0;-19.0 / 0.0 / -2.0;6.66;11.76;-5.1;2;В;2;/opt/mp-analytics/incoming/gab/Вся расходка Китай РФ Cactus GG PR.xlsx;Лист1!r698;d0488dd393f71b9cb95cf51390c2aba1ef902bcac7a8eb2f95247679cc1d25fc
4161;47.0;7.0;7.0;58.5;13.5;8.5;-11.5 / -6.5 / -1.5;2.303;6.713;-4.41;2;В;1;/opt/mp-analytics/incoming/gab/Вся расходка Китай РФ Cactus GG PR.xlsx;Лист1!r626;d0488dd393f71b9cb95cf51390c2aba1ef902bcac7a8eb2f95247679cc1d25fc
4162;7.0;7.0;5.0;58.5;13.5;8.5;-51.5 / -6.5 / -3.5;0.245;6.713;-6.468;2;В;1;/opt/mp-analytics/incoming/gab/Вся расходка Китай РФ Cactus GG PR.xlsx;Лист1!r636;d0488dd393f71b9cb95cf51390c2aba1ef902bcac7a8eb2f95247679cc1d25fc
4163;7.0;7.0;5.0;58.5;13.5;8.5;-51.5 / -6.5 / -3.5;0.245;6.713;-6.468;2;В;1;/opt/mp-analytics/incoming/gab/Вся расходка Китай РФ Cactus GG PR.xlsx;Лист1!r635;d0488dd393f71b9cb95cf51390c2aba1ef902bcac7a8eb2f95247679cc1d25fc
4168;36.0;13.0;10.0;36.4;13.6;10.9;-0.4 / -0.6 / -0.9;4.68;5.396;-0.716;2;А;1;/opt/mp-analytics/incoming/gab/САКУРА АБДУЛ 05.06.xlsx;Лазерная Sakura!r741;ddbb1c580ba3ed878627b3d8dbea6c97710c4682804b2638b792149bf490915a
4169;36.0;13.0;11.0;36.3;13.6;11.1;-0.3 / -0.6 / -0.1;5.148;5.48;-0.332;2;А;1;/opt/mp-analytics/incoming/gab/САКУРА АБДУЛ 05.06.xlsx;Лазерная Sakura!r744;ddbb1c580ba3ed878627b3d8dbea6c97710c4682804b2638b792149bf490915a
4171;56.0;10.0;10.0;59.0;11.0;11.0;-3.0 / -1.0 / -1.0;5.6;7.139;-1.539;1;В;5;/opt/mp-analytics/incoming/gab/Вся расходка Китай РФ Cactus GG PR.xlsx;Лист1!r876;d0488dd393f71b9cb95cf51390c2aba1ef902bcac7a8eb2f95247679cc1d25fc
4173;10.0;9.0;8.0;10.0;9.0;8.5;0.0 / 0.0 / -0.5;0.72;0.765;-0.045;2;А;1;/opt/mp-analytics/incoming/gab/Вся расходка Китай РФ Cactus GG PR.xlsx;Лист1!r1927;d0488dd393f71b9cb95cf51390c2aba1ef902bcac7a8eb2f95247679cc1d25fc
4175;37.0;15.0;12.0;56.0;15.0;14.0;-19.0 / 0.0 / -2.0;6.66;11.76;-5.1;2;В;4;/opt/mp-analytics/incoming/gab/Вся расходка Китай РФ Cactus GG PR.xlsx;Лист1!r647;d0488dd393f71b9cb95cf51390c2aba1ef902bcac7a8eb2f95247679cc1d25fc
4176;37.0;15.0;12.0;56.0;15.0;14.0;-19.0 / 0.0 / -2.0;6.66;11.76;-5.1;2;В;1;/opt/mp-analytics/incoming/gab/Вся расходка Китай РФ Cactus GG PR.xlsx;Лист1!r646;d0488dd393f71b9cb95cf51390c2aba1ef902bcac7a8eb2f95247679cc1d25fc
4177;37.0;15.0;12.0;56.0;15.0;14.0;-19.0 / 0.0 / -2.0;6.66;11.76;-5.1;2;В;1;/opt/mp-analytics/incoming/gab/Вся расходка Китай РФ Cactus GG PR.xlsx;Лист1!r645;d0488dd393f71b9cb95cf51390c2aba1ef902bcac7a8eb2f95247679cc1d25fc
4178;37.0;15.0;12.0;56.0;15.0;14.0;-19.0 / 0.0 / -2.0;6.66;11.76;-5.1;2;В;1;/opt/mp-analytics/incoming/gab/Вся расходка Китай РФ Cactus GG PR.xlsx;Лист1!r644;d0488dd393f71b9cb95cf51390c2aba1ef902bcac7a8eb2f95247679cc1d25fc
4181;56.0;15.0;14.0;54.0;21.0;19.0;2.0 / -6.0 / -5.0;11.76;21.546;-9.786;2;В;5;/opt/mp-analytics/incoming/gab/Вся расходка Китай РФ Cactus GG PR.xlsx;Лист1!r654;d0488dd393f71b9cb95cf51390c2aba1ef902bcac7a8eb2f95247679cc1d25fc
4182;35.0;29.0;15.0;35.0;30.0;15.0;0.0 / -1.0 / 0.0;15.225;15.75;-0.525;1;А;5;/opt/mp-analytics/incoming/gab/Вся расходка Китай РФ Cactus GG PR.xlsx;Лист1!r4235;d0488dd393f71b9cb95cf51390c2aba1ef902bcac7a8eb2f95247679cc1d25fc
4184;35.0;33.0;15.0;36.0;34.0;15.0;-1.0 / -1.0 / 0.0;17.325;18.36;-1.035;1;А;1;/opt/mp-analytics/incoming/gab/Вся расходка Китай РФ Cactus GG PR.xlsx;Лист1!r4239;d0488dd393f71b9cb95cf51390c2aba1ef902bcac7a8eb2f95247679cc1d25fc
4185;32.0;15.0;12.0;32.0;11.0;10.0;0.0 / 4.0 / 2.0;5.76;3.52;2.24;1;Б;3;/opt/mp-analytics/incoming/gab/Вся расходка Китай РФ Cactus GG PR.xlsx;Лист1!r3308;d0488dd393f71b9cb95cf51390c2aba1ef902bcac7a8eb2f95247679cc1d25fc
4189;44.0;21.0;15.0;39.5;21.0;17.0;4.5 / 0.0 / -2.0;13.86;14.101;-0.241;1;В;3;/opt/mp-analytics/incoming/gab/Вся расходка Китай РФ Cactus GG PR.xlsx;Лист1!r4355;d0488dd393f71b9cb95cf51390c2aba1ef902bcac7a8eb2f95247679cc1d25fc
4194;32.0;10.0;7.0;32.0;10.0;9.0;0.0 / 0.0 / -2.0;2.24;2.88;-0.64;1;А;2;/opt/mp-analytics/incoming/gab/Вся расходка Китай РФ Cactus GG PR.xlsx;Лист1!r4356;d0488dd393f71b9cb95cf51390c2aba1ef902bcac7a8eb2f95247679cc1d25fc
4196;56.0;15.0;14.0;58.5;13.5;8.5;-2.5 / 1.5 / 5.5;11.76;6.713;5.047;2;Б;1;/opt/mp-analytics/incoming/gab/Вся расходка Китай РФ Cactus GG PR.xlsx;Лист1!r662;d0488dd393f71b9cb95cf51390c2aba1ef902bcac7a8eb2f95247679cc1d25fc
4197;56.0;15.0;14.0;58.5;13.5;8.5;-2.5 / 1.5 / 5.5;11.76;6.713;5.047;2;Б;1;/opt/mp-analytics/incoming/gab/Вся расходка Китай РФ Cactus GG PR.xlsx;Лист1!r661;d0488dd393f71b9cb95cf51390c2aba1ef902bcac7a8eb2f95247679cc1d25fc
4198;56.0;15.0;14.0;58.5;13.5;8.5;-2.5 / 1.5 / 5.5;11.76;6.713;5.047;2;Б;1;/opt/mp-analytics/incoming/gab/Вся расходка Китай РФ Cactus GG PR.xlsx;Лист1!r660;d0488dd393f71b9cb95cf51390c2aba1ef902bcac7a8eb2f95247679cc1d25fc
4199;56.0;15.0;14.0;58.5;13.5;8.5;-2.5 / 1.5 / 5.5;11.76;6.713;5.047;2;Б;1;/opt/mp-analytics/incoming/gab/Вся расходка Китай РФ Cactus GG PR.xlsx;Лист1!r659;d0488dd393f71b9cb95cf51390c2aba1ef902bcac7a8eb2f95247679cc1d25fc
4201;36.0;20.0;10.0;36.3;19.7;10.3;-0.3 / 0.3 / -0.3;7.2;7.366;-0.166;2;А;3;/opt/mp-analytics/incoming/gab/САКУРА АБДУЛ 05.06.xlsx;Лазерная Sakura!r470;ddbb1c580ba3ed878627b3d8dbea6c97710c4682804b2638b792149bf490915a
4203;33.0;18.0;14.0;35.5;20.0;17.0;-2.5 / -2.0 / -3.0;8.316;12.07;-3.754;3;В;1;/opt/mp-analytics/incoming/gab/САКУРА АБДУЛ 05.06.xlsx;Лазерная Sakura!r288;ddbb1c580ba3ed878627b3d8dbea6c97710c4682804b2638b792149bf490915a
4204;17.0;8.0;5.0;47.0;17.0;8.5;-30.0 / -9.0 / -3.5;0.68;6.792;-6.112;1;В;5;/opt/mp-analytics/incoming/gab/Вся расходка Китай РФ Cactus GG PR.xlsx;Лист1!r629;d0488dd393f71b9cb95cf51390c2aba1ef902bcac7a8eb2f95247679cc1d25fc
4205;29.0;22.0;12.0;33.3;16.9;9.5;-4.3 / 5.1 / 2.5;7.656;5.346;2.31;2;Б;1;/opt/mp-analytics/incoming/gab/САКУРА АБДУЛ 05.06.xlsx;Лазерная Sakura!r728;ddbb1c580ba3ed878627b3d8dbea6c97710c4682804b2638b792149bf490915a
4206;29.0;25.0;13.0;33.1;16.8;9.9;-4.1 / 8.2 / 3.1;9.425;5.505;3.92;2;Б;1;/opt/mp-analytics/incoming/gab/САКУРА АБДУЛ 05.06.xlsx;Лазерная Sakura!r729;ddbb1c580ba3ed878627b3d8dbea6c97710c4682804b2638b792149bf490915a
4207;58.0;14.0;9.0;58.5;13.5;8.5;-0.5 / 0.5 / 0.5;7.308;6.713;0.595;2;А;1;/opt/mp-analytics/incoming/gab/Вся расходка Китай РФ Cactus GG PR.xlsx;Лист1!r638;d0488dd393f71b9cb95cf51390c2aba1ef902bcac7a8eb2f95247679cc1d25fc
4208;58.0;14.0;9.0;58.5;13.5;8.5;-0.5 / 0.5 / 0.5;7.308;6.713;0.595;1;А;1;/opt/mp-analytics/incoming/gab/Вся расходка Китай РФ Cactus GG PR.xlsx;Лист1!r639;d0488dd393f71b9cb95cf51390c2aba1ef902bcac7a8eb2f95247679cc1d25fc
4210;36.0;11.0;10.0;37.0;12.0;10.0;-1.0 / -1.0 / 0.0;3.96;4.44;-0.48;3;А;1;/opt/mp-analytics/incoming/gab/Изи.xlsx;Данные по картриджам!r1409;4064fa397384d687b0349dbae769c7d4a21c54bf65a712f6c31981a966b8f971
4211;36.0;11.0;10.0;37.0;12.0;10.0;-1.0 / -1.0 / 0.0;3.96;4.44;-0.48;3;А;1;/opt/mp-analytics/incoming/gab/Изи.xlsx;Данные по картриджам!r1410;4064fa397384d687b0349dbae769c7d4a21c54bf65a712f6c31981a966b8f971
4212;36.0;11.0;10.0;37.0;12.0;10.0;-1.0 / -1.0 / 0.0;3.96;4.44;-0.48;3;А;1;/opt/mp-analytics/incoming/gab/Изи.xlsx;Данные по картриджам!r1411;4064fa397384d687b0349dbae769c7d4a21c54bf65a712f6c31981a966b8f971
4213;36.0;11.0;10.0;37.0;12.0;10.0;-1.0 / -1.0 / 0.0;3.96;4.44;-0.48;3;А;2;/opt/mp-analytics/incoming/gab/Изи.xlsx;Данные по картриджам!r1408;4064fa397384d687b0349dbae769c7d4a21c54bf65a712f6c31981a966b8f971
4215;35.0;17.0;14.0;33.0;16.0;12.0;2.0 / 1.0 / 2.0;8.33;6.336;1.994;2;А;2;/opt/mp-analytics/incoming/gab/Изи.xlsx;Данные по картриджам!r1358;4064fa397384d687b0349dbae769c7d4a21c54bf65a712f6c31981a966b8f971
4216;58.0;9.0;9.0;55.0;9.3;9.3;3.0 / -0.3 / -0.3;4.698;4.757;-0.059;2;В;3;/opt/mp-analytics/incoming/gab/Вся расходка Китай РФ Cactus GG PR.xlsx;Лист1!r2329;d0488dd393f71b9cb95cf51390c2aba1ef902bcac7a8eb2f95247679cc1d25fc
4217;58.0;9.0;9.0;55.0;9.3;9.3;3.0 / -0.3 / -0.3;4.698;4.757;-0.059;2;В;1;/opt/mp-analytics/incoming/gab/Вся расходка Китай РФ Cactus GG PR.xlsx;Лист1!r2330;d0488dd393f71b9cb95cf51390c2aba1ef902bcac7a8eb2f95247679cc1d25fc
4218;58.0;9.0;9.0;55.0;9.3;9.3;3.0 / -0.3 / -0.3;4.698;4.757;-0.059;2;В;1;/opt/mp-analytics/incoming/gab/Вся расходка Китай РФ Cactus GG PR.xlsx;Лист1!r2331;d0488dd393f71b9cb95cf51390c2aba1ef902bcac7a8eb2f95247679cc1d25fc
4219;58.0;9.0;9.0;55.0;9.3;9.3;3.0 / -0.3 / -0.3;4.698;4.757;-0.059;2;В;1;/opt/mp-analytics/incoming/gab/Вся расходка Китай РФ Cactus GG PR.xlsx;Лист1!r2332;d0488dd393f71b9cb95cf51390c2aba1ef902bcac7a8eb2f95247679cc1d25fc
4221;55.0;10.0;10.0;55.0;9.3;9.3;0.0 / 0.7 / 0.7;5.5;4.757;0.743;1;А;1;/opt/mp-analytics/incoming/gab/Вся расходка Китай РФ Cactus GG PR.xlsx;Лист1!r2364;d0488dd393f71b9cb95cf51390c2aba1ef902bcac7a8eb2f95247679cc1d25fc
4222;55.0;10.0;10.0;55.0;9.3;9.3;0.0 / 0.7 / 0.7;5.5;4.757;0.743;1;А;1;/opt/mp-analytics/incoming/gab/Вся расходка Китай РФ Cactus GG PR.xlsx;Лист1!r2365;d0488dd393f71b9cb95cf51390c2aba1ef902bcac7a8eb2f95247679cc1d25fc
4223;55.0;10.0;10.0;55.0;9.3;9.3;0.0 / 0.7 / 0.7;5.5;4.757;0.743;1;А;1;/opt/mp-analytics/incoming/gab/Вся расходка Китай РФ Cactus GG PR.xlsx;Лист1!r2366;d0488dd393f71b9cb95cf51390c2aba1ef902bcac7a8eb2f95247679cc1d25fc
4224;55.0;10.0;10.0;55.0;9.3;9.3;0.0 / 0.7 / 0.7;5.5;4.757;0.743;1;А;1;/opt/mp-analytics/incoming/gab/Вся расходка Китай РФ Cactus GG PR.xlsx;Лист1!r2367;d0488dd393f71b9cb95cf51390c2aba1ef902bcac7a8eb2f95247679cc1d25fc
4229;37.0;26.0;14.0;37.5;25.2;15.8;-0.5 / 0.8 / -1.8;13.468;14.931;-1.463;1;А;2;/opt/mp-analytics/incoming/gab/САКУРА АБДУЛ 05.06.xlsx;Лазерная Sakura!r111;ddbb1c580ba3ed878627b3d8dbea6c97710c4682804b2638b792149bf490915a
4230;54.0;10.0;8.0;58.5;13.5;8.5;-4.5 / -3.5 / -0.5;4.32;6.713;-2.393;2;В;1;/opt/mp-analytics/incoming/gab/Вся расходка Китай РФ Cactus GG PR.xlsx;Лист1!r684;d0488dd393f71b9cb95cf51390c2aba1ef902bcac7a8eb2f95247679cc1d25fc
4231;50.0;21.0;14.0;50.0;24.0;13.5;0.0 / -3.0 / 0.5;14.7;16.2;-1.5;2;В;1;/opt/mp-analytics/incoming/gab/Вся расходка Китай РФ Cactus GG PR.xlsx;Лист1!r3145;d0488dd393f71b9cb95cf51390c2aba1ef902bcac7a8eb2f95247679cc1d25fc
4232;55.0;10.0;8.0;58.5;13.5;8.5;-3.5 / -3.5 / -0.5;4.4;6.713;-2.313;2;В;1;/opt/mp-analytics/incoming/gab/Вся расходка Китай РФ Cactus GG PR.xlsx;Лист1!r681;d0488dd393f71b9cb95cf51390c2aba1ef902bcac7a8eb2f95247679cc1d25fc
4233;55.0;10.0;8.0;58.5;13.5;8.5;-3.5 / -3.5 / -0.5;4.4;6.713;-2.313;2;В;1;/opt/mp-analytics/incoming/gab/Вся расходка Китай РФ Cactus GG PR.xlsx;Лист1!r682;d0488dd393f71b9cb95cf51390c2aba1ef902bcac7a8eb2f95247679cc1d25fc
4234;55.0;10.0;8.0;58.5;13.5;8.5;-3.5 / -3.5 / -0.5;4.4;6.713;-2.313;2;В;1;/opt/mp-analytics/incoming/gab/Вся расходка Китай РФ Cactus GG PR.xlsx;Лист1!r683;d0488dd393f71b9cb95cf51390c2aba1ef902bcac7a8eb2f95247679cc1d25fc
4237;22.0;14.0;10.0;31.5;14.0;11.0;-9.5 / 0.0 / -1.0;3.08;4.851;-1.771;2;В;1;/opt/mp-analytics/incoming/gab/Вся расходка Китай РФ Cactus GG PR.xlsx;Лист1!r2551;d0488dd393f71b9cb95cf51390c2aba1ef902bcac7a8eb2f95247679cc1d25fc
4238;20.0;10.0;10.0;31.5;14.0;11.0;-11.5 / -4.0 / -1.0;2.0;4.851;-2.851;2;В;1;/opt/mp-analytics/incoming/gab/Вся расходка Китай РФ Cactus GG PR.xlsx;Лист1!r2550;d0488dd393f71b9cb95cf51390c2aba1ef902bcac7a8eb2f95247679cc1d25fc
4239;20.0;10.0;10.0;31.5;14.0;11.0;-11.5 / -4.0 / -1.0;2.0;4.851;-2.851;2;В;1;/opt/mp-analytics/incoming/gab/Вся расходка Китай РФ Cactus GG PR.xlsx;Лист1!r2552;d0488dd393f71b9cb95cf51390c2aba1ef902bcac7a8eb2f95247679cc1d25fc
4240;20.0;10.0;10.0;31.5;14.0;11.0;-11.5 / -4.0 / -1.0;2.0;4.851;-2.851;2;В;1;/opt/mp-analytics/incoming/gab/Вся расходка Китай РФ Cactus GG PR.xlsx;Лист1!r2549;d0488dd393f71b9cb95cf51390c2aba1ef902bcac7a8eb2f95247679cc1d25fc
4242;45.0;22.0;20.0;56.0;15.0;14.0;-11.0 / 7.0 / 6.0;19.8;11.76;8.04;1;Б;3;/opt/mp-analytics/incoming/gab/Вся расходка Китай РФ Cactus GG PR.xlsx;Лист1!r630;d0488dd393f71b9cb95cf51390c2aba1ef902bcac7a8eb2f95247679cc1d25fc
4243;60.0;14.0;9.0;58.5;13.5;8.5;1.5 / 0.5 / 0.5;7.56;6.713;0.847;2;А;6;/opt/mp-analytics/incoming/gab/Вся расходка Китай РФ Cactus GG PR.xlsx;Лист1!r669;d0488dd393f71b9cb95cf51390c2aba1ef902bcac7a8eb2f95247679cc1d25fc
4244;60.0;14.0;9.0;58.5;13.5;8.5;1.5 / 0.5 / 0.5;7.56;6.713;0.847;2;А;1;/opt/mp-analytics/incoming/gab/Вся расходка Китай РФ Cactus GG PR.xlsx;Лист1!r672;d0488dd393f71b9cb95cf51390c2aba1ef902bcac7a8eb2f95247679cc1d25fc
4245;60.0;14.0;9.0;58.5;13.5;8.5;1.5 / 0.5 / 0.5;7.56;6.713;0.847;2;А;1;/opt/mp-analytics/incoming/gab/Вся расходка Китай РФ Cactus GG PR.xlsx;Лист1!r670;d0488dd393f71b9cb95cf51390c2aba1ef902bcac7a8eb2f95247679cc1d25fc
4246;60.0;14.0;9.0;58.5;13.5;8.5;1.5 / 0.5 / 0.5;7.56;6.713;0.847;2;А;1;/opt/mp-analytics/incoming/gab/Вся расходка Китай РФ Cactus GG PR.xlsx;Лист1!r671;d0488dd393f71b9cb95cf51390c2aba1ef902bcac7a8eb2f95247679cc1d25fc
4248;9.0;9.0;5.0;58.5;13.5;8.5;-49.5 / -4.5 / -3.5;0.405;6.713;-6.308;2;В;2;/opt/mp-analytics/incoming/gab/Вся расходка Китай РФ Cactus GG PR.xlsx;Лист1!r637;d0488dd393f71b9cb95cf51390c2aba1ef902bcac7a8eb2f95247679cc1d25fc
4249;9.0;7.0;2.0;7.5;7.0;2.5;1.5 / 0.0 / -0.5;0.126;0.131;-0.005;1;А;5;/opt/mp-analytics/incoming/gab/Вся расходка Китай РФ Cactus GG PR.xlsx;Лист1!r2631;d0488dd393f71b9cb95cf51390c2aba1ef902bcac7a8eb2f95247679cc1d25fc
4251;12.0;11.0;7.0;10.0;8.5;6.5;2.0 / 2.5 / 0.5;0.924;0.552;0.372;2;Б;1;/opt/mp-analytics/incoming/gab/Вся расходка Китай РФ Cactus GG PR.xlsx;Лист1!r1949;d0488dd393f71b9cb95cf51390c2aba1ef902bcac7a8eb2f95247679cc1d25fc
4252;9.0;7.0;2.0;9.3;7.0;2.3;-0.3 / 0.0 / -0.3;0.126;0.15;-0.024;2;А;1;/opt/mp-analytics/incoming/gab/Вся расходка Китай РФ Cactus GG PR.xlsx;Лист1!r1945;d0488dd393f71b9cb95cf51390c2aba1ef902bcac7a8eb2f95247679cc1d25fc
4253;12.0;7.0;4.0;9.3;7.0;4.5;2.7 / 0.0 / -0.5;0.336;0.293;0.043;2;Б;1;/opt/mp-analytics/incoming/gab/Вся расходка Китай РФ Cactus GG PR.xlsx;Лист1!r1948;d0488dd393f71b9cb95cf51390c2aba1ef902bcac7a8eb2f95247679cc1d25fc
4254;40.0;35.0;20.0;9.3;7.0;2.3;30.7 / 28.0 / 17.7;28.0;0.15;27.85;2;Б;1;/opt/mp-analytics/incoming/gab/Вся расходка Китай РФ Cactus GG PR.xlsx;Лист1!r1954;d0488dd393f71b9cb95cf51390c2aba1ef902bcac7a8eb2f95247679cc1d25fc
4255;9.0;7.0;3.0;9.3;7.0;2.3;-0.3 / 0.0 / 0.7;0.189;0.15;0.039;2;А;2;/opt/mp-analytics/incoming/gab/Вся расходка Китай РФ Cactus GG PR.xlsx;Лист1!r1943;d0488dd393f71b9cb95cf51390c2aba1ef902bcac7a8eb2f95247679cc1d25fc
4256;9.0;7.0;2.0;9.3;7.0;2.7;-0.3 / 0.0 / -0.7;0.126;0.176;-0.05;2;А;1;/opt/mp-analytics/incoming/gab/Вся расходка Китай РФ Cactus GG PR.xlsx;Лист1!r1946;d0488dd393f71b9cb95cf51390c2aba1ef902bcac7a8eb2f95247679cc1d25fc
4264;47.0;9.0;8.0;58.5;13.5;8.5;-11.5 / -4.5 / -0.5;3.384;6.713;-3.329;2;В;6;/opt/mp-analytics/incoming/gab/Вся расходка Китай РФ Cactus GG PR.xlsx;Лист1!r689;d0488dd393f71b9cb95cf51390c2aba1ef902bcac7a8eb2f95247679cc1d25fc
4265;47.0;7.0;7.0;58.5;13.5;8.5;-11.5 / -6.5 / -1.5;2.303;6.713;-4.41;2;В;1;/opt/mp-analytics/incoming/gab/Вся расходка Китай РФ Cactus GG PR.xlsx;Лист1!r688;d0488dd393f71b9cb95cf51390c2aba1ef902bcac7a8eb2f95247679cc1d25fc
4266;47.0;7.0;7.0;58.5;13.5;8.5;-11.5 / -6.5 / -1.5;2.303;6.713;-4.41;2;В;1;/opt/mp-analytics/incoming/gab/Вся расходка Китай РФ Cactus GG PR.xlsx;Лист1!r687;d0488dd393f71b9cb95cf51390c2aba1ef902bcac7a8eb2f95247679cc1d25fc
4267;46.0;7.0;7.0;58.5;13.5;8.5;-12.5 / -6.5 / -1.5;2.254;6.713;-4.459;2;В;1;/opt/mp-analytics/incoming/gab/Вся расходка Китай РФ Cactus GG PR.xlsx;Лист1!r686;d0488dd393f71b9cb95cf51390c2aba1ef902bcac7a8eb2f95247679cc1d25fc
4274;36.0;11.0;10.0;37.0;12.0;10.0;-1.0 / -1.0 / 0.0;3.96;4.44;-0.48;3;А;1;/opt/mp-analytics/incoming/gab/Изи.xlsx;Данные по картриджам!r1412;4064fa397384d687b0349dbae769c7d4a21c54bf65a712f6c31981a966b8f971
4275;36.0;11.0;10.0;37.0;12.0;10.0;-1.0 / -1.0 / 0.0;3.96;4.44;-0.48;3;А;1;/opt/mp-analytics/incoming/gab/Изи.xlsx;Данные по картриджам!r1413;4064fa397384d687b0349dbae769c7d4a21c54bf65a712f6c31981a966b8f971
4276;36.0;11.0;10.0;37.0;12.0;10.0;-1.0 / -1.0 / 0.0;3.96;4.44;-0.48;3;А;1;/opt/mp-analytics/incoming/gab/Изи.xlsx;Данные по картриджам!r1415;4064fa397384d687b0349dbae769c7d4a21c54bf65a712f6c31981a966b8f971
4277;36.0;11.0;10.0;37.0;12.0;10.0;-1.0 / -1.0 / 0.0;3.96;4.44;-0.48;3;А;1;/opt/mp-analytics/incoming/gab/Изи.xlsx;Данные по картриджам!r1414;4064fa397384d687b0349dbae769c7d4a21c54bf65a712f6c31981a966b8f971
4279;36.0;11.0;10.0;36.5;11.2;9.8;-0.5 / -0.2 / 0.2;3.96;4.006;-0.046;2;А;1;/opt/mp-analytics/incoming/gab/САКУРА АБДУЛ 05.06.xlsx;Лазерная Sakura!r671;ddbb1c580ba3ed878627b3d8dbea6c97710c4682804b2638b792149bf490915a
4280;36.0;11.0;10.0;40.0;15.0;10.0;-4.0 / -4.0 / 0.0;3.96;6.0;-2.04;2;В;1;/opt/mp-analytics/incoming/gab/САКУРА АБДУЛ 05.06.xlsx;Лазерная Sakura!r672;ddbb1c580ba3ed878627b3d8dbea6c97710c4682804b2638b792149bf490915a
4281;36.0;11.0;10.0;40.0;15.0;10.0;-4.0 / -4.0 / 0.0;3.96;6.0;-2.04;2;В;1;/opt/mp-analytics/incoming/gab/САКУРА АБДУЛ 05.06.xlsx;Лазерная Sakura!r674;ddbb1c580ba3ed878627b3d8dbea6c97710c4682804b2638b792149bf490915a
4282;36.0;11.0;10.0;40.0;15.0;10.0;-4.0 / -4.0 / 0.0;3.96;6.0;-2.04;2;В;1;/opt/mp-analytics/incoming/gab/САКУРА АБДУЛ 05.06.xlsx;Лазерная Sakura!r673;ddbb1c580ba3ed878627b3d8dbea6c97710c4682804b2638b792149bf490915a
4284;30.0;20.0;14.0;58.5;13.5;8.5;-28.5 / 6.5 / 5.5;8.4;6.713;1.687;2;Б;1;/opt/mp-analytics/incoming/gab/Вся расходка Китай РФ Cactus GG PR.xlsx;Лист1!r632;d0488dd393f71b9cb95cf51390c2aba1ef902bcac7a8eb2f95247679cc1d25fc
4285;30.0;20.0;14.0;58.5;13.5;8.5;-28.5 / 6.5 / 5.5;8.4;6.713;1.687;2;Б;1;/opt/mp-analytics/incoming/gab/Вся расходка Китай РФ Cactus GG PR.xlsx;Лист1!r631;d0488dd393f71b9cb95cf51390c2aba1ef902bcac7a8eb2f95247679cc1d25fc
4286;30.0;20.0;14.0;58.5;13.5;8.5;-28.5 / 6.5 / 5.5;8.4;6.713;1.687;2;Б;1;/opt/mp-analytics/incoming/gab/Вся расходка Китай РФ Cactus GG PR.xlsx;Лист1!r633;d0488dd393f71b9cb95cf51390c2aba1ef902bcac7a8eb2f95247679cc1d25fc
4287;30.0;20.0;14.0;58.5;13.5;8.5;-28.5 / 6.5 / 5.5;8.4;6.713;1.687;2;Б;3;/opt/mp-analytics/incoming/gab/Вся расходка Китай РФ Cactus GG PR.xlsx;Лист1!r634;d0488dd393f71b9cb95cf51390c2aba1ef902bcac7a8eb2f95247679cc1d25fc
4292;36.0;12.0;12.0;36.3;12.2;12.2;-0.3 / -0.2 / -0.2;5.184;5.403;-0.219;3;А;1;/opt/mp-analytics/incoming/gab/САКУРА АБДУЛ 05.06.xlsx;Лазерная Sakura!r750;ddbb1c580ba3ed878627b3d8dbea6c97710c4682804b2638b792149bf490915a
4293;36.0;12.0;11.0;36.8;12.1;10.8;-0.8 / -0.1 / 0.2;4.752;4.809;-0.057;3;А;1;/opt/mp-analytics/incoming/gab/САКУРА АБДУЛ 05.06.xlsx;Лазерная Sakura!r751;ddbb1c580ba3ed878627b3d8dbea6c97710c4682804b2638b792149bf490915a
4294;36.0;12.0;11.0;36.6;12.2;10.8;-0.6 / -0.2 / 0.2;4.752;4.822;-0.07;3;А;1;/opt/mp-analytics/incoming/gab/САКУРА АБДУЛ 05.06.xlsx;Лазерная Sakura!r752;ddbb1c580ba3ed878627b3d8dbea6c97710c4682804b2638b792149bf490915a
4295;36.0;12.0;11.0;36.6;12.2;10.8;-0.6 / -0.2 / 0.2;4.752;4.822;-0.07;3;А;1;/opt/mp-analytics/incoming/gab/САКУРА АБДУЛ 05.06.xlsx;Лазерная Sakura!r753;ddbb1c580ba3ed878627b3d8dbea6c97710c4682804b2638b792149bf490915a
4296;73.0;25.0;23.0;32.0;17.5;17.0;41.0 / 7.5 / 6.0;41.975;9.52;32.455;1;Б;1;/opt/mp-analytics/incoming/gab/Вся расходка Китай РФ Cactus GG PR.xlsx;Лист1!r3122;d0488dd393f71b9cb95cf51390c2aba1ef902bcac7a8eb2f95247679cc1d25fc
4298;37.0;15.0;12.0;56.0;15.0;14.0;-19.0 / 0.0 / -2.0;6.66;11.76;-5.1;2;В;3;/opt/mp-analytics/incoming/gab/Вся расходка Китай РФ Cactus GG PR.xlsx;Лист1!r624;d0488dd393f71b9cb95cf51390c2aba1ef902bcac7a8eb2f95247679cc1d25fc
4299;37.0;15.0;12.0;56.0;15.0;14.0;-19.0 / 0.0 / -2.0;6.66;11.76;-5.1;2;В;1;/opt/mp-analytics/incoming/gab/Вся расходка Китай РФ Cactus GG PR.xlsx;Лист1!r623;d0488dd393f71b9cb95cf51390c2aba1ef902bcac7a8eb2f95247679cc1d25fc
4300;37.0;15.0;12.0;56.0;15.0;14.0;-19.0 / 0.0 / -2.0;6.66;11.76;-5.1;2;В;1;/opt/mp-analytics/incoming/gab/Вся расходка Китай РФ Cactus GG PR.xlsx;Лист1!r622;d0488dd393f71b9cb95cf51390c2aba1ef902bcac7a8eb2f95247679cc1d25fc
4301;37.0;15.0;12.0;56.0;15.0;14.0;-19.0 / 0.0 / -2.0;6.66;11.76;-5.1;2;В;1;/opt/mp-analytics/incoming/gab/Вся расходка Китай РФ Cactus GG PR.xlsx;Лист1!r621;d0488dd393f71b9cb95cf51390c2aba1ef902bcac7a8eb2f95247679cc1d25fc
4303;37.0;15.0;12.0;56.0;15.0;14.0;-19.0 / 0.0 / -2.0;6.66;11.76;-5.1;1;В;4;/opt/mp-analytics/incoming/gab/Вся расходка Китай РФ Cactus GG PR.xlsx;Лист1!r620;d0488dd393f71b9cb95cf51390c2aba1ef902bcac7a8eb2f95247679cc1d25fc
4304;37.0;15.0;12.0;56.0;15.0;14.0;-19.0 / 0.0 / -2.0;6.66;11.76;-5.1;2;В;1;/opt/mp-analytics/incoming/gab/Вся расходка Китай РФ Cactus GG PR.xlsx;Лист1!r619;d0488dd393f71b9cb95cf51390c2aba1ef902bcac7a8eb2f95247679cc1d25fc
4305;37.0;15.0;12.0;56.0;15.0;14.0;-19.0 / 0.0 / -2.0;6.66;11.76;-5.1;2;В;1;/opt/mp-analytics/incoming/gab/Вся расходка Китай РФ Cactus GG PR.xlsx;Лист1!r618;d0488dd393f71b9cb95cf51390c2aba1ef902bcac7a8eb2f95247679cc1d25fc
4306;37.0;15.0;12.0;56.0;15.0;14.0;-19.0 / 0.0 / -2.0;6.66;11.76;-5.1;2;В;1;/opt/mp-analytics/incoming/gab/Вся расходка Китай РФ Cactus GG PR.xlsx;Лист1!r617;d0488dd393f71b9cb95cf51390c2aba1ef902bcac7a8eb2f95247679cc1d25fc
4308;;;;55.0;9.5;9.5;нет карточек wb_acc1;;;;2;Г;0;/opt/mp-analytics/incoming/gab/Вся расходка Китай РФ Cactus GG PR.xlsx;Лист1!r3665;d0488dd393f71b9cb95cf51390c2aba1ef902bcac7a8eb2f95247679cc1d25fc
4309;43.0;8.0;8.0;55.0;9.5;9.5;-12.0 / -1.5 / -1.5;2.752;4.964;-2.212;2;В;1;/opt/mp-analytics/incoming/gab/Вся расходка Китай РФ Cactus GG PR.xlsx;Лист1!r3664;d0488dd393f71b9cb95cf51390c2aba1ef902bcac7a8eb2f95247679cc1d25fc
4310;;;;55.0;9.5;9.5;нет карточек wb_acc1;;;;2;Г;0;/opt/mp-analytics/incoming/gab/Вся расходка Китай РФ Cactus GG PR.xlsx;Лист1!r3666;d0488dd393f71b9cb95cf51390c2aba1ef902bcac7a8eb2f95247679cc1d25fc
4311;;;;55.0;9.5;9.5;нет карточек wb_acc1;;;;2;Г;0;/opt/mp-analytics/incoming/gab/Вся расходка Китай РФ Cactus GG PR.xlsx;Лист1!r3667;d0488dd393f71b9cb95cf51390c2aba1ef902bcac7a8eb2f95247679cc1d25fc
4313;32.0;10.0;10.0;30.0;11.0;10.0;2.0 / -1.0 / 0.0;3.2;3.3;-0.1;2;А;3;/opt/mp-analytics/incoming/gab/Изи.xlsx;Данные по картриджам!r1283;4064fa397384d687b0349dbae769c7d4a21c54bf65a712f6c31981a966b8f971
4319;24.0;11.0;4.0;24.0;14.2;5.8;0.0 / -3.2 / -1.8;1.056;1.977;-0.921;3;В;1;/opt/mp-analytics/incoming/gab/САКУРА АБДУЛ 05.06.xlsx;Струйная Sakura!r286;ddbb1c580ba3ed878627b3d8dbea6c97710c4682804b2638b792149bf490915a
4320;24.0;14.0;6.0;24.0;14.2;5.8;0.0 / -0.2 / 0.2;2.016;1.977;0.039;3;А;1;/opt/mp-analytics/incoming/gab/САКУРА АБДУЛ 05.06.xlsx;Струйная Sakura!r287;ddbb1c580ba3ed878627b3d8dbea6c97710c4682804b2638b792149bf490915a
4321;24.0;14.0;6.0;24.0;14.2;5.8;0.0 / -0.2 / 0.2;2.016;1.977;0.039;3;А;1;/opt/mp-analytics/incoming/gab/САКУРА АБДУЛ 05.06.xlsx;Струйная Sakura!r288;ddbb1c580ba3ed878627b3d8dbea6c97710c4682804b2638b792149bf490915a
4322;24.0;14.0;6.0;24.0;14.2;5.8;0.0 / -0.2 / 0.2;2.016;1.977;0.039;3;А;1;/opt/mp-analytics/incoming/gab/САКУРА АБДУЛ 05.06.xlsx;Струйная Sakura!r289;ddbb1c580ba3ed878627b3d8dbea6c97710c4682804b2638b792149bf490915a
4323;24.0;14.0;6.0;24.0;14.2;5.8;0.0 / -0.2 / 0.2;2.016;1.977;0.039;3;А;1;/opt/mp-analytics/incoming/gab/САКУРА АБДУЛ 05.06.xlsx;Струйная Sakura!r290;ddbb1c580ba3ed878627b3d8dbea6c97710c4682804b2638b792149bf490915a
4325;30.0;19.0;2.0;55.0;9.5;9.5;-25.0 / 9.5 / -7.5;1.14;4.964;-3.824;1;В;4;/opt/mp-analytics/incoming/gab/Вся расходка Китай РФ Cactus GG PR.xlsx;Лист1!r3647;d0488dd393f71b9cb95cf51390c2aba1ef902bcac7a8eb2f95247679cc1d25fc
4331;37.0;15.0;12.0;33.0;23.0;11.0;4.0 / -8.0 / 1.0;6.66;8.349;-1.689;2;В;2;/opt/mp-analytics/incoming/gab/Изи.xlsx;Данные по картриджам!r1486;4064fa397384d687b0349dbae769c7d4a21c54bf65a712f6c31981a966b8f971
4332;37.0;25.0;12.0;34.5;24.0;11.0;2.5 / 1.0 / 1.0;11.1;9.108;1.992;3;Б;1;/opt/mp-analytics/incoming/gab/Изи.xlsx;Данные по картриджам!r1419;4064fa397384d687b0349dbae769c7d4a21c54bf65a712f6c31981a966b8f971
4333;36.0;15.0;12.0;32.0;17.0;10.0;4.0 / -2.0 / 2.0;6.48;5.44;1.04;2;Б;4;/opt/mp-analytics/incoming/gab/Изи.xlsx;Данные по картриджам!r1534;4064fa397384d687b0349dbae769c7d4a21c54bf65a712f6c31981a966b8f971
4334;36.0;20.0;17.0;35.5;20.0;17.0;0.5 / 0.0 / 0.0;12.24;12.07;0.17;3;А;1;/opt/mp-analytics/incoming/gab/САКУРА АБДУЛ 05.06.xlsx;Лазерная Sakura!r290;ddbb1c580ba3ed878627b3d8dbea6c97710c4682804b2638b792149bf490915a
4335;28.0;12.0;4.0;22.5;11.5;4.0;5.5 / 0.5 / 0.0;1.344;1.035;0.309;2;Б;1;/opt/mp-analytics/incoming/gab/Изи.xlsx;Данные по картриджам!r1445;4064fa397384d687b0349dbae769c7d4a21c54bf65a712f6c31981a966b8f971
4336;28.0;12.0;4.0;22.5;11.5;4.0;5.5 / 0.5 / 0.0;1.344;1.035;0.309;2;Б;1;/opt/mp-analytics/incoming/gab/Изи.xlsx;Данные по картриджам!r1446;4064fa397384d687b0349dbae769c7d4a21c54bf65a712f6c31981a966b8f971
4337;28.0;12.0;4.0;22.5;11.5;4.0;5.5 / 0.5 / 0.0;1.344;1.035;0.309;2;Б;1;/opt/mp-analytics/incoming/gab/Изи.xlsx;Данные по картриджам!r1447;4064fa397384d687b0349dbae769c7d4a21c54bf65a712f6c31981a966b8f971
4338;28.0;12.0;4.0;22.5;11.5;4.0;5.5 / 0.5 / 0.0;1.344;1.035;0.309;2;Б;1;/opt/mp-analytics/incoming/gab/Изи.xlsx;Данные по картриджам!r1448;4064fa397384d687b0349dbae769c7d4a21c54bf65a712f6c31981a966b8f971
4339;28.0;12.0;4.0;22.5;11.5;4.0;5.5 / 0.5 / 0.0;1.344;1.035;0.309;2;Б;1;/opt/mp-analytics/incoming/gab/Изи.xlsx;Данные по картриджам!r1449;4064fa397384d687b0349dbae769c7d4a21c54bf65a712f6c31981a966b8f971
4346;29.0;21.0;18.0;30.5;17.0;8.5;-1.5 / 4.0 / 9.5;10.962;4.407;6.555;2;Б;5;/opt/mp-analytics/incoming/gab/Изи.xlsx;Данные по картриджам!r1484;4064fa397384d687b0349dbae769c7d4a21c54bf65a712f6c31981a966b8f971
4347;37.0;15.0;12.0;58.5;13.5;8.5;-21.5 / 1.5 / 3.5;6.66;6.713;-0.053;1;В;4;/opt/mp-analytics/incoming/gab/Вся расходка Китай РФ Cactus GG PR.xlsx;Лист1!r666;d0488dd393f71b9cb95cf51390c2aba1ef902bcac7a8eb2f95247679cc1d25fc
4348;37.0;15.0;12.0;58.5;13.5;8.5;-21.5 / 1.5 / 3.5;6.66;6.713;-0.053;1;В;1;/opt/mp-analytics/incoming/gab/Вся расходка Китай РФ Cactus GG PR.xlsx;Лист1!r665;d0488dd393f71b9cb95cf51390c2aba1ef902bcac7a8eb2f95247679cc1d25fc
4349;37.0;15.0;12.0;58.5;13.5;8.5;-21.5 / 1.5 / 3.5;6.66;6.713;-0.053;1;В;1;/opt/mp-analytics/incoming/gab/Вся расходка Китай РФ Cactus GG PR.xlsx;Лист1!r664;d0488dd393f71b9cb95cf51390c2aba1ef902bcac7a8eb2f95247679cc1d25fc
4350;37.0;15.0;12.0;58.5;13.5;8.5;-21.5 / 1.5 / 3.5;6.66;6.713;-0.053;1;В;1;/opt/mp-analytics/incoming/gab/Вся расходка Китай РФ Cactus GG PR.xlsx;Лист1!r663;d0488dd393f71b9cb95cf51390c2aba1ef902bcac7a8eb2f95247679cc1d25fc
4353;11.0;6.0;3.0;10.5;6.0;2.5;0.5 / 0.0 / 0.5;0.198;0.158;0.04;1;А;1;/opt/mp-analytics/incoming/gab/САКУРА АБДУЛ 05.06.xlsx;Струйная Sakura!r6;ddbb1c580ba3ed878627b3d8dbea6c97710c4682804b2638b792149bf490915a
4354;11.0;6.0;3.0;12.0;8.5;4.0;-1.0 / -2.5 / -1.0;0.198;0.408;-0.21;2;В;4;/opt/mp-analytics/incoming/gab/Изи.xlsx;Данные по картриджам!r1392;4064fa397384d687b0349dbae769c7d4a21c54bf65a712f6c31981a966b8f971
4355;11.0;6.0;3.0;12.0;8.5;4.0;-1.0 / -2.5 / -1.0;0.198;0.408;-0.21;2;В;1;/opt/mp-analytics/incoming/gab/Изи.xlsx;Данные по картриджам!r1393;4064fa397384d687b0349dbae769c7d4a21c54bf65a712f6c31981a966b8f971
4357;30.0;12.0;9.0;55.0;9.5;9.5;-25.0 / 2.5 / -0.5;3.24;4.964;-1.724;2;В;1;/opt/mp-analytics/incoming/gab/Вся расходка Китай РФ Cactus GG PR.xlsx;Лист1!r3557;d0488dd393f71b9cb95cf51390c2aba1ef902bcac7a8eb2f95247679cc1d25fc
4358;34.0;13.0;10.0;55.0;9.5;9.5;-21.0 / 3.5 / 0.5;4.42;4.964;-0.544;2;В;2;/opt/mp-analytics/incoming/gab/Вся расходка Китай РФ Cactus GG PR.xlsx;Лист1!r3556;d0488dd393f71b9cb95cf51390c2aba1ef902bcac7a8eb2f95247679cc1d25fc
4359;60.0;14.0;9.0;58.5;13.5;8.5;1.5 / 0.5 / 0.5;7.56;6.713;0.847;1;А;3;/opt/mp-analytics/incoming/gab/Вся расходка Китай РФ Cactus GG PR.xlsx;Лист1!r677;d0488dd393f71b9cb95cf51390c2aba1ef902bcac7a8eb2f95247679cc1d25fc
4360;60.0;14.0;9.0;58.5;13.5;8.5;1.5 / 0.5 / 0.5;7.56;6.713;0.847;2;А;1;/opt/mp-analytics/incoming/gab/Вся расходка Китай РФ Cactus GG PR.xlsx;Лист1!r678;d0488dd393f71b9cb95cf51390c2aba1ef902bcac7a8eb2f95247679cc1d25fc
4361;60.0;14.0;9.0;58.5;13.5;8.5;1.5 / 0.5 / 0.5;7.56;6.713;0.847;2;А;1;/opt/mp-analytics/incoming/gab/Вся расходка Китай РФ Cactus GG PR.xlsx;Лист1!r680;d0488dd393f71b9cb95cf51390c2aba1ef902bcac7a8eb2f95247679cc1d25fc
4362;60.0;14.0;9.0;58.5;13.5;8.5;1.5 / 0.5 / 0.5;7.56;6.713;0.847;1;А;1;/opt/mp-analytics/incoming/gab/Вся расходка Китай РФ Cactus GG PR.xlsx;Лист1!r679;d0488dd393f71b9cb95cf51390c2aba1ef902bcac7a8eb2f95247679cc1d25fc
4364;37.0;23.0;12.0;36.0;23.0;10.0;1.0 / 0.0 / 2.0;10.212;8.28;1.932;4;А;1;/opt/mp-analytics/incoming/gab/Вся расходка Китай РФ Cactus GG PR.xlsx;Лист1!r3482;d0488dd393f71b9cb95cf51390c2aba1ef902bcac7a8eb2f95247679cc1d25fc
4365;30.0;12.0;9.0;55.0;9.5;9.5;-25.0 / 2.5 / -0.5;3.24;4.964;-1.724;2;В;1;/opt/mp-analytics/incoming/gab/Вся расходка Китай РФ Cactus GG PR.xlsx;Лист1!r3558;d0488dd393f71b9cb95cf51390c2aba1ef902bcac7a8eb2f95247679cc1d25fc
4369;9.0;7.0;4.0;8.5;6.5;3.5;0.5 / 0.5 / 0.5;0.252;0.193;0.059;1;А;48;/opt/mp-analytics/incoming/gab/САКУРА АБДУЛ 05.06.xlsx;Струйная Sakura!r13;ddbb1c580ba3ed878627b3d8dbea6c97710c4682804b2638b792149bf490915a
4371;37.0;15.0;12.0;56.0;15.0;14.0;-19.0 / 0.0 / -2.0;6.66;11.76;-5.1;1;В;3;/opt/mp-analytics/incoming/gab/Вся расходка Китай РФ Cactus GG PR.xlsx;Лист1!r628;d0488dd393f71b9cb95cf51390c2aba1ef902bcac7a8eb2f95247679cc1d25fc
4372;50.0;14.0;13.0;56.0;15.0;14.0;-6.0 / -1.0 / -1.0;9.1;11.76;-2.66;1;В;1;/opt/mp-analytics/incoming/gab/Вся расходка Китай РФ Cactus GG PR.xlsx;Лист1!r627;d0488dd393f71b9cb95cf51390c2aba1ef902bcac7a8eb2f95247679cc1d25fc
4375;11.0;6.0;3.0;10.5;6.0;2.5;0.5 / 0.0 / 0.5;0.198;0.158;0.04;1;А;5;/opt/mp-analytics/incoming/gab/САКУРА АБДУЛ 05.06.xlsx;Струйная Sakura!r15;ddbb1c580ba3ed878627b3d8dbea6c97710c4682804b2638b792149bf490915a
4378;8.0;7.0;4.0;7.5;6.5;3.6;0.5 / 0.5 / 0.4;0.224;0.175;0.049;1;А;26;/opt/mp-analytics/incoming/gab/САКУРА АБДУЛ 05.06.xlsx;Струйная Sakura!r17;ddbb1c580ba3ed878627b3d8dbea6c97710c4682804b2638b792149bf490915a
4379;;;;8.5;6.5;3.5;нет карточек wb_acc1;;;;2;Г;0;/opt/mp-analytics/incoming/gab/Вся расходка Китай РФ Cactus GG PR.xlsx;Лист1!r1448;d0488dd393f71b9cb95cf51390c2aba1ef902bcac7a8eb2f95247679cc1d25fc
4385;8.0;7.0;4.0;7.5;6.5;3.6;0.5 / 0.5 / 0.4;0.224;0.175;0.049;1;А;1;/opt/mp-analytics/incoming/gab/САКУРА АБДУЛ 05.06.xlsx;Струйная Sakura!r28;ddbb1c580ba3ed878627b3d8dbea6c97710c4682804b2638b792149bf490915a
4387;11.0;6.0;3.0;10.5;6.0;2.5;0.5 / 0.0 / 0.5;0.198;0.158;0.04;1;А;8;/opt/mp-analytics/incoming/gab/САКУРА АБДУЛ 05.06.xlsx;Струйная Sakura!r30;ddbb1c580ba3ed878627b3d8dbea6c97710c4682804b2638b792149bf490915a
4388;11.0;6.0;4.0;10.5;6.0;3.5;0.5 / 0.0 / 0.5;0.264;0.221;0.043;1;А;1;/opt/mp-analytics/incoming/gab/САКУРА АБДУЛ 05.06.xlsx;Струйная Sakura!r79;ddbb1c580ba3ed878627b3d8dbea6c97710c4682804b2638b792149bf490915a
4389;11.0;6.0;3.0;10.5;6.0;2.5;0.5 / 0.0 / 0.5;0.198;0.158;0.04;2;А;1;/opt/mp-analytics/incoming/gab/САКУРА АБДУЛ 05.06.xlsx;Струйная Sakura!r80;ddbb1c580ba3ed878627b3d8dbea6c97710c4682804b2638b792149bf490915a
4390;11.0;6.0;3.0;10.5;6.0;2.5;0.5 / 0.0 / 0.5;0.198;0.158;0.04;2;А;1;/opt/mp-analytics/incoming/gab/САКУРА АБДУЛ 05.06.xlsx;Струйная Sakura!r81;ddbb1c580ba3ed878627b3d8dbea6c97710c4682804b2638b792149bf490915a
4391;11.0;6.0;3.0;10.5;6.0;2.5;0.5 / 0.0 / 0.5;0.198;0.158;0.04;2;А;1;/opt/mp-analytics/incoming/gab/САКУРА АБДУЛ 05.06.xlsx;Струйная Sakura!r82;ddbb1c580ba3ed878627b3d8dbea6c97710c4682804b2638b792149bf490915a
4392;11.0;6.0;4.0;10.5;6.0;3.5;0.5 / 0.0 / 0.5;0.264;0.221;0.043;1;А;1;/opt/mp-analytics/incoming/gab/САКУРА АБДУЛ 05.06.xlsx;Струйная Sakura!r83;ddbb1c580ba3ed878627b3d8dbea6c97710c4682804b2638b792149bf490915a
4394;10.0;9.0;4.0;11.0;8.0;4.0;-1.0 / 1.0 / 0.0;0.36;0.352;0.008;3;А;1;/opt/mp-analytics/incoming/gab/Вся расходка Китай РФ Cactus GG PR.xlsx;Лист1!r1110;d0488dd393f71b9cb95cf51390c2aba1ef902bcac7a8eb2f95247679cc1d25fc
4395;10.0;9.0;4.0;9.5;8.5;4.0;0.5 / 0.5 / 0.0;0.36;0.323;0.037;1;А;1;/opt/mp-analytics/incoming/gab/САКУРА АБДУЛ 05.06.xlsx;Струйная Sakura!r105;ddbb1c580ba3ed878627b3d8dbea6c97710c4682804b2638b792149bf490915a
4397;10.0;9.0;4.0;9.5;8.5;4.0;0.5 / 0.5 / 0.0;0.36;0.323;0.037;1;А;3;/opt/mp-analytics/incoming/gab/САКУРА АБДУЛ 05.06.xlsx;Струйная Sakura!r106;ddbb1c580ba3ed878627b3d8dbea6c97710c4682804b2638b792149bf490915a
4398;10.0;9.0;4.0;9.5;8.5;4.0;0.5 / 0.5 / 0.0;0.36;0.323;0.037;1;А;1;/opt/mp-analytics/incoming/gab/САКУРА АБДУЛ 05.06.xlsx;Струйная Sakura!r108;ddbb1c580ba3ed878627b3d8dbea6c97710c4682804b2638b792149bf490915a
4399;10.0;9.0;4.0;9.5;8.5;4.0;0.5 / 0.5 / 0.0;0.36;0.323;0.037;1;А;1;/opt/mp-analytics/incoming/gab/САКУРА АБДУЛ 05.06.xlsx;Струйная Sakura!r109;ddbb1c580ba3ed878627b3d8dbea6c97710c4682804b2638b792149bf490915a
4407;10.0;9.0;4.0;9.5;8.5;4.0;0.5 / 0.5 / 0.0;0.36;0.323;0.037;2;А;1;/opt/mp-analytics/incoming/gab/САКУРА АБДУЛ 05.06.xlsx;Струйная Sakura!r121;ddbb1c580ba3ed878627b3d8dbea6c97710c4682804b2638b792149bf490915a
4410;11.0;5.0;3.0;11.2;5.0;3.3;-0.2 / 0.0 / -0.3;0.165;0.185;-0.02;1;А;1;/opt/mp-analytics/incoming/gab/САКУРА АБДУЛ 05.06.xlsx;Струйная Sakura!r128;ddbb1c580ba3ed878627b3d8dbea6c97710c4682804b2638b792149bf490915a
4411;10.0;6.0;6.0;10.0;5.8;5.5;0.0 / 0.2 / 0.5;0.36;0.319;0.041;1;А;1;/opt/mp-analytics/incoming/gab/САКУРА АБДУЛ 05.06.xlsx;Струйная Sakura!r139;ddbb1c580ba3ed878627b3d8dbea6c97710c4682804b2638b792149bf490915a
4412;15.0;6.0;6.0;15.0;6.0;6.0;0.0 / 0.0 / 0.0;0.54;0.54;0.0;1;А;5;/opt/mp-analytics/incoming/gab/САКУРА АБДУЛ 05.06.xlsx;Струйная Sakura!r140;ddbb1c580ba3ed878627b3d8dbea6c97710c4682804b2638b792149bf490915a
4413;15.0;5.0;5.0;15.0;4.8;4.8;0.0 / 0.2 / 0.2;0.375;0.346;0.029;1;А;3;/opt/mp-analytics/incoming/gab/САКУРА АБДУЛ 05.06.xlsx;Струйная Sakura!r141;ddbb1c580ba3ed878627b3d8dbea6c97710c4682804b2638b792149bf490915a
4414;15.0;5.0;5.0;15.0;4.8;4.8;0.0 / 0.2 / 0.2;0.375;0.346;0.029;1;А;1;/opt/mp-analytics/incoming/gab/САКУРА АБДУЛ 05.06.xlsx;Струйная Sakura!r142;ddbb1c580ba3ed878627b3d8dbea6c97710c4682804b2638b792149bf490915a
4415;15.0;5.0;5.0;15.0;4.8;4.8;0.0 / 0.2 / 0.2;0.375;0.346;0.029;1;А;1;/opt/mp-analytics/incoming/gab/САКУРА АБДУЛ 05.06.xlsx;Струйная Sakura!r143;ddbb1c580ba3ed878627b3d8dbea6c97710c4682804b2638b792149bf490915a
4416;15.0;5.0;5.0;15.0;4.8;4.8;0.0 / 0.2 / 0.2;0.375;0.346;0.029;1;А;1;/opt/mp-analytics/incoming/gab/САКУРА АБДУЛ 05.06.xlsx;Струйная Sakura!r146;ddbb1c580ba3ed878627b3d8dbea6c97710c4682804b2638b792149bf490915a
4417;30.0;30.0;21.0;24.5;15.0;4.2;5.5 / 15.0 / 16.8;18.9;1.544;17.356;1;Б;1;/opt/mp-analytics/incoming/gab/Вся расходка Китай РФ Cactus GG PR.xlsx;Лист1!r1481;d0488dd393f71b9cb95cf51390c2aba1ef902bcac7a8eb2f95247679cc1d25fc
4418;15.0;5.0;5.0;15.0;4.8;4.8;0.0 / 0.2 / 0.2;0.375;0.346;0.029;1;А;1;/opt/mp-analytics/incoming/gab/САКУРА АБДУЛ 05.06.xlsx;Струйная Sakura!r147;ddbb1c580ba3ed878627b3d8dbea6c97710c4682804b2638b792149bf490915a
4419;15.0;5.0;5.0;15.0;4.8;4.8;0.0 / 0.2 / 0.2;0.375;0.346;0.029;1;А;1;/opt/mp-analytics/incoming/gab/САКУРА АБДУЛ 05.06.xlsx;Струйная Sakura!r148;ddbb1c580ba3ed878627b3d8dbea6c97710c4682804b2638b792149bf490915a
4420;15.0;5.0;5.0;15.0;4.8;4.8;0.0 / 0.2 / 0.2;0.375;0.346;0.029;1;А;1;/opt/mp-analytics/incoming/gab/САКУРА АБДУЛ 05.06.xlsx;Струйная Sakura!r149;ddbb1c580ba3ed878627b3d8dbea6c97710c4682804b2638b792149bf490915a
4421;11.0;6.0;6.0;11.0;5.8;5.5;0.0 / 0.2 / 0.5;0.396;0.351;0.045;1;А;1;/opt/mp-analytics/incoming/gab/САКУРА АБДУЛ 05.06.xlsx;Струйная Sakura!r161;ddbb1c580ba3ed878627b3d8dbea6c97710c4682804b2638b792149bf490915a
4422;13.0;6.0;6.0;13.0;6.0;6.0;0.0 / 0.0 / 0.0;0.468;0.468;0.0;3;А;3;/opt/mp-analytics/incoming/gab/Вся расходка Китай РФ Cactus GG PR.xlsx;Лист1!r3979;d0488dd393f71b9cb95cf51390c2aba1ef902bcac7a8eb2f95247679cc1d25fc
4423;9.0;8.0;3.0;9.0;8.0;2.6;0.0 / 0.0 / 0.4;0.216;0.187;0.029;1;А;2;/opt/mp-analytics/incoming/gab/САКУРА АБДУЛ 05.06.xlsx;Струйная Sakura!r187;ddbb1c580ba3ed878627b3d8dbea6c97710c4682804b2638b792149bf490915a
4424;9.0;8.0;2.0;9.0;8.0;1.8;0.0 / 0.0 / 0.2;0.144;0.13;0.014;2;А;1;/opt/mp-analytics/incoming/gab/САКУРА АБДУЛ 05.06.xlsx;Струйная Sakura!r188;ddbb1c580ba3ed878627b3d8dbea6c97710c4682804b2638b792149bf490915a
4425;9.0;8.0;2.0;9.0;8.0;1.8;0.0 / 0.0 / 0.2;0.144;0.13;0.014;2;А;1;/opt/mp-analytics/incoming/gab/САКУРА АБДУЛ 05.06.xlsx;Струйная Sakura!r189;ddbb1c580ba3ed878627b3d8dbea6c97710c4682804b2638b792149bf490915a
4426;9.0;8.0;2.0;9.0;8.0;1.8;0.0 / 0.0 / 0.2;0.144;0.13;0.014;1;А;1;/opt/mp-analytics/incoming/gab/САКУРА АБДУЛ 05.06.xlsx;Струйная Sakura!r190;ddbb1c580ba3ed878627b3d8dbea6c97710c4682804b2638b792149bf490915a
4428;15.0;5.0;5.0;28.5;12.5;3.5;-13.5 / -7.5 / 1.5;0.375;1.247;-0.872;2;В;5;/opt/mp-analytics/incoming/gab/Вся расходка Китай РФ Cactus GG PR.xlsx;Лист1!r2797;d0488dd393f71b9cb95cf51390c2aba1ef902bcac7a8eb2f95247679cc1d25fc
4429;15.0;5.0;5.0;15.0;4.8;4.8;0.0 / 0.2 / 0.2;0.375;0.346;0.029;1;А;1;/opt/mp-analytics/incoming/gab/САКУРА АБДУЛ 05.06.xlsx;Струйная Sakura!r200;ddbb1c580ba3ed878627b3d8dbea6c97710c4682804b2638b792149bf490915a
4430;15.0;5.0;5.0;15.0;4.8;4.8;0.0 / 0.2 / 0.2;0.375;0.346;0.029;1;А;1;/opt/mp-analytics/incoming/gab/САКУРА АБДУЛ 05.06.xlsx;Струйная Sakura!r201;ddbb1c580ba3ed878627b3d8dbea6c97710c4682804b2638b792149bf490915a
4431;15.0;5.0;5.0;15.0;4.8;4.8;0.0 / 0.2 / 0.2;0.375;0.346;0.029;1;А;1;/opt/mp-analytics/incoming/gab/САКУРА АБДУЛ 05.06.xlsx;Струйная Sakura!r202;ddbb1c580ba3ed878627b3d8dbea6c97710c4682804b2638b792149bf490915a
4434;13.0;6.0;6.0;17.8;5.8;5.8;-4.8 / 0.2 / 0.2;0.468;0.599;-0.131;2;В;11;/opt/mp-analytics/incoming/gab/САКУРА АБДУЛ 05.06.xlsx;Струйная Sakura!r309;ddbb1c580ba3ed878627b3d8dbea6c97710c4682804b2638b792149bf490915a
4435;16.0;15.0;5.0;37.5;27.5;4.5;-21.5 / -12.5 / 0.5;1.2;4.641;-3.441;2;В;3;/opt/mp-analytics/incoming/gab/САКУРА АБДУЛ 05.06.xlsx;Струйная Sakura!r226;ddbb1c580ba3ed878627b3d8dbea6c97710c4682804b2638b792149bf490915a
4436;29.0;13.0;4.0;26.5;15.5;4.0;2.5 / -2.5 / 0.0;1.508;1.643;-0.135;3;В;1;/opt/mp-analytics/incoming/gab/Изи.xlsx;Данные по картриджам!r1678;4064fa397384d687b0349dbae769c7d4a21c54bf65a712f6c31981a966b8f971
4437;29.0;13.0;4.0;26.5;15.5;4.0;2.5 / -2.5 / 0.0;1.508;1.643;-0.135;3;В;1;/opt/mp-analytics/incoming/gab/Изи.xlsx;Данные по картриджам!r1679;4064fa397384d687b0349dbae769c7d4a21c54bf65a712f6c31981a966b8f971
4438;29.0;13.0;4.0;26.5;15.5;4.0;2.5 / -2.5 / 0.0;1.508;1.643;-0.135;3;В;1;/opt/mp-analytics/incoming/gab/Изи.xlsx;Данные по картриджам!r1680;4064fa397384d687b0349dbae769c7d4a21c54bf65a712f6c31981a966b8f971
4440;7.0;5.0;3.0;6.5;5.0;3.0;0.5 / 0.0 / 0.0;0.105;0.098;0.007;1;А;1;/opt/mp-analytics/incoming/gab/САКУРА АБДУЛ 05.06.xlsx;Струйная Sakura!r240;ddbb1c580ba3ed878627b3d8dbea6c97710c4682804b2638b792149bf490915a
4441;7.0;5.0;3.0;6.5;5.0;3.0;0.5 / 0.0 / 0.0;0.105;0.098;0.007;1;А;1;/opt/mp-analytics/incoming/gab/САКУРА АБДУЛ 05.06.xlsx;Струйная Sakura!r241;ddbb1c580ba3ed878627b3d8dbea6c97710c4682804b2638b792149bf490915a
4443;9.0;7.0;5.0;9.0;6.8;4.6;0.0 / 0.2 / 0.4;0.315;0.282;0.033;1;А;9;/opt/mp-analytics/incoming/gab/САКУРА АБДУЛ 05.06.xlsx;Струйная Sakura!r242;ddbb1c580ba3ed878627b3d8dbea6c97710c4682804b2638b792149bf490915a
4444;9.0;7.0;2.0;9.0;6.8;1.8;0.0 / 0.2 / 0.2;0.126;0.11;0.016;1;А;1;/opt/mp-analytics/incoming/gab/САКУРА АБДУЛ 05.06.xlsx;Струйная Sakura!r243;ddbb1c580ba3ed878627b3d8dbea6c97710c4682804b2638b792149bf490915a
4445;9.0;7.0;2.0;9.0;6.8;1.8;0.0 / 0.2 / 0.2;0.126;0.11;0.016;1;А;1;/opt/mp-analytics/incoming/gab/САКУРА АБДУЛ 05.06.xlsx;Струйная Sakura!r244;ddbb1c580ba3ed878627b3d8dbea6c97710c4682804b2638b792149bf490915a
4446;9.0;7.0;5.0;9.0;6.8;4.6;0.0 / 0.2 / 0.4;0.315;0.282;0.033;1;А;1;/opt/mp-analytics/incoming/gab/САКУРА АБДУЛ 05.06.xlsx;Струйная Sakura!r245;ddbb1c580ba3ed878627b3d8dbea6c97710c4682804b2638b792149bf490915a
4447;9.0;7.0;2.0;9.0;6.8;1.8;0.0 / 0.2 / 0.2;0.126;0.11;0.016;1;А;1;/opt/mp-analytics/incoming/gab/САКУРА АБДУЛ 05.06.xlsx;Струйная Sakura!r246;ddbb1c580ba3ed878627b3d8dbea6c97710c4682804b2638b792149bf490915a
4448;9.0;7.0;5.0;9.0;6.8;4.6;0.0 / 0.2 / 0.4;0.315;0.282;0.033;1;А;1;/opt/mp-analytics/incoming/gab/САКУРА АБДУЛ 05.06.xlsx;Струйная Sakura!r247;ddbb1c580ba3ed878627b3d8dbea6c97710c4682804b2638b792149bf490915a
4450;11.0;6.0;5.0;57.0;11.0;5.0;-46.0 / -5.0 / 0.0;0.33;3.135;-2.805;1;В;2;/opt/mp-analytics/incoming/gab/САКУРА АБДУЛ 05.06.xlsx;Струйная Sakura!r248;ddbb1c580ba3ed878627b3d8dbea6c97710c4682804b2638b792149bf490915a
4451;11.0;6.0;3.0;57.0;11.0;3.3;-46.0 / -5.0 / -0.3;0.198;2.069;-1.871;1;В;1;/opt/mp-analytics/incoming/gab/САКУРА АБДУЛ 05.06.xlsx;Струйная Sakura!r249;ddbb1c580ba3ed878627b3d8dbea6c97710c4682804b2638b792149bf490915a
4452;11.0;6.0;3.0;57.0;11.0;3.3;-46.0 / -5.0 / -0.3;0.198;2.069;-1.871;1;В;1;/opt/mp-analytics/incoming/gab/САКУРА АБДУЛ 05.06.xlsx;Струйная Sakura!r250;ddbb1c580ba3ed878627b3d8dbea6c97710c4682804b2638b792149bf490915a
4453;11.0;6.0;3.0;57.0;11.0;3.3;-46.0 / -5.0 / -0.3;0.198;2.069;-1.871;1;В;1;/opt/mp-analytics/incoming/gab/САКУРА АБДУЛ 05.06.xlsx;Струйная Sakura!r251;ddbb1c580ba3ed878627b3d8dbea6c97710c4682804b2638b792149bf490915a
4455;11.0;6.0;5.0;57.0;11.0;5.0;-46.0 / -5.0 / 0.0;0.33;3.135;-2.805;1;В;2;/opt/mp-analytics/incoming/gab/САКУРА АБДУЛ 05.06.xlsx;Струйная Sakura!r252;ddbb1c580ba3ed878627b3d8dbea6c97710c4682804b2638b792149bf490915a
4456;11.0;6.0;3.0;57.0;11.0;3.3;-46.0 / -5.0 / -0.3;0.198;2.069;-1.871;1;В;1;/opt/mp-analytics/incoming/gab/САКУРА АБДУЛ 05.06.xlsx;Струйная Sakura!r253;ddbb1c580ba3ed878627b3d8dbea6c97710c4682804b2638b792149bf490915a
4457;11.0;6.0;3.0;57.0;11.0;3.3;-46.0 / -5.0 / -0.3;0.198;2.069;-1.871;1;В;1;/opt/mp-analytics/incoming/gab/САКУРА АБДУЛ 05.06.xlsx;Струйная Sakura!r254;ddbb1c580ba3ed878627b3d8dbea6c97710c4682804b2638b792149bf490915a
4458;11.0;6.0;3.0;57.0;11.0;3.3;-46.0 / -5.0 / -0.3;0.198;2.069;-1.871;1;В;1;/opt/mp-analytics/incoming/gab/САКУРА АБДУЛ 05.06.xlsx;Струйная Sakura!r255;ddbb1c580ba3ed878627b3d8dbea6c97710c4682804b2638b792149bf490915a
4460;12.0;8.0;5.0;11.5;7.5;4.2;0.5 / 0.5 / 0.8;0.48;0.362;0.118;1;А;3;/opt/mp-analytics/incoming/gab/САКУРА АБДУЛ 05.06.xlsx;Струйная Sakura!r267;ddbb1c580ba3ed878627b3d8dbea6c97710c4682804b2638b792149bf490915a
4461;12.0;8.0;4.0;11.5;7.5;4.2;0.5 / 0.5 / -0.2;0.384;0.362;0.022;1;А;1;/opt/mp-analytics/incoming/gab/САКУРА АБДУЛ 05.06.xlsx;Струйная Sakura!r268;ddbb1c580ba3ed878627b3d8dbea6c97710c4682804b2638b792149bf490915a
4462;12.0;8.0;4.0;11.5;7.5;4.2;0.5 / 0.5 / -0.2;0.384;0.362;0.022;1;А;1;/opt/mp-analytics/incoming/gab/САКУРА АБДУЛ 05.06.xlsx;Струйная Sakura!r269;ddbb1c580ba3ed878627b3d8dbea6c97710c4682804b2638b792149bf490915a
4463;12.0;8.0;4.0;11.5;7.5;4.2;0.5 / 0.5 / -0.2;0.384;0.362;0.022;1;А;1;/opt/mp-analytics/incoming/gab/САКУРА АБДУЛ 05.06.xlsx;Струйная Sakura!r270;ddbb1c580ba3ed878627b3d8dbea6c97710c4682804b2638b792149bf490915a
4465;24.0;14.0;6.0;24.0;14.2;5.8;0.0 / -0.2 / 0.2;2.016;1.977;0.039;2;А;1;/opt/mp-analytics/incoming/gab/САКУРА АБДУЛ 05.06.xlsx;Струйная Sakura!r271;ddbb1c580ba3ed878627b3d8dbea6c97710c4682804b2638b792149bf490915a
4466;24.0;14.0;6.0;24.0;14.2;5.8;0.0 / -0.2 / 0.2;2.016;1.977;0.039;3;А;1;/opt/mp-analytics/incoming/gab/САКУРА АБДУЛ 05.06.xlsx;Струйная Sakura!r272;ddbb1c580ba3ed878627b3d8dbea6c97710c4682804b2638b792149bf490915a
4467;24.0;14.0;6.0;24.0;14.2;5.8;0.0 / -0.2 / 0.2;2.016;1.977;0.039;3;А;1;/opt/mp-analytics/incoming/gab/САКУРА АБДУЛ 05.06.xlsx;Струйная Sakura!r273;ddbb1c580ba3ed878627b3d8dbea6c97710c4682804b2638b792149bf490915a
4468;24.0;14.0;6.0;24.0;14.2;5.8;0.0 / -0.2 / 0.2;2.016;1.977;0.039;2;А;3;/opt/mp-analytics/incoming/gab/САКУРА АБДУЛ 05.06.xlsx;Струйная Sakura!r274;ddbb1c580ba3ed878627b3d8dbea6c97710c4682804b2638b792149bf490915a
4470;23.0;12.0;4.0;23.0;12.0;4.0;0.0 / 0.0 / 0.0;1.104;1.104;0.0;1;А;1;/opt/mp-analytics/incoming/gab/САКУРА АБДУЛ 05.06.xlsx;Струйная Sakura!r295;ddbb1c580ba3ed878627b3d8dbea6c97710c4682804b2638b792149bf490915a
4471;23.0;12.0;4.0;23.0;12.0;4.0;0.0 / 0.0 / 0.0;1.104;1.104;0.0;2;А;1;/opt/mp-analytics/incoming/gab/САКУРА АБДУЛ 05.06.xlsx;Струйная Sakura!r296;ddbb1c580ba3ed878627b3d8dbea6c97710c4682804b2638b792149bf490915a
4472;23.0;12.0;4.0;23.0;12.0;4.0;0.0 / 0.0 / 0.0;1.104;1.104;0.0;2;А;1;/opt/mp-analytics/incoming/gab/САКУРА АБДУЛ 05.06.xlsx;Струйная Sakura!r297;ddbb1c580ba3ed878627b3d8dbea6c97710c4682804b2638b792149bf490915a
4473;23.0;12.0;4.0;23.0;12.0;4.0;0.0 / 0.0 / 0.0;1.104;1.104;0.0;2;А;3;/opt/mp-analytics/incoming/gab/САКУРА АБДУЛ 05.06.xlsx;Струйная Sakura!r298;ddbb1c580ba3ed878627b3d8dbea6c97710c4682804b2638b792149bf490915a
4474;23.0;12.0;4.0;23.0;12.0;4.0;0.0 / 0.0 / 0.0;1.104;1.104;0.0;2;А;1;/opt/mp-analytics/incoming/gab/САКУРА АБДУЛ 05.06.xlsx;Струйная Sakura!r299;ddbb1c580ba3ed878627b3d8dbea6c97710c4682804b2638b792149bf490915a
4475;23.0;12.0;4.0;23.0;12.0;4.0;0.0 / 0.0 / 0.0;1.104;1.104;0.0;1;А;1;/opt/mp-analytics/incoming/gab/САКУРА АБДУЛ 05.06.xlsx;Струйная Sakura!r300;ddbb1c580ba3ed878627b3d8dbea6c97710c4682804b2638b792149bf490915a
4477;20.0;20.0;20.0;19.0;13.0;6.0;1.0 / 7.0 / 14.0;8.0;1.482;6.518;1;Б;1;/opt/mp-analytics/incoming/gab/Вся расходка Китай РФ Cactus GG PR.xlsx;Лист1!r1483;d0488dd393f71b9cb95cf51390c2aba1ef902bcac7a8eb2f95247679cc1d25fc
4478;30.0;12.0;9.0;55.0;9.5;9.5;-25.0 / 2.5 / -0.5;3.24;4.964;-1.724;2;В;1;/opt/mp-analytics/incoming/gab/Вся расходка Китай РФ Cactus GG PR.xlsx;Лист1!r3559;d0488dd393f71b9cb95cf51390c2aba1ef902bcac7a8eb2f95247679cc1d25fc
4481;40.0;13.0;13.0;32.0;14.5;10.0;8.0 / -1.5 / 3.0;6.76;4.64;2.12;2;Б;7;/opt/mp-analytics/incoming/gab/Изи.xlsx;Данные по картриджам!r1528;4064fa397384d687b0349dbae769c7d4a21c54bf65a712f6c31981a966b8f971
4482;40.0;13.0;13.0;32.0;13.5;10.0;8.0 / -0.5 / 3.0;6.76;4.32;2.44;2;Б;1;/opt/mp-analytics/incoming/gab/Изи.xlsx;Данные по картриджам!r1592;4064fa397384d687b0349dbae769c7d4a21c54bf65a712f6c31981a966b8f971
4483;40.0;13.0;13.0;32.0;13.5;10.0;8.0 / -0.5 / 3.0;6.76;4.32;2.44;2;Б;1;/opt/mp-analytics/incoming/gab/Изи.xlsx;Данные по картриджам!r1593;4064fa397384d687b0349dbae769c7d4a21c54bf65a712f6c31981a966b8f971
4484;40.0;13.0;13.0;32.0;13.5;10.0;8.0 / -0.5 / 3.0;6.76;4.32;2.44;2;Б;1;/opt/mp-analytics/incoming/gab/Изи.xlsx;Данные по картриджам!r1594;4064fa397384d687b0349dbae769c7d4a21c54bf65a712f6c31981a966b8f971
4486;48.0;20.0;16.0;50.0;24.0;13.5;-2.0 / -4.0 / 2.5;15.36;16.2;-0.84;3;В;1;/opt/mp-analytics/incoming/gab/Вся расходка Китай РФ Cactus GG PR.xlsx;Лист1!r3177;d0488dd393f71b9cb95cf51390c2aba1ef902bcac7a8eb2f95247679cc1d25fc
4487;48.0;20.0;16.0;50.0;24.0;13.5;-2.0 / -4.0 / 2.5;15.36;16.2;-0.84;3;В;1;/opt/mp-analytics/incoming/gab/Вся расходка Китай РФ Cactus GG PR.xlsx;Лист1!r3178;d0488dd393f71b9cb95cf51390c2aba1ef902bcac7a8eb2f95247679cc1d25fc
4488;48.0;20.0;16.0;50.0;24.0;13.5;-2.0 / -4.0 / 2.5;15.36;16.2;-0.84;2;В;1;/opt/mp-analytics/incoming/gab/Вся расходка Китай РФ Cactus GG PR.xlsx;Лист1!r3179;d0488dd393f71b9cb95cf51390c2aba1ef902bcac7a8eb2f95247679cc1d25fc
4495;19.0;14.0;4.0;14.5;8.3;2.8;4.5 / 5.7 / 1.2;1.064;0.337;0.727;1;Б;1;/opt/mp-analytics/incoming/gab/Вся расходка Китай РФ Cactus GG PR.xlsx;Лист1!r1577;d0488dd393f71b9cb95cf51390c2aba1ef902bcac7a8eb2f95247679cc1d25fc
4496;19.0;14.0;4.0;14.5;8.3;2.8;4.5 / 5.7 / 1.2;1.064;0.337;0.727;1;Б;1;/opt/mp-analytics/incoming/gab/Вся расходка Китай РФ Cactus GG PR.xlsx;Лист1!r1576;d0488dd393f71b9cb95cf51390c2aba1ef902bcac7a8eb2f95247679cc1d25fc
4497;19.0;14.0;4.0;14.5;8.3;2.8;4.5 / 5.7 / 1.2;1.064;0.337;0.727;1;Б;1;/opt/mp-analytics/incoming/gab/Вся расходка Китай РФ Cactus GG PR.xlsx;Лист1!r1575;d0488dd393f71b9cb95cf51390c2aba1ef902bcac7a8eb2f95247679cc1d25fc
4498;19.0;14.0;4.0;14.5;8.3;2.8;4.5 / 5.7 / 1.2;1.064;0.337;0.727;1;Б;7;/opt/mp-analytics/incoming/gab/Вся расходка Китай РФ Cactus GG PR.xlsx;Лист1!r1578;d0488dd393f71b9cb95cf51390c2aba1ef902bcac7a8eb2f95247679cc1d25fc
4500;30.0;16.0;4.0;26.0;20.6;9.0;4.0 / -4.6 / -5.0;1.92;4.82;-2.9;2;В;1;/opt/mp-analytics/incoming/gab/САКУРА АБДУЛ 05.06.xlsx;Струйная Sakura!r316;ddbb1c580ba3ed878627b3d8dbea6c97710c4682804b2638b792149bf490915a
4501;30.0;15.0;9.0;26.0;20.6;9.0;4.0 / -5.6 / 0.0;4.05;4.82;-0.77;2;В;1;/opt/mp-analytics/incoming/gab/САКУРА АБДУЛ 05.06.xlsx;Струйная Sakura!r317;ddbb1c580ba3ed878627b3d8dbea6c97710c4682804b2638b792149bf490915a
4502;30.0;15.0;9.0;26.0;20.6;9.0;4.0 / -5.6 / 0.0;4.05;4.82;-0.77;2;В;1;/opt/mp-analytics/incoming/gab/САКУРА АБДУЛ 05.06.xlsx;Струйная Sakura!r318;ddbb1c580ba3ed878627b3d8dbea6c97710c4682804b2638b792149bf490915a
4503;30.0;15.0;9.0;26.0;20.6;9.0;4.0 / -5.6 / 0.0;4.05;4.82;-0.77;2;В;1;/opt/mp-analytics/incoming/gab/САКУРА АБДУЛ 05.06.xlsx;Струйная Sakura!r319;ddbb1c580ba3ed878627b3d8dbea6c97710c4682804b2638b792149bf490915a
4508;37.0;15.0;12.0;42.0;7.5;7.5;-5.0 / 7.5 / 4.5;6.66;2.362;4.298;1;Б;2;/opt/mp-analytics/incoming/gab/Вся расходка Китай РФ Cactus GG PR.xlsx;Лист1!r2360;d0488dd393f71b9cb95cf51390c2aba1ef902bcac7a8eb2f95247679cc1d25fc
4509;43.0;8.0;8.0;42.0;7.5;7.5;1.0 / 0.5 / 0.5;2.752;2.362;0.39;1;А;1;/opt/mp-analytics/incoming/gab/Вся расходка Китай РФ Cactus GG PR.xlsx;Лист1!r2363;d0488dd393f71b9cb95cf51390c2aba1ef902bcac7a8eb2f95247679cc1d25fc
4510;43.0;8.0;8.0;42.0;7.5;7.5;1.0 / 0.5 / 0.5;2.752;2.362;0.39;1;А;1;/opt/mp-analytics/incoming/gab/Вся расходка Китай РФ Cactus GG PR.xlsx;Лист1!r2362;d0488dd393f71b9cb95cf51390c2aba1ef902bcac7a8eb2f95247679cc1d25fc
4511;43.0;8.0;8.0;42.0;7.5;7.5;1.0 / 0.5 / 0.5;2.752;2.362;0.39;1;А;1;/opt/mp-analytics/incoming/gab/Вся расходка Китай РФ Cactus GG PR.xlsx;Лист1!r2361;d0488dd393f71b9cb95cf51390c2aba1ef902bcac7a8eb2f95247679cc1d25fc
4513;43.0;8.0;8.0;55.0;9.3;9.3;-12.0 / -1.3 / -1.3;2.752;4.757;-2.005;1;В;7;/opt/mp-analytics/incoming/gab/Вся расходка Китай РФ Cactus GG PR.xlsx;Лист1!r2390;d0488dd393f71b9cb95cf51390c2aba1ef902bcac7a8eb2f95247679cc1d25fc
4514;55.0;10.0;10.0;55.0;9.3;9.3;0.0 / 0.7 / 0.7;5.5;4.757;0.743;1;А;1;/opt/mp-analytics/incoming/gab/Вся расходка Китай РФ Cactus GG PR.xlsx;Лист1!r2389;d0488dd393f71b9cb95cf51390c2aba1ef902bcac7a8eb2f95247679cc1d25fc
4515;55.0;10.0;10.0;55.0;9.3;9.3;0.0 / 0.7 / 0.7;5.5;4.757;0.743;1;А;1;/opt/mp-analytics/incoming/gab/Вся расходка Китай РФ Cactus GG PR.xlsx;Лист1!r2391;d0488dd393f71b9cb95cf51390c2aba1ef902bcac7a8eb2f95247679cc1d25fc
4516;55.0;10.0;10.0;55.0;9.3;9.3;0.0 / 0.7 / 0.7;5.5;4.757;0.743;1;А;1;/opt/mp-analytics/incoming/gab/Вся расходка Китай РФ Cactus GG PR.xlsx;Лист1!r2392;d0488dd393f71b9cb95cf51390c2aba1ef902bcac7a8eb2f95247679cc1d25fc
4519;14.0;9.0;3.0;56.0;15.0;14.0;-42.0 / -6.0 / -11.0;0.378;11.76;-11.382;1;В;1;/opt/mp-analytics/incoming/gab/Вся расходка Китай РФ Cactus GG PR.xlsx;Лист1!r615;d0488dd393f71b9cb95cf51390c2aba1ef902bcac7a8eb2f95247679cc1d25fc
4520;48.0;9.0;9.0;47.0;8.5;8.5;1.0 / 0.5 / 0.5;3.888;3.396;0.492;1;А;1;/opt/mp-analytics/incoming/gab/Вся расходка Китай РФ Cactus GG PR.xlsx;Лист1!r612;d0488dd393f71b9cb95cf51390c2aba1ef902bcac7a8eb2f95247679cc1d25fc
4521;54.0;10.0;8.0;55.0;9.3;9.3;-1.0 / 0.7 / -1.3;4.32;4.757;-0.437;1;А;1;/opt/mp-analytics/incoming/gab/Вся расходка Китай РФ Cactus GG PR.xlsx;Лист1!r2571;d0488dd393f71b9cb95cf51390c2aba1ef902bcac7a8eb2f95247679cc1d25fc
4522;54.0;10.0;8.0;55.0;9.3;9.3;-1.0 / 0.7 / -1.3;4.32;4.757;-0.437;1;А;1;/opt/mp-analytics/incoming/gab/Вся расходка Китай РФ Cactus GG PR.xlsx;Лист1!r2572;d0488dd393f71b9cb95cf51390c2aba1ef902bcac7a8eb2f95247679cc1d25fc
4523;54.0;10.0;8.0;55.0;9.3;9.3;-1.0 / 0.7 / -1.3;4.32;4.757;-0.437;1;А;1;/opt/mp-analytics/incoming/gab/Вся расходка Китай РФ Cactus GG PR.xlsx;Лист1!r2573;d0488dd393f71b9cb95cf51390c2aba1ef902bcac7a8eb2f95247679cc1d25fc
4524;54.0;10.0;8.0;55.0;9.3;9.3;-1.0 / 0.7 / -1.3;4.32;4.757;-0.437;1;А;1;/opt/mp-analytics/incoming/gab/Вся расходка Китай РФ Cactus GG PR.xlsx;Лист1!r2570;d0488dd393f71b9cb95cf51390c2aba1ef902bcac7a8eb2f95247679cc1d25fc
4532;43.0;7.0;7.0;42.0;7.5;7.5;1.0 / -0.5 / -0.5;2.107;2.362;-0.255;3;А;1;/opt/mp-analytics/incoming/gab/Вся расходка Китай РФ Cactus GG PR.xlsx;Лист1!r3918;d0488dd393f71b9cb95cf51390c2aba1ef902bcac7a8eb2f95247679cc1d25fc
4538;12.0;11.0;4.0;12.0;8.5;4.0;0.0 / 2.5 / 0.0;0.528;0.408;0.12;3;Б;1;/opt/mp-analytics/incoming/gab/Изи.xlsx;Данные по картриджам!r1391;4064fa397384d687b0349dbae769c7d4a21c54bf65a712f6c31981a966b8f971
4539;11.0;10.0;4.0;8.5;6.5;3.5;2.5 / 3.5 / 0.5;0.44;0.193;0.247;1;Б;1;/opt/mp-analytics/incoming/gab/Вся расходка Китай РФ Cactus GG PR.xlsx;Лист1!r1417;d0488dd393f71b9cb95cf51390c2aba1ef902bcac7a8eb2f95247679cc1d25fc
4540;11.0;10.0;4.0;8.5;6.5;3.5;2.5 / 3.5 / 0.5;0.44;0.193;0.247;1;Б;3;/opt/mp-analytics/incoming/gab/Вся расходка Китай РФ Cactus GG PR.xlsx;Лист1!r1418;d0488dd393f71b9cb95cf51390c2aba1ef902bcac7a8eb2f95247679cc1d25fc
4542;31.0;13.0;8.0;32.0;14.5;10.0;-1.0 / -1.5 / -2.0;3.224;4.64;-1.416;4;А;10;/opt/mp-analytics/incoming/gab/Изи.xlsx;Данные по картриджам!r1626;4064fa397384d687b0349dbae769c7d4a21c54bf65a712f6c31981a966b8f971
4543;59.0;14.0;10.0;59.0;11.0;11.0;0.0 / 3.0 / -1.0;8.26;7.139;1.121;1;Б;4;/opt/mp-analytics/incoming/gab/Вся расходка Китай РФ Cactus GG PR.xlsx;Лист1!r3316;d0488dd393f71b9cb95cf51390c2aba1ef902bcac7a8eb2f95247679cc1d25fc
4600;15.0;9.0;4.0;40.0;8.8;3.3;-25.0 / 0.2 / 0.7;0.54;1.162;-0.622;1;В;9;/opt/mp-analytics/incoming/gab/Вся расходка Китай РФ Cactus GG PR.xlsx;Лист1!r3350;d0488dd393f71b9cb95cf51390c2aba1ef902bcac7a8eb2f95247679cc1d25fc
4602;7.0;7.0;1.0;7.5;7.0;2.5;-0.5 / 0.0 / -1.5;0.049;0.131;-0.082;2;А;1;/opt/mp-analytics/incoming/gab/Вся расходка Китай РФ Cactus GG PR.xlsx;Лист1!r2639;d0488dd393f71b9cb95cf51390c2aba1ef902bcac7a8eb2f95247679cc1d25fc
4611;7.0;7.0;1.0;7.5;7.0;2.5;-0.5 / 0.0 / -1.5;0.049;0.131;-0.082;1;А;4;/opt/mp-analytics/incoming/gab/Вся расходка Китай РФ Cactus GG PR.xlsx;Лист1!r2627;d0488dd393f71b9cb95cf51390c2aba1ef902bcac7a8eb2f95247679cc1d25fc
4637;7.0;7.0;1.0;7.5;7.0;2.5;-0.5 / 0.0 / -1.5;0.049;0.131;-0.082;1;А;1;/opt/mp-analytics/incoming/gab/Вся расходка Китай РФ Cactus GG PR.xlsx;Лист1!r2620;d0488dd393f71b9cb95cf51390c2aba1ef902bcac7a8eb2f95247679cc1d25fc
4638;10.0;8.0;5.0;11.5;11.5;4.0;-1.5 / -3.5 / 1.0;0.4;0.529;-0.129;4;В;1;/opt/mp-analytics/incoming/gab/Изи.xlsx;Данные по картриджам!r530;4064fa397384d687b0349dbae769c7d4a21c54bf65a712f6c31981a966b8f971
4639;10.0;8.0;5.0;14.0;12.0;4.0;-4.0 / -4.0 / 1.0;0.4;0.672;-0.272;4;В;1;/opt/mp-analytics/incoming/gab/Изи.xlsx;Данные по картриджам!r529;4064fa397384d687b0349dbae769c7d4a21c54bf65a712f6c31981a966b8f971
4640;10.0;10.0;10.0;12.5;4.5;4.5;-2.5 / 5.5 / 5.5;1.0;0.253;0.747;1;Б;1;/opt/mp-analytics/incoming/gab/Изи.xlsx;Данные по картриджам!r1616;4064fa397384d687b0349dbae769c7d4a21c54bf65a712f6c31981a966b8f971
4646;34.0;13.0;10.0;32.0;16.0;12.0;2.0 / -3.0 / -2.0;4.42;6.144;-1.724;2;В;2;/opt/mp-analytics/incoming/gab/Вся расходка Китай РФ Cactus GG PR.xlsx;Лист1!r3928;d0488dd393f71b9cb95cf51390c2aba1ef902bcac7a8eb2f95247679cc1d25fc
4647;30.0;12.0;9.0;32.0;16.0;12.0;-2.0 / -4.0 / -3.0;3.24;6.144;-2.904;2;В;1;/opt/mp-analytics/incoming/gab/Вся расходка Китай РФ Cactus GG PR.xlsx;Лист1!r3929;d0488dd393f71b9cb95cf51390c2aba1ef902bcac7a8eb2f95247679cc1d25fc
4648;30.0;12.0;9.0;32.0;16.0;12.0;-2.0 / -4.0 / -3.0;3.24;6.144;-2.904;2;В;1;/opt/mp-analytics/incoming/gab/Вся расходка Китай РФ Cactus GG PR.xlsx;Лист1!r3930;d0488dd393f71b9cb95cf51390c2aba1ef902bcac7a8eb2f95247679cc1d25fc
4649;30.0;12.0;9.0;32.0;16.0;12.0;-2.0 / -4.0 / -3.0;3.24;6.144;-2.904;2;В;1;/opt/mp-analytics/incoming/gab/Вся расходка Китай РФ Cactus GG PR.xlsx;Лист1!r3931;d0488dd393f71b9cb95cf51390c2aba1ef902bcac7a8eb2f95247679cc1d25fc
4651;13.0;6.0;4.0;10.0;6.0;4.0;3.0 / 0.0 / 0.0;0.312;0.24;0.072;1;Б;4;/opt/mp-analytics/incoming/gab/Вся расходка Китай РФ Cactus GG PR.xlsx;Лист1!r1970;d0488dd393f71b9cb95cf51390c2aba1ef902bcac7a8eb2f95247679cc1d25fc
4652;13.0;6.0;4.0;10.0;6.0;4.0;3.0 / 0.0 / 0.0;0.312;0.24;0.072;1;Б;1;/opt/mp-analytics/incoming/gab/Вся расходка Китай РФ Cactus GG PR.xlsx;Лист1!r1955;d0488dd393f71b9cb95cf51390c2aba1ef902bcac7a8eb2f95247679cc1d25fc
4653;13.0;6.0;4.0;10.0;6.0;4.0;3.0 / 0.0 / 0.0;0.312;0.24;0.072;1;Б;1;/opt/mp-analytics/incoming/gab/Вся расходка Китай РФ Cactus GG PR.xlsx;Лист1!r1971;d0488dd393f71b9cb95cf51390c2aba1ef902bcac7a8eb2f95247679cc1d25fc
4654;13.0;6.0;4.0;10.0;6.0;4.0;3.0 / 0.0 / 0.0;0.312;0.24;0.072;1;Б;1;/opt/mp-analytics/incoming/gab/Вся расходка Китай РФ Cactus GG PR.xlsx;Лист1!r1959;d0488dd393f71b9cb95cf51390c2aba1ef902bcac7a8eb2f95247679cc1d25fc
4655;13.0;6.0;4.0;10.0;6.0;4.0;3.0 / 0.0 / 0.0;0.312;0.24;0.072;1;Б;1;/opt/mp-analytics/incoming/gab/Вся расходка Китай РФ Cactus GG PR.xlsx;Лист1!r1956;d0488dd393f71b9cb95cf51390c2aba1ef902bcac7a8eb2f95247679cc1d25fc
4656;13.0;6.0;4.0;10.0;6.0;4.0;3.0 / 0.0 / 0.0;0.312;0.24;0.072;1;Б;1;/opt/mp-analytics/incoming/gab/Вся расходка Китай РФ Cactus GG PR.xlsx;Лист1!r1958;d0488dd393f71b9cb95cf51390c2aba1ef902bcac7a8eb2f95247679cc1d25fc
4657;13.0;6.0;4.0;10.0;6.0;4.0;3.0 / 0.0 / 0.0;0.312;0.24;0.072;1;Б;1;/opt/mp-analytics/incoming/gab/Вся расходка Китай РФ Cactus GG PR.xlsx;Лист1!r1960;d0488dd393f71b9cb95cf51390c2aba1ef902bcac7a8eb2f95247679cc1d25fc
4658;13.0;6.0;4.0;10.0;6.0;4.0;3.0 / 0.0 / 0.0;0.312;0.24;0.072;1;Б;1;/opt/mp-analytics/incoming/gab/Вся расходка Китай РФ Cactus GG PR.xlsx;Лист1!r1961;d0488dd393f71b9cb95cf51390c2aba1ef902bcac7a8eb2f95247679cc1d25fc
4659;13.0;6.0;4.0;10.0;6.0;4.0;3.0 / 0.0 / 0.0;0.312;0.24;0.072;1;Б;1;/opt/mp-analytics/incoming/gab/Вся расходка Китай РФ Cactus GG PR.xlsx;Лист1!r1962;d0488dd393f71b9cb95cf51390c2aba1ef902bcac7a8eb2f95247679cc1d25fc
4660;13.0;6.0;4.0;10.0;6.0;4.0;3.0 / 0.0 / 0.0;0.312;0.24;0.072;1;Б;1;/opt/mp-analytics/incoming/gab/Вся расходка Китай РФ Cactus GG PR.xlsx;Лист1!r1969;d0488dd393f71b9cb95cf51390c2aba1ef902bcac7a8eb2f95247679cc1d25fc
4661;13.0;6.0;4.0;10.0;6.0;4.0;3.0 / 0.0 / 0.0;0.312;0.24;0.072;1;Б;1;/opt/mp-analytics/incoming/gab/Вся расходка Китай РФ Cactus GG PR.xlsx;Лист1!r1968;d0488dd393f71b9cb95cf51390c2aba1ef902bcac7a8eb2f95247679cc1d25fc
4662;13.0;6.0;4.0;10.0;6.0;4.0;3.0 / 0.0 / 0.0;0.312;0.24;0.072;1;Б;1;/opt/mp-analytics/incoming/gab/Вся расходка Китай РФ Cactus GG PR.xlsx;Лист1!r1966;d0488dd393f71b9cb95cf51390c2aba1ef902bcac7a8eb2f95247679cc1d25fc
4663;13.0;6.0;4.0;10.0;6.0;4.0;3.0 / 0.0 / 0.0;0.312;0.24;0.072;1;Б;1;/opt/mp-analytics/incoming/gab/Вся расходка Китай РФ Cactus GG PR.xlsx;Лист1!r3138;d0488dd393f71b9cb95cf51390c2aba1ef902bcac7a8eb2f95247679cc1d25fc
4664;14.0;7.0;6.0;11.5;7.0;5.5;2.5 / 0.0 / 0.5;0.588;0.443;0.145;1;Б;3;/opt/mp-analytics/incoming/gab/Вся расходка Китай РФ Cactus GG PR.xlsx;Лист1!r1973;d0488dd393f71b9cb95cf51390c2aba1ef902bcac7a8eb2f95247679cc1d25fc
4665;14.0;7.0;5.0;11.5;7.0;4.5;2.5 / 0.0 / 0.5;0.49;0.362;0.128;1;Б;1;/opt/mp-analytics/incoming/gab/Вся расходка Китай РФ Cactus GG PR.xlsx;Лист1!r1972;d0488dd393f71b9cb95cf51390c2aba1ef902bcac7a8eb2f95247679cc1d25fc
4666;14.0;7.0;5.0;11.5;7.0;6.0;2.5 / 0.0 / -1.0;0.49;0.483;0.007;1;Б;1;/opt/mp-analytics/incoming/gab/Вся расходка Китай РФ Cactus GG PR.xlsx;Лист1!r1974;d0488dd393f71b9cb95cf51390c2aba1ef902bcac7a8eb2f95247679cc1d25fc
4667;36.0;16.0;12.0;31.0;9.0;9.0;5.0 / 7.0 / 3.0;6.912;2.511;4.401;1;Б;1;/opt/mp-analytics/incoming/gab/САКУРА АБДУЛ 05.06.xlsx;Лазерная Sakura!r1235;ddbb1c580ba3ed878627b3d8dbea6c97710c4682804b2638b792149bf490915a
4668;36.0;16.0;12.0;31.0;9.0;9.0;5.0 / 7.0 / 3.0;6.912;2.511;4.401;2;Б;1;/opt/mp-analytics/incoming/gab/САКУРА АБДУЛ 05.06.xlsx;Лазерная Sakura!r1236;ddbb1c580ba3ed878627b3d8dbea6c97710c4682804b2638b792149bf490915a
4669;36.0;16.0;12.0;31.0;9.0;9.0;5.0 / 7.0 / 3.0;6.912;2.511;4.401;2;Б;1;/opt/mp-analytics/incoming/gab/САКУРА АБДУЛ 05.06.xlsx;Лазерная Sakura!r1238;ddbb1c580ba3ed878627b3d8dbea6c97710c4682804b2638b792149bf490915a
4670;36.0;16.0;12.0;31.0;9.0;9.0;5.0 / 7.0 / 3.0;6.912;2.511;4.401;1;Б;1;/opt/mp-analytics/incoming/gab/САКУРА АБДУЛ 05.06.xlsx;Лазерная Sakura!r1237;ddbb1c580ba3ed878627b3d8dbea6c97710c4682804b2638b792149bf490915a
4678;40.0;15.0;6.0;35.0;14.0;6.0;5.0 / 1.0 / 0.0;3.6;2.94;0.66;1;Б;5;/opt/mp-analytics/incoming/gab/Вся расходка Китай РФ Cactus GG PR.xlsx;Лист1!r1535;d0488dd393f71b9cb95cf51390c2aba1ef902bcac7a8eb2f95247679cc1d25fc
4679;40.0;15.0;6.0;35.0;14.0;6.0;5.0 / 1.0 / 0.0;3.6;2.94;0.66;1;Б;1;/opt/mp-analytics/incoming/gab/Вся расходка Китай РФ Cactus GG PR.xlsx;Лист1!r1534;d0488dd393f71b9cb95cf51390c2aba1ef902bcac7a8eb2f95247679cc1d25fc
4680;40.0;15.0;6.0;35.0;14.0;6.0;5.0 / 1.0 / 0.0;3.6;2.94;0.66;1;Б;1;/opt/mp-analytics/incoming/gab/Вся расходка Китай РФ Cactus GG PR.xlsx;Лист1!r1533;d0488dd393f71b9cb95cf51390c2aba1ef902bcac7a8eb2f95247679cc1d25fc
4681;40.0;15.0;6.0;35.0;14.0;6.0;5.0 / 1.0 / 0.0;3.6;2.94;0.66;1;Б;1;/opt/mp-analytics/incoming/gab/Вся расходка Китай РФ Cactus GG PR.xlsx;Лист1!r1532;d0488dd393f71b9cb95cf51390c2aba1ef902bcac7a8eb2f95247679cc1d25fc
4682;40.0;15.0;6.0;35.0;14.0;6.0;5.0 / 1.0 / 0.0;3.6;2.94;0.66;1;Б;1;/opt/mp-analytics/incoming/gab/Вся расходка Китай РФ Cactus GG PR.xlsx;Лист1!r1531;d0488dd393f71b9cb95cf51390c2aba1ef902bcac7a8eb2f95247679cc1d25fc
4683;40.0;15.0;6.0;35.0;14.0;6.0;5.0 / 1.0 / 0.0;3.6;2.94;0.66;1;Б;1;/opt/mp-analytics/incoming/gab/Вся расходка Китай РФ Cactus GG PR.xlsx;Лист1!r1530;d0488dd393f71b9cb95cf51390c2aba1ef902bcac7a8eb2f95247679cc1d25fc
4684;40.0;15.0;6.0;35.0;14.0;6.0;5.0 / 1.0 / 0.0;3.6;2.94;0.66;1;Б;1;/opt/mp-analytics/incoming/gab/Вся расходка Китай РФ Cactus GG PR.xlsx;Лист1!r1529;d0488dd393f71b9cb95cf51390c2aba1ef902bcac7a8eb2f95247679cc1d25fc
4685;40.0;15.0;6.0;35.0;14.0;6.0;5.0 / 1.0 / 0.0;3.6;2.94;0.66;1;Б;1;/opt/mp-analytics/incoming/gab/Вся расходка Китай РФ Cactus GG PR.xlsx;Лист1!r1528;d0488dd393f71b9cb95cf51390c2aba1ef902bcac7a8eb2f95247679cc1d25fc
4686;40.0;15.0;6.0;35.0;14.0;6.0;5.0 / 1.0 / 0.0;3.6;2.94;0.66;1;Б;1;/opt/mp-analytics/incoming/gab/Вся расходка Китай РФ Cactus GG PR.xlsx;Лист1!r1527;d0488dd393f71b9cb95cf51390c2aba1ef902bcac7a8eb2f95247679cc1d25fc
4693;13.0;6.0;4.0;10.5;6.0;2.5;2.5 / 0.0 / 1.5;0.312;0.158;0.154;1;Б;3;/opt/mp-analytics/incoming/gab/Вся расходка Китай РФ Cactus GG PR.xlsx;Лист1!r1522;d0488dd393f71b9cb95cf51390c2aba1ef902bcac7a8eb2f95247679cc1d25fc
4694;13.0;6.0;4.0;10.5;6.0;2.5;2.5 / 0.0 / 1.5;0.312;0.158;0.154;1;Б;1;/opt/mp-analytics/incoming/gab/Вся расходка Китай РФ Cactus GG PR.xlsx;Лист1!r1521;d0488dd393f71b9cb95cf51390c2aba1ef902bcac7a8eb2f95247679cc1d25fc
4695;13.0;6.0;4.0;10.5;6.0;2.5;2.5 / 0.0 / 1.5;0.312;0.158;0.154;1;Б;1;/opt/mp-analytics/incoming/gab/Вся расходка Китай РФ Cactus GG PR.xlsx;Лист1!r1520;d0488dd393f71b9cb95cf51390c2aba1ef902bcac7a8eb2f95247679cc1d25fc
4696;13.0;6.0;4.0;10.5;6.0;2.5;2.5 / 0.0 / 1.5;0.312;0.158;0.154;1;Б;1;/opt/mp-analytics/incoming/gab/Вся расходка Китай РФ Cactus GG PR.xlsx;Лист1!r1519;d0488dd393f71b9cb95cf51390c2aba1ef902bcac7a8eb2f95247679cc1d25fc
4698;27.0;11.0;7.0;17.5;12.0;5.8;9.5 / -1.0 / 1.2;2.079;1.218;0.861;1;Б;3;/opt/mp-analytics/incoming/gab/Вся расходка Китай РФ Cactus GG PR.xlsx;Лист1!r1542;d0488dd393f71b9cb95cf51390c2aba1ef902bcac7a8eb2f95247679cc1d25fc
4699;27.0;11.0;7.0;17.5;12.0;5.8;9.5 / -1.0 / 1.2;2.079;1.218;0.861;1;Б;1;/opt/mp-analytics/incoming/gab/Вся расходка Китай РФ Cactus GG PR.xlsx;Лист1!r1541;d0488dd393f71b9cb95cf51390c2aba1ef902bcac7a8eb2f95247679cc1d25fc
4700;27.0;11.0;7.0;17.5;12.0;5.8;9.5 / -1.0 / 1.2;2.079;1.218;0.861;1;Б;1;/opt/mp-analytics/incoming/gab/Вся расходка Китай РФ Cactus GG PR.xlsx;Лист1!r1540;d0488dd393f71b9cb95cf51390c2aba1ef902bcac7a8eb2f95247679cc1d25fc
4701;27.0;11.0;7.0;17.5;12.0;5.8;9.5 / -1.0 / 1.2;2.079;1.218;0.861;1;Б;1;/opt/mp-analytics/incoming/gab/Вся расходка Китай РФ Cactus GG PR.xlsx;Лист1!r1539;d0488dd393f71b9cb95cf51390c2aba1ef902bcac7a8eb2f95247679cc1d25fc
4702;27.0;11.0;7.0;17.5;12.0;5.8;9.5 / -1.0 / 1.2;2.079;1.218;0.861;1;Б;1;/opt/mp-analytics/incoming/gab/Вся расходка Китай РФ Cactus GG PR.xlsx;Лист1!r1538;d0488dd393f71b9cb95cf51390c2aba1ef902bcac7a8eb2f95247679cc1d25fc
4703;27.0;11.0;7.0;17.5;12.0;5.8;9.5 / -1.0 / 1.2;2.079;1.218;0.861;1;Б;1;/opt/mp-analytics/incoming/gab/Вся расходка Китай РФ Cactus GG PR.xlsx;Лист1!r1537;d0488dd393f71b9cb95cf51390c2aba1ef902bcac7a8eb2f95247679cc1d25fc
4704;27.0;11.0;7.0;27.0;12.0;5.8;0.0 / -1.0 / 1.2;2.079;1.879;0.2;1;А;1;/opt/mp-analytics/incoming/gab/Вся расходка Китай РФ Cactus GG PR.xlsx;Лист1!r1536;d0488dd393f71b9cb95cf51390c2aba1ef902bcac7a8eb2f95247679cc1d25fc
4706;23.0;14.0;9.0;24.0;14.0;8.0;-1.0 / 0.0 / 1.0;2.898;2.688;0.21;1;А;4;/opt/mp-analytics/incoming/gab/Вся расходка Китай РФ Cactus GG PR.xlsx;Лист1!r1556;d0488dd393f71b9cb95cf51390c2aba1ef902bcac7a8eb2f95247679cc1d25fc
4707;25.0;11.0;7.0;22.5;6.0;5.0;2.5 / 5.0 / 2.0;1.925;0.675;1.25;1;Б;1;/opt/mp-analytics/incoming/gab/Вся расходка Китай РФ Cactus GG PR.xlsx;Лист1!r1555;d0488dd393f71b9cb95cf51390c2aba1ef902bcac7a8eb2f95247679cc1d25fc
4708;25.0;11.0;7.0;22.5;6.0;5.0;2.5 / 5.0 / 2.0;1.925;0.675;1.25;1;Б;1;/opt/mp-analytics/incoming/gab/Вся расходка Китай РФ Cactus GG PR.xlsx;Лист1!r1554;d0488dd393f71b9cb95cf51390c2aba1ef902bcac7a8eb2f95247679cc1d25fc
4709;25.0;11.0;7.0;22.5;6.0;5.0;2.5 / 5.0 / 2.0;1.925;0.675;1.25;1;Б;1;/opt/mp-analytics/incoming/gab/Вся расходка Китай РФ Cactus GG PR.xlsx;Лист1!r1553;d0488dd393f71b9cb95cf51390c2aba1ef902bcac7a8eb2f95247679cc1d25fc
4711;40.0;17.0;11.0;37.0;11.0;7.0;3.0 / 6.0 / 4.0;7.48;2.849;4.631;1;Б;1;/opt/mp-analytics/incoming/gab/Вся расходка Китай РФ Cactus GG PR.xlsx;Лист1!r4359;d0488dd393f71b9cb95cf51390c2aba1ef902bcac7a8eb2f95247679cc1d25fc
4717;43.0;40.0;17.0;38.0;12.5;9.5;5.0 / 27.5 / 7.5;29.24;4.513;24.727;1;Б;1;/opt/mp-analytics/incoming/gab/Вся расходка Китай РФ Cactus GG PR.xlsx;Лист1!r653;d0488dd393f71b9cb95cf51390c2aba1ef902bcac7a8eb2f95247679cc1d25fc
4730;54.0;9.0;9.0;55.0;9.5;9.5;-1.0 / -0.5 / -0.5;4.374;4.964;-0.59;1;А;2;/opt/mp-analytics/incoming/gab/Вся расходка Китай РФ Cactus GG PR.xlsx;Лист1!r3656;d0488dd393f71b9cb95cf51390c2aba1ef902bcac7a8eb2f95247679cc1d25fc
4731;54.0;9.0;9.0;55.0;9.5;9.5;-1.0 / -0.5 / -0.5;4.374;4.964;-0.59;1;А;1;/opt/mp-analytics/incoming/gab/Вся расходка Китай РФ Cactus GG PR.xlsx;Лист1!r3659;d0488dd393f71b9cb95cf51390c2aba1ef902bcac7a8eb2f95247679cc1d25fc
4732;54.0;9.0;9.0;55.0;9.5;9.5;-1.0 / -0.5 / -0.5;4.374;4.964;-0.59;1;А;1;/opt/mp-analytics/incoming/gab/Вся расходка Китай РФ Cactus GG PR.xlsx;Лист1!r3658;d0488dd393f71b9cb95cf51390c2aba1ef902bcac7a8eb2f95247679cc1d25fc
4733;54.0;9.0;9.0;55.0;9.5;9.5;-1.0 / -0.5 / -0.5;4.374;4.964;-0.59;1;А;1;/opt/mp-analytics/incoming/gab/Вся расходка Китай РФ Cactus GG PR.xlsx;Лист1!r3657;d0488dd393f71b9cb95cf51390c2aba1ef902bcac7a8eb2f95247679cc1d25fc
4736;16.0;13.0;6.0;27.0;12.0;5.8;-11.0 / 1.0 / 0.2;1.248;1.879;-0.631;1;В;1;/opt/mp-analytics/incoming/gab/Вся расходка Китай РФ Cactus GG PR.xlsx;Лист1!r2823;d0488dd393f71b9cb95cf51390c2aba1ef902bcac7a8eb2f95247679cc1d25fc
4745;10.0;9.0;4.0;8.5;7.5;3.8;1.5 / 1.5 / 0.2;0.36;0.242;0.118;1;А;1;/opt/mp-analytics/incoming/gab/Изи.xlsx;Данные по картриджам!r1490;4064fa397384d687b0349dbae769c7d4a21c54bf65a712f6c31981a966b8f971
4746;10.0;9.0;4.0;8.5;7.5;3.8;1.5 / 1.5 / 0.2;0.36;0.242;0.118;2;А;1;/opt/mp-analytics/incoming/gab/Изи.xlsx;Данные по картриджам!r1489;4064fa397384d687b0349dbae769c7d4a21c54bf65a712f6c31981a966b8f971
4748;55.0;14.0;12.0;50.5;11.5;11.5;4.5 / 2.5 / 0.5;9.24;6.679;2.561;1;Б;4;/opt/mp-analytics/incoming/gab/Вся расходка Китай РФ Cactus GG PR.xlsx;Лист1!r4173;d0488dd393f71b9cb95cf51390c2aba1ef902bcac7a8eb2f95247679cc1d25fc
4750;62.0;9.0;8.0;55.0;9.5;9.5;7.0 / -0.5 / -1.5;4.464;4.964;-0.5;1;В;1;/opt/mp-analytics/incoming/gab/Вся расходка Китай РФ Cactus GG PR.xlsx;Лист1!r3607;d0488dd393f71b9cb95cf51390c2aba1ef902bcac7a8eb2f95247679cc1d25fc
4751;14.0;7.0;7.0;12.5;4.5;4.5;1.5 / 2.5 / 2.5;0.686;0.253;0.433;1;Б;2;/opt/mp-analytics/incoming/gab/Изи.xlsx;Данные по картриджам!r1708;4064fa397384d687b0349dbae769c7d4a21c54bf65a712f6c31981a966b8f971
4753;48.0;20.0;16.0;50.0;24.0;13.5;-2.0 / -4.0 / 2.5;15.36;16.2;-0.84;2;В;3;/opt/mp-analytics/incoming/gab/Вся расходка Китай РФ Cactus GG PR.xlsx;Лист1!r2576;d0488dd393f71b9cb95cf51390c2aba1ef902bcac7a8eb2f95247679cc1d25fc
4754;48.0;20.0;16.0;50.0;24.0;13.5;-2.0 / -4.0 / 2.5;15.36;16.2;-0.84;3;В;1;/opt/mp-analytics/incoming/gab/Вся расходка Китай РФ Cactus GG PR.xlsx;Лист1!r2577;d0488dd393f71b9cb95cf51390c2aba1ef902bcac7a8eb2f95247679cc1d25fc
4755;48.0;20.0;16.0;50.0;24.0;13.5;-2.0 / -4.0 / 2.5;15.36;16.2;-0.84;3;В;1;/opt/mp-analytics/incoming/gab/Вся расходка Китай РФ Cactus GG PR.xlsx;Лист1!r2578;d0488dd393f71b9cb95cf51390c2aba1ef902bcac7a8eb2f95247679cc1d25fc
4756;48.0;20.0;16.0;50.0;24.0;13.5;-2.0 / -4.0 / 2.5;15.36;16.2;-0.84;2;В;1;/opt/mp-analytics/incoming/gab/Вся расходка Китай РФ Cactus GG PR.xlsx;Лист1!r2579;d0488dd393f71b9cb95cf51390c2aba1ef902bcac7a8eb2f95247679cc1d25fc
4763;40.0;16.0;15.0;37.0;17.0;13.0;3.0 / -1.0 / 2.0;9.6;8.177;1.423;3;Б;1;/opt/mp-analytics/incoming/gab/Изи.xlsx;Данные по картриджам!r1536;4064fa397384d687b0349dbae769c7d4a21c54bf65a712f6c31981a966b8f971
4764;40.0;16.0;15.0;37.0;17.0;13.0;3.0 / -1.0 / 2.0;9.6;8.177;1.423;3;Б;1;/opt/mp-analytics/incoming/gab/Изи.xlsx;Данные по картриджам!r1537;4064fa397384d687b0349dbae769c7d4a21c54bf65a712f6c31981a966b8f971
4765;40.0;16.0;15.0;37.0;17.0;13.0;3.0 / -1.0 / 2.0;9.6;8.177;1.423;3;Б;1;/opt/mp-analytics/incoming/gab/Изи.xlsx;Данные по картриджам!r1538;4064fa397384d687b0349dbae769c7d4a21c54bf65a712f6c31981a966b8f971
4766;40.0;16.0;15.0;37.0;17.0;13.0;3.0 / -1.0 / 2.0;9.6;8.177;1.423;3;Б;1;/opt/mp-analytics/incoming/gab/Изи.xlsx;Данные по картриджам!r1535;4064fa397384d687b0349dbae769c7d4a21c54bf65a712f6c31981a966b8f971
4768;13.0;6.0;4.0;10.0;6.0;4.0;3.0 / 0.0 / 0.0;0.312;0.24;0.072;1;Б;1;/opt/mp-analytics/incoming/gab/Вся расходка Китай РФ Cactus GG PR.xlsx;Лист1!r1957;d0488dd393f71b9cb95cf51390c2aba1ef902bcac7a8eb2f95247679cc1d25fc
4769;13.0;6.0;4.0;10.0;6.0;4.0;3.0 / 0.0 / 0.0;0.312;0.24;0.072;1;Б;1;/opt/mp-analytics/incoming/gab/Вся расходка Китай РФ Cactus GG PR.xlsx;Лист1!r1963;d0488dd393f71b9cb95cf51390c2aba1ef902bcac7a8eb2f95247679cc1d25fc
4770;13.0;6.0;4.0;10.0;6.0;4.0;3.0 / 0.0 / 0.0;0.312;0.24;0.072;1;Б;1;/opt/mp-analytics/incoming/gab/Вся расходка Китай РФ Cactus GG PR.xlsx;Лист1!r1964;d0488dd393f71b9cb95cf51390c2aba1ef902bcac7a8eb2f95247679cc1d25fc
4771;13.0;6.0;4.0;10.0;6.0;4.0;3.0 / 0.0 / 0.0;0.312;0.24;0.072;1;Б;1;/opt/mp-analytics/incoming/gab/Вся расходка Китай РФ Cactus GG PR.xlsx;Лист1!r1965;d0488dd393f71b9cb95cf51390c2aba1ef902bcac7a8eb2f95247679cc1d25fc
4772;47.0;18.0;15.0;47.0;18.0;15.0;0.0 / 0.0 / 0.0;12.69;12.69;0.0;1;А;1;/opt/mp-analytics/incoming/gab/Вся расходка Китай РФ Cactus GG PR.xlsx;Лист1!r4343;d0488dd393f71b9cb95cf51390c2aba1ef902bcac7a8eb2f95247679cc1d25fc
4773;36.0;15.0;10.0;47.0;18.0;15.0;-11.0 / -3.0 / -5.0;5.4;12.69;-7.29;1;В;1;/opt/mp-analytics/incoming/gab/Вся расходка Китай РФ Cactus GG PR.xlsx;Лист1!r4344;d0488dd393f71b9cb95cf51390c2aba1ef902bcac7a8eb2f95247679cc1d25fc
4777;31.0;13.0;8.0;42.0;7.5;7.5;-11.0 / 5.5 / 0.5;3.224;2.362;0.862;2;Б;3;/opt/mp-analytics/incoming/gab/Вся расходка Китай РФ Cactus GG PR.xlsx;Лист1!r2304;d0488dd393f71b9cb95cf51390c2aba1ef902bcac7a8eb2f95247679cc1d25fc
4778;31.0;13.0;8.0;42.0;7.5;7.5;-11.0 / 5.5 / 0.5;3.224;2.362;0.862;2;Б;1;/opt/mp-analytics/incoming/gab/Вся расходка Китай РФ Cactus GG PR.xlsx;Лист1!r2305;d0488dd393f71b9cb95cf51390c2aba1ef902bcac7a8eb2f95247679cc1d25fc
4779;31.0;13.0;8.0;42.0;7.5;7.5;-11.0 / 5.5 / 0.5;3.224;2.362;0.862;2;Б;1;/opt/mp-analytics/incoming/gab/Вся расходка Китай РФ Cactus GG PR.xlsx;Лист1!r2306;d0488dd393f71b9cb95cf51390c2aba1ef902bcac7a8eb2f95247679cc1d25fc
4780;31.0;13.0;8.0;42.0;7.5;7.5;-11.0 / 5.5 / 0.5;3.224;2.362;0.862;1;Б;1;/opt/mp-analytics/incoming/gab/Вся расходка Китай РФ Cactus GG PR.xlsx;Лист1!r2307;d0488dd393f71b9cb95cf51390c2aba1ef902bcac7a8eb2f95247679cc1d25fc
4784;22.0;5.0;5.0;22.5;6.0;5.0;-0.5 / -1.0 / 0.0;0.55;0.675;-0.125;1;А;1;/opt/mp-analytics/incoming/gab/Вся расходка Китай РФ Cactus GG PR.xlsx;Лист1!r1585;d0488dd393f71b9cb95cf51390c2aba1ef902bcac7a8eb2f95247679cc1d25fc
4785;22.0;5.0;5.0;22.5;6.0;5.0;-0.5 / -1.0 / 0.0;0.55;0.675;-0.125;1;А;1;/opt/mp-analytics/incoming/gab/Вся расходка Китай РФ Cactus GG PR.xlsx;Лист1!r1584;d0488dd393f71b9cb95cf51390c2aba1ef902bcac7a8eb2f95247679cc1d25fc
4786;22.0;5.0;5.0;22.5;6.0;5.0;-0.5 / -1.0 / 0.0;0.55;0.675;-0.125;1;А;1;/opt/mp-analytics/incoming/gab/Вся расходка Китай РФ Cactus GG PR.xlsx;Лист1!r1583;d0488dd393f71b9cb95cf51390c2aba1ef902bcac7a8eb2f95247679cc1d25fc
4787;22.0;10.0;5.0;24.0;14.0;8.0;-2.0 / -4.0 / -3.0;1.1;2.688;-1.588;1;В;1;/opt/mp-analytics/incoming/gab/Вся расходка Китай РФ Cactus GG PR.xlsx;Лист1!r1582;d0488dd393f71b9cb95cf51390c2aba1ef902bcac7a8eb2f95247679cc1d25fc
4789;38.0;27.0;18.0;38.0;26.0;18.0;0.0 / 1.0 / 0.0;18.468;17.784;0.684;3;А;1;/opt/mp-analytics/incoming/gab/САКУРА АБДУЛ 05.06.xlsx;Лазерная Sakura!r94;ddbb1c580ba3ed878627b3d8dbea6c97710c4682804b2638b792149bf490915a
4790;40.0;16.0;15.0;35.2;16.5;12.2;4.8 / -0.5 / 2.8;9.6;7.086;2.514;2;Б;1;/opt/mp-analytics/incoming/gab/Вся расходка Китай РФ Cactus GG PR.xlsx;Лист1!r966;d0488dd393f71b9cb95cf51390c2aba1ef902bcac7a8eb2f95247679cc1d25fc
4791;40.0;16.0;15.0;35.2;16.5;12.2;4.8 / -0.5 / 2.8;9.6;7.086;2.514;2;Б;1;/opt/mp-analytics/incoming/gab/Вся расходка Китай РФ Cactus GG PR.xlsx;Лист1!r965;d0488dd393f71b9cb95cf51390c2aba1ef902bcac7a8eb2f95247679cc1d25fc
4792;40.0;16.0;15.0;35.2;16.5;12.2;4.8 / -0.5 / 2.8;9.6;7.086;2.514;2;Б;1;/opt/mp-analytics/incoming/gab/Вся расходка Китай РФ Cactus GG PR.xlsx;Лист1!r964;d0488dd393f71b9cb95cf51390c2aba1ef902bcac7a8eb2f95247679cc1d25fc
4793;40.0;16.0;15.0;35.2;16.5;12.2;4.8 / -0.5 / 2.8;9.6;7.086;2.514;2;Б;1;/opt/mp-analytics/incoming/gab/Вся расходка Китай РФ Cactus GG PR.xlsx;Лист1!r963;d0488dd393f71b9cb95cf51390c2aba1ef902bcac7a8eb2f95247679cc1d25fc
4795;37.0;28.0;12.0;37.0;25.5;11.5;0.0 / 2.5 / 0.5;12.432;10.85;1.582;2;Б;1;/opt/mp-analytics/incoming/gab/САКУРА АБДУЛ 05.06.xlsx;Лазерная Sakura!r391;ddbb1c580ba3ed878627b3d8dbea6c97710c4682804b2638b792149bf490915a
4796;52.0;33.0;16.0;35.0;33.0;15.0;17.0 / 0.0 / 1.0;27.456;17.325;10.131;2;Б;1;/opt/mp-analytics/incoming/gab/Вся расходка Китай РФ Cactus GG PR.xlsx;Лист1!r967;d0488dd393f71b9cb95cf51390c2aba1ef902bcac7a8eb2f95247679cc1d25fc
4797;36.0;15.0;10.0;55.0;9.3;9.3;-19.0 / 5.7 / 0.7;5.4;4.757;0.643;2;Б;1;/opt/mp-analytics/incoming/gab/Вся расходка Китай РФ Cactus GG PR.xlsx;Лист1!r2476;d0488dd393f71b9cb95cf51390c2aba1ef902bcac7a8eb2f95247679cc1d25fc
4798;36.0;15.0;10.0;55.0;9.3;9.3;-19.0 / 5.7 / 0.7;5.4;4.757;0.643;2;Б;2;/opt/mp-analytics/incoming/gab/Вся расходка Китай РФ Cactus GG PR.xlsx;Лист1!r2477;d0488dd393f71b9cb95cf51390c2aba1ef902bcac7a8eb2f95247679cc1d25fc
4799;36.0;15.0;10.0;55.0;9.3;9.3;-19.0 / 5.7 / 0.7;5.4;4.757;0.643;2;Б;1;/opt/mp-analytics/incoming/gab/Вся расходка Китай РФ Cactus GG PR.xlsx;Лист1!r2478;d0488dd393f71b9cb95cf51390c2aba1ef902bcac7a8eb2f95247679cc1d25fc
4800;36.0;15.0;10.0;55.0;9.3;9.3;-19.0 / 5.7 / 0.7;5.4;4.757;0.643;2;Б;1;/opt/mp-analytics/incoming/gab/Вся расходка Китай РФ Cactus GG PR.xlsx;Лист1!r2479;d0488dd393f71b9cb95cf51390c2aba1ef902bcac7a8eb2f95247679cc1d25fc
4802;36.0;15.0;10.0;33.0;15.0;11.0;3.0 / 0.0 / -1.0;5.4;5.445;-0.045;3;В;6;/opt/mp-analytics/incoming/gab/Изи.xlsx;Данные по картриджам!r1939;4064fa397384d687b0349dbae769c7d4a21c54bf65a712f6c31981a966b8f971
4804;57.0;9.0;9.0;55.0;9.3;9.3;2.0 / -0.3 / -0.3;4.617;4.757;-0.14;3;А;4;/opt/mp-analytics/incoming/gab/Вся расходка Китай РФ Cactus GG PR.xlsx;Лист1!r2333;d0488dd393f71b9cb95cf51390c2aba1ef902bcac7a8eb2f95247679cc1d25fc
4805;56.0;9.0;9.0;55.0;9.0;8.0;1.0 / 0.0 / 1.0;4.536;3.96;0.576;2;А;1;/opt/mp-analytics/incoming/gab/Вся расходка Китай РФ Cactus GG PR.xlsx;Лист1!r871;d0488dd393f71b9cb95cf51390c2aba1ef902bcac7a8eb2f95247679cc1d25fc
4806;56.0;9.0;9.0;55.0;9.3;9.3;1.0 / -0.3 / -0.3;4.536;4.757;-0.221;2;А;1;/opt/mp-analytics/incoming/gab/Вся расходка Китай РФ Cactus GG PR.xlsx;Лист1!r2334;d0488dd393f71b9cb95cf51390c2aba1ef902bcac7a8eb2f95247679cc1d25fc
4807;56.0;9.0;9.0;55.0;9.3;9.3;1.0 / -0.3 / -0.3;4.536;4.757;-0.221;2;А;1;/opt/mp-analytics/incoming/gab/Вся расходка Китай РФ Cactus GG PR.xlsx;Лист1!r2335;d0488dd393f71b9cb95cf51390c2aba1ef902bcac7a8eb2f95247679cc1d25fc
4809;56.0;9.0;8.0;55.0;9.3;9.3;1.0 / -0.3 / -1.3;4.032;4.757;-0.725;1;А;3;/opt/mp-analytics/incoming/gab/Вся расходка Китай РФ Cactus GG PR.xlsx;Лист1!r2381;d0488dd393f71b9cb95cf51390c2aba1ef902bcac7a8eb2f95247679cc1d25fc
4810;56.0;9.0;8.0;55.0;9.3;9.3;1.0 / -0.3 / -1.3;4.032;4.757;-0.725;1;А;1;/opt/mp-analytics/incoming/gab/Вся расходка Китай РФ Cactus GG PR.xlsx;Лист1!r2382;d0488dd393f71b9cb95cf51390c2aba1ef902bcac7a8eb2f95247679cc1d25fc
4811;56.0;9.0;8.0;55.0;9.3;9.3;1.0 / -0.3 / -1.3;4.032;4.757;-0.725;1;А;1;/opt/mp-analytics/incoming/gab/Вся расходка Китай РФ Cactus GG PR.xlsx;Лист1!r2383;d0488dd393f71b9cb95cf51390c2aba1ef902bcac7a8eb2f95247679cc1d25fc
4812;56.0;9.0;8.0;55.0;9.3;9.3;1.0 / -0.3 / -1.3;4.032;4.757;-0.725;1;А;1;/opt/mp-analytics/incoming/gab/Вся расходка Китай РФ Cactus GG PR.xlsx;Лист1!r2384;d0488dd393f71b9cb95cf51390c2aba1ef902bcac7a8eb2f95247679cc1d25fc
4820;26.0;11.0;7.0;47.0;8.5;8.5;-21.0 / 2.5 / -1.5;2.002;3.396;-1.394;1;В;1;/opt/mp-analytics/incoming/gab/Вся расходка Китай РФ Cactus GG PR.xlsx;Лист1!r625;d0488dd393f71b9cb95cf51390c2aba1ef902bcac7a8eb2f95247679cc1d25fc
4828;23.0;23.0;7.0;12.5;4.5;4.5;10.5 / 18.5 / 2.5;3.703;0.253;3.45;1;Б;1;/opt/mp-analytics/incoming/gab/Изи.xlsx;Данные по картриджам!r1695;4064fa397384d687b0349dbae769c7d4a21c54bf65a712f6c31981a966b8f971
4829;29.0;21.0;18.0;30.5;17.0;8.5;-1.5 / 4.0 / 9.5;10.962;4.407;6.555;1;Б;1;/opt/mp-analytics/incoming/gab/Изи.xlsx;Данные по картриджам!r1487;4064fa397384d687b0349dbae769c7d4a21c54bf65a712f6c31981a966b8f971
4830;39.0;29.0;19.0;38.5;29.0;19.0;0.5 / 0.0 / 0.0;21.489;21.213;0.276;3;А;1;/opt/mp-analytics/incoming/gab/Вся расходка Китай РФ Cactus GG PR.xlsx;Лист1!r4352;d0488dd393f71b9cb95cf51390c2aba1ef902bcac7a8eb2f95247679cc1d25fc
4831;36.0;20.0;10.0;32.0;16.5;10.0;4.0 / 3.5 / 0.0;7.2;5.28;1.92;2;Б;1;/opt/mp-analytics/incoming/gab/Вся расходка Китай РФ Cactus GG PR.xlsx;Лист1!r846;d0488dd393f71b9cb95cf51390c2aba1ef902bcac7a8eb2f95247679cc1d25fc
4832;36.0;23.0;10.0;34.0;22.0;11.5;2.0 / 1.0 / -1.5;8.28;8.602;-0.322;3;А;1;/opt/mp-analytics/incoming/gab/Изи.xlsx;Данные по картриджам!r1539;4064fa397384d687b0349dbae769c7d4a21c54bf65a712f6c31981a966b8f971
4834;13.0;11.0;3.0;12.5;11.5;2.4;0.5 / -0.5 / 0.6;0.429;0.345;0.084;2;А;1;/opt/mp-analytics/incoming/gab/САКУРА АБДУЛ 05.06.xlsx;Струйная Sakura!r306;ddbb1c580ba3ed878627b3d8dbea6c97710c4682804b2638b792149bf490915a
4835;13.0;11.0;3.0;12.5;11.5;2.4;0.5 / -0.5 / 0.6;0.429;0.345;0.084;3;А;1;/opt/mp-analytics/incoming/gab/САКУРА АБДУЛ 05.06.xlsx;Струйная Sakura!r305;ddbb1c580ba3ed878627b3d8dbea6c97710c4682804b2638b792149bf490915a
4836;13.0;11.0;3.0;12.5;11.5;2.4;0.5 / -0.5 / 0.6;0.429;0.345;0.084;3;А;1;/opt/mp-analytics/incoming/gab/САКУРА АБДУЛ 05.06.xlsx;Струйная Sakura!r307;ddbb1c580ba3ed878627b3d8dbea6c97710c4682804b2638b792149bf490915a
4837;13.0;12.0;4.0;12.5;11.8;3.8;0.5 / 0.2 / 0.2;0.624;0.56;0.064;2;А;9;/opt/mp-analytics/incoming/gab/САКУРА АБДУЛ 05.06.xlsx;Струйная Sakura!r308;ddbb1c580ba3ed878627b3d8dbea6c97710c4682804b2638b792149bf490915a
4849;39.0;16.0;11.0;42.0;7.5;7.5;-3.0 / 8.5 / 3.5;6.864;2.362;4.502;1;Б;2;/opt/mp-analytics/incoming/gab/Вся расходка Китай РФ Cactus GG PR.xlsx;Лист1!r2376;d0488dd393f71b9cb95cf51390c2aba1ef902bcac7a8eb2f95247679cc1d25fc
4850;39.0;16.0;11.0;42.0;7.5;7.5;-3.0 / 8.5 / 3.5;6.864;2.362;4.502;1;Б;1;/opt/mp-analytics/incoming/gab/Вся расходка Китай РФ Cactus GG PR.xlsx;Лист1!r2377;d0488dd393f71b9cb95cf51390c2aba1ef902bcac7a8eb2f95247679cc1d25fc
4851;39.0;16.0;11.0;42.0;7.5;7.5;-3.0 / 8.5 / 3.5;6.864;2.362;4.502;1;Б;1;/opt/mp-analytics/incoming/gab/Вся расходка Китай РФ Cactus GG PR.xlsx;Лист1!r2378;d0488dd393f71b9cb95cf51390c2aba1ef902bcac7a8eb2f95247679cc1d25fc
4852;39.0;16.0;11.0;42.0;7.5;7.5;-3.0 / 8.5 / 3.5;6.864;2.362;4.502;1;Б;1;/opt/mp-analytics/incoming/gab/Вся расходка Китай РФ Cactus GG PR.xlsx;Лист1!r2379;d0488dd393f71b9cb95cf51390c2aba1ef902bcac7a8eb2f95247679cc1d25fc
4860;35.0;15.0;9.0;60.0;18.5;13.5;-25.0 / -3.5 / -4.5;4.725;14.985;-10.26;1;В;1;/opt/mp-analytics/incoming/gab/САКУРА АБДУЛ 05.06.xlsx;Лазерная Sakura!r944;ddbb1c580ba3ed878627b3d8dbea6c97710c4682804b2638b792149bf490915a
4863;55.0;13.0;13.0;54.7;13.7;9.3;0.3 / -0.7 / 3.7;9.295;6.969;2.326;1;Б;1;/opt/mp-analytics/incoming/gab/Вся расходка Китай РФ Cactus GG PR.xlsx;Лист1!r3336;d0488dd393f71b9cb95cf51390c2aba1ef902bcac7a8eb2f95247679cc1d25fc
4865;;;;8.0;8.0;4.6;нет карточек wb_acc1;;;;1;Г;0;/opt/mp-analytics/incoming/gab/Вся расходка Китай РФ Cactus GG PR.xlsx;Лист1!r1979;d0488dd393f71b9cb95cf51390c2aba1ef902bcac7a8eb2f95247679cc1d25fc
4867;;;;8.8;8.8;5.3;нет карточек wb_acc1;;;;1;Г;0;/opt/mp-analytics/incoming/gab/Вся расходка Китай РФ Cactus GG PR.xlsx;Лист1!r1977;d0488dd393f71b9cb95cf51390c2aba1ef902bcac7a8eb2f95247679cc1d25fc
4868;;;;8.1;8.1;6.1;нет карточек wb_acc1;;;;1;Г;0;/opt/mp-analytics/incoming/gab/Вся расходка Китай РФ Cactus GG PR.xlsx;Лист1!r1981;d0488dd393f71b9cb95cf51390c2aba1ef902bcac7a8eb2f95247679cc1d25fc
4869;;;;8.8;8.8;5.3;нет карточек wb_acc1;;;;1;Г;0;/opt/mp-analytics/incoming/gab/Вся расходка Китай РФ Cactus GG PR.xlsx;Лист1!r1976;d0488dd393f71b9cb95cf51390c2aba1ef902bcac7a8eb2f95247679cc1d25fc
4870;;;;8.3;8.3;6.1;нет карточек wb_acc1;;;;1;Г;0;/opt/mp-analytics/incoming/gab/Вся расходка Китай РФ Cactus GG PR.xlsx;Лист1!r1978;d0488dd393f71b9cb95cf51390c2aba1ef902bcac7a8eb2f95247679cc1d25fc
4871;;;;8.8;8.8;7.8;нет карточек wb_acc1;;;;1;Г;0;/opt/mp-analytics/incoming/gab/Вся расходка Китай РФ Cactus GG PR.xlsx;Лист1!r1975;d0488dd393f71b9cb95cf51390c2aba1ef902bcac7a8eb2f95247679cc1d25fc
4886;12.0;11.0;4.0;8.5;7.5;3.8;3.5 / 3.5 / 0.2;0.528;0.242;0.286;3;Б;1;/opt/mp-analytics/incoming/gab/Изи.xlsx;Данные по картриджам!r1367;4064fa397384d687b0349dbae769c7d4a21c54bf65a712f6c31981a966b8f971
4887;30.0;10.0;10.0;30.5;11.0;10.0;-0.5 / -1.0 / 0.0;3.0;3.355;-0.355;3;А;2;/opt/mp-analytics/incoming/gab/Изи.xlsx;Данные по картриджам!r1941;4064fa397384d687b0349dbae769c7d4a21c54bf65a712f6c31981a966b8f971
4888;24.0;10.0;10.0;55.0;9.5;9.5;-31.0 / 0.5 / 0.5;2.4;4.964;-2.564;1;В;5;/opt/mp-analytics/incoming/gab/Вся расходка Китай РФ Cactus GG PR.xlsx;Лист1!r3924;d0488dd393f71b9cb95cf51390c2aba1ef902bcac7a8eb2f95247679cc1d25fc
4889;24.0;10.0;10.0;55.0;9.5;9.5;-31.0 / 0.5 / 0.5;2.4;4.964;-2.564;1;В;1;/opt/mp-analytics/incoming/gab/Вся расходка Китай РФ Cactus GG PR.xlsx;Лист1!r3925;d0488dd393f71b9cb95cf51390c2aba1ef902bcac7a8eb2f95247679cc1d25fc
4890;24.0;10.0;10.0;55.0;9.5;9.5;-31.0 / 0.5 / 0.5;2.4;4.964;-2.564;1;В;1;/opt/mp-analytics/incoming/gab/Вся расходка Китай РФ Cactus GG PR.xlsx;Лист1!r3926;d0488dd393f71b9cb95cf51390c2aba1ef902bcac7a8eb2f95247679cc1d25fc
4891;24.0;10.0;10.0;55.0;9.5;9.5;-31.0 / 0.5 / 0.5;2.4;4.964;-2.564;1;В;1;/opt/mp-analytics/incoming/gab/Вся расходка Китай РФ Cactus GG PR.xlsx;Лист1!r3927;d0488dd393f71b9cb95cf51390c2aba1ef902bcac7a8eb2f95247679cc1d25fc
4893;38.0;16.0;15.0;36.0;12.0;10.0;2.0 / 4.0 / 5.0;9.12;4.32;4.8;3;Б;1;/opt/mp-analytics/incoming/gab/САКУРА АБДУЛ 05.06.xlsx;Лазерная Sakura!r966;ddbb1c580ba3ed878627b3d8dbea6c97710c4682804b2638b792149bf490915a
4895;31.0;13.0;12.0;33.0;17.0;12.0;-2.0 / -4.0 / 0.0;4.836;6.732;-1.896;1;В;1;/opt/mp-analytics/incoming/gab/САКУРА АБДУЛ 05.06.xlsx;Лазерная Sakura!r1418;ddbb1c580ba3ed878627b3d8dbea6c97710c4682804b2638b792149bf490915a
4896;31.0;13.0;12.0;36.0;18.0;14.0;-5.0 / -5.0 / -2.0;4.836;9.072;-4.236;2;В;1;/opt/mp-analytics/incoming/gab/Вся расходка Китай РФ Cactus GG PR.xlsx;Лист1!r3856;d0488dd393f71b9cb95cf51390c2aba1ef902bcac7a8eb2f95247679cc1d25fc
4898;14.0;10.0;7.0;13.6;9.8;9.2;0.4 / 0.2 / -2.2;0.98;1.226;-0.246;1;В;1;/opt/mp-analytics/incoming/gab/САКУРА АБДУЛ 05.06.xlsx;Лазерная Sakura!r1307;ddbb1c580ba3ed878627b3d8dbea6c97710c4682804b2638b792149bf490915a
4899;14.0;10.0;7.0;13.5;10.0;9.3;0.5 / 0.0 / -2.3;0.98;1.256;-0.276;1;В;4;/opt/mp-analytics/incoming/gab/САКУРА АБДУЛ 05.06.xlsx;Лазерная Sakura!r1304;ddbb1c580ba3ed878627b3d8dbea6c97710c4682804b2638b792149bf490915a
4900;14.0;10.0;7.0;14.7;9.6;9.2;-0.7 / 0.4 / -2.2;0.98;1.298;-0.318;1;В;1;/opt/mp-analytics/incoming/gab/САКУРА АБДУЛ 05.06.xlsx;Лазерная Sakura!r1306;ddbb1c580ba3ed878627b3d8dbea6c97710c4682804b2638b792149bf490915a
4901;72.0;14.0;10.0;14.9;9.5;9.4;57.1 / 4.5 / 0.6;10.08;1.331;8.749;1;Б;1;/opt/mp-analytics/incoming/gab/САКУРА АБДУЛ 05.06.xlsx;Лазерная Sakura!r1305;ddbb1c580ba3ed878627b3d8dbea6c97710c4682804b2638b792149bf490915a
4903;50.0;22.0;20.0;21.0;12.0;9.5;29.0 / 10.0 / 10.5;22.0;2.394;19.606;1;Б;1;/opt/mp-analytics/incoming/gab/Вся расходка Китай РФ Cactus GG PR.xlsx;Лист1!r4363;d0488dd393f71b9cb95cf51390c2aba1ef902bcac7a8eb2f95247679cc1d25fc
4904;50.0;22.0;20.0;21.0;12.0;9.5;29.0 / 10.0 / 10.5;22.0;2.394;19.606;1;Б;5;/opt/mp-analytics/incoming/gab/Вся расходка Китай РФ Cactus GG PR.xlsx;Лист1!r4365;d0488dd393f71b9cb95cf51390c2aba1ef902bcac7a8eb2f95247679cc1d25fc
4905;50.0;22.0;20.0;21.0;12.0;9.5;29.0 / 10.0 / 10.5;22.0;2.394;19.606;1;Б;1;/opt/mp-analytics/incoming/gab/Вся расходка Китай РФ Cactus GG PR.xlsx;Лист1!r4366;d0488dd393f71b9cb95cf51390c2aba1ef902bcac7a8eb2f95247679cc1d25fc
4906;50.0;22.0;20.0;21.0;12.0;9.5;29.0 / 10.0 / 10.5;22.0;2.394;19.606;1;Б;1;/opt/mp-analytics/incoming/gab/Вся расходка Китай РФ Cactus GG PR.xlsx;Лист1!r4364;d0488dd393f71b9cb95cf51390c2aba1ef902bcac7a8eb2f95247679cc1d25fc
4942;37.0;20.0;6.0;38.0;22.5;18.5;-1.0 / -2.5 / -12.5;4.44;15.818;-11.378;1;В;5;/opt/mp-analytics/incoming/gab/Вся расходка Китай РФ Cactus GG PR.xlsx;Лист1!r4360;d0488dd393f71b9cb95cf51390c2aba1ef902bcac7a8eb2f95247679cc1d25fc
4950;37.0;9.0;8.0;45.0;9.0;9.0;-8.0 / 0.0 / -1.0;2.664;3.645;-0.981;1;В;3;/opt/mp-analytics/incoming/gab/САКУРА АБДУЛ 05.06.xlsx;Лазерная Sakura!r1152;ddbb1c580ba3ed878627b3d8dbea6c97710c4682804b2638b792149bf490915a
4951;42.0;7.0;7.0;42.0;7.0;7.0;0.0 / 0.0 / 0.0;2.058;2.058;0.0;1;А;4;/opt/mp-analytics/incoming/gab/Изи.xlsx;Данные по картриджам!r1309;4064fa397384d687b0349dbae769c7d4a21c54bf65a712f6c31981a966b8f971
4952;42.0;7.0;7.0;42.0;7.5;7.5;0.0 / -0.5 / -0.5;2.058;2.362;-0.304;1;А;1;/opt/mp-analytics/incoming/gab/Вся расходка Китай РФ Cactus GG PR.xlsx;Лист1!r4103;d0488dd393f71b9cb95cf51390c2aba1ef902bcac7a8eb2f95247679cc1d25fc
4953;42.0;7.0;7.0;42.0;7.0;7.0;0.0 / 0.0 / 0.0;2.058;2.058;0.0;1;А;1;/opt/mp-analytics/incoming/gab/Изи.xlsx;Данные по картриджам!r1311;4064fa397384d687b0349dbae769c7d4a21c54bf65a712f6c31981a966b8f971
4954;42.0;7.0;7.0;42.0;7.5;7.5;0.0 / -0.5 / -0.5;2.058;2.362;-0.304;1;А;1;/opt/mp-analytics/incoming/gab/Вся расходка Китай РФ Cactus GG PR.xlsx;Лист1!r4101;d0488dd393f71b9cb95cf51390c2aba1ef902bcac7a8eb2f95247679cc1d25fc
4963;10.0;8.0;5.0;11.0;10.0;3.0;-1.0 / -2.0 / 2.0;0.4;0.33;0.07;1;А;2;/opt/mp-analytics/incoming/gab/Изи.xlsx;Данные по картриджам!r1604;4064fa397384d687b0349dbae769c7d4a21c54bf65a712f6c31981a966b8f971
4964;10.0;8.0;5.0;11.0;10.0;3.0;-1.0 / -2.0 / 2.0;0.4;0.33;0.07;1;А;1;/opt/mp-analytics/incoming/gab/Изи.xlsx;Данные по картриджам!r1605;4064fa397384d687b0349dbae769c7d4a21c54bf65a712f6c31981a966b8f971
4965;10.0;8.0;5.0;11.0;10.0;3.0;-1.0 / -2.0 / 2.0;0.4;0.33;0.07;1;А;1;/opt/mp-analytics/incoming/gab/Изи.xlsx;Данные по картриджам!r1606;4064fa397384d687b0349dbae769c7d4a21c54bf65a712f6c31981a966b8f971
4966;10.0;8.0;5.0;11.0;10.0;3.0;-1.0 / -2.0 / 2.0;0.4;0.33;0.07;1;А;1;/opt/mp-analytics/incoming/gab/Изи.xlsx;Данные по картриджам!r1607;4064fa397384d687b0349dbae769c7d4a21c54bf65a712f6c31981a966b8f971
4967;10.0;8.0;5.0;11.0;10.0;3.0;-1.0 / -2.0 / 2.0;0.4;0.33;0.07;1;А;1;/opt/mp-analytics/incoming/gab/Изи.xlsx;Данные по картриджам!r1608;4064fa397384d687b0349dbae769c7d4a21c54bf65a712f6c31981a966b8f971
4968;10.0;8.0;5.0;11.0;10.0;3.0;-1.0 / -2.0 / 2.0;0.4;0.33;0.07;1;А;1;/opt/mp-analytics/incoming/gab/Изи.xlsx;Данные по картриджам!r1609;4064fa397384d687b0349dbae769c7d4a21c54bf65a712f6c31981a966b8f971
4969;10.0;8.0;5.0;11.0;10.0;3.0;-1.0 / -2.0 / 2.0;0.4;0.33;0.07;1;А;1;/opt/mp-analytics/incoming/gab/Изи.xlsx;Данные по картриджам!r1610;4064fa397384d687b0349dbae769c7d4a21c54bf65a712f6c31981a966b8f971
4970;10.0;8.0;5.0;11.0;10.0;3.0;-1.0 / -2.0 / 2.0;0.4;0.33;0.07;1;А;1;/opt/mp-analytics/incoming/gab/Изи.xlsx;Данные по картриджам!r1611;4064fa397384d687b0349dbae769c7d4a21c54bf65a712f6c31981a966b8f971
4997;14.0;8.0;3.0;14.5;9.0;3.0;-0.5 / -1.0 / 0.0;0.336;0.392;-0.056;1;А;1;/opt/mp-analytics/incoming/gab/Изи.xlsx;Данные по картриджам!r1651;4064fa397384d687b0349dbae769c7d4a21c54bf65a712f6c31981a966b8f971
4998;14.0;8.0;3.0;14.5;9.0;3.0;-0.5 / -1.0 / 0.0;0.336;0.392;-0.056;1;А;1;/opt/mp-analytics/incoming/gab/Изи.xlsx;Данные по картриджам!r1652;4064fa397384d687b0349dbae769c7d4a21c54bf65a712f6c31981a966b8f971
4999;14.0;8.0;3.0;14.5;9.0;3.0;-0.5 / -1.0 / 0.0;0.336;0.392;-0.056;1;А;1;/opt/mp-analytics/incoming/gab/Изи.xlsx;Данные по картриджам!r1653;4064fa397384d687b0349dbae769c7d4a21c54bf65a712f6c31981a966b8f971
5000;14.0;8.0;3.0;14.5;9.0;3.0;-0.5 / -1.0 / 0.0;0.336;0.392;-0.056;1;А;1;/opt/mp-analytics/incoming/gab/Изи.xlsx;Данные по картриджам!r1654;4064fa397384d687b0349dbae769c7d4a21c54bf65a712f6c31981a966b8f971
5007;36.0;26.0;9.0;29.5;22.0;10.0;6.5 / 4.0 / -1.0;8.424;6.49;1.934;1;Б;2;/opt/mp-analytics/incoming/gab/Изи.xlsx;Данные по картриджам!r1681;4064fa397384d687b0349dbae769c7d4a21c54bf65a712f6c31981a966b8f971
5008;37.0;16.0;9.0;34.0;15.0;4.5;3.0 / 1.0 / 4.5;5.328;2.295;3.033;1;Б;1;/opt/mp-analytics/incoming/gab/Изи.xlsx;Данные по картриджам!r1682;4064fa397384d687b0349dbae769c7d4a21c54bf65a712f6c31981a966b8f971
5009;34.0;14.0;5.0;34.0;15.0;4.5;0.0 / -1.0 / 0.5;2.38;2.295;0.085;1;А;1;/opt/mp-analytics/incoming/gab/Изи.xlsx;Данные по картриджам!r1683;4064fa397384d687b0349dbae769c7d4a21c54bf65a712f6c31981a966b8f971
5010;37.0;16.0;9.0;34.0;15.0;4.5;3.0 / 1.0 / 4.5;5.328;2.295;3.033;1;Б;1;/opt/mp-analytics/incoming/gab/Изи.xlsx;Данные по картриджам!r1684;4064fa397384d687b0349dbae769c7d4a21c54bf65a712f6c31981a966b8f971
5030;32.0;15.0;9.0;31.5;13.4;9.1;0.5 / 1.6 / -0.1;4.32;3.841;0.479;1;А;1;/opt/mp-analytics/incoming/gab/САКУРА АБДУЛ 05.06.xlsx;Лазерная Sakura!r1109;ddbb1c580ba3ed878627b3d8dbea6c97710c4682804b2638b792149bf490915a
5041;15.0;13.0;3.0;16.5;9.5;7.5;-1.5 / 3.5 / -4.5;0.585;1.176;-0.591;2;В;1;/opt/mp-analytics/incoming/gab/САКУРА АБДУЛ 05.06.xlsx;Струйная Sakura!r362;ddbb1c580ba3ed878627b3d8dbea6c97710c4682804b2638b792149bf490915a
5043;15.0;13.0;3.0;16.5;9.5;7.5;-1.5 / 3.5 / -4.5;0.585;1.176;-0.591;2;В;1;/opt/mp-analytics/incoming/gab/САКУРА АБДУЛ 05.06.xlsx;Струйная Sakura!r361;ddbb1c580ba3ed878627b3d8dbea6c97710c4682804b2638b792149bf490915a
5089;57.0;14.0;11.0;54.0;12.0;10.0;3.0 / 2.0 / 1.0;8.778;6.48;2.298;1;Б;1;/opt/mp-analytics/incoming/gab/Вся расходка Китай РФ Cactus GG PR.xlsx;Лист1!r4339;d0488dd393f71b9cb95cf51390c2aba1ef902bcac7a8eb2f95247679cc1d25fc
5100;41.0;35.0;20.0;33.2;19.5;8.7;7.8 / 15.5 / 11.3;28.7;5.632;23.068;2;Б;1;/opt/mp-analytics/incoming/gab/САКУРА АБДУЛ 05.06.xlsx;Лазерная Sakura!r541;ddbb1c580ba3ed878627b3d8dbea6c97710c4682804b2638b792149bf490915a
5152;32.0;14.0;11.0;32.0;15.0;13.0;0.0 / -1.0 / -2.0;4.928;6.24;-1.312;2;А;5;/opt/mp-analytics/incoming/gab/САКУРА АБДУЛ 05.06.xlsx;Лазерная Sakura!r1356;ddbb1c580ba3ed878627b3d8dbea6c97710c4682804b2638b792149bf490915a
5153;32.0;14.0;11.0;32.0;15.0;13.0;0.0 / -1.0 / -2.0;4.928;6.24;-1.312;2;А;1;/opt/mp-analytics/incoming/gab/САКУРА АБДУЛ 05.06.xlsx;Лазерная Sakura!r1357;ddbb1c580ba3ed878627b3d8dbea6c97710c4682804b2638b792149bf490915a
5154;36.0;22.0;11.0;46.0;24.7;12.0;-10.0 / -2.7 / -1.0;8.712;13.634;-4.922;1;В;1;/opt/mp-analytics/incoming/gab/САКУРА АБДУЛ 05.06.xlsx;Лазерная Sakura!r1355;ddbb1c580ba3ed878627b3d8dbea6c97710c4682804b2638b792149bf490915a
5216;27.0;15.0;4.0;36.5;9.2;3.5;-9.5 / 5.8 / 0.5;1.62;1.175;0.445;1;Б;3;/opt/mp-analytics/incoming/gab/Вся расходка Китай РФ Cactus GG PR.xlsx;Лист1!r3338;d0488dd393f71b9cb95cf51390c2aba1ef902bcac7a8eb2f95247679cc1d25fc
5220;36.0;25.0;12.0;37.0;26.0;11.5;-1.0 / -1.0 / 0.5;10.8;11.063;-0.263;2;А;7;/opt/mp-analytics/incoming/gab/САКУРА АБДУЛ 05.06.xlsx;Лазерная Sakura!r358;ddbb1c580ba3ed878627b3d8dbea6c97710c4682804b2638b792149bf490915a
5221;32.0;18.0;14.0;30.0;13.5;10.0;2.0 / 4.5 / 4.0;8.064;4.05;4.014;2;Б;1;/opt/mp-analytics/incoming/gab/Изи.xlsx;Данные по картриджам!r1596;4064fa397384d687b0349dbae769c7d4a21c54bf65a712f6c31981a966b8f971
5222;35.0;20.0;17.0;32.0;14.5;10.0;3.0 / 5.5 / 7.0;11.9;4.64;7.26;1;Б;1;/opt/mp-analytics/incoming/gab/Изи.xlsx;Данные по картриджам!r1597;4064fa397384d687b0349dbae769c7d4a21c54bf65a712f6c31981a966b8f971
5224;37.0;15.0;12.0;36.0;25.0;14.5;1.0 / -10.0 / -2.5;6.66;13.05;-6.39;1;В;1;/opt/mp-analytics/incoming/gab/Изи.xlsx;Данные по картриджам!r1527;4064fa397384d687b0349dbae769c7d4a21c54bf65a712f6c31981a966b8f971
5226;13.0;6.0;6.0;17.8;5.8;5.8;-4.8 / 0.2 / 0.2;0.468;0.599;-0.131;3;В;2;/opt/mp-analytics/incoming/gab/САКУРА АБДУЛ 05.06.xlsx;Струйная Sakura!r311;ddbb1c580ba3ed878627b3d8dbea6c97710c4682804b2638b792149bf490915a
5227;13.0;6.0;6.0;17.8;5.8;5.8;-4.8 / 0.2 / 0.2;0.468;0.599;-0.131;2;В;1;/opt/mp-analytics/incoming/gab/САКУРА АБДУЛ 05.06.xlsx;Струйная Sakura!r312;ddbb1c580ba3ed878627b3d8dbea6c97710c4682804b2638b792149bf490915a
5239;32.0;12.0;10.0;36.0;12.0;9.0;-4.0 / 0.0 / 1.0;3.84;3.888;-0.048;1;В;1;/opt/mp-analytics/incoming/gab/САКУРА АБДУЛ 05.06.xlsx;Лазерная Sakura!r1078;ddbb1c580ba3ed878627b3d8dbea6c97710c4682804b2638b792149bf490915a
5240;32.0;12.0;10.0;36.0;12.0;9.0;-4.0 / 0.0 / 1.0;3.84;3.888;-0.048;1;В;1;/opt/mp-analytics/incoming/gab/САКУРА АБДУЛ 05.06.xlsx;Лазерная Sakura!r1079;ddbb1c580ba3ed878627b3d8dbea6c97710c4682804b2638b792149bf490915a
5241;32.0;12.0;10.0;36.0;12.0;9.0;-4.0 / 0.0 / 1.0;3.84;3.888;-0.048;1;В;1;/opt/mp-analytics/incoming/gab/САКУРА АБДУЛ 05.06.xlsx;Лазерная Sakura!r1080;ddbb1c580ba3ed878627b3d8dbea6c97710c4682804b2638b792149bf490915a
5242;32.0;12.0;10.0;36.0;12.0;9.0;-4.0 / 0.0 / 1.0;3.84;3.888;-0.048;1;В;1;/opt/mp-analytics/incoming/gab/САКУРА АБДУЛ 05.06.xlsx;Лазерная Sakura!r1081;ddbb1c580ba3ed878627b3d8dbea6c97710c4682804b2638b792149bf490915a
5244;13.0;12.0;4.0;12.0;9.0;6.0;1.0 / 3.0 / -2.0;0.624;0.648;-0.024;1;В;2;/opt/mp-analytics/incoming/gab/Изи.xlsx;Данные по картриджам!r1558;4064fa397384d687b0349dbae769c7d4a21c54bf65a712f6c31981a966b8f971
5246;31.0;13.0;12.0;33.0;17.0;12.0;-2.0 / -4.0 / 0.0;4.836;6.732;-1.896;1;В;9;/opt/mp-analytics/incoming/gab/САКУРА АБДУЛ 05.06.xlsx;Лазерная Sakura!r1417;ddbb1c580ba3ed878627b3d8dbea6c97710c4682804b2638b792149bf490915a
5248;30.0;13.0;10.0;30.0;13.2;9.5;0.0 / -0.2 / 0.5;3.9;3.762;0.138;1;А;4;/opt/mp-analytics/incoming/gab/Изи.xlsx;Данные по картриджам!r1431;4064fa397384d687b0349dbae769c7d4a21c54bf65a712f6c31981a966b8f971
5249;37.0;15.0;12.0;28.5;12.5;9.5;8.5 / 2.5 / 2.5;6.66;3.384;3.276;2;Б;1;/opt/mp-analytics/incoming/gab/Изи.xlsx;Данные по картриджам!r1421;4064fa397384d687b0349dbae769c7d4a21c54bf65a712f6c31981a966b8f971
5264;22.0;5.0;3.0;22.5;5.0;3.5;-0.5 / 0.0 / -0.5;0.33;0.394;-0.064;1;А;1;/opt/mp-analytics/incoming/gab/Вся расходка Китай РФ Cactus GG PR.xlsx;Лист1!r1458;d0488dd393f71b9cb95cf51390c2aba1ef902bcac7a8eb2f95247679cc1d25fc
5265;22.0;5.0;3.0;22.5;5.0;3.5;-0.5 / 0.0 / -0.5;0.33;0.394;-0.064;1;А;1;/opt/mp-analytics/incoming/gab/Вся расходка Китай РФ Cactus GG PR.xlsx;Лист1!r1457;d0488dd393f71b9cb95cf51390c2aba1ef902bcac7a8eb2f95247679cc1d25fc
5266;22.0;5.0;3.0;22.5;5.0;3.5;-0.5 / 0.0 / -0.5;0.33;0.394;-0.064;1;А;1;/opt/mp-analytics/incoming/gab/Вся расходка Китай РФ Cactus GG PR.xlsx;Лист1!r1456;d0488dd393f71b9cb95cf51390c2aba1ef902bcac7a8eb2f95247679cc1d25fc
5267;22.0;5.0;4.0;22.5;5.0;3.5;-0.5 / 0.0 / 0.5;0.44;0.394;0.046;1;А;1;/opt/mp-analytics/incoming/gab/Вся расходка Китай РФ Cactus GG PR.xlsx;Лист1!r1455;d0488dd393f71b9cb95cf51390c2aba1ef902bcac7a8eb2f95247679cc1d25fc
5269;22.0;5.0;4.0;22.5;5.0;3.5;-0.5 / 0.0 / 0.5;0.44;0.394;0.046;1;А;1;/opt/mp-analytics/incoming/gab/Вся расходка Китай РФ Cactus GG PR.xlsx;Лист1!r1462;d0488dd393f71b9cb95cf51390c2aba1ef902bcac7a8eb2f95247679cc1d25fc
5270;22.0;5.0;4.0;22.5;5.0;3.5;-0.5 / 0.0 / 0.5;0.44;0.394;0.046;1;А;1;/opt/mp-analytics/incoming/gab/Вся расходка Китай РФ Cactus GG PR.xlsx;Лист1!r1461;d0488dd393f71b9cb95cf51390c2aba1ef902bcac7a8eb2f95247679cc1d25fc
5271;22.0;5.0;4.0;22.5;5.0;3.5;-0.5 / 0.0 / 0.5;0.44;0.394;0.046;1;А;1;/opt/mp-analytics/incoming/gab/Вся расходка Китай РФ Cactus GG PR.xlsx;Лист1!r1460;d0488dd393f71b9cb95cf51390c2aba1ef902bcac7a8eb2f95247679cc1d25fc
5272;22.0;5.0;5.0;22.5;6.0;5.0;-0.5 / -1.0 / 0.0;0.55;0.675;-0.125;1;А;1;/opt/mp-analytics/incoming/gab/Вся расходка Китай РФ Cactus GG PR.xlsx;Лист1!r1459;d0488dd393f71b9cb95cf51390c2aba1ef902bcac7a8eb2f95247679cc1d25fc
5274;15.0;10.0;4.0;10.0;9.0;2.5;5.0 / 1.0 / 1.5;0.6;0.225;0.375;1;Б;1;/opt/mp-analytics/incoming/gab/Вся расходка Китай РФ Cactus GG PR.xlsx;Лист1!r1464;d0488dd393f71b9cb95cf51390c2aba1ef902bcac7a8eb2f95247679cc1d25fc
5275;15.0;10.0;4.0;10.0;9.0;2.5;5.0 / 1.0 / 1.5;0.6;0.225;0.375;1;Б;1;/opt/mp-analytics/incoming/gab/Вся расходка Китай РФ Cactus GG PR.xlsx;Лист1!r1463;d0488dd393f71b9cb95cf51390c2aba1ef902bcac7a8eb2f95247679cc1d25fc
5276;15.0;10.0;4.0;9.4;9.0;2.5;5.6 / 1.0 / 1.5;0.6;0.212;0.388;1;Б;4;/opt/mp-analytics/incoming/gab/Вся расходка Китай РФ Cactus GG PR.xlsx;Лист1!r1491;d0488dd393f71b9cb95cf51390c2aba1ef902bcac7a8eb2f95247679cc1d25fc
5277;15.0;10.0;4.0;9.4;9.0;2.5;5.6 / 1.0 / 1.5;0.6;0.212;0.388;1;Б;1;/opt/mp-analytics/incoming/gab/Вся расходка Китай РФ Cactus GG PR.xlsx;Лист1!r1490;d0488dd393f71b9cb95cf51390c2aba1ef902bcac7a8eb2f95247679cc1d25fc
5278;15.0;10.0;4.0;9.4;9.0;2.5;5.6 / 1.0 / 1.5;0.6;0.212;0.388;1;Б;1;/opt/mp-analytics/incoming/gab/Вся расходка Китай РФ Cactus GG PR.xlsx;Лист1!r1489;d0488dd393f71b9cb95cf51390c2aba1ef902bcac7a8eb2f95247679cc1d25fc
5279;15.0;10.0;4.0;9.5;9.1;2.0;5.5 / 0.9 / 2.0;0.6;0.173;0.427;1;Б;1;/opt/mp-analytics/incoming/gab/Вся расходка Китай РФ Cactus GG PR.xlsx;Лист1!r1488;d0488dd393f71b9cb95cf51390c2aba1ef902bcac7a8eb2f95247679cc1d25fc
5286;31.0;18.0;10.0;32.0;19.0;10.0;-1.0 / -1.0 / 0.0;5.58;6.08;-0.5;3;А;1;/opt/mp-analytics/incoming/gab/Изи.xlsx;Данные по картриджам!r1588;4064fa397384d687b0349dbae769c7d4a21c54bf65a712f6c31981a966b8f971
5287;35.0;20.0;20.0;31.0;19.0;10.0;4.0 / 1.0 / 10.0;14.0;5.89;8.11;1;Б;12;/opt/mp-analytics/incoming/gab/Вся расходка Китай РФ Cactus GG PR.xlsx;Лист1!r2646;d0488dd393f71b9cb95cf51390c2aba1ef902bcac7a8eb2f95247679cc1d25fc
5288;31.0;18.0;10.0;32.0;19.0;10.0;-1.0 / -1.0 / 0.0;5.58;6.08;-0.5;3;А;3;/opt/mp-analytics/incoming/gab/Изи.xlsx;Данные по картриджам!r1589;4064fa397384d687b0349dbae769c7d4a21c54bf65a712f6c31981a966b8f971
5289;35.0;20.0;20.0;31.0;19.0;10.0;4.0 / 1.0 / 10.0;14.0;5.89;8.11;1;Б;3;/opt/mp-analytics/incoming/gab/Вся расходка Китай РФ Cactus GG PR.xlsx;Лист1!r2644;d0488dd393f71b9cb95cf51390c2aba1ef902bcac7a8eb2f95247679cc1d25fc
5290;35.0;20.0;20.0;32.0;19.0;10.0;3.0 / 1.0 / 10.0;14.0;6.08;7.92;2;Б;3;/opt/mp-analytics/incoming/gab/Изи.xlsx;Данные по картриджам!r1590;4064fa397384d687b0349dbae769c7d4a21c54bf65a712f6c31981a966b8f971
5291;7.0;7.0;2.0;7.5;7.0;2.5;-0.5 / 0.0 / -0.5;0.098;0.131;-0.033;1;А;1;/opt/mp-analytics/incoming/gab/Вся расходка Китай РФ Cactus GG PR.xlsx;Лист1!r2628;d0488dd393f71b9cb95cf51390c2aba1ef902bcac7a8eb2f95247679cc1d25fc
5293;7.0;7.0;2.0;7.5;7.0;2.5;-0.5 / 0.0 / -0.5;0.098;0.131;-0.033;1;А;1;/opt/mp-analytics/incoming/gab/Вся расходка Китай РФ Cactus GG PR.xlsx;Лист1!r2632;d0488dd393f71b9cb95cf51390c2aba1ef902bcac7a8eb2f95247679cc1d25fc
5294;7.0;7.0;2.0;7.5;7.0;2.5;-0.5 / 0.0 / -0.5;0.098;0.131;-0.033;1;А;1;/opt/mp-analytics/incoming/gab/Вся расходка Китай РФ Cactus GG PR.xlsx;Лист1!r2618;d0488dd393f71b9cb95cf51390c2aba1ef902bcac7a8eb2f95247679cc1d25fc
5295;7.0;7.0;2.0;7.5;7.0;2.5;-0.5 / 0.0 / -0.5;0.098;0.131;-0.033;1;А;1;/opt/mp-analytics/incoming/gab/Вся расходка Китай РФ Cactus GG PR.xlsx;Лист1!r2617;d0488dd393f71b9cb95cf51390c2aba1ef902bcac7a8eb2f95247679cc1d25fc
5296;7.0;7.0;2.0;7.5;7.0;2.5;-0.5 / 0.0 / -0.5;0.098;0.131;-0.033;1;А;1;/opt/mp-analytics/incoming/gab/Вся расходка Китай РФ Cactus GG PR.xlsx;Лист1!r2621;d0488dd393f71b9cb95cf51390c2aba1ef902bcac7a8eb2f95247679cc1d25fc
5297;7.0;7.0;2.0;7.5;7.0;2.5;-0.5 / 0.0 / -0.5;0.098;0.131;-0.033;1;А;1;/opt/mp-analytics/incoming/gab/Вся расходка Китай РФ Cactus GG PR.xlsx;Лист1!r2619;d0488dd393f71b9cb95cf51390c2aba1ef902bcac7a8eb2f95247679cc1d25fc
5298;7.0;7.0;2.0;7.5;7.0;3.0;-0.5 / 0.0 / -1.0;0.098;0.158;-0.06;1;А;1;/opt/mp-analytics/incoming/gab/Вся расходка Китай РФ Cactus GG PR.xlsx;Лист1!r2630;d0488dd393f71b9cb95cf51390c2aba1ef902bcac7a8eb2f95247679cc1d25fc
5299;7.0;7.0;2.0;7.5;7.0;3.0;-0.5 / 0.0 / -1.0;0.098;0.158;-0.06;1;А;1;/opt/mp-analytics/incoming/gab/Вся расходка Китай РФ Cactus GG PR.xlsx;Лист1!r2629;d0488dd393f71b9cb95cf51390c2aba1ef902bcac7a8eb2f95247679cc1d25fc
5300;8.0;8.0;4.0;7.5;7.0;2.5;0.5 / 1.0 / 1.5;0.256;0.131;0.125;1;А;1;/opt/mp-analytics/incoming/gab/Вся расходка Китай РФ Cactus GG PR.xlsx;Лист1!r2637;d0488dd393f71b9cb95cf51390c2aba1ef902bcac7a8eb2f95247679cc1d25fc
5301;8.0;8.0;4.0;7.5;7.0;2.5;0.5 / 1.0 / 1.5;0.256;0.131;0.125;1;А;1;/opt/mp-analytics/incoming/gab/Вся расходка Китай РФ Cactus GG PR.xlsx;Лист1!r2625;d0488dd393f71b9cb95cf51390c2aba1ef902bcac7a8eb2f95247679cc1d25fc
5302;8.0;8.0;4.0;7.5;7.0;2.5;0.5 / 1.0 / 1.5;0.256;0.131;0.125;1;А;1;/opt/mp-analytics/incoming/gab/Вся расходка Китай РФ Cactus GG PR.xlsx;Лист1!r2640;d0488dd393f71b9cb95cf51390c2aba1ef902bcac7a8eb2f95247679cc1d25fc
5303;8.0;8.0;4.0;7.5;7.0;2.5;0.5 / 1.0 / 1.5;0.256;0.131;0.125;1;А;1;/opt/mp-analytics/incoming/gab/Вся расходка Китай РФ Cactus GG PR.xlsx;Лист1!r2642;d0488dd393f71b9cb95cf51390c2aba1ef902bcac7a8eb2f95247679cc1d25fc
5304;8.0;8.0;4.0;7.5;7.0;2.5;0.5 / 1.0 / 1.5;0.256;0.131;0.125;1;А;1;/opt/mp-analytics/incoming/gab/Вся расходка Китай РФ Cactus GG PR.xlsx;Лист1!r2641;d0488dd393f71b9cb95cf51390c2aba1ef902bcac7a8eb2f95247679cc1d25fc
5307;22.0;7.0;7.0;20.0;9.0;9.0;2.0 / -2.0 / -2.0;1.078;1.62;-0.542;1;А;1;/opt/mp-analytics/incoming/gab/САКУРА АБДУЛ 05.06.xlsx;Лазерная Sakura!r1293;ddbb1c580ba3ed878627b3d8dbea6c97710c4682804b2638b792149bf490915a
5309;20.0;7.0;7.0;20.0;7.0;7.0;0.0 / 0.0 / 0.0;0.98;0.98;0.0;2;А;1;/opt/mp-analytics/incoming/gab/САКУРА АБДУЛ 05.06.xlsx;Лазерная Sakura!r366;ddbb1c580ba3ed878627b3d8dbea6c97710c4682804b2638b792149bf490915a
5313;35.0;16.0;13.0;34.5;23.5;12.5;0.5 / -7.5 / 0.5;7.28;10.134;-2.854;3;В;8;/opt/mp-analytics/incoming/gab/Изи.xlsx;Данные по картриджам!r675;4064fa397384d687b0349dbae769c7d4a21c54bf65a712f6c31981a966b8f971
5327;29.0;12.0;8.0;48.7;14.5;11.5;-19.7 / -2.5 / -3.5;2.784;8.121;-5.337;2;В;3;/opt/mp-analytics/incoming/gab/Вся расходка Китай РФ Cactus GG PR.xlsx;Лист1!r3108;d0488dd393f71b9cb95cf51390c2aba1ef902bcac7a8eb2f95247679cc1d25fc
5328;29.0;12.0;8.0;48.7;14.5;11.5;-19.7 / -2.5 / -3.5;2.784;8.121;-5.337;2;В;1;/opt/mp-analytics/incoming/gab/Вся расходка Китай РФ Cactus GG PR.xlsx;Лист1!r3109;d0488dd393f71b9cb95cf51390c2aba1ef902bcac7a8eb2f95247679cc1d25fc
5329;29.0;12.0;8.0;48.7;14.5;11.5;-19.7 / -2.5 / -3.5;2.784;8.121;-5.337;2;В;1;/opt/mp-analytics/incoming/gab/Вся расходка Китай РФ Cactus GG PR.xlsx;Лист1!r3111;d0488dd393f71b9cb95cf51390c2aba1ef902bcac7a8eb2f95247679cc1d25fc
5330;29.0;12.0;8.0;48.7;14.5;11.5;-19.7 / -2.5 / -3.5;2.784;8.121;-5.337;2;В;1;/opt/mp-analytics/incoming/gab/Вся расходка Китай РФ Cactus GG PR.xlsx;Лист1!r3110;d0488dd393f71b9cb95cf51390c2aba1ef902bcac7a8eb2f95247679cc1d25fc
5335;35.0;16.0;13.0;35.0;13.5;10.7;0.0 / 2.5 / 2.3;7.28;5.056;2.224;3;Б;18;/opt/mp-analytics/incoming/gab/Изи.xlsx;Данные по картриджам!r62;4064fa397384d687b0349dbae769c7d4a21c54bf65a712f6c31981a966b8f971
5336;35.0;16.0;12.0;35.0;14.0;11.0;0.0 / 2.0 / 1.0;6.72;5.39;1.33;3;А;3;/opt/mp-analytics/incoming/gab/Изи.xlsx;Данные по картриджам!r44;4064fa397384d687b0349dbae769c7d4a21c54bf65a712f6c31981a966b8f971
5337;35.0;16.0;13.0;34.0;17.5;9.5;1.0 / -1.5 / 3.5;7.28;5.652;1.628;2;Б;2;/opt/mp-analytics/incoming/gab/Вся расходка Китай РФ Cactus GG PR.xlsx;Лист1!r270;d0488dd393f71b9cb95cf51390c2aba1ef902bcac7a8eb2f95247679cc1d25fc
5338;35.0;16.0;13.0;33.0;17.0;9.9;2.0 / -1.0 / 3.1;7.28;5.554;1.726;1;Б;4;/opt/mp-analytics/incoming/gab/САКУРА АБДУЛ 05.06.xlsx;Лазерная Sakura!r453;ddbb1c580ba3ed878627b3d8dbea6c97710c4682804b2638b792149bf490915a
5339;35.0;16.0;13.0;33.0;16.0;10.0;2.0 / 0.0 / 3.0;7.28;5.28;2.0;3;Б;8;/opt/mp-analytics/incoming/gab/Изи.xlsx;Данные по картриджам!r691;4064fa397384d687b0349dbae769c7d4a21c54bf65a712f6c31981a966b8f971
5340;35.0;16.0;13.0;33.0;16.5;10.5;2.0 / -0.5 / 2.5;7.28;5.717;1.563;2;Б;5;/opt/mp-analytics/incoming/gab/Вся расходка Китай РФ Cactus GG PR.xlsx;Лист1!r195;d0488dd393f71b9cb95cf51390c2aba1ef902bcac7a8eb2f95247679cc1d25fc
5341;36.0;20.0;15.0;34.5;23.5;12.5;1.5 / -3.5 / 2.5;10.8;10.134;0.666;4;Б;9;/opt/mp-analytics/incoming/gab/Изи.xlsx;Данные по картриджам!r284;4064fa397384d687b0349dbae769c7d4a21c54bf65a712f6c31981a966b8f971
5343;36.0;22.0;12.0;33.5;18.5;10.0;2.5 / 3.5 / 2.0;9.504;6.197;3.307;2;Б;1;/opt/mp-analytics/incoming/gab/Вся расходка Китай РФ Cactus GG PR.xlsx;Лист1!r443;d0488dd393f71b9cb95cf51390c2aba1ef902bcac7a8eb2f95247679cc1d25fc
5344;36.0;22.0;12.0;34.8;16.3;10.0;1.2 / 5.7 / 2.0;9.504;5.672;3.832;2;Б;1;/opt/mp-analytics/incoming/gab/Вся расходка Китай РФ Cactus GG PR.xlsx;Лист1!r442;d0488dd393f71b9cb95cf51390c2aba1ef902bcac7a8eb2f95247679cc1d25fc
5345;36.0;21.0;12.0;34.0;19.5;10.5;2.0 / 1.5 / 1.5;9.072;6.962;2.11;2;А;2;/opt/mp-analytics/incoming/gab/Вся расходка Китай РФ Cactus GG PR.xlsx;Лист1!r184;d0488dd393f71b9cb95cf51390c2aba1ef902bcac7a8eb2f95247679cc1d25fc
5346;36.0;22.0;12.0;32.0;17.5;10.0;4.0 / 4.5 / 2.0;9.504;5.6;3.904;1;Б;7;/opt/mp-analytics/incoming/gab/Вся расходка Китай РФ Cactus GG PR.xlsx;Лист1!r465;d0488dd393f71b9cb95cf51390c2aba1ef902bcac7a8eb2f95247679cc1d25fc
5347;36.0;22.0;12.0;32.5;16.5;9.5;3.5 / 5.5 / 2.5;9.504;5.094;4.41;2;Б;2;/opt/mp-analytics/incoming/gab/САКУРА АБДУЛ 05.06.xlsx;Лазерная Sakura!r875;ddbb1c580ba3ed878627b3d8dbea6c97710c4682804b2638b792149bf490915a
5348;36.0;22.0;12.0;32.0;16.5;10.0;4.0 / 5.5 / 2.0;9.504;5.28;4.224;1;Б;2;/opt/mp-analytics/incoming/gab/Вся расходка Китай РФ Cactus GG PR.xlsx;Лист1!r831;d0488dd393f71b9cb95cf51390c2aba1ef902bcac7a8eb2f95247679cc1d25fc
5349;36.0;22.0;12.0;35.2;16.5;12.2;0.8 / 5.5 / -0.2;9.504;7.086;2.418;1;Б;2;/opt/mp-analytics/incoming/gab/Вся расходка Китай РФ Cactus GG PR.xlsx;Лист1!r811;d0488dd393f71b9cb95cf51390c2aba1ef902bcac7a8eb2f95247679cc1d25fc
5350;36.0;22.0;12.0;35.0;16.0;11.0;1.0 / 6.0 / 1.0;9.504;6.16;3.344;3;Б;4;/opt/mp-analytics/incoming/gab/Изи.xlsx;Данные по картриджам!r849;4064fa397384d687b0349dbae769c7d4a21c54bf65a712f6c31981a966b8f971
5351;36.0;20.0;15.0;35.0;14.0;11.0;1.0 / 6.0 / 4.0;10.8;5.39;5.41;3;Б;8;/opt/mp-analytics/incoming/gab/Изи.xlsx;Данные по картриджам!r48;4064fa397384d687b0349dbae769c7d4a21c54bf65a712f6c31981a966b8f971
5352;36.0;20.0;14.0;35.0;14.0;10.0;1.0 / 6.0 / 4.0;10.08;4.9;5.18;2;Б;3;/opt/mp-analytics/incoming/gab/Изи.xlsx;Данные по картриджам!r46;4064fa397384d687b0349dbae769c7d4a21c54bf65a712f6c31981a966b8f971
5353;36.0;20.0;15.0;35.0;14.0;11.0;1.0 / 6.0 / 4.0;10.8;5.39;5.41;3;Б;7;/opt/mp-analytics/incoming/gab/Изи.xlsx;Данные по картриджам!r91;4064fa397384d687b0349dbae769c7d4a21c54bf65a712f6c31981a966b8f971
5354;36.0;20.0;15.0;35.0;13.5;10.7;1.0 / 6.5 / 4.3;10.8;5.056;5.744;3;Б;3;/opt/mp-analytics/incoming/gab/Изи.xlsx;Данные по картриджам!r92;4064fa397384d687b0349dbae769c7d4a21c54bf65a712f6c31981a966b8f971
5355;36.0;20.0;15.0;35.0;14.0;11.0;1.0 / 6.0 / 4.0;10.8;5.39;5.41;3;Б;15;/opt/mp-analytics/incoming/gab/Изи.xlsx;Данные по картриджам!r49;4064fa397384d687b0349dbae769c7d4a21c54bf65a712f6c31981a966b8f971
5356;35.0;16.0;13.0;44.0;8.2;7.7;-9.0 / 7.8 / 5.3;7.28;2.778;4.502;4;Б;1;/opt/mp-analytics/incoming/gab/Изи.xlsx;Данные по картриджам!r666;4064fa397384d687b0349dbae769c7d4a21c54bf65a712f6c31981a966b8f971
5357;27.0;10.0;10.0;30.5;9.5;9.5;-3.5 / 0.5 / 0.5;2.7;2.753;-0.053;1;В;2;/opt/mp-analytics/incoming/gab/Вся расходка Китай РФ Cactus GG PR.xlsx;Лист1!r591;d0488dd393f71b9cb95cf51390c2aba1ef902bcac7a8eb2f95247679cc1d25fc
5358;27.0;10.0;10.0;29.0;8.5;8.5;-2.0 / 1.5 / 1.5;2.7;2.095;0.605;1;А;6;/opt/mp-analytics/incoming/gab/Вся расходка Китай РФ Cactus GG PR.xlsx;Лист1!r189;d0488dd393f71b9cb95cf51390c2aba1ef902bcac7a8eb2f95247679cc1d25fc
5360;36.0;22.0;12.0;35.0;13.5;10.7;1.0 / 8.5 / 1.3;9.504;5.056;4.448;3;Б;3;/opt/mp-analytics/incoming/gab/Изи.xlsx;Данные по картриджам!r75;4064fa397384d687b0349dbae769c7d4a21c54bf65a712f6c31981a966b8f971
5361;36.0;22.0;12.0;31.0;15.0;9.0;5.0 / 7.0 / 3.0;9.504;4.185;5.319;3;Б;1;/opt/mp-analytics/incoming/gab/САКУРА АБДУЛ 05.06.xlsx;Лазерная Sakura!r991;ddbb1c580ba3ed878627b3d8dbea6c97710c4682804b2638b792149bf490915a
5362;36.0;22.0;12.0;31.0;15.0;9.0;5.0 / 7.0 / 3.0;9.504;4.185;5.319;3;Б;1;/opt/mp-analytics/incoming/gab/САКУРА АБДУЛ 05.06.xlsx;Лазерная Sakura!r992;ddbb1c580ba3ed878627b3d8dbea6c97710c4682804b2638b792149bf490915a
5363;36.0;22.0;12.0;31.0;15.0;9.0;5.0 / 7.0 / 3.0;9.504;4.185;5.319;3;Б;1;/opt/mp-analytics/incoming/gab/САКУРА АБДУЛ 05.06.xlsx;Лазерная Sakura!r993;ddbb1c580ba3ed878627b3d8dbea6c97710c4682804b2638b792149bf490915a
5365;30.0;15.0;10.0;32.0;13.5;7.0;-2.0 / 1.5 / 3.0;4.5;3.024;1.476;1;Б;1;/opt/mp-analytics/incoming/gab/Вся расходка Китай РФ Cactus GG PR.xlsx;Лист1!r412;d0488dd393f71b9cb95cf51390c2aba1ef902bcac7a8eb2f95247679cc1d25fc
5369;37.0;20.0;15.0;33.1;16.6;10.5;3.9 / 3.4 / 4.5;11.1;5.769;5.331;2;Б;4;/opt/mp-analytics/incoming/gab/САКУРА АБДУЛ 05.06.xlsx;Лазерная Sakura!r281;ddbb1c580ba3ed878627b3d8dbea6c97710c4682804b2638b792149bf490915a
5370;37.0;20.0;15.0;32.8;16.9;9.3;4.2 / 3.1 / 5.7;11.1;5.155;5.945;1;Б;8;/opt/mp-analytics/incoming/gab/САКУРА АБДУЛ 05.06.xlsx;Лазерная Sakura!r868;ddbb1c580ba3ed878627b3d8dbea6c97710c4682804b2638b792149bf490915a
5374;32.0;12.0;10.0;32.0;13.5;10.0;0.0 / -1.5 / 0.0;3.84;4.32;-0.48;3;А;1;/opt/mp-analytics/incoming/gab/Изи.xlsx;Данные по картриджам!r1673;4064fa397384d687b0349dbae769c7d4a21c54bf65a712f6c31981a966b8f971
5375;32.0;12.0;10.0;35.0;13.5;11.0;-3.0 / -1.5 / -1.0;3.84;5.197;-1.357;3;В;1;/opt/mp-analytics/incoming/gab/Изи.xlsx;Данные по картриджам!r1674;4064fa397384d687b0349dbae769c7d4a21c54bf65a712f6c31981a966b8f971
5376;32.0;12.0;10.0;35.0;13.5;11.0;-3.0 / -1.5 / -1.0;3.84;5.197;-1.357;3;В;1;/opt/mp-analytics/incoming/gab/Изи.xlsx;Данные по картриджам!r1675;4064fa397384d687b0349dbae769c7d4a21c54bf65a712f6c31981a966b8f971
5377;32.0;12.0;10.0;35.0;13.5;11.0;-3.0 / -1.5 / -1.0;3.84;5.197;-1.357;3;В;1;/opt/mp-analytics/incoming/gab/Изи.xlsx;Данные по картриджам!r1676;4064fa397384d687b0349dbae769c7d4a21c54bf65a712f6c31981a966b8f971
5379;37.0;15.0;12.0;32.5;11.2;10.2;4.5 / 3.8 / 1.8;6.66;3.713;2.947;3;Б;1;/opt/mp-analytics/incoming/gab/САКУРА АБДУЛ 05.06.xlsx;Лазерная Sakura!r1132;ddbb1c580ba3ed878627b3d8dbea6c97710c4682804b2638b792149bf490915a
5380;37.0;15.0;12.0;32.5;11.2;10.2;4.5 / 3.8 / 1.8;6.66;3.713;2.947;2;Б;1;/opt/mp-analytics/incoming/gab/САКУРА АБДУЛ 05.06.xlsx;Лазерная Sakura!r1133;ddbb1c580ba3ed878627b3d8dbea6c97710c4682804b2638b792149bf490915a
5381;37.0;15.0;12.0;32.5;11.2;10.2;4.5 / 3.8 / 1.8;6.66;3.713;2.947;2;Б;1;/opt/mp-analytics/incoming/gab/САКУРА АБДУЛ 05.06.xlsx;Лазерная Sakura!r1134;ddbb1c580ba3ed878627b3d8dbea6c97710c4682804b2638b792149bf490915a
5382;37.0;15.0;12.0;32.5;11.2;10.2;4.5 / 3.8 / 1.8;6.66;3.713;2.947;2;Б;1;/opt/mp-analytics/incoming/gab/САКУРА АБДУЛ 05.06.xlsx;Лазерная Sakura!r1135;ddbb1c580ba3ed878627b3d8dbea6c97710c4682804b2638b792149bf490915a
5384;37.0;20.0;15.0;33.0;15.0;9.5;4.0 / 5.0 / 5.5;11.1;4.702;6.398;2;Б;1;/opt/mp-analytics/incoming/gab/Изи.xlsx;Данные по картриджам!r2007;4064fa397384d687b0349dbae769c7d4a21c54bf65a712f6c31981a966b8f971
5385;37.0;20.0;15.0;33.0;15.0;9.5;4.0 / 5.0 / 5.5;11.1;4.702;6.398;3;Б;1;/opt/mp-analytics/incoming/gab/Изи.xlsx;Данные по картриджам!r2008;4064fa397384d687b0349dbae769c7d4a21c54bf65a712f6c31981a966b8f971
5386;37.0;20.0;15.0;33.0;15.0;9.5;4.0 / 5.0 / 5.5;11.1;4.702;6.398;2;Б;1;/opt/mp-analytics/incoming/gab/Изи.xlsx;Данные по картриджам!r2009;4064fa397384d687b0349dbae769c7d4a21c54bf65a712f6c31981a966b8f971
5387;37.0;20.0;15.0;33.0;15.0;9.5;4.0 / 5.0 / 5.5;11.1;4.702;6.398;2;Б;1;/opt/mp-analytics/incoming/gab/Изи.xlsx;Данные по картриджам!r2010;4064fa397384d687b0349dbae769c7d4a21c54bf65a712f6c31981a966b8f971
5389;36.0;20.0;15.0;34.5;23.5;12.5;1.5 / -3.5 / 2.5;10.8;10.134;0.666;2;Б;1;/opt/mp-analytics/incoming/gab/Изи.xlsx;Данные по картриджам!r851;4064fa397384d687b0349dbae769c7d4a21c54bf65a712f6c31981a966b8f971
5398;35.0;16.0;13.0;33.0;16.5;10.5;2.0 / -0.5 / 2.5;7.28;5.717;1.563;1;Б;1;/opt/mp-analytics/incoming/gab/Вся расходка Китай РФ Cactus GG PR.xlsx;Лист1!r185;d0488dd393f71b9cb95cf51390c2aba1ef902bcac7a8eb2f95247679cc1d25fc
5401;45.0;36.0;20.0;32.5;20.0;19.0;12.5 / 16.0 / 1.0;32.4;12.35;20.05;1;Б;1;/opt/mp-analytics/incoming/gab/Вся расходка Китай РФ Cactus GG PR.xlsx;Лист1!r4247;d0488dd393f71b9cb95cf51390c2aba1ef902bcac7a8eb2f95247679cc1d25fc
5402;32.0;20.0;8.0;30.5;19.5;8.7;1.5 / 0.5 / -0.7;5.12;5.174;-0.054;1;А;1;/opt/mp-analytics/incoming/gab/САКУРА АБДУЛ 05.06.xlsx;Лазерная Sakura!r386;ddbb1c580ba3ed878627b3d8dbea6c97710c4682804b2638b792149bf490915a
5403;37.0;20.0;15.0;37.0;25.5;11.5;0.0 / -5.5 / 3.5;11.1;10.85;0.25;2;Б;1;/opt/mp-analytics/incoming/gab/САКУРА АБДУЛ 05.06.xlsx;Лазерная Sakura!r387;ddbb1c580ba3ed878627b3d8dbea6c97710c4682804b2638b792149bf490915a
5405;30.0;10.0;10.0;32.0;13.0;10.0;-2.0 / -3.0 / 0.0;3.0;4.16;-1.16;1;В;1;/opt/mp-analytics/incoming/gab/Изи.xlsx;Данные по картриджам!r1735;4064fa397384d687b0349dbae769c7d4a21c54bf65a712f6c31981a966b8f971
5407;36.0;20.0;10.0;32.0;19.0;10.0;4.0 / 1.0 / 0.0;7.2;6.08;1.12;1;Б;1;/opt/mp-analytics/incoming/gab/Изи.xlsx;Данные по картриджам!r1686;4064fa397384d687b0349dbae769c7d4a21c54bf65a712f6c31981a966b8f971
5408;52.0;12.0;10.0;57.5;15.0;10.0;-5.5 / -3.0 / 0.0;6.24;8.625;-2.385;1;В;1;/opt/mp-analytics/incoming/gab/Вся расходка Китай РФ Cactus GG PR.xlsx;Лист1!r3193;d0488dd393f71b9cb95cf51390c2aba1ef902bcac7a8eb2f95247679cc1d25fc
5409;52.0;12.0;10.0;57.5;15.0;10.0;-5.5 / -3.0 / 0.0;6.24;8.625;-2.385;1;В;3;/opt/mp-analytics/incoming/gab/Вся расходка Китай РФ Cactus GG PR.xlsx;Лист1!r3192;d0488dd393f71b9cb95cf51390c2aba1ef902bcac7a8eb2f95247679cc1d25fc
5410;52.0;12.0;10.0;57.5;15.0;10.0;-5.5 / -3.0 / 0.0;6.24;8.625;-2.385;1;В;1;/opt/mp-analytics/incoming/gab/Вся расходка Китай РФ Cactus GG PR.xlsx;Лист1!r3194;d0488dd393f71b9cb95cf51390c2aba1ef902bcac7a8eb2f95247679cc1d25fc
5411;52.0;12.0;10.0;57.5;15.0;10.0;-5.5 / -3.0 / 0.0;6.24;8.625;-2.385;1;В;1;/opt/mp-analytics/incoming/gab/Вся расходка Китай РФ Cactus GG PR.xlsx;Лист1!r3195;d0488dd393f71b9cb95cf51390c2aba1ef902bcac7a8eb2f95247679cc1d25fc
5414;14.0;6.0;6.0;13.2;13.2;3.8;0.8 / -7.2 / 2.2;0.504;0.662;-0.158;1;В;1;/opt/mp-analytics/incoming/gab/Вся расходка Китай РФ Cactus GG PR.xlsx;Лист1!r1726;d0488dd393f71b9cb95cf51390c2aba1ef902bcac7a8eb2f95247679cc1d25fc
5415;14.0;6.0;6.0;13.2;13.2;3.8;0.8 / -7.2 / 2.2;0.504;0.662;-0.158;1;В;1;/opt/mp-analytics/incoming/gab/Вся расходка Китай РФ Cactus GG PR.xlsx;Лист1!r1725;d0488dd393f71b9cb95cf51390c2aba1ef902bcac7a8eb2f95247679cc1d25fc
5416;14.0;6.0;6.0;13.2;13.2;3.8;0.8 / -7.2 / 2.2;0.504;0.662;-0.158;1;В;1;/opt/mp-analytics/incoming/gab/Вся расходка Китай РФ Cactus GG PR.xlsx;Лист1!r1724;d0488dd393f71b9cb95cf51390c2aba1ef902bcac7a8eb2f95247679cc1d25fc
5417;14.0;12.0;12.0;19.0;13.0;6.0;-5.0 / -1.0 / 6.0;2.016;1.482;0.534;1;Б;1;/opt/mp-analytics/incoming/gab/Вся расходка Китай РФ Cactus GG PR.xlsx;Лист1!r1482;d0488dd393f71b9cb95cf51390c2aba1ef902bcac7a8eb2f95247679cc1d25fc
5418;32.0;10.0;9.0;32.0;13.5;10.0;0.0 / -3.5 / -1.0;2.88;4.32;-1.44;3;В;5;/opt/mp-analytics/incoming/gab/Изи.xlsx;Данные по картриджам!r1669;4064fa397384d687b0349dbae769c7d4a21c54bf65a712f6c31981a966b8f971
5419;32.0;10.0;9.0;35.0;13.5;11.0;-3.0 / -3.5 / -2.0;2.88;5.197;-2.317;3;В;1;/opt/mp-analytics/incoming/gab/Изи.xlsx;Данные по картриджам!r1670;4064fa397384d687b0349dbae769c7d4a21c54bf65a712f6c31981a966b8f971
5420;32.0;10.0;9.0;35.0;13.5;11.0;-3.0 / -3.5 / -2.0;2.88;5.197;-2.317;3;В;1;/opt/mp-analytics/incoming/gab/Изи.xlsx;Данные по картриджам!r1671;4064fa397384d687b0349dbae769c7d4a21c54bf65a712f6c31981a966b8f971
5421;32.0;10.0;9.0;35.0;13.5;11.0;-3.0 / -3.5 / -2.0;2.88;5.197;-2.317;3;В;1;/opt/mp-analytics/incoming/gab/Изи.xlsx;Данные по картриджам!r1672;4064fa397384d687b0349dbae769c7d4a21c54bf65a712f6c31981a966b8f971
5427;67.0;18.0;17.0;51.0;14.0;11.5;16.0 / 4.0 / 5.5;20.502;8.211;12.291;2;Б;3;/opt/mp-analytics/incoming/gab/Вся расходка Китай РФ Cactus GG PR.xlsx;Лист1!r3905;d0488dd393f71b9cb95cf51390c2aba1ef902bcac7a8eb2f95247679cc1d25fc
5429;29.0;14.0;10.0;32.5;15.0;12.0;-3.5 / -1.0 / -2.0;4.06;5.85;-1.79;1;В;1;/opt/mp-analytics/incoming/gab/Вся расходка Китай РФ Cactus GG PR.xlsx;Лист1!r3382;d0488dd393f71b9cb95cf51390c2aba1ef902bcac7a8eb2f95247679cc1d25fc
5430;23.0;23.0;7.0;12.5;4.5;4.5;10.5 / 18.5 / 2.5;3.703;0.253;3.45;1;Б;1;/opt/mp-analytics/incoming/gab/Изи.xlsx;Данные по картриджам!r1614;4064fa397384d687b0349dbae769c7d4a21c54bf65a712f6c31981a966b8f971
5434;47.0;10.0;9.0;55.0;9.5;9.5;-8.0 / 0.5 / -0.5;4.23;4.964;-0.734;1;В;4;/opt/mp-analytics/incoming/gab/Вся расходка Китай РФ Cactus GG PR.xlsx;Лист1!r3759;d0488dd393f71b9cb95cf51390c2aba1ef902bcac7a8eb2f95247679cc1d25fc
5435;46.0;7.0;7.0;55.0;9.5;9.5;-9.0 / -2.5 / -2.5;2.254;4.964;-2.71;2;В;1;/opt/mp-analytics/incoming/gab/Вся расходка Китай РФ Cactus GG PR.xlsx;Лист1!r3760;d0488dd393f71b9cb95cf51390c2aba1ef902bcac7a8eb2f95247679cc1d25fc
5436;47.0;9.0;8.0;55.0;9.5;9.5;-8.0 / -0.5 / -1.5;3.384;4.964;-1.58;2;В;1;/opt/mp-analytics/incoming/gab/Вся расходка Китай РФ Cactus GG PR.xlsx;Лист1!r3761;d0488dd393f71b9cb95cf51390c2aba1ef902bcac7a8eb2f95247679cc1d25fc
5437;47.0;9.0;8.0;55.0;9.5;9.5;-8.0 / -0.5 / -1.5;3.384;4.964;-1.58;1;В;1;/opt/mp-analytics/incoming/gab/Вся расходка Китай РФ Cactus GG PR.xlsx;Лист1!r3762;d0488dd393f71b9cb95cf51390c2aba1ef902bcac7a8eb2f95247679cc1d25fc
5445;33.0;12.0;12.0;33.0;16.0;10.0;0.0 / -4.0 / 2.0;4.752;5.28;-0.528;4;В;3;/opt/mp-analytics/incoming/gab/Изи.xlsx;Данные по картриджам!r1741;4064fa397384d687b0349dbae769c7d4a21c54bf65a712f6c31981a966b8f971
5446;33.0;12.0;12.0;26.0;26.0;12.0;7.0 / -14.0 / 0.0;4.752;8.112;-3.36;4;В;2;/opt/mp-analytics/incoming/gab/САКУРА АБДУЛ 05.06.xlsx;Лазерная Sakura!r412;ddbb1c580ba3ed878627b3d8dbea6c97710c4682804b2638b792149bf490915a
5447;33.0;16.0;14.0;28.0;24.0;19.0;5.0 / -8.0 / -5.0;7.392;12.768;-5.376;4;В;3;/opt/mp-analytics/incoming/gab/Изи.xlsx;Данные по картриджам!r1755;4064fa397384d687b0349dbae769c7d4a21c54bf65a712f6c31981a966b8f971
5448;21.0;12.0;9.0;21.4;12.4;9.1;-0.4 / -0.4 / -0.1;2.268;2.415;-0.147;1;А;1;/opt/mp-analytics/incoming/gab/Вся расходка Китай РФ Cactus GG PR.xlsx;Лист1!r3255;d0488dd393f71b9cb95cf51390c2aba1ef902bcac7a8eb2f95247679cc1d25fc
5449;57.0;15.0;10.0;57.5;15.0;10.0;-0.5 / 0.0 / 0.0;8.55;8.625;-0.075;1;А;1;/opt/mp-analytics/incoming/gab/Вся расходка Китай РФ Cactus GG PR.xlsx;Лист1!r3197;d0488dd393f71b9cb95cf51390c2aba1ef902bcac7a8eb2f95247679cc1d25fc
5450;57.0;15.0;10.0;57.5;15.0;10.0;-0.5 / 0.0 / 0.0;8.55;8.625;-0.075;1;А;4;/opt/mp-analytics/incoming/gab/Вся расходка Китай РФ Cactus GG PR.xlsx;Лист1!r3196;d0488dd393f71b9cb95cf51390c2aba1ef902bcac7a8eb2f95247679cc1d25fc
5451;57.0;15.0;10.0;57.5;15.0;10.0;-0.5 / 0.0 / 0.0;8.55;8.625;-0.075;1;А;1;/opt/mp-analytics/incoming/gab/Вся расходка Китай РФ Cactus GG PR.xlsx;Лист1!r3198;d0488dd393f71b9cb95cf51390c2aba1ef902bcac7a8eb2f95247679cc1d25fc
5452;57.0;15.0;10.0;57.5;15.0;10.0;-0.5 / 0.0 / 0.0;8.55;8.625;-0.075;1;А;1;/opt/mp-analytics/incoming/gab/Вся расходка Китай РФ Cactus GG PR.xlsx;Лист1!r3199;d0488dd393f71b9cb95cf51390c2aba1ef902bcac7a8eb2f95247679cc1d25fc
5456;55.0;10.0;10.0;55.0;9.5;9.5;0.0 / 0.5 / 0.5;5.5;4.964;0.536;1;А;2;/opt/mp-analytics/incoming/gab/Вся расходка Китай РФ Cactus GG PR.xlsx;Лист1!r3237;d0488dd393f71b9cb95cf51390c2aba1ef902bcac7a8eb2f95247679cc1d25fc
5457;55.0;10.0;10.0;55.0;9.5;9.5;0.0 / 0.5 / 0.5;5.5;4.964;0.536;1;А;1;/opt/mp-analytics/incoming/gab/Вся расходка Китай РФ Cactus GG PR.xlsx;Лист1!r3238;d0488dd393f71b9cb95cf51390c2aba1ef902bcac7a8eb2f95247679cc1d25fc
5458;55.0;10.0;10.0;55.0;9.5;9.5;0.0 / 0.5 / 0.5;5.5;4.964;0.536;1;А;1;/opt/mp-analytics/incoming/gab/Вся расходка Китай РФ Cactus GG PR.xlsx;Лист1!r3239;d0488dd393f71b9cb95cf51390c2aba1ef902bcac7a8eb2f95247679cc1d25fc
5459;55.0;10.0;10.0;55.0;9.5;9.5;0.0 / 0.5 / 0.5;5.5;4.964;0.536;1;А;1;/opt/mp-analytics/incoming/gab/Вся расходка Китай РФ Cactus GG PR.xlsx;Лист1!r3240;d0488dd393f71b9cb95cf51390c2aba1ef902bcac7a8eb2f95247679cc1d25fc
5461;32.0;12.0;10.0;36.0;12.0;9.0;-4.0 / 0.0 / 1.0;3.84;3.888;-0.048;1;В;1;/opt/mp-analytics/incoming/gab/САКУРА АБДУЛ 05.06.xlsx;Лазерная Sakura!r1077;ddbb1c580ba3ed878627b3d8dbea6c97710c4682804b2638b792149bf490915a
5462;32.0;12.0;10.0;36.0;12.0;9.0;-4.0 / 0.0 / 1.0;3.84;3.888;-0.048;1;В;1;/opt/mp-analytics/incoming/gab/САКУРА АБДУЛ 05.06.xlsx;Лазерная Sakura!r1076;ddbb1c580ba3ed878627b3d8dbea6c97710c4682804b2638b792149bf490915a
5463;32.0;12.0;10.0;36.0;12.0;9.0;-4.0 / 0.0 / 1.0;3.84;3.888;-0.048;1;В;1;/opt/mp-analytics/incoming/gab/САКУРА АБДУЛ 05.06.xlsx;Лазерная Sakura!r1075;ddbb1c580ba3ed878627b3d8dbea6c97710c4682804b2638b792149bf490915a
5464;32.0;12.0;10.0;36.0;12.0;9.0;-4.0 / 0.0 / 1.0;3.84;3.888;-0.048;1;В;1;/opt/mp-analytics/incoming/gab/САКУРА АБДУЛ 05.06.xlsx;Лазерная Sakura!r1074;ddbb1c580ba3ed878627b3d8dbea6c97710c4682804b2638b792149bf490915a
5472;14.0;11.0;4.0;10.5;6.0;1.8;3.5 / 5.0 / 2.2;0.616;0.113;0.503;1;Б;1;/opt/mp-analytics/incoming/gab/Вся расходка Китай РФ Cactus GG PR.xlsx;Лист1!r1287;d0488dd393f71b9cb95cf51390c2aba1ef902bcac7a8eb2f95247679cc1d25fc
5474;14.0;11.0;4.0;9.2;5.2;2.9;4.8 / 5.8 / 1.1;0.616;0.139;0.477;1;Б;1;/opt/mp-analytics/incoming/gab/Изи.xlsx;Данные по картриджам!r389;4064fa397384d687b0349dbae769c7d4a21c54bf65a712f6c31981a966b8f971
5476;10.0;8.0;5.0;9.2;5.2;2.9;0.8 / 2.8 / 2.1;0.4;0.139;0.261;1;Б;1;/opt/mp-analytics/incoming/gab/Изи.xlsx;Данные по картриджам!r390;4064fa397384d687b0349dbae769c7d4a21c54bf65a712f6c31981a966b8f971
5482;37.0;15.0;12.0;32.0;15.0;11.5;5.0 / 0.0 / 0.5;6.66;5.52;1.14;3;Б;5;/opt/mp-analytics/incoming/gab/Вся расходка Китай РФ Cactus GG PR.xlsx;Лист1!r3348;d0488dd393f71b9cb95cf51390c2aba1ef902bcac7a8eb2f95247679cc1d25fc
5483;37.0;15.0;12.0;30.0;13.0;7.5;7.0 / 2.0 / 4.5;6.66;2.925;3.735;1;Б;1;/opt/mp-analytics/incoming/gab/Изи.xlsx;Данные по картриджам!r1800;4064fa397384d687b0349dbae769c7d4a21c54bf65a712f6c31981a966b8f971
5485;32.0;12.0;10.0;36.0;12.0;9.0;-4.0 / 0.0 / 1.0;3.84;3.888;-0.048;2;В;1;/opt/mp-analytics/incoming/gab/САКУРА АБДУЛ 05.06.xlsx;Лазерная Sakura!r1070;ddbb1c580ba3ed878627b3d8dbea6c97710c4682804b2638b792149bf490915a
5486;32.0;12.0;10.0;36.0;12.0;9.0;-4.0 / 0.0 / 1.0;3.84;3.888;-0.048;2;В;1;/opt/mp-analytics/incoming/gab/САКУРА АБДУЛ 05.06.xlsx;Лазерная Sakura!r1071;ddbb1c580ba3ed878627b3d8dbea6c97710c4682804b2638b792149bf490915a
5487;32.0;12.0;10.0;36.0;12.0;9.0;-4.0 / 0.0 / 1.0;3.84;3.888;-0.048;2;В;1;/opt/mp-analytics/incoming/gab/САКУРА АБДУЛ 05.06.xlsx;Лазерная Sakura!r1072;ddbb1c580ba3ed878627b3d8dbea6c97710c4682804b2638b792149bf490915a
5488;32.0;12.0;10.0;36.0;12.0;9.0;-4.0 / 0.0 / 1.0;3.84;3.888;-0.048;2;В;1;/opt/mp-analytics/incoming/gab/САКУРА АБДУЛ 05.06.xlsx;Лазерная Sakura!r1073;ddbb1c580ba3ed878627b3d8dbea6c97710c4682804b2638b792149bf490915a
5492;37.0;20.0;15.0;21.3;12.5;9.5;15.7 / 7.5 / 5.5;11.1;2.529;8.571;1;Б;1;/opt/mp-analytics/incoming/gab/Вся расходка Китай РФ Cactus GG PR.xlsx;Лист1!r3253;d0488dd393f71b9cb95cf51390c2aba1ef902bcac7a8eb2f95247679cc1d25fc
5493;15.0;10.0;10.0;9.3;6.8;2.5;5.7 / 3.2 / 7.5;1.5;0.158;1.342;1;Б;1;/opt/mp-analytics/incoming/gab/Вся расходка Китай РФ Cactus GG PR.xlsx;Лист1!r3124;d0488dd393f71b9cb95cf51390c2aba1ef902bcac7a8eb2f95247679cc1d25fc
5494;37.0;15.0;12.0;30.5;20.5;10.0;6.5 / -5.5 / 2.0;6.66;6.253;0.407;1;Б;13;/opt/mp-analytics/incoming/gab/Изи.xlsx;Данные по картриджам!r2030;4064fa397384d687b0349dbae769c7d4a21c54bf65a712f6c31981a966b8f971
5495;36.0;33.0;32.0;19.0;6.5;6.0;17.0 / 26.5 / 26.0;38.016;0.741;37.275;2;Б;6;/opt/mp-analytics/incoming/gab/Вся расходка Китай РФ Cactus GG PR.xlsx;Лист1!r3901;d0488dd393f71b9cb95cf51390c2aba1ef902bcac7a8eb2f95247679cc1d25fc
5496;37.0;20.0;15.0;30.0;14.0;11.0;7.0 / 6.0 / 4.0;11.1;4.62;6.48;1;Б;1;/opt/mp-analytics/incoming/gab/Вся расходка Китай РФ Cactus GG PR.xlsx;Лист1!r3286;d0488dd393f71b9cb95cf51390c2aba1ef902bcac7a8eb2f95247679cc1d25fc
5497;37.0;20.0;15.0;30.0;14.0;11.0;7.0 / 6.0 / 4.0;11.1;4.62;6.48;1;Б;1;/opt/mp-analytics/incoming/gab/Вся расходка Китай РФ Cactus GG PR.xlsx;Лист1!r3285;d0488dd393f71b9cb95cf51390c2aba1ef902bcac7a8eb2f95247679cc1d25fc
5498;37.0;20.0;15.0;30.0;14.0;11.0;7.0 / 6.0 / 4.0;11.1;4.62;6.48;1;Б;1;/opt/mp-analytics/incoming/gab/Вся расходка Китай РФ Cactus GG PR.xlsx;Лист1!r3284;d0488dd393f71b9cb95cf51390c2aba1ef902bcac7a8eb2f95247679cc1d25fc
5499;37.0;20.0;15.0;30.0;14.0;11.0;7.0 / 6.0 / 4.0;11.1;4.62;6.48;1;Б;1;/opt/mp-analytics/incoming/gab/Вся расходка Китай РФ Cactus GG PR.xlsx;Лист1!r3283;d0488dd393f71b9cb95cf51390c2aba1ef902bcac7a8eb2f95247679cc1d25fc
5518;35.0;16.0;13.0;35.0;16.0;11.0;0.0 / 0.0 / 2.0;7.28;6.16;1.12;3;А;1;/opt/mp-analytics/incoming/gab/Изи.xlsx;Данные по картриджам!r656;4064fa397384d687b0349dbae769c7d4a21c54bf65a712f6c31981a966b8f971
5519;32.0;15.0;12.0;30.5;11.0;10.0;1.5 / 4.0 / 2.0;5.76;3.355;2.405;2;Б;4;/opt/mp-analytics/incoming/gab/Изи.xlsx;Данные по картриджам!r1803;4064fa397384d687b0349dbae769c7d4a21c54bf65a712f6c31981a966b8f971
5521;37.0;14.0;11.0;32.0;16.0;10.0;5.0 / -2.0 / 1.0;5.698;5.12;0.578;2;Б;6;/opt/mp-analytics/incoming/gab/Изи.xlsx;Данные по картриджам!r1870;4064fa397384d687b0349dbae769c7d4a21c54bf65a712f6c31981a966b8f971
5522;38.0;28.0;18.0;36.0;25.0;13.0;2.0 / 3.0 / 5.0;19.152;11.7;7.452;2;Б;1;/opt/mp-analytics/incoming/gab/Изи.xlsx;Данные по картриджам!r1821;4064fa397384d687b0349dbae769c7d4a21c54bf65a712f6c31981a966b8f971
5526;24.0;9.0;8.0;21.3;12.3;9.3;2.7 / -3.3 / -1.3;1.728;2.437;-0.709;3;В;1;/opt/mp-analytics/incoming/gab/Вся расходка Китай РФ Cactus GG PR.xlsx;Лист1!r3279;d0488dd393f71b9cb95cf51390c2aba1ef902bcac7a8eb2f95247679cc1d25fc
5527;33.0;16.0;8.0;33.0;14.5;11.0;0.0 / 1.5 / -3.0;4.224;5.263;-1.039;1;В;13;/opt/mp-analytics/incoming/gab/Изи.xlsx;Данные по картриджам!r1805;4064fa397384d687b0349dbae769c7d4a21c54bf65a712f6c31981a966b8f971
5530;36.0;23.0;10.0;30.5;20.5;10.0;5.5 / 2.5 / 0.0;8.28;6.253;2.027;3;Б;1;/opt/mp-analytics/incoming/gab/Изи.xlsx;Данные по картриджам!r1922;4064fa397384d687b0349dbae769c7d4a21c54bf65a712f6c31981a966b8f971
5545;32.0;14.0;10.0;32.0;14.0;10.0;0.0 / 0.0 / 0.0;4.48;4.48;0.0;2;А;1;/opt/mp-analytics/incoming/gab/Вся расходка Китай РФ Cactus GG PR.xlsx;Лист1!r3032;d0488dd393f71b9cb95cf51390c2aba1ef902bcac7a8eb2f95247679cc1d25fc
5546;37.0;11.0;10.0;12.0;11.0;9.5;25.0 / 0.0 / 0.5;4.07;1.254;2.816;1;Б;1;/opt/mp-analytics/incoming/gab/САКУРА АБДУЛ 05.06.xlsx;Лазерная Sakura!r1319;ddbb1c580ba3ed878627b3d8dbea6c97710c4682804b2638b792149bf490915a
5547;36.0;11.0;10.0;12.0;11.0;9.5;24.0 / 0.0 / 0.5;3.96;1.254;2.706;1;Б;1;/opt/mp-analytics/incoming/gab/САКУРА АБДУЛ 05.06.xlsx;Лазерная Sakura!r1320;ddbb1c580ba3ed878627b3d8dbea6c97710c4682804b2638b792149bf490915a
5548;36.0;11.0;10.0;12.0;11.0;9.5;24.0 / 0.0 / 0.5;3.96;1.254;2.706;1;Б;1;/opt/mp-analytics/incoming/gab/САКУРА АБДУЛ 05.06.xlsx;Лазерная Sakura!r1321;ddbb1c580ba3ed878627b3d8dbea6c97710c4682804b2638b792149bf490915a
5549;37.0;10.0;1.0;12.0;11.0;9.5;25.0 / -1.0 / -8.5;0.37;1.254;-0.884;1;В;1;/opt/mp-analytics/incoming/gab/САКУРА АБДУЛ 05.06.xlsx;Лазерная Sakura!r1322;ddbb1c580ba3ed878627b3d8dbea6c97710c4682804b2638b792149bf490915a
5550;36.0;12.0;12.0;33.0;16.0;10.0;3.0 / -4.0 / 2.0;5.184;5.28;-0.096;2;В;3;/opt/mp-analytics/incoming/gab/Изи.xlsx;Данные по картриджам!r1622;4064fa397384d687b0349dbae769c7d4a21c54bf65a712f6c31981a966b8f971
5569;56.0;14.0;11.0;60.0;18.5;13.0;-4.0 / -4.5 / -2.0;8.624;14.43;-5.806;1;В;1;/opt/mp-analytics/incoming/gab/САКУРА АБДУЛ 05.06.xlsx;Лазерная Sakura!r1433;ddbb1c580ba3ed878627b3d8dbea6c97710c4682804b2638b792149bf490915a
5576;31.0;15.0;9.0;33.0;23.0;11.0;-2.0 / -8.0 / -2.0;4.185;8.349;-4.164;1;В;1;/opt/mp-analytics/incoming/gab/Изи.xlsx;Данные по картриджам!r1710;4064fa397384d687b0349dbae769c7d4a21c54bf65a712f6c31981a966b8f971
5579;32.0;12.0;10.0;30.0;20.0;10.0;2.0 / -8.0 / 0.0;3.84;6.0;-2.16;2;В;1;/opt/mp-analytics/incoming/gab/САКУРА АБДУЛ 05.06.xlsx;Лазерная Sakura!r667;ddbb1c580ba3ed878627b3d8dbea6c97710c4682804b2638b792149bf490915a
5584;28.0;19.0;7.0;32.5;16.0;14.7;-4.5 / 3.0 / -7.7;3.724;7.644;-3.92;3;В;1;/opt/mp-analytics/incoming/gab/Вся расходка Китай РФ Cactus GG PR.xlsx;Лист1!r3280;d0488dd393f71b9cb95cf51390c2aba1ef902bcac7a8eb2f95247679cc1d25fc
5592;20.0;15.0;12.0;47.5;8.0;3.2;-27.5 / 7.0 / 8.8;3.6;1.216;2.384;2;Б;3;/opt/mp-analytics/incoming/gab/Вся расходка Китай РФ Cactus GG PR.xlsx;Лист1!r3120;d0488dd393f71b9cb95cf51390c2aba1ef902bcac7a8eb2f95247679cc1d25fc
5593;13.0;6.0;4.0;10.0;6.0;4.0;3.0 / 0.0 / 0.0;0.312;0.24;0.072;1;Б;1;/opt/mp-analytics/incoming/gab/Вся расходка Китай РФ Cactus GG PR.xlsx;Лист1!r3140;d0488dd393f71b9cb95cf51390c2aba1ef902bcac7a8eb2f95247679cc1d25fc
5594;13.0;6.0;4.0;10.0;6.0;4.0;3.0 / 0.0 / 0.0;0.312;0.24;0.072;1;Б;1;/opt/mp-analytics/incoming/gab/Вся расходка Китай РФ Cactus GG PR.xlsx;Лист1!r3141;d0488dd393f71b9cb95cf51390c2aba1ef902bcac7a8eb2f95247679cc1d25fc
5596;32.0;20.0;15.0;33.0;16.5;10.5;-1.0 / 3.5 / 4.5;9.6;5.717;3.883;3;Б;1;/opt/mp-analytics/incoming/gab/Вся расходка Китай РФ Cactus GG PR.xlsx;Лист1!r3125;d0488dd393f71b9cb95cf51390c2aba1ef902bcac7a8eb2f95247679cc1d25fc
5597;32.0;19.0;10.0;32.0;19.0;10.0;0.0 / 0.0 / 0.0;6.08;6.08;0.0;3;А;4;/opt/mp-analytics/incoming/gab/Изи.xlsx;Данные по картриджам!r1689;4064fa397384d687b0349dbae769c7d4a21c54bf65a712f6c31981a966b8f971
5602;50.0;9.0;8.0;30.0;14.0;11.0;20.0 / -5.0 / -3.0;3.6;4.62;-1.02;2;В;1;/opt/mp-analytics/incoming/gab/Вся расходка Китай РФ Cactus GG PR.xlsx;Лист1!r3289;d0488dd393f71b9cb95cf51390c2aba1ef902bcac7a8eb2f95247679cc1d25fc
5603;50.0;9.0;8.0;30.0;14.0;11.0;20.0 / -5.0 / -3.0;3.6;4.62;-1.02;2;В;1;/opt/mp-analytics/incoming/gab/Вся расходка Китай РФ Cactus GG PR.xlsx;Лист1!r3290;d0488dd393f71b9cb95cf51390c2aba1ef902bcac7a8eb2f95247679cc1d25fc
5604;50.0;9.0;8.0;30.0;14.0;11.0;20.0 / -5.0 / -3.0;3.6;4.62;-1.02;2;В;1;/opt/mp-analytics/incoming/gab/Вся расходка Китай РФ Cactus GG PR.xlsx;Лист1!r3287;d0488dd393f71b9cb95cf51390c2aba1ef902bcac7a8eb2f95247679cc1d25fc
5605;50.0;9.0;8.0;30.0;14.0;11.0;20.0 / -5.0 / -3.0;3.6;4.62;-1.02;2;В;1;/opt/mp-analytics/incoming/gab/Вся расходка Китай РФ Cactus GG PR.xlsx;Лист1!r3288;d0488dd393f71b9cb95cf51390c2aba1ef902bcac7a8eb2f95247679cc1d25fc
5607;35.0;25.0;25.0;56.0;12.0;12.0;-21.0 / 13.0 / 13.0;21.875;8.064;13.811;2;Б;3;/opt/mp-analytics/incoming/gab/Изи.xlsx;Данные по картриджам!r1716;4064fa397384d687b0349dbae769c7d4a21c54bf65a712f6c31981a966b8f971
5608;35.0;25.0;25.0;56.0;12.0;12.0;-21.0 / 13.0 / 13.0;21.875;8.064;13.811;2;Б;1;/opt/mp-analytics/incoming/gab/Изи.xlsx;Данные по картриджам!r1717;4064fa397384d687b0349dbae769c7d4a21c54bf65a712f6c31981a966b8f971
5609;34.0;14.0;10.0;49.5;8.5;7.5;-15.5 / 5.5 / 2.5;4.76;3.156;1.604;2;Б;3;/opt/mp-analytics/incoming/gab/Изи.xlsx;Данные по картриджам!r1722;4064fa397384d687b0349dbae769c7d4a21c54bf65a712f6c31981a966b8f971
5610;34.0;14.0;10.0;49.5;8.5;7.5;-15.5 / 5.5 / 2.5;4.76;3.156;1.604;2;Б;1;/opt/mp-analytics/incoming/gab/Изи.xlsx;Данные по картриджам!r1719;4064fa397384d687b0349dbae769c7d4a21c54bf65a712f6c31981a966b8f971
5611;34.0;14.0;10.0;49.5;8.5;7.5;-15.5 / 5.5 / 2.5;4.76;3.156;1.604;2;Б;1;/opt/mp-analytics/incoming/gab/Изи.xlsx;Данные по картриджам!r1720;4064fa397384d687b0349dbae769c7d4a21c54bf65a712f6c31981a966b8f971
5612;34.0;14.0;10.0;49.5;8.5;7.5;-15.5 / 5.5 / 2.5;4.76;3.156;1.604;2;Б;1;/opt/mp-analytics/incoming/gab/Изи.xlsx;Данные по картриджам!r1721;4064fa397384d687b0349dbae769c7d4a21c54bf65a712f6c31981a966b8f971
5614;11.0;10.0;5.0;11.0;10.0;5.0;0.0 / 0.0 / 0.0;0.55;0.55;0.0;2;А;2;/opt/mp-analytics/incoming/gab/Изи.xlsx;Данные по картриджам!r1598;4064fa397384d687b0349dbae769c7d4a21c54bf65a712f6c31981a966b8f971
5617;12.0;11.0;4.0;12.5;4.5;4.5;-0.5 / 6.5 / -0.5;0.528;0.253;0.275;1;Б;1;/opt/mp-analytics/incoming/gab/Изи.xlsx;Данные по картриджам!r1617;4064fa397384d687b0349dbae769c7d4a21c54bf65a712f6c31981a966b8f971
5618;30.0;13.0;12.0;32.2;14.8;11.7;-2.2 / -1.8 / 0.3;4.68;5.576;-0.896;4;В;2;/opt/mp-analytics/incoming/gab/Вся расходка Китай РФ Cactus GG PR.xlsx;Лист1!r3489;d0488dd393f71b9cb95cf51390c2aba1ef902bcac7a8eb2f95247679cc1d25fc
5619;30.0;15.0;12.0;32.0;14.0;12.0;-2.0 / 1.0 / 0.0;5.4;5.376;0.024;4;А;1;/opt/mp-analytics/incoming/gab/Вся расходка Китай РФ Cactus GG PR.xlsx;Лист1!r3863;d0488dd393f71b9cb95cf51390c2aba1ef902bcac7a8eb2f95247679cc1d25fc
5620;33.0;14.0;11.0;32.5;15.0;12.0;0.5 / -1.0 / -1.0;5.082;5.85;-0.768;4;А;1;/opt/mp-analytics/incoming/gab/Вся расходка Китай РФ Cactus GG PR.xlsx;Лист1!r3272;d0488dd393f71b9cb95cf51390c2aba1ef902bcac7a8eb2f95247679cc1d25fc
5621;33.0;14.0;13.0;32.5;15.0;12.0;0.5 / -1.0 / 1.0;6.006;5.85;0.156;4;А;1;/opt/mp-analytics/incoming/gab/Вся расходка Китай РФ Cactus GG PR.xlsx;Лист1!r3269;d0488dd393f71b9cb95cf51390c2aba1ef902bcac7a8eb2f95247679cc1d25fc
5622;33.0;14.0;11.0;32.5;15.0;12.0;0.5 / -1.0 / -1.0;5.082;5.85;-0.768;4;А;1;/opt/mp-analytics/incoming/gab/Вся расходка Китай РФ Cactus GG PR.xlsx;Лист1!r3270;d0488dd393f71b9cb95cf51390c2aba1ef902bcac7a8eb2f95247679cc1d25fc
5623;33.0;14.0;13.0;32.5;15.0;12.0;0.5 / -1.0 / 1.0;6.006;5.85;0.156;4;А;1;/opt/mp-analytics/incoming/gab/Вся расходка Китай РФ Cactus GG PR.xlsx;Лист1!r3271;d0488dd393f71b9cb95cf51390c2aba1ef902bcac7a8eb2f95247679cc1d25fc
5624;32.0;30.0;22.0;32.5;10.0;7.0;-0.5 / 20.0 / 15.0;21.12;2.275;18.845;1;Б;1;/opt/mp-analytics/incoming/gab/Изи.xlsx;Данные по картриджам!r1773;4064fa397384d687b0349dbae769c7d4a21c54bf65a712f6c31981a966b8f971
5625;30.0;10.0;10.0;32.0;14.0;12.0;-2.0 / -4.0 / -2.0;3.0;5.376;-2.376;4;В;1;/opt/mp-analytics/incoming/gab/САКУРА АБДУЛ 05.06.xlsx;Лазерная Sakura!r759;ddbb1c580ba3ed878627b3d8dbea6c97710c4682804b2638b792149bf490915a
5626;34.0;13.0;13.0;34.0;13.0;13.0;0.0 / 0.0 / 0.0;5.746;5.746;0.0;4;А;3;/opt/mp-analytics/incoming/gab/Изи.xlsx;Данные по картриджам!r1774;4064fa397384d687b0349dbae769c7d4a21c54bf65a712f6c31981a966b8f971
5627;33.0;13.0;11.0;32.0;14.0;12.0;1.0 / -1.0 / -1.0;4.719;5.376;-0.657;4;А;1;/opt/mp-analytics/incoming/gab/САКУРА АБДУЛ 05.06.xlsx;Лазерная Sakura!r760;ddbb1c580ba3ed878627b3d8dbea6c97710c4682804b2638b792149bf490915a
5628;33.0;13.0;11.0;32.0;14.0;12.0;1.0 / -1.0 / -1.0;4.719;5.376;-0.657;4;А;1;/opt/mp-analytics/incoming/gab/САКУРА АБДУЛ 05.06.xlsx;Лазерная Sakura!r761;ddbb1c580ba3ed878627b3d8dbea6c97710c4682804b2638b792149bf490915a
5630;18.0;13.0;7.0;21.0;12.0;10.0;-3.0 / 1.0 / -3.0;1.638;2.52;-0.882;4;В;1;/opt/mp-analytics/incoming/gab/Вся расходка Китай РФ Cactus GG PR.xlsx;Лист1!r3882;d0488dd393f71b9cb95cf51390c2aba1ef902bcac7a8eb2f95247679cc1d25fc
5632;18.0;13.0;7.0;21.0;12.0;10.0;-3.0 / 1.0 / -3.0;1.638;2.52;-0.882;4;В;1;/opt/mp-analytics/incoming/gab/Вся расходка Китай РФ Cactus GG PR.xlsx;Лист1!r3883;d0488dd393f71b9cb95cf51390c2aba1ef902bcac7a8eb2f95247679cc1d25fc
5633;18.0;13.0;7.0;21.0;12.0;10.0;-3.0 / 1.0 / -3.0;1.638;2.52;-0.882;4;В;1;/opt/mp-analytics/incoming/gab/Вся расходка Китай РФ Cactus GG PR.xlsx;Лист1!r3884;d0488dd393f71b9cb95cf51390c2aba1ef902bcac7a8eb2f95247679cc1d25fc
5635;33.0;25.0;22.0;30.0;17.0;13.0;3.0 / 8.0 / 9.0;18.15;6.63;11.52;1;Б;2;/opt/mp-analytics/incoming/gab/Изи.xlsx;Данные по картриджам!r1162;4064fa397384d687b0349dbae769c7d4a21c54bf65a712f6c31981a966b8f971
5636;34.0;22.0;12.0;34.0;22.0;12.0;0.0 / 0.0 / 0.0;8.976;8.976;0.0;2;А;5;/opt/mp-analytics/incoming/gab/Изи.xlsx;Данные по картриджам!r1523;4064fa397384d687b0349dbae769c7d4a21c54bf65a712f6c31981a966b8f971
5637;;;;36.0;12.0;12.0;нет карточек wb_acc1;;;;1;Г;0;/opt/mp-analytics/incoming/gab/САКУРА АБДУЛ 05.06.xlsx;Лазерная Sakura!r847;ddbb1c580ba3ed878627b3d8dbea6c97710c4682804b2638b792149bf490915a
5638;31.0;15.0;9.0;33.0;16.0;10.0;-2.0 / -1.0 / -1.0;4.185;5.28;-1.095;2;А;1;/opt/mp-analytics/incoming/gab/Изи.xlsx;Данные по картриджам!r1623;4064fa397384d687b0349dbae769c7d4a21c54bf65a712f6c31981a966b8f971
5639;31.0;15.0;9.0;33.0;16.0;10.0;-2.0 / -1.0 / -1.0;4.185;5.28;-1.095;2;А;1;/opt/mp-analytics/incoming/gab/Изи.xlsx;Данные по картриджам!r1624;4064fa397384d687b0349dbae769c7d4a21c54bf65a712f6c31981a966b8f971
5640;31.0;15.0;9.0;33.0;16.0;10.0;-2.0 / -1.0 / -1.0;4.185;5.28;-1.095;2;А;1;/opt/mp-analytics/incoming/gab/Изи.xlsx;Данные по картриджам!r1625;4064fa397384d687b0349dbae769c7d4a21c54bf65a712f6c31981a966b8f971
5693;14.0;4.0;4.0;12.5;12.5;4.6;1.5 / -8.5 / -0.6;0.224;0.719;-0.495;1;В;1;/opt/mp-analytics/incoming/gab/Вся расходка Китай РФ Cactus GG PR.xlsx;Лист1!r1514;d0488dd393f71b9cb95cf51390c2aba1ef902bcac7a8eb2f95247679cc1d25fc
5698;31.0;13.0;10.0;30.0;20.0;10.0;1.0 / -7.0 / 0.0;4.03;6.0;-1.97;3;В;1;/opt/mp-analytics/incoming/gab/САКУРА АБДУЛ 05.06.xlsx;Лазерная Sakura!r668;ddbb1c580ba3ed878627b3d8dbea6c97710c4682804b2638b792149bf490915a
5704;33.0;15.0;9.0;32.0;16.0;10.0;1.0 / -1.0 / -1.0;4.455;5.12;-0.665;2;А;1;/opt/mp-analytics/incoming/gab/Изи.xlsx;Данные по картриджам!r1711;4064fa397384d687b0349dbae769c7d4a21c54bf65a712f6c31981a966b8f971
5706;12.0;6.0;4.0;10.0;6.0;4.0;2.0 / 0.0 / 0.0;0.288;0.24;0.048;1;А;1;/opt/mp-analytics/incoming/gab/Вся расходка Китай РФ Cactus GG PR.xlsx;Лист1!r3136;d0488dd393f71b9cb95cf51390c2aba1ef902bcac7a8eb2f95247679cc1d25fc
5707;13.0;6.0;4.0;10.0;6.0;4.0;3.0 / 0.0 / 0.0;0.312;0.24;0.072;1;Б;1;/opt/mp-analytics/incoming/gab/Вся расходка Китай РФ Cactus GG PR.xlsx;Лист1!r3137;d0488dd393f71b9cb95cf51390c2aba1ef902bcac7a8eb2f95247679cc1d25fc
5708;30.0;10.0;10.0;21.5;12.3;9.5;8.5 / -2.3 / 0.5;3.0;2.512;0.488;1;Б;2;/opt/mp-analytics/incoming/gab/Вся расходка Китай РФ Cactus GG PR.xlsx;Лист1!r3292;d0488dd393f71b9cb95cf51390c2aba1ef902bcac7a8eb2f95247679cc1d25fc
5710;32.0;14.0;12.0;32.0;14.0;12.0;0.0 / 0.0 / 0.0;5.376;5.376;0.0;2;А;2;/opt/mp-analytics/incoming/gab/Вся расходка Китай РФ Cactus GG PR.xlsx;Лист1!r3418;d0488dd393f71b9cb95cf51390c2aba1ef902bcac7a8eb2f95247679cc1d25fc
5711;32.0;14.0;10.0;31.5;14.0;11.0;0.5 / 0.0 / -1.0;4.48;4.851;-0.371;2;А;1;/opt/mp-analytics/incoming/gab/Вся расходка Китай РФ Cactus GG PR.xlsx;Лист1!r3815;d0488dd393f71b9cb95cf51390c2aba1ef902bcac7a8eb2f95247679cc1d25fc
5712;32.0;14.0;10.0;31.5;14.0;11.0;0.5 / 0.0 / -1.0;4.48;4.851;-0.371;2;А;1;/opt/mp-analytics/incoming/gab/Вся расходка Китай РФ Cactus GG PR.xlsx;Лист1!r3817;d0488dd393f71b9cb95cf51390c2aba1ef902bcac7a8eb2f95247679cc1d25fc
5713;32.0;14.0;10.0;31.5;14.0;11.0;0.5 / 0.0 / -1.0;4.48;4.851;-0.371;2;А;1;/opt/mp-analytics/incoming/gab/Вся расходка Китай РФ Cactus GG PR.xlsx;Лист1!r3818;d0488dd393f71b9cb95cf51390c2aba1ef902bcac7a8eb2f95247679cc1d25fc
5715;52.0;25.0;11.0;52.5;24.0;7.5;-0.5 / 1.0 / 3.5;14.3;9.45;4.85;2;Б;2;/opt/mp-analytics/incoming/gab/Изи.xlsx;Данные по картриджам!r1873;4064fa397384d687b0349dbae769c7d4a21c54bf65a712f6c31981a966b8f971
5716;43.0;7.0;7.0;43.3;7.3;6.9;-0.3 / -0.3 / 0.1;2.107;2.181;-0.074;1;А;1;/opt/mp-analytics/incoming/gab/Вся расходка Китай РФ Cactus GG PR.xlsx;Лист1!r3409;d0488dd393f71b9cb95cf51390c2aba1ef902bcac7a8eb2f95247679cc1d25fc
5717;43.0;8.0;7.0;43.3;7.3;6.9;-0.3 / 0.7 / 0.1;2.408;2.181;0.227;1;А;1;/opt/mp-analytics/incoming/gab/Вся расходка Китай РФ Cactus GG PR.xlsx;Лист1!r3410;d0488dd393f71b9cb95cf51390c2aba1ef902bcac7a8eb2f95247679cc1d25fc
5718;44.0;8.0;7.0;43.3;7.3;6.9;0.7 / 0.7 / 0.1;2.464;2.181;0.283;1;А;1;/opt/mp-analytics/incoming/gab/Вся расходка Китай РФ Cactus GG PR.xlsx;Лист1!r3411;d0488dd393f71b9cb95cf51390c2aba1ef902bcac7a8eb2f95247679cc1d25fc
5719;14.0;11.0;8.0;26.0;9.5;9.0;-12.0 / 1.5 / -1.0;1.232;2.223;-0.991;4;В;3;/opt/mp-analytics/incoming/gab/Изи.xlsx;Данные по картриджам!r1827;4064fa397384d687b0349dbae769c7d4a21c54bf65a712f6c31981a966b8f971
5720;14.0;11.0;7.0;18.0;12.5;6.5;-4.0 / -1.5 / 0.5;1.078;1.462;-0.384;4;В;1;/opt/mp-analytics/incoming/gab/Изи.xlsx;Данные по картриджам!r1829;4064fa397384d687b0349dbae769c7d4a21c54bf65a712f6c31981a966b8f971
5721;14.0;11.0;7.0;18.0;12.5;6.5;-4.0 / -1.5 / 0.5;1.078;1.462;-0.384;4;В;1;/opt/mp-analytics/incoming/gab/Изи.xlsx;Данные по картриджам!r1830;4064fa397384d687b0349dbae769c7d4a21c54bf65a712f6c31981a966b8f971
5722;14.0;11.0;7.0;18.0;12.5;6.5;-4.0 / -1.5 / 0.5;1.078;1.462;-0.384;4;В;1;/opt/mp-analytics/incoming/gab/Изи.xlsx;Данные по картриджам!r1828;4064fa397384d687b0349dbae769c7d4a21c54bf65a712f6c31981a966b8f971
5724;35.0;25.0;9.0;51.0;26.0;12.0;-16.0 / -1.0 / -3.0;7.875;15.912;-8.037;2;В;1;/opt/mp-analytics/incoming/gab/Вся расходка Китай РФ Cactus GG PR.xlsx;Лист1!r3400;d0488dd393f71b9cb95cf51390c2aba1ef902bcac7a8eb2f95247679cc1d25fc
5725;34.0;16.0;9.0;32.0;15.0;11.0;2.0 / 1.0 / -2.0;4.896;5.28;-0.384;3;А;1;/opt/mp-analytics/incoming/gab/Вся расходка Китай РФ Cactus GG PR.xlsx;Лист1!r3294;d0488dd393f71b9cb95cf51390c2aba1ef902bcac7a8eb2f95247679cc1d25fc
5729;35.0;25.0;13.0;35.0;25.5;13.0;0.0 / -0.5 / 0.0;11.375;11.602;-0.227;2;А;2;/opt/mp-analytics/incoming/gab/Изи.xlsx;Данные по картриджам!r1435;4064fa397384d687b0349dbae769c7d4a21c54bf65a712f6c31981a966b8f971
5731;41.0;35.0;21.0;35.5;28.0;15.0;5.5 / 7.0 / 6.0;30.135;14.91;15.225;1;Б;1;/opt/mp-analytics/incoming/gab/Изи.xlsx;Данные по картриджам!r1914;4064fa397384d687b0349dbae769c7d4a21c54bf65a712f6c31981a966b8f971
5742;31.0;15.0;9.0;33.0;19.0;16.0;-2.0 / -4.0 / -7.0;4.185;10.032;-5.847;3;В;3;/opt/mp-analytics/incoming/gab/САКУРА АБДУЛ 05.06.xlsx;Лазерная Sakura!r1373;ddbb1c580ba3ed878627b3d8dbea6c97710c4682804b2638b792149bf490915a
5749;34.0;19.0;11.0;32.5;16.5;9.3;1.5 / 2.5 / 1.7;7.106;4.987;2.119;2;Б;4;/opt/mp-analytics/incoming/gab/САКУРА АБДУЛ 05.06.xlsx;Лазерная Sakura!r400;ddbb1c580ba3ed878627b3d8dbea6c97710c4682804b2638b792149bf490915a
5757;30.0;14.0;11.0;51.0;25.0;11.0;-21.0 / -11.0 / 0.0;4.62;14.025;-9.405;3;В;2;/opt/mp-analytics/incoming/gab/Вся расходка Китай РФ Cactus GG PR.xlsx;Лист1!r4357;d0488dd393f71b9cb95cf51390c2aba1ef902bcac7a8eb2f95247679cc1d25fc
5758;18.0;6.0;6.0;15.0;4.8;4.8;3.0 / 1.2 / 1.2;0.648;0.346;0.302;2;Б;3;/opt/mp-analytics/incoming/gab/Вся расходка Китай РФ Cactus GG PR.xlsx;Лист1!r3970;d0488dd393f71b9cb95cf51390c2aba1ef902bcac7a8eb2f95247679cc1d25fc
5759;18.0;6.0;6.0;15.0;4.8;4.8;3.0 / 1.2 / 1.2;0.648;0.346;0.302;2;Б;1;/opt/mp-analytics/incoming/gab/Вся расходка Китай РФ Cactus GG PR.xlsx;Лист1!r3971;d0488dd393f71b9cb95cf51390c2aba1ef902bcac7a8eb2f95247679cc1d25fc
5760;18.0;6.0;6.0;15.0;4.8;4.8;3.0 / 1.2 / 1.2;0.648;0.346;0.302;2;Б;1;/opt/mp-analytics/incoming/gab/Вся расходка Китай РФ Cactus GG PR.xlsx;Лист1!r3972;d0488dd393f71b9cb95cf51390c2aba1ef902bcac7a8eb2f95247679cc1d25fc
5761;18.0;6.0;6.0;15.0;4.8;4.8;3.0 / 1.2 / 1.2;0.648;0.346;0.302;2;Б;1;/opt/mp-analytics/incoming/gab/Вся расходка Китай РФ Cactus GG PR.xlsx;Лист1!r3973;d0488dd393f71b9cb95cf51390c2aba1ef902bcac7a8eb2f95247679cc1d25fc
5762;18.0;6.0;6.0;15.0;4.8;4.8;3.0 / 1.2 / 1.2;0.648;0.346;0.302;2;Б;1;/opt/mp-analytics/incoming/gab/Вся расходка Китай РФ Cactus GG PR.xlsx;Лист1!r3974;d0488dd393f71b9cb95cf51390c2aba1ef902bcac7a8eb2f95247679cc1d25fc
5763;18.0;6.0;6.0;15.0;4.8;4.8;3.0 / 1.2 / 1.2;0.648;0.346;0.302;2;Б;1;/opt/mp-analytics/incoming/gab/Вся расходка Китай РФ Cactus GG PR.xlsx;Лист1!r3975;d0488dd393f71b9cb95cf51390c2aba1ef902bcac7a8eb2f95247679cc1d25fc
5765;37.0;20.0;15.0;33.0;16.5;11.0;4.0 / 3.5 / 4.0;11.1;5.989;5.111;1;Б;1;/opt/mp-analytics/incoming/gab/Вся расходка Китай РФ Cactus GG PR.xlsx;Лист1!r3268;d0488dd393f71b9cb95cf51390c2aba1ef902bcac7a8eb2f95247679cc1d25fc
5766;31.0;15.0;9.0;12.5;4.5;4.5;18.5 / 10.5 / 4.5;4.185;0.253;3.932;1;Б;1;/opt/mp-analytics/incoming/gab/Изи.xlsx;Данные по картриджам!r1696;4064fa397384d687b0349dbae769c7d4a21c54bf65a712f6c31981a966b8f971
5767;35.0;14.0;10.0;32.5;14.5;11.0;2.5 / -0.5 / -1.0;4.9;5.184;-0.284;4;В;5;/opt/mp-analytics/incoming/gab/Вся расходка Китай РФ Cactus GG PR.xlsx;Лист1!r3913;d0488dd393f71b9cb95cf51390c2aba1ef902bcac7a8eb2f95247679cc1d25fc
5768;32.0;13.0;10.0;32.5;14.5;11.0;-0.5 / -1.5 / -1.0;4.16;5.184;-1.024;4;А;1;/opt/mp-analytics/incoming/gab/Вся расходка Китай РФ Cactus GG PR.xlsx;Лист1!r3914;d0488dd393f71b9cb95cf51390c2aba1ef902bcac7a8eb2f95247679cc1d25fc
5769;32.0;13.0;10.0;32.5;14.5;11.0;-0.5 / -1.5 / -1.0;4.16;5.184;-1.024;4;А;1;/opt/mp-analytics/incoming/gab/Вся расходка Китай РФ Cactus GG PR.xlsx;Лист1!r3915;d0488dd393f71b9cb95cf51390c2aba1ef902bcac7a8eb2f95247679cc1d25fc
5770;32.0;13.0;10.0;32.5;14.5;11.0;-0.5 / -1.5 / -1.0;4.16;5.184;-1.024;4;А;1;/opt/mp-analytics/incoming/gab/Вся расходка Китай РФ Cactus GG PR.xlsx;Лист1!r3916;d0488dd393f71b9cb95cf51390c2aba1ef902bcac7a8eb2f95247679cc1d25fc
5773;37.0;22.0;12.0;30.0;20.0;10.0;7.0 / 2.0 / 2.0;9.768;6.0;3.768;3;Б;5;/opt/mp-analytics/incoming/gab/САКУРА АБДУЛ 05.06.xlsx;Лазерная Sakura!r665;ddbb1c580ba3ed878627b3d8dbea6c97710c4682804b2638b792149bf490915a
5774;21.0;8.0;7.0;21.5;7.5;6.0;-0.5 / 0.5 / 1.0;1.176;0.968;0.208;1;А;1;/opt/mp-analytics/incoming/gab/Изи.xlsx;Данные по картриджам!r1666;4064fa397384d687b0349dbae769c7d4a21c54bf65a712f6c31981a966b8f971
5776;33.0;23.0;10.0;30.5;20.0;10.0;2.5 / 3.0 / 0.0;7.59;6.1;1.49;1;Б;3;/opt/mp-analytics/incoming/gab/Изи.xlsx;Данные по картриджам!r1907;4064fa397384d687b0349dbae769c7d4a21c54bf65a712f6c31981a966b8f971
5779;13.0;6.0;4.0;10.0;6.0;4.0;3.0 / 0.0 / 0.0;0.312;0.24;0.072;1;Б;1;/opt/mp-analytics/incoming/gab/Вся расходка Китай РФ Cactus GG PR.xlsx;Лист1!r3135;d0488dd393f71b9cb95cf51390c2aba1ef902bcac7a8eb2f95247679cc1d25fc
5781;38.0;24.0;12.0;37.0;23.0;11.0;1.0 / 1.0 / 1.0;10.944;9.361;1.583;2;А;1;/opt/mp-analytics/incoming/gab/САКУРА АБДУЛ 05.06.xlsx;Лазерная Sakura!r398;ddbb1c580ba3ed878627b3d8dbea6c97710c4682804b2638b792149bf490915a
5782;37.0;15.0;9.0;30.6;12.3;12.3;6.4 / 2.7 / -3.3;4.995;4.629;0.366;1;Б;1;/opt/mp-analytics/incoming/gab/САКУРА АБДУЛ 05.06.xlsx;Лазерная Sakura!r53;ddbb1c580ba3ed878627b3d8dbea6c97710c4682804b2638b792149bf490915a
5783;38.0;15.0;9.0;37.0;15.0;9.0;1.0 / 0.0 / 0.0;5.13;4.995;0.135;2;А;1;/opt/mp-analytics/incoming/gab/САКУРА АБДУЛ 05.06.xlsx;Лазерная Sakura!r7;ddbb1c580ba3ed878627b3d8dbea6c97710c4682804b2638b792149bf490915a
5784;37.0;15.0;9.0;30.1;15.7;15.7;6.9 / -0.7 / -6.7;4.995;7.419;-2.424;2;В;1;/opt/mp-analytics/incoming/gab/САКУРА АБДУЛ 05.06.xlsx;Лазерная Sakura!r8;ddbb1c580ba3ed878627b3d8dbea6c97710c4682804b2638b792149bf490915a
5785;37.0;15.0;9.0;30.1;15.7;15.7;6.9 / -0.7 / -6.7;4.995;7.419;-2.424;2;В;1;/opt/mp-analytics/incoming/gab/САКУРА АБДУЛ 05.06.xlsx;Лазерная Sakura!r9;ddbb1c580ba3ed878627b3d8dbea6c97710c4682804b2638b792149bf490915a
5786;37.0;15.0;9.0;30.1;15.7;15.7;6.9 / -0.7 / -6.7;4.995;7.419;-2.424;2;В;1;/opt/mp-analytics/incoming/gab/САКУРА АБДУЛ 05.06.xlsx;Лазерная Sakura!r10;ddbb1c580ba3ed878627b3d8dbea6c97710c4682804b2638b792149bf490915a
5788;35.0;25.0;14.0;37.1;25.8;11.6;-2.1 / -0.8 / 2.4;12.25;11.103;1.147;2;Б;1;/opt/mp-analytics/incoming/gab/САКУРА АБДУЛ 05.06.xlsx;Лазерная Sakura!r341;ddbb1c580ba3ed878627b3d8dbea6c97710c4682804b2638b792149bf490915a
5790;;;;37.0;26.0;11.0;нет карточек wb_acc1;;;;3;Г;0;/opt/mp-analytics/incoming/gab/САКУРА АБДУЛ 05.06.xlsx;Лазерная Sakura!r1358;ddbb1c580ba3ed878627b3d8dbea6c97710c4682804b2638b792149bf490915a
5791;20.0;20.0;10.0;20.0;12.0;10.0;0.0 / 8.0 / 0.0;4.0;2.4;1.6;2;Б;1;/opt/mp-analytics/incoming/gab/САКУРА АБДУЛ 05.06.xlsx;Лазерная Sakura!r1245;ddbb1c580ba3ed878627b3d8dbea6c97710c4682804b2638b792149bf490915a
5793;32.0;20.0;9.0;35.0;18.5;12.0;-3.0 / 1.5 / -3.0;5.76;7.77;-2.01;3;В;3;/opt/mp-analytics/incoming/gab/Изи.xlsx;Данные по картриджам!r1854;4064fa397384d687b0349dbae769c7d4a21c54bf65a712f6c31981a966b8f971
5794;35.0;14.0;10.0;34.0;16.5;9.0;1.0 / -2.5 / 1.0;4.9;5.049;-0.149;1;В;2;/opt/mp-analytics/incoming/gab/Изи.xlsx;Данные по картриджам!r1836;4064fa397384d687b0349dbae769c7d4a21c54bf65a712f6c31981a966b8f971
5795;35.0;14.0;10.0;34.0;16.5;9.0;1.0 / -2.5 / 1.0;4.9;5.049;-0.149;1;В;1;/opt/mp-analytics/incoming/gab/Изи.xlsx;Данные по картриджам!r1837;4064fa397384d687b0349dbae769c7d4a21c54bf65a712f6c31981a966b8f971
5796;35.0;14.0;10.0;34.0;16.5;9.0;1.0 / -2.5 / 1.0;4.9;5.049;-0.149;1;В;1;/opt/mp-analytics/incoming/gab/Изи.xlsx;Данные по картриджам!r1838;4064fa397384d687b0349dbae769c7d4a21c54bf65a712f6c31981a966b8f971
5797;35.0;14.0;10.0;34.0;16.5;9.0;1.0 / -2.5 / 1.0;4.9;5.049;-0.149;1;В;1;/opt/mp-analytics/incoming/gab/Изи.xlsx;Данные по картриджам!r1839;4064fa397384d687b0349dbae769c7d4a21c54bf65a712f6c31981a966b8f971
5806;31.0;19.0;9.0;35.0;18.5;12.0;-4.0 / 0.5 / -3.0;5.301;7.77;-2.469;3;В;1;/opt/mp-analytics/incoming/gab/Изи.xlsx;Данные по картриджам!r1855;4064fa397384d687b0349dbae769c7d4a21c54bf65a712f6c31981a966b8f971
5807;58.0;8.0;7.0;55.0;9.5;9.5;3.0 / -1.5 / -2.5;3.248;4.964;-1.716;2;В;2;/opt/mp-analytics/incoming/gab/Вся расходка Китай РФ Cactus GG PR.xlsx;Лист1!r3920;d0488dd393f71b9cb95cf51390c2aba1ef902bcac7a8eb2f95247679cc1d25fc
5811;36.0;10.0;7.0;55.0;9.3;9.3;-19.0 / 0.7 / -2.3;2.52;4.757;-2.237;2;В;1;/opt/mp-analytics/incoming/gab/Вся расходка Китай РФ Cactus GG PR.xlsx;Лист1!r4223;d0488dd393f71b9cb95cf51390c2aba1ef902bcac7a8eb2f95247679cc1d25fc
5812;36.0;10.0;7.0;55.0;9.3;9.3;-19.0 / 0.7 / -2.3;2.52;4.757;-2.237;2;В;1;/opt/mp-analytics/incoming/gab/Вся расходка Китай РФ Cactus GG PR.xlsx;Лист1!r4222;d0488dd393f71b9cb95cf51390c2aba1ef902bcac7a8eb2f95247679cc1d25fc
5813;36.0;10.0;7.0;55.0;9.3;9.3;-19.0 / 0.7 / -2.3;2.52;4.757;-2.237;2;В;1;/opt/mp-analytics/incoming/gab/Вся расходка Китай РФ Cactus GG PR.xlsx;Лист1!r4221;d0488dd393f71b9cb95cf51390c2aba1ef902bcac7a8eb2f95247679cc1d25fc
5816;33.0;18.0;10.0;32.5;16.5;9.3;0.5 / 1.5 / 0.7;5.94;4.987;0.953;2;А;1;/opt/mp-analytics/incoming/gab/САКУРА АБДУЛ 05.06.xlsx;Лазерная Sakura!r399;ddbb1c580ba3ed878627b3d8dbea6c97710c4682804b2638b792149bf490915a
5817;41.0;13.0;12.0;34.5;13.2;10.4;6.5 / -0.2 / 1.6;6.396;4.736;1.66;2;Б;1;/opt/mp-analytics/incoming/gab/Вся расходка Китай РФ Cactus GG PR.xlsx;Лист1!r4105;d0488dd393f71b9cb95cf51390c2aba1ef902bcac7a8eb2f95247679cc1d25fc
5818;41.0;13.0;12.0;34.5;13.2;10.4;6.5 / -0.2 / 1.6;6.396;4.736;1.66;2;Б;1;/opt/mp-analytics/incoming/gab/Вся расходка Китай РФ Cactus GG PR.xlsx;Лист1!r4106;d0488dd393f71b9cb95cf51390c2aba1ef902bcac7a8eb2f95247679cc1d25fc
5819;41.0;13.0;12.0;34.5;13.2;10.4;6.5 / -0.2 / 1.6;6.396;4.736;1.66;2;Б;1;/opt/mp-analytics/incoming/gab/Вся расходка Китай РФ Cactus GG PR.xlsx;Лист1!r4107;d0488dd393f71b9cb95cf51390c2aba1ef902bcac7a8eb2f95247679cc1d25fc
5820;41.0;13.0;12.0;34.5;13.2;10.4;6.5 / -0.2 / 1.6;6.396;4.736;1.66;2;Б;1;/opt/mp-analytics/incoming/gab/Вся расходка Китай РФ Cactus GG PR.xlsx;Лист1!r4108;d0488dd393f71b9cb95cf51390c2aba1ef902bcac7a8eb2f95247679cc1d25fc
5825;36.0;30.0;12.0;36.0;25.5;13.0;0.0 / 4.5 / -1.0;12.96;11.934;1.026;3;Б;1;/opt/mp-analytics/incoming/gab/Изи.xlsx;Данные по картриджам!r1849;4064fa397384d687b0349dbae769c7d4a21c54bf65a712f6c31981a966b8f971
5827;33.0;17.0;10.0;36.3;10.3;8.7;-3.3 / 6.7 / 1.3;5.61;3.253;2.357;1;Б;1;/opt/mp-analytics/incoming/gab/САКУРА АБДУЛ 05.06.xlsx;Лазерная Sakura!r687;ddbb1c580ba3ed878627b3d8dbea6c97710c4682804b2638b792149bf490915a
5828;37.0;15.0;9.0;30.5;19.5;9.7;6.5 / -4.5 / -0.7;4.995;5.769;-0.774;1;В;1;/opt/mp-analytics/incoming/gab/САКУРА АБДУЛ 05.06.xlsx;Лазерная Sakura!r688;ddbb1c580ba3ed878627b3d8dbea6c97710c4682804b2638b792149bf490915a
5834;31.0;15.0;9.0;55.5;8.0;8.0;-24.5 / 7.0 / 1.0;4.185;3.552;0.633;1;Б;1;/opt/mp-analytics/incoming/gab/Изи.xlsx;Данные по картриджам!r1818;4064fa397384d687b0349dbae769c7d4a21c54bf65a712f6c31981a966b8f971
5836;;;;32.5;15.0;12.0;нет карточек wb_acc1;;;;1;Г;0;/opt/mp-analytics/incoming/gab/Вся расходка Китай РФ Cactus GG PR.xlsx;Лист1!r3383;d0488dd393f71b9cb95cf51390c2aba1ef902bcac7a8eb2f95247679cc1d25fc
5837;;;;32.5;15.0;12.0;нет карточек wb_acc1;;;;1;Г;0;/opt/mp-analytics/incoming/gab/Вся расходка Китай РФ Cactus GG PR.xlsx;Лист1!r3384;d0488dd393f71b9cb95cf51390c2aba1ef902bcac7a8eb2f95247679cc1d25fc
5840;37.0;15.0;12.0;33.0;16.0;12.0;4.0 / -1.0 / 0.0;6.66;6.336;0.324;2;Б;1;/opt/mp-analytics/incoming/gab/Изи.xlsx;Данные по картриджам!r1359;4064fa397384d687b0349dbae769c7d4a21c54bf65a712f6c31981a966b8f971
5841;35.0;14.0;10.0;29.5;7.3;3.2;5.5 / 6.7 / 6.8;4.9;0.689;4.211;1;Б;3;/opt/mp-analytics/incoming/gab/Изи.xlsx;Данные по картриджам!r1383;4064fa397384d687b0349dbae769c7d4a21c54bf65a712f6c31981a966b8f971
5843;31.0;15.0;9.0;35.0;29.5;15.0;-4.0 / -14.5 / -6.0;4.185;15.488;-11.303;1;В;1;/opt/mp-analytics/incoming/gab/Изи.xlsx;Данные по картриджам!r1819;4064fa397384d687b0349dbae769c7d4a21c54bf65a712f6c31981a966b8f971
5844;35.0;14.0;10.0;33.0;17.0;14.0;2.0 / -3.0 / -4.0;4.9;7.854;-2.954;1;В;1;/opt/mp-analytics/incoming/gab/Изи.xlsx;Данные по картриджам!r1846;4064fa397384d687b0349dbae769c7d4a21c54bf65a712f6c31981a966b8f971
5845;35.0;14.0;10.0;49.0;11.0;11.0;-14.0 / 3.0 / -1.0;4.9;5.929;-1.029;3;В;4;/opt/mp-analytics/incoming/gab/Изи.xlsx;Данные по картриджам!r1851;4064fa397384d687b0349dbae769c7d4a21c54bf65a712f6c31981a966b8f971
5847;35.0;14.0;10.0;37.0;16.0;16.0;-2.0 / -2.0 / -6.0;4.9;9.472;-4.572;3;В;3;/opt/mp-analytics/incoming/gab/САКУРА АБДУЛ 05.06.xlsx;Лазерная Sakura!r1354;ddbb1c580ba3ed878627b3d8dbea6c97710c4682804b2638b792149bf490915a
5848;35.0;14.0;10.0;18.0;12.5;6.5;17.0 / 1.5 / 3.5;4.9;1.462;3.438;1;Б;1;/opt/mp-analytics/incoming/gab/Изи.xlsx;Данные по картриджам!r1865;4064fa397384d687b0349dbae769c7d4a21c54bf65a712f6c31981a966b8f971
5849;35.0;14.0;10.0;34.5;13.2;10.4;0.5 / 0.8 / -0.4;4.9;4.736;0.164;4;А;3;/opt/mp-analytics/incoming/gab/Вся расходка Китай РФ Cactus GG PR.xlsx;Лист1!r4109;d0488dd393f71b9cb95cf51390c2aba1ef902bcac7a8eb2f95247679cc1d25fc
5850;35.0;14.0;10.0;34.5;13.2;10.4;0.5 / 0.8 / -0.4;4.9;4.736;0.164;4;А;1;/opt/mp-analytics/incoming/gab/Вся расходка Китай РФ Cactus GG PR.xlsx;Лист1!r4110;d0488dd393f71b9cb95cf51390c2aba1ef902bcac7a8eb2f95247679cc1d25fc
5851;35.0;14.0;10.0;34.5;13.2;10.4;0.5 / 0.8 / -0.4;4.9;4.736;0.164;4;А;1;/opt/mp-analytics/incoming/gab/Вся расходка Китай РФ Cactus GG PR.xlsx;Лист1!r4111;d0488dd393f71b9cb95cf51390c2aba1ef902bcac7a8eb2f95247679cc1d25fc
5852;35.0;14.0;10.0;34.5;13.2;10.4;0.5 / 0.8 / -0.4;4.9;4.736;0.164;4;А;1;/opt/mp-analytics/incoming/gab/Вся расходка Китай РФ Cactus GG PR.xlsx;Лист1!r4112;d0488dd393f71b9cb95cf51390c2aba1ef902bcac7a8eb2f95247679cc1d25fc
5855;31.0;15.0;9.0;55.0;12.0;11.0;-24.0 / 3.0 / -2.0;4.185;7.26;-3.075;1;В;1;/opt/mp-analytics/incoming/gab/Изи.xlsx;Данные по картриджам!r1890;4064fa397384d687b0349dbae769c7d4a21c54bf65a712f6c31981a966b8f971
5856;31.0;15.0;9.0;55.0;19.5;17.0;-24.0 / -4.5 / -8.0;4.185;18.233;-14.048;1;В;1;/opt/mp-analytics/incoming/gab/Изи.xlsx;Данные по картриджам!r1891;4064fa397384d687b0349dbae769c7d4a21c54bf65a712f6c31981a966b8f971
5857;31.0;15.0;9.0;55.0;19.5;17.0;-24.0 / -4.5 / -8.0;4.185;18.233;-14.048;1;В;1;/opt/mp-analytics/incoming/gab/Изи.xlsx;Данные по картриджам!r1892;4064fa397384d687b0349dbae769c7d4a21c54bf65a712f6c31981a966b8f971
5858;31.0;15.0;9.0;55.0;19.5;17.0;-24.0 / -4.5 / -8.0;4.185;18.233;-14.048;1;В;1;/opt/mp-analytics/incoming/gab/Изи.xlsx;Данные по картриджам!r1893;4064fa397384d687b0349dbae769c7d4a21c54bf65a712f6c31981a966b8f971
5860;54.0;18.0;17.0;49.5;17.5;16.5;4.5 / 0.5 / 0.5;16.524;14.293;2.231;1;Б;1;/opt/mp-analytics/incoming/gab/Изи.xlsx;Данные по картриджам!r1894;4064fa397384d687b0349dbae769c7d4a21c54bf65a712f6c31981a966b8f971
5862;35.0;14.0;10.0;55.0;9.3;9.3;-20.0 / 4.7 / 0.7;4.9;4.757;0.143;2;Б;1;/opt/mp-analytics/incoming/gab/Вся расходка Китай РФ Cactus GG PR.xlsx;Лист1!r4220;d0488dd393f71b9cb95cf51390c2aba1ef902bcac7a8eb2f95247679cc1d25fc
5864;35.0;14.0;10.0;55.0;9.3;9.3;-20.0 / 4.7 / 0.7;4.9;4.757;0.143;2;Б;2;/opt/mp-analytics/incoming/gab/Вся расходка Китай РФ Cactus GG PR.xlsx;Лист1!r4169;d0488dd393f71b9cb95cf51390c2aba1ef902bcac7a8eb2f95247679cc1d25fc
5865;35.0;14.0;10.0;55.0;9.3;9.3;-20.0 / 4.7 / 0.7;4.9;4.757;0.143;2;Б;1;/opt/mp-analytics/incoming/gab/Вся расходка Китай РФ Cactus GG PR.xlsx;Лист1!r4172;d0488dd393f71b9cb95cf51390c2aba1ef902bcac7a8eb2f95247679cc1d25fc
5866;35.0;14.0;10.0;55.0;9.3;9.3;-20.0 / 4.7 / 0.7;4.9;4.757;0.143;2;Б;1;/opt/mp-analytics/incoming/gab/Вся расходка Китай РФ Cactus GG PR.xlsx;Лист1!r4171;d0488dd393f71b9cb95cf51390c2aba1ef902bcac7a8eb2f95247679cc1d25fc
5867;35.0;14.0;10.0;55.0;9.3;9.3;-20.0 / 4.7 / 0.7;4.9;4.757;0.143;2;Б;1;/opt/mp-analytics/incoming/gab/Вся расходка Китай РФ Cactus GG PR.xlsx;Лист1!r4170;d0488dd393f71b9cb95cf51390c2aba1ef902bcac7a8eb2f95247679cc1d25fc
5869;35.0;14.0;10.0;55.0;9.3;9.3;-20.0 / 4.7 / 0.7;4.9;4.757;0.143;2;Б;2;/opt/mp-analytics/incoming/gab/Вся расходка Китай РФ Cactus GG PR.xlsx;Лист1!r4224;d0488dd393f71b9cb95cf51390c2aba1ef902bcac7a8eb2f95247679cc1d25fc
5870;35.0;14.0;10.0;55.0;9.3;9.3;-20.0 / 4.7 / 0.7;4.9;4.757;0.143;2;Б;1;/opt/mp-analytics/incoming/gab/Вся расходка Китай РФ Cactus GG PR.xlsx;Лист1!r4225;d0488dd393f71b9cb95cf51390c2aba1ef902bcac7a8eb2f95247679cc1d25fc
5871;35.0;14.0;10.0;55.0;9.3;9.3;-20.0 / 4.7 / 0.7;4.9;4.757;0.143;2;Б;1;/opt/mp-analytics/incoming/gab/Вся расходка Китай РФ Cactus GG PR.xlsx;Лист1!r4226;d0488dd393f71b9cb95cf51390c2aba1ef902bcac7a8eb2f95247679cc1d25fc
5872;35.0;14.0;10.0;55.0;9.3;9.3;-20.0 / 4.7 / 0.7;4.9;4.757;0.143;2;Б;1;/opt/mp-analytics/incoming/gab/Вся расходка Китай РФ Cactus GG PR.xlsx;Лист1!r4227;d0488dd393f71b9cb95cf51390c2aba1ef902bcac7a8eb2f95247679cc1d25fc
5875;31.0;9.0;9.0;30.5;9.0;9.0;0.5 / 0.0 / 0.0;2.511;2.47;0.041;1;А;1;/opt/mp-analytics/incoming/gab/Вся расходка Китай РФ Cactus GG PR.xlsx;Лист1!r3314;d0488dd393f71b9cb95cf51390c2aba1ef902bcac7a8eb2f95247679cc1d25fc
5878;32.0;14.0;12.0;33.0;17.0;12.0;-1.0 / -3.0 / 0.0;5.376;6.732;-1.356;1;В;1;/opt/mp-analytics/incoming/gab/САКУРА АБДУЛ 05.06.xlsx;Лазерная Sakura!r1437;ddbb1c580ba3ed878627b3d8dbea6c97710c4682804b2638b792149bf490915a
5879;36.0;30.0;13.0;34.0;26.0;12.5;2.0 / 4.0 / 0.5;14.04;11.05;2.99;2;Б;1;/opt/mp-analytics/incoming/gab/Изи.xlsx;Данные по картриджам!r1909;4064fa397384d687b0349dbae769c7d4a21c54bf65a712f6c31981a966b8f971
5885;15.0;5.0;4.0;15.0;4.8;4.8;0.0 / 0.2 / -0.8;0.3;0.346;-0.046;1;А;1;/opt/mp-analytics/incoming/gab/САКУРА АБДУЛ 05.06.xlsx;Струйная Sakura!r145;ddbb1c580ba3ed878627b3d8dbea6c97710c4682804b2638b792149bf490915a
5886;15.0;5.0;4.0;15.0;4.8;4.8;0.0 / 0.2 / -0.8;0.3;0.346;-0.046;1;А;1;/opt/mp-analytics/incoming/gab/САКУРА АБДУЛ 05.06.xlsx;Струйная Sakura!r144;ddbb1c580ba3ed878627b3d8dbea6c97710c4682804b2638b792149bf490915a
5887;33.0;17.0;12.0;33.2;16.7;12.4;-0.2 / 0.3 / -0.4;6.732;6.875;-0.143;2;А;1;/opt/mp-analytics/incoming/gab/САКУРА АБДУЛ 05.06.xlsx;Лазерная Sakura!r86;ddbb1c580ba3ed878627b3d8dbea6c97710c4682804b2638b792149bf490915a
5888;32.0;17.0;10.0;33.6;16.6;9.4;-1.6 / 0.4 / 0.6;5.44;5.243;0.197;1;А;2;/opt/mp-analytics/incoming/gab/САКУРА АБДУЛ 05.06.xlsx;Лазерная Sakura!r645;ddbb1c580ba3ed878627b3d8dbea6c97710c4682804b2638b792149bf490915a
5892;14.0;8.0;2.0;13.0;8.0;3.0;1.0 / 0.0 / -1.0;0.224;0.312;-0.088;1;А;1;/opt/mp-analytics/incoming/gab/Вся расходка Китай РФ Cactus GG PR.xlsx;Лист1!r3964;d0488dd393f71b9cb95cf51390c2aba1ef902bcac7a8eb2f95247679cc1d25fc
5893;14.0;8.0;2.0;13.0;8.0;3.0;1.0 / 0.0 / -1.0;0.224;0.312;-0.088;1;А;6;/opt/mp-analytics/incoming/gab/Вся расходка Китай РФ Cactus GG PR.xlsx;Лист1!r3965;d0488dd393f71b9cb95cf51390c2aba1ef902bcac7a8eb2f95247679cc1d25fc
5894;12.0;8.0;2.0;13.0;8.0;3.0;-1.0 / 0.0 / -1.0;0.192;0.312;-0.12;1;А;1;/opt/mp-analytics/incoming/gab/Вся расходка Китай РФ Cactus GG PR.xlsx;Лист1!r3966;d0488dd393f71b9cb95cf51390c2aba1ef902bcac7a8eb2f95247679cc1d25fc
5895;12.0;8.0;2.0;13.0;8.0;3.0;-1.0 / 0.0 / -1.0;0.192;0.312;-0.12;1;А;1;/opt/mp-analytics/incoming/gab/Вся расходка Китай РФ Cactus GG PR.xlsx;Лист1!r3968;d0488dd393f71b9cb95cf51390c2aba1ef902bcac7a8eb2f95247679cc1d25fc
5896;12.0;8.0;2.0;13.5;8.5;3.0;-1.5 / -0.5 / -1.0;0.192;0.344;-0.152;1;А;1;/opt/mp-analytics/incoming/gab/Вся расходка Китай РФ Cactus GG PR.xlsx;Лист1!r3969;d0488dd393f71b9cb95cf51390c2aba1ef902bcac7a8eb2f95247679cc1d25fc
5898;36.0;24.0;16.0;35.0;21.0;18.0;1.0 / 3.0 / -2.0;13.824;13.23;0.594;1;Б;2;/opt/mp-analytics/incoming/gab/САКУРА АБДУЛ 05.06.xlsx;Лазерная Sakura!r1423;ddbb1c580ba3ed878627b3d8dbea6c97710c4682804b2638b792149bf490915a
5909;33.0;10.0;7.0;21.0;12.0;9.5;12.0 / -2.0 / -2.5;2.31;2.394;-0.084;1;В;1;/opt/mp-analytics/incoming/gab/Вся расходка Китай РФ Cactus GG PR.xlsx;Лист1!r3669;d0488dd393f71b9cb95cf51390c2aba1ef902bcac7a8eb2f95247679cc1d25fc
5919;33.0;10.0;7.0;21.0;12.0;9.5;12.0 / -2.0 / -2.5;2.31;2.394;-0.084;1;В;1;/opt/mp-analytics/incoming/gab/Вся расходка Китай РФ Cactus GG PR.xlsx;Лист1!r3670;d0488dd393f71b9cb95cf51390c2aba1ef902bcac7a8eb2f95247679cc1d25fc
5944;32.0;14.0;11.0;31.5;20.0;7.0;0.5 / -6.0 / 4.0;4.928;4.41;0.518;1;Б;1;/opt/mp-analytics/incoming/gab/САКУРА АБДУЛ 05.06.xlsx;Лазерная Sakura!r1370;ddbb1c580ba3ed878627b3d8dbea6c97710c4682804b2638b792149bf490915a
5945;55.0;7.0;5.0;55.0;9.5;9.5;0.0 / -2.5 / -4.5;1.925;4.964;-3.039;2;В;1;/opt/mp-analytics/incoming/gab/Вся расходка Китай РФ Cactus GG PR.xlsx;Лист1!r3922;d0488dd393f71b9cb95cf51390c2aba1ef902bcac7a8eb2f95247679cc1d25fc
5946;55.0;7.0;5.0;55.0;9.5;9.5;0.0 / -2.5 / -4.5;1.925;4.964;-3.039;2;В;1;/opt/mp-analytics/incoming/gab/Вся расходка Китай РФ Cactus GG PR.xlsx;Лист1!r3923;d0488dd393f71b9cb95cf51390c2aba1ef902bcac7a8eb2f95247679cc1d25fc
5948;50.0;9.0;8.0;54.0;8.0;7.5;-4.0 / 1.0 / 0.5;3.6;3.24;0.36;1;Б;1;/opt/mp-analytics/incoming/gab/САКУРА АБДУЛ 05.06.xlsx;Лазерная Sakura!r1430;ddbb1c580ba3ed878627b3d8dbea6c97710c4682804b2638b792149bf490915a
5949;50.0;8.0;8.0;54.0;8.0;7.5;-4.0 / 0.0 / 0.5;3.2;3.24;-0.04;1;В;1;/opt/mp-analytics/incoming/gab/САКУРА АБДУЛ 05.06.xlsx;Лазерная Sakura!r1435;ddbb1c580ba3ed878627b3d8dbea6c97710c4682804b2638b792149bf490915a
5950;50.0;9.0;8.0;54.0;8.0;7.5;-4.0 / 1.0 / 0.5;3.6;3.24;0.36;1;Б;1;/opt/mp-analytics/incoming/gab/САКУРА АБДУЛ 05.06.xlsx;Лазерная Sakura!r1431;ddbb1c580ba3ed878627b3d8dbea6c97710c4682804b2638b792149bf490915a
5951;50.0;9.0;8.0;54.0;8.0;7.5;-4.0 / 1.0 / 0.5;3.6;3.24;0.36;1;Б;1;/opt/mp-analytics/incoming/gab/САКУРА АБДУЛ 05.06.xlsx;Лазерная Sakura!r1432;ddbb1c580ba3ed878627b3d8dbea6c97710c4682804b2638b792149bf490915a
5952;33.0;16.0;14.0;32.0;16.0;14.0;1.0 / 0.0 / 0.0;7.392;7.168;0.224;2;А;1;/opt/mp-analytics/incoming/gab/Вся расходка Китай РФ Cactus GG PR.xlsx;Лист1!r3293;d0488dd393f71b9cb95cf51390c2aba1ef902bcac7a8eb2f95247679cc1d25fc
5953;50.0;9.0;9.0;55.0;9.5;9.5;-5.0 / -0.5 / -0.5;4.05;4.964;-0.914;3;В;1;/opt/mp-analytics/incoming/gab/Вся расходка Китай РФ Cactus GG PR.xlsx;Лист1!r3903;d0488dd393f71b9cb95cf51390c2aba1ef902bcac7a8eb2f95247679cc1d25fc
5963;35.0;15.0;10.0;31.5;14.0;11.0;3.5 / 1.0 / -1.0;5.25;4.851;0.399;4;Б;1;/opt/mp-analytics/incoming/gab/Вся расходка Китай РФ Cactus GG PR.xlsx;Лист1!r4099;d0488dd393f71b9cb95cf51390c2aba1ef902bcac7a8eb2f95247679cc1d25fc
5969;35.0;15.0;10.0;35.0;17.0;12.0;0.0 / -2.0 / -2.0;5.25;7.14;-1.89;2;А;9;/opt/mp-analytics/incoming/gab/САКУРА АБДУЛ 05.06.xlsx;Лазерная Sakura!r503;ddbb1c580ba3ed878627b3d8dbea6c97710c4682804b2638b792149bf490915a
5970;36.0;15.0;10.0;35.0;17.0;12.0;1.0 / -2.0 / -2.0;5.4;7.14;-1.74;1;А;1;/opt/mp-analytics/incoming/gab/САКУРА АБДУЛ 05.06.xlsx;Лазерная Sakura!r505;ddbb1c580ba3ed878627b3d8dbea6c97710c4682804b2638b792149bf490915a
6035;31.0;13.0;6.0;32.0;15.0;10.0;-1.0 / -2.0 / -4.0;2.418;4.8;-2.382;1;В;2;/opt/mp-analytics/incoming/gab/Изи.xlsx;Данные по картриджам!r1948;4064fa397384d687b0349dbae769c7d4a21c54bf65a712f6c31981a966b8f971
6038;26.0;11.0;7.0;47.0;23.5;8.7;-21.0 / -12.5 / -1.7;2.002;9.609;-7.607;2;В;4;/opt/mp-analytics/incoming/gab/Вся расходка Китай РФ Cactus GG PR.xlsx;Лист1!r3793;d0488dd393f71b9cb95cf51390c2aba1ef902bcac7a8eb2f95247679cc1d25fc
6041;62.0;8.0;8.0;55.0;9.5;9.5;7.0 / -1.5 / -1.5;3.968;4.964;-0.996;2;В;1;/opt/mp-analytics/incoming/gab/Вся расходка Китай РФ Cactus GG PR.xlsx;Лист1!r3933;d0488dd393f71b9cb95cf51390c2aba1ef902bcac7a8eb2f95247679cc1d25fc
6042;73.0;22.0;20.0;56.0;15.0;15.0;17.0 / 7.0 / 5.0;32.12;12.6;19.52;1;Б;3;/opt/mp-analytics/incoming/gab/Вся расходка Китай РФ Cactus GG PR.xlsx;Лист1!r3904;d0488dd393f71b9cb95cf51390c2aba1ef902bcac7a8eb2f95247679cc1d25fc
6054;32.0;14.0;12.0;33.0;17.0;12.0;-1.0 / -3.0 / 0.0;5.376;6.732;-1.356;2;В;1;/opt/mp-analytics/incoming/gab/САКУРА АБДУЛ 05.06.xlsx;Лазерная Sakura!r1436;ddbb1c580ba3ed878627b3d8dbea6c97710c4682804b2638b792149bf490915a
6058;55.0;7.0;5.0;55.0;9.5;9.5;0.0 / -2.5 / -4.5;1.925;4.964;-3.039;2;В;1;/opt/mp-analytics/incoming/gab/Вся расходка Китай РФ Cactus GG PR.xlsx;Лист1!r3921;d0488dd393f71b9cb95cf51390c2aba1ef902bcac7a8eb2f95247679cc1d25fc
6067;37.0;17.0;16.0;32.5;18.0;13.0;4.5 / -1.0 / 3.0;10.064;7.605;2.459;3;Б;1;/opt/mp-analytics/incoming/gab/Вся расходка Китай РФ Cactus GG PR.xlsx;Лист1!r3851;d0488dd393f71b9cb95cf51390c2aba1ef902bcac7a8eb2f95247679cc1d25fc
6068;40.0;13.0;13.0;32.0;11.0;10.0;8.0 / 2.0 / 3.0;6.76;3.52;3.24;2;Б;1;/opt/mp-analytics/incoming/gab/Изи.xlsx;Данные по картриджам!r1949;4064fa397384d687b0349dbae769c7d4a21c54bf65a712f6c31981a966b8f971
6069;40.0;13.0;13.0;32.0;11.0;10.0;8.0 / 2.0 / 3.0;6.76;3.52;3.24;2;Б;1;/opt/mp-analytics/incoming/gab/Изи.xlsx;Данные по картриджам!r1951;4064fa397384d687b0349dbae769c7d4a21c54bf65a712f6c31981a966b8f971
6070;40.0;13.0;13.0;32.0;11.0;10.0;8.0 / 2.0 / 3.0;6.76;3.52;3.24;2;Б;1;/opt/mp-analytics/incoming/gab/Изи.xlsx;Данные по картриджам!r1952;4064fa397384d687b0349dbae769c7d4a21c54bf65a712f6c31981a966b8f971
6072;15.0;5.0;5.0;31.5;14.0;11.0;-16.5 / -9.0 / -6.0;0.375;4.851;-4.476;1;В;1;/opt/mp-analytics/incoming/gab/Вся расходка Китай РФ Cactus GG PR.xlsx;Лист1!r4264;d0488dd393f71b9cb95cf51390c2aba1ef902bcac7a8eb2f95247679cc1d25fc
6073;15.0;5.0;5.0;31.5;14.0;11.0;-16.5 / -9.0 / -6.0;0.375;4.851;-4.476;1;В;1;/opt/mp-analytics/incoming/gab/Вся расходка Китай РФ Cactus GG PR.xlsx;Лист1!r4267;d0488dd393f71b9cb95cf51390c2aba1ef902bcac7a8eb2f95247679cc1d25fc
6074;15.0;5.0;5.0;31.5;14.0;11.0;-16.5 / -9.0 / -6.0;0.375;4.851;-4.476;1;В;1;/opt/mp-analytics/incoming/gab/Вся расходка Китай РФ Cactus GG PR.xlsx;Лист1!r4265;d0488dd393f71b9cb95cf51390c2aba1ef902bcac7a8eb2f95247679cc1d25fc
6075;15.0;5.0;5.0;31.5;14.0;11.0;-16.5 / -9.0 / -6.0;0.375;4.851;-4.476;1;В;1;/opt/mp-analytics/incoming/gab/Вся расходка Китай РФ Cactus GG PR.xlsx;Лист1!r4266;d0488dd393f71b9cb95cf51390c2aba1ef902bcac7a8eb2f95247679cc1d25fc
6076;36.0;33.0;32.0;19.0;6.5;6.0;17.0 / 26.5 / 26.0;38.016;0.741;37.275;2;Б;2;/opt/mp-analytics/incoming/gab/Вся расходка Китай РФ Cactus GG PR.xlsx;Лист1!r3902;d0488dd393f71b9cb95cf51390c2aba1ef902bcac7a8eb2f95247679cc1d25fc
6077;51.0;20.0;12.0;47.1;25.1;12.5;3.9 / -5.1 / -0.5;12.24;14.778;-2.538;2;В;1;/opt/mp-analytics/incoming/gab/САКУРА АБДУЛ 05.06.xlsx;Лазерная Sakura!r128;ddbb1c580ba3ed878627b3d8dbea6c97710c4682804b2638b792149bf490915a
6078;15.0;5.0;5.0;12.5;12.5;6.0;2.5 / -7.5 / -1.0;0.375;0.938;-0.563;2;В;1;/opt/mp-analytics/incoming/gab/Вся расходка Китай РФ Cactus GG PR.xlsx;Лист1!r1789;d0488dd393f71b9cb95cf51390c2aba1ef902bcac7a8eb2f95247679cc1d25fc
6100;34.0;16.0;9.0;31.5;14.0;11.0;2.5 / 2.0 / -2.0;4.896;4.851;0.045;3;Б;1;/opt/mp-analytics/incoming/gab/Вся расходка Китай РФ Cactus GG PR.xlsx;Лист1!r3857;d0488dd393f71b9cb95cf51390c2aba1ef902bcac7a8eb2f95247679cc1d25fc
6119;40.0;13.0;12.0;32.0;11.0;10.0;8.0 / 2.0 / 2.0;6.24;3.52;2.72;2;Б;1;/opt/mp-analytics/incoming/gab/Изи.xlsx;Данные по картриджам!r1950;4064fa397384d687b0349dbae769c7d4a21c54bf65a712f6c31981a966b8f971
6133;35.0;15.0;10.0;13.0;11.0;10.0;22.0 / 4.0 / 0.0;5.25;1.43;3.82;1;Б;1;/opt/mp-analytics/incoming/gab/Изи.xlsx;Данные по картриджам!r1814;4064fa397384d687b0349dbae769c7d4a21c54bf65a712f6c31981a966b8f971
6173;30.0;15.0;9.0;32.7;16.6;14.8;-2.7 / -1.6 / -5.8;4.05;8.034;-3.984;4;В;2;/opt/mp-analytics/incoming/gab/Вся расходка Китай РФ Cactus GG PR.xlsx;Лист1!r3488;d0488dd393f71b9cb95cf51390c2aba1ef902bcac7a8eb2f95247679cc1d25fc
6183;32.0;17.0;17.0;32.0;16.5;10.0;0.0 / 0.5 / 7.0;9.248;5.28;3.968;1;Б;1;/opt/mp-analytics/incoming/gab/Вся расходка Китай РФ Cactus GG PR.xlsx;Лист1!r3026;d0488dd393f71b9cb95cf51390c2aba1ef902bcac7a8eb2f95247679cc1d25fc
6188;33.0;11.0;11.0;32.0;11.0;11.0;1.0 / 0.0 / 0.0;3.993;3.872;0.121;1;А;1;/opt/mp-analytics/incoming/gab/Вся расходка Китай РФ Cactus GG PR.xlsx;Лист1!r3180;d0488dd393f71b9cb95cf51390c2aba1ef902bcac7a8eb2f95247679cc1d25fc
6189;33.0;11.0;11.0;32.0;11.0;11.0;1.0 / 0.0 / 0.0;3.993;3.872;0.121;1;А;1;/opt/mp-analytics/incoming/gab/Вся расходка Китай РФ Cactus GG PR.xlsx;Лист1!r3184;d0488dd393f71b9cb95cf51390c2aba1ef902bcac7a8eb2f95247679cc1d25fc
6190;33.0;11.0;11.0;32.0;11.0;11.0;1.0 / 0.0 / 0.0;3.993;3.872;0.121;1;А;1;/opt/mp-analytics/incoming/gab/Вся расходка Китай РФ Cactus GG PR.xlsx;Лист1!r3181;d0488dd393f71b9cb95cf51390c2aba1ef902bcac7a8eb2f95247679cc1d25fc
6191;33.0;11.0;11.0;32.0;11.0;11.0;1.0 / 0.0 / 0.0;3.993;3.872;0.121;1;А;1;/opt/mp-analytics/incoming/gab/Вся расходка Китай РФ Cactus GG PR.xlsx;Лист1!r3185;d0488dd393f71b9cb95cf51390c2aba1ef902bcac7a8eb2f95247679cc1d25fc
6192;33.0;11.0;11.0;32.0;11.0;11.0;1.0 / 0.0 / 0.0;3.993;3.872;0.121;1;А;1;/opt/mp-analytics/incoming/gab/Вся расходка Китай РФ Cactus GG PR.xlsx;Лист1!r3182;d0488dd393f71b9cb95cf51390c2aba1ef902bcac7a8eb2f95247679cc1d25fc
6193;33.0;11.0;11.0;32.0;11.0;11.0;1.0 / 0.0 / 0.0;3.993;3.872;0.121;1;А;1;/opt/mp-analytics/incoming/gab/Вся расходка Китай РФ Cactus GG PR.xlsx;Лист1!r3186;d0488dd393f71b9cb95cf51390c2aba1ef902bcac7a8eb2f95247679cc1d25fc
6194;33.0;11.0;11.0;32.0;11.0;11.0;1.0 / 0.0 / 0.0;3.993;3.872;0.121;1;А;1;/opt/mp-analytics/incoming/gab/Вся расходка Китай РФ Cactus GG PR.xlsx;Лист1!r3183;d0488dd393f71b9cb95cf51390c2aba1ef902bcac7a8eb2f95247679cc1d25fc
6195;33.0;11.0;11.0;32.0;11.0;11.0;1.0 / 0.0 / 0.0;3.993;3.872;0.121;1;А;1;/opt/mp-analytics/incoming/gab/Вся расходка Китай РФ Cactus GG PR.xlsx;Лист1!r3187;d0488dd393f71b9cb95cf51390c2aba1ef902bcac7a8eb2f95247679cc1d25fc
6206;32.0;14.0;12.0;31.5;14.0;11.0;0.5 / 0.0 / 1.0;5.376;4.851;0.525;3;А;1;/opt/mp-analytics/incoming/gab/Вся расходка Китай РФ Cactus GG PR.xlsx;Лист1!r4100;d0488dd393f71b9cb95cf51390c2aba1ef902bcac7a8eb2f95247679cc1d25fc
6211;57.0;16.0;12.0;55.5;10.0;10.0;1.5 / 6.0 / 2.0;10.944;5.55;5.394;2;Б;1;/opt/mp-analytics/incoming/gab/Вся расходка Китай РФ Cactus GG PR.xlsx;Лист1!r3887;d0488dd393f71b9cb95cf51390c2aba1ef902bcac7a8eb2f95247679cc1d25fc
6225;47.0;35.0;9.0;37.0;9.0;9.0;10.0 / 26.0 / 0.0;14.805;2.997;11.808;1;Б;1;/opt/mp-analytics/incoming/gab/Вся расходка Китай РФ Cactus GG PR.xlsx;Лист1!r3645;d0488dd393f71b9cb95cf51390c2aba1ef902bcac7a8eb2f95247679cc1d25fc
6226;33.0;10.0;7.0;21.0;12.0;9.5;12.0 / -2.0 / -2.5;2.31;2.394;-0.084;1;В;1;/opt/mp-analytics/incoming/gab/Вся расходка Китай РФ Cactus GG PR.xlsx;Лист1!r3671;d0488dd393f71b9cb95cf51390c2aba1ef902bcac7a8eb2f95247679cc1d25fc
6227;33.0;19.0;10.0;38.5;14.0;12.2;-5.5 / 5.0 / -2.2;6.27;6.576;-0.306;1;В;1;/opt/mp-analytics/incoming/gab/Вся расходка Китай РФ Cactus GG PR.xlsx;Лист1!r3153;d0488dd393f71b9cb95cf51390c2aba1ef902bcac7a8eb2f95247679cc1d25fc
6228;33.0;19.0;10.0;38.5;14.0;12.2;-5.5 / 5.0 / -2.2;6.27;6.576;-0.306;1;В;3;/opt/mp-analytics/incoming/gab/Вся расходка Китай РФ Cactus GG PR.xlsx;Лист1!r3152;d0488dd393f71b9cb95cf51390c2aba1ef902bcac7a8eb2f95247679cc1d25fc
6229;33.0;19.0;10.0;38.5;14.0;12.2;-5.5 / 5.0 / -2.2;6.27;6.576;-0.306;1;В;1;/opt/mp-analytics/incoming/gab/Вся расходка Китай РФ Cactus GG PR.xlsx;Лист1!r3154;d0488dd393f71b9cb95cf51390c2aba1ef902bcac7a8eb2f95247679cc1d25fc
6230;52.0;16.0;12.0;52.0;15.0;12.0;0.0 / 1.0 / 0.0;9.984;9.36;0.624;1;А;1;/opt/mp-analytics/incoming/gab/САКУРА АБДУЛ 05.06.xlsx;Лазерная Sakura!r1413;ddbb1c580ba3ed878627b3d8dbea6c97710c4682804b2638b792149bf490915a
6231;30.0;11.0;10.0;33.0;15.0;11.0;-3.0 / -4.0 / -1.0;3.3;5.445;-2.145;2;В;1;/opt/mp-analytics/incoming/gab/Изи.xlsx;Данные по картриджам!r1940;4064fa397384d687b0349dbae769c7d4a21c54bf65a712f6c31981a966b8f971
6237;37.0;17.0;16.0;33.0;17.0;12.0;4.0 / 0.0 / 4.0;10.064;6.732;3.332;1;Б;1;/opt/mp-analytics/incoming/gab/САКУРА АБДУЛ 05.06.xlsx;Лазерная Sakura!r1415;ddbb1c580ba3ed878627b3d8dbea6c97710c4682804b2638b792149bf490915a
6238;24.0;20.0;15.0;15.0;14.0;5.5;9.0 / 6.0 / 9.5;7.2;1.155;6.045;1;Б;1;/opt/mp-analytics/incoming/gab/Изи.xlsx;Данные по картриджам!r1204;4064fa397384d687b0349dbae769c7d4a21c54bf65a712f6c31981a966b8f971
6248;17.0;13.0;9.0;12.5;4.5;4.5;4.5 / 8.5 / 4.5;1.989;0.253;1.736;1;Б;1;/opt/mp-analytics/incoming/gab/Изи.xlsx;Данные по картриджам!r1690;4064fa397384d687b0349dbae769c7d4a21c54bf65a712f6c31981a966b8f971
6249;39.0;17.0;10.0;30.5;13.5;6.0;8.5 / 3.5 / 4.0;6.63;2.47;4.16;2;Б;1;/opt/mp-analytics/incoming/gab/Изи.xlsx;Данные по картриджам!r1904;4064fa397384d687b0349dbae769c7d4a21c54bf65a712f6c31981a966b8f971
6250;38.0;18.0;16.0;30.0;11.0;10.0;8.0 / 7.0 / 6.0;10.944;3.3;7.644;2;Б;1;/opt/mp-analytics/incoming/gab/САКУРА АБДУЛ 05.06.xlsx;Лазерная Sakura!r1401;ddbb1c580ba3ed878627b3d8dbea6c97710c4682804b2638b792149bf490915a
6251;38.0;18.0;16.0;30.0;11.0;10.0;8.0 / 7.0 / 6.0;10.944;3.3;7.644;2;Б;1;/opt/mp-analytics/incoming/gab/САКУРА АБДУЛ 05.06.xlsx;Лазерная Sakura!r1402;ddbb1c580ba3ed878627b3d8dbea6c97710c4682804b2638b792149bf490915a
6252;38.0;18.0;16.0;30.0;11.0;10.0;8.0 / 7.0 / 6.0;10.944;3.3;7.644;2;Б;1;/opt/mp-analytics/incoming/gab/САКУРА АБДУЛ 05.06.xlsx;Лазерная Sakura!r1403;ddbb1c580ba3ed878627b3d8dbea6c97710c4682804b2638b792149bf490915a
6253;38.0;18.0;16.0;30.0;11.0;10.0;8.0 / 7.0 / 6.0;10.944;3.3;7.644;2;Б;1;/opt/mp-analytics/incoming/gab/САКУРА АБДУЛ 05.06.xlsx;Лазерная Sakura!r1404;ddbb1c580ba3ed878627b3d8dbea6c97710c4682804b2638b792149bf490915a
6262;35.0;17.0;12.0;33.0;17.0;12.0;2.0 / 0.0 / 0.0;7.14;6.732;0.408;2;А;3;/opt/mp-analytics/incoming/gab/САКУРА АБДУЛ 05.06.xlsx;Лазерная Sakura!r1414;ddbb1c580ba3ed878627b3d8dbea6c97710c4682804b2638b792149bf490915a
6278;12.0;8.0;2.0;13.0;8.0;3.0;-1.0 / 0.0 / -1.0;0.192;0.312;-0.12;1;А;1;/opt/mp-analytics/incoming/gab/Вся расходка Китай РФ Cactus GG PR.xlsx;Лист1!r3967;d0488dd393f71b9cb95cf51390c2aba1ef902bcac7a8eb2f95247679cc1d25fc
6292;56.0;9.0;9.0;55.0;9.5;9.5;1.0 / -0.5 / -0.5;4.536;4.964;-0.428;2;А;1;/opt/mp-analytics/incoming/gab/Вся расходка Китай РФ Cactus GG PR.xlsx;Лист1!r3934;d0488dd393f71b9cb95cf51390c2aba1ef902bcac7a8eb2f95247679cc1d25fc
6293;56.0;9.0;9.0;55.0;9.5;9.5;1.0 / -0.5 / -0.5;4.536;4.964;-0.428;2;А;1;/opt/mp-analytics/incoming/gab/Вся расходка Китай РФ Cactus GG PR.xlsx;Лист1!r3935;d0488dd393f71b9cb95cf51390c2aba1ef902bcac7a8eb2f95247679cc1d25fc
6294;56.0;9.0;9.0;55.0;9.5;9.5;1.0 / -0.5 / -0.5;4.536;4.964;-0.428;2;А;2;/opt/mp-analytics/incoming/gab/Вся расходка Китай РФ Cactus GG PR.xlsx;Лист1!r3932;d0488dd393f71b9cb95cf51390c2aba1ef902bcac7a8eb2f95247679cc1d25fc
6295;50.0;20.0;16.0;35.0;21.0;18.0;15.0 / -1.0 / -2.0;16.0;13.23;2.77;1;Б;2;/opt/mp-analytics/incoming/gab/САКУРА АБДУЛ 05.06.xlsx;Лазерная Sakura!r1422;ddbb1c580ba3ed878627b3d8dbea6c97710c4682804b2638b792149bf490915a
6296;50.0;20.0;16.0;33.0;17.0;12.0;17.0 / 3.0 / 4.0;16.0;6.732;9.268;1;Б;4;/opt/mp-analytics/incoming/gab/САКУРА АБДУЛ 05.06.xlsx;Лазерная Sakura!r1421;ddbb1c580ba3ed878627b3d8dbea6c97710c4682804b2638b792149bf490915a
6298;33.0;15.0;10.0;33.5;16.8;9.5;-0.5 / -1.8 / 0.5;4.95;5.347;-0.397;1;А;2;/opt/mp-analytics/incoming/gab/САКУРА АБДУЛ 05.06.xlsx;Лазерная Sakura!r762;ddbb1c580ba3ed878627b3d8dbea6c97710c4682804b2638b792149bf490915a
6299;;;;33.2;16.8;9.5;нет карточек wb_acc1;;;;1;Г;0;/opt/mp-analytics/incoming/gab/САКУРА АБДУЛ 05.06.xlsx;Лазерная Sakura!r798;ddbb1c580ba3ed878627b3d8dbea6c97710c4682804b2638b792149bf490915a
6301;31.0;15.0;9.0;32.0;15.5;14.0;-1.0 / -0.5 / -5.0;4.185;6.944;-2.759;3;В;1;/opt/mp-analytics/incoming/gab/Вся расходка Китай РФ Cactus GG PR.xlsx;Лист1!r3858;d0488dd393f71b9cb95cf51390c2aba1ef902bcac7a8eb2f95247679cc1d25fc
6309;56.0;11.0;10.0;55.0;9.5;9.5;1.0 / 1.5 / 0.5;6.16;4.964;1.196;1;А;1;/opt/mp-analytics/incoming/gab/Вся расходка Китай РФ Cactus GG PR.xlsx;Лист1!r3919;d0488dd393f71b9cb95cf51390c2aba1ef902bcac7a8eb2f95247679cc1d25fc
6332;30.0;13.0;9.0;30.0;13.1;9.5;0.0 / -0.1 / -0.5;3.51;3.733;-0.223;1;А;1;/opt/mp-analytics/incoming/gab/Изи.xlsx;Данные по картриджам!r1430;4064fa397384d687b0349dbae769c7d4a21c54bf65a712f6c31981a966b8f971
6335;55.0;18.0;12.0;55.0;27.0;10.0;0.0 / -9.0 / 2.0;11.88;14.85;-2.97;1;В;1;/opt/mp-analytics/incoming/gab/Вся расходка Китай РФ Cactus GG PR.xlsx;Лист1!r3907;d0488dd393f71b9cb95cf51390c2aba1ef902bcac7a8eb2f95247679cc1d25fc
6382;36.0;25.0;12.0;35.0;23.0;11.5;1.0 / 2.0 / 0.5;10.8;9.258;1.542;2;А;4;/opt/mp-analytics/incoming/gab/Изи.xlsx;Данные по картриджам!r1993;4064fa397384d687b0349dbae769c7d4a21c54bf65a712f6c31981a966b8f971
6383;33.0;14.0;9.0;32.0;14.0;10.0;1.0 / 0.0 / -1.0;4.158;4.48;-0.322;3;А;4;/opt/mp-analytics/incoming/gab/Вся расходка Китай РФ Cactus GG PR.xlsx;Лист1!r4157;d0488dd393f71b9cb95cf51390c2aba1ef902bcac7a8eb2f95247679cc1d25fc
6384;36.0;20.0;17.0;34.2;19.5;13.0;1.8 / 0.5 / 4.0;12.24;8.67;3.57;3;Б;1;/opt/mp-analytics/incoming/gab/Вся расходка Китай РФ Cactus GG PR.xlsx;Лист1!r4160;d0488dd393f71b9cb95cf51390c2aba1ef902bcac7a8eb2f95247679cc1d25fc
6396;33.0;17.0;13.0;33.0;17.0;12.5;0.0 / 0.0 / 0.5;7.293;7.013;0.28;1;А;1;/opt/mp-analytics/incoming/gab/САКУРА АБДУЛ 05.06.xlsx;Лазерная Sakura!r1425;ddbb1c580ba3ed878627b3d8dbea6c97710c4682804b2638b792149bf490915a
6397;33.0;17.0;13.0;33.0;17.0;12.5;0.0 / 0.0 / 0.5;7.293;7.013;0.28;1;А;2;/opt/mp-analytics/incoming/gab/САКУРА АБДУЛ 05.06.xlsx;Лазерная Sakura!r1427;ddbb1c580ba3ed878627b3d8dbea6c97710c4682804b2638b792149bf490915a
6398;33.0;17.0;13.0;33.0;17.0;12.5;0.0 / 0.0 / 0.5;7.293;7.013;0.28;1;А;1;/opt/mp-analytics/incoming/gab/САКУРА АБДУЛ 05.06.xlsx;Лазерная Sakura!r1426;ddbb1c580ba3ed878627b3d8dbea6c97710c4682804b2638b792149bf490915a
6399;35.0;25.0;22.0;33.0;17.0;12.5;2.0 / 8.0 / 9.5;19.25;7.013;12.237;1;Б;2;/opt/mp-analytics/incoming/gab/САКУРА АБДУЛ 05.06.xlsx;Лазерная Sakura!r1429;ddbb1c580ba3ed878627b3d8dbea6c97710c4682804b2638b792149bf490915a
6400;37.0;13.0;9.0;32.5;14.5;11.0;4.5 / -1.5 / -2.0;4.329;5.184;-0.855;2;В;1;/opt/mp-analytics/incoming/gab/Вся расходка Китай РФ Cactus GG PR.xlsx;Лист1!r3909;d0488dd393f71b9cb95cf51390c2aba1ef902bcac7a8eb2f95247679cc1d25fc
6401;37.0;13.0;9.0;32.5;14.5;11.0;4.5 / -1.5 / -2.0;4.329;5.184;-0.855;2;В;1;/opt/mp-analytics/incoming/gab/Вся расходка Китай РФ Cactus GG PR.xlsx;Лист1!r3910;d0488dd393f71b9cb95cf51390c2aba1ef902bcac7a8eb2f95247679cc1d25fc
6402;37.0;13.0;9.0;32.5;14.5;11.0;4.5 / -1.5 / -2.0;4.329;5.184;-0.855;2;В;1;/opt/mp-analytics/incoming/gab/Вся расходка Китай РФ Cactus GG PR.xlsx;Лист1!r3911;d0488dd393f71b9cb95cf51390c2aba1ef902bcac7a8eb2f95247679cc1d25fc
6403;37.0;13.0;9.0;32.5;14.5;11.0;4.5 / -1.5 / -2.0;4.329;5.184;-0.855;2;В;1;/opt/mp-analytics/incoming/gab/Вся расходка Китай РФ Cactus GG PR.xlsx;Лист1!r3912;d0488dd393f71b9cb95cf51390c2aba1ef902bcac7a8eb2f95247679cc1d25fc
6408;40.0;5.0;5.0;15.0;14.0;5.5;25.0 / -9.0 / -0.5;1.0;1.155;-0.155;1;В;1;/opt/mp-analytics/incoming/gab/Изи.xlsx;Данные по картриджам!r1183;4064fa397384d687b0349dbae769c7d4a21c54bf65a712f6c31981a966b8f971
6409;25.0;11.0;9.0;21.0;12.0;9.5;4.0 / -1.0 / -0.5;2.475;2.394;0.081;2;Б;3;/opt/mp-analytics/incoming/gab/Вся расходка Китай РФ Cactus GG PR.xlsx;Лист1!r4269;d0488dd393f71b9cb95cf51390c2aba1ef902bcac7a8eb2f95247679cc1d25fc
6410;21.0;11.0;9.0;21.0;12.0;9.5;0.0 / -1.0 / -0.5;2.079;2.394;-0.315;2;А;1;/opt/mp-analytics/incoming/gab/Вся расходка Китай РФ Cactus GG PR.xlsx;Лист1!r4268;d0488dd393f71b9cb95cf51390c2aba1ef902bcac7a8eb2f95247679cc1d25fc
6411;21.0;11.0;9.0;21.0;12.0;9.5;0.0 / -1.0 / -0.5;2.079;2.394;-0.315;2;А;1;/opt/mp-analytics/incoming/gab/Вся расходка Китай РФ Cactus GG PR.xlsx;Лист1!r4270;d0488dd393f71b9cb95cf51390c2aba1ef902bcac7a8eb2f95247679cc1d25fc
6412;21.0;11.0;9.0;21.0;12.0;9.5;0.0 / -1.0 / -0.5;2.079;2.394;-0.315;2;А;1;/opt/mp-analytics/incoming/gab/Вся расходка Китай РФ Cactus GG PR.xlsx;Лист1!r4271;d0488dd393f71b9cb95cf51390c2aba1ef902bcac7a8eb2f95247679cc1d25fc
6414;21.0;11.0;9.0;21.0;13.0;10.0;0.0 / -2.0 / -1.0;2.079;2.73;-0.651;1;А;1;/opt/mp-analytics/incoming/gab/Изи.xlsx;Данные по картриджам!r1987;4064fa397384d687b0349dbae769c7d4a21c54bf65a712f6c31981a966b8f971
6415;21.0;11.0;9.0;21.0;13.0;10.0;0.0 / -2.0 / -1.0;2.079;2.73;-0.651;1;А;1;/opt/mp-analytics/incoming/gab/Изи.xlsx;Данные по картриджам!r1988;4064fa397384d687b0349dbae769c7d4a21c54bf65a712f6c31981a966b8f971
6416;21.0;11.0;9.0;21.0;13.0;10.0;0.0 / -2.0 / -1.0;2.079;2.73;-0.651;1;А;1;/opt/mp-analytics/incoming/gab/Изи.xlsx;Данные по картриджам!r1989;4064fa397384d687b0349dbae769c7d4a21c54bf65a712f6c31981a966b8f971
6417;21.0;11.0;9.0;21.0;13.0;10.0;0.0 / -2.0 / -1.0;2.079;2.73;-0.651;1;А;1;/opt/mp-analytics/incoming/gab/Изи.xlsx;Данные по картриджам!r1990;4064fa397384d687b0349dbae769c7d4a21c54bf65a712f6c31981a966b8f971
6419;33.0;23.0;11.0;31.5;22.5;8.0;1.5 / 0.5 / 3.0;8.349;5.67;2.679;1;Б;1;/opt/mp-analytics/incoming/gab/Изи.xlsx;Данные по картриджам!r1942;4064fa397384d687b0349dbae769c7d4a21c54bf65a712f6c31981a966b8f971
6441;54.0;8.0;8.0;55.0;9.5;9.5;-1.0 / -1.5 / -1.5;3.456;4.964;-1.508;1;А;3;/opt/mp-analytics/incoming/gab/Вся расходка Китай РФ Cactus GG PR.xlsx;Лист1!r4280;d0488dd393f71b9cb95cf51390c2aba1ef902bcac7a8eb2f95247679cc1d25fc
6450;22.0;9.0;4.0;13.4;13.4;5.4;8.6 / -4.4 / -1.4;0.792;0.97;-0.178;1;В;1;/opt/mp-analytics/incoming/gab/Вся расходка Китай РФ Cactus GG PR.xlsx;Лист1!r1467;d0488dd393f71b9cb95cf51390c2aba1ef902bcac7a8eb2f95247679cc1d25fc
6451;22.0;9.0;4.0;13.4;13.4;5.4;8.6 / -4.4 / -1.4;0.792;0.97;-0.178;1;В;1;/opt/mp-analytics/incoming/gab/Вся расходка Китай РФ Cactus GG PR.xlsx;Лист1!r1466;d0488dd393f71b9cb95cf51390c2aba1ef902bcac7a8eb2f95247679cc1d25fc
6452;22.0;9.0;4.0;13.4;13.4;5.4;8.6 / -4.4 / -1.4;0.792;0.97;-0.178;1;В;2;/opt/mp-analytics/incoming/gab/Вся расходка Китай РФ Cactus GG PR.xlsx;Лист1!r1468;d0488dd393f71b9cb95cf51390c2aba1ef902bcac7a8eb2f95247679cc1d25fc
6453;22.0;9.0;4.0;13.4;13.4;5.4;8.6 / -4.4 / -1.4;0.792;0.97;-0.178;1;В;1;/opt/mp-analytics/incoming/gab/Вся расходка Китай РФ Cactus GG PR.xlsx;Лист1!r1465;d0488dd393f71b9cb95cf51390c2aba1ef902bcac7a8eb2f95247679cc1d25fc
6498;14.0;12.0;12.0;24.5;13.0;4.5;-10.5 / -1.0 / 7.5;2.016;1.433;0.583;1;Б;1;/opt/mp-analytics/incoming/gab/Вся расходка Китай РФ Cactus GG PR.xlsx;Лист1!r3362;d0488dd393f71b9cb95cf51390c2aba1ef902bcac7a8eb2f95247679cc1d25fc
6512;21.0;11.0;10.0;21.0;13.0;12.0;0.0 / -2.0 / -2.0;2.31;3.276;-0.966;2;А;1;/opt/mp-analytics/incoming/gab/Вся расходка Китай РФ Cactus GG PR.xlsx;Лист1!r3878;d0488dd393f71b9cb95cf51390c2aba1ef902bcac7a8eb2f95247679cc1d25fc
6513;21.0;11.0;10.0;21.0;13.0;12.0;0.0 / -2.0 / -2.0;2.31;3.276;-0.966;2;А;1;/opt/mp-analytics/incoming/gab/Вся расходка Китай РФ Cactus GG PR.xlsx;Лист1!r3879;d0488dd393f71b9cb95cf51390c2aba1ef902bcac7a8eb2f95247679cc1d25fc
6514;21.0;11.0;10.0;21.0;13.0;12.0;0.0 / -2.0 / -2.0;2.31;3.276;-0.966;2;А;1;/opt/mp-analytics/incoming/gab/Вся расходка Китай РФ Cactus GG PR.xlsx;Лист1!r3880;d0488dd393f71b9cb95cf51390c2aba1ef902bcac7a8eb2f95247679cc1d25fc
6542;34.0;14.0;9.0;30.0;9.0;9.0;4.0 / 5.0 / 0.0;4.284;2.43;1.854;1;Б;3;/opt/mp-analytics/incoming/gab/Изи.xlsx;Данные по картриджам!r1971;4064fa397384d687b0349dbae769c7d4a21c54bf65a712f6c31981a966b8f971
6543;39.0;16.0;15.0;34.5;19.0;12.0;4.5 / -3.0 / 3.0;9.36;7.866;1.494;1;Б;1;/opt/mp-analytics/incoming/gab/Изи.xlsx;Данные по картриджам!r1956;4064fa397384d687b0349dbae769c7d4a21c54bf65a712f6c31981a966b8f971
6544;39.0;16.0;15.0;34.5;19.0;12.0;4.5 / -3.0 / 3.0;9.36;7.866;1.494;1;Б;1;/opt/mp-analytics/incoming/gab/Изи.xlsx;Данные по картриджам!r1957;4064fa397384d687b0349dbae769c7d4a21c54bf65a712f6c31981a966b8f971
6545;39.0;16.0;15.0;34.5;19.0;12.0;4.5 / -3.0 / 3.0;9.36;7.866;1.494;1;Б;1;/opt/mp-analytics/incoming/gab/Изи.xlsx;Данные по картриджам!r1958;4064fa397384d687b0349dbae769c7d4a21c54bf65a712f6c31981a966b8f971
6546;39.0;16.0;15.0;34.5;19.0;12.0;4.5 / -3.0 / 3.0;9.36;7.866;1.494;1;Б;1;/opt/mp-analytics/incoming/gab/Изи.xlsx;Данные по картриджам!r1959;4064fa397384d687b0349dbae769c7d4a21c54bf65a712f6c31981a966b8f971
6553;17.0;10.0;4.0;14.0;10.0;4.2;3.0 / 0.0 / -0.2;0.68;0.588;0.092;1;Б;2;/opt/mp-analytics/incoming/gab/Вся расходка Китай РФ Cactus GG PR.xlsx;Лист1!r3822;d0488dd393f71b9cb95cf51390c2aba1ef902bcac7a8eb2f95247679cc1d25fc
6554;17.0;10.0;4.0;14.0;10.0;2.5;3.0 / 0.0 / 1.5;0.68;0.35;0.33;1;Б;1;/opt/mp-analytics/incoming/gab/Вся расходка Китай РФ Cactus GG PR.xlsx;Лист1!r3823;d0488dd393f71b9cb95cf51390c2aba1ef902bcac7a8eb2f95247679cc1d25fc
6555;17.0;10.0;4.0;14.0;10.0;2.5;3.0 / 0.0 / 1.5;0.68;0.35;0.33;1;Б;1;/opt/mp-analytics/incoming/gab/Вся расходка Китай РФ Cactus GG PR.xlsx;Лист1!r3824;d0488dd393f71b9cb95cf51390c2aba1ef902bcac7a8eb2f95247679cc1d25fc
6556;17.0;10.0;4.0;14.0;10.0;2.5;3.0 / 0.0 / 1.5;0.68;0.35;0.33;1;Б;1;/opt/mp-analytics/incoming/gab/Вся расходка Китай РФ Cactus GG PR.xlsx;Лист1!r3825;d0488dd393f71b9cb95cf51390c2aba1ef902bcac7a8eb2f95247679cc1d25fc
6559;32.0;12.0;11.0;32.0;11.0;11.0;0.0 / 1.0 / 0.0;4.224;3.872;0.352;2;А;4;/opt/mp-analytics/incoming/gab/Вся расходка Китай РФ Cactus GG PR.xlsx;Лист1!r3795;d0488dd393f71b9cb95cf51390c2aba1ef902bcac7a8eb2f95247679cc1d25fc
6560;53.0;14.0;11.0;51.0;14.0;12.0;2.0 / 0.0 / -1.0;8.162;8.568;-0.406;1;А;1;/opt/mp-analytics/incoming/gab/Вся расходка Китай РФ Cactus GG PR.xlsx;Лист1!r3906;d0488dd393f71b9cb95cf51390c2aba1ef902bcac7a8eb2f95247679cc1d25fc
6561;21.0;10.0;9.0;20.5;9.7;9.0;0.5 / 0.3 / 0.0;1.89;1.79;0.1;1;А;1;/opt/mp-analytics/incoming/gab/Вся расходка Китай РФ Cactus GG PR.xlsx;Лист1!r4184;d0488dd393f71b9cb95cf51390c2aba1ef902bcac7a8eb2f95247679cc1d25fc
6562;21.0;10.0;9.0;20.5;9.7;9.0;0.5 / 0.3 / 0.0;1.89;1.79;0.1;1;А;1;/opt/mp-analytics/incoming/gab/Вся расходка Китай РФ Cactus GG PR.xlsx;Лист1!r4183;d0488dd393f71b9cb95cf51390c2aba1ef902bcac7a8eb2f95247679cc1d25fc
6563;21.0;10.0;9.0;20.5;9.7;9.0;0.5 / 0.3 / 0.0;1.89;1.79;0.1;1;А;1;/opt/mp-analytics/incoming/gab/Вся расходка Китай РФ Cactus GG PR.xlsx;Лист1!r4182;d0488dd393f71b9cb95cf51390c2aba1ef902bcac7a8eb2f95247679cc1d25fc
6564;41.0;13.0;12.0;31.5;9.8;9.5;9.5 / 3.2 / 2.5;6.396;2.933;3.463;1;Б;1;/opt/mp-analytics/incoming/gab/Вся расходка Китай РФ Cactus GG PR.xlsx;Лист1!r4130;d0488dd393f71b9cb95cf51390c2aba1ef902bcac7a8eb2f95247679cc1d25fc
6565;41.0;13.0;12.0;31.5;9.8;9.5;9.5 / 3.2 / 2.5;6.396;2.933;3.463;1;Б;1;/opt/mp-analytics/incoming/gab/Вся расходка Китай РФ Cactus GG PR.xlsx;Лист1!r4129;d0488dd393f71b9cb95cf51390c2aba1ef902bcac7a8eb2f95247679cc1d25fc
6566;41.0;13.0;12.0;31.5;9.8;9.5;9.5 / 3.2 / 2.5;6.396;2.933;3.463;1;Б;1;/opt/mp-analytics/incoming/gab/Вся расходка Китай РФ Cactus GG PR.xlsx;Лист1!r4131;d0488dd393f71b9cb95cf51390c2aba1ef902bcac7a8eb2f95247679cc1d25fc
6567;41.0;13.0;12.0;31.5;9.8;9.5;9.5 / 3.2 / 2.5;6.396;2.933;3.463;1;Б;1;/opt/mp-analytics/incoming/gab/Вся расходка Китай РФ Cactus GG PR.xlsx;Лист1!r4132;d0488dd393f71b9cb95cf51390c2aba1ef902bcac7a8eb2f95247679cc1d25fc
6569;41.0;13.0;12.0;31.5;9.8;9.5;9.5 / 3.2 / 2.5;6.396;2.933;3.463;1;Б;1;/opt/mp-analytics/incoming/gab/Вся расходка Китай РФ Cactus GG PR.xlsx;Лист1!r4126;d0488dd393f71b9cb95cf51390c2aba1ef902bcac7a8eb2f95247679cc1d25fc
6570;41.0;13.0;12.0;31.5;9.8;9.5;9.5 / 3.2 / 2.5;6.396;2.933;3.463;1;Б;1;/opt/mp-analytics/incoming/gab/Вся расходка Китай РФ Cactus GG PR.xlsx;Лист1!r4125;d0488dd393f71b9cb95cf51390c2aba1ef902bcac7a8eb2f95247679cc1d25fc
6571;41.0;13.0;12.0;31.5;9.8;9.5;9.5 / 3.2 / 2.5;6.396;2.933;3.463;1;Б;1;/opt/mp-analytics/incoming/gab/Вся расходка Китай РФ Cactus GG PR.xlsx;Лист1!r4127;d0488dd393f71b9cb95cf51390c2aba1ef902bcac7a8eb2f95247679cc1d25fc
6572;41.0;13.0;12.0;31.5;9.8;9.5;9.5 / 3.2 / 2.5;6.396;2.933;3.463;1;Б;1;/opt/mp-analytics/incoming/gab/Вся расходка Китай РФ Cactus GG PR.xlsx;Лист1!r4128;d0488dd393f71b9cb95cf51390c2aba1ef902bcac7a8eb2f95247679cc1d25fc
6574;48.0;16.0;16.0;46.0;16.0;16.0;2.0 / 0.0 / 0.0;12.288;11.776;0.512;2;А;1;/opt/mp-analytics/incoming/gab/Вся расходка Китай РФ Cactus GG PR.xlsx;Лист1!r3908;d0488dd393f71b9cb95cf51390c2aba1ef902bcac7a8eb2f95247679cc1d25fc
6579;30.0;15.0;6.0;30.0;13.0;4.5;0.0 / 2.0 / 1.5;2.7;1.755;0.945;1;А;2;/opt/mp-analytics/incoming/gab/Изи.xlsx;Данные по картриджам!r1974;4064fa397384d687b0349dbae769c7d4a21c54bf65a712f6c31981a966b8f971
6580;30.0;15.0;6.0;30.0;13.0;4.5;0.0 / 2.0 / 1.5;2.7;1.755;0.945;1;А;1;/opt/mp-analytics/incoming/gab/Изи.xlsx;Данные по картриджам!r1975;4064fa397384d687b0349dbae769c7d4a21c54bf65a712f6c31981a966b8f971
6581;30.0;15.0;6.0;30.0;13.0;4.5;0.0 / 2.0 / 1.5;2.7;1.755;0.945;1;А;1;/opt/mp-analytics/incoming/gab/Изи.xlsx;Данные по картриджам!r1976;4064fa397384d687b0349dbae769c7d4a21c54bf65a712f6c31981a966b8f971
6582;30.0;15.0;6.0;30.0;13.0;4.5;0.0 / 2.0 / 1.5;2.7;1.755;0.945;1;А;1;/opt/mp-analytics/incoming/gab/Изи.xlsx;Данные по картриджам!r1978;4064fa397384d687b0349dbae769c7d4a21c54bf65a712f6c31981a966b8f971
6583;30.0;15.0;6.0;30.0;13.0;4.5;0.0 / 2.0 / 1.5;2.7;1.755;0.945;1;А;1;/opt/mp-analytics/incoming/gab/Изи.xlsx;Данные по картриджам!r1977;4064fa397384d687b0349dbae769c7d4a21c54bf65a712f6c31981a966b8f971
6592;35.0;14.0;11.0;32.0;13.5;10.0;3.0 / 0.5 / 1.0;5.39;4.32;1.07;1;Б;1;/opt/mp-analytics/incoming/gab/Изи.xlsx;Данные по картриджам!r1991;4064fa397384d687b0349dbae769c7d4a21c54bf65a712f6c31981a966b8f971
6595;33.0;14.0;12.0;32.0;14.0;12.0;1.0 / 0.0 / 0.0;5.544;5.376;0.168;1;А;1;/opt/mp-analytics/incoming/gab/Вся расходка Китай РФ Cactus GG PR.xlsx;Лист1!r4186;d0488dd393f71b9cb95cf51390c2aba1ef902bcac7a8eb2f95247679cc1d25fc
6596;21.0;13.0;10.0;21.0;12.0;9.5;0.0 / 1.0 / 0.5;2.73;2.394;0.336;1;А;1;/opt/mp-analytics/incoming/gab/Вся расходка Китай РФ Cactus GG PR.xlsx;Лист1!r4272;d0488dd393f71b9cb95cf51390c2aba1ef902bcac7a8eb2f95247679cc1d25fc
6597;22.0;13.0;11.0;21.0;12.0;9.5;1.0 / 1.0 / 1.5;3.146;2.394;0.752;1;А;1;/opt/mp-analytics/incoming/gab/Вся расходка Китай РФ Cactus GG PR.xlsx;Лист1!r4273;d0488dd393f71b9cb95cf51390c2aba1ef902bcac7a8eb2f95247679cc1d25fc
6598;22.0;13.0;10.0;21.0;12.0;9.5;1.0 / 1.0 / 0.5;2.86;2.394;0.466;1;А;1;/opt/mp-analytics/incoming/gab/Вся расходка Китай РФ Cactus GG PR.xlsx;Лист1!r4274;d0488dd393f71b9cb95cf51390c2aba1ef902bcac7a8eb2f95247679cc1d25fc
6599;22.0;13.0;10.0;21.0;12.0;9.5;1.0 / 1.0 / 0.5;2.86;2.394;0.466;1;А;1;/opt/mp-analytics/incoming/gab/Вся расходка Китай РФ Cactus GG PR.xlsx;Лист1!r4275;d0488dd393f71b9cb95cf51390c2aba1ef902bcac7a8eb2f95247679cc1d25fc
6601;36.0;15.0;9.0;33.0;16.0;10.0;3.0 / -1.0 / -1.0;4.86;5.28;-0.42;1;В;1;/opt/mp-analytics/incoming/gab/Вся расходка Китай РФ Cactus GG PR.xlsx;Лист1!r4254;d0488dd393f71b9cb95cf51390c2aba1ef902bcac7a8eb2f95247679cc1d25fc
6602;33.0;17.0;10.0;33.0;11.5;10.5;0.0 / 5.5 / -0.5;5.61;3.985;1.625;1;Б;1;/opt/mp-analytics/incoming/gab/Вся расходка Китай РФ Cactus GG PR.xlsx;Лист1!r3406;d0488dd393f71b9cb95cf51390c2aba1ef902bcac7a8eb2f95247679cc1d25fc
6685;21.0;9.0;9.0;7.5;5.4;3.7;13.5 / 3.6 / 5.3;1.701;0.15;1.551;1;Б;1;/opt/mp-analytics/incoming/gab/Вся расходка Китай РФ Cactus GG PR.xlsx;Лист1!r1697;d0488dd393f71b9cb95cf51390c2aba1ef902bcac7a8eb2f95247679cc1d25fc
6731;17.0;11.0;8.0;16.0;8.5;6.0;1.0 / 2.5 / 2.0;1.496;0.816;0.68;1;Б;1;/opt/mp-analytics/incoming/gab/Вся расходка Китай РФ Cactus GG PR.xlsx;Лист1!r999;d0488dd393f71b9cb95cf51390c2aba1ef902bcac7a8eb2f95247679cc1d25fc
6732;14.0;12.0;6.0;14.0;8.5;6.0;0.0 / 3.5 / 0.0;1.008;0.714;0.294;1;Б;2;/opt/mp-analytics/incoming/gab/Вся расходка Китай РФ Cactus GG PR.xlsx;Лист1!r1388;d0488dd393f71b9cb95cf51390c2aba1ef902bcac7a8eb2f95247679cc1d25fc
6733;14.0;12.0;7.0;14.0;8.5;6.0;0.0 / 3.5 / 1.0;1.176;0.714;0.462;1;Б;1;/opt/mp-analytics/incoming/gab/Вся расходка Китай РФ Cactus GG PR.xlsx;Лист1!r997;d0488dd393f71b9cb95cf51390c2aba1ef902bcac7a8eb2f95247679cc1d25fc
6734;21.0;9.0;9.0;7.5;5.4;3.7;13.5 / 3.6 / 5.3;1.701;0.15;1.551;1;Б;1;/opt/mp-analytics/incoming/gab/Вся расходка Китай РФ Cactus GG PR.xlsx;Лист1!r1742;d0488dd393f71b9cb95cf51390c2aba1ef902bcac7a8eb2f95247679cc1d25fc
6735;17.0;11.0;7.0;14.0;8.5;6.0;3.0 / 2.5 / 1.0;1.309;0.714;0.595;1;Б;1;/opt/mp-analytics/incoming/gab/Вся расходка Китай РФ Cactus GG PR.xlsx;Лист1!r996;d0488dd393f71b9cb95cf51390c2aba1ef902bcac7a8eb2f95247679cc1d25fc
6749;;;;13.0;4.5;4.5;нет карточек wb_acc1;;;;1;Г;0;/opt/mp-analytics/incoming/gab/Вся расходка Китай РФ Cactus GG PR.xlsx;Лист1!r3988;d0488dd393f71b9cb95cf51390c2aba1ef902bcac7a8eb2f95247679cc1d25fc
6750;;;;13.0;4.5;4.5;нет карточек wb_acc1;;;;1;Г;0;/opt/mp-analytics/incoming/gab/Вся расходка Китай РФ Cactus GG PR.xlsx;Лист1!r3989;d0488dd393f71b9cb95cf51390c2aba1ef902bcac7a8eb2f95247679cc1d25fc
6751;;;;13.0;4.5;4.5;нет карточек wb_acc1;;;;1;Г;0;/opt/mp-analytics/incoming/gab/Вся расходка Китай РФ Cactus GG PR.xlsx;Лист1!r3990;d0488dd393f71b9cb95cf51390c2aba1ef902bcac7a8eb2f95247679cc1d25fc
6753;20.0;13.0;5.0;12.2;4.6;4.6;7.8 / 8.4 / 0.4;1.3;0.258;1.042;1;Б;1;/opt/mp-analytics/incoming/gab/Вся расходка Китай РФ Cactus GG PR.xlsx;Лист1!r1743;d0488dd393f71b9cb95cf51390c2aba1ef902bcac7a8eb2f95247679cc1d25fc
6756;33.0;12.0;11.0;33.0;11.5;10.5;0.0 / 0.5 / 0.5;4.356;3.985;0.371;1;А;1;/opt/mp-analytics/incoming/gab/Вся расходка Китай РФ Cactus GG PR.xlsx;Лист1!r3405;d0488dd393f71b9cb95cf51390c2aba1ef902bcac7a8eb2f95247679cc1d25fc
6761;36.0;14.0;11.0;33.0;11.3;10.0;3.0 / 2.7 / 1.0;5.544;3.729;1.815;2;Б;5;/opt/mp-analytics/incoming/gab/Изи.xlsx;Данные по картриджам!r2041;4064fa397384d687b0349dbae769c7d4a21c54bf65a712f6c31981a966b8f971
6766;33.0;11.0;11.0;32.0;11.0;11.0;1.0 / 0.0 / 0.0;3.993;3.872;0.121;1;А;1;/opt/mp-analytics/incoming/gab/Вся расходка Китай РФ Cactus GG PR.xlsx;Лист1!r4176;d0488dd393f71b9cb95cf51390c2aba1ef902bcac7a8eb2f95247679cc1d25fc
6767;43.0;9.0;9.0;55.0;9.5;9.5;-12.0 / -0.5 / -0.5;3.483;4.964;-1.481;1;В;1;/opt/mp-analytics/incoming/gab/Вся расходка Китай РФ Cactus GG PR.xlsx;Лист1!r4281;d0488dd393f71b9cb95cf51390c2aba1ef902bcac7a8eb2f95247679cc1d25fc
6768;43.0;9.0;9.0;55.0;9.5;9.5;-12.0 / -0.5 / -0.5;3.483;4.964;-1.481;1;В;1;/opt/mp-analytics/incoming/gab/Вся расходка Китай РФ Cactus GG PR.xlsx;Лист1!r4283;d0488dd393f71b9cb95cf51390c2aba1ef902bcac7a8eb2f95247679cc1d25fc
6769;43.0;9.0;9.0;55.0;9.5;9.5;-12.0 / -0.5 / -0.5;3.483;4.964;-1.481;1;В;1;/opt/mp-analytics/incoming/gab/Вся расходка Китай РФ Cactus GG PR.xlsx;Лист1!r4282;d0488dd393f71b9cb95cf51390c2aba1ef902bcac7a8eb2f95247679cc1d25fc
6771;36.0;20.0;10.0;34.0;25.0;12.0;2.0 / -5.0 / -2.0;7.2;10.2;-3.0;1;В;1;/opt/mp-analytics/incoming/gab/Вся расходка Китай РФ Cactus GG PR.xlsx;Лист1!r4327;d0488dd393f71b9cb95cf51390c2aba1ef902bcac7a8eb2f95247679cc1d25fc
6772;21.0;10.0;9.0;20.5;9.7;9.0;0.5 / 0.3 / 0.0;1.89;1.79;0.1;1;А;1;/opt/mp-analytics/incoming/gab/Вся расходка Китай РФ Cactus GG PR.xlsx;Лист1!r4185;d0488dd393f71b9cb95cf51390c2aba1ef902bcac7a8eb2f95247679cc1d25fc
6773;33.0;14.0;13.0;32.0;14.0;12.0;1.0 / 0.0 / 1.0;6.006;5.376;0.63;1;А;1;/opt/mp-analytics/incoming/gab/Вся расходка Китай РФ Cactus GG PR.xlsx;Лист1!r4180;d0488dd393f71b9cb95cf51390c2aba1ef902bcac7a8eb2f95247679cc1d25fc
6774;33.0;14.0;13.0;32.0;14.0;10.0;1.0 / 0.0 / 3.0;6.006;4.48;1.526;1;Б;1;/opt/mp-analytics/incoming/gab/Вся расходка Китай РФ Cactus GG PR.xlsx;Лист1!r4178;d0488dd393f71b9cb95cf51390c2aba1ef902bcac7a8eb2f95247679cc1d25fc
6783;32.0;20.0;9.0;30.5;19.0;10.0;1.5 / 1.0 / -1.0;5.76;5.795;-0.035;3;А;3;/opt/mp-analytics/incoming/gab/Изи.xlsx;Данные по картриджам!r1483;4064fa397384d687b0349dbae769c7d4a21c54bf65a712f6c31981a966b8f971
6784;35.0;25.0;13.0;30.0;19.0;10.0;5.0 / 6.0 / 3.0;11.375;5.7;5.675;1;Б;1;/opt/mp-analytics/incoming/gab/Изи.xlsx;Данные по картриджам!r2017;4064fa397384d687b0349dbae769c7d4a21c54bf65a712f6c31981a966b8f971
6785;37.0;14.0;11.0;32.0;11.0;11.0;5.0 / 3.0 / 0.0;5.698;3.872;1.826;2;Б;1;/opt/mp-analytics/incoming/gab/Вся расходка Китай РФ Cactus GG PR.xlsx;Лист1!r3796;d0488dd393f71b9cb95cf51390c2aba1ef902bcac7a8eb2f95247679cc1d25fc
6786;31.0;13.0;10.0;30.5;20.5;10.0;0.5 / -7.5 / 0.0;4.03;6.253;-2.223;2;В;1;/opt/mp-analytics/incoming/gab/Изи.xlsx;Данные по картриджам!r1962;4064fa397384d687b0349dbae769c7d4a21c54bf65a712f6c31981a966b8f971
6787;35.0;14.0;7.0;12.0;11.0;9.5;23.0 / 3.0 / -2.5;3.43;1.254;2.176;1;Б;1;/opt/mp-analytics/incoming/gab/САКУРА АБДУЛ 05.06.xlsx;Лазерная Sakura!r1331;ddbb1c580ba3ed878627b3d8dbea6c97710c4682804b2638b792149bf490915a
6788;35.0;14.0;7.0;12.0;11.0;9.5;23.0 / 3.0 / -2.5;3.43;1.254;2.176;1;Б;1;/opt/mp-analytics/incoming/gab/САКУРА АБДУЛ 05.06.xlsx;Лазерная Sakura!r1332;ddbb1c580ba3ed878627b3d8dbea6c97710c4682804b2638b792149bf490915a
6789;35.0;14.0;7.0;12.0;11.0;9.5;23.0 / 3.0 / -2.5;3.43;1.254;2.176;1;Б;1;/opt/mp-analytics/incoming/gab/САКУРА АБДУЛ 05.06.xlsx;Лазерная Sakura!r1333;ddbb1c580ba3ed878627b3d8dbea6c97710c4682804b2638b792149bf490915a
6790;35.0;14.0;7.0;12.0;11.0;9.5;23.0 / 3.0 / -2.5;3.43;1.254;2.176;1;Б;1;/opt/mp-analytics/incoming/gab/САКУРА АБДУЛ 05.06.xlsx;Лазерная Sakura!r1334;ddbb1c580ba3ed878627b3d8dbea6c97710c4682804b2638b792149bf490915a
6798;49.0;15.0;12.0;48.5;14.5;11.5;0.5 / 0.5 / 0.5;8.82;8.087;0.733;1;А;1;/opt/mp-analytics/incoming/gab/Вся расходка Китай РФ Cactus GG PR.xlsx;Лист1!r4188;d0488dd393f71b9cb95cf51390c2aba1ef902bcac7a8eb2f95247679cc1d25fc
6799;49.0;15.0;12.0;48.5;14.5;11.5;0.5 / 0.5 / 0.5;8.82;8.087;0.733;1;А;1;/opt/mp-analytics/incoming/gab/Вся расходка Китай РФ Cactus GG PR.xlsx;Лист1!r4190;d0488dd393f71b9cb95cf51390c2aba1ef902bcac7a8eb2f95247679cc1d25fc
6800;49.0;15.0;12.0;48.5;14.5;11.5;0.5 / 0.5 / 0.5;8.82;8.087;0.733;1;А;1;/opt/mp-analytics/incoming/gab/Вся расходка Китай РФ Cactus GG PR.xlsx;Лист1!r4189;d0488dd393f71b9cb95cf51390c2aba1ef902bcac7a8eb2f95247679cc1d25fc
6801;49.0;15.0;12.0;48.5;14.5;11.5;0.5 / 0.5 / 0.5;8.82;8.087;0.733;1;А;1;/opt/mp-analytics/incoming/gab/Вся расходка Китай РФ Cactus GG PR.xlsx;Лист1!r4191;d0488dd393f71b9cb95cf51390c2aba1ef902bcac7a8eb2f95247679cc1d25fc
6805;37.0;22.0;12.0;30.0;20.0;10.0;7.0 / 2.0 / 2.0;9.768;6.0;3.768;2;Б;1;/opt/mp-analytics/incoming/gab/САКУРА АБДУЛ 05.06.xlsx;Лазерная Sakura!r666;ddbb1c580ba3ed878627b3d8dbea6c97710c4682804b2638b792149bf490915a
6806;32.0;20.0;15.0;30.5;16.5;9.0;1.5 / 3.5 / 6.0;9.6;4.529;5.071;1;Б;1;/opt/mp-analytics/incoming/gab/САКУРА АБДУЛ 05.06.xlsx;Лазерная Sakura!r722;ddbb1c580ba3ed878627b3d8dbea6c97710c4682804b2638b792149bf490915a
6809;37.0;20.0;15.0;32.5;11.2;10.2;4.5 / 8.8 / 4.8;11.1;3.713;7.387;1;Б;2;/opt/mp-analytics/incoming/gab/САКУРА АБДУЛ 05.06.xlsx;Лазерная Sakura!r1144;ddbb1c580ba3ed878627b3d8dbea6c97710c4682804b2638b792149bf490915a
6810;37.0;20.0;15.0;32.5;11.2;10.2;4.5 / 8.8 / 4.8;11.1;3.713;7.387;1;Б;1;/opt/mp-analytics/incoming/gab/САКУРА АБДУЛ 05.06.xlsx;Лазерная Sakura!r1145;ddbb1c580ba3ed878627b3d8dbea6c97710c4682804b2638b792149bf490915a
6811;37.0;20.0;15.0;32.5;11.2;10.2;4.5 / 8.8 / 4.8;11.1;3.713;7.387;1;Б;1;/opt/mp-analytics/incoming/gab/САКУРА АБДУЛ 05.06.xlsx;Лазерная Sakura!r1146;ddbb1c580ba3ed878627b3d8dbea6c97710c4682804b2638b792149bf490915a
6812;37.0;20.0;15.0;32.5;11.2;10.2;4.5 / 8.8 / 4.8;11.1;3.713;7.387;1;Б;1;/opt/mp-analytics/incoming/gab/САКУРА АБДУЛ 05.06.xlsx;Лазерная Sakura!r1147;ddbb1c580ba3ed878627b3d8dbea6c97710c4682804b2638b792149bf490915a
6814;38.0;16.0;15.0;36.0;12.0;10.0;2.0 / 4.0 / 5.0;9.12;4.32;4.8;1;Б;1;/opt/mp-analytics/incoming/gab/САКУРА АБДУЛ 05.06.xlsx;Лазерная Sakura!r967;ddbb1c580ba3ed878627b3d8dbea6c97710c4682804b2638b792149bf490915a
6816;36.0;13.0;10.0;30.0;11.0;10.0;6.0 / 2.0 / 0.0;4.68;3.3;1.38;1;Б;1;/opt/mp-analytics/incoming/gab/САКУРА АБДУЛ 05.06.xlsx;Лазерная Sakura!r742;ddbb1c580ba3ed878627b3d8dbea6c97710c4682804b2638b792149bf490915a
6836;39.0;16.0;15.0;35.0;15.8;11.5;4.0 / 0.2 / 3.5;9.36;6.359;3.001;1;Б;1;/opt/mp-analytics/incoming/gab/САКУРА АБДУЛ 05.06.xlsx;Лазерная Sakura!r1453;ddbb1c580ba3ed878627b3d8dbea6c97710c4682804b2638b792149bf490915a
6837;39.0;16.0;15.0;35.0;15.8;11.5;4.0 / 0.2 / 3.5;9.36;6.359;3.001;1;Б;1;/opt/mp-analytics/incoming/gab/САКУРА АБДУЛ 05.06.xlsx;Лазерная Sakura!r1454;ddbb1c580ba3ed878627b3d8dbea6c97710c4682804b2638b792149bf490915a
6838;39.0;16.0;15.0;35.0;15.8;11.5;4.0 / 0.2 / 3.5;9.36;6.359;3.001;1;Б;1;/opt/mp-analytics/incoming/gab/САКУРА АБДУЛ 05.06.xlsx;Лазерная Sakura!r1455;ddbb1c580ba3ed878627b3d8dbea6c97710c4682804b2638b792149bf490915a
6839;39.0;16.0;15.0;35.0;15.8;11.5;4.0 / 0.2 / 3.5;9.36;6.359;3.001;1;Б;1;/opt/mp-analytics/incoming/gab/САКУРА АБДУЛ 05.06.xlsx;Лазерная Sakura!r1456;ddbb1c580ba3ed878627b3d8dbea6c97710c4682804b2638b792149bf490915a
6856;30.0;10.0;10.0;33.0;16.5;11.0;-3.0 / -6.5 / -1.0;3.0;5.989;-2.989;1;В;1;/opt/mp-analytics/incoming/gab/Вся расходка Китай РФ Cactus GG PR.xlsx;Лист1!r3267;d0488dd393f71b9cb95cf51390c2aba1ef902bcac7a8eb2f95247679cc1d25fc
6858;37.0;15.0;12.0;32.0;10.0;10.0;5.0 / 5.0 / 2.0;6.66;3.2;3.46;1;Б;1;/opt/mp-analytics/incoming/gab/Вся расходка Китай РФ Cactus GG PR.xlsx;Лист1!r3309;d0488dd393f71b9cb95cf51390c2aba1ef902bcac7a8eb2f95247679cc1d25fc
6861;37.0;20.0;15.0;34.0;25.0;12.0;3.0 / -5.0 / 3.0;11.1;10.2;0.9;1;Б;1;/opt/mp-analytics/incoming/gab/Вся расходка Китай РФ Cactus GG PR.xlsx;Лист1!r288;d0488dd393f71b9cb95cf51390c2aba1ef902bcac7a8eb2f95247679cc1d25fc
6862;37.0;20.0;15.0;32.0;19.0;10.0;5.0 / 1.0 / 5.0;11.1;6.08;5.02;1;Б;1;/opt/mp-analytics/incoming/gab/Вся расходка Китай РФ Cactus GG PR.xlsx;Лист1!r289;d0488dd393f71b9cb95cf51390c2aba1ef902bcac7a8eb2f95247679cc1d25fc
6863;37.0;20.0;15.0;32.0;19.0;10.0;5.0 / 1.0 / 5.0;11.1;6.08;5.02;1;Б;1;/opt/mp-analytics/incoming/gab/Вся расходка Китай РФ Cactus GG PR.xlsx;Лист1!r287;d0488dd393f71b9cb95cf51390c2aba1ef902bcac7a8eb2f95247679cc1d25fc
6865;37.0;15.0;12.0;30.0;11.0;10.0;7.0 / 4.0 / 2.0;6.66;3.3;3.36;1;Б;1;/opt/mp-analytics/incoming/gab/Изи.xlsx;Данные по картриджам!r1926;4064fa397384d687b0349dbae769c7d4a21c54bf65a712f6c31981a966b8f971
6866;37.0;15.0;12.0;30.5;17.0;8.5;6.5 / -2.0 / 3.5;6.66;4.407;2.253;2;Б;1;/opt/mp-analytics/incoming/gab/Изи.xlsx;Данные по картриджам!r1482;4064fa397384d687b0349dbae769c7d4a21c54bf65a712f6c31981a966b8f971
6872;10.0;10.0;5.0;8.0;7.0;3.5;2.0 / 3.0 / 1.5;0.5;0.196;0.304;1;Б;1;/opt/mp-analytics/incoming/gab/Изи.xlsx;Данные по картриджам!r2022;4064fa397384d687b0349dbae769c7d4a21c54bf65a712f6c31981a966b8f971
6873;7.0;6.0;3.0;8.0;7.0;3.5;-1.0 / -1.0 / -0.5;0.126;0.196;-0.07;1;А;1;/opt/mp-analytics/incoming/gab/Изи.xlsx;Данные по картриджам!r2021;4064fa397384d687b0349dbae769c7d4a21c54bf65a712f6c31981a966b8f971
6883;39.0;17.0;10.0;30.0;15.0;6.0;9.0 / 2.0 / 4.0;6.63;2.7;3.93;2;Б;1;/opt/mp-analytics/incoming/gab/САКУРА АБДУЛ 05.06.xlsx;Лазерная Sakura!r1369;ddbb1c580ba3ed878627b3d8dbea6c97710c4682804b2638b792149bf490915a
6884;30.0;16.0;9.0;29.0;15.5;8.0;1.0 / 0.5 / 1.0;4.32;3.596;0.724;1;А;1;/opt/mp-analytics/incoming/gab/Изи.xlsx;Данные по картриджам!r2023;4064fa397384d687b0349dbae769c7d4a21c54bf65a712f6c31981a966b8f971
6925;32.0;10.0;10.0;31.5;9.8;9.5;0.5 / 0.2 / 0.5;3.2;2.933;0.267;1;А;4;/opt/mp-analytics/incoming/gab/Вся расходка Китай РФ Cactus GG PR.xlsx;Лист1!r4187;d0488dd393f71b9cb95cf51390c2aba1ef902bcac7a8eb2f95247679cc1d25fc
6939;35.0;25.0;12.0;31.0;22.0;8.0;4.0 / 3.0 / 4.0;10.5;5.456;5.044;1;Б;1;/opt/mp-analytics/incoming/gab/Изи.xlsx;Данные по картриджам!r2028;4064fa397384d687b0349dbae769c7d4a21c54bf65a712f6c31981a966b8f971
6940;35.0;24.0;11.0;33.0;23.0;11.0;2.0 / 1.0 / 0.0;9.24;8.349;0.891;1;А;1;/opt/mp-analytics/incoming/gab/Изи.xlsx;Данные по картриджам!r1945;4064fa397384d687b0349dbae769c7d4a21c54bf65a712f6c31981a966b8f971
6949;32.0;14.0;11.0;30.0;11.5;10.0;2.0 / 2.5 / 1.0;4.928;3.45;1.478;3;Б;5;/opt/mp-analytics/incoming/gab/САКУРА АБДУЛ 05.06.xlsx;Лазерная Sakura!r1467;ddbb1c580ba3ed878627b3d8dbea6c97710c4682804b2638b792149bf490915a
6961;32.0;14.0;12.0;33.0;17.0;12.5;-1.0 / -3.0 / -0.5;5.376;7.013;-1.637;1;В;1;/opt/mp-analytics/incoming/gab/САКУРА АБДУЛ 05.06.xlsx;Лазерная Sakura!r1428;ddbb1c580ba3ed878627b3d8dbea6c97710c4682804b2638b792149bf490915a
6964;33.0;16.0;13.0;50.5;17.0;5.0;-17.5 / -1.0 / 8.0;6.864;4.293;2.571;1;Б;1;/opt/mp-analytics/incoming/gab/Изи.xlsx;Данные по картриджам!r2029;4064fa397384d687b0349dbae769c7d4a21c54bf65a712f6c31981a966b8f971
7035;35.0;15.0;10.0;33.0;24.5;10.0;2.0 / -9.5 / 0.0;5.25;8.085;-2.835;1;В;1;/opt/mp-analytics/incoming/gab/Изи.xlsx;Данные по картриджам!r2037;4064fa397384d687b0349dbae769c7d4a21c54bf65a712f6c31981a966b8f971
7036;35.0;15.0;10.0;32.5;11.0;10.0;2.5 / 4.0 / 0.0;5.25;3.575;1.675;1;Б;1;/opt/mp-analytics/incoming/gab/Изи.xlsx;Данные по картриджам!r2038;4064fa397384d687b0349dbae769c7d4a21c54bf65a712f6c31981a966b8f971
7037;31.0;15.0;9.0;30.5;14.5;8.5;0.5 / 0.5 / 0.5;4.185;3.759;0.426;1;А;1;/opt/mp-analytics/incoming/gab/Изи.xlsx;Данные по картриджам!r2039;4064fa397384d687b0349dbae769c7d4a21c54bf65a712f6c31981a966b8f971
7086;35.0;20.0;20.0;32.0;19.0;10.0;3.0 / 1.0 / 10.0;14.0;6.08;7.92;1;Б;1;/opt/mp-analytics/incoming/gab/Изи.xlsx;Данные по картриджам!r1590;4064fa397384d687b0349dbae769c7d4a21c54bf65a712f6c31981a966b8f971
7115;14.0;6.0;6.0;13.5;6.0;6.0;0.5 / 0.0 / 0.0;0.504;0.486;0.018;1;А;1;/opt/mp-analytics/incoming/gab/Вся расходка Китай РФ Cactus GG PR.xlsx;Лист1!r4045;d0488dd393f71b9cb95cf51390c2aba1ef902bcac7a8eb2f95247679cc1d25fc
7116;14.0;6.0;6.0;13.5;6.0;6.0;0.5 / 0.0 / 0.0;0.504;0.486;0.018;1;А;1;/opt/mp-analytics/incoming/gab/Вся расходка Китай РФ Cactus GG PR.xlsx;Лист1!r4060;d0488dd393f71b9cb95cf51390c2aba1ef902bcac7a8eb2f95247679cc1d25fc
7118;14.0;6.0;6.0;13.5;6.0;6.0;0.5 / 0.0 / 0.0;0.504;0.486;0.018;1;А;1;/opt/mp-analytics/incoming/gab/Вся расходка Китай РФ Cactus GG PR.xlsx;Лист1!r4056;d0488dd393f71b9cb95cf51390c2aba1ef902bcac7a8eb2f95247679cc1d25fc
7119;14.0;6.0;6.0;13.5;6.0;6.0;0.5 / 0.0 / 0.0;0.504;0.486;0.018;1;А;1;/opt/mp-analytics/incoming/gab/Вся расходка Китай РФ Cactus GG PR.xlsx;Лист1!r4048;d0488dd393f71b9cb95cf51390c2aba1ef902bcac7a8eb2f95247679cc1d25fc
7120;14.0;6.0;6.0;13.5;6.0;6.0;0.5 / 0.0 / 0.0;0.504;0.486;0.018;1;А;1;/opt/mp-analytics/incoming/gab/Вся расходка Китай РФ Cactus GG PR.xlsx;Лист1!r4046;d0488dd393f71b9cb95cf51390c2aba1ef902bcac7a8eb2f95247679cc1d25fc
7121;14.0;6.0;6.0;13.5;6.0;6.0;0.5 / 0.0 / 0.0;0.504;0.486;0.018;1;А;1;/opt/mp-analytics/incoming/gab/Вся расходка Китай РФ Cactus GG PR.xlsx;Лист1!r4047;d0488dd393f71b9cb95cf51390c2aba1ef902bcac7a8eb2f95247679cc1d25fc
7122;14.0;6.0;6.0;13.5;6.0;6.0;0.5 / 0.0 / 0.0;0.504;0.486;0.018;1;А;1;/opt/mp-analytics/incoming/gab/Вся расходка Китай РФ Cactus GG PR.xlsx;Лист1!r4049;d0488dd393f71b9cb95cf51390c2aba1ef902bcac7a8eb2f95247679cc1d25fc
7124;11.0;6.0;6.0;11.0;6.0;6.0;0.0 / 0.0 / 0.0;0.396;0.396;0.0;1;А;1;/opt/mp-analytics/incoming/gab/Вся расходка Китай РФ Cactus GG PR.xlsx;Лист1!r4050;d0488dd393f71b9cb95cf51390c2aba1ef902bcac7a8eb2f95247679cc1d25fc
7129;14.0;7.0;6.0;13.5;6.0;6.0;0.5 / 1.0 / 0.0;0.588;0.486;0.102;1;А;1;/opt/mp-analytics/incoming/gab/Вся расходка Китай РФ Cactus GG PR.xlsx;Лист1!r4085;d0488dd393f71b9cb95cf51390c2aba1ef902bcac7a8eb2f95247679cc1d25fc
7130;14.0;7.0;6.0;13.5;6.0;6.0;0.5 / 1.0 / 0.0;0.588;0.486;0.102;1;А;1;/opt/mp-analytics/incoming/gab/Вся расходка Китай РФ Cactus GG PR.xlsx;Лист1!r4084;d0488dd393f71b9cb95cf51390c2aba1ef902bcac7a8eb2f95247679cc1d25fc
7131;14.0;6.0;6.0;13.5;6.0;6.0;0.5 / 0.0 / 0.0;0.504;0.486;0.018;1;А;1;/opt/mp-analytics/incoming/gab/Вся расходка Китай РФ Cactus GG PR.xlsx;Лист1!r4086;d0488dd393f71b9cb95cf51390c2aba1ef902bcac7a8eb2f95247679cc1d25fc
7132;14.0;7.0;6.0;13.5;6.0;6.0;0.5 / 1.0 / 0.0;0.588;0.486;0.102;1;А;1;/opt/mp-analytics/incoming/gab/Вся расходка Китай РФ Cactus GG PR.xlsx;Лист1!r4087;d0488dd393f71b9cb95cf51390c2aba1ef902bcac7a8eb2f95247679cc1d25fc
7137;14.0;6.0;6.0;13.5;6.0;6.0;0.5 / 0.0 / 0.0;0.504;0.486;0.018;1;А;1;/opt/mp-analytics/incoming/gab/Вся расходка Китай РФ Cactus GG PR.xlsx;Лист1!r4065;d0488dd393f71b9cb95cf51390c2aba1ef902bcac7a8eb2f95247679cc1d25fc
7139;11.0;6.0;6.0;11.0;6.0;6.0;0.0 / 0.0 / 0.0;0.396;0.396;0.0;1;А;1;/opt/mp-analytics/incoming/gab/Вся расходка Китай РФ Cactus GG PR.xlsx;Лист1!r4066;d0488dd393f71b9cb95cf51390c2aba1ef902bcac7a8eb2f95247679cc1d25fc
7140;14.0;6.0;6.0;13.5;6.0;6.0;0.5 / 0.0 / 0.0;0.504;0.486;0.018;1;А;1;/opt/mp-analytics/incoming/gab/Вся расходка Китай РФ Cactus GG PR.xlsx;Лист1!r4062;d0488dd393f71b9cb95cf51390c2aba1ef902bcac7a8eb2f95247679cc1d25fc
7141;11.0;6.0;6.0;11.0;6.0;6.0;0.0 / 0.0 / 0.0;0.396;0.396;0.0;1;А;1;/opt/mp-analytics/incoming/gab/Вся расходка Китай РФ Cactus GG PR.xlsx;Лист1!r4064;d0488dd393f71b9cb95cf51390c2aba1ef902bcac7a8eb2f95247679cc1d25fc
7142;14.0;6.0;6.0;13.5;6.0;6.0;0.5 / 0.0 / 0.0;0.504;0.486;0.018;1;А;1;/opt/mp-analytics/incoming/gab/Вся расходка Китай РФ Cactus GG PR.xlsx;Лист1!r4082;d0488dd393f71b9cb95cf51390c2aba1ef902bcac7a8eb2f95247679cc1d25fc
7143;14.0;6.0;6.0;13.5;6.0;6.0;0.5 / 0.0 / 0.0;0.504;0.486;0.018;1;А;1;/opt/mp-analytics/incoming/gab/Вся расходка Китай РФ Cactus GG PR.xlsx;Лист1!r4080;d0488dd393f71b9cb95cf51390c2aba1ef902bcac7a8eb2f95247679cc1d25fc
7144;14.0;6.0;6.0;13.5;6.0;6.0;0.5 / 0.0 / 0.0;0.504;0.486;0.018;1;А;1;/opt/mp-analytics/incoming/gab/Вся расходка Китай РФ Cactus GG PR.xlsx;Лист1!r4081;d0488dd393f71b9cb95cf51390c2aba1ef902bcac7a8eb2f95247679cc1d25fc
7145;14.0;6.0;6.0;13.5;6.0;6.0;0.5 / 0.0 / 0.0;0.504;0.486;0.018;1;А;1;/opt/mp-analytics/incoming/gab/Вся расходка Китай РФ Cactus GG PR.xlsx;Лист1!r4083;d0488dd393f71b9cb95cf51390c2aba1ef902bcac7a8eb2f95247679cc1d25fc
7147;11.0;6.0;6.0;11.0;6.0;6.0;0.0 / 0.0 / 0.0;0.396;0.396;0.0;1;А;1;/opt/mp-analytics/incoming/gab/Вся расходка Китай РФ Cactus GG PR.xlsx;Лист1!r4074;d0488dd393f71b9cb95cf51390c2aba1ef902bcac7a8eb2f95247679cc1d25fc
7148;11.0;6.0;6.0;11.0;6.0;6.0;0.0 / 0.0 / 0.0;0.396;0.396;0.0;1;А;1;/opt/mp-analytics/incoming/gab/Вся расходка Китай РФ Cactus GG PR.xlsx;Лист1!r4072;d0488dd393f71b9cb95cf51390c2aba1ef902bcac7a8eb2f95247679cc1d25fc
7149;11.0;6.0;6.0;11.0;6.0;6.0;0.0 / 0.0 / 0.0;0.396;0.396;0.0;1;А;1;/opt/mp-analytics/incoming/gab/Вся расходка Китай РФ Cactus GG PR.xlsx;Лист1!r4073;d0488dd393f71b9cb95cf51390c2aba1ef902bcac7a8eb2f95247679cc1d25fc
7150;11.0;6.0;6.0;11.0;6.0;6.0;0.0 / 0.0 / 0.0;0.396;0.396;0.0;1;А;1;/opt/mp-analytics/incoming/gab/Вся расходка Китай РФ Cactus GG PR.xlsx;Лист1!r4075;d0488dd393f71b9cb95cf51390c2aba1ef902bcac7a8eb2f95247679cc1d25fc
7152;14.0;6.0;6.0;13.5;6.0;6.0;0.5 / 0.0 / 0.0;0.504;0.486;0.018;1;А;1;/opt/mp-analytics/incoming/gab/Вся расходка Китай РФ Cactus GG PR.xlsx;Лист1!r4067;d0488dd393f71b9cb95cf51390c2aba1ef902bcac7a8eb2f95247679cc1d25fc
7157;14.0;6.0;6.0;13.5;6.0;6.0;0.5 / 0.0 / 0.0;0.504;0.486;0.018;1;А;1;/opt/mp-analytics/incoming/gab/Вся расходка Китай РФ Cactus GG PR.xlsx;Лист1!r4096;d0488dd393f71b9cb95cf51390c2aba1ef902bcac7a8eb2f95247679cc1d25fc
7163;20.0;7.0;7.0;19.0;6.5;6.5;1.0 / 0.5 / 0.5;0.98;0.803;0.177;1;А;1;/opt/mp-analytics/incoming/gab/Вся расходка Китай РФ Cactus GG PR.xlsx;Лист1!r4252;d0488dd393f71b9cb95cf51390c2aba1ef902bcac7a8eb2f95247679cc1d25fc
